cascade_dir,relative_path
5970_reviewed,USV3/usv_lmt_034/2024-09-30_21-23-27_0003130.wav
5970_reviewed,USV1/usv_lmt_034/2024-09-30_21-28-47_0003159.wav
5970_reviewed,USV1/usv_lmt_034/2024-09-30_19-30-01_0002585.wav
5970_reviewed,USV1/usv_lmt_034/2024-09-30_18-57-01_0002402.wav
5970_reviewed,USV1/usv_lmt_034/2024-09-30_20-35-41_0002878.wav
5970_reviewed,USV1/usv_lmt_034/2024-09-30_19-36-58_0002634.wav
5970_reviewed,USV1/usv_lmt_034/2024-09-30_19-24-51_0002549.wav
5970_reviewed,USV1/usv_lmt_034/2024-09-30_20-33-05_0002862.wav
5970_reviewed,USV1/usv_lmt_034/2024-09-30_19-02-36_0002439.wav
5970_reviewed,USV1/usv_lmt_034/2024-09-30_21-14-30_0003068.wav
5970_reviewed,USV1/usv_lmt_034/2024-09-30_19-24-39_0002546.wav
5970_reviewed,USV1/usv_lmt_034/2024-09-30_20-06-18_0002726.wav
5970_reviewed,USV1/usv_lmt_034/2024-09-30_21-20-05_0003112.wav
5970_reviewed,USV1/usv_lmt_034/2024-09-30_21-14-10_0003067.wav
5970_reviewed,USV1/usv_lmt_034/2024-09-30_20-07-45_0002736.wav
5970_reviewed,USV1/usv_lmt_034/2024-09-30_19-37-48_0002639.wav
5970_reviewed,USV1/usv_lmt_034/2024-09-30_20-29-25_0002834.wav
5970_reviewed,USV1/usv_lmt_034/2024-09-30_19-17-49_0002504.wav
5970_reviewed,USV1/usv_lmt_034/2024-09-30_19-19-15_0002518.wav
5970_reviewed,USV1/usv_lmt_034/2024-09-30_20-57-28_0002966.wav
5970_reviewed,USV1/usv_lmt_034/2024-09-30_18-58-36_0002417.wav
5970_reviewed,USV1/usv_lmt_034/2024-09-30_21-19-56_0003111.wav
5970_reviewed,USV2/usv_lmt_034/2024-09-30_21-19-41_0003110.wav
5970_reviewed,USV5/usv_lmt_034/2024-09-30_21-19-38_0003109.wav
5970_reviewed,USV5/usv_lmt_034/2024-09-30_11-19-09_0000008.wav
5970_reviewed,USV5/usv_lmt_034/2024-09-30_21-19-37_0003108.wav
5970_reviewed,USV5/usv_lmt_034/2024-09-30_11-18-34_0000004.wav
5970_reviewed,USV5/usv_lmt_034/2024-09-30_11-19-34_0000014.wav
5970_reviewed,USV5/usv_lmt_034/2024-09-30_11-21-44_0000045.wav
5970_reviewed,USV5/usv_lmt_034/2024-09-30_11-21-26_0000040.wav
5970_reviewed,USV5/usv_lmt_034/2024-09-30_21-06-34_0003030.wav
5970_reviewed,USV5/usv_lmt_034/2024-09-30_21-13-46_0003066.wav
5970_reviewed,USV5/usv_lmt_034/2024-09-30_11-18-27_0000003.wav
5970_reviewed,USV5/usv_lmt_034/2024-09-30_11-24-49_0000093.wav
5970_reviewed,USV5/usv_lmt_034/2024-09-30_11-19-38_0000015.wav
5970_reviewed,USV5/usv_lmt_034/2024-09-30_11-20-03_0000019.wav
5970_reviewed,USV5/usv_lmt_034/2024-09-30_11-38-20_0000223.wav
5970_reviewed,USV5/usv_lmt_034/2024-09-30_11-22-14_0000052.wav
5970_reviewed,USV5/usv_lmt_034/2024-09-30_11-43-56_0000269.wav
5970_reviewed,USV5/usv_lmt_034/2024-09-30_11-26-36_0000118.wav
5970_reviewed,USV5/usv_lmt_034/2024-09-30_11-19-55_0000017.wav
5970_reviewed,USV5/usv_lmt_034/2024-09-30_11-26-41_0000119.wav
5970_reviewed,USV5/usv_lmt_034/2024-09-30_11-20-14_0000022.wav
5970_reviewed,USV5/usv_lmt_034/2024-09-30_11-20-45_0000030.wav
5970_reviewed,USV5/usv_lmt_034/2024-09-30_11-19-15_0000010.wav
5970_reviewed,USV5/usv_lmt_034/2024-09-30_11-19-12_0000009.wav
5970_reviewed,USV5/usv_lmt_034/2024-09-30_11-28-50_0000139.wav
5970_reviewed,USV5/usv_lmt_034/2024-09-30_11-40-13_0000240.wav
5970_reviewed,USV5/usv_lmt_034/2024-09-30_11-42-22_0000257.wav
5970_reviewed,USV5/usv_lmt_034/2024-09-30_11-29-09_0000144.wav
5970_reviewed,USV5/usv_lmt_034/2024-09-30_11-27-17_0000126.wav
5970_reviewed,USV5/usv_lmt_034/2024-09-30_11-21-18_0000037.wav
5970_reviewed,USV5/usv_lmt_034/2024-09-30_11-29-34_0000149.wav
5970_reviewed,USV5/usv_lmt_034/2024-09-30_20-54-19_0002954.wav
5970_reviewed,USV5/usv_lmt_034/2024-09-30_11-20-34_0000026.wav
5970_reviewed,USV5/usv_lmt_034/2024-09-30_11-20-07_0000020.wav
5970_reviewed,USV5/usv_lmt_034/2024-09-30_21-12-58_0003064.wav
5970_reviewed,USV5/usv_lmt_034/2024-09-30_11-33-52_0000195.wav
5970_reviewed,USV5/usv_lmt_034/2024-09-30_11-23-17_0000071.wav
5970_reviewed,USV5/usv_lmt_034/2024-09-30_11-21-24_0000039.wav
5970_reviewed,USV5/usv_lmt_034/2024-09-30_11-20-29_0000024.wav
5970_reviewed,USV5/usv_lmt_034/2024-09-30_11-25-28_0000102.wav
5970_reviewed,USV5/usv_lmt_034/2024-09-30_11-40-08_0000239.wav
5970_reviewed,USV5/usv_lmt_034/2024-09-30_11-20-26_0000023.wav
5970_reviewed,USV5/usv_lmt_034/2024-09-30_22-42-43_0003540.wav
5970_reviewed,USV5/usv_lmt_034/2024-09-30_11-21-14_0000036.wav
5970_reviewed,USV5/usv_lmt_034/2024-09-30_11-19-58_0000018.wav
5970_reviewed,USV5/usv_lmt_034/2024-09-30_11-29-54_0000152.wav
5970_reviewed,USV5/usv_lmt_034/2024-09-30_11-21-30_0000042.wav
5970_reviewed,USV5/usv_lmt_034/2024-09-30_11-19-19_0000012.wav
5970_reviewed,USV5/usv_lmt_034/2024-09-30_11-25-19_0000100.wav
5970_reviewed,USV5/usv_lmt_034/2024-09-30_11-21-40_0000044.wav
5970_reviewed,USV5/usv_lmt_034/2024-09-30_11-21-01_0000034.wav
5970_reviewed,USV5/usv_lmt_034/2024-09-30_11-21-22_0000038.wav
5970_reviewed,USV5/usv_lmt_034/2024-09-30_11-28-58_0000141.wav
5970_reviewed,USV5/usv_lmt_034/2024-09-30_11-22-52_0000063.wav
5970_reviewed,USV5/usv_lmt_034/2024-09-30_11-20-48_0000031.wav
5970_reviewed,USV5/usv_lmt_034/2024-09-30_11-38-32_0000225.wav
5970_reviewed,USV5/usv_lmt_034/2024-09-30_11-26-13_0000113.wav
5970_reviewed,USV5/usv_lmt_034/2024-09-30_11-18-52_0000005.wav
5970_reviewed,USV5/usv_lmt_034/2024-09-30_11-26-44_0000120.wav
5970_reviewed,USV5/usv_lmt_034/2024-09-30_11-20-35_0000027.wav
5970_reviewed,USV5/usv_lmt_034/2024-09-30_20-14-23_0002780.wav
5970_reviewed,USV5/usv_lmt_034/2024-09-30_11-18-17_0000001.wav
5970_reviewed,USV5/usv_lmt_034/2024-09-30_11-39-02_0000232.wav
5970_reviewed,USV5/usv_lmt_034/2024-09-30_11-20-41_0000029.wav
5970_reviewed,USV5/usv_lmt_034/2024-09-30_11-24-53_0000094.wav
5970_reviewed,USV5/usv_lmt_034/2024-09-30_19-59-18_0002699.wav
5970_reviewed,USV5/usv_lmt_034/2024-09-30_11-21-34_0000043.wav
5970_reviewed,USV5/usv_lmt_034/2024-09-30_11-22-59_0000065.wav
5970_reviewed,USV5/usv_lmt_034/2024-09-30_21-13-15_0003065.wav
5970_reviewed,USV5/usv_lmt_034/2024-10-01_00-27-01_0004036.wav
5970_reviewed,USV5/usv_lmt_034/2024-09-30_11-20-56_0000033.wav
5970_reviewed,USV5/usv_lmt_034/2024-09-30_11-21-07_0000035.wav
5970_reviewed,USV5/usv_lmt_034/2024-09-30_11-19-00_0000007.wav
5970_reviewed,USV5/usv_lmt_034/2024-09-30_11-29-11_0000145.wav
5970_reviewed,USV5/usv_lmt_034/2024-09-30_11-20-32_0000025.wav
5970_reviewed,USV5/usv_lmt_034/2024-09-30_11-19-16_0000011.wav
5970_reviewed,USV5/usv_lmt_034/2024-09-30_11-18-57_0000006.wav
5970_reviewed,USV5/usv_lmt_034/2024-09-30_11-20-53_0000032.wav
5970_reviewed,USV5/usv_lmt_034/2024-09-30_11-36-56_0000211.wav
5970_reviewed,USV5/usv_lmt_034/2024-09-30_11-20-38_0000028.wav
5970_reviewed,USV5/usv_lmt_034/2024-09-30_11-40-17_0000241.wav
5970_reviewed,USV4/usv_lmt_034/2024-09-30_23-55-27_0003895.wav
5970_reviewed,USV4/usv_lmt_034/2024-09-30_21-22-16_0003122.wav
5970_reviewed,USV4/usv_lmt_034/2024-09-30_21-09-03_0003044.wav
5970_reviewed,USV4/usv_lmt_034/2024-09-30_21-17-38_0003085.wav
5970_reviewed,USV4/usv_lmt_034/2024-09-30_21-09-52_0003050.wav
5970_reviewed,USV4/usv_lmt_034/2024-09-30_21-21-07_0003118.wav
5970_reviewed,USV4/usv_lmt_034/2024-09-30_21-24-58_0003144.wav
5970_reviewed,USV4/usv_lmt_034/2024-09-30_21-17-02_0003084.wav
5970_reviewed,USV4/usv_lmt_034/2024-09-30_21-14-55_0003072.wav
5970_reviewed,USV4/usv_lmt_034/2024-09-30_21-24-40_0003142.wav
5970_reviewed,USV4/usv_lmt_034/2024-09-30_21-19-05_0003100.wav
5970_reviewed,USV4/usv_lmt_034/2024-09-30_22-59-12_0003620.wav
5970_reviewed,USV4/usv_lmt_034/2024-09-30_21-12-51_0003063.wav
5970_reviewed,USV4/usv_lmt_034/2024-09-30_21-20-57_0003116.wav
5970_reviewed,USV4/usv_lmt_034/2024-09-30_21-24-52_0003143.wav
5970_reviewed,USV4/usv_lmt_034/2024-09-30_21-25-09_0003146.wav
5970_reviewed,USV4/usv_lmt_034/2024-09-30_21-05-40_0003023.wav
5970_reviewed,USV4/usv_lmt_034/2024-09-30_21-22-43_0003126.wav
5970_reviewed,USV4/usv_lmt_034/2024-09-30_21-19-32_0003106.wav
5970_reviewed,USV4/usv_lmt_034/2024-09-30_21-08-33_0003041.wav
5970_reviewed,USV4/usv_lmt_034/2024-09-30_22-38-26_0003519.wav
5970_reviewed,USV4/usv_lmt_034/2024-09-30_21-15-50_0003078.wav
5970_reviewed,USV4/usv_lmt_034/2024-09-30_21-19-06_0003101.wav
5970_reviewed,USV4/usv_lmt_034/2024-09-30_21-08-50_0003043.wav
5970_reviewed,USV4/usv_lmt_034/2024-09-30_21-15-15_0003074.wav
5970_reviewed,USV4/usv_lmt_034/2024-09-30_21-17-44_0003086.wav
5970_reviewed,USV4/usv_lmt_034/2024-09-30_22-25-49_0003446.wav
5970_reviewed,USV4/usv_lmt_034/2024-09-30_21-23-11_0003129.wav
5970_reviewed,USV4/usv_lmt_034/2024-09-30_21-16-15_0003079.wav
5970_reviewed,USV4/usv_lmt_034/2024-09-30_21-21-46_0003121.wav
5970_reviewed,USV4/usv_lmt_034/2024-09-30_22-56-04_0003601.wav
5970_reviewed,USV4/usv_lmt_034/2024-09-30_21-15-40_0003077.wav
5970_reviewed,USV4/usv_lmt_034/2024-09-30_21-18-32_0003096.wav
5970_reviewed,USV4/usv_lmt_034/2024-09-30_22-09-55_0003349.wav
5970_reviewed,USV4/usv_lmt_034/2024-09-30_21-16-36_0003081.wav
5970_reviewed,USV4/usv_lmt_034/2024-09-30_21-18-35_0003097.wav
5970_reviewed,USV4/usv_lmt_034/2024-09-30_21-06-12_0003026.wav
5970_reviewed,USV4/usv_lmt_034/2024-09-30_21-44-57_0003257.wav
5970_reviewed,USV4/usv_lmt_034/2024-09-30_21-20-59_0003117.wav
5970_reviewed,USV4/usv_lmt_034/2024-09-30_22-12-14_0003360.wav
5970_reviewed,USV4/usv_lmt_034/2024-09-30_21-19-27_0003104.wav
5970_reviewed,USV4/usv_lmt_034/2024-09-30_21-21-37_0003120.wav
5970_reviewed,USV4/usv_lmt_034/2024-09-30_22-38-35_0003522.wav
5970_reviewed,USV4/usv_lmt_034/2024-09-30_21-14-52_0003071.wav
5970_reviewed,USV4/usv_lmt_034/2024-09-30_21-08-30_0003040.wav
5970_reviewed,USV4/usv_lmt_034/2024-09-30_21-22-57_0003127.wav
5970_reviewed,USV4/usv_lmt_034/2024-09-30_21-23-34_0003131.wav
5970_reviewed,USV4/usv_lmt_034/2024-09-30_22-33-41_0003488.wav
5970_reviewed,USV4/usv_lmt_034/2024-09-30_21-25-05_0003145.wav
5970_reviewed,USV4/usv_lmt_034/2024-09-30_21-09-32_0003048.wav
5970_reviewed,USV4/usv_lmt_034/2024-09-30_21-18-29_0003095.wav
5970_reviewed,USV4/usv_lmt_034/2024-09-30_21-20-29_0003114.wav
5970_reviewed,USV4/usv_lmt_034/2024-09-30_21-19-21_0003102.wav
5970_reviewed,USV4/usv_lmt_034/2024-09-30_21-15-11_0003073.wav
5970_reviewed,USV4/usv_lmt_034/2024-09-30_23-12-53_0003663.wav
5970_reviewed,USV4/usv_lmt_034/2024-09-30_21-23-35_0003132.wav
5970_reviewed,USV4/usv_lmt_034/2024-09-30_21-20-23_0003113.wav
5970_reviewed,USV4/usv_lmt_034/2024-09-30_21-09-50_0003049.wav
5970_reviewed,USV4/usv_lmt_034/2024-09-30_21-22-29_0003124.wav
5970_reviewed,USV4/usv_lmt_034/2024-09-30_21-18-27_0003094.wav
5970_reviewed,USV4/usv_lmt_034/2024-09-30_21-22-25_0003123.wav
5970_reviewed,USV4/usv_lmt_034/2024-09-30_21-25-43_0003150.wav
5970_reviewed,USV4/usv_lmt_034/2024-09-30_21-07-35_0003034.wav
5970_reviewed,USV4/usv_lmt_034/2024-09-30_21-08-19_0003039.wav
5970_reviewed,USV4/usv_lmt_034/2024-09-30_21-14-50_0003070.wav
5970_reviewed,USV4/usv_lmt_034/2024-09-30_21-20-44_0003115.wav
5970_reviewed,USV4/usv_lmt_034/2024-09-30_21-28-52_0003160.wav
5970_reviewed,USV4/usv_lmt_034/2024-09-30_21-16-43_0003082.wav
5970_reviewed,USV4/usv_lmt_034/2024-09-30_21-09-56_0003051.wav
5970_reviewed,USV4/usv_lmt_034/2024-09-30_21-16-20_0003080.wav
5970_reviewed,USV4/usv_lmt_034/2024-09-30_21-19-22_0003103.wav
5970_reviewed,USV4/usv_lmt_034/2024-09-30_21-23-39_0003134.wav
5970_reviewed,USV4/usv_lmt_034/2024-09-30_22-20-59_0003410.wav
5970_reviewed,USV4/usv_lmt_034/2024-09-30_21-22-32_0003125.wav
5970_reviewed,USV4/usv_lmt_034/2024-09-30_21-14-49_0003069.wav
5970_reviewed,USV4/usv_lmt_034/2024-09-30_23-09-49_0003651.wav
5970_reviewed,USV4/usv_lmt_034/2024-09-30_21-09-16_0003045.wav
5970_reviewed,USV4/usv_lmt_034/2024-09-30_21-23-37_0003133.wav
5970_reviewed,USV4/usv_lmt_034/2024-09-30_21-19-35_0003107.wav
5970_reviewed,USV4/usv_lmt_034/2024-09-30_21-16-46_0003083.wav
5970_reviewed,USV4/usv_lmt_034/2024-09-30_21-12-34_0003062.wav
5970_reviewed,USV4/usv_lmt_034/2024-09-30_21-15-35_0003076.wav
5970_reviewed,USV4/usv_lmt_034/2024-09-30_22-20-22_0003405.wav
5970_reviewed,USV4/usv_lmt_034/2024-09-30_21-21-34_0003119.wav
5970_reviewed,USV4/usv_lmt_034/2024-09-30_21-23-10_0003128.wav
5970_reviewed,USV4/usv_lmt_034/2024-09-30_21-15-32_0003075.wav
5970_reviewed,USV4/usv_lmt_034/2024-09-30_23-10-47_0003653.wav
5970_reviewed,USV4/usv_lmt_034/2024-09-30_21-19-30_0003105.wav
5970_reviewed,USV4/usv_lmt_034/2024-09-30_21-03-29_0003013.wav
5970_reviewed,USV5_reviewed/usv_lmt_034/2024-09-30_11-19-54_0000016.wav
5970_manual_review,2024-10-01_19-23-58_0006477.wav
5970_manual_review,2024-10-01_19-12-42_0006395.wav
5970_manual_review,2024-09-30_23-39-35_0003794.wav
5970_manual_review,2024-10-01_12-20-03_0005107.wav
5970_manual_review,2024-10-01_05-57-44_0004783.wav
5970_manual_review,2024-09-30_20-12-41_0002765.wav
5970_manual_review,2024-10-01_18-29-16_0006086.wav
5970_manual_review,2024-10-01_18-06-08_0005948.wav
5970_manual_review,2024-10-01_17-31-35_0005733.wav
5970_manual_review,2024-10-01_15-24-16_0005269.wav
5970_manual_review,2024-10-01_01-39-33_0004243.wav
5970_manual_review,2024-10-01_00-07-17_0003946.wav
5970_manual_review,2024-09-30_20-59-51_0002985.wav
5970_manual_review,2024-10-01_19-44-14_0006561.wav
5970_manual_review,2024-10-01_03-04-01_0004511.wav
5970_manual_review,2024-10-01_00-29-33_0004041.wav
5970_manual_review,2024-10-01_00-29-35_0004042.wav
5970_manual_review,2024-09-30_21-38-50_0003226.wav
5970_manual_review,2024-10-01_12-19-50_0005106.wav
5970_manual_review,2024-10-01_03-07-28_0004535.wav
5970_manual_review,2024-10-01_19-06-00_0006343.wav
5970_manual_review_reviewed,2024-09-30_22-36-29_0003503.wav
5970_manual_review_reviewed,2024-09-30_16-16-51_0001439.wav
5970_manual_review_reviewed,2024-10-01_03-02-21_0004494.wav
5970_manual_review_reviewed,2024-09-30_12-19-37_0000491.wav
5970_manual_review_reviewed,2024-09-30_22-35-36_0003493.wav
5970_manual_review_reviewed,2024-09-30_17-32-28_0001847.wav
5970_manual_review_reviewed,2024-09-30_15-25-53_0001253.wav
5970_manual_review_reviewed,2024-09-30_23-11-29_0003655.wav
5970_manual_review_reviewed,2024-10-01_03-04-42_0004521.wav
5970_manual_review_reviewed,2024-09-30_22-11-14_0003355.wav
5970_manual_review_reviewed,2024-09-30_11-25-56_0000111.wav
5970_manual_review_reviewed,2024-10-01_15-25-42_0005284.wav
5970_manual_review_reviewed,2024-09-30_18-25-51_0002238.wav
5970_manual_review_reviewed,2024-09-30_11-22-40_0000060.wav
5970_manual_review_reviewed,2024-10-01_19-12-40_0006394.wav
5970_manual_review_reviewed,2024-09-30_17-42-51_0001930.wav
5970_manual_review_reviewed,2024-10-01_14-12-30_0005201.wav
5970_manual_review_reviewed,2024-09-30_12-19-52_0000494.wav
5970_manual_review_reviewed,2024-09-30_21-34-29_0003189.wav
5970_manual_review_reviewed,2024-10-01_17-47-11_0005843.wav
5970_manual_review_reviewed,2024-09-30_19-00-57_0002431.wav
5970_manual_review_reviewed,2024-10-01_18-36-10_0006113.wav
5970_manual_review_reviewed,2024-09-30_18-22-33_0002218.wav
5970_manual_review_reviewed,2024-10-01_01-03-15_0004134.wav
5970_manual_review_reviewed,2024-09-30_18-22-31_0002217.wav
5970_manual_review_reviewed,2024-09-30_11-55-39_0000365.wav
5970_manual_review_reviewed,2024-09-30_18-30-47_0002273.wav
5970_manual_review_reviewed,2024-09-30_11-31-14_0000166.wav
5970_manual_review_reviewed,2024-09-30_11-27-13_0000125.wav
5970_manual_review_reviewed,2024-09-30_19-20-03_0002522.wav
5970_manual_review_reviewed,2024-09-30_16-00-41_0001338.wav
5970_manual_review_reviewed,2024-09-30_18-03-47_0002096.wav
5970_manual_review_reviewed,2024-09-30_17-45-49_0001960.wav
5970_manual_review_reviewed,2024-10-01_17-52-29_0005882.wav
5970_manual_review_reviewed,2024-09-30_18-48-47_0002361.wav
5970_manual_review_reviewed,2024-10-01_08-58-52_0004954.wav
5970_manual_review_reviewed,2024-10-01_17-46-45_0005839.wav
5970_manual_review_reviewed,2024-09-30_17-03-56_0001628.wav
5970_manual_review_reviewed,2024-09-30_13-40-11_0000863.wav
5970_manual_review_reviewed,2024-09-30_17-32-22_0001845.wav
5970_manual_review_reviewed,2024-09-30_16-41-01_0001493.wav
5970_manual_review_reviewed,2024-09-30_14-10-34_0000982.wav
5970_manual_review_reviewed,2024-09-30_11-29-43_0000150.wav
5970_manual_review_reviewed,2024-09-30_13-54-41_0000947.wav
5970_manual_review_reviewed,2024-09-30_17-11-57_0001700.wav
5970_manual_review_reviewed,2024-09-30_12-28-58_0000551.wav
5970_manual_review_reviewed,2024-09-30_23-37-29_0003781.wav
5970_manual_review_reviewed,2024-09-30_22-36-23_0003502.wav
5970_manual_review_reviewed,2024-10-01_17-18-59_0005656.wav
USV_lab_131204_chunked_2s_full_reviewed,131211_1800_m4fm2_chunk_288.wav
USV_lab_131204_chunked_2s_full_reviewed,131204_1400_m5fm5_chunk_041.wav
USV_lab_131204_chunked_2s_full_reviewed,131211_1800_m3fm1_chunk_196.wav
USV_lab_131204_chunked_2s_full_reviewed,131209_1000_m4fm4_chunk_142.wav
USV_lab_131204_chunked_2s_full_reviewed,131205_1000_m3fm3_chunk_254.wav
USV_lab_131204_chunked_2s_full_reviewed,131218_1000_m3fm3_chunk_084.wav
USV_lab_131204_chunked_2s_full_reviewed,131211_1800_m4fm2_chunk_048.wav
USV_lab_131204_chunked_2s_full_reviewed,131209_1000_m1fm1_chunk_142.wav
USV_lab_131204_chunked_2s_full_reviewed,131217_1400_m6fm6_chunk_173.wav
USV_lab_131204_chunked_2s_full_reviewed,131209_1000_m4fm4_chunk_088.wav
USV_lab_131204_chunked_2s_full_reviewed,131211_1000_m4fm2_chunk_066.wav
USV_lab_131204_chunked_2s_full_reviewed,131204_1400_m5fm5_chunk_108.wav
USV_lab_131204_chunked_2s_full_reviewed,131205_1800_m4fm4_chunk_047.wav
USV_lab_131204_chunked_2s_full_reviewed,131204_1400_m2fm2_chunk_109.wav
USV_lab_131204_chunked_2s_full_reviewed,131204_1800_m6fm6_chunk_189.wav
USV_lab_131204_chunked_2s_full_reviewed,131205_1000_m2fm2_chunk_056.wav
USV_lab_131204_chunked_2s_full_reviewed,131204_1800_m4fm4_chunk_170.wav
USV_lab_131204_chunked_2s_full_reviewed,131205_1400_m1fm1_chunk_050.wav
USV_lab_131204_chunked_2s_full_reviewed,131204_1800_m6fm6_chunk_015.wav
USV_lab_131204_chunked_2s_full_reviewed,131209_1000_m1fm1_chunk_045.wav
USV_lab_131204_chunked_2s_full_reviewed,131218_1000_m2fm2_chunk_233.wav
USV_lab_131204_chunked_2s_full_reviewed,131212_1000_m4fm3_chunk_237.wav
USV_lab_131204_chunked_2s_full_reviewed,131204_1400_m2fm2_chunk_024.wav
USV_lab_131204_chunked_2s_full_reviewed,131209_1000_m2fm2_chunk_149.wav
USV_lab_131204_chunked_2s_full_reviewed,131204_1400_m4fm4_chunk_071.wav
USV_lab_131204_chunked_2s_full_reviewed,131211_1800_m6fm6_chunk_180.wav
USV_lab_131204_chunked_2s_full_reviewed,131210_1000_m4fm1_chunk_057.wav
USV_lab_131204_chunked_2s_full_reviewed,131218_1000_m6fm6_chunk_283.wav
USV_lab_131204_chunked_2s_full_reviewed,131209_1000_m5fm5_chunk_111.wav
USV_lab_131204_chunked_2s_full_reviewed,131208_1000_m6fm6_chunk_041.wav
USV_lab_131204_chunked_2s_full_reviewed,131209_1000_m4fm4_chunk_297.wav
USV_lab_131204_chunked_2s_full_reviewed,131211_1800_m3fm1_chunk_246.wav
USV_lab_131204_chunked_2s_full_reviewed,131204_1400_m4fm4_chunk_043.wav
USV_lab_131204_chunked_2s_full_reviewed,131204_1400_m4fm4_chunk_039.wav
USV_lab_131204_chunked_2s_full_reviewed,131205_1800_m5fm5_chunk_107.wav
USV_lab_131204_chunked_2s_full_reviewed,131217_1400_m2fm4_chunk_092.wav
USV_lab_131204_chunked_2s_full_reviewed,131211_1000_m2fm1_chunk_008.wav
USV_lab_131204_chunked_2s_full_reviewed,131211_1800_m3fm1_chunk_022.wav
USV_lab_131204_chunked_2s_full_reviewed,131209_1000_m5fm5_chunk_005.wav
USV_lab_131204_chunked_2s_full_reviewed,131204_1800_m6fm6_chunk_075.wav
USV_lab_131204_chunked_2s_full_reviewed,131218_1000_m3fm3_chunk_087.wav
USV_lab_131204_chunked_2s_full_reviewed,131205_1000_m4fm4_chunk_102.wav
USV_lab_131204_chunked_2s_full_reviewed,131218_1000_m3fm3_chunk_131.wav
USV_lab_131204_chunked_2s_full_reviewed,131204_1400_m1fm1_chunk_003.wav
USV_lab_131204_chunked_2s_full_reviewed,131204_1400_m3fm3_chunk_076.wav
USV_lab_131204_chunked_2s_full_reviewed,131205_1000_m5fm5_chunk_020.wav
USV_lab_131204_chunked_2s_full_reviewed,131211_1800_m4fm2_chunk_300.wav
USV_lab_131204_chunked_2s_full_reviewed,131209_1000_m1fm1_chunk_277.wav
USV_lab_131204_chunked_2s_full_reviewed,131204_1800_m6fm6_chunk_013.wav
USV_lab_131204_chunked_2s_full_reviewed,131205_1000_m4fm4_chunk_037.wav
USV_lab_131204_chunked_2s_full_reviewed,131204_1800_m6fm6_chunk_259.wav
USV_lab_131204_chunked_2s_full_reviewed,131209_1000_m6fm6_chunk_183.wav
USV_lab_131204_chunked_2s_full_reviewed,131209_1000_m4fm4_chunk_113.wav
USV_lab_131204_chunked_2s_full_reviewed,131204_1800_m5fm5_chunk_236.wav
USV_lab_131204_chunked_2s_full_reviewed,131218_1000_m3fm3_chunk_148.wav
USV_lab_131204_chunked_2s_full_reviewed,131205_1800_m5fm5_chunk_035.wav
USV_lab_131204_chunked_2s_full_reviewed,131212_1000_m3fm4_chunk_038.wav
USV_lab_131204_chunked_2s_full_reviewed,131205_1000_m5fm5_chunk_195.wav
USV_lab_131204_chunked_2s_full_reviewed,131204_1400_m2fm2_chunk_127.wav
USV_lab_131204_chunked_2s_full_reviewed,131204_1800_m6fm6_chunk_027.wav
USV_lab_131204_chunked_2s_full_reviewed,131204_1400_m3fm3_chunk_254.wav
USV_lab_131204_chunked_2s_full_reviewed,131205_1000_m2fm2_chunk_134.wav
USV_lab_131204_chunked_2s_full_reviewed,131217_1400_m6fm6_chunk_301.wav
USV_lab_131204_chunked_2s_full_reviewed,131204_1800_m6fm6_chunk_072.wav
USV_lab_131204_chunked_2s_full_reviewed,131204_1400_m5fm5_chunk_240.wav
USV_lab_131204_chunked_2s_full_reviewed,131204_1400_m5fm5_chunk_178.wav
USV_lab_131204_chunked_2s_full_reviewed,131204_1400_m6fm6_chunk_090.wav
USV_lab_131204_chunked_2s_full_reviewed,131205_1400_m4fm4_chunk_180.wav
USV_lab_131204_chunked_2s_full_reviewed,131218_1000_m3fm3_chunk_033.wav
USV_lab_131204_chunked_2s_full_reviewed,131212_1000_m5fm5_chunk_118.wav
USV_lab_131204_chunked_2s_full_reviewed,131204_1400_m6fm6_chunk_089.wav
USV_lab_131204_chunked_2s_full_reviewed,131205_1800_m2fm2_chunk_162.wav
USV_lab_131204_chunked_2s_full_reviewed,131211_1800_m5fm5_chunk_098.wav
USV_lab_131204_chunked_2s_full_reviewed,131205_1000_m1fm1_chunk_079.wav
USV_lab_131204_chunked_2s_full_reviewed,131209_1000_m6fm6_chunk_080.wav
USV_lab_131204_chunked_2s_full_reviewed,131218_1000_m3fm3_chunk_034.wav
USV_lab_131204_chunked_2s_full_reviewed,131218_1000_m1fm1_chunk_038.wav
USV_lab_131204_chunked_2s_full_reviewed,131217_1400_m1fm4_chunk_112.wav
USV_lab_131204_chunked_2s_full_reviewed,131204_1800_m3fm3_chunk_095.wav
USV_lab_131204_chunked_2s_full_reviewed,131218_1000_m3fm3_chunk_217.wav
USV_lab_131204_chunked_2s_full_reviewed,131204_1800_m1fm1_chunk_001.wav
USV_lab_131204_chunked_2s_full_reviewed,131211_1800_m6fm6_chunk_128.wav
USV_lab_131204_chunked_2s_full_reviewed,131204_1400_m6fm6_chunk_075.wav
USV_lab_131204_chunked_2s_full_reviewed,131204_1400_m1fm1_chunk_005.wav
USV_lab_131204_chunked_2s_full_reviewed,131211_1000_m4fm2_chunk_029.wav
USV_lab_131204_chunked_2s_full_reviewed,131205_1000_m4fm4_chunk_035.wav
USV_lab_131204_chunked_2s_full_reviewed,131209_1000_m4fm4_chunk_066.wav
USV_lab_131204_chunked_2s_full_reviewed,131211_1800_m1fm4_chunk_123.wav
USV_lab_131204_chunked_2s_full_reviewed,131204_1400_m2fm2_chunk_038.wav
USV_lab_131204_chunked_2s_full_reviewed,131217_1400_m6fm6_chunk_194.wav
USV_lab_131204_chunked_2s_full_reviewed,131204_1400_m2fm2_chunk_166.wav
USV_lab_131204_chunked_2s_full_reviewed,131204_1800_m6fm6_chunk_026.wav
USV_lab_131204_chunked_2s_full_reviewed,131211_1800_m3fm1_chunk_218.wav
USV_lab_131204_chunked_2s_full_reviewed,131204_1400_m4fm4_chunk_161.wav
USV_lab_131204_chunked_2s_full_reviewed,131204_1400_m2fm2_chunk_136.wav
USV_lab_131204_chunked_2s_full_reviewed,131204_1800_m4fm4_chunk_187.wav
USV_lab_131204_chunked_2s_full_reviewed,131204_1400_m1fm1_chunk_009.wav
USV_lab_131204_chunked_2s_full_reviewed,131209_1000_m5fm5_chunk_066.wav
USV_lab_131204_chunked_2s_full_reviewed,131205_1000_m2fm2_chunk_216.wav
USV_lab_131204_chunked_2s_full_reviewed,131204_1400_m5fm5_chunk_163.wav
USV_lab_131204_chunked_2s_full_reviewed,131208_1000_m2fm2_chunk_192.wav
USV_lab_131204_chunked_2s_full_reviewed,131211_1000_m4fm2_chunk_011.wav
USV_lab_131204_chunked_2s_full_reviewed,131204_1800_m6fm6_chunk_311.wav
USV_lab_131204_chunked_2s_full_reviewed,131205_1400_m2fm2_chunk_276.wav
USV_lab_131204_chunked_2s_full_reviewed,131212_1000_m3fm4_chunk_051.wav
USV_lab_131204_chunked_2s_full_reviewed,131204_1400_m2fm2_chunk_167.wav
USV_lab_131204_chunked_2s_full_reviewed,131204_1400_m4fm4_chunk_035.wav
USV_lab_131204_chunked_2s_full_reviewed,131204_1400_m2fm2_chunk_135.wav
USV_lab_131204_chunked_2s_full_reviewed,131217_1400_m5fm5_chunk_065.wav
USV_lab_131204_chunked_2s_full_reviewed,131204_1400_m1fm1_chunk_007.wav
USV_lab_131204_chunked_2s_full_reviewed,131204_1800_m6fm6_chunk_191.wav
USV_lab_131204_chunked_2s_full_reviewed,131205_1800_m4fm4_chunk_242.wav
USV_lab_131204_chunked_2s_full_reviewed,131205_1000_m5fm5_chunk_103.wav
USV_lab_131204_chunked_2s_full_reviewed,131210_1000_m4fm1_chunk_099.wav
USV_lab_131204_chunked_2s_full_reviewed,131209_1000_m4fm4_chunk_227.wav
USV_lab_131204_chunked_2s_full_reviewed,131209_1000_m5fm5_chunk_276.wav
USV_lab_131204_chunked_2s_full_reviewed,131212_1000_m2fm3_chunk_275.wav
USV_lab_131204_chunked_2s_full_reviewed,131217_1400_m3fm2_chunk_017.wav
USV_lab_131204_chunked_2s_full_reviewed,131211_1800_m2fm3_chunk_138.wav
USV_lab_131204_chunked_2s_full_reviewed,131218_1000_m3fm3_chunk_004.wav
USV_lab_131204_chunked_2s_full_reviewed,131204_1400_m4fm4_chunk_044.wav
USV_lab_131204_chunked_2s_full_reviewed,131204_1800_m6fm6_chunk_231.wav
USV_lab_131204_chunked_2s_full_reviewed,131209_1000_m5fm5_chunk_102.wav
USV_lab_131204_chunked_2s_full_reviewed,131205_1000_m6fm6_chunk_317.wav
USV_lab_131204_chunked_2s_full_reviewed,131204_1400_m2fm2_chunk_057.wav
USV_lab_131204_chunked_2s_full_reviewed,131205_1000_m6fm6_chunk_298.wav
USV_lab_131204_chunked_2s_full_reviewed,131204_1400_m4fm4_chunk_159.wav
USV_lab_131204_chunked_2s_full_reviewed,131204_1400_m2fm2_chunk_106.wav
USV_lab_131204_chunked_2s_full_reviewed,131204_1800_m6fm6_chunk_046.wav
USV_lab_131204_chunked_2s_full_reviewed,131204_1800_m2fm2_chunk_077.wav
USV_lab_131204_chunked_2s_full_reviewed,131204_1400_m3fm3_chunk_285.wav
USV_lab_131204_chunked_2s_full_reviewed,131209_1000_m5fm5_chunk_144.wav
USV_lab_131204_chunked_2s_full_reviewed,131204_1400_m1fm1_chunk_000.wav
USV_lab_131204_chunked_2s_full_reviewed,131211_1800_m3fm1_chunk_301.wav
USV_lab_131204_chunked_2s_full_reviewed,131204_1400_m5fm5_chunk_127.wav
USV_lab_131204_chunked_2s_full_reviewed,131204_1800_m6fm6_chunk_047.wav
USV_lab_131204_chunked_2s_full_reviewed,131209_1000_m5fm5_chunk_028.wav
USV_lab_131204_chunked_2s_full_reviewed,131212_1000_m5fm5_chunk_145.wav
USV_lab_131204_chunked_2s_full_reviewed,131210_1000_m6fm6_chunk_235.wav
USV_lab_131204_chunked_2s_full_reviewed,131208_1000_m5fm5_chunk_183.wav
USV_lab_131204_chunked_2s_full_reviewed,131204_1400_m3fm3_chunk_280.wav
USV_lab_131204_chunked_2s_full_reviewed,131204_1800_m3fm3_chunk_150.wav
USV_lab_131204_chunked_2s_full_reviewed,131204_1800_m5fm5_chunk_110.wav
USV_lab_131204_chunked_2s_full_reviewed,131211_1800_m6fm6_chunk_163.wav
USV_lab_131204_chunked_2s_full_reviewed,131205_1000_m4fm4_chunk_076.wav
USV_lab_131204_chunked_2s_full_reviewed,131205_1000_m2fm2_chunk_097.wav
USV_lab_131204_chunked_2s_full_reviewed,131205_1000_m5fm5_chunk_253.wav
USV_lab_131204_chunked_2s_full_reviewed,131205_1400_m6fm6_chunk_102.wav
USV_lab_131204_chunked_2s_full_reviewed,131211_1800_m4fm2_chunk_148.wav
USV_lab_131204_chunked_2s_full_reviewed,131211_1800_m5fm5_chunk_022.wav
USV_lab_131204_chunked_2s_full_reviewed,131212_1000_m4fm3_chunk_081.wav
USV_lab_131204_chunked_2s_full_reviewed,131205_1000_m4fm4_chunk_004.wav
USV_lab_131204_chunked_2s_full_reviewed,131217_1400_m2fm4_chunk_073.wav
USV_lab_131204_chunked_2s_full_reviewed,131204_1400_m3fm3_chunk_054.wav
USV_lab_131204_chunked_2s_full_reviewed,131205_1800_m1fm1_chunk_098.wav
USV_lab_131204_chunked_2s_full_reviewed,131204_1800_m5fm5_chunk_116.wav
USV_lab_131204_chunked_2s_full_reviewed,131205_1000_m5fm5_chunk_000.wav
USV_lab_131204_chunked_2s_full_reviewed,131211_1800_m3fm1_chunk_013.wav
USV_lab_131204_chunked_2s_full_reviewed,131204_1400_m3fm3_chunk_046.wav
USV_lab_131204_chunked_2s_full_reviewed,131205_1000_m4fm4_chunk_019.wav
USV_lab_131204_chunked_2s_full_reviewed,131204_1400_m6fm6_chunk_073.wav
USV_lab_131204_chunked_2s_full_reviewed,131204_1400_m4fm4_chunk_106.wav
USV_lab_131204_chunked_2s_full_reviewed,131209_1000_m3fm3_chunk_147.wav
USV_lab_131204_chunked_2s_full_reviewed,131205_1000_m4fm4_chunk_020.wav
USV_lab_131204_chunked_2s_full_reviewed,131204_1800_m5fm5_chunk_209.wav
USV_lab_131204_chunked_2s_full_reviewed,131209_1000_m1fm1_chunk_278.wav
USV_lab_131204_chunked_2s_full_reviewed,131204_1400_m3fm3_chunk_127.wav
USV_lab_131204_chunked_2s_full_reviewed,131218_1000_m3fm3_chunk_168.wav
USV_lab_131204_chunked_2s_full_reviewed,131204_1400_m6fm6_chunk_116.wav
USV_lab_131204_chunked_2s_full_reviewed,131204_1800_m5fm5_chunk_015.wav
USV_lab_131204_chunked_2s_full_reviewed,131211_1800_m2fm3_chunk_306.wav
USV_lab_131204_chunked_2s_full_reviewed,131204_1400_m3fm3_chunk_200.wav
USV_lab_131204_chunked_2s_full_reviewed,131205_1400_m6fm6_chunk_183.wav
USV_lab_131204_chunked_2s_full_reviewed,131204_1400_m5fm5_chunk_133.wav
USV_lab_131204_chunked_2s_full_reviewed,131204_1400_m4fm4_chunk_179.wav
USV_lab_131204_chunked_2s_full_reviewed,131211_1800_m1fm4_chunk_234.wav
USV_lab_131204_chunked_2s_full_reviewed,131204_1800_m6fm6_chunk_083.wav
USV_lab_131204_chunked_2s_full_reviewed,131204_1400_m6fm6_chunk_174.wav
USV_lab_131204_chunked_2s_full_reviewed,131209_1000_m3fm3_chunk_259.wav
USV_lab_131204_chunked_2s_full_reviewed,131211_1800_m1fm4_chunk_097.wav
USV_lab_131204_chunked_2s_full_reviewed,131211_1000_m4fm2_chunk_025.wav
USV_lab_131204_chunked_2s_full_reviewed,131204_1800_m6fm6_chunk_082.wav
USV_lab_131204_chunked_2s_full_reviewed,131211_1800_m2fm3_chunk_109.wav
USV_lab_131204_chunked_2s_full_reviewed,131212_1000_m6fm6_chunk_181.wav
USV_lab_131204_chunked_2s_full_reviewed,131204_1400_m5fm5_chunk_038.wav
USV_lab_131204_chunked_2s_full_reviewed,131204_1400_m2fm2_chunk_188.wav
USV_lab_131204_chunked_2s_full_reviewed,131209_1000_m6fm6_chunk_008.wav
USV_lab_131204_chunked_2s_full_reviewed,131205_1000_m4fm4_chunk_139.wav
USV_lab_131204_chunked_2s_full_reviewed,131205_1800_m6fm6_chunk_216.wav
USV_lab_131204_chunked_2s_full_reviewed,131211_1800_m6fm6_chunk_285.wav
USV_lab_131204_chunked_2s_full_reviewed,131204_1800_m5fm5_chunk_033.wav
USV_lab_131204_chunked_2s_full_reviewed,131212_1000_m6fm6_chunk_019.wav
USV_lab_131204_chunked_2s_full_reviewed,131204_1800_m6fm6_chunk_041.wav
USV_lab_131204_chunked_2s_full_reviewed,131211_1800_m6fm6_chunk_070.wav
USV_lab_131204_chunked_2s_full_reviewed,131204_1400_m3fm3_chunk_035.wav
USV_lab_131204_chunked_2s_full_reviewed,131208_1000_m4fm4_chunk_091.wav
USV_lab_131204_chunked_2s_full_reviewed,131204_1400_m3fm3_chunk_086.wav
USV_lab_131204_chunked_2s_full_reviewed,131205_1000_m2fm2_chunk_034.wav
USV_lab_131204_chunked_2s_full_reviewed,131212_1000_m3fm4_chunk_018.wav
USV_lab_131204_chunked_2s_full_reviewed,131211_1000_m1fm4_chunk_296.wav
USV_lab_131204_chunked_2s_full_reviewed,131217_1400_m2fm4_chunk_065.wav
USV_lab_131204_chunked_2s_full_reviewed,131205_1800_m2fm2_chunk_154.wav
USV_lab_131204_chunked_2s_full_reviewed,131205_1400_m6fm6_chunk_124.wav
USV_lab_131204_chunked_2s_full_reviewed,131211_1800_m4fm2_chunk_015.wav
USV_lab_131204_chunked_2s_full_reviewed,131204_1800_m5fm5_chunk_105.wav
USV_lab_131204_chunked_2s_full_reviewed,131205_1000_m6fm6_chunk_204.wav
USV_lab_131204_chunked_2s_full_reviewed,131204_1800_m6fm6_chunk_030.wav
USV_lab_131204_chunked_2s_full_reviewed,131204_1800_m6fm6_chunk_031.wav
USV_lab_131204_chunked_2s_full_reviewed,131204_1800_m5fm5_chunk_055.wav
USV_lab_131204_chunked_2s_full_reviewed,131209_1000_m4fm4_chunk_021.wav
USV_lab_131204_chunked_2s_full_reviewed,131204_1400_m3fm3_chunk_064.wav
USV_lab_131204_chunked_2s_full_reviewed,131205_1000_m5fm5_chunk_258.wav
USV_lab_131204_chunked_2s_full_reviewed,131205_1400_m6fm6_chunk_221.wav
USV_lab_131204_chunked_2s_full_reviewed,131204_1800_m2fm2_chunk_166.wav
USV_lab_131204_chunked_2s_full_reviewed,131204_1400_m4fm4_chunk_140.wav
USV_lab_131204_chunked_2s_full_reviewed,131211_1800_m2fm3_chunk_263.wav
USV_lab_131204_chunked_2s_full_reviewed,131211_1800_m6fm6_chunk_084.wav
USV_lab_131204_chunked_2s_full_reviewed,131204_1400_m2fm2_chunk_282.wav
USV_lab_131204_chunked_2s_full_reviewed,131208_1000_m2fm2_chunk_283.wav
USV_lab_131204_chunked_2s_full_reviewed,131204_1400_m6fm6_chunk_182.wav
USV_lab_131204_chunked_2s_full_reviewed,131204_1800_m5fm5_chunk_237.wav
USV_lab_131204_chunked_2s_full_reviewed,131211_1000_m2fm1_chunk_067.wav
USV_lab_131204_chunked_2s_full_reviewed,131209_1000_m3fm3_chunk_235.wav
USV_lab_131204_chunked_2s_full_reviewed,131205_1000_m6fm6_chunk_083.wav
USV_lab_131204_chunked_2s_full_reviewed,131209_1000_m3fm3_chunk_262.wav
USV_lab_131204_chunked_2s_full_reviewed,131205_1000_m1fm1_chunk_061.wav
USV_lab_131204_chunked_2s_full_reviewed,131204_1400_m1fm1_chunk_014.wav
USV_lab_131204_chunked_2s_full_reviewed,131205_1800_m1fm1_chunk_162.wav
USV_lab_131204_chunked_2s_full_reviewed,131209_1000_m4fm4_chunk_017.wav
USV_lab_131204_chunked_2s_full_reviewed,131210_1000_m4fm1_chunk_098.wav
USV_lab_131204_chunked_2s_full_reviewed,131217_1400_m2fm4_chunk_130.wav
USV_lab_131204_chunked_2s_full_reviewed,131204_1400_m4fm4_chunk_117.wav
USV_lab_131204_chunked_2s_full_reviewed,131218_1000_m2fm2_chunk_251.wav
USV_lab_131204_chunked_2s_full_reviewed,131211_1800_m3fm1_chunk_207.wav
USV_lab_131204_chunked_2s_full_reviewed,131212_1000_m4fm3_chunk_291.wav
USV_lab_131204_chunked_2s_full_reviewed,131218_1000_m3fm3_chunk_030.wav
USV_lab_131204_chunked_2s_full_reviewed,131211_1800_m5fm5_chunk_150.wav
USV_lab_131204_chunked_2s_full_reviewed,131211_1800_m4fm2_chunk_248.wav
USV_lab_131204_chunked_2s_full_reviewed,131204_1400_m5fm5_chunk_031.wav
USV_lab_131204_chunked_2s_full_reviewed,131209_1000_m1fm1_chunk_267.wav
USV_lab_131204_chunked_2s_full_reviewed,131209_1000_m2fm2_chunk_098.wav
USV_lab_131204_chunked_2s_full_reviewed,131205_1000_m1fm1_chunk_080.wav
USV_lab_131204_chunked_2s_full_reviewed,131204_1800_m4fm4_chunk_184.wav
USV_lab_131204_chunked_2s_full_reviewed,131204_1400_m3fm3_chunk_155.wav
USV_lab_131204_chunked_2s_full_reviewed,131204_1400_m3fm3_chunk_246.wav
USV_lab_131204_chunked_2s_full_reviewed,131209_1000_m2fm2_chunk_113.wav
USV_lab_131204_chunked_2s_full_reviewed,131212_1000_m4fm3_chunk_020.wav
USV_lab_131204_chunked_2s_full_reviewed,131209_1000_m4fm4_chunk_202.wav
USV_lab_131204_chunked_2s_full_reviewed,131204_1800_m5fm5_chunk_020.wav
USV_lab_131204_chunked_2s_full_reviewed,131205_1000_m6fm6_chunk_014.wav
USV_lab_131204_chunked_2s_full_reviewed,131204_1400_m4fm4_chunk_121.wav
USV_lab_131204_chunked_2s_full_reviewed,131212_1000_m5fm5_chunk_214.wav
USV_lab_131204_chunked_2s_full_reviewed,131209_1000_m5fm5_chunk_307.wav
USV_lab_131204_chunked_2s_full_reviewed,131204_1400_m4fm4_chunk_081.wav
USV_lab_131204_chunked_2s_full_reviewed,131204_1800_m5fm5_chunk_192.wav
USV_lab_131204_chunked_2s_full_reviewed,131204_1400_m5fm5_chunk_255.wav
USV_lab_131204_chunked_2s_full_reviewed,131211_1800_m6fm6_chunk_209.wav
USV_lab_131204_chunked_2s_full_reviewed,131204_1400_m3fm3_chunk_045.wav
USV_lab_131204_chunked_2s_full_reviewed,131204_1400_m3fm3_chunk_048.wav
USV_lab_131204_chunked_2s_full_reviewed,131205_1000_m4fm4_chunk_271.wav
USV_lab_131204_chunked_2s_full_reviewed,131211_1000_m2fm1_chunk_122.wav
USV_lab_131204_chunked_2s_full_reviewed,131204_1800_m5fm5_chunk_168.wav
USV_lab_131204_chunked_2s_full_reviewed,131204_1800_m5fm5_chunk_104.wav
USV_lab_131204_chunked_2s_full_reviewed,131217_1400_m1fm4_chunk_019.wav
USV_lab_131204_chunked_2s_full_reviewed,131209_1000_m5fm5_chunk_282.wav
USV_lab_131204_chunked_2s_full_reviewed,131204_1800_m5fm5_chunk_198.wav
USV_lab_131204_chunked_2s_full_reviewed,131209_1000_m4fm4_chunk_204.wav
USV_lab_131204_chunked_2s_full_reviewed,131204_1400_m3fm3_chunk_085.wav
USV_lab_131204_chunked_2s_full_reviewed,131209_1000_m2fm2_chunk_118.wav
USV_lab_131204_chunked_2s_full_reviewed,131209_1000_m3fm3_chunk_014.wav
USV_lab_131204_chunked_2s_full_reviewed,131217_1400_m2fm4_chunk_280.wav
USV_lab_131204_chunked_2s_full_reviewed,131204_1400_m2fm2_chunk_199.wav
USV_lab_131204_chunked_2s_full_reviewed,131204_1400_m5fm5_chunk_132.wav
USV_lab_131204_chunked_2s_full_reviewed,131217_1400_m2fm4_chunk_143.wav
USV_lab_131204_chunked_2s_full_reviewed,131204_1800_m3fm3_chunk_106.wav
USV_lab_131204_chunked_2s_full_reviewed,131204_1800_m5fm5_chunk_024.wav
USV_lab_131204_chunked_2s_full_reviewed,131211_1000_m2fm1_chunk_080.wav
USV_lab_131204_chunked_2s_full_reviewed,131209_1000_m5fm5_chunk_195.wav
USV_lab_131204_chunked_2s_full_reviewed,131205_1800_m2fm2_chunk_156.wav
USV_lab_131204_chunked_2s_full_reviewed,131218_1000_m3fm3_chunk_223.wav
USV_lab_131204_chunked_2s_full_reviewed,131204_1400_m3fm3_chunk_057.wav
USV_lab_131204_chunked_2s_full_reviewed,131205_1000_m3fm3_chunk_153.wav
USV_lab_131204_chunked_2s_full_reviewed,131204_1800_m5fm5_chunk_229.wav
USV_lab_131204_chunked_2s_full_reviewed,131211_1800_m4fm2_chunk_190.wav
USV_lab_131204_chunked_2s_full_reviewed,131209_1000_m2fm2_chunk_285.wav
USV_lab_131204_chunked_2s_full_reviewed,131204_1400_m5fm5_chunk_085.wav
USV_lab_131204_chunked_2s_full_reviewed,131205_1000_m6fm6_chunk_214.wav
USV_lab_131204_chunked_2s_full_reviewed,131209_1000_m1fm1_chunk_253.wav
USV_lab_131204_chunked_2s_full_reviewed,131209_1000_m6fm6_chunk_108.wav
USV_lab_131204_chunked_2s_full_reviewed,131218_1000_m3fm3_chunk_112.wav
USV_lab_131204_chunked_2s_full_reviewed,131204_1800_m5fm5_chunk_022.wav
USV_lab_131204_chunked_2s_full_reviewed,131212_1000_m5fm5_chunk_143.wav
USV_lab_131204_chunked_2s_full_reviewed,131211_1800_m3fm1_chunk_035.wav
USV_lab_131204_chunked_2s_full_reviewed,131211_1800_m4fm2_chunk_043.wav
USV_lab_131204_chunked_2s_full_reviewed,131209_1000_m3fm3_chunk_198.wav
USV_lab_131204_chunked_2s_full_reviewed,131204_1800_m6fm6_chunk_022.wav
USV_lab_131204_chunked_2s_full_reviewed,131205_1000_m3fm3_chunk_157.wav
USV_lab_131204_chunked_2s_full_reviewed,131212_1000_m3fm4_chunk_123.wav
USV_lab_131204_chunked_2s_full_reviewed,131209_1000_m4fm4_chunk_266.wav
USV_lab_131204_chunked_2s_full_reviewed,131205_1800_m3fm3_chunk_281.wav
USV_lab_131204_chunked_2s_full_reviewed,131204_1400_m3fm3_chunk_089.wav
USV_lab_131204_chunked_2s_full_reviewed,131208_1000_m5fm5_chunk_171.wav
USV_lab_131204_chunked_2s_full_reviewed,131204_1800_m4fm4_chunk_183.wav
USV_lab_131204_chunked_2s_full_reviewed,131204_1800_m3fm3_chunk_134.wav
USV_lab_131204_chunked_2s_full_reviewed,131208_1000_m2fm2_chunk_173.wav
USV_lab_131204_chunked_2s_full_reviewed,131211_1800_m5fm5_chunk_108.wav
USV_lab_131204_chunked_2s_full_reviewed,131205_1000_m4fm4_chunk_016.wav
USV_lab_131204_chunked_2s_full_reviewed,131204_1400_m5fm5_chunk_022.wav
USV_lab_131204_chunked_2s_full_reviewed,131209_1000_m2fm2_chunk_049.wav
USV_lab_131204_chunked_2s_full_reviewed,131204_1400_m2fm2_chunk_103.wav
USV_lab_131204_chunked_2s_full_reviewed,131208_1400_m6fm6_chunk_040.wav
USV_lab_131204_chunked_2s_full_reviewed,131209_1000_m3fm3_chunk_191.wav
USV_lab_131204_chunked_2s_full_reviewed,131205_1000_m2fm2_chunk_121.wav
USV_lab_131204_chunked_2s_full_reviewed,131204_1800_m5fm5_chunk_214.wav
USV_lab_131204_chunked_2s_full_reviewed,131209_1000_m3fm3_chunk_313.wav
USV_lab_131204_chunked_2s_full_reviewed,131218_1000_m2fm2_chunk_298.wav
USV_lab_131204_chunked_2s_full_reviewed,131209_1000_m3fm3_chunk_246.wav
USV_lab_131204_chunked_2s_full_reviewed,131204_1400_m2fm2_chunk_214.wav
USV_lab_131204_chunked_2s_full_reviewed,131205_1000_m6fm6_chunk_046.wav
USV_lab_131204_chunked_2s_full_reviewed,131204_1400_m4fm4_chunk_096.wav
USV_lab_131204_chunked_2s_full_reviewed,131204_1800_m6fm6_chunk_120.wav
USV_lab_131204_chunked_2s_full_reviewed,131209_1000_m3fm3_chunk_269.wav
USV_lab_131204_chunked_2s_full_reviewed,131205_1800_m6fm6_chunk_015.wav
USV_lab_131204_chunked_2s_full_reviewed,131211_1800_m4fm2_chunk_265.wav
USV_lab_131204_chunked_2s_full_reviewed,131218_1000_m3fm3_chunk_264.wav
USV_lab_131204_chunked_2s_full_reviewed,131205_1000_m5fm5_chunk_155.wav
USV_lab_131204_chunked_2s_full_reviewed,131217_1400_m3fm2_chunk_043.wav
USV_lab_131204_chunked_2s_full_reviewed,131211_1000_m5fm5_chunk_059.wav
USV_lab_131204_chunked_2s_full_reviewed,131211_1800_m4fm2_chunk_311.wav
USV_lab_131204_chunked_2s_full_reviewed,131209_1000_m2fm2_chunk_227.wav
USV_lab_131204_chunked_2s_full_reviewed,131204_1400_m1fm1_chunk_012.wav
USV_lab_131204_chunked_2s_full_reviewed,131204_1400_m4fm4_chunk_073.wav
USV_lab_131204_chunked_2s_full_reviewed,131204_1800_m3fm3_chunk_050.wav
USV_lab_131204_chunked_2s_full_reviewed,131204_1800_m5fm5_chunk_069.wav
USV_lab_131204_chunked_2s_full_reviewed,131209_1000_m3fm3_chunk_254.wav
USV_lab_131204_chunked_2s_full_reviewed,131204_1400_m5fm5_chunk_124.wav
USV_lab_131204_chunked_2s_full_reviewed,131204_1400_m6fm6_chunk_115.wav
USV_lab_131204_chunked_2s_full_reviewed,131211_1000_m2fm1_chunk_262.wav
USV_lab_131204_chunked_2s_full_reviewed,131217_1400_m1fm4_chunk_308.wav
USV_lab_131204_chunked_2s_full_reviewed,131205_1800_m3fm3_chunk_016.wav
USV_lab_131204_chunked_2s_full_reviewed,131211_1000_m4fm2_chunk_032.wav
USV_lab_131204_chunked_2s_full_reviewed,131205_1000_m1fm1_chunk_233.wav
USV_lab_131204_chunked_2s_full_reviewed,131205_1000_m1fm1_chunk_244.wav
USV_lab_131204_chunked_2s_full_reviewed,131205_1800_m3fm3_chunk_090.wav
USV_lab_131204_chunked_2s_full_reviewed,131217_1400_m2fm4_chunk_072.wav
USV_lab_131204_chunked_2s_full_reviewed,131205_1000_m4fm4_chunk_021.wav
USV_lab_131204_chunked_2s_full_reviewed,131209_1000_m4fm4_chunk_044.wav
USV_lab_131204_chunked_2s_full_reviewed,131208_1000_m5fm5_chunk_106.wav
USV_lab_131204_chunked_2s_full_reviewed,131211_1800_m5fm5_chunk_249.wav
USV_lab_131204_chunked_2s_full_reviewed,131211_1000_m3fm1_chunk_290.wav
USV_lab_131204_chunked_2s_full_reviewed,131205_1000_m5fm5_chunk_034.wav
USV_lab_131204_chunked_2s_full_reviewed,131218_1000_m3fm3_chunk_251.wav
USV_lab_131204_chunked_2s_full_reviewed,131205_1800_m4fm4_chunk_040.wav
USV_lab_131204_chunked_2s_full_reviewed,131218_1000_m4fm4_chunk_313.wav
USV_lab_131204_chunked_2s_full_reviewed,131212_1000_m3fm4_chunk_012.wav
USV_lab_131204_chunked_2s_full_reviewed,131204_1800_m5fm5_chunk_090.wav
USV_lab_131204_chunked_2s_full_reviewed,131217_1400_m1fm4_chunk_108.wav
USV_lab_131204_chunked_2s_full_reviewed,131205_1000_m6fm6_chunk_013.wav
USV_lab_131204_chunked_2s_full_reviewed,131209_1000_m4fm4_chunk_264.wav
USV_lab_131204_chunked_2s_full_reviewed,131211_1800_m2fm3_chunk_229.wav
USV_lab_131204_chunked_2s_full_reviewed,131218_1000_m2fm2_chunk_284.wav
USV_lab_131204_chunked_2s_full_reviewed,131204_1800_m5fm5_chunk_039.wav
USV_lab_131204_chunked_2s_full_reviewed,131212_1000_m6fm6_chunk_224.wav
USV_lab_131204_chunked_2s_full_reviewed,131204_1400_m3fm3_chunk_251.wav
USV_lab_131204_chunked_2s_full_reviewed,131217_1400_m1fm4_chunk_016.wav
USV_lab_131204_chunked_2s_full_reviewed,131218_1000_m3fm3_chunk_143.wav
USV_lab_131204_chunked_2s_full_reviewed,131211_1000_m2fm1_chunk_325.wav
USV_lab_131204_chunked_2s_full_reviewed,131209_1000_m4fm4_chunk_255.wav
USV_lab_131204_chunked_2s_full_reviewed,131212_1000_m4fm3_chunk_293.wav
USV_lab_131204_chunked_2s_full_reviewed,131209_1000_m6fm6_chunk_289.wav
USV_lab_131204_chunked_2s_full_reviewed,131211_1800_m3fm1_chunk_234.wav
USV_lab_131204_chunked_2s_full_reviewed,131211_1800_m2fm3_chunk_134.wav
USV_lab_131204_chunked_2s_full_reviewed,131209_1000_m1fm1_chunk_058.wav
USV_lab_131204_chunked_2s_full_reviewed,131204_1400_m1fm1_chunk_001.wav
USV_lab_131204_chunked_2s_full_reviewed,131211_1800_m1fm4_chunk_308.wav
USV_lab_131204_chunked_2s_full_reviewed,131209_1000_m6fm6_chunk_156.wav
USV_lab_131204_chunked_2s_full_reviewed,131218_1000_m2fm2_chunk_242.wav
USV_lab_131204_chunked_2s_full_reviewed,131204_1400_m3fm3_chunk_123.wav
USV_lab_131204_chunked_2s_full_reviewed,131204_1400_m4fm4_chunk_256.wav
USV_lab_131204_chunked_2s_full_reviewed,131210_1000_m4fm1_chunk_061.wav
USV_lab_131204_chunked_2s_full_reviewed,131205_1000_m5fm5_chunk_220.wav
USV_lab_131204_chunked_2s_full_reviewed,131211_1800_m6fm6_chunk_245.wav
USV_lab_131204_chunked_2s_full_reviewed,131211_1000_m4fm2_chunk_070.wav
USV_lab_131204_chunked_2s_full_reviewed,131204_1800_m5fm5_chunk_177.wav
USV_lab_131204_chunked_2s_full_reviewed,131218_1000_m3fm3_chunk_055.wav
USV_lab_131204_chunked_2s_full_reviewed,131217_1400_m2fm4_chunk_284.wav
USV_lab_131204_chunked_2s_full_reviewed,131208_1000_m3fm3_chunk_032.wav
USV_lab_131204_chunked_2s_full_reviewed,131218_1000_m3fm3_chunk_144.wav
USV_lab_131204_chunked_2s_full_reviewed,131218_1000_m3fm3_chunk_315.wav
USV_lab_131204_chunked_2s_full_reviewed,131218_1000_m6fm6_chunk_022.wav
USV_lab_131204_chunked_2s_full_reviewed,131211_1800_m3fm1_chunk_244.wav
USV_lab_131204_chunked_2s_full_reviewed,131204_1400_m2fm2_chunk_229.wav
USV_lab_131204_chunked_2s_full_reviewed,131205_1000_m1fm1_chunk_046.wav
USV_lab_131204_chunked_2s_full_reviewed,131210_1000_m5fm5_chunk_257.wav
USV_lab_131204_chunked_2s_full_reviewed,131218_1000_m3fm3_chunk_240.wav
USV_lab_131204_chunked_2s_full_reviewed,131211_1800_m2fm3_chunk_304.wav
USV_lab_131204_chunked_2s_full_reviewed,131204_1800_m2fm2_chunk_208.wav
USV_lab_131204_chunked_2s_full_reviewed,131209_1000_m1fm1_chunk_308.wav
USV_lab_131204_chunked_2s_full_reviewed,131204_1400_m5fm5_chunk_054.wav
USV_lab_131204_chunked_2s_full_reviewed,131205_1000_m5fm5_chunk_291.wav
USV_lab_131204_chunked_2s_full_reviewed,131204_1400_m3fm3_chunk_190.wav
USV_lab_131204_chunked_2s_full_reviewed,131205_1000_m4fm4_chunk_216.wav
USV_lab_131204_chunked_2s_full_reviewed,131211_1800_m3fm1_chunk_163.wav
USV_lab_131204_chunked_2s_full_reviewed,131204_1800_m5fm5_chunk_247.wav
USV_lab_131204_chunked_2s_full_reviewed,131211_1800_m4fm2_chunk_218.wav
USV_lab_131204_chunked_2s_full_reviewed,131205_1000_m2fm2_chunk_305.wav
USV_lab_131204_chunked_2s_full_reviewed,131204_1400_m4fm4_chunk_157.wav
USV_lab_131204_chunked_2s_full_reviewed,131218_1000_m3fm3_chunk_180.wav
USV_lab_131204_chunked_2s_full_reviewed,131204_1400_m4fm4_chunk_184.wav
USV_lab_131204_chunked_2s_full_reviewed,131211_1800_m2fm3_chunk_148.wav
USV_lab_131204_chunked_2s_full_reviewed,131204_1800_m5fm5_chunk_145.wav
USV_lab_131204_chunked_2s_full_reviewed,131204_1400_m4fm4_chunk_101.wav
USV_lab_131204_chunked_2s_full_reviewed,131218_1000_m3fm3_chunk_005.wav
USV_lab_131204_chunked_2s_full_reviewed,131204_1800_m3fm3_chunk_195.wav
USV_lab_131204_chunked_2s_full_reviewed,131204_1800_m5fm5_chunk_099.wav
USV_lab_131204_chunked_2s_full_reviewed,131204_1800_m2fm2_chunk_311.wav
USV_lab_131204_chunked_2s_full_reviewed,131218_1000_m3fm3_chunk_286.wav
USV_lab_131204_chunked_2s_full_reviewed,131209_1000_m1fm1_chunk_020.wav
USV_lab_131204_chunked_2s_full_reviewed,131204_1800_m4fm4_chunk_151.wav
USV_lab_131204_chunked_2s_full_reviewed,131205_1000_m3fm3_chunk_142.wav
USV_lab_131204_chunked_2s_full_reviewed,131204_1800_m6fm6_chunk_034.wav
USV_lab_131204_chunked_2s_full_reviewed,131209_1000_m5fm5_chunk_124.wav
USV_lab_131204_chunked_2s_full_reviewed,131211_1000_m5fm5_chunk_153.wav
USV_lab_131204_chunked_2s_full_reviewed,131212_1000_m4fm3_chunk_208.wav
USV_lab_131204_chunked_2s_full_reviewed,131218_1000_m3fm3_chunk_231.wav
USV_lab_131204_chunked_2s_full_reviewed,131205_1400_m6fm6_chunk_038.wav
USV_lab_131204_chunked_2s_full_reviewed,131218_1000_m3fm3_chunk_016.wav
USV_lab_131204_chunked_2s_full_reviewed,131204_1800_m5fm5_chunk_032.wav
USV_lab_131204_chunked_2s_full_reviewed,131204_1400_m1fm1_chunk_008.wav
USV_lab_131204_chunked_2s_full_reviewed,131205_1800_m4fm4_chunk_239.wav
USV_lab_131204_chunked_2s_full_reviewed,131218_1000_m3fm3_chunk_209.wav
USV_lab_131204_chunked_2s_full_reviewed,131209_1000_m1fm1_chunk_260.wav
USV_lab_131204_chunked_2s_full_reviewed,131211_1800_m6fm6_chunk_071.wav
USV_lab_131204_chunked_2s_full_reviewed,131204_1400_m1fm1_chunk_045.wav
USV_lab_131204_chunked_2s_full_reviewed,131217_1400_m1fm4_chunk_015.wav
USV_lab_131204_chunked_2s_full_reviewed,131217_1400_m1fm4_chunk_251.wav
USV_lab_131204_chunked_2s_full_reviewed,131209_1000_m2fm2_chunk_282.wav
USV_lab_131204_chunked_2s_full_reviewed,131217_1400_m3fm2_chunk_090.wav
USV_lab_131204_chunked_2s_full_reviewed,131218_1000_m3fm3_chunk_206.wav
USV_lab_131204_chunked_2s_full_reviewed,131205_1000_m1fm1_chunk_163.wav
USV_lab_131204_chunked_2s_full_reviewed,131212_1000_m4fm3_chunk_266.wav
USV_lab_131204_chunked_2s_full_reviewed,131211_1800_m4fm2_chunk_122.wav
USV_lab_131204_chunked_2s_full_reviewed,131204_1800_m5fm5_chunk_138.wav
USV_lab_131204_chunked_2s_full_reviewed,131209_1000_m1fm1_chunk_256.wav
USV_lab_131204_chunked_2s_full_reviewed,131211_1800_m2fm3_chunk_151.wav
USV_lab_131204_chunked_2s_full_reviewed,131204_1800_m5fm5_chunk_016.wav
USV_lab_131204_chunked_2s_full_reviewed,131204_1800_m5fm5_chunk_075.wav
USV_lab_131204_chunked_2s_full_reviewed,131205_1800_m5fm5_chunk_185.wav
USV_lab_131204_chunked_2s_full_reviewed,131205_1400_m6fm6_chunk_109.wav
USV_lab_131204_chunked_2s_full_reviewed,131209_1000_m1fm1_chunk_117.wav
USV_lab_131204_chunked_2s_full_reviewed,131204_1400_m4fm4_chunk_263.wav
USV_lab_131204_chunked_2s_full_reviewed,131204_1800_m3fm3_chunk_053.wav
USV_lab_131204_chunked_2s_full_reviewed,131209_1000_m2fm2_chunk_129.wav
USV_lab_131204_chunked_2s_full_reviewed,131204_1400_m2fm2_chunk_016.wav
USV_lab_131204_chunked_2s_full_reviewed,131205_1000_m4fm4_chunk_057.wav
USV_lab_131204_chunked_2s_full_reviewed,131205_1800_m1fm1_chunk_230.wav
USV_lab_131204_chunked_2s_full_reviewed,131218_1000_m3fm3_chunk_294.wav
USV_lab_131204_chunked_2s_full_reviewed,131211_1800_m3fm1_chunk_191.wav
USV_lab_131204_chunked_2s_full_reviewed,131211_1800_m5fm5_chunk_127.wav
USV_lab_131204_chunked_2s_full_reviewed,131212_1000_m3fm4_chunk_232.wav
USV_lab_131204_chunked_2s_full_reviewed,131209_1000_m5fm5_chunk_169.wav
USV_lab_131204_chunked_2s_full_reviewed,131218_1000_m2fm2_chunk_314.wav
USV_lab_131204_chunked_2s_full_reviewed,131205_1800_m1fm1_chunk_092.wav
USV_lab_131204_chunked_2s_full_reviewed,131211_1800_m4fm2_chunk_126.wav
USV_lab_131204_chunked_2s_full_reviewed,131205_1000_m3fm3_chunk_178.wav
USV_lab_131204_chunked_2s_full_reviewed,131209_1000_m2fm2_chunk_158.wav
USV_lab_131204_chunked_2s_full_reviewed,131204_1400_m4fm4_chunk_122.wav
USV_lab_131204_chunked_2s_full_reviewed,131205_1400_m1fm1_chunk_009.wav
USV_lab_131204_chunked_2s_full_reviewed,131204_1800_m3fm3_chunk_183.wav
USV_lab_131204_chunked_2s_full_reviewed,131211_1800_m1fm4_chunk_279.wav
USV_lab_131204_chunked_2s_full_reviewed,131204_1400_m3fm3_chunk_053.wav
USV_lab_131204_chunked_2s_full_reviewed,131204_1400_m5fm5_chunk_039.wav
USV_lab_131204_chunked_2s_full_reviewed,131204_1400_m2fm2_chunk_219.wav
USV_lab_131204_chunked_2s_full_reviewed,131217_1400_m1fm4_chunk_009.wav
USV_lab_131204_chunked_2s_full_reviewed,131217_1400_m1fm4_chunk_006.wav
USV_lab_131204_chunked_2s_full_reviewed,131217_1400_m2fm4_chunk_071.wav
USV_lab_131204_chunked_2s_full_reviewed,131204_1400_m1fm1_chunk_010.wav
USV_lab_131204_chunked_2s_full_reviewed,131209_1000_m5fm5_chunk_128.wav
USV_lab_131204_chunked_2s_full_reviewed,131205_1000_m5fm5_chunk_056.wav
USV_lab_131204_chunked_2s_full_reviewed,131209_1000_m3fm3_chunk_138.wav
USV_lab_131204_chunked_2s_full_reviewed,131211_1800_m6fm6_chunk_027.wav
USV_lab_131204_chunked_2s_full_reviewed,131212_1000_m5fm5_chunk_140.wav
USV_lab_131204_chunked_2s_full_reviewed,131205_1400_m3fm3_chunk_173.wav
USV_lab_131204_chunked_2s_full_reviewed,131218_1000_m3fm3_chunk_233.wav
USV_lab_131204_chunked_2s_full_reviewed,131204_1800_m5fm5_chunk_182.wav
USV_lab_131204_chunked_2s_full_reviewed,131204_1400_m1fm1_chunk_002.wav
USV_lab_131204_chunked_2s_full_reviewed,131204_1400_m3fm3_chunk_293.wav
USV_lab_131204_chunked_2s_full_reviewed,131212_1000_m3fm4_chunk_283.wav
USV_lab_131204_chunked_2s_full_reviewed,131204_1400_m3fm3_chunk_004.wav
USV_lab_131204_chunked_2s_full_reviewed,131204_1800_m2fm2_chunk_204.wav
USV_lab_131204_chunked_2s_full_reviewed,131204_1800_m6fm6_chunk_279.wav
USV_lab_131204_chunked_2s_full_reviewed,131212_1000_m5fm5_chunk_138.wav
USV_lab_131204_chunked_2s_full_reviewed,131205_1000_m1fm1_chunk_034.wav
USV_lab_131204_chunked_2s_full_reviewed,131205_1400_m1fm1_chunk_051.wav
USV_lab_131204_chunked_2s_full_reviewed,131204_1400_m5fm5_chunk_066.wav
USV_lab_131204_chunked_2s_full_reviewed,131205_1800_m2fm2_chunk_241.wav
USV_lab_131204_chunked_2s_full_reviewed,131204_1400_m3fm3_chunk_088.wav
USV_lab_131204_chunked_2s_full_reviewed,131211_1800_m5fm5_chunk_151.wav
USV_lab_131204_chunked_2s_full_reviewed,131204_1400_m2fm2_chunk_093.wav
USV_lab_131204_chunked_2s_full_reviewed,131205_1000_m2fm2_chunk_054.wav
USV_lab_131204_chunked_2s_full_reviewed,131204_1400_m3fm3_chunk_247.wav
USV_lab_131204_chunked_2s_full_reviewed,131204_1400_m2fm2_chunk_252.wav
USV_lab_131204_chunked_2s_full_reviewed,131205_1000_m5fm5_chunk_231.wav
USV_lab_131204_chunked_2s_full_reviewed,131205_1800_m5fm5_chunk_211.wav
USV_lab_131204_chunked_2s_full_reviewed,131205_1000_m4fm4_chunk_197.wav
USV_lab_131204_chunked_2s_full_reviewed,131204_1400_m1fm1_chunk_004.wav
USV_lab_131204_chunked_2s_full_reviewed,131208_1000_m4fm4_chunk_224.wav
USV_lab_131204_chunked_2s_full_reviewed,131211_1800_m2fm3_chunk_091.wav
USV_lab_131204_chunked_2s_full_reviewed,131204_1400_m2fm2_chunk_281.wav
USV_lab_131204_chunked_2s_full_reviewed,131204_1400_m1fm1_chunk_011.wav
USV_lab_131204_chunked_2s_full_reviewed,131209_1000_m1fm1_chunk_303.wav
USV_lab_131204_chunked_2s_full_reviewed,131211_1800_m5fm5_chunk_093.wav
USV_lab_131204_chunked_2s_full_reviewed,131211_1800_m3fm1_chunk_037.wav
USV_lab_131204_chunked_2s_full_reviewed,131204_1800_m3fm3_chunk_042.wav
USV_lab_131204_chunked_2s_full_reviewed,131204_1400_m5fm5_chunk_091.wav
USV_lab_131204_chunked_2s_full_reviewed,131211_1800_m5fm5_chunk_134.wav
USV_lab_131204_chunked_2s_full_reviewed,131204_1800_m5fm5_chunk_045.wav
USV_lab_131204_chunked_2s_full_reviewed,131211_1800_m4fm2_chunk_130.wav
USV_lab_131204_chunked_2s_full_reviewed,131205_1000_m3fm3_chunk_231.wav
USV_lab_131204_chunked_2s_full_reviewed,131205_1000_m4fm4_chunk_121.wav
USV_lab_131204_chunked_2s_full_reviewed,131218_1000_m2fm2_chunk_262.wav
USV_lab_131204_chunked_2s_full_reviewed,131204_1800_m3fm3_chunk_209.wav
USV_lab_131204_chunked_2s_full_reviewed,131204_1400_m1fm1_chunk_013.wav
USV_lab_131204_chunked_2s_full_reviewed,131205_1000_m6fm6_chunk_061.wav
USV_lab_131204_chunked_2s_full_reviewed,131205_1000_m4fm4_chunk_210.wav
USV_lab_131204_chunked_2s_full_reviewed,131209_1000_m4fm4_chunk_065.wav
USV_lab_131204_chunked_2s_full_reviewed,131211_1800_m2fm3_chunk_126.wav
USV_lab_131204_chunked_2s_full_reviewed,131205_1000_m2fm2_chunk_084.wav
USV_lab_131204_chunked_2s_full_reviewed,131211_1800_m6fm6_chunk_243.wav
USV_lab_131204_chunked_2s_full_reviewed,131204_1800_m5fm5_chunk_155.wav
USV_lab_131204_chunked_2s_full_reviewed,131211_1800_m2fm3_chunk_063.wav
USV_lab_131204_chunked_2s_full_reviewed,131204_1800_m6fm6_chunk_127.wav
USV_lab_131204_chunked_2s_full_reviewed,131204_1400_m6fm6_chunk_188.wav
USV_lab_131204_chunked_2s_full_reviewed,131211_1800_m3fm1_chunk_150.wav
USV_lab_131204_chunked_2s_full_reviewed,131209_1000_m3fm3_chunk_150.wav
USV_lab_131204_chunked_2s_full_reviewed,131204_1800_m5fm5_chunk_257.wav
USV_lab_131204_chunked_2s_full_reviewed,131210_1000_m2fm4_chunk_050.wav
USV_lab_131204_chunked_2s_full_reviewed,131204_1400_m3fm3_chunk_154.wav
USV_lab_131204_chunked_2s_full_reviewed,131204_1400_m1fm1_chunk_006.wav
USV_lab_131204_chunked_2s_hot,131211_1000_m4fm2_chunk_069.wav
USV_lab_131204_chunked_2s_hot,131210_1000_m6fm6_chunk_014.wav
USV_lab_131204_chunked_2s_hot,131204_1400_m5fm5_chunk_105.wav
USV_lab_131204_chunked_2s_hot,131204_1400_m5fm5_chunk_050.wav
USV_lab_131204_chunked_2s_hot,131204_1400_m6fm6_chunk_307.wav
USV_lab_131204_chunked_2s_hot,131210_1000_m4fm1_chunk_257.wav
USV_lab_131204_chunked_2s_hot,131211_1000_m4fm2_chunk_181.wav
USV_lab_131204_chunked_2s_hot,131205_1000_m6fm6_chunk_008.wav
USV_lab_131204_chunked_2s_hot,131204_1400_m3fm3_chunk_245.wav
USV_lab_131204_chunked_2s_hot,131211_1000_m2fm1_chunk_026.wav
USV_lab_131204_chunked_2s_hot,131210_1000_m4fm1_chunk_023.wav
USV_lab_131204_chunked_2s_hot,131204_1400_m5fm5_chunk_254.wav
USV_lab_131204_chunked_2s_hot,131211_1000_m2fm1_chunk_009.wav
USV_lab_131204_chunked_2s_hot,131205_1000_m6fm6_chunk_044.wav
USV_lab_131204_chunked_2s_hot,131211_1000_m5fm5_chunk_088.wav
USV_lab_131204_chunked_2s_hot,131204_1800_m6fm6_chunk_008.wav
USV_lab_131204_chunked_2s_hot,131211_1000_m5fm5_chunk_020.wav
USV_lab_131204_chunked_2s_hot,131210_1000_m6fm6_chunk_069.wav
USV_lab_131204_chunked_2s_hot,131204_1400_m6fm6_chunk_059.wav
USV_lab_131204_chunked_2s_hot,131211_1000_m2fm1_chunk_322.wav
USV_lab_131204_chunked_2s_hot,131205_1000_m6fm6_chunk_017.wav
USV_lab_131204_chunked_2s_hot,131210_1000_m4fm1_chunk_017.wav
USV_lab_131204_chunked_2s_hot,131208_1000_m4fm4_chunk_020.wav
USV_lab_131204_chunked_2s_hot,131211_1000_m4fm2_chunk_040.wav
USV_lab_131204_chunked_2s_hot,131204_1400_m6fm6_chunk_027.wav
USV_lab_131204_chunked_2s_hot,_manifest.csv
USV_lab_131204_chunked_2s_hot,131205_1400_m3fm3_chunk_023.wav
USV_lab_131204_chunked_2s_hot,131204_1400_m6fm6_chunk_306.wav
USV_lab_131204_chunked_2s_hot,131211_1000_m2fm1_chunk_034.wav
USV_lab_131204_chunked_2s_hot,131204_1400_m6fm6_chunk_028.wav
USV_lab_131204_chunked_2s_hot,131204_1400_m6fm6_chunk_023.wav
USV_lab_131204_chunked_2s_hot,131210_1000_m6fm6_chunk_023.wav
USV_lab_131204_chunked_2s_hot,131204_1400_m6fm6_chunk_173.wav
USV_lab_131204_chunked_2s_hot,131208_1000_m4fm4_chunk_032.wav
USV_lab_131204_chunked_2s_hot,131211_1000_m4fm2_chunk_039.wav
USV_lab_131204_chunked_2s_hot,131211_1000_m4fm2_chunk_092.wav
USV_lab_131204_chunked_2s_hot,131208_1000_m6fm6_chunk_008.wav
USV_lab_131204_chunked_2s_hot,131205_1400_m4fm4_chunk_020.wav
USV_lab_131204_chunked_2s_hot,131204_1400_m6fm6_chunk_018.wav
USV_lab_131204_chunked_2s_hot,131205_1400_m4fm4_chunk_022.wav
USV_lab_131204_chunked_2s_hot,131210_1000_m4fm1_chunk_019.wav
USV_lab_131204_chunked_2s_hot,131210_1000_m4fm1_chunk_039.wav
USV_lab_131204_chunked_2s_hot,131211_1000_m5fm5_chunk_021.wav
USV_lab_131204_chunked_2s_hot,131208_1000_m5fm5_chunk_012.wav
USV_lab_131204_chunked_2s_hot,131210_1000_m6fm6_chunk_240.wav
USV_lab_131204_chunked_2s_hot,131208_1400_m6fm6_chunk_010.wav
USV_lab_131204_chunked_2s_hot,131208_1000_m6fm6_chunk_101.wav
USV_lab_131204_chunked_2s_hot,131208_1000_m5fm5_chunk_104.wav
USV_lab_131204_chunked_2s_hot,131211_1000_m5fm5_chunk_040.wav
USV_lab_131204_chunked_2s_hot,131211_1000_m4fm2_chunk_013.wav
USV_lab_131204_chunked_2s_hot,131204_1400_m5fm5_chunk_026.wav
USV_lab_131204_chunked_2s_hot,131211_1000_m2fm1_chunk_027.wav
USV_lab_131204_chunked_2s_hot,131211_1000_m4fm2_chunk_035.wav
USV_lab_131204_chunked_2s_hot,131211_1000_m2fm1_chunk_024.wav
USV_lab_131204_chunked_2s_hot,131204_1400_m3fm3_chunk_255.wav
USV_lab_131204_chunked_2s_hot,131210_1000_m4fm1_chunk_064.wav
USV_lab_131204_chunked_2s_hot,131204_1400_m6fm6_chunk_037.wav
USV_lab_131204_chunked_2s_hot,131210_1000_m2fm4_chunk_012.wav
USV_lab_131204_chunked_2s_hot,131210_1000_m4fm1_chunk_020.wav
USV_lab_131204_chunked_2s_hot,131211_1000_m4fm2_chunk_068.wav
USV_lab_131204_chunked_2s_hot,131204_1400_m3fm3_chunk_243_notch.png
USV_lab_131204_chunked_2s_hot,131205_1400_m4fm4_chunk_179.wav
USV_lab_131204_chunked_2s_hot,131211_1000_m2fm1_chunk_321.wav
USV_lab_131204_chunked_2s_hot,131208_1000_m6fm6_chunk_083.wav
USV_lab_131204_chunked_2s_hot,131211_1000_m2fm1_chunk_023.wav
USV_lab_131204_chunked_2s_hot,131204_1400_m6fm6_chunk_019.wav
USV_lab_131204_chunked_2s_hot,131204_1400_m3fm3_chunk_243.wav
USV_lab_131204_chunked_2s_hot,131204_1400_m4fm4_chunk_251.wav
USV_lab_131204_chunked_2s_hot,131208_1000_m5fm5_chunk_013.wav
USV_lab_131204_chunked_2s_hot,131211_1000_m2fm1_chunk_032.wav
USV_lab_131204_chunked_2s_hot,131208_1400_m6fm6_chunk_011.wav
USV_lab_131204_chunked_2s_hot,131208_1000_m5fm5_chunk_027.wav
USV_lab_131204_chunked_2s_hot,131205_1800_m6fm6_chunk_034.wav
USV_lab_131204_chunked_2s_hot,131208_1000_m5fm5_chunk_103.wav
USV_lab_131204_chunked_2s_hot,131211_1000_m2fm1_chunk_013.wav
USV_lab_131204_chunked_2s_hot,131211_1000_m4fm2_chunk_075.wav
USV_lab_131204_chunked_2s_hot,131208_1000_m6fm6_chunk_013.wav
USV_lab_131204_chunked_2s_hot,131208_1000_m4fm4_chunk_204.wav
USV_lab_131204_chunked_2s_hot,131204_1400_m4fm4_chunk_038.wav
USV_lab_131204_chunked_2s_hot,131204_1400_m6fm6_chunk_091.wav
USV_lab_131204_chunked_2s_hot,131211_1000_m2fm1_chunk_016.wav
USV_lab_131204_chunked_2s_hot,131210_1000_m4fm1_chunk_029.wav
USV_lab_131204_chunked_2s_hot,131211_1000_m4fm2_chunk_060.wav
USV_lab_131204_chunked_2s_hot,131205_1400_m4fm4_chunk_021.wav
USV_lab_131204_chunked_2s_hot,131211_1000_m2fm1_chunk_025.wav
USV_lab_131204_chunked_2s_hot,131208_1000_m4fm4_chunk_011.wav
USV_lab_131204_chunked_2s_hot,131204_1400_m5fm5_chunk_048.wav
USV_lab_131204_chunked_2s_hot,131208_1000_m4fm4_chunk_201.wav
USV_lab_131204_chunked_2s_hot,131204_1400_m6fm6_chunk_051.wav
USV_lab_131204_chunked_2s_hot,131210_1000_m4fm1_chunk_095.wav
USV_lab_131204_chunked_2s_hot,131208_1000_m4fm4_chunk_029.wav
USV_lab_131204_chunked_2s_hot,131204_1400_m4fm4_chunk_040.wav
USV_lab_131204_chunked_2s_hot,131211_1000_m5fm5_chunk_025.wav
USV_lab_131204_chunked_2s_hot,131204_1400_m6fm6_chunk_026.wav
USV_lab_131204_chunked_2s_hot,131205_1400_m4fm4_chunk_019.wav
USV_lab_131204_chunked_2s_hot,131210_1000_m6fm6_chunk_018.wav
USV_lab_131204_chunked_2s_hot,131208_1000_m6fm6_chunk_017.wav
USV_lab_131204_chunked_2s_hot,131211_1000_m4fm2_chunk_269.wav
USV_lab_131204_chunked_2s_hot,131204_1400_m3fm3_chunk_243_notch.wav
USV_lab_131204_chunked_2s_hot,131204_1400_m4fm4_chunk_050.wav
USV_lab_131204_chunked_2s_hot,131211_1000_m4fm2_chunk_018.wav
USV_lab_131204_chunked_2s_hot_reviewed,131204_1400_m3fm3_chunk_049.wav
USV_lab_131204_chunked_2s_hot_reviewed_reviewed,131204_1400_m3fm3_chunk_170.wav
USV_3452_sample_reviewed,USV_3/usv_lmt_035/2024-10-06_13-03-02_0006166.wav
USV_3452_sample_reviewed,USV_3/usv_lmt_035/2024-10-06_13-04-51_0006184.wav
USV_3452_sample_reviewed,USV_3/usv_lmt_035/2024-10-05_18-24-23_0004275.wav
USV_3452_sample_reviewed,USV_3/usv_lmt_035/2024-10-06_13-03-50_0006175.wav
USV_3452_sample_reviewed,USV_3/usv_lmt_035/2024-10-05_18-26-45_0004298.wav
USV_3452_sample_reviewed,USV_3/usv_lmt_035/2024-10-05_18-22-23_0004254.wav
USV_3452_sample_reviewed,USV_3/usv_lmt_035/2024-10-06_13-10-47_0006191.wav
USV_3452_sample_reviewed,USV_3/usv_lmt_035/2024-10-06_13-14-39_0006197.wav
USV_3452_sample_reviewed,USV_3/usv_lmt_035/2024-10-06_13-03-21_0006167.wav
USV_3452_sample_reviewed,USV_3/usv_lmt_035/2024-10-05_18-24-20_0004274.wav
USV_3452_sample_reviewed,USV_3/usv_lmt_035/2024-10-06_13-06-26_0006186.wav
USV_3452_sample_reviewed,USV_3/usv_lmt_035/2024-10-05_18-23-22_0004267.wav
USV_3452_sample_reviewed,USV_3/usv_lmt_035/2024-10-06_13-14-18_0006195.wav
USV_3452_sample_reviewed,USV_3/usv_lmt_035/2024-10-05_18-23-41_0004270.wav
USV_3452_sample_reviewed,USV_3/usv_lmt_035/2024-10-06_13-03-38_0006173.wav
USV_3452_sample_reviewed,USV_3/usv_lmt_035/2024-10-05_18-23-13_0004263.wav
USV_3452_sample_reviewed,USV_3/usv_lmt_035/2024-10-05_18-26-21_0004295.wav
USV_3452_sample_reviewed,USV_3/usv_lmt_035/2024-10-05_18-21-52_0004249.wav
USV_3452_sample_reviewed,USV_3/usv_lmt_035/2024-10-06_02-49-55_0005468.wav
USV_3452_sample_reviewed,USV_3/usv_lmt_035/2024-10-06_13-04-35_0006183.wav
USV_3452_sample_reviewed,USV_3/usv_lmt_035/2024-10-05_17-43-20_0004051.wav
USV_3452_sample_reviewed,USV_3/usv_lmt_035/2024-10-05_18-25-59_0004293.wav
USV_3452_sample_reviewed,USV_3/usv_lmt_035/2024-10-06_13-13-26_0006193.wav
USV_3452_sample_reviewed,USV_3/usv_lmt_035/2024-10-05_18-24-17_0004273.wav
USV_3452_sample_reviewed,USV_3/usv_lmt_035/2024-10-06_13-54-52_0006208.wav
USV_3452_sample_reviewed,USV_3/usv_lmt_035/2024-10-06_13-03-26_0006169.wav
USV_3452_sample_reviewed,USV_3/usv_lmt_035/2024-10-06_13-54-58_0006209.wav
USV_3452_sample_reviewed,USV_3/usv_lmt_035/2024-10-06_13-08-10_0006189.wav
USV_3452_sample_reviewed,USV_3/usv_lmt_035/2024-10-06_14-00-58_0006212.wav
USV_3452_sample_reviewed,USV_3/usv_lmt_035/2024-10-06_13-04-19_0006180.wav
USV_3452_sample_reviewed,USV_3/usv_lmt_035/2024-10-06_13-14-38_0006196.wav
USV_3452_sample_reviewed,USV_3/usv_lmt_035/2024-10-06_13-02-53_0006164.wav
USV_3452_sample_reviewed,USV_3/usv_lmt_035/2024-10-06_13-04-33_0006182.wav
USV_3452_sample_reviewed,USV_3/usv_lmt_035/2024-10-05_18-21-59_0004252.wav
USV_3452_sample_reviewed,USV_3/usv_lmt_035/2024-10-06_13-03-32_0006171.wav
USV_3452_sample_reviewed,USV_3/usv_lmt_035/2024-10-05_18-21-26_0004246.wav
USV_3452_sample_reviewed,USV_3/usv_lmt_035/2024-10-05_18-26-29_0004297.wav
USV_3452_sample_reviewed,USV_3/usv_lmt_035/2024-10-06_13-11-54_0006192.wav
USV_3452_sample_reviewed,USV_3/usv_lmt_035/2024-10-05_18-22-27_0004256.wav
USV_3452_sample_reviewed,USV_3/usv_lmt_035/2024-10-05_17-56-46_0004114.wav
USV_3452_sample_reviewed,USV_3/usv_lmt_035/2024-10-06_13-04-09_0006179.wav
USV_3452_sample_reviewed,USV_3/usv_lmt_035/2024-10-06_13-05-16_0006185.wav
USV_3452_sample_reviewed,USV_3/usv_lmt_035/2024-10-05_18-24-26_0004276.wav
USV_3452_sample_reviewed,USV_3/usv_lmt_035/2024-10-05_18-23-31_0004269.wav
USV_3452_sample_reviewed,USV_3/usv_lmt_035/2024-10-05_18-27-02_0004299.wav
USV_3452_sample_reviewed,USV_3/usv_lmt_035/2024-10-06_13-16-02_0006198.wav
USV_3452_sample_reviewed,USV_3/usv_lmt_035/2024-10-06_13-04-07_0006178.wav
USV_3452_sample_reviewed,USV_3/usv_lmt_035/2024-10-06_13-25-34_0006205.wav
USV_3452_sample_reviewed,USV_3/usv_lmt_035/2024-10-06_13-14-14_0006194.wav
USV_3452_sample_reviewed,USV_3/usv_lmt_035/2024-10-05_18-26-24_0004296.wav
USV_3452_sample_reviewed,USV_3/usv_lmt_035/2024-10-06_13-08-32_0006190.wav
USV_3452_sample_reviewed,USV_3/usv_lmt_035/2024-10-06_13-24-45_0006204.wav
USV_3452_sample_reviewed,USV_3/usv_lmt_035/2024-10-05_18-22-47_0004259.wav
USV_3452_sample_reviewed,USV_3/usv_lmt_035/2024-10-05_18-21-23_0004245.wav
USV_3452_sample_reviewed,USV_3/usv_lmt_035/2024-10-06_13-04-22_0006181.wav
USV_3452_sample_reviewed,USV_3/usv_lmt_035/2024-10-06_13-21-48_0006201.wav
USV_3452_sample_reviewed,USV_3/usv_lmt_035/2024-10-05_18-23-01_0004261.wav
USV_3452_sample_reviewed,USV_3/usv_lmt_035/2024-10-06_13-04-03_0006176.wav
USV_3452_sample_reviewed,USV_3/usv_lmt_035/2024-10-05_18-23-14_0004264.wav
USV_3452_sample_reviewed,USV_3/usv_lmt_035/2024-10-06_13-03-36_0006172.wav
USV_3452_sample_reviewed,USV_3/usv_lmt_035/2024-10-05_18-23-50_0004271.wav
USV_3452_sample_reviewed,USV_3/usv_lmt_035/2024-10-06_13-21-57_0006202.wav
USV_3452_sample_reviewed,USV_3/usv_lmt_035/2024-10-05_18-21-47_0004248.wav
USV_3452_sample_reviewed,USV_3/usv_lmt_035/2024-10-06_13-02-56_0006165.wav
USV_3452_sample_reviewed,USV_3/usv_lmt_035/2024-10-05_18-18-13_0004221.wav
USV_3452_sample_reviewed,USV_3/usv_lmt_035/2024-10-06_14-00-50_0006210.wav
USV_3452_sample_reviewed,USV_3/usv_lmt_035/2024-10-06_13-51-01_0006206.wav
USV_3452_sample_reviewed,USV_3/usv_lmt_035/2024-10-05_18-26-11_0004294.wav
USV_3452_sample_reviewed,USV_3/usv_lmt_035/2024-10-06_13-03-30_0006170.wav
USV_3452_sample_reviewed,USV_3/usv_lmt_035/2024-10-06_13-03-49_0006174.wav
USV_3452_sample_reviewed,USV_3/usv_lmt_035/2024-10-05_18-21-18_0004244.wav
USV_3452_sample_reviewed,USV_3/usv_lmt_035/2024-10-06_14-00-53_0006211.wav
USV_3452_sample_reviewed,USV_3/usv_lmt_035/2024-10-06_13-54-47_0006207.wav
USV_3452_sample_reviewed,USV_3/usv_lmt_035/2024-10-06_13-24-33_0006203.wav
USV_3452_sample_reviewed,USV_3/usv_lmt_035/2024-10-06_13-07-03_0006187.wav
USV_3452_sample_reviewed,USV_3/usv_lmt_035/2024-10-05_18-24-15_0004272.wav
USV_3452_sample_reviewed,USV_3/usv_lmt_035/2024-10-06_13-02-49_0006163.wav
USV_3452_sample_reviewed,USV_3/usv_lmt_035/2024-10-06_13-03-24_0006168.wav
USV_3452_sample_reviewed,USV_3/usv_lmt_035/2024-10-05_18-21-58_0004251.wav
USV_3452_sample_reviewed,USV_3/usv_lmt_035/2024-10-06_13-04-05_0006177.wav
USV_3452_sample_reviewed,USV_3/usv_lmt_035/2024-10-06_13-07-54_0006188.wav
USV_3452_sample_reviewed,USV_3/usv_lmt_035/2024-10-06_13-16-35_0006199.wav
USV_3452_sample_reviewed,USV_3/usv_lmt_035/2024-10-05_18-27-03_0004300.wav
USV_3452_sample_reviewed,USV_3/usv_lmt_035/2024-10-06_13-18-34_0006200.wav
USV_3452_sample_reviewed,uncertain_usv/2024-10-06_13-04-05_0006177/detections_summary.csv
USV_3452_sample_reviewed,uncertain_usv/2024-10-06_13-04-05_0006177/detection_000_0.991s-1.030s.png
USV_3452_sample_reviewed,uncertain_usv/2024-10-06_13-04-05_0006177/detection_000_0.991s-1.030s.json
USV_3452_sample_reviewed,uncertain_usv/2024-10-06_13-04-05_0006177/_saved_tracking.json
USV_3452_sample_reviewed,uncertain_usv/2024-10-05_18-21-58_0004251/detections_summary.csv
USV_3452_sample_reviewed,uncertain_usv/2024-10-05_18-21-58_0004251/_saved_tracking.json
USV_3452_sample_reviewed,uncertain_usv/2024-10-05_18-21-58_0004251/detection_000_0.940s-1.060s.json
USV_3452_sample_reviewed,uncertain_usv/2024-10-05_18-21-58_0004251/detection_000_0.940s-1.060s.png
USV_3452_sample_reviewed,uncertain_usv/2024-10-06_02-53-06_0005489/detections_summary.csv
USV_3452_sample_reviewed,uncertain_usv/2024-10-06_02-53-06_0005489/detection_000_0.913s-0.969s.json
USV_3452_sample_reviewed,uncertain_usv/2024-10-06_02-53-06_0005489/detection_000_0.913s-0.969s.png
USV_3452_sample_reviewed,uncertain_usv/2024-10-06_02-53-06_0005489/detection_001_1.424s-1.517s.json
USV_3452_sample_reviewed,uncertain_usv/2024-10-06_02-53-06_0005489/_saved_tracking.json
USV_3452_sample_reviewed,uncertain_usv/2024-10-06_02-53-06_0005489/detection_001_1.424s-1.517s.png
USV_3452_sample_reviewed,uncertain_usv/2024-10-06_13-07-54_0006188/detections_summary.csv
USV_3452_sample_reviewed,uncertain_usv/2024-10-06_13-07-54_0006188/detection_000_1.030s-1.099s.json
USV_3452_sample_reviewed,uncertain_usv/2024-10-06_13-07-54_0006188/_saved_tracking.json
USV_3452_sample_reviewed,uncertain_usv/2024-10-06_13-07-54_0006188/detection_000_1.030s-1.099s.png
USV_3452_sample_reviewed,uncertain_usv/2024-10-04_10-03-40_0000116/detections_summary.csv
USV_3452_sample_reviewed,uncertain_usv/2024-10-04_10-03-40_0000116/detection_002_2.019s-2.091s.png
USV_3452_sample_reviewed,uncertain_usv/2024-10-04_10-03-40_0000116/detection_000_1.114s-1.165s.png
USV_3452_sample_reviewed,uncertain_usv/2024-10-04_10-03-40_0000116/detection_000_1.114s-1.165s.json
USV_3452_sample_reviewed,uncertain_usv/2024-10-04_10-03-40_0000116/detection_002_2.019s-2.091s.json
USV_3452_sample_reviewed,uncertain_usv/2024-10-04_10-03-40_0000116/detection_001_1.247s-1.297s.json
USV_3452_sample_reviewed,uncertain_usv/2024-10-04_10-03-40_0000116/detection_001_1.247s-1.297s.png
USV_3452_sample_reviewed,uncertain_usv/2024-10-04_10-03-40_0000116/_saved_tracking.json
USV_3452_sample_reviewed,uncertain_usv/2024-10-04_09-57-01_0000067/detections_summary.csv
USV_3452_sample_reviewed,uncertain_usv/2024-10-04_09-57-01_0000067/detection_000_1.389s-1.432s.json
USV_3452_sample_reviewed,uncertain_usv/2024-10-04_09-57-01_0000067/detection_000_1.389s-1.432s.png
USV_3452_sample_reviewed,uncertain_usv/2024-10-04_09-57-01_0000067/_saved_tracking.json
USV_3452_sample_reviewed,uncertain_usv/2024-10-04_17-28-11_0001162/detections_summary.csv
USV_3452_sample_reviewed,uncertain_usv/2024-10-04_17-28-11_0001162/_saved_tracking.json
USV_3452_sample_reviewed,uncertain_usv/2024-10-04_17-28-11_0001162/detection_000_1.480s-1.546s.png
USV_3452_sample_reviewed,uncertain_usv/2024-10-04_17-28-11_0001162/detection_000_1.480s-1.546s.json
USV_3452_sample_reviewed,uncertain_usv/2024-10-04_22-28-48_0002057/detections_summary.csv
USV_3452_sample_reviewed,uncertain_usv/2024-10-04_22-28-48_0002057/detection_000_1.730s-1.788s.png
USV_3452_sample_reviewed,uncertain_usv/2024-10-04_22-28-48_0002057/_saved_tracking.json
USV_3452_sample_reviewed,uncertain_usv/2024-10-04_22-28-48_0002057/detection_000_1.730s-1.788s.json
USV_3452_sample_reviewed,uncertain_usv/2024-10-06_00-34-32_0005124/detections_summary.csv
USV_3452_sample_reviewed,uncertain_usv/2024-10-06_00-34-32_0005124/detection_001_0.138s-0.179s.json
USV_3452_sample_reviewed,uncertain_usv/2024-10-06_00-34-32_0005124/detection_000_0.081s-0.127s.json
USV_3452_sample_reviewed,uncertain_usv/2024-10-06_00-34-32_0005124/detection_000_0.081s-0.127s.png
USV_3452_sample_reviewed,uncertain_usv/2024-10-06_00-34-32_0005124/_saved_tracking.json
USV_3452_sample_reviewed,uncertain_usv/2024-10-06_00-34-32_0005124/detection_001_0.138s-0.179s.png
USV_3452_sample_reviewed,uncertain_usv/2024-10-04_09-58-46_0000083/detection_001_0.434s-0.491s.png
USV_3452_sample_reviewed,uncertain_usv/2024-10-04_09-58-46_0000083/detections_summary.csv
USV_3452_sample_reviewed,uncertain_usv/2024-10-04_09-58-46_0000083/detection_000_0.280s-0.334s.json
USV_3452_sample_reviewed,uncertain_usv/2024-10-04_09-58-46_0000083/detection_002_0.598s-0.699s.json
USV_3452_sample_reviewed,uncertain_usv/2024-10-04_09-58-46_0000083/detection_004_1.270s-1.299s.json
USV_3452_sample_reviewed,uncertain_usv/2024-10-04_09-58-46_0000083/detection_000_0.280s-0.334s.png
USV_3452_sample_reviewed,uncertain_usv/2024-10-04_09-58-46_0000083/_saved_tracking.json
USV_3452_sample_reviewed,uncertain_usv/2024-10-04_09-58-46_0000083/detection_001_0.434s-0.491s.json
USV_3452_sample_reviewed,uncertain_usv/2024-10-04_09-58-46_0000083/detection_003_1.226s-1.264s.json
USV_3452_sample_reviewed,uncertain_usv/2024-10-04_09-58-46_0000083/detection_004_1.270s-1.299s.png
USV_3452_sample_reviewed,uncertain_usv/2024-10-04_09-58-46_0000083/detection_002_0.598s-0.699s.png
USV_3452_sample_reviewed,uncertain_usv/2024-10-04_09-58-46_0000083/detection_003_1.226s-1.264s.png
USV_3452_sample_reviewed,uncertain_usv/2024-10-04_10-07-25_0000133/detections_summary.csv
USV_3452_sample_reviewed,uncertain_usv/2024-10-04_10-07-25_0000133/detection_000_0.633s-0.715s.png
USV_3452_sample_reviewed,uncertain_usv/2024-10-04_10-07-25_0000133/detection_001_1.663s-1.731s.png
USV_3452_sample_reviewed,uncertain_usv/2024-10-04_10-07-25_0000133/detection_002_2.116s-2.174s.png
USV_3452_sample_reviewed,uncertain_usv/2024-10-04_10-07-25_0000133/_saved_tracking.json
USV_3452_sample_reviewed,uncertain_usv/2024-10-04_10-07-25_0000133/detection_002_2.116s-2.174s.json
USV_3452_sample_reviewed,uncertain_usv/2024-10-04_10-07-25_0000133/detection_000_0.633s-0.715s.json
USV_3452_sample_reviewed,uncertain_usv/2024-10-04_10-07-25_0000133/detection_001_1.663s-1.731s.json
USV_3452_sample_reviewed,uncertain_usv/2024-10-05_17-56-46_0004114/detections_summary.csv
USV_3452_sample_reviewed,uncertain_usv/2024-10-05_17-56-46_0004114/detection_001_0.986s-1.003s.json
USV_3452_sample_reviewed,uncertain_usv/2024-10-05_17-56-46_0004114/detection_001_0.986s-1.003s.png
USV_3452_sample_reviewed,uncertain_usv/2024-10-05_17-56-46_0004114/detection_000_0.882s-0.931s.json
USV_3452_sample_reviewed,uncertain_usv/2024-10-05_17-56-46_0004114/_saved_tracking.json
USV_3452_sample_reviewed,uncertain_usv/2024-10-05_17-56-46_0004114/detection_000_0.882s-0.931s.png
USV_3452_sample_reviewed,uncertain_usv/2024-10-04_17-18-52_0001114/detections_summary.csv
USV_3452_sample_reviewed,uncertain_usv/2024-10-04_17-18-52_0001114/detection_000_0.351s-0.396s.json
USV_3452_sample_reviewed,uncertain_usv/2024-10-04_17-18-52_0001114/detection_000_0.351s-0.396s.png
USV_3452_sample_reviewed,uncertain_usv/2024-10-04_17-18-52_0001114/_saved_tracking.json
USV_3452_sample_reviewed,uncertain_usv/2024-10-06_03-02-58_0005544/detections_summary.csv
USV_3452_sample_reviewed,uncertain_usv/2024-10-06_03-02-58_0005544/detection_000_0.168s-0.215s.png
USV_3452_sample_reviewed,uncertain_usv/2024-10-06_03-02-58_0005544/_saved_tracking.json
USV_3452_sample_reviewed,uncertain_usv/2024-10-06_03-02-58_0005544/detection_000_0.168s-0.215s.json
USV_3452_sample_reviewed,uncertain_usv/2024-10-05_18-18-13_0004221/detections_summary.csv
USV_3452_sample_reviewed,uncertain_usv/2024-10-05_18-18-13_0004221/detection_000_0.069s-0.121s.json
USV_3452_sample_reviewed,uncertain_usv/2024-10-05_18-18-13_0004221/detection_000_0.069s-0.121s.png
USV_3452_sample_reviewed,uncertain_usv/2024-10-05_18-18-13_0004221/detection_001_0.241s-0.293s.json
USV_3452_sample_reviewed,uncertain_usv/2024-10-05_18-18-13_0004221/_saved_tracking.json
USV_3452_sample_reviewed,uncertain_usv/2024-10-05_18-18-13_0004221/detection_001_0.241s-0.293s.png
USV_3452_sample_reviewed,uncertain_usv/2024-10-04_09-57-58_0000079/detections_summary.csv
USV_3452_sample_reviewed,uncertain_usv/2024-10-04_09-57-58_0000079/detection_000_0.693s-0.745s.json
USV_3452_sample_reviewed,uncertain_usv/2024-10-04_09-57-58_0000079/detection_000_0.693s-0.745s.png
USV_3452_sample_reviewed,uncertain_usv/2024-10-04_09-57-58_0000079/_saved_tracking.json
USV_3452_sample_reviewed,uncertain_usv/2024-10-04_09-56-44_0000064/detections_summary.csv
USV_3452_sample_reviewed,uncertain_usv/2024-10-04_09-56-44_0000064/detection_000_1.122s-1.186s.json
USV_3452_sample_reviewed,uncertain_usv/2024-10-04_09-56-44_0000064/_saved_tracking.json
USV_3452_sample_reviewed,uncertain_usv/2024-10-04_09-56-44_0000064/detection_000_1.122s-1.186s.png
USV_3452_sample_reviewed,uncertain_usv/2024-10-05_22-10-34_0004806/detections_summary.csv
USV_3452_sample_reviewed,uncertain_usv/2024-10-05_22-10-34_0004806/detection_000_2.683s-2.749s.png
USV_3452_sample_reviewed,uncertain_usv/2024-10-05_22-10-34_0004806/detection_000_2.683s-2.749s.json
USV_3452_sample_reviewed,uncertain_usv/2024-10-05_22-10-34_0004806/_saved_tracking.json
USV_3452_sample_reviewed,uncertain_usv/2024-10-06_00-00-27_0005071/detections_summary.csv
USV_3452_sample_reviewed,uncertain_usv/2024-10-06_00-00-27_0005071/detection_000_2.008s-2.085s.png
USV_3452_sample_reviewed,uncertain_usv/2024-10-06_00-00-27_0005071/_saved_tracking.json
USV_3452_sample_reviewed,uncertain_usv/2024-10-06_00-00-27_0005071/detection_000_2.008s-2.085s.json
USV_3452_sample_reviewed,USV_1/usv_lmt_035/2024-10-06_02-18-17_0005390.wav
USV_3452_sample_reviewed,USV_1/usv_lmt_035/2024-10-04_17-28-11_0001162.wav
USV_3452_sample_reviewed,USV_1/usv_lmt_035/2024-10-04_17-21-14_0001134.wav
USV_3452_sample_reviewed,USV_1/usv_lmt_035/2024-10-04_10-13-16_0000179.wav
USV_3452_sample_reviewed,USV_1/usv_lmt_035/2024-10-04_17-21-57_0001140.wav
USV_3452_sample_reviewed,USV_1/usv_lmt_035/2024-10-04_17-22-11_0001144.wav
USV_3452_sample_reviewed,USV_1/usv_lmt_035/2024-10-04_10-39-57_0000347.wav
USV_3452_sample_reviewed,USV_1/usv_lmt_035/2024-10-04_09-51-09_0000014.wav
USV_3452_sample_reviewed,USV_1/usv_lmt_035/2024-10-04_17-21-52_0001139.wav
USV_3452_sample_reviewed,USV_1/usv_lmt_035/2024-10-04_17-34-11_0001188.wav
USV_3452_sample_reviewed,USV_1/usv_lmt_035/2024-10-04_17-35-08_0001193.wav
USV_3452_sample_reviewed,USV_1/usv_lmt_035/2024-10-04_17-34-24_0001189.wav
USV_3452_sample_reviewed,USV_1/usv_lmt_035/2024-10-04_09-49-58_0000002.wav
USV_3452_sample_reviewed,USV_1/usv_lmt_035/2024-10-04_17-20-19_0001128.wav
USV_3452_sample_reviewed,USV_1/usv_lmt_035/2024-10-04_17-18-33_0001111.wav
USV_3452_sample_reviewed,USV_1/usv_lmt_035/2024-10-04_17-29-53_0001175.wav
USV_3452_sample_reviewed,USV_1/usv_lmt_035/2024-10-04_10-03-19_0000115.wav
USV_3452_sample_reviewed,USV_1/usv_lmt_035/2024-10-04_17-36-27_0001199.wav
USV_3452_sample_reviewed,USV_1/usv_lmt_035/2024-10-04_17-34-54_0001191.wav
USV_3452_sample_reviewed,USV_1/usv_lmt_035/2024-10-06_04-12-55_0005606.wav
USV_3452_sample_reviewed,USV_1/usv_lmt_035/2024-10-04_10-13-20_0000180.wav
USV_3452_sample_reviewed,USV_1/usv_lmt_035/2024-10-06_01-50-29_0005331.wav
USV_3452_sample_reviewed,USV_1/usv_lmt_035/2024-10-04_16-42-30_0000986.wav
USV_3452_sample_reviewed,USV_1/usv_lmt_035/2024-10-04_13-28-33_0000739.wav
USV_3452_sample_reviewed,USV_1/usv_lmt_035/2024-10-04_17-28-17_0001164.wav
USV_3452_sample_reviewed,USV_1/usv_lmt_035/2024-10-04_17-29-27_0001174.wav
USV_3452_sample_reviewed,USV_1/usv_lmt_035/2024-10-04_17-28-02_0001159.wav
USV_3452_sample_reviewed,USV_1/usv_lmt_035/2024-10-06_06-42-29_0005719.wav
USV_3452_sample_reviewed,USV_1/usv_lmt_035/2024-10-04_17-21-19_0001136.wav
USV_3452_sample_reviewed,USV_1/usv_lmt_035/2024-10-06_04-23-02_0005659.wav
USV_3452_sample_reviewed,USV_1/usv_lmt_035/2024-10-04_10-03-40_0000116.wav
USV_3452_sample_reviewed,USV_1/usv_lmt_035/2024-10-04_09-51-21_0000017.wav
USV_3452_sample_reviewed,USV_1/usv_lmt_035/2024-10-04_17-28-57_0001170.wav
USV_3452_sample_reviewed,USV_1/usv_lmt_035/2024-10-04_17-20-10_0001126.wav
USV_3452_sample_reviewed,USV_1/usv_lmt_035/2024-10-04_17-27-36_0001154.wav
USV_3452_sample_reviewed,USV_1/usv_lmt_035/2024-10-04_17-33-46_0001185.wav
USV_3452_sample_reviewed,USV_1/usv_lmt_035/2024-10-04_10-16-26_0000205.wav
USV_3452_sample_reviewed,USV_1/usv_lmt_035/2024-10-06_02-28-32_0005433.wav
USV_3452_sample_reviewed,USV_1/usv_lmt_035/2024-10-04_17-22-02_0001142.wav
USV_3452_sample_reviewed,USV_1/usv_lmt_035/2024-10-06_06-41-04_0005716.wav
USV_3452_sample_reviewed,USV_1/usv_lmt_035/2024-10-04_09-50-12_0000005.wav
USV_3452_sample_reviewed,USV_1/usv_lmt_035/2024-10-04_17-15-43_0001104.wav
USV_3452_sample_reviewed,USV_1/usv_lmt_035/2024-10-04_10-01-47_0000107.wav
USV_3452_sample_reviewed,USV_1/usv_lmt_035/2024-10-04_17-28-07_0001160.wav
USV_3452_sample_reviewed,USV_1/usv_lmt_035/2024-10-04_16-52-03_0001002.wav
USV_3452_sample_reviewed,USV_1/usv_lmt_035/2024-10-04_17-36-03_0001198.wav
USV_3452_sample_reviewed,USV_1/usv_lmt_035/2024-10-04_17-20-16_0001127.wav
USV_3452_sample_reviewed,USV_1/usv_lmt_035/2024-10-04_12-29-52_0000671.wav
USV_3452_sample_reviewed,USV_1/usv_lmt_035/2024-10-04_17-18-35_0001112.wav
USV_3452_sample_reviewed,USV_1/usv_lmt_035/2024-10-04_09-56-26_0000059.wav
USV_3452_sample_reviewed,USV_1/usv_lmt_035/2024-10-04_10-06-10_0000128.wav
USV_3452_sample_reviewed,USV_1/usv_lmt_035/2024-10-04_17-34-03_0001186.wav
USV_3452_sample_reviewed,USV_1/usv_lmt_035/2024-10-04_10-17-25_0000212.wav
USV_3452_sample_reviewed,USV_1/usv_lmt_035/2024-10-04_17-16-55_0001110.wav
USV_3452_sample_reviewed,USV_1/usv_lmt_035/2024-10-04_17-19-57_0001124.wav
USV_3452_sample_reviewed,USV_1/usv_lmt_035/2024-10-06_04-13-13_0005607.wav
USV_3452_sample_reviewed,USV_1/usv_lmt_035/2024-10-04_17-15-23_0001100.wav
USV_3452_sample_reviewed,USV_1/usv_lmt_035/2024-10-04_17-27-45_0001157.wav
USV_3452_sample_reviewed,USV_1/usv_lmt_035/2024-10-04_17-19-21_0001119.wav
USV_3452_sample_reviewed,USV_1/usv_lmt_035/2024-10-04_17-29-55_0001176.wav
USV_3452_sample_reviewed,USV_1/usv_lmt_035/2024-10-04_10-10-27_0000148.wav
USV_3452_sample_reviewed,USV_1/usv_lmt_035/2024-10-04_17-27-38_0001155.wav
USV_3452_sample_reviewed,USV_1/usv_lmt_035/2024-10-04_17-20-45_0001131.wav
USV_3452_sample_reviewed,USV_1/usv_lmt_035/2024-10-04_17-18-52_0001114.wav
USV_3452_sample_reviewed,USV_1/usv_lmt_035/2024-10-04_17-33-16_0001180.wav
USV_3452_sample_reviewed,USV_1/usv_lmt_035/2024-10-04_10-13-03_0000177.wav
USV_3452_sample_reviewed,USV_1/usv_lmt_035/2024-10-04_12-25-38_0000630.wav
USV_3452_sample_reviewed,USV_1/usv_lmt_035/2024-10-04_16-55-59_0001009.wav
USV_3452_sample_reviewed,USV_1/usv_lmt_035/2024-10-06_01-50-15_0005330.wav
USV_3452_sample_reviewed,USV_1/usv_lmt_035/2024-10-04_16-04-32_0000929.wav
USV_3452_sample_reviewed,USV_1/usv_lmt_035/2024-10-06_02-53-16_0005493.wav
USV_3452_sample_reviewed,USV_1/usv_lmt_035/2024-10-04_17-28-52_0001169.wav
USV_3452_sample_reviewed,USV_1/usv_lmt_035/2024-10-04_17-28-22_0001165.wav
USV_3452_sample_reviewed,USV_1/usv_lmt_035/2024-10-04_14-53-13_0000828.wav
USV_3452_sample_reviewed,USV_1/usv_lmt_035/2024-10-04_17-21-09_0001132.wav
USV_3452_sample_reviewed,USV_1/usv_lmt_035/2024-10-04_11-43-12_0000517.wav
USV_3452_sample_reviewed,USV_1/usv_lmt_035/2024-10-04_11-00-35_0000456.wav
USV_3452_sample_reviewed,USV_1/usv_lmt_035/2024-10-04_10-15-51_0000201.wav
USV_3452_sample_reviewed,USV_1/usv_lmt_035/2024-10-04_17-21-32_0001138.wav
USV_3452_sample_reviewed,USV_1/usv_lmt_035/2024-10-06_02-53-21_0005494.wav
USV_3452_sample_reviewed,USV_1/usv_lmt_035/2024-10-04_17-21-58_0001141.wav
USV_3452_sample_reviewed,USV_1/usv_lmt_035/2024-10-04_09-58-26_0000081.wav
USV_3452_sample_reviewed,USV_1/usv_lmt_035/2024-10-04_10-11-36_0000163.wav
USV_3452_sample_reviewed,USV_1/usv_lmt_035/2024-10-04_17-20-37_0001130.wav
USV_3452_sample_reviewed,USV_1/usv_lmt_035/2024-10-04_17-04-49_0001055.wav
USV_3452_sample_reviewed,USV_1/usv_lmt_035/2024-10-04_17-20-27_0001129.wav
USV_3452_sample_reviewed,USV_1/usv_lmt_035/2024-10-04_17-29-24_0001173.wav
USV_3452_sample_reviewed,USV_1/usv_lmt_035/2024-10-04_17-28-14_0001163.wav
USV_3452_sample_reviewed,USV_1/usv_lmt_035/2024-10-06_03-03-02_0005545.wav
USV_3452_sample_reviewed,USV_1/usv_lmt_035/2024-10-04_17-27-42_0001156.wav
USV_3452_sample_reviewed,USV_1/usv_lmt_035/2024-10-04_17-29-21_0001172.wav
USV_3452_sample_reviewed,USV_1/usv_lmt_035/2024-10-04_10-11-09_0000157.wav
USV_3452_sample_reviewed,USV_1/usv_lmt_035/2024-10-04_17-34-52_0001190.wav
USV_3452_sample_reviewed,USV_1/usv_lmt_035/2024-10-04_17-15-24_0001101.wav
USV_3452_sample_reviewed,USV_1/usv_lmt_035/2024-10-04_17-35-39_0001195.wav
USV_3452_sample_reviewed,USV_1/usv_lmt_035/2024-10-04_17-19-20_0001118.wav
USV_3452_sample_reviewed,USV_1/usv_lmt_035/2024-10-04_17-15-49_0001106.wav
USV_3452_sample_reviewed,USV_1/usv_lmt_035/2024-10-04_09-57-27_0000072.wav
USV_3452_sample_reviewed,USV_1/usv_lmt_035/2024-10-04_17-18-56_0001115.wav
USV_3452_sample_reviewed,USV_1/usv_lmt_035/2024-10-04_17-34-08_0001187.wav
USV_3452_sample_reviewed,USV_1/usv_lmt_035/2024-10-04_09-53-48_0000036.wav
USV_3452_sample_reviewed,USV_1/usv_lmt_035/2024-10-04_17-28-10_0001161.wav
USV_3452_sample_reviewed,USV_1/usv_lmt_035/2024-10-04_17-21-25_0001137.wav
USV_3452_sample_reviewed,USV_1/usv_lmt_035/2024-10-04_17-19-14_0001117.wav
USV_3452_sample_reviewed,USV_1/usv_lmt_035/2024-10-04_10-11-50_0000166.wav
USV_3452_sample_reviewed,USV_1/usv_lmt_035/2024-10-04_12-16-07_0000594.wav
USV_3452_sample_reviewed,USV_1/usv_lmt_035/2024-10-04_14-08-54_0000789.wav
USV_3452_sample_reviewed,USV_1/usv_lmt_035/2024-10-04_17-19-29_0001120.wav
USV_3452_sample_reviewed,USV_1/usv_lmt_035/2024-10-04_17-29-11_0001171.wav
USV_3452_sample_reviewed,USV_1/usv_lmt_035/2024-10-04_10-14-06_0000189.wav
USV_3452_sample_reviewed,USV_1/usv_lmt_035/2024-10-04_17-30-03_0001178.wav
USV_3452_sample_reviewed,USV_1/usv_lmt_035/2024-10-04_17-22-05_0001143.wav
USV_3452_sample_reviewed,USV_1/usv_lmt_035/2024-10-06_02-18-23_0005391.wav
USV_3452_sample_reviewed,USV_1/usv_lmt_035/2024-10-04_17-35-00_0001192.wav
USV_3452_sample_reviewed,USV_1/usv_lmt_035/2024-10-04_17-27-28_0001153.wav
USV_3452_sample_reviewed,USV_1/usv_lmt_035/2024-10-04_09-53-06_0000027.wav
USV_3452_sample_reviewed,USV_1/usv_lmt_035/2024-10-04_10-03-59_0000118.wav
USV_3452_sample_reviewed,USV_1/usv_lmt_035/2024-10-04_17-28-27_0001167.wav
USV_3452_sample_reviewed,USV_1/usv_lmt_035/2024-10-06_02-18-27_0005392.wav
USV_3452_sample_reviewed,USV_1/usv_lmt_035/2024-10-04_10-53-25_0000403.wav
USV_3452_sample_reviewed,USV_1/usv_lmt_035/2024-10-04_17-33-31_0001183.wav
USV_3452_sample_reviewed,USV_1/usv_lmt_035/2024-10-04_09-56-44_0000064.wav
USV_3452_sample_reviewed,USV_1/usv_lmt_035/2024-10-04_10-14-55_0000195.wav
USV_3452_sample_reviewed,USV_1/usv_lmt_035/2024-10-04_09-56-07_0000055.wav
USV_3452_sample_reviewed,USV_1/usv_lmt_035/2024-10-04_17-25-04_0001151.wav
USV_3452_sample_reviewed,USV_1/usv_lmt_035/2024-10-04_17-35-28_0001194.wav
USV_3452_sample_reviewed,USV_1/usv_lmt_035/2024-10-04_09-54-45_0000041.wav
USV_3452_sample_reviewed,USV_1/usv_lmt_035/2024-10-04_17-15-37_0001103.wav
USV_3452_sample_reviewed,USV_1/usv_lmt_035/2024-10-04_17-35-54_0001197.wav
USV_3452_sample_reviewed,USV_1/usv_lmt_035/2024-10-04_17-30-01_0001177.wav
USV_3452_sample_reviewed,USV_1/usv_lmt_035/2024-10-04_17-32-49_0001179.wav
USV_3452_sample_reviewed,USV_1/usv_lmt_035/2024-10-04_10-45-12_0000361.wav
USV_3452_sample_reviewed,USV_1/usv_lmt_035/2024-10-04_17-28-26_0001166.wav
USV_3452_sample_reviewed,USV_1/usv_lmt_035/2024-10-04_17-19-34_0001121.wav
USV_3452_sample_reviewed,USV_1/usv_lmt_035/2024-10-06_02-28-26_0005432.wav
USV_3452_sample_reviewed,USV_1/usv_lmt_035/2024-10-04_10-22-28_0000246.wav
USV_3452_sample_reviewed,USV_1/usv_lmt_035/2024-10-04_17-27-48_0001158.wav
USV_3452_sample_reviewed,USV_1/usv_lmt_035/2024-10-04_17-35-48_0001196.wav
USV_3452_sample_reviewed,USV_1/usv_lmt_035/2024-10-06_03-03-57_0005546.wav
USV_3452_sample_reviewed,USV_1/usv_lmt_035/2024-10-04_17-10-35_0001080.wav
USV_3452_sample_reviewed,USV_1/usv_lmt_035/2024-10-04_10-13-34_0000181.wav
USV_3452_sample_reviewed,USV_1/usv_lmt_035/2024-10-04_17-33-44_0001184.wav
USV_3452_sample_reviewed,USV_1/usv_lmt_035/2024-10-04_17-28-39_0001168.wav
USV_3452_sample_reviewed,USV_1/usv_lmt_035/2024-10-04_17-33-26_0001181.wav
USV_3452_sample_reviewed,USV_1/usv_lmt_035/2024-10-06_04-22-57_0005658.wav
USV_3452_sample_reviewed,USV_1/usv_lmt_035/2024-10-04_17-33-29_0001182.wav
USV_3452_sample_reviewed,USV_1/usv_lmt_035/2024-10-04_17-27-09_0001152.wav
USV_3452_sample_reviewed,USV_2/usv_lmt_035/2024-10-06_01-50-46_0005335.wav
USV_3452_sample_reviewed,USV_2/usv_lmt_035/2024-10-05_19-47-05_0004513.wav
USV_3452_sample_reviewed,USV_2/usv_lmt_035/2024-10-05_01-51-40_0002693.wav
USV_3452_sample_reviewed,USV_2/usv_lmt_035/2024-10-05_19-06-33_0004397.wav
USV_3452_sample_reviewed,USV_2/usv_lmt_035/2024-10-06_02-18-48_0005394.wav
USV_3452_sample_reviewed,USV_2/usv_lmt_035/2024-10-05_18-25-39_0004289.wav
USV_3452_sample_reviewed,USV_2/usv_lmt_035/2024-10-05_18-06-47_0004161.wav
USV_3452_sample_reviewed,USV_2/usv_lmt_035/2024-10-05_22-43-27_0004861.wav
USV_3452_sample_reviewed,USV_2/usv_lmt_035/2024-10-05_18-06-28_0004159.wav
USV_3452_sample_reviewed,USV_2/usv_lmt_035/2024-10-04_23-24-09_0002253.wav
USV_3452_sample_reviewed,USV_2/usv_lmt_035/2024-10-06_02-29-27_0005437.wav
USV_3452_sample_reviewed,USV_2/usv_lmt_035/2024-10-04_17-37-19_0001207.wav
USV_3452_sample_reviewed,USV_2/usv_lmt_035/2024-10-04_18-00-01_0001310.wav
USV_3452_sample_reviewed,USV_2/usv_lmt_035/2024-10-05_01-01-52_0002507.wav
USV_3452_sample_reviewed,USV_2/usv_lmt_035/2024-10-05_23-56-20_0005069.wav
USV_3452_sample_reviewed,USV_2/usv_lmt_035/2024-10-05_01-45-47_0002676.wav
USV_3452_sample_reviewed,USV_2/usv_lmt_035/2024-10-05_18-13-46_0004200.wav
USV_3452_sample_reviewed,USV_2/usv_lmt_035/2024-10-05_18-12-18_0004191.wav
USV_3452_sample_reviewed,USV_2/usv_lmt_035/2024-10-05_01-52-40_0002702.wav
USV_3452_sample_reviewed,USV_2/usv_lmt_035/2024-10-05_18-04-30_0004144.wav
USV_3452_sample_reviewed,USV_2/usv_lmt_035/2024-10-04_23-56-48_0002367.wav
USV_3452_sample_reviewed,USV_2/usv_lmt_035/2024-10-04_18-09-01_0001355.wav
USV_3452_sample_reviewed,USV_2/usv_lmt_035/2024-10-05_18-54-27_0004349.wav
USV_3452_sample_reviewed,USV_2/usv_lmt_035/2024-10-05_18-20-36_0004241.wav
USV_3452_sample_reviewed,USV_2/usv_lmt_035/2024-10-06_04-24-08_0005664.wav
USV_3452_sample_reviewed,USV_2/usv_lmt_035/2024-10-05_21-52-39_0004771.wav
USV_3452_sample_reviewed,USV_2/usv_lmt_035/2024-10-05_18-08-30_0004175.wav
USV_3452_sample_reviewed,USV_2/usv_lmt_035/2024-10-05_18-04-48_0004145.wav
USV_3452_sample_reviewed,USV_2/usv_lmt_035/2024-10-06_00-33-32_0005121.wav
USV_3452_sample_reviewed,USV_2/usv_lmt_035/2024-10-06_02-32-15_0005443.wav
USV_3452_sample_reviewed,USV_2/usv_lmt_035/2024-10-06_02-53-26_0005496.wav
USV_3452_sample_reviewed,USV_2/usv_lmt_035/2024-10-06_02-54-02_0005501.wav
USV_3452_sample_reviewed,USV_2/usv_lmt_035/2024-10-06_01-42-56_0005288.wav
USV_3452_sample_reviewed,USV_2/usv_lmt_035/2024-10-06_03-05-04_0005547.wav
USV_3452_sample_reviewed,USV_2/usv_lmt_035/2024-10-04_22-28-48_0002057.wav
USV_3452_sample_reviewed,USV_2/usv_lmt_035/2024-10-05_18-07-43_0004170.wav
USV_3452_sample_reviewed,USV_2/usv_lmt_035/2024-10-06_01-42-39_0005287.wav
USV_3452_sample_reviewed,USV_2/usv_lmt_035/2024-10-05_22-40-54_0004859.wav
USV_3452_sample_reviewed,USV_2/usv_lmt_035/2024-10-05_01-52-45_0002704.wav
USV_3452_sample_reviewed,USV_2/usv_lmt_035/2024-10-06_04-23-28_0005661.wav
USV_3452_sample_reviewed,USV_2/usv_lmt_035/2024-10-06_04-15-21_0005612.wav
USV_3452_sample_reviewed,USV_2/usv_lmt_035/2024-10-05_22-56-12_0004908.wav
USV_3452_sample_reviewed,USV_2/usv_lmt_035/2024-10-05_18-05-58_0004156.wav
USV_3452_sample_reviewed,USV_2/usv_lmt_035/2024-10-05_18-01-47_0004129.wav
USV_3452_sample_reviewed,USV_2/usv_lmt_035/2024-10-05_22-56-33_0004909.wav
USV_3452_sample_reviewed,USV_2/usv_lmt_035/2024-10-06_00-34-56_0005125.wav
USV_3452_sample_reviewed,USV_2/usv_lmt_035/2024-10-05_22-43-40_0004862.wav
USV_3452_sample_reviewed,USV_2/usv_lmt_035/2024-10-05_18-11-07_0004184.wav
USV_3452_sample_reviewed,USV_2/usv_lmt_035/2024-10-05_18-22-17_0004253.wav
USV_3452_sample_reviewed,USV_2/usv_lmt_035/2024-10-05_01-52-47_0002705.wav
USV_3452_sample_reviewed,USV_2/usv_lmt_035/2024-10-05_17-57-09_0004117.wav
USV_3452_sample_reviewed,USV_2/usv_lmt_035/2024-10-06_02-29-00_0005435.wav
USV_3452_sample_reviewed,USV_2/usv_lmt_035/2024-10-05_01-24-43_0002588.wav
USV_3452_sample_reviewed,USV_2/usv_lmt_035/2024-10-05_20-18-19_0004566.wav
USV_3452_sample_reviewed,USV_2/usv_lmt_035/2024-10-05_18-02-04_0004133.wav
USV_3452_sample_reviewed,USV_2/usv_lmt_035/2024-10-05_18-19-24_0004232.wav
USV_3452_sample_reviewed,USV_2/usv_lmt_035/2024-10-05_18-25-08_0004283.wav
USV_3452_sample_reviewed,USV_2/usv_lmt_035/2024-10-05_18-15-01_0004209.wav
USV_3452_sample_reviewed,USV_2/usv_lmt_035/2024-10-06_04-26-40_0005666.wav
USV_3452_sample_reviewed,USV_2/usv_lmt_035/2024-10-06_01-14-16_0005227.wav
USV_3452_sample_reviewed,USV_2/usv_lmt_035/2024-10-04_18-11-36_0001378.wav
USV_3452_sample_reviewed,USV_2/usv_lmt_035/2024-10-06_03-07-46_0005552.wav
USV_3452_sample_reviewed,USV_2/usv_lmt_035/2024-10-06_02-28-39_0005434.wav
USV_3452_sample_reviewed,USV_2/usv_lmt_035/2024-10-06_01-43-02_0005289.wav
USV_3452_sample_reviewed,USV_2/usv_lmt_035/2024-10-05_17-57-07_0004116.wav
USV_3452_sample_reviewed,USV_2/usv_lmt_035/2024-10-05_23-20-27_0004969.wav
USV_3452_sample_reviewed,USV_2/usv_lmt_035/2024-10-05_18-01-59_0004131.wav
USV_3452_sample_reviewed,USV_2/usv_lmt_035/2024-10-05_18-08-04_0004174.wav
USV_3452_sample_reviewed,USV_2/usv_lmt_035/2024-10-05_17-56-42_0004113.wav
USV_3452_sample_reviewed,USV_2/usv_lmt_035/2024-10-05_21-29-27_0004717.wav
USV_3452_sample_reviewed,USV_2/usv_lmt_035/2024-10-04_22-53-18_0002138.wav
USV_3452_sample_reviewed,USV_2/usv_lmt_035/2024-10-05_18-17-56_0004219.wav
USV_3452_sample_reviewed,USV_2/usv_lmt_035/2024-10-05_22-40-16_0004857.wav
USV_3452_sample_reviewed,USV_2/usv_lmt_035/2024-10-05_01-50-53_0002689.wav
USV_3452_sample_reviewed,USV_2/usv_lmt_035/2024-10-04_18-18-48_0001405.wav
USV_3452_sample_reviewed,USV_2/usv_lmt_035/2024-10-05_20-18-54_0004568.wav
USV_3452_sample_reviewed,USV_2/usv_lmt_035/2024-10-06_01-51-19_0005337.wav
USV_3452_sample_reviewed,USV_2/usv_lmt_035/2024-10-05_17-57-16_0004118.wav
USV_3452_sample_reviewed,USV_2/usv_lmt_035/2024-10-05_18-05-40_0004154.wav
USV_3452_sample_reviewed,USV_2/usv_lmt_035/2024-10-05_01-52-56_0002708.wav
USV_3452_sample_reviewed,USV_2/usv_lmt_035/2024-10-04_23-31-34_0002269.wav
USV_3452_sample_reviewed,USV_2/usv_lmt_035/2024-10-05_01-54-08_0002716.wav
USV_3452_sample_reviewed,USV_2/usv_lmt_035/2024-10-05_19-48-11_0004515.wav
USV_3452_sample_reviewed,USV_2/usv_lmt_035/2024-10-05_18-22-43_0004258.wav
USV_3452_sample_reviewed,USV_2/usv_lmt_035/2024-10-05_18-18-31_0004223.wav
USV_3452_sample_reviewed,USV_2/usv_lmt_035/2024-10-05_17-59-37_0004122.wav
USV_3452_sample_reviewed,USV_2/usv_lmt_035/2024-10-06_01-51-33_0005339.wav
USV_3452_sample_reviewed,USV_2/usv_lmt_035/2024-10-05_21-30-14_0004722.wav
USV_3452_sample_reviewed,USV_2/usv_lmt_035/2024-10-05_18-08-33_0004176.wav
USV_3452_sample_reviewed,USV_2/usv_lmt_035/2024-10-06_03-09-33_0005553.wav
USV_3452_sample_reviewed,USV_2/usv_lmt_035/2024-10-05_18-11-38_0004187.wav
USV_3452_sample_reviewed,USV_2/usv_lmt_035/2024-10-05_18-14-50_0004207.wav
USV_3452_sample_reviewed,USV_2/usv_lmt_035/2024-10-05_18-23-20_0004266.wav
USV_3452_sample_reviewed,USV_2/usv_lmt_035/2024-10-05_18-04-53_0004147.wav
USV_3452_sample_reviewed,USV_2/usv_lmt_035/2024-10-05_01-52-27_0002699.wav
USV_3452_sample_reviewed,USV_2/usv_lmt_035/2024-10-05_01-51-47_0002694.wav
USV_3452_sample_reviewed,USV_2/usv_lmt_035/2024-10-05_18-05-25_0004152.wav
USV_3452_sample_reviewed,USV_2/usv_lmt_035/2024-10-04_17-52-47_0001267.wav
USV_3452_sample_reviewed,USV_2/usv_lmt_035/2024-10-05_01-51-04_0002692.wav
USV_3452_sample_reviewed,USV_2/usv_lmt_035/2024-10-05_18-05-29_0004153.wav
USV_3452_sample_reviewed,USV_2/usv_lmt_035/2024-10-06_01-51-09_0005336.wav
USV_3452_sample_reviewed,USV_2/usv_lmt_035/2024-10-06_01-41-22_0005283.wav
USV_3452_sample_reviewed,USV_2/usv_lmt_035/2024-10-05_18-16-04_0004212.wav
USV_3452_sample_reviewed,USV_2/usv_lmt_035/2024-10-06_01-06-04_0005186.wav
USV_3452_sample_reviewed,USV_2/usv_lmt_035/2024-10-05_23-44-25_0005026.wav
USV_3452_sample_reviewed,USV_2/usv_lmt_035/2024-10-06_01-03-56_0005182.wav
USV_3452_sample_reviewed,USV_2/usv_lmt_035/2024-10-06_02-29-52_0005439.wav
USV_3452_sample_reviewed,USV_2/usv_lmt_035/2024-10-05_18-07-42_0004169.wav
USV_3452_sample_reviewed,USV_2/usv_lmt_035/2024-10-05_21-11-55_0004672.wav
USV_3452_sample_reviewed,USV_2/usv_lmt_035/2024-10-04_20-41-12_0001825.wav
USV_3452_sample_reviewed,USV_2/usv_lmt_035/2024-10-06_04-23-39_0005662.wav
USV_3452_sample_reviewed,USV_2/usv_lmt_035/2024-10-05_20-50-22_0004617.wav
USV_3452_sample_reviewed,USV_2/usv_lmt_035/2024-10-05_18-20-37_0004242.wav
USV_3452_sample_reviewed,USV_2/usv_lmt_035/2024-10-05_19-06-42_0004402.wav
USV_3452_sample_reviewed,USV_2/usv_lmt_035/2024-10-05_18-21-04_0004243.wav
USV_3452_sample_reviewed,USV_2/usv_lmt_035/2024-10-05_18-03-53_0004143.wav
USV_3452_sample_reviewed,USV_2/usv_lmt_035/2024-10-04_18-09-46_0001364.wav
USV_3452_sample_reviewed,USV_2/usv_lmt_035/2024-10-05_21-29-55_0004718.wav
USV_3452_sample_reviewed,USV_2/usv_lmt_035/2024-10-05_22-56-40_0004910.wav
USV_3452_sample_reviewed,USV_2/usv_lmt_035/2024-10-06_00-30-56_0005117.wav
USV_3452_sample_reviewed,USV_2/usv_lmt_035/2024-10-05_01-52-21_0002698.wav
USV_3452_sample_reviewed,USV_2/usv_lmt_035/2024-10-05_18-25-47_0004290.wav
USV_3452_sample_reviewed,USV_2/usv_lmt_035/2024-10-05_23-20-12_0004967.wav
USV_3452_sample_reviewed,USV_2/usv_lmt_035/2024-10-06_01-04-21_0005184.wav
USV_3452_sample_reviewed,USV_2/usv_lmt_035/2024-10-06_00-00-27_0005071.wav
USV_3452_sample_reviewed,USV_2/usv_lmt_035/2024-10-05_22-11-01_0004810.wav
USV_3452_sample_reviewed,USV_2/usv_lmt_035/2024-10-06_04-24-03_0005663.wav
USV_3452_sample_reviewed,USV_2/usv_lmt_035/2024-10-04_21-21-38_0001917.wav
USV_3452_sample_reviewed,USV_2/usv_lmt_035/2024-10-05_18-14-38_0004205.wav
USV_3452_sample_reviewed,USV_2/usv_lmt_035/2024-10-05_21-51-12_0004768.wav
USV_3452_sample_reviewed,USV_2/usv_lmt_035/2024-10-05_19-06-28_0004395.wav
USV_3452_sample_reviewed,USV_2/usv_lmt_035/2024-10-05_22-11-25_0004811.wav
USV_3452_sample_reviewed,USV_2/usv_lmt_035/2024-10-05_18-03-44_0004142.wav
USV_3452_sample_reviewed,USV_2/usv_lmt_035/2024-10-05_22-56-52_0004911.wav
USV_3452_sample_reviewed,USV_2/usv_lmt_035/2024-10-05_18-25-52_0004292.wav
USV_3452_sample_reviewed,USV_2/usv_lmt_035/2024-10-05_18-07-08_0004164.wav
USV_3452_sample_reviewed,USV_2/usv_lmt_035/2024-10-05_21-51-34_0004769.wav
USV_3452_sample_reviewed,USV_2/usv_lmt_035/2024-10-05_01-52-33_0002700.wav
USV_3452_sample_reviewed,USV_2/usv_lmt_035/2024-10-05_18-15-15_0004210.wav
USV_3452_sample_reviewed,USV_2/usv_lmt_035/2024-10-06_02-18-56_0005397.wav
USV_3452_sample_reviewed,USV_2/usv_lmt_035/2024-10-05_01-51-53_0002696.wav
USV_3452_sample_reviewed,USV_2/usv_lmt_035/2024-10-05_23-43-41_0005022.wav
USV_3452_sample_reviewed,USV_2/usv_lmt_035/2024-10-05_20-17-42_0004562.wav
USV_3452_sample_reviewed,USV_2/usv_lmt_035/2024-10-05_19-06-39_0004400.wav
USV_3452_sample_reviewed,USV_2/usv_lmt_035/2024-10-06_01-04-16_0005183.wav
USV_3452_sample_reviewed,USV_2/usv_lmt_035/2024-10-05_22-10-05_0004803.wav
USV_3452_sample_reviewed,USV_2/usv_lmt_035/2024-10-06_01-14-25_0005228.wav
USV_3452_sample_reviewed,USV_2/usv_lmt_035/2024-10-05_19-06-37_0004399.wav
USV_3452_sample_reviewed,USV_2/usv_lmt_035/2024-10-05_18-06-35_0004160.wav
USV_3452_sample_reviewed,USV_2/usv_lmt_035/2024-10-05_01-34-19_0002613.wav
USV_3452_sample_reviewed,USV_2/usv_lmt_035/2024-10-05_20-18-12_0004565.wav
USV_3452_sample_reviewed,USV_2/usv_lmt_035/2024-10-05_18-01-53_0004130.wav
USV_3452_sample_reviewed,USV_2/usv_lmt_035/2024-10-04_20-24-34_0001777.wav
USV_3452_sample_reviewed,USV_2/usv_lmt_035/2024-10-05_18-07-35_0004166.wav
USV_3452_sample_reviewed,USV_2/usv_lmt_035/2024-10-06_01-05-01_0005185.wav
USV_3452_sample_reviewed,USV_2/usv_lmt_035/2024-10-06_01-42-27_0005286.wav
USV_3452_sample_reviewed,USV_2/usv_lmt_035/2024-10-05_01-42-33_0002667.wav
USV_3452_sample_reviewed,USV_2/usv_lmt_035/2024-10-05_21-30-11_0004721.wav
USV_3452_sample_reviewed,USV_2/usv_lmt_035/2024-10-05_22-12-08_0004814.wav
USV_3452_sample_reviewed,USV_2/usv_lmt_035/2024-10-06_06-42-49_0005720.wav
USV_3452_sample_reviewed,USV_2/usv_lmt_035/2024-10-05_18-16-21_0004214.wav
USV_3452_sample_reviewed,USV_2/usv_lmt_035/2024-10-05_18-22-38_0004257.wav
USV_3452_sample_reviewed,USV_2/usv_lmt_035/2024-10-06_02-30-22_0005441.wav
USV_3452_sample_reviewed,USV_2/usv_lmt_035/2024-10-05_18-03-20_0004141.wav
USV_3452_sample_reviewed,USV_2/usv_lmt_035/2024-10-05_19-48-46_0004517.wav
USV_3452_sample_reviewed,USV_2/usv_lmt_035/2024-10-05_18-13-04_0004197.wav
USV_3452_sample_reviewed,USV_2/usv_lmt_035/2024-10-05_20-51-01_0004621.wav
USV_3452_sample_reviewed,USV_2/usv_lmt_035/2024-10-05_01-53-47_0002712.wav
USV_3452_sample_reviewed,USV_2/usv_lmt_035/2024-10-06_02-53-28_0005497.wav
USV_3452_sample_reviewed,USV_2/usv_lmt_035/2024-10-05_23-56-54_0005070.wav
USV_3452_sample_reviewed,USV_2/usv_lmt_035/2024-10-06_02-18-49_0005395.wav
USV_3452_sample_reviewed,USV_2/usv_lmt_035/2024-10-05_21-53-50_0004773.wav
USV_3452_sample_reviewed,USV_2/usv_lmt_035/2024-10-06_04-15-35_0005613.wav
USV_3452_sample_reviewed,USV_2/usv_lmt_035/2024-10-05_01-53-34_0002711.wav
USV_3452_sample_reviewed,USV_2/usv_lmt_035/2024-10-05_18-25-26_0004285.wav
USV_3452_sample_reviewed,USV_2/usv_lmt_035/2024-10-05_18-11-34_0004186.wav
USV_3452_sample_reviewed,USV_2/usv_lmt_035/2024-10-05_18-20-11_0004238.wav
USV_3452_sample_reviewed,USV_2/usv_lmt_035/2024-10-05_19-48-42_0004516.wav
USV_3452_sample_reviewed,USV_2/usv_lmt_035/2024-10-05_20-17-43_0004563.wav
USV_3452_sample_reviewed,USV_2/usv_lmt_035/2024-10-05_19-06-18_0004394.wav
USV_3452_sample_reviewed,USV_2/usv_lmt_035/2024-10-05_19-35-46_0004456.wav
USV_3452_sample_reviewed,USV_2/usv_lmt_035/2024-10-05_21-10-32_0004665.wav
USV_3452_sample_reviewed,USV_2/usv_lmt_035/2024-10-06_03-06-13_0005548.wav
USV_3452_sample_reviewed,USV_2/usv_lmt_035/2024-10-05_18-18-10_0004220.wav
USV_3452_sample_reviewed,USV_2/usv_lmt_035/2024-10-05_21-11-35_0004669.wav
USV_3452_sample_reviewed,USV_2/usv_lmt_035/2024-10-06_04-24-15_0005665.wav
USV_3452_sample_reviewed,USV_2/usv_lmt_035/2024-10-05_23-20-24_0004968.wav
USV_3452_sample_reviewed,USV_2/usv_lmt_035/2024-10-05_18-12-48_0004194.wav
USV_3452_sample_reviewed,USV_2/usv_lmt_035/2024-10-06_04-23-21_0005660.wav
USV_3452_sample_reviewed,USV_2/usv_lmt_035/2024-10-04_18-10-43_0001371.wav
USV_3452_sample_reviewed,USV_2/usv_lmt_035/2024-10-05_18-07-32_0004165.wav
USV_3452_sample_reviewed,USV_2/usv_lmt_035/2024-10-05_23-20-55_0004972.wav
USV_3452_sample_reviewed,USV_2/usv_lmt_035/2024-10-05_19-06-29_0004396.wav
USV_3452_sample_reviewed,USV_2/usv_lmt_035/2024-10-05_18-13-17_0004198.wav
USV_3452_sample_reviewed,USV_2/usv_lmt_035/2024-10-05_00-28-33_0002424.wav
USV_3452_sample_reviewed,USV_2/usv_lmt_035/2024-10-06_01-50-39_0005332.wav
USV_3452_sample_reviewed,USV_2/usv_lmt_035/2024-10-05_18-13-39_0004199.wav
USV_3452_sample_reviewed,USV_2/usv_lmt_035/2024-10-05_01-43-01_0002670.wav
USV_3452_sample_reviewed,USV_2/usv_lmt_035/2024-10-05_18-05-05_0004149.wav
USV_3452_sample_reviewed,USV_2/usv_lmt_035/2024-10-05_18-23-16_0004265.wav
USV_3452_sample_reviewed,USV_2/usv_lmt_035/2024-10-05_17-56-12_0004109.wav
USV_3452_sample_reviewed,USV_2/usv_lmt_035/2024-10-05_18-25-51_0004291.wav
USV_3452_sample_reviewed,USV_2/usv_lmt_035/2024-10-05_19-49-27_0004518.wav
USV_3452_sample_reviewed,USV_2/usv_lmt_035/2024-10-05_18-18-36_0004225.wav
USV_3452_sample_reviewed,USV_2/usv_lmt_035/2024-10-06_02-18-31_0005393.wav
USV_3452_sample_reviewed,USV_2/usv_lmt_035/2024-10-05_18-54-55_0004350.wav
USV_3452_sample_reviewed,USV_2/usv_lmt_035/2024-10-05_01-52-54_0002707.wav
USV_3452_sample_reviewed,USV_2/usv_lmt_035/2024-10-05_22-10-34_0004806.wav
USV_3452_sample_reviewed,USV_2/usv_lmt_035/2024-10-05_01-39-25_0002655.wav
USV_3452_sample_reviewed,USV_2/usv_lmt_035/2024-10-05_18-20-15_0004239.wav
USV_3452_sample_reviewed,USV_2/usv_lmt_035/2024-10-05_22-55-33_0004906.wav
USV_3452_sample_reviewed,USV_2/usv_lmt_035/2024-10-05_20-47-48_0004616.wav
USV_3452_sample_reviewed,USV_2/usv_lmt_035/2024-10-06_00-00-32_0005072.wav
USV_3452_sample_reviewed,USV_2/usv_lmt_035/2024-10-05_18-20-32_0004240.wav
USV_3452_sample_reviewed,USV_2/usv_lmt_035/2024-10-05_19-34-42_0004453.wav
USV_3452_sample_reviewed,USV_2/usv_lmt_035/2024-10-05_20-18-21_0004567.wav
USV_3452_sample_reviewed,USV_2/usv_lmt_035/2024-10-05_21-30-07_0004720.wav
USV_3452_sample_reviewed,USV_2/usv_lmt_035/2024-10-05_18-14-33_0004204.wav
USV_3452_sample_reviewed,USV_2/usv_lmt_035/2024-10-06_06-45-35_0005725.wav
USV_3452_sample_reviewed,USV_2/usv_lmt_035/2024-10-05_17-56-48_0004115.wav
USV_3452_sample_reviewed,USV_2/usv_lmt_035/2024-10-04_21-44-58_0001955.wav
USV_3452_sample_reviewed,USV_2/usv_lmt_035/2024-10-05_18-01-02_0004128.wav
USV_3452_sample_reviewed,USV_2/usv_lmt_035/2024-10-06_02-53-24_0005495.wav
USV_3452_sample_reviewed,USV_2/usv_lmt_035/2024-10-05_18-19-51_0004236.wav
USV_3452_sample_reviewed,USV_2/usv_lmt_035/2024-10-06_00-30-38_0005116.wav
USV_3452_sample_reviewed,USV_2/usv_lmt_035/2024-10-05_18-21-29_0004247.wav
USV_3452_sample_reviewed,USV_2/usv_lmt_035/2024-10-06_04-13-38_0005610.wav
USV_3452_sample_reviewed,USV_2/usv_lmt_035/2024-10-06_02-53-49_0005499.wav
USV_3452_sample_reviewed,USV_2/usv_lmt_035/2024-10-06_01-03-06_0005180.wav
USV_3452_sample_reviewed,USV_2/usv_lmt_035/2024-10-05_20-47-44_0004615.wav
USV_3452_sample_reviewed,USV_2/usv_lmt_035/2024-10-05_18-07-46_0004171.wav
USV_3452_sample_reviewed,USV_2/usv_lmt_035/2024-10-05_01-52-48_0002706.wav
USV_3452_sample_reviewed,USV_2/usv_lmt_035/2024-10-05_18-54-10_0004348.wav
USV_3452_sample_reviewed,USV_2/usv_lmt_035/2024-10-05_23-20-50_0004970.wav
USV_3452_sample_reviewed,USV_2/usv_lmt_035/2024-10-04_21-15-33_0001883.wav
USV_3452_sample_reviewed,USV_2/usv_lmt_035/2024-10-06_02-19-05_0005398.wav
USV_3452_sample_reviewed,USV_2/usv_lmt_035/2024-10-05_18-00-58_0004127.wav
USV_3452_sample_reviewed,USV_2/usv_lmt_035/2024-10-05_18-12-28_0004192.wav
USV_3452_sample_reviewed,USV_2/usv_lmt_035/2024-10-06_00-33-37_0005122.wav
USV_3452_sample_reviewed,USV_2/usv_lmt_035/2024-10-05_19-35-48_0004457.wav
USV_3452_sample_reviewed,USV_2/usv_lmt_035/2024-10-05_18-17-45_0004218.wav
USV_3452_sample_reviewed,USV_2/usv_lmt_035/2024-10-05_23-19-43_0004964.wav
USV_3452_sample_reviewed,USV_2/usv_lmt_035/2024-10-05_21-10-03_0004664.wav
USV_3452_sample_reviewed,USV_2/usv_lmt_035/2024-10-05_18-19-42_0004235.wav
USV_3452_sample_reviewed,USV_2/usv_lmt_035/2024-10-05_18-04-50_0004146.wav
USV_3452_sample_reviewed,USV_2/usv_lmt_035/2024-10-06_04-27-19_0005667.wav
USV_3452_sample_reviewed,USV_2/usv_lmt_035/2024-10-05_19-34-06_0004451.wav
USV_3452_sample_reviewed,USV_2/usv_lmt_035/2024-10-05_18-25-30_0004287.wav
USV_3452_sample_reviewed,USV_2/usv_lmt_035/2024-10-05_21-11-23_0004667.wav
USV_3452_sample_reviewed,USV_2/usv_lmt_035/2024-10-05_17-55-56_0004108.wav
USV_3452_sample_reviewed,USV_2/usv_lmt_035/2024-10-06_01-51-27_0005338.wav
USV_3452_sample_reviewed,USV_2/usv_lmt_035/2024-10-06_02-29-10_0005436.wav
USV_3452_sample_reviewed,USV_2/usv_lmt_035/2024-10-04_17-56-16_0001294.wav
USV_3452_sample_reviewed,USV_2/usv_lmt_035/2024-10-05_18-12-33_0004193.wav
USV_3452_sample_reviewed,USV_2/usv_lmt_035/2024-10-06_00-31-45_0005119.wav
USV_3452_sample_reviewed,USV_2/usv_lmt_035/2024-10-05_19-35-25_0004455.wav
USV_3452_sample_reviewed,USV_2/usv_lmt_035/2024-10-06_02-54-04_0005502.wav
USV_3452_sample_reviewed,USV_2/usv_lmt_035/2024-10-05_19-35-51_0004458.wav
USV_3452_sample_reviewed,USV_2/usv_lmt_035/2024-10-05_18-11-40_0004188.wav
USV_3452_sample_reviewed,USV_2/usv_lmt_035/2024-10-05_18-00-01_0004123.wav
USV_3452_sample_reviewed,USV_2/usv_lmt_035/2024-10-05_18-19-30_0004233.wav
USV_3452_sample_reviewed,USV_2/usv_lmt_035/2024-10-05_18-18-33_0004224.wav
USV_3452_sample_reviewed,USV_2/usv_lmt_035/2024-10-05_17-57-51_0004119.wav
USV_3452_sample_reviewed,USV_2/usv_lmt_035/2024-10-05_19-34-33_0004452.wav
USV_3452_sample_reviewed,USV_2/usv_lmt_035/2024-10-05_23-44-31_0005027.wav
USV_3452_sample_reviewed,USV_2/usv_lmt_035/2024-10-05_01-17-11_0002557.wav
USV_3452_sample_reviewed,USV_2/usv_lmt_035/2024-10-05_18-21-55_0004250.wav
USV_3452_sample_reviewed,USV_2/usv_lmt_035/2024-10-04_17-38-38_0001215.wav
USV_3452_sample_reviewed,USV_2/usv_lmt_035/2024-10-05_18-16-27_0004215.wav
USV_3452_sample_reviewed,USV_2/usv_lmt_035/2024-10-05_23-20-52_0004971.wav
USV_3452_sample_reviewed,USV_2/usv_lmt_035/2024-10-05_20-50-47_0004618.wav
USV_3452_sample_reviewed,USV_2/usv_lmt_035/2024-10-06_01-42-01_0005285.wav
USV_3452_sample_reviewed,USV_2/usv_lmt_035/2024-10-05_18-06-55_0004162.wav
USV_3452_sample_reviewed,USV_2/usv_lmt_035/2024-10-05_18-06-59_0004163.wav
USV_3452_sample_reviewed,USV_2/usv_lmt_035/2024-10-05_18-54-05_0004347.wav
USV_3452_sample_reviewed,USV_2/usv_lmt_035/2024-10-05_18-19-56_0004237.wav
USV_3452_sample_reviewed,USV_2/usv_lmt_035/2024-10-06_02-53-35_0005498.wav
USV_3452_sample_reviewed,USV_2/usv_lmt_035/2024-10-05_21-30-27_0004723.wav
USV_3452_sample_reviewed,USV_2/usv_lmt_035/2024-10-06_01-41-55_0005284.wav
USV_3452_sample_reviewed,USV_2/usv_lmt_035/2024-10-05_18-18-22_0004222.wav
USV_3452_sample_reviewed,USV_2/usv_lmt_035/2024-10-05_22-12-23_0004815.wav
USV_3452_sample_reviewed,USV_2/usv_lmt_035/2024-10-05_20-50-56_0004620.wav
USV_3452_sample_reviewed,USV_2/usv_lmt_035/2024-10-05_22-10-17_0004804.wav
USV_3452_sample_reviewed,USV_2/usv_lmt_035/2024-10-05_18-05-02_0004148.wav
USV_3452_sample_reviewed,USV_2/usv_lmt_035/2024-10-05_18-07-39_0004167.wav
USV_3452_sample_reviewed,USV_2/usv_lmt_035/2024-10-05_18-11-58_0004189.wav
USV_3452_sample_reviewed,USV_2/usv_lmt_035/2024-10-05_18-05-23_0004151.wav
USV_3452_sample_reviewed,USV_2/usv_lmt_035/2024-10-05_18-16-34_0004217.wav
USV_3452_sample_reviewed,USV_2/usv_lmt_035/2024-10-05_21-11-47_0004671.wav
USV_3452_sample_reviewed,USV_2/usv_lmt_035/2024-10-05_21-30-03_0004719.wav
USV_3452_sample_reviewed,USV_2/usv_lmt_035/2024-10-05_21-11-26_0004668.wav
USV_3452_sample_reviewed,USV_2/usv_lmt_035/2024-10-05_18-12-12_0004190.wav
USV_3452_sample_reviewed,USV_2/usv_lmt_035/2024-10-05_18-14-28_0004202.wav
USV_3452_sample_reviewed,USV_2/usv_lmt_035/2024-10-06_00-01-52_0005074.wav
USV_3452_sample_reviewed,USV_2/usv_lmt_035/2024-10-06_01-03-05_0005179.wav
USV_3452_sample_reviewed,USV_2/usv_lmt_035/2024-10-04_23-42-11_0002312.wav
USV_3452_sample_reviewed,USV_2/usv_lmt_035/2024-10-06_03-06-40_0005551.wav
USV_3452_sample_reviewed,USV_2/usv_lmt_035/2024-10-05_18-19-39_0004234.wav
USV_3452_sample_reviewed,USV_2/usv_lmt_035/2024-10-05_18-06-04_0004157.wav
USV_3452_sample_reviewed,USV_2/usv_lmt_035/2024-10-06_04-13-40_0005611.wav
USV_3452_sample_reviewed,USV_2/usv_lmt_035/2024-10-06_01-14-55_0005230.wav
USV_3452_sample_reviewed,USV_2/usv_lmt_035/2024-10-05_18-05-44_0004155.wav
USV_3452_sample_reviewed,USV_2/usv_lmt_035/2024-10-06_00-31-12_0005118.wav
USV_3452_sample_reviewed,USV_2/usv_lmt_035/2024-10-05_19-48-07_0004514.wav
USV_3452_sample_reviewed,USV_2/usv_lmt_035/2024-10-05_19-46-55_0004512.wav
USV_3452_sample_reviewed,USV_2/usv_lmt_035/2024-10-04_17-34-08_0001187.wav
USV_3452_sample_reviewed,USV_2/usv_lmt_035/2024-10-05_22-10-53_0004808.wav
USV_3452_sample_reviewed,USV_2/usv_lmt_035/2024-10-05_22-56-07_0004907.wav
USV_3452_sample_reviewed,USV_2/usv_lmt_035/2024-10-05_19-06-41_0004401.wav
USV_3452_sample_reviewed,USV_2/usv_lmt_035/2024-10-05_18-11-28_0004185.wav
USV_3452_sample_reviewed,USV_2/usv_lmt_035/2024-10-04_17-37-40_0001208.wav
USV_3452_sample_reviewed,USV_2/usv_lmt_035/2024-10-05_20-50-53_0004619.wav
USV_3452_sample_reviewed,USV_2/usv_lmt_035/2024-10-05_19-06-48_0004403.wav
USV_3452_sample_reviewed,USV_2/usv_lmt_035/2024-10-05_18-14-01_0004201.wav
USV_3452_sample_reviewed,USV_2/usv_lmt_035/2024-10-05_01-52-00_0002697.wav
USV_3452_sample_reviewed,USV_2/usv_lmt_035/2024-10-06_06-45-43_0005726.wav
USV_3452_sample_reviewed,USV_2/usv_lmt_035/2024-10-05_18-33-30_0004310.wav
USV_3452_sample_reviewed,USV_2/usv_lmt_035/2024-10-06_00-34-32_0005124.wav
USV_3452_sample_reviewed,USV_2/usv_lmt_035/2024-10-05_18-06-26_0004158.wav
USV_3452_sample_reviewed,USV_2/usv_lmt_035/2024-10-05_18-54-03_0004346.wav
USV_3452_sample_reviewed,USV_2/usv_lmt_035/2024-10-05_22-11-00_0004809.wav
USV_3452_sample_reviewed,USV_2/usv_lmt_035/2024-10-05_01-53-55_0002714.wav
USV_3452_sample_reviewed,USV_2/usv_lmt_035/2024-10-05_22-10-39_0004807.wav
USV_3452_sample_reviewed,USV_2/usv_lmt_035/2024-10-04_17-58-20_0001297.wav
USV_3452_sample_reviewed,USV_2/usv_lmt_035/2024-10-05_21-53-33_0004772.wav
USV_3452_sample_reviewed,USV_2/usv_lmt_035/2024-10-04_17-48-12_0001243.wav
USV_3452_sample_reviewed,USV_2/usv_lmt_035/2024-10-05_18-25-36_0004288.wav
USV_3452_sample_reviewed,USV_2/usv_lmt_035/2024-10-04_19-29-58_0001644.wav
USV_3452_sample_reviewed,USV_2/usv_lmt_035/2024-10-05_18-00-05_0004125.wav
USV_3452_sample_reviewed,USV_2/usv_lmt_035/2024-10-05_22-10-01_0004802.wav
USV_3452_sample_reviewed,USV_2/usv_lmt_035/2024-10-06_00-33-47_0005123.wav
USV_3452_sample_reviewed,USV_2/usv_lmt_035/2024-10-05_22-40-06_0004856.wav
USV_3452_sample_reviewed,USV_2/usv_lmt_035/2024-10-05_22-40-24_0004858.wav
USV_3452_sample_reviewed,USV_2/usv_lmt_035/2024-10-05_18-02-09_0004134.wav
USV_3452_sample_reviewed,USV_2/usv_lmt_035/2024-10-05_22-10-18_0004805.wav
USV_3452_sample_reviewed,USV_2/usv_lmt_035/2024-10-06_02-53-57_0005500.wav
USV_3452_sample_reviewed,USV_2/usv_lmt_035/2024-10-05_20-51-07_0004623.wav
USV_3452_sample_reviewed,USV_2/usv_lmt_035/2024-10-06_01-03-51_0005181.wav
USV_3452_sample_reviewed,USV_2/usv_lmt_035/2024-10-05_18-22-25_0004255.wav
USV_3452_sample_reviewed,USV_2/usv_lmt_035/2024-10-06_02-29-34_0005438.wav
USV_3452_sample_reviewed,USV_2/usv_lmt_035/2024-10-05_22-43-12_0004860.wav
USV_3452_sample_reviewed,USV_2/usv_lmt_035/2024-10-05_01-50-47_0002688.wav
USV_3452_sample_reviewed,USV_2/usv_lmt_035/2024-10-05_01-50-35_0002687.wav
USV_3452_sample_reviewed,USV_2/usv_lmt_035/2024-10-06_01-43-14_0005290.wav
USV_3452_sample_reviewed,USV_2/usv_lmt_035/2024-10-05_20-51-04_0004622.wav
USV_3452_sample_reviewed,USV_2/usv_lmt_035/2024-10-06_01-50-43_0005334.wav
USV_3452_sample_reviewed,USV_2/usv_lmt_035/2024-10-05_18-23-25_0004268.wav
USV_3452_sample_reviewed,USV_2/usv_lmt_035/2024-10-06_02-30-07_0005440.wav
USV_3452_sample_reviewed,USV_2/usv_lmt_035/2024-10-05_17-56-41_0004112.wav
USV_3452_sample_reviewed,USV_2/usv_lmt_035/2024-10-05_21-11-00_0004666.wav
USV_3452_sample_reviewed,USV_2/usv_lmt_035/2024-10-05_18-00-03_0004124.wav
USV_3452_sample_reviewed,USV_2/usv_lmt_035/2024-10-06_03-06-36_0005550.wav
USV_3452_sample_reviewed,USV_2/usv_lmt_035/2024-10-05_22-55-32_0004905.wav
USV_3452_sample_reviewed,USV_2/usv_lmt_035/2024-10-05_01-53-05_0002709.wav
USV_3452_sample_reviewed,USV_2/usv_lmt_035/2024-10-05_17-58-29_0004121.wav
USV_3452_sample_reviewed,USV_2/usv_lmt_035/2024-10-05_18-53-58_0004345.wav
USV_3452_sample_reviewed,USV_2/usv_lmt_035/2024-10-05_01-54-05_0002715.wav
USV_3452_sample_reviewed,USV_2/usv_lmt_035/2024-10-06_03-06-16_0005549.wav
USV_3452_sample_reviewed,USV_2/usv_lmt_035/2024-10-05_23-20-04_0004966.wav
USV_3452_sample_reviewed,USV_2/usv_lmt_035/2024-10-05_18-12-56_0004195.wav
USV_3452_sample_reviewed,USV_2/usv_lmt_035/2024-10-05_18-05-13_0004150.wav
USV_3452_sample_reviewed,USV_2/usv_lmt_035/2024-10-05_23-43-44_0005023.wav
USV_3452_sample_reviewed,USV_2/usv_lmt_035/2024-10-06_01-50-42_0005333.wav
USV_3452_sample_reviewed,USV_2/usv_lmt_035/2024-10-05_01-46-30_0002679.wav
USV_3452_sample_reviewed,USV_2/usv_lmt_035/2024-10-05_17-56-18_0004110.wav
USV_3452_sample_reviewed,USV_2/usv_lmt_035/2024-10-05_18-16-29_0004216.wav
USV_3452_sample_reviewed,USV_2/usv_lmt_035/2024-10-05_18-02-03_0004132.wav
USV_3452_sample_reviewed,USV_2/usv_lmt_035/2024-10-06_06-45-34_0005724.wav
USV_3452_sample_reviewed,USV_2/usv_lmt_035/2024-10-05_23-45-13_0005028.wav
USV_3452_sample_reviewed,USV_2/usv_lmt_035/2024-10-06_01-14-26_0005229.wav
USV_3452_sample_reviewed,USV_2/usv_lmt_035/2024-10-06_01-14-14_0005226.wav
USV_3452_sample_reviewed,USV_2/usv_lmt_035/2024-10-04_18-10-38_0001370.wav
USV_3452_sample_reviewed,USV_2/usv_lmt_035/2024-10-05_00-50-11_0002471.wav
USV_3452_sample_reviewed,USV_2/usv_lmt_035/2024-10-05_18-07-51_0004173.wav
USV_3452_sample_reviewed,USV_2/usv_lmt_035/2024-10-06_00-01-46_0005073.wav
USV_3452_sample_reviewed,USV_2/usv_lmt_035/2024-10-04_22-07-07_0002024.wav
USV_3452_sample_reviewed,USV_2/usv_lmt_035/2024-10-05_20-16-01_0004561.wav
USV_3452_sample_reviewed,USV_2/usv_lmt_035/2024-10-05_18-07-40_0004168.wav
USV_3452_sample_reviewed,USV_2/usv_lmt_035/2024-10-05_18-22-52_0004260.wav
USV_3452_sample_reviewed,USV_2/usv_lmt_035/2024-10-05_18-23-05_0004262.wav
USV_3452_sample_reviewed,USV_2/usv_lmt_035/2024-10-05_18-15-52_0004211.wav
USV_3452_sample_reviewed,USV_2/usv_lmt_035/2024-10-05_18-14-42_0004206.wav
USV_3452_sample_reviewed,USV_2/usv_lmt_035/2024-10-05_18-53-42_0004343.wav
USV_3452_sample_reviewed,USV_2/usv_lmt_035/2024-10-05_21-11-43_0004670.wav
USV_3452_sample_reviewed,USV_2/usv_lmt_035/2024-10-05_19-56-16_0004519.wav
USV_3452_sample_reviewed,USV_2/usv_lmt_035/2024-10-06_04-13-37_0005609.wav
USV_3452_sample_reviewed,USV_2/usv_lmt_035/2024-10-04_19-56-36_0001727.wav
USV_3452_sample_reviewed,USV_2/usv_lmt_035/2024-10-05_23-20-58_0004973.wav
USV_3452_sample_reviewed,USV_2/usv_lmt_035/2024-10-06_06-44-28_0005723.wav
USV_3452_sample_reviewed,USV_2/usv_lmt_035/2024-10-05_21-51-42_0004770.wav
USV_3452_sample_reviewed,USV_2/usv_lmt_035/2024-10-05_21-44-48_0004767.wav
USV_3452_sample_reviewed,USV_2/usv_lmt_035/2024-10-05_19-06-35_0004398.wav
USV_3452_sample_reviewed,USV_2/usv_lmt_035/2024-10-06_06-45-48_0005727.wav
USV_3452_sample_reviewed,USV_2/usv_lmt_035/2024-10-04_18-00-34_0001317.wav
USV_3452_sample_reviewed,USV_2/usv_lmt_035/2024-10-05_18-53-54_0004344.wav
USV_3452_sample_reviewed,USV_2/usv_lmt_035/2024-10-05_20-15-39_0004560.wav
USV_3452_sample_reviewed,USV_2/usv_lmt_035/2024-10-05_18-00-54_0004126.wav
USV_3452_sample_reviewed,USV_2/usv_lmt_035/2024-10-05_18-12-58_0004196.wav
USV_3452_sample_reviewed,USV_2/usv_lmt_035/2024-10-06_02-18-53_0005396.wav
USV_3452_sample_reviewed,USV_2/usv_lmt_035/2024-10-05_17-58-07_0004120.wav
USV_3452_sample_reviewed,USV_2/usv_lmt_035/2024-10-06_04-13-21_0005608.wav
USV_3452_sample_reviewed,USV_2/usv_lmt_035/2024-10-05_18-25-15_0004284.wav
USV_3452_sample_reviewed,USV_2/usv_lmt_035/2024-10-05_01-53-49_0002713.wav
USV_3452_sample_reviewed,USV_2/usv_lmt_035/2024-10-04_18-03-43_0001338.wav
USV_3452_sample_reviewed,USV_2/usv_lmt_035/2024-10-05_19-35-01_0004454.wav
USV_3452_sample_reviewed,USV_2/usv_lmt_035/2024-10-04_22-42-49_0002109.wav
USV_3452_sample_reviewed,USV_2/usv_lmt_035/2024-10-05_18-14-59_0004208.wav
USV_3452_sample_reviewed,USV_2/usv_lmt_035/2024-10-06_00-33-29_0005120.wav
USV_3452_sample_reviewed,USV_2/usv_lmt_035/2024-10-05_20-17-58_0004564.wav
USV_3452_sample_reviewed,USV_2/usv_lmt_035/2024-10-06_06-43-49_0005722.wav
USV_3452_sample_reviewed,USV_2/usv_lmt_035/2024-10-05_22-11-38_0004812.wav
USV_3452_sample_reviewed,USV_2/usv_lmt_035/2024-10-05_22-11-52_0004813.wav
USV_3452_sample_reviewed,USV_2/usv_lmt_035/2024-10-06_06-43-46_0005721.wav
USV_3452_sample_reviewed,USV_2/usv_lmt_035/2024-10-05_18-25-28_0004286.wav
USV_3452_sample_reviewed,USV_2/usv_lmt_035/2024-10-05_19-56-56_0004520.wav
USV_3452_sample_reviewed,USV_2/usv_lmt_035/2024-10-05_18-07-49_0004172.wav
USV_3452_sample_reviewed,USV_2/usv_lmt_035/2024-10-05_23-43-47_0005024.wav
USV_3452_sample_reviewed,USV_2/usv_lmt_035/2024-10-06_02-30-25_0005442.wav
USV_3452_sample_reviewed,USV_2/usv_lmt_035/2024-10-05_17-56-38_0004111.wav
USV_3452_sample_reviewed,USV_2/usv_lmt_035/2024-10-05_19-06-50_0004404.wav
USV_3452_sample_reviewed,USV_2/usv_lmt_035/2024-10-05_18-14-30_0004203.wav
USV_3452_sample_reviewed,USV_2/usv_lmt_035/2024-10-05_23-43-54_0005025.wav
USV_3452_sample_reviewed,USV_4/usv_lmt_035/2024-10-04_09-53-58_0000038.wav
USV_3452_sample_reviewed,USV_4/usv_lmt_035/2024-10-06_01-02-52_0005176.wav
USV_3452_sample_reviewed,USV_4/usv_lmt_035/2024-10-04_09-56-34_0000061.wav
USV_3452_sample_reviewed,USV_4/usv_lmt_035/2024-10-06_02-53-06_0005489.wav
USV_3452_sample_reviewed,USV_4/usv_lmt_035/2024-10-04_09-59-43_0000090.wav
USV_3452_sample_reviewed,USV_4/usv_lmt_035/2024-10-04_09-51-36_0000021.wav
USV_3452_sample_reviewed,USV_4/usv_lmt_035/2024-10-04_09-56-55_0000066.wav
USV_3452_sample_reviewed,USV_4/usv_lmt_035/2024-10-04_09-57-07_0000069.wav
USV_3452_sample_reviewed,USV_4/usv_lmt_035/2024-10-04_09-57-52_0000078.wav
USV_3452_sample_reviewed,USV_4/usv_lmt_035/2024-10-04_09-51-27_0000019.wav
USV_3452_sample_reviewed,USV_4/usv_lmt_035/2024-10-04_10-07-23_0000132.wav
USV_3452_sample_reviewed,USV_4/usv_lmt_035/2024-10-06_01-49-58_0005326.wav
USV_3452_sample_reviewed,USV_4/usv_lmt_035/2024-10-04_09-56-31_0000060.wav
USV_3452_sample_reviewed,USV_4/usv_lmt_035/2024-10-04_09-55-54_0000052.wav
USV_3452_sample_reviewed,USV_4/usv_lmt_035/2024-10-04_09-49-58_0000002.wav
USV_3452_sample_reviewed,USV_4/usv_lmt_035/2024-10-04_09-50-07_0000004.wav
USV_3452_sample_reviewed,USV_4/usv_lmt_035/2024-10-05_03-02-05_0002848.wav
USV_3452_sample_reviewed,USV_4/usv_lmt_035/2024-10-06_01-13-16_0005219.wav
USV_3452_sample_reviewed,USV_4/usv_lmt_035/2024-10-05_03-17-03_0002891.wav
USV_3452_sample_reviewed,USV_4/usv_lmt_035/2024-10-05_02-42-27_0002825.wav
USV_3452_sample_reviewed,USV_4/usv_lmt_035/2024-10-06_01-02-44_0005175.wav
USV_3452_sample_reviewed,USV_4/usv_lmt_035/2024-10-04_10-03-19_0000115.wav
USV_3452_sample_reviewed,USV_4/usv_lmt_035/2024-10-04_09-52-55_0000025.wav
USV_3452_sample_reviewed,USV_4/usv_lmt_035/2024-10-04_09-56-21_0000057.wav
USV_3452_sample_reviewed,USV_4/usv_lmt_035/2024-10-04_09-57-45_0000075.wav
USV_3452_sample_reviewed,USV_4/usv_lmt_035/2024-10-04_09-59-44_0000091.wav
USV_3452_sample_reviewed,USV_4/usv_lmt_035/2024-10-06_04-22-37_0005655.wav
USV_3452_sample_reviewed,USV_4/usv_lmt_035/2024-10-04_10-07-41_0000137.wav
USV_3452_sample_reviewed,USV_4/usv_lmt_035/2024-10-04_09-53-56_0000037.wav
USV_3452_sample_reviewed,USV_4/usv_lmt_035/2024-10-04_09-56-18_0000056.wav
USV_3452_sample_reviewed,USV_4/usv_lmt_035/2024-10-04_10-01-24_0000105.wav
USV_3452_sample_reviewed,USV_4/usv_lmt_035/2024-10-06_06-41-17_0005717.wav
USV_3452_sample_reviewed,USV_4/usv_lmt_035/2024-10-04_09-49-53_0000001.wav
USV_3452_sample_reviewed,USV_4/usv_lmt_035/2024-10-04_09-59-34_0000089.wav
USV_3452_sample_reviewed,USV_4/usv_lmt_035/2024-10-06_01-13-47_0005221.wav
USV_3452_sample_reviewed,USV_4/usv_lmt_035/2024-10-04_10-07-25_0000133.wav
USV_3452_sample_reviewed,USV_4/usv_lmt_035/2024-10-06_02-53-12_0005492.wav
USV_3452_sample_reviewed,USV_4/usv_lmt_035/2024-10-04_09-56-02_0000053.wav
USV_3452_sample_reviewed,USV_4/usv_lmt_035/2024-10-04_09-58-01_0000080.wav
USV_3452_sample_reviewed,USV_4/usv_lmt_035/2024-10-04_09-59-15_0000087.wav
USV_3452_sample_reviewed,USV_4/usv_lmt_035/2024-10-06_01-13-11_0005218.wav
USV_3452_sample_reviewed,USV_4/usv_lmt_035/2024-10-06_01-37-38_0005276.wav
USV_3452_sample_reviewed,USV_4/usv_lmt_035/2024-10-04_09-53-32_0000033.wav
USV_3452_sample_reviewed,USV_4/usv_lmt_035/2024-10-06_03-02-58_0005544.wav
USV_3452_sample_reviewed,USV_4/usv_lmt_035/2024-10-04_10-04-33_0000119.wav
USV_3452_sample_reviewed,USV_4/usv_lmt_035/2024-10-06_02-18-02_0005388.wav
USV_3452_sample_reviewed,USV_4/usv_lmt_035/2024-10-04_11-46-16_0000527.wav
USV_3452_sample_reviewed,USV_4/usv_lmt_035/2024-10-04_10-03-40_0000116.wav
USV_3452_sample_reviewed,USV_4/usv_lmt_035/2024-10-04_09-51-21_0000017.wav
USV_3452_sample_reviewed,USV_4/usv_lmt_035/2024-10-04_09-53-15_0000030.wav
USV_3452_sample_reviewed,USV_4/usv_lmt_035/2024-10-04_10-04-37_0000120.wav
USV_3452_sample_reviewed,USV_4/usv_lmt_035/2024-10-06_01-37-49_0005278.wav
USV_3452_sample_reviewed,USV_4/usv_lmt_035/2024-10-04_09-53-13_0000029.wav
USV_3452_sample_reviewed,USV_4/usv_lmt_035/2024-10-06_02-17-53_0005385.wav
USV_3452_sample_reviewed,USV_4/usv_lmt_035/2024-10-04_09-54-13_0000039.wav
USV_3452_sample_reviewed,USV_4/usv_lmt_035/2024-10-04_10-00-18_0000095.wav
USV_3452_sample_reviewed,USV_4/usv_lmt_035/2024-10-06_02-28-13_0005428.wav
USV_3452_sample_reviewed,USV_4/usv_lmt_035/2024-10-06_03-00-47_0005543.wav
USV_3452_sample_reviewed,USV_4/usv_lmt_035/2024-10-06_02-28-18_0005430.wav
USV_3452_sample_reviewed,USV_4/usv_lmt_035/2024-10-04_09-51-23_0000018.wav
USV_3452_sample_reviewed,USV_4/usv_lmt_035/2024-10-04_10-05-12_0000123.wav
USV_3452_sample_reviewed,USV_4/usv_lmt_035/2024-10-04_09-50-12_0000005.wav
USV_3452_sample_reviewed,USV_4/usv_lmt_035/2024-10-06_03-00-30_0005542.wav
USV_3452_sample_reviewed,USV_4/usv_lmt_035/2024-10-04_11-52-52_0000572.wav
USV_3452_sample_reviewed,USV_4/usv_lmt_035/2024-10-04_10-06-00_0000127.wav
USV_3452_sample_reviewed,USV_4/usv_lmt_035/2024-10-04_10-01-20_0000104.wav
USV_3452_sample_reviewed,USV_4/usv_lmt_035/2024-10-04_10-01-47_0000107.wav
USV_3452_sample_reviewed,USV_4/usv_lmt_035/2024-10-04_09-57-49_0000077.wav
USV_3452_sample_reviewed,USV_4/usv_lmt_035/2024-10-04_10-06-30_0000129.wav
USV_3452_sample_reviewed,USV_4/usv_lmt_035/2024-10-04_10-04-39_0000121.wav
USV_3452_sample_reviewed,USV_4/usv_lmt_035/2024-10-04_09-50-39_0000010.wav
USV_3452_sample_reviewed,USV_4/usv_lmt_035/2024-10-04_09-50-28_0000009.wav
USV_3452_sample_reviewed,USV_4/usv_lmt_035/2024-10-06_01-13-17_0005220.wav
USV_3452_sample_reviewed,USV_4/usv_lmt_035/2024-10-06_01-49-59_0005327.wav
USV_3452_sample_reviewed,USV_4/usv_lmt_035/2024-10-04_09-54-50_0000042.wav
USV_3452_sample_reviewed,USV_4/usv_lmt_035/2024-10-04_09-59-08_0000085.wav
USV_3452_sample_reviewed,USV_4/usv_lmt_035/2024-10-04_09-56-26_0000059.wav
USV_3452_sample_reviewed,USV_4/usv_lmt_035/2024-10-06_01-37-34_0005275.wav
USV_3452_sample_reviewed,USV_4/usv_lmt_035/2024-10-04_10-06-10_0000128.wav
USV_3452_sample_reviewed,USV_4/usv_lmt_035/2024-10-04_10-03-55_0000117.wav
USV_3452_sample_reviewed,USV_4/usv_lmt_035/2024-10-04_10-07-29_0000134.wav
USV_3452_sample_reviewed,USV_4/usv_lmt_035/2024-10-04_10-02-38_0000111.wav
USV_3452_sample_reviewed,USV_4/usv_lmt_035/2024-10-04_09-55-11_0000045.wav
USV_3452_sample_reviewed,USV_4/usv_lmt_035/2024-10-06_02-18-07_0005389.wav
USV_3452_sample_reviewed,USV_4/usv_lmt_035/2024-10-04_09-50-26_0000008.wav
USV_3452_sample_reviewed,USV_4/usv_lmt_035/2024-10-04_10-08-22_0000141.wav
USV_3452_sample_reviewed,USV_4/usv_lmt_035/2024-10-04_09-56-41_0000063.wav
USV_3452_sample_reviewed,USV_4/usv_lmt_035/2024-10-06_04-12-49_0005604.wav
USV_3452_sample_reviewed,USV_4/usv_lmt_035/2024-10-04_09-53-36_0000034.wav
USV_3452_sample_reviewed,USV_4/usv_lmt_035/2024-10-04_09-51-11_0000015.wav
USV_3452_sample_reviewed,USV_4/usv_lmt_035/2024-10-06_06-36-53_0005715.wav
USV_3452_sample_reviewed,USV_4/usv_lmt_035/2024-10-06_02-17-54_0005386.wav
USV_3452_sample_reviewed,USV_4/usv_lmt_035/2024-10-04_10-07-48_0000138.wav
USV_3452_sample_reviewed,USV_4/usv_lmt_035/2024-10-04_09-50-01_0000003.wav
USV_3452_sample_reviewed,USV_4/usv_lmt_035/2024-10-06_03-00-27_0005541.wav
USV_3452_sample_reviewed,USV_4/usv_lmt_035/2024-10-06_04-22-15_0005653.wav
USV_3452_sample_reviewed,USV_4/usv_lmt_035/2024-10-04_10-00-21_0000096.wav
USV_3452_sample_reviewed,USV_4/usv_lmt_035/2024-10-06_01-50-05_0005328.wav
USV_3452_sample_reviewed,USV_4/usv_lmt_035/2024-10-06_04-22-47_0005657.wav
USV_3452_sample_reviewed,USV_4/usv_lmt_035/2024-10-05_03-11-42_0002882.wav
USV_3452_sample_reviewed,USV_4/usv_lmt_035/2024-10-04_09-55-22_0000048.wav
USV_3452_sample_reviewed,USV_4/usv_lmt_035/2024-10-04_09-50-46_0000011.wav
USV_3452_sample_reviewed,USV_4/usv_lmt_035/2024-10-06_03-00-24_0005540.wav
USV_3452_sample_reviewed,USV_4/usv_lmt_035/2024-10-04_10-01-57_0000109.wav
USV_3452_sample_reviewed,USV_4/usv_lmt_035/2024-10-04_09-59-32_0000088.wav
USV_3452_sample_reviewed,USV_4/usv_lmt_035/2024-10-04_09-58-46_0000083.wav
USV_3452_sample_reviewed,USV_4/usv_lmt_035/2024-10-04_09-58-26_0000081.wav
USV_3452_sample_reviewed,USV_4/usv_lmt_035/2024-10-04_09-57-12_0000070.wav
USV_3452_sample_reviewed,USV_4/usv_lmt_035/2024-10-04_09-51-28_0000020.wav
USV_3452_sample_reviewed,USV_4/usv_lmt_035/2024-10-04_10-03-16_0000114.wav
USV_3452_sample_reviewed,USV_4/usv_lmt_035/2024-10-04_10-01-51_0000108.wav
USV_3452_sample_reviewed,USV_4/usv_lmt_035/2024-10-04_09-52-49_0000023.wav
USV_3452_sample_reviewed,USV_4/usv_lmt_035/2024-10-06_03-32-10_0005601.wav
USV_3452_sample_reviewed,USV_4/usv_lmt_035/2024-10-04_10-00-30_0000097.wav
USV_3452_sample_reviewed,USV_4/usv_lmt_035/2024-10-04_09-51-17_0000016.wav
USV_3452_sample_reviewed,USV_4/usv_lmt_035/2024-10-04_09-57-36_0000073.wav
USV_3452_sample_reviewed,USV_4/usv_lmt_035/2024-10-06_01-37-46_0005277.wav
USV_3452_sample_reviewed,USV_4/usv_lmt_035/2024-10-05_03-00-14_0002844.wav
USV_3452_sample_reviewed,USV_4/usv_lmt_035/2024-10-06_02-52-59_0005488.wav
USV_3452_sample_reviewed,USV_4/usv_lmt_035/2024-10-04_10-05-37_0000126.wav
USV_3452_sample_reviewed,USV_4/usv_lmt_035/2024-10-04_09-50-58_0000012.wav
USV_3452_sample_reviewed,USV_4/usv_lmt_035/2024-10-06_02-53-10_0005491.wav
USV_3452_sample_reviewed,USV_4/usv_lmt_035/2024-10-04_10-02-10_0000110.wav
USV_3452_sample_reviewed,USV_4/usv_lmt_035/2024-10-04_09-54-56_0000043.wav
USV_3452_sample_reviewed,USV_4/usv_lmt_035/2024-10-04_09-55-25_0000049.wav
USV_3452_sample_reviewed,USV_4/usv_lmt_035/2024-10-04_09-55-09_0000044.wav
USV_3452_sample_reviewed,USV_4/usv_lmt_035/2024-10-06_01-50-10_0005329.wav
USV_3452_sample_reviewed,USV_4/usv_lmt_035/2024-10-04_10-05-34_0000125.wav
USV_3452_sample_reviewed,USV_4/usv_lmt_035/2024-10-06_04-12-52_0005605.wav
USV_3452_sample_reviewed,USV_4/usv_lmt_035/2024-10-04_09-56-22_0000058.wav
USV_3452_sample_reviewed,USV_4/usv_lmt_035/2024-10-05_03-00-41_0002845.wav
USV_3452_sample_reviewed,USV_4/usv_lmt_035/2024-10-04_09-59-52_0000093.wav
USV_3452_sample_reviewed,USV_4/usv_lmt_035/2024-10-04_09-53-27_0000032.wav
USV_3452_sample_reviewed,USV_4/usv_lmt_035/2024-10-04_10-01-17_0000103.wav
USV_3452_sample_reviewed,USV_4/usv_lmt_035/2024-10-04_09-57-27_0000072.wav
USV_3452_sample_reviewed,USV_4/usv_lmt_035/2024-10-04_10-02-45_0000112.wav
USV_3452_sample_reviewed,USV_4/usv_lmt_035/2024-10-06_04-12-45_0005603.wav
USV_3452_sample_reviewed,USV_4/usv_lmt_035/2024-10-05_03-59-51_0002902.wav
USV_3452_sample_reviewed,USV_4/usv_lmt_035/2024-10-04_09-55-45_0000051.wav
USV_3452_sample_reviewed,USV_4/usv_lmt_035/2024-10-06_06-41-47_0005718.wav
USV_3452_sample_reviewed,USV_4/usv_lmt_035/2024-10-04_09-52-51_0000024.wav
USV_3452_sample_reviewed,USV_4/usv_lmt_035/2024-10-04_09-50-18_0000006.wav
USV_3452_sample_reviewed,USV_4/usv_lmt_035/2024-10-04_10-07-31_0000135.wav
USV_3452_sample_reviewed,USV_4/usv_lmt_035/2024-10-04_09-57-01_0000067.wav
USV_3452_sample_reviewed,USV_4/usv_lmt_035/2024-10-04_09-53-19_0000031.wav
USV_3452_sample_reviewed,USV_4/usv_lmt_035/2024-10-04_10-11-04_0000155.wav
USV_3452_sample_reviewed,USV_4/usv_lmt_035/2024-10-04_09-53-48_0000036.wav
USV_3452_sample_reviewed,USV_4/usv_lmt_035/2024-10-05_03-10-41_0002874.wav
USV_3452_sample_reviewed,USV_4/usv_lmt_035/2024-10-04_10-08-10_0000139.wav
USV_3452_sample_reviewed,USV_4/usv_lmt_035/2024-10-04_09-55-17_0000046.wav
USV_3452_sample_reviewed,USV_4/usv_lmt_035/2024-10-05_02-45-36_0002833.wav
USV_3452_sample_reviewed,USV_4/usv_lmt_035/2024-10-04_10-06-32_0000130.wav
USV_3452_sample_reviewed,USV_4/usv_lmt_035/2024-10-04_09-52-27_0000022.wav
USV_3452_sample_reviewed,USV_4/usv_lmt_035/2024-10-05_03-07-47_0002856.wav
USV_3452_sample_reviewed,USV_4/usv_lmt_035/2024-10-04_10-00-53_0000101.wav
USV_3452_sample_reviewed,USV_4/usv_lmt_035/2024-10-04_09-59-11_0000086.wav
USV_3452_sample_reviewed,USV_4/usv_lmt_035/2024-10-04_09-53-06_0000027.wav
USV_3452_sample_reviewed,USV_4/usv_lmt_035/2024-10-04_09-54-22_0000040.wav
USV_3452_sample_reviewed,USV_4/usv_lmt_035/2024-10-04_10-08-40_0000143.wav
USV_3452_sample_reviewed,USV_4/usv_lmt_035/2024-10-04_09-50-21_0000007.wav
USV_3452_sample_reviewed,USV_4/usv_lmt_035/2024-10-04_10-05-29_0000124.wav
USV_3452_sample_reviewed,USV_4/usv_lmt_035/2024-10-04_10-04-53_0000122.wav
USV_3452_sample_reviewed,USV_4/usv_lmt_035/2024-10-05_02-43-16_0002828.wav
USV_3452_sample_reviewed,USV_4/usv_lmt_035/2024-10-06_01-13-02_0005217.wav
USV_3452_sample_reviewed,USV_4/usv_lmt_035/2024-10-06_04-11-27_0005602.wav
USV_3452_sample_reviewed,USV_4/usv_lmt_035/2024-10-04_10-00-34_0000099.wav
USV_3452_sample_reviewed,USV_4/usv_lmt_035/2024-10-04_09-59-56_0000094.wav
USV_3452_sample_reviewed,USV_4/usv_lmt_035/2024-10-04_09-56-07_0000055.wav
USV_3452_sample_reviewed,USV_4/usv_lmt_035/2024-10-04_10-00-55_0000102.wav
USV_3452_sample_reviewed,USV_4/usv_lmt_035/2024-10-04_10-02-55_0000113.wav
USV_3452_sample_reviewed,USV_4/usv_lmt_035/2024-10-06_04-22-26_0005654.wav
USV_3452_sample_reviewed,USV_4/usv_lmt_035/2024-10-06_04-22-42_0005656.wav
USV_3452_sample_reviewed,USV_4/usv_lmt_035/2024-10-06_03-32-08_0005600.wav
USV_3452_sample_reviewed,USV_4/usv_lmt_035/2024-10-04_09-57-39_0000074.wav
USV_3452_sample_reviewed,USV_4/usv_lmt_035/2024-10-04_09-57-48_0000076.wav
USV_3452_sample_reviewed,USV_4/usv_lmt_035/2024-10-06_02-28-16_0005429.wav
USV_3452_sample_reviewed,USV_4/usv_lmt_035/2024-10-04_09-57-03_0000068.wav
USV_3452_sample_reviewed,USV_4/usv_lmt_035/2024-10-04_09-59-48_0000092.wav
USV_3452_sample_reviewed,USV_4/usv_lmt_035/2024-10-04_09-56-05_0000054.wav
USV_3452_sample_reviewed,USV_4/usv_lmt_035/2024-10-04_09-57-17_0000071.wav
USV_3452_sample_reviewed,USV_4/usv_lmt_035/2024-10-04_09-53-04_0000026.wav
USV_3452_sample_reviewed,USV_4/usv_lmt_035/2024-10-04_09-53-10_0000028.wav
USV_3452_sample_reviewed,USV_4/usv_lmt_035/2024-10-04_10-08-14_0000140.wav
USV_3452_sample_reviewed,USV_4/usv_lmt_035/2024-10-04_09-59-05_0000084.wav
USV_3452_sample_reviewed,USV_4/usv_lmt_035/2024-10-06_02-17-57_0005387.wav
USV_3452_sample_reviewed,USV_4/usv_lmt_035/2024-10-04_09-53-43_0000035.wav
USV_3452_sample_reviewed,USV_4/usv_lmt_035/2024-10-04_10-00-48_0000100.wav
USV_3452_sample_reviewed,USV_4/usv_lmt_035/2024-10-04_10-07-36_0000136.wav
USV_3452_sample_reviewed,USV_4/usv_lmt_035/2024-10-04_10-06-54_0000131.wav
USV_3452_sample_reviewed,USV_4/usv_lmt_035/2024-10-04_09-55-32_0000050.wav
USV_3452_sample_reviewed,USV_4/usv_lmt_035/2024-10-06_02-53-08_0005490.wav
USV_3452_sample_reviewed,USV_4/usv_lmt_035/2024-10-04_09-55-19_0000047.wav
USV_3452_sample_reviewed,USV_4/usv_lmt_035/2024-10-04_10-01-38_0000106.wav
USV_3452_sample_reviewed,USV_4/usv_lmt_035/2024-10-04_09-56-39_0000062.wav
USV_3452_sample_reviewed,USV_4/usv_lmt_035/2024-10-04_09-56-48_0000065.wav
USV_3452_sample_reviewed,USV_4/usv_lmt_035/2024-10-04_10-00-32_0000098.wav
USV_3452_sample_reviewed,USV_4/usv_lmt_035/2024-10-04_09-57-58_0000079.wav
USV_3452_sample_reviewed,USV_4/usv_lmt_035/2024-10-06_02-28-21_0005431.wav
USV_3452_sample_reviewed,USV_4/usv_lmt_035/2024-10-04_09-51-00_0000013.wav
USV_3452_sample_reviewed,USV_4/usv_lmt_035/2024-10-04_09-58-31_0000082.wav
USV_3452_sample_reviewed_reviewed,USV_2/usv_lmt_035/2024-10-05_01-51-49_0002695.wav
USV_3452_sample_reviewed_reviewed,USV_2/usv_lmt_035/2024-10-05_18-16-10_0004213.wav
USV_2379_sample_reviewed,batch_A/2024-09-25_09-08-59_0000005.wav
USV_2379_sample_reviewed,batch_A/2024-09-25_15-18-48_0000095.wav
USV_2379_sample_reviewed,batch_A/2024-09-25_09-41-20_0000037.wav
USV_2379_sample_reviewed,batch_A/2024-09-25_11-50-38_0000075.wav
USV_2379_sample_reviewed,batch_A/2024-09-25_09-34-21_0000024.wav
USV_2379_sample_reviewed,batch_A/2024-09-25_10-00-27_0000066.wav
USV_2379_sample_reviewed,batch_A/2024-09-25_09-47-43_0000053.wav
USV_2379_sample_reviewed,batch_A/2024-09-25_09-59-08_0000059.wav
USV_2379_sample_reviewed,batch_A/2024-09-25_09-47-09_0000052.wav
USV_2379_sample_reviewed,batch_A/2024-09-25_09-06-45_0000004.wav
USV_2379_sample_reviewed,batch_A/2024-09-25_09-15-14_0000007.wav
USV_2379_sample_reviewed,batch_A/2024-09-25_09-47-53_0000055.wav
USV_2379_sample_reviewed,batch_A/2024-09-25_11-09-12_0000071.wav
USV_2379_sample_reviewed,batch_A/2024-09-25_09-03-39_0000002.wav
USV_2379_sample_reviewed,batch_A/2024-09-25_15-55-30_0000097.wav
USV_2379_sample_reviewed,batch_A/2024-09-25_13-44-24_0000078.wav
USV_2379_sample_reviewed,batch_A/2024-09-25_09-34-36_0000025.wav
USV_2379_sample_reviewed,batch_A/2024-09-25_09-45-44_0000040.wav
USV_2379_sample_reviewed,batch_A/2024-09-25_11-08-22_0000070.wav
USV_2379_sample_reviewed,batch_A/2024-09-25_09-37-34_0000026.wav
USV_2379_sample_reviewed,batch_A/2024-09-25_11-09-38_0000072.wav
USV_2379_sample_reviewed,batch_A/2024-09-25_09-40-04_0000031.wav
USV_2379_sample_reviewed,batch_A/2024-09-25_14-17-07_0000084.wav
USV_2379_sample_reviewed,batch_A/2024-09-25_10-00-18_0000065.wav
USV_2379_sample_reviewed,batch_A/2024-09-25_14-17-02_0000083.wav
USV_2379_sample_reviewed,batch_A/2024-09-25_15-02-38_0000094.wav
USV_2379_sample_reviewed,batch_A/2024-09-25_14-34-02_0000089.wav
USV_2379_sample_reviewed,batch_A/2024-09-25_09-46-28_0000043.wav
USV_2379_sample_reviewed,batch_A/2024-09-25_09-21-56_0000015.wav
USV_2379_sample_reviewed,batch_A/2024-09-25_09-46-26_0000041.wav
USV_2379_sample_reviewed,batch_A/2024-09-25_09-39-43_0000029.wav
USV_2379_sample_reviewed,batch_A/2024-09-25_10-00-01_0000062.wav
USV_2379_sample_reviewed,batch_A/2024-09-25_09-46-41_0000046.wav
USV_2379_sample_reviewed,batch_A/2024-09-25_09-21-50_0000014.wav
USV_2379_sample_reviewed,batch_A/2024-09-25_09-16-00_0000009.wav
USV_2379_sample_reviewed,batch_A/2024-09-25_09-46-38_0000044.wav
USV_2379_sample_reviewed,batch_A/2024-09-25_09-16-02_0000010.wav
USV_2379_sample_reviewed,batch_A/2024-09-25_12-42-20_0000076.wav
USV_2379_sample_reviewed,batch_B/2024-09-25_22-46-52_0000686.wav
USV_2379_sample_reviewed,batch_B/2024-09-25_22-27-08_0000677.wav
USV_2379_sample_reviewed,batch_B/2024-09-25_22-52-42_0000692.wav
USV_2379_sample_reviewed,batch_B/2024-09-25_22-12-35_0000653.wav
USV_2379_sample_reviewed,batch_B/2024-09-25_22-56-52_0000705.wav
USV_2379_sample_reviewed,batch_B/2024-09-25_22-44-16_0000684.wav
USV_2379_sample_reviewed,batch_B/2024-09-25_22-09-45_0000650.wav
USV_2379_sample_reviewed,batch_B/2024-09-25_22-06-10_0000647.wav
USV_2379_sample_reviewed,batch_B/2024-09-25_21-33-21_0000611.wav
USV_2379_sample_reviewed,batch_B/2024-09-25_22-55-45_0000697.wav
USV_2379_sample_reviewed,batch_B/2024-09-25_22-04-56_0000645.wav
USV_2379_sample_reviewed,batch_B/2024-09-25_22-55-54_0000699.wav
USV_2379_sample_reviewed,batch_B/2024-09-25_22-42-18_0000683.wav
USV_2379_sample_reviewed,batch_B/2024-09-25_21-51-12_0000639.wav
USV_2379_sample_reviewed,batch_B/2024-09-25_21-42-57_0000627.wav
USV_2379_sample_reviewed,batch_B/2024-09-25_21-43-59_0000630.wav
USV_2379_sample_reviewed,batch_B/2024-09-25_22-41-54_0000680.wav
USV_2379_sample_reviewed,batch_B/2024-09-25_21-45-21_0000635.wav
USV_2379_sample_reviewed,batch_B/2024-09-25_21-37-47_0000620.wav
USV_2379_sample_reviewed,batch_B/2024-09-25_21-49-06_0000637.wav
USV_2379_sample_reviewed,batch_B/2024-09-25_22-54-56_0000693.wav
USV_2379_sample_reviewed,batch_B/2024-09-25_22-24-49_0000670.wav
USV_2379_sample_reviewed,batch_B/2024-09-25_22-26-52_0000676.wav
USV_2379_sample_reviewed,batch_B/2024-09-25_22-55-28_0000696.wav
USV_2379_sample_reviewed,batch_B/2024-09-25_22-47-01_0000688.wav
USV_2379_sample_reviewed,batch_B/2024-09-25_21-38-58_0000621.wav
USV_2379_sample_reviewed,batch_B/2024-09-25_22-25-17_0000674.wav
USV_2379_sample_reviewed,batch_B/2024-09-25_22-47-16_0000690.wav
USV_2379_sample_reviewed,batch_B/2024-09-25_22-14-03_0000661.wav
USV_2379_sample_reviewed,batch_B/2024-09-25_22-56-45_0000704.wav
USV_2379_sample_reviewed,batch_B/2024-09-25_22-57-22_0000708.wav
USV_2379_sample_reviewed,batch_B/2024-09-25_21-34-01_0000612.wav
USV_2379_sample_reviewed,batch_B/2024-09-25_22-16-25_0000665.wav
USV_2379_sample_reviewed,batch_B/2024-09-25_22-04-35_0000643.wav
USV_2379_sample_reviewed,batch_B/2024-09-25_22-55-16_0000695.wav
USV_2379_sample_reviewed,batch_B/2024-09-25_22-13-27_0000657.wav
USV_2379_sample_reviewed,batch_B/2024-09-25_22-16-15_0000664.wav
USV_2379_sample_reviewed,batch_B/2024-09-25_21-45-24_0000636.wav
USV_2379_sample_reviewed,USV_1/usv_lmt_031/2024-09-25_09-21-56_0000015.wav
detection_review_wavs,2024-10-01_05-57-44_0004783.wav
detection_review_wavs,2024-09-30_17-42-51_0001930.wav
detection_review_wavs,2024-09-30_12-19-52_0000494.wav
detection_review_wavs,2024-09-30_21-34-29_0003189.wav
detection_review_wavs,2024-10-01_01-03-15_0004134.wav
detection_review_wavs,2024-09-30_18-30-47_0002273.wav
detection_review_wavs,2024-09-30_17-45-49_0001960.wav
detection_review_wavs,2024-09-30_17-03-56_0001628.wav
detection_review_wavs,2024-09-30_17-11-57_0001700.wav
detection_review_wavs,2024-09-30_12-28-58_0000551.wav
detection_review_wavs_reviewed,2024-09-30_12-19-37_0000491.wav
detection_review_wavs_reviewed,2024-10-01_08-58-52_0004954.wav
