candidate_id,spectrogram_path,label,source_file
2024-09-30_11-18-17_0000001_00000788,spectrograms_training\train\2024-09-30_11-18-17_0000001_00000788.png,USV,2024-09-30_11-18-17_0000001.wav
2024-09-30_11-18-17_0000001_00000932,spectrograms_training\train\2024-09-30_11-18-17_0000001_00000932.png,USV,2024-09-30_11-18-17_0000001.wav
2024-09-30_11-18-17_0000001_00001014,spectrograms_training\train\2024-09-30_11-18-17_0000001_00001014.png,USV,2024-09-30_11-18-17_0000001.wav
2024-09-30_11-18-17_0000001_00001076,spectrograms_training\train\2024-09-30_11-18-17_0000001_00001076.png,USV,2024-09-30_11-18-17_0000001.wav
2024-09-30_11-18-17_0000001_00001204,spectrograms_training\train\2024-09-30_11-18-17_0000001_00001204.png,USV,2024-09-30_11-18-17_0000001.wav
2024-09-30_11-18-17_0000001_00001332,spectrograms_training\train\2024-09-30_11-18-17_0000001_00001332.png,USV,2024-09-30_11-18-17_0000001.wav
2024-09-30_11-18-17_0000001_00001460,spectrograms_training\train\2024-09-30_11-18-17_0000001_00001460.png,USV,2024-09-30_11-18-17_0000001.wav
2024-09-30_11-18-17_0000001_00001588,spectrograms_training\train\2024-09-30_11-18-17_0000001_00001588.png,USV,2024-09-30_11-18-17_0000001.wav
2024-09-30_11-18-17_0000001_00001716,spectrograms_training\train\2024-09-30_11-18-17_0000001_00001716.png,USV,2024-09-30_11-18-17_0000001.wav
2024-09-30_11-18-17_0000001_00001844,spectrograms_training\train\2024-09-30_11-18-17_0000001_00001844.png,USV,2024-09-30_11-18-17_0000001.wav
2024-09-30_11-18-17_0000001_00002042,spectrograms_training\train\2024-09-30_11-18-17_0000001_00002042.png,USV,2024-09-30_11-18-17_0000001.wav
2024-09-30_11-18-17_0000001_00002458,spectrograms_training\train\2024-09-30_11-18-17_0000001_00002458.png,USV,2024-09-30_11-18-17_0000001.wav
2024-09-30_11-18-17_0000001_00002571,spectrograms_training\train\2024-09-30_11-18-17_0000001_00002571.png,USV,2024-09-30_11-18-17_0000001.wav
2024-09-30_11-18-17_0000001_00002766,spectrograms_training\train\2024-09-30_11-18-17_0000001_00002766.png,USV,2024-09-30_11-18-17_0000001.wav
2024-09-30_11-18-17_0000001_00002828,spectrograms_training\train\2024-09-30_11-18-17_0000001_00002828.png,USV,2024-09-30_11-18-17_0000001.wav
2024-09-30_11-18-17_0000001_00002973,spectrograms_training\train\2024-09-30_11-18-17_0000001_00002973.png,USV,2024-09-30_11-18-17_0000001.wav
2024-09-30_11-18-17_0000001_00003075,spectrograms_training\train\2024-09-30_11-18-17_0000001_00003075.png,USV,2024-09-30_11-18-17_0000001.wav
2024-09-30_11-18-17_0000001_00003106,spectrograms_training\train\2024-09-30_11-18-17_0000001_00003106.png,USV,2024-09-30_11-18-17_0000001.wav
2024-09-30_11-18-17_0000001_00003200,spectrograms_training\train\2024-09-30_11-18-17_0000001_00003200.png,USV,2024-09-30_11-18-17_0000001.wav
2024-09-30_11-18-17_0000001_00003440,spectrograms_training\train\2024-09-30_11-18-17_0000001_00003440.png,USV,2024-09-30_11-18-17_0000001.wav
2024-09-30_11-18-17_0000001_00003548,spectrograms_training\train\2024-09-30_11-18-17_0000001_00003548.png,USV,2024-09-30_11-18-17_0000001.wav
2024-09-30_11-18-17_0000001_00003662,spectrograms_training\train\2024-09-30_11-18-17_0000001_00003662.png,USV,2024-09-30_11-18-17_0000001.wav
2024-09-30_11-18-17_0000001_00003799,spectrograms_training\train\2024-09-30_11-18-17_0000001_00003799.png,USV,2024-09-30_11-18-17_0000001.wav
2024-09-30_11-18-17_0000001_00004192,spectrograms_training\train\2024-09-30_11-18-17_0000001_00004192.png,USV,2024-09-30_11-18-17_0000001.wav
2024-09-30_11-18-17_0000001_00004305,spectrograms_training\train\2024-09-30_11-18-17_0000001_00004305.png,USV,2024-09-30_11-18-17_0000001.wav
2024-09-30_11-18-17_0000001_00004535,spectrograms_training\train\2024-09-30_11-18-17_0000001_00004535.png,USV,2024-09-30_11-18-17_0000001.wav
2024-09-30_11-18-17_0000001_00004648,spectrograms_training\train\2024-09-30_11-18-17_0000001_00004648.png,USV,2024-09-30_11-18-17_0000001.wav
2024-09-30_11-18-17_0000001_00004777,spectrograms_training\train\2024-09-30_11-18-17_0000001_00004777.png,USV,2024-09-30_11-18-17_0000001.wav
2024-09-30_11-18-17_0000001_00004893,spectrograms_training\train\2024-09-30_11-18-17_0000001_00004893.png,USV,2024-09-30_11-18-17_0000001.wav
2024-09-30_11-18-17_0000001_00005004,spectrograms_training\train\2024-09-30_11-18-17_0000001_00005004.png,USV,2024-09-30_11-18-17_0000001.wav
2024-09-30_11-18-17_0000001_00005119,spectrograms_training\train\2024-09-30_11-18-17_0000001_00005119.png,USV,2024-09-30_11-18-17_0000001.wav
2024-09-30_11-18-17_0000001_00005332,spectrograms_training\train\2024-09-30_11-18-17_0000001_00005332.png,USV,2024-09-30_11-18-17_0000001.wav
2024-09-30_11-18-17_0000001_00005439,spectrograms_training\train\2024-09-30_11-18-17_0000001_00005439.png,USV,2024-09-30_11-18-17_0000001.wav
2024-09-30_11-18-17_0000001_00005662,spectrograms_training\train\2024-09-30_11-18-17_0000001_00005662.png,USV,2024-09-30_11-18-17_0000001.wav
2024-09-30_11-18-17_0000001_00005792,spectrograms_training\train\2024-09-30_11-18-17_0000001_00005792.png,USV,2024-09-30_11-18-17_0000001.wav
2024-09-30_11-18-17_0000001_00006688,spectrograms_training\train\2024-09-30_11-18-17_0000001_00006688.png,USV,2024-09-30_11-18-17_0000001.wav
2024-09-30_11-18-17_0000001_00006868,spectrograms_training\train\2024-09-30_11-18-17_0000001_00006868.png,USV,2024-09-30_11-18-17_0000001.wav
2024-09-30_11-18-17_0000001_00007117,spectrograms_training\train\2024-09-30_11-18-17_0000001_00007117.png,USV,2024-09-30_11-18-17_0000001.wav
2024-09-30_11-18-25_0000002_00001038,spectrograms_training\train\2024-09-30_11-18-25_0000002_00001038.png,Not USV,2024-09-30_11-18-25_0000002.wav
2024-09-30_11-18-25_0000002_00001103,spectrograms_training\train\2024-09-30_11-18-25_0000002_00001103.png,Not USV,2024-09-30_11-18-25_0000002.wav
2024-09-30_11-18-27_0000003_00001816,spectrograms_training\train\2024-09-30_11-18-27_0000003_00001816.png,USV,2024-09-30_11-18-27_0000003.wav
2024-09-30_11-18-27_0000003_00001918,spectrograms_training\train\2024-09-30_11-18-27_0000003_00001918.png,USV,2024-09-30_11-18-27_0000003.wav
2024-09-30_11-18-27_0000003_00002505,spectrograms_training\train\2024-09-30_11-18-27_0000003_00002505.png,USV,2024-09-30_11-18-27_0000003.wav
2024-09-30_11-18-27_0000003_00002874,spectrograms_training\train\2024-09-30_11-18-27_0000003_00002874.png,USV,2024-09-30_11-18-27_0000003.wav
2024-09-30_11-18-27_0000003_00003431,spectrograms_training\train\2024-09-30_11-18-27_0000003_00003431.png,USV,2024-09-30_11-18-27_0000003.wav
2024-09-30_11-18-27_0000003_00003588,spectrograms_training\train\2024-09-30_11-18-27_0000003_00003588.png,USV,2024-09-30_11-18-27_0000003.wav
2024-09-30_11-18-27_0000003_00003761,spectrograms_training\train\2024-09-30_11-18-27_0000003_00003761.png,USV,2024-09-30_11-18-27_0000003.wav
2024-09-30_11-18-27_0000003_00003852,spectrograms_training\train\2024-09-30_11-18-27_0000003_00003852.png,USV,2024-09-30_11-18-27_0000003.wav
2024-09-30_11-18-27_0000003_00003959,spectrograms_training\train\2024-09-30_11-18-27_0000003_00003959.png,USV,2024-09-30_11-18-27_0000003.wav
2024-09-30_11-18-27_0000003_00004091,spectrograms_training\train\2024-09-30_11-18-27_0000003_00004091.png,USV,2024-09-30_11-18-27_0000003.wav
2024-09-30_11-18-27_0000003_00004177,spectrograms_training\train\2024-09-30_11-18-27_0000003_00004177.png,USV,2024-09-30_11-18-27_0000003.wav
2024-09-30_11-18-27_0000003_00004259,spectrograms_training\train\2024-09-30_11-18-27_0000003_00004259.png,Not USV,2024-09-30_11-18-27_0000003.wav
2024-09-30_11-18-27_0000003_00004401,spectrograms_training\train\2024-09-30_11-18-27_0000003_00004401.png,Not USV,2024-09-30_11-18-27_0000003.wav
2024-09-30_11-18-27_0000003_00004450,spectrograms_training\train\2024-09-30_11-18-27_0000003_00004450.png,Not USV,2024-09-30_11-18-27_0000003.wav
2024-09-30_11-18-27_0000003_00004787,spectrograms_training\train\2024-09-30_11-18-27_0000003_00004787.png,Not USV,2024-09-30_11-18-27_0000003.wav
2024-09-30_11-18-27_0000003_00004962,spectrograms_training\train\2024-09-30_11-18-27_0000003_00004962.png,Not USV,2024-09-30_11-18-27_0000003.wav
2024-09-30_11-18-27_0000003_00005026,spectrograms_training\train\2024-09-30_11-18-27_0000003_00005026.png,Not USV,2024-09-30_11-18-27_0000003.wav
2024-09-30_11-18-27_0000003_00005078,spectrograms_training\train\2024-09-30_11-18-27_0000003_00005078.png,USV,2024-09-30_11-18-27_0000003.wav
2024-09-30_11-18-27_0000003_00005136,spectrograms_training\train\2024-09-30_11-18-27_0000003_00005136.png,Not USV,2024-09-30_11-18-27_0000003.wav
2024-09-30_11-18-27_0000003_00005310,spectrograms_training\train\2024-09-30_11-18-27_0000003_00005310.png,USV,2024-09-30_11-18-27_0000003.wav
2024-09-30_11-18-27_0000003_00005424,spectrograms_training\train\2024-09-30_11-18-27_0000003_00005424.png,USV,2024-09-30_11-18-27_0000003.wav
2024-09-30_11-18-34_0000004_00000165,spectrograms_training\train\2024-09-30_11-18-34_0000004_00000165.png,USV,2024-09-30_11-18-34_0000004.wav
2024-09-30_11-18-34_0000004_00000840,spectrograms_training\train\2024-09-30_11-18-34_0000004_00000840.png,USV,2024-09-30_11-18-34_0000004.wav
2024-09-30_11-18-34_0000004_00001037,spectrograms_training\train\2024-09-30_11-18-34_0000004_00001037.png,USV,2024-09-30_11-18-34_0000004.wav
2024-09-30_11-18-34_0000004_00001432,spectrograms_training\train\2024-09-30_11-18-34_0000004_00001432.png,USV,2024-09-30_11-18-34_0000004.wav
2024-09-30_11-18-34_0000004_00001546,spectrograms_training\train\2024-09-30_11-18-34_0000004_00001546.png,USV,2024-09-30_11-18-34_0000004.wav
2024-09-30_11-18-34_0000004_00001746,spectrograms_training\train\2024-09-30_11-18-34_0000004_00001746.png,USV,2024-09-30_11-18-34_0000004.wav
2024-09-30_11-18-34_0000004_00001850,spectrograms_training\train\2024-09-30_11-18-34_0000004_00001850.png,USV,2024-09-30_11-18-34_0000004.wav
2024-09-30_11-18-34_0000004_00001967,spectrograms_training\train\2024-09-30_11-18-34_0000004_00001967.png,USV,2024-09-30_11-18-34_0000004.wav
2024-09-30_11-18-34_0000004_00002079,spectrograms_training\train\2024-09-30_11-18-34_0000004_00002079.png,USV,2024-09-30_11-18-34_0000004.wav
2024-09-30_11-18-34_0000004_00002632,spectrograms_training\train\2024-09-30_11-18-34_0000004_00002632.png,USV,2024-09-30_11-18-34_0000004.wav
2024-09-30_11-18-34_0000004_00002724,spectrograms_training\train\2024-09-30_11-18-34_0000004_00002724.png,USV,2024-09-30_11-18-34_0000004.wav
2024-09-30_11-18-34_0000004_00002827,spectrograms_training\train\2024-09-30_11-18-34_0000004_00002827.png,USV,2024-09-30_11-18-34_0000004.wav
2024-09-30_11-18-34_0000004_00002929,spectrograms_training\train\2024-09-30_11-18-34_0000004_00002929.png,USV,2024-09-30_11-18-34_0000004.wav
2024-09-30_11-18-34_0000004_00003019,spectrograms_training\train\2024-09-30_11-18-34_0000004_00003019.png,USV,2024-09-30_11-18-34_0000004.wav
2024-09-30_11-18-34_0000004_00003119,spectrograms_training\train\2024-09-30_11-18-34_0000004_00003119.png,USV,2024-09-30_11-18-34_0000004.wav
2024-09-30_11-18-34_0000004_00003222,spectrograms_training\train\2024-09-30_11-18-34_0000004_00003222.png,USV,2024-09-30_11-18-34_0000004.wav
2024-09-30_11-18-34_0000004_00003942,spectrograms_training\train\2024-09-30_11-18-34_0000004_00003942.png,USV,2024-09-30_11-18-34_0000004.wav
2024-09-30_11-18-34_0000004_00003987,spectrograms_training\train\2024-09-30_11-18-34_0000004_00003987.png,Not USV,2024-09-30_11-18-34_0000004.wav
2024-09-30_11-18-34_0000004_00004481,spectrograms_training\train\2024-09-30_11-18-34_0000004_00004481.png,USV,2024-09-30_11-18-34_0000004.wav
2024-09-30_11-18-34_0000004_00004925,spectrograms_training\train\2024-09-30_11-18-34_0000004_00004925.png,USV,2024-09-30_11-18-34_0000004.wav
2024-09-30_11-18-34_0000004_00005154,spectrograms_training\train\2024-09-30_11-18-34_0000004_00005154.png,USV,2024-09-30_11-18-34_0000004.wav
2024-09-30_11-18-34_0000004_00005179,spectrograms_training\train\2024-09-30_11-18-34_0000004_00005179.png,USV,2024-09-30_11-18-34_0000004.wav
2024-09-30_11-18-34_0000004_00005278,spectrograms_training\train\2024-09-30_11-18-34_0000004_00005278.png,USV,2024-09-30_11-18-34_0000004.wav
2024-09-30_11-18-34_0000004_00005398,spectrograms_training\train\2024-09-30_11-18-34_0000004_00005398.png,USV,2024-09-30_11-18-34_0000004.wav
2024-09-30_11-18-34_0000004_00005529,spectrograms_training\train\2024-09-30_11-18-34_0000004_00005529.png,USV,2024-09-30_11-18-34_0000004.wav
2024-09-30_11-18-34_0000004_00005614,spectrograms_training\train\2024-09-30_11-18-34_0000004_00005614.png,USV,2024-09-30_11-18-34_0000004.wav
2024-09-30_11-18-34_0000004_00005707,spectrograms_training\train\2024-09-30_11-18-34_0000004_00005707.png,USV,2024-09-30_11-18-34_0000004.wav
2024-09-30_11-18-34_0000004_00005935,spectrograms_training\train\2024-09-30_11-18-34_0000004_00005935.png,USV,2024-09-30_11-18-34_0000004.wav
2024-09-30_11-18-34_0000004_00006043,spectrograms_training\train\2024-09-30_11-18-34_0000004_00006043.png,USV,2024-09-30_11-18-34_0000004.wav
2024-09-30_11-18-34_0000004_00006128,spectrograms_training\train\2024-09-30_11-18-34_0000004_00006128.png,USV,2024-09-30_11-18-34_0000004.wav
2024-09-30_11-18-34_0000004_00006231,spectrograms_training\train\2024-09-30_11-18-34_0000004_00006231.png,USV,2024-09-30_11-18-34_0000004.wav
2024-09-30_11-18-34_0000004_00006324,spectrograms_training\train\2024-09-30_11-18-34_0000004_00006324.png,USV,2024-09-30_11-18-34_0000004.wav
2024-09-30_11-18-34_0000004_00006503,spectrograms_training\train\2024-09-30_11-18-34_0000004_00006503.png,USV,2024-09-30_11-18-34_0000004.wav
2024-09-30_11-18-34_0000004_00006599,spectrograms_training\train\2024-09-30_11-18-34_0000004_00006599.png,USV,2024-09-30_11-18-34_0000004.wav
2024-09-30_11-18-34_0000004_00007085,spectrograms_training\train\2024-09-30_11-18-34_0000004_00007085.png,USV,2024-09-30_11-18-34_0000004.wav
2024-09-30_11-18-34_0000004_00007466,spectrograms_training\train\2024-09-30_11-18-34_0000004_00007466.png,USV,2024-09-30_11-18-34_0000004.wav
2024-09-30_11-18-34_0000004_00007589,spectrograms_training\train\2024-09-30_11-18-34_0000004_00007589.png,USV,2024-09-30_11-18-34_0000004.wav
2024-09-30_11-18-34_0000004_00007734,spectrograms_training\train\2024-09-30_11-18-34_0000004_00007734.png,USV,2024-09-30_11-18-34_0000004.wav
2024-09-30_11-18-34_0000004_00007937,spectrograms_training\train\2024-09-30_11-18-34_0000004_00007937.png,USV,2024-09-30_11-18-34_0000004.wav
2024-09-30_11-18-34_0000004_00008151,spectrograms_training\train\2024-09-30_11-18-34_0000004_00008151.png,USV,2024-09-30_11-18-34_0000004.wav
2024-09-30_11-18-34_0000004_00008259,spectrograms_training\train\2024-09-30_11-18-34_0000004_00008259.png,USV,2024-09-30_11-18-34_0000004.wav
2024-09-30_11-18-34_0000004_00008983,spectrograms_training\train\2024-09-30_11-18-34_0000004_00008983.png,USV,2024-09-30_11-18-34_0000004.wav
2024-09-30_11-18-34_0000004_00009211,spectrograms_training\train\2024-09-30_11-18-34_0000004_00009211.png,USV,2024-09-30_11-18-34_0000004.wav
2024-09-30_11-18-57_0000006_00000117,spectrograms_training\train\2024-09-30_11-18-57_0000006_00000117.png,USV,2024-09-30_11-18-57_0000006.wav
2024-09-30_11-18-57_0000006_00001076,spectrograms_training\train\2024-09-30_11-18-57_0000006_00001076.png,USV,2024-09-30_11-18-57_0000006.wav
2024-09-30_11-18-57_0000006_00001171,spectrograms_training\train\2024-09-30_11-18-57_0000006_00001171.png,USV,2024-09-30_11-18-57_0000006.wav
2024-09-30_11-18-57_0000006_00001298,spectrograms_training\train\2024-09-30_11-18-57_0000006_00001298.png,USV,2024-09-30_11-18-57_0000006.wav
2024-09-30_11-18-57_0000006_00001343,spectrograms_training\train\2024-09-30_11-18-57_0000006_00001343.png,USV,2024-09-30_11-18-57_0000006.wav
2024-09-30_11-18-57_0000006_00001451,spectrograms_training\train\2024-09-30_11-18-57_0000006_00001451.png,USV,2024-09-30_11-18-57_0000006.wav
2024-09-30_11-18-57_0000006_00001618,spectrograms_training\train\2024-09-30_11-18-57_0000006_00001618.png,USV,2024-09-30_11-18-57_0000006.wav
2024-09-30_11-19-00_0000007_00001009,spectrograms_training\train\2024-09-30_11-19-00_0000007_00001009.png,USV,2024-09-30_11-19-00_0000007.wav
2024-09-30_11-19-00_0000007_00001972,spectrograms_training\train\2024-09-30_11-19-00_0000007_00001972.png,USV,2024-09-30_11-19-00_0000007.wav
2024-09-30_11-19-00_0000007_00002393,spectrograms_training\train\2024-09-30_11-19-00_0000007_00002393.png,USV,2024-09-30_11-19-00_0000007.wav
2024-09-30_11-19-00_0000007_00002569,spectrograms_training\train\2024-09-30_11-19-00_0000007_00002569.png,USV,2024-09-30_11-19-00_0000007.wav
2024-09-30_11-19-00_0000007_00003107,spectrograms_training\train\2024-09-30_11-19-00_0000007_00003107.png,USV,2024-09-30_11-19-00_0000007.wav
2024-09-30_11-19-00_0000007_00003277,spectrograms_training\train\2024-09-30_11-19-00_0000007_00003277.png,USV,2024-09-30_11-19-00_0000007.wav
2024-09-30_11-19-00_0000007_00003824,spectrograms_training\train\2024-09-30_11-19-00_0000007_00003824.png,USV,2024-09-30_11-19-00_0000007.wav
2024-09-30_11-19-00_0000007_00003943,spectrograms_training\train\2024-09-30_11-19-00_0000007_00003943.png,USV,2024-09-30_11-19-00_0000007.wav
2024-09-30_11-19-00_0000007_00004433,spectrograms_training\train\2024-09-30_11-19-00_0000007_00004433.png,USV,2024-09-30_11-19-00_0000007.wav
2024-09-30_11-19-00_0000007_00004698,spectrograms_training\train\2024-09-30_11-19-00_0000007_00004698.png,USV,2024-09-30_11-19-00_0000007.wav
2024-09-30_11-19-00_0000007_00004836,spectrograms_training\train\2024-09-30_11-19-00_0000007_00004836.png,USV,2024-09-30_11-19-00_0000007.wav
2024-09-30_11-19-00_0000007_00004892,spectrograms_training\train\2024-09-30_11-19-00_0000007_00004892.png,USV,2024-09-30_11-19-00_0000007.wav
2024-09-30_11-19-00_0000007_00004993,spectrograms_training\train\2024-09-30_11-19-00_0000007_00004993.png,USV,2024-09-30_11-19-00_0000007.wav
2024-09-30_11-19-00_0000007_00005022,spectrograms_training\train\2024-09-30_11-19-00_0000007_00005022.png,USV,2024-09-30_11-19-00_0000007.wav
2024-09-30_11-19-00_0000007_00005174,spectrograms_training\train\2024-09-30_11-19-00_0000007_00005174.png,USV,2024-09-30_11-19-00_0000007.wav
2024-09-30_11-19-00_0000007_00005199,spectrograms_training\train\2024-09-30_11-19-00_0000007_00005199.png,USV,2024-09-30_11-19-00_0000007.wav
2024-09-30_11-19-00_0000007_00005280,spectrograms_training\train\2024-09-30_11-19-00_0000007_00005280.png,USV,2024-09-30_11-19-00_0000007.wav
2024-09-30_11-19-00_0000007_00005374,spectrograms_training\train\2024-09-30_11-19-00_0000007_00005374.png,USV,2024-09-30_11-19-00_0000007.wav
2024-09-30_11-19-00_0000007_00005399,spectrograms_training\train\2024-09-30_11-19-00_0000007_00005399.png,USV,2024-09-30_11-19-00_0000007.wav
2024-09-30_11-19-00_0000007_00005488,spectrograms_training\train\2024-09-30_11-19-00_0000007_00005488.png,USV,2024-09-30_11-19-00_0000007.wav
2024-09-30_11-19-00_0000007_00005586,spectrograms_training\train\2024-09-30_11-19-00_0000007_00005586.png,USV,2024-09-30_11-19-00_0000007.wav
2024-09-30_11-19-00_0000007_00005775,spectrograms_training\train\2024-09-30_11-19-00_0000007_00005775.png,USV,2024-09-30_11-19-00_0000007.wav
2024-09-30_11-19-00_0000007_00005871,spectrograms_training\train\2024-09-30_11-19-00_0000007_00005871.png,USV,2024-09-30_11-19-00_0000007.wav
2024-09-30_11-19-00_0000007_00006065,spectrograms_training\train\2024-09-30_11-19-00_0000007_00006065.png,USV,2024-09-30_11-19-00_0000007.wav
2024-09-30_11-19-00_0000007_00006167,spectrograms_training\train\2024-09-30_11-19-00_0000007_00006167.png,USV,2024-09-30_11-19-00_0000007.wav
2024-09-30_11-19-00_0000007_00006280,spectrograms_training\train\2024-09-30_11-19-00_0000007_00006280.png,USV,2024-09-30_11-19-00_0000007.wav
2024-09-30_11-19-00_0000007_00006508,spectrograms_training\train\2024-09-30_11-19-00_0000007_00006508.png,USV,2024-09-30_11-19-00_0000007.wav
2024-09-30_11-19-00_0000007_00006819,spectrograms_training\train\2024-09-30_11-19-00_0000007_00006819.png,USV,2024-09-30_11-19-00_0000007.wav
2024-09-30_11-19-00_0000007_00007107,spectrograms_training\train\2024-09-30_11-19-00_0000007_00007107.png,USV,2024-09-30_11-19-00_0000007.wav
2024-09-30_11-19-00_0000007_00007439,spectrograms_training\train\2024-09-30_11-19-00_0000007_00007439.png,USV,2024-09-30_11-19-00_0000007.wav
2024-09-30_11-19-09_0000008_00001861,spectrograms_training\train\2024-09-30_11-19-09_0000008_00001861.png,USV,2024-09-30_11-19-09_0000008.wav
2024-09-30_11-19-09_0000008_00001978,spectrograms_training\train\2024-09-30_11-19-09_0000008_00001978.png,USV,2024-09-30_11-19-09_0000008.wav
2024-09-30_11-19-09_0000008_00002115,spectrograms_training\train\2024-09-30_11-19-09_0000008_00002115.png,USV,2024-09-30_11-19-09_0000008.wav
2024-09-30_11-19-09_0000008_00002272,spectrograms_training\train\2024-09-30_11-19-09_0000008_00002272.png,USV,2024-09-30_11-19-09_0000008.wav
2024-09-30_11-19-09_0000008_00002397,spectrograms_training\train\2024-09-30_11-19-09_0000008_00002397.png,USV,2024-09-30_11-19-09_0000008.wav
2024-09-30_11-19-09_0000008_00002624,spectrograms_training\train\2024-09-30_11-19-09_0000008_00002624.png,USV,2024-09-30_11-19-09_0000008.wav
2024-09-30_11-19-09_0000008_00003107,spectrograms_training\train\2024-09-30_11-19-09_0000008_00003107.png,USV,2024-09-30_11-19-09_0000008.wav
2024-09-30_11-19-09_0000008_00003252,spectrograms_training\train\2024-09-30_11-19-09_0000008_00003252.png,USV,2024-09-30_11-19-09_0000008.wav
2024-09-30_11-19-15_0000010_00000452,spectrograms_training\train\2024-09-30_11-19-15_0000010_00000452.png,USV,2024-09-30_11-19-15_0000010.wav
2024-09-30_11-19-15_0000010_00001007,spectrograms_training\train\2024-09-30_11-19-15_0000010_00001007.png,USV,2024-09-30_11-19-15_0000010.wav
2024-09-30_11-19-15_0000010_00001198,spectrograms_training\train\2024-09-30_11-19-15_0000010_00001198.png,USV,2024-09-30_11-19-15_0000010.wav
2024-09-30_11-19-15_0000010_00001326,spectrograms_training\train\2024-09-30_11-19-15_0000010_00001326.png,USV,2024-09-30_11-19-15_0000010.wav
2024-09-30_11-19-15_0000010_00001501,spectrograms_training\train\2024-09-30_11-19-15_0000010_00001501.png,Not USV,2024-09-30_11-19-15_0000010.wav
2024-09-30_11-19-15_0000010_00001915,spectrograms_training\train\2024-09-30_11-19-15_0000010_00001915.png,Not USV,2024-09-30_11-19-15_0000010.wav
2024-09-30_11-19-15_0000010_00002071,spectrograms_training\train\2024-09-30_11-19-15_0000010_00002071.png,USV,2024-09-30_11-19-15_0000010.wav
2024-09-30_11-19-15_0000010_00002128,spectrograms_training\train\2024-09-30_11-19-15_0000010_00002128.png,Not USV,2024-09-30_11-19-15_0000010.wav
2024-09-30_11-19-16_0000011_00000222,spectrograms_training\train\2024-09-30_11-19-16_0000011_00000222.png,Not USV,2024-09-30_11-19-16_0000011.wav
2024-09-30_11-19-16_0000011_00000378,spectrograms_training\train\2024-09-30_11-19-16_0000011_00000378.png,USV,2024-09-30_11-19-16_0000011.wav
2024-09-30_11-19-16_0000011_00000435,spectrograms_training\train\2024-09-30_11-19-16_0000011_00000435.png,Not USV,2024-09-30_11-19-16_0000011.wav
2024-09-30_11-19-16_0000011_00001021,spectrograms_training\train\2024-09-30_11-19-16_0000011_00001021.png,USV,2024-09-30_11-19-16_0000011.wav
2024-09-30_11-19-16_0000011_00001049,spectrograms_training\train\2024-09-30_11-19-16_0000011_00001049.png,USV,2024-09-30_11-19-16_0000011.wav
2024-09-30_11-19-16_0000011_00001155,spectrograms_training\train\2024-09-30_11-19-16_0000011_00001155.png,USV,2024-09-30_11-19-16_0000011.wav
2024-09-30_11-19-16_0000011_00001634,spectrograms_training\train\2024-09-30_11-19-16_0000011_00001634.png,USV,2024-09-30_11-19-16_0000011.wav
2024-09-30_11-19-16_0000011_00001856,spectrograms_training\train\2024-09-30_11-19-16_0000011_00001856.png,Not USV,2024-09-30_11-19-16_0000011.wav
2024-09-30_11-19-16_0000011_00001978,spectrograms_training\train\2024-09-30_11-19-16_0000011_00001978.png,Not USV,2024-09-30_11-19-16_0000011.wav
2024-09-30_11-19-16_0000011_00002056,spectrograms_training\train\2024-09-30_11-19-16_0000011_00002056.png,USV,2024-09-30_11-19-16_0000011.wav
2024-09-30_11-19-16_0000011_00002106,spectrograms_training\train\2024-09-30_11-19-16_0000011_00002106.png,USV,2024-09-30_11-19-16_0000011.wav
2024-09-30_11-19-16_0000011_00002287,spectrograms_training\train\2024-09-30_11-19-16_0000011_00002287.png,USV,2024-09-30_11-19-16_0000011.wav
2024-09-30_11-19-16_0000011_00002514,spectrograms_training\train\2024-09-30_11-19-16_0000011_00002514.png,Not USV,2024-09-30_11-19-16_0000011.wav
2024-09-30_11-19-19_0000012_00000561,spectrograms_training\train\2024-09-30_11-19-19_0000012_00000561.png,USV,2024-09-30_11-19-19_0000012.wav
2024-09-30_11-19-19_0000012_00000783,spectrograms_training\train\2024-09-30_11-19-19_0000012_00000783.png,Not USV,2024-09-30_11-19-19_0000012.wav
2024-09-30_11-19-19_0000012_00001009,spectrograms_training\train\2024-09-30_11-19-19_0000012_00001009.png,Not USV,2024-09-30_11-19-19_0000012.wav
2024-09-30_11-19-19_0000012_00001247,spectrograms_training\train\2024-09-30_11-19-19_0000012_00001247.png,USV,2024-09-30_11-19-19_0000012.wav
2024-09-30_11-19-19_0000012_00001358,spectrograms_training\train\2024-09-30_11-19-19_0000012_00001358.png,USV,2024-09-30_11-19-19_0000012.wav
2024-09-30_11-19-19_0000012_00001450,spectrograms_training\train\2024-09-30_11-19-19_0000012_00001450.png,USV,2024-09-30_11-19-19_0000012.wav
2024-09-30_11-19-19_0000012_00001553,spectrograms_training\train\2024-09-30_11-19-19_0000012_00001553.png,USV,2024-09-30_11-19-19_0000012.wav
2024-09-30_11-19-19_0000012_00001740,spectrograms_training\train\2024-09-30_11-19-19_0000012_00001740.png,USV,2024-09-30_11-19-19_0000012.wav
2024-09-30_11-19-19_0000012_00001843,spectrograms_training\train\2024-09-30_11-19-19_0000012_00001843.png,USV,2024-09-30_11-19-19_0000012.wav
2024-09-30_11-19-19_0000012_00001958,spectrograms_training\train\2024-09-30_11-19-19_0000012_00001958.png,USV,2024-09-30_11-19-19_0000012.wav
2024-09-30_11-19-19_0000012_00002066,spectrograms_training\train\2024-09-30_11-19-19_0000012_00002066.png,USV,2024-09-30_11-19-19_0000012.wav
2024-09-30_11-19-19_0000012_00002749,spectrograms_training\train\2024-09-30_11-19-19_0000012_00002749.png,USV,2024-09-30_11-19-19_0000012.wav
2024-09-30_11-19-19_0000012_00002940,spectrograms_training\train\2024-09-30_11-19-19_0000012_00002940.png,USV,2024-09-30_11-19-19_0000012.wav
2024-09-30_11-19-19_0000012_00003446,spectrograms_training\train\2024-09-30_11-19-19_0000012_00003446.png,USV,2024-09-30_11-19-19_0000012.wav
2024-09-30_11-19-19_0000012_00003475,spectrograms_training\train\2024-09-30_11-19-19_0000012_00003475.png,USV,2024-09-30_11-19-19_0000012.wav
2024-09-30_11-19-19_0000012_00004084,spectrograms_training\train\2024-09-30_11-19-19_0000012_00004084.png,USV,2024-09-30_11-19-19_0000012.wav
2024-09-30_11-19-19_0000012_00004193,spectrograms_training\train\2024-09-30_11-19-19_0000012_00004193.png,USV,2024-09-30_11-19-19_0000012.wav
2024-09-30_11-19-19_0000012_00004324,spectrograms_training\train\2024-09-30_11-19-19_0000012_00004324.png,USV,2024-09-30_11-19-19_0000012.wav
2024-09-30_11-19-19_0000012_00004557,spectrograms_training\train\2024-09-30_11-19-19_0000012_00004557.png,USV,2024-09-30_11-19-19_0000012.wav
2024-09-30_11-19-19_0000012_00004660,spectrograms_training\train\2024-09-30_11-19-19_0000012_00004660.png,USV,2024-09-30_11-19-19_0000012.wav
2024-09-30_11-19-19_0000012_00004790,spectrograms_training\train\2024-09-30_11-19-19_0000012_00004790.png,USV,2024-09-30_11-19-19_0000012.wav
2024-09-30_11-19-19_0000012_00005652,spectrograms_training\train\2024-09-30_11-19-19_0000012_00005652.png,USV,2024-09-30_11-19-19_0000012.wav
2024-09-30_11-19-19_0000012_00005840,spectrograms_training\train\2024-09-30_11-19-19_0000012_00005840.png,USV,2024-09-30_11-19-19_0000012.wav
2024-09-30_11-19-19_0000012_00005958,spectrograms_training\train\2024-09-30_11-19-19_0000012_00005958.png,USV,2024-09-30_11-19-19_0000012.wav
2024-09-30_11-19-19_0000012_00006061,spectrograms_training\train\2024-09-30_11-19-19_0000012_00006061.png,USV,2024-09-30_11-19-19_0000012.wav
2024-09-30_11-19-19_0000012_00006165,spectrograms_training\train\2024-09-30_11-19-19_0000012_00006165.png,USV,2024-09-30_11-19-19_0000012.wav
2024-09-30_11-19-19_0000012_00006262,spectrograms_training\train\2024-09-30_11-19-19_0000012_00006262.png,USV,2024-09-30_11-19-19_0000012.wav
2024-09-30_11-19-19_0000012_00006722,spectrograms_training\train\2024-09-30_11-19-19_0000012_00006722.png,USV,2024-09-30_11-19-19_0000012.wav
2024-09-30_11-19-19_0000012_00006811,spectrograms_training\train\2024-09-30_11-19-19_0000012_00006811.png,Not USV,2024-09-30_11-19-19_0000012.wav
2024-09-30_11-19-19_0000012_00006941,spectrograms_training\train\2024-09-30_11-19-19_0000012_00006941.png,USV,2024-09-30_11-19-19_0000012.wav
2024-09-30_11-19-19_0000012_00007045,spectrograms_training\train\2024-09-30_11-19-19_0000012_00007045.png,USV,2024-09-30_11-19-19_0000012.wav
2024-09-30_11-19-31_0000013_00001012,spectrograms_training\train\2024-09-30_11-19-31_0000013_00001012.png,Not USV,2024-09-30_11-19-31_0000013.wav
2024-09-30_11-19-31_0000013_00001550,spectrograms_training\train\2024-09-30_11-19-31_0000013_00001550.png,Not USV,2024-09-30_11-19-31_0000013.wav
2024-09-30_11-19-31_0000013_00001617,spectrograms_training\train\2024-09-30_11-19-31_0000013_00001617.png,Not USV,2024-09-30_11-19-31_0000013.wav
2024-09-30_11-19-54_0000016_00000928,spectrograms_training\train\2024-09-30_11-19-54_0000016_00000928.png,USV,2024-09-30_11-19-54_0000016.wav
2024-09-30_11-19-54_0000016_00001018,spectrograms_training\train\2024-09-30_11-19-54_0000016_00001018.png,USV,2024-09-30_11-19-54_0000016.wav
2024-09-30_11-19-54_0000016_00001078,spectrograms_training\train\2024-09-30_11-19-54_0000016_00001078.png,Not USV,2024-09-30_11-19-54_0000016.wav
2024-09-30_11-19-54_0000016_00001439,spectrograms_training\train\2024-09-30_11-19-54_0000016_00001439.png,USV,2024-09-30_11-19-54_0000016.wav
2024-09-30_11-19-54_0000016_00001763,spectrograms_training\train\2024-09-30_11-19-54_0000016_00001763.png,USV,2024-09-30_11-19-54_0000016.wav
2024-09-30_11-19-54_0000016_00002121,spectrograms_training\train\2024-09-30_11-19-54_0000016_00002121.png,USV,2024-09-30_11-19-54_0000016.wav
2024-09-30_11-19-55_0000017_00000292,spectrograms_training\train\2024-09-30_11-19-55_0000017_00000292.png,USV,2024-09-30_11-19-55_0000017.wav
2024-09-30_11-19-55_0000017_00000623,spectrograms_training\train\2024-09-30_11-19-55_0000017_00000623.png,USV,2024-09-30_11-19-55_0000017.wav
2024-09-30_11-19-55_0000017_00000975,spectrograms_training\train\2024-09-30_11-19-55_0000017_00000975.png,USV,2024-09-30_11-19-55_0000017.wav
2024-09-30_11-19-55_0000017_00001090,spectrograms_training\train\2024-09-30_11-19-55_0000017_00001090.png,Not USV,2024-09-30_11-19-55_0000017.wav
2024-09-30_11-19-55_0000017_00001716,spectrograms_training\train\2024-09-30_11-19-55_0000017_00001716.png,USV,2024-09-30_11-19-55_0000017.wav
2024-09-30_11-19-55_0000017_00002376,spectrograms_training\train\2024-09-30_11-19-55_0000017_00002376.png,USV,2024-09-30_11-19-55_0000017.wav
2024-09-30_11-19-55_0000017_00002566,spectrograms_training\train\2024-09-30_11-19-55_0000017_00002566.png,USV,2024-09-30_11-19-55_0000017.wav
2024-09-30_11-19-55_0000017_00003452,spectrograms_training\train\2024-09-30_11-19-55_0000017_00003452.png,USV,2024-09-30_11-19-55_0000017.wav
2024-09-30_11-19-55_0000017_00003532,spectrograms_training\train\2024-09-30_11-19-55_0000017_00003532.png,Not USV,2024-09-30_11-19-55_0000017.wav
2024-09-30_11-20-03_0000019_00000037,spectrograms_training\train\2024-09-30_11-20-03_0000019_00000037.png,USV,2024-09-30_11-20-03_0000019.wav
2024-09-30_11-20-03_0000019_00000893,spectrograms_training\train\2024-09-30_11-20-03_0000019_00000893.png,USV,2024-09-30_11-20-03_0000019.wav
2024-09-30_11-20-03_0000019_00001007,spectrograms_training\train\2024-09-30_11-20-03_0000019_00001007.png,USV,2024-09-30_11-20-03_0000019.wav
2024-09-30_11-20-03_0000019_00001132,spectrograms_training\train\2024-09-30_11-20-03_0000019_00001132.png,USV,2024-09-30_11-20-03_0000019.wav
2024-09-30_11-20-03_0000019_00001260,spectrograms_training\train\2024-09-30_11-20-03_0000019_00001260.png,USV,2024-09-30_11-20-03_0000019.wav
2024-09-30_11-20-03_0000019_00001387,spectrograms_training\train\2024-09-30_11-20-03_0000019_00001387.png,USV,2024-09-30_11-20-03_0000019.wav
2024-09-30_11-20-03_0000019_00001481,spectrograms_training\train\2024-09-30_11-20-03_0000019_00001481.png,USV,2024-09-30_11-20-03_0000019.wav
2024-09-30_11-20-03_0000019_00001619,spectrograms_training\train\2024-09-30_11-20-03_0000019_00001619.png,USV,2024-09-30_11-20-03_0000019.wav
2024-09-30_11-20-03_0000019_00002076,spectrograms_training\train\2024-09-30_11-20-03_0000019_00002076.png,USV,2024-09-30_11-20-03_0000019.wav
2024-09-30_11-20-03_0000019_00002268,spectrograms_training\train\2024-09-30_11-20-03_0000019_00002268.png,USV,2024-09-30_11-20-03_0000019.wav
2024-09-30_11-20-03_0000019_00002425,spectrograms_training\train\2024-09-30_11-20-03_0000019_00002425.png,Not USV,2024-09-30_11-20-03_0000019.wav
2024-09-30_11-20-03_0000019_00002474,spectrograms_training\train\2024-09-30_11-20-03_0000019_00002474.png,Not USV,2024-09-30_11-20-03_0000019.wav
2024-09-30_11-20-03_0000019_00002504,spectrograms_training\train\2024-09-30_11-20-03_0000019_00002504.png,Not USV,2024-09-30_11-20-03_0000019.wav
2024-09-30_11-20-03_0000019_00002807,spectrograms_training\train\2024-09-30_11-20-03_0000019_00002807.png,USV,2024-09-30_11-20-03_0000019.wav
2024-09-30_11-20-07_0000020_00001046,spectrograms_training\train\2024-09-30_11-20-07_0000020_00001046.png,USV,2024-09-30_11-20-07_0000020.wav
2024-09-30_11-20-07_0000020_00001449,spectrograms_training\train\2024-09-30_11-20-07_0000020_00001449.png,USV,2024-09-30_11-20-07_0000020.wav
2024-09-30_11-20-07_0000020_00001585,spectrograms_training\train\2024-09-30_11-20-07_0000020_00001585.png,USV,2024-09-30_11-20-07_0000020.wav
2024-09-30_11-20-07_0000020_00001696,spectrograms_training\train\2024-09-30_11-20-07_0000020_00001696.png,USV,2024-09-30_11-20-07_0000020.wav
2024-09-30_11-20-07_0000020_00001790,spectrograms_training\train\2024-09-30_11-20-07_0000020_00001790.png,USV,2024-09-30_11-20-07_0000020.wav
2024-09-30_11-20-07_0000020_00002019,spectrograms_training\train\2024-09-30_11-20-07_0000020_00002019.png,USV,2024-09-30_11-20-07_0000020.wav
2024-09-30_11-20-07_0000020_00002621,spectrograms_training\train\2024-09-30_11-20-07_0000020_00002621.png,USV,2024-09-30_11-20-07_0000020.wav
2024-09-30_11-20-09_0000021_00001060,spectrograms_training\train\2024-09-30_11-20-09_0000021_00001060.png,Not USV,2024-09-30_11-20-09_0000021.wav
2024-09-30_11-20-09_0000021_00001243,spectrograms_training\train\2024-09-30_11-20-09_0000021_00001243.png,Not USV,2024-09-30_11-20-09_0000021.wav
2024-09-30_11-20-09_0000021_00001350,spectrograms_training\train\2024-09-30_11-20-09_0000021_00001350.png,Not USV,2024-09-30_11-20-09_0000021.wav
2024-09-30_11-20-09_0000021_00001580,spectrograms_training\train\2024-09-30_11-20-09_0000021_00001580.png,Not USV,2024-09-30_11-20-09_0000021.wav
2024-09-30_11-20-09_0000021_00001899,spectrograms_training\train\2024-09-30_11-20-09_0000021_00001899.png,Not USV,2024-09-30_11-20-09_0000021.wav
2024-09-30_11-20-26_0000023_00000087,spectrograms_training\train\2024-09-30_11-20-26_0000023_00000087.png,USV,2024-09-30_11-20-26_0000023.wav
2024-09-30_11-20-26_0000023_00000212,spectrograms_training\train\2024-09-30_11-20-26_0000023_00000212.png,USV,2024-09-30_11-20-26_0000023.wav
2024-09-30_11-20-26_0000023_00000428,spectrograms_training\train\2024-09-30_11-20-26_0000023_00000428.png,USV,2024-09-30_11-20-26_0000023.wav
2024-09-30_11-20-26_0000023_00000799,spectrograms_training\train\2024-09-30_11-20-26_0000023_00000799.png,USV,2024-09-30_11-20-26_0000023.wav
2024-09-30_11-20-26_0000023_00000919,spectrograms_training\train\2024-09-30_11-20-26_0000023_00000919.png,USV,2024-09-30_11-20-26_0000023.wav
2024-09-30_11-20-26_0000023_00001032,spectrograms_training\train\2024-09-30_11-20-26_0000023_00001032.png,USV,2024-09-30_11-20-26_0000023.wav
2024-09-30_11-20-26_0000023_00001175,spectrograms_training\train\2024-09-30_11-20-26_0000023_00001175.png,USV,2024-09-30_11-20-26_0000023.wav
2024-09-30_11-20-26_0000023_00001284,spectrograms_training\train\2024-09-30_11-20-26_0000023_00001284.png,USV,2024-09-30_11-20-26_0000023.wav
2024-09-30_11-20-26_0000023_00001379,spectrograms_training\train\2024-09-30_11-20-26_0000023_00001379.png,USV,2024-09-30_11-20-26_0000023.wav
2024-09-30_11-20-26_0000023_00001586,spectrograms_training\train\2024-09-30_11-20-26_0000023_00001586.png,USV,2024-09-30_11-20-26_0000023.wav
2024-09-30_11-20-26_0000023_00001783,spectrograms_training\train\2024-09-30_11-20-26_0000023_00001783.png,USV,2024-09-30_11-20-26_0000023.wav
2024-09-30_11-20-29_0000024_00001005,spectrograms_training\train\2024-09-30_11-20-29_0000024_00001005.png,USV,2024-09-30_11-20-29_0000024.wav
2024-09-30_11-20-29_0000024_00001294,spectrograms_training\train\2024-09-30_11-20-29_0000024_00001294.png,USV,2024-09-30_11-20-29_0000024.wav
2024-09-30_11-20-29_0000024_00001592,spectrograms_training\train\2024-09-30_11-20-29_0000024_00001592.png,USV,2024-09-30_11-20-29_0000024.wav
2024-09-30_11-20-29_0000024_00001746,spectrograms_training\train\2024-09-30_11-20-29_0000024_00001746.png,USV,2024-09-30_11-20-29_0000024.wav
2024-09-30_11-20-29_0000024_00002079,spectrograms_training\train\2024-09-30_11-20-29_0000024_00002079.png,USV,2024-09-30_11-20-29_0000024.wav
2024-09-30_11-20-29_0000024_00002181,spectrograms_training\train\2024-09-30_11-20-29_0000024_00002181.png,USV,2024-09-30_11-20-29_0000024.wav
2024-09-30_11-20-29_0000024_00002299,spectrograms_training\train\2024-09-30_11-20-29_0000024_00002299.png,USV,2024-09-30_11-20-29_0000024.wav
2024-09-30_11-20-29_0000024_00002674,spectrograms_training\train\2024-09-30_11-20-29_0000024_00002674.png,USV,2024-09-30_11-20-29_0000024.wav
2024-09-30_11-20-29_0000024_00002777,spectrograms_training\train\2024-09-30_11-20-29_0000024_00002777.png,USV,2024-09-30_11-20-29_0000024.wav
2024-09-30_11-20-32_0000025_00000807,spectrograms_training\train\2024-09-30_11-20-32_0000025_00000807.png,USV,2024-09-30_11-20-32_0000025.wav
2024-09-30_11-20-32_0000025_00000904,spectrograms_training\train\2024-09-30_11-20-32_0000025_00000904.png,USV,2024-09-30_11-20-32_0000025.wav
2024-09-30_11-20-32_0000025_00001016,spectrograms_training\train\2024-09-30_11-20-32_0000025_00001016.png,USV,2024-09-30_11-20-32_0000025.wav
2024-09-30_11-20-32_0000025_00001136,spectrograms_training\train\2024-09-30_11-20-32_0000025_00001136.png,USV,2024-09-30_11-20-32_0000025.wav
2024-09-30_11-20-32_0000025_00001264,spectrograms_training\train\2024-09-30_11-20-32_0000025_00001264.png,USV,2024-09-30_11-20-32_0000025.wav
2024-09-30_11-20-32_0000025_00001382,spectrograms_training\train\2024-09-30_11-20-32_0000025_00001382.png,USV,2024-09-30_11-20-32_0000025.wav
2024-09-30_11-20-32_0000025_00001742,spectrograms_training\train\2024-09-30_11-20-32_0000025_00001742.png,USV,2024-09-30_11-20-32_0000025.wav
2024-09-30_11-20-32_0000025_00001843,spectrograms_training\train\2024-09-30_11-20-32_0000025_00001843.png,USV,2024-09-30_11-20-32_0000025.wav
2024-09-30_11-20-32_0000025_00001884,spectrograms_training\train\2024-09-30_11-20-32_0000025_00001884.png,Not USV,2024-09-30_11-20-32_0000025.wav
2024-09-30_11-20-32_0000025_00002025,spectrograms_training\train\2024-09-30_11-20-32_0000025_00002025.png,USV,2024-09-30_11-20-32_0000025.wav
2024-09-30_11-20-32_0000025_00002199,spectrograms_training\train\2024-09-30_11-20-32_0000025_00002199.png,Not USV,2024-09-30_11-20-32_0000025.wav
2024-09-30_11-20-32_0000025_00002402,spectrograms_training\train\2024-09-30_11-20-32_0000025_00002402.png,USV,2024-09-30_11-20-32_0000025.wav
2024-09-30_11-20-32_0000025_00002505,spectrograms_training\train\2024-09-30_11-20-32_0000025_00002505.png,USV,2024-09-30_11-20-32_0000025.wav
2024-09-30_11-20-32_0000025_00002605,spectrograms_training\train\2024-09-30_11-20-32_0000025_00002605.png,USV,2024-09-30_11-20-32_0000025.wav
2024-09-30_11-20-32_0000025_00002834,spectrograms_training\train\2024-09-30_11-20-32_0000025_00002834.png,Not USV,2024-09-30_11-20-32_0000025.wav
2024-09-30_11-20-41_0000029_00001027,spectrograms_training\train\2024-09-30_11-20-41_0000029_00001027.png,USV,2024-09-30_11-20-41_0000029.wav
2024-09-30_11-20-41_0000029_00001450,spectrograms_training\train\2024-09-30_11-20-41_0000029_00001450.png,USV,2024-09-30_11-20-41_0000029.wav
2024-09-30_11-20-41_0000029_00001696,spectrograms_training\train\2024-09-30_11-20-41_0000029_00001696.png,USV,2024-09-30_11-20-41_0000029.wav
2024-09-30_11-20-41_0000029_00001716,spectrograms_training\train\2024-09-30_11-20-41_0000029_00001716.png,USV,2024-09-30_11-20-41_0000029.wav
2024-09-30_11-20-41_0000029_00001811,spectrograms_training\train\2024-09-30_11-20-41_0000029_00001811.png,USV,2024-09-30_11-20-41_0000029.wav
2024-09-30_11-20-41_0000029_00001923,spectrograms_training\train\2024-09-30_11-20-41_0000029_00001923.png,USV,2024-09-30_11-20-41_0000029.wav
2024-09-30_11-20-41_0000029_00001965,spectrograms_training\train\2024-09-30_11-20-41_0000029_00001965.png,USV,2024-09-30_11-20-41_0000029.wav
2024-09-30_11-20-41_0000029_00002093,spectrograms_training\train\2024-09-30_11-20-41_0000029_00002093.png,USV,2024-09-30_11-20-41_0000029.wav
2024-09-30_11-20-41_0000029_00002206,spectrograms_training\train\2024-09-30_11-20-41_0000029_00002206.png,USV,2024-09-30_11-20-41_0000029.wav
2024-09-30_11-20-41_0000029_00002342,spectrograms_training\train\2024-09-30_11-20-41_0000029_00002342.png,USV,2024-09-30_11-20-41_0000029.wav
2024-09-30_11-20-41_0000029_00002438,spectrograms_training\train\2024-09-30_11-20-41_0000029_00002438.png,USV,2024-09-30_11-20-41_0000029.wav
2024-09-30_11-20-41_0000029_00002656,spectrograms_training\train\2024-09-30_11-20-41_0000029_00002656.png,USV,2024-09-30_11-20-41_0000029.wav
2024-09-30_11-20-41_0000029_00002865,spectrograms_training\train\2024-09-30_11-20-41_0000029_00002865.png,USV,2024-09-30_11-20-41_0000029.wav
2024-09-30_11-20-41_0000029_00002986,spectrograms_training\train\2024-09-30_11-20-41_0000029_00002986.png,USV,2024-09-30_11-20-41_0000029.wav
2024-09-30_11-20-41_0000029_00003011,spectrograms_training\train\2024-09-30_11-20-41_0000029_00003011.png,USV,2024-09-30_11-20-41_0000029.wav
2024-09-30_11-20-41_0000029_00003184,spectrograms_training\train\2024-09-30_11-20-41_0000029_00003184.png,USV,2024-09-30_11-20-41_0000029.wav
2024-09-30_11-20-53_0000032_00000638,spectrograms_training\train\2024-09-30_11-20-53_0000032_00000638.png,Not USV,2024-09-30_11-20-53_0000032.wav
2024-09-30_11-20-53_0000032_00000782,spectrograms_training\train\2024-09-30_11-20-53_0000032_00000782.png,USV,2024-09-30_11-20-53_0000032.wav
2024-09-30_11-20-53_0000032_00000893,spectrograms_training\train\2024-09-30_11-20-53_0000032_00000893.png,USV,2024-09-30_11-20-53_0000032.wav
2024-09-30_11-20-53_0000032_00000983,spectrograms_training\train\2024-09-30_11-20-53_0000032_00000983.png,USV,2024-09-30_11-20-53_0000032.wav
2024-09-30_11-20-53_0000032_00002151,spectrograms_training\train\2024-09-30_11-20-53_0000032_00002151.png,USV,2024-09-30_11-20-53_0000032.wav
2024-09-30_11-20-53_0000032_00002252,spectrograms_training\train\2024-09-30_11-20-53_0000032_00002252.png,USV,2024-09-30_11-20-53_0000032.wav
2024-09-30_11-20-53_0000032_00002444,spectrograms_training\train\2024-09-30_11-20-53_0000032_00002444.png,USV,2024-09-30_11-20-53_0000032.wav
2024-09-30_11-20-53_0000032_00002557,spectrograms_training\train\2024-09-30_11-20-53_0000032_00002557.png,USV,2024-09-30_11-20-53_0000032.wav
2024-09-30_11-20-53_0000032_00002752,spectrograms_training\train\2024-09-30_11-20-53_0000032_00002752.png,Not USV,2024-09-30_11-20-53_0000032.wav
2024-09-30_11-20-53_0000032_00002787,spectrograms_training\train\2024-09-30_11-20-53_0000032_00002787.png,USV,2024-09-30_11-20-53_0000032.wav
2024-09-30_11-20-53_0000032_00002900,spectrograms_training\train\2024-09-30_11-20-53_0000032_00002900.png,USV,2024-09-30_11-20-53_0000032.wav
2024-09-30_11-20-53_0000032_00002923,spectrograms_training\train\2024-09-30_11-20-53_0000032_00002923.png,USV,2024-09-30_11-20-53_0000032.wav
2024-09-30_11-20-53_0000032_00003014,spectrograms_training\train\2024-09-30_11-20-53_0000032_00003014.png,USV,2024-09-30_11-20-53_0000032.wav
2024-09-30_11-20-53_0000032_00003046,spectrograms_training\train\2024-09-30_11-20-53_0000032_00003046.png,USV,2024-09-30_11-20-53_0000032.wav
2024-09-30_11-20-53_0000032_00003764,spectrograms_training\train\2024-09-30_11-20-53_0000032_00003764.png,USV,2024-09-30_11-20-53_0000032.wav
2024-09-30_11-20-56_0000033_00000266,spectrograms_training\train\2024-09-30_11-20-56_0000033_00000266.png,USV,2024-09-30_11-20-56_0000033.wav
2024-09-30_11-20-56_0000033_00000376,spectrograms_training\train\2024-09-30_11-20-56_0000033_00000376.png,USV,2024-09-30_11-20-56_0000033.wav
2024-09-30_11-20-56_0000033_00001033,spectrograms_training\train\2024-09-30_11-20-56_0000033_00001033.png,USV,2024-09-30_11-20-56_0000033.wav
2024-09-30_11-20-56_0000033_00001187,spectrograms_training\train\2024-09-30_11-20-56_0000033_00001187.png,USV,2024-09-30_11-20-56_0000033.wav
2024-09-30_11-20-56_0000033_00001315,spectrograms_training\train\2024-09-30_11-20-56_0000033_00001315.png,USV,2024-09-30_11-20-56_0000033.wav
2024-09-30_11-20-56_0000033_00001443,spectrograms_training\train\2024-09-30_11-20-56_0000033_00001443.png,USV,2024-09-30_11-20-56_0000033.wav
2024-09-30_11-21-01_0000034_00001135,spectrograms_training\train\2024-09-30_11-21-01_0000034_00001135.png,USV,2024-09-30_11-21-01_0000034.wav
2024-09-30_11-21-01_0000034_00001248,spectrograms_training\train\2024-09-30_11-21-01_0000034_00001248.png,USV,2024-09-30_11-21-01_0000034.wav
2024-09-30_11-21-01_0000034_00001350,spectrograms_training\train\2024-09-30_11-21-01_0000034_00001350.png,USV,2024-09-30_11-21-01_0000034.wav
2024-09-30_11-21-01_0000034_00001460,spectrograms_training\train\2024-09-30_11-21-01_0000034_00001460.png,USV,2024-09-30_11-21-01_0000034.wav
2024-09-30_11-21-01_0000034_00001565,spectrograms_training\train\2024-09-30_11-21-01_0000034_00001565.png,USV,2024-09-30_11-21-01_0000034.wav
2024-09-30_11-21-01_0000034_00001676,spectrograms_training\train\2024-09-30_11-21-01_0000034_00001676.png,USV,2024-09-30_11-21-01_0000034.wav
2024-09-30_11-21-01_0000034_00001764,spectrograms_training\train\2024-09-30_11-21-01_0000034_00001764.png,USV,2024-09-30_11-21-01_0000034.wav
2024-09-30_11-21-01_0000034_00001781,spectrograms_training\train\2024-09-30_11-21-01_0000034_00001781.png,USV,2024-09-30_11-21-01_0000034.wav
2024-09-30_11-21-01_0000034_00001870,spectrograms_training\train\2024-09-30_11-21-01_0000034_00001870.png,USV,2024-09-30_11-21-01_0000034.wav
2024-09-30_11-21-01_0000034_00001976,spectrograms_training\train\2024-09-30_11-21-01_0000034_00001976.png,USV,2024-09-30_11-21-01_0000034.wav
2024-09-30_11-21-01_0000034_00002177,spectrograms_training\train\2024-09-30_11-21-01_0000034_00002177.png,USV,2024-09-30_11-21-01_0000034.wav
2024-09-30_11-21-01_0000034_00002288,spectrograms_training\train\2024-09-30_11-21-01_0000034_00002288.png,USV,2024-09-30_11-21-01_0000034.wav
2024-09-30_11-21-01_0000034_00002388,spectrograms_training\train\2024-09-30_11-21-01_0000034_00002388.png,USV,2024-09-30_11-21-01_0000034.wav
2024-09-30_11-21-01_0000034_00002797,spectrograms_training\train\2024-09-30_11-21-01_0000034_00002797.png,USV,2024-09-30_11-21-01_0000034.wav
2024-09-30_11-21-01_0000034_00003226,spectrograms_training\train\2024-09-30_11-21-01_0000034_00003226.png,USV,2024-09-30_11-21-01_0000034.wav
2024-09-30_11-21-01_0000034_00003514,spectrograms_training\train\2024-09-30_11-21-01_0000034_00003514.png,USV,2024-09-30_11-21-01_0000034.wav
2024-09-30_11-21-01_0000034_00003747,spectrograms_training\train\2024-09-30_11-21-01_0000034_00003747.png,Not USV,2024-09-30_11-21-01_0000034.wav
2024-09-30_11-21-01_0000034_00003977,spectrograms_training\train\2024-09-30_11-21-01_0000034_00003977.png,USV,2024-09-30_11-21-01_0000034.wav
2024-09-30_11-21-01_0000034_00004042,spectrograms_training\train\2024-09-30_11-21-01_0000034_00004042.png,USV,2024-09-30_11-21-01_0000034.wav
2024-09-30_11-21-01_0000034_00004815,spectrograms_training\train\2024-09-30_11-21-01_0000034_00004815.png,USV,2024-09-30_11-21-01_0000034.wav
2024-09-30_11-21-01_0000034_00004955,spectrograms_training\train\2024-09-30_11-21-01_0000034_00004955.png,USV,2024-09-30_11-21-01_0000034.wav
2024-09-30_11-21-07_0000035_00001038,spectrograms_training\train\2024-09-30_11-21-07_0000035_00001038.png,USV,2024-09-30_11-21-07_0000035.wav
2024-09-30_11-21-07_0000035_00001128,spectrograms_training\train\2024-09-30_11-21-07_0000035_00001128.png,USV,2024-09-30_11-21-07_0000035.wav
2024-09-30_11-21-07_0000035_00001256,spectrograms_training\train\2024-09-30_11-21-07_0000035_00001256.png,USV,2024-09-30_11-21-07_0000035.wav
2024-09-30_11-21-07_0000035_00001386,spectrograms_training\train\2024-09-30_11-21-07_0000035_00001386.png,Not USV,2024-09-30_11-21-07_0000035.wav
2024-09-30_11-21-07_0000035_00002306,spectrograms_training\train\2024-09-30_11-21-07_0000035_00002306.png,USV,2024-09-30_11-21-07_0000035.wav
2024-09-30_11-21-07_0000035_00002817,spectrograms_training\train\2024-09-30_11-21-07_0000035_00002817.png,USV,2024-09-30_11-21-07_0000035.wav
2024-09-30_11-21-07_0000035_00003102,spectrograms_training\train\2024-09-30_11-21-07_0000035_00003102.png,USV,2024-09-30_11-21-07_0000035.wav
2024-09-30_11-21-07_0000035_00003213,spectrograms_training\train\2024-09-30_11-21-07_0000035_00003213.png,USV,2024-09-30_11-21-07_0000035.wav
2024-09-30_11-21-07_0000035_00003322,spectrograms_training\train\2024-09-30_11-21-07_0000035_00003322.png,USV,2024-09-30_11-21-07_0000035.wav
2024-09-30_11-21-07_0000035_00003422,spectrograms_training\train\2024-09-30_11-21-07_0000035_00003422.png,USV,2024-09-30_11-21-07_0000035.wav
2024-09-30_11-21-07_0000035_00003520,spectrograms_training\train\2024-09-30_11-21-07_0000035_00003520.png,USV,2024-09-30_11-21-07_0000035.wav
2024-09-30_11-21-07_0000035_00003616,spectrograms_training\train\2024-09-30_11-21-07_0000035_00003616.png,USV,2024-09-30_11-21-07_0000035.wav
2024-09-30_11-21-07_0000035_00003739,spectrograms_training\train\2024-09-30_11-21-07_0000035_00003739.png,USV,2024-09-30_11-21-07_0000035.wav
2024-09-30_11-21-07_0000035_00003856,spectrograms_training\train\2024-09-30_11-21-07_0000035_00003856.png,USV,2024-09-30_11-21-07_0000035.wav
2024-09-30_11-21-07_0000035_00003959,spectrograms_training\train\2024-09-30_11-21-07_0000035_00003959.png,USV,2024-09-30_11-21-07_0000035.wav
2024-09-30_11-21-07_0000035_00004448,spectrograms_training\train\2024-09-30_11-21-07_0000035_00004448.png,USV,2024-09-30_11-21-07_0000035.wav
2024-09-30_11-21-07_0000035_00004722,spectrograms_training\train\2024-09-30_11-21-07_0000035_00004722.png,USV,2024-09-30_11-21-07_0000035.wav
2024-09-30_11-21-07_0000035_00004837,spectrograms_training\train\2024-09-30_11-21-07_0000035_00004837.png,USV,2024-09-30_11-21-07_0000035.wav
2024-09-30_11-21-07_0000035_00004957,spectrograms_training\train\2024-09-30_11-21-07_0000035_00004957.png,USV,2024-09-30_11-21-07_0000035.wav
2024-09-30_11-21-07_0000035_00005199,spectrograms_training\train\2024-09-30_11-21-07_0000035_00005199.png,USV,2024-09-30_11-21-07_0000035.wav
2024-09-30_11-21-07_0000035_00005339,spectrograms_training\train\2024-09-30_11-21-07_0000035_00005339.png,USV,2024-09-30_11-21-07_0000035.wav
2024-09-30_11-21-07_0000035_00005594,spectrograms_training\train\2024-09-30_11-21-07_0000035_00005594.png,USV,2024-09-30_11-21-07_0000035.wav
2024-09-30_11-21-07_0000035_00005761,spectrograms_training\train\2024-09-30_11-21-07_0000035_00005761.png,USV,2024-09-30_11-21-07_0000035.wav
2024-09-30_11-21-07_0000035_00005914,spectrograms_training\train\2024-09-30_11-21-07_0000035_00005914.png,USV,2024-09-30_11-21-07_0000035.wav
2024-09-30_11-21-07_0000035_00006040,spectrograms_training\train\2024-09-30_11-21-07_0000035_00006040.png,USV,2024-09-30_11-21-07_0000035.wav
2024-09-30_11-21-07_0000035_00006140,spectrograms_training\train\2024-09-30_11-21-07_0000035_00006140.png,USV,2024-09-30_11-21-07_0000035.wav
2024-09-30_11-21-07_0000035_00006702,spectrograms_training\train\2024-09-30_11-21-07_0000035_00006702.png,USV,2024-09-30_11-21-07_0000035.wav
2024-09-30_11-21-07_0000035_00006908,spectrograms_training\train\2024-09-30_11-21-07_0000035_00006908.png,Not USV,2024-09-30_11-21-07_0000035.wav
2024-09-30_11-21-14_0000036_00000203,spectrograms_training\train\2024-09-30_11-21-14_0000036_00000203.png,USV,2024-09-30_11-21-14_0000036.wav
2024-09-30_11-21-14_0000036_00000407,spectrograms_training\train\2024-09-30_11-21-14_0000036_00000407.png,Not USV,2024-09-30_11-21-14_0000036.wav
2024-09-30_11-21-14_0000036_00000889,spectrograms_training\train\2024-09-30_11-21-14_0000036_00000889.png,USV,2024-09-30_11-21-14_0000036.wav
2024-09-30_11-21-14_0000036_00001046,spectrograms_training\train\2024-09-30_11-21-14_0000036_00001046.png,USV,2024-09-30_11-21-14_0000036.wav
2024-09-30_11-21-14_0000036_00001102,spectrograms_training\train\2024-09-30_11-21-14_0000036_00001102.png,Not USV,2024-09-30_11-21-14_0000036.wav
2024-09-30_11-21-14_0000036_00001437,spectrograms_training\train\2024-09-30_11-21-14_0000036_00001437.png,USV,2024-09-30_11-21-14_0000036.wav
2024-09-30_11-21-14_0000036_00001606,spectrograms_training\train\2024-09-30_11-21-14_0000036_00001606.png,USV,2024-09-30_11-21-14_0000036.wav
2024-09-30_11-21-14_0000036_00003092,spectrograms_training\train\2024-09-30_11-21-14_0000036_00003092.png,Not USV,2024-09-30_11-21-14_0000036.wav
2024-09-30_11-21-14_0000036_00003126,spectrograms_training\train\2024-09-30_11-21-14_0000036_00003126.png,Not USV,2024-09-30_11-21-14_0000036.wav
2024-09-30_11-21-18_0000037_00000676,spectrograms_training\train\2024-09-30_11-21-18_0000037_00000676.png,USV,2024-09-30_11-21-18_0000037.wav
2024-09-30_11-21-18_0000037_00000902,spectrograms_training\train\2024-09-30_11-21-18_0000037_00000902.png,USV,2024-09-30_11-21-18_0000037.wav
2024-09-30_11-21-18_0000037_00000960,spectrograms_training\train\2024-09-30_11-21-18_0000037_00000960.png,Not USV,2024-09-30_11-21-18_0000037.wav
2024-09-30_11-21-18_0000037_00001002,spectrograms_training\train\2024-09-30_11-21-18_0000037_00001002.png,USV,2024-09-30_11-21-18_0000037.wav
2024-09-30_11-21-18_0000037_00001083,spectrograms_training\train\2024-09-30_11-21-18_0000037_00001083.png,USV,2024-09-30_11-21-18_0000037.wav
2024-09-30_11-21-18_0000037_00001244,spectrograms_training\train\2024-09-30_11-21-18_0000037_00001244.png,Not USV,2024-09-30_11-21-18_0000037.wav
2024-09-30_11-21-18_0000037_00001529,spectrograms_training\train\2024-09-30_11-21-18_0000037_00001529.png,USV,2024-09-30_11-21-18_0000037.wav
2024-09-30_11-21-22_0000038_00000890,spectrograms_training\train\2024-09-30_11-21-22_0000038_00000890.png,USV,2024-09-30_11-21-22_0000038.wav
2024-09-30_11-21-22_0000038_00001003,spectrograms_training\train\2024-09-30_11-21-22_0000038_00001003.png,USV,2024-09-30_11-21-22_0000038.wav
2024-09-30_11-21-22_0000038_00001395,spectrograms_training\train\2024-09-30_11-21-22_0000038_00001395.png,Not USV,2024-09-30_11-21-22_0000038.wav
2024-09-30_11-21-22_0000038_00001455,spectrograms_training\train\2024-09-30_11-21-22_0000038_00001455.png,USV,2024-09-30_11-21-22_0000038.wav
2024-09-30_11-21-22_0000038_00001642,spectrograms_training\train\2024-09-30_11-21-22_0000038_00001642.png,Not USV,2024-09-30_11-21-22_0000038.wav
2024-09-30_11-21-22_0000038_00001740,spectrograms_training\train\2024-09-30_11-21-22_0000038_00001740.png,Not USV,2024-09-30_11-21-22_0000038.wav
2024-09-30_11-21-22_0000038_00001940,spectrograms_training\train\2024-09-30_11-21-22_0000038_00001940.png,Not USV,2024-09-30_11-21-22_0000038.wav
2024-09-30_11-21-24_0000039_00000947,spectrograms_training\train\2024-09-30_11-21-24_0000039_00000947.png,USV,2024-09-30_11-21-24_0000039.wav
2024-09-30_11-21-24_0000039_00001070,spectrograms_training\train\2024-09-30_11-21-24_0000039_00001070.png,USV,2024-09-30_11-21-24_0000039.wav
2024-09-30_11-21-24_0000039_00001196,spectrograms_training\train\2024-09-30_11-21-24_0000039_00001196.png,USV,2024-09-30_11-21-24_0000039.wav
2024-09-30_11-21-24_0000039_00001295,spectrograms_training\train\2024-09-30_11-21-24_0000039_00001295.png,USV,2024-09-30_11-21-24_0000039.wav
2024-09-30_11-21-24_0000039_00001570,spectrograms_training\train\2024-09-30_11-21-24_0000039_00001570.png,USV,2024-09-30_11-21-24_0000039.wav
2024-09-30_11-21-24_0000039_00001966,spectrograms_training\train\2024-09-30_11-21-24_0000039_00001966.png,USV,2024-09-30_11-21-24_0000039.wav
2024-09-30_11-21-24_0000039_00002105,spectrograms_training\train\2024-09-30_11-21-24_0000039_00002105.png,Not USV,2024-09-30_11-21-24_0000039.wav
2024-09-30_11-21-26_0000040_00000218,spectrograms_training\train\2024-09-30_11-21-26_0000040_00000218.png,USV,2024-09-30_11-21-26_0000040.wav
2024-09-30_11-21-26_0000040_00000357,spectrograms_training\train\2024-09-30_11-21-26_0000040_00000357.png,Not USV,2024-09-30_11-21-26_0000040.wav
2024-09-30_11-21-26_0000040_00000823,spectrograms_training\train\2024-09-30_11-21-26_0000040_00000823.png,USV,2024-09-30_11-21-26_0000040.wav
2024-09-30_11-21-26_0000040_00000898,spectrograms_training\train\2024-09-30_11-21-26_0000040_00000898.png,Not USV,2024-09-30_11-21-26_0000040.wav
2024-09-30_11-21-26_0000040_00000930,spectrograms_training\train\2024-09-30_11-21-26_0000040_00000930.png,USV,2024-09-30_11-21-26_0000040.wav
2024-09-30_11-21-26_0000040_00000990,spectrograms_training\train\2024-09-30_11-21-26_0000040_00000990.png,Not USV,2024-09-30_11-21-26_0000040.wav
2024-09-30_11-21-26_0000040_00001097,spectrograms_training\train\2024-09-30_11-21-26_0000040_00001097.png,Not USV,2024-09-30_11-21-26_0000040.wav
2024-09-30_11-21-26_0000040_00001125,spectrograms_training\train\2024-09-30_11-21-26_0000040_00001125.png,Not USV,2024-09-30_11-21-26_0000040.wav
2024-09-30_11-21-26_0000040_00001156,spectrograms_training\train\2024-09-30_11-21-26_0000040_00001156.png,USV,2024-09-30_11-21-26_0000040.wav
2024-09-30_11-21-26_0000040_00001225,spectrograms_training\train\2024-09-30_11-21-26_0000040_00001225.png,Not USV,2024-09-30_11-21-26_0000040.wav
2024-09-30_11-21-26_0000040_00001253,spectrograms_training\train\2024-09-30_11-21-26_0000040_00001253.png,Not USV,2024-09-30_11-21-26_0000040.wav
2024-09-30_11-21-26_0000040_00001284,spectrograms_training\train\2024-09-30_11-21-26_0000040_00001284.png,USV,2024-09-30_11-21-26_0000040.wav
2024-09-30_11-21-26_0000040_00001353,spectrograms_training\train\2024-09-30_11-21-26_0000040_00001353.png,USV,2024-09-30_11-21-26_0000040.wav
2024-09-30_11-21-26_0000040_00001440,spectrograms_training\train\2024-09-30_11-21-26_0000040_00001440.png,Not USV,2024-09-30_11-21-26_0000040.wav
2024-09-30_11-21-28_0000041_00001034,spectrograms_training\train\2024-09-30_11-21-28_0000041_00001034.png,Not USV,2024-09-30_11-21-28_0000041.wav
2024-09-30_11-21-28_0000041_00001089,spectrograms_training\train\2024-09-30_11-21-28_0000041_00001089.png,Not USV,2024-09-30_11-21-28_0000041.wav
2024-09-30_11-21-30_0000042_00000994,spectrograms_training\train\2024-09-30_11-21-30_0000042_00000994.png,Not USV,2024-09-30_11-21-30_0000042.wav
2024-09-30_11-21-30_0000042_00001072,spectrograms_training\train\2024-09-30_11-21-30_0000042_00001072.png,Not USV,2024-09-30_11-21-30_0000042.wav
2024-09-30_11-21-30_0000042_00001363,spectrograms_training\train\2024-09-30_11-21-30_0000042_00001363.png,Not USV,2024-09-30_11-21-30_0000042.wav
2024-09-30_11-21-30_0000042_00001506,spectrograms_training\train\2024-09-30_11-21-30_0000042_00001506.png,Not USV,2024-09-30_11-21-30_0000042.wav
2024-09-30_11-21-30_0000042_00001899,spectrograms_training\train\2024-09-30_11-21-30_0000042_00001899.png,USV,2024-09-30_11-21-30_0000042.wav
2024-09-30_11-21-30_0000042_00002034,spectrograms_training\train\2024-09-30_11-21-30_0000042_00002034.png,USV,2024-09-30_11-21-30_0000042.wav
2024-09-30_11-21-30_0000042_00002135,spectrograms_training\train\2024-09-30_11-21-30_0000042_00002135.png,USV,2024-09-30_11-21-30_0000042.wav
2024-09-30_11-21-30_0000042_00002254,spectrograms_training\train\2024-09-30_11-21-30_0000042_00002254.png,USV,2024-09-30_11-21-30_0000042.wav
2024-09-30_11-21-30_0000042_00002641,spectrograms_training\train\2024-09-30_11-21-30_0000042_00002641.png,USV,2024-09-30_11-21-30_0000042.wav
2024-09-30_11-21-34_0000043_00001029,spectrograms_training\train\2024-09-30_11-21-34_0000043_00001029.png,USV,2024-09-30_11-21-34_0000043.wav
2024-09-30_11-21-34_0000043_00001130,spectrograms_training\train\2024-09-30_11-21-34_0000043_00001130.png,USV,2024-09-30_11-21-34_0000043.wav
2024-09-30_11-21-34_0000043_00001181,spectrograms_training\train\2024-09-30_11-21-34_0000043_00001181.png,USV,2024-09-30_11-21-34_0000043.wav
2024-09-30_11-21-34_0000043_00001258,spectrograms_training\train\2024-09-30_11-21-34_0000043_00001258.png,USV,2024-09-30_11-21-34_0000043.wav
2024-09-30_11-21-34_0000043_00001309,spectrograms_training\train\2024-09-30_11-21-34_0000043_00001309.png,USV,2024-09-30_11-21-34_0000043.wav
2024-09-30_11-21-34_0000043_00001413,spectrograms_training\train\2024-09-30_11-21-34_0000043_00001413.png,USV,2024-09-30_11-21-34_0000043.wav
2024-09-30_11-21-34_0000043_00001780,spectrograms_training\train\2024-09-30_11-21-34_0000043_00001780.png,USV,2024-09-30_11-21-34_0000043.wav
2024-09-30_11-21-34_0000043_00001907,spectrograms_training\train\2024-09-30_11-21-34_0000043_00001907.png,USV,2024-09-30_11-21-34_0000043.wav
2024-09-30_11-21-34_0000043_00002054,spectrograms_training\train\2024-09-30_11-21-34_0000043_00002054.png,USV,2024-09-30_11-21-34_0000043.wav
2024-09-30_11-21-34_0000043_00002414,spectrograms_training\train\2024-09-30_11-21-34_0000043_00002414.png,USV,2024-09-30_11-21-34_0000043.wav
2024-09-30_11-21-34_0000043_00003034,spectrograms_training\train\2024-09-30_11-21-34_0000043_00003034.png,USV,2024-09-30_11-21-34_0000043.wav
2024-09-30_11-21-34_0000043_00003117,spectrograms_training\train\2024-09-30_11-21-34_0000043_00003117.png,USV,2024-09-30_11-21-34_0000043.wav
2024-09-30_11-21-34_0000043_00003912,spectrograms_training\train\2024-09-30_11-21-34_0000043_00003912.png,USV,2024-09-30_11-21-34_0000043.wav
2024-09-30_11-21-34_0000043_00004026,spectrograms_training\train\2024-09-30_11-21-34_0000043_00004026.png,USV,2024-09-30_11-21-34_0000043.wav
2024-09-30_11-21-34_0000043_00004423,spectrograms_training\train\2024-09-30_11-21-34_0000043_00004423.png,USV,2024-09-30_11-21-34_0000043.wav
2024-09-30_11-21-40_0000044_00000801,spectrograms_training\train\2024-09-30_11-21-40_0000044_00000801.png,USV,2024-09-30_11-21-40_0000044.wav
2024-09-30_11-21-40_0000044_00000995,spectrograms_training\train\2024-09-30_11-21-40_0000044_00000995.png,USV,2024-09-30_11-21-40_0000044.wav
2024-09-30_11-21-40_0000044_00001123,spectrograms_training\train\2024-09-30_11-21-40_0000044_00001123.png,USV,2024-09-30_11-21-40_0000044.wav
2024-09-30_11-21-40_0000044_00001626,spectrograms_training\train\2024-09-30_11-21-40_0000044_00001626.png,USV,2024-09-30_11-21-40_0000044.wav
2024-09-30_11-21-40_0000044_00001748,spectrograms_training\train\2024-09-30_11-21-40_0000044_00001748.png,USV,2024-09-30_11-21-40_0000044.wav
2024-09-30_11-21-40_0000044_00001962,spectrograms_training\train\2024-09-30_11-21-40_0000044_00001962.png,USV,2024-09-30_11-21-40_0000044.wav
2024-09-30_11-21-40_0000044_00002076,spectrograms_training\train\2024-09-30_11-21-40_0000044_00002076.png,Not USV,2024-09-30_11-21-40_0000044.wav
2024-09-30_11-21-40_0000044_00002905,spectrograms_training\train\2024-09-30_11-21-40_0000044_00002905.png,USV,2024-09-30_11-21-40_0000044.wav
2024-09-30_11-21-40_0000044_00003001,spectrograms_training\train\2024-09-30_11-21-40_0000044_00003001.png,USV,2024-09-30_11-21-40_0000044.wav
2024-09-30_11-18-17_0000001_noise_3b6bd41a,spectrograms_training\train\2024-09-30_11-18-17_0000001_noise_3b6bd41a.png,Not USV,2024-09-30_11-18-17_0000001.wav
2024-09-30_11-18-17_0000001_noise_57c82955,spectrograms_training\train\2024-09-30_11-18-17_0000001_noise_57c82955.png,Not USV,2024-09-30_11-18-17_0000001.wav
2024-09-30_11-18-17_0000001_noise_66261061,spectrograms_training\train\2024-09-30_11-18-17_0000001_noise_66261061.png,Not USV,2024-09-30_11-18-17_0000001.wav
2024-09-30_11-18-17_0000001_noise_79f3132c,spectrograms_training\train\2024-09-30_11-18-17_0000001_noise_79f3132c.png,Not USV,2024-09-30_11-18-17_0000001.wav
2024-09-30_11-18-17_0000001_noise_ca4f71d5,spectrograms_training\train\2024-09-30_11-18-17_0000001_noise_ca4f71d5.png,Not USV,2024-09-30_11-18-17_0000001.wav
2024-09-30_11-18-25_0000002_noise_2d5fb8e6,spectrograms_training\train\2024-09-30_11-18-25_0000002_noise_2d5fb8e6.png,Not USV,2024-09-30_11-18-25_0000002.wav
2024-09-30_11-18-25_0000002_noise_3027324b,spectrograms_training\train\2024-09-30_11-18-25_0000002_noise_3027324b.png,Not USV,2024-09-30_11-18-25_0000002.wav
2024-09-30_11-18-25_0000002_noise_8cfc4138,spectrograms_training\train\2024-09-30_11-18-25_0000002_noise_8cfc4138.png,Not USV,2024-09-30_11-18-25_0000002.wav
2024-09-30_11-18-25_0000002_noise_b1d84e4f,spectrograms_training\train\2024-09-30_11-18-25_0000002_noise_b1d84e4f.png,Not USV,2024-09-30_11-18-25_0000002.wav
2024-09-30_11-18-27_0000003_noise_0311b479,spectrograms_training\train\2024-09-30_11-18-27_0000003_noise_0311b479.png,Not USV,2024-09-30_11-18-27_0000003.wav
2024-09-30_11-18-27_0000003_noise_514429f0,spectrograms_training\train\2024-09-30_11-18-27_0000003_noise_514429f0.png,Not USV,2024-09-30_11-18-27_0000003.wav
2024-09-30_11-18-27_0000003_noise_58624ae7,spectrograms_training\train\2024-09-30_11-18-27_0000003_noise_58624ae7.png,Not USV,2024-09-30_11-18-27_0000003.wav
2024-09-30_11-18-27_0000003_noise_87d7561b,spectrograms_training\train\2024-09-30_11-18-27_0000003_noise_87d7561b.png,Not USV,2024-09-30_11-18-27_0000003.wav
2024-09-30_11-18-27_0000003_noise_c960e61f,spectrograms_training\train\2024-09-30_11-18-27_0000003_noise_c960e61f.png,Not USV,2024-09-30_11-18-27_0000003.wav
2024-09-30_11-18-27_0000003_noise_e1567e4e,spectrograms_training\train\2024-09-30_11-18-27_0000003_noise_e1567e4e.png,Not USV,2024-09-30_11-18-27_0000003.wav
2024-09-30_11-18-27_0000003_noise_f34e4eeb,spectrograms_training\train\2024-09-30_11-18-27_0000003_noise_f34e4eeb.png,Not USV,2024-09-30_11-18-27_0000003.wav
2024-09-30_11-18-34_0000004_noise_01742422,spectrograms_training\train\2024-09-30_11-18-34_0000004_noise_01742422.png,Not USV,2024-09-30_11-18-34_0000004.wav
2024-09-30_11-18-34_0000004_noise_05044801,spectrograms_training\train\2024-09-30_11-18-34_0000004_noise_05044801.png,Not USV,2024-09-30_11-18-34_0000004.wav
2024-09-30_11-18-34_0000004_noise_56112103,spectrograms_training\train\2024-09-30_11-18-34_0000004_noise_56112103.png,Not USV,2024-09-30_11-18-34_0000004.wav
2024-09-30_11-18-34_0000004_noise_73939e11,spectrograms_training\train\2024-09-30_11-18-34_0000004_noise_73939e11.png,Not USV,2024-09-30_11-18-34_0000004.wav
2024-09-30_11-18-34_0000004_noise_9a8c3fcc,spectrograms_training\train\2024-09-30_11-18-34_0000004_noise_9a8c3fcc.png,Not USV,2024-09-30_11-18-34_0000004.wav
2024-09-30_11-18-34_0000004_noise_a5cf1bc5,spectrograms_training\train\2024-09-30_11-18-34_0000004_noise_a5cf1bc5.png,Not USV,2024-09-30_11-18-34_0000004.wav
2024-09-30_11-18-34_0000004_noise_b29d5880,spectrograms_training\train\2024-09-30_11-18-34_0000004_noise_b29d5880.png,Not USV,2024-09-30_11-18-34_0000004.wav
2024-09-30_11-18-34_0000004_noise_b9ada7d9,spectrograms_training\train\2024-09-30_11-18-34_0000004_noise_b9ada7d9.png,Not USV,2024-09-30_11-18-34_0000004.wav
2024-09-30_11-18-34_0000004_noise_bbd13e3f,spectrograms_training\train\2024-09-30_11-18-34_0000004_noise_bbd13e3f.png,Not USV,2024-09-30_11-18-34_0000004.wav
2024-09-30_11-18-57_0000006_noise_2f355263,spectrograms_training\train\2024-09-30_11-18-57_0000006_noise_2f355263.png,Not USV,2024-09-30_11-18-57_0000006.wav
2024-09-30_11-18-57_0000006_noise_56bf1c43,spectrograms_training\train\2024-09-30_11-18-57_0000006_noise_56bf1c43.png,Not USV,2024-09-30_11-18-57_0000006.wav
2024-09-30_11-18-57_0000006_noise_5d7b1295,spectrograms_training\train\2024-09-30_11-18-57_0000006_noise_5d7b1295.png,Not USV,2024-09-30_11-18-57_0000006.wav
2024-09-30_11-18-57_0000006_noise_f16b2fbb,spectrograms_training\train\2024-09-30_11-18-57_0000006_noise_f16b2fbb.png,Not USV,2024-09-30_11-18-57_0000006.wav
2024-09-30_11-19-00_0000007_noise_22942aca,spectrograms_training\train\2024-09-30_11-19-00_0000007_noise_22942aca.png,Not USV,2024-09-30_11-19-00_0000007.wav
2024-09-30_11-19-00_0000007_noise_2a380230,spectrograms_training\train\2024-09-30_11-19-00_0000007_noise_2a380230.png,Not USV,2024-09-30_11-19-00_0000007.wav
2024-09-30_11-19-00_0000007_noise_3e5ae455,spectrograms_training\train\2024-09-30_11-19-00_0000007_noise_3e5ae455.png,Not USV,2024-09-30_11-19-00_0000007.wav
2024-09-30_11-19-00_0000007_noise_47446209,spectrograms_training\train\2024-09-30_11-19-00_0000007_noise_47446209.png,Not USV,2024-09-30_11-19-00_0000007.wav
2024-09-30_11-19-00_0000007_noise_59072935,spectrograms_training\train\2024-09-30_11-19-00_0000007_noise_59072935.png,Not USV,2024-09-30_11-19-00_0000007.wav
2024-09-30_11-19-00_0000007_noise_5c4ebc84,spectrograms_training\train\2024-09-30_11-19-00_0000007_noise_5c4ebc84.png,Not USV,2024-09-30_11-19-00_0000007.wav
2024-09-30_11-19-00_0000007_noise_6e029c81,spectrograms_training\train\2024-09-30_11-19-00_0000007_noise_6e029c81.png,Not USV,2024-09-30_11-19-00_0000007.wav
2024-09-30_11-19-00_0000007_noise_7c0f80ad,spectrograms_training\train\2024-09-30_11-19-00_0000007_noise_7c0f80ad.png,Not USV,2024-09-30_11-19-00_0000007.wav
2024-09-30_11-19-00_0000007_noise_a4962c1f,spectrograms_training\train\2024-09-30_11-19-00_0000007_noise_a4962c1f.png,Not USV,2024-09-30_11-19-00_0000007.wav
2024-09-30_11-19-00_0000007_noise_aefe6222,spectrograms_training\train\2024-09-30_11-19-00_0000007_noise_aefe6222.png,Not USV,2024-09-30_11-19-00_0000007.wav
2024-09-30_11-19-00_0000007_noise_b1330e5a,spectrograms_training\train\2024-09-30_11-19-00_0000007_noise_b1330e5a.png,Not USV,2024-09-30_11-19-00_0000007.wav
2024-09-30_11-19-00_0000007_noise_b169a437,spectrograms_training\train\2024-09-30_11-19-00_0000007_noise_b169a437.png,Not USV,2024-09-30_11-19-00_0000007.wav
2024-09-30_11-19-00_0000007_noise_b344d001,spectrograms_training\train\2024-09-30_11-19-00_0000007_noise_b344d001.png,Not USV,2024-09-30_11-19-00_0000007.wav
2024-09-30_11-19-00_0000007_noise_bd9d8061,spectrograms_training\train\2024-09-30_11-19-00_0000007_noise_bd9d8061.png,Not USV,2024-09-30_11-19-00_0000007.wav
2024-09-30_11-19-00_0000007_noise_da3b1956,spectrograms_training\train\2024-09-30_11-19-00_0000007_noise_da3b1956.png,Not USV,2024-09-30_11-19-00_0000007.wav
2024-09-30_11-19-00_0000007_noise_daa120ed,spectrograms_training\train\2024-09-30_11-19-00_0000007_noise_daa120ed.png,Not USV,2024-09-30_11-19-00_0000007.wav
2024-09-30_11-19-09_0000008_noise_0ee37d49,spectrograms_training\train\2024-09-30_11-19-09_0000008_noise_0ee37d49.png,Not USV,2024-09-30_11-19-09_0000008.wav
2024-09-30_11-19-09_0000008_noise_21b4c901,spectrograms_training\train\2024-09-30_11-19-09_0000008_noise_21b4c901.png,Not USV,2024-09-30_11-19-09_0000008.wav
2024-09-30_11-19-09_0000008_noise_5dc1db89,spectrograms_training\train\2024-09-30_11-19-09_0000008_noise_5dc1db89.png,Not USV,2024-09-30_11-19-09_0000008.wav
2024-09-30_11-19-09_0000008_noise_6f535677,spectrograms_training\train\2024-09-30_11-19-09_0000008_noise_6f535677.png,Not USV,2024-09-30_11-19-09_0000008.wav
2024-09-30_11-19-09_0000008_noise_a0150faf,spectrograms_training\train\2024-09-30_11-19-09_0000008_noise_a0150faf.png,Not USV,2024-09-30_11-19-09_0000008.wav
2024-09-30_11-19-09_0000008_noise_bec13e21,spectrograms_training\train\2024-09-30_11-19-09_0000008_noise_bec13e21.png,Not USV,2024-09-30_11-19-09_0000008.wav
2024-09-30_11-19-09_0000008_noise_ed39f09e,spectrograms_training\train\2024-09-30_11-19-09_0000008_noise_ed39f09e.png,Not USV,2024-09-30_11-19-09_0000008.wav
2024-09-30_11-19-16_0000011_noise_3a61a6c7,spectrograms_training\train\2024-09-30_11-19-16_0000011_noise_3a61a6c7.png,Not USV,2024-09-30_11-19-16_0000011.wav
2024-09-30_11-19-16_0000011_noise_3c91eb30,spectrograms_training\train\2024-09-30_11-19-16_0000011_noise_3c91eb30.png,Not USV,2024-09-30_11-19-16_0000011.wav
2024-09-30_11-19-16_0000011_noise_8f3dd792,spectrograms_training\train\2024-09-30_11-19-16_0000011_noise_8f3dd792.png,Not USV,2024-09-30_11-19-16_0000011.wav
2024-09-30_11-19-16_0000011_noise_95dcc5d7,spectrograms_training\train\2024-09-30_11-19-16_0000011_noise_95dcc5d7.png,Not USV,2024-09-30_11-19-16_0000011.wav
2024-09-30_11-19-16_0000011_noise_c5305bf9,spectrograms_training\train\2024-09-30_11-19-16_0000011_noise_c5305bf9.png,Not USV,2024-09-30_11-19-16_0000011.wav
2024-09-30_11-19-19_0000012_noise_13654f7d,spectrograms_training\train\2024-09-30_11-19-19_0000012_noise_13654f7d.png,Not USV,2024-09-30_11-19-19_0000012.wav
2024-09-30_11-19-19_0000012_noise_1632eb89,spectrograms_training\train\2024-09-30_11-19-19_0000012_noise_1632eb89.png,Not USV,2024-09-30_11-19-19_0000012.wav
2024-09-30_11-19-19_0000012_noise_2112fd94,spectrograms_training\train\2024-09-30_11-19-19_0000012_noise_2112fd94.png,Not USV,2024-09-30_11-19-19_0000012.wav
2024-09-30_11-19-19_0000012_noise_2ad0c308,spectrograms_training\train\2024-09-30_11-19-19_0000012_noise_2ad0c308.png,Not USV,2024-09-30_11-19-19_0000012.wav
2024-09-30_11-19-19_0000012_noise_3e9e8170,spectrograms_training\train\2024-09-30_11-19-19_0000012_noise_3e9e8170.png,Not USV,2024-09-30_11-19-19_0000012.wav
2024-09-30_11-19-19_0000012_noise_4d032330,spectrograms_training\train\2024-09-30_11-19-19_0000012_noise_4d032330.png,Not USV,2024-09-30_11-19-19_0000012.wav
2024-09-30_11-19-19_0000012_noise_51605560,spectrograms_training\train\2024-09-30_11-19-19_0000012_noise_51605560.png,Not USV,2024-09-30_11-19-19_0000012.wav
2024-09-30_11-19-19_0000012_noise_55f08ace,spectrograms_training\train\2024-09-30_11-19-19_0000012_noise_55f08ace.png,Not USV,2024-09-30_11-19-19_0000012.wav
2024-09-30_11-19-19_0000012_noise_5ff12103,spectrograms_training\train\2024-09-30_11-19-19_0000012_noise_5ff12103.png,Not USV,2024-09-30_11-19-19_0000012.wav
2024-09-30_11-19-19_0000012_noise_6456e69a,spectrograms_training\train\2024-09-30_11-19-19_0000012_noise_6456e69a.png,Not USV,2024-09-30_11-19-19_0000012.wav
2024-09-30_11-19-19_0000012_noise_7095e40e,spectrograms_training\train\2024-09-30_11-19-19_0000012_noise_7095e40e.png,Not USV,2024-09-30_11-19-19_0000012.wav
2024-09-30_11-19-19_0000012_noise_7869e875,spectrograms_training\train\2024-09-30_11-19-19_0000012_noise_7869e875.png,Not USV,2024-09-30_11-19-19_0000012.wav
2024-09-30_11-19-19_0000012_noise_882a2515,spectrograms_training\train\2024-09-30_11-19-19_0000012_noise_882a2515.png,Not USV,2024-09-30_11-19-19_0000012.wav
2024-09-30_11-19-19_0000012_noise_a148340e,spectrograms_training\train\2024-09-30_11-19-19_0000012_noise_a148340e.png,Not USV,2024-09-30_11-19-19_0000012.wav
2024-09-30_11-19-19_0000012_noise_c7abc494,spectrograms_training\train\2024-09-30_11-19-19_0000012_noise_c7abc494.png,Not USV,2024-09-30_11-19-19_0000012.wav
2024-09-30_11-19-19_0000012_noise_ce5de4e8,spectrograms_training\train\2024-09-30_11-19-19_0000012_noise_ce5de4e8.png,Not USV,2024-09-30_11-19-19_0000012.wav
2024-09-30_11-19-19_0000012_noise_e4b9c9fb,spectrograms_training\train\2024-09-30_11-19-19_0000012_noise_e4b9c9fb.png,Not USV,2024-09-30_11-19-19_0000012.wav
2024-09-30_11-19-19_0000012_noise_fead725e,spectrograms_training\train\2024-09-30_11-19-19_0000012_noise_fead725e.png,Not USV,2024-09-30_11-19-19_0000012.wav
2024-09-30_11-19-31_0000013_noise_2371b439,spectrograms_training\train\2024-09-30_11-19-31_0000013_noise_2371b439.png,Not USV,2024-09-30_11-19-31_0000013.wav
2024-09-30_11-19-31_0000013_noise_3984225a,spectrograms_training\train\2024-09-30_11-19-31_0000013_noise_3984225a.png,Not USV,2024-09-30_11-19-31_0000013.wav
2024-09-30_11-19-31_0000013_noise_54b8e091,spectrograms_training\train\2024-09-30_11-19-31_0000013_noise_54b8e091.png,Not USV,2024-09-30_11-19-31_0000013.wav
2024-09-30_11-19-31_0000013_noise_dd0d7cc6,spectrograms_training\train\2024-09-30_11-19-31_0000013_noise_dd0d7cc6.png,Not USV,2024-09-30_11-19-31_0000013.wav
2024-09-30_11-19-54_0000016_noise_80f3b3a1,spectrograms_training\train\2024-09-30_11-19-54_0000016_noise_80f3b3a1.png,Not USV,2024-09-30_11-19-54_0000016.wav
2024-09-30_11-19-54_0000016_noise_895b0a33,spectrograms_training\train\2024-09-30_11-19-54_0000016_noise_895b0a33.png,Not USV,2024-09-30_11-19-54_0000016.wav
2024-09-30_11-19-54_0000016_noise_a36a420e,spectrograms_training\train\2024-09-30_11-19-54_0000016_noise_a36a420e.png,Not USV,2024-09-30_11-19-54_0000016.wav
2024-09-30_11-19-54_0000016_noise_a38e8134,spectrograms_training\train\2024-09-30_11-19-54_0000016_noise_a38e8134.png,Not USV,2024-09-30_11-19-54_0000016.wav
2024-09-30_11-19-54_0000016_noise_f058d9ba,spectrograms_training\train\2024-09-30_11-19-54_0000016_noise_f058d9ba.png,Not USV,2024-09-30_11-19-54_0000016.wav
2024-09-30_11-19-55_0000017_noise_5a919fe3,spectrograms_training\train\2024-09-30_11-19-55_0000017_noise_5a919fe3.png,Not USV,2024-09-30_11-19-55_0000017.wav
2024-09-30_11-19-55_0000017_noise_83b3c6dd,spectrograms_training\train\2024-09-30_11-19-55_0000017_noise_83b3c6dd.png,Not USV,2024-09-30_11-19-55_0000017.wav
2024-09-30_11-19-55_0000017_noise_bc45442b,spectrograms_training\train\2024-09-30_11-19-55_0000017_noise_bc45442b.png,Not USV,2024-09-30_11-19-55_0000017.wav
2024-09-30_11-20-03_0000019_noise_364214a1,spectrograms_training\train\2024-09-30_11-20-03_0000019_noise_364214a1.png,Not USV,2024-09-30_11-20-03_0000019.wav
2024-09-30_11-20-03_0000019_noise_3cd42874,spectrograms_training\train\2024-09-30_11-20-03_0000019_noise_3cd42874.png,Not USV,2024-09-30_11-20-03_0000019.wav
2024-09-30_11-20-03_0000019_noise_6a70d98f,spectrograms_training\train\2024-09-30_11-20-03_0000019_noise_6a70d98f.png,Not USV,2024-09-30_11-20-03_0000019.wav
2024-09-30_11-20-03_0000019_noise_7759fcd5,spectrograms_training\train\2024-09-30_11-20-03_0000019_noise_7759fcd5.png,Not USV,2024-09-30_11-20-03_0000019.wav
2024-09-30_11-20-03_0000019_noise_84f237ac,spectrograms_training\train\2024-09-30_11-20-03_0000019_noise_84f237ac.png,Not USV,2024-09-30_11-20-03_0000019.wav
2024-09-30_11-20-03_0000019_noise_bcf7eae4,spectrograms_training\train\2024-09-30_11-20-03_0000019_noise_bcf7eae4.png,Not USV,2024-09-30_11-20-03_0000019.wav
2024-09-30_11-20-03_0000019_noise_f05a0739,spectrograms_training\train\2024-09-30_11-20-03_0000019_noise_f05a0739.png,Not USV,2024-09-30_11-20-03_0000019.wav
2024-09-30_11-20-07_0000020_noise_4b466f7c,spectrograms_training\train\2024-09-30_11-20-07_0000020_noise_4b466f7c.png,Not USV,2024-09-30_11-20-07_0000020.wav
2024-09-30_11-20-07_0000020_noise_553bbb8a,spectrograms_training\train\2024-09-30_11-20-07_0000020_noise_553bbb8a.png,Not USV,2024-09-30_11-20-07_0000020.wav
2024-09-30_11-20-07_0000020_noise_5a449623,spectrograms_training\train\2024-09-30_11-20-07_0000020_noise_5a449623.png,Not USV,2024-09-30_11-20-07_0000020.wav
2024-09-30_11-20-07_0000020_noise_90c14c94,spectrograms_training\train\2024-09-30_11-20-07_0000020_noise_90c14c94.png,Not USV,2024-09-30_11-20-07_0000020.wav
2024-09-30_11-20-07_0000020_noise_a44a536f,spectrograms_training\train\2024-09-30_11-20-07_0000020_noise_a44a536f.png,Not USV,2024-09-30_11-20-07_0000020.wav
2024-09-30_11-20-07_0000020_noise_fa92037c,spectrograms_training\train\2024-09-30_11-20-07_0000020_noise_fa92037c.png,Not USV,2024-09-30_11-20-07_0000020.wav
2024-09-30_11-20-09_0000021_noise_ea054ad6,spectrograms_training\train\2024-09-30_11-20-09_0000021_noise_ea054ad6.png,Not USV,2024-09-30_11-20-09_0000021.wav
2024-09-30_11-20-26_0000023_noise_46fece6b,spectrograms_training\train\2024-09-30_11-20-26_0000023_noise_46fece6b.png,Not USV,2024-09-30_11-20-26_0000023.wav
2024-09-30_11-20-26_0000023_noise_4c43f361,spectrograms_training\train\2024-09-30_11-20-26_0000023_noise_4c43f361.png,Not USV,2024-09-30_11-20-26_0000023.wav
2024-09-30_11-20-26_0000023_noise_82a55151,spectrograms_training\train\2024-09-30_11-20-26_0000023_noise_82a55151.png,Not USV,2024-09-30_11-20-26_0000023.wav
2024-09-30_11-20-26_0000023_noise_a39c7f6a,spectrograms_training\train\2024-09-30_11-20-26_0000023_noise_a39c7f6a.png,Not USV,2024-09-30_11-20-26_0000023.wav
2024-09-30_11-20-26_0000023_noise_e58fba79,spectrograms_training\train\2024-09-30_11-20-26_0000023_noise_e58fba79.png,Not USV,2024-09-30_11-20-26_0000023.wav
2024-09-30_11-20-26_0000023_noise_ee6f438f,spectrograms_training\train\2024-09-30_11-20-26_0000023_noise_ee6f438f.png,Not USV,2024-09-30_11-20-26_0000023.wav
2024-09-30_11-20-29_0000024_noise_65271d20,spectrograms_training\train\2024-09-30_11-20-29_0000024_noise_65271d20.png,Not USV,2024-09-30_11-20-29_0000024.wav
2024-09-30_11-20-29_0000024_noise_688349b3,spectrograms_training\train\2024-09-30_11-20-29_0000024_noise_688349b3.png,Not USV,2024-09-30_11-20-29_0000024.wav
2024-09-30_11-20-29_0000024_noise_6dc542e0,spectrograms_training\train\2024-09-30_11-20-29_0000024_noise_6dc542e0.png,Not USV,2024-09-30_11-20-29_0000024.wav
2024-09-30_11-20-29_0000024_noise_9d1689b6,spectrograms_training\train\2024-09-30_11-20-29_0000024_noise_9d1689b6.png,Not USV,2024-09-30_11-20-29_0000024.wav
2024-09-30_11-20-29_0000024_noise_b2b83723,spectrograms_training\train\2024-09-30_11-20-29_0000024_noise_b2b83723.png,Not USV,2024-09-30_11-20-29_0000024.wav
2024-09-30_11-20-29_0000024_noise_c85c1fe6,spectrograms_training\train\2024-09-30_11-20-29_0000024_noise_c85c1fe6.png,Not USV,2024-09-30_11-20-29_0000024.wav
2024-09-30_11-20-41_0000029_noise_1ee1a9f6,spectrograms_training\train\2024-09-30_11-20-41_0000029_noise_1ee1a9f6.png,Not USV,2024-09-30_11-20-41_0000029.wav
2024-09-30_11-20-41_0000029_noise_47e02c1d,spectrograms_training\train\2024-09-30_11-20-41_0000029_noise_47e02c1d.png,Not USV,2024-09-30_11-20-41_0000029.wav
2024-09-30_11-20-41_0000029_noise_62c63bb9,spectrograms_training\train\2024-09-30_11-20-41_0000029_noise_62c63bb9.png,Not USV,2024-09-30_11-20-41_0000029.wav
2024-09-30_11-20-41_0000029_noise_91b3b774,spectrograms_training\train\2024-09-30_11-20-41_0000029_noise_91b3b774.png,Not USV,2024-09-30_11-20-41_0000029.wav
2024-09-30_11-20-41_0000029_noise_c1aead10,spectrograms_training\train\2024-09-30_11-20-41_0000029_noise_c1aead10.png,Not USV,2024-09-30_11-20-41_0000029.wav
2024-09-30_11-20-53_0000032_noise_0df0b92d,spectrograms_training\train\2024-09-30_11-20-53_0000032_noise_0df0b92d.png,Not USV,2024-09-30_11-20-53_0000032.wav
2024-09-30_11-20-53_0000032_noise_28724e24,spectrograms_training\train\2024-09-30_11-20-53_0000032_noise_28724e24.png,Not USV,2024-09-30_11-20-53_0000032.wav
2024-09-30_11-20-53_0000032_noise_29b24615,spectrograms_training\train\2024-09-30_11-20-53_0000032_noise_29b24615.png,Not USV,2024-09-30_11-20-53_0000032.wav
2024-09-30_11-20-53_0000032_noise_487239eb,spectrograms_training\train\2024-09-30_11-20-53_0000032_noise_487239eb.png,Not USV,2024-09-30_11-20-53_0000032.wav
2024-09-30_11-20-53_0000032_noise_6314a3a0,spectrograms_training\train\2024-09-30_11-20-53_0000032_noise_6314a3a0.png,Not USV,2024-09-30_11-20-53_0000032.wav
2024-09-30_11-20-53_0000032_noise_a0b7e1b1,spectrograms_training\train\2024-09-30_11-20-53_0000032_noise_a0b7e1b1.png,Not USV,2024-09-30_11-20-53_0000032.wav
2024-09-30_11-20-53_0000032_noise_b457f7bc,spectrograms_training\train\2024-09-30_11-20-53_0000032_noise_b457f7bc.png,Not USV,2024-09-30_11-20-53_0000032.wav
2024-09-30_11-20-53_0000032_noise_ba09b299,spectrograms_training\train\2024-09-30_11-20-53_0000032_noise_ba09b299.png,Not USV,2024-09-30_11-20-53_0000032.wav
2024-09-30_11-20-53_0000032_noise_bab7e49c,spectrograms_training\train\2024-09-30_11-20-53_0000032_noise_bab7e49c.png,Not USV,2024-09-30_11-20-53_0000032.wav
2024-09-30_11-20-53_0000032_noise_db1f341f,spectrograms_training\train\2024-09-30_11-20-53_0000032_noise_db1f341f.png,Not USV,2024-09-30_11-20-53_0000032.wav
2024-09-30_11-20-53_0000032_noise_de494231,spectrograms_training\train\2024-09-30_11-20-53_0000032_noise_de494231.png,Not USV,2024-09-30_11-20-53_0000032.wav
2024-09-30_11-20-56_0000033_noise_012bf969,spectrograms_training\train\2024-09-30_11-20-56_0000033_noise_012bf969.png,Not USV,2024-09-30_11-20-56_0000033.wav
2024-09-30_11-20-56_0000033_noise_26fbe79e,spectrograms_training\train\2024-09-30_11-20-56_0000033_noise_26fbe79e.png,Not USV,2024-09-30_11-20-56_0000033.wav
2024-09-30_11-21-01_0000034_noise_004f82dd,spectrograms_training\train\2024-09-30_11-21-01_0000034_noise_004f82dd.png,Not USV,2024-09-30_11-21-01_0000034.wav
2024-09-30_11-21-01_0000034_noise_127e0656,spectrograms_training\train\2024-09-30_11-21-01_0000034_noise_127e0656.png,Not USV,2024-09-30_11-21-01_0000034.wav
2024-09-30_11-21-01_0000034_noise_2a415bd0,spectrograms_training\train\2024-09-30_11-21-01_0000034_noise_2a415bd0.png,Not USV,2024-09-30_11-21-01_0000034.wav
2024-09-30_11-21-01_0000034_noise_6caa2e4b,spectrograms_training\train\2024-09-30_11-21-01_0000034_noise_6caa2e4b.png,Not USV,2024-09-30_11-21-01_0000034.wav
2024-09-30_11-21-01_0000034_noise_818c0f0d,spectrograms_training\train\2024-09-30_11-21-01_0000034_noise_818c0f0d.png,Not USV,2024-09-30_11-21-01_0000034.wav
2024-09-30_11-21-01_0000034_noise_cccc84ce,spectrograms_training\train\2024-09-30_11-21-01_0000034_noise_cccc84ce.png,Not USV,2024-09-30_11-21-01_0000034.wav
2024-09-30_11-21-01_0000034_noise_ddc4c6b1,spectrograms_training\train\2024-09-30_11-21-01_0000034_noise_ddc4c6b1.png,Not USV,2024-09-30_11-21-01_0000034.wav
2024-09-30_11-21-07_0000035_noise_0f73db2e,spectrograms_training\train\2024-09-30_11-21-07_0000035_noise_0f73db2e.png,Not USV,2024-09-30_11-21-07_0000035.wav
2024-09-30_11-21-07_0000035_noise_3d66dbc5,spectrograms_training\train\2024-09-30_11-21-07_0000035_noise_3d66dbc5.png,Not USV,2024-09-30_11-21-07_0000035.wav
2024-09-30_11-21-07_0000035_noise_4d25da19,spectrograms_training\train\2024-09-30_11-21-07_0000035_noise_4d25da19.png,Not USV,2024-09-30_11-21-07_0000035.wav
2024-09-30_11-21-07_0000035_noise_7da267e1,spectrograms_training\train\2024-09-30_11-21-07_0000035_noise_7da267e1.png,Not USV,2024-09-30_11-21-07_0000035.wav
2024-09-30_11-21-07_0000035_noise_8b414062,spectrograms_training\train\2024-09-30_11-21-07_0000035_noise_8b414062.png,Not USV,2024-09-30_11-21-07_0000035.wav
2024-09-30_11-21-07_0000035_noise_98c49b06,spectrograms_training\train\2024-09-30_11-21-07_0000035_noise_98c49b06.png,Not USV,2024-09-30_11-21-07_0000035.wav
2024-09-30_11-21-07_0000035_noise_a5d1fd16,spectrograms_training\train\2024-09-30_11-21-07_0000035_noise_a5d1fd16.png,Not USV,2024-09-30_11-21-07_0000035.wav
2024-09-30_11-21-07_0000035_noise_b663f4ab,spectrograms_training\train\2024-09-30_11-21-07_0000035_noise_b663f4ab.png,Not USV,2024-09-30_11-21-07_0000035.wav
2024-09-30_11-21-07_0000035_noise_d5e6e097,spectrograms_training\train\2024-09-30_11-21-07_0000035_noise_d5e6e097.png,Not USV,2024-09-30_11-21-07_0000035.wav
2024-09-30_11-21-07_0000035_noise_f5e3708b,spectrograms_training\train\2024-09-30_11-21-07_0000035_noise_f5e3708b.png,Not USV,2024-09-30_11-21-07_0000035.wav
2024-09-30_11-21-14_0000036_noise_57ff7c46,spectrograms_training\train\2024-09-30_11-21-14_0000036_noise_57ff7c46.png,Not USV,2024-09-30_11-21-14_0000036.wav
2024-09-30_11-21-14_0000036_noise_59c94578,spectrograms_training\train\2024-09-30_11-21-14_0000036_noise_59c94578.png,Not USV,2024-09-30_11-21-14_0000036.wav
2024-09-30_11-21-14_0000036_noise_8f40d0bd,spectrograms_training\train\2024-09-30_11-21-14_0000036_noise_8f40d0bd.png,Not USV,2024-09-30_11-21-14_0000036.wav
2024-09-30_11-21-14_0000036_noise_8fff0d9b,spectrograms_training\train\2024-09-30_11-21-14_0000036_noise_8fff0d9b.png,Not USV,2024-09-30_11-21-14_0000036.wav
2024-09-30_11-21-14_0000036_noise_b0259fc8,spectrograms_training\train\2024-09-30_11-21-14_0000036_noise_b0259fc8.png,Not USV,2024-09-30_11-21-14_0000036.wav
2024-09-30_11-21-18_0000037_noise_64c38a9a,spectrograms_training\train\2024-09-30_11-21-18_0000037_noise_64c38a9a.png,Not USV,2024-09-30_11-21-18_0000037.wav
2024-09-30_11-21-18_0000037_noise_8118b7b9,spectrograms_training\train\2024-09-30_11-21-18_0000037_noise_8118b7b9.png,Not USV,2024-09-30_11-21-18_0000037.wav
2024-09-30_11-21-18_0000037_noise_b4e86e51,spectrograms_training\train\2024-09-30_11-21-18_0000037_noise_b4e86e51.png,Not USV,2024-09-30_11-21-18_0000037.wav
2024-09-30_11-21-18_0000037_noise_ffe03ff6,spectrograms_training\train\2024-09-30_11-21-18_0000037_noise_ffe03ff6.png,Not USV,2024-09-30_11-21-18_0000037.wav
2024-09-30_11-21-22_0000038_noise_4bc64e4c,spectrograms_training\train\2024-09-30_11-21-22_0000038_noise_4bc64e4c.png,Not USV,2024-09-30_11-21-22_0000038.wav
2024-09-30_11-21-22_0000038_noise_5521d6d0,spectrograms_training\train\2024-09-30_11-21-22_0000038_noise_5521d6d0.png,Not USV,2024-09-30_11-21-22_0000038.wav
2024-09-30_11-21-22_0000038_noise_8930c2e7,spectrograms_training\train\2024-09-30_11-21-22_0000038_noise_8930c2e7.png,Not USV,2024-09-30_11-21-22_0000038.wav
2024-09-30_11-21-24_0000039_noise_64f42ce5,spectrograms_training\train\2024-09-30_11-21-24_0000039_noise_64f42ce5.png,Not USV,2024-09-30_11-21-24_0000039.wav
2024-09-30_11-21-24_0000039_noise_a2cf4893,spectrograms_training\train\2024-09-30_11-21-24_0000039_noise_a2cf4893.png,Not USV,2024-09-30_11-21-24_0000039.wav
2024-09-30_11-21-24_0000039_noise_f771c515,spectrograms_training\train\2024-09-30_11-21-24_0000039_noise_f771c515.png,Not USV,2024-09-30_11-21-24_0000039.wav
2024-09-30_11-21-26_0000040_noise_2442ee53,spectrograms_training\train\2024-09-30_11-21-26_0000040_noise_2442ee53.png,Not USV,2024-09-30_11-21-26_0000040.wav
2024-09-30_11-21-26_0000040_noise_5e7cb651,spectrograms_training\train\2024-09-30_11-21-26_0000040_noise_5e7cb651.png,Not USV,2024-09-30_11-21-26_0000040.wav
2024-09-30_11-21-26_0000040_noise_9653e237,spectrograms_training\train\2024-09-30_11-21-26_0000040_noise_9653e237.png,Not USV,2024-09-30_11-21-26_0000040.wav
2024-09-30_11-21-26_0000040_noise_cdbca5f1,spectrograms_training\train\2024-09-30_11-21-26_0000040_noise_cdbca5f1.png,Not USV,2024-09-30_11-21-26_0000040.wav
2024-09-30_11-21-26_0000040_noise_f926fbe3,spectrograms_training\train\2024-09-30_11-21-26_0000040_noise_f926fbe3.png,Not USV,2024-09-30_11-21-26_0000040.wav
2024-09-30_11-21-28_0000041_noise_04c408c7,spectrograms_training\train\2024-09-30_11-21-28_0000041_noise_04c408c7.png,Not USV,2024-09-30_11-21-28_0000041.wav
2024-09-30_11-21-28_0000041_noise_6374d8f0,spectrograms_training\train\2024-09-30_11-21-28_0000041_noise_6374d8f0.png,Not USV,2024-09-30_11-21-28_0000041.wav
2024-09-30_11-21-28_0000041_noise_a47a5b05,spectrograms_training\train\2024-09-30_11-21-28_0000041_noise_a47a5b05.png,Not USV,2024-09-30_11-21-28_0000041.wav
2024-09-30_11-21-30_0000042_noise_2cedb5ba,spectrograms_training\train\2024-09-30_11-21-30_0000042_noise_2cedb5ba.png,Not USV,2024-09-30_11-21-30_0000042.wav
2024-09-30_11-21-30_0000042_noise_5c4710c6,spectrograms_training\train\2024-09-30_11-21-30_0000042_noise_5c4710c6.png,Not USV,2024-09-30_11-21-30_0000042.wav
2024-09-30_11-21-30_0000042_noise_6e8ca4d0,spectrograms_training\train\2024-09-30_11-21-30_0000042_noise_6e8ca4d0.png,Not USV,2024-09-30_11-21-30_0000042.wav
2024-09-30_11-21-30_0000042_noise_73570aea,spectrograms_training\train\2024-09-30_11-21-30_0000042_noise_73570aea.png,Not USV,2024-09-30_11-21-30_0000042.wav
2024-09-30_11-21-30_0000042_noise_875407ad,spectrograms_training\train\2024-09-30_11-21-30_0000042_noise_875407ad.png,Not USV,2024-09-30_11-21-30_0000042.wav
2024-09-30_11-21-30_0000042_noise_90fe8b5f,spectrograms_training\train\2024-09-30_11-21-30_0000042_noise_90fe8b5f.png,Not USV,2024-09-30_11-21-30_0000042.wav
2024-09-30_11-21-30_0000042_noise_9b8e8a7d,spectrograms_training\train\2024-09-30_11-21-30_0000042_noise_9b8e8a7d.png,Not USV,2024-09-30_11-21-30_0000042.wav
2024-09-30_11-21-30_0000042_noise_af5bb916,spectrograms_training\train\2024-09-30_11-21-30_0000042_noise_af5bb916.png,Not USV,2024-09-30_11-21-30_0000042.wav
2024-09-30_11-21-30_0000042_noise_d1c3532a,spectrograms_training\train\2024-09-30_11-21-30_0000042_noise_d1c3532a.png,Not USV,2024-09-30_11-21-30_0000042.wav
2024-09-30_11-21-34_0000043_noise_0a2095e2,spectrograms_training\train\2024-09-30_11-21-34_0000043_noise_0a2095e2.png,Not USV,2024-09-30_11-21-34_0000043.wav
2024-09-30_11-21-34_0000043_noise_1a15fe18,spectrograms_training\train\2024-09-30_11-21-34_0000043_noise_1a15fe18.png,Not USV,2024-09-30_11-21-34_0000043.wav
2024-09-30_11-21-34_0000043_noise_1fec7a1e,spectrograms_training\train\2024-09-30_11-21-34_0000043_noise_1fec7a1e.png,Not USV,2024-09-30_11-21-34_0000043.wav
2024-09-30_11-21-34_0000043_noise_37150bb1,spectrograms_training\train\2024-09-30_11-21-34_0000043_noise_37150bb1.png,Not USV,2024-09-30_11-21-34_0000043.wav
2024-09-30_11-21-34_0000043_noise_779f433d,spectrograms_training\train\2024-09-30_11-21-34_0000043_noise_779f433d.png,Not USV,2024-09-30_11-21-34_0000043.wav
2024-09-30_11-21-34_0000043_noise_88aa26dd,spectrograms_training\train\2024-09-30_11-21-34_0000043_noise_88aa26dd.png,Not USV,2024-09-30_11-21-34_0000043.wav
2024-09-30_11-21-34_0000043_noise_c60ccdb0,spectrograms_training\train\2024-09-30_11-21-34_0000043_noise_c60ccdb0.png,Not USV,2024-09-30_11-21-34_0000043.wav
2024-09-30_11-21-34_0000043_noise_ec221234,spectrograms_training\train\2024-09-30_11-21-34_0000043_noise_ec221234.png,Not USV,2024-09-30_11-21-34_0000043.wav
2024-09-30_11-21-34_0000043_noise_f1d094d6,spectrograms_training\train\2024-09-30_11-21-34_0000043_noise_f1d094d6.png,Not USV,2024-09-30_11-21-34_0000043.wav
2024-09-30_11-21-40_0000044_noise_87ab41e0,spectrograms_training\train\2024-09-30_11-21-40_0000044_noise_87ab41e0.png,Not USV,2024-09-30_11-21-40_0000044.wav
2024-09-30_11-21-40_0000044_noise_8c0aab73,spectrograms_training\train\2024-09-30_11-21-40_0000044_noise_8c0aab73.png,Not USV,2024-09-30_11-21-40_0000044.wav
2024-09-30_11-21-40_0000044_noise_8f81641e,spectrograms_training\train\2024-09-30_11-21-40_0000044_noise_8f81641e.png,Not USV,2024-09-30_11-21-40_0000044.wav
2024-09-30_11-21-40_0000044_noise_987ab09e,spectrograms_training\train\2024-09-30_11-21-40_0000044_noise_987ab09e.png,Not USV,2024-09-30_11-21-40_0000044.wav
2024-09-30_11-21-40_0000044_noise_d1c025fb,spectrograms_training\train\2024-09-30_11-21-40_0000044_noise_d1c025fb.png,Not USV,2024-09-30_11-21-40_0000044.wav
2024-09-30_11-21-40_0000044_noise_dffecb25,spectrograms_training\train\2024-09-30_11-21-40_0000044_noise_dffecb25.png,Not USV,2024-09-30_11-21-40_0000044.wav
2024-09-30_11-18-17_0000001_noise_13227a6f,spectrograms_training\train\2024-09-30_11-18-17_0000001_noise_13227a6f.png,Not USV,2024-09-30_11-18-17_0000001.wav
2024-09-30_11-18-17_0000001_noise_291e28aa,spectrograms_training\train\2024-09-30_11-18-17_0000001_noise_291e28aa.png,Not USV,2024-09-30_11-18-17_0000001.wav
2024-09-30_11-18-17_0000001_noise_38034989,spectrograms_training\train\2024-09-30_11-18-17_0000001_noise_38034989.png,Not USV,2024-09-30_11-18-17_0000001.wav
2024-09-30_11-18-17_0000001_noise_40c354f6,spectrograms_training\train\2024-09-30_11-18-17_0000001_noise_40c354f6.png,Not USV,2024-09-30_11-18-17_0000001.wav
2024-09-30_11-18-17_0000001_noise_4b2f801c,spectrograms_training\train\2024-09-30_11-18-17_0000001_noise_4b2f801c.png,Not USV,2024-09-30_11-18-17_0000001.wav
2024-09-30_11-18-17_0000001_noise_7372822e,spectrograms_training\train\2024-09-30_11-18-17_0000001_noise_7372822e.png,Not USV,2024-09-30_11-18-17_0000001.wav
2024-09-30_11-18-17_0000001_noise_8f11a5f8,spectrograms_training\train\2024-09-30_11-18-17_0000001_noise_8f11a5f8.png,Not USV,2024-09-30_11-18-17_0000001.wav
2024-09-30_11-18-17_0000001_noise_942ed8fd,spectrograms_training\train\2024-09-30_11-18-17_0000001_noise_942ed8fd.png,Not USV,2024-09-30_11-18-17_0000001.wav
2024-09-30_11-18-17_0000001_noise_c39777a7,spectrograms_training\train\2024-09-30_11-18-17_0000001_noise_c39777a7.png,Not USV,2024-09-30_11-18-17_0000001.wav
2024-09-30_11-18-17_0000001_noise_d2ada32a,spectrograms_training\train\2024-09-30_11-18-17_0000001_noise_d2ada32a.png,Not USV,2024-09-30_11-18-17_0000001.wav
2024-09-30_11-18-25_0000002_noise_8e44df63,spectrograms_training\train\2024-09-30_11-18-25_0000002_noise_8e44df63.png,Not USV,2024-09-30_11-18-25_0000002.wav
2024-09-30_11-18-25_0000002_noise_aa118388,spectrograms_training\train\2024-09-30_11-18-25_0000002_noise_aa118388.png,Not USV,2024-09-30_11-18-25_0000002.wav
2024-09-30_11-18-27_0000003_noise_2b97e070,spectrograms_training\train\2024-09-30_11-18-27_0000003_noise_2b97e070.png,Not USV,2024-09-30_11-18-27_0000003.wav
2024-09-30_11-18-27_0000003_noise_50782a60,spectrograms_training\train\2024-09-30_11-18-27_0000003_noise_50782a60.png,Not USV,2024-09-30_11-18-27_0000003.wav
2024-09-30_11-18-27_0000003_noise_58d81933,spectrograms_training\train\2024-09-30_11-18-27_0000003_noise_58d81933.png,Not USV,2024-09-30_11-18-27_0000003.wav
2024-09-30_11-18-27_0000003_noise_b46a9589,spectrograms_training\train\2024-09-30_11-18-27_0000003_noise_b46a9589.png,Not USV,2024-09-30_11-18-27_0000003.wav
2024-09-30_11-18-27_0000003_noise_da00411c,spectrograms_training\train\2024-09-30_11-18-27_0000003_noise_da00411c.png,Not USV,2024-09-30_11-18-27_0000003.wav
2024-09-30_11-18-27_0000003_noise_e67e8077,spectrograms_training\train\2024-09-30_11-18-27_0000003_noise_e67e8077.png,Not USV,2024-09-30_11-18-27_0000003.wav
2024-09-30_11-18-27_0000003_noise_fae1069d,spectrograms_training\train\2024-09-30_11-18-27_0000003_noise_fae1069d.png,Not USV,2024-09-30_11-18-27_0000003.wav
2024-09-30_11-18-27_0000003_noise_ff6fa076,spectrograms_training\train\2024-09-30_11-18-27_0000003_noise_ff6fa076.png,Not USV,2024-09-30_11-18-27_0000003.wav
2024-09-30_11-18-34_0000004_noise_093264af,spectrograms_training\train\2024-09-30_11-18-34_0000004_noise_093264af.png,Not USV,2024-09-30_11-18-34_0000004.wav
2024-09-30_11-18-34_0000004_noise_098b5644,spectrograms_training\train\2024-09-30_11-18-34_0000004_noise_098b5644.png,Not USV,2024-09-30_11-18-34_0000004.wav
2024-09-30_11-18-34_0000004_noise_36830166,spectrograms_training\train\2024-09-30_11-18-34_0000004_noise_36830166.png,Not USV,2024-09-30_11-18-34_0000004.wav
2024-09-30_11-18-34_0000004_noise_76c1783b,spectrograms_training\train\2024-09-30_11-18-34_0000004_noise_76c1783b.png,Not USV,2024-09-30_11-18-34_0000004.wav
2024-09-30_11-18-34_0000004_noise_7cff98ef,spectrograms_training\train\2024-09-30_11-18-34_0000004_noise_7cff98ef.png,Not USV,2024-09-30_11-18-34_0000004.wav
2024-09-30_11-18-34_0000004_noise_7fc4b08c,spectrograms_training\train\2024-09-30_11-18-34_0000004_noise_7fc4b08c.png,Not USV,2024-09-30_11-18-34_0000004.wav
2024-09-30_11-18-34_0000004_noise_a346d26a,spectrograms_training\train\2024-09-30_11-18-34_0000004_noise_a346d26a.png,Not USV,2024-09-30_11-18-34_0000004.wav
2024-09-30_11-18-34_0000004_noise_baa24adb,spectrograms_training\train\2024-09-30_11-18-34_0000004_noise_baa24adb.png,Not USV,2024-09-30_11-18-34_0000004.wav
2024-09-30_11-18-34_0000004_noise_c2b134ee,spectrograms_training\train\2024-09-30_11-18-34_0000004_noise_c2b134ee.png,Not USV,2024-09-30_11-18-34_0000004.wav
2024-09-30_11-18-34_0000004_noise_d1dbea0e,spectrograms_training\train\2024-09-30_11-18-34_0000004_noise_d1dbea0e.png,Not USV,2024-09-30_11-18-34_0000004.wav
2024-09-30_11-18-34_0000004_noise_f6d38125,spectrograms_training\train\2024-09-30_11-18-34_0000004_noise_f6d38125.png,Not USV,2024-09-30_11-18-34_0000004.wav
2024-09-30_11-18-57_0000006_noise_368d855e,spectrograms_training\train\2024-09-30_11-18-57_0000006_noise_368d855e.png,Not USV,2024-09-30_11-18-57_0000006.wav
2024-09-30_11-18-57_0000006_noise_6a47e9e8,spectrograms_training\train\2024-09-30_11-18-57_0000006_noise_6a47e9e8.png,Not USV,2024-09-30_11-18-57_0000006.wav
2024-09-30_11-18-57_0000006_noise_81081742,spectrograms_training\train\2024-09-30_11-18-57_0000006_noise_81081742.png,Not USV,2024-09-30_11-18-57_0000006.wav
2024-09-30_11-18-57_0000006_noise_92f33cf4,spectrograms_training\train\2024-09-30_11-18-57_0000006_noise_92f33cf4.png,Not USV,2024-09-30_11-18-57_0000006.wav
2024-09-30_11-18-57_0000006_noise_c8d2f3ac,spectrograms_training\train\2024-09-30_11-18-57_0000006_noise_c8d2f3ac.png,Not USV,2024-09-30_11-18-57_0000006.wav
2024-09-30_11-18-57_0000006_noise_d4f7c94c,spectrograms_training\train\2024-09-30_11-18-57_0000006_noise_d4f7c94c.png,Not USV,2024-09-30_11-18-57_0000006.wav
2024-09-30_11-19-00_0000007_noise_03cacfd2,spectrograms_training\train\2024-09-30_11-19-00_0000007_noise_03cacfd2.png,Not USV,2024-09-30_11-19-00_0000007.wav
2024-09-30_11-19-00_0000007_noise_05163efc,spectrograms_training\train\2024-09-30_11-19-00_0000007_noise_05163efc.png,Not USV,2024-09-30_11-19-00_0000007.wav
2024-09-30_11-19-00_0000007_noise_0b8186b6,spectrograms_training\train\2024-09-30_11-19-00_0000007_noise_0b8186b6.png,Not USV,2024-09-30_11-19-00_0000007.wav
2024-09-30_11-19-00_0000007_noise_1a793862,spectrograms_training\train\2024-09-30_11-19-00_0000007_noise_1a793862.png,Not USV,2024-09-30_11-19-00_0000007.wav
2024-09-30_11-19-00_0000007_noise_1f69f91e,spectrograms_training\train\2024-09-30_11-19-00_0000007_noise_1f69f91e.png,Not USV,2024-09-30_11-19-00_0000007.wav
2024-09-30_11-19-00_0000007_noise_31f1780e,spectrograms_training\train\2024-09-30_11-19-00_0000007_noise_31f1780e.png,Not USV,2024-09-30_11-19-00_0000007.wav
2024-09-30_11-19-00_0000007_noise_39379685,spectrograms_training\train\2024-09-30_11-19-00_0000007_noise_39379685.png,Not USV,2024-09-30_11-19-00_0000007.wav
2024-09-30_11-19-00_0000007_noise_582fc7ff,spectrograms_training\train\2024-09-30_11-19-00_0000007_noise_582fc7ff.png,Not USV,2024-09-30_11-19-00_0000007.wav
2024-09-30_11-19-00_0000007_noise_584daed6,spectrograms_training\train\2024-09-30_11-19-00_0000007_noise_584daed6.png,Not USV,2024-09-30_11-19-00_0000007.wav
2024-09-30_11-19-00_0000007_noise_8473ebda,spectrograms_training\train\2024-09-30_11-19-00_0000007_noise_8473ebda.png,Not USV,2024-09-30_11-19-00_0000007.wav
2024-09-30_11-19-00_0000007_noise_d83eb118,spectrograms_training\train\2024-09-30_11-19-00_0000007_noise_d83eb118.png,Not USV,2024-09-30_11-19-00_0000007.wav
2024-09-30_11-19-00_0000007_noise_f21fde5a,spectrograms_training\train\2024-09-30_11-19-00_0000007_noise_f21fde5a.png,Not USV,2024-09-30_11-19-00_0000007.wav
2024-09-30_11-19-09_0000008_noise_31a7cdfe,spectrograms_training\train\2024-09-30_11-19-09_0000008_noise_31a7cdfe.png,Not USV,2024-09-30_11-19-09_0000008.wav
2024-09-30_11-19-09_0000008_noise_37365c4a,spectrograms_training\train\2024-09-30_11-19-09_0000008_noise_37365c4a.png,Not USV,2024-09-30_11-19-09_0000008.wav
2024-09-30_11-19-09_0000008_noise_3c91e0d2,spectrograms_training\train\2024-09-30_11-19-09_0000008_noise_3c91e0d2.png,Not USV,2024-09-30_11-19-09_0000008.wav
2024-09-30_11-19-09_0000008_noise_3d4ba3d1,spectrograms_training\train\2024-09-30_11-19-09_0000008_noise_3d4ba3d1.png,Not USV,2024-09-30_11-19-09_0000008.wav
2024-09-30_11-19-09_0000008_noise_6ba7a375,spectrograms_training\train\2024-09-30_11-19-09_0000008_noise_6ba7a375.png,Not USV,2024-09-30_11-19-09_0000008.wav
2024-09-30_11-19-09_0000008_noise_8eae33dd,spectrograms_training\train\2024-09-30_11-19-09_0000008_noise_8eae33dd.png,Not USV,2024-09-30_11-19-09_0000008.wav
2024-09-30_11-19-09_0000008_noise_b5e5f7e8,spectrograms_training\train\2024-09-30_11-19-09_0000008_noise_b5e5f7e8.png,Not USV,2024-09-30_11-19-09_0000008.wav
2024-09-30_11-19-09_0000008_noise_c043d485,spectrograms_training\train\2024-09-30_11-19-09_0000008_noise_c043d485.png,Not USV,2024-09-30_11-19-09_0000008.wav
2024-09-30_11-19-09_0000008_noise_cc224a41,spectrograms_training\train\2024-09-30_11-19-09_0000008_noise_cc224a41.png,Not USV,2024-09-30_11-19-09_0000008.wav
2024-09-30_11-19-15_0000010_noise_62fa8641,spectrograms_training\train\2024-09-30_11-19-15_0000010_noise_62fa8641.png,Not USV,2024-09-30_11-19-15_0000010.wav
2024-09-30_11-19-15_0000010_noise_7ba701c5,spectrograms_training\train\2024-09-30_11-19-15_0000010_noise_7ba701c5.png,Not USV,2024-09-30_11-19-15_0000010.wav
2024-09-30_11-19-15_0000010_noise_9377a9ef,spectrograms_training\train\2024-09-30_11-19-15_0000010_noise_9377a9ef.png,Not USV,2024-09-30_11-19-15_0000010.wav
2024-09-30_11-19-15_0000010_noise_f7f8fc08,spectrograms_training\train\2024-09-30_11-19-15_0000010_noise_f7f8fc08.png,Not USV,2024-09-30_11-19-15_0000010.wav
2024-09-30_11-19-16_0000011_noise_05be9b28,spectrograms_training\train\2024-09-30_11-19-16_0000011_noise_05be9b28.png,Not USV,2024-09-30_11-19-16_0000011.wav
2024-09-30_11-19-16_0000011_noise_16813d2b,spectrograms_training\train\2024-09-30_11-19-16_0000011_noise_16813d2b.png,Not USV,2024-09-30_11-19-16_0000011.wav
2024-09-30_11-19-16_0000011_noise_16b804b0,spectrograms_training\train\2024-09-30_11-19-16_0000011_noise_16b804b0.png,Not USV,2024-09-30_11-19-16_0000011.wav
2024-09-30_11-19-16_0000011_noise_3affccaf,spectrograms_training\train\2024-09-30_11-19-16_0000011_noise_3affccaf.png,Not USV,2024-09-30_11-19-16_0000011.wav
2024-09-30_11-19-19_0000012_noise_046269f1,spectrograms_training\train\2024-09-30_11-19-19_0000012_noise_046269f1.png,Not USV,2024-09-30_11-19-19_0000012.wav
2024-09-30_11-19-19_0000012_noise_1302887b,spectrograms_training\train\2024-09-30_11-19-19_0000012_noise_1302887b.png,Not USV,2024-09-30_11-19-19_0000012.wav
2024-09-30_11-19-19_0000012_noise_163eeb01,spectrograms_training\train\2024-09-30_11-19-19_0000012_noise_163eeb01.png,Not USV,2024-09-30_11-19-19_0000012.wav
2024-09-30_11-19-19_0000012_noise_7cf7e498,spectrograms_training\train\2024-09-30_11-19-19_0000012_noise_7cf7e498.png,Not USV,2024-09-30_11-19-19_0000012.wav
2024-09-30_11-19-19_0000012_noise_8616d35d,spectrograms_training\train\2024-09-30_11-19-19_0000012_noise_8616d35d.png,Not USV,2024-09-30_11-19-19_0000012.wav
2024-09-30_11-19-19_0000012_noise_928a2a4d,spectrograms_training\train\2024-09-30_11-19-19_0000012_noise_928a2a4d.png,Not USV,2024-09-30_11-19-19_0000012.wav
2024-09-30_11-19-19_0000012_noise_9e66a6e8,spectrograms_training\train\2024-09-30_11-19-19_0000012_noise_9e66a6e8.png,Not USV,2024-09-30_11-19-19_0000012.wav
2024-09-30_11-19-19_0000012_noise_a608cc39,spectrograms_training\train\2024-09-30_11-19-19_0000012_noise_a608cc39.png,Not USV,2024-09-30_11-19-19_0000012.wav
2024-09-30_11-19-19_0000012_noise_b68dac18,spectrograms_training\train\2024-09-30_11-19-19_0000012_noise_b68dac18.png,Not USV,2024-09-30_11-19-19_0000012.wav
2024-09-30_11-19-19_0000012_noise_bd1a6255,spectrograms_training\train\2024-09-30_11-19-19_0000012_noise_bd1a6255.png,Not USV,2024-09-30_11-19-19_0000012.wav
2024-09-30_11-19-19_0000012_noise_d1d58157,spectrograms_training\train\2024-09-30_11-19-19_0000012_noise_d1d58157.png,Not USV,2024-09-30_11-19-19_0000012.wav
2024-09-30_11-19-31_0000013_noise_2247941a,spectrograms_training\train\2024-09-30_11-19-31_0000013_noise_2247941a.png,Not USV,2024-09-30_11-19-31_0000013.wav
2024-09-30_11-19-31_0000013_noise_2c5eda03,spectrograms_training\train\2024-09-30_11-19-31_0000013_noise_2c5eda03.png,Not USV,2024-09-30_11-19-31_0000013.wav
2024-09-30_11-19-31_0000013_noise_8f04f66b,spectrograms_training\train\2024-09-30_11-19-31_0000013_noise_8f04f66b.png,Not USV,2024-09-30_11-19-31_0000013.wav
2024-09-30_11-19-31_0000013_noise_e2a0c900,spectrograms_training\train\2024-09-30_11-19-31_0000013_noise_e2a0c900.png,Not USV,2024-09-30_11-19-31_0000013.wav
2024-09-30_11-19-54_0000016_noise_007bb63b,spectrograms_training\train\2024-09-30_11-19-54_0000016_noise_007bb63b.png,Not USV,2024-09-30_11-19-54_0000016.wav
2024-09-30_11-19-54_0000016_noise_1d2f2ed6,spectrograms_training\train\2024-09-30_11-19-54_0000016_noise_1d2f2ed6.png,Not USV,2024-09-30_11-19-54_0000016.wav
2024-09-30_11-19-54_0000016_noise_2ac124ad,spectrograms_training\train\2024-09-30_11-19-54_0000016_noise_2ac124ad.png,Not USV,2024-09-30_11-19-54_0000016.wav
2024-09-30_11-19-54_0000016_noise_dd9f94b7,spectrograms_training\train\2024-09-30_11-19-54_0000016_noise_dd9f94b7.png,Not USV,2024-09-30_11-19-54_0000016.wav
2024-09-30_11-19-55_0000017_noise_130ad604,spectrograms_training\train\2024-09-30_11-19-55_0000017_noise_130ad604.png,Not USV,2024-09-30_11-19-55_0000017.wav
2024-09-30_11-19-55_0000017_noise_ee8036b4,spectrograms_training\train\2024-09-30_11-19-55_0000017_noise_ee8036b4.png,Not USV,2024-09-30_11-19-55_0000017.wav
2024-09-30_11-20-03_0000019_noise_4d80a6db,spectrograms_training\train\2024-09-30_11-20-03_0000019_noise_4d80a6db.png,Not USV,2024-09-30_11-20-03_0000019.wav
2024-09-30_11-20-03_0000019_noise_924eb410,spectrograms_training\train\2024-09-30_11-20-03_0000019_noise_924eb410.png,Not USV,2024-09-30_11-20-03_0000019.wav
2024-09-30_11-20-03_0000019_noise_cb3235a3,spectrograms_training\train\2024-09-30_11-20-03_0000019_noise_cb3235a3.png,Not USV,2024-09-30_11-20-03_0000019.wav
2024-09-30_11-20-07_0000020_noise_0e3e83f1,spectrograms_training\train\2024-09-30_11-20-07_0000020_noise_0e3e83f1.png,Not USV,2024-09-30_11-20-07_0000020.wav
2024-09-30_11-20-07_0000020_noise_209ec246,spectrograms_training\train\2024-09-30_11-20-07_0000020_noise_209ec246.png,Not USV,2024-09-30_11-20-07_0000020.wav
2024-09-30_11-20-07_0000020_noise_786a28d0,spectrograms_training\train\2024-09-30_11-20-07_0000020_noise_786a28d0.png,Not USV,2024-09-30_11-20-07_0000020.wav
2024-09-30_11-20-07_0000020_noise_826459b8,spectrograms_training\train\2024-09-30_11-20-07_0000020_noise_826459b8.png,Not USV,2024-09-30_11-20-07_0000020.wav
2024-09-30_11-20-09_0000021_noise_0a75e7f3,spectrograms_training\train\2024-09-30_11-20-09_0000021_noise_0a75e7f3.png,Not USV,2024-09-30_11-20-09_0000021.wav
2024-09-30_11-20-09_0000021_noise_0f8d23b2,spectrograms_training\train\2024-09-30_11-20-09_0000021_noise_0f8d23b2.png,Not USV,2024-09-30_11-20-09_0000021.wav
2024-09-30_11-20-09_0000021_noise_2d530956,spectrograms_training\train\2024-09-30_11-20-09_0000021_noise_2d530956.png,Not USV,2024-09-30_11-20-09_0000021.wav
2024-09-30_11-20-09_0000021_noise_3b14c105,spectrograms_training\train\2024-09-30_11-20-09_0000021_noise_3b14c105.png,Not USV,2024-09-30_11-20-09_0000021.wav
2024-09-30_11-20-09_0000021_noise_410a1e74,spectrograms_training\train\2024-09-30_11-20-09_0000021_noise_410a1e74.png,Not USV,2024-09-30_11-20-09_0000021.wav
2024-09-30_11-20-09_0000021_noise_4b01af33,spectrograms_training\train\2024-09-30_11-20-09_0000021_noise_4b01af33.png,Not USV,2024-09-30_11-20-09_0000021.wav
2024-09-30_11-20-09_0000021_noise_798dd330,spectrograms_training\train\2024-09-30_11-20-09_0000021_noise_798dd330.png,Not USV,2024-09-30_11-20-09_0000021.wav
2024-09-30_11-20-09_0000021_noise_acab87ba,spectrograms_training\train\2024-09-30_11-20-09_0000021_noise_acab87ba.png,Not USV,2024-09-30_11-20-09_0000021.wav
2024-09-30_11-20-09_0000021_noise_eeff87e5,spectrograms_training\train\2024-09-30_11-20-09_0000021_noise_eeff87e5.png,Not USV,2024-09-30_11-20-09_0000021.wav
2024-09-30_11-20-09_0000021_noise_ef825b56,spectrograms_training\train\2024-09-30_11-20-09_0000021_noise_ef825b56.png,Not USV,2024-09-30_11-20-09_0000021.wav
2024-09-30_11-20-26_0000023_noise_0521dd95,spectrograms_training\train\2024-09-30_11-20-26_0000023_noise_0521dd95.png,Not USV,2024-09-30_11-20-26_0000023.wav
2024-09-30_11-20-26_0000023_noise_0f6eb31d,spectrograms_training\train\2024-09-30_11-20-26_0000023_noise_0f6eb31d.png,Not USV,2024-09-30_11-20-26_0000023.wav
2024-09-30_11-20-26_0000023_noise_3ba43ecc,spectrograms_training\train\2024-09-30_11-20-26_0000023_noise_3ba43ecc.png,Not USV,2024-09-30_11-20-26_0000023.wav
2024-09-30_11-20-26_0000023_noise_89d7081e,spectrograms_training\train\2024-09-30_11-20-26_0000023_noise_89d7081e.png,Not USV,2024-09-30_11-20-26_0000023.wav
2024-09-30_11-20-26_0000023_noise_ca4f6023,spectrograms_training\train\2024-09-30_11-20-26_0000023_noise_ca4f6023.png,Not USV,2024-09-30_11-20-26_0000023.wav
2024-09-30_11-20-26_0000023_noise_da49f55f,spectrograms_training\train\2024-09-30_11-20-26_0000023_noise_da49f55f.png,Not USV,2024-09-30_11-20-26_0000023.wav
2024-09-30_11-20-29_0000024_noise_1c8bac50,spectrograms_training\train\2024-09-30_11-20-29_0000024_noise_1c8bac50.png,Not USV,2024-09-30_11-20-29_0000024.wav
2024-09-30_11-20-29_0000024_noise_20fb201e,spectrograms_training\train\2024-09-30_11-20-29_0000024_noise_20fb201e.png,Not USV,2024-09-30_11-20-29_0000024.wav
2024-09-30_11-20-29_0000024_noise_8ad27c65,spectrograms_training\train\2024-09-30_11-20-29_0000024_noise_8ad27c65.png,Not USV,2024-09-30_11-20-29_0000024.wav
2024-09-30_11-20-29_0000024_noise_e60dfefa,spectrograms_training\train\2024-09-30_11-20-29_0000024_noise_e60dfefa.png,Not USV,2024-09-30_11-20-29_0000024.wav
2024-09-30_11-20-29_0000024_noise_fc755109,spectrograms_training\train\2024-09-30_11-20-29_0000024_noise_fc755109.png,Not USV,2024-09-30_11-20-29_0000024.wav
2024-09-30_11-20-32_0000025_noise_0780f9b2,spectrograms_training\train\2024-09-30_11-20-32_0000025_noise_0780f9b2.png,Not USV,2024-09-30_11-20-32_0000025.wav
2024-09-30_11-20-32_0000025_noise_582ddc41,spectrograms_training\train\2024-09-30_11-20-32_0000025_noise_582ddc41.png,Not USV,2024-09-30_11-20-32_0000025.wav
2024-09-30_11-20-32_0000025_noise_748325bd,spectrograms_training\train\2024-09-30_11-20-32_0000025_noise_748325bd.png,Not USV,2024-09-30_11-20-32_0000025.wav
2024-09-30_11-20-32_0000025_noise_7c721604,spectrograms_training\train\2024-09-30_11-20-32_0000025_noise_7c721604.png,Not USV,2024-09-30_11-20-32_0000025.wav
2024-09-30_11-20-41_0000029_noise_351ddc6a,spectrograms_training\train\2024-09-30_11-20-41_0000029_noise_351ddc6a.png,Not USV,2024-09-30_11-20-41_0000029.wav
2024-09-30_11-20-41_0000029_noise_3e2d9389,spectrograms_training\train\2024-09-30_11-20-41_0000029_noise_3e2d9389.png,Not USV,2024-09-30_11-20-41_0000029.wav
2024-09-30_11-20-41_0000029_noise_63935c14,spectrograms_training\train\2024-09-30_11-20-41_0000029_noise_63935c14.png,Not USV,2024-09-30_11-20-41_0000029.wav
2024-09-30_11-20-41_0000029_noise_6d1d5fe3,spectrograms_training\train\2024-09-30_11-20-41_0000029_noise_6d1d5fe3.png,Not USV,2024-09-30_11-20-41_0000029.wav
2024-09-30_11-20-41_0000029_noise_91ecf04c,spectrograms_training\train\2024-09-30_11-20-41_0000029_noise_91ecf04c.png,Not USV,2024-09-30_11-20-41_0000029.wav
2024-09-30_11-20-41_0000029_noise_a05703fd,spectrograms_training\train\2024-09-30_11-20-41_0000029_noise_a05703fd.png,Not USV,2024-09-30_11-20-41_0000029.wav
2024-09-30_11-20-41_0000029_noise_d4c7051d,spectrograms_training\train\2024-09-30_11-20-41_0000029_noise_d4c7051d.png,Not USV,2024-09-30_11-20-41_0000029.wav
2024-09-30_11-20-41_0000029_noise_e6a2184b,spectrograms_training\train\2024-09-30_11-20-41_0000029_noise_e6a2184b.png,Not USV,2024-09-30_11-20-41_0000029.wav
2024-09-30_11-20-53_0000032_noise_47a31ee3,spectrograms_training\train\2024-09-30_11-20-53_0000032_noise_47a31ee3.png,Not USV,2024-09-30_11-20-53_0000032.wav
2024-09-30_11-20-53_0000032_noise_983040f1,spectrograms_training\train\2024-09-30_11-20-53_0000032_noise_983040f1.png,Not USV,2024-09-30_11-20-53_0000032.wav
2024-09-30_11-20-53_0000032_noise_a31926f1,spectrograms_training\train\2024-09-30_11-20-53_0000032_noise_a31926f1.png,Not USV,2024-09-30_11-20-53_0000032.wav
2024-09-30_11-20-53_0000032_noise_c96ca020,spectrograms_training\train\2024-09-30_11-20-53_0000032_noise_c96ca020.png,Not USV,2024-09-30_11-20-53_0000032.wav
2024-09-30_11-20-53_0000032_noise_d20cc3f0,spectrograms_training\train\2024-09-30_11-20-53_0000032_noise_d20cc3f0.png,Not USV,2024-09-30_11-20-53_0000032.wav
2024-09-30_11-20-53_0000032_noise_df8219bf,spectrograms_training\train\2024-09-30_11-20-53_0000032_noise_df8219bf.png,Not USV,2024-09-30_11-20-53_0000032.wav
2024-09-30_11-20-56_0000033_noise_292bde04,spectrograms_training\train\2024-09-30_11-20-56_0000033_noise_292bde04.png,Not USV,2024-09-30_11-20-56_0000033.wav
2024-09-30_11-20-56_0000033_noise_3cc26847,spectrograms_training\train\2024-09-30_11-20-56_0000033_noise_3cc26847.png,Not USV,2024-09-30_11-20-56_0000033.wav
2024-09-30_11-20-56_0000033_noise_6285ccbe,spectrograms_training\train\2024-09-30_11-20-56_0000033_noise_6285ccbe.png,Not USV,2024-09-30_11-20-56_0000033.wav
2024-09-30_11-20-56_0000033_noise_68d9a642,spectrograms_training\train\2024-09-30_11-20-56_0000033_noise_68d9a642.png,Not USV,2024-09-30_11-20-56_0000033.wav
2024-09-30_11-20-56_0000033_noise_69834143,spectrograms_training\train\2024-09-30_11-20-56_0000033_noise_69834143.png,Not USV,2024-09-30_11-20-56_0000033.wav
2024-09-30_11-20-56_0000033_noise_98021428,spectrograms_training\train\2024-09-30_11-20-56_0000033_noise_98021428.png,Not USV,2024-09-30_11-20-56_0000033.wav
2024-09-30_11-20-56_0000033_noise_e49ac95f,spectrograms_training\train\2024-09-30_11-20-56_0000033_noise_e49ac95f.png,Not USV,2024-09-30_11-20-56_0000033.wav
2024-09-30_11-21-01_0000034_noise_03404759,spectrograms_training\train\2024-09-30_11-21-01_0000034_noise_03404759.png,Not USV,2024-09-30_11-21-01_0000034.wav
2024-09-30_11-21-01_0000034_noise_2862af09,spectrograms_training\train\2024-09-30_11-21-01_0000034_noise_2862af09.png,Not USV,2024-09-30_11-21-01_0000034.wav
2024-09-30_11-21-01_0000034_noise_3906d96e,spectrograms_training\train\2024-09-30_11-21-01_0000034_noise_3906d96e.png,Not USV,2024-09-30_11-21-01_0000034.wav
2024-09-30_11-21-01_0000034_noise_503f3aa1,spectrograms_training\train\2024-09-30_11-21-01_0000034_noise_503f3aa1.png,Not USV,2024-09-30_11-21-01_0000034.wav
2024-09-30_11-21-01_0000034_noise_5f9d2086,spectrograms_training\train\2024-09-30_11-21-01_0000034_noise_5f9d2086.png,Not USV,2024-09-30_11-21-01_0000034.wav
2024-09-30_11-21-01_0000034_noise_7695a51d,spectrograms_training\train\2024-09-30_11-21-01_0000034_noise_7695a51d.png,Not USV,2024-09-30_11-21-01_0000034.wav
2024-09-30_11-21-01_0000034_noise_8a59f2d2,spectrograms_training\train\2024-09-30_11-21-01_0000034_noise_8a59f2d2.png,Not USV,2024-09-30_11-21-01_0000034.wav
2024-09-30_11-21-01_0000034_noise_9da2185c,spectrograms_training\train\2024-09-30_11-21-01_0000034_noise_9da2185c.png,Not USV,2024-09-30_11-21-01_0000034.wav
2024-09-30_11-21-01_0000034_noise_a4a6c96d,spectrograms_training\train\2024-09-30_11-21-01_0000034_noise_a4a6c96d.png,Not USV,2024-09-30_11-21-01_0000034.wav
2024-09-30_11-21-01_0000034_noise_ad3e104e,spectrograms_training\train\2024-09-30_11-21-01_0000034_noise_ad3e104e.png,Not USV,2024-09-30_11-21-01_0000034.wav
2024-09-30_11-21-01_0000034_noise_c7c315c8,spectrograms_training\train\2024-09-30_11-21-01_0000034_noise_c7c315c8.png,Not USV,2024-09-30_11-21-01_0000034.wav
2024-09-30_11-21-01_0000034_noise_d79979de,spectrograms_training\train\2024-09-30_11-21-01_0000034_noise_d79979de.png,Not USV,2024-09-30_11-21-01_0000034.wav
2024-09-30_11-21-01_0000034_noise_f0eece76,spectrograms_training\train\2024-09-30_11-21-01_0000034_noise_f0eece76.png,Not USV,2024-09-30_11-21-01_0000034.wav
2024-09-30_11-21-07_0000035_noise_018940cc,spectrograms_training\train\2024-09-30_11-21-07_0000035_noise_018940cc.png,Not USV,2024-09-30_11-21-07_0000035.wav
2024-09-30_11-21-07_0000035_noise_16966d69,spectrograms_training\train\2024-09-30_11-21-07_0000035_noise_16966d69.png,Not USV,2024-09-30_11-21-07_0000035.wav
2024-09-30_11-21-07_0000035_noise_3359784a,spectrograms_training\train\2024-09-30_11-21-07_0000035_noise_3359784a.png,Not USV,2024-09-30_11-21-07_0000035.wav
2024-09-30_11-21-07_0000035_noise_3af8d08b,spectrograms_training\train\2024-09-30_11-21-07_0000035_noise_3af8d08b.png,Not USV,2024-09-30_11-21-07_0000035.wav
2024-09-30_11-21-07_0000035_noise_415bad95,spectrograms_training\train\2024-09-30_11-21-07_0000035_noise_415bad95.png,Not USV,2024-09-30_11-21-07_0000035.wav
2024-09-30_11-21-07_0000035_noise_4bff9991,spectrograms_training\train\2024-09-30_11-21-07_0000035_noise_4bff9991.png,Not USV,2024-09-30_11-21-07_0000035.wav
2024-09-30_11-21-07_0000035_noise_4c60d320,spectrograms_training\train\2024-09-30_11-21-07_0000035_noise_4c60d320.png,Not USV,2024-09-30_11-21-07_0000035.wav
2024-09-30_11-21-07_0000035_noise_4ca74f0e,spectrograms_training\train\2024-09-30_11-21-07_0000035_noise_4ca74f0e.png,Not USV,2024-09-30_11-21-07_0000035.wav
2024-09-30_11-21-07_0000035_noise_5c09eea0,spectrograms_training\train\2024-09-30_11-21-07_0000035_noise_5c09eea0.png,Not USV,2024-09-30_11-21-07_0000035.wav
2024-09-30_11-21-07_0000035_noise_7218cc47,spectrograms_training\train\2024-09-30_11-21-07_0000035_noise_7218cc47.png,Not USV,2024-09-30_11-21-07_0000035.wav
2024-09-30_11-21-07_0000035_noise_bb63a2d4,spectrograms_training\train\2024-09-30_11-21-07_0000035_noise_bb63a2d4.png,Not USV,2024-09-30_11-21-07_0000035.wav
2024-09-30_11-21-07_0000035_noise_d0cf6a34,spectrograms_training\train\2024-09-30_11-21-07_0000035_noise_d0cf6a34.png,Not USV,2024-09-30_11-21-07_0000035.wav
2024-09-30_11-21-14_0000036_noise_112e7e31,spectrograms_training\train\2024-09-30_11-21-14_0000036_noise_112e7e31.png,Not USV,2024-09-30_11-21-14_0000036.wav
2024-09-30_11-21-14_0000036_noise_15046f54,spectrograms_training\train\2024-09-30_11-21-14_0000036_noise_15046f54.png,Not USV,2024-09-30_11-21-14_0000036.wav
2024-09-30_11-21-14_0000036_noise_5121a403,spectrograms_training\train\2024-09-30_11-21-14_0000036_noise_5121a403.png,Not USV,2024-09-30_11-21-14_0000036.wav
2024-09-30_11-21-14_0000036_noise_51f46ca5,spectrograms_training\train\2024-09-30_11-21-14_0000036_noise_51f46ca5.png,Not USV,2024-09-30_11-21-14_0000036.wav
2024-09-30_11-21-14_0000036_noise_620e3b9f,spectrograms_training\train\2024-09-30_11-21-14_0000036_noise_620e3b9f.png,Not USV,2024-09-30_11-21-14_0000036.wav
2024-09-30_11-21-14_0000036_noise_859d209d,spectrograms_training\train\2024-09-30_11-21-14_0000036_noise_859d209d.png,Not USV,2024-09-30_11-21-14_0000036.wav
2024-09-30_11-21-14_0000036_noise_9043259a,spectrograms_training\train\2024-09-30_11-21-14_0000036_noise_9043259a.png,Not USV,2024-09-30_11-21-14_0000036.wav
2024-09-30_11-21-14_0000036_noise_f75a172f,spectrograms_training\train\2024-09-30_11-21-14_0000036_noise_f75a172f.png,Not USV,2024-09-30_11-21-14_0000036.wav
2024-09-30_11-21-18_0000037_noise_59b1567f,spectrograms_training\train\2024-09-30_11-21-18_0000037_noise_59b1567f.png,Not USV,2024-09-30_11-21-18_0000037.wav
2024-09-30_11-21-18_0000037_noise_5f4e3df9,spectrograms_training\train\2024-09-30_11-21-18_0000037_noise_5f4e3df9.png,Not USV,2024-09-30_11-21-18_0000037.wav
2024-09-30_11-21-18_0000037_noise_89425dfd,spectrograms_training\train\2024-09-30_11-21-18_0000037_noise_89425dfd.png,Not USV,2024-09-30_11-21-18_0000037.wav
2024-09-30_11-21-18_0000037_noise_d4affc93,spectrograms_training\train\2024-09-30_11-21-18_0000037_noise_d4affc93.png,Not USV,2024-09-30_11-21-18_0000037.wav
2024-09-30_11-21-22_0000038_noise_43bad5a7,spectrograms_training\train\2024-09-30_11-21-22_0000038_noise_43bad5a7.png,Not USV,2024-09-30_11-21-22_0000038.wav
2024-09-30_11-21-22_0000038_noise_584ce3f8,spectrograms_training\train\2024-09-30_11-21-22_0000038_noise_584ce3f8.png,Not USV,2024-09-30_11-21-22_0000038.wav
2024-09-30_11-21-22_0000038_noise_59f2263a,spectrograms_training\train\2024-09-30_11-21-22_0000038_noise_59f2263a.png,Not USV,2024-09-30_11-21-22_0000038.wav
2024-09-30_11-21-22_0000038_noise_ba619481,spectrograms_training\train\2024-09-30_11-21-22_0000038_noise_ba619481.png,Not USV,2024-09-30_11-21-22_0000038.wav
2024-09-30_11-21-22_0000038_noise_e317343b,spectrograms_training\train\2024-09-30_11-21-22_0000038_noise_e317343b.png,Not USV,2024-09-30_11-21-22_0000038.wav
2024-09-30_11-21-24_0000039_noise_1da7cba3,spectrograms_training\train\2024-09-30_11-21-24_0000039_noise_1da7cba3.png,Not USV,2024-09-30_11-21-24_0000039.wav
2024-09-30_11-21-24_0000039_noise_7c6302ef,spectrograms_training\train\2024-09-30_11-21-24_0000039_noise_7c6302ef.png,Not USV,2024-09-30_11-21-24_0000039.wav
2024-09-30_11-21-24_0000039_noise_86da27ad,spectrograms_training\train\2024-09-30_11-21-24_0000039_noise_86da27ad.png,Not USV,2024-09-30_11-21-24_0000039.wav
2024-09-30_11-21-24_0000039_noise_8c7a711f,spectrograms_training\train\2024-09-30_11-21-24_0000039_noise_8c7a711f.png,Not USV,2024-09-30_11-21-24_0000039.wav
2024-09-30_11-21-24_0000039_noise_b2a87002,spectrograms_training\train\2024-09-30_11-21-24_0000039_noise_b2a87002.png,Not USV,2024-09-30_11-21-24_0000039.wav
2024-09-30_11-21-24_0000039_noise_e84e1dd8,spectrograms_training\train\2024-09-30_11-21-24_0000039_noise_e84e1dd8.png,Not USV,2024-09-30_11-21-24_0000039.wav
2024-09-30_11-21-26_0000040_noise_7551c490,spectrograms_training\train\2024-09-30_11-21-26_0000040_noise_7551c490.png,Not USV,2024-09-30_11-21-26_0000040.wav
2024-09-30_11-21-26_0000040_noise_a163c2ea,spectrograms_training\train\2024-09-30_11-21-26_0000040_noise_a163c2ea.png,Not USV,2024-09-30_11-21-26_0000040.wav
2024-09-30_11-21-26_0000040_noise_ca6b3e2b,spectrograms_training\train\2024-09-30_11-21-26_0000040_noise_ca6b3e2b.png,Not USV,2024-09-30_11-21-26_0000040.wav
2024-09-30_11-21-28_0000041_noise_09b49f7a,spectrograms_training\train\2024-09-30_11-21-28_0000041_noise_09b49f7a.png,Not USV,2024-09-30_11-21-28_0000041.wav
2024-09-30_11-21-28_0000041_noise_f6f87fc0,spectrograms_training\train\2024-09-30_11-21-28_0000041_noise_f6f87fc0.png,Not USV,2024-09-30_11-21-28_0000041.wav
2024-09-30_11-21-30_0000042_noise_2c970a8e,spectrograms_training\train\2024-09-30_11-21-30_0000042_noise_2c970a8e.png,Not USV,2024-09-30_11-21-30_0000042.wav
2024-09-30_11-21-30_0000042_noise_332b470a,spectrograms_training\train\2024-09-30_11-21-30_0000042_noise_332b470a.png,Not USV,2024-09-30_11-21-30_0000042.wav
2024-09-30_11-21-30_0000042_noise_45810ae7,spectrograms_training\train\2024-09-30_11-21-30_0000042_noise_45810ae7.png,Not USV,2024-09-30_11-21-30_0000042.wav
2024-09-30_11-21-30_0000042_noise_4a7dd213,spectrograms_training\train\2024-09-30_11-21-30_0000042_noise_4a7dd213.png,Not USV,2024-09-30_11-21-30_0000042.wav
2024-09-30_11-21-30_0000042_noise_a7408a46,spectrograms_training\train\2024-09-30_11-21-30_0000042_noise_a7408a46.png,Not USV,2024-09-30_11-21-30_0000042.wav
2024-09-30_11-21-30_0000042_noise_c91d1237,spectrograms_training\train\2024-09-30_11-21-30_0000042_noise_c91d1237.png,Not USV,2024-09-30_11-21-30_0000042.wav
2024-09-30_11-21-34_0000043_noise_2bd2dd66,spectrograms_training\train\2024-09-30_11-21-34_0000043_noise_2bd2dd66.png,Not USV,2024-09-30_11-21-34_0000043.wav
2024-09-30_11-21-34_0000043_noise_3c45ac19,spectrograms_training\train\2024-09-30_11-21-34_0000043_noise_3c45ac19.png,Not USV,2024-09-30_11-21-34_0000043.wav
2024-09-30_11-21-34_0000043_noise_6048320d,spectrograms_training\train\2024-09-30_11-21-34_0000043_noise_6048320d.png,Not USV,2024-09-30_11-21-34_0000043.wav
2024-09-30_11-21-34_0000043_noise_857114c0,spectrograms_training\train\2024-09-30_11-21-34_0000043_noise_857114c0.png,Not USV,2024-09-30_11-21-34_0000043.wav
2024-09-30_11-21-34_0000043_noise_99817f9c,spectrograms_training\train\2024-09-30_11-21-34_0000043_noise_99817f9c.png,Not USV,2024-09-30_11-21-34_0000043.wav
2024-09-30_11-21-34_0000043_noise_a2fe137f,spectrograms_training\train\2024-09-30_11-21-34_0000043_noise_a2fe137f.png,Not USV,2024-09-30_11-21-34_0000043.wav
2024-09-30_11-21-34_0000043_noise_bdc2196a,spectrograms_training\train\2024-09-30_11-21-34_0000043_noise_bdc2196a.png,Not USV,2024-09-30_11-21-34_0000043.wav
2024-09-30_11-21-40_0000044_noise_00e3feb3,spectrograms_training\train\2024-09-30_11-21-40_0000044_noise_00e3feb3.png,Not USV,2024-09-30_11-21-40_0000044.wav
2024-09-30_11-21-40_0000044_noise_0b1af1c8,spectrograms_training\train\2024-09-30_11-21-40_0000044_noise_0b1af1c8.png,Not USV,2024-09-30_11-21-40_0000044.wav
2024-09-30_11-21-40_0000044_noise_215c5d76,spectrograms_training\train\2024-09-30_11-21-40_0000044_noise_215c5d76.png,Not USV,2024-09-30_11-21-40_0000044.wav
2024-09-30_11-21-40_0000044_noise_3cd44a1e,spectrograms_training\train\2024-09-30_11-21-40_0000044_noise_3cd44a1e.png,Not USV,2024-09-30_11-21-40_0000044.wav
2024-09-30_11-21-40_0000044_noise_76c25a00,spectrograms_training\train\2024-09-30_11-21-40_0000044_noise_76c25a00.png,Not USV,2024-09-30_11-21-40_0000044.wav
2024-09-30_11-21-40_0000044_noise_8019af73,spectrograms_training\train\2024-09-30_11-21-40_0000044_noise_8019af73.png,Not USV,2024-09-30_11-21-40_0000044.wav
