candidate_id,source_file,start_ms,end_ms,duration_ms,context_start_ms,context_end_ms,peak_freq_hz,peak_energy_db,interference_flag,spectrogram_path
2024-09-30_11-18-17_0000001_00000764,2024-09-30_11-18-17_0000001.wav,764.16,779.9466666666666,15.786666666666633,714.16,829.9466666666666,69726.5625,3.461928954684856,False,spectrograms_review\2024-09-30_11-18-17_0000001_00000764.png
2024-09-30_11-18-17_0000001_00000788,2024-09-30_11-18-17_0000001.wav,788.0533333333333,810.6666666666666,22.613333333333344,738.0533333333333,860.6666666666666,66210.9375,4.899174612616947,False,spectrograms_review\2024-09-30_11-18-17_0000001_00000788.png
2024-09-30_11-18-17_0000001_00000930,2024-09-30_11-18-17_0000001.wav,930.1333333333333,955.3066666666666,25.17333333333329,880.1333333333333,1005.3066666666666,85546.875,7.10094091061218,False,spectrograms_review\2024-09-30_11-18-17_0000001_00000930.png
2024-09-30_11-18-17_0000001_00001013,2024-09-30_11-18-17_0000001.wav,1012.9066666666666,1112.32,99.4133333333333,962.9066666666666,1162.32,62695.3125,14.026841694274134,False,spectrograms_review\2024-09-30_11-18-17_0000001_00001013.png
2024-09-30_11-18-17_0000001_00001190,2024-09-30_11-18-17_0000001.wav,1189.5466666666666,1240.32,50.77333333333331,1139.5466666666666,1290.32,62695.3125,14.026841694274134,False,spectrograms_review\2024-09-30_11-18-17_0000001_00001190.png
2024-09-30_11-18-17_0000001_00001318,2024-09-30_11-18-17_0000001.wav,1317.5466666666666,1368.32,50.77333333333331,1267.5466666666666,1418.32,62695.3125,14.026841694274134,False,spectrograms_review\2024-09-30_11-18-17_0000001_00001318.png
2024-09-30_11-18-17_0000001_00001446,2024-09-30_11-18-17_0000001.wav,1445.5466666666666,1496.32,50.77333333333331,1395.5466666666666,1546.32,62695.3125,14.027378786307194,False,spectrograms_review\2024-09-30_11-18-17_0000001_00001446.png
2024-09-30_11-18-17_0000001_00001574,2024-09-30_11-18-17_0000001.wav,1573.5466666666666,1624.32,50.77333333333331,1523.5466666666666,1674.32,62695.3125,14.027378786307192,False,spectrograms_review\2024-09-30_11-18-17_0000001_00001574.png
2024-09-30_11-18-17_0000001_00001702,2024-09-30_11-18-17_0000001.wav,1701.5466666666666,1752.32,50.77333333333331,1651.5466666666666,1802.32,62695.3125,14.026841694274134,False,spectrograms_review\2024-09-30_11-18-17_0000001_00001702.png
2024-09-30_11-18-17_0000001_00001830,2024-09-30_11-18-17_0000001.wav,1829.5466666666666,1880.32,50.77333333333331,1779.5466666666666,1930.32,62695.3125,14.027378786307194,False,spectrograms_review\2024-09-30_11-18-17_0000001_00001830.png
2024-09-30_11-18-17_0000001_00002041,2024-09-30_11-18-17_0000001.wav,2041.1733333333332,2089.813333333333,48.63999999999987,1991.1733333333332,2139.813333333333,72070.3125,11.313691332355845,False,spectrograms_review\2024-09-30_11-18-17_0000001_00002041.png
2024-09-30_11-18-17_0000001_00002115,2024-09-30_11-18-17_0000001.wav,2114.9866666666667,2144.4266666666667,29.440000000000055,2064.9866666666667,2194.4266666666667,26953.125,4.379915461933197,False,spectrograms_review\2024-09-30_11-18-17_0000001_00002115.png
2024-09-30_11-18-17_0000001_00002363,2024-09-30_11-18-17_0000001.wav,2363.3066666666664,2380.7999999999997,17.49333333333334,2313.3066666666664,2430.7999999999997,84375.0,4.811563345147882,False,spectrograms_review\2024-09-30_11-18-17_0000001_00002363.png
2024-09-30_11-18-17_0000001_00002461,2024-09-30_11-18-17_0000001.wav,2460.5866666666666,2473.813333333333,13.22666666666646,2410.5866666666666,2523.813333333333,62695.3125,5.737405619184576,False,spectrograms_review\2024-09-30_11-18-17_0000001_00002461.png
2024-09-30_11-18-17_0000001_00002566,2024-09-30_11-18-17_0000001.wav,2566.3999999999996,2597.5466666666666,31.146666666666988,2516.3999999999996,2647.5466666666666,60937.5,8.945485477444148,False,spectrograms_review\2024-09-30_11-18-17_0000001_00002566.png
2024-09-30_11-18-17_0000001_00002760,2024-09-30_11-18-17_0000001.wav,2760.1066666666666,2793.813333333333,33.70666666666648,2710.1066666666666,2843.813333333333,65039.0625,6.082587669096173,False,spectrograms_review\2024-09-30_11-18-17_0000001_00002760.png
2024-09-30_11-18-17_0000001_00002825,2024-09-30_11-18-17_0000001.wav,2824.96,2878.293333333333,53.33333333333303,2774.96,2928.293333333333,25781.25,14.350664913651553,False,spectrograms_review\2024-09-30_11-18-17_0000001_00002825.png
2024-09-30_11-18-17_0000001_00002946,2024-09-30_11-18-17_0000001.wav,2946.133333333333,3013.9733333333334,67.84000000000015,2896.133333333333,3063.9733333333334,65039.0625,13.398394139558787,False,spectrograms_review\2024-09-30_11-18-17_0000001_00002946.png
2024-09-30_11-18-17_0000001_00003071,2024-09-30_11-18-17_0000001.wav,3071.1466666666665,3120.213333333333,49.066666666666606,3021.1466666666665,3170.213333333333,70898.4375,9.628591302775035,False,spectrograms_review\2024-09-30_11-18-17_0000001_00003071.png
2024-09-30_11-18-17_0000001_00003199,2024-09-30_11-18-17_0000001.wav,3198.72,3220.9066666666663,22.186666666666497,3148.72,3270.9066666666663,27539.0625,5.65609035304281,False,spectrograms_review\2024-09-30_11-18-17_0000001_00003199.png
2024-09-30_11-18-17_0000001_00003312,2024-09-30_11-18-17_0000001.wav,3312.213333333333,3348.4799999999996,36.266666666666424,3262.213333333333,3398.4799999999996,69726.5625,7.046714368464419,False,spectrograms_review\2024-09-30_11-18-17_0000001_00003312.png
2024-09-30_11-18-17_0000001_00003432,2024-09-30_11-18-17_0000001.wav,3432.1066666666666,3459.8399999999997,27.73333333333312,3382.1066666666666,3509.8399999999997,69726.5625,13.189640768206692,False,spectrograms_review\2024-09-30_11-18-17_0000001_00003432.png
2024-09-30_11-18-17_0000001_00003543,2024-09-30_11-18-17_0000001.wav,3543.04,3573.7599999999998,30.7199999999998,3493.04,3623.7599999999998,69140.625,12.859236697364151,False,spectrograms_review\2024-09-30_11-18-17_0000001_00003543.png
2024-09-30_11-18-17_0000001_00003793,2024-09-30_11-18-17_0000001.wav,3792.64,3822.933333333333,30.293333333333067,3742.64,3872.933333333333,70898.4375,8.391615867829877,False,spectrograms_review\2024-09-30_11-18-17_0000001_00003793.png
2024-09-30_11-18-17_0000001_00004192,2024-09-30_11-18-17_0000001.wav,4191.573333333333,4211.626666666666,20.053333333333285,4141.573333333333,4261.626666666666,63281.25,6.557310387801969,False,spectrograms_review\2024-09-30_11-18-17_0000001_00004192.png
2024-09-30_11-18-17_0000001_00004304,2024-09-30_11-18-17_0000001.wav,4303.786666666666,4340.906666666667,37.1200000000008,4253.786666666666,4390.906666666667,68554.6875,11.165613467781387,False,spectrograms_review\2024-09-30_11-18-17_0000001_00004304.png
2024-09-30_11-18-17_0000001_00004419,2024-09-30_11-18-17_0000001.wav,4419.413333333333,4479.573333333333,60.159999999999854,4369.413333333333,4529.573333333333,71484.375,5.9743776944774485,False,spectrograms_review\2024-09-30_11-18-17_0000001_00004419.png
2024-09-30_11-18-17_0000001_00004525,2024-09-30_11-18-17_0000001.wav,4525.2266666666665,4575.1466666666665,49.92000000000007,4475.2266666666665,4625.1466666666665,92578.125,12.977997895541636,False,spectrograms_review\2024-09-30_11-18-17_0000001_00004525.png
2024-09-30_11-18-17_0000001_00004643,2024-09-30_11-18-17_0000001.wav,4642.5599999999995,4699.733333333333,57.173333333333176,4592.5599999999995,4749.733333333333,69140.625,14.894663470716807,False,spectrograms_review\2024-09-30_11-18-17_0000001_00004643.png
2024-09-30_11-18-17_0000001_00004777,2024-09-30_11-18-17_0000001.wav,4776.533333333333,4810.666666666666,34.13333333333321,4726.533333333333,4860.666666666666,62695.3125,12.329620589132551,False,spectrograms_review\2024-09-30_11-18-17_0000001_00004777.png
2024-09-30_11-18-17_0000001_00004887,2024-09-30_11-18-17_0000001.wav,4887.466666666666,4919.466666666666,32.0,4837.466666666666,4969.466666666666,63281.25,9.570352576081916,False,spectrograms_review\2024-09-30_11-18-17_0000001_00004887.png
2024-09-30_11-18-17_0000001_00005001,2024-09-30_11-18-17_0000001.wav,5000.533333333333,5026.986666666667,26.45333333333383,4950.533333333333,5076.986666666667,61523.4375,5.8640225979017,False,spectrograms_review\2024-09-30_11-18-17_0000001_00005001.png
2024-09-30_11-18-17_0000001_00005114,2024-09-30_11-18-17_0000001.wav,5114.453333333333,5157.973333333333,43.52000000000044,5064.453333333333,5207.973333333333,65039.0625,12.820966586979507,False,spectrograms_review\2024-09-30_11-18-17_0000001_00005114.png
2024-09-30_11-18-17_0000001_00005332,2024-09-30_11-18-17_0000001.wav,5332.053333333333,5357.2266666666665,25.173333333333176,5282.053333333333,5407.2266666666665,64453.125,14.482924674971244,False,spectrograms_review\2024-09-30_11-18-17_0000001_00005332.png
2024-09-30_11-18-17_0000001_00005439,2024-09-30_11-18-17_0000001.wav,5439.1466666666665,5459.626666666666,20.479999999999563,5389.1466666666665,5509.626666666666,69726.5625,6.35915454783003,False,spectrograms_review\2024-09-30_11-18-17_0000001_00005439.png
2024-09-30_11-18-17_0000001_00005659,2024-09-30_11-18-17_0000001.wav,5658.879999999999,5690.879999999999,32.0,5608.879999999999,5740.879999999999,25195.3125,8.1668675303688,False,spectrograms_review\2024-09-30_11-18-17_0000001_00005659.png
2024-09-30_11-18-17_0000001_00005793,2024-09-30_11-18-17_0000001.wav,5792.853333333333,5815.466666666666,22.613333333333685,5742.853333333333,5865.466666666666,69140.625,10.530202294147674,False,spectrograms_review\2024-09-30_11-18-17_0000001_00005793.png
2024-09-30_11-18-17_0000001_00006683,2024-09-30_11-18-17_0000001.wav,6683.306666666666,6734.9333333333325,51.6266666666661,6633.306666666666,6784.9333333333325,82031.25,12.059924798303228,False,spectrograms_review\2024-09-30_11-18-17_0000001_00006683.png
2024-09-30_11-18-17_0000001_00006867,2024-09-30_11-18-17_0000001.wav,6867.2,6926.9333333333325,59.733333333332666,6817.2,6976.9333333333325,72656.25,18.46804887991388,False,spectrograms_review\2024-09-30_11-18-17_0000001_00006867.png
2024-09-30_11-18-17_0000001_00007100,2024-09-30_11-18-17_0000001.wav,7100.16,7135.573333333333,35.41333333333296,7050.16,7185.573333333333,66210.9375,4.478528138413036,False,spectrograms_review\2024-09-30_11-18-17_0000001_00007100.png
2024-09-30_11-18-27_0000003_00001816,2024-09-30_11-18-27_0000003.wav,1816.32,1834.2399999999998,17.919999999999845,1766.32,1884.2399999999998,69726.5625,3.2365996979410365,False,spectrograms_review\2024-09-30_11-18-27_0000003_00001816.png
2024-09-30_11-18-27_0000003_00001918,2024-09-30_11-18-27_0000003.wav,1918.2933333333333,1943.4666666666665,25.173333333333176,1868.2933333333333,1993.4666666666665,71484.375,8.833744914983907,False,spectrograms_review\2024-09-30_11-18-27_0000003_00001918.png
2024-09-30_11-18-27_0000003_00002506,2024-09-30_11-18-27_0000003.wav,2505.813333333333,2530.133333333333,24.320000000000164,2455.813333333333,2580.133333333333,65625.0,5.319548069845615,False,spectrograms_review\2024-09-30_11-18-27_0000003_00002506.png
2024-09-30_11-18-27_0000003_00002874,2024-09-30_11-18-27_0000003.wav,2873.6,2891.52,17.920000000000073,2823.6,2941.52,96093.75,7.090793943166032,False,spectrograms_review\2024-09-30_11-18-27_0000003_00002874.png
2024-09-30_11-18-27_0000003_00003432,2024-09-30_11-18-27_0000003.wav,3431.68,3465.3866666666663,33.70666666666648,3381.68,3515.3866666666663,86132.8125,7.50995953040932,False,spectrograms_review\2024-09-30_11-18-27_0000003_00003432.png
2024-09-30_11-18-27_0000003_00003588,2024-09-30_11-18-27_0000003.wav,3587.8399999999997,3615.5733333333333,27.733333333333576,3537.8399999999997,3665.5733333333333,65625.0,13.051485741736897,False,spectrograms_review\2024-09-30_11-18-27_0000003_00003588.png
2024-09-30_11-18-27_0000003_00003852,2024-09-30_11-18-27_0000003.wav,3852.373333333333,3877.973333333333,25.59999999999991,3802.373333333333,3927.973333333333,63867.1875,6.315324955207292,False,spectrograms_review\2024-09-30_11-18-27_0000003_00003852.png
2024-09-30_11-18-27_0000003_00003959,2024-09-30_11-18-27_0000003.wav,3958.6133333333332,4016.213333333333,57.59999999999991,3908.6133333333332,4066.213333333333,72656.25,10.722673690006362,False,spectrograms_review\2024-09-30_11-18-27_0000003_00003959.png
2024-09-30_11-18-27_0000003_00004092,2024-09-30_11-18-27_0000003.wav,4092.16,4148.48,56.31999999999971,4042.16,4198.48,82617.1875,18.030352665532735,False,spectrograms_review\2024-09-30_11-18-27_0000003_00004092.png
2024-09-30_11-18-27_0000003_00004178,2024-09-30_11-18-27_0000003.wav,4177.92,4247.04,69.11999999999989,4127.92,4297.04,66210.9375,7.284719159968999,False,spectrograms_review\2024-09-30_11-18-27_0000003_00004178.png
2024-09-30_11-18-27_0000003_00004259,2024-09-30_11-18-27_0000003.wav,4258.5599999999995,4272.639999999999,14.079999999999927,4208.5599999999995,4322.639999999999,28125.0,3.1029240027490808,False,spectrograms_review\2024-09-30_11-18-27_0000003_00004259.png
2024-09-30_11-18-27_0000003_00004451,2024-09-30_11-18-27_0000003.wav,4450.5599999999995,4560.213333333333,109.65333333333365,4400.5599999999995,4610.213333333333,26953.125,9.955157532724904,False,spectrograms_review\2024-09-30_11-18-27_0000003_00004451.png
2024-09-30_11-18-27_0000003_00004787,2024-09-30_11-18-27_0000003.wav,4786.773333333333,4805.546666666666,18.77333333333354,4736.773333333333,4855.546666666666,26367.1875,15.242119050588709,False,spectrograms_review\2024-09-30_11-18-27_0000003_00004787.png
2024-09-30_11-18-27_0000003_00004814,2024-09-30_11-18-27_0000003.wav,4813.653333333333,4860.586666666666,46.933333333333394,4763.653333333333,4910.586666666666,28710.9375,9.123623290331524,False,spectrograms_review\2024-09-30_11-18-27_0000003_00004814.png
2024-09-30_11-18-27_0000003_00005028,2024-09-30_11-18-27_0000003.wav,5028.266666666666,5069.653333333333,41.386666666666315,4978.266666666666,5119.653333333333,29296.875,13.615113616020189,False,spectrograms_review\2024-09-30_11-18-27_0000003_00005028.png
2024-09-30_11-18-27_0000003_00005078,2024-09-30_11-18-27_0000003.wav,5077.759999999999,5121.28,43.52000000000044,5027.759999999999,5171.28,65039.0625,11.038551163499534,False,spectrograms_review\2024-09-30_11-18-27_0000003_00005078.png
2024-09-30_11-18-27_0000003_00005137,2024-09-30_11-18-27_0000003.wav,5136.639999999999,5155.413333333333,18.77333333333354,5086.639999999999,5205.413333333333,31640.625,7.05726369419402,False,spectrograms_review\2024-09-30_11-18-27_0000003_00005137.png
2024-09-30_11-18-27_0000003_00005308,2024-09-30_11-18-27_0000003.wav,5307.733333333333,5349.546666666666,41.8133333333335,5257.733333333333,5399.546666666666,84375.0,10.671910307270796,False,spectrograms_review\2024-09-30_11-18-27_0000003_00005308.png
2024-09-30_11-18-27_0000003_00005424,2024-09-30_11-18-27_0000003.wav,5424.213333333333,5455.36,31.146666666666533,5374.213333333333,5505.36,86132.8125,8.008961661485767,False,spectrograms_review\2024-09-30_11-18-27_0000003_00005424.png
2024-09-30_11-18-34_0000004_00001550,2024-09-30_11-18-34_0000004.wav,1549.6533333333332,1575.2533333333333,25.600000000000136,1499.6533333333332,1625.2533333333333,69726.5625,16.0561280872803,False,spectrograms_review\2024-09-30_11-18-34_0000004_00001550.png
2024-09-30_11-18-34_0000004_00001856,2024-09-30_11-18-34_0000004.wav,1855.5733333333333,1869.6533333333332,14.079999999999927,1805.5733333333333,1919.6533333333332,66210.9375,18.24563107455735,False,spectrograms_review\2024-09-30_11-18-34_0000004_00001856.png
2024-09-30_11-18-34_0000004_00002828,2024-09-30_11-18-34_0000004.wav,2827.52,2838.1866666666665,10.666666666666515,2777.52,2888.1866666666665,65039.0625,12.37685473684748,False,spectrograms_review\2024-09-30_11-18-34_0000004_00002828.png
2024-09-30_11-18-34_0000004_00003024,2024-09-30_11-18-34_0000004.wav,3024.213333333333,3036.5866666666666,12.373333333333449,2974.213333333333,3086.5866666666666,66210.9375,12.322082622280758,False,spectrograms_review\2024-09-30_11-18-34_0000004_00003024.png
2024-09-30_11-18-34_0000004_00003123,2024-09-30_11-18-34_0000004.wav,3122.773333333333,3138.133333333333,15.360000000000127,3072.773333333333,3188.133333333333,66796.875,11.755382568129264,False,spectrograms_review\2024-09-30_11-18-34_0000004_00003123.png
2024-09-30_11-18-34_0000004_00005618,2024-09-30_11-18-34_0000004.wav,5618.346666666666,5637.12,18.77333333333354,5568.346666666666,5687.12,63867.1875,20.768668954518535,False,spectrograms_review\2024-09-30_11-18-34_0000004_00005618.png
2024-09-30_11-18-34_0000004_00005655,2024-09-30_11-18-34_0000004.wav,5654.613333333333,5666.5599999999995,11.946666666666715,5604.613333333333,5716.5599999999995,68554.6875,15.348380799978926,False,spectrograms_review\2024-09-30_11-18-34_0000004_00005655.png
2024-09-30_11-18-34_0000004_00006232,2024-09-30_11-18-34_0000004.wav,6231.8933333333325,6246.4,14.506666666667115,6181.8933333333325,6296.4,61523.4375,14.775674684039986,False,spectrograms_review\2024-09-30_11-18-34_0000004_00006232.png
2024-09-30_11-18-34_0000004_00006607,2024-09-30_11-18-34_0000004.wav,6606.9333333333325,6632.959999999999,26.026666666666642,6556.9333333333325,6682.959999999999,66210.9375,24.262425132638658,False,spectrograms_review\2024-09-30_11-18-34_0000004_00006607.png
2024-09-30_11-18-34_0000004_00007090,2024-09-30_11-18-34_0000004.wav,7089.919999999999,7101.013333333332,11.093333333333248,7039.919999999999,7151.013333333332,70312.5,11.500231430340106,False,spectrograms_review\2024-09-30_11-18-34_0000004_00007090.png
2024-09-30_11-18-34_0000004_00007466,2024-09-30_11-18-34_0000004.wav,7466.24,7491.413333333333,25.173333333333176,7416.24,7541.413333333333,70898.4375,16.703316454822218,False,spectrograms_review\2024-09-30_11-18-34_0000004_00007466.png
2024-09-30_11-18-34_0000004_00007591,2024-09-30_11-18-34_0000004.wav,7591.253333333333,7630.506666666666,39.2533333333331,7541.253333333333,7680.506666666666,67968.75,22.891123287237065,False,spectrograms_review\2024-09-30_11-18-34_0000004_00007591.png
2024-09-30_11-18-34_0000004_00007745,2024-09-30_11-18-34_0000004.wav,7745.28,7757.2266666666665,11.946666666666715,7695.28,7807.2266666666665,68554.6875,19.529352009487123,False,spectrograms_review\2024-09-30_11-18-34_0000004_00007745.png
2024-09-30_11-18-34_0000004_00007958,2024-09-30_11-18-34_0000004.wav,7957.759999999999,7970.5599999999995,12.800000000000182,7907.759999999999,8020.5599999999995,65625.0,14.14376788967202,False,spectrograms_review\2024-09-30_11-18-34_0000004_00007958.png
2024-09-30_11-18-34_0000004_00008151,2024-09-30_11-18-34_0000004.wav,8151.466666666666,8173.653333333333,22.186666666666497,8101.466666666666,8223.653333333332,69140.625,16.82820892057441,False,spectrograms_review\2024-09-30_11-18-34_0000004_00008151.png
2024-09-30_11-18-34_0000004_00008262,2024-09-30_11-18-34_0000004.wav,8262.4,8281.599999999999,19.19999999999891,8212.4,8331.599999999999,71484.375,17.28024731614957,False,spectrograms_review\2024-09-30_11-18-34_0000004_00008262.png
2024-09-30_11-18-34_0000004_00008992,2024-09-30_11-18-34_0000004.wav,8991.573333333332,9032.533333333333,40.960000000000946,8941.573333333332,9082.533333333333,72070.3125,29.010006618748335,False,spectrograms_review\2024-09-30_11-18-34_0000004_00008992.png
2024-09-30_11-18-34_0000004_00009234,2024-09-30_11-18-34_0000004.wav,9234.346666666666,9250.986666666666,16.639999999999418,9184.346666666666,9300.986666666666,74414.0625,16.632771771371925,False,spectrograms_review\2024-09-30_11-18-34_0000004_00009234.png
2024-09-30_11-18-34_0000004_00009265,2024-09-30_11-18-34_0000004.wav,9265.066666666666,9275.306666666665,10.239999999999782,9215.066666666666,9325.306666666665,72656.25,18.65249689630974,False,spectrograms_review\2024-09-30_11-18-34_0000004_00009265.png
2024-09-30_11-18-52_0000005_00002134,2024-09-30_11-18-52_0000005.wav,2133.7599999999998,2152.5333333333333,18.77333333333354,2083.7599999999998,2202.5333333333333,89648.4375,13.418332817594873,False,spectrograms_review\2024-09-30_11-18-52_0000005_00002134.png
2024-09-30_11-18-52_0000005_00002774,2024-09-30_11-18-52_0000005.wav,2774.1866666666665,2816.853333333333,42.666666666666515,2724.1866666666665,2866.853333333333,99023.4375,20.485395844390148,False,spectrograms_review\2024-09-30_11-18-52_0000005_00002774.png
2024-09-30_11-18-52_0000005_00002929,2024-09-30_11-18-52_0000005.wav,2929.0666666666666,3013.12,84.05333333333328,2879.0666666666666,3063.12,73828.125,27.65725316624749,False,spectrograms_review\2024-09-30_11-18-52_0000005_00002929.png
2024-09-30_11-18-52_0000005_00003114,2024-09-30_11-18-52_0000005.wav,3113.813333333333,3130.453333333333,16.639999999999873,3063.813333333333,3180.453333333333,55078.125,12.060743352768588,False,spectrograms_review\2024-09-30_11-18-52_0000005_00003114.png
2024-09-30_11-18-52_0000005_00003149,2024-09-30_11-18-52_0000005.wav,3148.7999999999997,3169.2799999999997,20.480000000000018,3098.7999999999997,3219.2799999999997,54492.1875,14.316470520758209,False,spectrograms_review\2024-09-30_11-18-52_0000005_00003149.png
2024-09-30_11-18-52_0000005_00003256,2024-09-30_11-18-52_0000005.wav,3256.3199999999997,3273.3866666666663,17.066666666666606,3206.3199999999997,3323.3866666666663,74414.0625,12.168283944493837,False,spectrograms_review\2024-09-30_11-18-52_0000005_00003256.png
2024-09-30_11-18-52_0000005_00003284,2024-09-30_11-18-52_0000005.wav,3283.6266666666666,3310.5066666666667,26.88000000000011,3233.6266666666666,3360.5066666666667,98437.5,21.082246305502412,False,spectrograms_review\2024-09-30_11-18-52_0000005_00003284.png
2024-09-30_11-18-52_0000005_00003393,2024-09-30_11-18-52_0000005.wav,3393.2799999999997,3409.0666666666666,15.78666666666686,3343.2799999999997,3459.0666666666666,74414.0625,13.73214947109779,False,spectrograms_review\2024-09-30_11-18-52_0000005_00003393.png
2024-09-30_11-18-52_0000005_00003488,2024-09-30_11-18-52_0000005.wav,3487.5733333333333,3501.653333333333,14.079999999999927,3437.5733333333333,3551.653333333333,65625.0,17.181513770841338,False,spectrograms_review\2024-09-30_11-18-52_0000005_00003488.png
2024-09-30_11-18-52_0000005_00003695,2024-09-30_11-18-52_0000005.wav,3694.506666666666,3712.4266666666663,17.920000000000073,3644.506666666666,3762.4266666666663,66210.9375,14.99399073991895,False,spectrograms_review\2024-09-30_11-18-52_0000005_00003695.png
2024-09-30_11-18-52_0000005_00003791,2024-09-30_11-18-52_0000005.wav,3791.3599999999997,3802.453333333333,11.093333333333248,3741.3599999999997,3852.453333333333,63281.25,14.09056828825323,False,spectrograms_review\2024-09-30_11-18-52_0000005_00003791.png
2024-09-30_11-18-52_0000005_00003818,2024-09-30_11-18-52_0000005.wav,3818.24,3834.8799999999997,16.639999999999873,3768.24,3884.8799999999997,92578.125,19.053492765966578,False,spectrograms_review\2024-09-30_11-18-52_0000005_00003818.png
2024-09-30_11-18-52_0000005_00003899,2024-09-30_11-18-52_0000005.wav,3898.8799999999997,3984.64,85.76000000000022,3848.8799999999997,4034.64,63867.1875,24.02939167249171,False,spectrograms_review\2024-09-30_11-18-52_0000005_00003899.png
2024-09-30_11-18-52_0000005_00004294,2024-09-30_11-18-52_0000005.wav,4293.546666666666,4312.746666666666,19.199999999999818,4243.546666666666,4362.746666666666,66210.9375,15.237826539081283,False,spectrograms_review\2024-09-30_11-18-52_0000005_00004294.png
2024-09-30_11-18-57_0000006_00000115,2024-09-30_11-18-57_0000006.wav,115.19999999999999,127.57333333333332,12.373333333333335,65.19999999999999,177.57333333333332,84375.0,7.083266938536222,False,spectrograms_review\2024-09-30_11-18-57_0000006_00000115.png
2024-09-30_11-18-57_0000006_00001076,2024-09-30_11-18-57_0000006.wav,1076.48,1091.84,15.3599999999999,1026.48,1141.84,79101.5625,7.538710384079153,False,spectrograms_review\2024-09-30_11-18-57_0000006_00001076.png
2024-09-30_11-18-57_0000006_00001168,2024-09-30_11-18-57_0000006.wav,1168.2133333333334,1240.7466666666667,72.5333333333333,1118.2133333333334,1290.7466666666667,36914.0625,14.249143022287768,False,spectrograms_review\2024-09-30_11-18-57_0000006_00001168.png
2024-09-30_11-18-57_0000006_00001297,2024-09-30_11-18-57_0000006.wav,1297.0666666666666,1335.8933333333332,38.8266666666666,1247.0666666666666,1385.8933333333332,90820.3125,15.850796973397944,False,spectrograms_review\2024-09-30_11-18-57_0000006_00001297.png
2024-09-30_11-18-57_0000006_00001343,2024-09-30_11-18-57_0000006.wav,1342.7199999999998,1415.2533333333333,72.53333333333353,1292.7199999999998,1465.2533333333333,67382.8125,21.51359327582049,False,spectrograms_review\2024-09-30_11-18-57_0000006_00001343.png
2024-09-30_11-18-57_0000006_00001450,2024-09-30_11-18-57_0000006.wav,1450.24,1599.1466666666665,148.90666666666652,1400.24,1649.1466666666665,41015.625,21.55046055502098,False,spectrograms_review\2024-09-30_11-18-57_0000006_00001450.png
2024-09-30_11-18-57_0000006_00001612,2024-09-30_11-18-57_0000006.wav,1611.52,1690.8799999999999,79.3599999999999,1561.52,1740.8799999999999,77929.6875,15.685891270774565,False,spectrograms_review\2024-09-30_11-18-57_0000006_00001612.png
2024-09-30_11-18-57_0000006_00001949,2024-09-30_11-18-57_0000006.wav,1949.4399999999998,1960.5333333333333,11.093333333333476,1899.4399999999998,2010.5333333333333,29882.8125,14.615695033657959,False,spectrograms_review\2024-09-30_11-18-57_0000006_00001949.png
2024-09-30_11-19-00_0000007_00001012,2024-09-30_11-19-00_0000007.wav,1012.0533333333333,1024.8533333333332,12.799999999999955,962.0533333333333,1074.8533333333332,85546.875,14.500468642501756,False,spectrograms_review\2024-09-30_11-19-00_0000007_00001012.png
2024-09-30_11-19-00_0000007_00001972,2024-09-30_11-19-00_0000007.wav,1972.4799999999998,1986.56,14.080000000000155,1922.4799999999998,2036.56,68554.6875,12.929614759123762,False,spectrograms_review\2024-09-30_11-19-00_0000007_00001972.png
2024-09-30_11-19-00_0000007_00002406,2024-09-30_11-19-00_0000007.wav,2406.3999999999996,2443.52,37.120000000000346,2356.3999999999996,2493.52,69140.625,17.801345251518043,False,spectrograms_review\2024-09-30_11-19-00_0000007_00002406.png
2024-09-30_11-19-00_0000007_00002571,2024-09-30_11-19-00_0000007.wav,2570.6666666666665,2583.04,12.373333333333449,2520.6666666666665,2633.04,72070.3125,11.497739922801067,False,spectrograms_review\2024-09-30_11-19-00_0000007_00002571.png
2024-09-30_11-19-00_0000007_00003121,2024-09-30_11-19-00_0000007.wav,3120.64,3154.773333333333,34.13333333333321,3070.64,3204.773333333333,66210.9375,18.429888865076126,False,spectrograms_review\2024-09-30_11-19-00_0000007_00003121.png
2024-09-30_11-19-00_0000007_00003277,2024-09-30_11-19-00_0000007.wav,3277.2266666666665,3288.3199999999997,11.093333333333248,3227.2266666666665,3338.3199999999997,73242.1875,13.977631752237667,False,spectrograms_review\2024-09-30_11-19-00_0000007_00003277.png
2024-09-30_11-19-00_0000007_00003943,2024-09-30_11-19-00_0000007.wav,3943.253333333333,3958.6133333333332,15.360000000000127,3893.253333333333,4008.6133333333332,65039.0625,11.714545294871977,False,spectrograms_review\2024-09-30_11-19-00_0000007_00003943.png
2024-09-30_11-19-00_0000007_00004698,2024-09-30_11-19-00_0000007.wav,4697.599999999999,4770.986666666667,73.38666666666722,4647.599999999999,4820.986666666667,86718.75,18.51448922040753,False,spectrograms_review\2024-09-30_11-19-00_0000007_00004698.png
2024-09-30_11-19-00_0000007_00004837,2024-09-30_11-19-00_0000007.wav,4836.693333333333,4881.493333333333,44.80000000000018,4786.693333333333,4931.493333333333,63281.25,17.386664718396815,False,spectrograms_review\2024-09-30_11-19-00_0000007_00004837.png
2024-09-30_11-19-00_0000007_00004892,2024-09-30_11-19-00_0000007.wav,4892.16,4940.799999999999,48.63999999999942,4842.16,4990.799999999999,69140.625,24.63852296272706,False,spectrograms_review\2024-09-30_11-19-00_0000007_00004892.png
2024-09-30_11-19-00_0000007_00004993,2024-09-30_11-19-00_0000007.wav,4993.28,5008.639999999999,15.359999999999673,4943.28,5058.639999999999,62109.375,14.095442487563066,False,spectrograms_review\2024-09-30_11-19-00_0000007_00004993.png
2024-09-30_11-19-00_0000007_00005031,2024-09-30_11-19-00_0000007.wav,5030.826666666666,5096.96,66.13333333333412,4980.826666666666,5146.96,56835.9375,25.787702930223134,False,spectrograms_review\2024-09-30_11-19-00_0000007_00005031.png
2024-09-30_11-19-00_0000007_00005174,2024-09-30_11-19-00_0000007.wav,5173.759999999999,5190.4,16.640000000000327,5123.759999999999,5240.4,66210.9375,13.341789174721988,False,spectrograms_review\2024-09-30_11-19-00_0000007_00005174.png
2024-09-30_11-19-00_0000007_00005200,2024-09-30_11-19-00_0000007.wav,5199.786666666666,5212.586666666666,12.800000000000182,5149.786666666666,5262.586666666666,79687.5,14.912409480487934,False,spectrograms_review\2024-09-30_11-19-00_0000007_00005200.png
2024-09-30_11-19-00_0000007_00005280,2024-09-30_11-19-00_0000007.wav,5279.573333333333,5296.639999999999,17.066666666666606,5229.573333333333,5346.639999999999,61523.4375,20.05470402283703,False,spectrograms_review\2024-09-30_11-19-00_0000007_00005280.png
2024-09-30_11-19-00_0000007_00005374,2024-09-30_11-19-00_0000007.wav,5373.866666666666,5391.786666666666,17.920000000000073,5323.866666666666,5441.786666666666,63281.25,14.370875861990513,False,spectrograms_review\2024-09-30_11-19-00_0000007_00005374.png
2024-09-30_11-19-00_0000007_00005399,2024-09-30_11-19-00_0000007.wav,5398.613333333333,5437.44,38.826666666666824,5348.613333333333,5487.44,83203.125,22.11899445917533,False,spectrograms_review\2024-09-30_11-19-00_0000007_00005399.png
2024-09-30_11-19-00_0000007_00005587,2024-09-30_11-19-00_0000007.wav,5587.2,5610.24,23.039999999999964,5537.2,5660.24,61523.4375,21.518717541049128,False,spectrograms_review\2024-09-30_11-19-00_0000007_00005587.png
2024-09-30_11-19-00_0000007_00005775,2024-09-30_11-19-00_0000007.wav,5774.506666666666,5795.839999999999,21.33333333333303,5724.506666666666,5845.839999999999,62109.375,22.361175008050527,False,spectrograms_review\2024-09-30_11-19-00_0000007_00005775.png
2024-09-30_11-19-00_0000007_00005871,2024-09-30_11-19-00_0000007.wav,5871.36,5890.133333333333,18.77333333333354,5821.36,5940.133333333333,58593.75,23.312306025489427,False,spectrograms_review\2024-09-30_11-19-00_0000007_00005871.png
2024-09-30_11-19-00_0000007_00006065,2024-09-30_11-19-00_0000007.wav,6064.639999999999,6083.413333333333,18.77333333333354,6014.639999999999,6133.413333333333,65625.0,23.374092011925654,False,spectrograms_review\2024-09-30_11-19-00_0000007_00006065.png
2024-09-30_11-19-00_0000007_00006279,2024-09-30_11-19-00_0000007.wav,6279.253333333333,6303.573333333333,24.31999999999971,6229.253333333333,6353.573333333333,59765.625,20.439162769693997,True,spectrograms_review\2024-09-30_11-19-00_0000007_00006279.png
2024-09-30_11-19-00_0000007_00006508,2024-09-30_11-19-00_0000007.wav,6508.373333333333,6522.453333333333,14.079999999999927,6458.373333333333,6572.453333333333,85546.875,20.670842825212187,False,spectrograms_review\2024-09-30_11-19-00_0000007_00006508.png
2024-09-30_11-19-00_0000007_00006824,2024-09-30_11-19-00_0000007.wav,6824.106666666667,6838.1866666666665,14.079999999999927,6774.106666666667,6888.1866666666665,86132.8125,14.538788026033941,False,spectrograms_review\2024-09-30_11-19-00_0000007_00006824.png
2024-09-30_11-19-09_0000008_00000906,2024-09-30_11-19-09_0000008.wav,905.8133333333333,923.7333333333332,17.91999999999996,855.8133333333333,973.7333333333332,26953.125,14.007275438961976,False,spectrograms_review\2024-09-30_11-19-09_0000008_00000906.png
2024-09-30_11-19-09_0000008_00001862,2024-09-30_11-19-09_0000008.wav,1861.9733333333331,1903.7866666666666,41.8133333333335,1811.9733333333331,1953.7866666666666,58007.8125,23.686904174075746,False,spectrograms_review\2024-09-30_11-19-09_0000008_00001862.png
2024-09-30_11-19-09_0000008_00001976,2024-09-30_11-19-09_0000008.wav,1975.8933333333332,2045.013333333333,69.11999999999989,1925.8933333333332,2095.0133333333333,70898.4375,23.59585946439731,False,spectrograms_review\2024-09-30_11-19-09_0000008_00001976.png
2024-09-30_11-19-09_0000008_00002115,2024-09-30_11-19-09_0000008.wav,2114.56,2190.9333333333334,76.37333333333345,2064.56,2240.9333333333334,65625.0,23.8315865030255,False,spectrograms_review\2024-09-30_11-19-09_0000008_00002115.png
2024-09-30_11-19-09_0000008_00002273,2024-09-30_11-19-09_0000008.wav,2272.853333333333,2316.7999999999997,43.946666666666715,2222.853333333333,2366.7999999999997,64453.125,21.627231712912085,False,spectrograms_review\2024-09-30_11-19-09_0000008_00002273.png
2024-09-30_11-19-09_0000008_00002397,2024-09-30_11-19-09_0000008.wav,2397.0133333333333,2433.2799999999997,36.266666666666424,2347.0133333333333,2483.2799999999997,82031.25,16.735729325061506,False,spectrograms_review\2024-09-30_11-19-09_0000008_00002397.png
2024-09-30_11-19-09_0000008_00002624,2024-09-30_11-19-09_0000008.wav,2623.5733333333333,2651.733333333333,28.159999999999854,2573.5733333333333,2701.733333333333,65625.0,15.185229511939832,False,spectrograms_review\2024-09-30_11-19-09_0000008_00002624.png
2024-09-30_11-19-09_0000008_00003107,2024-09-30_11-19-09_0000008.wav,3106.9866666666667,3170.56,63.57333333333327,3056.9866666666667,3220.56,67968.75,22.142035220987765,False,spectrograms_review\2024-09-30_11-19-09_0000008_00003107.png
2024-09-30_11-19-09_0000008_00003252,2024-09-30_11-19-09_0000008.wav,3251.6266666666666,3273.3866666666663,21.759999999999764,3201.6266666666666,3323.3866666666663,64453.125,18.367692988549624,False,spectrograms_review\2024-09-30_11-19-09_0000008_00003252.png
2024-09-30_11-19-12_0000009_00001036,2024-09-30_11-19-12_0000009.wav,1036.3733333333332,1073.4933333333333,37.12000000000012,986.3733333333332,1123.4933333333333,28710.9375,26.31274215747045,False,spectrograms_review\2024-09-30_11-19-12_0000009_00001036.png
2024-09-30_11-19-12_0000009_00001204,2024-09-30_11-19-12_0000009.wav,1204.0533333333333,1217.7066666666665,13.653333333333194,1154.0533333333333,1267.7066666666665,78515.625,10.425482672085218,False,spectrograms_review\2024-09-30_11-19-12_0000009_00001204.png
2024-09-30_11-19-12_0000009_00001293,2024-09-30_11-19-12_0000009.wav,1292.8,1304.7466666666667,11.946666666666715,1242.8,1354.7466666666667,42773.4375,16.3159314033876,False,spectrograms_review\2024-09-30_11-19-12_0000009_00001293.png
2024-09-30_11-19-15_0000010_00000407,2024-09-30_11-19-15_0000010.wav,407.46666666666664,564.48,157.01333333333338,357.46666666666664,614.48,30468.75,3.80348956243092,False,spectrograms_review\2024-09-30_11-19-15_0000010_00000407.png
2024-09-30_11-19-19_0000012_00000783,2024-09-30_11-19-19_0000012.wav,782.9333333333333,802.9866666666666,20.053333333333285,732.9333333333333,852.9866666666666,25781.25,7.507269519266914,False,spectrograms_review\2024-09-30_11-19-19_0000012_00000783.png
2024-09-30_11-19-19_0000012_00001010,2024-09-30_11-19-19_0000012.wav,1010.3466666666666,1020.5866666666666,10.240000000000009,960.3466666666666,1070.5866666666666,27539.0625,10.834726170527848,False,spectrograms_review\2024-09-30_11-19-19_0000012_00001010.png
2024-09-30_11-19-19_0000012_00001247,2024-09-30_11-19-19_0000012.wav,1246.72,1288.5333333333333,41.813333333333276,1196.72,1338.5333333333333,77929.6875,9.383256915429772,False,spectrograms_review\2024-09-30_11-19-19_0000012_00001247.png
2024-09-30_11-19-19_0000012_00001358,2024-09-30_11-19-19_0000012.wav,1358.08,1377.28,19.200000000000045,1308.08,1427.28,61523.4375,11.82038535554085,False,spectrograms_review\2024-09-30_11-19-19_0000012_00001358.png
2024-09-30_11-19-19_0000012_00001553,2024-09-30_11-19-19_0000012.wav,1553.0666666666666,1580.3733333333332,27.306666666666615,1503.0666666666666,1630.3733333333332,63281.25,16.050541687874233,False,spectrograms_review\2024-09-30_11-19-19_0000012_00001553.png
2024-09-30_11-19-19_0000012_00001740,2024-09-30_11-19-19_0000012.wav,1739.9466666666665,1750.6133333333332,10.666666666666742,1689.9466666666665,1800.6133333333332,59179.6875,9.927646902773354,False,spectrograms_review\2024-09-30_11-19-19_0000012_00001740.png
2024-09-30_11-19-19_0000012_00001843,2024-09-30_11-19-19_0000012.wav,1842.7733333333333,1877.3333333333333,34.559999999999945,1792.7733333333333,1927.3333333333333,63867.1875,11.144832219982332,False,spectrograms_review\2024-09-30_11-19-19_0000012_00001843.png
2024-09-30_11-19-19_0000012_00001958,2024-09-30_11-19-19_0000012.wav,1957.5466666666666,1989.12,31.573333333333267,1907.5466666666666,2039.12,63867.1875,8.74221637901089,False,spectrograms_review\2024-09-30_11-19-19_0000012_00001958.png
2024-09-30_11-19-19_0000012_00002068,2024-09-30_11-19-19_0000012.wav,2068.0533333333333,2092.373333333333,24.31999999999971,2018.0533333333333,2142.373333333333,56835.9375,7.389244077139599,False,spectrograms_review\2024-09-30_11-19-19_0000012_00002068.png
2024-09-30_11-19-19_0000012_00002753,2024-09-30_11-19-19_0000012.wav,2753.2799999999997,2769.0666666666666,15.78666666666686,2703.2799999999997,2819.0666666666666,58007.8125,7.59642168587321,False,spectrograms_review\2024-09-30_11-19-19_0000012_00002753.png
2024-09-30_11-19-19_0000012_00002937,2024-09-30_11-19-19_0000012.wav,2937.173333333333,2949.5466666666666,12.373333333333449,2887.173333333333,2999.5466666666666,65039.0625,8.781830285822206,False,spectrograms_review\2024-09-30_11-19-19_0000012_00002937.png
2024-09-30_11-19-19_0000012_00003449,2024-09-30_11-19-19_0000012.wav,3448.7466666666664,3459.8399999999997,11.093333333333248,3398.7466666666664,3509.8399999999997,66210.9375,4.874129564510272,False,spectrograms_review\2024-09-30_11-19-19_0000012_00003449.png
2024-09-30_11-19-19_0000012_00003476,2024-09-30_11-19-19_0000012.wav,3476.4799999999996,3491.8399999999997,15.360000000000127,3426.4799999999996,3541.8399999999997,80859.375,11.835357073421097,False,spectrograms_review\2024-09-30_11-19-19_0000012_00003476.png
2024-09-30_11-19-19_0000012_00004084,2024-09-30_11-19-19_0000012.wav,4083.6266666666666,4111.786666666666,28.1599999999994,4033.6266666666666,4161.786666666666,64453.125,9.547239406008588,False,spectrograms_review\2024-09-30_11-19-19_0000012_00004084.png
2024-09-30_11-19-19_0000012_00004324,2024-09-30_11-19-19_0000012.wav,4324.266666666666,4339.626666666666,15.359999999999673,4274.266666666666,4389.626666666666,66796.875,8.353361616641415,False,spectrograms_review\2024-09-30_11-19-19_0000012_00004324.png
2024-09-30_11-19-19_0000012_00004557,2024-09-30_11-19-19_0000012.wav,4557.2266666666665,4607.573333333333,50.34666666666635,4507.2266666666665,4657.573333333333,57421.875,16.298849137014837,False,spectrograms_review\2024-09-30_11-19-19_0000012_00004557.png
2024-09-30_11-19-19_0000012_00004660,2024-09-30_11-19-19_0000012.wav,4660.053333333333,4718.506666666666,58.45333333333292,4610.053333333333,4768.506666666666,68554.6875,19.179085610643202,False,spectrograms_review\2024-09-30_11-19-19_0000012_00004660.png
2024-09-30_11-19-19_0000012_00004790,2024-09-30_11-19-19_0000012.wav,4790.1866666666665,4845.2266666666665,55.039999999999964,4740.1866666666665,4895.2266666666665,60351.5625,17.450684836443827,True,spectrograms_review\2024-09-30_11-19-19_0000012_00004790.png
2024-09-30_11-19-19_0000012_00005652,2024-09-30_11-19-19_0000012.wav,5651.626666666666,5673.813333333333,22.186666666666497,5601.626666666666,5723.813333333333,66796.875,10.510943330878959,False,spectrograms_review\2024-09-30_11-19-19_0000012_00005652.png
2024-09-30_11-19-19_0000012_00005840,2024-09-30_11-19-19_0000012.wav,5840.213333333333,5876.053333333333,35.840000000000146,5790.213333333333,5926.053333333333,58007.8125,17.63139592455016,False,spectrograms_review\2024-09-30_11-19-19_0000012_00005840.png
2024-09-30_11-19-19_0000012_00005958,2024-09-30_11-19-19_0000012.wav,5958.4,5977.599999999999,19.199999999999818,5908.4,6027.599999999999,58007.8125,15.6292888282785,False,spectrograms_review\2024-09-30_11-19-19_0000012_00005958.png
2024-09-30_11-19-19_0000012_00006061,2024-09-30_11-19-19_0000012.wav,6060.799999999999,6072.746666666666,11.946666666666715,6010.799999999999,6122.746666666666,63867.1875,8.327076876454495,False,spectrograms_review\2024-09-30_11-19-19_0000012_00006061.png
2024-09-30_11-19-19_0000012_00006166,2024-09-30_11-19-19_0000012.wav,6166.1866666666665,6193.066666666667,26.88000000000011,6116.1866666666665,6243.066666666667,62695.3125,14.857712213313688,False,spectrograms_review\2024-09-30_11-19-19_0000012_00006166.png
2024-09-30_11-19-19_0000012_00006262,2024-09-30_11-19-19_0000012.wav,6261.759999999999,6287.36,25.600000000000364,6211.759999999999,6337.36,69140.625,14.900121847136994,False,spectrograms_review\2024-09-30_11-19-19_0000012_00006262.png
2024-09-30_11-19-19_0000012_00006722,2024-09-30_11-19-19_0000012.wav,6721.706666666666,6752.853333333333,31.146666666666533,6671.706666666666,6802.853333333333,71484.375,18.096778034623487,False,spectrograms_review\2024-09-30_11-19-19_0000012_00006722.png
2024-09-30_11-19-19_0000012_00006941,2024-09-30_11-19-19_0000012.wav,6940.586666666666,6991.36,50.77333333333354,6890.586666666666,7041.36,63281.25,20.18124886247046,False,spectrograms_review\2024-09-30_11-19-19_0000012_00006941.png
2024-09-30_11-19-19_0000012_00007045,2024-09-30_11-19-19_0000012.wav,7044.693333333333,7097.599999999999,52.90666666666675,6994.693333333333,7147.599999999999,63867.1875,17.328608974411146,False,spectrograms_review\2024-09-30_11-19-19_0000012_00007045.png
2024-09-30_11-19-31_0000013_00001012,2024-09-30_11-19-31_0000013.wav,1012.4799999999999,1090.1333333333332,77.65333333333331,962.4799999999999,1140.1333333333332,25195.3125,17.92302531812904,False,spectrograms_review\2024-09-30_11-19-31_0000013_00001012.png
2024-09-30_11-19-31_0000013_00001554,2024-09-30_11-19-31_0000013.wav,1554.3466666666666,1606.3999999999999,52.053333333333285,1504.3466666666666,1656.3999999999999,25195.3125,7.091247041839841,False,spectrograms_review\2024-09-30_11-19-31_0000013_00001554.png
2024-09-30_11-19-31_0000013_00001622,2024-09-30_11-19-31_0000013.wav,1622.1866666666665,1689.6,67.41333333333341,1572.1866666666665,1739.6,25195.3125,8.888583253095506,False,spectrograms_review\2024-09-30_11-19-31_0000013_00001622.png
2024-09-30_11-19-34_0000014_00000975,2024-09-30_11-19-34_0000014.wav,975.3599999999999,1045.3333333333333,69.97333333333336,925.3599999999999,1095.3333333333333,65625.0,18.193103242419284,False,spectrograms_review\2024-09-30_11-19-34_0000014_00000975.png
2024-09-30_11-19-34_0000014_00001202,2024-09-30_11-19-34_0000014.wav,1202.3466666666666,1216.4266666666665,14.079999999999927,1152.3466666666666,1266.4266666666665,87304.6875,9.328637729391666,False,spectrograms_review\2024-09-30_11-19-34_0000014_00001202.png
2024-09-30_11-19-34_0000014_00001306,2024-09-30_11-19-34_0000014.wav,1306.0266666666666,1322.6666666666665,16.639999999999873,1256.0266666666666,1372.6666666666665,96093.75,11.56702338285475,False,spectrograms_review\2024-09-30_11-19-34_0000014_00001306.png
2024-09-30_11-19-34_0000014_00001488,2024-09-30_11-19-34_0000014.wav,1488.2133333333331,1533.8666666666666,45.65333333333342,1438.2133333333331,1583.8666666666666,85546.875,9.307595119377499,False,spectrograms_review\2024-09-30_11-19-34_0000014_00001488.png
2024-09-30_11-19-34_0000014_00001594,2024-09-30_11-19-34_0000014.wav,1594.0266666666666,1656.32,62.293333333333294,1544.0266666666666,1706.32,84960.9375,12.602097771483631,False,spectrograms_review\2024-09-30_11-19-34_0000014_00001594.png
2024-09-30_11-19-34_0000014_00001711,2024-09-30_11-19-34_0000014.wav,1710.9333333333332,1764.2666666666667,53.333333333333485,1660.9333333333332,1814.2666666666667,82617.1875,10.892324696825384,False,spectrograms_review\2024-09-30_11-19-34_0000014_00001711.png
2024-09-30_11-19-34_0000014_00001821,2024-09-30_11-19-34_0000014.wav,1820.5866666666666,1841.9199999999998,21.333333333333258,1770.5866666666666,1891.9199999999998,63281.25,3.745584015596646,False,spectrograms_review\2024-09-30_11-19-34_0000014_00001821.png
2024-09-30_11-19-34_0000014_00001932,2024-09-30_11-19-34_0000014.wav,1932.3733333333332,1956.6933333333332,24.319999999999936,1882.3733333333332,2006.6933333333332,83203.125,5.498557953013138,False,spectrograms_review\2024-09-30_11-19-34_0000014_00001932.png
2024-09-30_11-19-34_0000014_00002019,2024-09-30_11-19-34_0000014.wav,2018.9866666666665,2039.8933333333332,20.90666666666675,1968.9866666666665,2089.8933333333334,70312.5,5.778733911977588,False,spectrograms_review\2024-09-30_11-19-34_0000014_00002019.png
2024-09-30_11-19-34_0000014_00002045,2024-09-30_11-19-34_0000014.wav,2045.013333333333,2055.68,10.666666666666742,1995.013333333333,2105.68,75000.0,5.7221911704417145,False,spectrograms_review\2024-09-30_11-19-34_0000014_00002045.png
2024-09-30_11-19-34_0000014_00002114,2024-09-30_11-19-34_0000014.wav,2114.133333333333,2164.0533333333333,49.92000000000007,2064.133333333333,2214.0533333333333,82031.25,15.15189270429396,False,spectrograms_review\2024-09-30_11-19-34_0000014_00002114.png
2024-09-30_11-19-34_0000014_00002316,2024-09-30_11-19-34_0000014.wav,2315.52,2355.6266666666666,40.10666666666657,2265.52,2405.6266666666666,66210.9375,5.3564869682374505,False,spectrograms_review\2024-09-30_11-19-34_0000014_00002316.png
2024-09-30_11-19-34_0000014_00002423,2024-09-30_11-19-34_0000014.wav,2423.04,2455.04,32.0,2373.04,2505.04,63281.25,11.86317538590204,False,spectrograms_review\2024-09-30_11-19-34_0000014_00002423.png
2024-09-30_11-19-34_0000014_00002508,2024-09-30_11-19-34_0000014.wav,2507.9466666666667,2530.9866666666667,23.039999999999964,2457.9466666666667,2580.9866666666667,65625.0,12.239375958378796,False,spectrograms_review\2024-09-30_11-19-34_0000014_00002508.png
2024-09-30_11-19-34_0000014_00002612,2024-09-30_11-19-34_0000014.wav,2612.0533333333333,2635.52,23.466666666666697,2562.0533333333333,2685.52,66796.875,10.116611559018727,False,spectrograms_review\2024-09-30_11-19-34_0000014_00002612.png
2024-09-30_11-19-34_0000014_00002712,2024-09-30_11-19-34_0000014.wav,2711.893333333333,2734.08,22.18666666666695,2661.893333333333,2784.08,65039.0625,8.136928475436223,False,spectrograms_review\2024-09-30_11-19-34_0000014_00002712.png
2024-09-30_11-19-34_0000014_00002807,2024-09-30_11-19-34_0000014.wav,2807.04,2856.1066666666666,49.066666666666606,2757.04,2906.1066666666666,64453.125,16.371898543136464,False,spectrograms_review\2024-09-30_11-19-34_0000014_00002807.png
2024-09-30_11-19-34_0000014_00002914,2024-09-30_11-19-34_0000014.wav,2914.133333333333,2960.64,46.50666666666666,2864.133333333333,3010.64,79687.5,15.944408808967692,False,spectrograms_review\2024-09-30_11-19-34_0000014_00002914.png
2024-09-30_11-19-34_0000014_00003026,2024-09-30_11-19-34_0000014.wav,3026.3466666666664,3052.7999999999997,26.453333333333376,2976.3466666666664,3102.7999999999997,66210.9375,7.4742432304599635,False,spectrograms_review\2024-09-30_11-19-34_0000014_00003026.png
2024-09-30_11-19-34_0000014_00003128,2024-09-30_11-19-34_0000014.wav,3128.3199999999997,3160.7466666666664,32.42666666666673,3078.3199999999997,3210.7466666666664,78515.625,12.786761562103255,False,spectrograms_review\2024-09-30_11-19-34_0000014_00003128.png
2024-09-30_11-19-34_0000014_00003231,2024-09-30_11-19-34_0000014.wav,3231.1466666666665,3259.733333333333,28.586666666666588,3181.1466666666665,3309.733333333333,97265.625,10.860257983469072,False,spectrograms_review\2024-09-30_11-19-34_0000014_00003231.png
2024-09-30_11-19-34_0000014_00003331,2024-09-30_11-19-34_0000014.wav,3330.56,3362.133333333333,31.573333333333267,3280.56,3412.133333333333,77929.6875,13.09100042226187,False,spectrograms_review\2024-09-30_11-19-34_0000014_00003331.png
2024-09-30_11-19-34_0000014_00003433,2024-09-30_11-19-34_0000014.wav,3432.5333333333333,3446.6133333333332,14.079999999999927,3382.5333333333333,3496.6133333333332,74414.0625,14.313267212465572,False,spectrograms_review\2024-09-30_11-19-34_0000014_00003433.png
2024-09-30_11-19-34_0000014_00003721,2024-09-30_11-19-34_0000014.wav,3720.9599999999996,3763.6266666666666,42.66666666666697,3670.9599999999996,3813.6266666666666,78515.625,15.769174386468103,False,spectrograms_review\2024-09-30_11-19-34_0000014_00003721.png
2024-09-30_11-19-34_0000014_00003834,2024-09-30_11-19-34_0000014.wav,3834.453333333333,3862.6133333333332,28.16000000000031,3784.453333333333,3912.6133333333332,69140.625,11.429358693576631,False,spectrograms_review\2024-09-30_11-19-34_0000014_00003834.png
2024-09-30_11-19-34_0000014_00003934,2024-09-30_11-19-34_0000014.wav,3933.8666666666663,3972.2666666666664,38.40000000000009,3883.8666666666663,4022.2666666666664,63281.25,7.710518515053369,False,spectrograms_review\2024-09-30_11-19-34_0000014_00003934.png
2024-09-30_11-19-34_0000014_00004033,2024-09-30_11-19-34_0000014.wav,4033.2799999999997,4069.12,35.840000000000146,3983.2799999999997,4119.12,62695.3125,8.549231323130421,False,spectrograms_review\2024-09-30_11-19-34_0000014_00004033.png
2024-09-30_11-19-34_0000014_00004308,2024-09-30_11-19-34_0000014.wav,4307.626666666666,4318.293333333333,10.66666666666697,4257.626666666666,4368.293333333333,25781.25,6.617537617061208,False,spectrograms_review\2024-09-30_11-19-34_0000014_00004308.png
2024-09-30_11-19-34_0000014_00004827,2024-09-30_11-19-34_0000014.wav,4826.88,4857.173333333333,30.293333333333067,4776.88,4907.173333333333,69726.5625,4.636680292411009,False,spectrograms_review\2024-09-30_11-19-34_0000014_00004827.png
2024-09-30_11-19-38_0000015_00000999,2024-09-30_11-19-38_0000015.wav,999.2533333333332,1019.7333333333332,20.480000000000018,949.2533333333332,1069.7333333333331,65039.0625,13.372539024205603,False,spectrograms_review\2024-09-30_11-19-38_0000015_00000999.png
2024-09-30_11-19-38_0000015_00001577,2024-09-30_11-19-38_0000015.wav,1577.3866666666665,1597.0133333333333,19.62666666666678,1527.3866666666665,1647.0133333333333,83789.0625,15.122744013022903,False,spectrograms_review\2024-09-30_11-19-38_0000015_00001577.png
2024-09-30_11-19-38_0000015_00001901,2024-09-30_11-19-38_0000015.wav,1900.8,1940.0533333333333,39.25333333333333,1850.8,1990.0533333333333,60937.5,19.36606160965915,False,spectrograms_review\2024-09-30_11-19-38_0000015_00001901.png
2024-09-30_11-19-38_0000015_00002584,2024-09-30_11-19-38_0000015.wav,2584.3199999999997,2615.893333333333,31.573333333333267,2534.3199999999997,2665.893333333333,25195.3125,15.426032945416706,False,spectrograms_review\2024-09-30_11-19-38_0000015_00002584.png
2024-09-30_11-19-38_0000015_00002914,2024-09-30_11-19-38_0000015.wav,2914.133333333333,2957.653333333333,43.51999999999998,2864.133333333333,3007.653333333333,28125.0,17.20050915294426,False,spectrograms_review\2024-09-30_11-19-38_0000015_00002914.png
2024-09-30_11-19-38_0000015_00003360,2024-09-30_11-19-38_0000015.wav,3360.0,3377.493333333333,17.493333333332885,3310.0,3427.493333333333,75585.9375,11.447024925275187,False,spectrograms_review\2024-09-30_11-19-38_0000015_00003360.png
2024-09-30_11-19-38_0000015_00006879,2024-09-30_11-19-38_0000015.wav,6878.719999999999,6903.04,24.32000000000062,6828.719999999999,6953.04,66796.875,18.766300086640918,False,spectrograms_review\2024-09-30_11-19-38_0000015_00006879.png
2024-09-30_11-19-38_0000015_00007103,2024-09-30_11-19-38_0000015.wav,7103.1466666666665,7123.2,20.053333333333285,7053.1466666666665,7173.2,65625.0,15.306710415755614,False,spectrograms_review\2024-09-30_11-19-38_0000015_00007103.png
2024-09-30_11-19-38_0000015_00007432,2024-09-30_11-19-38_0000015.wav,7431.679999999999,7450.453333333333,18.77333333333354,7381.679999999999,7500.453333333333,67382.8125,14.141001264978875,False,spectrograms_review\2024-09-30_11-19-38_0000015_00007432.png
2024-09-30_11-19-38_0000015_00007932,2024-09-30_11-19-38_0000015.wav,7931.733333333333,7950.9333333333325,19.199999999999818,7881.733333333333,8000.9333333333325,84375.0,16.75165620329768,False,spectrograms_review\2024-09-30_11-19-38_0000015_00007932.png
2024-09-30_11-19-38_0000015_00008045,2024-09-30_11-19-38_0000015.wav,8044.799999999999,8061.44,16.640000000000327,7994.799999999999,8111.44,64453.125,13.088463987594295,False,spectrograms_review\2024-09-30_11-19-38_0000015_00008045.png
2024-09-30_11-19-38_0000015_00008767,2024-09-30_11-19-38_0000015.wav,8766.72,8800.426666666666,33.70666666666693,8716.72,8850.426666666666,70312.5,16.104383883480445,False,spectrograms_review\2024-09-30_11-19-38_0000015_00008767.png
2024-09-30_11-19-38_0000015_00009770,2024-09-30_11-19-38_0000015.wav,9770.24,9795.413333333332,25.173333333332266,9720.24,9845.413333333332,75585.9375,15.649172919574665,False,spectrograms_review\2024-09-30_11-19-38_0000015_00009770.png
2024-09-30_11-19-38_0000015_00009804,2024-09-30_11-19-38_0000015.wav,9803.519999999999,9815.466666666665,11.946666666666715,9753.519999999999,9865.466666666665,69140.625,13.720870387669166,False,spectrograms_review\2024-09-30_11-19-38_0000015_00009804.png
2024-09-30_11-19-38_0000015_00009900,2024-09-30_11-19-38_0000015.wav,9899.519999999999,9913.599999999999,14.079999999999927,9849.519999999999,9963.599999999999,65625.0,14.153633149692379,False,spectrograms_review\2024-09-30_11-19-38_0000015_00009900.png
2024-09-30_11-19-38_0000015_00009999,2024-09-30_11-19-38_0000015.wav,9998.506666666666,10025.386666666665,26.8799999999992,9948.506666666666,10075.386666666665,63281.25,13.676564317650568,False,spectrograms_review\2024-09-30_11-19-38_0000015_00009999.png
2024-09-30_11-19-38_0000015_00010108,2024-09-30_11-19-38_0000015.wav,10108.16,10138.453333333333,30.293333333333067,10058.16,10188.453333333333,66796.875,21.0449491711137,False,spectrograms_review\2024-09-30_11-19-38_0000015_00010108.png
2024-09-30_11-19-38_0000015_00010221,2024-09-30_11-19-38_0000015.wav,10221.226666666666,10256.64,35.41333333333387,10171.226666666666,10306.64,59179.6875,20.559416316737327,False,spectrograms_review\2024-09-30_11-19-38_0000015_00010221.png
2024-09-30_11-19-38_0000015_00010333,2024-09-30_11-19-38_0000015.wav,10333.013333333332,10374.4,41.386666666667224,10283.013333333332,10424.4,63867.1875,20.004339392937432,False,spectrograms_review\2024-09-30_11-19-38_0000015_00010333.png
2024-09-30_11-19-38_0000015_00010562,2024-09-30_11-19-38_0000015.wav,10561.706666666665,10581.333333333332,19.626666666667006,10511.706666666665,10631.333333333332,62695.3125,16.40452700600938,False,spectrograms_review\2024-09-30_11-19-38_0000015_00010562.png
2024-09-30_11-19-38_0000015_00010659,2024-09-30_11-19-38_0000015.wav,10658.986666666666,10690.56,31.57333333333372,10608.986666666666,10740.56,62109.375,21.32282349245429,False,spectrograms_review\2024-09-30_11-19-38_0000015_00010659.png
2024-09-30_11-19-38_0000015_00010793,2024-09-30_11-19-38_0000015.wav,10792.533333333333,10834.773333333333,42.23999999999978,10742.533333333333,10884.773333333333,66796.875,18.896640795116635,False,spectrograms_review\2024-09-30_11-19-38_0000015_00010793.png
2024-09-30_11-19-38_0000015_00010919,2024-09-30_11-19-38_0000015.wav,10918.826666666666,10949.119999999999,30.293333333333067,10868.826666666666,10999.119999999999,60351.5625,20.849335368856764,True,spectrograms_review\2024-09-30_11-19-38_0000015_00010919.png
2024-09-30_11-19-38_0000015_00011165,2024-09-30_11-19-38_0000015.wav,11164.586666666666,11178.666666666666,14.079999999999927,11114.586666666666,11228.666666666666,70312.5,14.408221371839309,False,spectrograms_review\2024-09-30_11-19-38_0000015_00011165.png
2024-09-30_11-19-38_0000015_00011270,2024-09-30_11-19-38_0000015.wav,11269.973333333333,11283.199999999999,13.226666666665551,11219.973333333333,11333.199999999999,63867.1875,14.389875883649472,False,spectrograms_review\2024-09-30_11-19-38_0000015_00011270.png
2024-09-30_11-19-38_0000015_00011383,2024-09-30_11-19-38_0000015.wav,11383.039999999999,11424.853333333333,41.8133333333335,11333.039999999999,11474.853333333333,66210.9375,22.05129413311341,False,spectrograms_review\2024-09-30_11-19-38_0000015_00011383.png
2024-09-30_11-19-38_0000015_00011502,2024-09-30_11-19-38_0000015.wav,11502.08,11513.599999999999,11.519999999998618,11452.08,11563.599999999999,63867.1875,14.830228360286561,False,spectrograms_review\2024-09-30_11-19-38_0000015_00011502.png
2024-09-30_11-19-38_0000015_00011523,2024-09-30_11-19-38_0000015.wav,11522.56,11538.346666666666,15.78666666666686,11472.56,11588.346666666666,72070.3125,18.451855758833172,False,spectrograms_review\2024-09-30_11-19-38_0000015_00011523.png
2024-09-30_11-19-38_0000015_00011618,2024-09-30_11-19-38_0000015.wav,11618.133333333333,11664.213333333333,46.07999999999993,11568.133333333333,11714.213333333333,70312.5,22.664539265964102,False,spectrograms_review\2024-09-30_11-19-38_0000015_00011618.png
2024-09-30_11-19-38_0000015_00011842,2024-09-30_11-19-38_0000015.wav,11841.706666666665,11874.56,32.853333333334376,11791.706666666665,11924.56,67968.75,13.36454240722558,False,spectrograms_review\2024-09-30_11-19-38_0000015_00011842.png
2024-09-30_11-19-38_0000015_00011954,2024-09-30_11-19-38_0000015.wav,11953.92,11981.226666666666,27.30666666666548,11903.92,12031.226666666666,64453.125,20.596136340417157,False,spectrograms_review\2024-09-30_11-19-38_0000015_00011954.png
2024-09-30_11-19-38_0000015_00012067,2024-09-30_11-19-38_0000015.wav,12066.56,12097.706666666665,31.146666666665624,12016.56,12147.706666666665,66796.875,17.753999639111587,False,spectrograms_review\2024-09-30_11-19-38_0000015_00012067.png
2024-09-30_11-19-38_0000015_00012457,2024-09-30_11-19-38_0000015.wav,12456.533333333333,12471.039999999999,14.506666666666206,12406.533333333333,12521.039999999999,65625.0,17.948943417386307,False,spectrograms_review\2024-09-30_11-19-38_0000015_00012457.png
2024-09-30_11-19-38_0000015_00013328,2024-09-30_11-19-38_0000015.wav,13327.786666666665,13354.24,26.45333333333474,13277.786666666665,13404.24,62695.3125,17.85635559790442,False,spectrograms_review\2024-09-30_11-19-38_0000015_00013328.png
2024-09-30_11-19-38_0000015_00013656,2024-09-30_11-19-38_0000015.wav,13656.32,13677.226666666666,20.906666666665842,13606.32,13727.226666666666,58007.8125,21.163408645139015,False,spectrograms_review\2024-09-30_11-19-38_0000015_00013656.png
2024-09-30_11-19-38_0000015_00013749,2024-09-30_11-19-38_0000015.wav,13749.333333333332,13790.293333333333,40.960000000000946,13699.333333333332,13840.293333333333,64453.125,15.373588161417473,False,spectrograms_review\2024-09-30_11-19-38_0000015_00013749.png
2024-09-30_11-19-38_0000015_00014001,2024-09-30_11-19-38_0000015.wav,14001.066666666666,14067.626666666665,66.55999999999949,13951.066666666666,14117.626666666665,59179.6875,27.913458681231194,False,spectrograms_review\2024-09-30_11-19-38_0000015_00014001.png
2024-09-30_11-19-38_0000015_00014139,2024-09-30_11-19-38_0000015.wav,14138.88,14158.933333333332,20.053333333333285,14088.88,14208.933333333332,76757.8125,16.68606551306759,False,spectrograms_review\2024-09-30_11-19-38_0000015_00014139.png
2024-09-30_11-19-38_0000015_00014168,2024-09-30_11-19-38_0000015.wav,14167.893333333332,14202.453333333333,34.56000000000131,14117.893333333332,14252.453333333333,68554.6875,24.852832053492353,False,spectrograms_review\2024-09-30_11-19-38_0000015_00014168.png
2024-09-30_11-19-38_0000015_00015136,2024-09-30_11-19-38_0000015.wav,15136.426666666666,15153.493333333332,17.066666666665697,15086.426666666666,15203.493333333332,26367.1875,28.255234943410265,False,spectrograms_review\2024-09-30_11-19-38_0000015_00015136.png
2024-09-30_11-20-03_0000019_00000000,2024-09-30_11-20-03_0000019.wav,0.0,247.04,247.04,0.0,297.03999999999996,26367.1875,7.2829381568519835,False,spectrograms_review\2024-09-30_11-20-03_0000019_00000000.png
2024-09-30_11-20-03_0000019_00000764,2024-09-30_11-20-03_0000019.wav,763.7333333333332,1102.5066666666667,338.7733333333334,713.7333333333332,1152.5066666666667,67968.75,12.106152610589602,False,spectrograms_review\2024-09-30_11-20-03_0000019_00000764.png
2024-09-30_11-20-03_0000019_00001118,2024-09-30_11-20-03_0000019.wav,1117.8666666666666,1186.56,68.69333333333338,1067.8666666666666,1236.56,70898.4375,13.235937926454014,False,spectrograms_review\2024-09-30_11-20-03_0000019_00001118.png
2024-09-30_11-20-03_0000019_00001246,2024-09-30_11-20-03_0000019.wav,1245.8666666666666,1314.56,68.69333333333338,1195.8666666666666,1364.56,70898.4375,13.235937926454014,False,spectrograms_review\2024-09-30_11-20-03_0000019_00001246.png
2024-09-30_11-20-03_0000019_00001374,2024-09-30_11-20-03_0000019.wav,1373.8666666666666,1528.7466666666667,154.8800000000001,1323.8666666666666,1578.7466666666667,63281.25,9.709159440582368,False,spectrograms_review\2024-09-30_11-20-03_0000019_00001374.png
2024-09-30_11-20-03_0000019_00001561,2024-09-30_11-20-03_0000019.wav,1560.7466666666667,1821.4399999999998,260.69333333333316,1510.7466666666667,1871.4399999999998,61523.4375,7.973064745516476,False,spectrograms_review\2024-09-30_11-20-03_0000019_00001561.png
2024-09-30_11-20-03_0000019_00001847,2024-09-30_11-20-03_0000019.wav,1847.4666666666665,2191.3599999999997,343.8933333333332,1797.4666666666665,2241.3599999999997,64453.125,7.0065809504592025,False,spectrograms_review\2024-09-30_11-20-03_0000019_00001847.png
2024-09-30_11-20-03_0000019_00002197,2024-09-30_11-20-03_0000019.wav,2197.333333333333,2311.68,114.3466666666668,2147.333333333333,2361.68,66210.9375,10.717375866697594,False,spectrograms_review\2024-09-30_11-20-03_0000019_00002197.png
2024-09-30_11-20-03_0000019_00002319,2024-09-30_11-20-03_0000019.wav,2318.5066666666667,2539.9466666666667,221.44000000000005,2268.5066666666667,2589.9466666666667,30468.75,8.512053805927971,False,spectrograms_review\2024-09-30_11-20-03_0000019_00002319.png
2024-09-30_11-20-03_0000019_00002793,2024-09-30_11-20-03_0000019.wav,2792.5333333333333,2917.12,124.58666666666659,2742.5333333333333,2967.12,68554.6875,8.714830350991756,False,spectrograms_review\2024-09-30_11-20-03_0000019_00002793.png
2024-09-30_11-20-07_0000020_00001048,2024-09-30_11-20-07_0000020.wav,1047.8933333333332,1069.6533333333332,21.75999999999999,997.8933333333332,1119.6533333333332,65039.0625,12.760318328833327,False,spectrograms_review\2024-09-30_11-20-07_0000020_00001048.png
2024-09-30_11-20-07_0000020_00001457,2024-09-30_11-20-07_0000020.wav,1457.4933333333333,1469.4399999999998,11.946666666666488,1407.4933333333333,1519.4399999999998,58593.75,7.779701223949676,False,spectrograms_review\2024-09-30_11-20-07_0000020_00001457.png
2024-09-30_11-20-07_0000020_00001586,2024-09-30_11-20-07_0000020.wav,1585.9199999999998,1597.4399999999998,11.519999999999982,1535.9199999999998,1647.4399999999998,60351.5625,8.729371776451915,True,spectrograms_review\2024-09-30_11-20-07_0000020_00001586.png
2024-09-30_11-20-07_0000020_00001711,2024-09-30_11-20-07_0000020.wav,1710.5066666666667,1721.6,11.093333333333248,1660.5066666666667,1771.6,60937.5,6.664203800398951,False,spectrograms_review\2024-09-30_11-20-07_0000020_00001711.png
2024-09-30_11-20-09_0000021_00001060,2024-09-30_11-20-09_0000021.wav,1060.2666666666667,1102.08,41.813333333333276,1010.2666666666667,1152.08,25195.3125,18.640179920186398,False,spectrograms_review\2024-09-30_11-20-09_0000021_00001060.png
2024-09-30_11-20-09_0000021_00001156,2024-09-30_11-20-09_0000021.wav,1156.2666666666667,1293.2266666666667,136.96000000000004,1106.2666666666667,1343.2266666666667,25195.3125,25.13723904930614,False,spectrograms_review\2024-09-30_11-20-09_0000021_00001156.png
2024-09-30_11-20-09_0000021_00001351,2024-09-30_11-20-09_0000021.wav,1350.8266666666666,1369.1733333333332,18.34666666666658,1300.8266666666666,1419.1733333333332,26367.1875,15.554675720143978,False,spectrograms_review\2024-09-30_11-20-09_0000021_00001351.png
2024-09-30_11-20-09_0000021_00001580,2024-09-30_11-20-09_0000021.wav,1579.52,1624.32,44.799999999999955,1529.52,1674.32,33984.375,16.430216221956176,False,spectrograms_review\2024-09-30_11-20-09_0000021_00001580.png
2024-09-30_11-20-09_0000021_00001911,2024-09-30_11-20-09_0000021.wav,1911.04,1924.2666666666667,13.226666666666688,1861.04,1974.2666666666667,29296.875,17.81278869246519,False,spectrograms_review\2024-09-30_11-20-09_0000021_00001911.png
2024-09-30_11-20-14_0000022_00000629,2024-09-30_11-20-14_0000022.wav,628.9066666666666,639.1466666666666,10.240000000000009,578.9066666666666,689.1466666666666,73242.1875,4.547140074765498,False,spectrograms_review\2024-09-30_11-20-14_0000022_00000629.png
2024-09-30_11-20-14_0000022_00000707,2024-09-30_11-20-14_0000022.wav,706.56,722.7733333333333,16.213333333333367,656.56,772.7733333333333,66796.875,6.976677357459852,False,spectrograms_review\2024-09-30_11-20-14_0000022_00000707.png
2024-09-30_11-20-14_0000022_00000809,2024-09-30_11-20-14_0000022.wav,808.5333333333333,824.3199999999999,15.786666666666633,758.5333333333333,874.3199999999999,69726.5625,7.247704459608669,False,spectrograms_review\2024-09-30_11-20-14_0000022_00000809.png
2024-09-30_11-20-14_0000022_00000994,2024-09-30_11-20-14_0000022.wav,993.7066666666666,1029.12,35.4133333333333,943.7066666666666,1079.12,84960.9375,12.843563676843502,False,spectrograms_review\2024-09-30_11-20-14_0000022_00000994.png
2024-09-30_11-20-14_0000022_00001114,2024-09-30_11-20-14_0000022.wav,1114.4533333333331,1164.8,50.346666666666806,1064.4533333333331,1214.8,65039.0625,14.806944869507257,False,spectrograms_review\2024-09-30_11-20-14_0000022_00001114.png
2024-09-30_11-20-14_0000022_00001243,2024-09-30_11-20-14_0000022.wav,1243.3066666666666,1293.6533333333332,50.34666666666658,1193.3066666666666,1343.6533333333332,65039.0625,14.806944869507257,False,spectrograms_review\2024-09-30_11-20-14_0000022_00001243.png
2024-09-30_11-20-14_0000022_00001403,2024-09-30_11-20-14_0000022.wav,1403.3066666666666,1438.7199999999998,35.413333333333185,1353.3066666666666,1488.7199999999998,70312.5,8.130014002849181,False,spectrograms_review\2024-09-30_11-20-14_0000022_00001403.png
2024-09-30_11-20-14_0000022_00001528,2024-09-30_11-20-14_0000022.wav,1527.8933333333332,1550.9333333333332,23.039999999999964,1477.8933333333332,1600.9333333333332,82031.25,10.206264589493298,False,spectrograms_review\2024-09-30_11-20-14_0000022_00001528.png
2024-09-30_11-20-14_0000022_00001612,2024-09-30_11-20-14_0000022.wav,1612.3733333333332,1660.1599999999999,47.78666666666663,1562.3733333333332,1710.1599999999999,82031.25,13.011799939794242,False,spectrograms_review\2024-09-30_11-20-14_0000022_00001612.png
2024-09-30_11-20-14_0000022_00001729,2024-09-30_11-20-14_0000022.wav,1728.8533333333332,1777.9199999999998,49.066666666666606,1678.8533333333332,1827.9199999999998,79687.5,13.946592547409573,False,spectrograms_review\2024-09-30_11-20-14_0000022_00001729.png
2024-09-30_11-20-14_0000022_00001869,2024-09-30_11-20-14_0000022.wav,1869.2266666666665,1887.5733333333333,18.346666666666806,1819.2266666666665,1937.5733333333333,85546.875,10.263925515016465,False,spectrograms_review\2024-09-30_11-20-14_0000022_00001869.png
2024-09-30_11-20-14_0000022_00002080,2024-09-30_11-20-14_0000022.wav,2079.5733333333333,2093.653333333333,14.079999999999927,2029.5733333333333,2143.653333333333,73242.1875,7.898352856420797,False,spectrograms_review\2024-09-30_11-20-14_0000022_00002080.png
2024-09-30_11-20-14_0000022_00002161,2024-09-30_11-20-14_0000022.wav,2160.64,2191.7866666666664,31.146666666666533,2110.64,2241.7866666666664,72656.25,11.008299499753182,False,spectrograms_review\2024-09-30_11-20-14_0000022_00002161.png
2024-09-30_11-20-14_0000022_00002257,2024-09-30_11-20-14_0000022.wav,2257.0666666666666,2267.733333333333,10.666666666666515,2207.0666666666666,2317.733333333333,65039.0625,7.922849302599601,False,spectrograms_review\2024-09-30_11-20-14_0000022_00002257.png
2024-09-30_11-20-14_0000022_00002534,2024-09-30_11-20-14_0000022.wav,2534.3999999999996,2564.2666666666664,29.866666666666788,2484.3999999999996,2614.2666666666664,62695.3125,11.12908727126742,False,spectrograms_review\2024-09-30_11-20-14_0000022_00002534.png
2024-09-30_11-20-14_0000022_00002647,2024-09-30_11-20-14_0000022.wav,2646.6133333333332,2666.24,19.62666666666655,2596.6133333333332,2716.24,64453.125,6.033793278906254,False,spectrograms_review\2024-09-30_11-20-14_0000022_00002647.png
2024-09-30_11-20-14_0000022_00002832,2024-09-30_11-20-14_0000022.wav,2831.7866666666664,2867.6266666666666,35.840000000000146,2781.7866666666664,2917.6266666666666,63867.1875,10.440293934902583,False,spectrograms_review\2024-09-30_11-20-14_0000022_00002832.png
2024-09-30_11-20-14_0000022_00002947,2024-09-30_11-20-14_0000022.wav,2946.56,2964.9066666666663,18.34666666666635,2896.56,3014.9066666666663,66210.9375,11.256898546993646,False,spectrograms_review\2024-09-30_11-20-14_0000022_00002947.png
2024-09-30_11-20-14_0000022_00003056,2024-09-30_11-20-14_0000022.wav,3055.7866666666664,3086.08,30.29333333333352,3005.7866666666664,3136.08,62109.375,19.226507015992244,False,spectrograms_review\2024-09-30_11-20-14_0000022_00003056.png
2024-09-30_11-20-14_0000022_00003968,2024-09-30_11-20-14_0000022.wav,3968.4266666666663,4008.9599999999996,40.5333333333333,3918.4266666666663,4058.9599999999996,70898.4375,19.854303748552535,False,spectrograms_review\2024-09-30_11-20-14_0000022_00003968.png
2024-09-30_11-20-14_0000022_00004358,2024-09-30_11-20-14_0000022.wav,4357.973333333333,4383.1466666666665,25.173333333333176,4307.973333333333,4433.1466666666665,66210.9375,14.86901871598037,False,spectrograms_review\2024-09-30_11-20-14_0000022_00004358.png
2024-09-30_11-20-14_0000022_00004596,2024-09-30_11-20-14_0000022.wav,4596.48,4627.626666666666,31.146666666666533,4546.48,4677.626666666666,72656.25,8.81153406670168,False,spectrograms_review\2024-09-30_11-20-14_0000022_00004596.png
2024-09-30_11-20-14_0000022_00005165,2024-09-30_11-20-14_0000022.wav,5164.799999999999,5185.28,20.480000000000473,5114.799999999999,5235.28,62695.3125,11.174160086786673,False,spectrograms_review\2024-09-30_11-20-14_0000022_00005165.png
2024-09-30_11-20-14_0000022_00005353,2024-09-30_11-20-14_0000022.wav,5352.96,5393.92,40.960000000000036,5302.96,5443.92,72656.25,13.444017467934673,False,spectrograms_review\2024-09-30_11-20-14_0000022_00005353.png
2024-09-30_11-20-14_0000022_00005476,2024-09-30_11-20-14_0000022.wav,5475.839999999999,5520.639999999999,44.80000000000018,5425.839999999999,5570.639999999999,72070.3125,13.987912283221146,False,spectrograms_review\2024-09-30_11-20-14_0000022_00005476.png
2024-09-30_11-20-14_0000022_00005597,2024-09-30_11-20-14_0000022.wav,5597.013333333333,5644.373333333333,47.35999999999967,5547.013333333333,5694.373333333333,68554.6875,17.765579720368947,False,spectrograms_review\2024-09-30_11-20-14_0000022_00005597.png
2024-09-30_11-20-14_0000022_00005710,2024-09-30_11-20-14_0000022.wav,5709.653333333333,5745.066666666667,35.41333333333387,5659.653333333333,5795.066666666667,72656.25,12.585321936869489,False,spectrograms_review\2024-09-30_11-20-14_0000022_00005710.png
2024-09-30_11-20-14_0000022_00005827,2024-09-30_11-20-14_0000022.wav,5827.413333333333,5922.133333333333,94.72000000000025,5777.413333333333,5972.133333333333,56835.9375,18.199939741542043,False,spectrograms_review\2024-09-30_11-20-14_0000022_00005827.png
2024-09-30_11-20-14_0000022_00005988,2024-09-30_11-20-14_0000022.wav,5988.266666666666,6048.426666666666,60.159999999999854,5938.266666666666,6098.426666666666,68554.6875,18.082263551054865,False,spectrograms_review\2024-09-30_11-20-14_0000022_00005988.png
2024-09-30_11-20-14_0000022_00006109,2024-09-30_11-20-14_0000022.wav,6108.586666666666,6152.533333333333,43.946666666666715,6058.586666666666,6202.533333333333,83789.0625,13.70868693805151,False,spectrograms_review\2024-09-30_11-20-14_0000022_00006109.png
2024-09-30_11-20-14_0000022_00006217,2024-09-30_11-20-14_0000022.wav,6217.386666666666,6266.879999999999,49.493333333332885,6167.386666666666,6316.879999999999,60937.5,17.586506222544557,False,spectrograms_review\2024-09-30_11-20-14_0000022_00006217.png
2024-09-30_11-20-14_0000022_00006331,2024-09-30_11-20-14_0000022.wav,6330.879999999999,6381.653333333333,50.77333333333354,6280.879999999999,6431.653333333333,80273.4375,19.32848463288886,False,spectrograms_review\2024-09-30_11-20-14_0000022_00006331.png
2024-09-30_11-20-14_0000022_00006611,2024-09-30_11-20-14_0000022.wav,6610.773333333333,6639.786666666666,29.01333333333332,6560.773333333333,6689.786666666666,72070.3125,11.584393722459383,False,spectrograms_review\2024-09-30_11-20-14_0000022_00006611.png
2024-09-30_11-20-14_0000022_00006705,2024-09-30_11-20-14_0000022.wav,6705.066666666667,6715.306666666666,10.239999999999782,6655.066666666667,6765.306666666666,58007.8125,11.641787484370107,False,spectrograms_review\2024-09-30_11-20-14_0000022_00006705.png
2024-09-30_11-20-14_0000022_00007261,2024-09-30_11-20-14_0000022.wav,7260.586666666666,7272.106666666667,11.520000000000437,7210.586666666666,7322.106666666667,57421.875,8.818765795708911,False,spectrograms_review\2024-09-30_11-20-14_0000022_00007261.png
2024-09-30_11-20-14_0000022_00007284,2024-09-30_11-20-14_0000022.wav,7284.48,7322.453333333333,37.97333333333336,7234.48,7372.453333333333,70312.5,15.95840746523719,False,spectrograms_review\2024-09-30_11-20-14_0000022_00007284.png
2024-09-30_11-20-14_0000022_00007588,2024-09-30_11-20-14_0000022.wav,7588.266666666666,7610.879999999999,22.613333333332776,7538.266666666666,7660.879999999999,65039.0625,13.03167120689606,False,spectrograms_review\2024-09-30_11-20-14_0000022_00007588.png
2024-09-30_11-20-14_0000022_00007688,2024-09-30_11-20-14_0000022.wav,7687.679999999999,7718.826666666666,31.146666666666533,7637.679999999999,7768.826666666666,58593.75,11.823088658279637,False,spectrograms_review\2024-09-30_11-20-14_0000022_00007688.png
2024-09-30_11-20-14_0000022_00007780,2024-09-30_11-20-14_0000022.wav,7780.266666666666,7797.759999999999,17.493333333332885,7730.266666666666,7847.759999999999,59765.625,10.619484322773703,True,spectrograms_review\2024-09-30_11-20-14_0000022_00007780.png
2024-09-30_11-20-14_0000022_00007803,2024-09-30_11-20-14_0000022.wav,7802.879999999999,7851.946666666666,49.066666666666606,7752.879999999999,7901.946666666666,82031.25,12.13794684865984,False,spectrograms_review\2024-09-30_11-20-14_0000022_00007803.png
2024-09-30_11-20-14_0000022_00007900,2024-09-30_11-20-14_0000022.wav,7900.16,7921.919999999999,21.75999999999931,7850.16,7971.919999999999,63867.1875,12.088164792671346,False,spectrograms_review\2024-09-30_11-20-14_0000022_00007900.png
2024-09-30_11-20-14_0000022_00008095,2024-09-30_11-20-14_0000022.wav,8094.719999999999,8111.786666666666,17.066666666666606,8044.719999999999,8161.786666666666,62109.375,11.93806913940919,False,spectrograms_review\2024-09-30_11-20-14_0000022_00008095.png
2024-09-30_11-20-14_0000022_00008189,2024-09-30_11-20-14_0000022.wav,8189.013333333332,8207.786666666667,18.77333333333445,8139.013333333332,8257.786666666667,71484.375,9.508852622144188,False,spectrograms_review\2024-09-30_11-20-14_0000022_00008189.png
2024-09-30_11-20-14_0000022_00008443,2024-09-30_11-20-14_0000022.wav,8442.88,8458.24,15.360000000000582,8392.88,8508.24,63281.25,7.937077987193599,False,spectrograms_review\2024-09-30_11-20-14_0000022_00008443.png
2024-09-30_11-20-14_0000022_00009029,2024-09-30_11-20-14_0000022.wav,9029.119999999999,9044.053333333333,14.933333333334303,8979.119999999999,9094.053333333333,77929.6875,5.715754145997861,False,spectrograms_review\2024-09-30_11-20-14_0000022_00009029.png
2024-09-30_11-20-14_0000022_00009262,2024-09-30_11-20-14_0000022.wav,9262.08,9314.986666666666,52.90666666666584,9212.08,9364.986666666666,98437.5,14.440193130232524,False,spectrograms_review\2024-09-30_11-20-14_0000022_00009262.png
2024-09-30_11-20-14_0000022_00010456,2024-09-30_11-20-14_0000022.wav,10455.893333333333,10470.4,14.506666666666206,10405.893333333333,10520.4,82031.25,8.032565362956213,False,spectrograms_review\2024-09-30_11-20-14_0000022_00010456.png
2024-09-30_11-20-14_0000022_00010603,2024-09-30_11-20-14_0000022.wav,10602.666666666666,10638.933333333332,36.266666666666424,10552.666666666666,10688.933333333332,58007.8125,9.27290422961773,False,spectrograms_review\2024-09-30_11-20-14_0000022_00010603.png
2024-09-30_11-20-14_0000022_00010755,2024-09-30_11-20-14_0000022.wav,10755.413333333332,10839.893333333333,84.48000000000138,10705.413333333332,10889.893333333333,70898.4375,21.905078934225408,False,spectrograms_review\2024-09-30_11-20-14_0000022_00010755.png
2024-09-30_11-20-14_0000022_00012829,2024-09-30_11-20-14_0000022.wav,12829.439999999999,12840.96,11.520000000000437,12779.439999999999,12890.96,25781.25,5.919851320965185,False,spectrograms_review\2024-09-30_11-20-14_0000022_00012829.png
2024-09-30_11-20-26_0000023_00000088,2024-09-30_11-20-26_0000023.wav,88.32,157.01333333333332,68.69333333333333,38.31999999999999,207.01333333333332,29296.875,9.958666483773827,False,spectrograms_review\2024-09-30_11-20-26_0000023_00000088.png
2024-09-30_11-20-26_0000023_00000210,2024-09-30_11-20-26_0000023.wav,210.34666666666666,238.50666666666666,28.159999999999997,160.34666666666666,288.50666666666666,25781.25,5.919851320965185,False,spectrograms_review\2024-09-30_11-20-26_0000023_00000210.png
2024-09-30_11-20-26_0000023_00000429,2024-09-30_11-20-26_0000023.wav,429.22666666666663,440.7466666666666,11.519999999999982,379.22666666666663,490.7466666666666,65039.0625,5.270270737835334,False,spectrograms_review\2024-09-30_11-20-26_0000023_00000429.png
2024-09-30_11-20-26_0000023_00000461,2024-09-30_11-20-26_0000023.wav,461.22666666666663,475.7333333333333,14.50666666666666,411.22666666666663,525.7333333333333,65625.0,4.591560603566011,False,spectrograms_review\2024-09-30_11-20-26_0000023_00000461.png
2024-09-30_11-20-26_0000023_00000800,2024-09-30_11-20-26_0000023.wav,800.4266666666666,825.1733333333333,24.74666666666667,750.4266666666666,875.1733333333333,63867.1875,7.092695153243009,False,spectrograms_review\2024-09-30_11-20-26_0000023_00000800.png
2024-09-30_11-20-26_0000023_00001035,2024-09-30_11-20-26_0000023.wav,1034.6666666666665,1050.4533333333334,15.78666666666686,984.6666666666665,1100.4533333333334,67382.8125,8.955322511965417,False,spectrograms_review\2024-09-30_11-20-26_0000023_00001035.png
2024-09-30_11-20-26_0000023_00001175,2024-09-30_11-20-26_0000023.wav,1175.4666666666667,1205.3333333333333,29.86666666666656,1125.4666666666667,1255.3333333333333,61523.4375,18.194553867804704,False,spectrograms_review\2024-09-30_11-20-26_0000023_00001175.png
2024-09-30_11-20-26_0000023_00001284,2024-09-30_11-20-26_0000023.wav,1284.2666666666667,1299.1999999999998,14.933333333333167,1234.2666666666667,1349.1999999999998,61523.4375,9.914940410193369,False,spectrograms_review\2024-09-30_11-20-26_0000023_00001284.png
2024-09-30_11-20-26_0000023_00001379,2024-09-30_11-20-26_0000023.wav,1379.4133333333332,1393.9199999999998,14.50666666666666,1329.4133333333332,1443.9199999999998,65625.0,3.6765740749081677,False,spectrograms_review\2024-09-30_11-20-26_0000023_00001379.png
2024-09-30_11-20-26_0000023_00001599,2024-09-30_11-20-26_0000023.wav,1598.7199999999998,1683.1999999999998,84.48000000000002,1548.7199999999998,1733.1999999999998,60351.5625,12.480009525877895,True,spectrograms_review\2024-09-30_11-20-26_0000023_00001599.png
2024-09-30_11-20-26_0000023_00001782,2024-09-30_11-20-26_0000023.wav,1782.1866666666665,1799.6799999999998,17.49333333333334,1732.1866666666665,1849.6799999999998,59179.6875,4.948410405620357,False,spectrograms_review\2024-09-30_11-20-26_0000023_00001782.png
2024-09-30_11-20-32_0000025_00000793,2024-09-30_11-20-32_0000025.wav,792.7466666666667,831.1466666666666,38.39999999999998,742.7466666666667,881.1466666666666,69140.625,8.497638875324915,False,spectrograms_review\2024-09-30_11-20-32_0000025_00000793.png
2024-09-30_11-20-32_0000025_00000899,2024-09-30_11-20-32_0000025.wav,898.9866666666666,940.8,41.81333333333339,848.9866666666666,990.8,70312.5,8.858887401532453,False,spectrograms_review\2024-09-30_11-20-32_0000025_00000899.png
2024-09-30_11-20-32_0000025_00001006,2024-09-30_11-20-32_0000025.wav,1006.0799999999999,1041.9199999999998,35.83999999999992,956.0799999999999,1091.9199999999998,65039.0625,15.075068588013616,False,spectrograms_review\2024-09-30_11-20-32_0000025_00001006.png
2024-09-30_11-20-32_0000025_00001049,2024-09-30_11-20-32_0000025.wav,1049.1733333333332,1060.2666666666667,11.093333333333476,999.1733333333332,1110.2666666666667,72070.3125,2.3559022941619783,False,spectrograms_review\2024-09-30_11-20-32_0000025_00001049.png
2024-09-30_11-20-32_0000025_00001133,2024-09-30_11-20-32_0000025.wav,1133.2266666666667,1177.6,44.37333333333322,1083.2266666666667,1227.6,60937.5,15.772845067762969,False,spectrograms_review\2024-09-30_11-20-32_0000025_00001133.png
2024-09-30_11-20-32_0000025_00001261,2024-09-30_11-20-32_0000025.wav,1261.2266666666667,1305.6,44.37333333333322,1211.2266666666667,1355.6,60937.5,15.772845067762969,False,spectrograms_review\2024-09-30_11-20-32_0000025_00001261.png
2024-09-30_11-20-32_0000025_00001355,2024-09-30_11-20-32_0000025.wav,1354.6666666666665,1423.36,68.69333333333338,1304.6666666666665,1473.36,63867.1875,6.964077960185739,False,spectrograms_review\2024-09-30_11-20-32_0000025_00001355.png
2024-09-30_11-20-32_0000025_00001714,2024-09-30_11-20-32_0000025.wav,1714.3466666666666,1770.2399999999998,55.8933333333332,1664.3466666666666,1820.2399999999998,61523.4375,14.048558933772268,False,spectrograms_review\2024-09-30_11-20-32_0000025_00001714.png
2024-09-30_11-20-32_0000025_00001842,2024-09-30_11-20-32_0000025.wav,1842.3466666666666,1863.253333333333,20.906666666666524,1792.3466666666666,1913.253333333333,63867.1875,4.561014728157943,False,spectrograms_review\2024-09-30_11-20-32_0000025_00001842.png
2024-09-30_11-20-32_0000025_00001884,2024-09-30_11-20-32_0000025.wav,1883.7333333333331,1908.9066666666665,25.173333333333403,1833.7333333333331,1958.9066666666665,26953.125,10.861585213716083,False,spectrograms_review\2024-09-30_11-20-32_0000025_00001884.png
2024-09-30_11-20-32_0000025_00002017,2024-09-30_11-20-32_0000025.wav,2017.28,2046.2933333333333,29.01333333333332,1967.28,2096.293333333333,66796.875,6.450548748102629,False,spectrograms_review\2024-09-30_11-20-32_0000025_00002017.png
2024-09-30_11-20-32_0000025_00002185,2024-09-30_11-20-32_0000025.wav,2184.5333333333333,2225.0666666666666,40.5333333333333,2134.5333333333333,2275.0666666666666,29882.8125,6.960962728737957,False,spectrograms_review\2024-09-30_11-20-32_0000025_00002185.png
2024-09-30_11-20-32_0000025_00002385,2024-09-30_11-20-32_0000025.wav,2385.0666666666666,2433.2799999999997,48.21333333333314,2335.0666666666666,2483.2799999999997,63867.1875,8.728196771368832,False,spectrograms_review\2024-09-30_11-20-32_0000025_00002385.png
2024-09-30_11-20-32_0000025_00002502,2024-09-30_11-20-32_0000025.wav,2501.9733333333334,2523.3066666666664,21.33333333333303,2451.9733333333334,2573.3066666666664,65625.0,6.427391118388243,False,spectrograms_review\2024-09-30_11-20-32_0000025_00002502.png
2024-09-30_11-20-32_0000025_00002805,2024-09-30_11-20-32_0000025.wav,2804.9066666666663,2853.12,48.213333333333594,2754.9066666666663,2903.12,26367.1875,3.7939835896199985,False,spectrograms_review\2024-09-30_11-20-32_0000025_00002805.png
2024-09-30_11-20-35_0000027_00000364,2024-09-30_11-20-35_0000027.wav,363.94666666666666,381.0133333333333,17.066666666666663,313.94666666666666,431.0133333333333,84960.9375,4.094659209590887,False,spectrograms_review\2024-09-30_11-20-35_0000027_00000364.png
2024-09-30_11-20-35_0000027_00000905,2024-09-30_11-20-35_0000027.wav,904.9599999999999,1061.9733333333334,157.01333333333343,854.9599999999999,1111.9733333333334,70898.4375,14.120165809858076,False,spectrograms_review\2024-09-30_11-20-35_0000027_00000905.png
2024-09-30_11-20-35_0000027_00001417,2024-09-30_11-20-35_0000027.wav,1416.5333333333333,1454.5066666666667,37.97333333333336,1366.5333333333333,1504.5066666666667,28710.9375,10.401301253395268,False,spectrograms_review\2024-09-30_11-20-35_0000027_00001417.png
2024-09-30_11-20-38_0000028_00000937,2024-09-30_11-20-38_0000028.wav,936.9599999999999,968.9599999999999,32.0,886.9599999999999,1018.9599999999999,63281.25,6.357971427374922,False,spectrograms_review\2024-09-30_11-20-38_0000028_00000937.png
2024-09-30_11-20-38_0000028_00001035,2024-09-30_11-20-38_0000028.wav,1035.0933333333332,1061.9733333333334,26.88000000000011,985.0933333333332,1111.9733333333334,59179.6875,12.081674494817818,False,spectrograms_review\2024-09-30_11-20-38_0000028_00001035.png
2024-09-30_11-20-38_0000028_00001337,2024-09-30_11-20-38_0000028.wav,1336.7466666666667,1415.2533333333333,78.50666666666666,1286.7466666666667,1465.2533333333333,87304.6875,13.82993505607436,False,spectrograms_review\2024-09-30_11-20-38_0000028_00001337.png
2024-09-30_11-20-38_0000028_00001484,2024-09-30_11-20-38_0000028.wav,1484.3733333333332,1499.3066666666666,14.933333333333394,1434.3733333333332,1549.3066666666666,66210.9375,4.020782812603186,False,spectrograms_review\2024-09-30_11-20-38_0000028_00001484.png
2024-09-30_11-20-38_0000028_00001573,2024-09-30_11-20-38_0000028.wav,1572.6933333333332,1585.0666666666666,12.373333333333449,1522.6933333333332,1635.0666666666666,65625.0,3.7469819440116807,False,spectrograms_review\2024-09-30_11-20-38_0000028_00001573.png
2024-09-30_11-20-38_0000028_00001678,2024-09-30_11-20-38_0000028.wav,1677.6533333333332,1705.3866666666665,27.73333333333335,1627.6533333333332,1755.3866666666665,65625.0,10.608821969141378,False,spectrograms_review\2024-09-30_11-20-38_0000028_00001678.png
2024-09-30_11-20-38_0000028_00001792,2024-09-30_11-20-38_0000028.wav,1792.4266666666665,1852.5866666666666,60.16000000000008,1742.4266666666665,1902.5866666666666,68554.6875,16.10833387634017,False,spectrograms_review\2024-09-30_11-20-38_0000028_00001792.png
2024-09-30_11-20-38_0000028_00001921,2024-09-30_11-20-38_0000028.wav,1921.28,1975.8933333333332,54.61333333333323,1871.28,2025.8933333333332,71484.375,16.1215389357449,False,spectrograms_review\2024-09-30_11-20-38_0000028_00001921.png
2024-09-30_11-20-38_0000028_00001987,2024-09-30_11-20-38_0000028.wav,1986.56,2042.0266666666666,55.4666666666667,1936.56,2092.0266666666666,64453.125,17.367001465055363,False,spectrograms_review\2024-09-30_11-20-38_0000028_00001987.png
2024-09-30_11-20-38_0000028_00002112,2024-09-30_11-20-38_0000028.wav,2112.0,2129.92,17.920000000000073,2062.0,2179.92,66210.9375,6.915315461573993,False,spectrograms_review\2024-09-30_11-20-38_0000028_00002112.png
2024-09-30_11-20-38_0000028_00002206,2024-09-30_11-20-38_0000028.wav,2206.293333333333,2274.9866666666667,68.69333333333361,2156.293333333333,2324.9866666666667,72070.3125,11.732193470155101,False,spectrograms_review\2024-09-30_11-20-38_0000028_00002206.png
2024-09-30_11-20-38_0000028_00002305,2024-09-30_11-20-38_0000028.wav,2304.853333333333,2355.2,50.346666666666806,2254.853333333333,2405.2,64453.125,16.736659718646273,False,spectrograms_review\2024-09-30_11-20-38_0000028_00002305.png
2024-09-30_11-20-38_0000028_00002363,2024-09-30_11-20-38_0000028.wav,2362.8799999999997,2406.8266666666664,43.946666666666715,2312.8799999999997,2456.8266666666664,79101.5625,7.656039297778183,False,spectrograms_review\2024-09-30_11-20-38_0000028_00002363.png
2024-09-30_11-20-38_0000028_00002439,2024-09-30_11-20-38_0000028.wav,2439.253333333333,2464.0,24.746666666666897,2389.253333333333,2514.0,59765.625,7.913238192407965,True,spectrograms_review\2024-09-30_11-20-38_0000028_00002439.png
2024-09-30_11-20-38_0000028_00002537,2024-09-30_11-20-38_0000028.wav,2536.96,2573.2266666666665,36.266666666666424,2486.96,2623.2266666666665,63281.25,11.433467424158437,False,spectrograms_review\2024-09-30_11-20-38_0000028_00002537.png
2024-09-30_11-20-38_0000028_00002612,2024-09-30_11-20-38_0000028.wav,2612.0533333333333,2670.08,58.02666666666664,2562.0533333333333,2720.08,65625.0,13.75234781698756,False,spectrograms_review\2024-09-30_11-20-38_0000028_00002612.png
2024-09-30_11-20-38_0000028_00003232,2024-09-30_11-20-38_0000028.wav,3231.5733333333333,3266.56,34.98666666666668,3181.5733333333333,3316.56,27539.0625,5.721609646846327,False,spectrograms_review\2024-09-30_11-20-38_0000028_00003232.png
2024-09-30_11-20-38_0000028_00003369,2024-09-30_11-20-38_0000028.wav,3368.5333333333333,3383.4666666666662,14.93333333333294,3318.5333333333333,3433.4666666666662,63281.25,3.043342736589198,False,spectrograms_review\2024-09-30_11-20-38_0000028_00003369.png
2024-09-30_11-20-41_0000029_00001039,2024-09-30_11-20-41_0000029.wav,1038.5066666666667,1050.0266666666666,11.519999999999982,988.5066666666667,1100.0266666666666,60351.5625,10.995141907962536,True,spectrograms_review\2024-09-30_11-20-41_0000029_00001039.png
2024-09-30_11-20-41_0000029_00001141,2024-09-30_11-20-41_0000029.wav,1141.3333333333333,1160.96,19.62666666666678,1091.3333333333333,1210.96,69726.5625,16.568417193845658,False,spectrograms_review\2024-09-30_11-20-41_0000029_00001141.png
2024-09-30_11-20-41_0000029_00001269,2024-09-30_11-20-41_0000029.wav,1269.3333333333333,1288.9599999999998,19.62666666666655,1219.3333333333333,1338.9599999999998,69726.5625,16.568417193845658,False,spectrograms_review\2024-09-30_11-20-41_0000029_00001269.png
2024-09-30_11-20-41_0000029_00001451,2024-09-30_11-20-41_0000029.wav,1451.0933333333332,1481.8133333333333,30.720000000000027,1401.0933333333332,1531.8133333333333,60937.5,19.245716854328684,False,spectrograms_review\2024-09-30_11-20-41_0000029_00001451.png
2024-09-30_11-20-41_0000029_00001682,2024-09-30_11-20-41_0000029.wav,1681.9199999999998,1708.8,26.88000000000011,1631.9199999999998,1758.8,70312.5,16.5945839233388,False,spectrograms_review\2024-09-30_11-20-41_0000029_00001682.png
2024-09-30_11-20-41_0000029_00001714,2024-09-30_11-20-41_0000029.wav,1713.9199999999998,1732.6933333333332,18.773333333333312,1663.9199999999998,1782.6933333333332,69140.625,13.61346662153833,False,spectrograms_review\2024-09-30_11-20-41_0000029_00001714.png
2024-09-30_11-20-41_0000029_00001813,2024-09-30_11-20-41_0000029.wav,1813.3333333333333,1832.9599999999998,19.62666666666655,1763.3333333333333,1882.9599999999998,59765.625,14.057494562905648,True,spectrograms_review\2024-09-30_11-20-41_0000029_00001813.png
2024-09-30_11-20-41_0000029_00001922,2024-09-30_11-20-41_0000029.wav,1922.1333333333332,1946.4533333333331,24.319999999999936,1872.1333333333332,1996.4533333333331,59765.625,18.123021233007155,True,spectrograms_review\2024-09-30_11-20-41_0000029_00001922.png
2024-09-30_11-20-41_0000029_00001952,2024-09-30_11-20-41_0000029.wav,1951.5733333333333,2014.7199999999998,63.14666666666653,1901.5733333333333,2064.72,65039.0625,23.674529371402315,False,spectrograms_review\2024-09-30_11-20-41_0000029_00001952.png
2024-09-30_11-20-41_0000029_00002094,2024-09-30_11-20-41_0000029.wav,2093.653333333333,2110.293333333333,16.639999999999873,2043.6533333333332,2160.293333333333,65625.0,16.37681721623916,False,spectrograms_review\2024-09-30_11-20-41_0000029_00002094.png
2024-09-30_11-20-41_0000029_00002207,2024-09-30_11-20-41_0000029.wav,2206.72,2224.64,17.920000000000073,2156.72,2274.64,67382.8125,16.23048251095778,False,spectrograms_review\2024-09-30_11-20-41_0000029_00002207.png
2024-09-30_11-20-41_0000029_00002340,2024-09-30_11-20-41_0000029.wav,2340.2666666666664,2381.2266666666665,40.960000000000036,2290.2666666666664,2431.2266666666665,71484.375,19.39865041100452,False,spectrograms_review\2024-09-30_11-20-41_0000029_00002340.png
2024-09-30_11-20-41_0000029_00002414,2024-09-30_11-20-41_0000029.wav,2414.08,2427.733333333333,13.653333333333194,2364.08,2477.733333333333,38671.875,22.90452486450026,False,spectrograms_review\2024-09-30_11-20-41_0000029_00002414.png
2024-09-30_11-20-41_0000029_00002438,2024-09-30_11-20-41_0000029.wav,2437.5466666666666,2470.8266666666664,33.279999999999745,2387.5466666666666,2520.8266666666664,70898.4375,26.495037639051784,False,spectrograms_review\2024-09-30_11-20-41_0000029_00002438.png
2024-09-30_11-20-41_0000029_00002577,2024-09-30_11-20-41_0000029.wav,2577.4933333333333,2681.6,104.10666666666657,2527.4933333333333,2731.6,65039.0625,15.67005495003816,False,spectrograms_review\2024-09-30_11-20-41_0000029_00002577.png
2024-09-30_11-20-41_0000029_00002861,2024-09-30_11-20-41_0000029.wav,2860.7999999999997,2883.8399999999997,23.039999999999964,2810.7999999999997,2933.8399999999997,65625.0,18.324282979848913,False,spectrograms_review\2024-09-30_11-20-41_0000029_00002861.png
2024-09-30_11-20-41_0000029_00002986,2024-09-30_11-20-41_0000029.wav,2985.813333333333,3001.173333333333,15.360000000000127,2935.813333333333,3051.173333333333,71484.375,15.710280453762795,False,spectrograms_review\2024-09-30_11-20-41_0000029_00002986.png
2024-09-30_11-20-41_0000029_00003007,2024-09-30_11-20-41_0000029.wav,3007.1466666666665,3092.0533333333333,84.90666666666675,2957.1466666666665,3142.0533333333333,68554.6875,18.87213124639123,False,spectrograms_review\2024-09-30_11-20-41_0000029_00003007.png
2024-09-30_11-20-41_0000029_00003184,2024-09-30_11-20-41_0000029.wav,3183.7866666666664,3224.3199999999997,40.5333333333333,3133.7866666666664,3274.3199999999997,71484.375,25.900200853539804,False,spectrograms_review\2024-09-30_11-20-41_0000029_00003184.png
2024-09-30_11-20-45_0000030_00001006,2024-09-30_11-20-45_0000030.wav,1006.0799999999999,1032.96,26.88000000000011,956.0799999999999,1082.96,72656.25,15.460465774451691,False,spectrograms_review\2024-09-30_11-20-45_0000030_00001006.png
2024-09-30_11-20-45_0000030_00001114,2024-09-30_11-20-45_0000030.wav,1114.0266666666666,1136.6399999999999,22.61333333333323,1064.0266666666666,1186.6399999999999,70898.4375,11.14659873683921,False,spectrograms_review\2024-09-30_11-20-45_0000030_00001114.png
2024-09-30_11-20-45_0000030_00001226,2024-09-30_11-20-45_0000030.wav,1225.8133333333333,1274.0266666666666,48.21333333333337,1175.8133333333333,1324.0266666666666,69726.5625,16.422116993334747,False,spectrograms_review\2024-09-30_11-20-45_0000030_00001226.png
2024-09-30_11-20-45_0000030_00001342,2024-09-30_11-20-45_0000030.wav,1341.8666666666666,1368.7466666666667,26.88000000000011,1291.8666666666666,1418.7466666666667,67968.75,14.065516752043246,False,spectrograms_review\2024-09-30_11-20-45_0000030_00001342.png
2024-09-30_11-20-45_0000030_00001448,2024-09-30_11-20-45_0000030.wav,1447.6799999999998,1486.5066666666667,38.826666666666824,1397.6799999999998,1536.5066666666667,62695.3125,20.607026658517324,False,spectrograms_review\2024-09-30_11-20-45_0000030_00001448.png
2024-09-30_11-20-45_0000030_00001559,2024-09-30_11-20-45_0000030.wav,1559.04,1584.6399999999999,25.59999999999991,1509.04,1634.6399999999999,63281.25,17.647035777043122,False,spectrograms_review\2024-09-30_11-20-45_0000030_00001559.png
2024-09-30_11-20-45_0000030_00001662,2024-09-30_11-20-45_0000030.wav,1662.2933333333333,1684.4799999999998,22.186666666666497,1612.2933333333333,1734.4799999999998,65625.0,13.98860982205453,False,spectrograms_review\2024-09-30_11-20-45_0000030_00001662.png
2024-09-30_11-20-45_0000030_00001764,2024-09-30_11-20-45_0000030.wav,1764.2666666666667,1794.9866666666665,30.7199999999998,1714.2666666666667,1844.9866666666665,71484.375,13.801242284571764,False,spectrograms_review\2024-09-30_11-20-45_0000030_00001764.png
2024-09-30_11-20-45_0000030_00001890,2024-09-30_11-20-45_0000030.wav,1889.7066666666665,1918.2933333333333,28.586666666666815,1839.7066666666665,1968.2933333333333,63281.25,9.65410637196007,False,spectrograms_review\2024-09-30_11-20-45_0000030_00001890.png
2024-09-30_11-20-45_0000030_00002419,2024-09-30_11-20-45_0000030.wav,2419.2,2430.293333333333,11.093333333333248,2369.2,2480.293333333333,84375.0,7.600828703894045,False,spectrograms_review\2024-09-30_11-20-45_0000030_00002419.png
2024-09-30_11-20-45_0000030_00002618,2024-09-30_11-20-45_0000030.wav,2617.6,2631.253333333333,13.653333333333194,2567.6,2681.253333333333,41015.625,8.672137335928431,False,spectrograms_review\2024-09-30_11-20-45_0000030_00002618.png
2024-09-30_11-20-45_0000030_00002960,2024-09-30_11-20-45_0000030.wav,2960.213333333333,2985.3866666666663,25.173333333333176,2910.213333333333,3035.3866666666663,84960.9375,11.892534981894698,False,spectrograms_review\2024-09-30_11-20-45_0000030_00002960.png
2024-09-30_11-20-45_0000030_00003157,2024-09-30_11-20-45_0000030.wav,3156.9066666666663,3170.56,13.653333333333649,3106.9066666666663,3220.56,66796.875,12.066586433263202,False,spectrograms_review\2024-09-30_11-20-45_0000030_00003157.png
2024-09-30_11-20-45_0000030_00004172,2024-09-30_11-20-45_0000030.wav,4171.5199999999995,4195.84,24.32000000000062,4121.5199999999995,4245.84,37500.0,6.211982848345013,False,spectrograms_review\2024-09-30_11-20-45_0000030_00004172.png
2024-09-30_11-20-53_0000032_00000635,2024-09-30_11-20-53_0000032.wav,634.88,710.4,75.51999999999998,584.88,760.4,25781.25,12.765696339533694,False,spectrograms_review\2024-09-30_11-20-53_0000032_00000635.png
2024-09-30_11-20-53_0000032_00000773,2024-09-30_11-20-53_0000032.wav,772.6933333333333,791.4666666666666,18.773333333333312,722.6933333333333,841.4666666666666,76757.8125,5.072014010676787,False,spectrograms_review\2024-09-30_11-20-53_0000032_00000773.png
2024-09-30_11-20-53_0000032_00000888,2024-09-30_11-20-53_0000032.wav,888.3199999999999,929.7066666666666,41.386666666666656,838.3199999999999,979.7066666666666,95507.8125,7.092824478850206,False,spectrograms_review\2024-09-30_11-20-53_0000032_00000888.png
2024-09-30_11-20-53_0000032_00001777,2024-09-30_11-20-53_0000032.wav,1777.0666666666666,1787.3066666666666,10.240000000000009,1727.0666666666666,1837.3066666666666,82617.1875,5.862440088916347,False,spectrograms_review\2024-09-30_11-20-53_0000032_00001777.png
2024-09-30_11-20-53_0000032_00002152,2024-09-30_11-20-53_0000032.wav,2151.68,2164.48,12.800000000000182,2101.68,2214.48,65625.0,4.946574141932406,False,spectrograms_review\2024-09-30_11-20-53_0000032_00002152.png
2024-09-30_11-20-53_0000032_00002253,2024-09-30_11-20-53_0000032.wav,2252.7999999999997,2276.2666666666664,23.466666666666697,2202.7999999999997,2326.2666666666664,58007.8125,8.298615832032736,False,spectrograms_review\2024-09-30_11-20-53_0000032_00002253.png
2024-09-30_11-20-53_0000032_00002435,2024-09-30_11-20-53_0000032.wav,2435.413333333333,2469.9733333333334,34.5600000000004,2385.413333333333,2519.9733333333334,68554.6875,8.942486628275269,False,spectrograms_review\2024-09-30_11-20-53_0000032_00002435.png
2024-09-30_11-20-53_0000032_00002557,2024-09-30_11-20-53_0000032.wav,2557.44,2604.373333333333,46.93333333333294,2507.44,2654.373333333333,60937.5,6.8381537022327255,False,spectrograms_review\2024-09-30_11-20-53_0000032_00002557.png
2024-09-30_11-20-53_0000032_00002784,2024-09-30_11-20-53_0000032.wav,2783.5733333333333,2814.293333333333,30.7199999999998,2733.5733333333333,2864.293333333333,57421.875,9.45170967539424,False,spectrograms_review\2024-09-30_11-20-53_0000032_00002784.png
2024-09-30_11-20-53_0000032_00002901,2024-09-30_11-20-53_0000032.wav,2900.9066666666663,2941.8666666666663,40.960000000000036,2850.9066666666663,2991.8666666666663,70312.5,5.046460452221526,False,spectrograms_review\2024-09-30_11-20-53_0000032_00002901.png
2024-09-30_11-20-53_0000032_00003013,2024-09-30_11-20-53_0000032.wav,3013.12,3072.0,58.88000000000011,2963.12,3122.0,82031.25,13.308749188705338,False,spectrograms_review\2024-09-30_11-20-53_0000032_00003013.png
2024-09-30_11-20-53_0000032_00003761,2024-09-30_11-20-53_0000032.wav,3761.0666666666666,3775.5733333333333,14.50666666666666,3711.0666666666666,3825.5733333333333,60351.5625,3.440833307930102,True,spectrograms_review\2024-09-30_11-20-53_0000032_00003761.png
2024-09-30_11-20-53_0000032_00003880,2024-09-30_11-20-53_0000032.wav,3879.68,3893.7599999999998,14.079999999999927,3829.68,3943.7599999999998,57421.875,5.799111377600902,False,spectrograms_review\2024-09-30_11-20-53_0000032_00003880.png
2024-09-30_11-20-56_0000033_00000266,2024-09-30_11-20-56_0000033.wav,265.81333333333333,280.32,14.50666666666666,215.81333333333333,330.32,60351.5625,3.440833307930102,True,spectrograms_review\2024-09-30_11-20-56_0000033_00000266.png
2024-09-30_11-20-56_0000033_00000384,2024-09-30_11-20-56_0000033.wav,384.4266666666666,398.50666666666666,14.080000000000041,334.4266666666666,448.50666666666666,57421.875,5.799111377600902,False,spectrograms_review\2024-09-30_11-20-56_0000033_00000384.png
2024-09-30_11-20-56_0000033_00001033,2024-09-30_11-20-56_0000033.wav,1032.5333333333333,1119.5733333333333,87.03999999999996,982.5333333333333,1169.5733333333333,66210.9375,17.815154720586616,False,spectrograms_review\2024-09-30_11-20-56_0000033_00001033.png
2024-09-30_11-20-56_0000033_00001187,2024-09-30_11-20-56_0000033.wav,1187.4133333333332,1247.5733333333333,60.16000000000008,1137.4133333333332,1297.5733333333333,60937.5,12.195454924919035,False,spectrograms_review\2024-09-30_11-20-56_0000033_00001187.png
2024-09-30_11-20-56_0000033_00001315,2024-09-30_11-20-56_0000033.wav,1315.4133333333332,1375.5733333333333,60.16000000000008,1265.4133333333332,1425.5733333333333,60937.5,12.195454924919035,False,spectrograms_review\2024-09-30_11-20-56_0000033_00001315.png
2024-09-30_11-20-56_0000033_00001443,2024-09-30_11-20-56_0000033.wav,1443.4133333333332,1462.6133333333332,19.200000000000045,1393.4133333333332,1512.6133333333332,86132.8125,5.252100845182967,False,spectrograms_review\2024-09-30_11-20-56_0000033_00001443.png
2024-09-30_11-21-01_0000034_00001137,2024-09-30_11-21-01_0000034.wav,1136.6399999999999,1155.4133333333332,18.773333333333312,1086.6399999999999,1205.4133333333332,59765.625,11.2465027015522,True,spectrograms_review\2024-09-30_11-21-01_0000034_00001137.png
2024-09-30_11-21-01_0000034_00001248,2024-09-30_11-21-01_0000034.wav,1248.4266666666665,1285.12,36.693333333333385,1198.4266666666665,1335.12,65625.0,17.99024756747668,False,spectrograms_review\2024-09-30_11-21-01_0000034_00001248.png
2024-09-30_11-21-01_0000034_00001354,2024-09-30_11-21-01_0000034.wav,1353.8133333333333,1370.8799999999999,17.066666666666606,1303.8133333333333,1420.8799999999999,68554.6875,13.409897241467357,False,spectrograms_review\2024-09-30_11-21-01_0000034_00001354.png
2024-09-30_11-21-01_0000034_00001462,2024-09-30_11-21-01_0000034.wav,1462.1866666666665,1482.24,20.053333333333512,1412.1866666666665,1532.24,62695.3125,15.585133219652151,False,spectrograms_review\2024-09-30_11-21-01_0000034_00001462.png
2024-09-30_11-21-01_0000034_00001566,2024-09-30_11-21-01_0000034.wav,1565.8666666666666,1589.76,23.89333333333343,1515.8666666666666,1639.76,66796.875,12.326756483114533,False,spectrograms_review\2024-09-30_11-21-01_0000034_00001566.png
2024-09-30_11-21-01_0000034_00001765,2024-09-30_11-21-01_0000034.wav,1764.6933333333332,1776.2133333333331,11.519999999999982,1714.6933333333332,1826.2133333333331,29882.8125,12.321059356209322,False,spectrograms_review\2024-09-30_11-21-01_0000034_00001765.png
2024-09-30_11-21-01_0000034_00001980,2024-09-30_11-21-01_0000034.wav,1980.1599999999999,2001.493333333333,21.333333333333258,1930.1599999999999,2051.493333333333,60937.5,14.982339739720912,False,spectrograms_review\2024-09-30_11-21-01_0000034_00001980.png
2024-09-30_11-21-01_0000034_00002288,2024-09-30_11-21-01_0000034.wav,2287.7866666666664,2312.5333333333333,24.746666666666897,2237.7866666666664,2362.5333333333333,56835.9375,21.272152281095487,False,spectrograms_review\2024-09-30_11-21-01_0000034_00002288.png
2024-09-30_11-21-01_0000034_00002328,2024-09-30_11-21-01_0000034.wav,2328.3199999999997,2338.56,10.240000000000236,2278.3199999999997,2388.56,70898.4375,11.216150311618303,False,spectrograms_review\2024-09-30_11-21-01_0000034_00002328.png
2024-09-30_11-21-01_0000034_00002807,2024-09-30_11-21-01_0000034.wav,2806.6133333333332,2825.813333333333,19.199999999999818,2756.6133333333332,2875.813333333333,82031.25,17.18572478581125,False,spectrograms_review\2024-09-30_11-21-01_0000034_00002807.png
2024-09-30_11-21-01_0000034_00003226,2024-09-30_11-21-01_0000034.wav,3226.0266666666666,3240.9599999999996,14.93333333333294,3176.0266666666666,3290.9599999999996,82617.1875,13.783120027232819,False,spectrograms_review\2024-09-30_11-21-01_0000034_00003226.png
2024-09-30_11-21-01_0000034_00003773,2024-09-30_11-21-01_0000034.wav,3772.5866666666666,3821.2266666666665,48.63999999999987,3722.5866666666666,3871.2266666666665,33398.4375,27.107742184495454,False,spectrograms_review\2024-09-30_11-21-01_0000034_00003773.png
2024-09-30_11-21-01_0000034_00003977,2024-09-30_11-21-01_0000034.wav,3976.533333333333,4034.56,58.0266666666671,3926.533333333333,4084.56,81445.3125,21.884256941247052,False,spectrograms_review\2024-09-30_11-21-01_0000034_00003977.png
2024-09-30_11-21-01_0000034_00004051,2024-09-30_11-21-01_0000034.wav,4050.773333333333,4128.8533333333335,78.08000000000038,4000.773333333333,4178.8533333333335,72656.25,24.376217864074036,False,spectrograms_review\2024-09-30_11-21-01_0000034_00004051.png
2024-09-30_11-21-01_0000034_00004815,2024-09-30_11-21-01_0000034.wav,4815.36,4861.44,46.07999999999993,4765.36,4911.44,80273.4375,16.074389727393267,False,spectrograms_review\2024-09-30_11-21-01_0000034_00004815.png
2024-09-30_11-21-01_0000034_00004956,2024-09-30_11-21-01_0000034.wav,4955.733333333333,4971.5199999999995,15.78666666666686,4905.733333333333,5021.5199999999995,82617.1875,13.084775656869237,False,spectrograms_review\2024-09-30_11-21-01_0000034_00004956.png
2024-09-30_11-21-07_0000035_00001057,2024-09-30_11-21-07_0000035.wav,1056.8533333333332,1067.9466666666665,11.093333333333248,1006.8533333333332,1117.9466666666665,80273.4375,10.270669978939765,False,spectrograms_review\2024-09-30_11-21-07_0000035_00001057.png
2024-09-30_11-21-07_0000035_00001073,2024-09-30_11-21-07_0000035.wav,1073.0666666666666,1094.8266666666666,21.75999999999999,1023.0666666666666,1144.8266666666666,78515.625,11.363807035942946,False,spectrograms_review\2024-09-30_11-21-07_0000035_00001073.png
2024-09-30_11-21-07_0000035_00001129,2024-09-30_11-21-07_0000035.wav,1129.3866666666665,1188.6933333333332,59.306666666666615,1079.3866666666665,1238.6933333333332,26953.125,22.97221444360143,False,spectrograms_review\2024-09-30_11-21-07_0000035_00001129.png
2024-09-30_11-21-07_0000035_00001203,2024-09-30_11-21-07_0000035.wav,1203.1999999999998,1222.8266666666666,19.62666666666678,1153.1999999999998,1272.8266666666666,78515.625,11.363807035942946,False,spectrograms_review\2024-09-30_11-21-07_0000035_00001203.png
2024-09-30_11-21-07_0000035_00001257,2024-09-30_11-21-07_0000035.wav,1257.3866666666665,1316.6933333333332,59.306666666666615,1207.3866666666665,1366.6933333333332,26953.125,22.972262005732233,False,spectrograms_review\2024-09-30_11-21-07_0000035_00001257.png
2024-09-30_11-21-07_0000035_00001331,2024-09-30_11-21-07_0000035.wav,1331.1999999999998,1350.8266666666666,19.62666666666678,1281.1999999999998,1400.8266666666666,78515.625,11.363807035942946,False,spectrograms_review\2024-09-30_11-21-07_0000035_00001331.png
2024-09-30_11-21-07_0000035_00002313,2024-09-30_11-21-07_0000035.wav,2312.5333333333333,2326.1866666666665,13.653333333333194,2262.5333333333333,2376.1866666666665,84375.0,8.436676113838482,False,spectrograms_review\2024-09-30_11-21-07_0000035_00002313.png
2024-09-30_11-21-07_0000035_00002336,2024-09-30_11-21-07_0000035.wav,2336.0,2351.7866666666664,15.786666666666406,2286.0,2401.7866666666664,70312.5,13.307958135532491,False,spectrograms_review\2024-09-30_11-21-07_0000035_00002336.png
2024-09-30_11-21-07_0000035_00003105,2024-09-30_11-21-07_0000035.wav,3104.853333333333,3115.9466666666663,11.093333333333248,3054.853333333333,3165.9466666666663,65039.0625,7.663629639440432,False,spectrograms_review\2024-09-30_11-21-07_0000035_00003105.png
2024-09-30_11-21-07_0000035_00003215,2024-09-30_11-21-07_0000035.wav,3214.933333333333,3229.0133333333333,14.080000000000382,3164.933333333333,3279.0133333333333,68554.6875,16.050391066673285,False,spectrograms_review\2024-09-30_11-21-07_0000035_00003215.png
2024-09-30_11-21-07_0000035_00003322,2024-09-30_11-21-07_0000035.wav,3322.453333333333,3333.973333333333,11.519999999999982,3272.453333333333,3383.973333333333,66210.9375,10.274473479689046,False,spectrograms_review\2024-09-30_11-21-07_0000035_00003322.png
2024-09-30_11-21-07_0000035_00003739,2024-09-30_11-21-07_0000035.wav,3739.3066666666664,3755.0933333333332,15.78666666666686,3689.3066666666664,3805.0933333333332,61523.4375,9.191618631865628,False,spectrograms_review\2024-09-30_11-21-07_0000035_00003739.png
2024-09-30_11-21-07_0000035_00003965,2024-09-30_11-21-07_0000035.wav,3964.5866666666666,3980.7999999999997,16.21333333333314,3914.5866666666666,4030.7999999999997,62695.3125,10.324934287403654,False,spectrograms_review\2024-09-30_11-21-07_0000035_00003965.png
2024-09-30_11-21-07_0000035_00004729,2024-09-30_11-21-07_0000035.wav,4729.173333333333,4741.546666666666,12.373333333332994,4679.173333333333,4791.546666666666,56250.0,10.888869320384313,False,spectrograms_review\2024-09-30_11-21-07_0000035_00004729.png
2024-09-30_11-21-07_0000035_00004837,2024-09-30_11-21-07_0000035.wav,4836.693333333333,4854.613333333333,17.920000000000073,4786.693333333333,4904.613333333333,64453.125,10.760566609293374,False,spectrograms_review\2024-09-30_11-21-07_0000035_00004837.png
2024-09-30_11-21-07_0000035_00004957,2024-09-30_11-21-07_0000035.wav,4956.586666666666,4975.36,18.77333333333354,4906.586666666666,5025.36,61523.4375,11.128882850590674,False,spectrograms_review\2024-09-30_11-21-07_0000035_00004957.png
2024-09-30_11-21-07_0000035_00005201,2024-09-30_11-21-07_0000035.wav,5201.493333333333,5232.639999999999,31.146666666666533,5151.493333333333,5282.639999999999,63281.25,13.341821891867289,False,spectrograms_review\2024-09-30_11-21-07_0000035_00005201.png
2024-09-30_11-21-07_0000035_00005360,2024-09-30_11-21-07_0000035.wav,5360.213333333333,5389.2266666666665,29.01333333333332,5310.213333333333,5439.2266666666665,69726.5625,15.42276449625372,False,spectrograms_review\2024-09-30_11-21-07_0000035_00005360.png
2024-09-30_11-21-07_0000035_00005612,2024-09-30_11-21-07_0000035.wav,5611.5199999999995,5669.973333333333,58.45333333333383,5561.5199999999995,5719.973333333333,63867.1875,20.834363229804765,False,spectrograms_review\2024-09-30_11-21-07_0000035_00005612.png
2024-09-30_11-21-07_0000035_00005761,2024-09-30_11-21-07_0000035.wav,5761.28,5808.639999999999,47.35999999999967,5711.28,5858.639999999999,81445.3125,21.389115993360118,False,spectrograms_review\2024-09-30_11-21-07_0000035_00005761.png
2024-09-30_11-21-07_0000035_00005914,2024-09-30_11-21-07_0000035.wav,5914.026666666667,5951.1466666666665,37.11999999999989,5864.026666666667,6001.1466666666665,70312.5,25.59316644732929,False,spectrograms_review\2024-09-30_11-21-07_0000035_00005914.png
2024-09-30_11-21-07_0000035_00006040,2024-09-30_11-21-07_0000035.wav,6040.32,6069.333333333333,29.01333333333332,5990.32,6119.333333333333,78515.625,16.864829086221107,False,spectrograms_review\2024-09-30_11-21-07_0000035_00006040.png
2024-09-30_11-21-07_0000035_00006140,2024-09-30_11-21-07_0000035.wav,6139.733333333333,6155.093333333333,15.360000000000582,6089.733333333333,6205.093333333333,58007.8125,14.088589550128765,False,spectrograms_review\2024-09-30_11-21-07_0000035_00006140.png
2024-09-30_11-21-26_0000040_00000218,2024-09-30_11-21-26_0000040.wav,217.6,240.64,23.039999999999992,167.6,290.64,65039.0625,4.327973748913402,False,spectrograms_review\2024-09-30_11-21-26_0000040_00000218.png
2024-09-30_11-21-26_0000040_00000345,2024-09-30_11-21-26_0000040.wav,344.74666666666667,378.88,34.133333333333326,294.74666666666667,428.88,26953.125,8.160667135679866,False,spectrograms_review\2024-09-30_11-21-26_0000040_00000345.png
2024-09-30_11-21-26_0000040_00000824,2024-09-30_11-21-26_0000040.wav,823.8933333333333,889.5999999999999,65.70666666666659,773.8933333333333,939.5999999999999,29296.875,9.529375367961613,False,spectrograms_review\2024-09-30_11-21-26_0000040_00000824.png
2024-09-30_11-21-26_0000040_00000895,2024-09-30_11-21-26_0000040.wav,894.7199999999999,1017.5999999999999,122.88,844.7199999999999,1067.6,28710.9375,10.719502584292645,False,spectrograms_review\2024-09-30_11-21-26_0000040_00000895.png
2024-09-30_11-21-26_0000040_00001096,2024-09-30_11-21-26_0000040.wav,1096.1066666666666,1217.28,121.1733333333334,1046.1066666666666,1267.28,65039.0625,15.229940507809657,False,spectrograms_review\2024-09-30_11-21-26_0000040_00001096.png
2024-09-30_11-21-26_0000040_00001224,2024-09-30_11-21-26_0000040.wav,1224.1066666666666,1345.28,121.1733333333334,1174.1066666666666,1395.28,65039.0625,15.229564262756469,False,spectrograms_review\2024-09-30_11-21-26_0000040_00001224.png
2024-09-30_11-21-26_0000040_00001352,2024-09-30_11-21-26_0000040.wav,1352.1066666666666,1483.9466666666665,131.83999999999992,1302.1066666666666,1533.9466666666665,27539.0625,7.736643513062177,False,spectrograms_review\2024-09-30_11-21-26_0000040_00001352.png
2024-09-30_11-21-26_0000040_00001652,2024-09-30_11-21-26_0000040.wav,1651.6266666666666,1670.3999999999999,18.773333333333312,1601.6266666666666,1720.3999999999999,62109.375,0.3387004155487984,False,spectrograms_review\2024-09-30_11-21-26_0000040_00001652.png
2024-09-30_11-21-30_0000042_00000619,2024-09-30_11-21-30_0000042.wav,619.0933333333332,629.3333333333333,10.240000000000009,569.0933333333332,679.3333333333333,27539.0625,7.800520940187328,False,spectrograms_review\2024-09-30_11-21-30_0000042_00000619.png
2024-09-30_11-21-30_0000042_00000995,2024-09-30_11-21-30_0000042.wav,994.56,1105.0666666666666,110.50666666666666,944.56,1155.0666666666666,26953.125,16.98465824358928,False,spectrograms_review\2024-09-30_11-21-30_0000042_00000995.png
2024-09-30_11-21-30_0000042_00001362,2024-09-30_11-21-30_0000042.wav,1361.9199999999998,1377.28,15.360000000000127,1311.9199999999998,1427.28,27539.0625,10.580189100485388,False,spectrograms_review\2024-09-30_11-21-30_0000042_00001362.png
2024-09-30_11-21-30_0000042_00001502,2024-09-30_11-21-30_0000042.wav,1502.2933333333333,1519.36,17.066666666666606,1452.2933333333333,1569.36,25195.3125,4.896350099666271,False,spectrograms_review\2024-09-30_11-21-30_0000042_00001502.png
2024-09-30_11-21-30_0000042_00001900,2024-09-30_11-21-30_0000042.wav,1899.52,1963.9466666666665,64.4266666666665,1849.52,2013.9466666666665,65625.0,15.185328546067929,False,spectrograms_review\2024-09-30_11-21-30_0000042_00001900.png
2024-09-30_11-21-30_0000042_00002035,2024-09-30_11-21-30_0000042.wav,2034.7733333333333,2062.08,27.306666666666615,1984.7733333333333,2112.08,65039.0625,6.94209778736064,False,spectrograms_review\2024-09-30_11-21-30_0000042_00002035.png
2024-09-30_11-21-30_0000042_00002144,2024-09-30_11-21-30_0000042.wav,2143.5733333333333,2166.6133333333332,23.039999999999964,2093.5733333333333,2216.6133333333332,87304.6875,10.742061572540482,False,spectrograms_review\2024-09-30_11-21-30_0000042_00002144.png
2024-09-30_11-21-30_0000042_00002237,2024-09-30_11-21-30_0000042.wav,2237.0133333333333,2276.2666666666664,39.2533333333331,2187.0133333333333,2326.2666666666664,86132.8125,8.261598438129331,False,spectrograms_review\2024-09-30_11-21-30_0000042_00002237.png
2024-09-30_11-21-30_0000042_00002607,2024-09-30_11-21-30_0000042.wav,2607.3599999999997,2665.3866666666663,58.02666666666664,2557.3599999999997,2715.3866666666663,65625.0,6.928081344243027,False,spectrograms_review\2024-09-30_11-21-30_0000042_00002607.png
2024-09-30_11-21-34_0000043_00001030,2024-09-30_11-21-34_0000043.wav,1029.5466666666666,1043.6266666666666,14.079999999999927,979.5466666666666,1093.6266666666666,84960.9375,17.83959897281567,False,spectrograms_review\2024-09-30_11-21-34_0000043_00001030.png
2024-09-30_11-21-34_0000043_00001137,2024-09-30_11-21-34_0000043.wav,1137.4933333333333,1174.6133333333332,37.11999999999989,1087.4933333333333,1224.6133333333332,99609.375,23.161404143966937,True,spectrograms_review\2024-09-30_11-21-34_0000043_00001137.png
2024-09-30_11-21-34_0000043_00001184,2024-09-30_11-21-34_0000043.wav,1184.0,1212.1599999999999,28.159999999999854,1134.0,1262.1599999999999,65039.0625,24.077349468492308,False,spectrograms_review\2024-09-30_11-21-34_0000043_00001184.png
2024-09-30_11-21-34_0000043_00001265,2024-09-30_11-21-34_0000043.wav,1265.4933333333333,1302.6133333333332,37.11999999999989,1215.4933333333333,1352.6133333333332,99609.375,23.161404143966937,True,spectrograms_review\2024-09-30_11-21-34_0000043_00001265.png
2024-09-30_11-21-34_0000043_00001312,2024-09-30_11-21-34_0000043.wav,1312.0,1340.1599999999999,28.159999999999854,1262.0,1390.1599999999999,65039.0625,24.077349468492308,False,spectrograms_review\2024-09-30_11-21-34_0000043_00001312.png
2024-09-30_11-21-34_0000043_00001413,2024-09-30_11-21-34_0000043.wav,1413.12,1426.7733333333333,13.653333333333421,1363.12,1476.7733333333333,65625.0,15.032779027189353,False,spectrograms_review\2024-09-30_11-21-34_0000043_00001413.png
2024-09-30_11-21-34_0000043_00001432,2024-09-30_11-21-34_0000043.wav,1431.8933333333332,1446.3999999999999,14.50666666666666,1381.8933333333332,1496.3999999999999,72070.3125,16.08074872500692,False,spectrograms_review\2024-09-30_11-21-34_0000043_00001432.png
2024-09-30_11-21-34_0000043_00002077,2024-09-30_11-21-34_0000043.wav,2077.0133333333333,2098.773333333333,21.759999999999764,2027.0133333333333,2148.773333333333,93750.0,19.411872484630504,False,spectrograms_review\2024-09-30_11-21-34_0000043_00002077.png
2024-09-30_11-21-34_0000043_00002415,2024-09-30_11-21-34_0000043.wav,2415.3599999999997,2537.3866666666663,122.02666666666664,2365.3599999999997,2587.3866666666663,48046.875,31.586951802359714,False,spectrograms_review\2024-09-30_11-21-34_0000043_00002415.png
2024-09-30_11-21-44_0000045_00001296,2024-09-30_11-21-44_0000045.wav,1296.2133333333331,1311.1466666666665,14.933333333333394,1246.2133333333331,1361.1466666666665,26953.125,14.612504630477716,False,spectrograms_review\2024-09-30_11-21-44_0000045_00001296.png
2024-09-30_11-21-44_0000045_00001387,2024-09-30_11-21-44_0000045.wav,1386.6666666666665,1413.9733333333331,27.306666666666615,1336.6666666666665,1463.9733333333331,71484.375,21.973269745705316,False,spectrograms_review\2024-09-30_11-21-44_0000045_00001387.png
2024-09-30_11-21-44_0000045_00003099,2024-09-30_11-21-44_0000045.wav,3099.3066666666664,3178.24,78.9333333333334,3049.3066666666664,3228.24,35742.1875,29.402516201240687,False,spectrograms_review\2024-09-30_11-21-44_0000045_00003099.png
2024-09-30_11-21-48_0000046_00000649,2024-09-30_11-21-48_0000046.wav,648.5333333333333,710.8266666666666,62.293333333333294,598.5333333333333,760.8266666666666,25195.3125,6.982348438673806,False,spectrograms_review\2024-09-30_11-21-48_0000046_00000649.png
2024-09-30_11-21-48_0000046_00000915,2024-09-30_11-21-48_0000046.wav,915.1999999999999,938.2399999999999,23.039999999999964,865.1999999999999,988.2399999999999,29296.875,7.732602904621877,False,spectrograms_review\2024-09-30_11-21-48_0000046_00000915.png
2024-09-30_11-21-48_0000046_00000948,2024-09-30_11-21-48_0000046.wav,948.0533333333333,967.2533333333332,19.199999999999932,898.0533333333333,1017.2533333333332,28125.0,7.725500445044052,False,spectrograms_review\2024-09-30_11-21-48_0000046_00000948.png
2024-09-30_11-21-48_0000046_00001033,2024-09-30_11-21-48_0000046.wav,1033.3866666666665,1045.3333333333333,11.946666666666715,983.3866666666665,1095.3333333333333,28125.0,6.108961017166344,False,spectrograms_review\2024-09-30_11-21-48_0000046_00001033.png
2024-09-30_11-21-50_0000047_00004349,2024-09-30_11-21-50_0000047.wav,4349.013333333333,4384.426666666666,35.41333333333296,4299.013333333333,4434.426666666666,25781.25,16.117434867435463,False,spectrograms_review\2024-09-30_11-21-50_0000047_00004349.png
2024-09-30_11-21-50_0000047_00004687,2024-09-30_11-21-50_0000047.wav,4686.506666666666,4702.719999999999,16.21333333333314,4636.506666666666,4752.719999999999,25781.25,14.85561982278995,False,spectrograms_review\2024-09-30_11-21-50_0000047_00004687.png
2024-09-30_11-21-57_0000048_00000506,2024-09-30_11-21-57_0000048.wav,505.59999999999997,527.7866666666666,22.186666666666667,455.59999999999997,577.7866666666666,25781.25,3.0352571885642163,False,spectrograms_review\2024-09-30_11-21-57_0000048_00000506.png
2024-09-30_11-21-57_0000048_00000785,2024-09-30_11-21-57_0000048.wav,785.4933333333332,826.0266666666666,40.53333333333342,735.4933333333332,876.0266666666666,27539.0625,5.54713605999389,False,spectrograms_review\2024-09-30_11-21-57_0000048_00000785.png
2024-09-30_11-21-57_0000048_00000945,2024-09-30_11-21-57_0000048.wav,945.4933333333332,1071.7866666666666,126.29333333333341,895.4933333333332,1121.7866666666666,31054.6875,11.796651121459131,False,spectrograms_review\2024-09-30_11-21-57_0000048_00000945.png
2024-09-30_11-21-57_0000048_00001519,2024-09-30_11-21-57_0000048.wav,1518.5066666666667,1606.3999999999999,87.8933333333332,1468.5066666666667,1656.3999999999999,42187.5,8.223790681018208,False,spectrograms_review\2024-09-30_11-21-57_0000048_00001519.png
2024-09-30_11-21-57_0000048_00001792,2024-09-30_11-21-57_0000048.wav,1792.4266666666665,1830.3999999999999,37.97333333333336,1742.4266666666665,1880.3999999999999,36914.0625,9.142014943123387,False,spectrograms_review\2024-09-30_11-21-57_0000048_00001792.png
2024-09-30_11-21-58_0000049_00000274,2024-09-30_11-21-58_0000049.wav,274.34666666666664,349.44,75.09333333333336,224.34666666666664,399.44,42187.5,8.223790681018208,False,spectrograms_review\2024-09-30_11-21-58_0000049_00000274.png
2024-09-30_11-21-58_0000049_00000537,2024-09-30_11-21-58_0000049.wav,536.7466666666667,574.2933333333333,37.546666666666624,486.74666666666667,624.2933333333333,36914.0625,9.142014943123387,False,spectrograms_review\2024-09-30_11-21-58_0000049_00000537.png
2024-09-30_11-21-58_0000049_00000981,2024-09-30_11-21-58_0000049.wav,981.3333333333333,1061.9733333333334,80.6400000000001,931.3333333333333,1111.9733333333334,36328.125,18.16006532892178,False,spectrograms_review\2024-09-30_11-21-58_0000049_00000981.png
2024-09-30_11-21-58_0000049_00002181,2024-09-30_11-21-58_0000049.wav,2181.12,2232.3199999999997,51.19999999999982,2131.12,2282.3199999999997,41015.625,6.162182547397574,False,spectrograms_review\2024-09-30_11-21-58_0000049_00002181.png
2024-09-30_11-21-58_0000049_00002491,2024-09-30_11-21-58_0000049.wav,2490.8799999999997,2603.0933333333332,112.2133333333336,2440.8799999999997,2653.0933333333332,48046.875,13.936106708460647,False,spectrograms_review\2024-09-30_11-21-58_0000049_00002491.png
2024-09-30_11-22-01_0000050_00001034,2024-09-30_11-22-01_0000050.wav,1034.24,1057.7066666666667,23.466666666666697,984.24,1107.7066666666667,28125.0,21.119716075197964,False,spectrograms_review\2024-09-30_11-22-01_0000050_00001034.png
2024-09-30_11-22-01_0000050_00001556,2024-09-30_11-22-01_0000050.wav,1556.4799999999998,1577.8133333333333,21.333333333333485,1506.4799999999998,1627.8133333333333,31640.625,15.157681591389924,False,spectrograms_review\2024-09-30_11-22-01_0000050_00001556.png
