candidate_id,spectrogram_path,label,source_file
2024-09-30_11-19-19_0000012_00006941,data/experiment_dataset/spectrograms/2024-09-30_11-19-19_0000012_00006941.png,USV,2024-09-30_11-19-19_0000012.wav
2024-09-30_11-21-30_0000042_00002641,data/experiment_dataset/spectrograms/2024-09-30_11-21-30_0000042_00002641.png,USV,2024-09-30_11-21-30_0000042.wav
2024-09-30_11-19-09_0000008_noise_8eae33dd,data/experiment_dataset/spectrograms/2024-09-30_11-19-09_0000008_noise_8eae33dd.png,Not USV,2024-09-30_11-19-09_0000008.wav
2024-09-30_11-20-29_0000024_noise_1c8bac50,data/experiment_dataset/spectrograms/2024-09-30_11-20-29_0000024_noise_1c8bac50.png,Not USV,2024-09-30_11-20-29_0000024.wav
2024-09-30_11-19-19_0000012_noise_4d032330,data/experiment_dataset/spectrograms/2024-09-30_11-19-19_0000012_noise_4d032330.png,Not USV,2024-09-30_11-19-19_0000012.wav
2024-09-30_11-21-34_0000043_noise_0a2095e2,data/experiment_dataset/spectrograms/2024-09-30_11-21-34_0000043_noise_0a2095e2.png,Not USV,2024-09-30_11-21-34_0000043.wav
2024-09-30_11-21-24_0000039_noise_8c7a711f,data/experiment_dataset/spectrograms/2024-09-30_11-21-24_0000039_noise_8c7a711f.png,Not USV,2024-09-30_11-21-24_0000039.wav
2024-09-30_11-19-55_0000017_noise_5a919fe3,data/experiment_dataset/spectrograms/2024-09-30_11-19-55_0000017_noise_5a919fe3.png,Not USV,2024-09-30_11-19-55_0000017.wav
random_neg_00076,data/experiment_dataset/spectrograms/random_neg_00076.png,Not USV,2024-09-30_11-21-22_0000038.wav
2024-09-30_11-19-19_0000012_00001358,data/experiment_dataset/spectrograms/2024-09-30_11-19-19_0000012_00001358.png,USV,2024-09-30_11-19-19_0000012.wav
2024-09-30_11-19-55_0000017_00000292,data/experiment_dataset/spectrograms/2024-09-30_11-19-55_0000017_00000292.png,USV,2024-09-30_11-19-55_0000017.wav
2024-09-30_11-21-26_0000040_noise_ca6b3e2b,data/experiment_dataset/spectrograms/2024-09-30_11-21-26_0000040_noise_ca6b3e2b.png,Not USV,2024-09-30_11-21-26_0000040.wav
2024-09-30_11-18-27_0000003_00005310,data/experiment_dataset/spectrograms/2024-09-30_11-18-27_0000003_00005310.png,USV,2024-09-30_11-18-27_0000003.wav
2024-09-30_11-21-01_0000034_noise_2862af09,data/experiment_dataset/spectrograms/2024-09-30_11-21-01_0000034_noise_2862af09.png,Not USV,2024-09-30_11-21-01_0000034.wav
random_neg_00011,data/experiment_dataset/spectrograms/random_neg_00011.png,Not USV,2024-09-30_11-18-57_0000006.wav
2024-09-30_11-18-34_0000004_00003222,data/experiment_dataset/spectrograms/2024-09-30_11-18-34_0000004_00003222.png,USV,2024-09-30_11-18-34_0000004.wav
2024-09-30_11-20-56_0000033_00001187,data/experiment_dataset/spectrograms/2024-09-30_11-20-56_0000033_00001187.png,USV,2024-09-30_11-20-56_0000033.wav
2024-09-30_11-21-07_0000035_00003739,data/experiment_dataset/spectrograms/2024-09-30_11-21-07_0000035_00003739.png,USV,2024-09-30_11-21-07_0000035.wav
2024-09-30_11-18-57_0000006_00001298,data/experiment_dataset/spectrograms/2024-09-30_11-18-57_0000006_00001298.png,USV,2024-09-30_11-18-57_0000006.wav
2024-09-30_11-21-28_0000041_00001089,data/experiment_dataset/spectrograms/2024-09-30_11-21-28_0000041_00001089.png,Not USV,2024-09-30_11-21-28_0000041.wav
2024-09-30_11-18-34_0000004_noise_9a8c3fcc,data/experiment_dataset/spectrograms/2024-09-30_11-18-34_0000004_noise_9a8c3fcc.png,Not USV,2024-09-30_11-18-34_0000004.wav
2024-09-30_11-19-00_0000007_noise_b169a437,data/experiment_dataset/spectrograms/2024-09-30_11-19-00_0000007_noise_b169a437.png,Not USV,2024-09-30_11-19-00_0000007.wav
2024-09-30_11-18-25_0000002_noise_3027324b,data/experiment_dataset/spectrograms/2024-09-30_11-18-25_0000002_noise_3027324b.png,Not USV,2024-09-30_11-18-25_0000002.wav
2024-09-30_11-19-00_0000007_noise_59072935,data/experiment_dataset/spectrograms/2024-09-30_11-19-00_0000007_noise_59072935.png,Not USV,2024-09-30_11-19-00_0000007.wav
2024-09-30_11-18-17_0000001_00004192,data/experiment_dataset/spectrograms/2024-09-30_11-18-17_0000001_00004192.png,USV,2024-09-30_11-18-17_0000001.wav
2024-09-30_11-21-18_0000037_00001529,data/experiment_dataset/spectrograms/2024-09-30_11-21-18_0000037_00001529.png,USV,2024-09-30_11-21-18_0000037.wav
2024-09-30_11-19-54_0000016_noise_a36a420e,data/experiment_dataset/spectrograms/2024-09-30_11-19-54_0000016_noise_a36a420e.png,Not USV,2024-09-30_11-19-54_0000016.wav
random_neg_00087,data/experiment_dataset/spectrograms/random_neg_00087.png,Not USV,2024-09-30_11-21-40_0000044.wav
2024-09-30_11-20-32_0000025_noise_7c721604,data/experiment_dataset/spectrograms/2024-09-30_11-20-32_0000025_noise_7c721604.png,Not USV,2024-09-30_11-20-32_0000025.wav
2024-09-30_11-18-17_0000001_00005119,data/experiment_dataset/spectrograms/2024-09-30_11-18-17_0000001_00005119.png,USV,2024-09-30_11-18-17_0000001.wav
2024-09-30_11-20-09_0000021_noise_4b01af33,data/experiment_dataset/spectrograms/2024-09-30_11-20-09_0000021_noise_4b01af33.png,Not USV,2024-09-30_11-20-09_0000021.wav
2024-09-30_11-21-30_0000042_noise_875407ad,data/experiment_dataset/spectrograms/2024-09-30_11-21-30_0000042_noise_875407ad.png,Not USV,2024-09-30_11-21-30_0000042.wav
2024-09-30_11-21-18_0000037_00001244,data/experiment_dataset/spectrograms/2024-09-30_11-21-18_0000037_00001244.png,Not USV,2024-09-30_11-21-18_0000037.wav
2024-09-30_11-18-27_0000003_noise_87d7561b,data/experiment_dataset/spectrograms/2024-09-30_11-18-27_0000003_noise_87d7561b.png,Not USV,2024-09-30_11-18-27_0000003.wav
2024-09-30_11-18-34_0000004_00001850,data/experiment_dataset/spectrograms/2024-09-30_11-18-34_0000004_00001850.png,USV,2024-09-30_11-18-34_0000004.wav
2024-09-30_11-19-00_0000007_00006280,data/experiment_dataset/spectrograms/2024-09-30_11-19-00_0000007_00006280.png,USV,2024-09-30_11-19-00_0000007.wav
2024-09-30_11-21-40_0000044_noise_215c5d76,data/experiment_dataset/spectrograms/2024-09-30_11-21-40_0000044_noise_215c5d76.png,Not USV,2024-09-30_11-21-40_0000044.wav
2024-09-30_11-19-00_0000007_00007107,data/experiment_dataset/spectrograms/2024-09-30_11-19-00_0000007_00007107.png,USV,2024-09-30_11-19-00_0000007.wav
random_neg_00049,data/experiment_dataset/spectrograms/random_neg_00049.png,Not USV,2024-09-30_11-20-32_0000025.wav
2024-09-30_11-20-56_0000033_noise_98021428,data/experiment_dataset/spectrograms/2024-09-30_11-20-56_0000033_noise_98021428.png,Not USV,2024-09-30_11-20-56_0000033.wav
2024-09-30_11-18-25_0000002_00001103,data/experiment_dataset/spectrograms/2024-09-30_11-18-25_0000002_00001103.png,Not USV,2024-09-30_11-18-25_0000002.wav
2024-09-30_11-21-01_0000034_00003514,data/experiment_dataset/spectrograms/2024-09-30_11-21-01_0000034_00003514.png,USV,2024-09-30_11-21-01_0000034.wav
2024-09-30_11-21-30_0000042_noise_90fe8b5f,data/experiment_dataset/spectrograms/2024-09-30_11-21-30_0000042_noise_90fe8b5f.png,Not USV,2024-09-30_11-21-30_0000042.wav
2024-09-30_11-21-34_0000043_00001130,data/experiment_dataset/spectrograms/2024-09-30_11-21-34_0000043_00001130.png,USV,2024-09-30_11-21-34_0000043.wav
2024-09-30_11-18-34_0000004_00005614,data/experiment_dataset/spectrograms/2024-09-30_11-18-34_0000004_00005614.png,USV,2024-09-30_11-18-34_0000004.wav
2024-09-30_11-21-30_0000042_00000994,data/experiment_dataset/spectrograms/2024-09-30_11-21-30_0000042_00000994.png,Not USV,2024-09-30_11-21-30_0000042.wav
2024-09-30_11-19-55_0000017_00001090,data/experiment_dataset/spectrograms/2024-09-30_11-19-55_0000017_00001090.png,Not USV,2024-09-30_11-19-55_0000017.wav
2024-09-30_11-20-29_0000024_00002079,data/experiment_dataset/spectrograms/2024-09-30_11-20-29_0000024_00002079.png,USV,2024-09-30_11-20-29_0000024.wav
2024-09-30_11-18-34_0000004_00002632,data/experiment_dataset/spectrograms/2024-09-30_11-18-34_0000004_00002632.png,USV,2024-09-30_11-18-34_0000004.wav
2024-09-30_11-19-16_0000011_00001978,data/experiment_dataset/spectrograms/2024-09-30_11-19-16_0000011_00001978.png,Not USV,2024-09-30_11-19-16_0000011.wav
2024-09-30_11-20-53_0000032_00000893,data/experiment_dataset/spectrograms/2024-09-30_11-20-53_0000032_00000893.png,USV,2024-09-30_11-20-53_0000032.wav
2024-09-30_11-18-34_0000004_00007466,data/experiment_dataset/spectrograms/2024-09-30_11-18-34_0000004_00007466.png,USV,2024-09-30_11-18-34_0000004.wav
2024-09-30_11-20-41_0000029_00001450,data/experiment_dataset/spectrograms/2024-09-30_11-20-41_0000029_00001450.png,USV,2024-09-30_11-20-41_0000029.wav
2024-09-30_11-21-22_0000038_00001940,data/experiment_dataset/spectrograms/2024-09-30_11-21-22_0000038_00001940.png,Not USV,2024-09-30_11-21-22_0000038.wav
2024-09-30_11-21-07_0000035_noise_a5d1fd16,data/experiment_dataset/spectrograms/2024-09-30_11-21-07_0000035_noise_a5d1fd16.png,Not USV,2024-09-30_11-21-07_0000035.wav
2024-09-30_11-19-00_0000007_noise_5c4ebc84,data/experiment_dataset/spectrograms/2024-09-30_11-19-00_0000007_noise_5c4ebc84.png,Not USV,2024-09-30_11-19-00_0000007.wav
2024-09-30_11-20-41_0000029_00003011,data/experiment_dataset/spectrograms/2024-09-30_11-20-41_0000029_00003011.png,USV,2024-09-30_11-20-41_0000029.wav
2024-09-30_11-19-00_0000007_noise_a4962c1f,data/experiment_dataset/spectrograms/2024-09-30_11-19-00_0000007_noise_a4962c1f.png,Not USV,2024-09-30_11-19-00_0000007.wav
2024-09-30_11-21-22_0000038_noise_43bad5a7,data/experiment_dataset/spectrograms/2024-09-30_11-21-22_0000038_noise_43bad5a7.png,Not USV,2024-09-30_11-21-22_0000038.wav
2024-09-30_11-20-32_0000025_00000807,data/experiment_dataset/spectrograms/2024-09-30_11-20-32_0000025_00000807.png,USV,2024-09-30_11-20-32_0000025.wav
random_neg_00040,data/experiment_dataset/spectrograms/random_neg_00040.png,Not USV,2024-09-30_11-20-07_0000020.wav
random_neg_00037,data/experiment_dataset/spectrograms/random_neg_00037.png,Not USV,2024-09-30_11-20-03_0000019.wav
random_neg_00017,data/experiment_dataset/spectrograms/random_neg_00017.png,Not USV,2024-09-30_11-19-12_0000009.wav
2024-09-30_11-20-26_0000023_noise_3ba43ecc,data/experiment_dataset/spectrograms/2024-09-30_11-20-26_0000023_noise_3ba43ecc.png,Not USV,2024-09-30_11-20-26_0000023.wav
2024-09-30_11-19-19_0000012_00006811,data/experiment_dataset/spectrograms/2024-09-30_11-19-19_0000012_00006811.png,Not USV,2024-09-30_11-19-19_0000012.wav
2024-09-30_11-18-34_0000004_00001037,data/experiment_dataset/spectrograms/2024-09-30_11-18-34_0000004_00001037.png,USV,2024-09-30_11-18-34_0000004.wav
2024-09-30_11-21-01_0000034_noise_9da2185c,data/experiment_dataset/spectrograms/2024-09-30_11-21-01_0000034_noise_9da2185c.png,Not USV,2024-09-30_11-21-01_0000034.wav
2024-09-30_11-20-29_0000024_noise_8ad27c65,data/experiment_dataset/spectrograms/2024-09-30_11-20-29_0000024_noise_8ad27c65.png,Not USV,2024-09-30_11-20-29_0000024.wav
2024-09-30_11-20-53_0000032_noise_db1f341f,data/experiment_dataset/spectrograms/2024-09-30_11-20-53_0000032_noise_db1f341f.png,Not USV,2024-09-30_11-20-53_0000032.wav
2024-09-30_11-20-56_0000033_00000266,data/experiment_dataset/spectrograms/2024-09-30_11-20-56_0000033_00000266.png,USV,2024-09-30_11-20-56_0000033.wav
2024-09-30_11-20-41_0000029_noise_1ee1a9f6,data/experiment_dataset/spectrograms/2024-09-30_11-20-41_0000029_noise_1ee1a9f6.png,Not USV,2024-09-30_11-20-41_0000029.wav
2024-09-30_11-18-27_0000003_noise_58624ae7,data/experiment_dataset/spectrograms/2024-09-30_11-18-27_0000003_noise_58624ae7.png,Not USV,2024-09-30_11-18-27_0000003.wav
2024-09-30_11-18-34_0000004_00005935,data/experiment_dataset/spectrograms/2024-09-30_11-18-34_0000004_00005935.png,USV,2024-09-30_11-18-34_0000004.wav
2024-09-30_11-20-41_0000029_noise_6d1d5fe3,data/experiment_dataset/spectrograms/2024-09-30_11-20-41_0000029_noise_6d1d5fe3.png,Not USV,2024-09-30_11-20-41_0000029.wav
2024-09-30_11-21-34_0000043_noise_c60ccdb0,data/experiment_dataset/spectrograms/2024-09-30_11-21-34_0000043_noise_c60ccdb0.png,Not USV,2024-09-30_11-21-34_0000043.wav
random_neg_00086,data/experiment_dataset/spectrograms/random_neg_00086.png,Not USV,2024-09-30_11-21-34_0000043.wav
2024-09-30_11-18-27_0000003_noise_e67e8077,data/experiment_dataset/spectrograms/2024-09-30_11-18-27_0000003_noise_e67e8077.png,Not USV,2024-09-30_11-18-27_0000003.wav
2024-09-30_11-19-00_0000007_noise_1a793862,data/experiment_dataset/spectrograms/2024-09-30_11-19-00_0000007_noise_1a793862.png,Not USV,2024-09-30_11-19-00_0000007.wav
2024-09-30_11-18-34_0000004_noise_36830166,data/experiment_dataset/spectrograms/2024-09-30_11-18-34_0000004_noise_36830166.png,Not USV,2024-09-30_11-18-34_0000004.wav
random_neg_00019,data/experiment_dataset/spectrograms/random_neg_00019.png,Not USV,2024-09-30_11-19-15_0000010.wav
random_neg_00094,data/experiment_dataset/spectrograms/random_neg_00094.png,Not USV,2024-09-30_11-21-50_0000047.wav
2024-09-30_11-20-07_0000020_noise_90c14c94,data/experiment_dataset/spectrograms/2024-09-30_11-20-07_0000020_noise_90c14c94.png,Not USV,2024-09-30_11-20-07_0000020.wav
2024-09-30_11-20-53_0000032_noise_6314a3a0,data/experiment_dataset/spectrograms/2024-09-30_11-20-53_0000032_noise_6314a3a0.png,Not USV,2024-09-30_11-20-53_0000032.wav
random_neg_00003,data/experiment_dataset/spectrograms/random_neg_00003.png,Not USV,2024-09-30_11-18-25_0000002.wav
random_neg_00044,data/experiment_dataset/spectrograms/random_neg_00044.png,Not USV,2024-09-30_11-20-14_0000022.wav
2024-09-30_11-20-07_0000020_00001585,data/experiment_dataset/spectrograms/2024-09-30_11-20-07_0000020_00001585.png,USV,2024-09-30_11-20-07_0000020.wav
2024-09-30_11-21-26_0000040_00000823,data/experiment_dataset/spectrograms/2024-09-30_11-21-26_0000040_00000823.png,USV,2024-09-30_11-21-26_0000040.wav
2024-09-30_11-19-31_0000013_noise_3984225a,data/experiment_dataset/spectrograms/2024-09-30_11-19-31_0000013_noise_3984225a.png,Not USV,2024-09-30_11-19-31_0000013.wav
2024-09-30_11-19-16_0000011_00002287,data/experiment_dataset/spectrograms/2024-09-30_11-19-16_0000011_00002287.png,USV,2024-09-30_11-19-16_0000011.wav
2024-09-30_11-19-19_0000012_noise_e4b9c9fb,data/experiment_dataset/spectrograms/2024-09-30_11-19-19_0000012_noise_e4b9c9fb.png,Not USV,2024-09-30_11-19-19_0000012.wav
2024-09-30_11-21-14_0000036_noise_51f46ca5,data/experiment_dataset/spectrograms/2024-09-30_11-21-14_0000036_noise_51f46ca5.png,Not USV,2024-09-30_11-21-14_0000036.wav
2024-09-30_11-18-25_0000002_noise_b1d84e4f,data/experiment_dataset/spectrograms/2024-09-30_11-18-25_0000002_noise_b1d84e4f.png,Not USV,2024-09-30_11-18-25_0000002.wav
2024-09-30_11-19-09_0000008_noise_0ee37d49,data/experiment_dataset/spectrograms/2024-09-30_11-19-09_0000008_noise_0ee37d49.png,Not USV,2024-09-30_11-19-09_0000008.wav
2024-09-30_11-19-00_0000007_noise_47446209,data/experiment_dataset/spectrograms/2024-09-30_11-19-00_0000007_noise_47446209.png,Not USV,2024-09-30_11-19-00_0000007.wav
2024-09-30_11-21-01_0000034_00003226,data/experiment_dataset/spectrograms/2024-09-30_11-21-01_0000034_00003226.png,USV,2024-09-30_11-21-01_0000034.wav
2024-09-30_11-19-19_0000012_noise_046269f1,data/experiment_dataset/spectrograms/2024-09-30_11-19-19_0000012_noise_046269f1.png,Not USV,2024-09-30_11-19-19_0000012.wav
2024-09-30_11-18-34_0000004_00002827,data/experiment_dataset/spectrograms/2024-09-30_11-18-34_0000004_00002827.png,USV,2024-09-30_11-18-34_0000004.wav
2024-09-30_11-20-07_0000020_noise_a44a536f,data/experiment_dataset/spectrograms/2024-09-30_11-20-07_0000020_noise_a44a536f.png,Not USV,2024-09-30_11-20-07_0000020.wav
2024-09-30_11-18-27_0000003_00003431,data/experiment_dataset/spectrograms/2024-09-30_11-18-27_0000003_00003431.png,USV,2024-09-30_11-18-27_0000003.wav
random_neg_00096,data/experiment_dataset/spectrograms/random_neg_00096.png,Not USV,2024-09-30_11-21-57_0000048.wav
random_neg_00075,data/experiment_dataset/spectrograms/random_neg_00075.png,Not USV,2024-09-30_11-21-22_0000038.wav
2024-09-30_11-21-14_0000036_noise_b0259fc8,data/experiment_dataset/spectrograms/2024-09-30_11-21-14_0000036_noise_b0259fc8.png,Not USV,2024-09-30_11-21-14_0000036.wav
random_neg_00034,data/experiment_dataset/spectrograms/random_neg_00034.png,Not USV,2024-09-30_11-19-55_0000017.wav
2024-09-30_11-20-26_0000023_00000428,data/experiment_dataset/spectrograms/2024-09-30_11-20-26_0000023_00000428.png,USV,2024-09-30_11-20-26_0000023.wav
2024-09-30_11-20-32_0000025_00000904,data/experiment_dataset/spectrograms/2024-09-30_11-20-32_0000025_00000904.png,USV,2024-09-30_11-20-32_0000025.wav
random_neg_00021,data/experiment_dataset/spectrograms/random_neg_00021.png,Not USV,2024-09-30_11-19-16_0000011.wav
2024-09-30_11-21-07_0000035_00003322,data/experiment_dataset/spectrograms/2024-09-30_11-21-07_0000035_00003322.png,USV,2024-09-30_11-21-07_0000035.wav
2024-09-30_11-18-34_0000004_noise_7cff98ef,data/experiment_dataset/spectrograms/2024-09-30_11-18-34_0000004_noise_7cff98ef.png,Not USV,2024-09-30_11-18-34_0000004.wav
2024-09-30_11-20-26_0000023_00001032,data/experiment_dataset/spectrograms/2024-09-30_11-20-26_0000023_00001032.png,USV,2024-09-30_11-20-26_0000023.wav
2024-09-30_11-20-09_0000021_noise_2d530956,data/experiment_dataset/spectrograms/2024-09-30_11-20-09_0000021_noise_2d530956.png,Not USV,2024-09-30_11-20-09_0000021.wav
2024-09-30_11-21-34_0000043_00001907,data/experiment_dataset/spectrograms/2024-09-30_11-21-34_0000043_00001907.png,USV,2024-09-30_11-21-34_0000043.wav
2024-09-30_11-21-28_0000041_noise_04c408c7,data/experiment_dataset/spectrograms/2024-09-30_11-21-28_0000041_noise_04c408c7.png,Not USV,2024-09-30_11-21-28_0000041.wav
2024-09-30_11-19-00_0000007_00004698,data/experiment_dataset/spectrograms/2024-09-30_11-19-00_0000007_00004698.png,USV,2024-09-30_11-19-00_0000007.wav
2024-09-30_11-21-07_0000035_00003959,data/experiment_dataset/spectrograms/2024-09-30_11-21-07_0000035_00003959.png,USV,2024-09-30_11-21-07_0000035.wav
2024-09-30_11-19-54_0000016_noise_f058d9ba,data/experiment_dataset/spectrograms/2024-09-30_11-19-54_0000016_noise_f058d9ba.png,Not USV,2024-09-30_11-19-54_0000016.wav
2024-09-30_11-20-41_0000029_00002865,data/experiment_dataset/spectrograms/2024-09-30_11-20-41_0000029_00002865.png,USV,2024-09-30_11-20-41_0000029.wav
2024-09-30_11-21-07_0000035_00003102,data/experiment_dataset/spectrograms/2024-09-30_11-21-07_0000035_00003102.png,USV,2024-09-30_11-21-07_0000035.wav
random_neg_00043,data/experiment_dataset/spectrograms/random_neg_00043.png,Not USV,2024-09-30_11-20-14_0000022.wav
2024-09-30_11-20-53_0000032_00003764,data/experiment_dataset/spectrograms/2024-09-30_11-20-53_0000032_00003764.png,USV,2024-09-30_11-20-53_0000032.wav
2024-09-30_11-19-00_0000007_noise_aefe6222,data/experiment_dataset/spectrograms/2024-09-30_11-19-00_0000007_noise_aefe6222.png,Not USV,2024-09-30_11-19-00_0000007.wav
2024-09-30_11-18-27_0000003_00005424,data/experiment_dataset/spectrograms/2024-09-30_11-18-27_0000003_00005424.png,USV,2024-09-30_11-18-27_0000003.wav
2024-09-30_11-20-53_0000032_noise_a0b7e1b1,data/experiment_dataset/spectrograms/2024-09-30_11-20-53_0000032_noise_a0b7e1b1.png,Not USV,2024-09-30_11-20-53_0000032.wav
2024-09-30_11-21-34_0000043_noise_2bd2dd66,data/experiment_dataset/spectrograms/2024-09-30_11-21-34_0000043_noise_2bd2dd66.png,Not USV,2024-09-30_11-21-34_0000043.wav
2024-09-30_11-21-40_0000044_noise_d1c025fb,data/experiment_dataset/spectrograms/2024-09-30_11-21-40_0000044_noise_d1c025fb.png,Not USV,2024-09-30_11-21-40_0000044.wav
2024-09-30_11-20-41_0000029_00001965,data/experiment_dataset/spectrograms/2024-09-30_11-20-41_0000029_00001965.png,USV,2024-09-30_11-20-41_0000029.wav
2024-09-30_11-20-41_0000029_noise_63935c14,data/experiment_dataset/spectrograms/2024-09-30_11-20-41_0000029_noise_63935c14.png,Not USV,2024-09-30_11-20-41_0000029.wav
random_neg_00057,data/experiment_dataset/spectrograms/random_neg_00057.png,Not USV,2024-09-30_11-20-41_0000029.wav
2024-09-30_11-18-34_0000004_00001746,data/experiment_dataset/spectrograms/2024-09-30_11-18-34_0000004_00001746.png,USV,2024-09-30_11-18-34_0000004.wav
2024-09-30_11-19-16_0000011_noise_3affccaf,data/experiment_dataset/spectrograms/2024-09-30_11-19-16_0000011_noise_3affccaf.png,Not USV,2024-09-30_11-19-16_0000011.wav
random_neg_00032,data/experiment_dataset/spectrograms/random_neg_00032.png,Not USV,2024-09-30_11-19-54_0000016.wav
random_neg_00064,data/experiment_dataset/spectrograms/random_neg_00064.png,Not USV,2024-09-30_11-20-53_0000032.wav
2024-09-30_11-18-34_0000004_noise_b9ada7d9,data/experiment_dataset/spectrograms/2024-09-30_11-18-34_0000004_noise_b9ada7d9.png,Not USV,2024-09-30_11-18-34_0000004.wav
2024-09-30_11-19-16_0000011_noise_3a61a6c7,data/experiment_dataset/spectrograms/2024-09-30_11-19-16_0000011_noise_3a61a6c7.png,Not USV,2024-09-30_11-19-16_0000011.wav
2024-09-30_11-21-28_0000041_noise_a47a5b05,data/experiment_dataset/spectrograms/2024-09-30_11-21-28_0000041_noise_a47a5b05.png,Not USV,2024-09-30_11-21-28_0000041.wav
2024-09-30_11-18-57_0000006_00001618,data/experiment_dataset/spectrograms/2024-09-30_11-18-57_0000006_00001618.png,USV,2024-09-30_11-18-57_0000006.wav
random_neg_00050,data/experiment_dataset/spectrograms/random_neg_00050.png,Not USV,2024-09-30_11-20-32_0000025.wav
2024-09-30_11-19-16_0000011_noise_95dcc5d7,data/experiment_dataset/spectrograms/2024-09-30_11-19-16_0000011_noise_95dcc5d7.png,Not USV,2024-09-30_11-19-16_0000011.wav
2024-09-30_11-18-27_0000003_noise_da00411c,data/experiment_dataset/spectrograms/2024-09-30_11-18-27_0000003_noise_da00411c.png,Not USV,2024-09-30_11-18-27_0000003.wav
2024-09-30_11-19-09_0000008_noise_bec13e21,data/experiment_dataset/spectrograms/2024-09-30_11-19-09_0000008_noise_bec13e21.png,Not USV,2024-09-30_11-19-09_0000008.wav
2024-09-30_11-19-54_0000016_00002121,data/experiment_dataset/spectrograms/2024-09-30_11-19-54_0000016_00002121.png,USV,2024-09-30_11-19-54_0000016.wav
2024-09-30_11-21-22_0000038_noise_ba619481,data/experiment_dataset/spectrograms/2024-09-30_11-21-22_0000038_noise_ba619481.png,Not USV,2024-09-30_11-21-22_0000038.wav
2024-09-30_11-21-07_0000035_00006040,data/experiment_dataset/spectrograms/2024-09-30_11-21-07_0000035_00006040.png,USV,2024-09-30_11-21-07_0000035.wav
2024-09-30_11-20-26_0000023_noise_0521dd95,data/experiment_dataset/spectrograms/2024-09-30_11-20-26_0000023_noise_0521dd95.png,Not USV,2024-09-30_11-20-26_0000023.wav
2024-09-30_11-21-14_0000036_noise_8f40d0bd,data/experiment_dataset/spectrograms/2024-09-30_11-21-14_0000036_noise_8f40d0bd.png,Not USV,2024-09-30_11-21-14_0000036.wav
2024-09-30_11-20-07_0000020_noise_209ec246,data/experiment_dataset/spectrograms/2024-09-30_11-20-07_0000020_noise_209ec246.png,Not USV,2024-09-30_11-20-07_0000020.wav
2024-09-30_11-21-14_0000036_noise_59c94578,data/experiment_dataset/spectrograms/2024-09-30_11-21-14_0000036_noise_59c94578.png,Not USV,2024-09-30_11-21-14_0000036.wav
2024-09-30_11-19-00_0000007_00006508,data/experiment_dataset/spectrograms/2024-09-30_11-19-00_0000007_00006508.png,USV,2024-09-30_11-19-00_0000007.wav
2024-09-30_11-21-01_0000034_00001350,data/experiment_dataset/spectrograms/2024-09-30_11-21-01_0000034_00001350.png,USV,2024-09-30_11-21-01_0000034.wav
2024-09-30_11-21-01_0000034_00001976,data/experiment_dataset/spectrograms/2024-09-30_11-21-01_0000034_00001976.png,USV,2024-09-30_11-21-01_0000034.wav
2024-09-30_11-21-01_0000034_00003977,data/experiment_dataset/spectrograms/2024-09-30_11-21-01_0000034_00003977.png,USV,2024-09-30_11-21-01_0000034.wav
2024-09-30_11-19-19_0000012_noise_a608cc39,data/experiment_dataset/spectrograms/2024-09-30_11-19-19_0000012_noise_a608cc39.png,Not USV,2024-09-30_11-19-19_0000012.wav
2024-09-30_11-19-19_0000012_00005840,data/experiment_dataset/spectrograms/2024-09-30_11-19-19_0000012_00005840.png,USV,2024-09-30_11-19-19_0000012.wav
2024-09-30_11-19-54_0000016_noise_a38e8134,data/experiment_dataset/spectrograms/2024-09-30_11-19-54_0000016_noise_a38e8134.png,Not USV,2024-09-30_11-19-54_0000016.wav
2024-09-30_11-19-16_0000011_00000378,data/experiment_dataset/spectrograms/2024-09-30_11-19-16_0000011_00000378.png,USV,2024-09-30_11-19-16_0000011.wav
2024-09-30_11-21-24_0000039_noise_7c6302ef,data/experiment_dataset/spectrograms/2024-09-30_11-21-24_0000039_noise_7c6302ef.png,Not USV,2024-09-30_11-21-24_0000039.wav
2024-09-30_11-21-07_0000035_00006908,data/experiment_dataset/spectrograms/2024-09-30_11-21-07_0000035_00006908.png,Not USV,2024-09-30_11-21-07_0000035.wav
2024-09-30_11-20-56_0000033_00000376,data/experiment_dataset/spectrograms/2024-09-30_11-20-56_0000033_00000376.png,USV,2024-09-30_11-20-56_0000033.wav
2024-09-30_11-18-34_0000004_00003987,data/experiment_dataset/spectrograms/2024-09-30_11-18-34_0000004_00003987.png,Not USV,2024-09-30_11-18-34_0000004.wav
2024-09-30_11-19-19_0000012_noise_882a2515,data/experiment_dataset/spectrograms/2024-09-30_11-19-19_0000012_noise_882a2515.png,Not USV,2024-09-30_11-19-19_0000012.wav
2024-09-30_11-20-26_0000023_00001586,data/experiment_dataset/spectrograms/2024-09-30_11-20-26_0000023_00001586.png,USV,2024-09-30_11-20-26_0000023.wav
2024-09-30_11-19-55_0000017_00002376,data/experiment_dataset/spectrograms/2024-09-30_11-19-55_0000017_00002376.png,USV,2024-09-30_11-19-55_0000017.wav
2024-09-30_11-19-55_0000017_00003532,data/experiment_dataset/spectrograms/2024-09-30_11-19-55_0000017_00003532.png,Not USV,2024-09-30_11-19-55_0000017.wav
2024-09-30_11-19-19_0000012_noise_bd1a6255,data/experiment_dataset/spectrograms/2024-09-30_11-19-19_0000012_noise_bd1a6255.png,Not USV,2024-09-30_11-19-19_0000012.wav
2024-09-30_11-20-03_0000019_noise_3cd42874,data/experiment_dataset/spectrograms/2024-09-30_11-20-03_0000019_noise_3cd42874.png,Not USV,2024-09-30_11-20-03_0000019.wav
2024-09-30_11-21-07_0000035_noise_4c60d320,data/experiment_dataset/spectrograms/2024-09-30_11-21-07_0000035_noise_4c60d320.png,Not USV,2024-09-30_11-21-07_0000035.wav
2024-09-30_11-18-34_0000004_00001546,data/experiment_dataset/spectrograms/2024-09-30_11-18-34_0000004_00001546.png,USV,2024-09-30_11-18-34_0000004.wav
2024-09-30_11-19-09_0000008_00001861,data/experiment_dataset/spectrograms/2024-09-30_11-19-09_0000008_00001861.png,USV,2024-09-30_11-19-09_0000008.wav
2024-09-30_11-21-26_0000040_noise_7551c490,data/experiment_dataset/spectrograms/2024-09-30_11-21-26_0000040_noise_7551c490.png,Not USV,2024-09-30_11-21-26_0000040.wav
2024-09-30_11-20-09_0000021_noise_acab87ba,data/experiment_dataset/spectrograms/2024-09-30_11-20-09_0000021_noise_acab87ba.png,Not USV,2024-09-30_11-20-09_0000021.wav
2024-09-30_11-20-53_0000032_00002787,data/experiment_dataset/spectrograms/2024-09-30_11-20-53_0000032_00002787.png,USV,2024-09-30_11-20-53_0000032.wav
2024-09-30_11-21-34_0000043_noise_f1d094d6,data/experiment_dataset/spectrograms/2024-09-30_11-21-34_0000043_noise_f1d094d6.png,Not USV,2024-09-30_11-21-34_0000043.wav
2024-09-30_11-19-00_0000007_noise_f21fde5a,data/experiment_dataset/spectrograms/2024-09-30_11-19-00_0000007_noise_f21fde5a.png,Not USV,2024-09-30_11-19-00_0000007.wav
2024-09-30_11-20-41_0000029_noise_3e2d9389,data/experiment_dataset/spectrograms/2024-09-30_11-20-41_0000029_noise_3e2d9389.png,Not USV,2024-09-30_11-20-41_0000029.wav
random_neg_00045,data/experiment_dataset/spectrograms/random_neg_00045.png,Not USV,2024-09-30_11-20-26_0000023.wav
2024-09-30_11-20-32_0000025_00002199,data/experiment_dataset/spectrograms/2024-09-30_11-20-32_0000025_00002199.png,Not USV,2024-09-30_11-20-32_0000025.wav
2024-09-30_11-21-22_0000038_00000890,data/experiment_dataset/spectrograms/2024-09-30_11-21-22_0000038_00000890.png,USV,2024-09-30_11-21-22_0000038.wav
2024-09-30_11-18-27_0000003_00004091,data/experiment_dataset/spectrograms/2024-09-30_11-18-27_0000003_00004091.png,USV,2024-09-30_11-18-27_0000003.wav
2024-09-30_11-19-09_0000008_noise_6ba7a375,data/experiment_dataset/spectrograms/2024-09-30_11-19-09_0000008_noise_6ba7a375.png,Not USV,2024-09-30_11-19-09_0000008.wav
random_neg_00038,data/experiment_dataset/spectrograms/random_neg_00038.png,Not USV,2024-09-30_11-20-03_0000019.wav
2024-09-30_11-20-03_0000019_00002504,data/experiment_dataset/spectrograms/2024-09-30_11-20-03_0000019_00002504.png,Not USV,2024-09-30_11-20-03_0000019.wav
random_neg_00007,data/experiment_dataset/spectrograms/random_neg_00007.png,Not USV,2024-09-30_11-18-34_0000004.wav
2024-09-30_11-21-01_0000034_noise_f0eece76,data/experiment_dataset/spectrograms/2024-09-30_11-21-01_0000034_noise_f0eece76.png,Not USV,2024-09-30_11-21-01_0000034.wav
2024-09-30_11-20-53_0000032_00003046,data/experiment_dataset/spectrograms/2024-09-30_11-20-53_0000032_00003046.png,USV,2024-09-30_11-20-53_0000032.wav
random_neg_00095,data/experiment_dataset/spectrograms/random_neg_00095.png,Not USV,2024-09-30_11-21-57_0000048.wav
2024-09-30_11-21-01_0000034_noise_a4a6c96d,data/experiment_dataset/spectrograms/2024-09-30_11-21-01_0000034_noise_a4a6c96d.png,Not USV,2024-09-30_11-21-01_0000034.wav
2024-09-30_11-20-26_0000023_noise_4c43f361,data/experiment_dataset/spectrograms/2024-09-30_11-20-26_0000023_noise_4c43f361.png,Not USV,2024-09-30_11-20-26_0000023.wav
2024-09-30_11-18-17_0000001_00005662,data/experiment_dataset/spectrograms/2024-09-30_11-18-17_0000001_00005662.png,USV,2024-09-30_11-18-17_0000001.wav
2024-09-30_11-18-17_0000001_00005332,data/experiment_dataset/spectrograms/2024-09-30_11-18-17_0000001_00005332.png,USV,2024-09-30_11-18-17_0000001.wav
2024-09-30_11-19-19_0000012_noise_928a2a4d,data/experiment_dataset/spectrograms/2024-09-30_11-19-19_0000012_noise_928a2a4d.png,Not USV,2024-09-30_11-19-19_0000012.wav
2024-09-30_11-20-53_0000032_00000983,data/experiment_dataset/spectrograms/2024-09-30_11-20-53_0000032_00000983.png,USV,2024-09-30_11-20-53_0000032.wav
2024-09-30_11-21-30_0000042_noise_2cedb5ba,data/experiment_dataset/spectrograms/2024-09-30_11-21-30_0000042_noise_2cedb5ba.png,Not USV,2024-09-30_11-21-30_0000042.wav
2024-09-30_11-21-01_0000034_00001248,data/experiment_dataset/spectrograms/2024-09-30_11-21-01_0000034_00001248.png,USV,2024-09-30_11-21-01_0000034.wav
2024-09-30_11-20-09_0000021_noise_ea054ad6,data/experiment_dataset/spectrograms/2024-09-30_11-20-09_0000021_noise_ea054ad6.png,Not USV,2024-09-30_11-20-09_0000021.wav
2024-09-30_11-20-29_0000024_noise_c85c1fe6,data/experiment_dataset/spectrograms/2024-09-30_11-20-29_0000024_noise_c85c1fe6.png,Not USV,2024-09-30_11-20-29_0000024.wav
2024-09-30_11-18-57_0000006_00001451,data/experiment_dataset/spectrograms/2024-09-30_11-18-57_0000006_00001451.png,USV,2024-09-30_11-18-57_0000006.wav
2024-09-30_11-18-34_0000004_00003942,data/experiment_dataset/spectrograms/2024-09-30_11-18-34_0000004_00003942.png,USV,2024-09-30_11-18-34_0000004.wav
2024-09-30_11-21-24_0000039_noise_64f42ce5,data/experiment_dataset/spectrograms/2024-09-30_11-21-24_0000039_noise_64f42ce5.png,Not USV,2024-09-30_11-21-24_0000039.wav
random_neg_00028,data/experiment_dataset/spectrograms/random_neg_00028.png,Not USV,2024-09-30_11-19-34_0000014.wav
2024-09-30_11-18-34_0000004_00005179,data/experiment_dataset/spectrograms/2024-09-30_11-18-34_0000004_00005179.png,USV,2024-09-30_11-18-34_0000004.wav
random_neg_00042,data/experiment_dataset/spectrograms/random_neg_00042.png,Not USV,2024-09-30_11-20-09_0000021.wav
2024-09-30_11-21-07_0000035_00005594,data/experiment_dataset/spectrograms/2024-09-30_11-21-07_0000035_00005594.png,USV,2024-09-30_11-21-07_0000035.wav
random_neg_00058,data/experiment_dataset/spectrograms/random_neg_00058.png,Not USV,2024-09-30_11-20-41_0000029.wav
2024-09-30_11-21-18_0000037_noise_8118b7b9,data/experiment_dataset/spectrograms/2024-09-30_11-21-18_0000037_noise_8118b7b9.png,Not USV,2024-09-30_11-21-18_0000037.wav
2024-09-30_11-18-17_0000001_00001014,data/experiment_dataset/spectrograms/2024-09-30_11-18-17_0000001_00001014.png,USV,2024-09-30_11-18-17_0000001.wav
2024-09-30_11-18-34_0000004_00008259,data/experiment_dataset/spectrograms/2024-09-30_11-18-34_0000004_00008259.png,USV,2024-09-30_11-18-34_0000004.wav
2024-09-30_11-19-19_0000012_noise_3e9e8170,data/experiment_dataset/spectrograms/2024-09-30_11-19-19_0000012_noise_3e9e8170.png,Not USV,2024-09-30_11-19-19_0000012.wav
2024-09-30_11-21-34_0000043_00002054,data/experiment_dataset/spectrograms/2024-09-30_11-21-34_0000043_00002054.png,USV,2024-09-30_11-21-34_0000043.wav
2024-09-30_11-21-34_0000043_noise_857114c0,data/experiment_dataset/spectrograms/2024-09-30_11-21-34_0000043_noise_857114c0.png,Not USV,2024-09-30_11-21-34_0000043.wav
2024-09-30_11-19-54_0000016_00001763,data/experiment_dataset/spectrograms/2024-09-30_11-19-54_0000016_00001763.png,USV,2024-09-30_11-19-54_0000016.wav
2024-09-30_11-18-17_0000001_00001332,data/experiment_dataset/spectrograms/2024-09-30_11-18-17_0000001_00001332.png,USV,2024-09-30_11-18-17_0000001.wav
2024-09-30_11-18-27_0000003_00004787,data/experiment_dataset/spectrograms/2024-09-30_11-18-27_0000003_00004787.png,Not USV,2024-09-30_11-18-27_0000003.wav
2024-09-30_11-20-41_0000029_00002438,data/experiment_dataset/spectrograms/2024-09-30_11-20-41_0000029_00002438.png,USV,2024-09-30_11-20-41_0000029.wav
2024-09-30_11-21-26_0000040_noise_a163c2ea,data/experiment_dataset/spectrograms/2024-09-30_11-21-26_0000040_noise_a163c2ea.png,Not USV,2024-09-30_11-21-26_0000040.wav
2024-09-30_11-21-07_0000035_00005914,data/experiment_dataset/spectrograms/2024-09-30_11-21-07_0000035_00005914.png,USV,2024-09-30_11-21-07_0000035.wav
2024-09-30_11-19-19_0000012_noise_9e66a6e8,data/experiment_dataset/spectrograms/2024-09-30_11-19-19_0000012_noise_9e66a6e8.png,Not USV,2024-09-30_11-19-19_0000012.wav
2024-09-30_11-18-34_0000004_00007589,data/experiment_dataset/spectrograms/2024-09-30_11-18-34_0000004_00007589.png,USV,2024-09-30_11-18-34_0000004.wav
2024-09-30_11-20-56_0000033_noise_26fbe79e,data/experiment_dataset/spectrograms/2024-09-30_11-20-56_0000033_noise_26fbe79e.png,Not USV,2024-09-30_11-20-56_0000033.wav
2024-09-30_11-21-34_0000043_noise_37150bb1,data/experiment_dataset/spectrograms/2024-09-30_11-21-34_0000043_noise_37150bb1.png,Not USV,2024-09-30_11-21-34_0000043.wav
2024-09-30_11-20-29_0000024_00001746,data/experiment_dataset/spectrograms/2024-09-30_11-20-29_0000024_00001746.png,USV,2024-09-30_11-20-29_0000024.wav
2024-09-30_11-21-24_0000039_noise_a2cf4893,data/experiment_dataset/spectrograms/2024-09-30_11-21-24_0000039_noise_a2cf4893.png,Not USV,2024-09-30_11-21-24_0000039.wav
random_neg_00061,data/experiment_dataset/spectrograms/random_neg_00061.png,Not USV,2024-09-30_11-20-48_0000031.wav
2024-09-30_11-21-24_0000039_noise_86da27ad,data/experiment_dataset/spectrograms/2024-09-30_11-21-24_0000039_noise_86da27ad.png,Not USV,2024-09-30_11-21-24_0000039.wav
2024-09-30_11-21-01_0000034_00001565,data/experiment_dataset/spectrograms/2024-09-30_11-21-01_0000034_00001565.png,USV,2024-09-30_11-21-01_0000034.wav
2024-09-30_11-21-24_0000039_noise_b2a87002,data/experiment_dataset/spectrograms/2024-09-30_11-21-24_0000039_noise_b2a87002.png,Not USV,2024-09-30_11-21-24_0000039.wav
2024-09-30_11-18-17_0000001_00004535,data/experiment_dataset/spectrograms/2024-09-30_11-18-17_0000001_00004535.png,USV,2024-09-30_11-18-17_0000001.wav
2024-09-30_11-18-34_0000004_00005398,data/experiment_dataset/spectrograms/2024-09-30_11-18-34_0000004_00005398.png,USV,2024-09-30_11-18-34_0000004.wav
2024-09-30_11-18-17_0000001_00002042,data/experiment_dataset/spectrograms/2024-09-30_11-18-17_0000001_00002042.png,USV,2024-09-30_11-18-17_0000001.wav
2024-09-30_11-20-07_0000020_noise_0e3e83f1,data/experiment_dataset/spectrograms/2024-09-30_11-20-07_0000020_noise_0e3e83f1.png,Not USV,2024-09-30_11-20-07_0000020.wav
2024-09-30_11-19-19_0000012_noise_7869e875,data/experiment_dataset/spectrograms/2024-09-30_11-19-19_0000012_noise_7869e875.png,Not USV,2024-09-30_11-19-19_0000012.wav
2024-09-30_11-21-07_0000035_00002306,data/experiment_dataset/spectrograms/2024-09-30_11-21-07_0000035_00002306.png,USV,2024-09-30_11-21-07_0000035.wav
2024-09-30_11-19-09_0000008_noise_c043d485,data/experiment_dataset/spectrograms/2024-09-30_11-19-09_0000008_noise_c043d485.png,Not USV,2024-09-30_11-19-09_0000008.wav
2024-09-30_11-19-19_0000012_noise_c7abc494,data/experiment_dataset/spectrograms/2024-09-30_11-19-19_0000012_noise_c7abc494.png,Not USV,2024-09-30_11-19-19_0000012.wav
random_neg_00051,data/experiment_dataset/spectrograms/random_neg_00051.png,Not USV,2024-09-30_11-20-34_0000026.wav
2024-09-30_11-19-00_0000007_00003943,data/experiment_dataset/spectrograms/2024-09-30_11-19-00_0000007_00003943.png,USV,2024-09-30_11-19-00_0000007.wav
2024-09-30_11-21-01_0000034_00002177,data/experiment_dataset/spectrograms/2024-09-30_11-21-01_0000034_00002177.png,USV,2024-09-30_11-21-01_0000034.wav
random_neg_00027,data/experiment_dataset/spectrograms/random_neg_00027.png,Not USV,2024-09-30_11-19-34_0000014.wav
2024-09-30_11-18-17_0000001_00005004,data/experiment_dataset/spectrograms/2024-09-30_11-18-17_0000001_00005004.png,USV,2024-09-30_11-18-17_0000001.wav
2024-09-30_11-18-27_0000003_00004962,data/experiment_dataset/spectrograms/2024-09-30_11-18-27_0000003_00004962.png,Not USV,2024-09-30_11-18-27_0000003.wav
2024-09-30_11-19-16_0000011_noise_8f3dd792,data/experiment_dataset/spectrograms/2024-09-30_11-19-16_0000011_noise_8f3dd792.png,Not USV,2024-09-30_11-19-16_0000011.wav
2024-09-30_11-21-01_0000034_00002288,data/experiment_dataset/spectrograms/2024-09-30_11-21-01_0000034_00002288.png,USV,2024-09-30_11-21-01_0000034.wav
2024-09-30_11-21-34_0000043_noise_779f433d,data/experiment_dataset/spectrograms/2024-09-30_11-21-34_0000043_noise_779f433d.png,Not USV,2024-09-30_11-21-34_0000043.wav
2024-09-30_11-20-41_0000029_00001027,data/experiment_dataset/spectrograms/2024-09-30_11-20-41_0000029_00001027.png,USV,2024-09-30_11-20-41_0000029.wav
2024-09-30_11-19-19_0000012_00006262,data/experiment_dataset/spectrograms/2024-09-30_11-19-19_0000012_00006262.png,USV,2024-09-30_11-19-19_0000012.wav
2024-09-30_11-19-00_0000007_noise_584daed6,data/experiment_dataset/spectrograms/2024-09-30_11-19-00_0000007_noise_584daed6.png,Not USV,2024-09-30_11-19-00_0000007.wav
2024-09-30_11-18-34_0000004_00005154,data/experiment_dataset/spectrograms/2024-09-30_11-18-34_0000004_00005154.png,USV,2024-09-30_11-18-34_0000004.wav
2024-09-30_11-20-53_0000032_00000638,data/experiment_dataset/spectrograms/2024-09-30_11-20-53_0000032_00000638.png,Not USV,2024-09-30_11-20-53_0000032.wav
2024-09-30_11-21-34_0000043_00001258,data/experiment_dataset/spectrograms/2024-09-30_11-21-34_0000043_00001258.png,USV,2024-09-30_11-21-34_0000043.wav
2024-09-30_11-21-07_0000035_noise_b663f4ab,data/experiment_dataset/spectrograms/2024-09-30_11-21-07_0000035_noise_b663f4ab.png,Not USV,2024-09-30_11-21-07_0000035.wav
2024-09-30_11-20-53_0000032_00002900,data/experiment_dataset/spectrograms/2024-09-30_11-20-53_0000032_00002900.png,USV,2024-09-30_11-20-53_0000032.wav
2024-09-30_11-21-30_0000042_noise_45810ae7,data/experiment_dataset/spectrograms/2024-09-30_11-21-30_0000042_noise_45810ae7.png,Not USV,2024-09-30_11-21-30_0000042.wav
2024-09-30_11-20-07_0000020_00002621,data/experiment_dataset/spectrograms/2024-09-30_11-20-07_0000020_00002621.png,USV,2024-09-30_11-20-07_0000020.wav
2024-09-30_11-20-29_0000024_00002181,data/experiment_dataset/spectrograms/2024-09-30_11-20-29_0000024_00002181.png,USV,2024-09-30_11-20-29_0000024.wav
2024-09-30_11-19-54_0000016_00000928,data/experiment_dataset/spectrograms/2024-09-30_11-19-54_0000016_00000928.png,USV,2024-09-30_11-19-54_0000016.wav
2024-09-30_11-19-55_0000017_00000623,data/experiment_dataset/spectrograms/2024-09-30_11-19-55_0000017_00000623.png,USV,2024-09-30_11-19-55_0000017.wav
2024-09-30_11-20-09_0000021_00001899,data/experiment_dataset/spectrograms/2024-09-30_11-20-09_0000021_00001899.png,Not USV,2024-09-30_11-20-09_0000021.wav
2024-09-30_11-21-01_0000034_noise_004f82dd,data/experiment_dataset/spectrograms/2024-09-30_11-21-01_0000034_noise_004f82dd.png,Not USV,2024-09-30_11-21-01_0000034.wav
2024-09-30_11-19-00_0000007_noise_582fc7ff,data/experiment_dataset/spectrograms/2024-09-30_11-19-00_0000007_noise_582fc7ff.png,Not USV,2024-09-30_11-19-00_0000007.wav
2024-09-30_11-21-40_0000044_00001626,data/experiment_dataset/spectrograms/2024-09-30_11-21-40_0000044_00001626.png,USV,2024-09-30_11-21-40_0000044.wav
2024-09-30_11-19-00_0000007_noise_03cacfd2,data/experiment_dataset/spectrograms/2024-09-30_11-19-00_0000007_noise_03cacfd2.png,Not USV,2024-09-30_11-19-00_0000007.wav
2024-09-30_11-20-03_0000019_00002076,data/experiment_dataset/spectrograms/2024-09-30_11-20-03_0000019_00002076.png,USV,2024-09-30_11-20-03_0000019.wav
2024-09-30_11-21-18_0000037_noise_5f4e3df9,data/experiment_dataset/spectrograms/2024-09-30_11-21-18_0000037_noise_5f4e3df9.png,Not USV,2024-09-30_11-21-18_0000037.wav
2024-09-30_11-20-07_0000020_noise_4b466f7c,data/experiment_dataset/spectrograms/2024-09-30_11-20-07_0000020_noise_4b466f7c.png,Not USV,2024-09-30_11-20-07_0000020.wav
2024-09-30_11-20-41_0000029_noise_351ddc6a,data/experiment_dataset/spectrograms/2024-09-30_11-20-41_0000029_noise_351ddc6a.png,Not USV,2024-09-30_11-20-41_0000029.wav
2024-09-30_11-18-17_0000001_noise_79f3132c,data/experiment_dataset/spectrograms/2024-09-30_11-18-17_0000001_noise_79f3132c.png,Not USV,2024-09-30_11-18-17_0000001.wav
2024-09-30_11-21-07_0000035_00003856,data/experiment_dataset/spectrograms/2024-09-30_11-21-07_0000035_00003856.png,USV,2024-09-30_11-21-07_0000035.wav
2024-09-30_11-21-01_0000034_noise_7695a51d,data/experiment_dataset/spectrograms/2024-09-30_11-21-01_0000034_noise_7695a51d.png,Not USV,2024-09-30_11-21-01_0000034.wav
2024-09-30_11-21-30_0000042_00002034,data/experiment_dataset/spectrograms/2024-09-30_11-21-30_0000042_00002034.png,USV,2024-09-30_11-21-30_0000042.wav
2024-09-30_11-21-34_0000043_00003117,data/experiment_dataset/spectrograms/2024-09-30_11-21-34_0000043_00003117.png,USV,2024-09-30_11-21-34_0000043.wav
random_neg_00099,data/experiment_dataset/spectrograms/random_neg_00099.png,Not USV,2024-09-30_11-22-01_0000050.wav
2024-09-30_11-18-17_0000001_00001588,data/experiment_dataset/spectrograms/2024-09-30_11-18-17_0000001_00001588.png,USV,2024-09-30_11-18-17_0000001.wav
2024-09-30_11-19-15_0000010_00002071,data/experiment_dataset/spectrograms/2024-09-30_11-19-15_0000010_00002071.png,USV,2024-09-30_11-19-15_0000010.wav
2024-09-30_11-21-26_0000040_00001156,data/experiment_dataset/spectrograms/2024-09-30_11-21-26_0000040_00001156.png,USV,2024-09-30_11-21-26_0000040.wav
2024-09-30_11-21-34_0000043_00002414,data/experiment_dataset/spectrograms/2024-09-30_11-21-34_0000043_00002414.png,USV,2024-09-30_11-21-34_0000043.wav
2024-09-30_11-21-07_0000035_00005199,data/experiment_dataset/spectrograms/2024-09-30_11-21-07_0000035_00005199.png,USV,2024-09-30_11-21-07_0000035.wav
random_neg_00056,data/experiment_dataset/spectrograms/random_neg_00056.png,Not USV,2024-09-30_11-20-38_0000028.wav
2024-09-30_11-20-03_0000019_noise_f05a0739,data/experiment_dataset/spectrograms/2024-09-30_11-20-03_0000019_noise_f05a0739.png,Not USV,2024-09-30_11-20-03_0000019.wav
2024-09-30_11-21-01_0000034_00001764,data/experiment_dataset/spectrograms/2024-09-30_11-21-01_0000034_00001764.png,USV,2024-09-30_11-21-01_0000034.wav
2024-09-30_11-20-26_0000023_noise_82a55151,data/experiment_dataset/spectrograms/2024-09-30_11-20-26_0000023_noise_82a55151.png,Not USV,2024-09-30_11-20-26_0000023.wav
random_neg_00036,data/experiment_dataset/spectrograms/random_neg_00036.png,Not USV,2024-09-30_11-19-58_0000018.wav
2024-09-30_11-21-14_0000036_00001437,data/experiment_dataset/spectrograms/2024-09-30_11-21-14_0000036_00001437.png,USV,2024-09-30_11-21-14_0000036.wav
2024-09-30_11-21-30_0000042_noise_a7408a46,data/experiment_dataset/spectrograms/2024-09-30_11-21-30_0000042_noise_a7408a46.png,Not USV,2024-09-30_11-21-30_0000042.wav
2024-09-30_11-21-01_0000034_noise_8a59f2d2,data/experiment_dataset/spectrograms/2024-09-30_11-21-01_0000034_noise_8a59f2d2.png,Not USV,2024-09-30_11-21-01_0000034.wav
2024-09-30_11-18-34_0000004_noise_73939e11,data/experiment_dataset/spectrograms/2024-09-30_11-18-34_0000004_noise_73939e11.png,Not USV,2024-09-30_11-18-34_0000004.wav
random_neg_00010,data/experiment_dataset/spectrograms/random_neg_00010.png,Not USV,2024-09-30_11-18-52_0000005.wav
2024-09-30_11-21-26_0000040_00001225,data/experiment_dataset/spectrograms/2024-09-30_11-21-26_0000040_00001225.png,Not USV,2024-09-30_11-21-26_0000040.wav
2024-09-30_11-20-03_0000019_00002268,data/experiment_dataset/spectrograms/2024-09-30_11-20-03_0000019_00002268.png,USV,2024-09-30_11-20-03_0000019.wav
2024-09-30_11-20-56_0000033_00001443,data/experiment_dataset/spectrograms/2024-09-30_11-20-56_0000033_00001443.png,USV,2024-09-30_11-20-56_0000033.wav
2024-09-30_11-19-09_0000008_noise_b5e5f7e8,data/experiment_dataset/spectrograms/2024-09-30_11-19-09_0000008_noise_b5e5f7e8.png,Not USV,2024-09-30_11-19-09_0000008.wav
2024-09-30_11-19-55_0000017_00000975,data/experiment_dataset/spectrograms/2024-09-30_11-19-55_0000017_00000975.png,USV,2024-09-30_11-19-55_0000017.wav
2024-09-30_11-18-34_0000004_00004481,data/experiment_dataset/spectrograms/2024-09-30_11-18-34_0000004_00004481.png,USV,2024-09-30_11-18-34_0000004.wav
2024-09-30_11-19-09_0000008_00003252,data/experiment_dataset/spectrograms/2024-09-30_11-19-09_0000008_00003252.png,USV,2024-09-30_11-19-09_0000008.wav
2024-09-30_11-21-07_0000035_noise_5c09eea0,data/experiment_dataset/spectrograms/2024-09-30_11-21-07_0000035_noise_5c09eea0.png,Not USV,2024-09-30_11-21-07_0000035.wav
2024-09-30_11-18-57_0000006_noise_6a47e9e8,data/experiment_dataset/spectrograms/2024-09-30_11-18-57_0000006_noise_6a47e9e8.png,Not USV,2024-09-30_11-18-57_0000006.wav
2024-09-30_11-20-53_0000032_00002923,data/experiment_dataset/spectrograms/2024-09-30_11-20-53_0000032_00002923.png,USV,2024-09-30_11-20-53_0000032.wav
2024-09-30_11-21-34_0000043_00003912,data/experiment_dataset/spectrograms/2024-09-30_11-21-34_0000043_00003912.png,USV,2024-09-30_11-21-34_0000043.wav
2024-09-30_11-20-53_0000032_00002444,data/experiment_dataset/spectrograms/2024-09-30_11-20-53_0000032_00002444.png,USV,2024-09-30_11-20-53_0000032.wav
2024-09-30_11-19-00_0000007_00005871,data/experiment_dataset/spectrograms/2024-09-30_11-19-00_0000007_00005871.png,USV,2024-09-30_11-19-00_0000007.wav
2024-09-30_11-19-31_0000013_noise_54b8e091,data/experiment_dataset/spectrograms/2024-09-30_11-19-31_0000013_noise_54b8e091.png,Not USV,2024-09-30_11-19-31_0000013.wav
2024-09-30_11-21-01_0000034_noise_2a415bd0,data/experiment_dataset/spectrograms/2024-09-30_11-21-01_0000034_noise_2a415bd0.png,Not USV,2024-09-30_11-21-01_0000034.wav
2024-09-30_11-21-24_0000039_00001966,data/experiment_dataset/spectrograms/2024-09-30_11-21-24_0000039_00001966.png,USV,2024-09-30_11-21-24_0000039.wav
2024-09-30_11-18-17_0000001_00000788,data/experiment_dataset/spectrograms/2024-09-30_11-18-17_0000001_00000788.png,USV,2024-09-30_11-18-17_0000001.wav
2024-09-30_11-18-57_0000006_noise_81081742,data/experiment_dataset/spectrograms/2024-09-30_11-18-57_0000006_noise_81081742.png,Not USV,2024-09-30_11-18-57_0000006.wav
2024-09-30_11-19-19_0000012_noise_fead725e,data/experiment_dataset/spectrograms/2024-09-30_11-19-19_0000012_noise_fead725e.png,Not USV,2024-09-30_11-19-19_0000012.wav
random_neg_00079,data/experiment_dataset/spectrograms/random_neg_00079.png,Not USV,2024-09-30_11-21-26_0000040.wav
2024-09-30_11-19-09_0000008_noise_a0150faf,data/experiment_dataset/spectrograms/2024-09-30_11-19-09_0000008_noise_a0150faf.png,Not USV,2024-09-30_11-19-09_0000008.wav
2024-09-30_11-21-34_0000043_00001309,data/experiment_dataset/spectrograms/2024-09-30_11-21-34_0000043_00001309.png,USV,2024-09-30_11-21-34_0000043.wav
2024-09-30_11-21-01_0000034_00003747,data/experiment_dataset/spectrograms/2024-09-30_11-21-01_0000034_00003747.png,Not USV,2024-09-30_11-21-01_0000034.wav
2024-09-30_11-19-19_0000012_00001009,data/experiment_dataset/spectrograms/2024-09-30_11-19-19_0000012_00001009.png,Not USV,2024-09-30_11-19-19_0000012.wav
2024-09-30_11-19-00_0000007_00005174,data/experiment_dataset/spectrograms/2024-09-30_11-19-00_0000007_00005174.png,USV,2024-09-30_11-19-00_0000007.wav
2024-09-30_11-21-07_0000035_00004837,data/experiment_dataset/spectrograms/2024-09-30_11-21-07_0000035_00004837.png,USV,2024-09-30_11-21-07_0000035.wav
random_neg_00092,data/experiment_dataset/spectrograms/random_neg_00092.png,Not USV,2024-09-30_11-21-48_0000046.wav
random_neg_00006,data/experiment_dataset/spectrograms/random_neg_00006.png,Not USV,2024-09-30_11-18-27_0000003.wav
2024-09-30_11-18-34_0000004_00006128,data/experiment_dataset/spectrograms/2024-09-30_11-18-34_0000004_00006128.png,USV,2024-09-30_11-18-34_0000004.wav
random_neg_00041,data/experiment_dataset/spectrograms/random_neg_00041.png,Not USV,2024-09-30_11-20-09_0000021.wav
2024-09-30_11-19-19_0000012_00002749,data/experiment_dataset/spectrograms/2024-09-30_11-19-19_0000012_00002749.png,USV,2024-09-30_11-19-19_0000012.wav
2024-09-30_11-20-32_0000025_00002025,data/experiment_dataset/spectrograms/2024-09-30_11-20-32_0000025_00002025.png,USV,2024-09-30_11-20-32_0000025.wav
2024-09-30_11-21-40_0000044_noise_76c25a00,data/experiment_dataset/spectrograms/2024-09-30_11-21-40_0000044_noise_76c25a00.png,Not USV,2024-09-30_11-21-40_0000044.wav
2024-09-30_11-18-34_0000004_00002079,data/experiment_dataset/spectrograms/2024-09-30_11-18-34_0000004_00002079.png,USV,2024-09-30_11-18-34_0000004.wav
2024-09-30_11-20-41_0000029_00002656,data/experiment_dataset/spectrograms/2024-09-30_11-20-41_0000029_00002656.png,USV,2024-09-30_11-20-41_0000029.wav
2024-09-30_11-19-00_0000007_00005586,data/experiment_dataset/spectrograms/2024-09-30_11-19-00_0000007_00005586.png,USV,2024-09-30_11-19-00_0000007.wav
2024-09-30_11-20-53_0000032_00002151,data/experiment_dataset/spectrograms/2024-09-30_11-20-53_0000032_00002151.png,USV,2024-09-30_11-20-53_0000032.wav
2024-09-30_11-21-18_0000037_00000960,data/experiment_dataset/spectrograms/2024-09-30_11-21-18_0000037_00000960.png,Not USV,2024-09-30_11-21-18_0000037.wav
2024-09-30_11-19-09_0000008_00002272,data/experiment_dataset/spectrograms/2024-09-30_11-19-09_0000008_00002272.png,USV,2024-09-30_11-19-09_0000008.wav
2024-09-30_11-20-29_0000024_noise_65271d20,data/experiment_dataset/spectrograms/2024-09-30_11-20-29_0000024_noise_65271d20.png,Not USV,2024-09-30_11-20-29_0000024.wav
2024-09-30_11-19-00_0000007_00006167,data/experiment_dataset/spectrograms/2024-09-30_11-19-00_0000007_00006167.png,USV,2024-09-30_11-19-00_0000007.wav
2024-09-30_11-19-16_0000011_00001856,data/experiment_dataset/spectrograms/2024-09-30_11-19-16_0000011_00001856.png,Not USV,2024-09-30_11-19-16_0000011.wav
2024-09-30_11-18-17_0000001_00004893,data/experiment_dataset/spectrograms/2024-09-30_11-18-17_0000001_00004893.png,USV,2024-09-30_11-18-17_0000001.wav
2024-09-30_11-20-03_0000019_noise_6a70d98f,data/experiment_dataset/spectrograms/2024-09-30_11-20-03_0000019_noise_6a70d98f.png,Not USV,2024-09-30_11-20-03_0000019.wav
2024-09-30_11-19-19_0000012_00005958,data/experiment_dataset/spectrograms/2024-09-30_11-19-19_0000012_00005958.png,USV,2024-09-30_11-19-19_0000012.wav
2024-09-30_11-19-55_0000017_noise_bc45442b,data/experiment_dataset/spectrograms/2024-09-30_11-19-55_0000017_noise_bc45442b.png,Not USV,2024-09-30_11-19-55_0000017.wav
2024-09-30_11-20-03_0000019_noise_924eb410,data/experiment_dataset/spectrograms/2024-09-30_11-20-03_0000019_noise_924eb410.png,Not USV,2024-09-30_11-20-03_0000019.wav
2024-09-30_11-19-16_0000011_00002514,data/experiment_dataset/spectrograms/2024-09-30_11-19-16_0000011_00002514.png,Not USV,2024-09-30_11-19-16_0000011.wav
2024-09-30_11-21-40_0000044_00000801,data/experiment_dataset/spectrograms/2024-09-30_11-21-40_0000044_00000801.png,USV,2024-09-30_11-21-40_0000044.wav
2024-09-30_11-19-00_0000007_00007439,data/experiment_dataset/spectrograms/2024-09-30_11-19-00_0000007_00007439.png,USV,2024-09-30_11-19-00_0000007.wav
2024-09-30_11-19-19_0000012_00001247,data/experiment_dataset/spectrograms/2024-09-30_11-19-19_0000012_00001247.png,USV,2024-09-30_11-19-19_0000012.wav
2024-09-30_11-18-17_0000001_00001460,data/experiment_dataset/spectrograms/2024-09-30_11-18-17_0000001_00001460.png,USV,2024-09-30_11-18-17_0000001.wav
2024-09-30_11-21-26_0000040_noise_cdbca5f1,data/experiment_dataset/spectrograms/2024-09-30_11-21-26_0000040_noise_cdbca5f1.png,Not USV,2024-09-30_11-21-26_0000040.wav
2024-09-30_11-21-40_0000044_00002076,data/experiment_dataset/spectrograms/2024-09-30_11-21-40_0000044_00002076.png,Not USV,2024-09-30_11-21-40_0000044.wav
2024-09-30_11-18-34_0000004_00002929,data/experiment_dataset/spectrograms/2024-09-30_11-18-34_0000004_00002929.png,USV,2024-09-30_11-18-34_0000004.wav
2024-09-30_11-18-25_0000002_noise_8e44df63,data/experiment_dataset/spectrograms/2024-09-30_11-18-25_0000002_noise_8e44df63.png,Not USV,2024-09-30_11-18-25_0000002.wav
2024-09-30_11-21-14_0000036_00001102,data/experiment_dataset/spectrograms/2024-09-30_11-21-14_0000036_00001102.png,Not USV,2024-09-30_11-21-14_0000036.wav
2024-09-30_11-20-07_0000020_00002019,data/experiment_dataset/spectrograms/2024-09-30_11-20-07_0000020_00002019.png,USV,2024-09-30_11-20-07_0000020.wav
2024-09-30_11-19-09_0000008_00002397,data/experiment_dataset/spectrograms/2024-09-30_11-19-09_0000008_00002397.png,USV,2024-09-30_11-19-09_0000008.wav
2024-09-30_11-20-32_0000025_noise_0780f9b2,data/experiment_dataset/spectrograms/2024-09-30_11-20-32_0000025_noise_0780f9b2.png,Not USV,2024-09-30_11-20-32_0000025.wav
2024-09-30_11-20-07_0000020_00001449,data/experiment_dataset/spectrograms/2024-09-30_11-20-07_0000020_00001449.png,USV,2024-09-30_11-20-07_0000020.wav
2024-09-30_11-20-03_0000019_00000893,data/experiment_dataset/spectrograms/2024-09-30_11-20-03_0000019_00000893.png,USV,2024-09-30_11-20-03_0000019.wav
2024-09-30_11-21-34_0000043_00001181,data/experiment_dataset/spectrograms/2024-09-30_11-21-34_0000043_00001181.png,USV,2024-09-30_11-21-34_0000043.wav
2024-09-30_11-18-17_0000001_noise_66261061,data/experiment_dataset/spectrograms/2024-09-30_11-18-17_0000001_noise_66261061.png,Not USV,2024-09-30_11-18-17_0000001.wav
2024-09-30_11-19-00_0000007_00005775,data/experiment_dataset/spectrograms/2024-09-30_11-19-00_0000007_00005775.png,USV,2024-09-30_11-19-00_0000007.wav
random_neg_00091,data/experiment_dataset/spectrograms/random_neg_00091.png,Not USV,2024-09-30_11-21-48_0000046.wav
random_neg_00029,data/experiment_dataset/spectrograms/random_neg_00029.png,Not USV,2024-09-30_11-19-38_0000015.wav
2024-09-30_11-19-19_0000012_00004084,data/experiment_dataset/spectrograms/2024-09-30_11-19-19_0000012_00004084.png,USV,2024-09-30_11-19-19_0000012.wav
2024-09-30_11-18-27_0000003_00001918,data/experiment_dataset/spectrograms/2024-09-30_11-18-27_0000003_00001918.png,USV,2024-09-30_11-18-27_0000003.wav
2024-09-30_11-21-01_0000034_noise_cccc84ce,data/experiment_dataset/spectrograms/2024-09-30_11-21-01_0000034_noise_cccc84ce.png,Not USV,2024-09-30_11-21-01_0000034.wav
2024-09-30_11-18-57_0000006_00001343,data/experiment_dataset/spectrograms/2024-09-30_11-18-57_0000006_00001343.png,USV,2024-09-30_11-18-57_0000006.wav
2024-09-30_11-19-00_0000007_noise_7c0f80ad,data/experiment_dataset/spectrograms/2024-09-30_11-19-00_0000007_noise_7c0f80ad.png,Not USV,2024-09-30_11-19-00_0000007.wav
2024-09-30_11-18-27_0000003_00005026,data/experiment_dataset/spectrograms/2024-09-30_11-18-27_0000003_00005026.png,Not USV,2024-09-30_11-18-27_0000003.wav
2024-09-30_11-21-07_0000035_00006140,data/experiment_dataset/spectrograms/2024-09-30_11-21-07_0000035_00006140.png,USV,2024-09-30_11-21-07_0000035.wav
2024-09-30_11-18-17_0000001_noise_ca4f71d5,data/experiment_dataset/spectrograms/2024-09-30_11-18-17_0000001_noise_ca4f71d5.png,Not USV,2024-09-30_11-18-17_0000001.wav
2024-09-30_11-20-03_0000019_noise_7759fcd5,data/experiment_dataset/spectrograms/2024-09-30_11-20-03_0000019_noise_7759fcd5.png,Not USV,2024-09-30_11-20-03_0000019.wav
2024-09-30_11-18-17_0000001_00004305,data/experiment_dataset/spectrograms/2024-09-30_11-18-17_0000001_00004305.png,USV,2024-09-30_11-18-17_0000001.wav
2024-09-30_11-20-26_0000023_noise_ee6f438f,data/experiment_dataset/spectrograms/2024-09-30_11-20-26_0000023_noise_ee6f438f.png,Not USV,2024-09-30_11-20-26_0000023.wav
2024-09-30_11-19-09_0000008_noise_6f535677,data/experiment_dataset/spectrograms/2024-09-30_11-19-09_0000008_noise_6f535677.png,Not USV,2024-09-30_11-19-09_0000008.wav
2024-09-30_11-19-16_0000011_noise_c5305bf9,data/experiment_dataset/spectrograms/2024-09-30_11-19-16_0000011_noise_c5305bf9.png,Not USV,2024-09-30_11-19-16_0000011.wav
2024-09-30_11-21-07_0000035_00001038,data/experiment_dataset/spectrograms/2024-09-30_11-21-07_0000035_00001038.png,USV,2024-09-30_11-21-07_0000035.wav
2024-09-30_11-18-27_0000003_00004259,data/experiment_dataset/spectrograms/2024-09-30_11-18-27_0000003_00004259.png,Not USV,2024-09-30_11-18-27_0000003.wav
2024-09-30_11-18-34_0000004_noise_b29d5880,data/experiment_dataset/spectrograms/2024-09-30_11-18-34_0000004_noise_b29d5880.png,Not USV,2024-09-30_11-18-34_0000004.wav
random_neg_00023,data/experiment_dataset/spectrograms/random_neg_00023.png,Not USV,2024-09-30_11-19-19_0000012.wav
2024-09-30_11-21-22_0000038_noise_5521d6d0,data/experiment_dataset/spectrograms/2024-09-30_11-21-22_0000038_noise_5521d6d0.png,Not USV,2024-09-30_11-21-22_0000038.wav
2024-09-30_11-20-29_0000024_00002777,data/experiment_dataset/spectrograms/2024-09-30_11-20-29_0000024_00002777.png,USV,2024-09-30_11-20-29_0000024.wav
2024-09-30_11-21-30_0000042_noise_9b8e8a7d,data/experiment_dataset/spectrograms/2024-09-30_11-21-30_0000042_noise_9b8e8a7d.png,Not USV,2024-09-30_11-21-30_0000042.wav
2024-09-30_11-18-17_0000001_noise_d2ada32a,data/experiment_dataset/spectrograms/2024-09-30_11-18-17_0000001_noise_d2ada32a.png,Not USV,2024-09-30_11-18-17_0000001.wav
2024-09-30_11-20-26_0000023_noise_a39c7f6a,data/experiment_dataset/spectrograms/2024-09-30_11-20-26_0000023_noise_a39c7f6a.png,Not USV,2024-09-30_11-20-26_0000023.wav
2024-09-30_11-21-30_0000042_noise_6e8ca4d0,data/experiment_dataset/spectrograms/2024-09-30_11-21-30_0000042_noise_6e8ca4d0.png,Not USV,2024-09-30_11-21-30_0000042.wav
2024-09-30_11-18-17_0000001_00003200,data/experiment_dataset/spectrograms/2024-09-30_11-18-17_0000001_00003200.png,USV,2024-09-30_11-18-17_0000001.wav
2024-09-30_11-19-00_0000007_noise_31f1780e,data/experiment_dataset/spectrograms/2024-09-30_11-19-00_0000007_noise_31f1780e.png,Not USV,2024-09-30_11-19-00_0000007.wav
random_neg_00014,data/experiment_dataset/spectrograms/random_neg_00014.png,Not USV,2024-09-30_11-19-00_0000007.wav
2024-09-30_11-19-31_0000013_noise_2247941a,data/experiment_dataset/spectrograms/2024-09-30_11-19-31_0000013_noise_2247941a.png,Not USV,2024-09-30_11-19-31_0000013.wav
2024-09-30_11-21-14_0000036_00000407,data/experiment_dataset/spectrograms/2024-09-30_11-21-14_0000036_00000407.png,Not USV,2024-09-30_11-21-14_0000036.wav
2024-09-30_11-18-34_0000004_00005278,data/experiment_dataset/spectrograms/2024-09-30_11-18-34_0000004_00005278.png,USV,2024-09-30_11-18-34_0000004.wav
2024-09-30_11-18-34_0000004_00000165,data/experiment_dataset/spectrograms/2024-09-30_11-18-34_0000004_00000165.png,USV,2024-09-30_11-18-34_0000004.wav
2024-09-30_11-18-34_0000004_noise_7fc4b08c,data/experiment_dataset/spectrograms/2024-09-30_11-18-34_0000004_noise_7fc4b08c.png,Not USV,2024-09-30_11-18-34_0000004.wav
2024-09-30_11-20-32_0000025_00001843,data/experiment_dataset/spectrograms/2024-09-30_11-20-32_0000025_00001843.png,USV,2024-09-30_11-20-32_0000025.wav
2024-09-30_11-20-41_0000029_00001923,data/experiment_dataset/spectrograms/2024-09-30_11-20-41_0000029_00001923.png,USV,2024-09-30_11-20-41_0000029.wav
2024-09-30_11-21-07_0000035_00005761,data/experiment_dataset/spectrograms/2024-09-30_11-21-07_0000035_00005761.png,USV,2024-09-30_11-21-07_0000035.wav
2024-09-30_11-21-07_0000035_00004722,data/experiment_dataset/spectrograms/2024-09-30_11-21-07_0000035_00004722.png,USV,2024-09-30_11-21-07_0000035.wav
2024-09-30_11-21-26_0000040_00001353,data/experiment_dataset/spectrograms/2024-09-30_11-21-26_0000040_00001353.png,USV,2024-09-30_11-21-26_0000040.wav
2024-09-30_11-20-32_0000025_00002605,data/experiment_dataset/spectrograms/2024-09-30_11-20-32_0000025_00002605.png,USV,2024-09-30_11-20-32_0000025.wav
2024-09-30_11-18-17_0000001_00002571,data/experiment_dataset/spectrograms/2024-09-30_11-18-17_0000001_00002571.png,USV,2024-09-30_11-18-17_0000001.wav
2024-09-30_11-19-19_0000012_00002940,data/experiment_dataset/spectrograms/2024-09-30_11-19-19_0000012_00002940.png,USV,2024-09-30_11-19-19_0000012.wav
2024-09-30_11-21-14_0000036_00000889,data/experiment_dataset/spectrograms/2024-09-30_11-21-14_0000036_00000889.png,USV,2024-09-30_11-21-14_0000036.wav
2024-09-30_11-21-40_0000044_00001748,data/experiment_dataset/spectrograms/2024-09-30_11-21-40_0000044_00001748.png,USV,2024-09-30_11-21-40_0000044.wav
2024-09-30_11-18-34_0000004_noise_c2b134ee,data/experiment_dataset/spectrograms/2024-09-30_11-18-34_0000004_noise_c2b134ee.png,Not USV,2024-09-30_11-18-34_0000004.wav
2024-09-30_11-20-03_0000019_00001260,data/experiment_dataset/spectrograms/2024-09-30_11-20-03_0000019_00001260.png,USV,2024-09-30_11-20-03_0000019.wav
2024-09-30_11-20-07_0000020_noise_fa92037c,data/experiment_dataset/spectrograms/2024-09-30_11-20-07_0000020_noise_fa92037c.png,Not USV,2024-09-30_11-20-07_0000020.wav
2024-09-30_11-18-34_0000004_noise_a346d26a,data/experiment_dataset/spectrograms/2024-09-30_11-18-34_0000004_noise_a346d26a.png,Not USV,2024-09-30_11-18-34_0000004.wav
random_neg_00048,data/experiment_dataset/spectrograms/random_neg_00048.png,Not USV,2024-09-30_11-20-29_0000024.wav
2024-09-30_11-18-34_0000004_noise_05044801,data/experiment_dataset/spectrograms/2024-09-30_11-18-34_0000004_noise_05044801.png,Not USV,2024-09-30_11-18-34_0000004.wav
2024-09-30_11-20-29_0000024_noise_6dc542e0,data/experiment_dataset/spectrograms/2024-09-30_11-20-29_0000024_noise_6dc542e0.png,Not USV,2024-09-30_11-20-29_0000024.wav
2024-09-30_11-21-01_0000034_noise_818c0f0d,data/experiment_dataset/spectrograms/2024-09-30_11-21-01_0000034_noise_818c0f0d.png,Not USV,2024-09-30_11-21-01_0000034.wav
2024-09-30_11-19-19_0000012_00001553,data/experiment_dataset/spectrograms/2024-09-30_11-19-19_0000012_00001553.png,USV,2024-09-30_11-19-19_0000012.wav
2024-09-30_11-21-40_0000044_noise_87ab41e0,data/experiment_dataset/spectrograms/2024-09-30_11-21-40_0000044_noise_87ab41e0.png,Not USV,2024-09-30_11-21-40_0000044.wav
2024-09-30_11-18-57_0000006_noise_c8d2f3ac,data/experiment_dataset/spectrograms/2024-09-30_11-18-57_0000006_noise_c8d2f3ac.png,Not USV,2024-09-30_11-18-57_0000006.wav
2024-09-30_11-20-41_0000029_noise_47e02c1d,data/experiment_dataset/spectrograms/2024-09-30_11-20-41_0000029_noise_47e02c1d.png,Not USV,2024-09-30_11-20-41_0000029.wav
random_neg_00090,data/experiment_dataset/spectrograms/random_neg_00090.png,Not USV,2024-09-30_11-21-44_0000045.wav
2024-09-30_11-19-16_0000011_00001634,data/experiment_dataset/spectrograms/2024-09-30_11-19-16_0000011_00001634.png,USV,2024-09-30_11-19-16_0000011.wav
2024-09-30_11-20-26_0000023_00000799,data/experiment_dataset/spectrograms/2024-09-30_11-20-26_0000023_00000799.png,USV,2024-09-30_11-20-26_0000023.wav
2024-09-30_11-21-22_0000038_noise_8930c2e7,data/experiment_dataset/spectrograms/2024-09-30_11-21-22_0000038_noise_8930c2e7.png,Not USV,2024-09-30_11-21-22_0000038.wav
2024-09-30_11-21-34_0000043_noise_6048320d,data/experiment_dataset/spectrograms/2024-09-30_11-21-34_0000043_noise_6048320d.png,Not USV,2024-09-30_11-21-34_0000043.wav
2024-09-30_11-21-18_0000037_00000676,data/experiment_dataset/spectrograms/2024-09-30_11-21-18_0000037_00000676.png,USV,2024-09-30_11-21-18_0000037.wav
2024-09-30_11-18-34_0000004_00003019,data/experiment_dataset/spectrograms/2024-09-30_11-18-34_0000004_00003019.png,USV,2024-09-30_11-18-34_0000004.wav
2024-09-30_11-19-00_0000007_00002393,data/experiment_dataset/spectrograms/2024-09-30_11-19-00_0000007_00002393.png,USV,2024-09-30_11-19-00_0000007.wav
2024-09-30_11-20-07_0000020_noise_5a449623,data/experiment_dataset/spectrograms/2024-09-30_11-20-07_0000020_noise_5a449623.png,Not USV,2024-09-30_11-20-07_0000020.wav
2024-09-30_11-20-03_0000019_noise_364214a1,data/experiment_dataset/spectrograms/2024-09-30_11-20-03_0000019_noise_364214a1.png,Not USV,2024-09-30_11-20-03_0000019.wav
2024-09-30_11-21-24_0000039_00001070,data/experiment_dataset/spectrograms/2024-09-30_11-21-24_0000039_00001070.png,USV,2024-09-30_11-21-24_0000039.wav
2024-09-30_11-18-57_0000006_00000117,data/experiment_dataset/spectrograms/2024-09-30_11-18-57_0000006_00000117.png,USV,2024-09-30_11-18-57_0000006.wav
2024-09-30_11-19-00_0000007_00002569,data/experiment_dataset/spectrograms/2024-09-30_11-19-00_0000007_00002569.png,USV,2024-09-30_11-19-00_0000007.wav
2024-09-30_11-19-16_0000011_noise_16813d2b,data/experiment_dataset/spectrograms/2024-09-30_11-19-16_0000011_noise_16813d2b.png,Not USV,2024-09-30_11-19-16_0000011.wav
2024-09-30_11-21-26_0000040_00001440,data/experiment_dataset/spectrograms/2024-09-30_11-21-26_0000040_00001440.png,Not USV,2024-09-30_11-21-26_0000040.wav
2024-09-30_11-18-34_0000004_00006324,data/experiment_dataset/spectrograms/2024-09-30_11-18-34_0000004_00006324.png,USV,2024-09-30_11-18-34_0000004.wav
2024-09-30_11-20-03_0000019_noise_84f237ac,data/experiment_dataset/spectrograms/2024-09-30_11-20-03_0000019_noise_84f237ac.png,Not USV,2024-09-30_11-20-03_0000019.wav
2024-09-30_11-18-34_0000004_00006043,data/experiment_dataset/spectrograms/2024-09-30_11-18-34_0000004_00006043.png,USV,2024-09-30_11-18-34_0000004.wav
2024-09-30_11-21-01_0000034_00004815,data/experiment_dataset/spectrograms/2024-09-30_11-21-01_0000034_00004815.png,USV,2024-09-30_11-21-01_0000034.wav
random_neg_00089,data/experiment_dataset/spectrograms/random_neg_00089.png,Not USV,2024-09-30_11-21-44_0000045.wav
random_neg_00052,data/experiment_dataset/spectrograms/random_neg_00052.png,Not USV,2024-09-30_11-20-34_0000026.wav
random_neg_00035,data/experiment_dataset/spectrograms/random_neg_00035.png,Not USV,2024-09-30_11-19-58_0000018.wav
2024-09-30_11-20-41_0000029_noise_a05703fd,data/experiment_dataset/spectrograms/2024-09-30_11-20-41_0000029_noise_a05703fd.png,Not USV,2024-09-30_11-20-41_0000029.wav
2024-09-30_11-18-27_0000003_noise_fae1069d,data/experiment_dataset/spectrograms/2024-09-30_11-18-27_0000003_noise_fae1069d.png,Not USV,2024-09-30_11-18-27_0000003.wav
2024-09-30_11-21-01_0000034_noise_ddc4c6b1,data/experiment_dataset/spectrograms/2024-09-30_11-21-01_0000034_noise_ddc4c6b1.png,Not USV,2024-09-30_11-21-01_0000034.wav
2024-09-30_11-18-34_0000004_00006599,data/experiment_dataset/spectrograms/2024-09-30_11-18-34_0000004_00006599.png,USV,2024-09-30_11-18-34_0000004.wav
2024-09-30_11-18-17_0000001_00002458,data/experiment_dataset/spectrograms/2024-09-30_11-18-17_0000001_00002458.png,USV,2024-09-30_11-18-17_0000001.wav
2024-09-30_11-21-26_0000040_00000218,data/experiment_dataset/spectrograms/2024-09-30_11-21-26_0000040_00000218.png,USV,2024-09-30_11-21-26_0000040.wav
2024-09-30_11-21-07_0000035_noise_0f73db2e,data/experiment_dataset/spectrograms/2024-09-30_11-21-07_0000035_noise_0f73db2e.png,Not USV,2024-09-30_11-21-07_0000035.wav
2024-09-30_11-18-27_0000003_00002874,data/experiment_dataset/spectrograms/2024-09-30_11-18-27_0000003_00002874.png,USV,2024-09-30_11-18-27_0000003.wav
2024-09-30_11-18-27_0000003_00002505,data/experiment_dataset/spectrograms/2024-09-30_11-18-27_0000003_00002505.png,USV,2024-09-30_11-18-27_0000003.wav
2024-09-30_11-21-01_0000034_00002388,data/experiment_dataset/spectrograms/2024-09-30_11-21-01_0000034_00002388.png,USV,2024-09-30_11-21-01_0000034.wav
2024-09-30_11-19-16_0000011_00002106,data/experiment_dataset/spectrograms/2024-09-30_11-19-16_0000011_00002106.png,USV,2024-09-30_11-19-16_0000011.wav
2024-09-30_11-21-40_0000044_00003001,data/experiment_dataset/spectrograms/2024-09-30_11-21-40_0000044_00003001.png,USV,2024-09-30_11-21-40_0000044.wav
2024-09-30_11-21-28_0000041_noise_f6f87fc0,data/experiment_dataset/spectrograms/2024-09-30_11-21-28_0000041_noise_f6f87fc0.png,Not USV,2024-09-30_11-21-28_0000041.wav
2024-09-30_11-20-53_0000032_noise_ba09b299,data/experiment_dataset/spectrograms/2024-09-30_11-20-53_0000032_noise_ba09b299.png,Not USV,2024-09-30_11-20-53_0000032.wav
2024-09-30_11-19-31_0000013_noise_e2a0c900,data/experiment_dataset/spectrograms/2024-09-30_11-19-31_0000013_noise_e2a0c900.png,Not USV,2024-09-30_11-19-31_0000013.wav
2024-09-30_11-18-34_0000004_00008151,data/experiment_dataset/spectrograms/2024-09-30_11-18-34_0000004_00008151.png,USV,2024-09-30_11-18-34_0000004.wav
2024-09-30_11-21-34_0000043_00001413,data/experiment_dataset/spectrograms/2024-09-30_11-21-34_0000043_00001413.png,USV,2024-09-30_11-21-34_0000043.wav
2024-09-30_11-19-19_0000012_00001843,data/experiment_dataset/spectrograms/2024-09-30_11-19-19_0000012_00001843.png,USV,2024-09-30_11-19-19_0000012.wav
2024-09-30_11-21-30_0000042_00001899,data/experiment_dataset/spectrograms/2024-09-30_11-21-30_0000042_00001899.png,USV,2024-09-30_11-21-30_0000042.wav
2024-09-30_11-21-30_0000042_noise_5c4710c6,data/experiment_dataset/spectrograms/2024-09-30_11-21-30_0000042_noise_5c4710c6.png,Not USV,2024-09-30_11-21-30_0000042.wav
2024-09-30_11-21-30_0000042_noise_c91d1237,data/experiment_dataset/spectrograms/2024-09-30_11-21-30_0000042_noise_c91d1237.png,Not USV,2024-09-30_11-21-30_0000042.wav
2024-09-30_11-20-09_0000021_noise_798dd330,data/experiment_dataset/spectrograms/2024-09-30_11-20-09_0000021_noise_798dd330.png,Not USV,2024-09-30_11-20-09_0000021.wav
2024-09-30_11-19-19_0000012_00001740,data/experiment_dataset/spectrograms/2024-09-30_11-19-19_0000012_00001740.png,USV,2024-09-30_11-19-19_0000012.wav
2024-09-30_11-21-24_0000039_00002105,data/experiment_dataset/spectrograms/2024-09-30_11-21-24_0000039_00002105.png,Not USV,2024-09-30_11-21-24_0000039.wav
2024-09-30_11-18-17_0000001_noise_4b2f801c,data/experiment_dataset/spectrograms/2024-09-30_11-18-17_0000001_noise_4b2f801c.png,Not USV,2024-09-30_11-18-17_0000001.wav
2024-09-30_11-20-32_0000025_noise_582ddc41,data/experiment_dataset/spectrograms/2024-09-30_11-20-32_0000025_noise_582ddc41.png,Not USV,2024-09-30_11-20-32_0000025.wav
2024-09-30_11-20-56_0000033_noise_292bde04,data/experiment_dataset/spectrograms/2024-09-30_11-20-56_0000033_noise_292bde04.png,Not USV,2024-09-30_11-20-56_0000033.wav
2024-09-30_11-21-22_0000038_00001003,data/experiment_dataset/spectrograms/2024-09-30_11-21-22_0000038_00001003.png,USV,2024-09-30_11-21-22_0000038.wav
2024-09-30_11-20-29_0000024_00001294,data/experiment_dataset/spectrograms/2024-09-30_11-20-29_0000024_00001294.png,USV,2024-09-30_11-20-29_0000024.wav
2024-09-30_11-20-32_0000025_noise_748325bd,data/experiment_dataset/spectrograms/2024-09-30_11-20-32_0000025_noise_748325bd.png,Not USV,2024-09-30_11-20-32_0000025.wav
2024-09-30_11-21-01_0000034_00004042,data/experiment_dataset/spectrograms/2024-09-30_11-21-01_0000034_00004042.png,USV,2024-09-30_11-21-01_0000034.wav
2024-09-30_11-21-07_0000035_noise_4d25da19,data/experiment_dataset/spectrograms/2024-09-30_11-21-07_0000035_noise_4d25da19.png,Not USV,2024-09-30_11-21-07_0000035.wav
2024-09-30_11-18-17_0000001_00002973,data/experiment_dataset/spectrograms/2024-09-30_11-18-17_0000001_00002973.png,USV,2024-09-30_11-18-17_0000001.wav
2024-09-30_11-18-17_0000001_00001076,data/experiment_dataset/spectrograms/2024-09-30_11-18-17_0000001_00001076.png,USV,2024-09-30_11-18-17_0000001.wav
2024-09-30_11-21-07_0000035_noise_d0cf6a34,data/experiment_dataset/spectrograms/2024-09-30_11-21-07_0000035_noise_d0cf6a34.png,Not USV,2024-09-30_11-21-07_0000035.wav
2024-09-30_11-20-29_0000024_00001005,data/experiment_dataset/spectrograms/2024-09-30_11-20-29_0000024_00001005.png,USV,2024-09-30_11-20-29_0000024.wav
2024-09-30_11-21-07_0000035_noise_98c49b06,data/experiment_dataset/spectrograms/2024-09-30_11-21-07_0000035_noise_98c49b06.png,Not USV,2024-09-30_11-21-07_0000035.wav
2024-09-30_11-19-54_0000016_noise_1d2f2ed6,data/experiment_dataset/spectrograms/2024-09-30_11-19-54_0000016_noise_1d2f2ed6.png,Not USV,2024-09-30_11-19-54_0000016.wav
random_neg_00013,data/experiment_dataset/spectrograms/random_neg_00013.png,Not USV,2024-09-30_11-19-00_0000007.wav
random_neg_00062,data/experiment_dataset/spectrograms/random_neg_00062.png,Not USV,2024-09-30_11-20-48_0000031.wav
2024-09-30_11-21-24_0000039_00001570,data/experiment_dataset/spectrograms/2024-09-30_11-21-24_0000039_00001570.png,USV,2024-09-30_11-21-24_0000039.wav
2024-09-30_11-20-03_0000019_00001132,data/experiment_dataset/spectrograms/2024-09-30_11-20-03_0000019_00001132.png,USV,2024-09-30_11-20-03_0000019.wav
2024-09-30_11-19-19_0000012_00001958,data/experiment_dataset/spectrograms/2024-09-30_11-19-19_0000012_00001958.png,USV,2024-09-30_11-19-19_0000012.wav
2024-09-30_11-20-41_0000029_00002342,data/experiment_dataset/spectrograms/2024-09-30_11-20-41_0000029_00002342.png,USV,2024-09-30_11-20-41_0000029.wav
2024-09-30_11-21-22_0000038_noise_4bc64e4c,data/experiment_dataset/spectrograms/2024-09-30_11-21-22_0000038_noise_4bc64e4c.png,Not USV,2024-09-30_11-21-22_0000038.wav
2024-09-30_11-21-01_0000034_00001781,data/experiment_dataset/spectrograms/2024-09-30_11-21-01_0000034_00001781.png,USV,2024-09-30_11-21-01_0000034.wav
2024-09-30_11-19-09_0000008_noise_31a7cdfe,data/experiment_dataset/spectrograms/2024-09-30_11-19-09_0000008_noise_31a7cdfe.png,Not USV,2024-09-30_11-19-09_0000008.wav
2024-09-30_11-18-17_0000001_00001844,data/experiment_dataset/spectrograms/2024-09-30_11-18-17_0000001_00001844.png,USV,2024-09-30_11-18-17_0000001.wav
2024-09-30_11-20-26_0000023_00000919,data/experiment_dataset/spectrograms/2024-09-30_11-20-26_0000023_00000919.png,USV,2024-09-30_11-20-26_0000023.wav
2024-09-30_11-18-17_0000001_00003799,data/experiment_dataset/spectrograms/2024-09-30_11-18-17_0000001_00003799.png,USV,2024-09-30_11-18-17_0000001.wav
2024-09-30_11-21-07_0000035_00004957,data/experiment_dataset/spectrograms/2024-09-30_11-21-07_0000035_00004957.png,USV,2024-09-30_11-21-07_0000035.wav
2024-09-30_11-20-03_0000019_00001007,data/experiment_dataset/spectrograms/2024-09-30_11-20-03_0000019_00001007.png,USV,2024-09-30_11-20-03_0000019.wav
2024-09-30_11-21-40_0000044_noise_8c0aab73,data/experiment_dataset/spectrograms/2024-09-30_11-21-40_0000044_noise_8c0aab73.png,Not USV,2024-09-30_11-21-40_0000044.wav
2024-09-30_11-21-22_0000038_noise_59f2263a,data/experiment_dataset/spectrograms/2024-09-30_11-21-22_0000038_noise_59f2263a.png,Not USV,2024-09-30_11-21-22_0000038.wav
random_neg_00084,data/experiment_dataset/spectrograms/random_neg_00084.png,Not USV,2024-09-30_11-21-30_0000042.wav
random_neg_00063,data/experiment_dataset/spectrograms/random_neg_00063.png,Not USV,2024-09-30_11-20-53_0000032.wav
2024-09-30_11-21-07_0000035_00001256,data/experiment_dataset/spectrograms/2024-09-30_11-21-07_0000035_00001256.png,USV,2024-09-30_11-21-07_0000035.wav
2024-09-30_11-21-34_0000043_00003034,data/experiment_dataset/spectrograms/2024-09-30_11-21-34_0000043_00003034.png,USV,2024-09-30_11-21-34_0000043.wav
2024-09-30_11-19-31_0000013_noise_dd0d7cc6,data/experiment_dataset/spectrograms/2024-09-30_11-19-31_0000013_noise_dd0d7cc6.png,Not USV,2024-09-30_11-19-31_0000013.wav
2024-09-30_11-21-07_0000035_noise_018940cc,data/experiment_dataset/spectrograms/2024-09-30_11-21-07_0000035_noise_018940cc.png,Not USV,2024-09-30_11-21-07_0000035.wav
2024-09-30_11-18-34_0000004_noise_f6d38125,data/experiment_dataset/spectrograms/2024-09-30_11-18-34_0000004_noise_f6d38125.png,Not USV,2024-09-30_11-18-34_0000004.wav
2024-09-30_11-19-31_0000013_00001617,data/experiment_dataset/spectrograms/2024-09-30_11-19-31_0000013_00001617.png,Not USV,2024-09-30_11-19-31_0000013.wav
2024-09-30_11-21-18_0000037_noise_ffe03ff6,data/experiment_dataset/spectrograms/2024-09-30_11-21-18_0000037_noise_ffe03ff6.png,Not USV,2024-09-30_11-21-18_0000037.wav
2024-09-30_11-18-17_0000001_noise_3b6bd41a,data/experiment_dataset/spectrograms/2024-09-30_11-18-17_0000001_noise_3b6bd41a.png,Not USV,2024-09-30_11-18-17_0000001.wav
2024-09-30_11-20-07_0000020_00001790,data/experiment_dataset/spectrograms/2024-09-30_11-20-07_0000020_00001790.png,USV,2024-09-30_11-20-07_0000020.wav
2024-09-30_11-18-34_0000004_00006503,data/experiment_dataset/spectrograms/2024-09-30_11-18-34_0000004_00006503.png,USV,2024-09-30_11-18-34_0000004.wav
2024-09-30_11-19-55_0000017_noise_83b3c6dd,data/experiment_dataset/spectrograms/2024-09-30_11-19-55_0000017_noise_83b3c6dd.png,Not USV,2024-09-30_11-19-55_0000017.wav
random_neg_00026,data/experiment_dataset/spectrograms/random_neg_00026.png,Not USV,2024-09-30_11-19-31_0000013.wav
2024-09-30_11-21-14_0000036_noise_57ff7c46,data/experiment_dataset/spectrograms/2024-09-30_11-21-14_0000036_noise_57ff7c46.png,Not USV,2024-09-30_11-21-14_0000036.wav
2024-09-30_11-21-07_0000035_noise_415bad95,data/experiment_dataset/spectrograms/2024-09-30_11-21-07_0000035_noise_415bad95.png,Not USV,2024-09-30_11-21-07_0000035.wav
2024-09-30_11-20-41_0000029_00001811,data/experiment_dataset/spectrograms/2024-09-30_11-20-41_0000029_00001811.png,USV,2024-09-30_11-20-41_0000029.wav
2024-09-30_11-19-19_0000012_00003475,data/experiment_dataset/spectrograms/2024-09-30_11-19-19_0000012_00003475.png,USV,2024-09-30_11-19-19_0000012.wav
2024-09-30_11-20-41_0000029_noise_d4c7051d,data/experiment_dataset/spectrograms/2024-09-30_11-20-41_0000029_noise_d4c7051d.png,Not USV,2024-09-30_11-20-41_0000029.wav
2024-09-30_11-20-56_0000033_noise_69834143,data/experiment_dataset/spectrograms/2024-09-30_11-20-56_0000033_noise_69834143.png,Not USV,2024-09-30_11-20-56_0000033.wav
2024-09-30_11-21-34_0000043_00004026,data/experiment_dataset/spectrograms/2024-09-30_11-21-34_0000043_00004026.png,USV,2024-09-30_11-21-34_0000043.wav
random_neg_00080,data/experiment_dataset/spectrograms/random_neg_00080.png,Not USV,2024-09-30_11-21-26_0000040.wav
2024-09-30_11-19-15_0000010_00001501,data/experiment_dataset/spectrograms/2024-09-30_11-19-15_0000010_00001501.png,Not USV,2024-09-30_11-19-15_0000010.wav
2024-09-30_11-18-34_0000004_00003119,data/experiment_dataset/spectrograms/2024-09-30_11-18-34_0000004_00003119.png,USV,2024-09-30_11-18-34_0000004.wav
2024-09-30_11-18-25_0000002_noise_2d5fb8e6,data/experiment_dataset/spectrograms/2024-09-30_11-18-25_0000002_noise_2d5fb8e6.png,Not USV,2024-09-30_11-18-25_0000002.wav
2024-09-30_11-19-09_0000008_noise_cc224a41,data/experiment_dataset/spectrograms/2024-09-30_11-19-09_0000008_noise_cc224a41.png,Not USV,2024-09-30_11-19-09_0000008.wav
2024-09-30_11-21-07_0000035_noise_3d66dbc5,data/experiment_dataset/spectrograms/2024-09-30_11-21-07_0000035_noise_3d66dbc5.png,Not USV,2024-09-30_11-21-07_0000035.wav
2024-09-30_11-20-32_0000025_00002505,data/experiment_dataset/spectrograms/2024-09-30_11-20-32_0000025_00002505.png,USV,2024-09-30_11-20-32_0000025.wav
2024-09-30_11-18-34_0000004_00001967,data/experiment_dataset/spectrograms/2024-09-30_11-18-34_0000004_00001967.png,USV,2024-09-30_11-18-34_0000004.wav
2024-09-30_11-18-17_0000001_noise_57c82955,data/experiment_dataset/spectrograms/2024-09-30_11-18-17_0000001_noise_57c82955.png,Not USV,2024-09-30_11-18-17_0000001.wav
2024-09-30_11-21-18_0000037_noise_64c38a9a,data/experiment_dataset/spectrograms/2024-09-30_11-21-18_0000037_noise_64c38a9a.png,Not USV,2024-09-30_11-21-18_0000037.wav
2024-09-30_11-19-00_0000007_noise_b344d001,data/experiment_dataset/spectrograms/2024-09-30_11-19-00_0000007_noise_b344d001.png,Not USV,2024-09-30_11-19-00_0000007.wav
2024-09-30_11-19-19_0000012_00004557,data/experiment_dataset/spectrograms/2024-09-30_11-19-19_0000012_00004557.png,USV,2024-09-30_11-19-19_0000012.wav
2024-09-30_11-20-32_0000025_00001742,data/experiment_dataset/spectrograms/2024-09-30_11-20-32_0000025_00001742.png,USV,2024-09-30_11-20-32_0000025.wav
2024-09-30_11-20-07_0000020_00001696,data/experiment_dataset/spectrograms/2024-09-30_11-20-07_0000020_00001696.png,USV,2024-09-30_11-20-07_0000020.wav
2024-09-30_11-19-00_0000007_noise_bd9d8061,data/experiment_dataset/spectrograms/2024-09-30_11-19-00_0000007_noise_bd9d8061.png,Not USV,2024-09-30_11-19-00_0000007.wav
2024-09-30_11-19-00_0000007_00003824,data/experiment_dataset/spectrograms/2024-09-30_11-19-00_0000007_00003824.png,USV,2024-09-30_11-19-00_0000007.wav
2024-09-30_11-21-14_0000036_noise_859d209d,data/experiment_dataset/spectrograms/2024-09-30_11-21-14_0000036_noise_859d209d.png,Not USV,2024-09-30_11-21-14_0000036.wav
2024-09-30_11-19-19_0000012_noise_7095e40e,data/experiment_dataset/spectrograms/2024-09-30_11-19-19_0000012_noise_7095e40e.png,Not USV,2024-09-30_11-19-19_0000012.wav
2024-09-30_11-19-54_0000016_noise_895b0a33,data/experiment_dataset/spectrograms/2024-09-30_11-19-54_0000016_noise_895b0a33.png,Not USV,2024-09-30_11-19-54_0000016.wav
2024-09-30_11-19-54_0000016_noise_007bb63b,data/experiment_dataset/spectrograms/2024-09-30_11-19-54_0000016_noise_007bb63b.png,Not USV,2024-09-30_11-19-54_0000016.wav
2024-09-30_11-19-00_0000007_00005199,data/experiment_dataset/spectrograms/2024-09-30_11-19-00_0000007_00005199.png,USV,2024-09-30_11-19-00_0000007.wav
2024-09-30_11-19-00_0000007_00003277,data/experiment_dataset/spectrograms/2024-09-30_11-19-00_0000007_00003277.png,USV,2024-09-30_11-19-00_0000007.wav
2024-09-30_11-18-57_0000006_noise_f16b2fbb,data/experiment_dataset/spectrograms/2024-09-30_11-18-57_0000006_noise_f16b2fbb.png,Not USV,2024-09-30_11-18-57_0000006.wav
2024-09-30_11-18-34_0000004_noise_093264af,data/experiment_dataset/spectrograms/2024-09-30_11-18-34_0000004_noise_093264af.png,Not USV,2024-09-30_11-18-34_0000004.wav
2024-09-30_11-18-27_0000003_00005078,data/experiment_dataset/spectrograms/2024-09-30_11-18-27_0000003_00005078.png,USV,2024-09-30_11-18-27_0000003.wav
2024-09-30_11-21-07_0000035_noise_3af8d08b,data/experiment_dataset/spectrograms/2024-09-30_11-21-07_0000035_noise_3af8d08b.png,Not USV,2024-09-30_11-21-07_0000035.wav
random_neg_00015,data/experiment_dataset/spectrograms/random_neg_00015.png,Not USV,2024-09-30_11-19-09_0000008.wav
2024-09-30_11-21-14_0000036_00001046,data/experiment_dataset/spectrograms/2024-09-30_11-21-14_0000036_00001046.png,USV,2024-09-30_11-21-14_0000036.wav
2024-09-30_11-20-32_0000025_00001136,data/experiment_dataset/spectrograms/2024-09-30_11-20-32_0000025_00001136.png,USV,2024-09-30_11-20-32_0000025.wav
2024-09-30_11-18-27_0000003_00003761,data/experiment_dataset/spectrograms/2024-09-30_11-18-27_0000003_00003761.png,USV,2024-09-30_11-18-27_0000003.wav
2024-09-30_11-21-07_0000035_00003616,data/experiment_dataset/spectrograms/2024-09-30_11-21-07_0000035_00003616.png,USV,2024-09-30_11-21-07_0000035.wav
2024-09-30_11-19-19_0000012_00006165,data/experiment_dataset/spectrograms/2024-09-30_11-19-19_0000012_00006165.png,USV,2024-09-30_11-19-19_0000012.wav
random_neg_00100,data/experiment_dataset/spectrograms/random_neg_00100.png,Not USV,2024-09-30_11-22-01_0000050.wav
2024-09-30_11-21-07_0000035_noise_16966d69,data/experiment_dataset/spectrograms/2024-09-30_11-21-07_0000035_noise_16966d69.png,Not USV,2024-09-30_11-21-07_0000035.wav
2024-09-30_11-21-40_0000044_noise_3cd44a1e,data/experiment_dataset/spectrograms/2024-09-30_11-21-40_0000044_noise_3cd44a1e.png,Not USV,2024-09-30_11-21-40_0000044.wav
2024-09-30_11-20-29_0000024_00002674,data/experiment_dataset/spectrograms/2024-09-30_11-20-29_0000024_00002674.png,USV,2024-09-30_11-20-29_0000024.wav
2024-09-30_11-21-40_0000044_00002905,data/experiment_dataset/spectrograms/2024-09-30_11-21-40_0000044_00002905.png,USV,2024-09-30_11-21-40_0000044.wav
2024-09-30_11-18-17_0000001_noise_40c354f6,data/experiment_dataset/spectrograms/2024-09-30_11-18-17_0000001_noise_40c354f6.png,Not USV,2024-09-30_11-18-17_0000001.wav
2024-09-30_11-20-53_0000032_00002752,data/experiment_dataset/spectrograms/2024-09-30_11-20-53_0000032_00002752.png,Not USV,2024-09-30_11-20-53_0000032.wav
2024-09-30_11-21-07_0000035_00001386,data/experiment_dataset/spectrograms/2024-09-30_11-21-07_0000035_00001386.png,Not USV,2024-09-30_11-21-07_0000035.wav
random_neg_00068,data/experiment_dataset/spectrograms/random_neg_00068.png,Not USV,2024-09-30_11-21-01_0000034.wav
2024-09-30_11-19-15_0000010_00000452,data/experiment_dataset/spectrograms/2024-09-30_11-19-15_0000010_00000452.png,USV,2024-09-30_11-19-15_0000010.wav
2024-09-30_11-19-00_0000007_00005022,data/experiment_dataset/spectrograms/2024-09-30_11-19-00_0000007_00005022.png,USV,2024-09-30_11-19-00_0000007.wav
2024-09-30_11-20-26_0000023_noise_da49f55f,data/experiment_dataset/spectrograms/2024-09-30_11-20-26_0000023_noise_da49f55f.png,Not USV,2024-09-30_11-20-26_0000023.wav
2024-09-30_11-18-27_0000003_00004177,data/experiment_dataset/spectrograms/2024-09-30_11-18-27_0000003_00004177.png,USV,2024-09-30_11-18-27_0000003.wav
2024-09-30_11-21-07_0000035_00004448,data/experiment_dataset/spectrograms/2024-09-30_11-21-07_0000035_00004448.png,USV,2024-09-30_11-21-07_0000035.wav
random_neg_00030,data/experiment_dataset/spectrograms/random_neg_00030.png,Not USV,2024-09-30_11-19-38_0000015.wav
2024-09-30_11-19-09_0000008_00001978,data/experiment_dataset/spectrograms/2024-09-30_11-19-09_0000008_00001978.png,USV,2024-09-30_11-19-09_0000008.wav
2024-09-30_11-18-57_0000006_noise_2f355263,data/experiment_dataset/spectrograms/2024-09-30_11-18-57_0000006_noise_2f355263.png,Not USV,2024-09-30_11-18-57_0000006.wav
2024-09-30_11-21-26_0000040_00000898,data/experiment_dataset/spectrograms/2024-09-30_11-21-26_0000040_00000898.png,Not USV,2024-09-30_11-21-26_0000040.wav
2024-09-30_11-21-14_0000036_noise_8fff0d9b,data/experiment_dataset/spectrograms/2024-09-30_11-21-14_0000036_noise_8fff0d9b.png,Not USV,2024-09-30_11-21-14_0000036.wav
2024-09-30_11-21-01_0000034_00001460,data/experiment_dataset/spectrograms/2024-09-30_11-21-01_0000034_00001460.png,USV,2024-09-30_11-21-01_0000034.wav
2024-09-30_11-18-17_0000001_00003440,data/experiment_dataset/spectrograms/2024-09-30_11-18-17_0000001_00003440.png,USV,2024-09-30_11-18-17_0000001.wav
2024-09-30_11-20-53_0000032_noise_c96ca020,data/experiment_dataset/spectrograms/2024-09-30_11-20-53_0000032_noise_c96ca020.png,Not USV,2024-09-30_11-20-53_0000032.wav
2024-09-30_11-20-29_0000024_noise_e60dfefa,data/experiment_dataset/spectrograms/2024-09-30_11-20-29_0000024_noise_e60dfefa.png,Not USV,2024-09-30_11-20-29_0000024.wav
random_neg_00078,data/experiment_dataset/spectrograms/random_neg_00078.png,Not USV,2024-09-30_11-21-24_0000039.wav
2024-09-30_11-21-26_0000040_00001284,data/experiment_dataset/spectrograms/2024-09-30_11-21-26_0000040_00001284.png,USV,2024-09-30_11-21-26_0000040.wav
2024-09-30_11-20-03_0000019_noise_bcf7eae4,data/experiment_dataset/spectrograms/2024-09-30_11-20-03_0000019_noise_bcf7eae4.png,Not USV,2024-09-30_11-20-03_0000019.wav
2024-09-30_11-21-07_0000035_noise_d5e6e097,data/experiment_dataset/spectrograms/2024-09-30_11-21-07_0000035_noise_d5e6e097.png,Not USV,2024-09-30_11-21-07_0000035.wav
2024-09-30_11-18-25_0000002_00001038,data/experiment_dataset/spectrograms/2024-09-30_11-18-25_0000002_00001038.png,Not USV,2024-09-30_11-18-25_0000002.wav
2024-09-30_11-19-19_0000012_00001450,data/experiment_dataset/spectrograms/2024-09-30_11-19-19_0000012_00001450.png,USV,2024-09-30_11-19-19_0000012.wav
2024-09-30_11-20-26_0000023_00000087,data/experiment_dataset/spectrograms/2024-09-30_11-20-26_0000023_00000087.png,USV,2024-09-30_11-20-26_0000023.wav
2024-09-30_11-21-01_0000034_noise_ad3e104e,data/experiment_dataset/spectrograms/2024-09-30_11-21-01_0000034_noise_ad3e104e.png,Not USV,2024-09-30_11-21-01_0000034.wav
2024-09-30_11-21-40_0000044_noise_8f81641e,data/experiment_dataset/spectrograms/2024-09-30_11-21-40_0000044_noise_8f81641e.png,Not USV,2024-09-30_11-21-40_0000044.wav
2024-09-30_11-19-31_0000013_noise_2c5eda03,data/experiment_dataset/spectrograms/2024-09-30_11-19-31_0000013_noise_2c5eda03.png,Not USV,2024-09-30_11-19-31_0000013.wav
2024-09-30_11-21-18_0000037_noise_d4affc93,data/experiment_dataset/spectrograms/2024-09-30_11-21-18_0000037_noise_d4affc93.png,Not USV,2024-09-30_11-21-18_0000037.wav
2024-09-30_11-19-15_0000010_00001915,data/experiment_dataset/spectrograms/2024-09-30_11-19-15_0000010_00001915.png,Not USV,2024-09-30_11-19-15_0000010.wav
2024-09-30_11-20-41_0000029_00002093,data/experiment_dataset/spectrograms/2024-09-30_11-20-41_0000029_00002093.png,USV,2024-09-30_11-20-41_0000029.wav
2024-09-30_11-21-01_0000034_noise_503f3aa1,data/experiment_dataset/spectrograms/2024-09-30_11-21-01_0000034_noise_503f3aa1.png,Not USV,2024-09-30_11-21-01_0000034.wav
2024-09-30_11-20-53_0000032_noise_b457f7bc,data/experiment_dataset/spectrograms/2024-09-30_11-20-53_0000032_noise_b457f7bc.png,Not USV,2024-09-30_11-20-53_0000032.wav
2024-09-30_11-19-19_0000012_noise_1302887b,data/experiment_dataset/spectrograms/2024-09-30_11-19-19_0000012_noise_1302887b.png,Not USV,2024-09-30_11-19-19_0000012.wav
2024-09-30_11-18-17_0000001_00003106,data/experiment_dataset/spectrograms/2024-09-30_11-18-17_0000001_00003106.png,USV,2024-09-30_11-18-17_0000001.wav
2024-09-30_11-19-00_0000007_00005280,data/experiment_dataset/spectrograms/2024-09-30_11-19-00_0000007_00005280.png,USV,2024-09-30_11-19-00_0000007.wav
2024-09-30_11-21-01_0000034_00001676,data/experiment_dataset/spectrograms/2024-09-30_11-21-01_0000034_00001676.png,USV,2024-09-30_11-21-01_0000034.wav
2024-09-30_11-20-26_0000023_00001783,data/experiment_dataset/spectrograms/2024-09-30_11-20-26_0000023_00001783.png,USV,2024-09-30_11-20-26_0000023.wav
2024-09-30_11-21-34_0000043_noise_1a15fe18,data/experiment_dataset/spectrograms/2024-09-30_11-21-34_0000043_noise_1a15fe18.png,Not USV,2024-09-30_11-21-34_0000043.wav
random_neg_00066,data/experiment_dataset/spectrograms/random_neg_00066.png,Not USV,2024-09-30_11-20-56_0000033.wav
2024-09-30_11-19-19_0000012_00004790,data/experiment_dataset/spectrograms/2024-09-30_11-19-19_0000012_00004790.png,USV,2024-09-30_11-19-19_0000012.wav
2024-09-30_11-19-00_0000007_00003107,data/experiment_dataset/spectrograms/2024-09-30_11-19-00_0000007_00003107.png,USV,2024-09-30_11-19-00_0000007.wav
2024-09-30_11-21-07_0000035_noise_8b414062,data/experiment_dataset/spectrograms/2024-09-30_11-21-07_0000035_noise_8b414062.png,Not USV,2024-09-30_11-21-07_0000035.wav
2024-09-30_11-19-19_0000012_00002066,data/experiment_dataset/spectrograms/2024-09-30_11-19-19_0000012_00002066.png,USV,2024-09-30_11-19-19_0000012.wav
2024-09-30_11-20-53_0000032_00002252,data/experiment_dataset/spectrograms/2024-09-30_11-20-53_0000032_00002252.png,USV,2024-09-30_11-20-53_0000032.wav
2024-09-30_11-19-54_0000016_noise_2ac124ad,data/experiment_dataset/spectrograms/2024-09-30_11-19-54_0000016_noise_2ac124ad.png,Not USV,2024-09-30_11-19-54_0000016.wav
2024-09-30_11-19-00_0000007_noise_0b8186b6,data/experiment_dataset/spectrograms/2024-09-30_11-19-00_0000007_noise_0b8186b6.png,Not USV,2024-09-30_11-19-00_0000007.wav
2024-09-30_11-21-01_0000034_noise_5f9d2086,data/experiment_dataset/spectrograms/2024-09-30_11-21-01_0000034_noise_5f9d2086.png,Not USV,2024-09-30_11-21-01_0000034.wav
2024-09-30_11-18-27_0000003_noise_2b97e070,data/experiment_dataset/spectrograms/2024-09-30_11-18-27_0000003_noise_2b97e070.png,Not USV,2024-09-30_11-18-27_0000003.wav
2024-09-30_11-21-34_0000043_noise_88aa26dd,data/experiment_dataset/spectrograms/2024-09-30_11-21-34_0000043_noise_88aa26dd.png,Not USV,2024-09-30_11-21-34_0000043.wav
2024-09-30_11-19-19_0000012_noise_ce5de4e8,data/experiment_dataset/spectrograms/2024-09-30_11-19-19_0000012_noise_ce5de4e8.png,Not USV,2024-09-30_11-19-19_0000012.wav
random_neg_00085,data/experiment_dataset/spectrograms/random_neg_00085.png,Not USV,2024-09-30_11-21-34_0000043.wav
2024-09-30_11-18-27_0000003_00003588,data/experiment_dataset/spectrograms/2024-09-30_11-18-27_0000003_00003588.png,USV,2024-09-30_11-18-27_0000003.wav
random_neg_00012,data/experiment_dataset/spectrograms/random_neg_00012.png,Not USV,2024-09-30_11-18-57_0000006.wav
2024-09-30_11-19-16_0000011_00000222,data/experiment_dataset/spectrograms/2024-09-30_11-19-16_0000011_00000222.png,Not USV,2024-09-30_11-19-16_0000011.wav
2024-09-30_11-19-19_0000012_noise_163eeb01,data/experiment_dataset/spectrograms/2024-09-30_11-19-19_0000012_noise_163eeb01.png,Not USV,2024-09-30_11-19-19_0000012.wav
2024-09-30_11-19-19_0000012_00000783,data/experiment_dataset/spectrograms/2024-09-30_11-19-19_0000012_00000783.png,Not USV,2024-09-30_11-19-19_0000012.wav
2024-09-30_11-18-17_0000001_00003075,data/experiment_dataset/spectrograms/2024-09-30_11-18-17_0000001_00003075.png,USV,2024-09-30_11-18-17_0000001.wav
2024-09-30_11-19-19_0000012_noise_6456e69a,data/experiment_dataset/spectrograms/2024-09-30_11-19-19_0000012_noise_6456e69a.png,Not USV,2024-09-30_11-19-19_0000012.wav
2024-09-30_11-18-27_0000003_00003959,data/experiment_dataset/spectrograms/2024-09-30_11-18-27_0000003_00003959.png,USV,2024-09-30_11-18-27_0000003.wav
random_neg_00072,data/experiment_dataset/spectrograms/random_neg_00072.png,Not USV,2024-09-30_11-21-14_0000036.wav
2024-09-30_11-21-07_0000035_noise_4ca74f0e,data/experiment_dataset/spectrograms/2024-09-30_11-21-07_0000035_noise_4ca74f0e.png,Not USV,2024-09-30_11-21-07_0000035.wav
2024-09-30_11-19-19_0000012_noise_a148340e,data/experiment_dataset/spectrograms/2024-09-30_11-19-19_0000012_noise_a148340e.png,Not USV,2024-09-30_11-19-19_0000012.wav
2024-09-30_11-18-27_0000003_noise_50782a60,data/experiment_dataset/spectrograms/2024-09-30_11-18-27_0000003_noise_50782a60.png,Not USV,2024-09-30_11-18-27_0000003.wav
2024-09-30_11-19-00_0000007_noise_6e029c81,data/experiment_dataset/spectrograms/2024-09-30_11-19-00_0000007_noise_6e029c81.png,Not USV,2024-09-30_11-19-00_0000007.wav
2024-09-30_11-20-41_0000029_00001716,data/experiment_dataset/spectrograms/2024-09-30_11-20-41_0000029_00001716.png,USV,2024-09-30_11-20-41_0000029.wav
2024-09-30_11-19-00_0000007_noise_05163efc,data/experiment_dataset/spectrograms/2024-09-30_11-19-00_0000007_noise_05163efc.png,Not USV,2024-09-30_11-19-00_0000007.wav
2024-09-30_11-20-03_0000019_00001481,data/experiment_dataset/spectrograms/2024-09-30_11-20-03_0000019_00001481.png,USV,2024-09-30_11-20-03_0000019.wav
2024-09-30_11-18-17_0000001_00004648,data/experiment_dataset/spectrograms/2024-09-30_11-18-17_0000001_00004648.png,USV,2024-09-30_11-18-17_0000001.wav
2024-09-30_11-20-26_0000023_noise_0f6eb31d,data/experiment_dataset/spectrograms/2024-09-30_11-20-26_0000023_noise_0f6eb31d.png,Not USV,2024-09-30_11-20-26_0000023.wav
2024-09-30_11-21-40_0000044_00000995,data/experiment_dataset/spectrograms/2024-09-30_11-21-40_0000044_00000995.png,USV,2024-09-30_11-21-40_0000044.wav
random_neg_00053,data/experiment_dataset/spectrograms/random_neg_00053.png,Not USV,2024-09-30_11-20-35_0000027.wav
2024-09-30_11-21-07_0000035_00006702,data/experiment_dataset/spectrograms/2024-09-30_11-21-07_0000035_00006702.png,USV,2024-09-30_11-21-07_0000035.wav
2024-09-30_11-20-03_0000019_00002425,data/experiment_dataset/spectrograms/2024-09-30_11-20-03_0000019_00002425.png,Not USV,2024-09-30_11-20-03_0000019.wav
2024-09-30_11-18-17_0000001_00007117,data/experiment_dataset/spectrograms/2024-09-30_11-18-17_0000001_00007117.png,USV,2024-09-30_11-18-17_0000001.wav
random_neg_00067,data/experiment_dataset/spectrograms/random_neg_00067.png,Not USV,2024-09-30_11-21-01_0000034.wav
2024-09-30_11-21-14_0000036_00003126,data/experiment_dataset/spectrograms/2024-09-30_11-21-14_0000036_00003126.png,Not USV,2024-09-30_11-21-14_0000036.wav
2024-09-30_11-18-34_0000004_noise_bbd13e3f,data/experiment_dataset/spectrograms/2024-09-30_11-18-34_0000004_noise_bbd13e3f.png,Not USV,2024-09-30_11-18-34_0000004.wav
random_neg_00069,data/experiment_dataset/spectrograms/random_neg_00069.png,Not USV,2024-09-30_11-21-07_0000035.wav
2024-09-30_11-21-14_0000036_noise_620e3b9f,data/experiment_dataset/spectrograms/2024-09-30_11-21-14_0000036_noise_620e3b9f.png,Not USV,2024-09-30_11-21-14_0000036.wav
2024-09-30_11-19-09_0000008_noise_3d4ba3d1,data/experiment_dataset/spectrograms/2024-09-30_11-19-09_0000008_noise_3d4ba3d1.png,Not USV,2024-09-30_11-19-09_0000008.wav
2024-09-30_11-19-19_0000012_00006061,data/experiment_dataset/spectrograms/2024-09-30_11-19-19_0000012_00006061.png,USV,2024-09-30_11-19-19_0000012.wav
2024-09-30_11-21-30_0000042_noise_2c970a8e,data/experiment_dataset/spectrograms/2024-09-30_11-21-30_0000042_noise_2c970a8e.png,Not USV,2024-09-30_11-21-30_0000042.wav
2024-09-30_11-21-24_0000039_noise_1da7cba3,data/experiment_dataset/spectrograms/2024-09-30_11-21-24_0000039_noise_1da7cba3.png,Not USV,2024-09-30_11-21-24_0000039.wav
2024-09-30_11-19-19_0000012_noise_1632eb89,data/experiment_dataset/spectrograms/2024-09-30_11-19-19_0000012_noise_1632eb89.png,Not USV,2024-09-30_11-19-19_0000012.wav
random_neg_00071,data/experiment_dataset/spectrograms/random_neg_00071.png,Not USV,2024-09-30_11-21-14_0000036.wav
2024-09-30_11-21-01_0000034_noise_c7c315c8,data/experiment_dataset/spectrograms/2024-09-30_11-21-01_0000034_noise_c7c315c8.png,Not USV,2024-09-30_11-21-01_0000034.wav
2024-09-30_11-21-01_0000034_noise_6caa2e4b,data/experiment_dataset/spectrograms/2024-09-30_11-21-01_0000034_noise_6caa2e4b.png,Not USV,2024-09-30_11-21-01_0000034.wav
random_neg_00070,data/experiment_dataset/spectrograms/random_neg_00070.png,Not USV,2024-09-30_11-21-07_0000035.wav
2024-09-30_11-19-16_0000011_00001155,data/experiment_dataset/spectrograms/2024-09-30_11-19-16_0000011_00001155.png,USV,2024-09-30_11-19-16_0000011.wav
2024-09-30_11-18-34_0000004_noise_d1dbea0e,data/experiment_dataset/spectrograms/2024-09-30_11-18-34_0000004_noise_d1dbea0e.png,Not USV,2024-09-30_11-18-34_0000004.wav
2024-09-30_11-19-15_0000010_00001326,data/experiment_dataset/spectrograms/2024-09-30_11-19-15_0000010_00001326.png,USV,2024-09-30_11-19-15_0000010.wav
2024-09-30_11-20-09_0000021_noise_3b14c105,data/experiment_dataset/spectrograms/2024-09-30_11-20-09_0000021_noise_3b14c105.png,Not USV,2024-09-30_11-20-09_0000021.wav
2024-09-30_11-18-34_0000004_noise_baa24adb,data/experiment_dataset/spectrograms/2024-09-30_11-18-34_0000004_noise_baa24adb.png,Not USV,2024-09-30_11-18-34_0000004.wav
2024-09-30_11-21-40_0000044_noise_00e3feb3,data/experiment_dataset/spectrograms/2024-09-30_11-21-40_0000044_noise_00e3feb3.png,Not USV,2024-09-30_11-21-40_0000044.wav
2024-09-30_11-19-00_0000007_00001009,data/experiment_dataset/spectrograms/2024-09-30_11-19-00_0000007_00001009.png,USV,2024-09-30_11-19-00_0000007.wav
2024-09-30_11-20-03_0000019_00001619,data/experiment_dataset/spectrograms/2024-09-30_11-20-03_0000019_00001619.png,USV,2024-09-30_11-20-03_0000019.wav
2024-09-30_11-18-27_0000003_noise_b46a9589,data/experiment_dataset/spectrograms/2024-09-30_11-18-27_0000003_noise_b46a9589.png,Not USV,2024-09-30_11-18-27_0000003.wav
2024-09-30_11-18-34_0000004_00009211,data/experiment_dataset/spectrograms/2024-09-30_11-18-34_0000004_00009211.png,USV,2024-09-30_11-18-34_0000004.wav
2024-09-30_11-21-34_0000043_00001029,data/experiment_dataset/spectrograms/2024-09-30_11-21-34_0000043_00001029.png,USV,2024-09-30_11-21-34_0000043.wav
2024-09-30_11-21-30_0000042_00002254,data/experiment_dataset/spectrograms/2024-09-30_11-21-30_0000042_00002254.png,USV,2024-09-30_11-21-30_0000042.wav
2024-09-30_11-19-19_0000012_noise_b68dac18,data/experiment_dataset/spectrograms/2024-09-30_11-19-19_0000012_noise_b68dac18.png,Not USV,2024-09-30_11-19-19_0000012.wav
2024-09-30_11-21-07_0000035_noise_7da267e1,data/experiment_dataset/spectrograms/2024-09-30_11-21-07_0000035_noise_7da267e1.png,Not USV,2024-09-30_11-21-07_0000035.wav
2024-09-30_11-20-09_0000021_noise_ef825b56,data/experiment_dataset/spectrograms/2024-09-30_11-20-09_0000021_noise_ef825b56.png,Not USV,2024-09-30_11-20-09_0000021.wav
2024-09-30_11-19-00_0000007_00004433,data/experiment_dataset/spectrograms/2024-09-30_11-19-00_0000007_00004433.png,USV,2024-09-30_11-19-00_0000007.wav
2024-09-30_11-18-27_0000003_00004450,data/experiment_dataset/spectrograms/2024-09-30_11-18-27_0000003_00004450.png,Not USV,2024-09-30_11-18-27_0000003.wav
2024-09-30_11-19-15_0000010_00001198,data/experiment_dataset/spectrograms/2024-09-30_11-19-15_0000010_00001198.png,USV,2024-09-30_11-19-15_0000010.wav
2024-09-30_11-21-26_0000040_00001125,data/experiment_dataset/spectrograms/2024-09-30_11-21-26_0000040_00001125.png,Not USV,2024-09-30_11-21-26_0000040.wav
random_neg_00047,data/experiment_dataset/spectrograms/random_neg_00047.png,Not USV,2024-09-30_11-20-29_0000024.wav
2024-09-30_11-19-54_0000016_00001439,data/experiment_dataset/spectrograms/2024-09-30_11-19-54_0000016_00001439.png,USV,2024-09-30_11-19-54_0000016.wav
2024-09-30_11-21-07_0000035_noise_bb63a2d4,data/experiment_dataset/spectrograms/2024-09-30_11-21-07_0000035_noise_bb63a2d4.png,Not USV,2024-09-30_11-21-07_0000035.wav
2024-09-30_11-21-40_0000044_noise_8019af73,data/experiment_dataset/spectrograms/2024-09-30_11-21-40_0000044_noise_8019af73.png,Not USV,2024-09-30_11-21-40_0000044.wav
2024-09-30_11-18-17_0000001_00001716,data/experiment_dataset/spectrograms/2024-09-30_11-18-17_0000001_00001716.png,USV,2024-09-30_11-18-17_0000001.wav
2024-09-30_11-21-07_0000035_noise_3359784a,data/experiment_dataset/spectrograms/2024-09-30_11-21-07_0000035_noise_3359784a.png,Not USV,2024-09-30_11-21-07_0000035.wav
2024-09-30_11-18-17_0000001_00006868,data/experiment_dataset/spectrograms/2024-09-30_11-18-17_0000001_00006868.png,USV,2024-09-30_11-18-17_0000001.wav
2024-09-30_11-18-25_0000002_noise_8cfc4138,data/experiment_dataset/spectrograms/2024-09-30_11-18-25_0000002_noise_8cfc4138.png,Not USV,2024-09-30_11-18-25_0000002.wav
2024-09-30_11-18-25_0000002_noise_aa118388,data/experiment_dataset/spectrograms/2024-09-30_11-18-25_0000002_noise_aa118388.png,Not USV,2024-09-30_11-18-25_0000002.wav
2024-09-30_11-20-26_0000023_00001379,data/experiment_dataset/spectrograms/2024-09-30_11-20-26_0000023_00001379.png,USV,2024-09-30_11-20-26_0000023.wav
2024-09-30_11-20-53_0000032_00002557,data/experiment_dataset/spectrograms/2024-09-30_11-20-53_0000032_00002557.png,USV,2024-09-30_11-20-53_0000032.wav
2024-09-30_11-19-19_0000012_noise_8616d35d,data/experiment_dataset/spectrograms/2024-09-30_11-19-19_0000012_noise_8616d35d.png,Not USV,2024-09-30_11-19-19_0000012.wav
2024-09-30_11-20-53_0000032_noise_bab7e49c,data/experiment_dataset/spectrograms/2024-09-30_11-20-53_0000032_noise_bab7e49c.png,Not USV,2024-09-30_11-20-53_0000032.wav
2024-09-30_11-21-30_0000042_noise_af5bb916,data/experiment_dataset/spectrograms/2024-09-30_11-21-30_0000042_noise_af5bb916.png,Not USV,2024-09-30_11-21-30_0000042.wav
2024-09-30_11-20-09_0000021_noise_0f8d23b2,data/experiment_dataset/spectrograms/2024-09-30_11-20-09_0000021_noise_0f8d23b2.png,Not USV,2024-09-30_11-20-09_0000021.wav
random_neg_00054,data/experiment_dataset/spectrograms/random_neg_00054.png,Not USV,2024-09-30_11-20-35_0000027.wav
2024-09-30_11-20-29_0000024_00002299,data/experiment_dataset/spectrograms/2024-09-30_11-20-29_0000024_00002299.png,USV,2024-09-30_11-20-29_0000024.wav
2024-09-30_11-21-26_0000040_noise_9653e237,data/experiment_dataset/spectrograms/2024-09-30_11-21-26_0000040_noise_9653e237.png,Not USV,2024-09-30_11-21-26_0000040.wav
2024-09-30_11-20-53_0000032_00000782,data/experiment_dataset/spectrograms/2024-09-30_11-20-53_0000032_00000782.png,USV,2024-09-30_11-20-53_0000032.wav
2024-09-30_11-21-30_0000042_00001363,data/experiment_dataset/spectrograms/2024-09-30_11-21-30_0000042_00001363.png,Not USV,2024-09-30_11-21-30_0000042.wav
2024-09-30_11-19-15_0000010_00001007,data/experiment_dataset/spectrograms/2024-09-30_11-19-15_0000010_00001007.png,USV,2024-09-30_11-19-15_0000010.wav
2024-09-30_11-20-29_0000024_noise_20fb201e,data/experiment_dataset/spectrograms/2024-09-30_11-20-29_0000024_noise_20fb201e.png,Not USV,2024-09-30_11-20-29_0000024.wav
2024-09-30_11-18-17_0000001_noise_13227a6f,data/experiment_dataset/spectrograms/2024-09-30_11-18-17_0000001_noise_13227a6f.png,Not USV,2024-09-30_11-18-17_0000001.wav
2024-09-30_11-21-34_0000043_noise_a2fe137f,data/experiment_dataset/spectrograms/2024-09-30_11-21-34_0000043_noise_a2fe137f.png,Not USV,2024-09-30_11-21-34_0000043.wav
2024-09-30_11-20-26_0000023_noise_e58fba79,data/experiment_dataset/spectrograms/2024-09-30_11-20-26_0000023_noise_e58fba79.png,Not USV,2024-09-30_11-20-26_0000023.wav
2024-09-30_11-20-29_0000024_noise_fc755109,data/experiment_dataset/spectrograms/2024-09-30_11-20-29_0000024_noise_fc755109.png,Not USV,2024-09-30_11-20-29_0000024.wav
2024-09-30_11-19-00_0000007_noise_da3b1956,data/experiment_dataset/spectrograms/2024-09-30_11-19-00_0000007_noise_da3b1956.png,Not USV,2024-09-30_11-19-00_0000007.wav
2024-09-30_11-19-09_0000008_00003107,data/experiment_dataset/spectrograms/2024-09-30_11-19-09_0000008_00003107.png,USV,2024-09-30_11-19-09_0000008.wav
2024-09-30_11-19-09_0000008_00002624,data/experiment_dataset/spectrograms/2024-09-30_11-19-09_0000008_00002624.png,USV,2024-09-30_11-19-09_0000008.wav
2024-09-30_11-19-00_0000007_noise_d83eb118,data/experiment_dataset/spectrograms/2024-09-30_11-19-00_0000007_noise_d83eb118.png,Not USV,2024-09-30_11-19-00_0000007.wav
random_neg_00033,data/experiment_dataset/spectrograms/random_neg_00033.png,Not USV,2024-09-30_11-19-55_0000017.wav
2024-09-30_11-19-16_0000011_noise_16b804b0,data/experiment_dataset/spectrograms/2024-09-30_11-19-16_0000011_noise_16b804b0.png,Not USV,2024-09-30_11-19-16_0000011.wav
2024-09-30_11-18-27_0000003_noise_ff6fa076,data/experiment_dataset/spectrograms/2024-09-30_11-18-27_0000003_noise_ff6fa076.png,Not USV,2024-09-30_11-18-27_0000003.wav
2024-09-30_11-21-07_0000035_00003520,data/experiment_dataset/spectrograms/2024-09-30_11-21-07_0000035_00003520.png,USV,2024-09-30_11-21-07_0000035.wav
2024-09-30_11-18-34_0000004_noise_56112103,data/experiment_dataset/spectrograms/2024-09-30_11-18-34_0000004_noise_56112103.png,Not USV,2024-09-30_11-18-34_0000004.wav
2024-09-30_11-21-01_0000034_00001870,data/experiment_dataset/spectrograms/2024-09-30_11-21-01_0000034_00001870.png,USV,2024-09-30_11-21-01_0000034.wav
2024-09-30_11-19-19_0000012_00004193,data/experiment_dataset/spectrograms/2024-09-30_11-19-19_0000012_00004193.png,USV,2024-09-30_11-19-19_0000012.wav
2024-09-30_11-19-00_0000007_00004993,data/experiment_dataset/spectrograms/2024-09-30_11-19-00_0000007_00004993.png,USV,2024-09-30_11-19-00_0000007.wav
2024-09-30_11-21-14_0000036_noise_9043259a,data/experiment_dataset/spectrograms/2024-09-30_11-21-14_0000036_noise_9043259a.png,Not USV,2024-09-30_11-21-14_0000036.wav
2024-09-30_11-21-26_0000040_noise_2442ee53,data/experiment_dataset/spectrograms/2024-09-30_11-21-26_0000040_noise_2442ee53.png,Not USV,2024-09-30_11-21-26_0000040.wav
2024-09-30_11-19-09_0000008_00002115,data/experiment_dataset/spectrograms/2024-09-30_11-19-09_0000008_00002115.png,USV,2024-09-30_11-19-09_0000008.wav
random_neg_00060,data/experiment_dataset/spectrograms/random_neg_00060.png,Not USV,2024-09-30_11-20-45_0000030.wav
2024-09-30_11-19-19_0000012_00006722,data/experiment_dataset/spectrograms/2024-09-30_11-19-19_0000012_00006722.png,USV,2024-09-30_11-19-19_0000012.wav
2024-09-30_11-21-26_0000040_noise_5e7cb651,data/experiment_dataset/spectrograms/2024-09-30_11-21-26_0000040_noise_5e7cb651.png,Not USV,2024-09-30_11-21-26_0000040.wav
2024-09-30_11-20-32_0000025_00002834,data/experiment_dataset/spectrograms/2024-09-30_11-20-32_0000025_00002834.png,Not USV,2024-09-30_11-20-32_0000025.wav
2024-09-30_11-20-41_0000029_00002986,data/experiment_dataset/spectrograms/2024-09-30_11-20-41_0000029_00002986.png,USV,2024-09-30_11-20-41_0000029.wav
2024-09-30_11-21-26_0000040_00000930,data/experiment_dataset/spectrograms/2024-09-30_11-21-26_0000040_00000930.png,USV,2024-09-30_11-21-26_0000040.wav
2024-09-30_11-19-00_0000007_00004892,data/experiment_dataset/spectrograms/2024-09-30_11-19-00_0000007_00004892.png,USV,2024-09-30_11-19-00_0000007.wav
2024-09-30_11-19-19_0000012_00003446,data/experiment_dataset/spectrograms/2024-09-30_11-19-19_0000012_00003446.png,USV,2024-09-30_11-19-19_0000012.wav
2024-09-30_11-19-31_0000013_00001550,data/experiment_dataset/spectrograms/2024-09-30_11-19-31_0000013_00001550.png,Not USV,2024-09-30_11-19-31_0000013.wav
2024-09-30_11-21-40_0000044_00001123,data/experiment_dataset/spectrograms/2024-09-30_11-21-40_0000044_00001123.png,USV,2024-09-30_11-21-40_0000044.wav
2024-09-30_11-20-26_0000023_00000212,data/experiment_dataset/spectrograms/2024-09-30_11-20-26_0000023_00000212.png,USV,2024-09-30_11-20-26_0000023.wav
2024-09-30_11-21-30_0000042_00001506,data/experiment_dataset/spectrograms/2024-09-30_11-21-30_0000042_00001506.png,Not USV,2024-09-30_11-21-30_0000042.wav
random_neg_00098,data/experiment_dataset/spectrograms/random_neg_00098.png,Not USV,2024-09-30_11-21-58_0000049.wav
2024-09-30_11-20-07_0000020_noise_786a28d0,data/experiment_dataset/spectrograms/2024-09-30_11-20-07_0000020_noise_786a28d0.png,Not USV,2024-09-30_11-20-07_0000020.wav
2024-09-30_11-21-34_0000043_noise_99817f9c,data/experiment_dataset/spectrograms/2024-09-30_11-21-34_0000043_noise_99817f9c.png,Not USV,2024-09-30_11-21-34_0000043.wav
2024-09-30_11-19-00_0000007_00005399,data/experiment_dataset/spectrograms/2024-09-30_11-19-00_0000007_00005399.png,USV,2024-09-30_11-19-00_0000007.wav
2024-09-30_11-21-40_0000044_noise_987ab09e,data/experiment_dataset/spectrograms/2024-09-30_11-21-40_0000044_noise_987ab09e.png,Not USV,2024-09-30_11-21-40_0000044.wav
2024-09-30_11-21-26_0000040_00001097,data/experiment_dataset/spectrograms/2024-09-30_11-21-26_0000040_00001097.png,Not USV,2024-09-30_11-21-26_0000040.wav
random_neg_00065,data/experiment_dataset/spectrograms/random_neg_00065.png,Not USV,2024-09-30_11-20-56_0000033.wav
2024-09-30_11-20-09_0000021_noise_0a75e7f3,data/experiment_dataset/spectrograms/2024-09-30_11-20-09_0000021_noise_0a75e7f3.png,Not USV,2024-09-30_11-20-09_0000021.wav
random_neg_00016,data/experiment_dataset/spectrograms/random_neg_00016.png,Not USV,2024-09-30_11-19-09_0000008.wav
2024-09-30_11-20-03_0000019_00000037,data/experiment_dataset/spectrograms/2024-09-30_11-20-03_0000019_00000037.png,USV,2024-09-30_11-20-03_0000019.wav
2024-09-30_11-18-17_0000001_noise_291e28aa,data/experiment_dataset/spectrograms/2024-09-30_11-18-17_0000001_noise_291e28aa.png,Not USV,2024-09-30_11-18-17_0000001.wav
random_neg_00018,data/experiment_dataset/spectrograms/random_neg_00018.png,Not USV,2024-09-30_11-19-12_0000009.wav
2024-09-30_11-19-19_0000012_noise_d1d58157,data/experiment_dataset/spectrograms/2024-09-30_11-19-19_0000012_noise_d1d58157.png,Not USV,2024-09-30_11-19-19_0000012.wav
2024-09-30_11-20-53_0000032_noise_47a31ee3,data/experiment_dataset/spectrograms/2024-09-30_11-20-53_0000032_noise_47a31ee3.png,Not USV,2024-09-30_11-20-53_0000032.wav
random_neg_00022,data/experiment_dataset/spectrograms/random_neg_00022.png,Not USV,2024-09-30_11-19-16_0000011.wav
2024-09-30_11-21-30_0000042_noise_d1c3532a,data/experiment_dataset/spectrograms/2024-09-30_11-21-30_0000042_noise_d1c3532a.png,Not USV,2024-09-30_11-21-30_0000042.wav
2024-09-30_11-21-07_0000035_noise_4bff9991,data/experiment_dataset/spectrograms/2024-09-30_11-21-07_0000035_noise_4bff9991.png,Not USV,2024-09-30_11-21-07_0000035.wav
2024-09-30_11-21-40_0000044_noise_0b1af1c8,data/experiment_dataset/spectrograms/2024-09-30_11-21-40_0000044_noise_0b1af1c8.png,Not USV,2024-09-30_11-21-40_0000044.wav
2024-09-30_11-21-22_0000038_00001642,data/experiment_dataset/spectrograms/2024-09-30_11-21-22_0000038_00001642.png,Not USV,2024-09-30_11-21-22_0000038.wav
random_neg_00073,data/experiment_dataset/spectrograms/random_neg_00073.png,Not USV,2024-09-30_11-21-18_0000037.wav
2024-09-30_11-19-19_0000012_noise_55f08ace,data/experiment_dataset/spectrograms/2024-09-30_11-19-19_0000012_noise_55f08ace.png,Not USV,2024-09-30_11-19-19_0000012.wav
2024-09-30_11-20-32_0000025_00001016,data/experiment_dataset/spectrograms/2024-09-30_11-20-32_0000025_00001016.png,USV,2024-09-30_11-20-32_0000025.wav
2024-09-30_11-21-01_0000034_noise_03404759,data/experiment_dataset/spectrograms/2024-09-30_11-21-01_0000034_noise_03404759.png,Not USV,2024-09-30_11-21-01_0000034.wav
2024-09-30_11-21-40_0000044_00001962,data/experiment_dataset/spectrograms/2024-09-30_11-21-40_0000044_00001962.png,USV,2024-09-30_11-21-40_0000044.wav
2024-09-30_11-19-09_0000008_noise_ed39f09e,data/experiment_dataset/spectrograms/2024-09-30_11-19-09_0000008_noise_ed39f09e.png,Not USV,2024-09-30_11-19-09_0000008.wav
2024-09-30_11-19-00_0000007_00001972,data/experiment_dataset/spectrograms/2024-09-30_11-19-00_0000007_00001972.png,USV,2024-09-30_11-19-00_0000007.wav
2024-09-30_11-19-09_0000008_noise_3c91e0d2,data/experiment_dataset/spectrograms/2024-09-30_11-19-09_0000008_noise_3c91e0d2.png,Not USV,2024-09-30_11-19-09_0000008.wav
2024-09-30_11-20-03_0000019_00002807,data/experiment_dataset/spectrograms/2024-09-30_11-20-03_0000019_00002807.png,USV,2024-09-30_11-20-03_0000019.wav
2024-09-30_11-21-24_0000039_noise_e84e1dd8,data/experiment_dataset/spectrograms/2024-09-30_11-21-24_0000039_noise_e84e1dd8.png,Not USV,2024-09-30_11-21-24_0000039.wav
2024-09-30_11-21-24_0000039_noise_f771c515,data/experiment_dataset/spectrograms/2024-09-30_11-21-24_0000039_noise_f771c515.png,Not USV,2024-09-30_11-21-24_0000039.wav
2024-09-30_11-18-57_0000006_noise_368d855e,data/experiment_dataset/spectrograms/2024-09-30_11-18-57_0000006_noise_368d855e.png,Not USV,2024-09-30_11-18-57_0000006.wav
2024-09-30_11-21-14_0000036_00003092,data/experiment_dataset/spectrograms/2024-09-30_11-21-14_0000036_00003092.png,Not USV,2024-09-30_11-21-14_0000036.wav
random_neg_00082,data/experiment_dataset/spectrograms/random_neg_00082.png,Not USV,2024-09-30_11-21-28_0000041.wav
2024-09-30_11-21-07_0000035_noise_7218cc47,data/experiment_dataset/spectrograms/2024-09-30_11-21-07_0000035_noise_7218cc47.png,Not USV,2024-09-30_11-21-07_0000035.wav
2024-09-30_11-20-07_0000020_00001046,data/experiment_dataset/spectrograms/2024-09-30_11-20-07_0000020_00001046.png,USV,2024-09-30_11-20-07_0000020.wav
2024-09-30_11-20-56_0000033_noise_3cc26847,data/experiment_dataset/spectrograms/2024-09-30_11-20-56_0000033_noise_3cc26847.png,Not USV,2024-09-30_11-20-56_0000033.wav
2024-09-30_11-18-57_0000006_noise_d4f7c94c,data/experiment_dataset/spectrograms/2024-09-30_11-18-57_0000006_noise_d4f7c94c.png,Not USV,2024-09-30_11-18-57_0000006.wav
2024-09-30_11-21-01_0000034_00001135,data/experiment_dataset/spectrograms/2024-09-30_11-21-01_0000034_00001135.png,USV,2024-09-30_11-21-01_0000034.wav
2024-09-30_11-18-17_0000001_noise_c39777a7,data/experiment_dataset/spectrograms/2024-09-30_11-18-17_0000001_noise_c39777a7.png,Not USV,2024-09-30_11-18-17_0000001.wav
2024-09-30_11-21-28_0000041_00001034,data/experiment_dataset/spectrograms/2024-09-30_11-21-28_0000041_00001034.png,Not USV,2024-09-30_11-21-28_0000041.wav
random_neg_00002,data/experiment_dataset/spectrograms/random_neg_00002.png,Not USV,2024-09-30_11-18-17_0000001.wav
2024-09-30_11-19-19_0000012_noise_7cf7e498,data/experiment_dataset/spectrograms/2024-09-30_11-19-19_0000012_noise_7cf7e498.png,Not USV,2024-09-30_11-19-19_0000012.wav
2024-09-30_11-21-07_0000035_00005339,data/experiment_dataset/spectrograms/2024-09-30_11-21-07_0000035_00005339.png,USV,2024-09-30_11-21-07_0000035.wav
2024-09-30_11-20-29_0000024_00001592,data/experiment_dataset/spectrograms/2024-09-30_11-20-29_0000024_00001592.png,USV,2024-09-30_11-20-29_0000024.wav
2024-09-30_11-21-34_0000043_noise_1fec7a1e,data/experiment_dataset/spectrograms/2024-09-30_11-21-34_0000043_noise_1fec7a1e.png,Not USV,2024-09-30_11-21-34_0000043.wav
2024-09-30_11-21-34_0000043_noise_ec221234,data/experiment_dataset/spectrograms/2024-09-30_11-21-34_0000043_noise_ec221234.png,Not USV,2024-09-30_11-21-34_0000043.wav
2024-09-30_11-20-41_0000029_00001696,data/experiment_dataset/spectrograms/2024-09-30_11-20-41_0000029_00001696.png,USV,2024-09-30_11-20-41_0000029.wav
2024-09-30_11-21-18_0000037_00000902,data/experiment_dataset/spectrograms/2024-09-30_11-21-18_0000037_00000902.png,USV,2024-09-30_11-21-18_0000037.wav
2024-09-30_11-21-22_0000038_00001395,data/experiment_dataset/spectrograms/2024-09-30_11-21-22_0000038_00001395.png,Not USV,2024-09-30_11-21-22_0000038.wav
2024-09-30_11-20-03_0000019_00001387,data/experiment_dataset/spectrograms/2024-09-30_11-20-03_0000019_00001387.png,USV,2024-09-30_11-20-03_0000019.wav
random_neg_00055,data/experiment_dataset/spectrograms/random_neg_00055.png,Not USV,2024-09-30_11-20-38_0000028.wav
random_neg_00025,data/experiment_dataset/spectrograms/random_neg_00025.png,Not USV,2024-09-30_11-19-31_0000013.wav
2024-09-30_11-18-57_0000006_noise_5d7b1295,data/experiment_dataset/spectrograms/2024-09-30_11-18-57_0000006_noise_5d7b1295.png,Not USV,2024-09-30_11-18-57_0000006.wav
2024-09-30_11-21-07_0000035_00003422,data/experiment_dataset/spectrograms/2024-09-30_11-21-07_0000035_00003422.png,USV,2024-09-30_11-21-07_0000035.wav
2024-09-30_11-19-19_0000012_noise_2ad0c308,data/experiment_dataset/spectrograms/2024-09-30_11-19-19_0000012_noise_2ad0c308.png,Not USV,2024-09-30_11-19-19_0000012.wav
2024-09-30_11-21-40_0000044_noise_dffecb25,data/experiment_dataset/spectrograms/2024-09-30_11-21-40_0000044_noise_dffecb25.png,Not USV,2024-09-30_11-21-40_0000044.wav
random_neg_00088,data/experiment_dataset/spectrograms/random_neg_00088.png,Not USV,2024-09-30_11-21-40_0000044.wav
random_neg_00031,data/experiment_dataset/spectrograms/random_neg_00031.png,Not USV,2024-09-30_11-19-54_0000016.wav
random_neg_00008,data/experiment_dataset/spectrograms/random_neg_00008.png,Not USV,2024-09-30_11-18-34_0000004.wav
2024-09-30_11-21-30_0000042_noise_73570aea,data/experiment_dataset/spectrograms/2024-09-30_11-21-30_0000042_noise_73570aea.png,Not USV,2024-09-30_11-21-30_0000042.wav
2024-09-30_11-21-18_0000037_noise_59b1567f,data/experiment_dataset/spectrograms/2024-09-30_11-21-18_0000037_noise_59b1567f.png,Not USV,2024-09-30_11-21-18_0000037.wav
2024-09-30_11-18-17_0000001_noise_7372822e,data/experiment_dataset/spectrograms/2024-09-30_11-18-17_0000001_noise_7372822e.png,Not USV,2024-09-30_11-18-17_0000001.wav
random_neg_00074,data/experiment_dataset/spectrograms/random_neg_00074.png,Not USV,2024-09-30_11-21-18_0000037.wav
2024-09-30_11-20-29_0000024_noise_b2b83723,data/experiment_dataset/spectrograms/2024-09-30_11-20-29_0000024_noise_b2b83723.png,Not USV,2024-09-30_11-20-29_0000024.wav
random_neg_00059,data/experiment_dataset/spectrograms/random_neg_00059.png,Not USV,2024-09-30_11-20-45_0000030.wav
2024-09-30_11-21-01_0000034_noise_127e0656,data/experiment_dataset/spectrograms/2024-09-30_11-21-01_0000034_noise_127e0656.png,Not USV,2024-09-30_11-21-01_0000034.wav
2024-09-30_11-18-34_0000004_00005529,data/experiment_dataset/spectrograms/2024-09-30_11-18-34_0000004_00005529.png,USV,2024-09-30_11-18-34_0000004.wav
2024-09-30_11-20-09_0000021_00001350,data/experiment_dataset/spectrograms/2024-09-30_11-20-09_0000021_00001350.png,Not USV,2024-09-30_11-20-09_0000021.wav
2024-09-30_11-19-15_0000010_noise_62fa8641,data/experiment_dataset/spectrograms/2024-09-30_11-19-15_0000010_noise_62fa8641.png,Not USV,2024-09-30_11-19-15_0000010.wav
2024-09-30_11-19-16_0000011_00000435,data/experiment_dataset/spectrograms/2024-09-30_11-19-16_0000011_00000435.png,Not USV,2024-09-30_11-19-16_0000011.wav
2024-09-30_11-19-54_0000016_noise_80f3b3a1,data/experiment_dataset/spectrograms/2024-09-30_11-19-54_0000016_noise_80f3b3a1.png,Not USV,2024-09-30_11-19-54_0000016.wav
2024-09-30_11-18-17_0000001_00006688,data/experiment_dataset/spectrograms/2024-09-30_11-18-17_0000001_00006688.png,USV,2024-09-30_11-18-17_0000001.wav
2024-09-30_11-20-07_0000020_noise_553bbb8a,data/experiment_dataset/spectrograms/2024-09-30_11-20-07_0000020_noise_553bbb8a.png,Not USV,2024-09-30_11-20-07_0000020.wav
2024-09-30_11-19-19_0000012_00000561,data/experiment_dataset/spectrograms/2024-09-30_11-19-19_0000012_00000561.png,USV,2024-09-30_11-19-19_0000012.wav
2024-09-30_11-18-27_0000003_noise_58d81933,data/experiment_dataset/spectrograms/2024-09-30_11-18-27_0000003_noise_58d81933.png,Not USV,2024-09-30_11-18-27_0000003.wav
2024-09-30_11-21-34_0000043_noise_bdc2196a,data/experiment_dataset/spectrograms/2024-09-30_11-21-34_0000043_noise_bdc2196a.png,Not USV,2024-09-30_11-21-34_0000043.wav
random_neg_00004,data/experiment_dataset/spectrograms/random_neg_00004.png,Not USV,2024-09-30_11-18-25_0000002.wav
2024-09-30_11-21-14_0000036_noise_15046f54,data/experiment_dataset/spectrograms/2024-09-30_11-21-14_0000036_noise_15046f54.png,Not USV,2024-09-30_11-21-14_0000036.wav
random_neg_00046,data/experiment_dataset/spectrograms/random_neg_00046.png,Not USV,2024-09-30_11-20-26_0000023.wav
2024-09-30_11-20-07_0000020_noise_826459b8,data/experiment_dataset/spectrograms/2024-09-30_11-20-07_0000020_noise_826459b8.png,Not USV,2024-09-30_11-20-07_0000020.wav
2024-09-30_11-18-34_0000004_00007085,data/experiment_dataset/spectrograms/2024-09-30_11-18-34_0000004_00007085.png,USV,2024-09-30_11-18-34_0000004.wav
2024-09-30_11-20-53_0000032_noise_0df0b92d,data/experiment_dataset/spectrograms/2024-09-30_11-20-53_0000032_noise_0df0b92d.png,Not USV,2024-09-30_11-20-53_0000032.wav
2024-09-30_11-20-09_0000021_00001060,data/experiment_dataset/spectrograms/2024-09-30_11-20-09_0000021_00001060.png,Not USV,2024-09-30_11-20-09_0000021.wav
2024-09-30_11-20-09_0000021_noise_eeff87e5,data/experiment_dataset/spectrograms/2024-09-30_11-20-09_0000021_noise_eeff87e5.png,Not USV,2024-09-30_11-20-09_0000021.wav
2024-09-30_11-20-56_0000033_noise_012bf969,data/experiment_dataset/spectrograms/2024-09-30_11-20-56_0000033_noise_012bf969.png,Not USV,2024-09-30_11-20-56_0000033.wav
2024-09-30_11-19-09_0000008_noise_37365c4a,data/experiment_dataset/spectrograms/2024-09-30_11-19-09_0000008_noise_37365c4a.png,Not USV,2024-09-30_11-19-09_0000008.wav
2024-09-30_11-18-27_0000003_noise_f34e4eeb,data/experiment_dataset/spectrograms/2024-09-30_11-18-27_0000003_noise_f34e4eeb.png,Not USV,2024-09-30_11-18-27_0000003.wav
2024-09-30_11-20-29_0000024_noise_688349b3,data/experiment_dataset/spectrograms/2024-09-30_11-20-29_0000024_noise_688349b3.png,Not USV,2024-09-30_11-20-29_0000024.wav
2024-09-30_11-21-30_0000042_noise_332b470a,data/experiment_dataset/spectrograms/2024-09-30_11-21-30_0000042_noise_332b470a.png,Not USV,2024-09-30_11-21-30_0000042.wav
2024-09-30_11-19-54_0000016_00001078,data/experiment_dataset/spectrograms/2024-09-30_11-19-54_0000016_00001078.png,Not USV,2024-09-30_11-19-54_0000016.wav
2024-09-30_11-21-24_0000039_00001295,data/experiment_dataset/spectrograms/2024-09-30_11-21-24_0000039_00001295.png,USV,2024-09-30_11-21-24_0000039.wav
2024-09-30_11-21-26_0000040_00000357,data/experiment_dataset/spectrograms/2024-09-30_11-21-26_0000040_00000357.png,Not USV,2024-09-30_11-21-26_0000040.wav
2024-09-30_11-20-41_0000029_noise_e6a2184b,data/experiment_dataset/spectrograms/2024-09-30_11-20-41_0000029_noise_e6a2184b.png,Not USV,2024-09-30_11-20-41_0000029.wav
2024-09-30_11-21-14_0000036_noise_5121a403,data/experiment_dataset/spectrograms/2024-09-30_11-21-14_0000036_noise_5121a403.png,Not USV,2024-09-30_11-21-14_0000036.wav
2024-09-30_11-19-55_0000017_00003452,data/experiment_dataset/spectrograms/2024-09-30_11-19-55_0000017_00003452.png,USV,2024-09-30_11-19-55_0000017.wav
2024-09-30_11-18-17_0000001_00001204,data/experiment_dataset/spectrograms/2024-09-30_11-18-17_0000001_00001204.png,USV,2024-09-30_11-18-17_0000001.wav
2024-09-30_11-20-53_0000032_noise_983040f1,data/experiment_dataset/spectrograms/2024-09-30_11-20-53_0000032_noise_983040f1.png,Not USV,2024-09-30_11-20-53_0000032.wav
2024-09-30_11-18-17_0000001_noise_38034989,data/experiment_dataset/spectrograms/2024-09-30_11-18-17_0000001_noise_38034989.png,Not USV,2024-09-30_11-18-17_0000001.wav
random_neg_00001,data/experiment_dataset/spectrograms/random_neg_00001.png,Not USV,2024-09-30_11-18-17_0000001.wav
2024-09-30_11-21-26_0000040_noise_f926fbe3,data/experiment_dataset/spectrograms/2024-09-30_11-21-26_0000040_noise_f926fbe3.png,Not USV,2024-09-30_11-21-26_0000040.wav
2024-09-30_11-20-09_0000021_noise_410a1e74,data/experiment_dataset/spectrograms/2024-09-30_11-20-09_0000021_noise_410a1e74.png,Not USV,2024-09-30_11-20-09_0000021.wav
2024-09-30_11-20-26_0000023_noise_46fece6b,data/experiment_dataset/spectrograms/2024-09-30_11-20-26_0000023_noise_46fece6b.png,Not USV,2024-09-30_11-20-26_0000023.wav
2024-09-30_11-19-55_0000017_noise_130ad604,data/experiment_dataset/spectrograms/2024-09-30_11-19-55_0000017_noise_130ad604.png,Not USV,2024-09-30_11-19-55_0000017.wav
2024-09-30_11-19-00_0000007_noise_39379685,data/experiment_dataset/spectrograms/2024-09-30_11-19-00_0000007_noise_39379685.png,Not USV,2024-09-30_11-19-00_0000007.wav
2024-09-30_11-18-34_0000004_00007734,data/experiment_dataset/spectrograms/2024-09-30_11-18-34_0000004_00007734.png,USV,2024-09-30_11-18-34_0000004.wav
2024-09-30_11-20-03_0000019_noise_4d80a6db,data/experiment_dataset/spectrograms/2024-09-30_11-20-03_0000019_noise_4d80a6db.png,Not USV,2024-09-30_11-20-03_0000019.wav
2024-09-30_11-20-53_0000032_noise_de494231,data/experiment_dataset/spectrograms/2024-09-30_11-20-53_0000032_noise_de494231.png,Not USV,2024-09-30_11-20-53_0000032.wav
2024-09-30_11-21-26_0000040_00001253,data/experiment_dataset/spectrograms/2024-09-30_11-21-26_0000040_00001253.png,Not USV,2024-09-30_11-21-26_0000040.wav
2024-09-30_11-19-19_0000012_noise_13654f7d,data/experiment_dataset/spectrograms/2024-09-30_11-19-19_0000012_noise_13654f7d.png,Not USV,2024-09-30_11-19-19_0000012.wav
2024-09-30_11-18-27_0000003_00003852,data/experiment_dataset/spectrograms/2024-09-30_11-18-27_0000003_00003852.png,USV,2024-09-30_11-18-27_0000003.wav
2024-09-30_11-18-17_0000001_00005439,data/experiment_dataset/spectrograms/2024-09-30_11-18-17_0000001_00005439.png,USV,2024-09-30_11-18-17_0000001.wav
2024-09-30_11-20-56_0000033_noise_e49ac95f,data/experiment_dataset/spectrograms/2024-09-30_11-20-56_0000033_noise_e49ac95f.png,Not USV,2024-09-30_11-20-56_0000033.wav
2024-09-30_11-19-19_0000012_00007045,data/experiment_dataset/spectrograms/2024-09-30_11-19-19_0000012_00007045.png,USV,2024-09-30_11-19-19_0000012.wav
2024-09-30_11-19-00_0000007_00006065,data/experiment_dataset/spectrograms/2024-09-30_11-19-00_0000007_00006065.png,USV,2024-09-30_11-19-00_0000007.wav
2024-09-30_11-18-17_0000001_00004777,data/experiment_dataset/spectrograms/2024-09-30_11-18-17_0000001_00004777.png,USV,2024-09-30_11-18-17_0000001.wav
2024-09-30_11-21-30_0000042_noise_4a7dd213,data/experiment_dataset/spectrograms/2024-09-30_11-21-30_0000042_noise_4a7dd213.png,Not USV,2024-09-30_11-21-30_0000042.wav
2024-09-30_11-20-03_0000019_00002474,data/experiment_dataset/spectrograms/2024-09-30_11-20-03_0000019_00002474.png,Not USV,2024-09-30_11-20-03_0000019.wav
2024-09-30_11-19-00_0000007_noise_daa120ed,data/experiment_dataset/spectrograms/2024-09-30_11-19-00_0000007_noise_daa120ed.png,Not USV,2024-09-30_11-19-00_0000007.wav
2024-09-30_11-20-53_0000032_noise_df8219bf,data/experiment_dataset/spectrograms/2024-09-30_11-20-53_0000032_noise_df8219bf.png,Not USV,2024-09-30_11-20-53_0000032.wav
2024-09-30_11-21-18_0000037_00001002,data/experiment_dataset/spectrograms/2024-09-30_11-21-18_0000037_00001002.png,USV,2024-09-30_11-21-18_0000037.wav
2024-09-30_11-20-41_0000029_00002206,data/experiment_dataset/spectrograms/2024-09-30_11-20-41_0000029_00002206.png,USV,2024-09-30_11-20-41_0000029.wav
2024-09-30_11-21-30_0000042_00002135,data/experiment_dataset/spectrograms/2024-09-30_11-21-30_0000042_00002135.png,USV,2024-09-30_11-21-30_0000042.wav
2024-09-30_11-18-57_0000006_noise_92f33cf4,data/experiment_dataset/spectrograms/2024-09-30_11-18-57_0000006_noise_92f33cf4.png,Not USV,2024-09-30_11-18-57_0000006.wav
2024-09-30_11-21-24_0000039_00001196,data/experiment_dataset/spectrograms/2024-09-30_11-21-24_0000039_00001196.png,USV,2024-09-30_11-21-24_0000039.wav
2024-09-30_11-21-07_0000035_noise_f5e3708b,data/experiment_dataset/spectrograms/2024-09-30_11-21-07_0000035_noise_f5e3708b.png,Not USV,2024-09-30_11-21-07_0000035.wav
2024-09-30_11-19-16_0000011_noise_3c91eb30,data/experiment_dataset/spectrograms/2024-09-30_11-19-16_0000011_noise_3c91eb30.png,Not USV,2024-09-30_11-19-16_0000011.wav
2024-09-30_11-19-00_0000007_00006819,data/experiment_dataset/spectrograms/2024-09-30_11-19-00_0000007_00006819.png,USV,2024-09-30_11-19-00_0000007.wav
2024-09-30_11-18-34_0000004_00000840,data/experiment_dataset/spectrograms/2024-09-30_11-18-34_0000004_00000840.png,USV,2024-09-30_11-18-34_0000004.wav
2024-09-30_11-18-57_0000006_noise_56bf1c43,data/experiment_dataset/spectrograms/2024-09-30_11-18-57_0000006_noise_56bf1c43.png,Not USV,2024-09-30_11-18-57_0000006.wav
2024-09-30_11-18-17_0000001_noise_942ed8fd,data/experiment_dataset/spectrograms/2024-09-30_11-18-17_0000001_noise_942ed8fd.png,Not USV,2024-09-30_11-18-17_0000001.wav
2024-09-30_11-19-00_0000007_00005374,data/experiment_dataset/spectrograms/2024-09-30_11-19-00_0000007_00005374.png,USV,2024-09-30_11-19-00_0000007.wav
random_neg_00077,data/experiment_dataset/spectrograms/random_neg_00077.png,Not USV,2024-09-30_11-21-24_0000039.wav
2024-09-30_11-19-31_0000013_noise_2371b439,data/experiment_dataset/spectrograms/2024-09-30_11-19-31_0000013_noise_2371b439.png,Not USV,2024-09-30_11-19-31_0000013.wav
2024-09-30_11-18-34_0000004_00001432,data/experiment_dataset/spectrograms/2024-09-30_11-18-34_0000004_00001432.png,USV,2024-09-30_11-18-34_0000004.wav
2024-09-30_11-21-14_0000036_noise_f75a172f,data/experiment_dataset/spectrograms/2024-09-30_11-21-14_0000036_noise_f75a172f.png,Not USV,2024-09-30_11-21-14_0000036.wav
2024-09-30_11-18-17_0000001_00002828,data/experiment_dataset/spectrograms/2024-09-30_11-18-17_0000001_00002828.png,USV,2024-09-30_11-18-17_0000001.wav
2024-09-30_11-19-15_0000010_00002128,data/experiment_dataset/spectrograms/2024-09-30_11-19-15_0000010_00002128.png,Not USV,2024-09-30_11-19-15_0000010.wav
2024-09-30_11-18-27_0000003_00001816,data/experiment_dataset/spectrograms/2024-09-30_11-18-27_0000003_00001816.png,USV,2024-09-30_11-18-27_0000003.wav
2024-09-30_11-19-09_0000008_noise_5dc1db89,data/experiment_dataset/spectrograms/2024-09-30_11-19-09_0000008_noise_5dc1db89.png,Not USV,2024-09-30_11-19-09_0000008.wav
2024-09-30_11-21-18_0000037_00001083,data/experiment_dataset/spectrograms/2024-09-30_11-21-18_0000037_00001083.png,USV,2024-09-30_11-21-18_0000037.wav
2024-09-30_11-19-19_0000012_00004324,data/experiment_dataset/spectrograms/2024-09-30_11-19-19_0000012_00004324.png,USV,2024-09-30_11-19-19_0000012.wav
2024-09-30_11-20-41_0000029_noise_91ecf04c,data/experiment_dataset/spectrograms/2024-09-30_11-20-41_0000029_noise_91ecf04c.png,Not USV,2024-09-30_11-20-41_0000029.wav
2024-09-30_11-19-55_0000017_00002566,data/experiment_dataset/spectrograms/2024-09-30_11-19-55_0000017_00002566.png,USV,2024-09-30_11-19-55_0000017.wav
2024-09-30_11-21-01_0000034_noise_d79979de,data/experiment_dataset/spectrograms/2024-09-30_11-21-01_0000034_noise_d79979de.png,Not USV,2024-09-30_11-21-01_0000034.wav
2024-09-30_11-18-27_0000003_00004401,data/experiment_dataset/spectrograms/2024-09-30_11-18-27_0000003_00004401.png,Not USV,2024-09-30_11-18-27_0000003.wav
2024-09-30_11-21-01_0000034_00004955,data/experiment_dataset/spectrograms/2024-09-30_11-21-01_0000034_00004955.png,USV,2024-09-30_11-21-01_0000034.wav
2024-09-30_11-20-26_0000023_noise_ca4f6023,data/experiment_dataset/spectrograms/2024-09-30_11-20-26_0000023_noise_ca4f6023.png,Not USV,2024-09-30_11-20-26_0000023.wav
2024-09-30_11-19-31_0000013_noise_8f04f66b,data/experiment_dataset/spectrograms/2024-09-30_11-19-31_0000013_noise_8f04f66b.png,Not USV,2024-09-30_11-19-31_0000013.wav
2024-09-30_11-19-54_0000016_noise_dd9f94b7,data/experiment_dataset/spectrograms/2024-09-30_11-19-54_0000016_noise_dd9f94b7.png,Not USV,2024-09-30_11-19-54_0000016.wav
2024-09-30_11-20-41_0000029_00003184,data/experiment_dataset/spectrograms/2024-09-30_11-20-41_0000029_00003184.png,USV,2024-09-30_11-20-41_0000029.wav
2024-09-30_11-19-15_0000010_noise_f7f8fc08,data/experiment_dataset/spectrograms/2024-09-30_11-19-15_0000010_noise_f7f8fc08.png,Not USV,2024-09-30_11-19-15_0000010.wav
2024-09-30_11-20-26_0000023_00001175,data/experiment_dataset/spectrograms/2024-09-30_11-20-26_0000023_00001175.png,USV,2024-09-30_11-20-26_0000023.wav
2024-09-30_11-19-55_0000017_noise_ee8036b4,data/experiment_dataset/spectrograms/2024-09-30_11-19-55_0000017_noise_ee8036b4.png,Not USV,2024-09-30_11-19-55_0000017.wav
2024-09-30_11-18-34_0000004_noise_01742422,data/experiment_dataset/spectrograms/2024-09-30_11-18-34_0000004_noise_01742422.png,Not USV,2024-09-30_11-18-34_0000004.wav
2024-09-30_11-18-27_0000003_noise_514429f0,data/experiment_dataset/spectrograms/2024-09-30_11-18-27_0000003_noise_514429f0.png,Not USV,2024-09-30_11-18-27_0000003.wav
random_neg_00097,data/experiment_dataset/spectrograms/random_neg_00097.png,Not USV,2024-09-30_11-21-58_0000049.wav
2024-09-30_11-21-18_0000037_noise_89425dfd,data/experiment_dataset/spectrograms/2024-09-30_11-21-18_0000037_noise_89425dfd.png,Not USV,2024-09-30_11-21-18_0000037.wav
2024-09-30_11-20-32_0000025_00001264,data/experiment_dataset/spectrograms/2024-09-30_11-20-32_0000025_00001264.png,USV,2024-09-30_11-20-32_0000025.wav
2024-09-30_11-19-31_0000013_00001012,data/experiment_dataset/spectrograms/2024-09-30_11-19-31_0000013_00001012.png,Not USV,2024-09-30_11-19-31_0000013.wav
2024-09-30_11-19-16_0000011_00001049,data/experiment_dataset/spectrograms/2024-09-30_11-19-16_0000011_00001049.png,USV,2024-09-30_11-19-16_0000011.wav
2024-09-30_11-20-29_0000024_noise_9d1689b6,data/experiment_dataset/spectrograms/2024-09-30_11-20-29_0000024_noise_9d1689b6.png,Not USV,2024-09-30_11-20-29_0000024.wav
2024-09-30_11-20-03_0000019_noise_cb3235a3,data/experiment_dataset/spectrograms/2024-09-30_11-20-03_0000019_noise_cb3235a3.png,Not USV,2024-09-30_11-20-03_0000019.wav
2024-09-30_11-21-26_0000040_00000990,data/experiment_dataset/spectrograms/2024-09-30_11-21-26_0000040_00000990.png,Not USV,2024-09-30_11-21-26_0000040.wav
2024-09-30_11-19-16_0000011_noise_05be9b28,data/experiment_dataset/spectrograms/2024-09-30_11-19-16_0000011_noise_05be9b28.png,Not USV,2024-09-30_11-19-16_0000011.wav
2024-09-30_11-19-00_0000007_noise_3e5ae455,data/experiment_dataset/spectrograms/2024-09-30_11-19-00_0000007_noise_3e5ae455.png,Not USV,2024-09-30_11-19-00_0000007.wav
2024-09-30_11-21-22_0000038_noise_e317343b,data/experiment_dataset/spectrograms/2024-09-30_11-21-22_0000038_noise_e317343b.png,Not USV,2024-09-30_11-21-22_0000038.wav
2024-09-30_11-20-53_0000032_noise_d20cc3f0,data/experiment_dataset/spectrograms/2024-09-30_11-20-53_0000032_noise_d20cc3f0.png,Not USV,2024-09-30_11-20-53_0000032.wav
2024-09-30_11-18-57_0000006_00001076,data/experiment_dataset/spectrograms/2024-09-30_11-18-57_0000006_00001076.png,USV,2024-09-30_11-18-57_0000006.wav
2024-09-30_11-20-53_0000032_noise_29b24615,data/experiment_dataset/spectrograms/2024-09-30_11-20-53_0000032_noise_29b24615.png,Not USV,2024-09-30_11-20-53_0000032.wav
2024-09-30_11-21-24_0000039_00000947,data/experiment_dataset/spectrograms/2024-09-30_11-21-24_0000039_00000947.png,USV,2024-09-30_11-21-24_0000039.wav
2024-09-30_11-18-17_0000001_00000932,data/experiment_dataset/spectrograms/2024-09-30_11-18-17_0000001_00000932.png,USV,2024-09-30_11-18-17_0000001.wav
random_neg_00039,data/experiment_dataset/spectrograms/random_neg_00039.png,Not USV,2024-09-30_11-20-07_0000020.wav
random_neg_00083,data/experiment_dataset/spectrograms/random_neg_00083.png,Not USV,2024-09-30_11-21-30_0000042.wav
2024-09-30_11-20-41_0000029_noise_91b3b774,data/experiment_dataset/spectrograms/2024-09-30_11-20-41_0000029_noise_91b3b774.png,Not USV,2024-09-30_11-20-41_0000029.wav
2024-09-30_11-18-34_0000004_00004925,data/experiment_dataset/spectrograms/2024-09-30_11-18-34_0000004_00004925.png,USV,2024-09-30_11-18-34_0000004.wav
2024-09-30_11-19-54_0000016_00001018,data/experiment_dataset/spectrograms/2024-09-30_11-19-54_0000016_00001018.png,USV,2024-09-30_11-19-54_0000016.wav
2024-09-30_11-18-17_0000001_00005792,data/experiment_dataset/spectrograms/2024-09-30_11-18-17_0000001_00005792.png,USV,2024-09-30_11-18-17_0000001.wav
2024-09-30_11-20-56_0000033_noise_6285ccbe,data/experiment_dataset/spectrograms/2024-09-30_11-20-56_0000033_noise_6285ccbe.png,Not USV,2024-09-30_11-20-56_0000033.wav
2024-09-30_11-19-19_0000012_noise_51605560,data/experiment_dataset/spectrograms/2024-09-30_11-19-19_0000012_noise_51605560.png,Not USV,2024-09-30_11-19-19_0000012.wav
2024-09-30_11-21-34_0000043_00001780,data/experiment_dataset/spectrograms/2024-09-30_11-21-34_0000043_00001780.png,USV,2024-09-30_11-21-34_0000043.wav
2024-09-30_11-18-27_0000003_noise_0311b479,data/experiment_dataset/spectrograms/2024-09-30_11-18-27_0000003_noise_0311b479.png,Not USV,2024-09-30_11-18-27_0000003.wav
2024-09-30_11-21-14_0000036_00000203,data/experiment_dataset/spectrograms/2024-09-30_11-21-14_0000036_00000203.png,USV,2024-09-30_11-21-14_0000036.wav
2024-09-30_11-18-34_0000004_00006231,data/experiment_dataset/spectrograms/2024-09-30_11-18-34_0000004_00006231.png,USV,2024-09-30_11-18-34_0000004.wav
2024-09-30_11-21-07_0000035_00001128,data/experiment_dataset/spectrograms/2024-09-30_11-21-07_0000035_00001128.png,USV,2024-09-30_11-21-07_0000035.wav
2024-09-30_11-20-53_0000032_noise_28724e24,data/experiment_dataset/spectrograms/2024-09-30_11-20-53_0000032_noise_28724e24.png,Not USV,2024-09-30_11-20-53_0000032.wav
2024-09-30_11-21-07_0000035_00003213,data/experiment_dataset/spectrograms/2024-09-30_11-21-07_0000035_00003213.png,USV,2024-09-30_11-21-07_0000035.wav
2024-09-30_11-20-56_0000033_noise_68d9a642,data/experiment_dataset/spectrograms/2024-09-30_11-20-56_0000033_noise_68d9a642.png,Not USV,2024-09-30_11-20-56_0000033.wav
2024-09-30_11-20-09_0000021_00001243,data/experiment_dataset/spectrograms/2024-09-30_11-20-09_0000021_00001243.png,Not USV,2024-09-30_11-20-09_0000021.wav
2024-09-30_11-18-17_0000001_00002766,data/experiment_dataset/spectrograms/2024-09-30_11-18-17_0000001_00002766.png,USV,2024-09-30_11-18-17_0000001.wav
2024-09-30_11-20-56_0000033_00001315,data/experiment_dataset/spectrograms/2024-09-30_11-20-56_0000033_00001315.png,USV,2024-09-30_11-20-56_0000033.wav
2024-09-30_11-21-18_0000037_noise_b4e86e51,data/experiment_dataset/spectrograms/2024-09-30_11-21-18_0000037_noise_b4e86e51.png,Not USV,2024-09-30_11-21-18_0000037.wav
2024-09-30_11-21-22_0000038_00001740,data/experiment_dataset/spectrograms/2024-09-30_11-21-22_0000038_00001740.png,Not USV,2024-09-30_11-21-22_0000038.wav
2024-09-30_11-20-32_0000025_00001884,data/experiment_dataset/spectrograms/2024-09-30_11-20-32_0000025_00001884.png,Not USV,2024-09-30_11-20-32_0000025.wav
2024-09-30_11-19-16_0000011_00002056,data/experiment_dataset/spectrograms/2024-09-30_11-19-16_0000011_00002056.png,USV,2024-09-30_11-19-16_0000011.wav
2024-09-30_11-21-34_0000043_noise_3c45ac19,data/experiment_dataset/spectrograms/2024-09-30_11-21-34_0000043_noise_3c45ac19.png,Not USV,2024-09-30_11-21-34_0000043.wav
random_neg_00093,data/experiment_dataset/spectrograms/random_neg_00093.png,Not USV,2024-09-30_11-21-50_0000047.wav
2024-09-30_11-18-17_0000001_noise_8f11a5f8,data/experiment_dataset/spectrograms/2024-09-30_11-18-17_0000001_noise_8f11a5f8.png,Not USV,2024-09-30_11-18-17_0000001.wav
2024-09-30_11-21-22_0000038_noise_584ce3f8,data/experiment_dataset/spectrograms/2024-09-30_11-21-22_0000038_noise_584ce3f8.png,Not USV,2024-09-30_11-21-22_0000038.wav
2024-09-30_11-19-00_0000007_noise_b1330e5a,data/experiment_dataset/spectrograms/2024-09-30_11-19-00_0000007_noise_b1330e5a.png,Not USV,2024-09-30_11-19-00_0000007.wav
random_neg_00081,data/experiment_dataset/spectrograms/random_neg_00081.png,Not USV,2024-09-30_11-21-28_0000041.wav
2024-09-30_11-19-19_0000012_noise_2112fd94,data/experiment_dataset/spectrograms/2024-09-30_11-19-19_0000012_noise_2112fd94.png,Not USV,2024-09-30_11-19-19_0000012.wav
2024-09-30_11-21-28_0000041_noise_09b49f7a,data/experiment_dataset/spectrograms/2024-09-30_11-21-28_0000041_noise_09b49f7a.png,Not USV,2024-09-30_11-21-28_0000041.wav
2024-09-30_11-20-09_0000021_00001580,data/experiment_dataset/spectrograms/2024-09-30_11-20-09_0000021_00001580.png,Not USV,2024-09-30_11-20-09_0000021.wav
2024-09-30_11-20-53_0000032_noise_487239eb,data/experiment_dataset/spectrograms/2024-09-30_11-20-53_0000032_noise_487239eb.png,Not USV,2024-09-30_11-20-53_0000032.wav
random_neg_00024,data/experiment_dataset/spectrograms/random_neg_00024.png,Not USV,2024-09-30_11-19-19_0000012.wav
2024-09-30_11-20-41_0000029_noise_c1aead10,data/experiment_dataset/spectrograms/2024-09-30_11-20-41_0000029_noise_c1aead10.png,Not USV,2024-09-30_11-20-41_0000029.wav
2024-09-30_11-19-00_0000007_noise_8473ebda,data/experiment_dataset/spectrograms/2024-09-30_11-19-00_0000007_noise_8473ebda.png,Not USV,2024-09-30_11-19-00_0000007.wav
2024-09-30_11-19-19_0000012_00004660,data/experiment_dataset/spectrograms/2024-09-30_11-19-19_0000012_00004660.png,USV,2024-09-30_11-19-19_0000012.wav
2024-09-30_11-21-01_0000034_noise_3906d96e,data/experiment_dataset/spectrograms/2024-09-30_11-21-01_0000034_noise_3906d96e.png,Not USV,2024-09-30_11-21-01_0000034.wav
2024-09-30_11-19-15_0000010_noise_7ba701c5,data/experiment_dataset/spectrograms/2024-09-30_11-19-15_0000010_noise_7ba701c5.png,Not USV,2024-09-30_11-19-15_0000010.wav
2024-09-30_11-19-00_0000007_noise_2a380230,data/experiment_dataset/spectrograms/2024-09-30_11-19-00_0000007_noise_2a380230.png,Not USV,2024-09-30_11-19-00_0000007.wav
2024-09-30_11-19-00_0000007_noise_1f69f91e,data/experiment_dataset/spectrograms/2024-09-30_11-19-00_0000007_noise_1f69f91e.png,Not USV,2024-09-30_11-19-00_0000007.wav
2024-09-30_11-19-19_0000012_noise_5ff12103,data/experiment_dataset/spectrograms/2024-09-30_11-19-19_0000012_noise_5ff12103.png,Not USV,2024-09-30_11-19-19_0000012.wav
2024-09-30_11-18-27_0000003_00005136,data/experiment_dataset/spectrograms/2024-09-30_11-18-27_0000003_00005136.png,Not USV,2024-09-30_11-18-27_0000003.wav
2024-09-30_11-19-00_0000007_noise_22942aca,data/experiment_dataset/spectrograms/2024-09-30_11-19-00_0000007_noise_22942aca.png,Not USV,2024-09-30_11-19-00_0000007.wav
2024-09-30_11-20-41_0000029_noise_62c63bb9,data/experiment_dataset/spectrograms/2024-09-30_11-20-41_0000029_noise_62c63bb9.png,Not USV,2024-09-30_11-20-41_0000029.wav
random_neg_00005,data/experiment_dataset/spectrograms/random_neg_00005.png,Not USV,2024-09-30_11-18-27_0000003.wav
2024-09-30_11-20-26_0000023_noise_89d7081e,data/experiment_dataset/spectrograms/2024-09-30_11-20-26_0000023_noise_89d7081e.png,Not USV,2024-09-30_11-20-26_0000023.wav
2024-09-30_11-20-26_0000023_00001284,data/experiment_dataset/spectrograms/2024-09-30_11-20-26_0000023_00001284.png,USV,2024-09-30_11-20-26_0000023.wav
2024-09-30_11-18-17_0000001_00003662,data/experiment_dataset/spectrograms/2024-09-30_11-18-17_0000001_00003662.png,USV,2024-09-30_11-18-17_0000001.wav
2024-09-30_11-20-56_0000033_00001033,data/experiment_dataset/spectrograms/2024-09-30_11-20-56_0000033_00001033.png,USV,2024-09-30_11-20-56_0000033.wav
2024-09-30_11-18-27_0000003_noise_e1567e4e,data/experiment_dataset/spectrograms/2024-09-30_11-18-27_0000003_noise_e1567e4e.png,Not USV,2024-09-30_11-18-27_0000003.wav
2024-09-30_11-19-16_0000011_00001021,data/experiment_dataset/spectrograms/2024-09-30_11-19-16_0000011_00001021.png,USV,2024-09-30_11-19-16_0000011.wav
2024-09-30_11-20-32_0000025_00002402,data/experiment_dataset/spectrograms/2024-09-30_11-20-32_0000025_00002402.png,USV,2024-09-30_11-20-32_0000025.wav
2024-09-30_11-19-19_0000012_00005652,data/experiment_dataset/spectrograms/2024-09-30_11-19-19_0000012_00005652.png,USV,2024-09-30_11-19-19_0000012.wav
2024-09-30_11-21-22_0000038_00001455,data/experiment_dataset/spectrograms/2024-09-30_11-21-22_0000038_00001455.png,USV,2024-09-30_11-21-22_0000038.wav
2024-09-30_11-21-14_0000036_noise_112e7e31,data/experiment_dataset/spectrograms/2024-09-30_11-21-14_0000036_noise_112e7e31.png,Not USV,2024-09-30_11-21-14_0000036.wav
2024-09-30_11-21-30_0000042_00001072,data/experiment_dataset/spectrograms/2024-09-30_11-21-30_0000042_00001072.png,Not USV,2024-09-30_11-21-30_0000042.wav
2024-09-30_11-19-09_0000008_noise_21b4c901,data/experiment_dataset/spectrograms/2024-09-30_11-19-09_0000008_noise_21b4c901.png,Not USV,2024-09-30_11-19-09_0000008.wav
2024-09-30_11-21-07_0000035_00002817,data/experiment_dataset/spectrograms/2024-09-30_11-21-07_0000035_00002817.png,USV,2024-09-30_11-21-07_0000035.wav
2024-09-30_11-20-53_0000032_noise_a31926f1,data/experiment_dataset/spectrograms/2024-09-30_11-20-53_0000032_noise_a31926f1.png,Not USV,2024-09-30_11-20-53_0000032.wav
2024-09-30_11-20-53_0000032_00003014,data/experiment_dataset/spectrograms/2024-09-30_11-20-53_0000032_00003014.png,USV,2024-09-30_11-20-53_0000032.wav
2024-09-30_11-18-34_0000004_noise_098b5644,data/experiment_dataset/spectrograms/2024-09-30_11-18-34_0000004_noise_098b5644.png,Not USV,2024-09-30_11-18-34_0000004.wav
2024-09-30_11-19-00_0000007_00005488,data/experiment_dataset/spectrograms/2024-09-30_11-19-00_0000007_00005488.png,USV,2024-09-30_11-19-00_0000007.wav
2024-09-30_11-18-34_0000004_noise_76c1783b,data/experiment_dataset/spectrograms/2024-09-30_11-18-34_0000004_noise_76c1783b.png,Not USV,2024-09-30_11-18-34_0000004.wav
random_neg_00020,data/experiment_dataset/spectrograms/random_neg_00020.png,Not USV,2024-09-30_11-19-15_0000010.wav
2024-09-30_11-18-34_0000004_00007937,data/experiment_dataset/spectrograms/2024-09-30_11-18-34_0000004_00007937.png,USV,2024-09-30_11-18-34_0000004.wav
2024-09-30_11-21-14_0000036_00001606,data/experiment_dataset/spectrograms/2024-09-30_11-21-14_0000036_00001606.png,USV,2024-09-30_11-21-14_0000036.wav
2024-09-30_11-18-34_0000004_00005707,data/experiment_dataset/spectrograms/2024-09-30_11-18-34_0000004_00005707.png,USV,2024-09-30_11-18-34_0000004.wav
2024-09-30_11-18-27_0000003_noise_c960e61f,data/experiment_dataset/spectrograms/2024-09-30_11-18-27_0000003_noise_c960e61f.png,Not USV,2024-09-30_11-18-27_0000003.wav
2024-09-30_11-21-01_0000034_00002797,data/experiment_dataset/spectrograms/2024-09-30_11-21-01_0000034_00002797.png,USV,2024-09-30_11-21-01_0000034.wav
2024-09-30_11-19-55_0000017_00001716,data/experiment_dataset/spectrograms/2024-09-30_11-19-55_0000017_00001716.png,USV,2024-09-30_11-19-55_0000017.wav
2024-09-30_11-18-34_0000004_noise_a5cf1bc5,data/experiment_dataset/spectrograms/2024-09-30_11-18-34_0000004_noise_a5cf1bc5.png,Not USV,2024-09-30_11-18-34_0000004.wav
2024-09-30_11-19-00_0000007_00004836,data/experiment_dataset/spectrograms/2024-09-30_11-19-00_0000007_00004836.png,USV,2024-09-30_11-19-00_0000007.wav
2024-09-30_11-21-28_0000041_noise_6374d8f0,data/experiment_dataset/spectrograms/2024-09-30_11-21-28_0000041_noise_6374d8f0.png,Not USV,2024-09-30_11-21-28_0000041.wav
2024-09-30_11-18-17_0000001_00003548,data/experiment_dataset/spectrograms/2024-09-30_11-18-17_0000001_00003548.png,USV,2024-09-30_11-18-17_0000001.wav
2024-09-30_11-19-15_0000010_noise_9377a9ef,data/experiment_dataset/spectrograms/2024-09-30_11-19-15_0000010_noise_9377a9ef.png,Not USV,2024-09-30_11-19-15_0000010.wav
2024-09-30_11-18-34_0000004_00002724,data/experiment_dataset/spectrograms/2024-09-30_11-18-34_0000004_00002724.png,USV,2024-09-30_11-18-34_0000004.wav
2024-09-30_11-18-57_0000006_00001171,data/experiment_dataset/spectrograms/2024-09-30_11-18-57_0000006_00001171.png,USV,2024-09-30_11-18-57_0000006.wav
2024-09-30_11-20-32_0000025_00001382,data/experiment_dataset/spectrograms/2024-09-30_11-20-32_0000025_00001382.png,USV,2024-09-30_11-20-32_0000025.wav
random_neg_00009,data/experiment_dataset/spectrograms/random_neg_00009.png,Not USV,2024-09-30_11-18-52_0000005.wav
2024-09-30_11-21-34_0000043_00004423,data/experiment_dataset/spectrograms/2024-09-30_11-21-34_0000043_00004423.png,USV,2024-09-30_11-21-34_0000043.wav
2024-09-30_11-18-34_0000004_00008983,data/experiment_dataset/spectrograms/2024-09-30_11-18-34_0000004_00008983.png,USV,2024-09-30_11-18-34_0000004.wav
