file,id,label,accepted,score,begin_time_s,end_time_s,call_length_s,principal_freq_hz,low_freq_hz,high_freq_hz,bandwidth_hz,freq_std_dev_hz,slope,sinuosity,mean_power_db,tonality,peak_freq_khz,source_file,wav_stem,det_start_s,det_end_s,det_duration_ms,det_index,det_prob_max,det_prob_mean,det_user_action,det_json_path,match_quality,match_distance_ms,umap_x,umap_y,hdbscan_label,hdbscan_probability
2024-10-04_10-10-27_0000148,1,Cluster_22,1,1,1.0193,1.0547,0.0353999999999998,29.97237569060773,29.14364640883978,34.11602209944751,4.972375690607734,0.6789444949905626,-9.21066164787951,1.3002361491966117,-65.7310141600842,0.3148646637520311,29.97237569060773,classified_Stats.xlsx,2024-10-04_10-10-27_0000148,0.97792,1.10592,128.0,0,0.9999667406082152,0.9120133865264154,,results/batch_3452_sample/detections/2024-10-04_10-10-27_0000148.json,fuzzy,41.38,4.9940877,12.028735,-1,0.0
2024-10-04_10-10-38_0000150,1,Cluster_22,1,1,1.0470666666666666,1.0819733333333332,0.0349066666666666,27.90322580645161,26.935483870967744,27.90322580645161,0.9677419354838684,0.3568542706378433,-3.0995440379390327,1.103434081074509,-68.8654022596108,0.2540526620506534,27.90322580645161,classified_Stats.xlsx,2024-10-04_10-10-38_0000150,1.02912,1.1229866666666666,93.86666666666656,0,0.9997547268867492,0.9364912276682646,,results/batch_3452_sample/detections/2024-10-04_10-10-38_0000150.json,fuzzy,17.947,4.9862013,12.121892,-1,0.0
2024-10-04_10-10-38_0000150,2,Cluster_28,1,1,1.21467,1.2282,0.01353,27.41935483870968,27.41935483870968,101.20967741935485,73.79032258064517,16.312541661208144,1381.5324785764342,2.35703188171106,-76.67057696916935,0.1879657103551518,27.41935483870968,classified_Stats.xlsx,2024-10-04_10-10-38_0000150,1.1912533333333333,1.2509866666666667,59.73333333333342,1,0.9573436379432678,0.8391879598299662,,results/batch_3452_sample/detections/2024-10-04_10-10-38_0000150.json,fuzzy,23.417,6.3417253,12.726296,-1,0.0
2024-10-04_10-10-38_0000150,3,Cluster_28,1,1,1.3426699999999998,1.3562,0.01353,27.41935483870968,27.41935483870968,101.20967741935485,73.79032258064517,16.312541661208144,1381.5324785764342,2.35703188171106,-76.6700376672008,0.1880102765508434,27.41935483870968,classified_Stats.xlsx,2024-10-04_10-10-38_0000150,1.3192533333333334,1.3789866666666666,59.73333333333319,2,0.9571151733398438,0.839155375957489,,results/batch_3452_sample/detections/2024-10-04_10-10-38_0000150.json,fuzzy,23.417,6.3139434,12.756257,-1,0.0
2024-10-04_10-10-38_0000150,4,Cluster_28,1,1,1.47067,1.4842,0.01353,27.41935483870968,27.41935483870968,101.20967741935485,73.79032258064517,16.61101346788693,1383.8037413980996,2.35703188171106,-76.77256839339037,0.1883637212803462,27.41935483870968,classified_Stats.xlsx,2024-10-04_10-10-38_0000150,1.4472533333333333,1.5069866666666667,59.73333333333342,3,0.9571897387504578,0.8394037405649821,,results/batch_3452_sample/detections/2024-10-04_10-10-38_0000150.json,fuzzy,23.417,6.325088,12.743038,-1,0.0
2024-10-04_10-10-38_0000150,5,Cluster_28,1,1,1.5986699999999998,1.6122,0.01353,27.41935483870968,27.41935483870968,101.20967741935485,73.79032258064517,16.312541661208144,1381.5324785764342,2.35703188171106,-76.67020557130533,0.1879993077194297,27.41935483870968,classified_Stats.xlsx,2024-10-04_10-10-38_0000150,1.5752533333333334,1.6349866666666666,59.73333333333319,4,0.9572550654411316,0.8390686472256979,,results/batch_3452_sample/detections/2024-10-04_10-10-38_0000150.json,fuzzy,23.417,6.357427,12.706233,-1,0.0
2024-10-04_10-10-38_0000150,6,Cluster_28,1,1,1.72667,1.7402,0.01353,27.41935483870968,27.41935483870968,101.20967741935485,73.79032258064517,16.312541661208144,1381.5324785764342,2.35703188171106,-76.67020557130533,0.1879976463117088,27.41935483870968,classified_Stats.xlsx,2024-10-04_10-10-38_0000150,1.7032533333333333,1.7629866666666667,59.73333333333342,5,0.9572550654411316,0.839024023214976,,results/batch_3452_sample/detections/2024-10-04_10-10-38_0000150.json,fuzzy,23.417,6.3473115,12.718655,-1,0.0
2024-10-04_10-30-53_0000317,1,Cluster_1,1,1,1.01652,1.02861,0.0120899999999999,84.04255319148936,82.4468085106383,104.7872340425532,22.34042553191489,4.504279446455954,-177.81459621471734,1.2642252173616235,-68.87205656821567,0.2812444639136207,84.04255319148936,classified_Stats.xlsx,2024-10-04_10-30-53_0000317,1.00352,1.037653333333333,34.13333333333335,0,0.9160361289978028,0.8674454821480645,,results/batch_3452_sample/detections/2024-10-04_10-30-53_0000317.json,fuzzy,13.0,-1.95423,13.667737,0,1.0
2024-10-04_10-32-09_0000322,1,Cluster_10,1,1,1.0385799999999998,1.06214,0.02356,66.73913043478261,61.52173913043478,69.34782608695653,7.826086956521749,1.9715467516315617,269.5641628615717,1.0433786653433588,-64.13715887504829,0.3688290324824688,66.73913043478261,classified_Stats.xlsx,2024-10-04_10-32-09_0000322,1.0248533333333334,1.0760533333333333,51.19999999999991,0,0.9986610412597656,0.9718513488769532,,results/batch_3452_sample/detections/2024-10-04_10-32-09_0000322.json,fuzzy,13.727,0.17903085,15.944253,1,0.9515418197590076
2024-10-04_10-32-09_0000322,2,Cluster_10,1,1,1.306706666666667,1.3145733333333334,0.0078666666666666,66.59663865546219,64.07563025210084,67.85714285714286,3.7815126050420247,0.940865580620394,345.4386377046981,1.091344065288756,-70.87424408435666,0.2444120552895744,66.59663865546219,classified_Stats.xlsx,2024-10-04_10-32-09_0000322,1.289386666666667,1.3448533333333332,55.46666666666656,1,0.992195725440979,0.8914955811841148,,results/batch_3452_sample/detections/2024-10-04_10-32-09_0000322.json,fuzzy,17.32,4.6266437,11.02889,2,0.9910124880099778
2024-10-04_10-32-11_0000323,1,Cluster_10,1,1,0.9995333333333332,1.002306666666667,0.0027733333333334,62.142857142857146,62.142857142857146,63.57142857142857,1.4285714285714235,0.7142857142857117,618.1318681318661,1.0436547459858652,-70.30854993366542,0.227616852965685,62.142857142857146,classified_Stats.xlsx,2024-10-04_10-32-11_0000323,0.9821866666666668,1.0248533333333334,42.66666666666674,0,0.992768406867981,0.9713244383985346,,results/batch_3452_sample/detections/2024-10-04_10-32-11_0000323.json,fuzzy,17.347,4.8123226,10.659806,2,0.9910124880099778
2024-10-04_10-32-11_0000323,2,Cluster_10,1,1,1.1771333333333334,1.2019133333333334,0.02478,64.07563025210084,60.294117647058826,69.11764705882354,8.82352941176471,2.292777708938514,299.04399830336325,1.0396259704873785,-70.45186310213285,0.2454705268172683,62.81512605042017,classified_Stats.xlsx,2024-10-04_10-32-11_0000323,1.1613866666666666,1.2168533333333331,55.466666666666775,1,0.9992960691452026,0.9524027109146118,,results/batch_3452_sample/detections/2024-10-04_10-32-11_0000323.json,fuzzy,15.747,3.507126,12.930574,3,1.0
2024-10-04_10-38-11_0000344,1,Cluster_22,1,1,0.9880933333333332,1.00612,0.0180266666666666,29.285714285714285,27.857142857142858,53.57142857142857,25.71428571428571,4.860642996573198,-293.97426785486465,1.4428735848899823,-69.70087597699245,0.2656293779739379,29.285714285714285,classified_Stats.xlsx,2024-10-04_10-38-11_0000344,0.9821866666666668,1.0248533333333334,42.66666666666674,0,0.9451292157173156,0.8647619540041144,,results/batch_3452_sample/detections/2024-10-04_10-38-11_0000344.json,fuzzy,5.907,5.1979446,12.301973,-1,0.0
2024-10-04_11-04-53_0000479,1,Cluster_10,1,1,0.3014,0.3085866666666667,0.0071866666666666,65.9090909090909,65.9090909090909,65.9090909090909,0.0,2.1795359464770105e-14,-1.4438549260077072e-13,1.0,-76.16812137780632,0.1909645316593592,65.9090909090909,classified_Stats.xlsx,2024-10-04_11-04-53_0000479,0.28672,0.32512,38.40000000000005,0,0.9524666666984558,0.9302010715007782,,results/batch_3452_sample/detections/2024-10-04_11-04-53_0000479.json,fuzzy,14.68,7.0120087,14.510549,0,0.607220626514224
2024-10-04_11-04-53_0000479,2,Cluster_10,1,1,0.57641,0.59609,0.01968,63.70967741935484,61.29032258064516,66.12903225806451,4.838709677419352,1.796944211672129,291.4304982417832,1.0755663748520854,-74.61177549813848,0.1909764122318935,63.70967741935484,classified_Stats.xlsx,2024-10-04_11-04-53_0000479,0.55552,0.6152533333333333,59.733333333333306,1,0.998779833316803,0.912119593222936,,results/batch_3452_sample/detections/2024-10-04_11-04-53_0000479.json,fuzzy,20.89,7.0566945,14.453374,0,0.607220626514224
2024-10-04_11-05-58_0000483,1,Cluster_13,1,1,1.8344033333333332,1.8358566666666667,0.0014533333333333,76.81818181818181,64.54545454545453,117.72727272727272,53.18181818181819,20.372562978527014,-6755.629691409358,7.116430212300364,-80.41071161833784,0.1803300911248909,76.81818181818181,classified_Stats.xlsx,2024-10-04_11-05-58_0000483,1.805653333333333,1.8525866666666664,46.93333333333327,0,0.9709133505821228,0.8742773036162058,,results/batch_3452_sample/detections/2024-10-04_11-05-58_0000483.json,fuzzy,28.75,5.7917986,17.293888,3,1.0
2024-10-04_11-50-24_0000556,1,Cluster_1,1,1,1.0281466666666668,1.036503333333333,0.0083566666666665,76.81818181818181,76.81818181818181,78.18181818181819,1.363636363636374,0.6867411207072763,228.45124560322,1.0170484457621478,-72.26694824533281,0.2347007480147224,78.18181818181819,classified_Stats.xlsx,2024-10-04_11-50-24_0000556,1.0077866666666666,1.05472,46.93333333333349,0,0.9870402216911316,0.9386920730272929,,results/batch_3452_sample/detections/2024-10-04_11-50-24_0000556.json,fuzzy,20.36,-0.36387557,12.242654,0,1.0
2024-10-04_11-50-42_0000557,1,Cluster_1,1,1,1.6900066666666669,1.7139,0.0238933333333333,73.046875,44.921875,123.4375,78.515625,11.550982413859773,-504.0273242535357,5.529332273063077,-76.55260336823095,0.1895008014556953,71.875,classified_Stats.xlsx,2024-10-04_11-50-42_0000557,1.66912,1.73312,64.00000000000006,0,0.9957484602928162,0.9046340174973012,,results/batch_3452_sample/detections/2024-10-04_11-50-42_0000557.json,fuzzy,20.887,4.7432594,17.7692,3,1.0
2024-10-04_11-50-44_0000558,1,Cluster_1,1,1,0.39114,0.40075,0.00961,79.25531914893617,68.08510638297872,95.2127659574468,27.127659574468083,4.072066525064035,-9.396036138570675,2.2333015853730545,-77.3428946566657,0.1879781355300966,79.25531914893617,classified_Stats.xlsx,2024-10-04_11-50-44_0000558,0.3805866666666667,0.41472,34.13333333333329,0,0.8668543100357056,0.8309641083081564,,results/batch_3452_sample/detections/2024-10-04_11-50-44_0000558.json,fuzzy,10.553,5.1528053,15.63029,3,1.0
2024-10-04_11-50-44_0000558,2,Cluster_19,1,1,2.978473333333333,2.9913,0.0128266666666667,73.57142857142857,73.57142857142857,117.85714285714286,44.28571428571429,20.286496743237333,-3369.894587033542,1.4391704280715087,-80.09319088354822,0.1808139046435593,73.57142857142857,classified_Stats.xlsx,2024-10-04_11-50-44_0000558,2.9704533333333334,3.01312,42.66666666666641,1,0.9539425373077391,0.8835278370163657,,results/batch_3452_sample/detections/2024-10-04_11-50-44_0000558.json,fuzzy,8.02,5.992602,16.933956,3,1.0
2024-10-04_11-51-01_0000559,1,Cluster_1,1,1,0.3936333333333333,0.4185933333333334,0.02496,79.28571428571428,53.57142857142857,80.71428571428572,27.142857142857157,7.192345569496733,-1020.1370896554726,1.094441701650855,-77.64924418109011,0.1918270251247476,79.28571428571428,classified_Stats.xlsx,2024-10-04_11-51-01_0000559,0.37632,0.4189866666666667,42.666666666666686,0,0.9495254158973694,0.8738826730034568,,results/batch_3452_sample/detections/2024-10-04_11-51-01_0000559.json,fuzzy,17.313,5.893515,15.932929,3,1.0
2024-10-04_11-51-01_0000559,2,Cluster_10,1,1,0.6917133333333334,0.7018866666666667,0.0101733333333332,65.9090909090909,35.90909090909091,80.9090909090909,45.0,10.769212405226162,403.2755687962064,3.313123777435617,-77.60370449160456,0.1920049152590596,65.9090909090909,classified_Stats.xlsx,2024-10-04_11-51-01_0000559,0.6749866666666666,0.72192,46.93333333333338,1,0.9894669651985168,0.9339488595724106,,results/batch_3452_sample/detections/2024-10-04_11-51-01_0000559.json,fuzzy,16.727,5.8009624,16.344845,3,1.0
2024-10-04_11-51-01_0000559,3,Cluster_10,1,1,1.02203,1.0289333333333337,0.0069033333333334,64.54545454545453,64.54545454545453,64.54545454545453,0.0,7.290014651212246e-15,1.4598329341322276e-12,1.0,-70.9854351033525,0.2368812143195164,64.54545454545453,classified_Stats.xlsx,2024-10-04_11-51-01_0000559,1.00352,1.0504533333333332,46.93333333333327,2,0.9773681163787842,0.8963603526353836,,results/batch_3452_sample/detections/2024-10-04_11-51-01_0000559.json,fuzzy,18.51,4.698766,11.038609,2,0.9910124880099778
2024-10-04_11-51-21_0000560,1,Cluster_31,1,1,1.0344066666666667,1.0548166666666667,0.02041,85.75949367088607,81.9620253164557,120.88607594936708,38.92405063291139,7.718535426902981,121.84608849853142,2.99278390776546,-68.73580045321981,0.2630252811215441,84.81012658227849,classified_Stats.xlsx,2024-10-04_11-51-21_0000560,0.9736533333333334,1.0717866666666669,98.1333333333333,0,0.9985973238945008,0.9011785139640172,,results/batch_3452_sample/detections/2024-10-04_11-51-21_0000560.json,fuzzy,60.753,2.9226513,16.227188,-1,0.0
2024-10-04_11-51-24_0000561,1,Cluster_1,1,1,1.04344,1.0576,0.0141599999999999,84.24369747899159,80.46218487394958,84.24369747899159,3.7815126050420105,1.044155746872262,-211.213544896707,1.053876698326881,-68.88639136684324,0.2609543608194461,84.24369747899159,classified_Stats.xlsx,2024-10-04_11-51-24_0000561,1.01632,1.0717866666666669,55.466666666666775,0,0.998641073703766,0.9521299813474928,,results/batch_3452_sample/detections/2024-10-04_11-51-24_0000561.json,fuzzy,27.12,-1.7937046,13.799271,0,1.0
2024-10-04_11-53-21_0000573,1,Cluster_3,1,1,2.05762,2.07412,0.0164999999999997,92.1641791044776,31.71641791044776,123.50746268656717,91.7910447761194,23.21085586416166,-375.73066950139287,3.4572703587275053,-82.28529881951857,0.1686774300923023,69.77611940298507,classified_Stats.xlsx,2024-10-04_11-53-21_0000573,2.0573866666666665,2.074453333333333,17.066666666667007,0,0.8388185501098633,0.5853661596775055,,results/batch_3452_sample/detections/2024-10-04_11-53-21_0000573.json,fuzzy,0.233,4.4244175,17.366102,3,1.0
2024-10-04_11-53-22_0000574,1,Cluster_10,1,1,1.0472666666666666,1.0603466666666663,0.0130799999999999,56.36363636363636,53.63636363636363,57.72727272727273,4.0909090909090935,1.1932915007502525,274.9446254999119,1.0673896565036645,-70.77799968505464,0.2641687916539488,55.0,classified_Stats.xlsx,2024-10-04_11-53-22_0000574,1.02912,1.0760533333333333,46.93333333333327,0,0.991093099117279,0.9318229804436364,,results/batch_3452_sample/detections/2024-10-04_11-53-22_0000574.json,fuzzy,18.147,3.8171687,10.8776865,2,1.0
2024-10-04_11-53-22_0000574,2,Cluster_10,1,1,1.1998,1.21728,0.0174800000000001,58.91304347826087,57.60869565217392,58.91304347826087,1.3043478260869534,0.5187745076786644,67.87193822145339,1.008766304486968,-68.72496358190031,0.276331833190055,58.91304347826087,classified_Stats.xlsx,2024-10-04_11-53-22_0000574,1.18272,1.23392,51.19999999999991,1,0.9970830082893372,0.9391187200179468,,results/batch_3452_sample/detections/2024-10-04_11-53-22_0000574.json,fuzzy,17.08,3.3383923,11.040493,2,1.0
2024-10-04_11-53-27_0000575,1,Cluster_1,1,1,1.04314,1.05986,0.01672,79.78260869565217,73.2608695652174,81.08695652173914,7.826086956521735,2.3369680117375404,-442.2897766843648,1.0654511305192738,-71.32107655293116,0.2385139002558827,78.47826086956522,classified_Stats.xlsx,2024-10-04_11-53-27_0000575,1.0248533333333334,1.0760533333333333,51.19999999999991,0,0.995675265789032,0.9342673329206612,,results/batch_3452_sample/detections/2024-10-04_11-53-27_0000575.json,fuzzy,18.287,-0.91981834,12.971308,0,1.0
2024-10-04_11-53-27_0000575,2,Cluster_10,1,1,1.5400466666666668,1.552873333333333,0.0128266666666665,55.0,53.57142857142857,80.71428571428572,27.142857142857157,4.183915969937578,398.60566176355616,1.930804389907717,-76.1826201266933,0.1905731106359095,55.0,classified_Stats.xlsx,2024-10-04_11-53-27_0000575,1.5240533333333333,1.56672,42.66666666666663,1,0.986839771270752,0.9530011090365323,,results/batch_3452_sample/detections/2024-10-04_11-53-27_0000575.json,fuzzy,15.993,6.7318187,15.075685,0,0.607220626514224
2024-10-04_14-56-31_0000846,1,Cluster_1,1,1,1.5757533333333331,1.5825566666666668,0.0068033333333334,77.21518987341773,75.31645569620252,100.9493670886076,25.632911392405063,6.457352933153287,1331.6523031914442,1.4262476517908338,-70.14676672895932,0.2364380995699903,77.21518987341773,classified_Stats.xlsx,2024-10-04_14-56-31_0000846,1.545386666666667,1.64352,98.1333333333334,0,0.9227746725082396,0.7352625553806623,,results/batch_3452_sample/detections/2024-10-04_14-56-31_0000846.json,fuzzy,30.367,2.7503881,14.558415,-1,0.0
2024-10-04_17-42-00_0001231,1,Cluster_1,1,1,1.00158,1.01602,0.01444,83.69565217391305,81.08695652173913,87.6086956521739,6.521739130434781,1.6825417637527098,-369.65323006513006,1.1679528830073191,-71.58926528994895,0.242187345706318,85.0,classified_Stats.xlsx,2024-10-04_17-42-00_0001231,0.9821866666666668,1.033386666666667,51.20000000000002,0,0.9951366782188416,0.9435912370681764,,results/batch_3452_sample/detections/2024-10-04_17-42-00_0001231.json,fuzzy,19.393,-1.6268389,12.54295,0,0.9472558812651027
2024-10-04_17-42-00_0001231,2,Cluster_10,1,1,1.1538266666666666,1.1590266666666666,0.0052,61.42857142857143,60.71428571428572,62.142857142857146,1.4285714285714306,0.7529232524210436,351.39279325326066,1.00251251838199,-73.17552146434402,0.2212007556686646,62.142857142857146,classified_Stats.xlsx,2024-10-04_17-42-00_0001231,1.1357866666666667,1.1784533333333334,42.66666666666663,1,0.9716563820838928,0.9095816828987816,,results/batch_3452_sample/detections/2024-10-04_17-42-00_0001231.json,fuzzy,18.04,5.902285,11.1429615,2,0.8770174670365976
2024-10-04_17-48-10_0001242,1,Cluster_22,1,1,1.01236,1.01422,0.0018599999999999,28.19148936170213,26.595744680851062,28.19148936170213,1.595744680851066,0.8529614103588012,551.5246592803214,1.1906827943789875,-70.93688883534938,0.2419053748545286,26.595744680851062,classified_Stats.xlsx,2024-10-04_17-48-10_0001242,0.9949866666666668,1.02912,34.13333333333335,0,0.9228996634483336,0.9103775686687894,,results/batch_3452_sample/detections/2024-10-04_17-48-10_0001242.json,fuzzy,17.373,5.028542,12.075238,-1,0.0
2024-10-04_17-48-12_0001243,1,Cluster_22,1,1,1.0496933333333334,1.0583600000000002,0.0086666666666668,27.857142857142858,26.428571428571427,30.714285714285715,4.285714285714288,1.0879675865519869,-364.8915187376725,1.042228404759011,-72.08819186681652,0.2412118014721095,29.285714285714285,classified_Stats.xlsx,2024-10-04_17-48-12_0001243,1.033386666666667,1.0760533333333333,42.66666666666663,0,0.9542412757873536,0.8992273699153553,,results/batch_3452_sample/detections/2024-10-04_17-48-12_0001243.json,fuzzy,16.307,5.105143,12.199081,-1,0.0
2024-10-04_18-00-18_0001314,1,Cluster_21,1,1,1.19424,1.2109,0.0166600000000001,40.15151515151516,28.03030303030303,121.96969696969695,93.93939393939394,22.35970032190973,-2081.912062885585,3.3832903032539328,-69.37934967822137,0.3143349508270446,38.63636363636364,classified_Stats.xlsx,2024-10-04_18-00-18_0001314,1.1912533333333333,1.2296533333333333,38.39999999999999,0,0.8738759756088257,0.7783604383468627,,results/batch_3452_sample/detections/2024-10-04_18-00-18_0001314.json,fuzzy,2.987,3.038829,17.289265,3,1.0
2024-10-04_18-00-18_0001314,2,Cluster_21,1,1,1.32224,1.3389,0.0166600000000001,40.15151515151516,28.03030303030303,121.96969696969695,93.93939393939394,22.35970032190973,-2081.912062885585,3.3832903032539328,-69.37911374463282,0.3142577136228836,38.63636363636364,classified_Stats.xlsx,2024-10-04_18-00-18_0001314,1.3192533333333334,1.3576533333333334,38.39999999999999,1,0.8738757967948914,0.778340893983841,,results/batch_3452_sample/detections/2024-10-04_18-00-18_0001314.json,fuzzy,2.987,3.09528,17.330614,3,1.0
2024-10-04_19-13-01_0001565,1,Cluster_4,1,1,0.4152666666666667,0.46196,0.0466933333333333,67.46323529411765,29.411764705882355,104.41176470588236,75.0,14.018663279598396,440.6205511363765,2.4706789689951703,-77.68175281730507,0.1837263573740082,79.04411764705883,classified_Stats.xlsx,2024-10-04_19-13-01_0001565,0.4061866666666666,0.47872,72.53333333333333,0,0.928358256816864,0.8180176648828719,,results/batch_3452_sample/detections/2024-10-04_19-13-01_0001565.json,fuzzy,9.08,5.3254895,16.739908,3,1.0
2024-10-04_19-13-01_0001565,2,Cluster_15,1,1,0.6326633333333334,0.6686333333333333,0.0359699999999999,61.81818181818181,26.363636363636363,116.36363636363636,90.0,23.561503803385293,22.46982164520281,4.353726254266038,-77.53499710137964,0.1856883708331483,61.81818181818181,classified_Stats.xlsx,2024-10-04_19-13-01_0001565,0.63232,0.6792533333333334,46.93333333333338,1,0.9832088351249696,0.9029153461257616,,results/batch_3452_sample/detections/2024-10-04_19-13-01_0001565.json,fuzzy,0.343,3.6413898,17.737982,3,1.0
2024-10-04_19-13-01_0001565,3,Cluster_12,1,1,0.87522,0.8961266666666666,0.0209066666666666,59.84848484848485,29.545454545454547,123.48484848484848,93.93939393939394,26.22842810332617,1837.3299453358084,3.349822239402218,-79.4322339639019,0.165124755514036,32.57575757575758,classified_Stats.xlsx,2024-10-04_19-13-01_0001565,0.8712533333333333,0.9096533333333332,38.39999999999999,2,0.9295197129249572,0.8930924594402313,,results/batch_3452_sample/detections/2024-10-04_19-13-01_0001565.json,fuzzy,3.967,3.5566354,17.645641,3,1.0
2024-10-04_19-13-01_0001565,4,Cluster_10,1,1,1.0251333333333337,1.033,0.0078666666666666,61.55462184873949,60.294117647058826,62.81512605042017,2.5210084033613427,1.047414667864054,395.3815732764607,1.0362529801350486,-71.26671316412971,0.2409298408235527,60.294117647058826,classified_Stats.xlsx,2024-10-04_19-13-01_0001565,1.00352,1.0589866666666667,55.466666666666775,3,0.9964869022369384,0.9233724772930144,,results/batch_3452_sample/detections/2024-10-04_19-13-01_0001565.json,fuzzy,21.613,4.5551624,10.791594,2,0.9910124880099778
2024-10-04_19-13-01_0001565,5,Cluster_10,1,1,1.99156,2.002096666666666,0.0105366666666666,59.090909090909086,59.090909090909086,60.45454545454545,1.3636363636363669,0.4545454545454556,137.21111679087468,1.000188828750019,-72.40151060112038,0.221483816935037,59.090909090909086,classified_Stats.xlsx,2024-10-04_19-13-01_0001565,1.97632,2.0232533333333333,46.93333333333327,4,0.9945136308670044,0.9589723696311316,,results/batch_3452_sample/detections/2024-10-04_19-13-01_0001565.json,fuzzy,15.24,5.839254,11.362091,2,0.8770174670365976
2024-10-04_19-13-03_0001566,1,Cluster_10,1,1,0.35316,0.3636966666666666,0.0105366666666666,59.090909090909086,59.090909090909086,60.45454545454545,1.3636363636363669,0.4545454545454556,137.21111679087468,1.000188828750019,-72.40151060112038,0.221483816935037,59.090909090909086,classified_Stats.xlsx,2024-10-04_19-13-03_0001566,0.33792,0.3848533333333333,46.93333333333333,0,0.9944317936897278,0.9542174786329268,,results/batch_3452_sample/detections/2024-10-04_19-13-03_0001566.json,fuzzy,15.24,5.8804135,11.318992,2,0.8770174670365976
2024-10-04_19-13-03_0001566,2,Cluster_10,1,1,1.04401,1.04646,0.00245,58.44594594594595,58.44594594594595,58.44594594594595,0.0,7.78360568894479e-15,-6.635281265082194e-12,1.0,-68.84483704431983,0.2237882622488156,58.44594594594595,classified_Stats.xlsx,2024-10-04_19-13-03_0001566,1.0248533333333334,1.1101866666666669,85.33333333333326,1,0.9746111631393432,0.8961250129200163,,results/batch_3452_sample/detections/2024-10-04_19-13-03_0001566.json,fuzzy,19.157,4.853397,10.469789,2,0.9910124880099778
2024-10-04_19-13-03_0001566,3,Cluster_4,1,1,1.2040166666666667,1.2378066666666667,0.0337899999999999,79.54545454545453,41.36363636363636,80.9090909090909,39.54545454545455,12.772205218589113,-340.07212583256137,1.2915515428111557,-76.876189578584,0.1815469555454378,79.54545454545453,classified_Stats.xlsx,2024-10-04_19-13-03_0001566,1.1912533333333333,1.2381866666666668,46.93333333333349,2,0.9748467803001404,0.8838042095303535,,results/batch_3452_sample/detections/2024-10-04_19-13-03_0001566.json,fuzzy,12.763,5.7470155,16.091347,3,1.0
2024-10-04_19-13-03_0001566,4,Cluster_12,1,1,1.3307399999999998,1.34946,0.01872,80.71428571428572,76.42857142857143,115.0,38.57142857142857,7.857665305812853,41.32793480462523,2.0145527758972235,-77.37104256243921,0.1832573062021098,80.71428571428572,classified_Stats.xlsx,2024-10-04_19-13-03_0001566,1.3192533333333334,1.36192,42.66666666666663,3,0.9749369621276855,0.9272300655191597,,results/batch_3452_sample/detections/2024-10-04_19-13-03_0001566.json,fuzzy,11.487,4.7777424,15.828557,3,1.0
2024-10-04_19-13-03_0001566,5,Cluster_10,1,1,1.73588,1.7518399999999998,0.0159599999999999,62.82608695652174,61.52173913043478,64.13043478260869,2.608695652173907,0.9177054378368774,167.9444497814988,1.0776766576611647,-70.29081132858235,0.2565111030928566,62.82608695652174,classified_Stats.xlsx,2024-10-04_19-13-03_0001566,1.72032,1.77152,51.19999999999991,4,0.9963728189468384,0.9633362063994776,,results/batch_3452_sample/detections/2024-10-04_19-13-03_0001566.json,fuzzy,15.56,4.080008,11.122903,2,0.9960086460536662
2024-10-04_19-13-03_0001566,6,Cluster_10,1,1,1.916486666666667,1.9185666666666663,0.0020799999999998,62.142857142857146,62.142857142857146,62.142857142857146,0.0,0.0,5.612273723455123e-12,1.0,-72.64183700039288,0.2265097187111733,62.142857142857146,classified_Stats.xlsx,2024-10-04_19-13-03_0001566,1.89952,1.9421866666666667,42.66666666666663,5,0.9790940880775452,0.9079567085612904,,results/batch_3452_sample/detections/2024-10-04_19-13-03_0001566.json,fuzzy,16.967,5.9283133,11.198847,2,0.8770174670365976
2024-10-04_19-13-03_0001566,7,Cluster_10,1,1,2.51548,2.54276,0.0272800000000001,68.18181818181819,63.63636363636364,105.6818181818182,42.04545454545455,6.676748155673347,504.3301944154484,1.9890549462931848,-76.25662778598199,0.1917584829815877,71.5909090909091,classified_Stats.xlsx,2024-10-04_19-13-03_0001566,2.4925866666666665,2.560853333333333,68.2666666666667,6,0.9966676831245422,0.9350754864075604,,results/batch_3452_sample/detections/2024-10-04_19-13-03_0001566.json,fuzzy,22.893,5.0436397,15.981332,3,1.0
2024-10-04_19-13-03_0001566,8,Cluster_1,1,1,2.78852,2.83556,0.0470399999999999,77.70270270270271,63.51351351351352,78.71621621621622,15.202702702702709,6.980656674861587,416.617782745178,1.0217228978920494,-69.337594662056,0.2397976349612431,78.71621621621622,classified_Stats.xlsx,2024-10-04_19-13-03_0001566,2.76992,2.855253333333333,85.33333333333326,7,0.99903404712677,0.9675699472427368,,results/batch_3452_sample/detections/2024-10-04_19-13-03_0001566.json,fuzzy,18.6,2.3308446,15.212439,3,1.0
2024-10-04_19-13-03_0001566,9,Cluster_13,1,1,3.00748,3.05893,0.0514499999999999,91.8918918918919,62.5,93.91891891891892,31.41891891891892,12.44480490637898,626.1956164614434,1.0343698703266009,-71.16303845944138,0.2271851593140455,91.8918918918919,classified_Stats.xlsx,2024-10-04_19-13-03_0001566,2.9917866666666666,3.07712,85.33333333333326,8,0.9753957390785216,0.9238521882465908,,results/batch_3452_sample/detections/2024-10-04_19-13-03_0001566.json,fuzzy,15.693,2.9248972,15.459275,3,1.0
2024-10-04_19-13-03_0001566,10,Cluster_10,1,1,3.2596,3.268723333333333,0.0091233333333335,62.96296296296296,62.03703703703704,87.03703703703704,25.0,5.6824549099706765,998.8739965856664,1.3116113546152106,-70.29809626537214,0.2532076100693436,62.96296296296296,classified_Stats.xlsx,2024-10-04_19-13-03_0001566,3.24352,3.34592,102.39999999999982,9,0.9905446767807008,0.889361162185669,,results/batch_3452_sample/detections/2024-10-04_19-13-03_0001566.json,fuzzy,16.08,3.0638986,14.391996,3,0.897934480719222
2024-10-04_19-13-03_0001566,11,Cluster_10,1,1,3.43575,3.4803,0.04455,64.70588235294119,61.39705882352941,104.41176470588236,43.01470588235295,8.814661292468063,568.3683529232501,1.2080236545287018,-68.3633691302101,0.261108407097898,63.602941176470594,classified_Stats.xlsx,2024-10-04_19-13-03_0001566,3.42272,3.4952533333333333,72.53333333333333,10,0.9987300038337708,0.9540498124228584,,results/batch_3452_sample/detections/2024-10-04_19-13-03_0001566.json,fuzzy,13.03,2.437461,16.169756,3,1.0
2024-10-04_19-13-03_0001566,12,Cluster_10,1,1,3.60192,3.62201,0.0200900000000001,64.91935483870968,63.70967741935484,109.67741935483872,45.96774193548388,6.503989377842909,303.6147582557809,2.52553698485556,-69.05134701802056,0.2835081102274318,64.91935483870968,classified_Stats.xlsx,2024-10-04_19-13-03_0001566,3.5805866666666666,3.64032,59.73333333333342,11,0.9987741112709044,0.9083564201990764,,results/batch_3452_sample/detections/2024-10-04_19-13-03_0001566.json,fuzzy,21.333,2.7664707,16.36698,3,1.0
2024-10-04_19-13-03_0001566,13,Cluster_10,1,1,3.75532,3.77295,0.01763,63.70967741935484,63.70967741935484,64.91935483870968,1.20967741935484,0.5141415949635989,66.04648511352076,1.0286205023337684,-70.28665189262621,0.2399944278811883,63.70967741935484,classified_Stats.xlsx,2024-10-04_19-13-03_0001566,3.72992,3.789653333333333,59.73333333333342,12,0.9991825222969056,0.9598100185394288,,results/batch_3452_sample/detections/2024-10-04_19-13-03_0001566.json,fuzzy,25.4,4.40688,11.065549,2,0.9910124880099778
2024-10-04_19-13-08_0001567,1,Cluster_10,1,1,1.0387666666666666,1.04986,0.0110933333333334,59.285714285714285,59.285714285714285,59.285714285714285,0.0,2.1680689359681412e-14,4.747507072668335e-13,1.0,-70.01378500328845,0.2870427548919925,59.285714285714285,classified_Stats.xlsx,2024-10-04_19-13-08_0001567,1.0248533333333334,1.06752,42.66666666666663,0,0.9817482829093932,0.9486318718303334,,results/batch_3452_sample/detections/2024-10-04_19-13-08_0001567.json,fuzzy,13.913,3.4735022,10.913409,2,1.0
2024-10-04_19-13-08_0001567,2,Cluster_10,1,1,2.10781,2.1119966666666663,0.0041866666666665,60.12658227848101,59.177215189873415,60.12658227848101,0.9493670886075948,0.5003603892671485,302.34620656293123,1.0436547459858652,-66.06615707712028,0.2254482770729496,59.177215189873415,classified_Stats.xlsx,2024-10-04_19-13-08_0001567,2.04032,2.138453333333333,98.13333333333362,1,0.9903891682624816,0.8902793501814207,,results/batch_3452_sample/detections/2024-10-04_19-13-08_0001567.json,fuzzy,67.49,4.808988,10.489868,2,0.9910124880099778
2024-10-04_19-13-08_0001567,3,Cluster_10,1,1,2.2387333333333337,2.283066666666667,0.0443333333333333,59.285714285714285,57.14285714285714,65.71428571428572,8.571428571428584,2.809101771486473,-134.08724419891064,1.06689793977399,-69.62039329804317,0.2546741569432301,58.21428571428572,classified_Stats.xlsx,2024-10-04_19-13-08_0001567,2.223786666666667,2.300586666666667,76.79999999999998,2,0.9910308122634888,0.9594731801434568,,results/batch_3452_sample/detections/2024-10-04_19-13-08_0001567.json,fuzzy,14.947,3.5324776,13.0988,3,1.0
2024-10-04_19-13-08_0001567,4,Cluster_10,1,1,2.3839333333333337,2.3966733333333337,0.0127399999999999,55.30303030303031,53.78787878787879,87.12121212121212,33.333333333333336,7.1752314326469815,-960.6880980385448,2.1056844215187067,-78.41532040954158,0.1868427212132145,55.30303030303031,classified_Stats.xlsx,2024-10-04_19-13-08_0001567,2.3773866666666668,2.4157866666666665,38.39999999999976,3,0.963373363018036,0.9368296802043916,,results/batch_3452_sample/detections/2024-10-04_19-13-08_0001567.json,fuzzy,6.547,6.081135,16.38577,3,1.0
2024-10-04_19-13-08_0001567,5,Cluster_1,1,1,2.5899,2.59755,0.0076499999999999,76.28676470588235,74.63235294117646,77.94117647058823,3.308823529411768,1.204586716404293,483.1137821485677,1.056767801064601,-71.51341300077894,0.2347990643767598,75.73529411764707,classified_Stats.xlsx,2024-10-04_19-13-08_0001567,2.53952,2.6120533333333333,72.53333333333333,4,0.995977818965912,0.9175225926770104,,results/batch_3452_sample/detections/2024-10-04_19-13-08_0001567.json,fuzzy,50.38,-0.3649051,12.339609,0,1.0
2024-10-04_19-13-08_0001567,6,Cluster_14,1,1,3.36225,3.3706066666666668,0.0083566666666667,59.090909090909086,57.72727272727273,123.18181818181816,65.45454545454544,19.34337200621957,-1287.8518285894186,5.11513754482958,-78.50588260048335,0.1802356380705712,59.090909090909086,classified_Stats.xlsx,2024-10-04_19-13-08_0001567,3.34592,3.392853333333333,46.93333333333349,5,0.9828326106071472,0.9031342367331188,,results/batch_3452_sample/detections/2024-10-04_19-13-08_0001567.json,fuzzy,16.33,4.8660817,17.738043,3,1.0
2024-10-04_19-13-13_0001568,1,Cluster_10,1,1,1.037726666666667,1.04882,0.0110933333333331,56.42857142857143,53.57142857142857,56.42857142857143,2.857142857142861,0.8501700510170065,-166.6531997414336,1.1399562079790198,-70.26821930209942,0.2762967088048826,56.42857142857143,classified_Stats.xlsx,2024-10-04_19-13-13_0001568,1.0248533333333334,1.06752,42.66666666666663,0,0.9655418395996094,0.9091889804059808,,results/batch_3452_sample/detections/2024-10-04_19-13-13_0001568.json,fuzzy,12.873,3.6624875,10.930675,2,1.0
2024-10-04_19-13-13_0001568,2,Cluster_24,1,1,1.56846,1.57188,0.0034199999999999,94.1304347826087,56.30434782608695,94.1304347826087,37.82608695652175,18.660229333804292,9319.742042854155,2.669591783960665,-75.05576791604298,0.2271350323325562,94.1304347826087,classified_Stats.xlsx,2024-10-04_19-13-13_0001568,1.54112,1.59232,51.19999999999991,1,0.99482262134552,0.9324537194692172,,results/batch_3452_sample/detections/2024-10-04_19-13-13_0001568.json,fuzzy,27.34,3.8786943,16.14961,3,1.0
2024-10-04_19-13-13_0001568,3,Cluster_10,1,1,1.7013266666666669,1.7056533333333332,0.0043266666666665,61.55462184873949,61.55462184873949,62.81512605042017,1.260504201680675,0.363876220077496,100.84631221221468,1.0753115567951084,-74.37005669254758,0.2007245678639105,61.55462184873949,classified_Stats.xlsx,2024-10-04_19-13-13_0001568,1.6733866666666666,1.7288533333333334,55.466666666666775,2,0.9945915341377258,0.921539408820016,,results/batch_3452_sample/detections/2024-10-04_19-13-13_0001568.json,fuzzy,27.94,7.197629,14.450827,0,0.607220626514224
2024-10-04_19-13-14_0001569,1,Cluster_10,1,1,0.11695,0.12925,0.0123,61.29032258064516,60.08064516129032,63.70967741935484,3.62903225806452,1.160227222512806,250.73065701288488,1.0683266871261836,-75.3181795464459,0.1930812715820045,61.29032258064516,classified_Stats.xlsx,2024-10-04_19-13-14_0001569,0.0861866666666666,0.14592,59.73333333333333,0,0.9946190118789672,0.8955119212468465,,results/batch_3452_sample/detections/2024-10-04_19-13-14_0001569.json,fuzzy,30.763,7.1680074,14.502016,0,0.607220626514224
2024-10-04_19-13-14_0001569,2,Cluster_10,1,1,1.004746666666667,1.0103,0.0055533333333332,53.78787878787879,53.78787878787879,53.78787878787879,0.0,7.311424431968683e-15,2.138793363243313e-12,1.0,-67.87682510499104,0.2970623083531442,53.78787878787879,classified_Stats.xlsx,2024-10-04_19-13-14_0001569,0.99072,1.02912,38.39999999999999,1,0.9320229291915894,0.8854195535182953,,results/batch_3452_sample/detections/2024-10-04_19-13-14_0001569.json,fuzzy,14.027,3.4220433,10.958042,2,1.0
2024-10-04_19-13-16_0001570,1,Cluster_10,1,1,1.0423266666666666,1.0581133333333332,0.0157866666666666,60.15625,60.15625,61.328125,1.171875,0.5634174705702325,-7.513354938314357,1.0671697668713125,-67.98775046085754,0.2743610837518687,60.15625,classified_Stats.xlsx,2024-10-04_19-13-16_0001570,1.02912,1.09312,64.00000000000006,0,0.9996731281280518,0.9348710980266332,,results/batch_3452_sample/detections/2024-10-04_19-13-16_0001570.json,fuzzy,13.207,3.302555,11.096378,2,1.0
2024-10-04_21-04-45_0001873,1,Cluster_1,1,1,0.9973,1.0271666666666666,0.0298666666666665,76.42857142857143,75.35714285714286,78.57142857142857,3.214285714285708,1.1998595007959891,124.0952819966359,1.0182981388536594,-68.85781313979187,0.2565618747460222,77.5,classified_Stats.xlsx,2024-10-04_21-04-45_0001873,0.96512,1.04192,76.79999999999998,0,0.9997625946998596,0.9739581503366168,,results/batch_3452_sample/detections/2024-10-04_21-04-45_0001873.json,fuzzy,32.18,-0.5387294,14.12437,0,0.7213641345182247
2024-10-05_01-15-14_0002549,1,Cluster_10,1,1,1.14966,1.19058,0.04092,70.72192513368984,69.11764705882354,73.93048128342247,4.81283422459893,1.2236375701532554,-84.98920233327821,1.0693060849584024,-67.56104398463216,0.2526994130033717,70.72192513368984,classified_Stats.xlsx,2024-10-05_01-15-14_0002549,1.1229866666666666,1.25952,136.5333333333334,0,0.9998589754104614,0.937168401299101,,results/batch_3452_sample/detections/2024-10-05_01-15-14_0002549.json,fuzzy,26.673,-0.4271256,14.154659,0,0.7213641345182247
2024-10-05_01-15-14_0002549,2,Cluster_10,1,1,1.33688,1.4552,0.1183199999999999,58.318267712465406,26.23316788336094,69.57142857142858,43.33826068806764,12.821425011026475,103.83297121355004,1.3418990389234762,-65.00788685917283,0.3217081357366871,55.85714285714285,classified_Stats.xlsx,2024-10-05_01-15-14_0002549,1.33632,1.4557866666666666,119.4666666666666,1,0.9585188627243042,0.7952117591068663,,results/batch_3452_sample/detections/2024-10-05_01-15-14_0002549.json,fuzzy,0.56,0.7098128,16.530533,1,1.0
2024-10-05_01-15-14_0002549,3,Cluster_30,1,1,2.43746,2.44316,0.0057,112.3913043478261,112.3913043478261,112.3913043478261,0.0,1.4676907639293466e-14,-5.086118630849374e-12,1.0,-71.81052723851644,0.2311193835041687,112.3913043478261,classified_Stats.xlsx,2024-10-05_01-15-14_0002549,2.4157866666666665,2.4669866666666667,51.20000000000013,2,0.985498547554016,0.9176816573509804,,results/batch_3452_sample/detections/2024-10-05_01-15-14_0002549.json,fuzzy,21.673,-3.377141,10.850161,0,1.0
2024-10-05_02-08-02_0002747,1,Cluster_25,1,1,0.3670933333333333,0.4004133333333333,0.03332,73.48484848484848,49.24242424242424,121.96969696969695,72.72727272727272,19.8144538714286,133.6579422185727,6.922070630821352,-80.90341250574916,0.1691228171644798,73.48484848484848,classified_Stats.xlsx,2024-10-05_02-08-02_0002747,0.36352,0.40192,38.39999999999999,0,0.9264442324638368,0.8949076354503631,,results/batch_3452_sample/detections/2024-10-05_02-08-02_0002747.json,fuzzy,3.573,4.749593,17.993155,3,1.0
2024-10-05_02-08-02_0002747,2,Cluster_25,1,1,0.4950933333333333,0.5284133333333333,0.0333199999999999,73.48484848484848,49.24242424242424,121.96969696969695,72.72727272727272,19.8144538714286,133.6579422185727,6.922070630821352,-80.90348044956785,0.1691182690578681,73.48484848484848,classified_Stats.xlsx,2024-10-05_02-08-02_0002747,0.49152,0.52992,38.399999999999935,1,0.926842212677002,0.8951092898845673,,results/batch_3452_sample/detections/2024-10-05_02-08-02_0002747.json,fuzzy,3.573,4.695793,18.008717,3,1.0
2024-10-05_02-08-02_0002747,3,Cluster_1,1,1,1.004746666666667,1.0206133333333334,0.0158666666666666,80.46218487394958,80.46218487394958,81.72268907563026,1.260504201680675,0.5882693976799609,-79.50570992371298,1.030743960004054,-70.41922240362072,0.248299556030159,80.46218487394958,classified_Stats.xlsx,2024-10-05_02-08-02_0002747,0.9864533333333332,1.04192,55.46666666666666,2,0.9979925155639648,0.9568726718425752,,results/batch_3452_sample/detections/2024-10-05_02-08-02_0002747.json,fuzzy,18.293,-1.2169363,13.067742,0,1.0
2024-10-05_02-08-08_0002748,1,Cluster_1,1,1,0.06295,0.06667,0.00372,82.4468085106383,80.85106382978724,82.4468085106383,1.5957446808510696,0.6997803345534801,-424.2497379079458,1.0309443222940804,-72.49818189478066,0.2394920371114537,82.4468085106383,classified_Stats.xlsx,2024-10-05_02-08-08_0002748,0.0520533333333333,0.0861866666666666,34.133333333333326,0,0.8966856598854065,0.8799747890896268,,results/batch_3452_sample/detections/2024-10-05_02-08-08_0002748.json,fuzzy,10.897,-1.611374,12.205886,0,1.0
2024-10-05_02-08-08_0002748,2,Cluster_1,1,1,0.99096,1.01824,0.0272799999999999,80.68181818181819,80.68181818181819,95.45454545454548,14.77272727272728,2.071240899404626,-10.394497856430425,1.4143234257505033,-70.12155810670953,0.2645853158491513,80.68181818181819,classified_Stats.xlsx,2024-10-05_02-08-08_0002748,0.9693866666666666,1.037653333333333,68.2666666666667,1,0.999784767627716,0.9439760727040908,,results/batch_3452_sample/detections/2024-10-05_02-08-08_0002748.json,fuzzy,21.573,-1.9105943,13.691986,0,1.0
2024-10-05_02-08-16_0002750,1,Cluster_1,1,1,1.00704,1.02262,0.0155800000000001,79.78260869565217,78.47826086956522,79.78260869565217,1.3043478260869534,0.3521122987819666,-4.874918184157318,1.0502015214729556,-71.12709627506116,0.2463204697034216,79.78260869565217,classified_Stats.xlsx,2024-10-05_02-08-16_0002750,0.99072,1.04192,51.19999999999991,0,0.9943556785583496,0.9406399864416856,,results/batch_3452_sample/detections/2024-10-05_02-08-16_0002750.json,fuzzy,16.32,-0.9268486,12.829144,0,1.0
2024-10-05_05-00-47_0003055,1,Cluster_22,1,1,0.99925,1.00142,0.00217,40.95744680851064,40.95744680851064,42.5531914893617,1.5957446808510625,0.5641809424360748,428.963623884696,1.0485281374238569,-72.1847765195049,0.2292071377590423,42.5531914893617,classified_Stats.xlsx,2024-10-05_05-00-47_0003055,0.9821866666666668,1.01632,34.13333333333324,0,0.8735239505767822,0.8207034269968668,,results/batch_3452_sample/detections/2024-10-05_05-00-47_0003055.json,fuzzy,17.063,5.147351,12.080267,-1,0.0
2024-10-05_14-23-10_0003517,1,Cluster_30,1,1,2.0094066666666666,2.0113666666666665,0.0019599999999999,114.3939393939394,114.3939393939394,114.3939393939394,0.0,0.0,1.3590177916973072e-11,1.0,-74.10286775742598,0.2167543105676022,114.3939393939394,classified_Stats.xlsx,2024-10-05_14-23-10_0003517,1.9933866666666664,2.031786666666666,38.39999999999999,0,0.8845740556716919,0.8308209717273712,,results/batch_3452_sample/detections/2024-10-05_14-23-10_0003517.json,fuzzy,16.02,-3.4051528,10.809961,0,1.0
2024-10-05_14-23-10_0003517,2,Cluster_2,1,1,2.11738,2.13591,0.0185300000000001,112.27272727272728,35.90909090909091,119.09090909090908,83.18181818181817,11.373884724676392,-918.1752886504988,3.207263811306877,-68.91824528610162,0.2761680087549926,112.27272727272728,classified_Stats.xlsx,2024-10-05_14-23-10_0003517,2.10432,2.151253333333333,46.93333333333349,1,0.9719834327697754,0.9133115112781524,,results/batch_3452_sample/detections/2024-10-05_14-23-10_0003517.json,fuzzy,13.06,3.3775241,16.35627,3,1.0
2024-10-05_14-23-10_0003517,3,Cluster_30,1,1,2.22634,2.246793333333333,0.0204533333333332,105.67226890756302,100.63025210084034,106.9327731092437,6.30252100840336,1.5737342738811415,-125.87458781124892,1.0951334255133476,-70.2113137622626,0.2433749431164228,105.67226890756302,classified_Stats.xlsx,2024-10-05_14-23-10_0003517,2.210986666666667,2.266453333333333,55.46666666666633,2,0.99619460105896,0.9197812804153987,,results/batch_3452_sample/detections/2024-10-05_14-23-10_0003517.json,fuzzy,15.353,-3.340787,11.106303,0,1.0
2024-10-05_14-23-10_0003517,4,Cluster_13,1,1,2.331093333333333,2.355593333333333,0.0245000000000001,90.15151515151516,31.060606060606062,117.42424242424242,86.36363636363636,23.23550125040168,-1881.9859779414464,3.151223755364008,-77.02649689432815,0.1882259123440302,88.63636363636363,classified_Stats.xlsx,2024-10-05_14-23-10_0003517,2.3176533333333333,2.3560533333333336,38.40000000000021,3,0.9321905970573424,0.8510081231594085,,results/batch_3452_sample/detections/2024-10-05_14-23-10_0003517.json,fuzzy,13.44,4.396859,17.337427,3,1.0
2024-10-05_16-05-40_0003685,1,Cluster_17,1,1,1.04362,1.09686,0.0532399999999999,92.04545454545456,26.13636363636364,125.0,98.86363636363636,45.63663088753804,-1896.9084363716015,4.689540218031286,-71.86479151637151,0.2395809720554548,125.0,classified_Stats.xlsx,2024-10-05_16-05-40_0003685,1.02912,1.0973866666666667,68.2666666666667,0,0.9060914516448976,0.7411019381354836,,results/batch_3452_sample/detections/2024-10-05_16-05-40_0003685.json,fuzzy,14.5,4.096813,17.66532,3,1.0
2024-10-05_16-05-44_0003687,1,Cluster_25,1,1,0.612,0.6378400000000001,0.02584,66.73913043478261,65.43478260869566,98.04347826086956,32.60869565217391,9.259791890597077,-391.2136802778677,1.2104509030948791,-77.08106422890927,0.1888300467253868,66.73913043478261,classified_Stats.xlsx,2024-10-05_16-05-44_0003687,0.6024533333333333,0.6536533333333333,51.20000000000002,0,0.9836906790733336,0.8654269484373239,,results/batch_3452_sample/detections/2024-10-05_16-05-44_0003687.json,fuzzy,9.547,5.4623575,15.94894,3,1.0
2024-10-05_16-05-44_0003687,2,Cluster_8,1,1,0.7366466666666667,0.75102,0.0143733333333333,65.9090909090909,59.84848484848485,120.45454545454544,60.6060606060606,23.95296301881671,1260.2996905746952,2.6822209107227346,-78.33898236861823,0.1875090205018064,65.9090909090909,classified_Stats.xlsx,2024-10-05_16-05-44_0003687,0.7176533333333334,0.7560533333333334,38.39999999999999,1,0.949219286441803,0.8959818720817566,,results/batch_3452_sample/detections/2024-10-05_16-05-44_0003687.json,fuzzy,18.993,4.0579166,16.485725,3,1.0
2024-10-05_16-05-44_0003687,3,Cluster_10,1,1,1.0024866666666667,1.0188366666666666,0.0163499999999998,65.9090909090909,64.54545454545453,67.27272727272728,2.727272727272748,0.8434823356732999,149.98622811640016,1.0174051428055986,-68.14657695082039,0.2928912670614914,65.9090909090909,classified_Stats.xlsx,2024-10-05_16-05-44_0003687,0.9864533333333332,1.033386666666667,46.93333333333338,2,0.995392084121704,0.9676877856254578,,results/batch_3452_sample/detections/2024-10-05_16-05-44_0003687.json,fuzzy,16.033,2.9657624,11.303298,2,1.0
2024-10-05_16-05-46_0003688,1,Cluster_1,1,1,1.0166333333333333,1.0253,0.0086666666666666,82.14285714285714,80.71428571428572,83.57142857142857,2.857142857142847,1.1659749762374525,204.28289659058987,1.0662741699796952,-69.31261595325823,0.2712053142010618,82.14285714285714,classified_Stats.xlsx,2024-10-05_16-05-46_0003688,0.9992533333333332,1.04192,42.66666666666663,0,0.9660594463348388,0.918179528279738,,results/batch_3452_sample/detections/2024-10-05_16-05-46_0003688.json,fuzzy,17.38,-1.3265945,13.939811,0,0.8433907961829372
2024-10-05_16-05-46_0003688,2,Cluster_1,1,1,1.3211466666666667,1.3231066666666669,0.0019599999999999,84.0909090909091,84.0909090909091,84.0909090909091,0.0,1.5349477418661813e-14,3.2083573438975287e-12,1.0,-71.91450278509625,0.2240121604015297,84.0909090909091,classified_Stats.xlsx,2024-10-05_16-05-46_0003688,1.3021866666666666,1.3405866666666666,38.39999999999999,1,0.9208762645721436,0.8799670457839965,,results/batch_3452_sample/detections/2024-10-05_16-05-46_0003688.json,fuzzy,18.96,-1.9809816,11.997594,0,1.0
2024-10-05_16-05-46_0003688,3,Cluster_10,1,1,1.7630266666666667,1.7765466666666667,0.0135199999999999,60.71428571428572,59.285714285714285,60.71428571428572,1.4285714285714306,0.7280674163394661,-119.21185741539958,1.0527582853453308,-70.70955853128523,0.2439399618296791,59.285714285714285,classified_Stats.xlsx,2024-10-05_16-05-46_0003688,1.7501866666666666,1.7928533333333334,42.666666666666856,2,0.9842848777770996,0.9554250511256132,,results/batch_3452_sample/detections/2024-10-05_16-05-46_0003688.json,fuzzy,12.84,4.160442,10.772866,2,1.0
2024-10-05_16-05-46_0003688,4,Cluster_10,1,1,1.91824,1.92356,0.0053200000000002,70.65217391304347,69.34782608695653,70.65217391304347,1.3043478260869392,0.6614250689179679,330.9905197777033,1.026970194214801,-74.62560227500161,0.1962814747084625,69.34782608695653,classified_Stats.xlsx,2024-10-05_16-05-46_0003688,1.88672,1.93792,51.20000000000013,3,0.9847666025161744,0.8823871062352107,,results/batch_3452_sample/detections/2024-10-05_16-05-46_0003688.json,fuzzy,31.52,6.802398,14.437788,0,0.607220626514224
2024-10-05_16-05-46_0003688,5,Cluster_1,1,1,2.06576,2.07374,0.0079800000000003,75.86956521739131,73.26086956521739,77.17391304347827,3.9130434782608745,1.219728336772372,469.0364853532719,1.048528137423857,-70.12556587355031,0.2477619637002327,77.17391304347827,classified_Stats.xlsx,2024-10-05_16-05-46_0003688,2.04032,2.09152,51.20000000000013,4,0.9951684474945068,0.935019497688,,results/batch_3452_sample/detections/2024-10-05_16-05-46_0003688.json,fuzzy,25.44,-0.3232339,12.76975,0,1.0
2024-10-05_16-05-46_0003688,6,Cluster_13,1,1,2.646676666666667,2.64813,0.001453333333333,85.0,71.36363636363636,109.54545454545452,38.18181818181817,16.52196134275741,-10508.757297748134,4.029532034568425,-81.41250719789134,0.1822467557980594,106.8181818181818,classified_Stats.xlsx,2024-10-05_16-05-46_0003688,2.6077866666666667,2.65472,46.93333333333349,5,0.9178794026374816,0.7935992876688639,,results/batch_3452_sample/detections/2024-10-05_16-05-46_0003688.json,fuzzy,38.89,5.7721324,17.254452,3,1.0
2024-10-05_16-05-50_0003689,1,Cluster_1,1,1,0.0226266666666666,0.07596,0.0533333333333333,83.59375,27.34375,119.921875,92.578125,19.21619742216494,167.03469983174813,8.102669150168316,-80.05652736163738,0.1672180463031286,88.28125,classified_Stats.xlsx,2024-10-05_16-05-50_0003689,0.0221866666666666,0.0861866666666666,64.0,0,0.9561386704444884,0.900528073310852,,results/batch_3452_sample/detections/2024-10-05_16-05-50_0003689.json,fuzzy,0.44,4.7973933,18.210808,3,1.0
2024-10-05_16-05-50_0003689,2,Cluster_25,1,1,0.4662266666666666,0.4926866666666666,0.02646,65.9090909090909,26.51515151515152,105.3030303030303,78.78787878787878,12.743980461658127,-721.4611572135891,2.826881607121152,-77.47374912289702,0.190343541522083,65.9090909090909,classified_Stats.xlsx,2024-10-05_16-05-50_0003689,0.46592,0.50432,38.39999999999999,1,0.9482505321502686,0.9153424620628356,,results/batch_3452_sample/detections/2024-10-05_16-05-50_0003689.json,fuzzy,0.307,5.3432326,16.706913,3,1.0
2024-10-05_16-05-50_0003689,3,Cluster_21,1,1,0.76636,0.7713,0.0049399999999999,66.73913043478261,56.30434782608695,94.1304347826087,37.82608695652175,10.474571774375336,-1546.508411496964,3.707541167115232,-78.76344667405193,0.1889658053167725,66.73913043478261,classified_Stats.xlsx,2024-10-05_16-05-50_0003689,0.7389866666666667,0.7901866666666667,51.20000000000002,2,0.9857945442199708,0.8756839014016665,,results/batch_3452_sample/detections/2024-10-05_16-05-50_0003689.json,fuzzy,27.373,5.968609,16.897491,3,1.0
2024-10-05_16-05-50_0003689,4,Cluster_10,1,1,1.00604,1.0304266666666666,0.0243866666666665,64.07563025210084,62.81512605042017,66.59663865546219,3.7815126050420176,1.058809391557821,123.99027407573224,1.026189676835294,-68.30471485800781,0.284517156124669,65.33613445378151,classified_Stats.xlsx,2024-10-05_16-05-50_0003689,0.99072,1.0461866666666666,55.46666666666656,3,0.998946487903595,0.9540549729551588,,results/batch_3452_sample/detections/2024-10-05_16-05-50_0003689.json,fuzzy,15.32,2.8949223,11.290481,2,1.0
2024-10-05_16-05-50_0003689,5,Cluster_30,1,1,1.77542,1.7948,0.0193799999999999,92.82608695652172,91.52173913043478,94.1304347826087,2.608695652173921,0.9038280876307636,-42.58468223430777,1.0726640190667085,-70.11428138013517,0.2625750603544886,92.82608695652172,classified_Stats.xlsx,2024-10-05_16-05-50_0003689,1.75872,1.80992,51.19999999999991,4,0.9642951488494872,0.853990036707658,,results/batch_3452_sample/detections/2024-10-05_16-05-50_0003689.json,fuzzy,16.7,-3.1177175,11.783655,0,0.7809575289949291
2024-10-05_16-05-50_0003689,6,Cluster_30,1,1,1.9177666666666664,1.9238333333333333,0.0060666666666666,100.0,97.85714285714286,101.07142857142856,3.214285714285708,1.0446013456309575,489.4595200717636,1.0675310529977695,-70.08811649143551,0.2402091945250456,98.92857142857144,classified_Stats.xlsx,2024-10-05_16-05-50_0003689,1.87392,1.95072,76.79999999999998,5,0.9864999651908876,0.9327298026335868,,results/batch_3452_sample/detections/2024-10-05_16-05-50_0003689.json,fuzzy,43.847,-3.4208384,11.181923,0,1.0
2024-10-05_16-05-50_0003689,7,Cluster_1,1,1,2.45804,2.4646266666666663,0.0065866666666662,75.71428571428572,73.57142857142857,76.42857142857143,2.857142857142861,1.14473529883719,-508.13847806329017,1.0378673104428844,-69.82288712450057,0.2612859516017505,75.0,classified_Stats.xlsx,2024-10-05_16-05-50_0003689,2.441386666666667,2.484053333333333,42.66666666666641,6,0.9589641690254213,0.8966371200301431,,results/batch_3452_sample/detections/2024-10-05_16-05-50_0003689.json,fuzzy,16.653,-0.74742925,13.312061,0,1.0
2024-10-05_16-05-50_0003689,8,Cluster_10,1,1,2.60982,2.63402,0.0242,64.77272727272728,62.5,67.04545454545455,4.545454545454547,1.7064613205593793,194.04073082405208,1.0294197856718523,-71.46930414913238,0.2291447160500373,67.04545454545455,classified_Stats.xlsx,2024-10-05_16-05-50_0003689,2.586453333333333,2.65472,68.2666666666667,7,0.9998513460159302,0.9394377259647144,,results/batch_3452_sample/detections/2024-10-05_16-05-50_0003689.json,fuzzy,23.367,3.7857757,12.714813,3,1.0
2024-10-05_16-05-50_0003689,9,Cluster_24,1,1,2.9688,3.0252666666666665,0.0564666666666666,64.67741935483872,28.870967741935484,118.87096774193547,90.0,19.08229424330164,225.0390950170017,4.687897086267068,-75.35847171257463,0.1931329206063523,63.70967741935484,classified_Stats.xlsx,2024-10-05_16-05-50_0003689,2.953386666666667,3.0472533333333334,93.86666666666656,8,0.9939538836479188,0.915049108474151,,results/batch_3452_sample/detections/2024-10-05_16-05-50_0003689.json,fuzzy,15.413,3.570868,17.589731,3,1.0
2024-10-05_16-05-50_0003689,10,Cluster_10,1,1,3.50186,3.50934,0.0074800000000001,64.77272727272728,63.63636363636364,65.9090909090909,2.2727272727272663,0.803530433166531,311.83634828442115,1.041547833709885,-70.51033720014169,0.2419478433406856,64.77272727272728,classified_Stats.xlsx,2024-10-05_16-05-50_0003689,3.4824533333333334,3.55072,68.2666666666667,9,0.9958547949790956,0.8963605165481567,,results/batch_3452_sample/detections/2024-10-05_16-05-50_0003689.json,fuzzy,19.407,4.514661,11.041727,2,0.9910124880099778
2024-10-05_16-05-50_0003689,11,Cluster_10,1,1,3.64074,3.65382,0.0130799999999999,63.18181818181818,61.81818181818181,65.9090909090909,4.0909090909090935,1.196796035464092,282.95272138825885,1.0768090743596812,-68.53420510690167,0.2828728899485652,63.18181818181818,classified_Stats.xlsx,2024-10-05_16-05-50_0003689,3.623253333333333,3.6701866666666665,46.93333333333305,10,0.996666133403778,0.9713016549746196,,results/batch_3452_sample/detections/2024-10-05_16-05-50_0003689.json,fuzzy,17.487,3.062549,11.232846,2,1.0
2024-10-05_16-05-50_0003689,12,Cluster_1,1,1,3.89459,3.9088,0.0142099999999998,81.75675675675676,80.74324324324326,88.85135135135135,8.108108108108098,2.0847444487608984,111.81756772095336,1.4372655494782154,-68.85630136881251,0.258129758419682,81.75675675675676,classified_Stats.xlsx,2024-10-05_16-05-50_0003689,3.84512,3.930453333333333,85.33333333333326,11,0.9926618337631226,0.9091613931315286,,results/batch_3452_sample/detections/2024-10-05_16-05-50_0003689.json,fuzzy,49.47,-1.9146231,13.596273,0,1.0
2024-10-05_16-05-50_0003689,13,Cluster_1,1,1,4.230650000000001,4.235550000000001,0.0049000000000001,76.6891891891892,75.67567567567568,76.6891891891892,1.0135135135135158,0.529290170135569,-169.23231208945404,1.082842712474619,-68.33520828922559,0.238964581359139,76.6891891891892,classified_Stats.xlsx,2024-10-05_16-05-50_0003689,4.169386666666667,4.25472,85.33333333333282,12,0.9965484738349916,0.9055988575731004,,results/batch_3452_sample/detections/2024-10-05_16-05-50_0003689.json,fuzzy,61.263,-0.67378914,13.194855,0,1.0
2024-10-05_16-05-50_0003689,14,Cluster_10,1,1,4.60574,4.61014,0.0044000000000004,61.36363636363637,61.36363636363637,62.5,1.1363636363636331,0.5307947346555824,234.7858752817428,1.1186845599851676,-74.04808636262186,0.2207676311240332,61.36363636363637,classified_Stats.xlsx,2024-10-05_16-05-50_0003689,4.583253333333333,4.65152,68.26666666666625,13,0.9980164766311646,0.926973002798417,,results/batch_3452_sample/detections/2024-10-05_16-05-50_0003689.json,fuzzy,22.487,5.9782906,11.309054,2,0.8770174670365976
2024-10-05_16-05-50_0003689,15,Cluster_1,1,1,5.344023333333333,5.35022,0.0061966666666668,81.25,81.25,81.25,0.0,0.0,-4.0526993363569805e-13,1.0,-68.17620486490978,0.2516723486319211,81.25,classified_Stats.xlsx,2024-10-05_16-05-50_0003689,5.287253333333333,5.36832,81.06666666666662,14,0.9992345571517944,0.9505876928567888,,results/batch_3452_sample/detections/2024-10-05_16-05-50_0003689.json,fuzzy,56.77,-1.3931317,13.719676,0,1.0
2024-10-05_16-05-50_0003689,16,Cluster_10,1,1,5.60844,5.649240000000001,0.0408000000000008,63.54166666666667,62.5,82.29166666666667,19.79166666666667,5.600725689574805,485.8965495510742,1.0150570103366838,-70.49718095512493,0.2326357253275212,63.54166666666667,classified_Stats.xlsx,2024-10-05_16-05-50_0003689,5.590186666666667,5.6712533333333335,81.06666666666662,15,0.9935507774353028,0.9341838777065276,,results/batch_3452_sample/detections/2024-10-05_16-05-50_0003689.json,fuzzy,18.253,3.2846673,13.788524,3,1.0
2024-10-05_16-05-50_0003689,17,Cluster_10,1,1,5.771859999999999,5.780943333333333,0.0090833333333337,64.54545454545453,61.81818181818181,65.9090909090909,4.0909090909090935,1.8265183214014495,534.0892524457277,1.0838486732069743,-72.9650037397271,0.2330436147328886,65.9090909090909,classified_Stats.xlsx,2024-10-05_16-05-50_0003689,5.756586666666666,5.80352,46.93333333333349,16,0.9800586104393004,0.9160757039984068,,results/batch_3452_sample/detections/2024-10-05_16-05-50_0003689.json,fuzzy,15.273,5.6482234,11.053821,2,0.8770174670365976
2024-10-05_16-05-50_0003689,18,Cluster_10,1,1,7.166333333333333,7.180866666666667,0.0145333333333335,63.18181818181818,61.81818181818181,80.9090909090909,19.090909090909093,3.588031067611977,-172.6214045778917,1.27665051738242,-75.619894850278,0.1901260021870139,63.18181818181818,classified_Stats.xlsx,2024-10-05_16-05-50_0003689,7.151786666666666,7.19872,46.93333333333349,17,0.9835363626480104,0.9372534304857254,,results/batch_3452_sample/detections/2024-10-05_16-05-50_0003689.json,fuzzy,14.547,6.85271,14.797526,0,0.607220626514224
2024-10-05_16-05-58_0003690,1,Cluster_1,1,1,0.54648,0.58904,0.04256,83.69565217391305,49.78260869565217,122.82608695652172,73.04347826086956,14.777641559610238,-84.65631159913848,6.048103336785333,-80.82673268646033,0.1680697413220779,83.69565217391305,classified_Stats.xlsx,2024-10-05_16-05-58_0003690,0.5384533333333333,0.5896533333333334,51.20000000000002,0,0.962735950946808,0.8543884891730088,,results/batch_3452_sample/detections/2024-10-05_16-05-58_0003690.json,fuzzy,8.027,4.633634,18.022806,3,1.0
2024-10-05_16-05-58_0003690,2,Cluster_4,1,1,0.7180466666666667,0.7409266666666666,0.0228799999999999,59.285714285714285,53.57142857142857,100.71428571428572,47.14285714285715,11.161109015576027,-634.3658673742176,1.82090776215919,-79.40696821420548,0.1878959101722323,59.285714285714285,classified_Stats.xlsx,2024-10-05_16-05-58_0003690,0.7176533333333334,0.76032,42.66666666666663,1,0.9830510020256042,0.945823084224354,,results/batch_3452_sample/detections/2024-10-05_16-05-58_0003690.json,fuzzy,0.393,5.7118073,16.23929,3,1.0
2024-10-05_16-05-58_0003690,3,Cluster_1,1,1,1.0094,1.0314,0.022,80.62913907284768,76.65562913907286,80.62913907284768,3.973509933774821,0.8370942850863022,75.64850927937533,1.0521449073032696,-67.2170644021033,0.2865724407815894,79.63576158940397,classified_Stats.xlsx,2024-10-05_16-05-58_0003690,0.9608533333333332,1.0504533333333332,89.59999999999991,2,0.9977516531944276,0.9459591074423356,,results/batch_3452_sample/detections/2024-10-05_16-05-58_0003690.json,fuzzy,48.547,-0.6986271,14.705717,0,0.7213641345182247
2024-10-05_16-06-01_0003691,1,Cluster_1,1,1,0.99756,1.0291333333333332,0.0315733333333332,81.25,80.078125,82.421875,2.34375,0.8714008123996249,-52.54462643293735,1.0838632482375776,-68.09552694710223,0.2802626400542657,81.25,classified_Stats.xlsx,2024-10-05_16-06-01_0003691,0.9821866666666668,1.0461866666666666,63.99999999999994,0,0.9992949962615968,0.9527147486805916,,results/batch_3452_sample/detections/2024-10-05_16-06-01_0003691.json,fuzzy,15.373,-0.7083174,14.619759,0,0.7213641345182247
2024-10-05_16-06-01_0003691,2,Cluster_1,1,1,1.722006666666667,1.75486,0.0328533333333334,81.25,78.90625,114.0625,35.156250000000014,4.0008295896680215,-190.54045983684043,1.3509329809984525,-75.35895623684874,0.1975262673971427,83.59375,classified_Stats.xlsx,2024-10-05_16-06-01_0003691,1.70752,1.77152,64.00000000000006,1,0.9988516569137572,0.9132222272455692,,results/batch_3452_sample/detections/2024-10-05_16-06-01_0003691.json,fuzzy,14.487,4.7614236,15.722948,3,1.0
2024-10-05_16-06-03_0003692,1,Cluster_1,1,1,0.0836066666666666,0.11646,0.0328533333333333,81.25,78.90625,114.0625,35.156250000000014,4.0008295896680215,-190.54045983684043,1.3509329809984525,-75.35895623684874,0.1975262673971427,83.59375,classified_Stats.xlsx,2024-10-05_16-06-03_0003692,0.06912,0.13312,63.99999999999999,0,0.998875081539154,0.9168922025710344,,results/batch_3452_sample/detections/2024-10-05_16-06-03_0003692.json,fuzzy,14.487,4.7293105,15.653502,3,1.0
2024-10-05_16-06-03_0003692,2,Cluster_1,1,1,0.8677199999999999,0.8697999999999999,0.0020799999999999,73.57142857142857,65.0,92.14285714285714,27.14285714285714,8.265516080309693,-1030.2197802197877,4.416610168545493,-78.34174578970926,0.191886598390678,73.57142857142857,classified_Stats.xlsx,2024-10-05_16-06-03_0003692,0.8541866666666666,0.8968533333333333,42.66666666666663,1,0.9274424910545348,0.864173482764851,,results/batch_3452_sample/detections/2024-10-05_16-06-03_0003692.json,fuzzy,13.533,5.7652607,16.78362,3,1.0
2024-10-05_16-06-03_0003692,3,Cluster_1,1,1,1.0138066666666663,1.04666,0.0328533333333334,81.25,63.671875,81.25,17.578125,7.102437963240601,610.682702396083,1.0251279222561007,-67.41956865293363,0.2846267245498793,81.25,classified_Stats.xlsx,2024-10-05_16-06-03_0003692,0.9992533333333332,1.0632533333333334,64.00000000000006,2,0.9991281628608704,0.9580153971910476,,results/batch_3452_sample/detections/2024-10-05_16-06-03_0003692.json,fuzzy,14.553,1.8658924,15.273647,3,1.0
2024-10-05_16-06-06_0003693,1,Cluster_1,1,1,1.1383666666666667,1.1537066666666669,0.0153399999999999,84.24369747899159,82.98319327731093,85.50420168067227,2.521008403361336,0.5820380208375867,24.20415315526366,1.0775025785187005,-69.48949122011354,0.255757521693076,84.24369747899159,classified_Stats.xlsx,2024-10-05_16-06-06_0003693,1.11872,1.1741866666666667,55.466666666666775,0,0.9943910241127014,0.9087591149977275,,results/batch_3452_sample/detections/2024-10-05_16-06-06_0003693.json,fuzzy,19.647,-1.992676,13.458452,0,1.0
2024-10-05_16-06-06_0003693,2,Cluster_1,1,1,1.2663666666666666,1.2817066666666663,0.0153399999999999,84.24369747899159,82.98319327731093,85.50420168067227,2.521008403361336,0.5820380208375867,24.20415315526366,1.0775025785187005,-69.48968715231638,0.2557273878910712,84.24369747899159,classified_Stats.xlsx,2024-10-05_16-06-06_0003693,1.24672,1.3021866666666666,55.46666666666656,1,0.9943904280662536,0.9087805194514138,,results/batch_3452_sample/detections/2024-10-05_16-06-06_0003693.json,fuzzy,19.647,-2.041539,13.522999,0,1.0
2024-10-05_16-06-06_0003693,3,Cluster_1,1,1,1.3943666666666668,1.4097066666666669,0.0153399999999999,84.24369747899159,82.98319327731093,85.50420168067227,2.521008403361336,0.5820380208375867,24.20415315526366,1.0775025785187005,-69.48963022159892,0.255717181335017,84.24369747899159,classified_Stats.xlsx,2024-10-05_16-06-06_0003693,1.37472,1.4301866666666667,55.466666666666775,2,0.9943845272064208,0.9086923152208328,,results/batch_3452_sample/detections/2024-10-05_16-06-06_0003693.json,fuzzy,19.647,-2.0446491,13.533605,0,1.0
2024-10-05_16-06-06_0003693,4,Cluster_1,1,1,1.5223666666666666,1.5377066666666666,0.0153399999999999,84.24369747899159,82.98319327731093,85.50420168067227,2.521008403361336,0.5820380208375867,24.20415315526366,1.0775025785187005,-69.48966977632519,0.2556922828794724,84.24369747899159,classified_Stats.xlsx,2024-10-05_16-06-06_0003693,1.50272,1.5581866666666666,55.46666666666656,3,0.99437415599823,0.9088145579610551,,results/batch_3452_sample/detections/2024-10-05_16-06-06_0003693.json,fuzzy,19.647,-1.9915032,13.484454,0,1.0
2024-10-05_16-06-06_0003693,5,Cluster_1,1,1,1.6503666666666668,1.665706666666667,0.0153399999999999,84.24369747899159,82.98319327731093,85.50420168067227,2.521008403361336,0.5754206556038746,24.92619450276012,1.0785069896610266,-69.57304219494684,0.2546660261333512,84.24369747899159,classified_Stats.xlsx,2024-10-05_16-06-06_0003693,1.63072,1.6861866666666667,55.466666666666775,4,0.994375467300415,0.908723390528134,,results/batch_3452_sample/detections/2024-10-05_16-06-06_0003693.json,fuzzy,19.647,-1.9818188,13.494243,0,1.0
2024-10-05_16-06-06_0003693,6,Cluster_1,1,1,1.7783666666666669,1.7937066666666666,0.0153399999999999,84.24369747899159,82.98319327731093,85.50420168067227,2.521008403361336,0.5754206556038746,24.92619450276012,1.0785069896610266,-69.57304219494684,0.2546708133472154,84.24369747899159,classified_Stats.xlsx,2024-10-05_16-06-06_0003693,1.75872,1.8141866666666664,55.46666666666656,5,0.9943773150444032,0.9087162443569728,,results/batch_3452_sample/detections/2024-10-05_16-06-06_0003693.json,fuzzy,19.647,-1.99015,13.372636,0,1.0
2024-10-05_16-06-06_0003693,7,Cluster_1,1,1,1.9063,1.9108733333333332,0.0045733333333333,84.0909090909091,82.57575757575758,84.0909090909091,1.5151515151515156,0.7683220497531971,447.2568248078469,1.026970194214801,-70.61070583114649,0.2608908383106719,84.0909090909091,classified_Stats.xlsx,2024-10-05_16-06-06_0003693,1.88672,1.92512,38.39999999999999,6,0.942454159259796,0.8694964230060578,,results/batch_3452_sample/detections/2024-10-05_16-06-06_0003693.json,fuzzy,19.58,-2.098643,13.187784,0,1.0
2024-10-05_16-06-24_0003695,1,Cluster_10,1,1,1.67188,1.68898,0.0171000000000001,58.91304347826087,45.869565217391305,98.04347826086956,52.17391304347826,6.596297194728783,-681.2066969095906,1.392549171349428,-67.56107942765657,0.2836328019263349,55.0,classified_Stats.xlsx,2024-10-05_16-06-24_0003695,1.65632,1.70752,51.19999999999991,0,0.99076908826828,0.8891985622736124,,results/batch_3452_sample/detections/2024-10-05_16-06-24_0003695.json,fuzzy,15.56,2.636075,16.450981,3,1.0
2024-10-05_16-06-24_0003695,2,Cluster_4,1,1,1.899506666666667,1.94484,0.0453333333333334,64.70588235294119,26.102941176470587,92.27941176470588,66.1764705882353,22.43205077442888,98.04038136666108,5.609408825627159,-76.58793377334054,0.1906786498884007,42.64705882352941,classified_Stats.xlsx,2024-10-05_16-06-24_0003695,1.878186666666667,1.95072,72.53333333333333,1,0.9899712800979614,0.9141605529520248,,results/batch_3452_sample/detections/2024-10-05_16-06-24_0003695.json,fuzzy,21.32,3.918787,17.66916,3,1.0
2024-10-05_16-06-24_0003695,3,Cluster_4,1,1,2.13458,2.16422,0.0296400000000001,74.56521739130434,30.217391304347828,79.78260869565217,49.56521739130434,9.58844837692565,1322.3480102676897,1.247531875260539,-70.51873917898801,0.2413845074407294,75.86956521739131,classified_Stats.xlsx,2024-10-05_16-06-24_0003695,2.1341866666666665,2.1853866666666666,51.20000000000013,2,0.9963468909263612,0.911462494960198,,results/batch_3452_sample/detections/2024-10-05_16-06-24_0003695.json,fuzzy,0.393,3.1969125,15.82894,3,1.0
2024-10-05_16-06-24_0003695,4,Cluster_33,1,1,2.2797,2.3179800000000004,0.0382800000000003,65.9090909090909,55.68181818181819,125.0,69.31818181818183,18.57079818593084,1171.032586780979,1.7071704967330137,-74.09484509212503,0.1988659922955379,62.5,classified_Stats.xlsx,2024-10-05_16-06-24_0003695,2.266453333333333,2.33472,68.2666666666667,3,0.9762327671051024,0.8479305821306565,,results/batch_3452_sample/detections/2024-10-05_16-06-24_0003695.json,fuzzy,13.247,4.097394,16.534948,3,1.0
2024-10-05_16-06-24_0003695,5,Cluster_25,1,1,2.7087233333333334,2.723983333333333,0.0152599999999996,89.09090909090908,29.09090909090909,93.18181818181816,64.09090909090908,21.265071784628823,-1651.7188581286855,7.367744936757249,-75.60925231371114,0.1901100361377946,40.0,classified_Stats.xlsx,2024-10-05_16-06-24_0003695,2.69312,2.740053333333333,46.93333333333349,4,0.9704508185386658,0.9130343496799468,,results/batch_3452_sample/detections/2024-10-05_16-06-24_0003695.json,fuzzy,15.603,5.001996,17.905878,3,1.0
2024-10-05_16-06-24_0003695,6,Cluster_1,1,1,2.8753200000000003,2.915836666666667,0.0405166666666665,63.54166666666667,59.375,86.45833333333334,27.083333333333343,11.75560354895135,681.1773120650339,1.0362542999351336,-69.65172440311122,0.2405607833070689,63.54166666666667,classified_Stats.xlsx,2024-10-05_16-06-24_0003695,2.855253333333333,2.93632,81.06666666666662,5,0.9976131916046144,0.9504944264888764,,results/batch_3452_sample/detections/2024-10-05_16-06-24_0003695.json,fuzzy,20.067,2.485746,15.647614,3,1.0
2024-10-05_16-06-28_0003696,1,Cluster_10,1,1,1.0158466666666666,1.0296133333333333,0.0137666666666667,58.40336134453781,56.5126050420168,60.294117647058826,3.7815126050420247,1.4222017446961774,-320.0547282586881,1.0692637253387656,-64.68973337171518,0.3445361987813825,57.77310924369748,classified_Stats.xlsx,2024-10-05_16-06-28_0003696,0.9949866666666668,1.0504533333333332,55.46666666666656,0,0.9955536723136902,0.9014915866511208,,results/batch_3452_sample/detections/2024-10-05_16-06-28_0003696.json,fuzzy,20.86,3.1820138,11.510639,1,0.6462516816995428
2024-10-05_16-06-34_0003697,1,Cluster_1,1,1,0.5901000000000001,0.5933700000000001,0.0032699999999999,74.0909090909091,72.72727272727272,74.0909090909091,1.363636363636374,0.658698943008609,204.71605125483936,1.2225949137424166,-73.080841772444,0.2260061226607261,74.0909090909091,classified_Stats.xlsx,2024-10-05_16-06-34_0003697,0.56832,0.6152533333333333,46.93333333333327,0,0.9869912266731262,0.9333703269561132,,results/batch_3452_sample/detections/2024-10-05_16-06-34_0003697.json,fuzzy,21.78,-0.0816438,12.078307,0,0.8921031006456888
2024-10-05_16-42-28_0003763,1,Cluster_1,1,1,0.7557333333333334,0.7923133333333333,0.0365799999999999,80.46218487394958,52.73109243697479,119.53781512605042,66.80672268907563,16.033701889217973,267.53150549687274,6.022209373895992,-79.65116034823349,0.1676454389738191,81.72268907563026,classified_Stats.xlsx,2024-10-05_16-42-28_0003763,0.7517866666666667,0.8072533333333334,55.46666666666666,0,0.9246767163276672,0.8190914009298597,,results/batch_3452_sample/detections/2024-10-05_16-42-28_0003763.json,fuzzy,3.947,4.555296,17.795057,3,1.0
2024-10-05_16-42-28_0003763,2,Cluster_10,1,1,1.05006,1.0552866666666667,0.0052266666666667,65.9090909090909,65.9090909090909,65.9090909090909,0.0,1.464821375527116e-14,-1.5206813257239449e-12,1.0,-69.55182172201707,0.2611320822315132,65.9090909090909,classified_Stats.xlsx,2024-10-05_16-42-28_0003763,1.033386666666667,1.0717866666666669,38.39999999999999,1,0.9492583870887756,0.8955568075180054,,results/batch_3452_sample/detections/2024-10-05_16-42-28_0003763.json,fuzzy,16.673,4.162084,11.252434,2,0.9290635022008273
2024-10-05_16-56-53_0003827,1,Cluster_10,1,1,1.0128633333333334,1.0175866666666666,0.0047233333333331,68.63636363636363,68.63636363636363,70.0,1.363636363636374,0.3644471480623977,107.23221732395804,1.0288232155261725,-69.49436971984332,0.2530744584560692,68.63636363636363,classified_Stats.xlsx,2024-10-05_16-56-53_0003827,0.99072,1.037653333333333,46.93333333333327,0,0.9683910608291626,0.8852835247913996,,results/batch_3452_sample/detections/2024-10-05_16-56-53_0003827.json,fuzzy,22.143,4.2487087,11.32624,2,0.8818588850661943
2024-10-05_16-56-53_0003827,2,Cluster_1,1,1,1.50192,1.50397,0.0020500000000001,84.87903225806451,84.2741935483871,85.48387096774194,1.2096774193548328,0.6625676098852823,-84.29807800383792,1.3313708498984762,-72.16458506734456,0.2285956643353069,84.2741935483871,classified_Stats.xlsx,2024-10-05_16-56-53_0003827,1.4600533333333334,1.5197866666666666,59.73333333333319,1,0.9912471175193788,0.9121320406595866,,results/batch_3452_sample/detections/2024-10-05_16-56-53_0003827.json,fuzzy,41.867,-1.9711455,12.06618,0,1.0
2024-10-05_16-56-53_0003827,3,Cluster_10,1,1,1.58438,1.5909666666666666,0.0065866666666667,68.57142857142857,65.0,70.71428571428572,5.714285714285722,2.096569673443836,833.7222622936896,1.0462092149455282,-71.40322469352446,0.2197230519084464,69.28571428571428,classified_Stats.xlsx,2024-10-05_16-56-53_0003827,1.56672,1.6093866666666667,42.666666666666856,2,0.9683142304420472,0.9300508065657184,,results/batch_3452_sample/detections/2024-10-05_16-56-53_0003827.json,fuzzy,17.66,5.2643104,11.092361,2,0.8770174670365976
2024-10-05_16-56-53_0003827,4,Cluster_21,1,1,1.6678066666666669,1.7114066666666667,0.0436,67.27272727272727,42.72727272727273,115.0,72.27272727272728,11.842931092843925,-1189.2291783983503,1.48760008162864,-76.4878101310725,0.1943567789434781,67.27272727272727,classified_Stats.xlsx,2024-10-05_16-56-53_0003827,1.6648533333333333,1.7117866666666666,46.93333333333327,3,0.9811192750930786,0.9331183632214864,,results/batch_3452_sample/detections/2024-10-05_16-56-53_0003827.json,fuzzy,2.953,5.378601,16.667635,3,1.0
2024-10-05_16-56-53_0003827,5,Cluster_10,1,1,1.78188,1.79176,0.0098800000000001,69.34782608695653,68.04347826086956,70.65217391304347,2.608695652173907,1.044314046554916,261.9424816221156,1.0470197358872944,-69.56397003718436,0.2496508518693389,69.34782608695653,classified_Stats.xlsx,2024-10-05_16-56-53_0003827,1.75872,1.80992,51.19999999999991,4,0.9906855225563048,0.9345928430557252,,results/batch_3452_sample/detections/2024-10-05_16-56-53_0003827.json,fuzzy,23.16,4.305027,11.3942,2,0.8596177171343363
2024-10-05_17-01-35_0003878,1,Cluster_1,1,1,0.4167966666666666,0.4229733333333333,0.0061766666666666,87.72727272727272,87.72727272727272,89.09090909090908,1.3636363636363598,0.665386413373998,-169.27014087685723,1.0493638067484383,-73.99506020452294,0.2186135509652096,87.72727272727272,classified_Stats.xlsx,2024-10-05_17-01-35_0003878,0.40192,0.4488533333333333,46.93333333333333,0,0.975571870803833,0.9180115759372712,,results/batch_3452_sample/detections/2024-10-05_17-01-35_0003878.json,fuzzy,14.877,-2.236886,11.75231,0,1.0
2024-10-05_17-01-35_0003878,2,Cluster_30,1,1,0.6585,0.66002,0.00152,95.43478260869566,94.1304347826087,95.43478260869566,1.3043478260869534,0.7144207271806498,-686.4988558352213,1.271527135891386,-71.79646087813758,0.2207172434449816,95.43478260869566,classified_Stats.xlsx,2024-10-05_17-01-35_0003878,0.6280533333333334,0.6792533333333334,51.20000000000002,1,0.979848325252533,0.910487385896536,,results/batch_3452_sample/detections/2024-10-05_17-01-35_0003878.json,fuzzy,30.447,-2.6828268,11.355023,0,1.0
2024-10-05_17-01-35_0003878,3,Cluster_1,1,1,1.0081866666666666,1.0184133333333334,0.0102266666666668,82.98319327731093,79.2016806722689,122.05882352941175,42.85714285714286,7.781039764895142,-156.51632230467146,3.5253647013954232,-70.67867860185108,0.2619074773653818,82.98319327731093,classified_Stats.xlsx,2024-10-05_17-01-35_0003878,0.97792,1.033386666666667,55.46666666666666,2,0.9964537620544434,0.9527064093521664,,results/batch_3452_sample/detections/2024-10-05_17-01-35_0003878.json,fuzzy,30.267,3.0200956,16.208603,-1,0.0
2024-10-05_17-01-35_0003878,4,Cluster_1,1,1,1.73199,1.7832033333333333,0.0512133333333333,77.23214285714286,71.42857142857143,91.07142857142856,19.64285714285714,7.243623292727863,426.52432396396034,1.1594918941446248,-68.42292505230112,0.2532867351309014,72.32142857142858,classified_Stats.xlsx,2024-10-05_17-01-35_0003878,1.72032,1.8312533333333332,110.93333333333332,3,0.9997621178627014,0.9803458297694172,,results/batch_3452_sample/detections/2024-10-05_17-01-35_0003878.json,fuzzy,11.67,2.2714672,15.272401,3,1.0
2024-10-05_17-01-54_0003880,1,Cluster_1,1,1,1.3536333333333337,1.35814,0.0045066666666666,86.42857142857143,85.0,86.42857142857143,1.4285714285714306,0.7103502258554966,-226.42192971863588,1.1274503268840297,-69.43035845041825,0.258026197910881,86.42857142857143,classified_Stats.xlsx,2024-10-05_17-01-54_0003880,1.33632,1.3789866666666666,42.66666666666663,0,0.9447149634361268,0.8688683157617395,,results/batch_3452_sample/detections/2024-10-05_17-01-54_0003880.json,fuzzy,17.313,-2.1021812,13.482122,0,1.0
2024-10-05_17-01-54_0003880,2,Cluster_12,1,1,1.59392,1.5991466666666665,0.0052266666666664,84.0909090909091,38.63636363636364,84.0909090909091,45.45454545454545,11.619298152364632,-2002.2455544829652,4.5192248716505485,-77.22369797129262,0.1848713934703231,84.0909090909091,classified_Stats.xlsx,2024-10-05_17-01-54_0003880,1.5752533333333334,1.6136533333333334,38.39999999999999,1,0.9061916470527648,0.8684450447559356,,results/batch_3452_sample/detections/2024-10-05_17-01-54_0003880.json,fuzzy,18.667,5.89851,16.958801,3,1.0
2024-10-05_17-06-49_0003900,1,Cluster_1,1,1,1.05142,1.05436,0.0029399999999999,82.57575757575758,32.57575757575758,84.0909090909091,51.51515151515152,15.930320931709014,8236.35239219658,1.223308105111581,-72.09420284893982,0.2389231341369894,82.57575757575758,classified_Stats.xlsx,2024-10-05_17-06-49_0003900,1.037653333333333,1.0760533333333333,38.39999999999999,0,0.912173330783844,0.8445832192897796,,results/batch_3452_sample/detections/2024-10-05_17-06-49_0003900.json,fuzzy,13.767,3.5397818,15.933569,3,1.0
2024-10-05_17-08-39_0003920,1,Cluster_28,1,1,1.0574533333333334,1.1078,0.0503466666666665,31.30252100840336,26.26050420168067,75.42016806722688,49.15966386554621,13.56235053486657,210.75191207879965,1.5118276717280137,-71.80620432788447,0.2355179500994384,30.04201680672269,classified_Stats.xlsx,2024-10-05_17-08-39_0003920,1.05472,1.1101866666666669,55.46666666666656,0,0.9016827344894408,0.6885816412312644,,results/batch_3452_sample/detections/2024-10-05_17-08-39_0003920.json,fuzzy,2.733,5.5646095,12.571692,-1,0.0
2024-10-05_17-43-39_0004055,1,Cluster_13,1,1,1.00942,1.04542,0.036,96.875,60.41666666666667,96.875,36.45833333333333,17.33082676091741,1013.7841997661084,1.0373036053160265,-71.28899506995319,0.2181999337984617,96.875,classified_Stats.xlsx,2024-10-05_17-43-39_0004055,0.99072,1.0717866666666669,81.06666666666662,0,0.9591591954231262,0.8862753629684448,,results/batch_3452_sample/detections/2024-10-05_17-43-39_0004055.json,fuzzy,18.7,3.2402632,15.603083,3,1.0
2024-10-05_17-43-39_0004055,2,Cluster_10,1,1,1.1571333333333331,1.1605466666666666,0.0034133333333332,63.671875,62.5,63.671875,1.171875,0.6176323555016366,411.9873046875003,1.1464084845302598,-72.70049205622075,0.2240747854388536,62.5,classified_Stats.xlsx,2024-10-05_17-43-39_0004055,1.1357866666666667,1.1997866666666666,63.99999999999984,1,0.9935835003852844,0.8912596590816975,,results/batch_3452_sample/detections/2024-10-05_17-43-39_0004055.json,fuzzy,21.347,5.7935166,11.06962,2,0.8770174670365976
2024-10-05_17-43-39_0004055,3,Cluster_10,1,1,1.2851333333333337,1.2885466666666667,0.0034133333333332,63.671875,62.5,63.671875,1.171875,0.6176323555016366,411.9873046875003,1.1464084845302598,-72.70049205622075,0.2240819764838819,62.5,classified_Stats.xlsx,2024-10-05_17-43-39_0004055,1.2637866666666666,1.327786666666667,64.00000000000006,2,0.9936135411262512,0.8917075470089912,,results/batch_3452_sample/detections/2024-10-05_17-43-39_0004055.json,fuzzy,21.347,5.7302375,10.985371,2,0.8770174670365976
2024-10-05_17-43-39_0004055,4,Cluster_10,1,1,1.41636,1.4176666666666666,0.0013066666666665,62.87878787878788,61.36363636363636,62.87878787878788,1.5151515151515156,0.6775963568181183,-927.6437847866292,1.0706040453940169,-75.80072200341226,0.1904213209343847,62.87878787878788,classified_Stats.xlsx,2024-10-05_17-43-39_0004055,1.4045866666666669,1.4429866666666666,38.39999999999999,3,0.922685205936432,0.832982861995697,,results/batch_3452_sample/detections/2024-10-05_17-43-39_0004055.json,fuzzy,11.773,7.1093764,14.677338,0,0.607220626514224
2024-10-05_17-43-39_0004055,5,Cluster_10,1,1,1.5585933333333333,1.5607266666666666,0.0021333333333333,61.328125,61.328125,62.5,1.171875,0.4784159653873395,78.47377232142354,1.165685424949238,-72.10944641641133,0.222436466201962,61.328125,classified_Stats.xlsx,2024-10-05_17-43-39_0004055,1.54112,1.60512,64.00000000000006,4,0.9994192123413086,0.9420883916318415,,results/batch_3452_sample/detections/2024-10-05_17-43-39_0004055.json,fuzzy,17.473,5.7917905,11.100689,2,0.8770174670365976
2024-10-05_17-43-39_0004055,6,Cluster_1,1,1,1.7828,1.7893,0.0064999999999999,76.65562913907284,75.66225165562913,76.65562913907284,0.9933774834437088,0.2654912999130044,-56.76442762535604,1.0288232155261725,-70.98407427516364,0.222639177337359,76.65562913907284,classified_Stats.xlsx,2024-10-05_17-43-39_0004055,1.72032,1.80992,89.59999999999991,5,0.9973794221878052,0.9605302648110824,,results/batch_3452_sample/detections/2024-10-05_17-43-39_0004055.json,fuzzy,62.48,-0.29299444,12.382608,0,1.0
2024-10-05_17-43-40_0004056,1,Cluster_10,1,1,0.08304,0.08612,0.0030799999999999,63.63636363636364,62.5,64.77272727272728,2.2727272727272805,0.8035304331665322,676.4069264069301,1.0753171646863509,-72.87901338604104,0.2187450259902411,63.63636363636364,classified_Stats.xlsx,2024-10-05_17-43-40_0004056,0.0605866666666666,0.1288533333333333,68.26666666666665,0,0.9923397302627563,0.8529685069532955,,results/batch_3452_sample/detections/2024-10-05_17-43-40_0004056.json,fuzzy,22.453,5.904931,11.042809,2,0.8770174670365976
2024-10-05_17-43-40_0004056,2,Cluster_10,1,1,0.35573,0.38525,0.0295199999999999,63.70967741935484,61.29032258064516,67.33870967741936,6.048387096774199,1.9984100404837728,173.25259518409732,1.0221027947645898,-74.45396441162094,0.1949298278017624,61.29032258064516,classified_Stats.xlsx,2024-10-05_17-43-40_0004056,0.3421866666666666,0.40192,59.73333333333336,1,0.9994268417358398,0.9668156107266744,,results/batch_3452_sample/detections/2024-10-05_17-43-40_0004056.json,fuzzy,13.543,7.0113025,14.427389,0,0.607220626514224
2024-10-05_17-43-40_0004056,3,Cluster_1,1,1,0.5809,0.5869,0.006,76.65562913907284,75.66225165562913,76.65562913907284,0.9933774834437088,0.2755133424959747,65.49741649079009,1.0309443222940804,-70.76305918813544,0.2269290619897593,76.65562913907284,classified_Stats.xlsx,2024-10-05_17-43-40_0004056,0.5213866666666667,0.6109866666666667,89.60000000000001,2,0.9972488284111024,0.9592439180070704,,results/batch_3452_sample/detections/2024-10-05_17-43-40_0004056.json,fuzzy,59.513,-0.37445956,12.477201,0,1.0
2024-10-05_17-43-40_0004056,4,Cluster_10,1,1,0.99984,1.02189,0.02205,58.44594594594595,58.44594594594595,59.45945945945947,1.0135135135135158,0.4613951414415569,-12.628498157770029,1.0184094916610262,-69.26551771990388,0.2474686549579987,58.44594594594595,classified_Stats.xlsx,2024-10-05_17-43-40_0004056,0.9821866666666668,1.06752,85.33333333333337,3,0.9996657371520996,0.9224020682630084,,results/batch_3452_sample/detections/2024-10-05_17-43-40_0004056.json,fuzzy,17.653,3.9864218,10.797811,2,1.0
2024-10-05_17-43-40_0004056,5,Cluster_10,1,1,1.1793533333333333,1.2105,0.0311466666666666,62.5,58.984375,67.1875,8.203125,2.0696539027459737,226.81736066130156,1.0300035872725266,-71.82115704432132,0.2323925268763169,62.5,classified_Stats.xlsx,2024-10-05_17-43-40_0004056,1.1656533333333334,1.2296533333333333,63.99999999999984,4,0.9999048709869384,0.9716640375554562,,results/batch_3452_sample/detections/2024-10-05_17-43-40_0004056.json,fuzzy,13.7,3.632372,12.950378,3,1.0
2024-10-05_17-43-40_0004056,6,Cluster_10,1,1,1.5841533333333333,1.58826,0.0041066666666667,60.80645161290322,60.80645161290322,61.774193548387096,0.967741935483872,0.5100447838981262,314.2019271051534,1.0436547459858652,-69.18270621483674,0.2241611553338105,60.80645161290322,classified_Stats.xlsx,2024-10-05_17-43-40_0004056,1.56672,1.6605866666666669,93.86666666666676,5,0.9934592247009276,0.95324772078058,,results/batch_3452_sample/detections/2024-10-05_17-43-40_0004056.json,fuzzy,17.433,4.8694963,10.504921,2,0.9910124880099778
2024-10-05_17-43-40_0004056,7,Cluster_1,1,1,1.75161,1.7947300000000002,0.04312,65.54054054054055,59.45945945945946,83.78378378378379,24.32432432432433,9.808539230828291,607.5388750103255,1.0427409020790828,-67.22241150949071,0.2695650565802964,63.51351351351352,classified_Stats.xlsx,2024-10-05_17-43-40_0004056,1.7373866666666666,1.82272,85.33333333333326,6,0.9992701411247252,0.97198086977005,,results/batch_3452_sample/detections/2024-10-05_17-43-40_0004056.json,fuzzy,14.223,2.1790152,15.61175,3,1.0
2024-10-05_17-43-40_0004056,8,Cluster_10,1,1,1.9314566666666664,1.9500466666666665,0.0185899999999998,62.5,60.41666666666667,67.70833333333334,7.291666666666671,2.1125093772444816,358.3424080609821,1.0574478577869972,-70.21198690850022,0.2330933163959731,62.5,classified_Stats.xlsx,2024-10-05_17-43-40_0004056,1.9080533333333332,1.98912,81.06666666666662,7,0.999784290790558,0.9419337511062622,,results/batch_3452_sample/detections/2024-10-05_17-43-40_0004056.json,fuzzy,23.403,3.6485586,12.748073,3,1.0
2024-10-05_17-43-40_0004056,9,Cluster_10,1,1,2.116046666666666,2.12506,0.0090133333333333,60.71428571428572,60.71428571428572,62.142857142857146,1.4285714285714306,0.2749286996141078,-5.031598438191648,1.0318625817210074,-75.12049046310324,0.2049212477426772,60.71428571428572,classified_Stats.xlsx,2024-10-05_17-43-40_0004056,2.1000533333333333,2.14272,42.666666666666856,8,0.9481692314147948,0.8902380899949507,,results/batch_3452_sample/detections/2024-10-05_17-43-40_0004056.json,fuzzy,15.993,7.1384697,14.531297,0,0.607220626514224
2024-10-05_17-43-40_0004056,10,Cluster_10,1,1,2.17363,2.18539,0.0117599999999997,61.48648648648649,57.43243243243244,62.5,5.067567567567565,1.9912381119312652,525.0540964826672,1.0634610378944844,-67.04980086850301,0.2728237619683346,61.48648648648649,classified_Stats.xlsx,2024-10-05_17-43-40_0004056,2.15552,2.2408533333333334,85.33333333333326,9,0.9991394281387328,0.9729160070419312,,results/batch_3452_sample/detections/2024-10-05_17-43-40_0004056.json,fuzzy,18.11,3.1492496,11.161472,2,1.0
2024-10-05_17-43-40_0004056,11,Cluster_10,1,1,2.3322066666666665,2.3625,0.0302933333333332,64.84375,60.15625,75.390625,15.234375,5.109318387367521,497.7503085153384,1.0329424732041932,-69.19747831251966,0.2626515691507815,64.84375,classified_Stats.xlsx,2024-10-05_17-43-40_0004056,2.3176533333333333,2.3816533333333334,64.00000000000006,10,0.999613344669342,0.9598463661968708,,results/batch_3452_sample/detections/2024-10-05_17-43-40_0004056.json,fuzzy,14.553,2.9987946,13.970209,3,1.0
2024-10-05_17-43-40_0004056,12,Cluster_28,1,1,2.4694000000000003,2.50474,0.0353399999999997,55.0,30.217391304347828,122.82608695652172,92.6086956521739,18.176125917085795,772.486777012675,2.468186972024593,-76.67160909174049,0.1921316772629615,55.0,classified_Stats.xlsx,2024-10-05_17-43-40_0004056,2.4541866666666667,2.505386666666667,51.20000000000013,11,0.9946197271347046,0.940815480855795,,results/batch_3452_sample/detections/2024-10-05_17-43-40_0004056.json,fuzzy,15.213,3.4405875,17.407173,3,1.0
2024-10-05_17-43-40_0004056,13,Cluster_10,1,1,2.62116,2.695196666666667,0.0740366666666667,61.60714285714286,58.035714285714285,110.71428571428572,52.67857142857144,9.889086742268972,-62.31729670273568,1.9268382763610707,-62.65773052168555,0.3781382691232822,60.71428571428572,classified_Stats.xlsx,2024-10-05_17-43-40_0004056,2.6077866666666667,2.71872,110.93333333333312,12,0.9988576173782348,0.9423392790335196,,results/batch_3452_sample/detections/2024-10-05_17-43-40_0004056.json,fuzzy,13.373,0.58821005,16.421778,1,1.0
2024-10-05_17-43-40_0004056,14,Cluster_10,1,1,2.83392,2.85114,0.01722,62.50000000000001,62.5,63.70967741935485,1.209677419354847,0.6118312970067022,102.92207198140952,1.0095761071916445,-69.1219940494601,0.2558678886803627,63.70967741935484,classified_Stats.xlsx,2024-10-05_17-43-40_0004056,2.812586666666667,2.87232,59.73333333333342,13,0.9989356398582458,0.910956617196401,,results/batch_3452_sample/detections/2024-10-05_17-43-40_0004056.json,fuzzy,21.333,3.8817556,11.058122,2,0.8592251832000067
2024-10-05_17-43-40_0004056,15,Cluster_12,1,1,3.28656,3.29416,0.0076,62.82608695652174,62.82608695652174,112.3913043478261,49.56521739130435,14.462836616382296,-1734.078278700701,9.95471440495632,-78.5256368949373,0.1896022998826465,62.82608695652174,classified_Stats.xlsx,2024-10-05_17-43-40_0004056,3.2648533333333334,3.316053333333333,51.20000000000013,14,0.9871217608451844,0.9027367578102992,,results/batch_3452_sample/detections/2024-10-05_17-43-40_0004056.json,fuzzy,21.707,4.9914384,18.09133,3,1.0
2024-10-05_17-43-40_0004056,16,Cluster_10,1,1,3.5018766666666665,3.5515933333333334,0.0497166666666668,62.0253164556962,59.177215189873415,92.40506329113924,33.22784810126583,8.194197138571038,375.9484345652101,1.3925527315635693,-66.08906044300696,0.2962688574688499,61.07594936708861,classified_Stats.xlsx,2024-10-05_17-43-40_0004056,3.48672,3.584853333333333,98.13333333333318,15,0.997243881225586,0.9560997262597084,,results/batch_3452_sample/detections/2024-10-05_17-43-40_0004056.json,fuzzy,15.157,1.9977491,15.94033,3,1.0
2024-10-05_17-43-40_0004056,17,Cluster_31,1,1,3.81797,3.83939,0.0214199999999999,76.68067226890756,70.3781512605042,124.5798319327731,54.20168067226891,10.888514549227114,1104.659028290566,2.9592944919252746,-77.41940868419034,0.1886565096021635,81.72268907563026,classified_Stats.xlsx,2024-10-05_17-43-40_0004056,3.802453333333333,3.85792,55.466666666666775,16,0.9865753054618835,0.9049800102199826,,results/batch_3452_sample/detections/2024-10-05_17-43-40_0004056.json,fuzzy,15.517,4.3367352,16.160448,3,1.0
2024-10-05_17-43-45_0004057,1,Cluster_1,1,1,0.87844,0.8982,0.01976,79.28571428571428,65.0,120.71428571428572,55.71428571428572,12.973319823560791,-173.7678673157149,4.262304592629073,-79.25031391751612,0.1836034639600101,80.71428571428572,classified_Stats.xlsx,2024-10-05_17-43-45_0004057,0.8669866666666667,0.9096533333333332,42.66666666666663,0,0.9562056064605712,0.8889448696916754,,results/batch_3452_sample/detections/2024-10-05_17-43-45_0004057.json,fuzzy,11.453,4.821479,17.461185,3,1.0
2024-10-05_17-43-45_0004057,2,Cluster_9,1,1,1.0278,1.0793,0.0514999999999998,65.23178807947019,58.77483443708609,123.34437086092714,64.56953642384104,13.852434891860009,670.2691781015927,1.9351148371222409,-69.35118464936339,0.2545006213989781,62.74834437086093,classified_Stats.xlsx,2024-10-05_17-43-45_0004057,1.01632,1.10592,89.60000000000012,1,0.9993071556091307,0.968836239793084,,results/batch_3452_sample/detections/2024-10-05_17-43-45_0004057.json,fuzzy,11.48,2.9405632,16.720654,3,1.0
2024-10-05_17-43-45_0004057,3,Cluster_30,1,1,1.2069,1.2173,0.0103999999999999,90.71428571428572,89.28571428571429,102.14285714285714,12.857142857142849,2.235343510292209,96.47584833846776,1.3096919138571044,-74.8569516739772,0.1983409607790998,90.71428571428572,classified_Stats.xlsx,2024-10-05_17-43-45_0004057,1.1912533333333333,1.23392,42.66666666666663,2,0.959438979625702,0.9007246385921132,,results/batch_3452_sample/detections/2024-10-05_17-43-45_0004057.json,fuzzy,15.647,-2.5412083,11.411189,0,0.9897234676174521
2024-10-05_17-43-45_0004057,4,Cluster_30,1,1,1.3349,1.3453,0.0103999999999999,90.71428571428572,89.28571428571429,102.14285714285714,12.857142857142849,2.235343510292209,96.47584833846776,1.3096919138571044,-74.85587082349467,0.1982177653124606,90.71428571428572,classified_Stats.xlsx,2024-10-05_17-43-45_0004057,1.3192533333333334,1.36192,42.66666666666663,3,0.9593073129653932,0.9003246101466092,,results/batch_3452_sample/detections/2024-10-05_17-43-45_0004057.json,fuzzy,15.647,-2.582489,11.378093,0,0.9422086530993711
2024-10-05_17-43-45_0004057,5,Cluster_10,1,1,1.4703333333333333,1.4772366666666668,0.0069033333333334,60.45454545454545,59.090909090909086,60.45454545454545,1.3636363636363669,0.3644471480623976,55.06519267987112,1.0203884108344627,-73.01914378420193,0.2201859250290145,60.45454545454545,classified_Stats.xlsx,2024-10-05_17-43-45_0004057,1.4557866666666666,1.50272,46.93333333333349,4,0.9910591244697572,0.9380365759134291,,results/batch_3452_sample/detections/2024-10-05_17-43-45_0004057.json,fuzzy,14.547,5.994675,11.329775,2,0.8770174670365976
2024-10-05_17-43-47_0004058,1,Cluster_30,1,1,1.0149233333333334,1.0218266666666669,0.0069033333333332,91.8181818181818,82.27272727272727,91.8181818181818,9.545454545454549,2.7011306897380587,476.9011770460373,1.3182495832189465,-72.23800859207327,0.2400624075371518,91.8181818181818,classified_Stats.xlsx,2024-10-05_17-43-47_0004058,0.9992533333333332,1.0461866666666666,46.93333333333327,0,0.9850850701332092,0.931318740049998,,results/batch_3452_sample/detections/2024-10-05_17-43-47_0004058.json,fuzzy,15.67,-2.3979652,11.88801,0,0.9897234676174521
2024-10-05_17-43-47_0004058,2,Cluster_7,1,1,1.6056933333333334,1.6301933333333334,0.0244999999999999,62.87878787878788,59.84848484848485,117.42424242424242,57.57575757575757,20.295895599029222,1734.9538043390758,2.1629070119088527,-78.02165379930277,0.1916616712593894,62.87878787878788,classified_Stats.xlsx,2024-10-05_17-43-47_0004058,1.59232,1.63072,38.39999999999999,1,0.9245322942733764,0.8612976431846618,,results/batch_3452_sample/detections/2024-10-05_17-43-47_0004058.json,fuzzy,13.373,3.9861352,16.299644,3,1.0
2024-10-05_17-43-47_0004058,3,Cluster_30,1,1,1.91962,1.9339933333333328,0.0143733333333333,92.74193548387098,91.7741935483871,93.70967741935485,1.935483870967744,0.5433773468466558,98.4396185413202,1.0437146023478328,-68.44457168185734,0.2522867399220436,91.7741935483871,classified_Stats.xlsx,2024-10-05_17-43-47_0004058,1.86112,1.9549866666666669,93.86666666666656,2,0.996346652507782,0.93043111199918,,results/batch_3452_sample/detections/2024-10-05_17-43-47_0004058.json,fuzzy,58.5,-3.0270844,11.951947,0,0.6002595519506696
2024-10-05_17-43-47_0004058,4,Cluster_10,1,1,2.11442,2.13038,0.0159600000000001,64.13043478260869,61.52173913043478,64.13043478260869,2.608695652173907,0.7605341701093613,130.10511387393856,1.0185702677086197,-69.51876279298125,0.2614219545318226,64.13043478260869,classified_Stats.xlsx,2024-10-05_17-43-47_0004058,2.0957866666666667,2.146986666666667,51.20000000000013,3,0.9964715242385864,0.9298715889453888,,results/batch_3452_sample/detections/2024-10-05_17-43-47_0004058.json,fuzzy,18.633,3.7921822,11.128292,2,0.9804993989776442
2024-10-05_17-43-47_0004058,5,Cluster_10,1,1,2.35229,2.41305,0.0607599999999997,62.5,52.36486486486487,74.66216216216216,22.29729729729729,5.5064926579125215,335.7391272784239,1.0162267295448066,-74.13143571012606,0.1939220904336689,61.48648648648649,classified_Stats.xlsx,2024-10-05_17-43-47_0004058,2.3517866666666665,2.43712,85.33333333333371,4,0.9837385416030884,0.9120131844565982,,results/batch_3452_sample/detections/2024-10-05_17-43-47_0004058.json,fuzzy,0.503,3.6961408,13.505287,3,1.0
2024-10-05_17-43-47_0004058,6,Cluster_10,1,1,2.66922,2.69518,0.0259599999999999,63.63636363636364,26.13636363636364,65.90909090909092,39.77272727272728,4.972258099629286,20.379857582110223,2.1374428141106043,-67.25710236795523,0.2921371686118252,63.63636363636364,classified_Stats.xlsx,2024-10-05_17-43-47_0004058,2.65472,2.722986666666667,68.2666666666667,5,0.9999016523361206,0.9650961055475122,,results/batch_3452_sample/detections/2024-10-05_17-43-47_0004058.json,fuzzy,14.5,2.628488,15.796356,3,1.0
2024-10-05_17-43-47_0004058,7,Cluster_1,1,1,3.228293333333333,3.23556,0.0072666666666667,80.9090909090909,79.54545454545453,80.9090909090909,1.363636363636374,0.2975698503218085,48.74191696543846,1.0194371770885973,-69.12231962823019,0.2729483361417988,80.9090909090909,classified_Stats.xlsx,2024-10-05_17-43-47_0004058,3.2093866666666666,3.25632,46.93333333333349,6,0.9899069666862488,0.937178075313568,,results/batch_3452_sample/detections/2024-10-05_17-43-47_0004058.json,fuzzy,18.907,-1.1904261,14.002626,0,0.7590412262357215
2024-10-05_17-43-47_0004058,8,Cluster_10,1,1,3.92792,3.93628,0.0083599999999997,62.5,61.36363636363637,62.5,1.1363636363636331,0.4663537964023415,124.27763623935792,1.0203884108344627,-70.2193617970926,0.2300172292695993,62.5,classified_Stats.xlsx,2024-10-05_17-43-47_0004058,3.913386666666667,3.9816533333333335,68.2666666666667,7,0.9978158473968506,0.960548551643596,,results/batch_3452_sample/detections/2024-10-05_17-43-47_0004058.json,fuzzy,14.533,4.719604,10.719483,2,0.9910124880099778
2024-10-05_17-43-47_0004058,9,Cluster_10,1,1,4.0923,4.134766666666667,0.0424666666666668,65.71428571428572,60.35714285714285,76.42857142857143,16.071428571428577,5.521599614458272,389.2809025985883,1.0439140151802313,-67.42251796880225,0.2841518661373083,63.57142857142857,classified_Stats.xlsx,2024-10-05_17-43-47_0004058,4.07552,4.15232,76.79999999999953,8,0.9997900128364564,0.9487036419542212,,results/batch_3452_sample/detections/2024-10-05_17-43-47_0004058.json,fuzzy,16.78,2.2057788,14.588822,3,1.0
2024-10-05_17-43-47_0004058,10,Cluster_1,1,1,4.673446666666667,4.722066666666667,0.0486199999999996,65.625,62.5,94.79166666666669,32.29166666666667,14.85156421789521,696.2633446162844,1.0267583689510895,-70.42238423614894,0.2310698399273571,94.79166666666669,classified_Stats.xlsx,2024-10-05_17-43-47_0004058,4.660053333333333,4.74112,81.06666666666662,9,0.9884412288665771,0.9478564947843552,,results/batch_3452_sample/detections/2024-10-05_17-43-47_0004058.json,fuzzy,13.393,2.4818869,15.793919,3,1.0
2024-10-05_17-43-47_0004058,11,Cluster_10,1,1,4.841006666666667,4.87642,0.0354133333333335,64.84375,60.15625,70.703125,10.546875,2.723308963978695,260.3305785123964,1.0366833650122471,-67.75294184677523,0.2884068095290525,63.671875,classified_Stats.xlsx,2024-10-05_17-43-47_0004058,4.826453333333333,4.890453333333333,64.00000000000006,10,0.9997647404670716,0.9607250727713108,,results/batch_3452_sample/detections/2024-10-05_17-43-47_0004058.json,fuzzy,14.553,2.8018198,11.535413,2,1.0
2024-10-05_17-43-47_0004058,12,Cluster_10,1,1,5.69076,5.700933333333333,0.0101733333333333,60.45454545454545,59.090909090909086,60.45454545454545,1.3636363636363669,0.65962538361133,173.79014531814389,1.0437146023478328,-69.92921868505317,0.2479612555658121,60.45454545454545,classified_Stats.xlsx,2024-10-05_17-43-47_0004058,5.67552,5.722453333333333,46.93333333333349,11,0.9909507036209106,0.9485345880190532,,results/batch_3452_sample/detections/2024-10-05_17-43-47_0004058.json,fuzzy,15.24,4.154454,10.738494,2,1.0
2024-10-05_17-43-55_0004059,1,Cluster_1,1,1,1.01264,1.0181933333333333,0.0055533333333332,79.54545454545455,79.54545454545455,81.06060606060606,1.5151515151515156,0.774712109946839,268.0498036535205,1.1685385784908835,-72.787263342924,0.2316852735710783,79.54545454545455,classified_Stats.xlsx,2024-10-05_17-43-55_0004059,0.9949866666666668,1.033386666666667,38.39999999999999,0,0.9424002170562744,0.9119108200073244,,results/batch_3452_sample/detections/2024-10-05_17-43-55_0004059.json,fuzzy,17.653,-0.6214534,12.019861,0,1.0
2024-10-05_17-43-56_0004060,1,Cluster_24,1,1,2.11088,2.12114,0.0102600000000001,62.5,37.93103448275862,100.0,62.06896551724138,20.667418006684343,2958.775702835128,2.059932815428013,-79.44919985521082,0.2041611146218966,40.51724137931035,classified_Stats.xlsx,2024-10-05_17-43-56_0004060,2.1085866666666666,2.1213866666666665,12.799999999999924,0,0.9622798562049866,0.9028230309486388,,results/batch_3452_sample/detections/2024-10-05_17-43-56_0004060.json,fuzzy,2.293,3.818893,16.243973,3,1.0
2024-10-05_17-43-58_0004061,1,Cluster_1,1,1,1.01516,1.0214,0.00624,80.20833333333334,79.16666666666667,80.20833333333334,1.0416666666666714,0.2783971269921081,62.00396825396757,1.0288232155261725,-68.40413610165942,0.2609402655053168,80.20833333333334,classified_Stats.xlsx,2024-10-05_17-43-58_0004061,0.9565866666666668,1.037653333333333,81.06666666666662,0,0.94534832239151,0.9112183809280396,,results/batch_3452_sample/detections/2024-10-05_17-43-58_0004061.json,fuzzy,58.573,-1.1714612,13.801614,0,1.0
2024-10-05_17-44-07_0004062,1,Cluster_10,1,1,0.0345,0.06402,0.0295199999999999,61.29032258064516,57.66129032258065,112.09677419354838,54.43548387096774,8.349223804292647,346.43932092508345,2.283370884192815,-77.05914055094341,0.1887070551134906,60.08064516129032,classified_Stats.xlsx,2024-10-05_17-44-07_0004062,0.0221866666666666,0.08192,59.73333333333334,0,0.996411383152008,0.9138156453768412,,results/batch_3452_sample/detections/2024-10-05_17-44-07_0004062.json,fuzzy,12.313,5.1156473,16.204792,3,1.0
2024-10-05_17-44-07_0004062,2,Cluster_10,1,1,1.0327266666666666,1.0922733333333332,0.0595466666666666,62.74193548387097,57.903225806451616,65.64516129032259,7.741935483870975,3.110529254906884,-105.96545306341594,1.0236850001137652,-70.84045914726305,0.2299366630449361,64.67741935483872,classified_Stats.xlsx,2024-10-05_17-44-07_0004062,1.01632,1.1101866666666669,93.86666666666676,1,0.9633876085281372,0.8806126636007557,,results/batch_3452_sample/detections/2024-10-05_17-44-07_0004062.json,fuzzy,16.407,3.6121657,13.206699,3,1.0
2024-10-05_17-44-07_0004062,3,Cluster_10,1,1,1.216006666666667,1.220003333333333,0.0039966666666666,57.72727272727273,57.72727272727273,59.090909090909086,1.3636363636363598,0.3936479108111073,144.35106178225337,1.0333943403580814,-70.10635602766446,0.2602681384075162,57.72727272727273,classified_Stats.xlsx,2024-10-05_17-44-07_0004062,1.1912533333333333,1.2381866666666668,46.93333333333349,2,0.9468780755996704,0.8462602893511454,,results/batch_3452_sample/detections/2024-10-05_17-44-07_0004062.json,fuzzy,24.753,3.8252041,10.7685375,2,1.0
2024-10-05_17-44-07_0004062,4,Cluster_10,1,1,1.3440066666666666,1.3480033333333332,0.0039966666666666,57.72727272727273,57.72727272727273,59.090909090909086,1.3636363636363598,0.3936479108111073,144.35106178225337,1.0333943403580814,-70.10668033376474,0.2600655823333874,57.72727272727273,classified_Stats.xlsx,2024-10-05_17-44-07_0004062,1.3192533333333334,1.3661866666666669,46.93333333333327,3,0.946713089942932,0.8461657762527466,,results/batch_3452_sample/detections/2024-10-05_17-44-07_0004062.json,fuzzy,24.753,3.780637,10.740422,2,1.0
2024-10-05_17-44-07_0004062,5,Cluster_10,1,1,1.90708,1.92912,0.02204,65.43478260869566,62.82608695652174,91.52173913043475,28.695652173913025,3.6893875312485434,90.47661717758432,1.328520063527579,-63.14214548666477,0.4034495511338267,65.43478260869566,classified_Stats.xlsx,2024-10-05_17-44-07_0004062,1.8952533333333328,1.9464533333333331,51.20000000000013,4,0.9982420206069946,0.9648864131707412,,results/batch_3452_sample/detections/2024-10-05_17-44-07_0004062.json,fuzzy,11.827,0.21940143,16.048798,1,1.0
2024-10-05_17-44-12_0004063,1,Cluster_1,1,1,1.04253,1.0613899999999998,0.0188599999999998,84.2741935483871,83.06451612903226,84.2741935483871,1.209677419354847,0.445096553713452,24.374530725150247,1.036018570641139,-70.04062777074421,0.2364275048921053,84.2741935483871,classified_Stats.xlsx,2024-10-05_17-44-12_0004063,1.0248533333333334,1.0845866666666666,59.73333333333319,0,0.998550832271576,0.9311273852984112,,results/batch_3452_sample/detections/2024-10-05_17-44-12_0004063.json,fuzzy,17.677,-1.8088893,13.036119,0,0.9431597984035122
2024-10-05_17-44-15_0004064,1,Cluster_1,1,1,1.02058,1.02542,0.0048399999999999,87.5,87.5,88.63636363636364,1.1363636363636402,0.3280399256759227,-99.33248569612287,1.0333943403580814,-70.69389609178744,0.223288938927569,87.5,classified_Stats.xlsx,2024-10-05_17-44-15_0004064,0.97792,1.0461866666666666,68.26666666666658,0,0.9870321750640868,0.9311416464693406,,results/batch_3452_sample/detections/2024-10-05_17-44-15_0004064.json,fuzzy,42.66,-2.1680148,12.009475,0,1.0
2024-10-05_17-44-15_0004064,2,Cluster_10,1,1,1.17078,1.1875,0.01672,61.52173913043478,58.91304347826087,64.13043478260869,5.217391304347821,1.705706484351239,332.3956910664697,1.0333943403580814,-68.90355675521621,0.2808352862535325,61.52173913043478,classified_Stats.xlsx,2024-10-05_17-44-15_0004064,1.15712,1.20832,51.20000000000013,1,0.9981789588928224,0.962465974000784,,results/batch_3452_sample/detections/2024-10-05_17-44-15_0004064.json,fuzzy,13.66,3.2126782,11.156201,2,1.0
2024-10-05_17-44-16_0004065,1,Cluster_10,1,1,1.0396366666666663,1.0618,0.0221633333333333,65.9090909090909,56.36363636363636,68.63636363636364,12.27272727272728,1.765699069861336,220.30521644822105,1.082638403701884,-64.25675037157609,0.3696157941017854,65.9090909090909,classified_Stats.xlsx,2024-10-05_17-44-16_0004065,1.02912,1.0760533333333333,46.93333333333327,0,0.9975743889808656,0.9760958949724832,,results/batch_3452_sample/detections/2024-10-05_17-44-16_0004065.json,fuzzy,10.517,0.20259996,15.966387,1,0.8983512459186973
2024-10-05_17-44-40_0004067,1,Cluster_29,1,1,0.11648,0.15144,0.0349599999999999,81.08695652173913,27.608695652173918,118.91304347826087,91.30434782608695,21.82286475040128,1503.359769972898,3.710214777830899,-75.74576693311134,0.1907603316207631,45.869565217391305,classified_Stats.xlsx,2024-10-05_17-44-40_0004067,0.1160533333333333,0.1672533333333333,51.20000000000001,0,0.9895423650741576,0.9276928901672364,,results/batch_3452_sample/detections/2024-10-05_17-44-40_0004067.json,fuzzy,0.427,3.803744,17.352491,3,1.0
2024-10-05_17-45-27_0004072,1,Cluster_25,1,1,0.13221,0.1482,0.01599,74.59677419354838,28.62903225806452,120.56451612903226,91.93548387096774,16.1286594276186,1542.1515957954996,5.610168330889999,-77.1142417397387,0.1898860863949436,28.62903225806452,classified_Stats.xlsx,2024-10-05_17-45-27_0004072,0.0989866666666666,0.15872,59.73333333333333,0,0.997054934501648,0.9097580174605052,,results/batch_3452_sample/detections/2024-10-05_17-45-27_0004072.json,fuzzy,33.223,4.242306,17.884472,3,1.0
2024-10-05_17-45-27_0004072,2,Cluster_10,1,1,0.26027,0.26762,0.00735,58.44594594594595,55.4054054054054,60.472972972972975,5.067567567567572,1.5467845544866736,647.8942928522747,1.079669127533634,-70.33664186484611,0.2332570463699504,58.44594594594595,classified_Stats.xlsx,2024-10-05_17-45-27_0004072,0.2440533333333333,0.3293866666666666,85.33333333333331,1,0.9952859282493592,0.8505728727295285,,results/batch_3452_sample/detections/2024-10-05_17-45-27_0004072.json,fuzzy,16.217,4.911495,10.528081,2,0.9910124880099778
2024-10-05_17-45-27_0004072,3,Cluster_10,1,1,0.4184199999999999,0.4569666666666666,0.0385466666666666,62.81512605042017,35.08403361344538,122.05882352941175,86.9747899159664,11.86003309214105,469.3606824229665,1.793843505387438,-77.25251661413168,0.1838842570592303,60.294117647058826,classified_Stats.xlsx,2024-10-05_17-45-27_0004072,0.40192,0.4573866666666666,55.46666666666666,2,0.9971150159835817,0.9036784086908612,,results/batch_3452_sample/detections/2024-10-05_17-45-27_0004072.json,fuzzy,16.5,5.245,16.770662,3,1.0
2024-10-05_17-45-27_0004072,4,Cluster_10,1,1,1.03198,1.08441,0.0524300000000002,60.472972972972975,57.43243243243244,78.71621621621622,21.28378378378379,4.322733979562317,397.5458234013506,1.0192824261311002,-68.8248463239366,0.2510377141587045,60.472972972972975,classified_Stats.xlsx,2024-10-05_17-45-27_0004072,1.01632,1.1016533333333334,85.33333333333348,3,0.9992400407791138,0.9725735159147352,,results/batch_3452_sample/detections/2024-10-05_17-45-27_0004072.json,fuzzy,15.66,3.1251009,13.900306,3,1.0
2024-10-05_17-45-27_0004072,5,Cluster_10,1,1,1.2421466666666667,1.3059933333333331,0.0638466666666666,62.974683544303794,57.27848101265823,82.91139240506328,25.632911392405056,11.151698692295287,481.3218729744762,1.043792452308085,-68.05633112928659,0.2622498138030683,81.9620253164557,classified_Stats.xlsx,2024-10-05_17-45-27_0004072,1.2253866666666666,1.32352,98.1333333333334,4,0.9998244643211364,0.9619081318378448,,results/batch_3452_sample/detections/2024-10-05_17-45-27_0004072.json,fuzzy,16.76,2.2008514,15.621617,3,1.0
2024-10-05_17-45-27_0004072,6,Cluster_10,1,1,1.44254,1.470273333333333,0.0277333333333333,60.15625,57.8125,62.5,4.6875,1.5876020082626745,147.77305131147176,1.0174674417112184,-71.22382793339861,0.2308586717057754,58.984375,classified_Stats.xlsx,2024-10-05_17-45-27_0004072,1.42592,1.48992,63.99999999999984,5,0.9998291730880736,0.9537492208182812,,results/batch_3452_sample/detections/2024-10-05_17-45-27_0004072.json,fuzzy,16.62,3.7202165,12.830762,3,1.0
2024-10-05_17-45-27_0004072,7,Cluster_33,1,1,2.07553,2.11718,0.0416499999999997,82.77027027027027,58.44594594594595,123.31081081081082,64.86486486486487,15.88305133673767,732.7679823150931,1.9013390757122093,-76.49418435128888,0.1839786574799804,83.78378378378379,classified_Stats.xlsx,2024-10-05_17-45-27_0004072,2.0573866666666665,2.14272,85.33333333333371,6,0.9778872132301332,0.931195650781904,,results/batch_3452_sample/detections/2024-10-05_17-45-27_0004072.json,fuzzy,18.143,4.4185953,16.66368,3,1.0
2024-10-05_17-45-30_0004073,1,Cluster_10,1,1,0.48384,0.49942,0.0155799999999999,61.29032258064516,60.08064516129032,66.12903225806451,6.048387096774192,2.493813886462297,374.4298255768522,1.0179417894193272,-71.90381992558157,0.2228310238356957,66.12903225806451,classified_Stats.xlsx,2024-10-05_17-45-30_0004073,0.4616533333333333,0.5213866666666667,59.733333333333306,0,0.9996533393859864,0.9728033701578775,,results/batch_3452_sample/detections/2024-10-05_17-45-30_0004073.json,fuzzy,22.187,3.880259,12.668049,3,0.8965430762174837
2024-10-05_17-45-33_0004074,1,Cluster_33,1,1,0.86143,0.9090966666666668,0.0476666666666666,55.208333333333336,26.041666666666668,87.5,61.45833333333333,19.171816880715568,240.6811106301984,5.060294323494944,-76.13860983476052,0.1902524917041719,39.583333333333336,classified_Stats.xlsx,2024-10-05_17-45-33_0004074,0.8456533333333334,0.92672,81.06666666666662,0,0.9368153214454652,0.8434907168149948,,results/batch_3452_sample/detections/2024-10-05_17-45-33_0004074.json,fuzzy,15.777,3.962907,17.571468,3,1.0
2024-10-05_17-45-33_0004074,2,Cluster_10,1,1,1.00944,1.03148,0.02204,64.13043478260869,61.52173913043478,82.3913043478261,20.86956521739131,5.562088865133119,948.6515448211526,1.0205825075093773,-69.29587498336308,0.2517358252235052,64.13043478260869,classified_Stats.xlsx,2024-10-05_17-45-33_0004074,0.9949866666666668,1.0461866666666666,51.19999999999991,1,0.9809867739677428,0.9085467962118297,,results/batch_3452_sample/detections/2024-10-05_17-45-33_0004074.json,fuzzy,14.453,3.0017357,14.11115,3,1.0
2024-10-05_17-45-33_0004074,3,Cluster_10,1,1,1.2217,1.2239,0.0021999999999999,59.09090909090909,57.95454545454546,59.09090909090909,1.1363636363636331,0.5868156585162735,590.3187721369472,1.0618146386653506,-70.66416859378297,0.2197751306671692,59.09090909090909,classified_Stats.xlsx,2024-10-05_17-45-33_0004074,1.2040533333333334,1.27232,68.26666666666648,2,0.9823273420333862,0.8812816143035889,,results/batch_3452_sample/detections/2024-10-05_17-45-33_0004074.json,fuzzy,17.647,5.026764,10.60351,2,0.9603475607886026
2024-10-05_17-45-33_0004074,4,Cluster_9,1,1,1.65415,1.6582,0.0040499999999998,87.86764705882354,86.76470588235294,103.30882352941175,16.544117647058826,5.067664982386111,1247.7718360071265,4.074635345474288,-76.60342224663995,0.1853085055689469,87.86764705882354,classified_Stats.xlsx,2024-10-05_17-45-33_0004074,1.60512,1.6776533333333334,72.53333333333333,3,0.9302196502685548,0.8104672680298487,,results/batch_3452_sample/detections/2024-10-05_17-45-33_0004074.json,fuzzy,49.03,4.22787,15.958961,3,1.0
2024-10-05_20-22-00_0004598,1,Cluster_10,1,1,1.02684,1.0563066666666667,0.0294666666666667,65.80882352941177,63.602941176470594,68.01470588235294,4.411764705882348,1.7093328130482068,183.44319007955775,1.036274775149418,-70.12182036956646,0.2459105263148982,66.91176470588235,classified_Stats.xlsx,2024-10-05_20-22-00_0004598,1.0077866666666666,1.08032,72.53333333333333,0,0.9997525811195374,0.9634888105922276,,results/batch_3452_sample/detections/2024-10-05_20-22-00_0004598.json,fuzzy,19.053,3.5272276,12.705451,3,1.0
2024-10-05_21-12-14_0004674,1,Cluster_30,1,1,1.70102,1.7196399999999998,0.0186199999999998,113.69565217391305,105.86956521739133,118.91304347826087,13.043478260869565,3.705123829888457,-622.8761527494291,1.1368399026566558,-70.05808552005759,0.2365071293741706,108.47826086956522,classified_Stats.xlsx,2024-10-05_21-12-14_0004674,1.6861866666666667,1.7373866666666666,51.19999999999991,0,0.9880266189575196,0.912652272444505,,results/batch_3452_sample/detections/2024-10-05_21-12-14_0004674.json,fuzzy,14.833,-3.3347406,10.923724,0,1.0
2024-10-05_21-12-14_0004674,2,Cluster_30,1,1,2.0960666666666667,2.1022733333333337,0.0062066666666669,103.78787878787878,103.78787878787878,103.78787878787878,0.0,1.4580029302424492e-14,3.340330679800356e-12,1.0,-72.49737721003393,0.224694238344506,103.78787878787878,classified_Stats.xlsx,2024-10-05_21-12-14_0004674,2.0829866666666668,2.1213866666666665,38.39999999999976,1,0.9112634062767028,0.8671927273273468,,results/batch_3452_sample/detections/2024-10-05_21-12-14_0004674.json,fuzzy,13.08,-3.4911957,10.738953,0,1.0
2024-10-05_21-12-14_0004674,3,Cluster_30,1,1,2.23838,2.2564733333333336,0.0180933333333337,111.97478991596638,60.294117647058826,113.23529411764706,52.94117647058823,10.100708971521998,522.8713884776231,4.323474692079841,-66.5724527105208,0.2788523603428391,113.23529411764706,classified_Stats.xlsx,2024-10-05_21-12-14_0004674,2.21952,2.2749866666666665,55.46666666666633,2,0.9980714917182922,0.9282907801015036,,results/batch_3452_sample/detections/2024-10-05_21-12-14_0004674.json,fuzzy,18.86,3.1161122,16.13216,3,0.7909161813601562
2024-10-05_21-12-21_0004675,1,Cluster_1,1,1,0.5227499999999999,0.56334,0.04059,75.20161290322581,52.822580645161295,96.37096774193547,43.54838709677419,11.249896822318032,577.0790596148801,1.6090576154152672,-75.97274084411204,0.1918966856207172,72.17741935483872,classified_Stats.xlsx,2024-10-05_21-12-21_0004675,0.50432,0.5640533333333333,59.733333333333306,0,0.9910145401954652,0.916554327805837,,results/batch_3452_sample/detections/2024-10-05_21-12-21_0004675.json,fuzzy,18.43,5.351507,16.133791,3,1.0
2024-10-05_21-12-21_0004675,2,Cluster_1,1,1,0.7390333333333333,0.7671933333333334,0.02816,85.9375,27.34375,97.65625,70.3125,14.04647429997473,871.3984194443457,4.533404089206345,-74.16864692340006,0.1894359489852641,27.34375,classified_Stats.xlsx,2024-10-05_21-12-21_0004675,0.7176533333333334,0.7816533333333333,63.99999999999994,1,0.99471777677536,0.9200454987585543,,results/batch_3452_sample/detections/2024-10-05_21-12-21_0004675.json,fuzzy,21.38,3.971562,17.299889,3,0.8898303491993469
2024-10-05_21-12-21_0004675,3,Cluster_10,1,1,0.8513499999999999,0.8574999999999999,0.0061499999999999,69.75806451612902,68.54838709677419,69.75806451612902,1.2096774193548328,0.5790889764655277,47.727588281574725,1.0552284749830794,-69.61876399229456,0.2403923028220007,69.75806451612902,classified_Stats.xlsx,2024-10-05_21-12-21_0004675,0.8328533333333333,0.8925866666666666,59.733333333333306,2,0.9979301691055298,0.945004407564799,,results/batch_3452_sample/detections/2024-10-05_21-12-21_0004675.json,fuzzy,18.497,4.334133,11.323721,2,0.8742417097079992
2024-10-05_21-12-21_0004675,4,Cluster_1,1,1,1.04236,1.0586799999999998,0.0163199999999998,74.63235294117646,71.32352941176471,83.45588235294119,12.132352941176478,4.57550164313207,857.4915008203858,1.0794164587483752,-70.25531747078213,0.2366854543872274,73.52941176470588,classified_Stats.xlsx,2024-10-05_21-12-21_0004675,1.0205866666666668,1.09312,72.53333333333333,3,0.9997867941856384,0.9373261597421434,,results/batch_3452_sample/detections/2024-10-05_21-12-21_0004675.json,fuzzy,21.773,2.6532774,14.391352,-1,0.0
2024-10-05_21-12-21_0004675,5,Cluster_1,1,1,1.15732,1.17044,0.01312,75.80645161290323,72.17741935483872,86.69354838709677,14.51612903225805,5.681867170079499,1176.7470220352484,1.0508884382044898,-71.57473266889785,0.2288498271931968,73.38709677419355,classified_Stats.xlsx,2024-10-05_21-12-21_0004675,1.1400533333333334,1.1997866666666666,59.73333333333319,4,0.9952577948570251,0.9238202571868896,,results/batch_3452_sample/detections/2024-10-05_21-12-21_0004675.json,fuzzy,17.267,2.672607,14.420098,-1,0.0
2024-10-05_21-12-21_0004675,6,Cluster_1,1,1,1.28532,1.29844,0.01312,75.80645161290323,72.17741935483872,86.69354838709677,14.51612903225805,5.681867170079499,1176.7470220352484,1.0508884382044898,-71.57473266889785,0.2288431934281888,73.38709677419355,classified_Stats.xlsx,2024-10-05_21-12-21_0004675,1.2680533333333333,1.327786666666667,59.73333333333342,5,0.99523264169693,0.9236748456954956,,results/batch_3452_sample/detections/2024-10-05_21-12-21_0004675.json,fuzzy,17.267,2.646336,14.348512,-1,0.0
2024-10-05_21-23-55_0004692,1,Cluster_30,1,1,1.0124266666666666,1.0303933333333333,0.0179666666666666,121.96969696969695,117.42424242424242,125.0,7.575757575757578,2.3543009186295816,-444.2006960317085,1.053466785474212,-69.2427773670736,0.2827160888990352,125.0,classified_Stats.xlsx,2024-10-05_21-23-55_0004692,1.0120533333333332,1.0504533333333332,38.39999999999999,0,0.9314556121826172,0.8933562636375427,,results/batch_3452_sample/detections/2024-10-05_21-23-55_0004692.json,fuzzy,0.373,-3.4352193,10.757346,0,1.0
2024-10-05_21-23-55_0004692,2,Cluster_2,1,1,1.13796,1.1703,0.03234,113.68243243243244,89.86486486486487,120.27027027027027,30.405405405405403,8.664136536291476,-723.7953085683589,1.2521350278102517,-68.66164634991115,0.261483396782974,112.16216216216218,classified_Stats.xlsx,2024-10-05_21-23-55_0004692,1.1016533333333334,1.1869866666666666,85.33333333333326,1,0.998596489429474,0.9163528283437092,,results/batch_3452_sample/detections/2024-10-05_21-23-55_0004692.json,fuzzy,36.307,-3.2063155,11.156262,0,1.0
2024-10-05_21-23-55_0004692,3,Cluster_30,1,1,1.25883,1.29166,0.0328299999999999,109.12162162162164,80.74324324324326,112.16216216216218,31.41891891891892,6.905268197634846,429.20161908704745,1.7719465177234874,-67.68604974283558,0.282515921349799,107.0945945945946,classified_Stats.xlsx,2024-10-05_21-23-55_0004692,1.22112,1.3064533333333332,85.33333333333326,2,0.9997590184211732,0.975082999184018,,results/batch_3452_sample/detections/2024-10-05_21-23-55_0004692.json,fuzzy,37.71,-3.162687,11.526752,0,0.825462630015255
2024-10-05_21-23-55_0004692,4,Cluster_1,1,1,1.3926999999999998,1.4193,0.0266000000000001,86.07142857142857,30.357142857142858,93.57142857142856,63.21428571428571,11.344692478157572,337.28121406924066,4.508828000581721,-68.83258324748759,0.2681021293028328,87.14285714285714,classified_Stats.xlsx,2024-10-05_21-23-55_0004692,1.3576533333333334,1.4344533333333334,76.79999999999998,3,0.999019742012024,0.9592938674123664,,results/batch_3452_sample/detections/2024-10-05_21-23-55_0004692.json,fuzzy,35.047,3.4148605,16.412123,3,1.0
2024-10-05_21-23-55_0004692,5,Cluster_1,1,1,1.70668,1.7268400000000002,0.0201600000000001,85.41666666666667,78.12500000000001,86.45833333333334,8.333333333333329,1.477211955613115,133.3806293835355,1.112549735083438,-60.88037844930263,0.4041392755005243,85.41666666666667,classified_Stats.xlsx,2024-10-05_21-23-55_0004692,1.6605866666666669,1.7416533333333333,81.06666666666662,4,0.9919031262397766,0.9075378254055976,,results/batch_3452_sample/detections/2024-10-05_21-23-55_0004692.json,fuzzy,46.093,0.016311297,15.742987,1,1.0
2024-10-05_21-23-55_0004692,6,Cluster_10,1,1,1.8092333333333328,1.8108666666666664,0.0016333333333333,55.30303030303031,55.30303030303031,55.30303030303031,0.0,3.891802844472395e-15,-1.9559959396162134e-12,1.0,-71.99770763128616,0.2255701202514412,55.30303030303031,classified_Stats.xlsx,2024-10-05_21-23-55_0004692,1.7928533333333334,1.8312533333333332,38.39999999999999,5,0.9146669507026672,0.8735949635505676,,results/batch_3452_sample/detections/2024-10-05_21-23-55_0004692.json,fuzzy,16.38,5.7830753,11.474838,2,0.8770174670365976
2024-10-05_21-23-55_0004692,7,Cluster_13,1,1,1.9215933333333333,1.9734033333333327,0.0518099999999999,81.9620253164557,54.43037974683544,82.91139240506328,28.48101265822784,11.957207261556205,621.3483971135026,1.0418469343698904,-69.7187286762859,0.2331435227104868,81.9620253164557,classified_Stats.xlsx,2024-10-05_21-23-55_0004692,1.9037866666666667,2.00192,98.1333333333334,6,0.9979531764984132,0.933077116807302,,results/batch_3452_sample/detections/2024-10-05_21-23-55_0004692.json,fuzzy,17.807,2.824164,15.4551935,3,1.0
2024-10-05_21-23-55_0004692,8,Cluster_10,1,1,2.09626,2.1005266666666667,0.0042666666666666,58.984375,57.8125,58.984375,1.171875,0.6119917592192501,374.53391335227406,1.0362529801350486,-70.44302680250081,0.2198456117218848,57.8125,classified_Stats.xlsx,2024-10-05_21-23-55_0004692,2.074453333333333,2.138453333333333,64.00000000000006,7,0.9997743964195251,0.9692533500492572,,results/batch_3452_sample/detections/2024-10-05_21-23-55_0004692.json,fuzzy,21.807,4.954658,10.5697975,2,0.9910124880099778
2024-10-05_21-23-58_0004693,1,Cluster_1,1,1,1.02563,1.05474,0.0291099999999999,83.06451612903226,78.2258064516129,85.48387096774194,7.258064516129039,1.9884126428856117,62.286758131120415,1.0587373090779215,-69.41677710638015,0.2601973958717039,84.2741935483871,classified_Stats.xlsx,2024-10-05_21-23-58_0004693,1.0120533333333332,1.0717866666666669,59.73333333333342,0,0.99947851896286,0.9467748284339904,,results/batch_3452_sample/detections/2024-10-05_21-23-58_0004693.json,fuzzy,13.577,-1.8688065,13.746113,0,1.0
2024-10-05_21-23-58_0004693,2,Cluster_13,1,1,2.1277666666666666,2.1444066666666664,0.0166399999999997,94.140625,80.078125,96.484375,16.40625,5.749495570278339,1020.5639236192546,1.1365207615465946,-71.20789204387563,0.2395884561979481,84.765625,classified_Stats.xlsx,2024-10-05_21-23-58_0004693,2.10432,2.16832,64.00000000000006,1,0.9990572333335876,0.9203470721840858,,results/batch_3452_sample/detections/2024-10-05_21-23-58_0004693.json,fuzzy,23.447,-2.9368644,11.738143,0,0.9394249414850251
2024-10-05_21-23-58_0004693,3,Cluster_13,1,1,2.3152,2.35705,0.0418500000000001,105.51470588235294,79.04411764705883,113.23529411764709,34.191176470588246,13.862838385463036,779.0064502405053,1.1344293897697666,-72.13662653733721,0.2297853630724692,81.25,classified_Stats.xlsx,2024-10-05_21-23-58_0004693,2.29632,2.368853333333333,72.53333333333333,2,0.997556447982788,0.905570344792472,,results/batch_3452_sample/detections/2024-10-05_21-23-58_0004693.json,fuzzy,18.88,3.0388553,15.43002,3,1.0
2024-10-05_21-23-58_0004693,4,Cluster_1,1,1,2.4663,2.4715800000000003,0.0052800000000003,84.0909090909091,82.95454545454547,85.22727272727273,2.2727272727272663,0.7278552445685778,368.9492325855912,1.0544902140144252,-69.45690361177468,0.2359618336389525,84.0909090909091,classified_Stats.xlsx,2024-10-05_21-23-58_0004693,2.420053333333333,2.48832,68.2666666666667,3,0.997017741203308,0.9208043498151444,,results/batch_3452_sample/detections/2024-10-05_21-23-58_0004693.json,fuzzy,46.247,-2.0157893,12.734367,0,0.7755861930055847
2024-10-05_22-08-48_0004795,1,Cluster_1,1,1,1.0377,1.0396,0.0019,73.26086956521739,73.26086956521739,73.26086956521739,0.0,7.78360568894479e-15,-1.360546246201295e-11,1.0,-69.11726230921465,0.2230427432953944,73.26086956521739,classified_Stats.xlsx,2024-10-05_22-08-48_0004795,1.00352,1.05472,51.20000000000013,0,0.9318928718566896,0.831989402954395,,results/batch_3452_sample/detections/2024-10-05_22-08-48_0004795.json,fuzzy,34.18,-0.32317442,12.571247,0,1.0
2024-10-05_22-08-48_0004795,2,Cluster_9,1,1,1.1931466666666666,1.1983733333333333,0.0052266666666667,68.93939393939394,44.696969696969695,88.63636363636363,43.93939393939393,8.054188739218965,-750.3001200480227,4.423965506587135,-71.70249688164223,0.2503189327615228,70.45454545454545,classified_Stats.xlsx,2024-10-05_22-08-48_0004795,1.1741866666666667,1.2125866666666667,38.39999999999999,1,0.8800181746482849,0.8023890912532806,,results/batch_3452_sample/detections/2024-10-05_22-08-48_0004795.json,fuzzy,18.96,4.927065,16.126532,3,0.7644310183847698
2024-10-05_22-08-48_0004795,3,Cluster_10,1,1,1.3383833333333333,1.3884833333333333,0.0501,66.07142857142858,33.035714285714285,75.0,41.96428571428572,7.3044672326695395,-49.396181338147954,2.3134002809223517,-67.23360308660038,0.2510948610444134,66.07142857142858,classified_Stats.xlsx,2024-10-05_22-08-48_0004795,1.3021866666666666,1.41312,110.93333333333332,2,0.9965358972549438,0.93476242268527,,results/batch_3452_sample/detections/2024-10-05_22-08-48_0004795.json,fuzzy,36.197,2.7267184,15.812488,3,1.0
2024-10-05_22-08-48_0004795,4,Cluster_1,1,1,2.3827233333333333,2.43039,0.0476666666666667,72.91666666666667,42.708333333333336,103.125,60.41666666666666,14.00063552624983,-83.03274613870552,1.748424670420119,-75.55506706380757,0.1811197681446388,42.708333333333336,classified_Stats.xlsx,2024-10-05_22-08-48_0004795,2.368853333333333,2.44992,81.06666666666662,3,0.929394006729126,0.8518063455820084,,results/batch_3452_sample/detections/2024-10-05_22-08-48_0004795.json,fuzzy,13.87,5.3500624,16.552713,3,1.0
2024-10-05_22-34-58_0004839,1,Cluster_27,1,1,0.7595866666666667,0.77592,0.0163333333333333,100.75757575757576,28.03030303030303,105.3030303030303,77.27272727272727,23.94015362027488,293.183343850576,5.339012239369714,-78.540496559918,0.1858650941726343,100.75757575757576,classified_Stats.xlsx,2024-10-05_22-34-58_0004839,0.74752,0.78592,38.39999999999999,0,0.9319884181022644,0.8721782684326171,,results/batch_3452_sample/detections/2024-10-05_22-34-58_0004839.json,fuzzy,12.067,4.423575,17.827003,3,1.0
2024-10-05_22-34-58_0004839,2,Cluster_30,1,1,1.0216666666666667,1.0355333333333334,0.0138666666666666,100.71428571428572,96.42857142857144,103.57142857142856,7.142857142857139,2.680823229310947,126.87449630561468,1.1875502788732213,-73.9176147456865,0.2270639049555041,103.57142857142856,classified_Stats.xlsx,2024-10-05_22-34-58_0004839,1.0077866666666666,1.0504533333333332,42.66666666666663,1,0.9656245112419128,0.8998771689154885,,results/batch_3452_sample/detections/2024-10-05_22-34-58_0004839.json,fuzzy,13.88,-3.0830114,11.115948,0,1.0
2024-10-05_22-47-05_0004867,1,Cluster_30,1,1,1.03735,1.07475,0.0374000000000001,97.72727272727272,91.36363636363636,101.36363636363636,10.0,2.7735009811261464,40.616455263932096,1.117527288661962,-69.39464493941801,0.23417915847105,94.0909090909091,classified_Stats.xlsx,2024-10-05_22-47-05_0004867,0.9949866666666668,1.1016533333333334,106.66666666666669,0,0.9981063604354858,0.8867194572320352,,results/batch_3452_sample/detections/2024-10-05_22-47-05_0004867.json,fuzzy,42.363,-3.274187,11.438764,0,1.0
2024-10-05_22-47-05_0004867,2,Cluster_30,1,1,1.2011500000000002,1.21919,0.0180399999999998,100.0,93.9516129032258,118.14516129032258,24.19354838709677,4.682220207883346,-622.350830163919,1.8561341881187905,-74.99840850116361,0.1942475333904924,95.16129032258064,classified_Stats.xlsx,2024-10-05_22-47-05_0004867,1.18272,1.2424533333333334,59.73333333333342,1,0.9812222123146056,0.856089061498642,,results/batch_3452_sample/detections/2024-10-05_22-47-05_0004867.json,fuzzy,18.43,-2.7164733,11.2006855,0,0.9363597530748807
2024-10-05_22-47-05_0004867,3,Cluster_16,1,1,1.29707,1.5400666666666667,0.2429966666666667,60.97489482878273,43.72850378149744,96.74190095090114,53.0133971694037,10.132452216858685,-8.302886641469911,1.5699346339439335,-59.493598562914414,0.3518042124004356,60.8493858993471,classified_Stats.xlsx,2024-10-05_22-47-05_0004867,1.2509866666666667,1.54112,290.1333333333333,2,0.9999995231628418,0.9529747820418814,,results/batch_3452_sample/detections/2024-10-05_22-47-05_0004867.json,fuzzy,46.083,0.58525497,16.459604,1,1.0
2024-10-05_22-47-05_0004867,4,Cluster_11,1,1,1.6036400000000002,1.80452,0.2008799999999999,51.75504094352526,38.04107474984066,69.36554047542575,31.324465725585085,9.015632932591954,-20.78092512078212,1.6264534644577349,-59.11784141422108,0.3963457898695503,53.3132530120482,classified_Stats.xlsx,2024-10-05_22-47-05_0004867,1.583786666666667,1.8269866666666668,243.20000000000007,3,0.9999992847442628,0.9556744905381368,,results/batch_3452_sample/detections/2024-10-05_22-47-05_0004867.json,fuzzy,19.853,0.6977187,16.592905,1,1.0
2024-10-05_22-47-05_0004867,5,Cluster_33,1,1,1.8869133333333328,2.090193333333333,0.2032799999999999,50.27444369434191,36.68098288390416,71.38899372168848,34.70801083778432,9.103054129508491,16.470123731314484,1.5853670095937695,-56.003762684762506,0.4462966022482991,46.694214876033065,classified_Stats.xlsx,2024-10-05_22-47-05_0004867,1.86112,2.09152,230.39999999999995,4,0.9999608993530272,0.9236721087585796,,results/batch_3452_sample/detections/2024-10-05_22-47-05_0004867.json,fuzzy,25.793,0.55570966,16.498892,1,1.0
2024-10-05_22-47-05_0004867,6,Cluster_14,1,1,2.352253333333333,2.42116,0.0689066666666669,44.69107123976774,26.102941176470587,90.0735294117647,63.97058823529411,18.63537710274156,-217.81625846886476,1.8064073721675864,-61.73729205817779,0.3806326931825964,50.04803154469637,classified_Stats.xlsx,2024-10-05_22-47-05_0004867,2.3517866666666665,2.42432,72.53333333333333,5,0.948816180229187,0.8020060757795969,,results/batch_3452_sample/detections/2024-10-05_22-47-05_0004867.json,fuzzy,0.467,0.5656522,16.678791,1,1.0
2024-10-05_22-47-05_0004867,7,Cluster_29,1,1,2.48116,2.5351066666666666,0.0539466666666665,80.14705882352942,26.102941176470587,88.97058823529412,62.86764705882353,21.68208156975933,1007.7540767801304,5.111511931275756,-67.63237195948092,0.2886482080293001,80.14705882352942,classified_Stats.xlsx,2024-10-05_22-47-05_0004867,2.4797866666666666,2.55232,72.53333333333333,6,0.9980095028877258,0.8857415484057533,,results/batch_3452_sample/detections/2024-10-05_22-47-05_0004867.json,fuzzy,1.373,3.3565435,16.543736,3,0.9181946390904361
2024-10-05_22-47-05_0004867,8,Cluster_2,1,1,4.10855,4.18005,0.0714999999999994,98.63636363636364,42.27272727272727,117.72727272727272,75.45454545454544,16.637990965628337,-371.4688858813027,3.1784169705184144,-75.42371930408727,0.1932901905028705,101.36363636363636,classified_Stats.xlsx,2024-10-05_22-47-05_0004867,4.092586666666667,4.199253333333333,106.66666666666646,7,0.9878692030906676,0.8755771563603327,,results/batch_3452_sample/detections/2024-10-05_22-47-05_0004867.json,fuzzy,15.963,4.540525,16.856192,3,1.0
2024-10-05_22-47-05_0004867,9,Cluster_25,1,1,4.3814866666666665,4.4045266666666665,0.0230399999999999,77.734375,49.609375,117.578125,67.96875,13.46114704515204,-3.4935845799188905,3.6982865707846377,-78.42308937999954,0.1857256968488457,76.5625,classified_Stats.xlsx,2024-10-05_22-47-05_0004867,4.378453333333334,4.442453333333333,63.99999999999917,8,0.9558641314506532,0.8452719897031784,,results/batch_3452_sample/detections/2024-10-05_22-47-05_0004867.json,fuzzy,3.033,4.778057,17.363508,3,1.0
2024-10-05_22-47-10_0004868,1,Cluster_20,1,1,1.04948,1.57058,0.5211000000000001,56.0976725815831,50.58139534883721,109.4841997573783,58.90280440854109,10.117437639741611,-33.7238188186298,1.5759235165304228,-65.03153827487425,0.2441269511746457,55.23255813953489,classified_Stats.xlsx,2024-10-05_22-47-10_0004868,0.9992533333333332,1.588053333333333,588.8,0,0.99994957447052,0.9829373018775912,,results/batch_3452_sample/detections/2024-10-05_22-47-10_0004868.json,fuzzy,50.227,0.88478404,16.424454,1,1.0
2024-10-05_22-47-10_0004868,2,Cluster_9,1,1,1.6568,1.7453,0.0885,65.72847682119206,26.92014088851439,100.49668874172188,73.5765478532075,16.08648152904722,149.18970761677042,1.5405413412597115,-69.3615022532102,0.2454730020108872,63.74172185430463,classified_Stats.xlsx,2024-10-05_22-47-10_0004868,1.65632,1.74592,89.59999999999991,1,0.9996490478515624,0.93620003759861,,results/batch_3452_sample/detections/2024-10-05_22-47-10_0004868.json,fuzzy,0.48,2.7559428,17.10245,3,1.0
2024-10-05_23-17-33_0004943,1,Cluster_10,1,1,0.31027,0.33897,0.0287,60.08064516129032,35.88709677419355,92.74193548387098,56.85483870967742,8.888965513697238,146.37341507499315,2.9130153981873805,-77.47566550537726,0.1830368816078419,58.87096774193549,classified_Stats.xlsx,2024-10-05_23-17-33_0004943,0.2909866666666666,0.35072,59.733333333333306,0,0.9965739250183104,0.8989006419976552,,results/batch_3452_sample/detections/2024-10-05_23-17-33_0004943.json,fuzzy,19.283,5.7292347,16.392319,3,1.0
2024-10-05_23-17-33_0004943,2,Cluster_1,1,1,0.83922,0.86636,0.02714,75.42016806722688,72.89915966386555,76.68067226890756,3.7815126050420105,1.1764994455783022,-49.31659879058634,1.0489588062754045,-74.80809303024166,0.1980396520999092,75.42016806722688,classified_Stats.xlsx,2024-10-05_23-17-33_0004943,0.8285866666666667,0.8840533333333334,55.46666666666666,1,0.9938896894454956,0.9410870671272278,,results/batch_3452_sample/detections/2024-10-05_23-17-33_0004943.json,fuzzy,10.633,6.50691,14.530232,0,0.607220626514224
2024-10-05_23-17-33_0004943,3,Cluster_13,1,1,1.00988,1.0622,0.0523200000000001,81.25,57.29166666666667,82.29166666666667,25.0,9.941229862836495,471.2838608664755,1.050590438881429,-69.32556590973886,0.2460263480816884,81.25,classified_Stats.xlsx,2024-10-05_23-17-33_0004943,0.9949866666666668,1.0760533333333333,81.06666666666662,2,0.9964806437492372,0.9501518547534944,,results/batch_3452_sample/detections/2024-10-05_23-17-33_0004943.json,fuzzy,14.893,2.4791584,15.406186,3,1.0
2024-10-05_23-17-33_0004943,4,Cluster_12,1,1,1.78326,1.7950400000000002,0.0117800000000001,74.56521739130434,26.30434782608696,118.91304347826087,92.60869565217392,15.84326554923328,-607.1003833040311,7.321069526758105,-78.21271284552705,0.1813055681995346,74.56521739130434,classified_Stats.xlsx,2024-10-05_23-17-33_0004943,1.7672533333333331,1.8184533333333333,51.19999999999991,3,0.9860553741455078,0.9034811625113854,,results/batch_3452_sample/detections/2024-10-05_23-17-33_0004943.json,fuzzy,16.007,4.826191,18.177355,3,1.0
2024-10-05_23-17-33_0004943,5,Cluster_10,1,1,2.0424,2.05455,0.0121499999999996,68.01470588235294,65.80882352941177,68.01470588235294,2.205882352941174,0.820614495378137,151.44946867636008,1.0134460083164605,-71.3392791491782,0.2189290442685979,68.01470588235294,classified_Stats.xlsx,2024-10-05_23-17-33_0004943,2.00192,2.074453333333333,72.53333333333333,4,0.9984076619148254,0.946134520901574,,results/batch_3452_sample/detections/2024-10-05_23-17-33_0004943.json,fuzzy,40.48,4.978566,11.052359,2,0.6849607728948057
2024-10-05_23-17-37_0004944,1,Cluster_9,1,1,0.8121533333333334,0.8371133333333334,0.0249599999999999,70.71428571428572,66.42857142857143,107.85714285714286,41.42857142857143,12.884541301956572,371.3644654940198,2.506638088006518,-79.98861854109553,0.1833681997849049,70.71428571428572,classified_Stats.xlsx,2024-10-05_23-17-37_0004944,0.8072533333333334,0.84992,42.66666666666663,0,0.961540460586548,0.8767306100238453,,results/batch_3452_sample/detections/2024-10-05_23-17-37_0004944.json,fuzzy,4.9,4.6301765,16.08259,3,1.0
2024-10-05_23-17-37_0004944,2,Cluster_1,1,1,1.015,1.03372,0.0187199999999998,81.25,79.16666666666667,82.29166666666667,3.125,0.7454866273848838,-104.43538930581542,1.0527582853453308,-66.1335270143679,0.2982517245299287,81.25,classified_Stats.xlsx,2024-10-05_23-17-37_0004944,0.9693866666666666,1.0504533333333332,81.06666666666662,1,0.9988345503807068,0.9646748661994934,,results/batch_3452_sample/detections/2024-10-05_23-17-37_0004944.json,fuzzy,45.613,-0.67152804,14.790972,0,0.7213641345182247
2024-10-05_23-17-37_0004944,3,Cluster_9,1,1,1.6549066666666663,1.6848,0.0298933333333333,79.2016806722689,72.89915966386555,117.01680672268908,44.11764705882352,8.977882639981726,112.60276039204702,2.262870362995513,-76.93814209514765,0.1849938605018931,75.42016806722688,classified_Stats.xlsx,2024-10-05_23-17-37_0004944,1.64352,1.6989866666666666,55.46666666666656,2,0.9792649745941162,0.8637688053505761,,results/batch_3452_sample/detections/2024-10-05_23-17-37_0004944.json,fuzzy,11.387,4.691626,15.918081,3,1.0
2024-10-05_23-17-38_0004945,1,Cluster_9,1,1,0.5079933333333333,0.5374933333333334,0.0295,76.68067226890756,70.3781512605042,113.23529411764706,42.85714285714286,7.3343387850253245,71.721853246708,1.874324633140831,-77.2318386365284,0.1852076936827574,75.42016806722688,classified_Stats.xlsx,2024-10-05_23-17-38_0004945,0.4957866666666666,0.5512533333333334,55.46666666666672,0,0.9798231720924376,0.8673438770430428,,results/batch_3452_sample/detections/2024-10-05_23-17-38_0004945.json,fuzzy,12.207,4.7512794,15.784379,3,1.0
2024-10-05_23-17-38_0004945,2,Cluster_1,1,1,1.01497,1.038,0.0230300000000001,79.72972972972974,77.70270270270271,79.72972972972974,2.027027027027032,0.6410022284125098,-48.804824085723205,1.0356033290152833,-70.34904002301882,0.2278953938965191,79.72972972972974,classified_Stats.xlsx,2024-10-05_23-17-38_0004945,0.9693866666666666,1.05472,85.33333333333348,1,0.9973896145820618,0.9083072259312585,,results/batch_3452_sample/detections/2024-10-05_23-17-38_0004945.json,fuzzy,45.583,-0.87256986,12.621351,0,1.0
2024-10-05_23-17-38_0004945,3,Cluster_10,1,1,1.2023533333333334,1.2046400000000002,0.0022866666666667,59.84848484848485,59.84848484848485,59.84848484848485,0.0,0.0,3.0922578111462094e-12,1.0,-73.07387338229053,0.2290915327027662,59.84848484848485,classified_Stats.xlsx,2024-10-05_23-17-38_0004945,1.1869866666666666,1.2253866666666666,38.39999999999999,2,0.9661065936088562,0.9391587793827056,,results/batch_3452_sample/detections/2024-10-05_23-17-38_0004945.json,fuzzy,15.367,6.003491,11.451588,2,0.8770174670365976
2024-10-05_23-17-38_0004945,4,Cluster_1,1,1,1.66668,1.67808,0.0114,79.78260869565217,78.47826086956522,79.78260869565217,1.3043478260869534,0.2464985693538431,27.954304031009084,1.0132443614896705,-72.87702838698719,0.2247347222871356,79.78260869565217,classified_Stats.xlsx,2024-10-05_23-17-38_0004945,1.64352,1.69472,51.19999999999991,3,0.9959498643875122,0.959810156088609,,results/batch_3452_sample/detections/2024-10-05_23-17-38_0004945.json,fuzzy,23.16,-0.65787625,12.07056,0,1.0
2024-10-05_23-17-38_0004945,5,Cluster_13,1,1,1.8229,1.8814,0.0585000000000002,91.55629139072848,59.7682119205298,93.54304635761588,33.77483443708609,12.839828281510275,622.9184715677723,1.0690629446524005,-69.95245928015662,0.2398139165638811,61.75496688741722,classified_Stats.xlsx,2024-10-05_23-17-38_0004945,1.80992,1.89952,89.60000000000012,4,0.9971254467964172,0.9556207683953372,,results/batch_3452_sample/detections/2024-10-05_23-17-38_0004945.json,fuzzy,12.98,2.9296994,15.474695,3,1.0
2024-10-05_23-17-38_0004945,6,Cluster_10,1,1,2.02996,2.0390433333333333,0.0090833333333333,61.81818181818181,60.45454545454545,61.81818181818181,1.3636363636363598,0.676553097759317,187.33560017963688,1.0819774764495425,-71.11388319319717,0.2519564289290854,61.81818181818181,classified_Stats.xlsx,2024-10-05_23-17-38_0004945,2.01472,2.061653333333333,46.93333333333305,5,0.9922652244567872,0.9585070411364236,,results/batch_3452_sample/detections/2024-10-05_23-17-38_0004945.json,fuzzy,15.24,4.231627,10.809782,2,0.9910124880099778
2024-10-05_23-17-38_0004945,7,Cluster_10,1,1,2.3543266666666667,2.3667,0.0123733333333335,61.328125,60.15625,84.765625,24.609375,5.119419543320479,-32.02634762608805,2.4323068971002137,-71.41579888396886,0.2419795125763256,61.328125,classified_Stats.xlsx,2024-10-05_23-17-38_0004945,2.33472,2.39872,64.00000000000006,6,0.9983041286468506,0.8970803134143353,,results/batch_3452_sample/detections/2024-10-05_23-17-38_0004945.json,fuzzy,19.607,3.3823051,14.056323,3,1.0
2024-10-05_23-17-38_0004945,8,Cluster_10,1,1,2.69378,2.7314066666666665,0.0376266666666667,62.5,59.19117647058824,70.22058823529412,11.029411764705875,2.605745901857496,249.69106044998145,1.033199157554877,-71.31832287082086,0.2365140847380006,62.5,classified_Stats.xlsx,2024-10-05_23-17-38_0004945,2.6760533333333334,2.7485866666666667,72.53333333333333,7,0.99727600812912,0.9354501863320668,,results/batch_3452_sample/detections/2024-10-05_23-17-38_0004945.json,fuzzy,17.727,3.5741346,13.159788,3,1.0
2024-10-05_23-17-46_0004946,1,Cluster_1,1,1,0.2102266666666666,0.2428933333333333,0.0326666666666666,62.87878787878788,28.03030303030303,118.93939393939394,90.9090909090909,22.482903411745,579.8863576127573,8.265884504841914,-81.6192184225207,0.1683637429728961,61.36363636363636,classified_Stats.xlsx,2024-10-05_23-17-46_0004946,0.20992,0.24832,38.40000000000002,0,0.937382698059082,0.8920715928077698,,results/batch_3452_sample/detections/2024-10-05_23-17-46_0004946.json,fuzzy,0.307,4.7195106,18.196993,3,1.0
2024-10-05_23-17-46_0004946,2,Cluster_9,1,1,1.07546,1.0785,0.0030399999999999,78.47826086956522,78.47826086956522,94.1304347826087,15.652173913043484,5.217391304347828,1372.9977116704756,3.760398644698074,-79.39254303665285,0.1842900505854971,78.47826086956522,classified_Stats.xlsx,2024-10-05_23-17-46_0004946,1.0461866666666666,1.0973866666666667,51.20000000000013,1,0.9421684145927428,0.8000134458908668,,results/batch_3452_sample/detections/2024-10-05_23-17-46_0004946.json,fuzzy,29.273,4.223895,15.954147,3,1.0
2024-10-05_23-17-46_0004946,3,Cluster_1,1,1,1.20662,1.2087,0.00208,76.42857142857143,75.0,76.42857142857143,1.4285714285714306,0.6970714806775247,-735.8712715855612,1.054490214014425,-76.97664027091584,0.1841110169941098,76.42857142857143,classified_Stats.xlsx,2024-10-05_23-17-46_0004946,1.18272,1.2253866666666666,42.66666666666663,2,0.8979583978652954,0.7859940176660364,,results/batch_3452_sample/detections/2024-10-05_23-17-46_0004946.json,fuzzy,23.9,6.552663,14.596492,0,0.607220626514224
2024-10-05_23-17-46_0004946,4,Cluster_1,1,1,1.3110266666666666,1.34696,0.0359333333333333,78.03030303030303,31.060606060606062,125.0,93.93939393939394,18.728495352276333,-689.2156848856096,6.9690038772522085,-80.76716420271208,0.1686829997002111,76.51515151515152,classified_Stats.xlsx,2024-10-05_23-17-46_0004946,1.31072,1.34912,38.39999999999999,3,0.8997105360031128,0.8244189232587814,,results/batch_3452_sample/detections/2024-10-05_23-17-46_0004946.json,fuzzy,0.307,4.7608805,18.191408,3,1.0
2024-10-05_23-17-46_0004946,5,Cluster_30,1,1,1.6005,1.6044333333333334,0.0039333333333333,93.0672268907563,91.80672268907564,93.0672268907563,1.260504201680675,0.635955856020396,-378.7339280858714,1.1186845599851676,-73.83042724833977,0.2283544519771963,93.0672268907563,classified_Stats.xlsx,2024-10-05_23-17-46_0004946,1.5709866666666668,1.6264533333333333,55.46666666666656,4,0.989234209060669,0.914307964699609,,results/batch_3452_sample/detections/2024-10-05_23-17-46_0004946.json,fuzzy,29.513,-2.4873703,11.588304,0,1.0
2024-10-05_23-17-46_0004946,6,Cluster_10,1,1,1.91253,1.92811,0.0155799999999999,64.91935483870968,62.5,66.12903225806451,3.629032258064513,0.8920988776308882,135.39602943639048,1.0754402106798162,-75.57224407049065,0.1961723914231286,64.91935483870968,classified_Stats.xlsx,2024-10-05_23-17-46_0004946,1.88672,1.9464533333333331,59.73333333333342,5,0.9977078437805176,0.932512891292572,,results/batch_3452_sample/detections/2024-10-05_23-17-46_0004946.json,fuzzy,25.81,6.9937387,14.473423,0,0.607220626514224
2024-10-05_23-17-46_0004946,7,Cluster_33,1,1,2.22156,2.2594,0.03784,62.5,26.13636363636364,125.0,98.86363636363636,21.39607926215006,259.33252305661017,4.039869706014225,-77.80207870660587,0.1871007086212177,76.13636363636364,classified_Stats.xlsx,2024-10-05_23-17-46_0004946,2.210986666666667,2.279253333333333,68.26666666666625,6,0.9794120192527772,0.8894422422437107,,results/batch_3452_sample/detections/2024-10-05_23-17-46_0004946.json,fuzzy,10.573,3.5419366,17.613377,3,1.0
2024-10-05_23-17-46_0004946,8,Cluster_4,1,1,2.4713,2.5037266666666667,0.0324266666666668,66.015625,60.15625,121.09375,60.9375,14.73896875822062,-47.13484713124191,3.446330320131568,-76.12711347477058,0.1881965124267486,62.5,classified_Stats.xlsx,2024-10-05_23-17-46_0004946,2.4584533333333334,2.522453333333333,64.00000000000006,7,0.999669313430786,0.9702471122145652,,results/batch_3452_sample/detections/2024-10-05_23-17-46_0004946.json,fuzzy,12.847,4.77853,17.315098,3,1.0
2024-10-05_23-18-24_0004949,1,Cluster_25,1,1,0.7328133333333333,0.7515333333333334,0.01872,70.71428571428572,40.71428571428572,106.42857142857144,65.71428571428572,11.027312596701996,123.01277303762834,1.7785407431102995,-78.11444632368129,0.1885932132310877,70.71428571428572,classified_Stats.xlsx,2024-10-05_23-18-24_0004949,0.7133866666666666,0.7560533333333334,42.66666666666674,0,0.9658145308494568,0.8933053829453208,,results/batch_3452_sample/detections/2024-10-05_23-18-24_0004949.json,fuzzy,19.427,5.4823256,16.589659,3,1.0
2024-10-05_23-18-24_0004949,2,Cluster_1,1,1,1.00652,1.0183,0.0117800000000001,77.17391304347827,75.86956521739131,78.47826086956522,2.608695652173907,0.8607548055601167,-198.8028211546349,1.1045973598613863,-69.95118048858399,0.2562526978360438,77.17391304347827,classified_Stats.xlsx,2024-10-05_23-18-24_0004949,0.9821866666666668,1.033386666666667,51.20000000000002,1,0.9966968297958374,0.9649474024772644,,results/batch_3452_sample/detections/2024-10-05_23-18-24_0004949.json,fuzzy,24.333,-0.8455695,13.355347,0,1.0
2024-10-05_23-18-24_0004949,3,Cluster_1,1,1,1.3503933333333331,1.3523533333333333,0.0019599999999999,73.48484848484848,73.48484848484848,73.48484848484848,0.0,7.674738709330906e-15,-3.050160467909076e-12,1.0,-77.25649704353226,0.1830409897044922,73.48484848484848,classified_Stats.xlsx,2024-10-05_23-18-24_0004949,1.332053333333333,1.3704533333333333,38.39999999999999,2,0.8446634411811829,0.7817506432533264,,results/batch_3452_sample/detections/2024-10-05_23-18-24_0004949.json,fuzzy,18.34,6.657127,14.435801,0,0.607220626514224
2024-10-05_23-18-27_0004950,1,Cluster_1,1,1,1.0144533333333332,1.02232,0.0078666666666666,77.94117647058823,75.42016806722688,77.94117647058823,2.52100840336135,0.9448778187823464,-328.7909925141053,1.0362529801350486,-69.83468431097124,0.2496926217820707,76.68067226890756,classified_Stats.xlsx,2024-10-05_23-18-27_0004950,0.9821866666666668,1.037653333333333,55.46666666666666,0,0.9969858527183532,0.9410873055458068,,results/batch_3452_sample/detections/2024-10-05_23-18-27_0004950.json,fuzzy,32.267,-0.779253,13.102744,0,1.0
2024-10-05_23-18-27_0004950,2,Cluster_1,1,1,1.65558,1.6568866666666666,0.0013066666666665,68.93939393939394,68.93939393939394,76.51515151515152,7.575757575757578,3.772696847875375,-6493.506493506402,1.17713149214369,-81.25944934427662,0.1797183617208263,68.93939393939394,classified_Stats.xlsx,2024-10-05_23-18-27_0004950,1.6349866666666666,1.6733866666666666,38.39999999999999,1,0.9323352575302124,0.8762202978134155,,results/batch_3452_sample/detections/2024-10-05_23-18-27_0004950.json,fuzzy,20.593,6.1258698,16.82678,3,1.0
2024-10-05_23-18-27_0004950,3,Cluster_1,1,1,1.94492,1.9551466666666668,0.0102266666666668,76.68067226890756,75.42016806722688,76.68067226890756,1.260504201680675,0.5865398659261463,148.690506189438,1.0151806950499742,-71.10321180445577,0.2354009790600589,76.68067226890756,classified_Stats.xlsx,2024-10-05_23-18-27_0004950,1.9165866666666669,1.9720533333333332,55.466666666666775,2,0.9989768266677856,0.9432469436100552,,results/batch_3452_sample/detections/2024-10-05_23-18-27_0004950.json,fuzzy,28.333,-0.4446907,12.509963,0,1.0
2024-10-05_23-18-28_0004951,1,Cluster_23,1,1,0.02372,0.02904,0.00532,68.9655172413793,43.10344827586207,107.75862068965516,64.65517241379311,29.758241097191437,-7572.659185603642,2.855054617914829,-82.01435479418792,0.184584772090867,48.27586206896552,classified_Stats.xlsx,2024-10-05_23-18-28_0004951,0.0221866666666666,0.0349866666666666,12.8,0,0.905250608921051,0.8689786791801453,,results/batch_3452_sample/detections/2024-10-05_23-18-28_0004951.json,fuzzy,1.533,5.853606,17.209452,3,1.0
2024-10-05_23-18-28_0004951,2,Cluster_1,1,1,0.30652,0.3167466666666667,0.0102266666666666,76.68067226890756,75.42016806722688,76.68067226890756,1.260504201680675,0.5865398659261463,148.690506189438,1.0151806950499742,-71.10321180445577,0.2354009790600589,76.68067226890756,classified_Stats.xlsx,2024-10-05_23-18-28_0004951,0.2781866666666667,0.3336533333333333,55.46666666666666,1,0.9989799857139589,0.9430606194904873,,results/batch_3452_sample/detections/2024-10-05_23-18-28_0004951.json,fuzzy,28.333,-0.3986274,12.422539,0,1.0
2024-10-05_23-18-28_0004951,3,Cluster_1,1,1,1.0480999999999998,1.06558,0.0174800000000001,78.47826086956522,77.17391304347827,79.78260869565219,2.608695652173921,0.6720808486485572,65.49046670491214,1.062781398465278,-69.02159455461153,0.2771541936940999,78.47826086956522,classified_Stats.xlsx,2024-10-05_23-18-28_0004951,1.02912,1.08032,51.19999999999991,2,0.9959061145782472,0.9529717518733098,,results/batch_3452_sample/detections/2024-10-05_23-18-28_0004951.json,fuzzy,18.98,-0.932715,14.197813,0,0.7213641345182247
2024-10-05_23-18-30_0004952,1,Cluster_1,1,1,1.03852,1.0444933333333333,0.0059733333333331,81.25,75.390625,85.9375,10.546875,2.3632005409772145,-431.605747767863,1.7424653691977805,-69.66525400790378,0.2595844218655763,81.25,classified_Stats.xlsx,2024-10-05_23-18-30_0004952,0.9949866666666668,1.0589866666666667,64.00000000000006,0,0.9327731728553772,0.7560263574123383,,results/batch_3452_sample/detections/2024-10-05_23-18-30_0004952.json,fuzzy,43.533,-1.553796,13.469129,0,0.8401677318527353
2024-10-05_23-18-30_0004952,2,Cluster_12,1,1,1.13406,1.1669133333333337,0.0328533333333334,64.84375,61.328125,91.796875,30.46875,10.144096277527112,707.1532104716385,1.200415967120241,-70.36281154778634,0.2576662676144728,64.84375,classified_Stats.xlsx,2024-10-05_23-18-30_0004952,1.11872,1.18272,64.00000000000006,1,0.98293799161911,0.8481405936181545,,results/batch_3452_sample/detections/2024-10-05_23-18-30_0004952.json,fuzzy,15.34,2.523759,15.954736,3,1.0
2024-10-05_23-18-30_0004952,3,Cluster_1,1,1,1.6442,1.6474666666666666,0.0032666666666665,74.28571428571428,73.21428571428572,74.28571428571428,1.0714285714285552,0.4959750534495802,327.9883381924191,1.0485281374238569,-74.22860459575735,0.2169006315516265,74.28571428571428,classified_Stats.xlsx,2024-10-05_23-18-30_0004952,1.5965866666666666,1.6733866666666666,76.79999999999998,2,0.9931093454360962,0.8908216545456334,,results/batch_3452_sample/detections/2024-10-05_23-18-30_0004952.json,fuzzy,47.613,-0.1396732,12.050849,0,0.8196394534034231
2024-10-05_23-18-30_0004952,4,Cluster_1,1,1,1.84021,1.8445733333333332,0.0043633333333332,80.46218487394958,79.2016806722689,88.0252100840336,8.823529411764696,2.2242225680422067,-1122.2094761392789,1.221579393334074,-69.66853100118568,0.2445251758360476,80.46218487394958,classified_Stats.xlsx,2024-10-05_23-18-30_0004952,1.805653333333333,1.86112,55.466666666666775,3,0.9929272532463074,0.9407067682061876,,results/batch_3452_sample/detections/2024-10-05_23-18-30_0004952.json,fuzzy,34.557,-1.4131233,13.09008,0,0.8120010683998085
2024-10-05_23-18-30_0004952,5,Cluster_10,1,1,1.99512,2.03164,0.0365199999999998,64.77272727272728,61.36363636363637,72.72727272727273,11.363636363636369,3.1906334224967328,301.81453168487303,1.053073009261262,-71.24272567434491,0.2358683295201944,64.77272727272728,classified_Stats.xlsx,2024-10-05_23-18-30_0004952,1.9805866666666667,2.048853333333333,68.26666666666648,4,0.99985671043396,0.9566335432669696,,results/batch_3452_sample/detections/2024-10-05_23-18-30_0004952.json,fuzzy,14.533,3.4460874,13.349749,3,1.0
2024-10-05_23-18-30_0004952,6,Cluster_10,1,1,2.199513333333333,2.219993333333333,0.02048,62.5,61.328125,117.578125,56.25,9.221445202261064,65.05134332263911,3.0248153450031507,-73.42497779964414,0.2255814327140206,62.5,classified_Stats.xlsx,2024-10-05_23-18-30_0004952,2.1768533333333333,2.2408533333333334,64.00000000000006,5,0.999520182609558,0.9502845034003258,,results/batch_3452_sample/detections/2024-10-05_23-18-30_0004952.json,fuzzy,22.66,4.7419443,16.27718,3,1.0
2024-10-05_23-18-30_0004952,7,Cluster_1,1,1,2.425546666666667,2.49424,0.068693333333333,78.7037037037037,61.11111111111112,79.62962962962963,18.51851851851852,6.063906485831546,253.80864961716264,1.0510238329839177,-65.57770079043965,0.3091268730325186,79.62962962962963,classified_Stats.xlsx,2024-10-05_23-18-30_0004952,2.407253333333333,2.509653333333333,102.40000000000026,6,0.9996715784072876,0.9757477355003356,,results/batch_3452_sample/detections/2024-10-05_23-18-30_0004952.json,fuzzy,18.293,1.6281961,15.417862,3,1.0
2024-10-05_23-18-30_0004952,8,Cluster_1,1,1,3.078873333333333,3.10362,0.0247466666666666,76.5625,67.1875,77.734375,10.546875,2.6158177168626398,319.9806198247221,1.039027018177321,-68.99961000600119,0.2661447630369929,76.5625,classified_Stats.xlsx,2024-10-05_23-18-30_0004952,3.0600533333333333,3.1240533333333333,64.00000000000006,7,0.9993390440940856,0.953957449644804,,results/batch_3452_sample/detections/2024-10-05_23-18-30_0004952.json,fuzzy,18.82,-0.5197348,14.105184,0,0.7213641345182247
2024-10-05_23-18-30_0004952,9,Cluster_1,1,1,5.062233333333333,5.093633333333333,0.0313999999999996,80.0632911392405,76.26582278481013,80.0632911392405,3.7974683544303782,0.858656629588086,-49.88472577875908,1.0608068535101027,-67.86393092822074,0.2625386513439279,77.21518987341773,classified_Stats.xlsx,2024-10-05_23-18-30_0004952,5.00992,5.108053333333333,98.13333333333318,8,0.9998276233673096,0.9625806311766306,,results/batch_3452_sample/detections/2024-10-05_23-18-30_0004952.json,fuzzy,52.313,-0.7149273,14.381379,0,0.7213641345182247
2024-10-05_23-18-30_0004952,10,Cluster_1,1,1,5.3821666666666665,5.386366666666667,0.0042000000000008,74.28571428571428,74.28571428571428,74.28571428571428,0.0,0.0,6.084510429318875e-12,1.0,-71.62080198616253,0.2197711817752785,74.28571428571428,classified_Stats.xlsx,2024-10-05_23-18-30_0004952,5.32992,5.40672,76.79999999999953,9,0.9929660558700562,0.9201651686116268,,results/batch_3452_sample/detections/2024-10-05_23-18-30_0004952.json,fuzzy,52.247,-0.15907672,12.294063,0,1.0
2024-10-05_23-18-30_0004952,11,Cluster_10,1,1,6.030623333333334,6.033166666666667,0.0025433333333335,63.18181818181818,63.18181818181818,63.18181818181818,0.0,0.0,7.840133796136955e-12,1.0,-72.5894863670931,0.2226751291665964,63.18181818181818,classified_Stats.xlsx,2024-10-05_23-18-30_0004952,6.004053333333333,6.050986666666667,46.93333333333349,10,0.9908183217048644,0.9565963645776112,,results/batch_3452_sample/detections/2024-10-05_23-18-30_0004952.json,fuzzy,26.57,5.847043,11.062187,2,0.8770174670365976
2024-10-05_23-18-36_0004953,1,Cluster_1,1,1,1.0448499999999998,1.0813,0.03645,80.14705882352942,77.94117647058823,82.3529411764706,4.411764705882362,0.956276972830302,-75.09180139442925,1.0303684451175463,-64.82774157408663,0.3346860427523979,80.14705882352942,classified_Stats.xlsx,2024-10-05_23-18-36_0004953,1.02912,1.1016533333333334,72.53333333333333,0,0.999904990196228,0.9475963215033212,,results/batch_3452_sample/detections/2024-10-05_23-18-36_0004953.json,fuzzy,15.73,-0.2476743,15.367217,1,0.6029835535688901
2024-10-05_23-18-36_0004953,2,Cluster_1,1,1,1.1850699999999998,1.20967,0.0246000000000001,79.43548387096774,78.2258064516129,80.64516129032259,2.419354838709694,0.7598233362845839,-63.502174572418745,1.0481793452539263,-65.23722697496945,0.3433164885196781,79.43548387096774,classified_Stats.xlsx,2024-10-05_23-18-36_0004953,1.16992,1.2296533333333333,59.73333333333319,1,0.9989457726478576,0.9300056060155232,,results/batch_3452_sample/detections/2024-10-05_23-18-36_0004953.json,fuzzy,15.15,-0.29254073,15.335325,1,0.6325206547907473
2024-10-05_23-18-36_0004953,3,Cluster_1,1,1,1.31307,1.33726,0.0241900000000001,79.43548387096774,78.2258064516129,80.64516129032259,2.419354838709694,0.7541837312004389,-62.46817839294066,1.048993318662419,-65.19689289411295,0.3455344054019403,79.43548387096774,classified_Stats.xlsx,2024-10-05_23-18-36_0004953,1.29792,1.3576533333333334,59.73333333333342,2,0.998941957950592,0.929891582330068,,results/batch_3452_sample/detections/2024-10-05_23-18-36_0004953.json,fuzzy,15.15,-0.29692662,15.33851,1,0.7448775187729073
2024-10-05_23-18-36_0004953,4,Cluster_1,1,1,1.771556666666667,1.7933733333333333,0.0218166666666665,81.72268907563026,79.2016806722689,82.98319327731093,3.7815126050420247,0.9646887324834716,-78.19460058560053,1.0525441298958893,-63.36751092180536,0.3840953953311029,81.72268907563026,classified_Stats.xlsx,2024-10-05_23-18-36_0004953,1.7544533333333334,1.80992,55.46666666666656,3,0.9958698153495787,0.938083222934178,,results/batch_3452_sample/detections/2024-10-05_23-18-36_0004953.json,fuzzy,17.103,-0.16737016,15.533818,1,1.0
2024-10-05_23-18-36_0004953,5,Cluster_12,1,1,1.95286,1.98525,0.0323900000000001,77.01612903225806,27.41935483870968,118.14516129032258,90.7258064516129,19.48154387657453,241.8816100156607,6.567103478270664,-77.34772591959602,0.1944088253109572,78.2258064516129,classified_Stats.xlsx,2024-10-05_23-18-36_0004953,1.9421866666666667,2.00192,59.73333333333342,4,0.9829119443893432,0.8977633555730183,,results/batch_3452_sample/detections/2024-10-05_23-18-36_0004953.json,fuzzy,10.673,4.5136724,18.117327,3,1.0
2024-10-05_23-18-36_0004953,6,Cluster_1,1,1,2.59884,2.60508,0.0062399999999995,72.85714285714286,72.14285714285714,73.57142857142857,1.4285714285714306,0.7529232524210401,-87.78500866145069,1.0718064615688987,-73.17760750459857,0.225996119520505,73.57142857142857,classified_Stats.xlsx,2024-10-05_23-18-36_0004953,2.582186666666667,2.6248533333333333,42.66666666666641,5,0.9843857884407043,0.9459992376240816,,results/batch_3452_sample/detections/2024-10-05_23-18-36_0004953.json,fuzzy,16.653,-0.06198363,12.100082,0,1.0
2024-10-05_23-18-36_0004953,7,Cluster_1,1,1,2.88556,2.909453333333333,0.0238933333333335,77.734375,75.390625,77.734375,2.34375,0.6303208064040476,49.61116511747056,1.0220270745129516,-71.8316689760423,0.229422520943358,76.5625,classified_Stats.xlsx,2024-10-05_23-18-36_0004953,2.8637866666666665,2.9277866666666665,64.00000000000006,6,0.9997807145118712,0.9653346613049508,,results/batch_3452_sample/detections/2024-10-05_23-18-36_0004953.json,fuzzy,21.773,-0.68552446,12.461707,0,1.0
2024-10-05_23-18-36_0004953,8,Cluster_10,1,1,3.73078,3.73762,0.0068399999999999,60.21739130434783,60.21739130434783,61.52173913043478,1.3043478260869534,0.6735623210795492,169.91856443883125,1.067389656503665,-76.6085908348823,0.1826705983453946,60.21739130434783,classified_Stats.xlsx,2024-10-05_23-18-36_0004953,3.71712,3.76832,51.20000000000013,7,0.984410047531128,0.919499819095318,,results/batch_3452_sample/detections/2024-10-05_23-18-36_0004953.json,fuzzy,13.66,7.2135177,14.527731,0,0.607220626514224
2024-10-05_23-18-41_0004954,1,Cluster_1,1,1,0.9806,1.0301,0.0494999999999999,76.65562913907284,71.68874172185431,80.62913907284768,8.940397350993365,2.244978302122897,-156.41131567216874,1.0707052512762305,-69.12247682856949,0.2573755830071642,74.66887417218543,classified_Stats.xlsx,2024-10-05_23-18-41_0004954,0.9565866666666668,1.0461866666666666,89.59999999999991,0,0.9994638562202454,0.9580379318107258,,results/batch_3452_sample/detections/2024-10-05_23-18-41_0004954.json,fuzzy,24.013,-0.45910212,14.174379,0,0.7213641345182247
2024-10-05_23-18-41_0004954,2,Cluster_5,1,1,1.7219266666666666,1.7483866666666668,0.0264600000000001,84.0909090909091,55.30303030303031,120.45454545454544,65.15151515151516,19.69185718625545,251.25031091499517,3.184645695277517,-82.24847331137384,0.1680033136293625,65.9090909090909,classified_Stats.xlsx,2024-10-05_23-18-41_0004954,1.7117866666666666,1.7501866666666666,38.39999999999999,1,0.881007969379425,0.7859849274158478,,results/batch_3452_sample/detections/2024-10-05_23-18-41_0004954.json,fuzzy,10.14,4.691391,17.329376,3,1.0
2024-10-05_23-18-43_0004955,1,Cluster_5,1,1,0.0835266666666666,0.1099866666666666,0.0264599999999999,84.0909090909091,55.30303030303031,120.45454545454544,65.15151515151516,19.69185718625545,251.25031091499517,3.184645695277517,-82.24847331137384,0.1680033136293625,65.9090909090909,classified_Stats.xlsx,2024-10-05_23-18-43_0004955,0.0733866666666666,0.1117866666666666,38.400000000000006,0,0.8801590800285339,0.8007566571235657,,results/batch_3452_sample/detections/2024-10-05_23-18-43_0004955.json,fuzzy,10.14,4.6202216,17.207764,3,1.0
2024-10-05_23-18-43_0004955,2,Cluster_1,1,1,1.01406,1.03005,0.0159899999999999,80.64516129032259,80.64516129032259,81.85483870967742,1.2096774193548328,0.6375559798726578,-64.03859516864874,1.0110214038342906,-70.23637913488106,0.2210515898639322,81.85483870967742,classified_Stats.xlsx,2024-10-05_23-18-43_0004955,0.9992533333333332,1.0589866666666667,59.73333333333342,1,0.987992525100708,0.8785750706990559,,results/batch_3452_sample/detections/2024-10-05_23-18-43_0004955.json,fuzzy,14.807,-1.0489466,12.510817,0,1.0
2024-10-05_23-18-43_0004955,3,Cluster_9,1,1,1.18093,1.27669,0.0957599999999998,77.89473684210526,61.31578947368421,78.68421052631578,17.368421052631568,7.862924115003901,-60.09913535541613,1.0678301677751576,-67.59973245955418,0.2463367428208838,78.68421052631578,classified_Stats.xlsx,2024-10-05_23-18-43_0004955,1.1613866666666666,1.3021866666666666,140.80000000000004,2,0.999528169631958,0.9348153401823605,,results/batch_3452_sample/detections/2024-10-05_23-18-43_0004955.json,fuzzy,19.543,1.865089,15.444424,3,1.0
2024-10-05_23-18-43_0004955,4,Cluster_1,1,1,1.4196,1.4741,0.0544999999999999,79.63576158940397,62.74834437086093,83.6092715231788,20.86092715231788,6.506163397653821,322.42534260032073,1.07067540749403,-65.58411718817463,0.3020622439697824,80.62913907284768,classified_Stats.xlsx,2024-10-05_23-18-43_0004955,1.4045866666666669,1.4941866666666668,89.60000000000012,3,0.9995296001434326,0.9552764973857186,,results/batch_3452_sample/detections/2024-10-05_23-18-43_0004955.json,fuzzy,15.013,1.7739725,15.397946,3,1.0
2024-10-05_23-18-43_0004955,5,Cluster_10,1,1,1.61165,1.61885,0.0072,64.70588235294119,63.602941176470594,64.70588235294119,1.102941176470594,0.5674585537803595,216.262975778546,1.0238905106059542,-71.08105464971949,0.2279639774508638,63.602941176470594,classified_Stats.xlsx,2024-10-05_23-18-43_0004955,1.59232,1.6648533333333333,72.53333333333333,4,0.9999024868011476,0.9437566234005822,,results/batch_3452_sample/detections/2024-10-05_23-18-43_0004955.json,fuzzy,19.33,4.850907,10.971535,2,0.9371918578672056
2024-10-05_23-18-43_0004955,6,Cluster_1,1,1,1.86412,1.9190466666666668,0.0549266666666667,79.19354838709677,37.58064516129032,80.16129032258064,42.58064516129032,7.96574013081791,376.4856707453284,1.2093291087144753,-68.60685036043826,0.264301920484607,79.19354838709677,classified_Stats.xlsx,2024-10-05_23-18-43_0004955,1.844053333333333,1.93792,93.86666666666676,5,0.9993971586227416,0.9687691149504288,,results/batch_3452_sample/detections/2024-10-05_23-18-43_0004955.json,fuzzy,20.067,2.7916088,15.67321,3,1.0
2024-10-05_23-18-43_0004955,7,Cluster_1,1,1,2.15348,2.1717966666666664,0.0183166666666663,78.16455696202532,77.21518987341773,78.16455696202532,0.9493670886075876,0.2661132486936967,17.510398063490843,1.0236693464213198,-70.57399456237258,0.2307138581874557,78.16455696202532,classified_Stats.xlsx,2024-10-05_23-18-43_0004955,2.1000533333333333,2.1981866666666665,98.13333333333318,6,0.9994180202484132,0.9620059082905452,,results/batch_3452_sample/detections/2024-10-05_23-18-43_0004955.json,fuzzy,53.427,-0.6493898,12.510421,0,1.0
2024-10-05_23-18-43_0004955,8,Cluster_9,1,1,2.39834,2.4000733333333333,0.0017333333333331,60.71428571428572,60.71428571428572,83.57142857142857,22.85714285714285,9.232447954800245,5769.230769230775,6.89574589652548,-79.23384672826171,0.1831304075652298,60.71428571428572,classified_Stats.xlsx,2024-10-05_23-18-43_0004955,2.3816533333333334,2.42432,42.66666666666641,7,0.9559898376464844,0.8753491748463024,,results/batch_3452_sample/detections/2024-10-05_23-18-43_0004955.json,fuzzy,16.687,3.9999552,16.290092,3,1.0
2024-10-05_23-18-59_0004956,1,Cluster_10,1,1,0.8320799999999999,0.8338399999999999,0.0017599999999999,63.63636363636364,63.63636363636364,64.77272727272728,1.1363636363636402,0.6224119971649597,774.7933884297519,1.0706040453940169,-73.25733269823579,0.220310645336045,64.77272727272728,classified_Stats.xlsx,2024-10-05_23-18-59_0004956,0.8157866666666667,0.8840533333333334,68.2666666666667,0,0.9983114004135132,0.9457413764560924,,results/batch_3452_sample/detections/2024-10-05_23-18-59_0004956.json,fuzzy,16.293,5.837241,11.1108055,2,0.8770174670365976
2024-10-05_23-18-59_0004956,2,Cluster_10,1,1,1.02572,1.05388,0.0281599999999999,64.84375,61.328125,75.390625,14.0625,5.978863301388415,552.0998292354584,1.0484077466014874,-71.86724927864374,0.2349002855443776,62.5,classified_Stats.xlsx,2024-10-05_23-18-59_0004956,1.0077866666666666,1.0717866666666669,64.00000000000006,1,0.9995809197425842,0.9716156683862208,,results/batch_3452_sample/detections/2024-10-05_23-18-59_0004956.json,fuzzy,17.933,3.3335104,13.625914,3,1.0
2024-10-05_23-18-59_0004956,3,Cluster_31,1,1,1.46772,1.5004,0.03268,65.43478260869566,62.82608695652174,124.1304347826087,61.30434782608696,16.15645834748707,-503.1786675529786,4.482893765087076,-78.41288927576072,0.1940294498174812,64.13043478260869,classified_Stats.xlsx,2024-10-05_23-18-59_0004956,1.46432,1.51552,51.19999999999991,2,0.9874666333198548,0.9021995892891516,,results/batch_3452_sample/detections/2024-10-05_23-18-59_0004956.json,fuzzy,3.4,4.748144,17.632595,3,1.0
2024-10-05_23-19-04_0004957,1,Cluster_1,1,1,1.0303466666666667,1.0517666666666667,0.0214199999999999,79.2016806722689,76.68067226890756,79.2016806722689,2.52100840336135,0.6798654075259596,-26.13726926981644,1.0299762972650497,-68.00829340306223,0.290153488075634,79.2016806722689,classified_Stats.xlsx,2024-10-05_23-19-04_0004957,1.0120533333333332,1.06752,55.466666666666775,0,0.9988967180252076,0.9609113676207406,,results/batch_3452_sample/detections/2024-10-05_23-19-04_0004957.json,fuzzy,18.293,-0.72689116,14.717132,0,0.7213641345182247
2024-10-05_23-19-04_0004957,2,Cluster_10,1,1,1.87146,1.89237,0.0209099999999999,66.12903225806451,61.29032258064516,68.54838709677419,7.258064516129032,2.577919357644134,329.0939044018482,1.020262983913862,-70.8405399973852,0.2380063450468586,66.12903225806451,classified_Stats.xlsx,2024-10-05_23-19-04_0004957,1.8525866666666664,1.91232,59.73333333333342,1,0.998988926410675,0.9246787905693056,,results/batch_3452_sample/detections/2024-10-05_23-19-04_0004957.json,fuzzy,18.873,3.6309316,12.824117,3,1.0
2024-10-05_23-19-04_0004957,3,Cluster_10,1,1,2.018813333333333,2.0400533333333333,0.0212400000000001,64.07563025210084,61.55462184873949,110.71428571428572,49.15966386554621,7.823338731666146,140.1934532866615,3.0209008391693564,-75.29275006773135,0.2002735730819046,61.55462184873949,classified_Stats.xlsx,2024-10-05_23-19-04_0004957,2.00192,2.0573866666666665,55.46666666666633,2,0.9975428581237792,0.9283458888530732,,results/batch_3452_sample/detections/2024-10-05_23-19-04_0004957.json,fuzzy,16.893,4.9710355,16.204803,3,1.0
2024-10-05_23-19-04_0004957,4,Cluster_10,1,1,2.33404,2.34658,0.0125399999999999,61.52173913043478,61.52173913043478,70.65217391304347,9.130434782608688,2.099409831271123,-263.0726002393126,1.240325517339358,-76.17481180414111,0.196887178554434,61.52173913043478,classified_Stats.xlsx,2024-10-05_23-19-04_0004957,2.3176533333333333,2.368853333333333,51.20000000000013,3,0.9890778660774232,0.919861009487739,,results/batch_3452_sample/detections/2024-10-05_23-19-04_0004957.json,fuzzy,16.387,6.960538,14.637089,0,0.607220626514224
2024-10-05_23-19-04_0004957,5,Cluster_26,1,1,2.524293333333333,2.526906666666666,0.0026133333333331,61.36363636363636,61.36363636363636,105.3030303030303,43.93939393939394,14.646464646464644,6725.41743970313,8.004309064273453,-79.33078135836193,0.1900971433238821,61.36363636363636,classified_Stats.xlsx,2024-10-05_23-19-04_0004957,2.50112,2.53952,38.40000000000021,4,0.9084672927856444,0.8411440372467041,,results/batch_3452_sample/detections/2024-10-05_23-19-04_0004957.json,fuzzy,23.173,4.006833,16.355793,3,1.0
2024-10-05_23-19-22_0004958,1,Cluster_10,1,1,0.0688199999999999,0.07046,0.00164,63.70967741935484,63.70967741935484,63.70967741935484,0.0,0.0,6.9510901406952134e-12,1.0,-72.06493776479127,0.2166158906688166,63.70967741935484,classified_Stats.xlsx,2024-10-05_23-19-22_0004958,0.0392533333333333,0.0989866666666666,59.73333333333333,0,0.9992464780807496,0.9623138904571532,,results/batch_3452_sample/detections/2024-10-05_23-19-22_0004958.json,fuzzy,29.567,5.793253,11.072233,2,0.8770174670365976
2024-10-05_23-19-22_0004958,2,Cluster_1,1,1,0.6612,0.6678000000000001,0.0066,77.27272727272728,76.13636363636364,77.27272727272728,1.1363636363636402,0.5439926748615576,155.71827904715656,1.1104569499661587,-72.3957036616869,0.2255408919188332,77.27272727272728,classified_Stats.xlsx,2024-10-05_23-19-22_0004958,0.6237866666666667,0.6920533333333333,68.26666666666658,1,0.9988811612129213,0.9040549029322232,,results/batch_3452_sample/detections/2024-10-05_23-19-22_0004958.json,fuzzy,37.413,-0.33677554,12.100469,0,1.0
2024-10-05_23-19-22_0004958,3,Cluster_13,1,1,1.0035333333333334,1.0635933333333334,0.06006,89.83870967741936,62.74193548387097,90.80645161290325,28.064516129032263,11.118012352474718,510.4137130126588,1.062467428984231,-68.89466953990727,0.2533112762844338,89.83870967741936,classified_Stats.xlsx,2024-10-05_23-19-22_0004958,0.99072,1.0845866666666666,93.86666666666656,2,0.9991570711135864,0.9542397545731586,,results/batch_3452_sample/detections/2024-10-05_23-19-22_0004958.json,fuzzy,12.813,2.690334,15.345419,3,1.0
2024-10-05_23-19-22_0004958,4,Cluster_10,1,1,1.3741,1.3941899999999998,0.0200899999999999,64.91935483870968,61.29032258064516,68.5483870967742,7.258064516129046,1.766565233317474,281.7964321842041,1.076493071149401,-69.00843793038554,0.2817434718238296,64.91935483870968,classified_Stats.xlsx,2024-10-05_23-19-22_0004958,1.3576533333333334,1.4173866666666666,59.73333333333319,3,0.9988747239112854,0.957220466931661,,results/batch_3452_sample/detections/2024-10-05_23-19-22_0004958.json,fuzzy,16.447,2.965992,11.377051,2,1.0
2024-10-05_23-19-22_0004958,5,Cluster_21,1,1,1.5392933333333334,1.57556,0.0362666666666666,74.63235294117646,62.5,124.26470588235294,61.76470588235294,11.919379397678426,184.4439013040352,1.5075409731035525,-70.92859368456736,0.2466141304104766,74.63235294117646,classified_Stats.xlsx,2024-10-05_23-19-22_0004958,1.5197866666666666,1.59232,72.53333333333333,4,0.997732639312744,0.939976539876726,,results/batch_3452_sample/detections/2024-10-05_23-19-22_0004958.json,fuzzy,19.507,2.9649649,16.609766,3,0.9859243921902079
2024-10-05_23-19-22_0004958,6,Cluster_10,1,1,1.69056,1.71168,0.02112,63.63636363636364,61.36363636363637,64.77272727272728,3.4090909090909136,1.193853434681288,178.1497723056162,1.0238905106059542,-69.46738479057102,0.2620398271944263,64.77272727272728,classified_Stats.xlsx,2024-10-05_23-19-22_0004958,1.6733866666666666,1.7416533333333333,68.2666666666667,5,0.9996676445007324,0.934694000903298,,results/batch_3452_sample/detections/2024-10-05_23-19-22_0004958.json,fuzzy,17.173,3.5246403,11.2694435,2,0.9873525225691144
2024-10-05_23-19-25_0004959,1,Cluster_10,1,1,1.00846,1.0531,0.0446399999999997,65.625,62.5,80.20833333333334,17.708333333333343,6.354495052464427,-374.5303389926413,1.0265103889116831,-71.21576948389442,0.2357631103603161,65.625,classified_Stats.xlsx,2024-10-05_23-19-25_0004959,0.99072,1.0717866666666669,81.06666666666662,0,0.9986457228660583,0.9565412938594818,,results/batch_3452_sample/detections/2024-10-05_23-19-25_0004959.json,fuzzy,17.74,3.4166186,13.595019,3,1.0
2024-10-05_23-19-25_0004959,2,Cluster_10,1,1,1.1620333333333337,1.1867666666666667,0.0247333333333332,62.5,60.35714285714285,67.85714285714286,7.500000000000007,2.1162051763965053,278.2056218713901,1.0456269584502995,-68.2648386021569,0.2689711991810309,63.57142857142857,classified_Stats.xlsx,2024-10-05_23-19-25_0004959,1.14432,1.22112,76.79999999999998,1,0.9999258518218994,0.9541799175111872,,results/batch_3452_sample/detections/2024-10-05_23-19-25_0004959.json,fuzzy,17.713,3.0469244,11.313124,2,1.0
2024-10-05_23-19-25_0004959,3,Cluster_13,1,1,1.321,1.3735,0.0524999999999999,90.56291390728477,45.860927152317885,92.54966887417218,46.6887417218543,13.99487983292162,684.8289532022011,1.934080782241255,-69.16189521538172,0.2624049454700071,62.74834437086093,classified_Stats.xlsx,2024-10-05_23-19-25_0004959,1.3064533333333332,1.3960533333333334,89.60000000000012,2,0.9988517761230468,0.9635944230989976,,results/batch_3452_sample/detections/2024-10-05_23-19-25_0004959.json,fuzzy,14.547,3.0858715,15.681011,3,1.0
2024-10-05_23-19-25_0004959,4,Cluster_10,1,1,1.5197666666666665,1.5504866666666666,0.03072,62.5,61.32812499999999,66.015625,4.687500000000007,1.3343036552379752,126.6010599372916,1.039368924292804,-67.26443618028676,0.2956737950593599,64.84375,classified_Stats.xlsx,2024-10-05_23-19-25_0004959,1.50272,1.56672,63.99999999999984,3,0.9996547698974608,0.939230378717184,,results/batch_3452_sample/detections/2024-10-05_23-19-25_0004959.json,fuzzy,17.047,2.8046246,11.419889,2,1.0
2024-10-05_23-19-25_0004959,5,Cluster_4,1,1,1.71417,1.74574,0.0315700000000001,62.5,57.66129032258065,121.7741935483871,64.11290322580646,13.946966769933702,216.26553028948103,4.506933668479155,-76.28664389519011,0.1957217581978583,61.29032258064516,classified_Stats.xlsx,2024-10-05_23-19-25_0004959,1.6989866666666666,1.75872,59.73333333333342,4,0.998138666152954,0.9453159809112548,,results/batch_3452_sample/detections/2024-10-05_23-19-25_0004959.json,fuzzy,15.183,4.670332,17.442368,3,1.0
2024-10-05_23-19-25_0004959,6,Cluster_10,1,1,2.4810600000000003,2.50234,0.0212799999999999,70.65217391304347,65.43478260869566,71.95652173913044,6.521739130434781,2.029530274475214,222.79040341599472,1.027907007085137,-76.05905505467335,0.1889521634365366,66.73913043478261,classified_Stats.xlsx,2024-10-05_23-19-25_0004959,2.4669866666666667,2.518186666666667,51.20000000000013,5,0.9914857745170592,0.945428926211137,,results/batch_3452_sample/detections/2024-10-05_23-19-25_0004959.json,fuzzy,14.073,6.6830254,14.555657,0,0.607220626514224
2024-10-05_23-19-25_0004959,7,Cluster_21,1,1,2.67604,2.6864933333333334,0.0104533333333334,61.36363636363636,46.21212121212121,85.60606060606061,39.3939393939394,8.35861502885914,-753.7510341318541,2.4282822812529723,-77.27037053524283,0.1943244689266693,61.36363636363636,classified_Stats.xlsx,2024-10-05_23-19-25_0004959,2.663253333333333,2.701653333333333,38.39999999999976,6,0.9219314455986024,0.8719776093959808,,results/batch_3452_sample/detections/2024-10-05_23-19-25_0004959.json,fuzzy,12.787,6.031107,16.269495,3,1.0
2024-10-05_23-19-27_0004960,1,Cluster_10,1,1,0.0549333333333333,0.0647333333333333,0.0098,61.36363636363636,59.84848484848485,61.36363636363636,1.5151515151515085,0.4049412756248836,86.41916140720505,1.0132443614896705,-76.32594245865324,0.194941098143802,61.36363636363636,classified_Stats.xlsx,2024-10-05_23-19-27_0004960,0.04352,0.08192,38.400000000000006,0,0.917843222618103,0.8885461330413819,,results/batch_3452_sample/detections/2024-10-05_23-19-27_0004960.json,fuzzy,11.413,7.1217117,14.484033,0,0.607220626514224
2024-10-05_23-19-27_0004960,2,Cluster_1,1,1,1.0190633333333334,1.0386833333333334,0.0196199999999999,78.18181818181819,75.45454545454545,79.54545454545453,4.090909090909079,1.1606061570940844,-67.0043011822711,1.046023729152566,-70.29388147581729,0.2513008066165894,78.18181818181819,classified_Stats.xlsx,2024-10-05_23-19-27_0004960,1.0077866666666666,1.05472,46.93333333333349,1,0.9897598624229432,0.94562961657842,,results/batch_3452_sample/detections/2024-10-05_23-19-27_0004960.json,fuzzy,11.277,-0.8623523,13.194958,0,1.0
2024-10-05_23-19-27_0004960,3,Cluster_10,1,1,1.18286,1.21498,0.0321199999999999,62.5,61.36363636363637,103.40909090909092,42.04545454545456,6.571655852256409,148.8286759693869,1.9959879985071287,-70.91697084986784,0.241097727474284,61.36363636363637,classified_Stats.xlsx,2024-10-05_23-19-27_0004960,1.1656533333333334,1.23392,68.26666666666648,2,0.9998704195022584,0.9591577053070068,,results/batch_3452_sample/detections/2024-10-05_23-19-27_0004960.json,fuzzy,17.207,2.7196991,16.241167,3,1.0
2024-10-05_23-19-27_0004960,4,Cluster_7,1,1,1.3537266666666663,1.3743066666666666,0.02058,59.84848484848485,32.57575757575758,121.96969696969695,89.39393939393939,24.006132813471822,-1696.425946075732,4.982517759659609,-80.81840788372857,0.1715224798110092,59.84848484848485,classified_Stats.xlsx,2024-10-05_23-19-27_0004960,1.3533866666666667,1.3917866666666667,38.39999999999999,3,0.9014609456062316,0.8293496668338776,,results/batch_3452_sample/detections/2024-10-05_23-19-27_0004960.json,fuzzy,0.34,3.8939767,17.910954,3,1.0
2024-10-05_23-19-27_0004960,5,Cluster_10,1,1,1.5070266666666667,1.5205466666666667,0.0135199999999999,59.285714285714285,35.0,67.85714285714286,32.85714285714286,4.404126469636817,-347.6680450894796,1.9506392921138904,-75.72224512766047,0.1941808213714893,59.285714285714285,classified_Stats.xlsx,2024-10-05_23-19-27_0004960,1.4941866666666668,1.5368533333333334,42.66666666666663,4,0.9829742908477784,0.9273269826715644,,results/batch_3452_sample/detections/2024-10-05_23-19-27_0004960.json,fuzzy,12.84,6.2051964,15.9060135,3,1.0
2024-10-05_23-19-33_0004961,1,Cluster_10,1,1,0.5430200000000001,0.55081,0.0077899999999999,58.87096774193549,56.45161290322581,61.29032258064516,4.838709677419352,1.804518718907104,612.8698103521065,1.0356423458670485,-74.95229839199901,0.1827379742826435,56.45161290322581,classified_Stats.xlsx,2024-10-05_23-19-33_0004961,0.52992,0.5896533333333334,59.73333333333342,0,0.9674821496009828,0.838084336121877,,results/batch_3452_sample/detections/2024-10-05_23-19-33_0004961.json,fuzzy,13.1,7.2354226,14.5089855,0,0.607220626514224
2024-10-05_23-19-33_0004961,2,Cluster_1,1,1,0.8791,0.8996333333333333,0.0205333333333332,81.78571428571428,67.85714285714286,86.07142857142857,18.214285714285708,3.0079902868630923,-170.3032991852878,1.80947625213436,-73.7449121040077,0.1970395461779453,82.85714285714286,classified_Stats.xlsx,2024-10-05_23-19-33_0004961,0.83712,0.91392,76.79999999999998,1,0.9806023836135864,0.9162410372181944,,results/batch_3452_sample/detections/2024-10-05_23-19-33_0004961.json,fuzzy,41.98,6.055371,14.801298,0,0.5693108584876395
2024-10-05_23-19-33_0004961,3,Cluster_1,1,1,1.037826666666667,1.07364,0.0358133333333332,82.3529411764706,63.602941176470594,85.66176470588235,22.058823529411757,9.786372243531073,679.8446386786902,1.025343416460414,-70.77467709816193,0.2420460639655624,83.45588235294119,classified_Stats.xlsx,2024-10-05_23-19-33_0004961,1.0205866666666668,1.09312,72.53333333333333,2,0.9990867376327516,0.9625054763423072,,results/batch_3452_sample/detections/2024-10-05_23-19-33_0004961.json,fuzzy,17.24,2.499566,15.259586,3,1.0
2024-10-05_23-19-33_0004961,4,Cluster_1,1,1,1.1941000000000002,1.202073333333333,0.0079733333333331,83.57142857142857,82.14285714285714,85.0,2.857142857142861,1.1852889057115803,455.088389870997,1.0321237501971787,-70.4164146932504,0.2592365042836655,82.14285714285714,classified_Stats.xlsx,2024-10-05_23-19-33_0004961,1.1784533333333334,1.22112,42.66666666666663,3,0.9755783677101136,0.932521570812572,,results/batch_3452_sample/detections/2024-10-05_23-19-33_0004961.json,fuzzy,15.647,-2.0623095,13.054197,0,1.0
2024-10-05_23-19-33_0004961,5,Cluster_1,1,1,1.3221,1.3300733333333334,0.0079733333333333,83.57142857142857,82.14285714285714,85.0,2.857142857142861,1.1852889057115803,455.088389870997,1.0321237501971787,-70.4164146932504,0.2592365042475777,82.14285714285714,classified_Stats.xlsx,2024-10-05_23-19-33_0004961,1.3064533333333332,1.34912,42.666666666666856,4,0.9755094647407532,0.9324341253800824,,results/batch_3452_sample/detections/2024-10-05_23-19-33_0004961.json,fuzzy,15.647,-2.0469851,13.103442,0,1.0
2024-10-05_23-19-33_0004961,6,Cluster_31,1,1,1.53775,1.56604,0.0282899999999999,77.01612903225806,64.91935483870968,113.30645161290325,48.38709677419355,8.43320777064791,83.24522549482221,1.832601240172036,-75.23084804513225,0.1941945704799256,77.01612903225806,classified_Stats.xlsx,2024-10-05_23-19-33_0004961,1.5069866666666667,1.56672,59.73333333333319,5,0.9639561772346495,0.8941757162412007,,results/batch_3452_sample/detections/2024-10-05_23-19-33_0004961.json,fuzzy,30.763,4.847533,15.966648,3,1.0
2024-10-05_23-19-33_0004961,7,Cluster_28,1,1,1.68086,1.69066,0.0098,59.45945945945946,26.013513513513512,123.31081081081082,97.2972972972973,24.36571446363058,306.22989806663264,5.415397929459116,-78.15342297702797,0.1847155311533076,28.04054054054054,classified_Stats.xlsx,2024-10-05_23-19-33_0004961,1.66912,1.7544533333333334,85.33333333333348,6,0.9475173354148864,0.8741253884065718,,results/batch_3452_sample/detections/2024-10-05_23-19-33_0004961.json,fuzzy,11.74,3.6758242,17.832851,3,1.0
2024-10-05_23-19-35_0004962,1,Cluster_28,1,1,0.04246,0.05226,0.0098,59.45945945945946,26.013513513513512,123.31081081081082,97.2972972972973,24.36571446363058,306.22989806663264,5.415397929459116,-78.15342297702797,0.1847155311533076,28.04054054054054,classified_Stats.xlsx,2024-10-05_23-19-35_0004962,0.03072,0.1160533333333333,85.33333333333333,0,0.9473888278007508,0.8733757294359661,,results/batch_3452_sample/detections/2024-10-05_23-19-35_0004962.json,fuzzy,11.74,3.7924333,17.892982,3,1.0
2024-10-05_23-19-35_0004962,2,Cluster_1,1,1,1.02419,1.03225,0.0080599999999999,80.85106382978724,79.25531914893617,80.85106382978724,1.5957446808510696,0.5776819035610323,-62.85181302339892,1.0470197358872944,-67.79171146111015,0.3158423690771779,80.85106382978724,classified_Stats.xlsx,2024-10-05_23-19-35_0004962,1.0120533333333332,1.0461866666666666,34.13333333333335,1,0.9148926734924316,0.8938889304796854,,results/batch_3452_sample/detections/2024-10-05_23-19-35_0004962.json,fuzzy,12.137,-0.7150996,14.80735,0,0.7213641345182247
2024-10-05_23-19-35_0004962,3,Cluster_1,1,1,1.76602,1.7797,0.0136800000000001,81.08695652173913,78.47826086956522,81.08695652173913,2.608695652173907,0.7289336037260101,21.9718694968583,1.0571218998441183,-69.66958827715526,0.2705315871244034,81.08695652173913,classified_Stats.xlsx,2024-10-05_23-19-35_0004962,1.7416533333333333,1.7928533333333334,51.20000000000013,2,0.995329976081848,0.9259386016772344,,results/batch_3452_sample/detections/2024-10-05_23-19-35_0004962.json,fuzzy,24.367,-1.1111189,13.954105,0,0.7995732047351648
2024-10-05_23-19-35_0004962,4,Cluster_1,1,1,2.4987266666666663,2.502193333333333,0.0034666666666667,82.14285714285714,80.71428571428572,82.14285714285714,1.4285714285714164,0.7460470969529918,-487.01298701298447,1.1186845599851676,-71.67752123567264,0.2337633377636702,82.14285714285714,classified_Stats.xlsx,2024-10-05_23-19-35_0004962,2.47552,2.518186666666667,42.666666666666856,3,0.9846295714378356,0.947358012199402,,results/batch_3452_sample/detections/2024-10-05_23-19-35_0004962.json,fuzzy,23.207,-1.6273926,12.281358,0,1.0
2024-10-05_23-55-43_0005066,1,Cluster_10,1,1,1.05165,1.0578500000000002,0.0062000000000002,60.1063829787234,31.382978723404257,103.19148936170212,71.80851063829786,17.75136816108121,7814.937293317519,3.2232165162017217,-66.99200050613995,0.3611569996872677,60.1063829787234,classified_Stats.xlsx,2024-10-05_23-55-43_0005066,1.037653333333333,1.0717866666666669,34.13333333333335,0,0.7848356366157532,0.6662808789147271,,results/batch_3452_sample/detections/2024-10-05_23-55-43_0005066.json,fuzzy,13.997,3.428842,16.271423,3,1.0
2024-10-06_01-01-26_0005167,1,Cluster_4,1,1,1.0276,1.05895,0.0313499999999999,61.36363636363636,32.27272727272727,116.8181818181818,84.54545454545453,14.891244882195666,-1241.3962649273228,3.308770967684974,-66.46512583094238,0.2769869034576961,63.18181818181818,classified_Stats.xlsx,2024-10-06_01-01-26_0005167,1.0077866666666666,1.1144533333333333,106.66666666666669,0,0.9901954531669616,0.8529291806312708,,results/batch_3452_sample/detections/2024-10-06_01-01-26_0005167.json,fuzzy,19.813,2.937987,17.08202,3,1.0
2024-10-06_01-01-26_0005167,2,Cluster_25,1,1,1.14382,1.19574,0.0519199999999999,39.77272727272727,26.13636363636364,98.86363636363636,72.72727272727273,19.29176281853765,-26.797558917109463,13.202793925406365,-70.44726052404353,0.2688580984988882,53.40909090909091,classified_Stats.xlsx,2024-10-06_01-01-26_0005167,1.13152,1.1997866666666666,68.26666666666648,1,0.9687473177909852,0.8245777803308824,,results/batch_3452_sample/detections/2024-10-06_01-01-26_0005167.json,fuzzy,12.3,5.171205,17.982435,3,1.0
2024-10-06_01-01-26_0005167,3,Cluster_22,1,1,1.2558,1.3388,0.0829999999999999,44.63754918573021,25.775164125941707,75.03250001378883,49.25733588784713,9.570113336653144,-256.54661544246875,2.374919546752241,-66.31069093811534,0.3276448163690489,51.82119205298014,classified_Stats.xlsx,2024-10-06_01-01-26_0005167,1.255253333333333,1.3448533333333332,89.59999999999991,2,0.9317658543586732,0.7825162248177961,,results/batch_3452_sample/detections/2024-10-06_01-01-26_0005167.json,fuzzy,0.547,0.8656176,16.636013,1,1.0
2024-10-06_01-01-33_0005170,1,Cluster_19,1,1,1.024333333333333,1.135,0.1106666666666666,68.28358208955224,45.8955223880597,107.08955223880598,61.19402985074628,21.98706933032136,-293.6260643384628,1.5833391435696518,-70.32964575065678,0.2279610103465242,95.1492537313433,classified_Stats.xlsx,2024-10-06_01-01-33_0005170,0.9949866666666668,1.1528533333333333,157.8666666666666,0,0.9978528022766112,0.9660200978580274,,results/batch_3452_sample/detections/2024-10-06_01-01-33_0005170.json,fuzzy,29.347,2.511979,16.827467,3,1.0
2024-10-06_01-01-33_0005170,2,Cluster_22,1,1,1.2579600000000002,1.26784,0.0098799999999998,27.608695652173918,26.30434782608696,65.43478260869566,39.1304347826087,13.583756590854286,-1768.6356359125243,6.97110992673352,-73.91304864681618,0.2251508052630219,65.43478260869566,classified_Stats.xlsx,2024-10-06_01-01-33_0005170,1.22112,1.27232,51.19999999999991,1,0.9904582500457764,0.8957650065422058,,results/batch_3452_sample/detections/2024-10-06_01-01-33_0005170.json,fuzzy,36.84,5.637148,17.226055,3,1.0
2024-10-06_01-07-21_0005193,1,Cluster_13,1,1,1.55628,1.5809799999999998,0.0246999999999999,91.52173913043478,62.82608695652174,111.08695652173913,48.26086956521738,13.605945809459715,734.6263880432974,1.8115471655218904,-77.49039810759687,0.1870207602335423,88.91304347826087,classified_Stats.xlsx,2024-10-06_01-07-21_0005193,1.5368533333333334,1.588053333333333,51.19999999999991,0,0.8837894797325134,0.7710690681750958,,results/batch_3452_sample/detections/2024-10-06_01-07-21_0005193.json,fuzzy,19.427,4.4613943,16.528393,3,1.0
2024-10-06_01-07-21_0005193,2,Cluster_30,1,1,1.77842,1.7961,0.0176799999999999,95.58823529411764,92.27941176470588,97.79411764705884,5.514705882352942,1.2030371467099958,0.456465005161412,1.1481461476880577,-70.95317710129298,0.2596837962532402,96.69117647058825,classified_Stats.xlsx,2024-10-06_01-07-21_0005193,1.7416533333333333,1.8141866666666664,72.53333333333333,1,0.9989196062088012,0.9113108548853132,,results/batch_3452_sample/detections/2024-10-06_01-07-21_0005193.json,fuzzy,36.767,-3.1680627,11.577426,0,1.0
2024-10-06_01-07-21_0005193,3,Cluster_25,1,1,2.1334966666666664,2.20976,0.0762633333333333,91.96428571428572,55.35714285714286,104.46428571428572,49.10714285714286,16.451163427355862,-599.9757859121991,1.2058254883491666,-68.77934818804567,0.2514125308932861,62.5,classified_Stats.xlsx,2024-10-06_01-07-21_0005193,2.1128533333333333,2.223786666666667,110.93333333333356,2,0.999868869781494,0.9437353048059676,,results/batch_3452_sample/detections/2024-10-06_01-07-21_0005193.json,fuzzy,20.643,2.9373507,15.582395,3,1.0
2024-10-06_01-07-21_0005193,4,Cluster_33,1,1,2.2573,2.46722,0.2099199999999998,60.76898057795135,21.13669160704395,100.26736227194984,79.13067066490589,13.322505582643895,-50.36062708697602,2.1271976367334458,-64.72836576511847,0.3070690982040134,51.6699656395149,classified_Stats.xlsx,2024-10-06_01-07-21_0005193,2.2408533333333334,2.4797866666666666,238.9333333333332,3,0.9999984502792358,0.975048934158526,,results/batch_3452_sample/detections/2024-10-06_01-07-21_0005193.json,fuzzy,16.447,0.7117585,16.552328,1,1.0
2024-10-06_01-07-21_0005193,5,Cluster_18,1,1,2.5314,2.62435,0.09295,35.72223155500328,25.53047549030465,101.74351592103446,76.2130404307298,19.95852863805566,202.7589658953232,2.974353316341285,-69.41407756591364,0.272119653236668,31.67872097563011,classified_Stats.xlsx,2024-10-06_01-07-21_0005193,2.518186666666667,2.6248533333333333,106.66666666666646,4,0.9959269165992736,0.9042405658043348,,results/batch_3452_sample/detections/2024-10-06_01-07-21_0005193.json,fuzzy,13.213,2.6751509,17.238106,3,1.0
2024-10-06_01-08-10_0005196,1,Cluster_10,1,1,1.33096,1.34958,0.01862,70.65217391304347,34.130434782608695,73.26086956521739,39.130434782608695,8.021800309743046,-215.2925405873824,2.0390214664637982,-74.08983910896553,0.1920488219609892,70.65217391304347,classified_Stats.xlsx,2024-10-06_01-08-10_0005196,1.3149866666666667,1.3661866666666669,51.19999999999991,0,0.9955607652664183,0.9330964134289668,,results/batch_3452_sample/detections/2024-10-06_01-08-10_0005196.json,fuzzy,15.973,6.0167947,16.07692,3,1.0
2024-10-06_01-08-10_0005196,2,Cluster_1,1,1,1.43805,1.4826,0.0445499999999998,77.94117647058823,65.80882352941177,115.44117647058825,49.63235294117648,10.306498980225603,784.6694603472431,1.6465487519535489,-74.75341938973968,0.1909824612599258,71.32352941176471,classified_Stats.xlsx,2024-10-06_01-08-10_0005196,1.42592,1.4984533333333334,72.53333333333333,1,0.9996839761734008,0.9499727388223012,,results/batch_3452_sample/detections/2024-10-06_01-08-10_0005196.json,fuzzy,12.13,4.6116586,16.094028,3,1.0
2024-10-06_02-25-28_0005418,1,Cluster_22,1,1,0.2793333333333333,0.2812933333333333,0.00196,37.121212121212125,26.51515151515152,47.72727272727273,21.21212121212121,8.865655718959768,-10767.29393055923,1.9439917492884968,-71.50306536549012,0.2434021436164096,47.72727272727273,classified_Stats.xlsx,2024-10-06_02-25-28_0005418,0.24832,0.28672,38.39999999999996,0,0.8990702033042908,0.8427824199199676,,results/batch_3452_sample/detections/2024-10-06_02-25-28_0005418.json,fuzzy,31.013,5.996586,17.02922,3,1.0
2024-10-06_02-25-28_0005418,2,Cluster_4,1,1,1.43907,1.48464,0.0455699999999998,63.51351351351352,59.45945945945946,97.97297297297298,38.51351351351352,14.965763897144582,-985.2264563656476,1.280192162938991,-66.02451921002249,0.2803814430263874,62.5,classified_Stats.xlsx,2024-10-06_02-25-28_0005418,1.41312,1.4984533333333334,85.33333333333348,1,0.9965895414352416,0.9256841937700908,,results/batch_3452_sample/detections/2024-10-06_02-25-28_0005418.json,fuzzy,25.95,2.2933066,16.289572,3,1.0
2024-10-06_02-25-28_0005418,3,Cluster_4,1,1,1.55115,1.62753,0.0763799999999998,52.90697674418605,48.546511627906966,72.9651162790698,24.41860465116284,9.214841923534715,-138.70150058451387,1.304810402246128,-54.05422544489319,0.5510202836556372,52.90697674418605,classified_Stats.xlsx,2024-10-06_02-25-28_0005418,1.5368533333333334,1.6520533333333334,115.19999999999996,2,0.9993452429771424,0.9507784183536258,,results/batch_3452_sample/detections/2024-10-06_02-25-28_0005418.json,fuzzy,14.297,0.30667788,16.203497,1,1.0
2024-10-06_02-25-28_0005418,4,Cluster_33,1,1,1.7027533333333331,1.8211733333333333,0.1184199999999999,62.49999999999999,42.154552391583735,82.8125,40.657947608416265,10.319923454897731,-90.6931252331265,1.4858213694010318,-57.4600833850146,0.4601042158508901,53.12500000000001,classified_Stats.xlsx,2024-10-06_02-25-28_0005418,1.6861866666666667,1.8312533333333332,145.06666666666666,3,0.9999003410339355,0.9682493652616228,,results/batch_3452_sample/detections/2024-10-06_02-25-28_0005418.json,fuzzy,16.567,0.45590597,16.394192,1,1.0
2024-10-06_02-25-28_0005418,5,Cluster_4,1,1,1.87451,1.98858,0.1140699999999999,62.5,56.2054899603438,81.25000000000006,25.04451003965626,8.963644806748501,-250.2717809841436,1.083570011887936,-63.34078695091246,0.3327254058077334,59.87690443551822,classified_Stats.xlsx,2024-10-06_02-25-28_0005418,1.87392,2.006186666666667,132.26666666666677,4,0.9999362230300904,0.9647147934883832,,results/batch_3452_sample/detections/2024-10-06_02-25-28_0005418.json,fuzzy,0.59,0.72097504,16.60714,1,1.0
2024-10-06_02-25-28_0005418,6,Cluster_4,1,1,2.08393,2.16031,0.0763799999999998,57.517030155293845,44.7003735235771,82.38160977533292,37.68123625175582,10.586313483117442,-206.15719598885852,1.48901274929679,-55.91947496488888,0.526123347327033,59.01162790697675,classified_Stats.xlsx,2024-10-06_02-25-28_0005418,2.061653333333333,2.1768533333333333,115.2000000000002,5,0.9993525147438048,0.9546316319278308,,results/batch_3452_sample/detections/2024-10-06_02-25-28_0005418.json,fuzzy,22.277,0.45271745,16.3501,1,1.0
2024-10-06_02-25-28_0005418,7,Cluster_33,1,1,2.23488,2.41342,0.1785399999999999,56.54146247303797,43.47975604458172,67.4778761061947,23.99812006161298,4.82992214988325,18.44603228223029,1.186786535630522,-53.45782083141148,0.5234240537904465,58.87303028067857,classified_Stats.xlsx,2024-10-06_02-25-28_0005418,2.228053333333333,2.4285866666666664,200.53333333333305,6,0.9999467134475708,0.9748573725422224,,results/batch_3452_sample/detections/2024-10-06_02-25-28_0005418.json,fuzzy,6.827,0.45247594,16.546398,1,1.0
2024-10-06_02-25-28_0005418,8,Cluster_10,1,1,2.5071,2.58946,0.0823599999999999,69.57142857142858,62.71428571428571,77.2857142857143,14.571428571428598,4.76821907255529,-191.83658759617128,1.0410143118420514,-64.26238395313317,0.3012893739126106,69.57142857142858,classified_Stats.xlsx,2024-10-06_02-25-28_0005418,2.4925866666666665,2.6120533333333333,119.46666666666684,7,0.9997313618659972,0.9481171760065802,,results/batch_3452_sample/detections/2024-10-06_02-25-28_0005418.json,fuzzy,14.513,1.4671646,15.487647,3,0.8643565679889229
2024-10-06_02-25-28_0005418,9,Cluster_19,1,1,2.66392,2.76457,0.1006499999999999,62.50000000000001,45.38043478260869,82.8804347826088,37.500000000000114,12.559095888891411,-168.13655554242658,1.354853725856583,-64.64269657802836,0.318789530753752,70.65217391304347,classified_Stats.xlsx,2024-10-06_02-25-28_0005418,2.650453333333333,2.78272,132.2666666666663,8,0.9999701976776124,0.9806645717471838,,results/batch_3452_sample/detections/2024-10-06_02-25-28_0005418.json,fuzzy,13.467,0.8424373,16.52426,1,1.0
2024-10-06_02-25-28_0005418,10,Cluster_33,1,1,2.84966,2.93849,0.0888299999999997,52.63157894736845,44.09807597085951,69.10207316511881,25.0039971942593,7.274624755176434,184.6742855842061,1.189522825983688,-60.96224108168544,0.3945393656392495,51.842105263157904,classified_Stats.xlsx,2024-10-06_02-25-28_0005418,2.816853333333333,2.957653333333333,140.80000000000004,9,0.9999319314956664,0.9737098567626056,,results/batch_3452_sample/detections/2024-10-06_02-25-28_0005418.json,fuzzy,32.807,0.46443903,16.429852,1,1.0
2024-10-06_02-25-28_0005418,11,Cluster_25,1,1,3.0360666666666667,3.1527333333333334,0.1166666666666667,60.07462686567165,48.88059701492538,93.65671641791045,44.77611940298507,7.731047720395501,10.014279938596909,1.3431708335164103,-63.801077378617336,0.3353151804151542,60.07462686567165,classified_Stats.xlsx,2024-10-06_02-25-28_0005418,3.017386666666667,3.175253333333333,157.8666666666666,10,0.9999256134033204,0.974280584799616,,results/batch_3452_sample/detections/2024-10-06_02-25-28_0005418.json,fuzzy,18.68,0.7487966,16.62627,1,1.0
2024-10-06_02-56-19_0005516,1,Cluster_6,1,1,1.0195066666666668,1.0231,0.0035933333333333,28.03030303030303,26.51515151515152,109.84848484848484,83.33333333333333,24.0562612162344,-4427.390791027162,8.138657928146399,-74.36511815112239,0.2282549840731331,26.51515151515152,classified_Stats.xlsx,2024-10-06_02-56-19_0005516,1.00352,1.04192,38.39999999999999,0,0.8748672008514404,0.8082690000534057,,results/batch_3452_sample/detections/2024-10-06_02-56-19_0005516.json,fuzzy,15.987,5.5107174,17.474861,3,1.0
2024-10-06_04-19-32_0005638,1,Cluster_1,1,1,1.0202133333333334,1.0234833333333333,0.0032699999999998,83.63636363636363,83.63636363636363,83.63636363636363,0.0,7.489778066296963e-15,8.927083406450815e-12,1.0,-70.80654780502766,0.2356727338956409,83.63636363636363,classified_Stats.xlsx,2024-10-06_04-19-32_0005638,1.00352,1.0504533333333332,46.93333333333327,0,0.9827641248703004,0.9217509080966314,,results/batch_3452_sample/detections/2024-10-06_04-19-32_0005638.json,fuzzy,16.693,-1.9158694,12.179055,0,1.0
2024-10-06_05-17-10_0005687,1,Cluster_1,1,1,1.01852,1.02342,0.0048999999999999,82.77027027027027,81.75675675675676,83.78378378378379,2.027027027027032,0.7850641917988025,451.2861655718827,1.0618146386653506,-70.3497214883819,0.2236921126505962,82.77027027027027,classified_Stats.xlsx,2024-10-06_05-17-10_0005687,0.9949866666666668,1.08032,85.33333333333326,0,0.999064028263092,0.9527893293471564,,results/batch_3452_sample/detections/2024-10-06_05-17-10_0005687.json,fuzzy,23.533,-1.9485986,12.328321,0,1.0
2024-10-06_07-37-34_0005827,1,Cluster_12,1,1,0.6284266666666667,0.6460666666666667,0.0176399999999999,115.9090909090909,58.333333333333336,125.0,66.66666666666666,15.601603641638407,-863.1230397700725,2.8853114741867887,-80.10151098305155,0.1843169146799977,123.48484848484848,classified_Stats.xlsx,2024-10-06_07-37-34_0005827,0.6280533333333334,0.6664533333333333,38.39999999999999,0,0.8854621648788452,0.7974898099899292,,results/batch_3452_sample/detections/2024-10-06_07-37-34_0005827.json,fuzzy,0.373,4.6907415,16.894714,3,1.0
2024-10-06_07-37-34_0005827,2,Cluster_30,1,1,0.79061,0.83407,0.0434599999999999,104.83870967741936,57.66129032258065,121.7741935483871,64.11290322580646,14.01833096021879,-292.0028957903953,6.72264328823325,-79.05514376877257,0.1697089334551751,110.88709677419357,classified_Stats.xlsx,2024-10-06_07-37-34_0005827,0.7901866666666667,0.84992,59.733333333333306,1,0.9477021098136902,0.8584851503372193,,results/batch_3452_sample/detections/2024-10-06_07-37-34_0005827.json,fuzzy,0.423,4.6357484,17.983181,3,1.0
2024-10-06_07-37-34_0005827,3,Cluster_30,1,1,0.98644,1.0028666666666668,0.0164266666666667,110.16129032258064,98.5483870967742,110.16129032258064,11.612903225806448,3.5014220660643507,-734.4980114146425,1.0224200674448292,-71.50317469847938,0.2220930468326138,110.16129032258064,classified_Stats.xlsx,2024-10-06_07-37-34_0005827,0.9309866666666666,1.0248533333333334,93.86666666666676,2,0.9977720379829408,0.8829952556154003,,results/batch_3452_sample/detections/2024-10-06_07-37-34_0005827.json,fuzzy,55.453,-3.1910412,10.93374,0,1.0
2024-10-06_07-37-34_0005827,4,Cluster_32,1,1,1.12752,1.14364,0.0161199999999999,101.59574468085106,47.34042553191489,123.93617021276596,76.59574468085107,16.181931643804525,645.0577218458774,1.8635453789379204,-78.14985404094412,0.1889395796270714,103.19148936170212,classified_Stats.xlsx,2024-10-06_07-37-34_0005827,1.1144533333333333,1.1485866666666666,34.13333333333335,3,0.8846242427825928,0.8752909567621019,,results/batch_3452_sample/detections/2024-10-06_07-37-34_0005827.json,fuzzy,13.067,4.544203,16.839853,3,1.0
2024-10-06_07-37-34_0005827,5,Cluster_32,1,1,1.25583,1.27164,0.0158099999999998,102.3936170212766,64.8936170212766,123.93617021276596,59.04255319148936,11.201364336891782,150.18358894981168,1.8504327890934915,-77.95027297817948,0.1893366170373311,103.19148936170212,classified_Stats.xlsx,2024-10-06_07-37-34_0005827,1.2424533333333334,1.2765866666666668,34.13333333333335,4,0.8843173384666443,0.8749425941043429,,results/batch_3452_sample/detections/2024-10-06_07-37-34_0005827.json,fuzzy,13.377,4.580718,16.673277,3,1.0
2024-10-06_07-37-34_0005827,6,Cluster_30,1,1,1.37515,1.3884800000000002,0.01333,102.3936170212766,47.34042553191489,103.19148936170212,55.85106382978724,13.011625031531413,724.9240069369541,2.196777107002555,-77.35787736283622,0.1901615481700821,103.19148936170212,classified_Stats.xlsx,2024-10-06_07-37-34_0005827,1.3704533333333333,1.4045866666666669,34.13333333333335,5,0.8881201148033142,0.8780406183666654,,results/batch_3452_sample/detections/2024-10-06_07-37-34_0005827.json,fuzzy,4.697,4.538396,16.544744,3,1.0
2024-10-06_09-09-10_0005887,1,Cluster_30,1,1,0.1268266666666666,0.1372799999999999,0.0104533333333333,108.33333333333331,106.8181818181818,114.3939393939394,7.575757575757578,3.5855028988482527,700.2537073047223,1.0095780149232678,-73.4726018618116,0.2170610350390717,114.3939393939394,classified_Stats.xlsx,2024-10-06_09-09-10_0005887,0.1117866666666666,0.1501866666666666,38.39999999999999,0,0.936949610710144,0.8838660717010498,,results/batch_3452_sample/detections/2024-10-06_09-09-10_0005887.json,fuzzy,15.04,-3.425267,10.777198,0,1.0
2024-10-06_09-09-10_0005887,2,Cluster_30,1,1,0.2502466666666667,0.2522066666666667,0.00196,102.27272727272728,102.27272727272728,102.27272727272728,0.0,0.0,-9.025369847703888e-12,1.0,-73.1054595073576,0.227262174313547,102.27272727272728,classified_Stats.xlsx,2024-10-06_09-09-10_0005887,0.2312533333333333,0.2696533333333333,38.40000000000002,1,0.9047062397003174,0.8719905197620392,,results/batch_3452_sample/detections/2024-10-06_09-09-10_0005887.json,fuzzy,18.993,-3.3201604,10.874362,0,1.0
2024-10-06_09-09-10_0005887,3,Cluster_30,1,1,0.3622,0.366,0.0037999999999999,105.86956521739133,104.56521739130434,105.86956521739133,1.3043478260869676,0.6811734363483886,-436.8629082587922,1.1186845599851676,-72.34952822334377,0.2312835889591823,105.86956521739133,classified_Stats.xlsx,2024-10-06_09-09-10_0005887,0.3336533333333333,0.3848533333333333,51.19999999999997,2,0.98676598072052,0.8935539997540988,,results/batch_3452_sample/detections/2024-10-06_09-09-10_0005887.json,fuzzy,28.547,-3.4085402,10.823502,0,1.0
2024-10-06_09-09-10_0005887,4,Cluster_30,1,1,0.4601633333333333,0.4779666666666667,0.0178033333333333,95.9090909090909,52.27272727272727,101.36363636363636,49.09090909090909,8.142188209279851,-240.93304298204265,2.40756667552248,-76.5053437279406,0.1897298275355218,97.27272727272728,classified_Stats.xlsx,2024-10-06_09-09-10_0005887,0.4488533333333333,0.4957866666666666,46.93333333333333,3,0.9218207001686096,0.8094538822770119,,results/batch_3452_sample/detections/2024-10-06_09-09-10_0005887.json,fuzzy,11.31,4.67279,16.369593,3,1.0
2024-10-06_09-09-10_0005887,5,Cluster_30,1,1,1.0390866666666667,1.05836,0.0192733333333332,104.41176470588236,91.80672268907564,108.19327731092436,16.386554621848745,4.579592370000784,598.8905656846094,1.1331267540361347,-71.62855388522671,0.2414554453230474,96.84873949579833,classified_Stats.xlsx,2024-10-06_09-09-10_0005887,1.0205866666666668,1.0760533333333333,55.46666666666656,4,0.9932621121406556,0.902499782187598,,results/batch_3452_sample/detections/2024-10-06_09-09-10_0005887.json,fuzzy,18.5,-3.220715,11.36179,0,1.0
2024-10-06_09-09-10_0005887,6,Cluster_1,1,1,1.30382,1.30798,0.0041599999999999,85.0,83.57142857142857,85.0,1.4285714285714306,0.5364768687134369,249.0641226904885,1.0309443222940804,-73.03221674591207,0.2291636238788093,85.0,classified_Stats.xlsx,2024-10-06_09-09-10_0005887,1.28512,1.327786666666667,42.66666666666663,5,0.9599161148071288,0.9153923771598124,,results/batch_3452_sample/detections/2024-10-06_09-09-10_0005887.json,fuzzy,18.7,-1.9150199,11.930341,0,0.9559585367232044
2024-10-06_09-09-10_0005887,7,Cluster_1,1,1,1.41478,1.4235799999999998,0.0087999999999999,71.5909090909091,71.5909090909091,75.0,3.4090909090909065,1.1995424157085186,372.3033165181933,1.0503809803205726,-66.26932871043876,0.2918682774864832,72.72727272727273,classified_Stats.xlsx,2024-10-06_09-09-10_0005887,1.38752,1.4557866666666666,68.26666666666648,6,0.9954038858413696,0.8259277466465446,,results/batch_3452_sample/detections/2024-10-06_09-09-10_0005887.json,fuzzy,27.26,-0.5926701,14.820669,0,0.7213641345182247
2024-10-06_09-09-10_0005887,8,Cluster_30,1,1,1.71214,1.71993,0.0077899999999999,103.62903225806453,102.41935483870968,104.83870967741936,2.41935483870968,0.7946935709658731,-270.6411978017416,1.0812291679643626,-70.93100851311385,0.2313267913429438,103.62903225806453,classified_Stats.xlsx,2024-10-06_09-09-10_0005887,1.6776533333333334,1.7373866666666666,59.73333333333319,7,0.9925642609596252,0.9036404808362324,,results/batch_3452_sample/detections/2024-10-06_09-09-10_0005887.json,fuzzy,34.487,-3.4856083,11.008092,0,1.0
2024-10-06_09-09-10_0005887,9,Cluster_1,1,1,1.8466533333333333,1.8525333333333331,0.0058800000000001,73.48484848484848,73.48484848484848,73.48484848484848,0.0,7.300132650045745e-15,-3.0335874367434625e-12,1.0,-69.30835646219668,0.2630520624760342,73.48484848484848,classified_Stats.xlsx,2024-10-06_09-09-10_0005887,1.8312533333333332,1.8696533333333332,38.39999999999999,8,0.976317286491394,0.9423504054546356,,results/batch_3452_sample/detections/2024-10-06_09-09-10_0005887.json,fuzzy,15.4,-0.6514155,13.356033,0,0.9181768237716916
2024-10-06_09-09-10_0005887,10,Cluster_13,1,1,2.1075000000000004,2.157,0.0494999999999996,82.6158940397351,67.71523178807948,95.52980132450332,27.814569536423832,9.660996862044154,468.2383834593922,1.2003262082912232,-66.23506193469557,0.3051385792669502,94.5364238410596,classified_Stats.xlsx,2024-10-06_09-09-10_0005887,2.0829866666666668,2.1725866666666667,89.59999999999991,9,0.999387502670288,0.9499451382593675,,results/batch_3452_sample/detections/2024-10-06_09-09-10_0005887.json,fuzzy,24.513,1.9135194,15.401676,3,1.0
2024-10-06_09-09-10_0005887,11,Cluster_30,1,1,2.56026,2.56976,0.0094999999999996,98.04347826086956,90.21739130434784,104.56521739130434,14.347826086956516,3.585309239667529,1272.310137092693,1.249316322403112,-72.76806333227664,0.2582620608281357,99.34782608695652,classified_Stats.xlsx,2024-10-06_09-09-10_0005887,2.5480533333333333,2.5992533333333334,51.20000000000013,10,0.9897913336753844,0.9369012850981492,,results/batch_3452_sample/detections/2024-10-06_09-09-10_0005887.json,fuzzy,12.207,-3.1533663,11.484775,0,1.0
2024-10-06_11-28-52_0005976,1,Cluster_22,1,1,1.03557,1.03681,0.0012399999999999,28.19148936170213,26.595744680851062,32.97872340425532,6.382978723404257,2.420066631080282,-2573.7817433081623,1.9952854739640464,-72.17877954520623,0.2334273835143818,28.19148936170213,classified_Stats.xlsx,2024-10-06_11-28-52_0005976,1.033386666666667,1.06752,34.13333333333335,0,0.90810626745224,0.8824488057030572,,results/batch_3452_sample/detections/2024-10-06_11-28-52_0005976.json,fuzzy,2.183,5.139667,12.236277,-1,0.0
2024-10-06_11-36-36_0006004,1,Cluster_4,1,1,1.0977266666666663,1.1176533333333332,0.0199266666666666,62.87878787878788,29.545454545454547,88.63636363636363,59.09090909090908,11.96620838821317,-483.794156154406,1.8085024017301248,-78.82660700563032,0.1892024323624862,62.87878787878788,classified_Stats.xlsx,2024-10-06_11-36-36_0006004,1.0973866666666667,1.1357866666666667,38.39999999999999,0,0.960076630115509,0.9094596803188324,,results/batch_3452_sample/detections/2024-10-06_11-36-36_0006004.json,fuzzy,0.34,5.66047,16.395916,3,1.0
2024-10-06_11-36-36_0006004,2,Cluster_1,1,1,1.59492,1.60473,0.00981,79.54545454545453,79.54545454545453,79.54545454545453,0.0,1.460026530009149e-14,-1.1314466401551345e-12,1.0,-70.17345732485292,0.2584461505291892,79.54545454545453,classified_Stats.xlsx,2024-10-06_11-36-36_0006004,1.5752533333333334,1.6221866666666669,46.93333333333327,1,0.988078773021698,0.9505137155453364,,results/batch_3452_sample/detections/2024-10-06_11-36-36_0006004.json,fuzzy,19.667,-1.0280896,13.519201,0,1.0
2024-10-06_12-55-02_0006107,1,Cluster_30,1,1,1.0262866666666668,1.0506733333333331,0.0243866666666665,99.36974789915966,96.84873949579833,103.15126050420167,6.30252100840336,2.49451721214126,76.29172994667631,1.0789852190479352,-71.31107393566596,0.2323738810452228,96.84873949579833,classified_Stats.xlsx,2024-10-06_12-55-02_0006107,1.0077866666666666,1.0632533333333334,55.466666666666775,0,0.9968746900558472,0.921548449567386,,results/batch_3452_sample/detections/2024-10-06_12-55-02_0006107.json,fuzzy,18.5,-3.3091369,11.300465,0,1.0
2024-10-06_12-55-06_0006108,1,Cluster_22,1,1,2.0695,2.110053333333333,0.0405533333333334,25.967741935483872,25.967741935483872,50.16129032258065,24.193548387096776,7.789974143482232,-169.2483132133436,1.2417261244075202,-76.78774066179467,0.1799764412674257,25.967741935483872,classified_Stats.xlsx,2024-10-06_12-55-06_0006108,2.0232533333333333,2.11712,93.86666666666656,0,0.9641757011413574,0.7977524023988972,,results/batch_3452_sample/detections/2024-10-06_12-55-06_0006108.json,fuzzy,46.247,5.267659,12.35141,-1,0.0
2024-10-06_12-55-48_0006112,1,Cluster_22,1,1,1.0031433333333333,1.1132866666666668,0.1101433333333334,25.78125,25.78125,27.34375,1.5625,0.512576447749112,-2.907328333254916,1.007323375184804,-68.23493581487749,0.268602727263025,25.78125,classified_Stats.xlsx,2024-10-06_12-55-48_0006112,0.9693866666666666,1.1144533333333333,145.06666666666666,0,0.993590235710144,0.7167933821678162,,results/batch_3452_sample/detections/2024-10-06_12-55-48_0006112.json,fuzzy,33.757,5.004878,12.143758,-1,0.0
