stem,label,is_problem,n_events,file_min_flatness,file_mean_flatness,file_max_tonal_fraction,file_max_consec_tonal
2024-09-30_11-22-17_0000053,auto_accept,0,5,0.06280110564137593,0.47926733923554715,0.6625,113
2024-09-30_11-22-19_0000054,auto_accept,0,3,0.04470244772033094,0.39797888468922543,0.7835051546391752,101
2024-09-30_11-22-21_0000055,auto_accept,0,4,0.1371644022283767,0.5333522012089478,0.3933333333333333,27
2024-09-30_11-22-25_0000056,auto_accept,0,23,0.013286930974797332,0.4219995300502253,0.8764044943820225,174
2024-09-30_11-22-32_0000057,auto_accept,0,2,0.041040246753315204,0.47142603410253714,0.49333333333333335,65
2024-09-30_11-22-34_0000058,auto_accept,0,8,0.05443306010780875,0.47200461470060184,0.5736434108527132,51
2024-09-30_11-22-38_0000059,auto_accept,0,2,0.32237018179657584,0.5329050439538161,0.32941176470588235,14
2024-09-30_11-22-42_0000061,auto_accept,0,15,0.08238575713397776,0.49418693006339365,0.6212765957446809,99
2024-09-30_11-22-49_0000062,auto_accept,0,15,0.030933162088611837,0.4721845205434009,0.668,98
2024-09-30_11-22-55_0000064,auto_accept,0,1,0.2138218525318595,0.48426590638500255,0.42857142857142855,32
2024-09-30_11-23-01_0000066,auto_accept,0,5,0.08867189771971017,0.5022962187533971,0.556,40
2024-09-30_11-23-03_0000067,auto_accept,0,2,0.34390133185096766,0.5357456778376664,0.2222222222222222,8
2024-09-30_11-23-04_0000068,auto_accept,0,22,0.028309650412455763,0.434284748639262,0.9590163934426229,88
2024-09-30_11-23-08_0000069,auto_accept,0,7,0.02514586606321394,0.4604789583790729,0.812206572769953,133
2024-09-30_11-23-11_0000070,auto_accept,0,10,0.05015755906996405,0.496568628996734,0.49473684210526314,40
2024-09-30_11-23-21_0000072,auto_accept,0,12,0.05851573154034586,0.5132995618352655,0.4734982332155477,88
2024-09-30_11-23-31_0000074,auto_accept,0,10,0.08601416616871803,0.5150044633214114,0.6225806451612903,52
2024-09-30_11-23-33_0000075,auto_accept,0,5,0.12651935082351692,0.5069776180099871,0.41333333333333333,29
2024-09-30_11-23-37_0000076,auto_accept,0,6,0.3762338505553922,0.5547257372436584,0.2,6
2024-09-30_11-23-41_0000077,auto_accept,0,10,0.18667371433434007,0.5224668567129152,0.4461538461538462,22
2024-09-30_11-23-51_0000079,auto_accept,0,6,0.04513857344672177,0.46833555868226834,0.5636363636363636,40
2024-09-30_11-23-53_0000080,auto_accept,0,3,0.04220772692476615,0.46500322706839087,0.5291666666666667,78
2024-09-30_11-23-55_0000081,auto_accept,0,5,0.024280022052012695,0.456827640559707,0.6095238095238096,73
2024-09-30_11-23-57_0000082,auto_accept,0,3,0.11675267580977372,0.47536230508145905,0.6555555555555556,26
2024-09-30_11-23-58_0000083,auto_accept,0,6,0.045577364250067275,0.47446839796230766,0.5777777777777777,29
2024-09-30_11-24-05_0000085,auto_accept,0,5,0.33335108485733017,0.5455400566102699,0.19166666666666668,5
2024-09-30_11-24-10_0000086,auto_accept,0,6,0.08110492305251205,0.49933523145808056,0.628,117
2024-09-30_11-24-15_0000087,auto_accept,0,9,0.040124621051158216,0.5006490987802175,0.7222222222222222,56
2024-09-30_11-24-19_0000088,auto_accept,0,4,0.0792512372723481,0.4206098765621682,0.8029197080291971,57
2024-09-30_11-24-29_0000089,auto_accept,0,1,0.31071177767637814,0.5341087039964334,0.26,11
2024-09-30_11-24-31_0000090,auto_accept,0,6,0.011861751941081371,0.4236173258060174,0.9256505576208178,105
2024-09-30_11-24-34_0000091,auto_accept,0,1,0.05374524043810519,0.45846798344245987,0.38461538461538464,22
2024-09-30_11-24-45_0000092,auto_accept,0,5,0.2956143505366385,0.5364013942638015,0.2,5
2024-09-30_11-24-55_0000095,auto_accept,0,6,0.1382381484206537,0.4615535784330574,0.9,55
2024-09-30_11-24-57_0000096,auto_accept,0,13,0.0512687776819135,0.43925719644972505,0.8884955752212389,163
2024-09-30_11-25-05_0000097,auto_accept,0,3,0.2796290718129528,0.5317758593822206,0.2875,19
2024-09-30_11-25-12_0000098,auto_accept,0,8,0.03568998910005752,0.4291020335122445,0.8313725490196079,78
2024-09-30_11-25-16_0000099,auto_accept,0,8,0.04200619360388254,0.508878569903497,0.5421052631578948,87
2024-09-30_11-25-25_0000101,auto_accept,0,6,0.01387018088979814,0.3494303139783264,1.0,120
2024-09-30_11-25-31_0000103,auto_accept,0,7,0.16653952537350886,0.5253857013309047,0.455,25
2024-09-30_11-25-35_0000104,auto_accept,0,4,0.004655416962194276,0.29948592749379443,0.9463869463869464,338
2024-09-30_11-25-37_0000105,auto_accept,0,2,0.10878030567859727,0.46903188432529064,0.74375,28
2024-09-30_11-25-39_0000106,auto_accept,0,1,0.33055251265586,0.5422336777480801,0.24,11
2024-09-30_11-25-40_0000107,auto_accept,0,2,0.0557943113567981,0.4312252823787891,0.7462235649546828,39
2024-09-30_11-25-43_0000108,auto_accept,0,1,0.21405926169462194,0.5020336628468091,0.41,19
2024-09-30_11-26-11_0000112,auto_accept,0,4,0.008263760160685037,0.3610319861688193,0.8670886075949367,126
2024-09-30_11-26-18_0000114,auto_accept,0,6,0.3075830808784125,0.5298728272507666,0.32558139534883723,9
2024-09-30_11-26-25_0000115,auto_accept,0,7,0.024333281873635412,0.44401045064359224,0.7228571428571429,139
2024-09-30_11-26-29_0000116,auto_accept,0,14,0.01458462514185702,0.44993758092064945,0.8571428571428571,108
2024-09-30_11-26-51_0000121,auto_accept,0,5,0.015704982406239236,0.3845044072340326,0.8922413793103449,93
2024-09-30_11-26-54_0000122,auto_accept,0,8,0.007686915577470672,0.4002566208949603,0.7553516819571865,180
2024-09-30_11-27-00_0000124,auto_accept,0,2,0.09044231356222135,0.481756006066258,0.48026315789473684,31
2024-09-30_11-27-35_0000128,auto_accept,0,5,0.11271249346522537,0.4863671748383271,0.5647058823529412,62
2024-09-30_11-27-39_0000129,auto_accept,0,1,0.1679294305715049,0.5208311620169502,0.275,20
2024-09-30_11-27-49_0000130,auto_accept,0,8,0.031071483274667442,0.4735499989372823,0.6121951219512195,67
2024-09-30_11-27-51_0000131,auto_accept,0,3,0.03503125256257725,0.429734171367478,0.7153846153846154,61
2024-09-30_11-27-56_0000132,auto_accept,0,6,0.03374219097845692,0.4833824662199267,0.692,82
2024-09-30_11-28-03_0000133,auto_accept,0,10,0.16077362453745705,0.5186314105680265,0.5131086142322098,49
2024-09-30_11-28-45_0000138,auto_accept,0,1,0.27807720982929907,0.4894800320701902,0.49166666666666664,20
2024-09-30_11-28-56_0000140,auto_accept,0,3,0.20237723949314,0.5190317775299575,0.45555555555555555,40
2024-09-30_11-29-03_0000142,auto_accept,0,12,0.026114477812878286,0.42128872587058863,0.8717201166180758,165
2024-09-30_11-29-06_0000143,auto_accept,0,10,0.23469615681147632,0.5372554766647619,0.36923076923076925,13
2024-09-30_11-29-14_0000146,auto_accept,0,1,0.11321199994066512,0.46805471699908074,0.4166666666666667,34
2024-09-30_11-29-16_0000147,auto_accept,0,3,0.06939381432358768,0.4486863305555004,0.75,66
2024-09-30_11-29-47_0000151,auto_accept,0,8,0.023896239545160264,0.44533393745453576,0.8485714285714285,172
2024-09-30_11-30-17_0000157,auto_accept,0,5,0.014825128113330302,0.457350527008953,0.7454545454545455,141
2024-09-30_11-30-21_0000158,auto_accept,0,5,0.06380203670437894,0.4416015456566328,0.7277777777777777,93
2024-09-30_11-31-01_0000165,auto_accept,0,3,0.05249064012500098,0.36545396000325175,0.7875,165
2024-09-30_11-31-42_0000171,auto_accept,0,13,0.0009925229421721038,0.35997164491451394,0.975,260
2024-09-30_11-31-50_0000172,auto_accept,0,7,0.07715355521620107,0.4900440575687342,0.7592592592592593,38
2024-09-30_11-31-58_0000173,auto_accept,0,11,0.0925493041855468,0.5072873390877771,0.5916666666666667,51
2024-09-30_11-32-00_0000174,auto_accept,0,6,0.17142977293205525,0.5162138201624406,0.5210526315789473,69
2024-09-30_11-32-10_0000176,auto_accept,0,9,0.0024401968349992862,0.3269500979228205,0.9941860465116279,215
2024-09-30_11-32-33_0000177,auto_accept,0,1,0.42901274578391174,0.5648271336382384,0.07,1
2024-09-30_11-33-36_0000192,auto_accept,0,5,0.004172789056981752,0.32512845623664893,1.0,226
2024-09-30_11-33-42_0000193,auto_accept,0,2,0.09815933377669625,0.5023057902535248,0.5,16
2024-09-30_11-34-13_0000197,auto_accept,0,13,0.004544493707154171,0.39351135203418547,0.9738805970149254,169
2024-09-30_11-34-16_0000198,auto_accept,0,9,0.0013843247809877254,0.2945887285209499,0.889763779527559,354
2024-09-30_11-34-42_0000199,auto_accept,0,9,0.0056907597995912084,0.36445618042984457,0.9336099585062241,284
2024-09-30_11-35-00_0000201,auto_accept,0,7,0.0003538855008501345,0.3233255245463714,0.9285714285714286,331
2024-09-30_11-36-17_0000209,auto_accept,0,10,0.005100829406539008,0.3104992200359141,0.9923954372623575,269
2024-09-30_11-36-48_0000210,auto_accept,0,6,0.017855482591332312,0.45011962979675507,0.7405405405405405,234
2024-09-30_11-37-16_0000215,auto_accept,0,12,0.011903698688443388,0.35722468754069076,0.9610894941634242,95
2024-09-30_11-37-54_0000220,auto_accept,0,2,0.15769716365703423,0.4817992596485944,0.6653543307086615,32
2024-09-30_11-38-06_0000221,auto_accept,0,1,0.008402989626833682,0.27914956868133717,0.7698412698412699,186
2024-09-30_11-38-46_0000228,auto_accept,0,7,0.002204492975405872,0.36808660019540346,0.9156626506024096,174
2024-09-30_11-39-51_0000235,auto_accept,0,5,0.014596319787863158,0.4242203048499671,0.8176229508196722,112
2024-09-30_11-40-34_0000243,auto_accept,0,1,0.07892201809616702,0.4021481681881736,0.6714285714285714,46
2024-09-30_11-41-14_0000249,auto_accept,0,3,0.036679594294052854,0.3985025550279058,0.7,176
2024-09-30_11-41-29_0000251,auto_accept,0,6,0.00509699104674677,0.30500831604113626,0.8389261744966443,255
2024-09-30_11-41-47_0000254,auto_accept,0,12,0.010424647481254302,0.3915962139757357,0.935251798561151,240
2024-09-30_11-42-19_0000256,auto_accept,0,7,0.002429830189146946,0.3374786708592784,0.96875,157
2024-09-30_11-43-18_0000265,auto_accept,0,2,0.012355288870633434,0.3096254595060734,0.8916876574307305,82
2024-09-30_11-43-45_0000267,auto_accept,0,8,0.01958219581142478,0.4402045248064569,0.6653846153846154,107
2024-09-30_11-44-01_0000270,auto_accept,0,9,0.0024290132971725325,0.33674409439010666,0.9498680738786279,225
2024-09-30_11-44-25_0000272,auto_accept,0,3,0.05451394150012365,0.456475872307972,0.8034285714285714,86
2024-09-30_11-44-35_0000274,auto_accept,0,6,0.013159777417741585,0.3597460010033406,0.8916666666666667,194
2024-09-30_11-45-16_0000279,auto_accept,0,8,0.0014001931049663133,0.35449296965334776,0.956989247311828,473
2024-09-30_11-45-54_0000286,auto_accept,0,13,0.013074004396600307,0.37598460913272763,0.8785714285714286,251
2024-09-30_11-45-59_0000287,auto_accept,0,3,0.029227375903727777,0.4314160793242045,0.718421052631579,144
2024-09-30_11-46-27_0000290,auto_accept,0,3,0.05077645497205086,0.46028948900388017,0.47333333333333333,60
2024-09-30_11-46-36_0000291,auto_accept,0,1,0.06707401975681476,0.3678046251747989,0.6210526315789474,46
2024-09-30_11-46-56_0000295,auto_accept,0,3,0.005077443297562896,0.34825236311760666,0.7023255813953488,86
2024-09-30_11-47-06_0000298,auto_accept,0,19,0.003450865944401483,0.3598044502966861,0.8045454545454546,248
2024-09-30_11-47-11_0000299,auto_accept,0,3,0.028949946884684538,0.34342768211501057,0.7923728813559322,171
2024-09-30_11-47-34_0000302,auto_accept,0,5,0.002603138469757202,0.2722671528602964,0.9852507374631269,318
2024-09-30_11-48-44_0000304,auto_accept,0,6,0.0005485241365062162,0.2384030890587431,0.9640102827763496,242
2024-09-30_11-49-27_0000314,auto_accept,0,9,0.007008349003396021,0.394806666616818,0.8598484848484849,227
2024-09-30_11-49-29_0000315,auto_accept,0,4,0.01502195841990895,0.34412392605356057,0.8587301587301587,248
2024-09-30_11-49-41_0000316,auto_accept,0,12,0.004522558649157892,0.37151205293927037,0.8326086956521739,284
2024-09-30_11-50-23_0000323,auto_accept,0,25,0.012476538137645835,0.36937075328498514,0.8440860215053764,256
2024-09-30_11-50-28_0000324,auto_accept,0,3,0.031686115940807,0.3487156745653726,0.7166666666666667,158
2024-09-30_11-50-55_0000329,auto_accept,0,5,0.016776132945299373,0.42720517581187467,0.7830769230769231,244
2024-09-30_11-51-37_0000338,auto_accept,0,14,0.009828907865217182,0.3694480407747155,0.826530612244898,240
2024-09-30_11-53-18_0000344,auto_accept,0,9,0.0009430902169929157,0.29722534170173864,0.9733333333333334,201
2024-09-30_11-53-23_0000345,auto_accept,0,1,0.018072084797137615,0.32147807260549754,0.5117647058823529,82
2024-09-30_11-53-35_0000346,auto_accept,0,5,0.036580832139554854,0.40473650098740654,0.7369565217391304,112
2024-09-30_11-54-01_0000348,auto_accept,0,8,0.0005656527691713405,0.28706645459802793,0.9875,587
2024-09-30_11-54-11_0000349,auto_accept,0,13,0.013060174318108847,0.38803205983710803,0.8063492063492064,224
2024-09-30_11-54-36_0000354,auto_accept,0,4,0.0062654086743444875,0.43096903443644013,0.8528225806451613,328
2024-09-30_11-54-39_0000355,auto_accept,0,4,0.09537701757788827,0.4901293711288523,0.573076923076923,61
2024-09-30_11-55-11_0000361,auto_accept,0,4,0.051830534517106244,0.429926198780424,0.7527272727272727,123
2024-09-30_11-56-03_0000371,auto_accept,0,8,0.05989159595603871,0.440695361695313,0.53125,27
2024-09-30_11-57-07_0000377,auto_accept,0,14,0.0003938763504968868,0.28026289004453475,0.943069306930693,331
2024-09-30_11-57-37_0000378,auto_accept,0,10,0.0004132347326993247,0.30334915463378825,0.9337748344370861,309
2024-09-30_11-57-51_0000379,auto_accept,0,6,0.00890117721483629,0.3686780834330252,0.7944444444444444,278
2024-09-30_11-58-35_0000385,auto_accept,0,7,0.0041254170777421766,0.24909852686582612,0.958139534883721,242
2024-09-30_11-58-57_0000386,auto_accept,0,1,0.043176954302733744,0.43626352154319725,0.475,32
2024-09-30_11-59-20_0000389,auto_accept,0,9,0.01729230327194543,0.33441740206375714,0.927710843373494,291
2024-09-30_12-00-05_0000390,auto_accept,0,9,0.002027608357118037,0.3814332624083269,0.8485294117647059,247
2024-09-30_12-00-17_0000391,auto_accept,0,4,0.019199841803306625,0.4169240235001422,0.85,66
2024-09-30_12-01-15_0000398,auto_accept,0,13,0.00020587465312259652,0.3019328208043236,0.9420289855072463,296
2024-09-30_12-01-46_0000402,auto_accept,0,5,0.003972553207595321,0.3267265147059212,1.0,151
2024-09-30_12-01-51_0000403,auto_accept,0,7,0.0003781243629005664,0.22207319391011285,0.9138655462184874,429
2024-09-30_12-02-12_0000407,auto_accept,0,8,0.0007446397986245682,0.23853741705479947,0.9786324786324786,396
2024-09-30_12-02-46_0000411,auto_accept,0,6,0.0008360937171572416,0.3234723529155699,0.963855421686747,167
2024-09-30_12-03-54_0000415,auto_accept,0,5,0.011348157603758856,0.3183466896703481,0.7976424361493124,235
2024-09-30_12-03-58_0000416,auto_accept,0,3,0.02219124215684589,0.2938996865361269,0.8389830508474576,200
2024-09-30_12-04-40_0000421,auto_accept,0,14,0.009085136780772945,0.36665742970249676,0.8018181818181818,262
2024-09-30_12-05-43_0000426,auto_accept,0,12,0.004080333687628494,0.33365764052401575,0.943502824858757,268
2024-09-30_12-05-51_0000427,auto_accept,0,1,0.44497113722765913,0.5596566331743044,0.08,2
2024-09-30_12-05-53_0000428,auto_accept,0,4,0.017141020146407834,0.3695659687138989,0.7676470588235295,105
2024-09-30_12-06-03_0000430,auto_accept,0,6,0.007018402930383786,0.38195324598801134,0.8393939393939394,318
2024-09-30_12-06-23_0000431,auto_accept,0,10,0.005533463498547116,0.31528785700994355,0.875,398
2024-09-30_12-07-13_0000432,auto_accept,0,5,0.0021765915493418457,0.3434985238407444,0.8587301587301587,189
2024-09-30_12-07-19_0000433,auto_accept,0,5,0.011171003077769488,0.32810733947612225,0.8549618320610687,210
2024-09-30_12-08-00_0000438,auto_accept,0,16,0.002835768494240029,0.2912020246197411,0.9629629629629629,428
2024-09-30_12-08-10_0000439,auto_accept,0,2,0.06333797400103897,0.3657792734219153,0.7638297872340426,107
2024-09-30_12-08-37_0000442,auto_accept,0,4,0.0015757809117178045,0.279556033610209,0.8888888888888888,258
2024-09-30_12-08-43_0000443,auto_accept,0,4,0.0026686135480136863,0.2807465856728627,0.9494949494949495,203
2024-09-30_12-12-07_0000449,auto_accept,0,14,0.006697705008196384,0.3893010872163502,0.834,243
2024-09-30_12-12-34_0000451,auto_accept,0,8,0.0027703367312121446,0.3540209495438409,0.9764243614931237,421
2024-09-30_12-14-14_0000452,auto_accept,0,2,0.14961104821028393,0.5305816621272059,0.2727272727272727,13
2024-09-30_12-14-18_0000453,auto_accept,0,7,0.0012509747382394912,0.2565386370288761,0.8193018480492813,478
2024-09-30_12-14-24_0000454,auto_accept,0,4,0.0015347865965506771,0.26538308896742563,0.8925233644859814,573
2024-09-30_12-14-50_0000458,auto_accept,0,7,0.000770089891521711,0.29075530718465276,0.9257294429708223,321
2024-09-30_12-15-50_0000463,auto_accept,0,1,0.08593328113626507,0.4839851226950204,0.4044943820224719,18
2024-09-30_12-15-55_0000465,auto_accept,0,2,0.09414909701176158,0.46912598958705287,0.5964285714285714,44
2024-09-30_12-16-04_0000467,auto_accept,0,1,0.11884095300236505,0.491869649972611,0.3736842105263158,20
2024-09-30_12-16-06_0000468,auto_accept,0,1,0.09317139158897608,0.4646016544292733,0.39,27
2024-09-30_12-16-08_0000469,auto_accept,0,1,0.046242869912423226,0.4210691893839132,0.32727272727272727,32
2024-09-30_12-16-12_0000470,auto_accept,0,1,0.20619843223856438,0.5144118652702394,0.3,11
2024-09-30_12-16-32_0000473,auto_accept,0,1,0.046502614842887174,0.4267067663048925,0.5476190476190477,48
2024-09-30_12-16-38_0000474,auto_accept,0,1,0.08244951246191326,0.4631695873494396,0.4461538461538462,41
2024-09-30_12-17-43_0000479,auto_accept,0,14,0.0014062121325853565,0.26442518696059325,0.9427710843373494,483
2024-09-30_12-17-56_0000480,auto_accept,0,6,0.0017781051783319934,0.275793706300092,0.9596541786743515,186
2024-09-30_12-18-01_0000481,auto_accept,0,9,0.00144508368767683,0.17180243860896505,0.8162790697674419,239
2024-09-30_12-18-34_0000484,auto_accept,0,4,0.0037372272268615717,0.25724292451627784,0.9026548672566371,205
2024-09-30_12-18-36_0000485,auto_accept,0,6,0.000859381523161952,0.29422413262309105,0.8801169590643275,200
2024-09-30_12-19-20_0000489,auto_accept,0,11,0.0008687043662791053,0.26792773090065886,0.9743589743589743,321
2024-09-30_12-19-34_0000490,auto_accept,0,5,0.0021541658356040577,0.2648714397810437,0.9192200557103064,220
2024-09-30_12-20-00_0000495,auto_accept,0,5,0.0007682958233033312,0.20906731825763442,0.877742946708464,225
2024-09-30_12-20-03_0000496,auto_accept,0,2,0.06570080201990071,0.458429350684625,0.74375,51
2024-09-30_12-20-36_0000498,auto_accept,0,6,0.0030116738067982587,0.3129164404277105,0.9884393063583815,299
2024-09-30_12-20-44_0000499,auto_accept,0,2,0.008772518653576302,0.3271675485224118,0.5947368421052631,106
2024-09-30_12-20-50_0000500,auto_accept,0,1,0.0014897159800772663,0.11198092837575718,0.8992628992628993,237
2024-09-30_12-21-18_0000501,auto_accept,0,10,0.006610488012025596,0.350357949697696,0.888,285
2024-09-30_12-21-30_0000502,auto_accept,0,4,0.009354071233293364,0.3338967001185781,0.8346938775510204,157
2024-09-30_12-21-51_0000503,auto_accept,0,3,0.01208110059436611,0.39844685396746476,0.870754716981132,243
2024-09-30_12-22-18_0000504,auto_accept,0,8,0.0016699702897749523,0.3284201332397327,0.8912529550827423,461
2024-09-30_12-23-32_0000511,auto_accept,0,12,0.005407252918382467,0.3588177829186175,0.8847457627118644,511
2024-09-30_12-23-34_0000512,auto_accept,0,2,0.039902313820989084,0.33193924836323874,0.88268156424581,69
2024-09-30_12-24-39_0000525,auto_accept,0,6,0.005149717173562117,0.33681403424151046,0.9,279
2024-09-30_12-24-44_0000526,auto_accept,0,22,0.001639980175950475,0.3221720420734376,0.9718969555035128,479
2024-09-30_12-25-33_0000529,auto_accept,0,11,0.0008602601357845588,0.3395679612420395,0.8395348837209302,350
2024-09-30_12-25-35_0000530,auto_accept,0,2,0.016331924243370013,0.28662873411337336,1.0,252
2024-09-30_12-25-50_0000531,auto_accept,0,9,0.0017740358437010018,0.20603623706205135,0.994535519125683,344
2024-09-30_12-26-15_0000534,auto_accept,0,5,0.0016379177380942635,0.2833990126879603,0.8397887323943662,246
2024-09-30_12-27-32_0000540,auto_accept,0,8,0.009069078654401876,0.3031252550204457,0.8472727272727273,227
2024-09-30_12-27-54_0000543,auto_accept,0,1,0.1119649351558556,0.46948095377068183,0.4423076923076923,13
2024-09-30_12-28-10_0000547,auto_accept,0,9,0.006987846704038689,0.3411305642875417,0.9058823529411765,270
2024-09-30_12-30-42_0000555,auto_accept,0,16,0.000778686617003411,0.26040814213230296,0.9210526315789473,448
2024-09-30_12-31-38_0000556,auto_accept,0,5,0.0023639759157977687,0.2952939844198652,0.9750889679715302,173
2024-09-30_12-31-57_0000559,auto_accept,0,2,0.03213493859560144,0.39221196331896374,0.6392857142857142,65
2024-09-30_12-32-22_0000560,auto_accept,0,7,0.0017824752686602442,0.2463898375743283,0.8896396396396397,262
2024-09-30_12-32-26_0000561,auto_accept,0,21,0.0016790957180399689,0.2612394286477515,0.9967105263157895,529
2024-09-30_12-33-08_0000564,auto_accept,0,5,0.0024295713997211327,0.30352933118018166,0.875,320
2024-09-30_12-33-14_0000566,auto_accept,0,7,0.0034027811130261845,0.30886972495694975,0.8260869565217391,373
2024-09-30_12-33-18_0000567,auto_accept,0,7,0.002040756228460127,0.22811819790041635,0.9919839679358717,433
2024-09-30_12-34-07_0000569,auto_accept,0,2,0.07544765692431663,0.5117971430786687,0.2909090909090909,27
2024-09-30_12-34-25_0000570,auto_accept,0,1,0.4301665783148707,0.5691272184979379,0.06153846153846154,1
2024-09-30_12-36-21_0000575,auto_accept,0,2,0.05132771842587217,0.47097045513266195,0.3923076923076923,46
2024-09-30_12-36-24_0000576,auto_accept,0,3,0.0017053793945673934,0.19422975710953674,0.9368029739776952,227
2024-09-30_12-37-39_0000579,auto_accept,0,13,0.0006254686034866764,0.27972133161418705,0.8589981447124304,383
2024-09-30_12-39-51_0000586,auto_accept,0,6,0.0005034540370183768,0.23747031342596178,0.8787878787878788,409
2024-09-30_12-40-36_0000587,auto_accept,0,5,0.002488468410354994,0.35624482996597795,0.85625,182
2024-09-30_12-41-11_0000590,auto_accept,0,10,0.0011830797032842263,0.2436186125191538,0.9845758354755784,384
2024-09-30_12-41-34_0000591,auto_accept,0,2,0.002193443609150286,0.35768261637510923,0.8571428571428571,152
2024-09-30_12-42-11_0000594,auto_accept,0,2,0.0023798661524338173,0.37161167605156514,0.7214285714285714,170
2024-09-30_12-42-14_0000595,auto_accept,0,5,0.006345947661963169,0.38866014887008904,0.7947214076246334,118
2024-09-30_12-43-05_0000598,auto_accept,0,7,0.0006504641504092075,0.31767137577964843,0.8957446808510638,279
2024-09-30_12-43-09_0000599,auto_accept,0,7,0.0022824749651402885,0.2473337462284973,0.9379310344827586,485
2024-09-30_12-43-14_0000600,auto_accept,0,5,0.006382115395502225,0.25050955150137694,0.950381679389313,193
2024-09-30_12-45-41_0000603,auto_accept,0,4,0.0015995744983797323,0.24785717658484996,0.884180790960452,226
2024-09-30_12-46-06_0000607,auto_accept,0,1,0.0028309501619228814,0.24188725381073345,0.8357142857142857,231
2024-09-30_12-46-09_0000608,auto_accept,0,11,0.0007291497204959255,0.2486801991920666,0.8705234159779615,383
2024-09-30_12-46-29_0000611,auto_accept,0,6,0.00140024287006818,0.25183260295117027,0.8277777777777777,369
2024-09-30_12-48-51_0000612,auto_accept,0,5,0.0006363891043171205,0.29195744946362207,0.8627118644067797,451
2024-09-30_12-48-54_0000613,auto_accept,0,10,0.0013382075025417223,0.23109277860550215,0.9798206278026906,312
2024-09-30_12-48-59_0000614,auto_accept,0,8,0.0019206594878473505,0.29836387355360894,0.5833333333333334,98
2024-09-30_12-49-06_0000616,auto_accept,0,7,0.0012200195104919336,0.2477765639414528,0.9596541786743515,240
2024-09-30_12-50-14_0000620,auto_accept,0,21,0.0004820452183812827,0.25667035527992804,1.0,433
2024-09-30_12-50-37_0000621,auto_accept,0,12,0.0011520469414758846,0.3145401355665481,0.9813278008298755,317
2024-09-30_12-50-52_0000622,auto_accept,0,3,0.010217315888729286,0.3921396870333065,0.9538152610441767,300
2024-09-30_12-51-05_0000623,auto_accept,0,1,0.025283733131327275,0.4112300314376204,0.6472727272727272,103
2024-09-30_12-51-44_0000626,auto_accept,0,9,0.0018542582003333258,0.31077936460108246,0.8698412698412699,453
2024-09-30_12-51-50_0000627,auto_accept,0,2,0.042941370624721024,0.42171941663936846,0.82,127
2024-09-30_12-51-55_0000628,auto_accept,0,2,0.04120906537005171,0.38693602353171985,0.5958333333333333,90
2024-09-30_12-52-08_0000629,auto_accept,0,11,0.0025762720312436697,0.26867065576501264,0.9333333333333333,432
2024-09-30_12-52-18_0000630,auto_accept,0,3,0.061383865267338765,0.4257445109145388,0.6272727272727273,92
2024-09-30_12-52-34_0000631,auto_accept,0,4,0.00825451435303,0.3219709053021619,0.8696078431372549,245
2024-09-30_12-52-37_0000632,auto_accept,0,5,0.025322756253306048,0.4436000887246213,0.6884615384615385,109
2024-09-30_12-52-41_0000633,auto_accept,0,1,0.07008359848622589,0.378362074231236,0.725,106
2024-09-30_12-52-47_0000634,auto_accept,0,2,0.039250801294393796,0.42001912067323965,0.8383720930232558,142
2024-09-30_12-52-48_0000635,auto_accept,0,5,0.013802158334750828,0.3616492300657015,0.7714285714285715,238
2024-09-30_12-53-29_0000636,auto_accept,0,2,0.047875146833155774,0.4589498372418484,0.6659574468085107,75
2024-09-30_12-53-33_0000637,auto_accept,0,8,0.054978740188528975,0.3537220282739497,0.772972972972973,158
2024-09-30_12-53-36_0000638,auto_accept,0,2,0.03653184768889254,0.3791246207220718,0.638095238095238,96
2024-09-30_12-54-16_0000643,auto_accept,0,6,0.003138512281387732,0.3466738423596853,0.7916666666666666,142
2024-09-30_12-54-28_0000644,auto_accept,0,8,0.0006106376457342246,0.2980574037418813,0.9411764705882353,152
2024-09-30_12-55-02_0000646,auto_accept,0,7,0.0024598924275997885,0.29920314870683934,0.8552238805970149,295
2024-09-30_12-55-08_0000647,auto_accept,0,5,0.007994751451627934,0.3770962024413672,0.8448979591836735,154
2024-09-30_12-55-38_0000648,auto_accept,0,7,0.05156234587824843,0.41396958001887335,0.565,67
2024-09-30_12-55-52_0000649,auto_accept,0,5,0.012979201860933475,0.3611399795980625,0.8037914691943128,217
2024-09-30_12-56-44_0000652,auto_accept,0,9,0.002118290271495462,0.332651034008826,0.9314814814814815,371
2024-09-30_12-57-17_0000655,auto_accept,0,3,0.009503473245466434,0.32802410971099355,0.9975961538461539,254
2024-09-30_12-57-38_0000658,auto_accept,0,3,0.0016006123155178486,0.2987688870600324,0.8434622467771639,225
2024-09-30_12-58-35_0000666,auto_accept,0,16,0.007489361855601062,0.3557128549829136,0.9321533923303835,317
2024-09-30_12-58-50_0000668,auto_accept,0,5,0.0007666901230100027,0.18373652959775835,0.9346153846153846,447
2024-09-30_12-59-38_0000675,auto_accept,0,7,0.07511060764026244,0.41513057439210305,0.6857142857142857,74
2024-09-30_12-59-48_0000676,auto_accept,0,4,0.12564531629100897,0.4790528798939197,0.6314285714285715,52
2024-09-30_12-59-56_0000677,auto_accept,0,5,0.01386463591068853,0.32858335941772465,0.9425531914893617,235
2024-09-30_13-00-00_0000678,auto_accept,0,2,0.018278779537397996,0.3691125037933624,0.850909090909091,303
2024-09-30_13-00-30_0000681,auto_accept,0,9,0.009408758672578996,0.3385057343128819,0.8668032786885246,246
2024-09-30_13-01-18_0000689,auto_accept,0,5,0.006791363859252098,0.38131284977064694,0.6782608695652174,95
2024-09-30_13-01-21_0000690,auto_accept,0,5,0.029951900704548128,0.4105738746657838,0.668,81
2024-09-30_13-01-26_0000691,auto_accept,0,11,0.0030327454752442674,0.326730834766731,0.8557692307692307,324
2024-09-30_13-02-05_0000693,auto_accept,0,8,0.006947112912020857,0.38289913818433186,0.8166666666666667,401
2024-09-30_13-02-11_0000694,auto_accept,0,4,0.035717556095000644,0.41926562583131055,0.8174603174603174,84
2024-09-30_13-02-23_0000695,auto_accept,0,4,0.023163903088371875,0.3496753484439623,0.7714285714285715,144
2024-09-30_13-03-03_0000699,auto_accept,0,4,0.06440681504952073,0.4354641463147312,0.6086956521739131,48
2024-09-30_13-03-14_0000702,auto_accept,0,1,0.36684748433332587,0.5420124963311707,0.23,11
2024-09-30_13-03-23_0000705,auto_accept,0,2,0.0448805809882581,0.46411292349209765,0.48125,43
2024-09-30_13-03-43_0000711,auto_accept,0,1,0.1642185013422027,0.4781243898302894,0.38333333333333336,34
2024-09-30_13-03-56_0000715,auto_accept,0,1,0.381594577161476,0.5508984244996636,0.13333333333333333,5
2024-09-30_13-04-01_0000716,auto_accept,0,9,0.43083083028445,0.5637545845721392,0.11,3
2024-09-30_13-04-31_0000717,auto_accept,0,1,0.4341553052959597,0.5594693255169069,0.1,3
2024-09-30_13-04-43_0000719,auto_accept,0,19,0.009591680291698412,0.37844426075935406,0.8517241379310345,297
2024-09-30_13-04-46_0000720,auto_accept,0,6,0.021334121535494518,0.40439206265712824,0.7531645569620253,145
2024-09-30_13-05-57_0000725,auto_accept,0,10,0.011585024013810695,0.3807565595236759,0.7970588235294118,193
2024-09-30_13-06-27_0000728,auto_accept,0,10,0.024175043733520588,0.35257207615423336,0.7038461538461539,174
2024-09-30_13-06-49_0000732,auto_accept,0,9,0.00885301749935287,0.35253490491949024,0.8404255319148937,287
2024-09-30_13-06-52_0000733,auto_accept,0,2,0.03173220668489003,0.3485688235577731,0.7944444444444444,249
2024-09-30_13-07-55_0000740,auto_accept,0,12,0.01059331637969433,0.3964797265774471,0.7853658536585366,237
2024-09-30_13-09-11_0000743,auto_accept,0,3,0.01762618791690426,0.3316577135759516,0.7620689655172413,176
2024-09-30_13-09-26_0000744,auto_accept,0,7,0.008579682450175864,0.3191271759332378,0.8418181818181818,334
2024-09-30_13-10-03_0000745,auto_accept,0,3,0.023250620830589406,0.3998729186032823,0.7258064516129032,171
2024-09-30_13-10-06_0000746,auto_accept,0,3,0.017789081832192723,0.3719730654722679,0.7185185185185186,156
2024-09-30_13-11-12_0000748,auto_accept,0,1,0.010380414515792427,0.2366355108225745,0.7533333333333333,208
2024-09-30_13-11-21_0000749,auto_accept,0,13,0.011155806630417943,0.3513518807615738,0.7296296296296296,189
2024-09-30_13-12-00_0000751,auto_accept,0,10,0.013638630954596371,0.3751837705905946,0.756896551724138,117
2024-09-30_13-12-35_0000752,auto_accept,0,8,0.01560747657486953,0.43258733481296796,0.9280701754385965,207
2024-09-30_13-15-40_0000757,auto_accept,0,6,0.008523510851858141,0.37562938273102414,0.7125,101
2024-09-30_13-16-47_0000761,auto_accept,0,5,0.03873882137041656,0.4537468774012373,0.5631578947368421,97
2024-09-30_13-17-17_0000764,auto_accept,0,1,0.022296720068035777,0.28911447866397577,0.8544444444444445,136
2024-09-30_13-17-47_0000766,auto_accept,0,8,0.006533991983544532,0.3323307104099171,0.82,192
2024-09-30_13-18-03_0000767,auto_accept,0,7,0.00805148952929584,0.34461946553412964,0.8872340425531915,269
2024-09-30_13-19-58_0000768,auto_accept,0,14,0.0018817549305493175,0.3340841412246819,0.9346938775510204,314
2024-09-30_13-20-11_0000770,auto_accept,0,1,0.019037817252593073,0.2834601410703598,0.816,202
2024-09-30_13-20-18_0000771,auto_accept,0,9,0.007129196181555083,0.32768719426935466,0.8491228070175438,332
2024-09-30_13-21-17_0000777,auto_accept,0,4,0.010221674193275255,0.3570518411608202,0.8739205526770294,329
2024-09-30_13-21-19_0000778,auto_accept,0,7,0.09806946157042831,0.4432263634986472,0.48,33
2024-09-30_13-22-26_0000787,auto_accept,0,8,0.025072821408175783,0.37175471243387803,0.7193548387096774,113
2024-09-30_13-23-02_0000788,auto_accept,0,7,0.01623939948215354,0.3258435695790584,0.8346938775510204,227
2024-09-30_13-24-15_0000796,auto_accept,0,6,0.008772206135294638,0.3051778504446269,0.8303571428571429,254
2024-09-30_13-26-09_0000798,auto_accept,0,8,0.0018366161305364568,0.2264718862179567,0.9680851063829787,471
2024-09-30_13-26-39_0000800,auto_accept,0,35,0.0005155608650794573,0.2271466284086537,0.9806201550387597,414
2024-09-30_13-27-23_0000801,auto_accept,0,15,0.0007917415835882612,0.3094602952394798,0.9505988023952096,323
2024-09-30_13-27-54_0000802,auto_accept,0,6,0.006717125379763785,0.3389476961913435,0.9092741935483871,191
2024-09-30_13-27-56_0000803,auto_accept,0,4,0.0190838146086633,0.4265917601730368,0.8368421052631579,400
2024-09-30_13-28-50_0000808,auto_accept,0,6,0.04431891667106737,0.4873758847213234,0.5071428571428571,55
2024-09-30_13-28-57_0000809,auto_accept,0,7,0.0017882446676525598,0.30294759846394076,0.9316546762589928,439
2024-09-30_13-29-03_0000810,auto_accept,0,3,0.014503141194731188,0.2940083070113169,0.8103448275862069,175
2024-09-30_13-29-06_0000811,auto_accept,0,11,0.002512299421015503,0.2960101888764648,0.9682080924855492,399
2024-09-30_13-29-21_0000812,auto_accept,0,5,0.008278813043168794,0.3219063210577391,0.8681818181818182,210
2024-09-30_13-29-55_0000814,auto_accept,0,8,0.013891478893445662,0.40500914308178426,0.8220338983050848,247
2024-09-30_13-31-13_0000815,auto_accept,0,1,0.10524275858668207,0.4821710427890847,0.46153846153846156,38
2024-09-30_13-31-21_0000816,auto_accept,0,13,0.009259436160073487,0.35643100661139615,0.8131147540983606,302
2024-09-30_13-33-29_0000826,auto_accept,0,13,0.018200129744954236,0.38516895906153814,0.8456140350877193,187
2024-09-30_13-35-46_0000834,auto_accept,0,10,0.018245094637990993,0.356861326812978,0.7033333333333334,171
2024-09-30_13-35-50_0000835,auto_accept,0,5,0.015470174942908078,0.3650772729380424,0.8578947368421053,236
2024-09-30_13-36-02_0000837,auto_accept,0,10,0.006654563656064156,0.3315481761248621,0.8362068965517241,310
2024-09-30_13-36-29_0000839,auto_accept,0,3,0.27105090622311645,0.5154226770527419,0.4357142857142857,16
2024-09-30_13-37-05_0000841,auto_accept,0,2,0.03924769309084204,0.4190467951704574,0.6923076923076923,58
2024-09-30_13-37-17_0000842,auto_accept,0,3,0.016802384176978942,0.4186602937938464,0.7,163
2024-09-30_13-37-47_0000845,auto_accept,0,9,0.0017933531232122361,0.2855019637503594,0.9854014598540146,372
2024-09-30_13-38-12_0000846,auto_accept,0,3,0.002707048764363419,0.19958269630828995,0.8686371100164204,400
2024-09-30_13-38-34_0000848,auto_accept,0,4,0.009297232526207686,0.346745434634295,0.8547169811320755,432
2024-09-30_13-39-05_0000854,auto_accept,0,9,0.006578625303082213,0.37358713735005505,0.830952380952381,303
2024-09-30_13-39-09_0000855,auto_accept,0,3,0.02240106070240472,0.29991650808004716,0.78,193
2024-09-30_13-39-25_0000859,auto_accept,0,9,0.0009758077286202424,0.20469189049989836,0.9688715953307393,332
2024-09-30_13-39-44_0000860,auto_accept,0,4,0.005085561810594357,0.31832759280524225,0.9882352941176471,175
2024-09-30_13-39-51_0000861,auto_accept,0,3,0.0029345378363282598,0.21636164383447512,0.8183908045977012,283
2024-09-30_13-40-25_0000866,auto_accept,0,1,0.01547270762908407,0.17245283441071968,0.89125,271
2024-09-30_13-40-30_0000867,auto_accept,0,9,0.0006842251423066545,0.2539962899613544,0.9164785553047404,401
2024-09-30_13-42-23_0000876,auto_accept,0,8,0.0004953737784121491,0.21478112050593295,0.9022727272727272,354
2024-09-30_13-42-44_0000878,auto_accept,0,5,0.002706459033711402,0.34135031440914,0.883495145631068,233
2024-09-30_13-43-46_0000884,auto_accept,0,4,0.000731710855670158,0.26278296207831364,0.9704142011834319,428
2024-09-30_13-44-23_0000891,auto_accept,0,14,0.002843879054903483,0.34422803047512873,0.8558823529411764,264
2024-09-30_13-45-50_0000899,auto_accept,0,5,0.011090445137645568,0.3816798538976368,0.805,291
2024-09-30_13-46-48_0000905,auto_accept,0,9,0.005335331617981818,0.3313046363369862,0.8584729981378026,199
2024-09-30_13-47-30_0000908,auto_accept,0,7,0.0020816511619601115,0.29442066139278833,0.8517441860465116,256
2024-09-30_13-48-31_0000913,auto_accept,0,7,0.006561047482932299,0.3133022744247769,0.869098712446352,275
2024-09-30_13-48-46_0000915,auto_accept,0,4,0.01156739909451379,0.33027278317419434,0.8461538461538461,337
2024-09-30_13-49-11_0000919,auto_accept,0,5,0.008449049204618633,0.3868321073571467,0.8517241379310345,189
2024-09-30_13-51-35_0000923,auto_accept,0,5,0.04736999793362804,0.423621396650774,0.7357142857142858,56
2024-09-30_13-51-43_0000924,auto_accept,0,6,0.0018338014670114605,0.2643605281289995,0.8811188811188811,279
2024-09-30_13-52-13_0000927,auto_accept,0,4,0.0012558850422686766,0.26304048949110775,0.8016032064128257,242
2024-09-30_13-52-30_0000930,auto_accept,0,7,0.0009779216157949438,0.150543042026575,0.9101123595505618,527
2024-09-30_13-53-26_0000934,auto_accept,0,6,0.0009092887006915915,0.22095920568909463,0.9158415841584159,353
2024-09-30_13-54-59_0000950,auto_accept,0,12,0.0004013219277884414,0.23527099788128691,0.9823008849557522,331
2024-09-30_13-55-21_0000951,auto_accept,0,4,0.0017020218422185015,0.2495391478519253,0.9575,323
2024-09-30_13-55-24_0000952,auto_accept,0,8,0.00040571186311974436,0.22908612202108883,0.9055793991416309,401
2024-09-30_13-57-12_0000953,auto_accept,0,9,0.0019506636649003735,0.27246857521586987,0.9128065395095368,347
2024-09-30_13-57-19_0000954,auto_accept,0,2,0.005886694841839933,0.359635218339426,0.8616279069767442,683
2024-09-30_13-57-44_0000957,auto_accept,0,9,0.0008070169505603402,0.21475545016750214,0.9729064039408867,396
2024-09-30_13-59-57_0000962,auto_accept,0,3,0.00979410437869331,0.31810643743818584,0.8287671232876712,267
2024-09-30_14-00-02_0000963,auto_accept,0,6,0.008389426994488641,0.3529168162967555,0.8726315789473684,180
2024-09-30_14-00-13_0000964,auto_accept,0,3,0.03448891598283148,0.41782639574396824,0.7742857142857142,77
2024-09-30_14-00-21_0000965,auto_accept,0,2,0.02062293126426682,0.33855118674948037,0.8708333333333333,299
2024-09-30_14-00-24_0000966,auto_accept,0,28,0.0025765574429175457,0.3485933521241846,0.9215686274509803,416
2024-09-30_14-05-15_0000970,auto_accept,0,8,0.0005191884685156176,0.2627167718165236,0.8893333333333333,429
2024-09-30_14-06-44_0000973,auto_accept,0,7,0.0021020091342480868,0.2671877848168687,0.9350180505415162,367
2024-09-30_14-09-14_0000977,auto_accept,0,10,0.0009498836921018025,0.27520533500374633,0.9044117647058824,368
2024-09-30_14-10-46_0000984,auto_accept,0,1,0.004147218872686361,0.05728783560628285,0.9636363636363636,2073
2024-09-30_14-12-43_0000993,auto_accept,0,10,0.0011205734855424664,0.24554506032363124,0.9604221635883905,316
2024-09-30_14-13-47_0000997,auto_accept,0,7,0.000697366652715771,0.2026904749262132,0.9816091954022989,356
2024-09-30_14-13-53_0000998,auto_accept,0,14,0.0009603932951314729,0.27941521841288114,0.9637681159420289,404
2024-09-30_14-16-49_0001000,auto_accept,0,7,0.009912614302966968,0.37006390977050063,0.6833333333333333,113
2024-09-30_14-16-52_0001001,auto_accept,0,8,0.0034356519905128402,0.34862542726202644,0.9478584729981379,451
2024-09-30_14-16-55_0001002,auto_accept,0,7,0.011368068464905628,0.35304483946670934,0.960552268244576,357
2024-09-30_14-17-21_0001005,auto_accept,0,6,0.0004493505767199508,0.30899229374640913,0.9645569620253165,324
2024-09-30_14-18-57_0001006,auto_accept,0,14,0.0010799682613684798,0.33120366003014745,0.92,364
2024-09-30_14-19-13_0001007,auto_accept,0,3,0.0168081842864762,0.3559266792858015,0.7176470588235294,157
2024-09-30_14-19-15_0001008,auto_accept,0,2,0.0052219874376485875,0.3247518918107416,0.9175824175824175,401
2024-09-30_14-19-26_0001011,auto_accept,0,8,0.0014505517864359034,0.22309820053716972,0.9534368070953437,326
2024-09-30_14-22-26_0001013,auto_accept,0,5,0.00033606318796522417,0.30001035574181284,0.9577205882352942,321
2024-09-30_14-22-58_0001014,auto_accept,0,4,0.0264737212774758,0.40940959010756245,0.62,105
2024-09-30_14-23-05_0001015,auto_accept,0,16,0.0014921600064880173,0.36498872413501526,0.9837962962962963,384
2024-09-30_14-23-09_0001016,auto_accept,0,1,0.16351091614204472,0.4639153147336046,0.475,39
2024-09-30_14-23-25_0001022,auto_accept,0,8,0.0015958018383821872,0.2477123272975162,0.9200863930885529,273
2024-09-30_14-25-48_0001038,auto_accept,0,1,0.3084607035773727,0.5455290912539633,0.24,5
2024-09-30_14-26-02_0001042,auto_accept,0,2,0.11728394922241768,0.4899380479307317,0.5571428571428572,52
2024-09-30_14-26-11_0001043,auto_accept,0,3,0.005961689016412771,0.28205284592478524,0.9162995594713657,303
2024-09-30_14-26-25_0001044,auto_accept,0,13,0.0010814481979661665,0.2879075655400504,0.9254079254079254,522
2024-09-30_14-26-48_0001047,auto_accept,0,7,0.0020656116430847232,0.266630982426149,0.9265734265734266,335
2024-09-30_14-27-09_0001051,auto_accept,0,7,0.0012661911288198416,0.2186943313523957,0.9133333333333333,374
2024-09-30_14-27-56_0001053,auto_accept,0,8,0.00040951353925448326,0.25822736247525996,0.8441558441558441,417
2024-09-30_14-28-00_0001054,auto_accept,0,1,0.07738359148012361,0.512161691704677,0.22105263157894736,18
2024-09-30_14-29-06_0001058,auto_accept,0,5,0.000678398648345812,0.24135177251713058,0.862,416
2024-09-30_14-30-11_0001059,auto_accept,0,1,0.004095317991185312,0.18140804440449562,0.85625,311
2024-09-30_14-34-47_0001063,auto_accept,0,7,0.00023477608504470965,0.1765334367504023,0.9861351819757366,435
2024-09-30_14-35-29_0001065,auto_accept,0,9,0.00232864778226265,0.2567080755563651,0.9823008849557522,679
2024-09-30_14-35-34_0001066,auto_accept,0,3,0.004360251754642627,0.35812778011656404,0.7125456760048721,201
2024-09-30_14-35-46_0001068,auto_accept,0,5,0.0012928292142994123,0.19221310971069283,0.9107142857142857,438
2024-09-30_14-36-46_0001079,auto_accept,0,9,0.012912209012588056,0.37620785891716085,0.8524590163934426,237
2024-09-30_14-36-51_0001080,auto_accept,0,3,0.06419551706731787,0.370574094480384,0.7692307692307693,95
2024-09-30_14-36-53_0001081,auto_accept,0,9,0.02525870842179466,0.39580965953044944,0.8032786885245902,186
2024-09-30_14-37-13_0001082,auto_accept,0,17,0.0014828378963908514,0.33665451761461673,0.9513513513513514,340
2024-09-30_14-37-18_0001083,auto_accept,0,5,0.06676307173542771,0.4395626857712993,0.6166666666666667,50
2024-09-30_14-37-35_0001086,auto_accept,0,44,0.00021695465706357791,0.23037469304228117,0.9904306220095693,396
2024-09-30_14-38-51_0001090,auto_accept,0,6,0.0016415831271169431,0.33215185657745133,0.905,415
2024-09-30_14-39-09_0001093,auto_accept,0,26,0.0004239775446427986,0.2546135961533421,0.9908424908424909,446
2024-09-30_14-42-29_0001095,auto_accept,0,1,0.051914671237504074,0.4196660991143756,0.5531914893617021,68
2024-09-30_14-44-39_0001101,auto_accept,0,4,0.0033495770911994766,0.2673345617678507,0.9738805970149254,160
2024-09-30_14-44-41_0001102,auto_accept,0,16,0.002616038894707333,0.33255388629807436,0.8093023255813954,270
2024-09-30_14-45-09_0001106,auto_accept,0,1,0.24204213252811474,0.5178895301160443,0.3153846153846154,14
2024-09-30_14-45-13_0001107,auto_accept,0,1,0.14105502213824592,0.46654498697545393,0.38461538461538464,33
2024-09-30_14-45-25_0001110,auto_accept,0,3,0.0076706993190041005,0.2626143313721247,0.908284023668639,261
2024-09-30_14-45-43_0001112,auto_accept,0,11,0.0017680161115194493,0.26521326091644243,0.9327586206896552,438
2024-09-30_14-45-58_0001114,auto_accept,0,4,0.029649720044229475,0.39723912236612585,0.7804347826086957,127
2024-09-30_14-46-01_0001115,auto_accept,0,14,0.001400614052162598,0.321912035121137,0.908955223880597,478
2024-09-30_14-46-46_0001119,auto_accept,0,7,0.0030990313951428706,0.2810175575754345,0.9326923076923077,404
2024-09-30_14-47-35_0001124,auto_accept,0,2,0.015004236778310929,0.3942316296023426,0.65625,133
2024-09-30_14-47-54_0001126,auto_accept,0,14,0.009713512920570624,0.35289290497454423,0.8410714285714286,278
2024-09-30_14-48-40_0001128,auto_accept,0,1,0.16569739344829135,0.475751524706219,0.4263157894736842,44
2024-09-30_14-48-42_0001129,auto_accept,0,4,0.0026405503646719274,0.2623084166479806,0.7731481481481481,220
2024-09-30_14-50-29_0001132,auto_accept,0,4,0.0034843680031245577,0.26461492344588033,0.8634615384615385,445
2024-09-30_14-54-59_0001136,auto_accept,0,15,0.0021489619355367353,0.276407673438195,0.8326086956521739,377
2024-09-30_14-55-41_0001140,auto_accept,0,13,0.0008222168266802729,0.3150386066812185,0.9722222222222222,230
2024-09-30_14-56-08_0001142,auto_accept,0,6,0.0023235944500985106,0.22572948624256065,0.871875,552
2024-09-30_14-56-18_0001143,auto_accept,0,8,0.0040852334516119585,0.25274870566509167,0.8402154398563735,290
2024-09-30_15-09-05_0001144,auto_accept,0,4,0.00623464863992793,0.37234728481900103,0.8318181818181818,322
2024-09-30_15-10-58_0001146,auto_accept,0,6,0.03328655245542164,0.3718051611275593,0.8173076923076923,178
2024-09-30_15-11-02_0001147,auto_accept,0,3,0.1666126234515181,0.5064155764721604,0.4176470588235294,25
2024-09-30_15-11-18_0001150,auto_accept,0,4,0.12548573798669768,0.4425729522285336,0.6416666666666667,18
2024-09-30_15-11-23_0001151,auto_accept,0,8,0.0004033544717324528,0.24107569234700887,0.9603960396039604,246
2024-09-30_15-11-50_0001153,auto_accept,0,4,0.0018937914099472616,0.31357341131503275,0.7976190476190477,301
2024-09-30_15-12-19_0001159,auto_accept,0,5,0.032684784382457956,0.43804401739013477,0.7257142857142858,122
2024-09-30_15-12-21_0001160,auto_accept,0,3,0.02957387622906703,0.45628312571850677,0.7804347826086957,87
2024-09-30_15-12-25_0001161,auto_accept,0,10,0.01678582354398009,0.34609298050700305,0.7307692307692307,138
2024-09-30_15-13-30_0001169,auto_accept,0,1,0.11125612559560392,0.4596746631079453,0.4357142857142857,28
2024-09-30_15-13-39_0001170,auto_accept,0,8,0.005189424266389272,0.30752968474418085,0.8375,301
2024-09-30_15-14-27_0001178,auto_accept,0,15,0.006028670411717352,0.3553553339442973,0.8290322580645161,297
2024-09-30_15-14-37_0001180,auto_accept,0,6,0.01428416855176453,0.3821085591930544,0.8526315789473684,199
2024-09-30_15-14-43_0001181,auto_accept,0,6,0.012558474102059248,0.3753224355914367,0.813953488372093,270
2024-09-30_15-15-02_0001184,auto_accept,0,5,0.020546810610998358,0.368809843022439,0.8754716981132076,186
2024-09-30_15-15-36_0001187,auto_accept,0,12,0.0003796390952746594,0.201584783484377,0.958904109589041,355
2024-09-30_15-16-05_0001189,auto_accept,0,14,0.0009454986751090638,0.2544428076978446,0.9066666666666666,384
2024-09-30_15-17-15_0001195,auto_accept,0,7,0.0023896745718212853,0.24482812317384864,0.9053254437869822,436
2024-09-30_15-19-53_0001204,auto_accept,0,10,0.0005846405321966073,0.26985133573206094,0.9044368600682594,470
2024-09-30_15-20-17_0001206,auto_accept,0,5,0.002886975545740242,0.22658151402645874,0.9142857142857143,308
2024-09-30_15-21-20_0001219,auto_accept,0,3,0.0019503510088785055,0.20028671169818527,0.8408163265306122,402
2024-09-30_15-22-14_0001228,auto_accept,0,18,0.0016964756666430672,0.273220912257936,0.9758064516129032,402
2024-09-30_15-22-55_0001233,auto_accept,0,5,0.015229247692222173,0.35921544323451193,0.9753320683111955,244
2024-09-30_15-23-23_0001235,auto_accept,0,14,0.0007868091111004004,0.27260110376003216,0.9154929577464789,413
2024-09-30_15-24-08_0001237,auto_accept,0,10,0.0015034341349152178,0.31078900454948616,0.8764705882352941,272
2024-09-30_15-26-39_0001263,auto_accept,0,8,0.001882573964343085,0.3186579008653662,0.8772504091653028,270
2024-09-30_15-26-48_0001264,auto_accept,0,11,0.004797427121171835,0.341138646553971,0.7551963048498845,221
2024-09-30_15-26-59_0001265,auto_accept,0,4,0.002110390367344381,0.2741485476034839,0.834375,271
2024-09-30_15-28-02_0001275,auto_accept,0,11,0.001046775811769367,0.24123465207395495,0.8737704918032787,320
2024-09-30_15-28-06_0001276,auto_accept,0,1,0.0013641907242224896,0.13654148238571145,0.8913043478260869,317
2024-09-30_15-29-20_0001281,auto_accept,0,22,0.0022193566638469098,0.31653259204836975,0.9327272727272727,383
2024-09-30_15-29-50_0001283,auto_accept,0,3,0.004898665555210974,0.408813216743899,0.6853932584269663,144
2024-09-30_15-30-56_0001286,auto_accept,0,5,0.0012727753570034742,0.283188026179496,0.8463414634146341,393
2024-09-30_15-30-59_0001287,auto_accept,0,6,0.001611482036672816,0.22051980834235263,0.9676113360323887,335
2024-09-30_15-31-04_0001288,auto_accept,0,2,0.07409473405101351,0.42906611383559823,0.47619047619047616,64
2024-09-30_15-31-54_0001292,auto_accept,0,4,0.0017185197907553268,0.2691887860370795,0.9841269841269841,343
2024-09-30_15-32-05_0001293,auto_accept,0,12,0.0050583100773784855,0.3104569321686987,0.9615384615384616,218
2024-09-30_15-32-11_0001295,auto_accept,0,2,0.05711666949888096,0.3975534466158472,0.9058823529411765,91
2024-09-30_15-32-55_0001298,auto_accept,0,1,0.3239443175615111,0.521847173794577,0.3333333333333333,12
2024-09-30_15-34-11_0001316,auto_accept,0,1,0.2676715920388568,0.5309435835023093,0.16666666666666666,11
2024-09-30_15-34-20_0001319,auto_accept,0,1,0.06538074325457373,0.4525109724401923,0.32727272727272727,28
2024-09-30_15-35-41_0001327,auto_accept,0,10,0.0008240334738679343,0.26092887401084813,0.9888059701492538,445
2024-09-30_15-58-55_0001330,auto_accept,0,1,0.038516363036172764,0.359110156142397,0.7230769230769231,106
2024-09-30_15-59-00_0001331,auto_accept,0,1,0.11685575186649214,0.44512352961432744,0.5181818181818182,48
2024-09-30_15-59-17_0001333,auto_accept,0,6,0.003980449522754091,0.3073872276320981,0.8414634146341463,279
2024-09-30_15-59-48_0001334,auto_accept,0,11,0.004694757441912248,0.3453147046075695,0.8409090909090909,282
2024-09-30_15-59-58_0001335,auto_accept,0,3,0.03494083454138261,0.3550350223140384,0.7796610169491526,157
2024-09-30_16-00-30_0001336,auto_accept,0,8,0.0018815793634080371,0.2724783099753718,0.8869346733668342,413
2024-09-30_16-00-53_0001339,auto_accept,0,3,0.0041777878646781265,0.34200197739644295,0.8553571428571428,294
2024-09-30_16-01-02_0001341,auto_accept,0,12,0.010362199339281824,0.35036750458161947,0.825,206
2024-09-30_16-01-08_0001342,auto_accept,0,3,0.011907796436365723,0.38355988014265413,0.7914893617021277,303
2024-09-30_16-01-10_0001343,auto_accept,0,2,0.11909002391669331,0.48087762050596405,0.6217391304347826,34
2024-09-30_16-01-11_0001344,auto_accept,0,4,0.016776162310071868,0.39351618375586506,0.8578125,272
2024-09-30_16-01-36_0001348,auto_accept,0,8,0.0005905104698535187,0.2515859275143738,0.8681541582150102,382
2024-09-30_16-02-15_0001352,auto_accept,0,10,0.0010878299760664182,0.2189643570581727,0.8604166666666667,328
2024-09-30_16-02-33_0001354,auto_accept,0,8,0.0015942045980659625,0.19083347025175343,0.7491638795986622,203
2024-09-30_16-02-54_0001357,auto_accept,0,8,0.002863964569459613,0.36250095242359653,0.8841698841698842,99
2024-09-30_16-02-56_0001358,auto_accept,0,1,0.19306185575638105,0.5303344353160369,0.21,8
2024-09-30_16-03-51_0001361,auto_accept,0,10,0.001600331805145322,0.28546540358568906,0.9352941176470588,408
2024-09-30_16-03-58_0001363,auto_accept,0,7,0.003165583604206915,0.25878968780177697,0.956989247311828,198
2024-09-30_16-05-18_0001369,auto_accept,0,7,0.002170398592061626,0.22471308472640997,0.9894459102902374,312
2024-09-30_16-05-22_0001370,auto_accept,0,4,0.003292175222739689,0.24366311921268352,0.8625,240
2024-09-30_16-05-46_0001372,auto_accept,0,2,0.0017430625091748775,0.3359074867831645,0.7940503432494279,116
2024-09-30_16-05-54_0001373,auto_accept,0,3,0.017553163017388337,0.34811002380468486,0.8823529411764706,128
2024-09-30_16-06-09_0001374,auto_accept,0,10,0.0010566729985327272,0.2648722659912418,0.966824644549763,299
2024-09-30_16-07-17_0001379,auto_accept,0,1,0.008796508599359466,0.28654312402549037,0.7861702127659574,228
2024-09-30_16-07-28_0001380,auto_accept,0,5,0.01564879078475116,0.37854488079332416,0.8456140350877193,456
2024-09-30_16-07-31_0001381,auto_accept,0,6,0.03406019714341142,0.3366802278549854,0.6695652173913044,108
2024-09-30_16-07-47_0001382,auto_accept,0,3,0.010290756445761693,0.41632320269224143,0.7754716981132076,173
2024-09-30_16-08-00_0001384,auto_accept,0,2,0.037122039936729016,0.40756273110576957,0.8625806451612903,128
2024-09-30_16-08-02_0001385,auto_accept,0,13,0.005638508408304198,0.3119622144151891,0.8980322003577818,311
2024-09-30_16-11-50_0001404,auto_accept,0,15,0.0036437819577038273,0.3335199444097245,0.9748427672955975,450
2024-09-30_16-12-13_0001407,auto_accept,0,7,0.006267383516484465,0.34185196644700705,0.9240506329113924,180
2024-09-30_16-12-18_0001408,auto_accept,0,6,0.030869833491890104,0.4317838840258294,0.66,79
2024-09-30_16-12-21_0001409,auto_accept,0,4,0.008727534429071595,0.3692852997429036,0.864516129032258,296
2024-09-30_16-12-23_0001410,auto_accept,0,8,0.0032253632826117146,0.28843185160049767,0.9808510638297873,257
2024-09-30_16-12-52_0001414,auto_accept,0,12,0.002491043605276707,0.31972192931048266,0.951473136915078,259
2024-09-30_16-13-20_0001418,auto_accept,0,11,0.006640713975450981,0.3345389634769414,0.9808917197452229,273
2024-09-30_16-14-18_0001423,auto_accept,0,2,0.007711582830139593,0.33520042451186516,0.8253968253968254,146
2024-09-30_16-16-03_0001431,auto_accept,0,7,0.004473512719350682,0.31329658530957954,0.9126637554585153,321
2024-09-30_16-16-38_0001436,auto_accept,0,3,0.0053516478827490875,0.3623518531907359,0.9809322033898306,249
2024-09-30_16-16-42_0001437,auto_accept,0,3,0.028684838645517005,0.38628390183496747,0.8678571428571429,57
2024-09-30_16-18-10_0001442,auto_accept,0,4,0.02786395564636462,0.324967547552388,0.9050279329608939,103
2024-09-30_16-23-26_0001447,auto_accept,0,3,0.004357724488199784,0.3112152405002788,0.8537037037037037,356
2024-09-30_16-24-53_0001460,auto_accept,0,12,0.004400992449860151,0.31380103620147487,0.9866666666666667,333
2024-09-30_16-27-46_0001484,auto_accept,0,4,0.0012882418631107641,0.2291582719436181,0.8848080133555927,355
2024-09-30_16-27-50_0001485,auto_accept,0,5,0.0041266339700747655,0.368145106628406,0.8537117903930131,354
2024-09-30_16-39-56_0001487,auto_accept,0,11,0.01309971905721075,0.4081085391011767,0.7980769230769231,179
2024-09-30_16-40-13_0001488,auto_accept,0,7,0.03110785012929461,0.3460923265860495,0.8790849673202614,191
2024-09-30_16-41-40_0001498,auto_accept,0,8,0.015321842423675259,0.3428757798227943,0.8585365853658536,286
2024-09-30_16-41-57_0001500,auto_accept,0,19,0.02596223872891144,0.4294076770954673,0.8,186
2024-09-30_16-42-13_0001501,auto_accept,0,9,0.001480400960964766,0.2912756156848857,0.9115384615384615,505
2024-09-30_16-42-24_0001505,auto_accept,0,1,0.0030911846791536737,0.10313847231166544,0.9190751445086706,331
2024-09-30_16-42-52_0001506,auto_accept,0,10,0.005376758096269449,0.3287142682027751,0.8765625,548
2024-09-30_16-43-41_0001513,auto_accept,0,1,0.02871950586637645,0.39377232379272736,0.475,47
2024-09-30_16-44-03_0001519,auto_accept,0,1,0.2470574328883371,0.5399540596013604,0.20869565217391303,8
2024-09-30_16-44-24_0001524,auto_accept,0,5,0.025995582132317833,0.4390671141261788,0.7,110
2024-09-30_16-44-27_0001525,auto_accept,0,3,0.027513397264854852,0.42531175140310973,0.7839285714285714,158
2024-09-30_16-44-36_0001527,auto_accept,0,18,0.008077671395609594,0.39036266622448584,0.8575,150
2024-09-30_16-49-09_0001529,auto_accept,0,4,0.018492472787016496,0.3862006187596708,0.8296296296296296,209
2024-09-30_16-49-14_0001530,auto_accept,0,3,0.022052319011824827,0.3672411371765069,0.821917808219178,137
2024-09-30_16-51-16_0001538,auto_accept,0,9,0.013206613849576202,0.34903484628462245,0.8036363636363636,178
2024-09-30_16-51-24_0001539,auto_accept,0,6,0.014013426862204002,0.42514807788441766,0.8553846153846154,278
2024-09-30_16-51-54_0001544,auto_accept,0,17,0.0013278238437598624,0.2861123714100921,0.9400479616306955,394
2024-09-30_16-52-01_0001545,auto_accept,0,4,0.0023948765307802784,0.31399642303160674,0.9050505050505051,416
2024-09-30_16-52-11_0001546,auto_accept,0,9,0.0027683828534456664,0.32165853441885905,0.951048951048951,328
2024-09-30_16-53-10_0001553,auto_accept,0,14,0.0020719156133149623,0.29467465966583706,0.9514925373134329,261
2024-09-30_16-53-44_0001556,auto_accept,0,10,0.002050416409577668,0.29725741928832283,0.9714285714285714,311
2024-09-30_16-56-29_0001572,auto_accept,0,7,0.017083632753845012,0.361509834991737,0.8148936170212766,206
2024-09-30_16-56-33_0001573,auto_accept,0,4,0.015477986304224771,0.39013628911857257,0.7859649122807018,130
2024-09-30_16-56-40_0001574,auto_accept,0,4,0.023729523348749827,0.3858754064886827,0.7782608695652173,174
2024-09-30_16-56-48_0001576,auto_accept,0,13,0.0009705341775766414,0.27055967614433457,0.9202453987730062,396
2024-09-30_16-57-05_0001578,auto_accept,0,13,0.0038270263639234242,0.34703230592930834,0.8536585365853658,332
2024-09-30_16-57-32_0001585,auto_accept,0,6,0.028055315261608517,0.34071365932763853,0.7,153
2024-09-30_16-57-35_0001586,auto_accept,0,4,0.019682663106892588,0.43080154800334136,0.6338028169014085,132
2024-09-30_16-57-43_0001589,auto_accept,0,11,0.02616284976671287,0.39732727826777353,0.7035714285714286,90
2024-09-30_16-58-29_0001595,auto_accept,0,4,0.015159029989697512,0.4327154570749566,0.9095652173913044,293
2024-09-30_16-58-33_0001596,auto_accept,0,3,0.012547832241912893,0.33960166862331037,0.8806451612903226,365
2024-09-30_16-58-37_0001597,auto_accept,0,3,0.01813701496686177,0.37954491594361234,0.8245901639344262,155
2024-09-30_16-58-45_0001598,auto_accept,0,11,0.010891454528335419,0.3225055242000209,0.8568627450980392,394
2024-09-30_16-58-50_0001599,auto_accept,0,14,0.018437579244608548,0.34859369633024356,0.8326530612244898,215
2024-09-30_16-59-04_0001600,auto_accept,0,2,0.01629670071130205,0.37331240737205446,0.708,156
2024-09-30_16-59-38_0001603,auto_accept,0,8,0.001849076229616302,0.3082934498132388,0.8961538461538462,283
2024-09-30_17-01-44_0001606,auto_accept,0,9,0.0185504899966773,0.37518765645434204,0.8491228070175438,199
2024-09-30_17-01-47_0001607,auto_accept,0,1,0.025591534861639283,0.35570691517289155,0.777,135
2024-09-30_17-02-20_0001612,auto_accept,0,2,0.06443859509356435,0.44432181375484103,0.8261363636363637,199
2024-09-30_17-02-21_0001613,auto_accept,0,2,0.021138364165266172,0.3817509637434223,0.8457627118644068,243
2024-09-30_17-02-31_0001615,auto_accept,0,11,0.0011456305431817386,0.23617226238910022,0.8802816901408451,423
2024-09-30_17-02-37_0001616,auto_accept,0,8,0.0014207610672103707,0.2275023558360787,0.9195509822263798,824
2024-09-30_17-02-41_0001617,auto_accept,0,4,0.0014183144691038358,0.23710063537731468,0.9431372549019608,420
2024-09-30_17-02-52_0001618,auto_accept,0,3,0.018168116793773212,0.4563154543699377,0.7576923076923077,182
2024-09-30_17-02-54_0001619,auto_accept,0,3,0.10147089978658161,0.5298724217109005,0.43333333333333335,24
2024-09-30_17-03-06_0001621,auto_accept,0,1,0.2850613289385483,0.5269571666746314,0.2866666666666667,9
2024-09-30_17-03-27_0001624,auto_accept,0,3,0.02624606368537119,0.36205217756724944,0.821875,161
2024-09-30_17-03-32_0001625,auto_accept,0,3,0.00819963088432009,0.4004549321217381,0.7742857142857142,177
2024-09-30_17-04-07_0001630,auto_accept,0,18,0.009201588334408128,0.3219336636233663,0.8629629629629629,438
2024-09-30_17-04-13_0001631,auto_accept,0,10,0.015317277935476823,0.2910628421451145,0.827027027027027,291
2024-09-30_17-04-34_0001634,auto_accept,0,4,0.13558177285699258,0.47500009544173283,0.6555555555555556,35
2024-09-30_17-06-19_0001647,auto_accept,0,9,0.01068324357760054,0.3626128018246039,0.8156862745098039,203
2024-09-30_17-06-28_0001648,auto_accept,0,2,0.027160905728076452,0.35925332933678067,0.8040816326530612,136
2024-09-30_17-07-04_0001656,auto_accept,0,14,0.0015693743450172694,0.3289338566505856,0.8559556786703602,247
2024-09-30_17-08-17_0001662,auto_accept,0,8,0.0014422555934052125,0.23549037717049115,0.9448818897637795,840
2024-09-30_17-08-34_0001664,auto_accept,0,6,0.004181292021066756,0.2811015124304629,0.75,225
2024-09-30_17-09-13_0001671,auto_accept,0,5,0.0036010511928524984,0.344641902345579,0.925343811394892,210
2024-09-30_17-09-20_0001672,auto_accept,0,7,0.000955350020159585,0.18410724416735186,0.9829787234042553,451
2024-09-30_17-09-59_0001674,auto_accept,0,14,0.001886344516799988,0.3544025696644742,0.9834558823529411,317
2024-09-30_17-10-12_0001677,auto_accept,0,6,0.020581782737583387,0.35250970961458084,0.8767334360554699,254
2024-09-30_17-10-25_0001679,auto_accept,0,5,0.048586962672175556,0.40365655990977684,0.6576923076923077,86
2024-09-30_17-10-29_0001680,auto_accept,0,6,0.02375432390509123,0.36332269343644946,0.8428571428571429,258
2024-09-30_17-10-31_0001681,auto_accept,0,3,0.10635897386548325,0.47383448768495406,0.6428571428571429,60
2024-09-30_17-10-33_0001682,auto_accept,0,10,0.011919899015220071,0.3778756891517711,0.8559870550161812,201
2024-09-30_17-10-43_0001684,auto_accept,0,10,0.0034095780976862713,0.2947751212382897,0.8764705882352941,359
2024-09-30_17-11-18_0001693,auto_accept,0,1,0.045802723031542536,0.3108381864521465,0.8463636363636363,167
2024-09-30_17-11-23_0001694,auto_accept,0,2,0.01323113299812242,0.3878673694233906,0.8160919540229885,219
2024-09-30_17-11-28_0001695,auto_accept,0,1,0.020433101244813987,0.18758814982415706,0.9074468085106383,298
2024-09-30_17-11-36_0001697,auto_accept,0,5,0.016568702861455967,0.2968556665730336,0.8637362637362638,315
2024-09-30_17-11-46_0001698,auto_accept,0,9,0.0007593906468258158,0.27645323953380074,0.8998589562764457,516
2024-09-30_17-11-53_0001699,auto_accept,0,4,0.0065273933350732775,0.30316984402286884,0.7735042735042735,171
2024-09-30_17-13-27_0001709,auto_accept,0,4,0.04406592393063921,0.3597295752135461,0.7238095238095238,142
2024-09-30_17-13-49_0001713,auto_accept,0,4,0.014438712629195695,0.38085940320023226,0.7321428571428571,260
2024-09-30_17-13-53_0001714,auto_accept,0,3,0.005608076899397317,0.23448760697992896,0.9276190476190476,792
2024-09-30_17-14-03_0001715,auto_accept,0,5,0.06325944281220212,0.4083654194355937,0.688,83
2024-09-30_17-14-22_0001717,auto_accept,0,4,0.003906525155696962,0.21359647127051065,0.8558823529411764,258
2024-09-30_17-14-31_0001719,auto_accept,0,15,0.01162986611759428,0.3614314389319502,0.7828571428571428,175
2024-09-30_17-14-40_0001722,auto_accept,0,10,0.00021018393746969935,0.22481847329834662,0.9884169884169884,317
2024-09-30_17-14-52_0001723,auto_accept,0,2,0.004292954619414362,0.20788277032834368,0.8105263157894737,159
2024-09-30_17-14-57_0001724,auto_accept,0,4,0.004570435271261981,0.310843426142636,0.979381443298969,101
2024-09-30_17-14-59_0001725,auto_accept,0,2,0.01976073901189869,0.31529327740859453,0.7806451612903226,69
2024-09-30_17-15-08_0001726,auto_accept,0,22,0.005575153292808058,0.31546781746731634,0.9113636363636364,343
2024-09-30_17-15-22_0001728,auto_accept,0,1,0.05969348352585274,0.4121430418885767,0.6566666666666666,47
2024-09-30_17-15-30_0001729,auto_accept,0,1,0.13472363894647182,0.4680296255701926,0.47954545454545455,35
2024-09-30_17-15-32_0001730,auto_accept,0,4,0.04076921830123574,0.37184747918683936,0.6928571428571428,83
2024-09-30_17-15-49_0001733,auto_accept,0,2,0.025952921626009755,0.41280987952372217,0.7945054945054945,130
2024-09-30_17-15-57_0001734,auto_accept,0,20,0.005200489097832641,0.36260547690866807,0.8525345622119815,351
2024-09-30_17-16-30_0001735,auto_accept,0,1,0.02518317934685464,0.32075117395618485,0.8046296296296296,70
2024-09-30_17-16-32_0001736,auto_accept,0,1,0.3964936024710072,0.5610574282906178,0.06666666666666667,3
2024-09-30_17-16-40_0001738,auto_accept,0,6,0.001115486114051329,0.26501135518171476,0.947935368043088,393
2024-09-30_17-17-08_0001741,auto_accept,0,13,0.002540415787131676,0.31287642926256276,0.9018018018018018,332
2024-09-30_17-17-28_0001742,auto_accept,0,15,0.0010026913623795903,0.3198300797906911,0.9751166407465007,406
2024-09-30_17-17-35_0001743,auto_accept,0,4,0.010606185833971958,0.3168382038654874,0.6666666666666666,126
2024-09-30_17-18-17_0001746,auto_accept,0,2,0.010132527115886676,0.35770649212961236,0.8291666666666667,176
2024-09-30_17-18-31_0001749,auto_accept,0,3,0.009987207940745832,0.432856894661709,0.8285714285714286,135
2024-09-30_17-19-14_0001754,auto_accept,0,1,0.003825709926950128,0.19500305063348092,0.9175824175824175,139
2024-09-30_17-19-40_0001758,auto_accept,0,1,0.006889461927983791,0.18443570564741915,0.9032679738562092,246
2024-09-30_17-20-40_0001766,auto_accept,0,2,0.17371425582931313,0.4956796071794563,0.53125,28
2024-09-30_17-20-52_0001767,auto_accept,0,5,0.018927346471871307,0.4073673286365846,0.7948717948717948,191
2024-09-30_17-21-01_0001768,auto_accept,0,3,0.04815448482558654,0.4150951510005875,0.6795454545454546,70
2024-09-30_17-21-16_0001770,auto_accept,0,5,0.03596965989722185,0.39500172227143515,0.7086956521739131,170
2024-09-30_17-21-21_0001772,auto_accept,0,1,0.026571308296255595,0.3086144236337414,0.7137931034482758,106
2024-09-30_17-21-44_0001774,auto_accept,0,9,0.0028176502414622383,0.3274827649624198,0.8785714285714286,330
2024-09-30_17-21-54_0001776,auto_accept,0,3,0.03745919550658058,0.3122894239160234,0.9826989619377162,131
2024-09-30_17-22-43_0001783,auto_accept,0,2,0.0075584192496622495,0.3027001302186412,0.9055555555555556,109
2024-09-30_17-23-09_0001786,auto_accept,0,19,0.00233631311656307,0.2745816419085524,0.971830985915493,469
2024-09-30_17-23-28_0001787,auto_accept,0,7,0.0052891188453212615,0.31941784224058756,0.9085144927536232,366
2024-09-30_17-23-57_0001790,auto_accept,0,8,0.012548770647829338,0.37193373785934397,0.8641791044776119,196
2024-09-30_17-24-03_0001791,auto_accept,0,2,0.013606423473320726,0.37472863119740907,0.9053763440860215,203
2024-09-30_17-24-04_0001792,auto_accept,0,15,0.005088662898113686,0.3042072098008776,0.8575757575757575,246
2024-09-30_17-24-33_0001796,auto_accept,0,15,0.018443557483439618,0.3547484519909526,0.8882466281310212,311
2024-09-30_17-24-52_0001799,auto_accept,0,6,0.003917311110748023,0.24387794978276003,0.9,476
2024-09-30_17-24-57_0001800,auto_accept,0,5,0.003983526229469209,0.26685157542815424,0.7823529411764706,265
2024-09-30_17-28-20_0001804,auto_accept,0,3,0.002677820140852592,0.25819928666463093,0.8770491803278688,473
2024-09-30_17-28-43_0001805,auto_accept,0,5,0.015234985514632692,0.34235280723199657,0.8363636363636363,330
2024-09-30_17-28-46_0001806,auto_accept,0,3,0.06087203002348118,0.4159873629327402,0.6,92
2024-09-30_17-29-01_0001807,auto_accept,0,5,0.0021486752727197305,0.24380699795410346,0.8701754385964913,487
2024-09-30_17-29-22_0001809,auto_accept,0,5,0.0279565222087239,0.39904674919293753,0.7839285714285714,229
2024-09-30_17-29-29_0001810,auto_accept,0,2,0.02941040693982328,0.3759661871242064,0.8294117647058824,156
2024-09-30_17-29-32_0001811,auto_accept,0,1,0.041060608297705435,0.3591724383913681,0.6732142857142858,46
2024-09-30_17-29-39_0001813,auto_accept,0,4,0.1185392389708814,0.48659497750770525,0.5529411764705883,49
2024-09-30_17-29-47_0001816,auto_accept,0,7,0.03963076061490785,0.3848427966558829,0.6814814814814815,136
2024-09-30_17-30-02_0001820,auto_accept,0,4,0.0062715925176025245,0.36923461444653294,0.8308943089430895,127
2024-09-30_17-30-24_0001823,auto_accept,0,4,0.014341017460601117,0.3913776694302541,0.8497109826589595,202
2024-09-30_17-30-27_0001824,auto_accept,0,3,0.04061485849972999,0.4219295818483126,0.8457627118644068,146
2024-09-30_17-31-03_0001831,auto_accept,0,6,0.003870614829242155,0.3608179144348851,0.833063209076175,180
2024-09-30_17-31-09_0001832,auto_accept,0,13,0.008064830281377599,0.33065239351998466,0.835,314
2024-09-30_17-31-57_0001840,auto_accept,0,7,0.009057703419802802,0.4132376834054465,0.7390243902439024,265
2024-09-30_17-32-02_0001841,auto_accept,0,7,0.018591974029620515,0.29726374742390227,0.7214285714285714,184
2024-09-30_17-32-17_0001844,auto_accept,0,10,0.016731440573265925,0.46774035870668274,0.7914285714285715,225
2024-09-30_17-32-36_0001848,auto_accept,0,4,0.005201895605107453,0.3334592666131072,0.8803278688524591,531
2024-09-30_17-32-51_0001850,auto_accept,0,9,0.009032899460374447,0.33886488186520025,0.8372549019607843,250
2024-09-30_17-33-06_0001853,auto_accept,0,4,0.00362025162750773,0.27446565500812825,0.9358288770053476,177
2024-09-30_17-33-11_0001854,auto_accept,0,1,0.0023866209560226863,0.1111193983240543,0.8977384464110127,353
2024-09-30_17-33-35_0001859,auto_accept,0,9,0.0179721027230445,0.39305073093750875,0.8181818181818182,254
2024-09-30_17-33-49_0001861,auto_accept,0,5,0.009965292626494584,0.3946484487764682,0.734375,217
2024-09-30_17-34-04_0001863,auto_accept,0,5,0.016557623927512765,0.4035070664186204,0.735,117
2024-09-30_17-34-07_0001864,auto_accept,0,1,0.032073997610477606,0.3036695028676773,0.7604026845637584,79
2024-09-30_17-34-11_0001865,auto_accept,0,12,0.00944055886836891,0.39764016684753606,0.8241935483870968,235
2024-09-30_17-34-24_0001866,auto_accept,0,17,0.009865098438269463,0.3196475632257561,0.9081967213114754,352
2024-09-30_17-34-33_0001867,auto_accept,0,2,0.051253405452042364,0.43303014165902065,0.6434782608695652,40
2024-09-30_17-34-57_0001869,auto_accept,0,12,0.0016367148998080803,0.29197768340551095,0.930952380952381,267
2024-09-30_17-35-11_0001872,auto_accept,0,1,0.17723500538862935,0.47955981043302165,0.49615384615384617,24
2024-09-30_17-35-24_0001875,auto_accept,0,7,0.007264119956443025,0.3479127850375174,0.8078125,329
2024-09-30_17-35-27_0001876,auto_accept,0,14,0.007989109433488295,0.3122637392848813,0.8539682539682539,317
2024-09-30_17-35-43_0001877,auto_accept,0,5,0.00996929348301557,0.3495350556371776,0.7931034482758621,159
2024-09-30_17-35-45_0001878,auto_accept,0,3,0.006577656481327206,0.29270833412684527,0.8714285714285714,423
2024-09-30_17-36-22_0001885,auto_accept,0,3,0.06597374968349784,0.40472373657762534,0.6423076923076924,95
2024-09-30_17-36-41_0001888,auto_accept,0,12,0.0037133811891651007,0.3319966881825662,0.8596491228070176,364
2024-09-30_17-36-51_0001889,auto_accept,0,3,0.010560140854370957,0.3810911576694975,0.8113207547169812,237
2024-09-30_17-36-54_0001890,auto_accept,0,10,0.005921801503893026,0.28755516604368336,0.8595744680851064,316
2024-09-30_17-37-05_0001891,auto_accept,0,3,0.007389088100454512,0.3961070693252222,0.7892307692307692,111
2024-09-30_17-37-22_0001892,auto_accept,0,10,0.008081121477265045,0.3593263060510167,0.8694214876033057,188
2024-09-30_17-37-27_0001893,auto_accept,0,2,0.02124854855309843,0.4123509004308125,0.76875,143
2024-09-30_17-37-39_0001894,auto_accept,0,3,0.0317766153097405,0.28719463444563614,0.764102564102564,266
2024-09-30_17-37-47_0001895,auto_accept,0,3,0.0029536353221967632,0.23110119777078617,0.8984375,426
2024-09-30_17-38-29_0001897,auto_accept,0,7,0.16548981264274762,0.4962596218701764,0.49411764705882355,26
2024-09-30_17-38-32_0001898,auto_accept,0,2,0.08813645603522396,0.44541901935940886,0.5857142857142857,74
2024-09-30_17-38-38_0001900,auto_accept,0,6,0.02719306610578716,0.34193572305545894,0.8525423728813559,143
2024-09-30_17-38-49_0001901,auto_accept,0,2,0.026314826019414043,0.3942675324878913,0.8195652173913044,191
2024-09-30_17-39-12_0001903,auto_accept,0,9,0.0008273951245936603,0.2881453282617166,0.8411764705882353,422
2024-09-30_17-41-04_0001918,auto_accept,0,1,0.1496198038706725,0.48613776442440665,0.2818181818181818,28
2024-09-30_17-41-54_0001923,auto_accept,0,4,0.0022212477722139898,0.3009821680764387,0.8674496644295302,381
2024-09-30_17-41-56_0001924,auto_accept,0,12,0.004947053485638065,0.4131760634607629,0.9315068493150684,213
2024-09-30_17-42-21_0001926,auto_accept,0,8,0.010283797461477848,0.3039223482498356,0.8727272727272727,103
2024-09-30_17-43-05_0001934,auto_accept,0,5,0.005183063943852885,0.337671455401107,0.8170731707317073,323
2024-09-30_17-43-23_0001938,auto_accept,0,3,0.006311524471206744,0.33733831228680927,0.7142857142857143,164
2024-09-30_17-44-06_0001947,auto_accept,0,14,0.0006396478444870928,0.2449538544764229,0.952755905511811,296
2024-09-30_17-44-30_0001948,auto_accept,0,3,0.019673495178860117,0.43990280360864586,0.8310344827586207,207
2024-09-30_17-44-35_0001949,auto_accept,0,2,0.054136394959506756,0.44470596043952415,0.6192660550458715,52
2024-09-30_17-44-49_0001950,auto_accept,0,4,0.001952220765859335,0.3100694575695414,0.8480769230769231,374
2024-09-30_17-44-56_0001952,auto_accept,0,3,0.003256219431536689,0.26960369221007996,0.8688271604938271,307
2024-09-30_17-45-16_0001955,auto_accept,0,8,0.006747025855877802,0.3239964879093447,0.8719611021069692,284
2024-09-30_17-45-23_0001956,auto_accept,0,3,0.009096277845373969,0.31270931133888047,0.8313253012048193,290
2024-09-30_17-45-41_0001958,auto_accept,0,3,0.018362863344774823,0.39392790427644003,0.8020833333333334,188
2024-09-30_17-45-46_0001959,auto_accept,0,6,0.010869400395764204,0.34112019253211573,0.8542372881355932,262
2024-09-30_17-45-49_0001960,1960_problem,1,1,0.24680572435075862,0.5176572998308282,0.3617021276595745,11
2024-09-30_17-47-11_0001966,auto_accept,0,2,0.1087425588158045,0.4820227593298141,0.5615384615384615,44
2024-09-30_17-47-57_0001973,auto_accept,0,12,0.004839364060183652,0.2850363964541827,0.908,262
2024-09-30_17-48-13_0001977,auto_accept,0,1,0.03404433989619755,0.3522681742492505,0.646875,110
2024-09-30_17-50-09_0001981,auto_accept,0,7,0.01658842764161533,0.40640477637579026,0.825,226
2024-09-30_17-50-13_0001982,auto_accept,0,1,0.026099793104230926,0.28015269402603,0.8375,117
2024-09-30_17-50-15_0001983,auto_accept,0,1,0.1312393992008649,0.49116127706485885,0.4046511627906977,33
2024-09-30_17-50-16_0001984,auto_accept,0,2,0.03229076055571471,0.4624556425477331,0.6877551020408164,112
2024-09-30_17-51-27_0001991,auto_accept,0,7,0.0013704718117915503,0.26410176941718627,0.8745819397993311,285
2024-09-30_17-51-33_0001992,auto_accept,0,17,0.0074760974459869714,0.3249494868480693,0.9748743718592965,181
2024-09-30_17-52-05_0001996,auto_accept,0,18,0.00612452775727497,0.37215546845592234,0.8647686832740213,296
2024-09-30_17-52-25_0001997,auto_accept,0,1,0.006368213224214861,0.24278206495333518,0.8851727982162765,181
2024-09-30_17-52-35_0001999,auto_accept,0,2,0.00785283369576891,0.29092656065819633,0.8423529411764706,210
2024-09-30_17-52-47_0002003,auto_accept,0,2,0.0037368523718177486,0.28570665484713925,0.9535864978902954,390
2024-09-30_17-53-07_0002004,auto_accept,0,11,0.010638902871382227,0.3284539111108624,0.8413793103448276,337
2024-09-30_17-53-25_0002006,auto_accept,0,4,0.007005937720666709,0.36934230950156727,0.8106382978723404,329
2024-09-30_17-53-58_0002010,auto_accept,0,7,0.008546363786978673,0.3640383807708902,0.827054794520548,291
2024-09-30_17-54-04_0002011,auto_accept,0,5,0.013446738234428275,0.36188801765560713,0.7586206896551724,213
2024-09-30_17-54-17_0002012,auto_accept,0,2,0.02090831674739442,0.38854096661521087,0.6341463414634146,183
2024-09-30_17-54-21_0002013,auto_accept,0,3,0.011703385805965567,0.27919621900261193,0.8026315789473685,153
2024-09-30_17-54-41_0002016,auto_accept,0,7,0.005187743673032542,0.3395308444962584,0.8674418604651163,258
2024-09-30_17-55-15_0002020,auto_accept,0,3,0.019941297157022628,0.3946825204341112,0.8553191489361702,139
2024-09-30_17-55-19_0002021,auto_accept,0,4,0.015209400806170009,0.477482661085905,0.7914285714285715,189
2024-09-30_17-56-03_0002027,auto_accept,0,1,0.056562124601687115,0.36254290281100604,0.8035294117647059,136
2024-09-30_17-56-05_0002028,auto_accept,0,5,0.05019959948233305,0.42579053605174205,0.7052631578947368,126
2024-09-30_17-56-27_0002032,auto_accept,0,4,0.016532978593019877,0.3438705964536478,0.7645161290322581,128
2024-09-30_17-56-35_0002034,auto_accept,0,3,0.026279583350705658,0.37401272266643154,0.6296296296296297,122
2024-09-30_17-56-42_0002035,auto_accept,0,2,0.023344504957847945,0.3989760087275472,0.8631578947368421,151
2024-09-30_17-57-09_0002038,auto_accept,0,1,0.16346923566275914,0.521445655464366,0.2571428571428571,26
2024-09-30_17-58-01_0002045,auto_accept,0,6,0.017578604370689414,0.37090736428274096,0.7666666666666667,230
2024-09-30_17-58-06_0002046,auto_accept,0,2,0.11508827887353408,0.5108991155594014,0.44666666666666666,39
2024-09-30_17-58-19_0002047,auto_accept,0,7,0.008388450325857241,0.31063344473130095,0.83125,289
2024-09-30_17-59-52_0002054,auto_accept,0,3,0.009373931084159352,0.3416277566926032,0.8186046511627907,312
2024-09-30_18-00-19_0002059,auto_accept,0,4,0.028238407694412618,0.40016038874053195,0.8551020408163266,211
2024-09-30_18-00-21_0002060,auto_accept,0,2,0.114569442246659,0.4705796137786195,0.5789473684210527,48
2024-09-30_18-00-34_0002063,auto_accept,0,2,0.015775562217674705,0.27563210789885595,0.8377777777777777,156
2024-09-30_18-00-41_0002064,auto_accept,0,4,0.03513988458984553,0.3761778174979785,0.6775,148
2024-09-30_18-00-51_0002066,auto_accept,0,4,0.030251467651195657,0.34026676232749925,0.732,167
2024-09-30_18-00-58_0002067,auto_accept,0,7,0.02749453979045514,0.3556053879093786,0.7461538461538462,145
2024-09-30_18-01-00_0002068,auto_accept,0,4,0.06844505782428428,0.4848704440821005,0.6233333333333333,46
2024-09-30_18-01-27_0002073,auto_accept,0,1,0.15319037598639063,0.46156594835362325,0.5,66
2024-09-30_18-01-29_0002074,auto_accept,0,9,0.0697556149226066,0.5335915104358399,0.4727272727272727,26
2024-09-30_18-01-59_0002077,auto_accept,0,9,0.009800675506779403,0.3306316956334642,0.8761904761904762,254
2024-09-30_18-02-02_0002078,auto_accept,0,16,0.008793987984556634,0.45928829927507353,0.8339622641509434,359
2024-09-30_18-03-02_0002089,auto_accept,0,4,0.029954387296848923,0.3412451669090547,0.7619047619047619,122
2024-09-30_18-03-12_0002090,auto_accept,0,2,0.027190079302147032,0.4026671189097525,0.8764044943820225,110
2024-09-30_18-03-19_0002091,auto_accept,0,3,0.015266958015275759,0.428049128078017,0.7419354838709677,151
2024-09-30_18-03-22_0002092,auto_accept,0,17,0.008176020014178225,0.37541053389411716,0.8804347826086957,206
2024-09-30_18-03-43_0002094,auto_accept,0,12,0.012068599856336116,0.3733507961106067,0.8017241379310345,267
2024-09-30_18-04-27_0002103,auto_accept,0,9,0.013781766004276873,0.3756060229196902,0.82,195
2024-09-30_18-04-40_0002105,auto_accept,0,11,0.003414952846993481,0.28268344477197604,0.9819819819819819,508
2024-09-30_18-04-47_0002106,auto_accept,0,3,0.004637668205158502,0.2938548929811727,0.9466666666666667,789
2024-09-30_18-05-07_0002108,auto_accept,0,10,0.01289322831373013,0.31506534416489157,0.8345454545454546,228
2024-09-30_18-05-09_0002109,auto_accept,0,8,0.02988571592446716,0.3036036587593631,0.8563049853372434,164
2024-09-30_18-05-25_0002111,auto_accept,0,19,0.00926818213659029,0.37562291537064385,0.8498845265588915,277
2024-09-30_18-08-33_0002120,auto_accept,0,9,0.005104241885210836,0.30095017071417884,0.8390243902439024,178
2024-09-30_18-08-37_0002121,auto_accept,0,2,0.026989124295804745,0.36331918290422993,0.6775,105
2024-09-30_18-08-51_0002123,auto_accept,0,12,0.03262576192127296,0.41859902412347855,0.812962962962963,232
2024-09-30_18-09-16_0002126,auto_accept,0,2,0.011644498528567145,0.32645391499238663,0.8235294117647058,49
2024-09-30_18-10-28_0002132,auto_accept,0,13,0.014092814430259566,0.42079685997050426,0.76,140
2024-09-30_18-10-32_0002133,auto_accept,0,5,0.0340164686950977,0.4262627034561949,0.859073359073359,322
2024-09-30_18-10-36_0002134,auto_accept,0,5,0.0036535169775269967,0.3050530338815244,0.9495798319327731,122
2024-09-30_18-10-56_0002135,auto_accept,0,4,0.024571142430073835,0.3881532942227141,0.7678571428571429,130
2024-09-30_18-11-10_0002136,auto_accept,0,4,0.018027389465199925,0.37059504014894873,0.7733333333333333,233
2024-09-30_18-11-13_0002137,auto_accept,0,2,0.04005357773227674,0.38004413805149356,0.7666666666666667,130
2024-09-30_18-11-15_0002138,auto_accept,0,11,0.00808880864614103,0.38390445266621964,0.809433962264151,189
2024-09-30_18-11-42_0002140,auto_accept,0,8,0.0073300114669375225,0.3437663012887764,0.8508196721311475,213
2024-09-30_18-11-54_0002141,auto_accept,0,10,0.013124563667541424,0.3551388120780853,0.8166666666666667,323
2024-09-30_18-12-33_0002146,auto_accept,0,11,0.0026475407585278285,0.2994848395018308,0.8842857142857142,274
2024-09-30_18-12-40_0002148,auto_accept,0,15,0.0026306531356542558,0.29819390805013907,0.8947368421052632,331
2024-09-30_18-13-32_0002153,auto_accept,0,4,0.02190193466027113,0.33920109831689427,0.86,324
2024-09-30_18-14-18_0002160,auto_accept,0,16,0.01565716689296665,0.3778070502781607,0.7818181818181819,200
2024-09-30_18-14-26_0002161,auto_accept,0,3,0.04721493538257776,0.463900664587554,0.6,80
2024-09-30_18-14-41_0002164,auto_accept,0,9,0.011281553906241776,0.37940165796812386,0.8607142857142858,477
2024-09-30_18-15-05_0002167,auto_accept,0,12,0.010213985259634696,0.2970884907054185,0.8557377049180328,358
2024-09-30_18-15-10_0002168,auto_accept,0,3,0.02170511714499656,0.30248539257683166,0.7458333333333333,168
2024-09-30_18-15-14_0002170,auto_accept,0,2,0.04535693530727144,0.4410548577014598,0.66,162
2024-09-30_18-15-17_0002171,auto_accept,0,31,0.0051121645332909875,0.4162349999684586,0.834,358
2024-09-30_18-15-34_0002172,auto_accept,0,1,0.06968142249816606,0.4155147252199244,0.6078651685393258,62
2024-09-30_18-15-41_0002173,auto_accept,0,4,0.010363937754067569,0.36658530945114565,0.85,232
2024-09-30_18-16-22_0002178,auto_accept,0,3,0.026965898831491926,0.344609998292124,0.7954545454545454,194
2024-09-30_18-16-48_0002181,auto_accept,0,11,0.005087276785681075,0.3222290643296492,0.9300911854103343,326
2024-09-30_18-18-34_0002193,auto_accept,0,5,0.016300762821525,0.39878526423566696,0.8114285714285714,148
2024-09-30_18-18-37_0002194,auto_accept,0,3,0.08212816111148906,0.45806601150569565,0.625,69
2024-09-30_18-18-45_0002195,auto_accept,0,5,0.02444544926634851,0.39003590981580083,0.6787878787878788,139
2024-09-30_18-19-05_0002196,auto_accept,0,2,0.017713902913774324,0.4000345625531676,0.844,207
2024-09-30_18-19-23_0002197,auto_accept,0,2,0.026442394791586995,0.3371715741821282,0.8186274509803921,168
2024-09-30_18-20-04_0002199,auto_accept,0,12,0.004588100938985233,0.3997043839060855,0.9389830508474576,270
2024-09-30_18-20-20_0002201,auto_accept,0,18,0.014584400844913208,0.3337109404470755,0.8181818181818182,267
2024-09-30_18-20-29_0002203,auto_accept,0,2,0.12016275985072258,0.5030416423758638,0.44571428571428573,39
2024-09-30_18-21-39_0002209,auto_accept,0,13,0.02472350470887878,0.39854397803702596,0.8148936170212766,280
2024-09-30_18-22-23_0002215,auto_accept,0,11,0.0012745273061560804,0.2656782991249501,0.7976190476190477,329
2024-09-30_18-23-03_0002221,auto_accept,0,8,0.0019496256876429968,0.28126602724068883,0.8175824175824176,203
2024-09-30_18-24-17_0002229,auto_accept,0,6,0.0011817503587429241,0.29094764982809274,0.9683257918552036,322
2024-09-30_18-24-24_0002230,auto_accept,0,5,0.007821759494707314,0.3743278655833284,0.6285714285714286,109
2024-09-30_18-25-11_0002233,auto_accept,0,7,0.006804874190743726,0.3378467988298684,0.8186274509803921,137
2024-09-30_18-25-13_0002234,auto_accept,0,3,0.026779632380477484,0.32993058118841473,0.8192307692307692,196
2024-09-30_18-25-17_0002235,auto_accept,0,6,0.015549436371209376,0.4020317187793341,0.7631578947368421,204
2024-09-30_18-26-09_0002241,auto_accept,0,20,0.015920975216355798,0.42836183327387917,0.8390625,204
2024-09-30_18-26-54_0002246,auto_accept,0,7,0.023659990441321423,0.4328848553041755,0.7454545454545455,77
2024-09-30_18-27-05_0002249,auto_accept,0,11,0.015734472827887497,0.39359635968603013,0.8540145985401459,132
2024-09-30_18-27-33_0002251,auto_accept,0,6,0.027187963514048088,0.4192098558707764,0.6885714285714286,104
2024-09-30_18-27-37_0002252,auto_accept,0,3,0.042078360308468364,0.4146032182994513,0.5892857142857143,56
2024-09-30_18-28-03_0002258,auto_accept,0,3,0.05844594170451698,0.4988430709995666,0.5962962962962963,133
2024-09-30_18-28-11_0002259,auto_accept,0,4,0.1579842241569833,0.5215131703777184,0.39568345323741005,16
2024-09-30_18-28-40_0002262,auto_accept,0,4,0.01969546309028686,0.4628376540401331,0.8127659574468085,141
2024-09-30_18-28-42_0002263,auto_accept,0,3,0.02747884938481086,0.4410659738149782,0.6285714285714286,126
2024-09-30_18-28-48_0002264,auto_accept,0,6,0.004019757569579051,0.35732953699406944,0.8181818181818182,243
2024-09-30_18-29-11_0002265,auto_accept,0,4,0.015087190437847429,0.37659219406007577,0.8216666666666667,297
2024-09-30_18-29-24_0002266,auto_accept,0,6,0.018135919890767717,0.367460715706215,0.7673076923076924,225
2024-09-30_18-29-26_0002267,auto_accept,0,6,0.02833406977575372,0.4399432238089967,0.7461538461538462,141
2024-09-30_18-30-22_0002270,auto_accept,0,5,0.07472571707842202,0.3710760168604562,0.655,68
2024-09-30_18-30-54_0002275,auto_accept,0,3,0.0011712906660234028,0.2954449492643556,0.7583333333333333,183
2024-09-30_18-31-27_0002278,auto_accept,0,4,0.002389725466734415,0.2855737469241636,0.8590604026845637,197
2024-09-30_18-32-12_0002284,auto_accept,0,3,0.011621382419049756,0.3782045012969963,0.848,281
2024-09-30_18-32-13_0002285,auto_accept,0,2,0.020485992545581286,0.3777267278093871,0.7719298245614035,356
2024-09-30_18-32-45_0002287,auto_accept,0,3,0.04733174554899042,0.4454454653951105,0.6,113
2024-09-30_18-32-50_0002288,auto_accept,0,4,0.03706851046027359,0.4243278120441162,0.7257142857142858,131
2024-09-30_18-32-51_0002289,auto_accept,0,8,0.03275453465375045,0.41028117959871546,0.7672131147540984,192
2024-09-30_18-33-52_0002294,auto_accept,0,3,0.018456166486658716,0.3638792946525837,0.8272727272727273,171
2024-09-30_18-33-57_0002295,auto_accept,0,6,0.021653149534001964,0.37651127329418516,0.8127659574468085,233
2024-09-30_18-34-01_0002296,auto_accept,0,4,0.024252576746144804,0.41358139505338376,0.7515151515151515,200
2024-09-30_18-35-40_0002299,auto_accept,0,3,0.015532020958931686,0.319073026839136,0.809375,263
2024-09-30_18-35-55_0002301,auto_accept,0,3,0.003734887496953619,0.21391767269156878,0.8382978723404255,362
2024-09-30_18-36-20_0002303,auto_accept,0,6,0.019305459405715583,0.3929921319396352,0.826027397260274,257
2024-09-30_18-36-29_0002306,auto_accept,0,10,0.016269417601361497,0.40256849675777034,0.7912280701754386,207
2024-09-30_18-36-42_0002307,auto_accept,0,10,0.006275902662269007,0.331141573966803,0.8733333333333333,211
2024-09-30_18-36-46_0002308,auto_accept,0,12,0.014240987082111013,0.36824964228773455,0.8358490566037736,220
2024-09-30_18-37-05_0002309,auto_accept,0,5,0.013025587077912456,0.32706476440778504,0.7659090909090909,187
2024-09-30_18-37-11_0002310,auto_accept,0,2,0.05615708331277129,0.44288388462861306,0.6909090909090909,78
2024-09-30_18-37-17_0002311,auto_accept,0,18,0.007208115765316897,0.3692279640150906,0.9152872444011685,326
2024-09-30_18-37-23_0002312,auto_accept,0,17,0.012203942852607794,0.3822756273412313,0.8122270742358079,200
2024-09-30_18-37-36_0002313,auto_accept,0,4,0.09031738490536735,0.45910114058434887,0.5533333333333333,143
2024-09-30_18-37-51_0002316,auto_accept,0,13,0.017614908441172427,0.3711602420058426,0.7642857142857142,184
2024-09-30_18-37-56_0002317,auto_accept,0,3,0.1603867966102194,0.5288918409865508,0.4111111111111111,23
2024-09-30_18-38-15_0002318,auto_accept,0,3,0.03317471549470354,0.40403382130574844,0.6,55
2024-09-30_18-38-24_0002322,auto_accept,0,2,0.015880673677804765,0.41283789033326734,0.7123287671232876,134
2024-09-30_18-38-33_0002324,auto_accept,0,2,0.020063744062069976,0.4050535835173564,0.73125,108
2024-09-30_18-38-52_0002326,auto_accept,0,10,0.009345783268258788,0.40849885887324716,0.832,185
2024-09-30_18-40-13_0002331,auto_accept,0,7,0.03064695359345805,0.39532423311801906,0.842,183
2024-09-30_18-41-18_0002340,auto_accept,0,4,0.034632004915308615,0.38773451530690434,0.7648648648648648,143
2024-09-30_18-41-24_0002341,auto_accept,0,11,0.019910973952617147,0.3490564248852268,0.8017543859649123,197
2024-09-30_18-41-32_0002342,auto_accept,0,1,0.0595120525990722,0.3286756497139042,0.8975609756097561,100
2024-09-30_18-41-43_0002343,auto_accept,0,5,0.009177458938043866,0.3618320995023928,0.6807692307692308,125
2024-09-30_18-41-49_0002344,auto_accept,0,11,0.004766075607232761,0.3123519983329512,0.9225352112676056,362
2024-09-30_18-45-58_0002345,auto_accept,0,6,0.05168323533650524,0.4862919433235537,0.5833333333333334,46
2024-09-30_18-46-11_0002346,auto_accept,0,9,0.015505917380785921,0.3853449383744016,0.7926829268292683,172
2024-09-30_18-46-19_0002347,auto_accept,0,12,0.011463745326722981,0.3183819776216184,0.8347978910369068,326
2024-09-30_18-47-16_0002353,auto_accept,0,4,0.0401710347933929,0.43671533878647967,0.7475,110
2024-09-30_18-47-56_0002356,auto_accept,0,1,0.4358406321876955,0.55287881480352,0.12222222222222222,2
2024-09-30_18-48-20_0002358,auto_accept,0,1,0.1295305951997791,0.48605187350539714,0.4153846153846154,28
2024-09-30_18-48-44_0002360,auto_accept,0,1,0.02210729970482287,0.39173652506552736,0.5684210526315789,55
2024-09-30_18-49-23_0002366,auto_accept,0,11,0.02748533879923483,0.3678249294804026,0.795,149
2024-09-30_18-49-31_0002367,auto_accept,0,4,0.015733964711896448,0.40325451976790866,0.6514285714285715,82
2024-09-30_18-50-22_0002372,auto_accept,0,11,0.031329019783298884,0.4492187824305134,0.746875,176
2024-09-30_18-50-53_0002374,auto_accept,0,13,0.002504429712348635,0.32079122430940077,0.8574074074074074,442
2024-09-30_18-51-17_0002375,auto_accept,0,1,0.017676401910782874,0.3068768493825689,0.7686046511627908,185
2024-09-30_18-51-51_0002377,auto_accept,0,5,0.014523162144024436,0.32767900001835776,0.844776119402985,271
2024-09-30_18-51-54_0002378,auto_accept,0,3,0.040138517333208314,0.4046247506531964,0.7289473684210527,88
2024-09-30_18-55-39_0002391,auto_accept,0,13,0.0027871168706594964,0.36463752205766886,0.8369565217391305,274
2024-09-30_18-55-56_0002393,auto_accept,0,15,0.00237046104557374,0.2985729332626668,0.912472647702407,355
2024-09-30_18-56-51_0002401,auto_accept,0,15,0.004171973957952807,0.26025914897893376,0.9737991266375546,311
2024-09-30_18-57-26_0002404,auto_accept,0,3,0.20372948686329817,0.49919590617101345,0.64,43
2024-09-30_18-58-21_0002412,auto_accept,0,8,0.009623215039237748,0.30485946228472083,0.8171428571428572,272
2024-09-30_18-58-25_0002413,auto_accept,0,3,0.033559451424162785,0.39617125077030657,0.7517899761336515,126
2024-09-30_18-59-00_0002420,auto_accept,0,18,0.002815277669893228,0.3322910037745322,0.9884615384615385,429
2024-09-30_18-59-18_0002423,auto_accept,0,2,0.02121733891592834,0.3117597520592469,0.7589743589743589,180
2024-09-30_18-59-31_0002424,auto_accept,0,6,0.006435922281118135,0.3774150457387926,0.8314814814814815,223
2024-09-30_18-59-33_0002425,auto_accept,0,4,0.018527928547014932,0.2845407041254328,0.8690476190476191,286
2024-09-30_19-00-25_0002428,auto_accept,0,9,0.00335301790904524,0.3276618947588018,0.8388888888888889,259
2024-09-30_19-00-45_0002429,auto_accept,0,6,0.00266811758370934,0.2953674771874944,0.8951219512195122,416
2024-09-30_19-00-49_0002430,auto_accept,0,9,0.0017010504573015406,0.2208974338357819,0.9045454545454545,419
2024-09-30_19-00-57_0002431,1960_problem,1,1,0.21723385661299677,0.5146114961585944,0.3258426966292135,8
2024-09-30_19-01-46_0002433,auto_accept,0,4,0.038139033442236396,0.45837297411303524,0.5565217391304348,51
2024-09-30_19-01-50_0002434,auto_accept,0,3,0.054950591512783066,0.45375081742620677,0.6633333333333333,43
2024-09-30_19-01-54_0002435,auto_accept,0,11,0.020068325110706185,0.36428784309998136,0.796,157
2024-09-30_19-02-09_0002436,auto_accept,0,6,0.013082933583278479,0.40663230196219385,0.801219512195122,167
2024-09-30_19-02-11_0002437,auto_accept,0,2,0.025655985952427053,0.34781904162611565,0.8212121212121212,108
2024-09-30_19-02-15_0002438,auto_accept,0,10,0.015505330619698962,0.32324625075817925,0.7038461538461539,121
2024-09-30_19-02-44_0002441,auto_accept,0,12,0.004527382211084909,0.3438010096432063,0.9011345218800648,351
2024-09-30_19-03-01_0002442,auto_accept,0,1,0.027540792172520347,0.3117807954154855,0.737037037037037,153
2024-09-30_19-03-20_0002444,auto_accept,0,13,0.015245533475380246,0.3757039952694864,0.7904761904761904,236
2024-09-30_19-03-40_0002446,auto_accept,0,3,0.03491151576504664,0.357133525193722,0.7161290322580646,157
2024-09-30_19-04-16_0002449,auto_accept,0,7,0.025326140333911933,0.4174920260688278,0.7837837837837838,116
2024-09-30_19-04-29_0002451,auto_accept,0,8,0.08417378795567575,0.4440113867675033,0.696551724137931,44
2024-09-30_19-04-33_0002452,auto_accept,0,5,0.02199441230903338,0.35392424830833347,0.825531914893617,140
2024-09-30_19-05-07_0002455,auto_accept,0,5,0.015469851998318606,0.34477029096311157,0.7571428571428571,168
2024-09-30_19-05-14_0002456,auto_accept,0,3,0.03914175449372321,0.33270792628417534,0.75,99
2024-09-30_19-05-58_0002461,auto_accept,0,10,0.009480504647895908,0.35517289239868804,0.84,253
2024-09-30_19-06-15_0002462,auto_accept,0,1,0.026904194144565144,0.21547438655156392,0.9449275362318841,158
2024-09-30_19-06-17_0002463,auto_accept,0,4,0.002805312800881791,0.31867373107923813,0.7714285714285715,252
2024-09-30_19-07-05_0002471,auto_accept,0,5,0.002885920288106506,0.3376106653516131,0.9007391763463569,299
2024-09-30_19-07-12_0002473,auto_accept,0,13,0.005790640259022417,0.43868582357491187,0.7482758620689656,166
2024-09-30_19-13-39_0002476,auto_accept,0,6,0.022135377584254816,0.4055599416782771,0.7612903225806451,154
2024-09-30_19-13-41_0002477,auto_accept,0,2,0.03194514308291876,0.4047634487789229,0.6743589743589744,85
2024-09-30_19-13-44_0002478,auto_accept,0,3,0.032600850180176714,0.37689067951385713,0.6884615384615385,166
2024-09-30_19-13-49_0002479,auto_accept,0,5,0.021046267383204392,0.412382701070695,0.7757575757575758,197
2024-09-30_19-13-52_0002480,auto_accept,0,2,0.08683177958217517,0.4580880308700038,0.6260869565217392,47
2024-09-30_19-14-03_0002482,auto_accept,0,9,0.08450673596981974,0.5248427497455496,0.36666666666666664,37
2024-09-30_19-14-32_0002485,auto_accept,0,9,0.026731744841184943,0.38453442963488993,0.8345454545454546,197
2024-09-30_19-14-36_0002486,auto_accept,0,5,0.03550982345790214,0.3803262446468551,0.7921760391198044,146
2024-09-30_19-14-49_0002487,auto_accept,0,10,0.02933675270680446,0.427921430991326,0.6351351351351351,104
2024-09-30_19-15-01_0002488,auto_accept,0,21,0.006818660602551109,0.40693930653930366,0.8418604651162791,263
2024-09-30_19-15-28_0002490,auto_accept,0,8,0.03003011135140542,0.397759328130131,0.7333333333333333,217
2024-09-30_19-16-06_0002492,auto_accept,0,14,0.008016988198515611,0.3879907532520694,0.8033898305084746,154
2024-09-30_19-16-14_0002494,auto_accept,0,3,0.11845074087410422,0.4857335672234802,0.528,26
2024-09-30_19-17-09_0002499,auto_accept,0,3,0.027685614376810944,0.3701970383595799,0.6962962962962963,107
2024-09-30_19-17-11_0002500,auto_accept,0,1,0.06753789969968856,0.3898156501528362,0.634090909090909,44
2024-09-30_19-17-23_0002502,auto_accept,0,4,0.02146828107011841,0.43360990385195414,0.696551724137931,74
2024-09-30_19-17-54_0002505,auto_accept,0,19,0.009168848685509663,0.3953929507068212,0.8620689655172413,268
2024-09-30_19-18-00_0002506,auto_accept,0,2,0.035758680530647194,0.47191948121149396,0.6555555555555556,72
2024-09-30_19-18-02_0002507,auto_accept,0,13,0.017403634958721482,0.3860608463963835,0.8274509803921568,232
2024-09-30_19-18-44_0002513,auto_accept,0,4,0.0181388903087842,0.4233032142524929,0.8873015873015873,312
2024-09-30_19-18-54_0002516,auto_accept,0,2,0.01745262119853492,0.3893634649405169,0.7363636363636363,136
2024-09-30_19-19-16_0002519,auto_accept,0,23,0.004839414327131848,0.3559198662983523,0.8623188405797102,522
2024-09-30_19-19-42_0002520,auto_accept,0,33,0.00767237122619589,0.3715250316044587,0.8722222222222222,420
2024-09-30_19-20-03_0002522,1960_problem,1,1,0.05566507067866898,0.5012417879686951,0.24324324324324326,9
2024-09-30_19-21-48_0002527,auto_accept,0,12,0.005054193556585068,0.3628212117923299,0.8673218673218673,291
2024-09-30_19-21-56_0002528,auto_accept,0,10,0.016810329370313095,0.39869865624380635,0.8523076923076923,165
2024-09-30_19-23-02_0002534,auto_accept,0,6,0.013726807980651559,0.45164274311142566,0.953757225433526,136
2024-09-30_19-23-05_0002535,auto_accept,0,4,0.027003028641980807,0.39212279137271777,0.7206896551724138,192
2024-09-30_19-24-17_0002544,auto_accept,0,15,0.011096640013843188,0.3859924464097569,0.8132075471698114,249
2024-09-30_19-24-48_0002548,auto_accept,0,5,0.031216743489979555,0.41001577001328177,0.7266666666666667,159
2024-09-30_19-25-03_0002550,auto_accept,0,2,0.004393286668358996,0.24411955998589263,0.7418918918918919,240
2024-09-30_19-25-12_0002553,auto_accept,0,8,0.001763261304816086,0.25288280969936866,0.8910505836575876,266
2024-09-30_19-25-35_0002554,auto_accept,0,8,0.00576973830150292,0.26629528996552504,0.8347826086956521,262
2024-09-30_19-26-19_0002557,auto_accept,0,8,0.031828881171852196,0.43328540340686283,0.7333333333333333,185
2024-09-30_19-27-15_0002566,auto_accept,0,1,0.13132334216361374,0.4947834869088064,0.40625,22
2024-09-30_19-27-25_0002568,auto_accept,0,7,0.005743439195477693,0.33460231807251667,0.9137931034482759,161
2024-09-30_19-28-07_0002577,auto_accept,0,2,0.08305818661618693,0.4621739548643047,0.5714285714285714,44
2024-09-30_19-28-14_0002578,auto_accept,0,7,0.03252803164690833,0.360052581466738,0.9755434782608695,176
2024-09-30_19-28-29_0002579,auto_accept,0,11,0.006734895776251725,0.3430781812399186,0.8516129032258064,324
2024-09-30_19-28-34_0002580,auto_accept,0,2,0.019177216231570482,0.31834687557643404,0.8263157894736842,196
2024-09-30_19-28-38_0002581,auto_accept,0,4,0.015542315710528075,0.29244190224297567,0.7148148148148148,183
2024-09-30_19-28-53_0002583,auto_accept,0,16,0.006133918755361091,0.297039553136249,0.9932546374367622,481
2024-09-30_19-29-34_0002584,auto_accept,0,1,0.015521997705362474,0.31103212981500805,0.7206349206349206,167
2024-09-30_19-30-15_0002589,auto_accept,0,14,0.0022936859404929155,0.2790176247860641,0.9176470588235294,496
2024-09-30_19-30-54_0002592,auto_accept,0,9,0.001687950694801432,0.3586823318673582,0.8407407407407408,249
2024-09-30_19-31-39_0002595,auto_accept,0,2,0.007424097783093051,0.3109752017330121,0.6986644407345576,206
2024-09-30_19-31-41_0002596,auto_accept,0,4,0.016988632573375337,0.3644630624697093,0.806060606060606,285
2024-09-30_19-32-30_0002599,auto_accept,0,4,0.014611807652313293,0.38395405165331664,0.8227360308285164,136
2024-09-30_19-32-56_0002601,auto_accept,0,4,0.0023168383277825284,0.34918415569408967,0.8744038155802861,317
2024-09-30_19-33-02_0002602,auto_accept,0,12,0.0016608722575996429,0.29048550022718816,0.9003831417624522,767
2024-09-30_19-33-20_0002603,auto_accept,0,24,0.0029728709592311735,0.3463886487921333,0.8617021276595744,426
2024-09-30_19-33-56_0002608,auto_accept,0,1,0.027208811505949757,0.35633402250954116,0.7151515151515152,76
2024-09-30_19-33-58_0002609,auto_accept,0,2,0.01935005834206054,0.41139533152062924,0.744578313253012,77
2024-09-30_19-34-03_0002610,auto_accept,0,3,0.027747041053002883,0.45781477098817075,0.6935897435897436,91
2024-09-30_19-34-20_0002611,auto_accept,0,4,0.04152326702677547,0.4250892023818597,0.6333333333333333,146
2024-09-30_19-34-52_0002617,auto_accept,0,9,0.01520057264685827,0.39640848188210015,0.9307692307692308,177
2024-09-30_19-35-23_0002622,auto_accept,0,8,0.011611406698316095,0.3776890487972919,0.8648648648648649,291
2024-09-30_19-36-18_0002626,auto_accept,0,4,0.028400620746393726,0.42412106367946734,0.692,107
2024-09-30_19-36-21_0002627,auto_accept,0,1,0.08643029543059885,0.42303900040555065,0.6454545454545455,25
2024-09-30_19-36-45_0002632,auto_accept,0,4,0.0022160430742879625,0.2964487743510203,0.8344827586206897,274
2024-09-30_19-36-47_0002633,auto_accept,0,13,0.0031766376718015835,0.3193677869623146,0.9657794676806084,375
2024-09-30_19-37-04_0002635,auto_accept,0,1,0.020545601486385838,0.3704471111109561,0.7214285714285714,135
2024-09-30_19-39-20_0002642,auto_accept,0,4,0.06564713390487335,0.43382808621375935,0.6230769230769231,93
2024-09-30_19-40-32_0002650,auto_accept,0,1,0.14228962769839348,0.4711645651290049,0.39166666666666666,20
2024-09-30_19-42-11_0002659,auto_accept,0,1,0.12426719296489702,0.478354054536738,0.4375,18
2024-09-30_19-42-19_0002660,auto_accept,0,1,0.3206614101463195,0.5271134163912192,0.2818181818181818,11
2024-09-30_19-43-29_0002661,auto_accept,0,6,0.019675316357952277,0.39704980675586876,0.6935483870967742,107
2024-09-30_19-43-31_0002662,auto_accept,0,8,0.0259749003589775,0.4328886440265049,0.7205882352941176,91
2024-09-30_19-43-46_0002663,auto_accept,0,10,0.023424833567886383,0.32842571691616296,0.7111111111111111,177
2024-09-30_19-43-49_0002664,auto_accept,0,3,0.028749323122224054,0.43740045132839517,0.8483870967741935,215
2024-09-30_19-44-17_0002666,auto_accept,0,3,0.06761333417711973,0.46890520593517065,0.5578947368421052,98
2024-09-30_19-44-35_0002670,auto_accept,0,11,0.010036170596004982,0.30499941047356344,0.827027027027027,193
2024-09-30_19-45-20_0002674,auto_accept,0,2,0.015322460779715198,0.3260711175172885,0.7536585365853659,117
2024-09-30_19-45-32_0002677,auto_accept,0,10,0.000890760870359124,0.256269136070859,0.8741542625169147,314
2024-09-30_19-55-38_0002679,auto_accept,0,6,0.006638498884409563,0.274483642040588,0.9643605870020965,223
2024-09-30_19-56-22_0002680,auto_accept,0,15,0.013782141370906041,0.396402799003471,0.813780260707635,153
2024-09-30_19-56-57_0002682,auto_accept,0,15,0.0096704430807484,0.3547259219902808,0.8768115942028986,215
2024-09-30_19-58-01_0002686,auto_accept,0,9,0.029748694213749892,0.4003015097279896,0.7536585365853659,175
2024-09-30_19-58-07_0002687,auto_accept,0,4,0.018664003392697533,0.4215694666977375,0.6744186046511628,212
2024-09-30_19-58-33_0002692,auto_accept,0,2,0.04266041347813914,0.4201145752372965,0.8054187192118226,89
2024-09-30_19-58-36_0002693,auto_accept,0,6,0.0946456043900947,0.5071879890269059,0.6862068965517242,72
2024-09-30_19-59-14_0002698,auto_accept,0,6,0.007160380434596882,0.3277634667100772,0.7833333333333333,253
2024-09-30_19-59-20_0002700,auto_accept,0,3,0.04363535756372754,0.4314144105785756,0.7923076923076923,123
2024-09-30_20-01-34_0002704,auto_accept,0,16,0.006691910822860562,0.3423521104908426,0.8767857142857143,244
2024-09-30_20-02-09_0002708,auto_accept,0,12,0.011648396213375836,0.4156269710033093,0.8392156862745098,180
2024-09-30_20-02-12_0002709,auto_accept,0,5,0.04735365328323986,0.46183114974942907,0.8033333333333333,62
2024-09-30_20-05-08_0002715,auto_accept,0,4,0.011058426643626341,0.3734836468792528,0.823404255319149,158
2024-09-30_20-05-09_0002716,auto_accept,0,12,0.011733479703481597,0.3955328353408271,0.7811320754716982,201
2024-09-30_20-05-20_0002717,auto_accept,0,5,0.02017863771628931,0.37398297408285686,0.725,173
2024-09-30_20-05-23_0002718,auto_accept,0,5,0.0055007163263287905,0.35776029776484597,0.8116279069767441,228
2024-09-30_20-05-27_0002719,auto_accept,0,13,0.01751204789927418,0.3863000533852374,0.8510204081632653,381
2024-09-30_20-05-48_0002723,auto_accept,0,17,0.007195764937614354,0.35787284716218026,0.864,350
2024-09-30_20-06-05_0002724,auto_accept,0,5,0.018811693704573265,0.37446426966311397,0.8633663366336634,215
2024-09-30_20-06-30_0002728,auto_accept,0,9,0.015987123077670286,0.32940135996394443,0.7916666666666666,213
2024-09-30_20-07-02_0002730,auto_accept,0,19,0.009563776511615704,0.36210481370080866,0.8655172413793103,299
2024-09-30_20-07-17_0002731,auto_accept,0,6,0.014746501204247506,0.43976746395913335,0.675,141
2024-09-30_20-07-21_0002732,auto_accept,0,7,0.01607032553696378,0.4399077411296376,0.7875,140
2024-09-30_20-07-29_0002733,auto_accept,0,2,0.010587591546473873,0.3438767103336272,0.8853211009174312,251
2024-09-30_20-08-01_0002738,auto_accept,0,2,0.0033657294283361843,0.2799115223073211,0.924908424908425,137
2024-09-30_20-08-09_0002739,auto_accept,0,1,0.04452449385942232,0.4081031662226041,0.6,38
2024-09-30_20-09-14_0002742,auto_accept,0,3,0.008341650361937679,0.3618978682307074,0.9573863636363636,285
2024-09-30_20-09-27_0002744,auto_accept,0,4,0.01101624379566294,0.3503277012742635,0.8473684210526315,230
2024-09-30_20-09-42_0002747,auto_accept,0,17,0.003938876974568622,0.32334983125122474,0.8451612903225807,346
2024-09-30_20-10-28_0002749,auto_accept,0,16,0.005129169092561954,0.38005250347125524,0.8568965517241379,198
2024-09-30_20-10-34_0002750,auto_accept,0,3,0.08979031618783259,0.44567269176515306,0.5777777777777777,77
2024-09-30_20-10-38_0002751,auto_accept,0,9,0.019685749829740733,0.4401876630753112,0.7419354838709677,124
2024-09-30_20-10-42_0002752,auto_accept,0,3,0.11251264242235888,0.46735939764895984,0.5947368421052631,61
2024-09-30_20-11-30_0002756,auto_accept,0,4,0.0024980030863203952,0.21707769396953663,0.8969555035128806,337
2024-09-30_20-11-32_0002757,auto_accept,0,2,0.00774699507887945,0.28150163578450527,0.7358490566037735,145
2024-09-30_20-12-32_0002762,auto_accept,0,4,0.062434205124083104,0.3818900207400991,0.7,80
2024-09-30_20-12-34_0002763,auto_accept,0,2,0.3088239232933495,0.5374398167238356,0.33043478260869563,13
2024-09-30_20-12-53_0002767,auto_accept,0,12,0.009080518191180142,0.38298341532983965,0.8285714285714286,234
2024-09-30_20-13-06_0002769,auto_accept,0,5,0.030248596303143863,0.4700007841828193,0.7884615384615384,134
2024-09-30_20-13-26_0002772,auto_accept,0,4,0.034560701388130104,0.4287262187938646,0.7984126984126985,191
2024-09-30_20-13-30_0002773,auto_accept,0,1,0.17591779424603016,0.5214667278614267,0.2909090909090909,24
2024-09-30_20-14-11_0002778,auto_accept,0,4,0.020117814815155177,0.42572095965767975,0.686,105
2024-09-30_20-14-41_0002782,auto_accept,0,1,0.024849210717533276,0.2282813211381383,0.9124579124579124,253
2024-09-30_20-14-56_0002783,auto_accept,0,2,0.022324518436080635,0.395688530590485,0.848314606741573,264
2024-09-30_20-14-59_0002784,auto_accept,0,4,0.018899430536117954,0.2751250838127821,0.9178571428571428,201
2024-09-30_20-19-32_0002790,auto_accept,0,9,0.0044643113399596025,0.3694967008052166,0.8351351351351352,311
2024-09-30_20-20-10_0002794,auto_accept,0,6,0.008061796659608428,0.3554558518092698,0.8661016949152542,445
2024-09-30_20-20-27_0002795,auto_accept,0,2,0.014972291604691509,0.38975445202198483,0.8215686274509804,176
2024-09-30_20-21-24_0002803,auto_accept,0,5,0.02059986990527874,0.4226501291314526,0.7303030303030303,230
2024-09-30_20-21-27_0002804,auto_accept,0,4,0.062136194227876786,0.4377189578134989,0.664,75
2024-09-30_20-21-50_0002806,auto_accept,0,2,0.04599569975950884,0.37531951751457704,0.7976190476190477,108
2024-09-30_20-22-08_0002808,auto_accept,0,2,0.0028917163860431774,0.19324144234628038,0.8703125,414
2024-09-30_20-22-34_0002813,auto_accept,0,2,0.00258923712497409,0.2983567729407981,0.8365079365079365,420
2024-09-30_20-22-38_0002814,auto_accept,0,2,0.0229319914074237,0.3937174128777156,0.7846715328467153,115
2024-09-30_20-22-40_0002815,auto_accept,0,2,0.01711858055585367,0.3989519427661024,0.74,205
2024-09-30_20-23-01_0002816,auto_accept,0,5,0.010786007229196145,0.41818719796917725,0.6682926829268293,191
2024-09-30_20-23-26_0002817,auto_accept,0,10,0.008290399046202879,0.3551830658328369,0.8902439024390244,203
2024-09-30_20-28-10_0002828,auto_accept,0,2,0.02195970537126368,0.3029338612476669,0.9606986899563319,146
2024-09-30_20-28-14_0002829,auto_accept,0,7,0.09065094211006627,0.47076656885269613,0.4642857142857143,39
2024-09-30_20-28-36_0002831,auto_accept,0,1,0.08736553211797578,0.41338495839765027,0.6423076923076924,100
2024-09-30_20-29-18_0002833,auto_accept,0,4,0.012324520543760686,0.30970247557781105,0.9141414141414141,331
2024-09-30_20-29-45_0002838,auto_accept,0,3,0.026282846138750423,0.36245245417601546,0.6540284360189573,102
2024-09-30_20-30-07_0002842,auto_accept,0,1,0.3234179782612269,0.5253699301567593,0.30625,16
2024-09-30_20-30-38_0002847,auto_accept,0,3,0.0055054431658911555,0.3941105547868316,0.8161904761904762,224
2024-09-30_20-31-13_0002849,auto_accept,0,16,0.019137995301168203,0.4182899682700334,0.8470588235294118,328
2024-09-30_20-32-12_0002857,auto_accept,0,9,0.0028215142261765374,0.21820498856944928,0.9796954314720813,371
2024-09-30_20-32-16_0002858,auto_accept,0,6,0.005413163348831042,0.36420135235955026,0.8,256
2024-09-30_20-32-39_0002859,auto_accept,0,12,0.025748722887496297,0.36598278727098327,0.8375,212
2024-09-30_20-32-49_0002860,auto_accept,0,14,0.018856472762118923,0.42184861177181965,0.7783783783783784,231
2024-09-30_20-33-02_0002861,auto_accept,0,5,0.042757174393704446,0.4229381196254067,0.5944444444444444,65
2024-09-30_20-33-07_0002863,auto_accept,0,3,0.013905124271990693,0.4039463254465998,0.8044444444444444,178
2024-09-30_20-33-09_0002864,auto_accept,0,2,0.008609037938876036,0.2979969840461747,0.8071428571428572,244
2024-09-30_20-33-26_0002866,auto_accept,0,16,0.005171154445686146,0.31281119534778323,0.8178571428571428,236
2024-09-30_20-33-40_0002868,auto_accept,0,2,0.06502302492785116,0.45183633845605103,0.6371308016877637,52
2024-09-30_20-33-51_0002870,auto_accept,0,10,0.004926473148623421,0.289990571775285,0.8728813559322034,367
2024-09-30_20-35-28_0002874,auto_accept,0,1,0.20334457950047582,0.4759020528368205,0.5339805825242718,24
2024-09-30_20-35-29_0002875,auto_accept,0,1,0.20334341104288042,0.4763199581720179,0.5307443365695793,24
2024-09-30_20-35-43_0002879,auto_accept,0,8,0.012006923352851456,0.3787348133009748,0.8413793103448276,229
2024-09-30_20-35-48_0002880,auto_accept,0,12,0.008933968761940362,0.3719632052971568,0.8282051282051283,256
2024-09-30_20-36-06_0002881,auto_accept,0,4,0.0626626126850686,0.46713224311356066,0.593103448275862,31
2024-09-30_20-37-02_0002883,auto_accept,0,2,0.09636990904069345,0.4760951787698715,0.6655172413793103,112
2024-09-30_20-37-06_0002884,auto_accept,0,1,0.14387445864103376,0.4962917782592608,0.32857142857142857,25
2024-09-30_20-37-11_0002885,auto_accept,0,3,0.048022912326686984,0.4835600381838903,0.6754545454545454,58
2024-09-30_20-37-25_0002886,auto_accept,0,4,0.030654759489443153,0.4179039555794173,0.64375,82
2024-09-30_20-38-18_0002892,auto_accept,0,7,0.027275123019315846,0.40344388007530185,0.8044444444444444,137
2024-09-30_20-38-20_0002893,auto_accept,0,3,0.025183511152145007,0.36438420281256384,0.7305555555555555,123
2024-09-30_20-38-22_0002894,auto_accept,0,5,0.13965492552735576,0.523152522606615,0.46153846153846156,47
2024-09-30_20-38-29_0002895,auto_accept,0,7,0.0882892379140869,0.4706028001264251,0.5647058823529412,75
2024-09-30_20-38-39_0002897,auto_accept,0,8,0.005468150670721593,0.3988024707789019,0.7703296703296704,265
2024-09-30_20-38-56_0002898,auto_accept,0,7,0.0016152700251207785,0.31477431890894936,0.8805460750853242,384
2024-09-30_20-41-41_0002912,auto_accept,0,8,0.023841115870044376,0.4205016445939114,0.7487179487179487,143
2024-09-30_20-41-47_0002913,auto_accept,0,2,0.019107449514465705,0.3519294526029861,0.676,158
2024-09-30_20-43-26_0002916,auto_accept,0,9,0.010732499358744879,0.3718397676671717,0.7980392156862746,165
2024-09-30_20-44-31_0002920,auto_accept,0,4,0.001454248386133828,0.2435307376208911,0.8531598513011153,227
2024-09-30_20-44-34_0002921,auto_accept,0,8,0.10687252492836707,0.5175812074780702,0.24545454545454545,13
2024-09-30_20-44-49_0002923,auto_accept,0,2,0.07194034407890615,0.46631710030463014,0.54375,78
2024-09-30_20-47-53_0002934,auto_accept,0,4,0.007978096289614593,0.30662741540007443,0.8666666666666667,203
2024-09-30_20-48-38_0002939,auto_accept,0,4,0.0042033129213885105,0.3041515776519696,0.8278301886792453,251
2024-09-30_20-48-59_0002940,auto_accept,0,12,0.010610610156313127,0.34318510039500655,0.8534351145038168,376
2024-09-30_20-52-49_0002944,auto_accept,0,8,0.008686825435886385,0.3456854048245126,0.8333333333333334,245
2024-09-30_20-52-58_0002945,auto_accept,0,9,0.01216176960316341,0.43153908117825207,0.7885714285714286,218
2024-09-30_20-53-47_0002949,auto_accept,0,13,0.010468915408209108,0.37768824995124317,0.7310344827586207,184
2024-09-30_20-54-05_0002953,auto_accept,0,2,0.03253043556914876,0.4001007195044578,0.688,158
2024-09-30_20-54-23_0002955,auto_accept,0,5,0.01974830474134321,0.33445577570598983,0.8097560975609757,238
2024-09-30_20-55-49_0002957,auto_accept,0,7,0.020980796547199875,0.40798145432050487,0.8096774193548387,224
2024-09-30_20-56-14_0002959,auto_accept,0,11,0.0010452811014158095,0.28711166262096804,0.9112271540469974,313
2024-09-30_20-56-45_0002961,auto_accept,0,18,0.0203203340262412,0.4100872765345073,0.8320754716981132,212
2024-09-30_20-57-00_0002962,auto_accept,0,5,0.00932217636201789,0.3191396053573957,0.8624787775891342,310
2024-09-30_20-57-20_0002964,auto_accept,0,3,0.038049069368566925,0.46958307645210634,0.702,109
2024-09-30_20-57-24_0002965,auto_accept,0,10,0.004080667389720188,0.3001372327950932,0.8326530612244898,310
2024-09-30_20-57-50_0002970,auto_accept,0,3,0.007507578356236814,0.4040660010618477,0.8947368421052632,769
2024-09-30_20-58-01_0002971,auto_accept,0,5,0.04646397347117818,0.48365061969939954,0.5794117647058824,140
2024-09-30_20-58-18_0002972,auto_accept,0,4,0.016198557379757447,0.45016598892381826,0.7855072463768116,183
2024-09-30_20-58-28_0002975,auto_accept,0,2,0.0051265246760437075,0.2806461047328608,0.7462962962962963,246
2024-09-30_20-59-17_0002978,auto_accept,0,5,0.0020082035604767636,0.2998678321725602,0.8857142857142857,545
2024-09-30_20-59-36_0002981,auto_accept,0,5,0.016517677348483042,0.38782596195918806,0.6681818181818182,126
2024-09-30_20-59-55_0002986,auto_accept,0,3,0.035200790451692665,0.384130298629751,0.6130434782608696,118
2024-09-30_21-00-13_0002990,auto_accept,0,2,0.002788781764350783,0.17684806393989178,0.7916666666666666,280
2024-09-30_21-00-16_0002991,auto_accept,0,1,0.09001871972306585,0.4584446747959595,0.4142857142857143,27
2024-09-30_21-01-25_0002999,auto_accept,0,8,0.022197894062549933,0.4327943561864705,0.59,102
2024-09-30_21-01-57_0003003,auto_accept,0,1,0.0882291301777471,0.4378178755465146,0.4909090909090909,68
2024-09-30_21-02-08_0003005,auto_accept,0,11,0.005047183541698487,0.30632671827020413,0.8765957446808511,314
2024-09-30_21-02-36_0003007,auto_accept,0,4,0.02847137289577371,0.44025207755548856,0.7981132075471699,170
2024-09-30_21-02-54_0003008,auto_accept,0,2,0.011880509508067854,0.35797601412331986,0.72,98
2024-09-30_21-03-10_0003010,auto_accept,0,8,0.019812807804448534,0.4240383898879669,0.7844611528822055,190
2024-09-30_21-03-22_0003012,auto_accept,0,4,0.009592622755989268,0.40431856498690344,0.84,217
2024-09-30_21-03-37_0003014,auto_accept,0,4,0.03288929497157029,0.4232992851296239,0.764102564102564,127
2024-09-30_21-03-40_0003015,auto_accept,0,4,0.016387302685342293,0.36348631039337437,0.6678571428571428,128
2024-09-30_21-04-57_0003017,auto_accept,0,1,0.05429695461491435,0.48150503750528123,0.3090909090909091,23
2024-09-30_21-05-00_0003018,auto_accept,0,2,0.01717121007310898,0.31644921589448793,0.7343358395989975,127
2024-09-30_21-05-31_0003020,auto_accept,0,2,0.4300782500062318,0.5594555979676764,0.11666666666666667,2
2024-09-30_21-05-52_0003025,auto_accept,0,1,0.14806894066998696,0.4688222614558808,0.515,23
2024-09-30_21-06-15_0003027,auto_accept,0,4,0.0033139761485444295,0.32443511250506074,0.8787346221441125,454
2024-09-30_21-06-24_0003029,auto_accept,0,14,0.015610207894134157,0.35537158725848494,0.8107142857142857,277
2024-09-30_21-06-42_0003031,auto_accept,0,8,0.01025982938680968,0.3868902790015476,0.9042553191489362,318
2024-09-30_21-10-15_0003053,auto_accept,0,17,0.0016608044553540447,0.2698405357432178,0.9375,440
2024-09-30_21-12-10_0003059,auto_accept,0,3,0.02106378010111677,0.3573398548289671,0.9361022364217252,136
2024-09-30_21-12-14_0003060,auto_accept,0,2,0.005890478021648242,0.22418365456044917,0.8918367346938776,426
2024-09-30_21-12-31_0003061,auto_accept,0,2,0.009738453917355764,0.3275761890723577,0.868421052631579,314
2024-09-30_21-18-02_0003089,auto_accept,0,2,0.024582905305739717,0.3684032475338569,0.6479750778816199,112
2024-09-30_21-18-16_0003092,auto_accept,0,2,0.014938527475607137,0.4421144833008689,0.6393700787401575,113
2024-09-30_21-23-41_0003135,auto_accept,0,3,0.02532173016855433,0.4406399897986551,0.7910714285714285,84
2024-09-30_21-24-15_0003138,auto_accept,0,4,0.018518850246384003,0.44874659511254666,0.7392156862745098,88
2024-09-30_21-24-28_0003139,auto_accept,0,1,0.01827410640518399,0.2828682088542576,0.85625,86
2024-09-30_21-25-39_0003149,auto_accept,0,13,0.012857646804765999,0.3603122128384354,0.7925,312
2024-09-30_21-28-27_0003156,auto_accept,0,13,0.014446164064011306,0.3745127968595621,0.8253968253968254,234
2024-09-30_21-28-30_0003157,auto_accept,0,1,0.07480006128280987,0.43673314490655796,0.5688888888888889,71
2024-09-30_21-28-59_0003161,auto_accept,0,4,0.02493816302139747,0.4153558415993211,0.75,69
2024-09-30_21-29-07_0003163,auto_accept,0,4,0.12421191798887049,0.4750121513171234,0.49375,26
2024-09-30_21-29-09_0003164,auto_accept,0,6,0.02929341239630195,0.36982514068877775,0.8311475409836065,210
2024-09-30_21-30-30_0003167,auto_accept,0,10,0.012736978453507982,0.3666463704655498,0.7913043478260869,197
2024-09-30_21-31-39_0003172,auto_accept,0,4,0.018052327232336966,0.439324896798533,0.6590909090909091,108
2024-09-30_21-31-53_0003174,auto_accept,0,10,0.012929674563605446,0.3741736149381246,0.7767857142857143,259
2024-09-30_21-32-34_0003178,auto_accept,0,1,0.04415602975572399,0.4492160174448002,0.47,10
2024-09-30_21-32-51_0003179,auto_accept,0,5,0.014421706498441047,0.3516729968879148,0.7142857142857143,107
2024-09-30_21-34-32_0003190,auto_accept,0,1,0.20215144442438251,0.517761978593294,0.3333333333333333,26
2024-09-30_21-34-50_0003195,auto_accept,0,10,0.009703121486765406,0.3609241351572997,0.9153846153846154,303
2024-09-30_21-34-53_0003196,auto_accept,0,2,0.009249880891292325,0.243817862264962,0.8760416666666667,733
2024-09-30_21-36-06_0003205,auto_accept,0,3,0.004457428263579479,0.35106565473622053,0.8562091503267973,350
2024-09-30_21-36-22_0003207,auto_accept,0,2,0.040682315304781336,0.39911050885931965,0.7076923076923077,69
2024-09-30_21-36-33_0003209,auto_accept,0,2,0.061456393460948965,0.40470175160075156,0.6444444444444445,112
2024-09-30_21-36-51_0003212,auto_accept,0,1,0.15453653709621504,0.477402048720609,0.4290322580645161,29
2024-09-30_21-37-29_0003214,auto_accept,0,1,0.16405647286943328,0.3837194824741313,0.7142857142857143,16
2024-09-30_21-40-32_0003229,auto_accept,0,3,0.019805631000610627,0.42229745990451945,0.9192307692307692,159
2024-09-30_21-40-48_0003234,auto_accept,0,2,0.02300183119498231,0.3895725722545331,0.8066115702479338,134
2024-09-30_21-42-37_0003241,auto_accept,0,2,0.24220173989312968,0.5285434944333148,0.375,21
2024-09-30_21-42-41_0003242,auto_accept,0,2,0.3788166595366825,0.5454893610313927,0.26666666666666666,6
2024-09-30_21-43-42_0003253,auto_accept,0,5,0.007418567276347102,0.38752519459298884,0.9253246753246753,225
2024-09-30_21-44-54_0003256,auto_accept,0,6,0.040490824294563584,0.4186961011668248,0.7466666666666667,96
2024-09-30_21-45-16_0003258,auto_accept,0,4,0.018880453637686992,0.42825338426976156,0.6542372881355932,151
2024-09-30_21-45-42_0003259,auto_accept,0,4,0.01013911131608733,0.3586959859886112,0.8914285714285715,488
2024-09-30_21-45-52_0003260,auto_accept,0,19,0.0015535266666791593,0.290363491959656,0.968,406
2024-09-30_21-46-03_0003261,auto_accept,0,10,0.005337132058293952,0.36272118651845664,0.9558303886925795,371
2024-09-30_21-51-03_0003266,auto_accept,0,3,0.0452583913674462,0.4399830266336158,0.5439024390243903,76
2024-09-30_21-51-24_0003267,auto_accept,0,1,0.27320479159178046,0.5310385995462193,0.23,18
2024-09-30_21-52-02_0003269,auto_accept,0,1,0.1633256780139769,0.4696751187654488,0.4791666666666667,27
2024-09-30_22-00-29_0003290,auto_accept,0,5,0.04804060889712624,0.4524063507623849,0.5772727272727273,65
2024-09-30_22-03-41_0003309,auto_accept,0,1,0.11464327380479526,0.49262334928784207,0.26,19
2024-09-30_22-06-46_0003332,auto_accept,0,1,0.020090216251627907,0.4962789339945935,0.34814814814814815,32
2024-09-30_22-08-45_0003344,auto_accept,0,3,0.06737447120574501,0.4309261133744868,0.6421052631578947,49
2024-09-30_22-08-50_0003346,auto_accept,0,1,0.16114379940588494,0.4471361272433429,0.58,25
2024-09-30_22-09-18_0003347,auto_accept,0,17,0.011388671412864001,0.4059808230606782,0.765625,196
2024-09-30_22-09-27_0003348,auto_accept,0,3,0.03768101407502236,0.39929109691362424,0.6545454545454545,90
2024-09-30_22-10-58_0003354,auto_accept,0,15,0.02216287514016045,0.3929915918114839,0.8,196
2024-09-30_22-11-32_0003356,auto_accept,0,9,0.019266156904928017,0.37332518174704243,0.8,258
2024-09-30_22-11-40_0003357,auto_accept,0,3,0.11287392097557192,0.4782428142182351,0.6708333333333333,41
2024-09-30_22-12-11_0003359,auto_accept,0,12,0.019766000339254613,0.406628678487634,0.8828571428571429,220
2024-09-30_22-13-51_0003370,auto_accept,0,14,0.0005409507104418676,0.25230000522737434,0.9610136452241715,365
2024-09-30_22-14-54_0003374,auto_accept,0,4,0.04594870467206086,0.47287971705261383,0.6653846153846154,69
2024-09-30_22-15-00_0003375,auto_accept,0,5,0.008017812878296445,0.2650081774649598,0.9433962264150944,247
2024-09-30_22-15-23_0003376,auto_accept,0,2,0.013610546786139741,0.31259737252260505,0.75,197
2024-09-30_22-15-26_0003377,auto_accept,0,6,0.001776833466641048,0.2988799533247862,0.9302325581395349,351
2024-09-30_22-15-28_0003378,auto_accept,0,4,0.017847222467123083,0.4398154923569738,0.6818181818181818,142
2024-09-30_22-15-52_0003380,auto_accept,0,7,0.016292636420381677,0.4181784394983339,0.7488372093023256,197
2024-09-30_22-16-21_0003386,auto_accept,0,3,0.003015269019300419,0.32268249810795696,0.8475836431226765,138
2024-09-30_22-22-56_0003425,auto_accept,0,16,0.019032754697215153,0.43951182889041246,0.8219512195121951,215
2024-09-30_22-24-43_0003434,auto_accept,0,2,0.12291868438974637,0.501773276860759,0.5764705882352941,44
2024-09-30_22-25-24_0003441,auto_accept,0,4,0.05962217034361563,0.4276830473264255,0.7242424242424242,127
2024-09-30_22-26-19_0003450,auto_accept,0,2,0.04524342206933301,0.42381883883763793,0.71875,68
2024-09-30_22-26-39_0003452,auto_accept,0,8,0.0010651419496435373,0.19985230964514808,0.9117647058823529,469
2024-09-30_22-26-49_0003454,auto_accept,0,8,0.0041229530561831184,0.31909047544477737,0.9457547169811321,304
2024-09-30_22-28-04_0003457,auto_accept,0,6,0.0793352233499863,0.475864625289428,0.6466666666666666,65
2024-09-30_22-29-10_0003466,auto_accept,0,12,0.029893940043080897,0.41586757393119544,0.8326530612244898,365
2024-09-30_22-29-35_0003468,auto_accept,0,2,0.028092705279663448,0.3305636187745954,0.638095238095238,124
2024-09-30_22-29-46_0003469,auto_accept,0,1,0.035556692686218985,0.3755959473613563,0.585,102
2024-09-30_22-30-45_0003475,auto_accept,0,1,0.04502016475065738,0.38401970156972365,0.7583333333333333,46
2024-09-30_22-31-00_0003477,auto_accept,0,1,0.11790847604330601,0.43840481079864674,0.5266666666666666,24
2024-09-30_22-33-20_0003486,auto_accept,0,6,0.02942380749884157,0.4218888893649171,0.6630824372759857,92
2024-09-30_22-35-16_0003491,auto_accept,0,12,0.01966512651631674,0.4104745054760183,0.7655172413793103,173
2024-09-30_22-36-16_0003501,auto_accept,0,3,0.02212441424640369,0.35183947092003903,0.9178947368421052,335
2024-09-30_22-36-23_0003502,1960_problem,1,5,0.13750431012307202,0.5449692466955068,0.2222222222222222,5
2024-09-30_22-36-29_0003503,1960_problem,1,1,0.4980895110629355,0.5529420167126698,0.06666666666666667,1
2024-09-30_22-37-08_0003508,auto_accept,0,1,0.06667566406546903,0.44314166305082864,0.4076923076923077,21
2024-09-30_22-37-40_0003511,auto_accept,0,2,0.057495364220792926,0.4245826984047433,0.7260869565217392,118
2024-09-30_22-37-55_0003512,auto_accept,0,3,0.0036231248781954015,0.3501168116491889,0.8622641509433963,452
2024-09-30_22-38-52_0003524,auto_accept,0,10,0.003399212810857215,0.31357743694654866,0.8621621621621621,302
2024-09-30_22-39-04_0003525,auto_accept,0,3,0.024700615284663018,0.4511231013683621,0.763768115942029,135
2024-09-30_22-40-44_0003532,auto_accept,0,4,0.014101738135160066,0.37837174519698763,0.8026315789473685,206
2024-09-30_22-40-58_0003533,auto_accept,0,13,0.006017888984755913,0.4092187627467205,0.8515151515151516,346
2024-09-30_22-43-43_0003544,auto_accept,0,6,0.03065368059292895,0.44461844318148747,0.63125,90
2024-09-30_22-44-02_0003546,auto_accept,0,2,0.15947946798374113,0.5022589746573746,0.42,27
2024-09-30_22-45-47_0003556,auto_accept,0,4,0.004943363234276944,0.2773687856312159,0.8261758691206544,232
2024-09-30_22-45-50_0003557,auto_accept,0,2,0.02430836853040635,0.40661620831490763,0.9090909090909091,114
2024-09-30_22-49-30_0003574,auto_accept,0,2,0.06405710198405082,0.4543718076689756,0.4875,65
2024-09-30_22-50-48_0003579,auto_accept,0,1,0.4434062748353048,0.5557052393502323,0.1076923076923077,3
2024-09-30_22-56-07_0003603,auto_accept,0,4,0.005108808213951082,0.3052998107576541,0.8181818181818182,245
2024-09-30_22-56-19_0003604,auto_accept,0,5,0.1417313850789291,0.49592780940951575,0.5526315789473685,32
2024-09-30_22-56-52_0003607,auto_accept,0,6,0.0361645466230976,0.39161460316273566,0.753125,106
2024-09-30_22-56-59_0003609,auto_accept,0,1,0.21122557275225054,0.4910772113369815,0.3516483516483517,7
2024-09-30_22-58-39_0003614,auto_accept,0,14,0.0018403416937088296,0.25794527409644463,0.8827586206896552,293
2024-09-30_22-59-10_0003619,auto_accept,0,4,0.029300156411326377,0.37231347210508287,0.7258064516129032,171
2024-09-30_23-06-01_0003638,auto_accept,0,8,0.04364054503161194,0.425965359360146,0.7764705882352941,135
2024-09-30_23-06-05_0003639,auto_accept,0,6,0.0686373110268099,0.4894098744495472,0.64375,45
2024-09-30_23-06-27_0003640,auto_accept,0,8,0.006319188183711184,0.3678496481022273,0.7666666666666667,140
2024-09-30_23-07-40_0003644,auto_accept,0,4,0.014485122771692496,0.34650151095405707,0.5666666666666667,95
2024-09-30_23-09-46_0003650,auto_accept,0,6,0.019818645207537504,0.45165112612894137,0.6181818181818182,74
2024-09-30_23-13-57_0003672,auto_accept,0,4,0.09462850072134256,0.457953852457673,0.5565217391304348,64
2024-09-30_23-14-56_0003677,auto_accept,0,1,0.4886883508363188,0.5640132312302261,0.02,1
2024-09-30_23-29-04_0003747,auto_accept,0,1,0.2672634541757428,0.5017798302605758,0.35454545454545455,30
2024-09-30_23-33-08_0003755,auto_accept,0,5,0.02848586616368373,0.40233965658757526,0.745,126
2024-09-30_23-33-49_0003760,auto_accept,0,2,0.08741262317195186,0.518529413885129,0.3357142857142857,35
2024-09-30_23-36-14_0003773,auto_accept,0,6,0.04447001546981782,0.44610858222439514,0.755,67
2024-09-30_23-36-16_0003774,auto_accept,0,6,0.018639285329573332,0.44730667905178007,0.7897435897435897,120
2024-09-30_23-36-39_0003777,auto_accept,0,2,0.11639215239034952,0.4857927143706901,0.45217391304347826,23
2024-09-30_23-37-00_0003778,auto_accept,0,4,0.013543524755117262,0.40401338645747203,0.655,119
2024-09-30_23-37-24_0003780,auto_accept,0,6,0.022365114471793592,0.3768873168831098,0.7666666666666667,173
2024-09-30_23-37-29_0003781,1960_problem,1,1,0.45447153067256574,0.5498333890133441,0.16363636363636364,4
2024-09-30_23-37-33_0003782,auto_accept,0,6,0.022568793612566498,0.42883159788253494,0.753125,180
2024-09-30_23-39-03_0003793,auto_accept,0,4,0.019047927396079672,0.44960991006415607,0.61,64
2024-09-30_23-39-35_0003794,1960_problem,1,1,0.41457857249256197,0.5498087141930867,0.07142857142857142,2
2024-09-30_23-40-17_0003799,auto_accept,0,5,0.042116640341627515,0.46944863292317934,0.6384615384615384,45
2024-09-30_23-40-29_0003801,auto_accept,0,4,0.02046532075666506,0.3978069914959582,0.6105263157894737,74
2024-09-30_23-43-59_0003825,auto_accept,0,1,0.2047753953131914,0.5382699319784292,0.14,4
2024-09-30_23-44-02_0003826,auto_accept,0,1,0.14202760570794024,0.44583136691688474,0.5573248407643312,27
2024-09-30_23-45-08_0003832,auto_accept,0,1,0.4578512524598006,0.5520885135928889,0.15,3
2024-09-30_23-47-09_0003841,auto_accept,0,2,0.04984580525590124,0.47039931913994015,0.43666666666666665,75
2024-10-01_00-02-20_0003921,auto_accept,0,1,0.017848861940048796,0.3335542848980683,0.6402116402116402,95
2024-10-01_00-04-30_0003934,auto_accept,0,10,0.06134192558219924,0.44486212293927424,0.6846153846153846,92
2024-10-01_00-04-44_0003937,auto_accept,0,7,0.018830554726586794,0.4161549001592041,0.7977272727272727,165
2024-10-01_00-05-04_0003940,auto_accept,0,3,0.06193380218684771,0.4347076139007233,0.6777777777777778,109
2024-10-01_01-00-16_0004120,auto_accept,0,1,0.11100859591903024,0.3199050630374989,0.8681318681318682,22
2024-10-01_01-27-26_0004205,auto_accept,0,8,0.019448304636299044,0.4167755912840521,0.7189189189189189,156
2024-10-01_01-27-51_0004207,auto_accept,0,7,0.016917958235430196,0.4390825284893669,0.735,96
2024-10-01_01-28-30_0004211,auto_accept,0,2,0.0750283543886884,0.40279635256411356,0.6845637583892618,64
2024-10-01_01-28-49_0004214,auto_accept,0,4,0.38641011000486997,0.5557614816777341,0.175,2
2024-10-01_01-29-47_0004216,auto_accept,0,3,0.16883253700568346,0.50486617999986,0.42857142857142855,57
2024-10-01_01-39-28_0004242,auto_accept,0,2,0.3726530625306673,0.5547977335820515,0.13333333333333333,4
2024-10-01_01-51-40_0004302,auto_accept,0,1,0.12114821929491225,0.4771699601734776,0.3416666666666667,32
2024-10-01_01-51-55_0004304,auto_accept,0,3,0.12953943171797777,0.493167254234689,0.4266666666666667,45
2024-10-01_02-19-42_0004379,auto_accept,0,1,0.11681579257287428,0.4812161178625871,0.4076923076923077,30
2024-10-01_03-00-44_0004475,auto_accept,0,1,0.10015974897649534,0.42102177918563405,0.6210762331838565,117
2024-10-01_03-00-45_0004476,auto_accept,0,3,0.149749891348072,0.5295455050347683,0.43529411764705883,56
2024-10-01_03-00-52_0004478,auto_accept,0,1,0.23200537149352954,0.41921607569169783,0.8095238095238095,17
2024-10-01_03-03-10_0004501,auto_accept,0,1,0.33043260677039815,0.5580820028559738,0.125,2
2024-10-01_03-03-27_0004505,auto_accept,0,1,0.096975514151018,0.43676200125048475,0.46875,29
2024-10-01_03-06-03_0004532,auto_accept,0,1,0.062041671013407365,0.49712521386022196,0.32727272727272727,12
2024-10-01_03-16-38_0004578,auto_accept,0,1,0.16260661179878008,0.5045552195055852,0.33,14
2024-10-01_03-31-29_0004626,auto_accept,0,2,0.10411150771410131,0.5146170395963443,0.225,11
2024-10-01_04-51-49_0004706,auto_accept,0,1,0.11797251668923696,0.5423926751659669,0.13978494623655913,6
2024-10-01_06-05-51_0004833,auto_accept,0,1,0.04164588482422394,0.33036887442947677,0.8152173913043478,38
2024-10-01_08-42-46_0004915,auto_accept,0,1,0.13660878611764177,0.5284807598995677,0.17777777777777778,14
2024-10-01_08-56-19_0004939,auto_accept,0,1,0.07730732359454301,0.4625979188709844,0.37,29
2024-10-01_08-58-56_0004955,auto_accept,0,2,0.04036334341177461,0.4123763260729595,0.5107913669064749,28
2024-10-01_08-59-29_0004960,auto_accept,0,2,0.028327539863734024,0.4174310191442404,0.66,48
2024-10-01_09-01-39_0004972,auto_accept,0,1,0.4704088525778344,0.5633283050965358,0.058333333333333334,1
2024-10-01_09-03-04_0004983,auto_accept,0,1,0.2714562120898856,0.46129145807350047,0.7547169811320755,8
2024-10-01_09-03-35_0004985,auto_accept,0,1,0.1440949450932107,0.47473361569856903,0.5071428571428571,47
2024-10-01_09-22-06_0005003,auto_accept,0,1,0.133457368222246,0.4873160716629128,0.42,42
2024-10-01_10-18-02_0005024,auto_accept,0,7,0.2303326260324027,0.5556880962669294,0.17777777777777778,6
2024-10-01_12-03-12_0005101,auto_accept,0,2,0.44290061601241665,0.5581605146625468,0.1125,2
2024-10-01_12-16-01_0005105,auto_accept,0,2,0.15084874341065765,0.5285898551610663,0.385,29
2024-10-01_12-20-03_0005107,1960_problem,1,1,0.471450093415938,0.5559392618536048,0.15,2
2024-10-01_12-20-04_0005108,auto_accept,0,1,0.47314327817191,0.5640203179777846,0.07333333333333333,2
2024-10-01_13-27-42_0005132,auto_accept,0,1,0.45842147370678243,0.5598322683392483,0.12,3
2024-10-01_14-09-45_0005177,auto_accept,0,3,0.055506137464188726,0.4408793164239025,0.5411764705882353,83
2024-10-01_14-12-54_0005205,auto_accept,0,5,0.05291922686641859,0.5016925378011546,0.36428571428571427,33
2024-10-01_14-12-57_0005206,auto_accept,0,2,0.2796580197853819,0.5234263742766304,0.36666666666666664,18
2024-10-01_14-17-16_0005241,auto_accept,0,3,0.03627184338462386,0.3747690643891788,0.611764705882353,70
2024-10-01_14-18-19_0005244,auto_accept,0,3,0.14338669914414706,0.5206325903126787,0.44666666666666666,50
2024-10-01_15-21-41_0005264,auto_accept,0,1,0.1908229799674998,0.5242135391684245,0.2761904761904762,9
2024-10-01_15-26-09_0005291,auto_accept,0,5,0.13175657455395273,0.5200025541954978,0.4090909090909091,23
2024-10-01_15-26-23_0005292,auto_accept,0,2,0.07319593299949556,0.49375140240280035,0.41333333333333333,25
2024-10-01_15-26-45_0005297,auto_accept,0,1,0.342817851989096,0.46949905171945944,0.673469387755102,8
2024-10-01_15-26-49_0005299,auto_accept,0,1,0.21183701411282743,0.45663226872106283,0.5507246376811594,20
2024-10-01_15-32-57_0005357,auto_accept,0,1,0.043431570929798,0.3690637239373031,0.55,99
2024-10-01_15-33-03_0005359,auto_accept,0,2,0.11356074669709049,0.4723811634640442,0.4631578947368421,19
2024-10-01_15-33-31_0005363,auto_accept,0,3,0.10060926674126462,0.469582829604998,0.40714285714285714,41
2024-10-01_15-41-27_0005400,auto_accept,0,1,0.2626170914721021,0.465392059521799,0.7096774193548387,6
2024-10-01_16-18-49_0005438,auto_accept,0,4,0.03833020510206789,0.4737769332157092,0.4666666666666667,51
2024-10-01_16-36-23_0005479,auto_accept,0,4,0.0944594510609027,0.5035888801576738,0.5875,60
2024-10-01_16-36-25_0005480,auto_accept,0,3,0.23030740756719245,0.5428285174333715,0.21,10
2024-10-01_16-36-29_0005481,auto_accept,0,3,0.09348981745430729,0.43075999414172367,0.7886178861788617,57
2024-10-01_16-37-36_0005492,auto_accept,0,5,0.08695942861177051,0.5143099373636766,0.5346153846153846,47
2024-10-01_16-52-39_0005544,auto_accept,0,3,0.08341334386288037,0.4625886548745979,0.49411764705882355,49
2024-10-01_16-55-33_0005556,auto_accept,0,3,0.09510392915522367,0.4769707667700916,0.5058823529411764,50
2024-10-01_17-16-29_0005631,auto_accept,0,1,0.09299052352590238,0.42910109031664545,0.7189542483660131,37
2024-10-01_17-16-39_0005632,auto_accept,0,2,0.09803137592210003,0.417669243685992,0.9591836734693877,37
2024-10-01_17-18-10_0005647,auto_accept,0,1,0.346720397433127,0.5344415443714546,0.23529411764705882,5
2024-10-01_17-18-59_0005656,1960_problem,1,9,0.17700247954108478,0.5608129123131973,0.2011173184357542,7
2024-10-01_17-19-30_0005661,auto_accept,0,1,0.2045111624424088,0.5010353298472232,0.31666666666666665,16
2024-10-01_17-24-02_0005680,auto_accept,0,3,0.049603719035549165,0.42528700051087814,0.6826086956521739,126
2024-10-01_17-24-04_0005681,auto_accept,0,3,0.18520262688265104,0.4949649152617496,0.42727272727272725,32
2024-10-01_17-28-05_0005700,auto_accept,0,5,0.04424427868776594,0.44735628398141325,0.6419354838709678,86
2024-10-01_17-38-52_0005767,auto_accept,0,4,0.05403733380026822,0.46276611801889866,0.6407407407407407,110
2024-10-01_17-43-50_0005813,auto_accept,0,1,0.22258414138770166,0.5214715113689056,0.2636363636363636,16
2024-10-01_17-53-05_0005888,auto_accept,0,2,0.11710087689609248,0.5475004570996869,0.2529411764705882,19
2024-10-01_17-56-28_0005903,auto_accept,0,4,0.013559834264654867,0.4393074400647866,0.5923076923076923,72
2024-10-01_17-58-56_0005917,auto_accept,0,1,0.184750945022773,0.5286219290586647,0.24444444444444444,12
2024-10-01_18-06-49_0005956,auto_accept,0,1,0.11212926664434615,0.48523247011433274,0.3181818181818182,17
2024-10-01_18-08-22_0005971,auto_accept,0,3,0.05137873939747877,0.3978869195811298,0.625,111
2024-10-01_18-29-16_0006086,1960_problem,1,1,0.44639438691914135,0.5579007116581008,0.11428571428571428,3
2024-10-01_18-40-18_0006139,auto_accept,0,1,0.2940835429342571,0.5365708428198975,0.14444444444444443,8
2024-10-01_18-42-08_0006156,auto_accept,0,6,0.07449479165564192,0.4876051483054911,0.65,120
2024-10-01_18-47-46_0006186,auto_accept,0,1,0.06292294544651676,0.3993919332976553,0.5133333333333333,41
2024-10-01_18-50-08_0006196,auto_accept,0,2,0.16542982655843227,0.5057581061906604,0.36153846153846153,29
2024-10-01_18-50-15_0006197,auto_accept,0,1,0.14333687233729456,0.46464129262427517,0.35454545454545455,33
2024-10-01_18-50-24_0006198,auto_accept,0,3,0.13768841306593996,0.514847663049557,0.37333333333333335,31
2024-10-01_18-50-31_0006199,auto_accept,0,4,0.035527181544643946,0.47359957796604396,0.55,65
2024-10-01_18-50-41_0006200,auto_accept,0,2,0.11936453334169224,0.464212308245284,0.4866666666666667,42
2024-10-01_18-50-50_0006201,auto_accept,0,2,0.10520565698253419,0.49644465707382024,0.3769230769230769,28
2024-10-01_18-50-55_0006202,auto_accept,0,2,0.1760420748607659,0.4995670240213493,0.4105263157894737,39
2024-10-01_18-50-56_0006203,auto_accept,0,3,0.1191786733006334,0.48187585919116693,0.495,43
2024-10-01_18-50-58_0006204,auto_accept,0,3,0.07547120381210767,0.5160768561979122,0.3588235294117647,16
2024-10-01_18-51-01_0006205,auto_accept,0,1,0.1685911567982792,0.4390549589121079,0.51875,41
2024-10-01_18-51-13_0006207,auto_accept,0,1,0.08699985724770253,0.46931829014769877,0.4846153846153846,22
2024-10-01_18-51-28_0006209,auto_accept,0,4,0.11615203288483544,0.49179066110698627,0.4357142857142857,49
2024-10-01_18-51-32_0006210,auto_accept,0,3,0.089673660257345,0.4830161209535026,0.515,34
2024-10-01_18-51-45_0006211,auto_accept,0,1,0.379883051536048,0.5435945311285907,0.2545454545454545,5
2024-10-01_18-52-01_0006212,auto_accept,0,3,0.12996152771914496,0.5246801191650668,0.4222222222222222,19
2024-10-01_18-52-05_0006213,auto_accept,0,2,0.07694716449637565,0.4309678428061812,0.5875,81
2024-10-01_18-52-07_0006214,auto_accept,0,3,0.07409808550363846,0.4907265959941425,0.6652173913043479,43
2024-10-01_18-52-13_0006215,auto_accept,0,2,0.10001688194212816,0.49516485828044265,0.50625,63
2024-10-01_18-52-19_0006216,auto_accept,0,2,0.0723484493665791,0.44400646607354344,0.6,98
2024-10-01_18-52-28_0006217,auto_accept,0,2,0.059034169542192275,0.5034374607133623,0.48823529411764705,34
2024-10-01_18-52-32_0006218,auto_accept,0,4,0.09105446905079775,0.4742081851851617,0.535,72
2024-10-01_18-52-41_0006220,auto_accept,0,3,0.1332426480962213,0.5308234440692599,0.38461538461538464,20
2024-10-01_18-52-44_0006221,auto_accept,0,3,0.0961844852319006,0.4933783643736516,0.5375,60
2024-10-01_18-52-46_0006222,auto_accept,0,1,0.340957313078152,0.5261225052484637,0.2846153846153846,14
2024-10-01_18-52-53_0006223,auto_accept,0,3,0.05464534802221611,0.4734464844470622,0.4307692307692308,42
2024-10-01_18-52-55_0006224,auto_accept,0,4,0.08933407698906128,0.48702748812205937,0.48125,44
2024-10-01_18-52-58_0006225,auto_accept,0,1,0.22934988382987467,0.484610876157499,0.44285714285714284,26
2024-10-01_18-53-00_0006226,auto_accept,0,4,0.14574965190785466,0.5281192317287238,0.4166666666666667,20
2024-10-01_18-53-02_0006227,auto_accept,0,6,0.13620735093219144,0.48722410042312586,0.5222222222222223,41
2024-10-01_18-53-09_0006228,auto_accept,0,2,0.12635603704207027,0.49678251069012147,0.47333333333333333,35
2024-10-01_18-53-13_0006229,auto_accept,0,4,0.049976550056241485,0.47641146290972214,0.4666666666666667,44
2024-10-01_18-53-20_0006230,auto_accept,0,4,0.05448720070962786,0.5160051653657998,0.37222222222222223,37
2024-10-01_18-53-22_0006231,auto_accept,0,2,0.16298160718724633,0.504581834284032,0.505,18
2024-10-01_18-53-25_0006232,auto_accept,0,1,0.16989135912790249,0.4681521191759817,0.48947368421052634,28
2024-10-01_18-53-28_0006233,auto_accept,0,1,0.12037266821019213,0.47256131513484945,0.4066666666666667,36
2024-10-01_18-53-31_0006234,auto_accept,0,5,0.08855428708484384,0.5070476171895182,0.4666666666666667,49
2024-10-01_18-53-43_0006235,auto_accept,0,4,0.08318600733608236,0.495191717598348,0.45714285714285713,55
2024-10-01_18-53-46_0006236,auto_accept,0,5,0.09428684301993692,0.5177957263380797,0.48125,24
2024-10-01_18-53-48_0006237,auto_accept,0,4,0.12915454884933852,0.5203029750000792,0.36363636363636365,27
2024-10-01_18-53-51_0006238,auto_accept,0,8,0.06650542210940667,0.505301657492975,0.48,30
2024-10-01_18-53-59_0006239,auto_accept,0,4,0.1107064422314752,0.48219373943459043,0.5555555555555556,46
2024-10-01_18-54-00_0006240,auto_accept,0,5,0.1647976662115059,0.5085962981517113,0.37,32
2024-10-01_18-54-01_0006241,auto_accept,0,3,0.16479767081398078,0.49905512097463145,0.5142857142857142,32
2024-10-01_18-54-06_0006242,auto_accept,0,5,0.15314510095405087,0.5295733481946046,0.39166666666666666,40
2024-10-01_18-54-07_0006243,auto_accept,0,11,0.03742419640574582,0.5191302388636314,0.4,38
2024-10-01_18-54-17_0006244,auto_accept,0,1,0.14782893387097565,0.43795707090488545,0.48125,35
2024-10-01_18-54-26_0006245,auto_accept,0,11,0.09501950437968344,0.4995061812033726,0.54375,79
2024-10-01_18-54-34_0006246,auto_accept,0,4,0.13590529103910437,0.5294257687662929,0.3625,13
2024-10-01_18-54-37_0006247,auto_accept,0,5,0.21088671707937928,0.5520081234234769,0.43529411764705883,17
2024-10-01_18-54-47_0006248,auto_accept,0,2,0.06695000565169923,0.4893248113174874,0.47333333333333333,37
2024-10-01_18-54-48_0006249,auto_accept,0,6,0.05653044214934027,0.5349497808355511,0.4666666666666667,37
2024-10-01_18-54-52_0006250,auto_accept,0,1,0.1597827281938084,0.5182285425453304,0.3,15
2024-10-01_18-58-45_0006278,auto_accept,0,1,0.22331219066890998,0.45376019882801305,0.5692307692307692,39
2024-10-01_18-58-47_0006279,auto_accept,0,1,0.18728977321208456,0.4400390871140986,0.625,41
2024-10-01_19-02-20_0006310,auto_accept,0,1,0.4729587980771724,0.5689035370303085,0.05,1
2024-10-01_19-06-10_0006344,auto_accept,0,1,0.1932068944517832,0.492069804332954,0.391812865497076,36
2024-10-01_19-06-23_0006347,auto_accept,0,1,0.2326041584554347,0.5014083231802436,0.375,12
2024-10-01_19-12-14_0006389,auto_accept,0,1,0.4253969388140199,0.5529310602965815,0.11818181818181818,3
2024-10-01_19-13-57_0006404,auto_accept,0,1,0.06163846226987108,0.39583324331304515,0.7159420289855073,67
2024-10-01_19-22-15_0006459,auto_accept,0,1,0.2689706443283134,0.5232846292531179,0.3,13
2024-10-01_19-25-05_0006489,auto_accept,0,3,0.06233329762181299,0.5431963962899529,0.23,15
2024-10-01_19-29-49_0006499,auto_accept,0,4,0.09436975138538391,0.4904843247421316,0.654054054054054,112
2024-10-01_19-35-52_0006528,auto_accept,0,1,0.16216491237822056,0.5128735430168111,0.3333333333333333,16
2024-10-01_19-36-17_0006529,auto_accept,0,4,0.0759010650429081,0.4945295079462535,0.42857142857142855,28
2024-10-01_19-36-48_0006530,auto_accept,0,6,0.14498104492325511,0.5256972937685073,0.44,33
2024-10-01_19-37-07_0006531,auto_accept,0,2,0.12225463972065545,0.5228127863489622,0.26,13
2024-10-01_19-37-32_0006532,auto_accept,0,7,0.14349518427105085,0.514856793184025,0.3923076923076923,35
2024-10-01_19-37-36_0006533,auto_accept,0,3,0.184914044268131,0.5327633759607191,0.39444444444444443,27
2024-10-01_19-37-40_0006534,auto_accept,0,5,0.11299887326597341,0.5088570036263096,0.5,33
2024-10-01_19-37-49_0006535,auto_accept,0,5,0.2357218897978248,0.5385180286111387,0.2909090909090909,24
2024-10-01_19-37-51_0006536,auto_accept,0,4,0.05911928251918566,0.508755288172704,0.45384615384615384,37
2024-10-01_19-37-56_0006537,auto_accept,0,1,0.2712849811554743,0.5298459875036329,0.33,22
2024-10-01_19-38-24_0006538,auto_accept,0,4,0.16823431165109654,0.5169656441605215,0.31666666666666665,15
2024-10-01_19-38-28_0006539,auto_accept,0,1,0.09202418344739507,0.45982019523349754,0.41578947368421054,35
2024-10-01_19-38-30_0006540,auto_accept,0,3,0.059839193533040014,0.49827863735601374,0.40869565217391307,32
2024-10-01_19-38-56_0006541,auto_accept,0,1,0.19684257148159412,0.5183450147338351,0.29,15
2024-10-01_19-39-41_0006543,auto_accept,0,1,0.40566334992315867,0.5444813710919808,0.17,8
2024-10-01_19-42-44_0006558,auto_accept,0,1,0.24836956663453377,0.5221893369000299,0.3090909090909091,6
