id,umap_x,umap_y,syllable_type
1.0,6.902933,-5.5057282,Complex
2.0,8.583765,-0.1846173,Chevron
3.0,8.507533,-0.18231009,Down
4.0,8.518704,-0.18430254,Down
5.0,8.516815,-0.18444826,Down
6.0,8.500131,-0.17222954,Down
7.0,8.511897,-0.18904594,Down
8.0,8.514688,-0.1751281,Down
9.0,12.517789,2.9257743,Up
10.0,5.6492953,-5.5824084,Short
11.0,13.179706,3.3485334,Short
12.0,14.194581,4.274691,Short
13.0,2.5993834,-4.1624036,Short
14.0,12.26514,0.7165201,Flat
15.0,12.439958,2.2456088,Flat
16.0,13.498626,4.8183236,Up
17.0,15.566718,3.0054238,Short
18.0,12.444769,3.4355073,Up
19.0,7.738912,-4.341213,Short
20.0,12.325862,4.071267,Flat
21.0,6.08336,-5.392061,Complex
22.0,12.346777,2.1502182,Up
23.0,10.819429,2.7517304,Flat
1.0,13.634334,0.90913373,Short
2.0,15.223589,2.7585695,Short
3.0,12.160567,2.4523408,Short
4.0,15.201799,2.7303708,Up
5.0,14.250189,5.332644,Short
6.0,1.9670349,-4.272602,Short
7.0,7.1163554,-5.405715,Chevron
8.0,2.6402194,-4.0734744,Short
9.0,2.0507927,-3.4380264,Short
10.0,13.030546,-0.18780206,Short
11.0,11.684991,-0.51350415,Short
12.0,13.031552,-0.20210841,Up
13.0,13.213943,3.1977415,Short
14.0,5.436775,-5.8368335,Short
15.0,14.252638,5.3308444,Short
16.0,5.992955,-5.050098,Chevron
17.0,4.822535,-1.5611616,Frequency_Jump
18.0,13.321399,4.396572,Up
19.0,4.0795474,-4.335815,Short
20.0,12.725794,0.9615438,Short
21.0,3.501005,-2.7986536,Short
22.0,11.580932,1.2093691,Down
23.0,13.16287,1.189771,Down
24.0,5.7205644,-5.099726,Short
1.0,3.8549092,-2.8840227,Short
1.0,13.505676,4.6712203,Short
2.0,4.4377894,-2.435649,Short
3.0,5.707835,-5.517689,Complex
4.0,12.553222,5.318948,Flat
5.0,15.557185,2.9506295,Short
6.0,2.9893475,-3.0789874,Short
7.0,13.486025,4.735352,Short
8.0,13.398314,6.36637,Short
9.0,3.4757574,-1.8387654,Complex
10.0,5.712905,-4.797591,Chevron
11.0,6.1384487,-2.1818993,Flat
12.0,7.5569277,-4.687723,Short
13.0,2.6133964,-4.148702,Short
14.0,2.9623833,-3.8161643,Chevron
15.0,3.4764903,-2.0328922,Complex
16.0,2.6497977,-3.5860674,Complex
17.0,2.5176125,-2.7053945,Complex
18.0,2.6108384,-4.1423507,Chevron
19.0,2.5211563,-3.8112452,Short
20.0,3.6199005,-2.6487393,Short
21.0,4.01706,-4.430383,Short
22.0,4.2257442,-3.65124,Chevron
23.0,2.792286,-4.071106,Down
24.0,3.750355,-3.2844026,Complex
25.0,4.925504,-1.7054119,Down
26.0,13.965718,3.68268,Short
27.0,12.212484,2.16668,Up
28.0,5.0668025,-2.6978536,Up
29.0,6.6151767,-4.841609,Chevron
30.0,11.763162,5.0651484,Short
31.0,7.050543,-5.098316,Chevron
32.0,13.522156,3.675299,Short
33.0,9.276459,-0.5962752,Chevron
34.0,11.831744,1.8903079,Up
35.0,15.249124,2.72019,Flat
36.0,9.775351,2.9500341,Flat
37.0,13.530472,5.117538,Short
38.0,9.166666,2.2119362,Down
39.0,12.695385,3.384236,Up
40.0,6.028921,-5.3445344,Complex
41.0,9.264388,0.41302565,Down
42.0,11.591639,0.9035768,Short
43.0,1.795449,-4.440184,Short
44.0,4.2813997,-1.2247634,Chevron
45.0,13.225033,4.335409,Up
46.0,2.136238,-3.033235,Complex
47.0,5.1880426,-5.6169553,Complex
48.0,13.556567,5.2091494,Short
49.0,5.719506,-2.2650568,Chevron
50.0,5.3804297,-5.7822957,Complex
51.0,5.5780225,-5.592959,Complex
52.0,13.049716,1.2694606,Down
53.0,14.164319,3.5280063,Short
54.0,13.581548,6.3469715,Short
55.0,12.541053,3.2237246,Up
56.0,10.988572,3.1635032,Flat
57.0,12.23153,5.173059,Up
58.0,12.147993,5.0373044,Up
59.0,10.2832365,5.4874225,Up
60.0,6.019643,-1.634089,Flat
61.0,4.2060633,-0.9820974,Chevron
62.0,13.9556,5.6550393,Short
63.0,11.133594,5.51129,Flat
64.0,10.341552,5.4807124,Flat
65.0,10.254348,3.9617403,Flat
66.0,5.729468,-1.8620466,Chevron
67.0,4.124945,-2.7592256,Chevron
68.0,4.7095056,-2.7039165,Chevron
69.0,12.418809,5.6806045,Short
70.0,10.240374,3.8152096,Up
71.0,5.0703897,-2.2482674,Chevron
72.0,5.675453,-1.2548509,Flat
73.0,8.227001,3.508925,Flat
74.0,8.810997,2.6936119,Chevron
75.0,12.877239,5.8317614,Short
76.0,5.1819143,-1.1420768,Chevron
77.0,13.234751,2.5738685,Short
78.0,13.415618,2.1696403,Flat
79.0,10.297892,4.432602,Flat
80.0,3.6962805,-2.9316316,Short
81.0,5.0300155,-2.302945,Complex
82.0,5.327749,-2.508296,Chevron
83.0,5.3215437,5.959288,Down
84.0,9.162128,1.4088086,Flat
85.0,2.9411974,-3.5489526,Complex
86.0,5.0292506,-4.340732,Complex
87.0,13.732263,0.8062657,Short
88.0,6.576385,-4.8039412,Complex
89.0,3.1519988,-4.277192,Short
90.0,5.1377835,-1.933034,Flat
91.0,6.0973845,-5.5190964,Complex
92.0,2.0782077,-3.8954391,Short
1.0,6.2579536,-5.3957806,Short
2.0,5.46625,-5.863422,Short
3.0,2.1247346,-4.0707383,Short
4.0,4.1637096,-4.150128,Up
5.0,5.722326,-5.0254517,Chevron
6.0,4.0556846,-1.6431155,Short
7.0,10.01571,2.5751376,Chevron
8.0,10.123361,2.5542295,Down
9.0,4.327486,-4.2268596,Frequency_Jump
10.0,4.6597424,-3.1301794,Chevron
11.0,4.2088413,-1.7735915,Short
12.0,9.129854,-0.8679438,Chevron
13.0,11.873284,2.2197843,Up
14.0,12.1986065,1.1122019,Short
15.0,12.91381,3.870301,Up
16.0,12.62649,3.0455935,Up
17.0,13.083641,4.1078024,Up
18.0,14.216533,5.031763,Short
19.0,5.183135,-3.9594197,Chevron
20.0,7.215139,-5.197294,Short
21.0,4.9946303,-2.6865904,Chevron
22.0,14.255091,5.340922,Short
23.0,5.4083977,-5.5864534,Short
24.0,13.305311,4.39881,Up
25.0,13.836385,4.8041625,Flat
26.0,11.088181,5.4988055,Flat
27.0,14.663187,3.626834,Short
28.0,11.000096,4.4220824,Up
29.0,14.868419,2.4018617,Short
30.0,12.238573,5.1521454,Up
31.0,12.9911175,4.117598,Up
32.0,5.136579,-2.838204,Short
33.0,13.999635,5.6695232,Short
34.0,4.695176,-2.91893,Chevron
35.0,5.1791744,-2.329646,Flat
36.0,3.0409677,-2.2524683,Complex
37.0,12.860415,3.9409456,Flat
38.0,9.011599,2.6724184,Down
39.0,3.3202298,-2.6655464,Complex
40.0,2.559087,-2.9759347,Complex
41.0,11.118919,2.9922042,Up
42.0,10.9768305,3.0371032,Up
43.0,12.179214,4.0893455,Up
44.0,12.761175,6.172422,Short
45.0,3.327158,-3.706369,Chevron
46.0,5.7193446,-2.0593457,Flat
47.0,5.1105304,-1.3534617,Flat
48.0,4.2719383,-3.3091562,Short
49.0,5.287511,-2.49454,Chevron
50.0,3.345293,-2.852354,Complex
51.0,4.3091707,-2.6537726,Chevron
52.0,4.847758,-2.7182872,Chevron
53.0,4.009788,-4.4528184,Short
54.0,5.233745,-2.682383,Short
55.0,13.158622,3.8236864,Short
56.0,7.0889354,-5.4083314,Short
57.0,14.240935,5.321942,Short
58.0,15.249416,2.7110453,Flat
59.0,7.7861996,-4.633908,Chevron
60.0,7.568993,-4.6395316,Chevron
61.0,11.644074,-0.39250335,Flat
62.0,5.6946,-5.2376294,Short
63.0,6.504645,-5.0334067,Complex
64.0,4.498566,-3.190036,Chevron
65.0,3.3312242,-2.4680018,Short
66.0,13.721191,5.066337,Short
67.0,13.527371,5.752334,Down
68.0,4.50686,-0.6859215,Chevron
69.0,5.331815,-5.7373586,Complex
70.0,2.6630378,-4.057987,Complex
71.0,3.2883985,-4.472796,Short
72.0,2.9532242,-3.8382905,Complex
73.0,5.2027564,-3.936063,Chevron
1.0,5.3422947,-3.945999,Chevron
2.0,5.39625,-5.565453,Short
3.0,13.6078005,5.258933,Short
4.0,15.150163,2.604259,Flat
5.0,15.538277,2.9254801,Short
6.0,4.7971153,-3.440384,Short
7.0,5.5927615,-5.260788,Complex
8.0,14.183504,3.4476855,Short
9.0,2.6818728,-4.1283684,Chevron
10.0,5.1856003,-2.6377149,Chevron
11.0,5.2228684,-5.6148996,Complex
12.0,5.2632895,-4.018315,Chevron
13.0,7.3911014,-4.5765867,Short
1.0,7.7988935,-4.3807654,Short
2.0,10.4187975,1.1496747,Down
3.0,2.7273948,-1.2169857,Complex
1.0,5.5573435,-5.0599713,Complex
2.0,2.0802894,-3.333057,Complex
3.0,12.929907,4.3652854,Short
4.0,13.027161,4.4850745,Up
5.0,4.2077436,1.5248817,Chevron
6.0,7.2138705,4.776919,Flat
7.0,3.9792469,-1.5970162,Chevron
8.0,2.789239,-3.5996332,Complex
9.0,4.0237827,1.7976444,Frequency_Jump
10.0,3.5405798,-2.8141487,Complex
11.0,3.4034266,-1.9572418,Complex
12.0,12.906242,1.6251789,Down
13.0,12.862334,1.6620408,Short
14.0,4.2334,0.5916014,Frequency_Jump
15.0,4.261452,-2.4067912,Complex
16.0,3.1817834,-2.6193798,Complex
17.0,12.914761,1.595392,Short
18.0,2.1643403,-3.9069765,Short
19.0,6.9557776,-5.7086587,Short
1.0,4.7332315,-1.8889601,Chevron
2.0,3.2673664,-2.5910692,Complex
3.0,3.3001833,-2.5828311,Complex
4.0,8.021985,-4.372886,Chevron
5.0,13.900585,1.0173471,Short
6.0,6.656612,-5.3528523,Complex
7.0,8.526776,-0.15671645,Down
8.0,6.6550303,-5.345038,Complex
9.0,5.8828263,-3.5490847,Chevron
10.0,15.535972,2.9192302,Short
11.0,5.5630608,-5.6149592,Complex
12.0,13.66655,5.285682,Short
13.0,11.871628,5.0855846,Down
14.0,13.596104,5.4719133,Down
15.0,13.921803,5.1692314,Short
16.0,14.158349,5.3513865,Short
17.0,14.0179205,5.7433963,Short
18.0,13.8535185,5.811626,Short
19.0,15.096788,2.5987768,Flat
20.0,13.936672,5.525865,Short
21.0,5.2739196,-2.5759969,Chevron
22.0,12.922277,6.3066945,Short
23.0,13.092711,5.171797,Short
24.0,13.457579,5.98219,Down
25.0,13.2210245,4.787011,Short
26.0,12.520514,3.5394454,Up
27.0,3.242011,-2.7276342,Complex
28.0,3.204804,-4.484067,Flat
29.0,4.616764,-1.2859002,Chevron
30.0,4.7700477,-1.0825005,Frequency_Jump
31.0,5.7095222,-1.2578611,Chevron
32.0,3.1291597,-2.928137,Complex
33.0,4.6245384,-2.9682858,Chevron
34.0,3.0050848,-3.0714827,Complex
1.0,5.6917925,-4.861218,Chevron
2.0,12.496114,3.2138643,Short
3.0,12.504159,3.1009166,Up
4.0,6.572492,-4.915733,Chevron
5.0,1.8044204,-4.4310594,Short
6.0,5.219811,-3.9944646,Short
7.0,15.439223,2.8735065,Short
1.0,3.4473765,-1.9536272,Complex
2.0,2.908072,-2.8087626,Complex
3.0,13.324228,3.4661255,Short
1.0,12.926974,-0.5642834,Short
2.0,3.3771896,-2.220963,Complex
3.0,10.023064,0.823255,Down
1.0,3.5550435,-2.7128904,Complex
2.0,5.2973475,-5.708804,Complex
3.0,14.893847,2.408558,Short
1.0,4.3704495,-2.8683693,Chevron
2.0,8.1334715,-4.811663,Chevron
3.0,6.082078,-5.4099517,Chevron
4.0,13.958278,5.8737664,Short
5.0,13.47941,3.693354,Short
6.0,5.6644406,-1.8716146,Chevron
7.0,12.311363,4.952087,Short
8.0,4.4704223,-2.6953368,Down
9.0,12.590551,5.218687,Short
10.0,13.042986,4.633285,Up
11.0,8.569801,6.003783,Flat
12.0,7.5969157,6.619727,Flat
13.0,12.822845,5.2801275,Flat
14.0,10.2418375,3.843962,Up
15.0,10.287453,5.40043,Flat
16.0,10.098844,4.60269,Flat
17.0,10.293162,3.9673054,Flat
18.0,10.045967,3.5937986,Flat
19.0,9.081472,5.701956,Flat
20.0,9.634991,2.213045,Down
21.0,11.060081,0.3070742,Flat
1.0,5.663929,-4.2703195,Chevron
2.0,11.777493,5.0343575,Flat
1.0,12.4485,1.455097,Short
2.0,13.91897,3.8373659,Short
3.0,4.77979,-2.893137,Chevron
4.0,10.662355,4.5497026,Flat
5.0,5.8835835,-5.179759,Chevron
6.0,12.972132,6.2914276,Short
7.0,12.515842,4.8519764,Short
8.0,4.387727,-2.483471,Down
1.0,13.848356,0.99118453,Short
2.0,6.684845,-4.54922,Complex
1.0,5.463281,-5.730318,Short
1.0,5.4238763,-5.7000937,Complex
2.0,4.2536955,-4.010492,Chevron
3.0,2.0943067,-3.2874684,Short
4.0,2.9792526,-3.2000103,Short
5.0,5.56618,-5.648329,Complex
6.0,3.426296,-2.7830307,Complex
7.0,4.824089,-2.7668839,Short
8.0,13.346361,5.604665,Short
9.0,13.364856,5.579896,Short
10.0,8.230581,-4.800711,Down
11.0,13.612173,5.3909264,Flat
12.0,8.838859,-0.02717161,Flat
13.0,8.734662,-0.55079055,Chevron
1.0,13.5955305,0.93545145,Short
2.0,8.46242,-0.31453303,Chevron
3.0,8.471684,-0.3144097,Chevron
4.0,2.1769912,-3.7961674,Short
5.0,4.5067058,-2.9213352,Chevron
6.0,4.3848925,-1.994558,Chevron
7.0,3.1555889,-2.7904384,Complex
8.0,10.4304,1.6250808,Down
9.0,3.0187259,-3.0520518,Complex
10.0,5.1287436,-2.421774,Up
11.0,5.350455,-5.818695,Complex
12.0,5.8039856,-5.378745,Complex
13.0,2.624112,-4.019841,Complex
14.0,7.902703,-4.482066,Up
1.0,10.914881,-0.5800227,Up
1.0,12.517307,4.0651693,Down
2.0,2.3069773,-2.9212892,Complex
3.0,4.1788387,-2.2269022,Down
1.0,5.6011796,-4.9841657,Complex
2.0,2.5869923,-4.123765,Short
1.0,4.182457,-3.3041928,Chevron
2.0,9.128881,2.6283298,Flat
3.0,3.4840784,-2.691694,Complex
4.0,5.2861037,-2.247543,Chevron
5.0,5.144131,-1.3168731,Up
6.0,5.472292,-2.449971,Chevron
7.0,5.299611,-2.4978218,Chevron
8.0,3.546978,-1.5323155,Short
9.0,5.3822756,-2.2968621,Chevron
10.0,2.1201415,-3.2323446,Complex
11.0,12.267641,5.8734665,Short
12.0,4.022017,-4.4234533,Short
13.0,4.3797026,-3.3502374,Chevron
14.0,5.4114523,-2.3131673,Chevron
15.0,4.1946635,-2.6346488,Complex
16.0,2.7956152,-3.14768,Complex
17.0,2.5699868,-3.4110944,Complex
18.0,4.0502844,-4.110848,Short
1.0,3.9853694,-1.743075,Down
2.0,3.2206998,0.8656931,Chevron
3.0,2.6920495,1.1315675,Chevron
4.0,13.029588,1.2460825,Short
5.0,2.685529,-2.8929,Complex
6.0,13.582848,5.3086996,Short
7.0,5.940758,-5.264226,Complex
1.0,2.5374308,-3.579779,Short
2.0,11.973279,4.8924966,Short
3.0,13.663526,6.164962,Short
4.0,13.647081,6.1785407,Short
5.0,11.977535,4.928543,Short
6.0,5.895714,-5.1934533,Complex
7.0,13.589564,5.2301126,Short
8.0,4.9939113,-2.755851,Chevron
9.0,3.0226426,-2.9268262,Complex
1.0,4.459807,-2.5018475,Down
2.0,5.6071434,-5.5768905,Complex
3.0,6.540758,-5.5815706,Complex
4.0,13.676752,4.8063164,Flat
5.0,9.158772,-0.9170083,Chevron
6.0,9.180037,-0.9214419,Chevron
7.0,6.80413,-5.3322406,Complex
8.0,8.743789,-0.60830617,Chevron
9.0,6.446271,-5.5855527,Complex
10.0,5.6835923,-5.390598,Complex
1.0,13.905148,3.4379761,Short
2.0,3.5129611,-3.0763416,Complex
3.0,3.5060992,-3.4436755,Short
4.0,4.256704,-3.7865827,Chevron
5.0,2.2470047,-3.098497,Complex
1.0,4.327935,-3.6854947,Chevron
2.0,3.3014002,-2.8905609,Complex
3.0,5.3752756,-5.8142633,Complex
4.0,4.0409393,-4.419776,Short
5.0,14.165127,3.5790067,Short
1.0,5.586577,-5.4983335,Complex
2.0,7.1766634,-5.4207478,Short
3.0,7.0138707,-5.359628,Short
1.0,5.7761817,-5.672277,Complex
2.0,5.1473036,-3.9346118,Complex
3.0,15.074358,2.6515493,Up
4.0,14.163088,3.5813568,Short
5.0,14.19473,4.339151,Short
6.0,3.101258,-3.3172605,Short
7.0,5.241156,-4.0100226,Chevron
1.0,2.8700643,-4.138406,Short
2.0,2.8541546,-3.7548802,Complex
3.0,1.8099467,-4.426001,Short
4.0,13.389165,4.453231,Short
5.0,5.2060103,-2.4344594,Chevron
6.0,11.551459,5.573071,Short
1.0,12.886342,1.6047376,Flat
2.0,4.5469704,-0.59895086,Chevron
1.0,4.635333,-3.1012876,Chevron
2.0,10.560735,5.227092,Flat
3.0,9.557129,2.3691792,Chevron
4.0,4.4940786,-0.8861852,Chevron
1.0,3.8636658,-3.2217839,Complex
2.0,4.6365905,-3.1724374,Up
3.0,14.322927,1.6058608,Short
1.0,6.457806,-5.3547354,Complex
2.0,13.928907,3.833064,Short
3.0,12.9013815,6.288593,Short
4.0,8.831337,-0.48097342,Frequency_Jump
5.0,12.629732,3.7412312,Up
6.0,12.070587,5.617194,Short
1.0,14.590197,3.7275379,Short
2.0,4.4316316,-4.195316,Chevron
3.0,6.117719,-5.2892623,Chevron
4.0,6.4963636,-5.0200095,Chevron
1.0,5.858233,-4.9776907,Complex
2.0,9.824893,2.55894,Down
3.0,9.255981,-0.97581875,Chevron
4.0,13.672896,1.5738847,Short
5.0,4.115509,-4.268977,Short
1.0,5.1961565,-5.542168,Complex
2.0,5.591471,-5.551993,Complex
3.0,3.5735521,-2.9074879,Complex
4.0,5.355908,-5.7819324,Complex
5.0,5.583409,-5.6339717,Complex
6.0,7.07926,-5.2414856,Complex
7.0,13.555537,4.0796175,Short
8.0,4.470126,-2.9526803,Chevron
1.0,12.841124,5.8328624,Short
2.0,4.5878634,-2.5204716,Chevron
3.0,4.440427,-3.1805322,Chevron
4.0,12.368833,5.4245276,Flat
1.0,4.0978746,0.41549924,Chevron
2.0,2.2263901,3.117688,Chevron
3.0,3.6104698,-1.2265614,Short
4.0,5.739956,-5.7585773,Complex
5.0,5.171733,-2.987394,Complex
1.0,4.909722,-1.0417938,Chevron
1.0,8.294504,-4.2693496,Short
2.0,8.292538,-4.27323,Short
3.0,8.28949,-4.2756653,Short
4.0,8.289177,-4.2769103,Short
5.0,8.284078,-4.2777066,Short
1.0,13.412147,1.2286389,Short
2.0,2.0957685,-3.274471,Complex
3.0,2.1425924,-3.1374404,Complex
4.0,2.3345604,-2.8738286,Complex
5.0,3.1061416,-3.8088615,Chevron
1.0,13.171802,-0.4148291,Short
2.0,5.951572,-5.106142,Chevron
3.0,4.300765,-3.330356,Chevron
4.0,5.361927,-2.4027615,Chevron
5.0,8.423516,-0.33813214,Frequency_Jump
6.0,10.119399,5.743316,Flat
7.0,4.2556443,-2.6520417,Chevron
8.0,2.5468626,-2.9715934,Complex
9.0,5.20964,-5.654101,Complex
10.0,2.5230644,-3.1620512,Complex
11.0,2.938784,-0.20813598,Complex
12.0,2.6233447,-3.302953,Complex
13.0,4.440485,-4.245575,Chevron
1.0,15.522461,2.98709,Short
2.0,3.127821,-3.1266642,Short
3.0,5.789115,-5.2840433,Chevron
1.0,12.647719,3.126076,Down
2.0,11.521755,1.3755426,Down
3.0,1.8289495,2.7537472,Complex
4.0,10.137713,4.7065215,Down
5.0,3.5396183,1.2085274,Chevron
6.0,3.066247,-2.810687,Complex
7.0,5.6947765,-4.253737,Chevron
8.0,13.972427,1.1753806,Short
1.0,6.773577,-5.0823903,Chevron
2.0,11.039107,5.3193016,Down
3.0,15.476925,2.882276,Short
4.0,15.1446905,2.8218918,Short
5.0,13.649692,5.03618,Short
6.0,14.234996,5.291017,Short
7.0,7.381384,-5.086794,Short
8.0,13.63849,4.146909,Up
1.0,2.3480015,2.3801134,Chevron
2.0,3.450128,2.9584148,Chevron
3.0,3.0659995,3.8436096,Flat
4.0,3.4778657,2.0393693,Frequency_Jump
5.0,2.920418,-3.8708699,Complex
6.0,3.1873534,-4.304767,Flat
1.0,7.2279468,-5.0928035,Chevron
2.0,6.7774997,-5.078199,Chevron
3.0,6.7332954,-5.5244184,Short
4.0,4.4035935,-3.5964496,Short
5.0,3.9959416,-2.374252,Chevron
6.0,15.525806,2.9121263,Short
1.0,4.6458673,3.1690643,Flat
2.0,3.677476,4.7880726,Flat
3.0,9.427253,2.8787246,Flat
4.0,5.5779805,-2.3593624,Chevron
1.0,3.1561496,-2.8679743,Complex
1.0,13.65246,5.847357,Short
1.0,3.8025775,0.40722147,Chevron
2.0,2.5731685,-4.1252766,Chevron
1.0,2.6082668,-4.1289477,Down
1.0,2.7545366,3.8700035,Down
2.0,3.336899,-1.7678986,Complex
3.0,3.8965218,-0.301903,Chevron
4.0,2.3974826,-3.2043273,Short
1.0,2.9363606,-3.8306134,Chevron
2.0,2.9590254,-3.8056045,Chevron
3.0,2.8922315,-3.8992715,Chevron
4.0,4.972145,-4.1866646,Chevron
5.0,15.50867,2.907027,Short
1.0,4.7946777,-1.654525,Down
2.0,2.2560506,-2.9369144,Complex
3.0,2.2588649,-2.9592893,Complex
4.0,3.3965833,1.3850771,Frequency_Jump
5.0,3.2804492,-2.3852165,Complex
6.0,5.2257895,-3.934156,Chevron
7.0,13.651915,3.6856756,Short
1.0,9.225575,-0.61108524,Short
2.0,4.389833,-2.8017795,Chevron
3.0,4.408252,-2.7922003,Chevron
4.0,4.393435,-2.7560701,Chevron
5.0,5.4014225,-4.8922577,Complex
6.0,4.1075006,0.7091128,Frequency_Jump
7.0,3.4282591,-1.1981486,Complex
8.0,13.614558,6.1028047,Short
9.0,13.937356,5.443192,Short
1.0,4.024735,1.4112332,Up
2.0,3.9375417,0.12354474,Frequency_Jump
1.0,14.693341,2.4080727,Flat
2.0,3.8504186,-0.9042482,Chevron
3.0,4.8420906,1.6835845,Flat
4.0,4.6277947,1.018546,Flat
5.0,2.3005393,2.5261319,Frequency_Jump
6.0,3.6722646,0.44792166,Chevron
7.0,2.6189313,-3.3295717,Complex
8.0,3.1245766,-4.008662,Chevron
1.0,12.8152,4.811567,Up
2.0,8.07279,5.809382,Flat
3.0,7.1578135,6.404871,Flat
4.0,7.9675484,6.3501678,Flat
5.0,7.4438086,6.1670423,Flat
6.0,8.727404,-0.57875174,Chevron
7.0,7.1741567,6.840963,Flat
8.0,10.336512,3.7831812,Flat
9.0,12.1681,5.376349,Flat
10.0,2.2573378,-0.7841576,Complex
1.0,4.1200686,1.9394565,Complex
2.0,2.8072753,-0.3616275,Chevron
1.0,13.411439,3.6738634,Short
2.0,10.953769,-0.55308914,Flat
3.0,14.038897,5.767921,Short
4.0,13.872309,3.8498685,Flat
5.0,13.827265,3.7300496,Flat
1.0,6.888326,-5.4455886,Complex
2.0,13.081874,5.674215,Flat
3.0,13.271365,6.436053,Short
4.0,13.538462,6.3236294,Short
5.0,2.649561,-3.2870557,Complex
6.0,13.942809,5.5182014,Short
7.0,4.1726923,-3.5918922,Chevron
8.0,7.5693574,-4.909553,Chevron
1.0,13.977685,3.0157528,Short
2.0,4.4444857,-2.2638767,Chevron
3.0,11.470721,3.602096,Down
1.0,5.888119,-5.1935506,Complex
2.0,11.463073,5.3051953,Down
3.0,5.765583,-5.2415156,Complex
4.0,4.288054,-2.7441926,Chevron
5.0,5.905383,-5.168073,Complex
6.0,3.2433007,-3.0458376,Complex
1.0,14.083673,3.6730778,Short
2.0,8.067192,-4.8167205,Short
3.0,5.3841724,-5.6797614,Complex
4.0,3.0150814,-3.8833952,Chevron
5.0,2.543294,-2.9427614,Complex
6.0,13.31863,4.803878,Flat
7.0,2.4326477,-4.1377697,Complex
1.0,13.843463,0.99656945,Short
2.0,13.43275,3.7146595,Short
1.0,2.2177904,-3.2301319,Short
2.0,3.938208,0.42867228,Frequency_Jump
3.0,3.4626355,1.6997821,Frequency_Jump
4.0,3.4741874,-1.4386826,Complex
5.0,3.1569226,-2.0330665,Complex
6.0,11.630314,1.4264714,Down
7.0,13.898188,5.3349094,Short
8.0,15.471636,2.8688076,Short
1.0,5.5481753,-5.189178,Chevron
2.0,15.410759,2.8730226,Short
3.0,14.919376,2.4923267,Flat
4.0,13.391784,3.4597087,Short
5.0,13.772403,3.8128095,Short
6.0,13.384142,3.6476755,Short
7.0,2.059423,-3.3426285,Short
8.0,5.4111147,-5.5004005,Complex
9.0,1.8069525,-4.4244223,Short
1.0,4.392612,-2.6843631,Complex
1.0,3.5533857,-2.9611616,Complex
2.0,2.9028084,-3.8923163,Complex
1.0,13.575812,1.1123335,Flat
2.0,14.765694,2.3462925,Short
3.0,3.8341126,-1.6170756,Frequency_Jump
4.0,3.1073215,1.5260782,Frequency_Jump
5.0,3.3098073,1.4818289,Frequency_Jump
6.0,12.319229,2.6922228,Down
7.0,13.31541,1.0321813,Short
8.0,6.2401223,-5.7103667,Complex
1.0,12.977057,1.4400724,Down
2.0,13.32718,-0.024227062,Short
3.0,3.6239088,1.8697063,Flat
4.0,6.1119027,-5.0220885,Chevron
5.0,13.543562,0.911739,Short
1.0,13.152006,1.3602389,Down
2.0,11.052198,1.406558,Down
3.0,12.583265,-0.45309374,Short
4.0,12.604553,-0.43484852,Short
5.0,9.078018,1.2669514,Down
1.0,4.694517,0.91063493,Flat
2.0,3.819853,-1.0708503,Chevron
3.0,2.1415226,-3.066252,Complex
1.0,2.5977921,-4.1545887,Short
1.0,10.373061,1.2762403,Down
2.0,1.0859507,3.029444,Frequency_Jump
3.0,1.7421057,4.515656,Frequency_Jump
4.0,2.0527513,4.5198836,Chevron
5.0,3.5132706,4.1654816,Flat
6.0,2.0434852,4.348876,Chevron
7.0,2.4763958,2.1353552,Chevron
8.0,3.2596498,2.9782352,Chevron
9.0,2.3027856,-3.2716627,Complex
10.0,9.918572,2.422877,Down
11.0,6.082115,-5.0188184,Chevron
12.0,5.9909463,-5.1070466,Complex
13.0,6.670454,-5.5143323,Short
1.0,3.2536738,-4.4468956,Short
2.0,4.7911706,-3.8236647,Complex
3.0,5.512745,-2.6720984,Short
4.0,15.424562,2.845604,Flat
5.0,3.6279385,-2.8206787,Complex
6.0,5.208459,-2.832932,Up
1.0,2.645885,-3.724011,Short
2.0,2.156353,-3.337657,Short
3.0,3.1256866,-2.8940182,Complex
4.0,5.1820574,-2.4428358,Down
5.0,5.7180257,-5.0550323,Complex
6.0,4.16971,-3.724469,Chevron
7.0,5.3172445,-5.5901785,Complex
1.0,5.482904,-5.507373,Complex
2.0,5.91301,-5.1799545,Complex
3.0,3.2360222,-4.4975886,Short
4.0,15.546103,2.9658773,Short
5.0,13.579057,5.0979557,Flat
1.0,7.169759,4.022523,Flat
2.0,3.7904017,-0.842028,Frequency_Jump
3.0,3.238321,4.788986,Frequency_Jump
4.0,2.529725,4.1654096,Down
5.0,1.268631,3.1457744,Frequency_Jump
6.0,1.2431412,2.9266036,Frequency_Jump
7.0,10.684909,4.4936824,Flat
8.0,11.845715,5.02226,Short
1.0,3.1994257,-4.4612017,Short
1.0,12.974536,3.3611312,Short
2.0,2.451966,-2.293271,Complex
3.0,4.576788,0.85630757,Chevron
4.0,2.0039904,4.746228,Frequency_Jump
5.0,1.1210668,3.1101546,Chevron
6.0,2.3080373,4.3747854,Frequency_Jump
7.0,8.663203,2.9717824,Flat
8.0,13.872407,3.6981702,Flat
1.0,13.780802,1.063408,Short
2.0,4.1630254,-4.015691,Short
1.0,2.142265,-0.91465217,Complex
2.0,1.8025281,-4.4337406,Short
3.0,2.949096,-3.7524457,Chevron
4.0,2.5150332,2.1999187,Chevron
5.0,5.9778004,5.7316074,Flat
6.0,8.857188,4.066216,Flat
7.0,3.3500881,-2.713094,Complex
8.0,8.008398,3.8419924,Down
9.0,4.0658164,-2.2114127,Chevron
10.0,10.234602,4.6943593,Down
11.0,3.580085,-2.741779,Complex
12.0,4.2252398,-1.6650698,Chevron
1.0,9.849048,3.2944465,Down
2.0,11.4078865,2.307718,Up
3.0,8.62649,1.5430812,Down
4.0,1.9461744,4.273893,Chevron
5.0,2.3025818,4.773769,Down
6.0,5.870481,7.8041945,Flat
7.0,2.167661,5.294716,Frequency_Jump
8.0,1.6487015,4.3760595,Frequency_Jump
9.0,6.103817,7.13591,Flat
10.0,3.6636262,5.213608,Flat
11.0,6.0867267,-2.036023,Flat
1.0,13.17076,3.1280813,Short
2.0,13.259918,-0.3788218,Short
3.0,13.266212,-0.3465171,Short
4.0,3.6859565,-1.1500093,Complex
5.0,2.9605951,2.4218988,Frequency_Jump
6.0,6.1917233,5.622152,Flat
7.0,4.4489927,5.2284136,Flat
8.0,4.5015383,0.8382473,Frequency_Jump
9.0,3.1240466,-3.9100153,Chevron
1.0,9.1182575,1.2184904,Flat
2.0,2.4914584,-2.4207902,Complex
3.0,2.5352905,-2.6737838,Complex
4.0,6.0321913,6.84859,Down
5.0,4.3770504,5.841305,Flat
6.0,6.097777,5.824738,Flat
7.0,13.022852,-0.4870256,Short
1.0,3.4324152,2.412009,Frequency_Jump
2.0,2.4889724,3.6853776,Frequency_Jump
3.0,8.058935,2.8332028,Flat
4.0,12.477993,-0.7001667,Short
5.0,2.2340615,1.9658275,Chevron
6.0,5.2034755,5.589008,Flat
7.0,2.905917,4.026839,Chevron
8.0,4.4397287,5.279289,Flat
9.0,3.1521468,-3.0031679,Complex
10.0,5.7078414,-2.3158584,Short
1.0,12.979158,-0.5748087,Flat
2.0,3.7402718,1.3337941,Chevron
3.0,2.854155,1.0020006,Chevron
4.0,2.1301997,-3.3809266,Short
5.0,4.1596107,-3.9985602,Chevron
6.0,7.1068764,-5.1286006,Chevron
1.0,10.795127,1.6476631,Down
2.0,10.08037,-1.4581267,Flat
3.0,10.088182,-1.4670476,Flat
4.0,10.066743,-1.4444412,Flat
5.0,10.079957,-1.4573001,Flat
6.0,10.081703,-1.461206,Flat
7.0,10.086257,-1.4645951,Flat
8.0,10.080828,-1.466384,Flat
9.0,2.2103684,2.622852,Chevron
10.0,4.230286,-1.2099162,Chevron
11.0,4.450902,-2.6488907,Chevron
1.0,7.8470035,-4.5223327,Short
2.0,2.982949,-3.8636434,Chevron
1.0,5.519852,-1.7996186,Chevron
2.0,4.5268855,6.3908434,Flat
1.0,10.757372,4.4922385,Down
2.0,1.901237,6.898228,Chevron
3.0,1.684471,3.2011676,Frequency_Jump
4.0,3.326376,1.91706,Chevron
5.0,12.965631,5.2965903,Flat
6.0,13.435753,5.441341,Short
1.0,10.685285,-0.70241225,Chevron
2.0,12.257947,-0.4778848,Down
3.0,4.6508927,1.2997513,Chevron
4.0,2.557498,-1.8619598,Complex
5.0,6.9235387,-5.564407,Short
1.0,5.698582,-2.1821675,Flat
1.0,9.740175,0.8257434,Down
2.0,8.479294,-0.21559978,Down
3.0,8.464046,-0.18036716,Down
1.0,2.170023,2.2783515,Chevron
2.0,3.599361,4.857662,Flat
3.0,5.963192,5.6356707,Flat
4.0,5.044016,6.3007936,Flat
5.0,5.4663253,-0.20596996,Flat
6.0,4.0228043,-1.5583569,Chevron
7.0,9.655124,3.1083982,Down
1.0,6.407744,-5.3644986,Complex
2.0,9.0087805,1.1381117,Down
3.0,11.129794,0.32473052,Down
4.0,7.1347194,2.9704068,Down
5.0,2.9314523,-1.0290142,Complex
6.0,6.0492444,-5.3900976,Complex
7.0,9.990657,2.8145745,Down
8.0,13.165091,1.5137751,Short
9.0,4.7773476,2.6065485,Flat
10.0,4.175715,2.617975,Frequency_Jump
11.0,3.005712,1.2073637,Chevron
12.0,3.9614856,-4.236385,Short
1.0,13.030567,1.7708708,Short
2.0,12.252615,0.27755952,Short
3.0,2.4445941,2.8446224,Frequency_Jump
4.0,3.2423728,5.319435,Flat
5.0,1.7778882,4.5768914,Frequency_Jump
6.0,12.149263,4.4855833,Down
1.0,2.7213151,6.052321,Down
2.0,7.1521626,6.679452,Flat
3.0,7.6115284,6.6002016,Flat
4.0,3.3040922,-2.4607186,Complex
1.0,12.609491,2.4483564,Down
2.0,12.52449,-0.75677365,Down
3.0,12.692208,0.48641494,Short
4.0,2.0880198,-1.5784416,Complex
5.0,4.925505,1.0168376,Flat
6.0,2.5490155,-0.61210406,Complex
7.0,4.109447,-1.9786894,Down
1.0,8.463823,6.1502805,Flat
2.0,4.931179,-0.6815633,Down
3.0,4.9606857,5.695562,Flat
4.0,2.223448,3.2316463,Chevron
5.0,13.239607,4.103428,Short
6.0,11.4535265,-0.43314224,Up
7.0,3.3219826,4.785507,Frequency_Jump
8.0,2.6474504,3.7008395,Down
9.0,4.363305,-2.626729,Chevron
1.0,5.7951784,-5.2213287,Complex
2.0,1.6441475,6.959853,Chevron
3.0,5.470159,-5.512993,Complex
1.0,10.372129,5.1997843,Flat
2.0,3.3147306,2.7250593,Chevron
3.0,4.435363,5.702588,Flat
4.0,2.7046418,4.4823976,Chevron
5.0,2.3326426,3.2127886,Frequency_Jump
6.0,4.322674,-1.1961985,Chevron
7.0,11.349762,5.4758444,Flat
8.0,3.882935,-2.202274,Complex
1.0,3.063759,-3.1873636,Complex
2.0,3.0069716,-3.8653111,Chevron
3.0,3.8302028,6.258712,Flat
4.0,2.1314166,2.984241,Chevron
5.0,2.4664645,-2.1636078,Complex
1.0,13.317248,3.3925178,Short
2.0,10.355632,0.42658412,Down
3.0,1.9280852,-1.8791766,Complex
4.0,1.9255295,-1.8744235,Complex
5.0,7.9050293,6.027551,Flat
6.0,1.804565,2.9130929,Frequency_Jump
7.0,4.0796943,2.8182588,Flat
8.0,3.353336,1.6630368,Chevron
9.0,3.175409,1.4234093,Down
10.0,4.7788744,-1.92051,Chevron
11.0,4.985061,1.4946611,Flat
12.0,3.4640913,1.7679166,Frequency_Jump
13.0,15.190874,2.7325368,Short
1.0,9.07439,-0.86961335,Chevron
2.0,8.523929,3.242748,Down
3.0,6.076253,-5.4627666,Complex
1.0,12.145276,4.5918803,Down
2.0,14.162455,5.5026507,Short
3.0,9.9341,5.8443494,Flat
1.0,5.7129984,-2.18274,Chevron
1.0,1.6315494,4.419923,Frequency_Jump
2.0,2.9904892,3.6336086,Chevron
3.0,4.036458,-1.2908316,Complex
4.0,2.4852958,3.7794073,Frequency_Jump
5.0,5.491799,-2.3924847,Down
1.0,11.138546,1.5681826,Down
2.0,2.444985,0.43279958,Complex
3.0,2.4429998,0.4332019,Complex
4.0,2.2950373,2.454232,Chevron
5.0,3.2550502,1.8932872,Frequency_Jump
6.0,9.326615,2.9768622,Down
7.0,11.344112,1.184294,Flat
8.0,2.1826713,-0.47457603,Complex
9.0,4.131836,1.7003273,Frequency_Jump
10.0,2.6946898,3.0950649,Frequency_Jump
11.0,5.2540736,3.4529417,Flat
12.0,4.3659167,-2.630729,Chevron
13.0,4.6746435,-1.8502077,Chevron
14.0,11.383449,1.6888634,Chevron
15.0,5.0937085,-1.5864699,Chevron
16.0,12.200984,3.3160083,Short
17.0,4.821081,-1.7080544,Chevron
18.0,8.304052,4.915269,Flat
19.0,4.309788,-2.5481176,Chevron
1.0,1.9726285,7.56549,Flat
2.0,4.5239024,0.7602401,Down
1.0,4.1721997,-1.8139229,Chevron
2.0,7.1339154,6.7302775,Flat
3.0,1.7482815,4.2024384,Chevron
4.0,2.0819223,4.4384365,Frequency_Jump
5.0,3.7076576,3.5577388,Flat
6.0,3.2098844,4.063871,Chevron
1.0,8.379619,1.6366475,Down
2.0,1.9733678,4.174497,Down
3.0,1.8832371,4.636494,Chevron
4.0,4.9356174,5.5382447,Flat
5.0,1.7334974,4.56563,Down
6.0,1.7256774,4.543759,Frequency_Jump
7.0,8.581084,5.9753237,Flat
1.0,5.779538,-5.8703327,Complex
2.0,7.7178254,-4.5109673,Chevron
3.0,3.876312,1.4715012,Frequency_Jump
4.0,2.9178724,2.1045635,Frequency_Jump
5.0,2.1399784,-2.718705,Complex
6.0,10.143671,0.8225133,Down
7.0,4.7199397,2.9096181,Flat
8.0,3.4809172,-1.2487195,Complex
9.0,13.869017,5.4753585,Short
1.0,8.215512,3.8241713,Flat
2.0,3.9425628,3.1639621,Flat
3.0,3.0939238,1.3599938,Chevron
4.0,5.5143785,-4.991397,Complex
1.0,7.3545322,-5.018341,Short
2.0,12.133049,4.499474,Down
3.0,2.5401556,-1.7815897,Complex
4.0,2.5515754,-1.7532907,Complex
5.0,9.118779,5.782369,Flat
6.0,3.2600691,3.1614947,Frequency_Jump
7.0,2.9900873,-0.16613625,Chevron
8.0,13.5930395,0.9522481,Short
9.0,12.144298,1.3538167,Down
10.0,4.948764,3.435141,Flat
11.0,3.758139,2.309697,Flat
12.0,5.9376025,-5.150355,Short
1.0,13.350066,3.5978484,Short
2.0,11.250741,0.340449,Down
3.0,11.10223,2.8583682,Up
4.0,7.1636634,4.0151415,Flat
5.0,4.7337646,2.3705912,Flat
6.0,3.1927369,1.8764269,Frequency_Jump
7.0,6.7820497,4.9869733,Flat
8.0,10.998928,1.588672,Down
9.0,3.4721863,-1.3339437,Complex
10.0,9.563886,3.5854073,Flat
11.0,10.584119,5.0270176,Down
12.0,5.1226354,3.0001624,Flat
13.0,2.6609168,-1.0339407,Complex
14.0,7.7346954,2.7392564,Down
15.0,11.848558,2.1599302,Up
16.0,10.079728,3.6382234,Down
17.0,9.788842,4.1831326,Flat
18.0,4.041826,3.0896742,Flat
19.0,2.5387106,1.4226876,Down
20.0,3.7137911,1.81985,Flat
21.0,5.8085938,-5.3690886,Complex
22.0,13.892282,1.0421014,Short
23.0,8.612839,3.6787062,Down
24.0,10.105811,0.77972573,Chevron
1.0,9.213103,5.7564797,Flat
2.0,9.665897,4.6369295,Down
3.0,9.678752,4.636851,Down
1.0,6.8211975,-5.5335174,Short
2.0,10.341747,0.438794,Down
3.0,10.360475,0.4347529,Down
4.0,3.6370254,2.8994062,Chevron
5.0,2.312511,-3.8462849,Short
1.0,3.9182332,0.5026524,Frequency_Jump
2.0,3.2668312,-4.3347707,Short
3.0,5.653946,-5.4990296,Complex
4.0,3.254994,3.110878,Frequency_Jump
5.0,6.6459575,5.051693,Flat
6.0,7.2359176,-4.9851346,Chevron
7.0,4.6595006,-1.5936174,Chevron
8.0,3.7091882,-0.7970777,Chevron
9.0,4.003611,3.1400778,Flat
10.0,3.5435002,1.6833552,Flat
11.0,4.2820888,2.0369327,Down
12.0,8.918044,2.9882,Flat
13.0,4.150939,0.61337554,Frequency_Jump
14.0,5.441668,-4.552923,Chevron
1.0,9.888359,3.460826,Down
2.0,10.4917965,0.8442606,Flat
3.0,2.713909,4.9365497,Down
1.0,7.3815947,6.734603,Flat
1.0,3.5472202,1.9615526,Frequency_Jump
2.0,3.3837864,-2.4956572,Complex
3.0,4.6358323,0.54971147,Down
4.0,4.253091,-3.2623293,Chevron
5.0,4.910076,-3.3698294,Chevron
1.0,4.598014,-0.5773913,Chevron
2.0,2.7158206,5.7757297,Flat
3.0,1.7907977,4.579696,Frequency_Jump
4.0,2.3859575,2.3886607,Frequency_Jump
5.0,5.8056345,-1.6876568,Flat
6.0,4.310619,-2.6566255,Chevron
1.0,6.9138036,-5.399836,Complex
2.0,4.0405207,-2.7696047,Complex
3.0,3.7516053,-0.602484,Frequency_Jump
4.0,5.077004,2.972739,Flat
5.0,12.325201,3.778773,Flat
6.0,12.931362,6.2792664,Short
7.0,7.628372,-4.3344135,Chevron
8.0,8.764261,5.5831056,Flat
9.0,8.280432,3.6846077,Down
10.0,5.6911798,-3.9756517,Chevron
11.0,7.6000357,3.4957628,Flat
12.0,7.3986936,4.1946054,Flat
13.0,11.891244,4.9838967,Short
1.0,6.1338286,-5.231768,Complex
2.0,7.912626,4.680039,Flat
3.0,13.102338,4.6698008,Up
4.0,7.189744,-5.161959,Short
1.0,7.9680233,-4.419619,Up
2.0,12.613056,4.1485963,Down
3.0,13.912308,5.252615,Short
4.0,13.914513,5.2647734,Short
1.0,4.8974257,1.2985799,Chevron
2.0,2.4899652,-0.6032738,Complex
3.0,5.6470637,-5.740025,Complex
4.0,5.5742383,-5.6419563,Complex
1.0,12.7934885,3.4321055,Short
2.0,11.100617,-0.18457578,Down
3.0,11.1199255,-0.18132915,Down
4.0,11.106061,-0.18435642,Down
5.0,11.106332,-0.19191915,Down
6.0,11.105867,-0.18543392,Down
7.0,11.117667,-0.17468558,Down
8.0,12.534656,-0.7867345,Down
1.0,2.2482724,1.5055691,Frequency_Jump
2.0,6.8468595,7.050303,Flat
3.0,1.8471947,4.6323013,Chevron
4.0,5.6265335,6.3888454,Flat
5.0,3.0710356,3.8075316,Frequency_Jump
6.0,8.589786,2.2253413,Down
7.0,12.782645,-0.424587,Flat
8.0,3.8293784,-0.59901816,Chevron
9.0,4.5634303,3.1638455,Flat
10.0,12.079983,4.5481625,Down
11.0,2.7374341,-3.8461835,Short
12.0,8.873073,5.7869897,Flat
13.0,4.0166445,6.6488867,Flat
14.0,2.4840143,4.397215,Frequency_Jump
15.0,4.575088,3.3425863,Flat
16.0,4.711422,1.1478822,Frequency_Jump
1.0,11.215923,1.499161,Down
2.0,3.0816774,1.6436033,Chevron
3.0,2.6717913,5.4079595,Flat
4.0,2.92182,4.8987613,Flat
5.0,2.070184,6.6807795,Chevron
6.0,6.3469872,5.315344,Flat
7.0,4.4120507,3.8792403,Flat
8.0,3.2808566,1.9758433,Down
9.0,4.3945923,3.7563612,Flat
10.0,8.723269,5.871828,Flat
11.0,3.2333612,-1.4749814,Complex
12.0,2.299534,-3.8818314,Short
1.0,11.275767,5.4205074,Flat
2.0,11.806124,1.1182752,Down
3.0,11.170844,1.2008147,Down
4.0,6.2694793,5.404142,Flat
5.0,8.496891,2.851714,Down
1.0,1.6840875,6.9335675,Chevron
2.0,2.6009805,3.845912,Down
3.0,3.6569476,3.3587785,Frequency_Jump
4.0,5.5642476,4.919238,Flat
5.0,5.639393,4.9644203,Flat
6.0,3.2999184,1.1718018,Frequency_Jump
7.0,8.473322,5.0334935,Flat
8.0,2.2102444,2.1127663,Chevron
9.0,3.673575,3.2599614,Flat
10.0,4.4783835,3.103736,Flat
11.0,5.4485345,-1.5080999,Complex
12.0,4.617541,0.85148335,Flat
1.0,11.3929405,5.1570263,Down
1.0,6.7558827,-4.65681,Chevron
2.0,4.7036514,12.392751,Frequency_Jump
3.0,1.9368807,-3.1675463,Complex
4.0,8.820363,3.505182,Down
5.0,4.834465,2.4448037,Flat
6.0,6.6127405,5.0911527,Flat
7.0,6.550056,5.137791,Flat
8.0,6.310206,4.8857193,Flat
9.0,4.292788,-3.7718682,Up
1.0,6.2144194,-5.137952,Complex
2.0,2.2587326,1.3993756,Down
3.0,2.5330696,1.8847669,Down
4.0,6.5724483,6.6558266,Down
5.0,6.15221,5.3963013,Flat
6.0,2.3904188,2.554164,Frequency_Jump
7.0,3.1788707,-0.86932707,Chevron
8.0,13.974444,1.0549749,Short
9.0,11.960792,1.0577353,Short
1.0,13.230708,-0.15905182,Flat
2.0,6.4364276,-4.9510193,Chevron
3.0,2.8168843,1.3068572,Chevron
4.0,4.2585864,-1.6830862,Chevron
1.0,12.02107,1.7485242,Down
2.0,11.613464,0.6587577,Flat
3.0,11.608146,0.61674184,Flat
4.0,2.15983,4.9412007,Frequency_Jump
5.0,4.5419507,5.6173315,Flat
6.0,2.1438353,4.3182964,Chevron
7.0,4.47383,-1.133894,Chevron
8.0,8.644631,2.098791,Down
9.0,2.8943129,-1.2218469,Complex
10.0,4.62985,6.8003182,Down
11.0,9.5858135,2.0371869,Flat
12.0,8.242054,2.1156964,Flat
1.0,2.4088576,3.475377,Frequency_Jump
2.0,2.346684,3.0966346,Chevron
3.0,13.552177,5.9136,Short
1.0,6.1790624,0.95917284,Flat
2.0,1.904595,4.6784635,Chevron
3.0,2.2656114,5.340062,Frequency_Jump
4.0,1.6470563,4.393601,Chevron
5.0,3.1186285,5.7149267,Flat
6.0,5.089955,6.5213833,Flat
7.0,5.8740983,-4.8109384,Chevron
1.0,9.530669,0.8463805,Down
2.0,2.6237364,4.5128417,Down
3.0,2.3051627,5.3180437,Frequency_Jump
4.0,2.5542612,4.2437325,Down
5.0,5.137575,-1.3804953,Chevron
6.0,2.0370867,3.794719,Down
7.0,2.1600976,6.7064986,Flat
8.0,5.8884892,-1.6843293,Flat
1.0,10.502512,0.277446,Down
2.0,2.9270725,-1.7802547,Complex
3.0,2.3610756,2.8668873,Chevron
4.0,6.8563266,6.809274,Flat
5.0,2.542117,4.586055,Frequency_Jump
6.0,2.315691,4.2050157,Chevron
7.0,6.065046,7.331126,Flat
8.0,1.1900359,3.1512618,Chevron
9.0,4.8436437,0.76027876,Down
10.0,3.8259208,-2.8275197,Complex
1.0,2.0717523,-1.4388763,Complex
2.0,2.2342632,1.1904728,Chevron
3.0,3.9824202,3.208734,Chevron
4.0,3.6146686,1.8704089,Flat
5.0,2.0971446,-1.5668473,Complex
1.0,8.54064,3.8952434,Flat
2.0,8.943662,1.2492055,Chevron
3.0,4.2368574,0.0020542373,Down
1.0,13.371437,5.5585213,Short
2.0,12.717123,-0.577264,Short
3.0,12.768885,-0.5549143,Short
4.0,9.066693,5.323085,Flat
5.0,3.249438,2.092334,Chevron
6.0,5.3513546,2.633684,Chevron
7.0,4.1287556,2.9241996,Flat
8.0,3.971693,2.8638535,Flat
9.0,6.7398877,5.214527,Flat
10.0,5.0813584,2.927593,Flat
11.0,8.837615,4.972673,Flat
12.0,10.302032,4.73634,Down
13.0,4.9417467,2.1252713,Down
14.0,6.2462463,-5.020015,Complex
1.0,4.686216,1.9992589,Down
2.0,4.523636,3.2274728,Flat
3.0,3.0008378,2.4396672,Frequency_Jump
4.0,2.2918117,1.5999322,Frequency_Jump
5.0,9.487056,0.8212888,Down
6.0,9.989334,0.8738792,Down
7.0,13.322463,1.1537493,Down
8.0,9.11183,2.6488838,Down
9.0,9.137081,1.495851,Flat
10.0,3.1517768,2.0643365,Chevron
11.0,3.5828426,3.5251272,Frequency_Jump
12.0,3.9992595,-4.4410405,Short
1.0,5.2368894,-5.626981,Complex
1.0,14.66883,2.1892648,Short
2.0,8.657629,2.030115,Down
3.0,3.3228014,2.117653,Chevron
4.0,8.585895,2.8012192,Down
1.0,13.658691,5.5319905,Short
2.0,11.023672,1.0920023,Down
3.0,13.504458,0.31669492,Short
4.0,7.296185,4.557635,Flat
5.0,4.3892903,2.7817483,Flat
6.0,3.525462,1.2915151,Down
1.0,8.659738,6.0086546,Flat
2.0,2.9688559,2.7578504,Frequency_Jump
3.0,3.7283938,4.299367,Flat
4.0,6.479943,5.151484,Flat
5.0,3.241433,2.0323606,Flat
6.0,4.6159096,5.1354065,Flat
7.0,3.8347514,0.2834642,Frequency_Jump
8.0,4.9704523,2.9343898,Flat
9.0,5.637822,-4.7531524,Chevron
10.0,13.040284,6.3043346,Short
1.0,8.47829,-0.24690105,Short
2.0,12.389152,-0.29664725,Short
3.0,3.0273323,1.4525881,Chevron
4.0,3.928326,3.8751373,Flat
5.0,4.565521,2.2798116,Flat
1.0,13.136247,4.181625,Short
2.0,5.3624287,5.9112573,Flat
3.0,4.092539,3.204372,Flat
4.0,4.4846826,2.868996,Flat
5.0,5.5434656,-2.2858727,Up
1.0,12.468633,-0.6385322,Down
2.0,5.6798224,6.4523387,Flat
3.0,3.2213817,1.5445057,Frequency_Jump
4.0,3.8908665,-1.3224287,Chevron
5.0,12.442378,6.084205,Short
6.0,5.214859,6.0487475,Down
7.0,4.8910565,2.4402924,Flat
8.0,4.5001893,3.4550993,Flat
9.0,2.5814986,2.3793776,Down
10.0,4.138171,4.690673,Flat
11.0,6.214091,5.402412,Flat
12.0,6.451685,5.2178054,Flat
13.0,3.3262053,3.6136966,Frequency_Jump
14.0,2.9784627,3.8334658,Frequency_Jump
15.0,4.0018687,4.878194,Flat
16.0,2.0348146,-3.2933152,Complex
1.0,4.6135855,1.1361581,Frequency_Jump
2.0,3.3024573,1.0950888,Frequency_Jump
1.0,7.835463,6.565645,Flat
2.0,2.1743264,3.4214087,Chevron
3.0,5.747299,6.2099605,Flat
4.0,2.3967175,3.877973,Down
1.0,3.8925579,-0.37135148,Frequency_Jump
2.0,3.524918,5.6662946,Flat
3.0,4.8271604,6.3478465,Down
4.0,4.1339273,-2.56192,Complex
1.0,4.7143173,2.2890418,Flat
2.0,2.3893385,-0.5571218,Chevron
3.0,5.82505,-5.1608357,Chevron
4.0,12.125884,3.4964354,Down
5.0,9.042499,5.0041494,Flat
6.0,3.238805,1.1264961,Frequency_Jump
7.0,2.9048924,2.8245518,Frequency_Jump
8.0,3.1361926,-1.2176069,Complex
9.0,11.314489,3.8128266,Flat
10.0,7.9274144,3.2907999,Flat
11.0,3.8117228,3.0184853,Flat
12.0,2.8675687,-3.8535528,Complex
1.0,3.2763832,-2.2178617,Short
2.0,3.2694006,3.6996229,Frequency_Jump
3.0,5.9461904,5.3229084,Flat
4.0,6.2004666,5.4596863,Flat
5.0,2.118783,4.664896,Frequency_Jump
6.0,3.1737344,3.7141411,Frequency_Jump
7.0,3.8782742,2.4792309,Flat
8.0,12.050281,4.4700613,Down
9.0,5.2029877,-2.5120075,Chevron
10.0,6.1466546,5.4590735,Flat
11.0,6.112428,4.8208833,Flat
1.0,3.8498669,-1.552202,Chevron
2.0,1.8269893,-4.3557773,Short
1.0,2.236934,5.081855,Frequency_Jump
2.0,2.0732734,4.413538,Frequency_Jump
3.0,2.3535972,5.1708255,Chevron
4.0,5.823266,5.8936224,Flat
5.0,2.2273967,5.254267,Frequency_Jump
6.0,2.2194104,5.2728996,Frequency_Jump
7.0,2.4600625,3.8539495,Chevron
8.0,14.422178,3.809526,Short
1.0,4.546921,7.1955075,Down
2.0,4.0608277,6.3259053,Flat
3.0,4.730914,0.40634173,Flat
4.0,3.028251,-3.391393,Short
1.0,11.043183,1.9805732,Down
2.0,5.060097,-0.92096627,Chevron
3.0,2.1950092,3.4736807,Chevron
4.0,3.159135,5.8173294,Flat
5.0,4.2918386,5.883028,Flat
6.0,4.649307,6.6767993,Flat
1.0,14.113986,5.7314167,Short
1.0,5.053858,-3.4666533,Down
2.0,11.948748,4.4898424,Down
1.0,13.2798195,5.6965632,Short
1.0,13.191315,5.681238,Short
1.0,3.4026024,-0.604158,Frequency_Jump
1.0,6.9219046,-5.477286,Complex
1.0,10.975788,2.0934994,Down
1.0,12.01679,4.4866276,Flat
1.0,12.183677,1.4285817,Down
2.0,4.108788,7.465068,Flat
3.0,4.1243725,7.4606113,Flat
4.0,3.366004,5.2687063,Chevron
5.0,2.4297616,3.7941287,Frequency_Jump
6.0,3.9620757,6.550669,Down
7.0,10.822369,2.2043753,Down
8.0,11.883111,0.78798866,Up
9.0,5.2701735,-1.2610632,Down
10.0,4.019285,6.9750075,Down
11.0,2.4366767,5.22066,Flat
12.0,3.3783338,5.8941417,Flat
13.0,2.550402,3.957962,Flat
14.0,5.609844,-1.9928826,Chevron
1.0,13.18695,1.9834784,Short
2.0,9.813509,1.90346,Flat
3.0,1.9847124,4.0286646,Down
4.0,2.4887447,4.1903753,Flat
5.0,3.9661396,5.0800047,Flat
6.0,5.7434616,-1.2171086,Flat
7.0,12.445364,3.7554557,Up
1.0,4.072787,6.679325,Down
2.0,5.870855,7.7924967,Flat
3.0,5.8657846,7.8051376,Flat
4.0,5.8711123,7.7912,Flat
5.0,5.8699017,7.7945576,Flat
6.0,5.8688464,7.792011,Flat
7.0,5.868668,7.7998614,Flat
8.0,5.8641677,7.801495,Flat
9.0,5.8697066,7.7914147,Flat
1.0,8.89044,1.4070076,Flat
2.0,5.5548944,6.6524534,Flat
3.0,3.764377,4.4091578,Flat
4.0,4.4769235,-2.9434347,Chevron
1.0,12.234304,5.8096275,Flat
2.0,5.608299,7.0527883,Flat
3.0,2.469484,3.4036791,Flat
4.0,2.2089036,3.0512054,Chevron
5.0,4.7226315,2.264872,Flat
6.0,5.2053504,-2.3159318,Chevron
1.0,8.404376,1.6029075,Down
2.0,3.4002454,5.8779936,Flat
3.0,3.425073,5.4231524,Flat
4.0,4.7765727,6.333469,Down
5.0,12.125572,1.864108,Short
6.0,11.385443,5.2164164,Short
7.0,4.0267115,6.6038184,Down
8.0,4.380473,7.089271,Down
9.0,4.615434,3.060014,Flat
10.0,4.337498,-3.0345972,Chevron
1.0,4.7375865,7.5168676,Down
2.0,3.899407,6.8552423,Down
3.0,6.3648434,6.3820457,Flat
4.0,1.1398782,3.1024039,Chevron
5.0,4.6367254,6.6584897,Down
6.0,3.8634498,-2.7617583,Short
1.0,4.010246,6.863186,Down
2.0,1.885366,3.6757722,Frequency_Jump
3.0,1.9239814,3.6690946,Frequency_Jump
4.0,5.6388907,6.422178,Flat
5.0,2.1669543,4.758406,Frequency_Jump
6.0,5.755551,-1.2732656,Chevron
1.0,2.463451,-3.3414779,Complex
1.0,11.208453,0.8108518,Down
2.0,11.641125,0.1543511,Down
3.0,1.6810756,4.4859204,Frequency_Jump
4.0,1.5866084,4.2831187,Chevron
5.0,5.5527387,6.7849827,Flat
6.0,2.872794,3.7936041,Frequency_Jump
7.0,5.782173,-1.8749206,Chevron
1.0,9.855759,2.0376964,Down
2.0,2.1862402,3.0095413,Chevron
1.0,2.4678788,6.8428383,Flat
1.0,13.0884,2.2502534,Down
2.0,11.754265,1.658501,Down
3.0,5.0813093,3.5098019,Flat
4.0,2.6339812,0.9027495,Chevron
5.0,2.3075514,1.6962237,Down
6.0,7.310438,6.5341125,Down
7.0,4.9180803,3.3871088,Flat
8.0,6.397812,5.248225,Flat
9.0,3.530057,1.5531664,Down
1.0,9.409888,3.910786,Down
2.0,8.970656,1.382052,Flat
3.0,5.3731294,3.6008542,Flat
4.0,15.546776,3.0611067,Flat
1.0,6.892839,-5.018587,Chevron
2.0,1.898137,7.0161753,Frequency_Jump
3.0,13.750645,5.363598,Short
1.0,8.989461,1.3385373,Up
2.0,3.1987956,4.0541,Frequency_Jump
3.0,3.8370845,3.3016334,Frequency_Jump
4.0,5.7261267,5.0450263,Flat
5.0,2.7505503,2.4990606,Frequency_Jump
6.0,2.8597348,-0.7276675,Chevron
7.0,2.07714,-3.2918134,Complex
8.0,4.3570733,-3.7390244,Chevron
1.0,5.797129,-5.7480073,Complex
2.0,12.412968,0.9910279,Short
3.0,13.397557,0.3136542,Flat
4.0,4.595048,0.992123,Flat
5.0,8.735922,2.7549822,Down
6.0,3.4909914,2.1022692,Flat
7.0,10.465697,1.6695734,Down
8.0,5.3704286,5.9476743,Down
9.0,3.4985592,4.330036,Flat
10.0,5.310073,5.926173,Flat
11.0,9.267122,-0.6310291,Chevron
1.0,4.136302,0.5407966,Chevron
2.0,4.3466554,2.342085,Flat
1.0,4.716969,-0.11377082,Chevron
2.0,3.8671918,-0.592104,Chevron
3.0,3.8318086,-0.609418,Chevron
4.0,2.6395707,4.8784666,Frequency_Jump
5.0,7.8505716,6.526994,Up
1.0,13.545166,1.1151148,Short
2.0,2.2655551,6.680075,Flat
3.0,3.0599008,3.032646,Frequency_Jump
4.0,5.023647,-2.1122816,Chevron
5.0,4.8602695,6.774022,Down
6.0,4.771703,3.4562285,Flat
7.0,3.2124906,2.1690364,Chevron
8.0,3.7376764,-0.52239776,Chevron
9.0,5.2486725,6.0184684,Flat
10.0,1.2563095,3.0469048,Frequency_Jump
11.0,7.7046175,-4.502302,Complex
12.0,4.9150496,4.598186,Flat
13.0,1.293581,3.1255178,Chevron
14.0,8.936787,2.7274022,Down
15.0,10.540643,2.849432,Down
16.0,4.424812,4.5248003,Flat
17.0,5.007148,1.4610842,Flat
18.0,13.451209,5.444076,Short
1.0,11.107286,1.1976405,Short
2.0,3.9122927,-0.045253154,Chevron
3.0,8.743282,1.4808222,Down
4.0,10.146999,0.9260314,Down
5.0,12.425388,2.1971467,Flat
6.0,2.195104,1.2429081,Chevron
7.0,5.8708797,6.0703897,Flat
8.0,2.0447102,3.8613446,Down
9.0,1.9869028,2.6736286,Frequency_Jump
10.0,4.698125,2.284709,Down
11.0,14.0098505,5.890895,Short
1.0,1.8010666,-4.4247165,Short
2.0,2.244375,7.709053,Flat
1.0,8.838692,1.1555814,Down
2.0,2.2455382,4.948721,Flat
3.0,2.2251503,4.98824,Frequency_Jump
4.0,4.3800607,4.738263,Flat
5.0,4.513858,5.214856,Flat
6.0,4.5213113,6.6542244,Flat
7.0,6.83682,6.7698884,Flat
8.0,4.7375135,0.18500476,Flat
9.0,2.1769469,6.740565,Flat
10.0,3.7041476,5.917306,Flat
1.0,13.008111,1.1939123,Short
2.0,4.3083467,7.202293,Flat
3.0,2.4385333,5.246104,Frequency_Jump
4.0,2.2551446,6.7896647,Flat
5.0,5.370076,-1.2252002,Chevron
1.0,4.963137,-1.4826521,Chevron
2.0,2.839422,1.9811659,Chevron
3.0,6.595814,5.17404,Flat
4.0,3.8706093,3.181982,Frequency_Jump
5.0,6.578584,5.071414,Flat
6.0,2.1674037,1.1506543,Complex
7.0,4.7624497,2.938863,Flat
8.0,5.0354524,-2.3877182,Chevron
1.0,3.2279048,-3.9424105,Chevron
1.0,14.685795,2.2623012,Flat
2.0,1.7465016,7.23253,Chevron
3.0,4.4889836,4.3592944,Flat
4.0,8.807906,3.5250258,Down
5.0,3.1313689,1.6547254,Frequency_Jump
6.0,6.273721,5.3151073,Flat
7.0,3.9842832,4.7366157,Chevron
8.0,3.8684778,0.47752988,Frequency_Jump
9.0,2.4673035,-4.1633673,Short
1.0,12.492147,0.98433465,Short
2.0,9.702179,1.8346633,Chevron
3.0,1.5031383,4.14295,Chevron
4.0,3.0044394,5.476822,Flat
5.0,3.8648093,4.8765373,Flat
6.0,5.991113,-2.3684356,Flat
7.0,1.2549137,3.240423,Chevron
8.0,3.3027792,4.1280665,Chevron
9.0,4.603608,7.109599,Flat
10.0,5.425668,7.3524103,Flat
11.0,4.835395,6.665714,Down
12.0,9.811786,3.110687,Flat
13.0,7.2024612,6.7150793,Flat
14.0,2.1850226,6.598684,Chevron
15.0,6.1982927,6.9854097,Flat
16.0,5.1474357,6.6288733,Flat
1.0,2.164412,3.3096735,Chevron
2.0,4.8613453,0.025810761,Chevron
3.0,2.191542,3.0491476,Chevron
4.0,2.6734257,4.3140326,Frequency_Jump
5.0,2.5996132,-3.6233406,Complex
1.0,3.151659,-0.9247751,Complex
2.0,3.292201,-0.86576545,Chevron
1.0,5.1604376,-1.3478893,Down
2.0,4.8470283,5.868166,Flat
3.0,2.8038173,4.0330396,Flat
4.0,3.3793762,5.6253963,Flat
5.0,1.8025438,4.519744,Down
6.0,2.8299847,4.785382,Frequency_Jump
7.0,4.5643325,-3.0649025,Chevron
1.0,4.951641,5.7816987,Flat
2.0,4.6830583,6.864238,Flat
3.0,6.911138,6.7725945,Flat
4.0,2.1118634,5.0784955,Chevron
5.0,3.7370832,2.7693753,Flat
6.0,8.9034395,-0.031806447,Down
7.0,2.6436694,3.9904926,Down
8.0,4.690193,6.5545964,Flat
9.0,3.3666239,6.3191504,Flat
10.0,3.5480006,5.366061,Flat
11.0,2.5968258,4.620655,Flat
12.0,3.1468842,5.255608,Flat
13.0,3.907225,4.8700356,Flat
14.0,3.472789,5.3388023,Flat
15.0,3.5919724,-1.6740677,Complex
16.0,4.1925583,5.485483,Flat
17.0,6.1552987,6.9246836,Flat
18.0,7.343681,6.6982102,Flat
19.0,3.223135,1.9834573,Frequency_Jump
20.0,6.0804844,-5.326182,Complex
21.0,12.703325,0.64325804,Flat
1.0,6.4657493,-4.846525,Complex
2.0,2.1720035,3.4634578,Chevron
3.0,2.7979586,5.8059793,Flat
4.0,4.666418,7.0378428,Up
5.0,5.992713,-1.7191986,Flat
1.0,5.6355505,6.9307327,Flat
2.0,5.0677924,5.8497877,Flat
3.0,13.918311,3.522144,Short
4.0,9.846445,3.387763,Down
5.0,5.1821227,6.17234,Down
6.0,4.755205,3.409329,Flat
7.0,5.4937906,-5.2025905,Short
1.0,6.504058,6.647192,Flat
2.0,3.2960823,4.807314,Frequency_Jump
3.0,1.8263228,4.3715034,Frequency_Jump
4.0,3.4279356,5.6843467,Flat
5.0,6.656613,6.961268,Flat
1.0,3.2441885,-4.5081596,Short
1.0,11.472515,1.0996703,Down
2.0,12.247326,1.3684653,Down
1.0,3.9275408,6.64981,Flat
2.0,1.8711314,4.558998,Chevron
3.0,6.115591,7.28792,Flat
4.0,2.3504837,3.9969578,Frequency_Jump
1.0,8.921083,-0.6649181,Chevron
2.0,9.752328,2.0031803,Flat
3.0,9.748789,1.9999627,Flat
4.0,9.758475,2.005832,Flat
5.0,9.745523,2.0132375,Flat
6.0,9.751782,2.010054,Flat
7.0,9.755542,2.019193,Flat
8.0,9.752785,2.0176587,Flat
9.0,4.2061977,-2.1016133,Chevron
10.0,4.868216,-1.3523289,Chevron
11.0,3.7799413,6.3375106,Flat
12.0,2.963477,5.5008745,Flat
13.0,9.877442,3.0539174,Flat
1.0,2.641664,6.3255706,Flat
2.0,2.9449062,4.813156,Flat
3.0,2.961403,5.7358675,Down
4.0,1.8604264,4.5872803,Chevron
5.0,1.748162,4.534773,Frequency_Jump
6.0,7.026277,6.743547,Flat
7.0,3.9505324,4.967041,Flat
8.0,5.380311,-0.23171036,Down
1.0,12.824129,1.4597461,Short
2.0,2.6500895,4.9017477,Frequency_Jump
3.0,6.0214677,-1.6509215,Chevron
4.0,4.592865,5.323629,Flat
5.0,4.3113894,-3.3409915,Chevron
6.0,3.2472289,-3.417277,Short
1.0,11.066239,1.9639993,Down
2.0,2.5023882,4.972927,Down
3.0,2.1807477,4.376884,Frequency_Jump
4.0,1.8352382,4.541074,Frequency_Jump
5.0,9.867269,3.0664692,Flat
6.0,3.5269442,5.5707364,Flat
7.0,3.0230603,5.3308773,Flat
8.0,3.1177034,3.5746233,Frequency_Jump
9.0,6.63225,6.564522,Flat
1.0,13.211436,1.8039614,Short
2.0,4.4105105,6.736664,Down
1.0,13.492179,4.339131,Short
2.0,4.1168056,7.1300516,Down
1.0,12.484559,1.8348792,Flat
2.0,3.9312634,4.836374,Flat
3.0,10.361633,4.438303,Flat
4.0,4.8917437,-2.667652,Down
1.0,4.0046067,7.108714,Chevron
2.0,8.477862,1.6041813,Flat
3.0,8.494989,1.5852091,Flat
4.0,2.1155028,4.4614778,Frequency_Jump
5.0,2.6679118,3.730529,Down
6.0,5.0015554,-2.778926,Chevron
7.0,3.0540936,-3.8201792,Short
1.0,8.97233,-0.32894066,Up
2.0,1.7166303,7.351478,Flat
3.0,2.2392943,4.7458234,Frequency_Jump
4.0,3.2818809,5.3189926,Flat
5.0,2.0999355,4.5044804,Frequency_Jump
6.0,2.4091463,3.8088558,Flat
7.0,3.63294,4.9537416,Flat
8.0,3.4867253,4.386355,Chevron
9.0,3.5781775,5.4935436,Flat
10.0,4.6888447,6.56504,Down
1.0,7.32498,6.689726,Flat
2.0,8.993276,-0.08419529,Flat
3.0,4.817463,0.23842408,Flat
4.0,4.2674828,3.2548833,Down
5.0,4.4677916,5.2388577,Flat
1.0,10.493703,0.56678677,Down
2.0,2.411159,2.6665578,Down
3.0,5.649721,6.952844,Flat
4.0,2.591107,4.32447,Frequency_Jump
5.0,5.279103,-2.259872,Chevron
1.0,8.7369795,1.2833948,Flat
1.0,12.682217,6.2065096,Down
2.0,2.8350108,5.5209813,Flat
3.0,5.712289,6.8102283,Flat
4.0,3.912888,4.8467474,Flat
5.0,10.222192,2.9687402,Up
6.0,4.541666,6.515526,Flat
7.0,3.215031,5.2386193,Flat
8.0,2.7156472,5.6441145,Down
9.0,6.706441,7.1122284,Flat
10.0,6.008546,6.789542,Flat
11.0,2.8586159,4.1686625,Chevron
12.0,4.831253,6.5247374,Flat
13.0,4.7743196,-0.234989,Chevron
1.0,4.228017,7.19378,Down
2.0,2.1058288,3.3847852,Down
3.0,1.9856505,6.6330886,Frequency_Jump
4.0,6.106452,7.2456617,Flat
5.0,4.3487167,5.2302547,Flat
6.0,3.6259024,-2.8747036,Complex
1.0,4.407556,-0.8825082,Chevron
2.0,2.229582,4.7883406,Chevron
3.0,2.2266176,5.285769,Frequency_Jump
4.0,2.5783734,3.8746324,Down
5.0,5.283224,-2.301977,Up
1.0,5.074968,6.179484,Down
2.0,4.0121036,6.7475386,Down
3.0,3.1771412,5.6464534,Flat
4.0,1.6817021,4.149362,Down
5.0,3.3460994,5.336686,Flat
6.0,5.938622,1.3592002,Flat
7.0,3.7427058,3.7694213,Flat
8.0,6.0806675,6.9004273,Down
9.0,3.529127,5.574858,Flat
10.0,4.0226374,5.3600645,Flat
11.0,11.244072,1.9857868,Flat
1.0,4.672827,7.487573,Down
2.0,4.6814227,7.5075755,Down
3.0,4.6757474,7.5017104,Down
4.0,4.6777515,7.5022626,Down
5.0,4.6744795,7.503341,Down
6.0,4.6884236,7.5214086,Down
7.0,4.688024,7.5071735,Down
8.0,4.678378,7.5128236,Down
1.0,7.068286,6.8328266,Flat
2.0,6.897102,7.0408254,Flat
3.0,6.8640914,7.0650663,Flat
4.0,3.5016568,5.898864,Flat
5.0,4.0283666,4.3840265,Flat
1.0,2.3057349,-0.7079647,Complex
2.0,0.9013489,3.9288683,Chevron
3.0,0.88845205,3.9350507,Chevron
4.0,0.8945696,3.9304307,Chevron
5.0,0.89855903,3.9292748,Chevron
6.0,0.89712024,3.9319105,Chevron
7.0,0.8963957,3.9285934,Chevron
8.0,2.9253833,3.8592658,Flat
9.0,4.84984,4.198955,Flat
1.0,9.676695,2.9706633,Down
2.0,0.5316804,18.209307,Frequency_Jump
3.0,0.53167653,18.20932,Frequency_Jump
4.0,0.5316737,18.209328,Frequency_Jump
5.0,0.53166944,18.209335,Frequency_Jump
6.0,0.53166556,18.209349,Frequency_Jump
7.0,0.53166336,18.209354,Frequency_Jump
8.0,4.4706917,5.2678666,Flat
9.0,2.9245298,5.4236484,Flat
10.0,4.3962946,5.671525,Flat
11.0,4.394761,5.871068,Flat
12.0,3.2842581,4.850628,Flat
1.0,3.2865782,-4.011505,Short
2.0,1.7308336,3.1121078,Frequency_Jump
3.0,9.368179,4.1959724,Down
1.0,12.923146,6.391938,Flat
1.0,13.083615,1.4271352,Short
2.0,0.887022,3.9323704,Chevron
3.0,7.051227,6.662443,Flat
4.0,7.013949,6.683289,Flat
5.0,2.4474564,-0.70487106,Complex
6.0,2.7446222,5.067637,Chevron
7.0,2.224808,2.6533473,Chevron
8.0,3.104987,5.459702,Flat
9.0,11.544244,1.1620857,Up
1.0,7.256798,-4.990489,Chevron
2.0,9.129139,1.2835424,Flat
1.0,12.086394,2.7671463,Down
2.0,4.1019487,-0.5679245,Chevron
1.0,7.32889,3.1080034,Flat
2.0,3.168127,3.3148086,Frequency_Jump
3.0,8.954758,2.5612283,Down
4.0,3.3548827,-1.3679873,Complex
5.0,7.1864853,3.7205305,Flat
6.0,2.8852108,2.344327,Flat
7.0,5.482985,2.877834,Flat
8.0,2.9318814,3.7246,Chevron
9.0,2.6330163,3.016514,Up
10.0,7.69196,3.8736453,Flat
11.0,12.223519,1.391849,Up
1.0,7.1807704,-5.009025,Chevron
2.0,12.969329,6.402605,Flat
3.0,12.707968,4.073502,Flat
1.0,1.5624193,7.380536,Chevron
2.0,3.2681208,3.6917968,Frequency_Jump
3.0,4.048823,1.9936694,Down
4.0,14.097199,5.5843396,Short
1.0,13.145215,6.4499946,Short
2.0,12.97445,4.1604166,Flat
3.0,13.423849,6.159066,Short
4.0,13.857095,3.7472684,Short
5.0,8.774167,-0.24400318,Chevron
1.0,4.956258,1.6500524,Flat
1.0,12.650706,0.92296344,Short
2.0,2.1541948,7.669096,Flat
1.0,9.536031,3.7416203,Down
2.0,4.6952243,-0.6178963,Chevron
3.0,8.46835,3.342779,Down
4.0,8.580002,5.2423267,Flat
5.0,6.4621143,-5.64166,Short
1.0,14.164873,1.602601,Short
2.0,12.062415,-0.17285042,Flat
1.0,13.12853,6.410265,Flat
2.0,10.327145,2.4791138,Down
1.0,10.988554,0.5227274,Down
2.0,1.8652564,3.685045,Down
3.0,1.8392962,3.6846871,Down
4.0,4.147531,-0.5311338,Chevron
5.0,2.228665,2.7581398,Chevron
6.0,11.676542,0.6802739,Chevron
1.0,10.176163,2.7603817,Down
2.0,4.661238,6.645456,Up
3.0,4.6549478,6.648444,Up
4.0,5.73878,6.681958,Flat
5.0,5.723496,6.4020195,Flat
6.0,4.2476325,5.165832,Flat
7.0,5.791682,-2.0186338,Flat
8.0,3.9582593,-3.890083,Up
1.0,3.9409778,-0.5714549,Chevron
2.0,2.085688,-1.2870905,Complex
3.0,2.0936663,-1.2840974,Complex
4.0,3.2275918,4.2958746,Frequency_Jump
5.0,3.2000291,0.8279109,Down
6.0,7.5091476,6.5550947,Flat
7.0,7.2035246,3.1793454,Flat
1.0,14.803409,2.4009156,Down
2.0,4.5980525,2.8765078,Flat
3.0,4.3181405,3.601545,Flat
4.0,4.98779,0.027488131,Chevron
5.0,15.135264,2.7646525,Up
1.0,12.485167,5.6189475,Flat
2.0,11.774301,-0.08779425,Down
3.0,11.787989,-0.07033409,Down
4.0,11.78225,-0.08386614,Down
5.0,11.770032,-0.09275721,Down
6.0,11.80701,-0.10028795,Down
7.0,11.738066,-0.0741507,Down
1.0,10.015438,4.742334,Flat
2.0,1.5590432,7.3525577,Complex
3.0,11.297921,1.6309608,Flat
4.0,7.650527,3.4867072,Flat
5.0,12.619647,4.656661,Flat
1.0,11.899621,1.9140366,Up
2.0,5.7219567,5.1362495,Flat
3.0,2.7951655,3.8990185,Frequency_Jump
4.0,6.2092686,4.740232,Flat
5.0,13.778658,1.028769,Short
1.0,6.7149105,-4.941441,Complex
2.0,5.074139,5.8382487,Flat
3.0,9.664139,3.8567,Flat
1.0,3.1734738,4.0848045,Frequency_Jump
2.0,5.762255,-1.2496152,Chevron
3.0,4.5444803,-2.5970933,Complex
1.0,5.2472515,-3.999901,Complex
2.0,11.21433,0.33382717,Down
3.0,3.842316,-0.6288762,Chevron
4.0,3.8629723,-0.63155526,Chevron
5.0,3.866084,-0.64356625,Chevron
6.0,3.2019591,2.6696227,Frequency_Jump
7.0,3.134911,2.1030588,Chevron
8.0,4.4457617,-0.5249136,Chevron
9.0,1.4121791,3.6549907,Chevron
10.0,4.3550506,3.7128408,Flat
11.0,8.349004,3.9673016,Flat
12.0,9.118604,0.02148902,Down
13.0,7.7239594,-4.7498264,Chevron
14.0,2.12322,-3.1421278,Complex
15.0,3.9573197,-2.461601,Complex
16.0,5.669441,-2.6198537,Chevron
17.0,4.15376,-2.1604552,Chevron
1.0,5.7485332,6.451487,Flat
2.0,4.288719,4.5639386,Flat
3.0,3.363233,2.692177,Frequency_Jump
4.0,3.739368,3.9233892,Chevron
5.0,5.921871,6.7289867,Flat
6.0,5.693293,6.51324,Flat
7.0,2.6104069,4.4596343,Flat
1.0,2.5415552,1.2282803,Down
2.0,2.4586935,1.0305123,Down
3.0,2.4966388,1.0382677,Down
4.0,2.4789462,1.0428705,Down
5.0,2.4595203,1.0438024,Down
6.0,5.745539,-4.4555097,Chevron
7.0,12.352781,-0.3466239,Down
1.0,8.731438,-0.6292489,Complex
2.0,13.416241,6.3980474,Short
3.0,13.423273,6.4007545,Short
4.0,13.434155,6.3959703,Short
1.0,1.5942925,7.380927,Flat
2.0,4.6721406,-1.6943103,Frequency_Jump
3.0,8.828725,-0.39175212,Chevron
4.0,3.5723853,1.6988235,Down
5.0,12.825557,6.2533426,Flat
1.0,7.174175,-5.167833,Chevron
2.0,7.509109,4.058196,Flat
1.0,3.9962342,-2.1096337,Chevron
2.0,2.8904397,-0.24560876,Chevron
3.0,1.892831,-2.770551,Complex
4.0,4.2866874,2.0559514,Flat
5.0,3.5187628,1.9556408,Frequency_Jump
6.0,4.45459,2.2377963,Flat
7.0,2.6571727,3.0307739,Frequency_Jump
8.0,4.995033,1.4383885,Flat
9.0,3.3243325,-4.291188,Short
10.0,5.0588903,0.07689298,Down
1.0,9.160889,1.0383708,Down
2.0,4.710864,-0.023935702,Down
3.0,4.69112,-0.012866896,Down
4.0,4.0421386,-0.4120621,Short
5.0,4.756856,-0.4337116,Chevron
1.0,12.769621,4.112716,Short
2.0,10.35968,1.1267154,Down
3.0,10.364749,1.0986733,Down
4.0,13.253187,3.2859657,Short
5.0,11.671398,1.7129698,Flat
1.0,9.229944,0.30228963,Short
2.0,11.167804,2.0572288,Flat
3.0,11.133413,2.0690327,Flat
4.0,7.909925,6.296442,Flat
5.0,6.4145403,5.262862,Flat
6.0,4.834521,3.3997197,Flat
7.0,4.147693,2.977477,Flat
8.0,2.9781466,2.681878,Frequency_Jump
9.0,2.9085355,3.892629,Frequency_Jump
10.0,5.310996,2.916854,Flat
11.0,12.637266,3.0506573,Up
1.0,13.022907,1.8548391,Short
2.0,3.9234543,0.044280067,Down
3.0,3.1689353,3.00452,Frequency_Jump
4.0,5.152336,3.0719965,Flat
5.0,2.7120736,-0.2885833,Chevron
6.0,3.7552552,2.1841486,Frequency_Jump
7.0,3.7890403,-3.1921663,Complex
8.0,5.547658,-4.795403,Complex
1.0,9.317145,5.6428847,Flat
2.0,9.040412,1.2407587,Flat
3.0,14.207057,3.6011698,Short
4.0,4.0121465,-4.4450397,Short
1.0,8.938534,5.583792,Flat
2.0,8.976869,5.8160424,Flat
3.0,9.255368,5.8024774,Flat
4.0,13.847798,5.512161,Short
1.0,4.8012605,-1.7444721,Frequency_Jump
2.0,10.381038,3.678293,Down
3.0,13.098855,4.9012594,Flat
4.0,14.331067,3.8490527,Short
1.0,7.053071,-5.1555853,Chevron
1.0,13.537924,5.531767,Short
2.0,11.799873,4.9995384,Short
1.0,13.828461,5.821202,Short
1.0,14.811584,2.3482778,Short
1.0,3.190809,-4.381942,Short
2.0,-8.193455,4.1861787,Complex
3.0,-8.193478,4.1861835,Complex
4.0,-8.193493,4.186187,Complex
5.0,-8.193495,4.1861873,Complex
6.0,-8.193521,4.1861863,Complex
7.0,-8.193534,4.1861887,Complex
8.0,-8.19354,4.1861925,Complex
9.0,5.14326,-5.536437,Chevron
1.0,7.4079027,-4.661954,Chevron
2.0,10.119987,1.876428,Down
3.0,2.6057642,1.4034878,Chevron
4.0,4.963756,0.20427912,Chevron
5.0,5.3049884,5.9561863,Flat
6.0,4.024536,2.2153797,Flat
7.0,11.081537,3.2882066,Flat
8.0,10.890876,2.5976555,Flat
9.0,12.820444,3.2022605,Down
10.0,2.3662472,1.8296663,Down
11.0,3.2605474,1.942281,Frequency_Jump
12.0,4.634131,2.5416334,Flat
13.0,4.2149057,-2.8718688,Chevron
14.0,13.690028,3.801023,Flat
15.0,11.07732,1.587071,Down
16.0,6.0842957,-4.960177,Complex
17.0,5.2799006,-5.6911936,Complex
18.0,7.695603,-4.8470035,Down
19.0,13.946361,5.7914424,Short
1.0,15.271222,2.7371705,Down
2.0,14.100609,5.758411,Flat
3.0,14.247629,4.8111324,Short
4.0,10.564311,2.8941965,Flat
5.0,10.591083,2.9235098,Flat
6.0,9.205327,5.7133794,Flat
1.0,12.306134,1.753023,Down
2.0,8.586473,1.6765602,Down
3.0,1.8303143,2.7686837,Chevron
4.0,2.1665747,-1.0909766,Complex
5.0,5.2384934,2.799769,Flat
6.0,2.6983442,-0.8993624,Complex
7.0,12.266147,1.6580324,Up
8.0,5.356915,-5.847739,Complex
9.0,9.491911,4.5397544,Down
10.0,13.319303,5.5168524,Flat
1.0,12.096364,0.36716515,Down
2.0,10.540931,0.8501724,Flat
3.0,10.543996,0.8616492,Flat
4.0,10.533886,0.86326766,Flat
5.0,10.548019,0.85841453,Flat
6.0,10.572044,0.8475418,Flat
7.0,10.571509,0.85415584,Flat
8.0,11.676533,0.7864276,Up
9.0,11.414521,5.0320435,Down
10.0,13.404292,4.6556926,Up
1.0,10.8737955,2.22827,Down
2.0,1.9707433,2.7226346,Down
3.0,5.174368,3.170644,Flat
4.0,4.963677,2.4620323,Flat
5.0,2.3346999,-0.7113274,Complex
6.0,7.220813,4.865371,Flat
7.0,4.6073823,3.2285955,Flat
8.0,7.480059,-5.0792613,Chevron
1.0,13.114521,6.372895,Flat
2.0,8.65358,5.156321,Flat
1.0,8.587865,1.6780987,Down
2.0,5.23182,3.5450454,Flat
3.0,1.7289296,3.0114558,Chevron
4.0,12.120875,2.288107,Up
5.0,10.112268,0.8436981,Down
6.0,9.449136,-0.58690536,Chevron
7.0,7.6141677,-4.928874,Chevron
8.0,9.082592,-0.026039535,Chevron
9.0,8.67373,5.2053585,Flat
10.0,5.4976654,-2.3020003,Flat
11.0,12.772542,4.95969,Short
1.0,8.771933,1.5265557,Down
2.0,2.482929,-0.6085191,Complex
3.0,9.419636,-0.5764368,Chevron
1.0,9.059554,2.856287,Down
2.0,7.1745157,3.1793826,Flat
3.0,3.0783963,2.2748978,Down
4.0,2.7743366,1.4484463,Down
5.0,2.4604678,1.2658409,Chevron
6.0,5.7841573,-2.5842335,Down
7.0,4.564925,2.6833062,Flat
1.0,14.733058,2.2382965,Flat
2.0,2.1052744,-1.1417543,Complex
3.0,4.9003434,-0.016084697,Down
1.0,9.092099,5.7611136,Flat
2.0,5.6352534,-2.4980166,Flat
3.0,12.828811,6.229359,Short
1.0,8.498444,1.6129699,Down
1.0,12.629747,5.572652,Flat
2.0,8.553451,1.7399817,Down
3.0,8.567613,1.74448,Down
4.0,8.551617,1.7655841,Down
5.0,8.551167,1.7595775,Down
6.0,8.97505,-0.65658426,Chevron
7.0,9.392607,5.791603,Flat
8.0,9.942602,2.7515275,Flat
9.0,4.035987,0.16015166,Down
10.0,2.0750299,-1.2945772,Complex
11.0,3.5238016,-2.9271467,Complex
12.0,9.939838,4.788666,Flat
13.0,14.080326,5.2548385,Short
1.0,13.912217,0.9896006,Short
2.0,4.8289585,-0.7771026,Chevron
3.0,2.8471458,-1.6535975,Complex
4.0,2.8581576,-1.6461269,Complex
5.0,2.8696082,-1.6470178,Complex
6.0,2.8471735,-1.6455046,Complex
7.0,2.8613513,-1.6485721,Complex
8.0,6.7423253,5.055793,Flat
9.0,5.21617,0.5429248,Chevron
10.0,13.588932,1.3211586,Short
1.0,12.551748,1.3530437,Short
2.0,1.5872896,7.3784456,Chevron
3.0,3.3872116,-2.2024353,Complex
4.0,7.692452,3.7028892,Flat
5.0,8.882401,-0.19288719,Chevron
6.0,15.472385,2.8723745,Short
1.0,8.9538,-0.53140277,Chevron
2.0,8.663766,1.5271674,Down
3.0,8.647971,1.5302002,Down
4.0,4.501521,-0.9905281,Chevron
5.0,11.345967,5.0583367,Down
6.0,15.260537,2.7217567,Short
1.0,11.127189,-0.065171115,Down
2.0,11.791635,0.75109714,Down
3.0,13.214569,0.62153226,Short
4.0,9.2333765,-0.19946605,Short
5.0,4.085869,-3.1658196,Complex
1.0,1.829779,7.289691,Frequency_Jump
1.0,3.2712107,1.9925197,Frequency_Jump
2.0,2.3836808,-2.197771,Complex
3.0,8.782109,2.3598456,Flat
4.0,3.371971,1.9776223,Chevron
5.0,3.0141165,1.830216,Frequency_Jump
6.0,5.1625257,2.5678113,Flat
7.0,2.8123157,1.0921245,Chevron
8.0,12.93055,4.2031565,Flat
1.0,10.819707,2.2943518,Down
2.0,8.635773,1.6496139,Down
3.0,8.608476,1.6615539,Down
4.0,3.8440323,1.2368959,Flat
5.0,5.1904335,3.2821915,Flat
6.0,8.606702,3.1035364,Down
7.0,7.2402315,-5.4394784,Short
1.0,11.261212,0.37349856,Down
2.0,3.8715112,-1.3263953,Chevron
3.0,3.8992577,-1.3259192,Chevron
4.0,4.4775715,5.2644773,Up
5.0,2.7770116,2.622093,Frequency_Jump
6.0,3.500454,4.13148,Frequency_Jump
7.0,2.5406864,5.0096555,Frequency_Jump
8.0,6.0657754,5.4810905,Flat
9.0,3.736573,4.237253,Flat
10.0,2.1329432,-3.256851,Complex
11.0,13.719756,0.99175453,Short
12.0,7.472162,3.7006855,Flat
13.0,8.209194,4.7325816,Flat
1.0,7.9484296,2.9891183,Flat
1.0,9.985984,2.7910345,Down
2.0,10.11154,2.608734,Down
3.0,7.269828,3.887178,Flat
4.0,3.7878485,2.3522663,Flat
5.0,6.9355674,5.360977,Down
6.0,8.66029,4.9996924,Flat
7.0,3.7705348,2.1922889,Frequency_Jump
8.0,2.4430878,-2.1233695,Complex
9.0,4.3671722,-1.5930649,Chevron
1.0,5.9047003,-4.068325,Short
2.0,3.864709,3.1655483,Flat
3.0,4.4295197,2.7427154,Flat
4.0,10.395248,1.5024617,Down
1.0,12.307976,3.956354,Down
2.0,12.703887,1.9786726,Flat
3.0,12.693704,1.9717008,Flat
4.0,12.692013,1.9741963,Flat
5.0,12.710777,1.9640095,Flat
6.0,12.705392,1.9661705,Flat
7.0,12.706999,1.9667104,Flat
1.0,3.5866063,1.3905168,Down
2.0,8.212229,0.9014213,Chevron
3.0,8.190733,0.8992941,Chevron
4.0,8.225454,0.9066556,Chevron
5.0,8.209086,0.89626616,Chevron
6.0,8.199128,0.9076228,Down
7.0,8.225118,0.9217912,Chevron
8.0,3.2050092,-0.6952913,Chevron
1.0,4.2828126,-0.9174362,Chevron
2.0,4.339325,0.9397558,Flat
3.0,11.484099,4.791561,Flat
4.0,8.985101,2.2209308,Down
5.0,7.273109,3.143472,Flat
6.0,3.7204065,2.2906547,Flat
7.0,3.5242355,-0.52756286,Chevron
1.0,4.142978,-1.3260626,Chevron
2.0,4.0457115,-0.10550546,Frequency_Jump
3.0,3.454751,2.6478913,Flat
4.0,6.4002132,5.329889,Flat
5.0,4.0552883,2.894352,Flat
6.0,5.4360056,-2.1774673,Chevron
1.0,7.0488195,3.2651465,Flat
2.0,3.5092092,3.3944855,Frequency_Jump
3.0,3.41787,4.480184,Frequency_Jump
4.0,4.3297305,4.8643436,Flat
5.0,6.021048,5.397813,Flat
6.0,7.2165527,3.174412,Flat
7.0,2.376653,2.3495028,Frequency_Jump
8.0,4.5625343,2.7925866,Flat
1.0,11.587494,0.5121173,Short
2.0,4.0917106,6.3899956,Flat
3.0,7.82714,6.5014844,Flat
1.0,3.6479294,3.2387803,Frequency_Jump
2.0,3.7340765,2.820311,Flat
3.0,6.6874046,5.0742917,Flat
4.0,6.539308,5.3373046,Flat
5.0,6.0898876,5.23526,Flat
6.0,4.594505,2.477469,Down
7.0,2.7821872,3.0447102,Frequency_Jump
8.0,13.58065,1.3024926,Flat
9.0,9.54146,5.57057,Flat
10.0,2.1271698,2.216195,Frequency_Jump
11.0,6.5225296,5.361466,Flat
12.0,4.9647,1.4475099,Flat
13.0,4.9631844,1.0833448,Flat
14.0,5.901909,-5.37296,Chevron
1.0,4.428066,0.14639808,Chevron
2.0,2.8754718,2.6381843,Chevron
3.0,2.216235,1.2431209,Chevron
4.0,6.3518066,4.8613534,Flat
5.0,4.868811,2.0697,Flat
6.0,4.011968,-4.450323,Short
1.0,13.826566,5.682459,Short
2.0,5.2012277,-1.8646568,Chevron
3.0,7.9850316,4.0135098,Flat
4.0,8.164702,-4.7969275,Chevron
1.0,12.459952,5.534521,Up
2.0,3.903761,-4.9433284,Complex
3.0,3.9028788,-4.9408703,Complex
4.0,3.9037,-4.9403806,Complex
5.0,3.9045448,-4.941384,Complex
6.0,3.903888,-4.940171,Complex
1.0,13.287306,3.3586352,Short
2.0,1.6630602,7.1962852,Chevron
3.0,3.6116507,3.8387482,Frequency_Jump
4.0,6.4385333,5.3399825,Flat
5.0,6.0790153,5.389628,Flat
6.0,5.8083444,6.0267444,Flat
7.0,11.667982,1.0618593,Up
1.0,2.929989,-1.095471,Complex
2.0,3.221611,3.7434118,Frequency_Jump
3.0,9.8798485,5.2148576,Flat
1.0,10.619001,4.5687957,Down
2.0,9.010249,-0.12628397,Chevron
3.0,3.8302271,1.4263979,Chevron
4.0,2.5626667,5.0744023,Frequency_Jump
5.0,2.7937553,5.418732,Frequency_Jump
6.0,2.758648,4.6720567,Frequency_Jump
7.0,2.158511,2.5689676,Frequency_Jump
8.0,2.5232282,2.0162005,Chevron
1.0,11.161565,1.0285918,Down
2.0,7.080585,3.3126116,Flat
3.0,2.5050695,1.7101667,Chevron
4.0,8.642883,4.743518,Flat
5.0,4.762674,2.2543058,Down
1.0,7.4524956,4.218627,Flat
2.0,8.424276,3.8446462,Flat
3.0,6.2385106,-5.710747,Complex
4.0,11.616905,2.0924625,Flat
5.0,10.274714,2.57936,Flat
6.0,9.425025,5.1943145,Flat
7.0,13.577719,5.187583,Flat
1.0,3.507788,-1.7649537,Complex
1.0,6.1732907,5.3056536,Flat
2.0,4.7987614,4.7460804,Flat
3.0,3.4077976,1.7700365,Frequency_Jump
4.0,2.1804082,-0.52923775,Complex
5.0,2.2911718,1.1235316,Chevron
6.0,5.2116647,3.0285802,Flat
7.0,3.4755452,1.6668955,Flat
8.0,2.3324642,1.2591146,Chevron
9.0,12.192617,2.772801,Down
10.0,13.664822,3.7204525,Short
11.0,13.224542,1.9761093,Short
12.0,4.9575424,1.7719436,Flat
1.0,1.6890569,6.9570403,Chevron
2.0,3.8948903,2.3569965,Flat
3.0,4.489439,-0.42117453,Chevron
4.0,7.3433704,4.3891206,Flat
5.0,3.513788,1.5628163,Down
6.0,3.0400646,1.1506727,Chevron
7.0,8.665724,-0.5902021,Chevron
8.0,13.387775,6.3452315,Short
9.0,13.482405,3.5806906,Short
10.0,5.045814,-2.5982976,Chevron
11.0,2.9300332,-3.9626176,Chevron
1.0,12.470602,0.87416947,Short
2.0,1.5856693,-2.9769232,Complex
3.0,1.583045,-2.9766896,Complex
4.0,1.5757571,-2.9943457,Complex
5.0,1.5869356,-2.9809847,Complex
6.0,1.5753727,-2.978659,Complex
7.0,1.5854571,-2.9797478,Complex
8.0,1.5841495,-2.9778044,Complex
9.0,1.5840011,-2.9812772,Complex
10.0,6.756266,-5.44699,Complex
1.0,12.549226,4.1032634,Down
2.0,10.447393,1.6284399,Down
3.0,7.2137823,3.3743978,Flat
4.0,12.871274,6.2905054,Flat
5.0,5.730919,-1.9082407,Chevron
1.0,12.094318,3.5494058,Down
2.0,11.501308,2.927774,Down
3.0,7.1742435,3.1501987,Flat
4.0,3.5764718,2.4792693,Frequency_Jump
5.0,6.7552853,5.1309795,Flat
6.0,4.9564967,4.602353,Flat
7.0,7.3432355,5.455016,Down
8.0,6.71625,5.009566,Flat
9.0,4.9538627,-2.2722406,Chevron
10.0,2.947563,-3.8215077,Chevron
1.0,5.608755,-5.4683957,Complex
2.0,7.8190165,-5.0801177,Down
3.0,7.808594,-5.0659747,Down
1.0,10.343918,1.2091777,Down
2.0,11.974826,0.9114833,Short
1.0,13.869286,1.3352745,Short
2.0,10.540316,0.81667674,Down
3.0,14.127644,3.5074267,Short
1.0,11.077032,0.6846321,Down
2.0,3.5071392,1.4364192,Chevron
3.0,9.95113,0.820038,Down
4.0,4.634485,-1.1010354,Frequency_Jump
5.0,3.2677064,2.0167825,Chevron
6.0,3.8362615,4.3407516,Flat
7.0,4.759662,0.22008002,Flat
1.0,4.024932,7.2365,Down
2.0,2.5931797,5.5088844,Frequency_Jump
3.0,9.244622,3.005839,Flat
1.0,13.681631,1.8624321,Short
2.0,10.508105,0.85841453,Flat
3.0,3.59825,4.100901,Flat
4.0,9.828991,2.9926188,Down
1.0,6.0543838,-5.402036,Complex
2.0,7.7822294,3.5434525,Flat
3.0,5.5823894,-4.575806,Chevron
4.0,13.44298,1.4487578,Short
5.0,7.2562056,3.1985652,Flat
6.0,3.8376927,2.2651174,Frequency_Jump
7.0,2.8812983,2.2311454,Chevron
8.0,6.7615523,4.7849765,Flat
9.0,3.3570092,1.9262947,Chevron
1.0,9.300387,5.5063276,Flat
2.0,9.603379,5.6526012,Flat
3.0,10.227874,4.6588063,Flat
1.0,8.385891,2.6719885,Down
2.0,1.1196874,3.065194,Frequency_Jump
3.0,2.884219,5.358206,Flat
4.0,6.7845387,6.9483185,Flat
5.0,4.8619685,4.159658,Flat
6.0,1.2367476,3.1213956,Frequency_Jump
7.0,9.593574,2.3550398,Down
1.0,8.594077,1.5808263,Down
2.0,6.2105145,7.2522283,Flat
3.0,6.1952653,-1.9873147,Flat
4.0,6.606131,-5.3874702,Short
1.0,5.7169495,7.0284247,Flat
2.0,4.779701,6.4421763,Flat
3.0,5.6273084,-1.9356697,Chevron
1.0,2.2985857,6.9213696,Flat
1.0,4.3040104,-1.1910219,Chevron
2.0,2.9706259,5.2915277,Flat
3.0,2.5162847,5.460419,Frequency_Jump
4.0,2.6784046,4.696744,Flat
5.0,6.1387157,6.932612,Flat
6.0,9.922484,1.6662081,Up
1.0,4.063528,5.0254135,Flat
2.0,3.4720461,4.2200937,Frequency_Jump
3.0,1.7622569,4.6054034,Chevron
4.0,3.699373,4.2750397,Flat
5.0,4.2975483,5.911797,Flat
6.0,2.6165307,4.699624,Frequency_Jump
7.0,2.4513583,3.4843094,Down
1.0,10.517014,3.3735726,Flat
2.0,2.1436422,4.475515,Frequency_Jump
3.0,8.264358,6.0904655,Flat
4.0,4.935339,-2.795369,Complex
5.0,5.8167396,-5.4063883,Chevron
1.0,11.076665,0.074329585,Down
2.0,4.8604546,-0.0901486,Down
3.0,1.732485,4.575273,Frequency_Jump
4.0,3.3281376,5.6345496,Flat
5.0,3.7778556,5.5158935,Flat
6.0,9.838619,1.7621233,Up
1.0,2.3523169,1.5980366,Down
2.0,2.4510732,-0.540939,Chevron
3.0,2.4676945,0.009229202,Chevron
4.0,4.399893,2.0475483,Flat
5.0,8.611763,-0.33948153,Chevron
6.0,11.885822,0.68187433,Down
7.0,5.1990685,3.1056447,Flat
8.0,3.18263,-1.565539,Complex
9.0,3.4590638,1.5945926,Frequency_Jump
10.0,3.513285,2.1371763,Frequency_Jump
11.0,2.6794884,2.1148574,Frequency_Jump
12.0,2.9773788,3.1642118,Frequency_Jump
13.0,4.9803104,1.4700091,Flat
1.0,11.129611,1.0518756,Down
2.0,3.7621117,-0.737663,Chevron
3.0,3.3381271,1.8118399,Chevron
4.0,7.695309,2.611536,Down
1.0,12.007245,2.0165126,Flat
2.0,3.302929,2.499923,Frequency_Jump
3.0,3.645735,2.4289887,Frequency_Jump
4.0,3.3571765,2.500597,Frequency_Jump
5.0,4.9035635,4.551912,Flat
6.0,6.5891023,5.268696,Flat
7.0,9.030534,2.655376,Down
8.0,13.032194,6.4313097,Short
9.0,11.540381,1.1966982,Up
1.0,5.716578,-5.786311,Complex
2.0,7.1128445,3.033641,Down
3.0,3.1363225,1.9978265,Chevron
4.0,3.8965416,3.1006525,Frequency_Jump
5.0,4.424326,2.9073153,Flat
6.0,6.2875876,5.207159,Flat
7.0,3.4434752,2.0587816,Frequency_Jump
1.0,7.3608427,3.0077708,Down
2.0,3.6890388,2.4377694,Frequency_Jump
3.0,3.7055016,2.5899456,Frequency_Jump
4.0,3.2298336,2.919296,Chevron
5.0,4.798944,1.6571231,Flat
6.0,5.059573,-0.4776081,Chevron
7.0,13.67519,3.6967568,Short
1.0,5.516297,-4.8718605,Complex
2.0,8.987224,1.3535529,Flat
3.0,4.405169,3.1231205,Flat
4.0,5.6051264,-1.958984,Chevron
1.0,13.442487,0.5480344,Short
2.0,1.6999962,6.9046793,Chevron
3.0,5.2407885,3.0094852,Flat
4.0,3.3384652,-0.7568698,Chevron
5.0,13.420389,4.572333,Short
1.0,13.701823,4.180627,Short
2.0,2.1639004,-3.0299718,Complex
3.0,2.15974,-3.0397565,Complex
4.0,2.7556925,-1.0411806,Complex
5.0,3.1250978,-1.1375587,Complex
1.0,10.817583,1.2904108,Down
2.0,9.733795,3.248429,Down
3.0,4.8451734,6.32141,Down
4.0,9.63162,1.9784745,Down
5.0,6.0973005,7.19464,Flat
6.0,4.728224,6.7149835,Down
7.0,4.3261437,-3.5196111,Chevron
1.0,4.4489365,6.926495,Down
2.0,2.3607707,5.3756437,Frequency_Jump
3.0,4.50706,5.209202,Flat
4.0,12.4910965,5.3250756,Up
1.0,2.8461397,5.5386987,Down
2.0,2.187111,5.2852397,Frequency_Jump
3.0,2.9031348,6.1219378,Flat
4.0,2.4450161,4.7769217,Flat
5.0,4.260624,5.6213937,Flat
6.0,5.8633733,5.8819933,Flat
7.0,3.004449,5.6461334,Flat
1.0,2.1171381,6.5835476,Frequency_Jump
2.0,5.949864,-1.7315829,Chevron
3.0,2.9457288,5.0791583,Flat
4.0,2.3472066,3.922956,Down
5.0,3.569745,5.9666505,Flat
6.0,3.8674824,-3.404566,Complex
1.0,9.608393,2.2895966,Flat
2.0,1.8651611,3.6797538,Frequency_Jump
3.0,1.8793048,3.6836913,Frequency_Jump
4.0,5.413661,6.5692983,Flat
5.0,5.8466,6.763329,Flat
6.0,5.7303543,6.3952584,Flat
7.0,5.695576,6.6383457,Flat
8.0,3.3838937,5.656057,Flat
9.0,1.933579,3.692329,Frequency_Jump
10.0,10.343667,2.7260637,Flat
11.0,5.889412,5.794804,Flat
12.0,11.742675,2.4921198,Short
1.0,10.005943,2.937386,Down
2.0,9.639476,2.1340501,Flat
3.0,9.666077,2.1379378,Flat
4.0,4.8514943,6.563961,Flat
1.0,2.6422067,4.766585,Flat
2.0,2.3885179,5.2900567,Frequency_Jump
3.0,2.8794813,5.4791756,Flat
4.0,3.5436294,5.925818,Flat
5.0,4.336746,5.8610115,Flat
6.0,4.3120637,0.43776065,Frequency_Jump
7.0,5.9911413,-1.6272422,Chevron
8.0,4.234631,-3.2963274,Complex
1.0,4.718605,6.9337044,Down
2.0,2.9366772,5.3737497,Flat
3.0,1.7584058,3.128207,Frequency_Jump
4.0,2.6749365,3.753807,Frequency_Jump
5.0,4.213079,-1.2009442,Chevron
6.0,2.3673441,4.783643,Frequency_Jump
7.0,3.5652971,4.35323,Flat
8.0,11.8470955,5.410816,Flat
1.0,7.9120116,-4.2769194,Short
2.0,2.6242232,6.7302556,Flat
1.0,1.5700835,7.3397684,Flat
2.0,3.9482985,6.806877,Flat
3.0,4.661918,5.9566164,Flat
4.0,2.9066637,4.9149184,Flat
5.0,2.609212,4.8637495,Flat
6.0,5.7628403,6.3416677,Flat
7.0,4.799631,5.6973467,Flat
8.0,7.9789796,6.1123924,Down
9.0,5.634676,-5.179309,Complex
1.0,4.3453035,-0.26861018,Down
2.0,6.414901,5.160138,Flat
3.0,5.118013,-0.5571823,Down
1.0,1.7809885,7.3082623,Flat
2.0,4.0162516,-0.09177432,Down
3.0,4.517922,1.9706081,Chevron
4.0,8.604547,3.5361276,Down
5.0,3.7281337,2.7418878,Flat
6.0,5.7864614,-5.4172697,Chevron
1.0,13.606121,4.954489,Short
2.0,8.164788,2.277188,Down
3.0,13.224394,5.3045936,Flat
1.0,1.8406355,7.297463,Chevron
2.0,4.8778286,-1.2399431,Frequency_Jump
1.0,13.97682,1.2898179,Short
2.0,4.4779806,-0.90478104,Chevron
3.0,2.7136633,4.95187,Flat
4.0,2.2334921,4.7740564,Frequency_Jump
5.0,6.309079,5.3478656,Flat
6.0,2.1900833,2.6058545,Frequency_Jump
7.0,6.179361,5.6076837,Flat
8.0,3.216933,2.0865238,Down
9.0,6.0855966,4.645314,Flat
10.0,9.475594,5.618879,Flat
11.0,13.217676,1.8661902,Short
12.0,4.7897425,1.0360472,Chevron
13.0,13.161994,-0.39750627,Short
14.0,11.782197,4.217157,Flat
15.0,4.682536,1.5594593,Down
16.0,7.527732,4.687066,Flat
17.0,4.4054723,-2.399144,Chevron
18.0,4.646892,1.375588,Down
19.0,4.6894565,1.4041978,Flat
1.0,2.5104423,2.8511715,Frequency_Jump
2.0,1.9019369,4.6724167,Frequency_Jump
3.0,2.1629615,5.249765,Frequency_Jump
4.0,3.654441,5.9134026,Flat
5.0,5.651836,6.129288,Flat
6.0,5.840437,6.9294615,Flat
7.0,11.113826,1.9690475,Flat
8.0,11.819296,1.6842164,Flat
9.0,13.61415,4.337723,Short
1.0,4.026033,4.806758,Flat
2.0,6.0098243,5.660006,Flat
3.0,8.966854,0.032444738,Flat
4.0,5.7730994,-5.052511,Complex
1.0,2.877213,6.1021857,Down
2.0,2.5817819,3.8991053,Down
3.0,8.463951,1.7549655,Down
4.0,3.099183,1.2692951,Down
5.0,3.8339016,-1.4269149,Frequency_Jump
6.0,2.7315075,3.8778415,Down
7.0,3.214438,3.9965143,Flat
8.0,2.7154648,5.083683,Flat
9.0,3.0896506,5.797509,Flat
1.0,1.5720481,7.3948417,Flat
1.0,9.650819,2.0972729,Flat
2.0,4.1631484,7.5242352,Flat
3.0,4.1572523,7.547793,Flat
4.0,4.15585,7.5522876,Flat
5.0,4.1488423,7.5402637,Flat
6.0,4.156724,7.534336,Flat
7.0,2.556959,5.019929,Flat
8.0,3.460184,4.3469224,Flat
9.0,4.9371843,3.6942008,Flat
10.0,4.15863,-3.6375356,Chevron
1.0,2.3119652,5.309892,Frequency_Jump
2.0,2.1031146,5.1784463,Frequency_Jump
3.0,5.745644,6.652683,Flat
4.0,3.288336,4.041436,Frequency_Jump
5.0,4.1053267,4.779744,Flat
6.0,4.35025,5.802572,Flat
7.0,2.0452073,3.7128103,Down
1.0,4.0094213,6.9274106,Down
2.0,2.7063534,5.176008,Flat
3.0,2.5356877,5.07497,Frequency_Jump
4.0,5.9102774,5.892673,Flat
5.0,4.1830635,4.809027,Flat
6.0,3.4165325,-1.9516876,Complex
7.0,3.006711,5.2989144,Flat
8.0,5.5170016,6.17996,Flat
1.0,2.3060894,1.1783032,Chevron
2.0,2.1554852,1.6578977,Down
3.0,2.1434305,1.6413417,Down
4.0,2.1486592,1.6326998,Down
5.0,12.742128,-0.13674939,Short
6.0,11.731101,0.869121,Down
7.0,9.15691,5.745691,Flat
1.0,5.2597218,2.9939783,Flat
2.0,4.998595,2.046592,Flat
3.0,3.494551,1.3200074,Down
4.0,3.832484,3.4637384,Frequency_Jump
5.0,6.118112,5.585626,Flat
6.0,4.100203,-4.4681563,Short
7.0,5.503208,-0.40649328,Chevron
8.0,5.7791824,-5.345201,Complex
1.0,6.241398,4.9546285,Flat
2.0,4.6906166,2.2764542,Chevron
3.0,3.5516102,-1.4714518,Chevron
4.0,13.908864,4.0502462,Short
5.0,2.4648988,1.0306511,Down
6.0,5.743217,4.5221047,Chevron
7.0,5.2397485,3.45113,Flat
1.0,13.181513,1.5454087,Short
2.0,2.0251682,-1.5378284,Complex
3.0,2.959131,5.3998437,Flat
4.0,5.8675323,6.7322464,Flat
5.0,4.383372,5.503491,Flat
1.0,2.9296963,0.7800651,Chevron
2.0,2.326451,1.6505148,Down
3.0,4.3728957,3.9432914,Flat
4.0,3.503547,1.5024426,Frequency_Jump
5.0,13.929587,1.1209999,Short
6.0,13.200284,4.2505817,Short
7.0,13.737211,1.8586584,Short
8.0,3.153786,2.0079317,Chevron
9.0,6.042495,5.4617786,Flat
10.0,5.8505783,6.1731653,Flat
11.0,3.1371877,3.697642,Frequency_Jump
12.0,3.6817825,3.9788108,Flat
13.0,3.7907543,4.4837646,Down
14.0,5.2094626,-2.5484607,Chevron
1.0,3.2490625,-1.6414565,Complex
2.0,3.762401,2.7046328,Flat
3.0,11.90328,5.522722,Flat
1.0,1.9339265,7.187455,Flat
2.0,11.887645,5.0275884,Short
1.0,5.6854644,6.9498873,Flat
2.0,6.1047344,7.353978,Flat
3.0,2.0633097,6.5674143,Frequency_Jump
4.0,4.2583632,5.412152,Flat
5.0,5.2564397,5.7244177,Flat
6.0,1.8887613,4.5288587,Chevron
7.0,7.846809,6.530891,Flat
8.0,8.892937,5.6900506,Flat
1.0,13.32414,-0.35844383,Short
2.0,2.6754065,4.928953,Frequency_Jump
3.0,5.824233,6.71503,Flat
4.0,3.1550055,5.440683,Flat
5.0,5.58417,6.940703,Flat
6.0,2.7798512,-1.313076,Complex
1.0,11.266997,-0.040146597,Down
2.0,4.4309216,0.5295385,Frequency_Jump
3.0,3.4793684,-1.2253467,Complex
4.0,13.146005,-0.34920415,Short
1.0,11.35499,2.1874743,Flat
2.0,3.4769154,2.0857403,Flat
3.0,11.7681465,1.2034078,Chevron
4.0,7.41632,-4.8462396,Chevron
5.0,11.888657,0.8544074,Up
6.0,6.8505034,3.1613307,Flat
7.0,3.592158,4.1902337,Frequency_Jump
8.0,5.9912596,5.3728986,Flat
9.0,2.5369961,0.8509083,Chevron
10.0,9.878098,3.006252,Down
11.0,8.593263,-0.27940857,Chevron
12.0,4.68638,3.276944,Flat
13.0,7.5898976,4.525102,Flat
14.0,13.546131,6.3514056,Flat
1.0,13.375762,6.3033557,Down
1.0,10.49697,2.7904613,Down
2.0,3.4265506,6.3735037,Flat
3.0,2.376031,3.6774268,Frequency_Jump
4.0,2.511532,3.4402096,Frequency_Jump
5.0,2.6630373,4.8705363,Flat
6.0,4.4902987,5.5528255,Flat
7.0,4.3299575,5.34799,Flat
8.0,5.3364797,-2.2229831,Chevron
1.0,5.167657,-5.5469403,Complex
1.0,5.131856,-5.5715103,Complex
2.0,10.891058,-0.36309797,Down
1.0,10.843507,1.0857121,Down
2.0,3.0714602,4.0970855,Chevron
3.0,8.69049,2.9257436,Down
1.0,2.788697,5.0558596,Flat
2.0,4.415447,5.7494283,Flat
3.0,5.552373,-1.8986408,Chevron
4.0,10.614905,0.7092513,Down
5.0,13.149704,2.4482076,Flat
6.0,11.580826,0.65840805,Flat
7.0,10.943783,2.6165018,Flat
8.0,9.211455,1.468842,Down
9.0,4.66777,1.4074667,Flat
1.0,5.1755514,-0.4063235,Chevron
2.0,1.5561123,3.8235931,Chevron
3.0,4.3706,5.666972,Flat
4.0,3.5210817,4.2834272,Flat
5.0,2.7248943,4.7828374,Flat
6.0,4.326606,4.7784877,Flat
7.0,3.9040334,-2.8923943,Complex
1.0,3.6796045,6.473431,Flat
2.0,3.522823,5.891209,Flat
3.0,5.7752266,6.292261,Flat
4.0,2.752449,3.8525093,Down
5.0,2.583001,4.2152987,Flat
6.0,2.8122883,4.879476,Frequency_Jump
7.0,3.4309335,-3.2107604,Complex
1.0,11.57575,0.37215483,Down
2.0,2.7934663,5.160219,Flat
3.0,2.3571157,4.6078525,Frequency_Jump
4.0,3.6528354,6.005846,Flat
5.0,6.123617,6.855952,Flat
6.0,2.579393,5.5711055,Frequency_Jump
7.0,7.684421,6.2063923,Flat
8.0,8.870753,2.7584765,Down
9.0,13.526895,4.326252,Short
1.0,12.720634,6.221081,Short
1.0,4.260864,6.5462403,Down
2.0,5.750936,6.463661,Flat
3.0,4.3151646,5.4886565,Flat
4.0,6.089092,6.2754955,Flat
5.0,5.9365315,-2.4636965,Flat
6.0,10.220083,2.6041138,Down
1.0,2.4914033,4.0717816,Frequency_Jump
1.0,4.0798197,6.704022,Flat
2.0,2.6457176,4.1106462,Frequency_Jump
3.0,3.4349067,4.0577126,Flat
4.0,3.4708056,4.9332533,Flat
5.0,3.1580796,4.226631,Up
6.0,4.3701925,5.8250227,Flat
7.0,2.5235794,4.0352216,Down
1.0,1.7344261,4.040519,Down
2.0,2.6069188,6.7728963,Flat
3.0,1.6387659,4.4287667,Frequency_Jump
4.0,4.263904,6.327284,Down
5.0,3.981325,4.949812,Flat
6.0,4.3517857,-1.3442684,Complex
1.0,11.367427,4.423554,Flat
2.0,2.806871,-3.2268515,Complex
1.0,4.770921,6.69957,Down
2.0,3.3451774,4.789317,Frequency_Jump
3.0,2.8532784,5.1613493,Flat
4.0,2.3047793,4.5230045,Chevron
5.0,1.9957393,4.3093133,Chevron
6.0,8.351652,6.146608,Flat
7.0,7.7278047,6.313457,Flat
1.0,7.6558914,3.5480673,Flat
2.0,5.3210044,3.474863,Flat
3.0,2.4330106,1.1942061,Down
4.0,3.9329264,3.1359408,Flat
5.0,2.7023437,-0.5070293,Complex
6.0,3.2005801,-0.34630582,Chevron
7.0,9.530238,3.1791768,Down
8.0,13.538403,1.4711328,Short
9.0,12.472881,5.481235,Flat
1.0,4.8529463,1.0811377,Down
2.0,4.2578764,-2.239792,Chevron
3.0,12.6185,6.1240964,Down
1.0,9.241194,5.7638326,Flat
2.0,4.600717,-1.2440952,Chevron
3.0,13.022402,5.7805195,Short
4.0,7.272024,3.436251,Flat
5.0,3.5379078,1.8615259,Frequency_Jump
6.0,5.4831486,-5.2665663,Complex
7.0,13.299748,3.9622269,Down
8.0,10.354863,5.380333,Flat
9.0,13.932586,4.7562137,Short
1.0,6.190143,5.3573728,Flat
2.0,3.16435,3.8069823,Frequency_Jump
3.0,3.2905798,4.762121,Chevron
4.0,3.6555355,5.4049478,Flat
5.0,2.1231241,-2.6680522,Complex
6.0,8.595806,4.0404167,Flat
7.0,1.8019582,2.8730707,Complex
8.0,3.058952,-3.4879014,Short
9.0,13.796299,3.07768,Short
10.0,5.3461246,6.009717,Flat
11.0,9.054095,2.5488856,Down
12.0,6.084688,-5.3131857,Chevron
13.0,4.456206,1.3746008,Frequency_Jump
14.0,3.759378,2.3836715,Flat
15.0,3.0007844,-3.9741101,Complex
16.0,8.5245075,4.9439354,Flat
1.0,4.74235,-2.7367446,Chevron
2.0,12.301413,3.6149824,Down
3.0,12.314068,3.6163766,Down
4.0,5.065861,2.0918982,Down
1.0,6.0947948,6.9233117,Down
2.0,4.1574373,6.2006707,Flat
3.0,2.0909986,1.7246299,Down
4.0,3.5419955,4.464211,Flat
5.0,7.4917517,6.2672443,Flat
6.0,9.709583,5.4681296,Flat
7.0,4.8042336,6.593129,Flat
8.0,4.423801,5.325126,Flat
9.0,2.65503,4.0363646,Down
10.0,3.21037,3.881462,Chevron
11.0,4.7561903,5.1295047,Flat
12.0,2.0798595,-3.2661772,Complex
1.0,10.488112,1.7034882,Down
2.0,4.255467,0.802301,Chevron
3.0,2.5310078,3.7586033,Frequency_Jump
4.0,10.31574,4.0330167,Flat
5.0,4.7143407,-2.2361138,Down
6.0,4.3146415,-3.70635,Up
1.0,1.1428185,3.1144948,Frequency_Jump
2.0,6.0561504,5.4760575,Flat
3.0,3.959867,-1.508756,Chevron
4.0,4.4815817,5.2422137,Chevron
5.0,2.5177026,3.4277785,Down
6.0,11.573615,5.191033,Short
7.0,12.991335,1.7604665,Short
8.0,2.5846488,3.8807218,Down
9.0,2.4135315,-3.363852,Complex
1.0,4.6148076,5.6349444,Flat
2.0,4.2206244,-2.040354,Chevron
1.0,11.185105,5.405202,Flat
2.0,7.0935955,6.695352,Flat
3.0,9.439212,2.9450588,Down
4.0,4.66469,6.851379,Flat
1.0,5.3988705,0.37565166,Down
2.0,5.4217706,0.3878814,Down
3.0,5.411991,0.3674652,Down
4.0,5.4197927,0.36748114,Down
5.0,5.417886,0.37304318,Down
6.0,5.4283,0.35582745,Down
7.0,5.4439435,0.35247606,Down
8.0,5.907944,7.067727,Flat
9.0,4.8103743,6.504799,Flat
10.0,8.460271,-0.18436655,Short
11.0,6.772888,-5.4220033,Short
12.0,13.722691,2.0596068,Short
13.0,8.211796,6.154056,Flat
14.0,5.675711,-1.96669,Chevron
15.0,10.34283,5.48567,Flat
16.0,13.529404,5.4353633,Short
1.0,7.6007833,-4.9151807,Frequency_Jump
1.0,13.297661,5.138896,Down
1.0,4.441893,0.09555545,Frequency_Jump
2.0,2.550019,2.5387874,Frequency_Jump
3.0,5.14035,-2.1174588,Chevron
1.0,1.8296754,6.8779435,Frequency_Jump
2.0,2.1692507,1.7813474,Down
3.0,3.5970714,4.249839,Flat
4.0,4.4190803,4.578585,Flat
5.0,3.4955423,4.4857984,Flat
6.0,6.3025465,5.3167396,Flat
7.0,3.4426985,-1.4006419,Chevron
8.0,2.6579804,1.9214902,Down
9.0,7.864865,3.0791214,Flat
10.0,8.912585,3.8486772,Flat
11.0,3.1963272,-3.4479935,Short
1.0,11.147532,1.807611,Down
2.0,8.17997,0.8754893,Frequency_Jump
3.0,7.709471,3.6756475,Flat
4.0,15.163092,2.820581,Short
1.0,12.52048,1.5424116,Down
2.0,7.318656,3.9304132,Flat
3.0,3.3134313,2.4561706,Flat
4.0,4.036179,4.6794124,Flat
5.0,6.020391,5.4704065,Flat
6.0,2.1871214,1.6253114,Down
7.0,8.7329645,2.7190304,Down
8.0,4.9126816,2.0957613,Flat
9.0,10.808135,4.168638,Down
10.0,10.672675,3.0836127,Down
11.0,2.14218,-1.7308577,Complex
12.0,4.316005,2.460277,Frequency_Jump
1.0,3.9786975,-0.25352937,Frequency_Jump
2.0,4.155339,-0.35982162,Down
3.0,3.863276,-0.15117113,Frequency_Jump
4.0,1.1367708,3.1045828,Frequency_Jump
5.0,9.011133,5.32452,Flat
6.0,7.3372374,4.9399276,Flat
7.0,7.8854566,2.2737477,Flat
1.0,2.8187041,1.0817864,Chevron
2.0,7.554236,4.9104614,Flat
1.0,2.5536969,-2.7836018,Short
2.0,1.6795124,6.8601694,Chevron
3.0,3.5027351,2.0637398,Flat
4.0,2.103814,-1.0885893,Complex
5.0,4.0884542,3.2108595,Flat
6.0,9.712258,5.036266,Flat
7.0,12.005768,2.2083452,Up
8.0,8.774859,-0.32936642,Chevron
9.0,9.595789,4.587332,Down
10.0,9.755962,5.008023,Flat
11.0,7.7955365,3.7495613,Flat
12.0,9.91856,4.893775,Flat
13.0,3.0458138,-3.0072498,Complex
14.0,2.8428555,-3.672412,Complex
1.0,3.2383518,-4.3636813,Flat
1.0,9.607568,2.0568705,Down
2.0,4.157413,7.479981,Down
3.0,3.4704235,6.326086,Flat
4.0,11.682481,2.4191055,Up
1.0,9.655069,2.1509032,Down
2.0,3.996458,6.8960214,Flat
3.0,3.4595962,5.4480586,Flat
4.0,3.665901,-1.6072614,Complex
1.0,9.552409,1.936799,Down
2.0,9.642352,2.1507823,Flat
3.0,5.132583,0.003042324,Down
4.0,4.5192943,-0.839026,Chevron
5.0,2.651432,2.5382364,Frequency_Jump
6.0,3.3028092,1.7530841,Down
7.0,3.4974313,2.4869375,Flat
8.0,1.139188,3.9435964,Complex
9.0,1.6852813,4.2849116,Chevron
10.0,3.4794602,5.3994803,Flat
11.0,5.590958,-1.508554,Flat
12.0,7.393712,6.3523254,Flat
13.0,12.842873,3.8130634,Up
14.0,4.775199,-1.4473411,Chevron
15.0,7.0836434,6.5937004,Flat
1.0,5.120142,-1.0140276,Flat
2.0,1.6915461,3.1870353,Chevron
3.0,1.6915258,3.1848843,Chevron
4.0,1.6790414,3.1811821,Chevron
5.0,3.0427463,4.1353374,Frequency_Jump
6.0,4.062305,2.2498312,Flat
7.0,4.1406126,5.3073683,Flat
8.0,4.5203485,5.5918612,Flat
9.0,4.2123814,4.8423476,Flat
10.0,5.3062515,-1.0841906,Chevron
11.0,4.746986,-0.23219736,Chevron
12.0,11.97325,2.0683386,Short
13.0,5.86123,-2.4827087,Flat
1.0,3.4035945,2.8736503,Down
2.0,2.5130997,4.8365293,Flat
3.0,1.924933,3.5843349,Down
4.0,2.0972488,2.2278965,Down
5.0,3.2544568,5.6876445,Flat
6.0,9.591038,2.9370997,Flat
1.0,4.0014396,6.795549,Flat
2.0,4.01836,6.7216196,Flat
3.0,4.3778987,4.5160074,Flat
4.0,3.033089,3.773221,Down
5.0,4.4392014,3.100331,Flat
6.0,5.188642,0.29279846,Chevron
7.0,3.2659965,-2.796296,Complex
1.0,7.714823,-4.604493,Chevron
2.0,8.078957,1.6144999,Down
3.0,6.399851,6.4012012,Flat
4.0,5.627848,-5.5890274,Complex
1.0,3.5197332,1.3435917,Down
2.0,3.018605,-0.32243434,Chevron
3.0,3.3534381,1.6559036,Chevron
4.0,2.6309774,-0.568061,Complex
5.0,4.527622,2.3992274,Chevron
6.0,3.3355603,-2.013605,Complex
1.0,7.668693,-4.9482207,Chevron
2.0,13.973451,5.1432734,Short
3.0,13.794576,0.69312155,Short
1.0,4.9221435,-0.6299118,Chevron
2.0,4.8896074,-0.65583336,Chevron
3.0,4.898261,-0.6400495,Chevron
4.0,4.9088373,-0.6605533,Chevron
1.0,9.242263,-0.82228076,Chevron
2.0,3.0018933,6.0217457,Flat
3.0,2.1806822,5.315646,Frequency_Jump
4.0,3.595929,5.9697657,Flat
5.0,6.098929,7.0536532,Flat
6.0,5.8095393,6.755337,Flat
7.0,3.5290747,5.94084,Flat
8.0,5.2597313,6.204768,Flat
9.0,2.183595,3.089764,Chevron
10.0,4.8559685,-2.431174,Chevron
1.0,6.9860067,5.821698,Flat
2.0,1.6553638,4.2244477,Down
3.0,2.246302,2.4761815,Down
4.0,13.140179,1.348144,Short
1.0,4.1630254,-0.49116012,Down
2.0,2.1019766,-1.4640598,Complex
3.0,4.7436547,-0.61130476,Chevron
4.0,13.06594,-0.5531371,Short
5.0,8.288904,-4.2727857,Short
1.0,11.21596,2.789832,Flat
2.0,12.685749,3.0352468,Up
1.0,9.872306,-0.58428794,Chevron
2.0,4.337814,-1.1733781,Chevron
3.0,4.342901,-1.182806,Chevron
4.0,4.3421216,-1.1783317,Chevron
5.0,4.351173,-1.1745011,Chevron
6.0,4.3461714,-1.1919222,Chevron
7.0,4.356583,-1.1745198,Chevron
8.0,9.025328,1.3447387,Down
9.0,3.1722531,0.92364013,Chevron
10.0,1.9837662,-3.3453276,Complex
1.0,12.814975,4.9700913,Down
1.0,11.661681,0.018684078,Down
2.0,2.1365185,2.17745,Down
3.0,2.3786561,2.312645,Frequency_Jump
4.0,4.6906705,4.164249,Flat
5.0,4.8594346,-0.23528194,Down
6.0,12.355211,0.9368496,Down
7.0,4.466347,2.880973,Flat
8.0,3.656541,1.1948093,Chevron
1.0,4.323066,-0.2582412,Down
2.0,2.7651467,1.1150476,Chevron
3.0,2.5145233,0.5674977,Chevron
4.0,11.5453415,0.45788434,Down
5.0,4.5068626,-0.43539703,Chevron
6.0,3.9919043,2.4359415,Flat
7.0,3.437481,2.1307936,Flat
8.0,2.2157712,1.0903372,Chevron
9.0,4.224742,3.5714295,Flat
10.0,2.2802022,2.2603865,Frequency_Jump
11.0,8.534323,5.0119987,Flat
12.0,7.722991,-4.4945316,Short
13.0,8.066031,-4.7699213,Chevron
14.0,5.415291,-2.732669,Chevron
15.0,9.620248,4.6122785,Down
1.0,8.284178,-4.7984004,Down
2.0,7.465873,3.2902133,Flat
3.0,1.912135,-1.6915263,Complex
4.0,6.6198215,5.067532,Flat
5.0,3.5399928,1.5976552,Chevron
6.0,3.8502057,-2.933382,Complex
1.0,13.72795,6.2029243,Short
2.0,13.851472,2.9785821,Flat
3.0,9.342295,-0.64877516,Chevron
4.0,4.2136397,2.0574188,Frequency_Jump
5.0,7.9928365,5.793442,Flat
6.0,5.8174314,-2.5072522,Chevron
1.0,1.7743821,7.320675,Chevron
2.0,13.832483,3.9822063,Flat
3.0,2.8169906,-2.9282804,Short
4.0,8.478484,3.3224545,Down
5.0,3.9196913,2.0943992,Frequency_Jump
1.0,3.8841808,6.9331355,Down
2.0,1.8567132,4.0585175,Frequency_Jump
3.0,1.8610497,4.124692,Frequency_Jump
4.0,2.1912708,5.2731667,Frequency_Jump
5.0,2.5270498,5.0437493,Frequency_Jump
6.0,3.5212958,5.448661,Flat
7.0,5.0173883,6.518505,Flat
8.0,3.7027516,5.4000826,Flat
9.0,3.0064764,5.20986,Flat
10.0,1.7546136,3.3807151,Chevron
11.0,5.8877654,7.094866,Flat
12.0,4.7723837,6.6489716,Down
1.0,3.0543942,5.7505918,Down
2.0,3.9523883,5.5968904,Flat
3.0,2.1331272,4.3661203,Frequency_Jump
4.0,7.9195094,6.053229,Down
5.0,8.781483,2.9404705,Flat
6.0,4.798134,6.170222,Down
7.0,4.5043745,6.567186,Down
8.0,5.2681623,5.7383857,Flat
9.0,4.997562,6.593985,Flat
10.0,4.981996,0.23280394,Down
11.0,5.377489,-1.1571164,Short
12.0,3.9493618,-1.1794165,Complex
13.0,3.577851,-3.1281617,Complex
1.0,4.3443623,7.1029677,Down
2.0,3.9749432,6.9392157,Down
3.0,1.9047182,3.6895192,Chevron
4.0,2.3846874,3.8001714,Down
5.0,1.5610005,4.2465878,Complex
6.0,2.9006727,4.100616,Frequency_Jump
7.0,10.225896,4.8153696,Flat
1.0,10.617821,1.0672015,Down
2.0,2.7478058,5.8594365,Down
3.0,4.319045,5.1881905,Flat
4.0,2.3986676,3.5892007,Chevron
5.0,11.303769,4.4274406,Up
6.0,1.914007,3.8055477,Down
7.0,2.8295255,5.194509,Flat
8.0,2.347976,5.174012,Frequency_Jump
9.0,4.8826084,-2.0690963,Chevron
10.0,3.601708,-3.1354666,Complex
1.0,3.7215226,6.500065,Down
2.0,4.607475,5.652233,Flat
3.0,5.4646955,-1.2456704,Flat
4.0,5.458628,-0.9314763,Up
5.0,10.249747,3.672732,Flat
1.0,2.0923502,5.199513,Frequency_Jump
2.0,4.6331472,5.6621566,Flat
3.0,2.4431736,3.5111463,Chevron
1.0,9.6217785,2.1542826,Down
2.0,1.8811972,3.8110049,Frequency_Jump
3.0,5.202461,6.3406754,Flat
4.0,2.3554456,3.7091565,Chevron
5.0,2.833593,3.766077,Chevron
6.0,2.3342376,3.9252567,Flat
7.0,4.3588066,7.26683,Flat
8.0,2.6065557,6.182441,Flat
9.0,4.355327,5.670241,Flat
10.0,4.3537416,-1.7132498,Complex
11.0,11.438508,1.1263235,Flat
12.0,4.7602534,5.7308755,Flat
13.0,8.714743,-0.37669006,Chevron
14.0,5.104355,-2.3779907,Chevron
15.0,4.2160625,-3.0625913,Complex
16.0,4.6282735,-1.2561048,Chevron
17.0,14.191731,4.437657,Short
1.0,5.6696334,4.9617577,Flat
2.0,2.4283433,2.3786573,Chevron
3.0,2.66072,1.3653593,Frequency_Jump
4.0,2.897222,-3.719423,Chevron
5.0,2.1959963,-3.3800282,Complex
6.0,2.91286,-3.817283,Chevron
1.0,9.7762,3.1258922,Down
2.0,9.616106,2.1856618,Down
3.0,3.899944,6.448873,Flat
4.0,2.4048507,5.2596946,Frequency_Jump
5.0,8.961795,0.26700556,Flat
6.0,5.468985,-1.2422949,Chevron
7.0,7.321587,6.566486,Flat
8.0,5.5563273,-1.600458,Flat
9.0,3.3861833,-2.6484995,Complex
10.0,7.339119,6.6506863,Flat
11.0,5.394144,6.550792,Flat
12.0,2.8974614,4.960474,Flat
13.0,2.1446977,4.389752,Chevron
14.0,12.023992,5.5458717,Flat
15.0,11.90305,4.528475,Down
1.0,1.8106909,6.839248,Chevron
2.0,2.5337427,3.7293463,Frequency_Jump
3.0,4.5062923,4.512607,Flat
4.0,2.6603115,2.9136913,Chevron
5.0,2.4600596,1.5027971,Frequency_Jump
6.0,13.082739,4.407575,Short
7.0,10.404077,3.2691443,Flat
8.0,7.7049522,3.7049828,Flat
9.0,2.2424116,-2.753141,Complex
10.0,11.109722,2.881908,Flat
1.0,12.789342,-0.5272146,Short
2.0,3.4242117,4.2668953,Flat
3.0,2.0619717,4.5765405,Down
4.0,5.9751663,6.8110647,Flat
5.0,2.5980754,3.5367813,Chevron
6.0,5.98729,7.0604615,Flat
7.0,2.427616,2.559911,Chevron
8.0,3.7712057,-1.0436285,Chevron
1.0,1.8785537,3.7440696,Down
2.0,1.5832685,4.31127,Frequency_Jump
3.0,1.5519222,4.337709,Frequency_Jump
4.0,1.5836992,4.3155437,Frequency_Jump
5.0,1.886221,3.664633,Chevron
6.0,4.141648,-1.8410898,Frequency_Jump
7.0,11.115767,1.9190446,Down
8.0,10.138732,3.52201,Down
9.0,4.786733,6.463765,Flat
10.0,4.168591,-3.7454531,Chevron
1.0,4.786699,6.4074516,Flat
2.0,4.3491197,6.792412,Down
3.0,10.104865,3.5099735,Flat
4.0,5.545207,-2.519655,Chevron
1.0,4.2362633,7.203412,Down
2.0,2.7216678,5.1703167,Frequency_Jump
3.0,1.720457,4.51185,Frequency_Jump
4.0,9.69425,2.042067,Flat
5.0,1.8696853,4.6957235,Frequency_Jump
6.0,2.453542,4.200015,Flat
7.0,3.394051,4.4167027,Flat
8.0,2.4758153,3.5075366,Down
9.0,7.245785,3.8989515,Flat
10.0,8.963761,4.0187216,Flat
1.0,2.2740123,6.9397984,Flat
1.0,5.3382015,0.12465047,Down
2.0,4.4566545,-0.53211695,Chevron
3.0,9.183853,5.81678,Flat
4.0,1.7287636,3.1145375,Frequency_Jump
5.0,3.6888106,3.81081,Flat
6.0,3.6589918,4.1342087,Flat
7.0,1.6273463,3.2332535,Complex
8.0,4.7337093,4.3450475,Flat
9.0,1.2494289,2.9548073,Frequency_Jump
10.0,5.53831,-5.6329308,Complex
11.0,8.783012,4.016697,Down
12.0,3.965972,3.052068,Flat
13.0,5.3327665,-4.038664,Chevron
14.0,5.032176,1.381875,Flat
15.0,7.7112045,2.677155,Down
16.0,3.6073265,1.835627,Chevron
17.0,5.8027105,-5.1876335,Complex
18.0,9.33302,5.6020265,Flat
19.0,6.3187785,5.294812,Flat
20.0,3.812969,2.8195999,Frequency_Jump
21.0,2.3315148,1.3951359,Down
22.0,4.7338166,1.5947756,Flat
1.0,7.5304418,-4.365747,Chevron
2.0,6.7530584,6.7266226,Flat
3.0,2.5406675,-0.5258231,Complex
1.0,7.028289,-4.8624105,Chevron
2.0,2.9736757,6.154536,Down
3.0,2.5560896,4.849741,Frequency_Jump
4.0,3.6617043,4.984391,Flat
5.0,4.5674195,-3.0795648,Up
1.0,4.5227184,5.2106104,Chevron
2.0,4.460389,6.8531337,Flat
3.0,4.893554,6.0161576,Flat
4.0,3.3532972,5.890555,Flat
5.0,2.5099862,4.058615,Frequency_Jump
6.0,3.3465679,-0.71876276,Complex
1.0,3.1465273,-1.047163,Complex
2.0,8.759559,-0.4865991,Flat
1.0,8.445358,6.1537995,Flat
2.0,4.384172,6.719155,Down
3.0,4.3211975,5.41076,Flat
4.0,13.177629,1.5088928,Short
1.0,4.7286477,7.5390997,Down
2.0,4.396087,-1.0306481,Chevron
3.0,4.387826,-1.0632856,Chevron
4.0,6.025017,6.0979056,Flat
5.0,3.4636257,4.359485,Frequency_Jump
6.0,9.15312,3.0082605,Flat
7.0,4.0840225,-1.1860887,Complex
8.0,7.9908547,6.1633487,Down
9.0,8.523207,-0.3665128,Chevron
10.0,13.139104,5.705647,Short
11.0,7.4241357,6.6284657,Flat
1.0,1.1678418,2.9825344,Chevron
2.0,4.075965,-4.298754,Complex
1.0,5.507058,-5.311661,Complex
1.0,5.734964,-5.426578,Complex
1.0,11.759785,5.618639,Down
1.0,4.8253565,-0.92132336,Frequency_Jump
2.0,2.909771,6.1636043,Flat
3.0,6.082188,5.8917603,Flat
4.0,2.4758852,4.9370313,Flat
5.0,2.030481,4.8667774,Chevron
6.0,5.661298,6.64462,Flat
7.0,4.8491435,5.6841855,Flat
8.0,5.063679,2.1016383,Down
9.0,4.337758,-3.6739814,Chevron
10.0,4.0091496,-2.2355008,Chevron
1.0,8.397722,0.54669046,Down
1.0,12.522153,4.611943,Flat
1.0,8.246599,3.4916942,Flat
2.0,12.170246,-0.49020568,Down
3.0,1.8914702,-1.7425864,Complex
4.0,3.1885467,2.0135832,Frequency_Jump
5.0,4.1232243,4.2105827,Flat
6.0,3.9248083,1.6893783,Flat
1.0,12.8222885,1.5678719,Down
2.0,2.7399693,1.3217986,Frequency_Jump
3.0,3.3233018,1.9868997,Frequency_Jump
4.0,2.744417,2.1383514,Chevron
5.0,4.45153,3.4618769,Flat
6.0,2.825175,0.86135364,Chevron
7.0,11.778055,0.7539867,Up
8.0,8.990522,3.0848608,Flat
9.0,7.3044853,2.974434,Down
10.0,3.1908298,1.8940196,Down
11.0,3.0512128,-1.1030588,Complex
1.0,8.730112,5.247582,Flat
2.0,8.724864,3.696371,Flat
3.0,4.5026402,0.49840838,Chevron
1.0,13.341442,-0.02415073,Short
2.0,2.6449254,0.71653706,Chevron
3.0,3.4205399,2.811713,Frequency_Jump
4.0,2.1745806,1.9513139,Frequency_Jump
5.0,2.5890336,2.0966933,Frequency_Jump
6.0,6.4019094,5.3812456,Flat
7.0,5.714725,5.8471494,Flat
8.0,3.2982955,3.9552257,Frequency_Jump
9.0,5.748844,5.092435,Flat
1.0,13.150966,-0.4372603,Flat
2.0,13.767865,0.6717229,Up
3.0,7.2233634,5.494439,Flat
4.0,3.6891305,2.5240538,Flat
1.0,10.968952,2.2815423,Down
2.0,4.8639927,-0.5844866,Down
3.0,2.5187988,0.9073399,Chevron
4.0,4.8710833,0.22395241,Chevron
5.0,5.2712526,-2.770606,Chevron
6.0,5.140198,2.9617293,Flat
7.0,3.4885924,1.686227,Down
8.0,3.9468205,1.8524619,Flat
9.0,3.281232,1.2687942,Down
10.0,5.0324473,2.1167157,Flat
11.0,9.865543,5.0830607,Flat
12.0,6.0698013,-5.7641664,Complex
1.0,10.271472,1.2646644,Up
2.0,8.4931345,5.2452993,Flat
3.0,4.192444,-4.2700963,Short
1.0,4.950174,-4.3381734,Complex
2.0,13.464703,5.9627633,Flat
1.0,14.07781,1.6036395,Short
2.0,7.2266603,4.702432,Flat
3.0,2.2043967,-3.1033704,Complex
4.0,3.4589279,-2.8280683,Complex
1.0,2.0979903,3.4882858,Frequency_Jump
2.0,1.8536536,3.8471413,Frequency_Jump
3.0,1.8100877,-4.4197764,Short
4.0,3.4800549,5.4304137,Flat
5.0,3.3192728,5.8763695,Flat
6.0,4.710277,6.6418977,Down
7.0,4.61962,7.128781,Up
8.0,7.3964357,6.125705,Flat
1.0,4.4325356,4.657094,Flat
2.0,7.0919523,7.0371113,Flat
3.0,7.0892406,7.0368066,Flat
4.0,7.1000233,7.0410995,Flat
5.0,7.0816307,7.0379524,Flat
6.0,7.0933957,7.030089,Flat
7.0,7.088525,7.0422735,Flat
8.0,2.1326246,5.251832,Frequency_Jump
9.0,3.4750583,5.4720798,Flat
10.0,7.576324,6.627884,Up
1.0,3.918402,6.9991198,Flat
2.0,0.60347676,8.897288,Flat
3.0,0.6045275,8.896087,Flat
4.0,0.6041529,8.896551,Flat
5.0,0.6037952,8.896989,Flat
6.0,0.60349447,8.897503,Flat
7.0,0.60384345,8.896916,Flat
8.0,0.6276247,8.877254,Flat
1.0,4.7816353,-1.9221324,Chevron
2.0,4.1037407,-1.7054358,Chevron
3.0,3.9783885,-0.29612246,Frequency_Jump
4.0,3.975288,-0.2841264,Frequency_Jump
5.0,3.9837613,-0.34760097,Frequency_Jump
6.0,3.3502147,4.7631397,Down
7.0,8.780876,2.3762136,Down
8.0,3.5533936,-2.8155468,Complex
1.0,13.002168,6.059235,Short
1.0,1.8334881,6.7921085,Chevron
2.0,2.536371,5.3409133,Frequency_Jump
3.0,4.4754543,2.6417575,Flat
4.0,2.791891,4.0799775,Flat
5.0,3.814646,-3.3394501,Complex
6.0,2.729008,-3.4272683,Complex
7.0,3.3263705,3.765243,Frequency_Jump
8.0,5.010331,4.174597,Flat
9.0,2.531558,3.360393,Down
10.0,5.085248,-1.6843503,Down
1.0,10.57209,0.7272269,Down
2.0,4.1778893,7.45693,Flat
3.0,4.185272,7.468396,Flat
4.0,1.5656635,3.3150492,Complex
5.0,6.809909,6.778173,Flat
6.0,3.0379863,6.143994,Flat
7.0,5.291714,-1.3555832,Chevron
8.0,4.4168105,-2.7952147,Frequency_Jump
1.0,2.0104003,3.5813556,Chevron
2.0,2.9865398,4.6721225,Frequency_Jump
3.0,2.225553,4.1585026,Frequency_Jump
4.0,4.0574136,6.6210694,Down
5.0,8.718164,1.7545487,Down
6.0,3.1044662,5.9242706,Flat
7.0,5.3169003,-2.042895,Complex
1.0,5.0318036,6.325528,Flat
2.0,4.4678907,6.700353,Down
3.0,4.479868,6.687088,Down
4.0,5.7529182,-1.2557025,Chevron
1.0,2.391998,5.379076,Down
2.0,14.620001,4.1858873,Short
1.0,8.375116,6.21854,Flat
2.0,3.5932899,0.41861418,Chevron
3.0,3.5944617,0.43333757,Chevron
1.0,9.381244,-0.5790456,Short
2.0,11.018962,-0.2860464,Down
3.0,2.6307585,5.6191483,Down
4.0,7.762059,6.6041255,Flat
5.0,6.186397,6.771253,Flat
6.0,2.5219436,5.071259,Frequency_Jump
7.0,3.260655,5.830613,Flat
8.0,1.9421794,3.5005767,Chevron
9.0,2.7693124,5.200758,Flat
10.0,6.074781,7.1852303,Flat
11.0,5.4848504,-1.9336092,Chevron
1.0,1.5803659,7.3396425,Frequency_Jump
1.0,2.7631478,-4.082507,Short
2.0,7.4000516,-4.7122073,Up
3.0,7.015749,3.0782485,Flat
4.0,2.9826212,2.3796055,Frequency_Jump
5.0,8.573535,4.0292587,Flat
1.0,11.911604,4.461629,Flat
2.0,9.1939745,0.8615742,Down
3.0,9.196494,0.8771551,Down
4.0,9.1941,0.87960964,Down
5.0,9.206213,0.88479906,Down
6.0,9.176644,0.9033014,Down
1.0,13.1267,1.4828466,Short
2.0,7.03333,2.5675588,Down
3.0,13.362964,5.1303678,Short
1.0,13.944371,4.1257854,Short
2.0,1.5968403,7.3939095,Flat
1.0,12.709539,1.7988163,Flat
2.0,7.359409,3.7529995,Flat
3.0,5.2754316,3.4717636,Flat
4.0,3.2328663,2.5338316,Chevron
5.0,4.5432024,2.828997,Flat
6.0,3.3944166,2.9812887,Chevron
7.0,5.2239094,3.1906815,Flat
8.0,4.8189673,-0.6037169,Down
9.0,7.5045404,3.649947,Flat
10.0,2.1131673,-1.158472,Complex
11.0,2.0963604,-1.0375733,Complex
12.0,2.8274899,-3.7337554,Complex
13.0,4.9451017,0.98901254,Flat
1.0,2.0939524,2.2445173,Down
2.0,2.2449338,4.239101,Frequency_Jump
3.0,3.06536,3.8430429,Down
4.0,8.9789295,2.6662903,Down
5.0,4.186441,4.6968913,Flat
6.0,3.6122556,4.7798696,Down
7.0,13.796046,5.3159447,Flat
8.0,6.530849,-5.2385883,Short
9.0,9.317729,-0.73629856,Down
10.0,8.526954,6.039535,Flat
11.0,12.427795,4.432984,Down
12.0,8.374131,2.8204014,Down
13.0,10.576724,5.521868,Flat
14.0,10.967738,5.276604,Flat
1.0,2.3794668,1.5226251,Down
2.0,4.905368,4.682701,Flat
3.0,3.5326214,4.098872,Flat
4.0,4.574956,3.4394658,Down
5.0,3.246742,1.4104779,Down
6.0,14.913921,2.4344761,Chevron
7.0,13.388095,4.299907,Short
1.0,13.486698,4.4005985,Short
2.0,12.531251,3.4624083,Up
3.0,7.3696775,-5.0212073,Chevron
4.0,10.839612,5.0604496,Flat
5.0,12.641109,3.4315903,Up
6.0,13.538539,5.224029,Short
1.0,11.966465,4.8325377,Short
2.0,4.813338,5.691257,Flat
3.0,4.472632,-1.7838355,Chevron
4.0,14.030942,5.890908,Short
1.0,15.072493,2.592927,Down
2.0,4.3008466,-0.72630525,Chevron
3.0,6.9899073,6.781671,Flat
4.0,6.959732,6.7546444,Flat
5.0,7.3627024,6.6962967,Flat
6.0,2.7271013,5.0690393,Flat
7.0,4.3011513,4.859506,Flat
8.0,3.899898,4.992811,Flat
9.0,3.9012096,3.559918,Chevron
10.0,2.3923755,2.6705494,Frequency_Jump
11.0,1.8495948,2.688398,Complex
1.0,2.2077992,6.652129,Frequency_Jump
2.0,5.13047,-1.3311731,Chevron
3.0,2.6164632,2.3329315,Frequency_Jump
4.0,4.230484,4.7307076,Flat
5.0,4.5450525,1.416497,Frequency_Jump
6.0,11.475628,2.3768916,Up
7.0,9.647974,2.098442,Flat
8.0,14.831158,2.4167943,Down
9.0,6.952377,4.9320908,Flat
10.0,2.5972292,-3.204525,Complex
1.0,8.227523,1.60274,Down
2.0,3.999589,1.6036911,Chevron
3.0,5.3238134,-1.612286,Chevron
4.0,3.4285269,-0.50419986,Chevron
5.0,11.028767,2.025129,Down
6.0,4.5762315,0.8713014,Frequency_Jump
7.0,2.0657055,3.8674226,Down
8.0,6.000836,6.176889,Flat
9.0,5.8224425,-2.518952,Chevron
10.0,13.257575,5.663146,Short
1.0,10.939802,-0.38625368,Down
2.0,3.7132874,4.012994,Down
1.0,2.747426,5.8577895,Flat
2.0,4.9250216,-1.3338155,Chevron
3.0,3.1252406,1.7492653,Down
4.0,7.440685,2.9355645,Down
5.0,8.229079,2.859608,Down
6.0,10.38932,5.353815,Flat
7.0,13.909545,5.230509,Short
1.0,12.72694,4.639107,Flat
2.0,4.8906775,5.644062,Flat
1.0,3.2838082,-3.013048,Complex
2.0,3.0731905,-1.1307663,Complex
3.0,3.7025797,-2.9299045,Complex
1.0,3.7190166,1.5298208,Frequency_Jump
2.0,5.2211304,-2.1547263,Chevron
3.0,4.3884053,-3.2194352,Chevron
1.0,8.220595,2.7609093,Down
2.0,3.6178932,4.423785,Flat
3.0,3.2513278,-2.001766,Complex
1.0,2.2074308,2.8935168,Frequency_Jump
2.0,5.894863,5.9820776,Flat
3.0,7.9246373,6.231038,Flat
4.0,3.1205163,2.1559105,Down
5.0,9.001661,-0.57918054,Chevron
6.0,12.060191,4.6495337,Down
7.0,3.3652306,-2.7941048,Complex
8.0,2.4046805,3.437489,Chevron
9.0,4.079539,6.7110276,Down
10.0,9.744846,3.2451458,Flat
11.0,6.5665793,5.2076964,Flat
12.0,12.902631,6.2693753,Short
1.0,9.015263,1.4318119,Down
2.0,2.0350924,4.104643,Frequency_Jump
3.0,2.6650782,5.3985057,Flat
4.0,8.707925,5.9570975,Flat
5.0,8.515412,1.7341336,Down
1.0,2.3325713,6.8628907,Flat
2.0,5.737688,-1.9662782,Up
3.0,2.337265,-2.7887032,Complex
4.0,2.9722931,-3.83297,Chevron
1.0,13.049136,1.4208798,Down
2.0,9.239823,-1.0454999,Complex
3.0,9.237485,-1.0468373,Complex
4.0,13.516621,1.4383907,Short
5.0,1.929822,-1.9079639,Complex
6.0,7.2390704,3.0174723,Down
7.0,12.492571,-0.76054984,Up
8.0,4.665921,-2.8121562,Chevron
9.0,9.263127,1.4974599,Down
10.0,9.62731,5.509149,Flat
11.0,8.470793,0.9322908,Down
1.0,11.827497,2.4828744,Flat
2.0,9.016308,-0.7220546,Chevron
3.0,3.3757255,-0.7073516,Chevron
4.0,2.0306022,-2.5363016,Complex
5.0,4.287713,2.9193182,Flat
6.0,3.9402957,2.0842197,Chevron
7.0,3.2214932,0.950801,Chevron
1.0,7.333163,-4.6251407,Chevron
1.0,2.6913807,1.9791013,Up
2.0,5.4583125,2.6161325,Flat
3.0,2.6479068,-0.9210421,Complex
4.0,2.151669,-1.268536,Complex
5.0,7.0860786,3.6026418,Flat
6.0,3.6781914,2.2088764,Flat
7.0,4.9613786,1.093036,Chevron
8.0,12.74957,3.1644814,Up
1.0,11.7128725,4.054121,Flat
2.0,12.742963,0.46329272,Flat
3.0,12.738662,0.4717709,Flat
4.0,6.795225,5.001785,Flat
5.0,3.398825,1.9001561,Chevron
6.0,10.926428,1.9528567,Down
7.0,13.75715,5.646227,Short
8.0,13.032847,6.350101,Short
9.0,4.8642364,-0.76800466,Down
10.0,7.3364496,-5.410196,Short
11.0,8.73325,5.2597404,Flat
12.0,2.5914993,-0.34488258,Chevron
13.0,5.5656734,2.5862548,Flat
14.0,5.5764875,-5.305953,Chevron
15.0,13.66832,3.8494403,Short
16.0,2.6343277,-1.0587928,Complex
17.0,4.180232,-2.799608,Complex
18.0,13.463486,4.293514,Short
1.0,12.781216,1.2525462,Short
2.0,1.2031913,3.001972,Chevron
3.0,3.570283,4.1199565,Frequency_Jump
4.0,5.833108,5.9498405,Flat
5.0,4.48907,4.596747,Flat
6.0,5.6824036,4.8042016,Flat
7.0,11.884971,1.8336637,Up
8.0,6.288367,5.652988,Flat
9.0,4.5547085,-3.2693717,Up
1.0,2.1039422,6.7654185,Chevron
1.0,2.0639405,-1.6623663,Complex
2.0,6.6091056,5.0719337,Flat
3.0,3.0719655,2.6140716,Chevron
4.0,3.7489727,3.2010617,Frequency_Jump
5.0,2.2043383,1.8388182,Down
6.0,8.77068,5.5674086,Flat
7.0,3.9746945,-4.4494414,Short
8.0,2.745339,0.6841606,Chevron
9.0,4.008013,2.351932,Frequency_Jump
10.0,2.7426608,-3.5757911,Complex
1.0,12.988921,-0.52548057,Short
2.0,1.9568477,-1.9189256,Complex
3.0,1.958447,-1.9259648,Complex
4.0,5.7702084,-4.250617,Chevron
5.0,13.18268,-0.4671346,Short
1.0,11.377892,0.17599717,Down
2.0,7.375238,2.9757595,Down
3.0,7.7888093,-4.3785005,Short
1.0,12.107745,4.4190774,Flat
2.0,4.0511937,-1.352822,Chevron
3.0,4.111557,-4.274,Frequency_Jump
4.0,9.485854,3.5562458,Flat
5.0,4.596664,-2.4955728,Chevron
6.0,9.163275,5.3672724,Flat
7.0,8.665328,5.1212406,Flat
8.0,5.2874956,3.0170999,Flat
9.0,3.8937058,2.2112002,Flat
10.0,2.8140564,0.004301339,Chevron
11.0,5.0866737,2.1378586,Flat
12.0,5.125624,2.0945551,Flat
13.0,3.5627887,1.2945307,Down
14.0,5.196496,2.3346114,Flat
15.0,3.3161616,-2.4391112,Complex
16.0,5.7441583,4.714915,Chevron
17.0,5.092076,1.6209553,Chevron
1.0,12.495135,0.51049703,Down
2.0,3.9822893,2.5269012,Flat
3.0,5.0872216,3.122714,Flat
4.0,7.567408,-4.9347615,Chevron
1.0,10.599136,0.9225148,Down
2.0,7.2279477,4.56302,Flat
3.0,11.940946,4.362852,Flat
1.0,2.442449,1.4882352,Down
2.0,1.8709985,-1.7434679,Complex
3.0,1.8896358,-1.7259604,Complex
4.0,1.8856331,-1.716465,Complex
5.0,1.8903177,-1.7179368,Complex
6.0,6.836493,4.965273,Flat
7.0,5.039395,2.1120305,Flat
8.0,3.71378,2.1048334,Frequency_Jump
9.0,13.157772,-0.41568583,Short
1.0,7.5465903,-4.841655,Short
2.0,11.321161,1.0307226,Down
3.0,7.2063327,4.0725455,Flat
4.0,8.4574175,3.2997081,Flat
5.0,3.87565,-2.9688568,Chevron
6.0,14.128269,1.4735869,Short
1.0,11.079239,-0.19957767,Down
2.0,3.2976665,4.0264297,Flat
3.0,2.4785187,5.315721,Frequency_Jump
4.0,2.7814822,4.1374974,Chevron
5.0,2.1970277,6.7272034,Chevron
6.0,4.5891576,0.21540661,Flat
7.0,5.7668295,6.9544706,Flat
8.0,4.3498025,5.464093,Flat
9.0,2.647604,4.1599503,Flat
10.0,2.9625604,4.548859,Frequency_Jump
11.0,2.3174615,1.9653391,Chevron
12.0,5.3054714,-2.1264296,Chevron
13.0,6.292091,5.25336,Flat
14.0,5.0111365,-4.1366377,Chevron
15.0,2.543102,0.91786593,Short
16.0,12.442403,4.82242,Down
17.0,10.1926,5.530436,Flat
18.0,9.62482,5.5688405,Flat
1.0,13.518235,4.2460966,Short
2.0,2.5958412,4.205419,Frequency_Jump
3.0,5.601,6.519662,Flat
4.0,3.538732,4.8198733,Frequency_Jump
5.0,5.3310924,-1.3431821,Chevron
1.0,11.23138,1.368819,Down
2.0,1.9967867,4.038294,Chevron
3.0,2.1386037,6.7353454,Flat
4.0,4.174678,5.3103533,Flat
5.0,4.4205885,-2.1434338,Chevron
6.0,2.2662027,1.7737234,Chevron
7.0,9.603014,2.955704,Down
8.0,12.681381,2.3455381,Down
9.0,5.7513046,6.2985663,Flat
1.0,5.2046833,6.4378815,Flat
2.0,2.013797,3.226361,Chevron
3.0,2.5972319,3.718886,Frequency_Jump
4.0,2.6795938,4.3082585,Flat
5.0,3.9915965,4.9494495,Flat
6.0,3.5340695,-1.2311752,Chevron
7.0,2.8367426,3.9552932,Down
8.0,6.8995547,6.601416,Flat
9.0,4.960504,2.9199173,Flat
10.0,2.201205,3.1532025,Chevron
11.0,5.8899465,-5.116067,Complex
12.0,3.496442,-0.6570848,Chevron
13.0,3.8687427,-1.0633067,Chevron
14.0,11.011656,5.4574213,Flat
1.0,2.1075892,-1.2212859,Complex
2.0,6.038653,6.8806324,Flat
3.0,5.7766356,6.1052527,Flat
4.0,3.9488933,4.8292184,Flat
5.0,11.835679,1.8300902,Up
6.0,11.800298,2.8700738,Flat
7.0,3.173837,2.594352,Down
8.0,6.2645516,6.3787184,Flat
9.0,9.529189,3.1337738,Flat
10.0,4.1769924,-1.7442721,Down
1.0,7.82688,2.6799304,Down
2.0,2.8995893,0.9286147,Chevron
3.0,11.781181,0.79567075,Up
4.0,7.737079,2.8084238,Down
5.0,3.3206608,2.1990743,Flat
6.0,3.4853773,1.7042987,Down
7.0,7.6255918,-4.9118166,Chevron
1.0,13.319742,1.3554862,Short
2.0,5.06665,2.096904,Down
3.0,8.695164,5.152759,Flat
4.0,8.73081,1.0496011,Down
1.0,9.510972,5.6337166,Flat
2.0,3.944146,2.9940758,Chevron
3.0,2.348678,-0.64971924,Chevron
4.0,14.530769,3.8192372,Short
1.0,2.8579736,1.5680844,Frequency_Jump
2.0,3.3635077,3.5053115,Frequency_Jump
3.0,6.193036,5.330024,Flat
4.0,2.5755572,2.2670596,Frequency_Jump
5.0,4.9760838,3.0114815,Flat
6.0,5.1773624,3.2412324,Flat
7.0,3.9432545,1.7681828,Flat
8.0,3.228329,0.9778866,Chevron
1.0,9.1691265,0.057377458,Chevron
2.0,2.8825228,1.5708784,Chevron
3.0,3.2592819,2.4387922,Flat
4.0,3.378323,1.266028,Down
5.0,3.9057047,3.027405,Chevron
6.0,3.722809,2.7582667,Flat
7.0,4.6320605,3.1873305,Flat
8.0,3.339439,1.4845927,Down
9.0,8.76315,5.1113605,Flat
10.0,5.8381305,-4.834495,Chevron
11.0,2.03521,-3.4240413,Short
12.0,8.732377,4.922725,Flat
1.0,12.88801,-0.5235154,Flat
2.0,4.1627445,-0.35435092,Down
3.0,4.182423,-0.3536657,Down
4.0,4.1638474,-0.3764292,Down
5.0,4.1738763,-0.35970178,Down
6.0,3.7909431,-0.94532216,Chevron
1.0,6.1172366,-5.137259,Complex
2.0,4.066835,-1.0021181,Complex
3.0,4.083962,0.89517725,Chevron
4.0,12.467912,3.5040913,Up
1.0,11.576487,2.0496051,Flat
2.0,12.220698,-0.30063143,Flat
3.0,12.238179,-0.29816952,Flat
4.0,12.207958,-0.29985654,Flat
5.0,12.208248,-0.2942746,Flat
6.0,12.203477,-0.30174893,Flat
7.0,12.192172,-0.28942832,Flat
8.0,12.211773,-0.31883508,Flat
9.0,12.182171,-0.28271765,Flat
10.0,12.204514,-0.32675374,Flat
1.0,7.7489123,-4.389338,Short
2.0,1.6519312,6.9677396,Chevron
3.0,3.434463,-2.0505404,Complex
4.0,5.595066,-5.6277514,Complex
1.0,7.0464973,3.3403478,Flat
2.0,9.076026,3.224505,Down
3.0,13.419586,5.4428015,Flat
1.0,13.2756,1.345316,Short
2.0,3.7729123,3.1561527,Frequency_Jump
3.0,9.275456,0.2259774,Down
1.0,4.9168744,-2.0163867,Chevron
2.0,7.249378,3.2158847,Flat
3.0,3.1323168,2.3033586,Flat
4.0,5.1833873,2.8505163,Flat
5.0,2.8333743,2.3103201,Flat
6.0,3.663696,1.7124201,Frequency_Jump
7.0,3.5031772,-1.3558277,Chevron
8.0,5.2743673,2.6750908,Flat
9.0,11.031522,-0.51377434,Chevron
10.0,8.533453,3.8028438,Flat
11.0,9.588046,5.3743057,Flat
1.0,9.845002,3.671983,Down
2.0,9.827845,3.6629608,Down
3.0,9.824482,3.6755874,Down
4.0,9.828514,3.6718411,Down
5.0,9.822794,3.6665678,Down
6.0,9.811956,3.673161,Down
7.0,4.477232,1.0658662,Down
8.0,4.549877,1.9022362,Flat
9.0,9.568882,3.2550304,Down
10.0,4.144825,-2.8099952,Complex
11.0,7.0352235,4.711481,Flat
12.0,4.987648,2.092782,Flat
13.0,5.1215463,-0.9622929,Down
14.0,4.2153726,-2.317234,Down
1.0,9.631551,3.1713185,Down
2.0,4.693274,-1.5779285,Frequency_Jump
1.0,9.9729185,1.857923,Down
2.0,5.765315,6.2087574,Flat
3.0,3.3051002,5.3782177,Flat
4.0,7.280887,6.699092,Flat
5.0,5.118205,6.2167945,Flat
6.0,2.2962506,-3.0964935,Complex
1.0,13.164549,2.4268124,Flat
2.0,3.7304988,2.9651606,Frequency_Jump
3.0,2.6401553,1.2788811,Frequency_Jump
4.0,4.9300785,-0.5701004,Down
5.0,12.975235,-0.49807546,Flat
6.0,4.7807245,-1.8221765,Chevron
7.0,10.351995,1.6638129,Down
8.0,3.9631374,3.127678,Flat
9.0,12.10486,0.42421365,Up
1.0,2.0781996,7.651697,Flat
1.0,1.9229213,7.483215,Flat
2.0,12.838774,-0.451826,Down
1.0,7.3938627,3.2815638,Flat
2.0,13.498316,4.122689,Down
1.0,3.2162578,4.2586446,Chevron
2.0,2.4334402,5.3309064,Frequency_Jump
3.0,2.799761,4.9801893,Flat
4.0,2.8895245,4.4683948,Chevron
5.0,3.4072955,5.3908195,Flat
6.0,4.1335735,6.4525013,Flat
7.0,3.067209,4.361568,Chevron
8.0,3.386038,5.885298,Flat
9.0,4.200623,5.2433734,Chevron
10.0,12.445439,5.41515,Flat
1.0,2.2761266,6.8469567,Flat
2.0,3.7913868,-1.5042024,Complex
3.0,5.579762,-1.2493944,Up
4.0,4.3155093,6.483109,Flat
5.0,2.297515,3.0349703,Chevron
6.0,2.1237044,4.3791656,Frequency_Jump
7.0,4.4646215,5.985235,Flat
8.0,5.489354,-1.0580735,Up
1.0,4.845527,-1.3024368,Chevron
2.0,5.187472,6.29336,Flat
3.0,4.4603047,5.4022703,Flat
4.0,2.387349,3.8809652,Frequency_Jump
5.0,2.9264796,6.181858,Down
1.0,10.334274,1.7156684,Down
2.0,13.314885,1.888758,Short
3.0,3.9165943,-2.8503718,Short
1.0,5.91713,-5.1779,Short
2.0,5.136954,-1.9931958,Up
1.0,3.2320018,-4.309531,Flat
1.0,11.722608,-0.057681166,Down
2.0,3.7610385,3.1209514,Frequency_Jump
3.0,11.927941,1.7696482,Up
1.0,11.847356,0.3975218,Down
2.0,3.6530669,3.2155786,Chevron
3.0,4.18131,-1.9537727,Down
1.0,11.795524,2.0180347,Flat
2.0,4.3516197,-0.27150297,Down
3.0,3.705949,3.148345,Frequency_Jump
4.0,2.6149042,2.068752,Frequency_Jump
5.0,3.9604828,3.0160322,Flat
6.0,2.434853,2.3456037,Chevron
7.0,4.7777643,3.243441,Flat
8.0,3.2420802,1.4582895,Frequency_Jump
9.0,4.9824677,-0.6852006,Down
10.0,8.356511,5.502368,Flat
11.0,12.569056,1.6541867,Flat
12.0,12.157826,1.5560758,Up
13.0,11.239733,1.6165076,Short
14.0,4.8526235,3.2768123,Flat
15.0,4.4052296,3.1095192,Down
16.0,4.2975497,0.45587695,Chevron
17.0,8.372854,4.0755906,Flat
18.0,2.1512983,-4.1204557,Short
1.0,5.4550476,-5.1583014,Chevron
2.0,8.583704,3.0155587,Down
3.0,9.03506,4.091101,Down
4.0,9.034588,4.0936337,Down
5.0,9.034182,4.1038065,Down
6.0,9.039581,4.0880294,Down
7.0,9.043002,4.1117573,Down
8.0,9.023495,4.101268,Down
9.0,9.036398,4.084473,Down
10.0,9.044082,4.0822926,Down
1.0,12.776035,4.5644083,Flat
2.0,14.12745,5.7011986,Short
3.0,14.117009,5.706198,Short
4.0,5.4009843,-4.6746716,Complex
1.0,9.265135,0.20431225,Flat
2.0,8.969405,-0.071070224,Flat
3.0,4.1158834,-0.21197742,Frequency_Jump
4.0,2.9510386,1.1855184,Chevron
5.0,11.742243,0.7565234,Up
6.0,5.101295,-0.7989678,Flat
7.0,10.904776,-0.5783729,Flat
8.0,7.3242607,3.1603894,Flat
9.0,3.7540662,2.966373,Frequency_Jump
1.0,7.425731,2.7408993,Down
2.0,11.662628,1.2882384,Down
1.0,2.4254906,4.638364,Frequency_Jump
2.0,4.5195456,7.104957,Down
3.0,4.532548,7.087656,Down
4.0,2.3556376,2.6675575,Frequency_Jump
5.0,5.7436237,6.6875668,Down
6.0,3.2708101,4.2156982,Flat
7.0,1.9716936,4.1326413,Frequency_Jump
8.0,2.127884,3.4606135,Frequency_Jump
9.0,10.585586,0.7049156,Down
10.0,9.467753,0.10547813,Up
11.0,5.131902,6.234333,Down
12.0,10.525371,0.52007407,Down
13.0,3.2297685,-4.497639,Flat
14.0,3.2087624,-4.532238,Flat
15.0,2.8486502,-3.9760497,Complex
1.0,2.5295765,2.7373319,Frequency_Jump
2.0,2.3777206,5.0155993,Frequency_Jump
3.0,3.419942,5.4219337,Flat
4.0,4.8660398,5.670364,Down
5.0,3.3954284,5.439296,Flat
6.0,13.063065,5.379788,Short
1.0,11.016431,0.44551048,Down
2.0,9.642255,2.1595383,Flat
3.0,9.6211195,2.166236,Flat
4.0,6.2191834,6.3582373,Flat
5.0,5.732313,-1.2574072,Flat
6.0,10.2590475,3.768953,Up
1.0,4.155408,-0.2482503,Down
2.0,3.1601965,5.507126,Flat
3.0,6.0079236,5.416074,Flat
4.0,11.809985,1.6749316,Flat
5.0,2.5701602,4.6244617,Down
1.0,12.794134,-0.45644385,Down
2.0,4.476448,3.751185,Flat
3.0,4.4793286,-0.44656214,Chevron
4.0,7.8305054,-4.4238114,Short
5.0,4.0518026,1.9244506,Chevron
6.0,8.417723,3.8032057,Down
7.0,11.845958,1.5544701,Chevron
8.0,4.803402,2.8766685,Flat
9.0,4.3608527,4.594514,Flat
10.0,4.78828,3.238274,Flat
11.0,4.5979176,-0.18896863,Chevron
12.0,4.805922,-1.8842487,Chevron
13.0,11.271084,5.008536,Flat
1.0,1.6478823,6.997024,Chevron
2.0,7.277708,4.310235,Flat
3.0,4.323561,-0.45068955,Chevron
4.0,10.0611515,2.831599,Down
5.0,7.5625286,3.5139549,Flat
6.0,14.593452,3.779283,Short
1.0,11.078878,1.042351,Down
2.0,2.0967965,-1.1824372,Complex
3.0,2.0971994,-1.170948,Complex
4.0,2.823019,0.8439054,Chevron
5.0,5.236736,-2.5955303,Up
1.0,3.5713634,-0.90614295,Chevron
2.0,3.9901283,0.07846803,Down
3.0,4.022547,0.059522364,Down
4.0,3.8469496,3.289714,Frequency_Jump
5.0,3.4153066,1.4666098,Down
6.0,15.216704,2.8319468,Short
1.0,13.682469,5.7367997,Flat
2.0,6.843209,-5.5971937,Short
1.0,1.1210971,3.0335906,Frequency_Jump
2.0,14.118425,4.2454267,Short
3.0,13.738311,5.459974,Short
4.0,10.083432,4.670676,Down
5.0,8.945573,2.2397413,Down
6.0,5.2440367,2.9431238,Flat
7.0,6.595975,5.0310836,Flat
8.0,5.3218656,2.8518744,Flat
9.0,2.1504524,-3.1661646,Short
10.0,12.0479,0.89860004,Short
1.0,1.7706158,6.9615154,Frequency_Jump
2.0,11.237112,1.3505524,Down
3.0,9.938635,1.8884115,Flat
4.0,3.76864,3.9478145,Frequency_Jump
5.0,1.2205739,2.944393,Frequency_Jump
6.0,4.1030254,0.23869267,Down
7.0,2.421731,1.6550983,Chevron
8.0,4.511135,4.4683466,Flat
9.0,7.634714,6.5026665,Flat
10.0,4.4733315,-2.39875,Chevron
1.0,1.9350661,7.261046,Flat
1.0,12.673214,1.5639702,Short
2.0,7.015165,2.9479828,Flat
1.0,1.8837566,7.3811164,Flat
1.0,3.3449223,2.1051254,Chevron
2.0,4.300425,2.2243688,Flat
3.0,2.7236204,1.4399751,Down
4.0,2.0515146,7.6298018,Flat
5.0,4.6258926,1.0520418,Chevron
1.0,12.985035,3.265195,Flat
2.0,4.519269,-0.6146964,Chevron
3.0,3.8827615,0.013552883,Frequency_Jump
4.0,2.7379153,3.811649,Frequency_Jump
5.0,6.0837727,5.4351387,Flat
6.0,2.4092004,3.7664022,Frequency_Jump
7.0,1.7232275,4.1729684,Down
8.0,4.3524756,5.906635,Flat
9.0,5.6777806,-1.2699249,Chevron
1.0,9.597642,2.1384895,Down
2.0,9.60175,2.1420784,Down
3.0,3.0487914,6.2249146,Down
4.0,4.7351346,-2.8104968,Short
1.0,4.49628,-0.17184702,Frequency_Jump
2.0,3.5958548,-1.3777835,Chevron
3.0,3.613548,-0.5985536,Chevron
4.0,10.093744,0.8371414,Down
1.0,7.2117333,5.533566,Flat
2.0,3.854779,3.2080429,Frequency_Jump
3.0,4.190163,-0.2767747,Chevron
4.0,5.5409474,-5.6029425,Complex
1.0,1.9899155,7.186645,Flat
2.0,7.7619376,5.984893,Flat
3.0,3.7363179,1.8017125,Flat
1.0,9.728543,0.34020323,Flat
2.0,10.295484,1.1707238,Down
3.0,10.303676,1.2119161,Down
4.0,4.9559464,1.9512417,Flat
5.0,13.846973,1.2963479,Flat
1.0,3.2019343,3.9113462,Flat
2.0,1.9792818,3.8598394,Down
3.0,2.2349772,2.6329012,Frequency_Jump
4.0,7.3218813,6.6669164,Flat
5.0,4.707675,3.0824995,Flat
1.0,11.119831,2.8161905,Flat
2.0,11.093943,2.8590095,Flat
3.0,11.085084,2.874828,Flat
4.0,11.092587,2.865232,Flat
5.0,11.094201,2.8565593,Flat
6.0,11.099559,2.872695,Flat
7.0,11.08494,2.8742795,Flat
8.0,11.090703,2.864849,Flat
9.0,4.5715747,3.3731768,Flat
10.0,4.980364,2.2370486,Flat
11.0,4.1131687,-2.1065736,Down
12.0,5.03388,-2.6883178,Chevron
13.0,11.375866,1.6933469,Chevron
14.0,9.273553,3.220715,Down
1.0,7.732486,6.3882565,Flat
2.0,4.268206,6.6596704,Flat
3.0,3.368362,5.8722506,Flat
4.0,2.2343123,6.7980185,Flat
5.0,2.6605039,4.0787706,Flat
6.0,3.593107,5.337917,Flat
7.0,5.6967673,6.979753,Down
8.0,2.7586808,4.5108624,Down
9.0,10.386471,2.9251912,Flat
10.0,12.143923,4.527028,Down
1.0,4.625942,6.9341507,Down
2.0,6.10387,7.164783,Flat
3.0,7.4446025,6.695338,Flat
1.0,7.0739474,7.053831,Flat
2.0,7.941833,6.4793544,Flat
3.0,4.161594,-2.093793,Chevron
1.0,7.775199,6.5309434,Flat
2.0,5.626908,-1.9446418,Chevron
1.0,1.8328191,7.085674,Chevron
2.0,2.3920548,1.5805824,Down
3.0,3.139524,2.4487066,Flat
4.0,5.208942,3.1415703,Flat
5.0,2.0344417,2.2001505,Down
6.0,4.478153,4.2238784,Flat
7.0,2.8935738,-1.064613,Complex
8.0,13.483963,1.0237615,Short
9.0,5.0205507,1.2706443,Flat
10.0,4.9465632,3.3994596,Flat
11.0,2.1696436,1.2340244,Chevron
12.0,13.843156,3.69612,Short
13.0,14.735371,3.1390254,Short
14.0,9.871343,4.7302766,Down
15.0,7.4716887,6.071831,Flat
16.0,4.220236,4.8956428,Flat
17.0,4.3050594,3.2131896,Flat
18.0,4.479979,3.1590934,Flat
19.0,4.613075,0.7158997,Up
20.0,3.1868887,-0.9766826,Complex
21.0,9.024061,5.6493587,Flat
22.0,2.5566797,-3.3673012,Complex
1.0,8.32941,2.2908819,Down
1.0,6.8409877,-5.527032,Complex
1.0,12.972784,6.3676934,Flat
2.0,10.519189,1.6582334,Down
3.0,10.512251,1.6572226,Down
4.0,9.49437,3.2303445,Down
1.0,7.158367,-5.2697964,Complex
2.0,1.8475543,7.3197513,Chevron
1.0,13.848198,3.9628484,Short
2.0,12.688206,-0.6319289,Down
3.0,7.1899924,3.1078181,Flat
4.0,5.888714,-5.1705947,Chevron
5.0,8.407013,4.920321,Flat
6.0,5.1514416,2.0708232,Down
7.0,5.514984,-4.783663,Complex
8.0,7.174532,2.9919925,Down
9.0,5.2064114,2.8393803,Flat
10.0,5.0525026,3.0365167,Flat
11.0,3.672446,4.2314606,Flat
12.0,4.13631,3.638024,Flat
13.0,3.28766,2.9952369,Frequency_Jump
14.0,4.360773,-2.5457952,Complex
15.0,2.158321,1.597874,Down
16.0,3.844559,0.35091227,Chevron
17.0,13.965935,4.494206,Flat
18.0,4.5222387,0.7431895,Down
19.0,9.367797,5.6878843,Flat
1.0,1.7476779,7.430606,Flat
1.0,1.9229391,-4.329214,Short
1.0,3.215327,4.1869383,Chevron
2.0,2.3794515,5.4185867,Frequency_Jump
3.0,1.7363948,4.5127606,Frequency_Jump
4.0,4.88108,6.322064,Flat
1.0,1.5952824,7.3595047,Flat
2.0,3.9707072,3.5413566,Flat
3.0,4.324858,5.0094686,Flat
4.0,5.9336514,5.197429,Flat
5.0,5.7365475,5.0014634,Flat
6.0,5.7684164,5.1523714,Flat
7.0,4.0118937,3.1802137,Flat
8.0,4.4658427,-3.668549,Chevron
9.0,3.9727547,2.1703794,Frequency_Jump
10.0,6.138863,4.7409678,Up
11.0,2.5167816,-0.5424574,Complex
12.0,3.0304856,-0.0052037323,Chevron
13.0,6.3692036,6.706391,Flat
1.0,1.7252315,3.0842922,Frequency_Jump
2.0,3.415301,-1.4749706,Complex
3.0,5.780631,-5.730729,Complex
4.0,6.1188836,-5.1014524,Short
5.0,12.878679,4.5257053,Flat
6.0,2.0055208,6.6542845,Chevron
7.0,5.910839,5.9871893,Flat
8.0,2.1686733,4.312734,Frequency_Jump
9.0,6.085843,5.4263296,Flat
10.0,2.160106,3.9450293,Down
11.0,2.3598535,4.711098,Frequency_Jump
12.0,7.646094,-4.5346045,Chevron
13.0,8.283494,5.3582625,Flat
1.0,4.8532586,-1.6830186,Chevron
2.0,10.242057,3.6627007,Flat
3.0,10.246986,3.6412969,Flat
4.0,10.259788,3.646482,Flat
1.0,9.798679,3.132961,Flat
1.0,8.435288,6.0570955,Down
2.0,12.12527,4.433725,Down
3.0,12.102656,4.424093,Down
1.0,6.0139627,1.4396887,Flat
1.0,2.063429,7.02648,Chevron
1.0,15.282821,2.7682014,Flat
2.0,14.1662,4.417784,Short
1.0,11.605071,-0.43266666,Down
2.0,11.550573,-0.42998907,Down
3.0,11.547307,-0.4299207,Down
4.0,9.2396755,5.4100986,Flat
5.0,7.4898024,-4.982874,Chevron
1.0,8.954187,-0.11827562,Chevron
2.0,12.602031,5.511116,Flat
3.0,12.604698,5.511689,Flat
1.0,10.297826,1.6553212,Down
2.0,11.058899,3.0545397,Flat
3.0,11.036078,3.0338206,Flat
4.0,11.925647,1.6897376,Short
5.0,7.217692,-5.367618,Chevron
1.0,9.975414,5.1557856,Flat
1.0,8.959064,-0.1496364,Flat
2.0,3.981216,6.697255,Flat
3.0,2.8974476,6.101431,Flat
4.0,4.113185,0.07334915,Chevron
5.0,3.404838,-1.2209281,Complex
6.0,12.603526,4.098732,Down
7.0,9.791396,-0.6192825,Chevron
8.0,4.426334,6.7353024,Flat
9.0,7.1167803,6.815059,Flat
10.0,14.1346,4.6886077,Short
1.0,8.723723,4.985799,Flat
2.0,9.437056,4.5698395,Flat
3.0,9.255673,5.759887,Flat
1.0,3.8375328,-0.24478838,Frequency_Jump
2.0,8.310635,2.6998584,Flat
1.0,5.341517,-1.2810619,Chevron
2.0,1.8553435,3.6911082,Frequency_Jump
3.0,1.9099815,3.6727896,Frequency_Jump
4.0,4.065198,6.6777973,Down
5.0,10.178492,1.0765479,Flat
6.0,4.4437447,-0.9472469,Chevron
7.0,2.9667742,6.0490775,Flat
8.0,3.2556107,4.749765,Frequency_Jump
9.0,5.8641133,6.0495677,Flat
10.0,4.429577,5.490315,Flat
11.0,1.1222504,3.0437715,Chevron
12.0,7.867063,4.205291,Flat
13.0,2.4380283,4.4475346,Frequency_Jump
14.0,5.3353415,0.4120359,Chevron
15.0,4.6794586,1.7530141,Flat
16.0,6.7145143,6.5172744,Flat
17.0,4.341627,5.842342,Flat
1.0,1.6934365,6.9322453,Chevron
2.0,4.520166,3.9376018,Flat
3.0,4.2434688,-1.8138094,Chevron
4.0,14.819424,4.1453176,Short
5.0,12.680485,4.206928,Down
6.0,3.1533298,3.1564631,Frequency_Jump
7.0,4.5822897,3.21787,Chevron
1.0,10.858201,5.2233877,Flat
2.0,4.3515224,0.9020775,Flat
3.0,2.485494,1.4184728,Chevron
4.0,11.983797,0.86441416,Up
5.0,2.8205585,1.2237136,Frequency_Jump
6.0,7.016255,3.3727176,Flat
7.0,13.063896,2.0913665,Flat
1.0,4.9565597,-4.2262907,Chevron
2.0,1.8559322,7.4169307,Flat
1.0,13.059917,6.42982,Flat
2.0,8.4734,3.7603989,Down
3.0,3.8403327,2.85261,Flat
4.0,2.561666,1.4153225,Down
5.0,4.517237,4.1262684,Chevron
6.0,3.7358372,2.412251,Flat
7.0,3.2360528,2.1140115,Chevron
8.0,10.44758,2.8417459,Flat
9.0,7.198306,3.9934137,Flat
10.0,4.729409,3.5180056,Flat
11.0,3.7516432,3.7338421,Flat
12.0,3.1918297,4.0637794,Flat
13.0,11.480903,1.1884745,Short
14.0,13.717222,1.0138233,Short
15.0,8.919254,5.700266,Flat
1.0,3.1335082,-1.6229588,Complex
2.0,2.3009584,1.3473024,Frequency_Jump
3.0,2.5954428,0.9109943,Chevron
4.0,4.528711,-3.8429902,Short
5.0,3.4986947,2.1160934,Chevron
6.0,2.142914,-3.106124,Complex
7.0,5.5798426,-4.959266,Short
8.0,11.939759,4.317794,Down
9.0,7.025015,3.4338906,Flat
10.0,5.2064753,3.1032016,Flat
11.0,5.1988764,2.9747157,Flat
12.0,2.5530477,1.3752701,Down
13.0,5.1079454,2.7475808,Flat
14.0,4.1601377,2.2425404,Chevron
15.0,4.783305,1.0941801,Flat
1.0,4.0565443,1.0803686,Down
2.0,4.418562,4.4594126,Flat
3.0,1.9144915,6.7280083,Chevron
4.0,6.115468,5.449201,Flat
5.0,3.8102968,-2.6525784,Complex
1.0,3.6532645,6.417758,Down
2.0,4.679833,6.753456,Down
3.0,4.6890845,6.761624,Down
4.0,7.132608,6.758015,Flat
1.0,1.2690755,3.1587586,Frequency_Jump
2.0,1.9884495,4.3770924,Chevron
3.0,4.466938,6.325199,Flat
4.0,4.4669394,-0.8179077,Chevron
1.0,5.9358177,1.174978,Flat
2.0,4.067989,2.9548824,Flat
3.0,3.7200608,2.3234324,Flat
4.0,4.9478393,2.271207,Flat
5.0,14.624587,3.8086367,Short
1.0,4.457001,-2.3959026,Chevron
2.0,12.4571085,5.4118304,Flat
3.0,12.456991,5.4343524,Flat
1.0,9.917621,1.9020665,Down
2.0,4.0364995,7.361291,Down
3.0,2.1857636,4.371107,Frequency_Jump
4.0,3.3550954,6.268306,Flat
5.0,5.6995893,-1.271974,Chevron
1.0,13.7996855,1.8129818,Short
2.0,9.122181,-0.8359878,Chevron
3.0,8.936003,2.2546594,Down
4.0,7.594929,-4.8532166,Chevron
5.0,8.424165,4.1636195,Flat
1.0,7.7618947,3.697326,Flat
2.0,4.184414,-2.2442324,Down
1.0,7.6955113,3.1224277,Flat
1.0,13.730961,1.3435485,Flat
2.0,7.5419235,-4.921956,Chevron
3.0,7.547259,-4.934054,Chevron
1.0,10.409686,1.8092961,Down
2.0,4.527761,-1.5994444,Chevron
3.0,4.522836,-1.5799197,Chevron
4.0,4.517342,-1.5944178,Chevron
5.0,4.5056605,-1.5895399,Chevron
6.0,4.3622947,-1.5660306,Chevron
1.0,2.4953141,2.2492876,Chevron
2.0,8.62128,5.917647,Flat
3.0,4.2257867,-1.3346859,Complex
4.0,4.4245872,-2.433968,Chevron
5.0,3.2366517,-4.4476233,Short
1.0,3.5139425,-1.2020377,Chevron
2.0,7.3203278,3.711988,Flat
3.0,12.904348,2.449114,Up
4.0,3.2171903,-3.91232,Down
1.0,3.2087464,-3.893899,Down
2.0,4.0260797,2.9793947,Frequency_Jump
3.0,11.777374,5.6256533,Short
1.0,9.483862,3.931585,Flat
2.0,11.762012,1.678656,Flat
3.0,11.289959,1.161977,Down
4.0,10.279434,1.7247442,Down
5.0,3.7869527,3.030798,Frequency_Jump
6.0,13.301637,4.362904,Short
1.0,8.417058,3.7043824,Flat
2.0,3.5460095,2.0077446,Frequency_Jump
3.0,3.8397791,2.368838,Flat
4.0,5.207239,2.8259652,Flat
5.0,4.6140566,3.642904,Flat
6.0,4.1832013,-1.30431,Chevron
7.0,11.609584,1.2741958,Up
8.0,10.872761,3.1971378,Flat
9.0,5.1484947,-1.9245048,Chevron
10.0,8.959838,5.4994893,Flat
11.0,8.644254,3.7415767,Down
12.0,9.055188,3.4896975,Down
13.0,4.787621,-2.864412,Chevron
1.0,4.9959183,-1.4494655,Chevron
2.0,13.3191395,-0.35263172,Short
3.0,3.5817094,-1.0786608,Chevron
4.0,3.4548242,1.4544342,Frequency_Jump
5.0,10.922652,3.191259,Flat
6.0,1.8078327,-4.4265127,Short
1.0,10.399943,3.5961018,Flat
2.0,8.944917,1.1827337,Down
3.0,8.950161,1.1675185,Down
4.0,8.93657,1.1596072,Down
5.0,8.96056,1.1768447,Down
6.0,8.943898,1.1562415,Down
7.0,8.935317,1.2338271,Down
1.0,13.64171,1.8666962,Short
2.0,6.6934476,-4.6290407,Complex
3.0,10.659375,0.31899858,Down
4.0,7.2964325,-4.6734147,Chevron
5.0,12.927158,0.94434166,Short
6.0,13.259925,1.2500813,Short
7.0,10.702271,3.2205472,Flat
8.0,13.810091,5.3395257,Short
9.0,8.136584,-4.720388,Short
10.0,9.313758,0.17248747,Flat
1.0,7.075436,3.328765,Flat
2.0,4.6719565,1.4859228,Down
3.0,13.973807,4.0922637,Flat
1.0,9.80111,3.1720853,Flat
2.0,1.1552218,3.037714,Chevron
3.0,4.811302,0.2973016,Down
4.0,4.9885836,-1.7132285,Chevron
5.0,10.7684965,2.7312465,Flat
6.0,8.48442,2.8366053,Down
7.0,11.557441,5.177361,Flat
8.0,5.16535,2.8479471,Flat
1.0,4.6342173,7.104221,Flat
2.0,4.0799384,6.726074,Down
3.0,4.15112,7.558755,Up
4.0,14.752336,4.1587367,Short
1.0,2.3183327,6.88972,Flat
1.0,13.224707,1.4734136,Short
2.0,8.8669615,1.4765856,Down
3.0,8.66019,1.5579973,Down
4.0,10.609922,0.63635224,Down
5.0,4.788319,0.22296765,Down
6.0,12.372445,1.3521005,Up
7.0,13.626093,0.7678021,Short
8.0,7.4826317,4.384748,Flat
9.0,5.234605,-2.5655565,Chevron
10.0,4.0627823,-4.1613646,Short
1.0,8.146701,-4.814529,Chevron
2.0,10.482349,1.4120953,Down
3.0,8.918316,2.938055,Flat
4.0,10.198157,4.123138,Flat
1.0,12.845949,2.5000536,Flat
2.0,8.600391,0.26249826,Down
3.0,4.3856373,-0.9428277,Frequency_Jump
4.0,2.7409806,-2.027421,Complex
5.0,12.348223,1.0429224,Flat
1.0,1.6087328,7.4034367,Flat
1.0,11.3620615,1.0700911,Down
2.0,7.3614707,3.5693896,Flat
3.0,9.128758,-0.7942399,Chevron
4.0,13.543755,1.2139957,Short
5.0,5.5615005,-2.4352508,Flat
6.0,8.828042,4.8385262,Flat
7.0,8.508675,3.7348773,Down
8.0,11.813362,4.4068556,Flat
9.0,13.729346,5.3120656,Flat
10.0,13.852123,3.863772,Short
11.0,12.306214,4.7513995,Down
12.0,5.343842,-3.9709978,Chevron
1.0,13.227081,3.4733229,Short
2.0,1.6075059,7.3403387,Flat
3.0,4.1484075,0.6135271,Frequency_Jump
4.0,9.160273,-0.46404013,Chevron
5.0,3.9263058,3.1889498,Chevron
6.0,4.7774353,2.458938,Down
7.0,4.3400006,3.244397,Flat
8.0,5.168763,3.043109,Flat
9.0,7.285195,4.574315,Flat
10.0,3.7550802,2.2788563,Flat
11.0,5.2159877,2.8681104,Flat
12.0,5.2347813,2.969308,Flat
13.0,4.0514483,1.9806391,Flat
14.0,5.0837336,-2.2468424,Chevron
15.0,5.0146136,-2.4780574,Chevron
16.0,11.147173,1.7155827,Down
17.0,10.824578,5.281756,Flat
1.0,11.325428,3.3956926,Down
2.0,13.359589,6.3825727,Flat
1.0,9.119652,-0.90213394,Chevron
2.0,1.5551434,4.246347,Down
3.0,1.5232798,4.225096,Down
4.0,1.5539895,4.2390304,Down
5.0,4.1660614,-0.48006332,Frequency_Jump
6.0,7.075004,6.795083,Flat
7.0,1.3378584,2.9568489,Chevron
8.0,4.1281295,3.9123185,Flat
9.0,4.0662513,5.1538997,Flat
10.0,3.7125576,2.724916,Flat
11.0,4.172513,-0.25346056,Down
12.0,12.334311,5.802156,Down
1.0,12.966061,1.0672554,Short
1.0,13.860848,4.921596,Short
2.0,3.0466383,1.6568636,Frequency_Jump
3.0,2.3767252,1.6322666,Down
4.0,2.9196723,2.696202,Frequency_Jump
5.0,5.0417953,-0.14420879,Chevron
6.0,3.8023849,2.698112,Flat
7.0,5.7203608,-4.35418,Frequency_Jump
1.0,7.2391887,4.9749455,Flat
2.0,4.9857607,4.5791817,Flat
3.0,4.302347,2.6929407,Frequency_Jump
4.0,4.0945554,-3.3719268,Complex
5.0,2.1300838,-1.0794145,Complex
6.0,7.310003,5.1657634,Flat
7.0,11.363327,1.6959178,Chevron
8.0,7.9982185,2.388636,Down
9.0,3.1414452,-0.0146526275,Chevron
10.0,2.8193421,-1.014944,Complex
11.0,4.784672,3.50615,Flat
12.0,2.7092123,-0.3973123,Complex
13.0,2.580192,-0.6185074,Chevron
14.0,8.739179,5.413199,Flat
1.0,3.2674503,-1.317642,Complex
2.0,3.6275434,-1.1304439,Complex
3.0,3.4446948,1.2673895,Down
4.0,4.622345,2.5158596,Down
5.0,4.0923176,-2.0999262,Down
1.0,4.1218357,0.1337192,Chevron
2.0,4.6921897,4.0030255,Flat
3.0,5.302486,-2.4801102,Chevron
1.0,11.462011,2.8316214,Flat
2.0,10.716027,1.8850448,Down
3.0,10.742455,1.874669,Down
1.0,10.5424,0.43845403,Down
2.0,3.6145985,3.101413,Chevron
3.0,9.75999,5.189033,Flat
4.0,4.144842,-2.2050447,Down
5.0,11.521397,5.1983037,Flat
6.0,3.6542916,2.7297025,Flat
7.0,3.5348165,1.4123578,Down
8.0,4.484681,4.416604,Flat
9.0,6.422007,5.194035,Flat
10.0,7.904236,3.7850142,Flat
11.0,11.849871,1.8021662,Flat
12.0,6.970189,-5.377524,Short
1.0,12.707795,4.14468,Down
2.0,1.6719743,7.404309,Flat
3.0,13.607443,5.0187945,Short
1.0,10.742044,0.18172038,Down
2.0,3.5964334,3.577728,Frequency_Jump
3.0,3.3443642,3.926104,Frequency_Jump
4.0,5.0898476,3.1317031,Flat
5.0,4.5716286,3.2930517,Flat
6.0,4.5985894,-0.5546299,Chevron
7.0,5.479839,-1.9017862,Chevron
8.0,5.295897,5.9469075,Down
9.0,7.742132,4.1044674,Flat
10.0,12.222876,1.8990782,Up
1.0,6.068844,-1.6078622,Chevron
2.0,4.228564,3.517215,Flat
3.0,5.0592046,-3.5345721,Chevron
1.0,1.7247311,7.3636103,Flat
2.0,2.1850786,-2.1594877,Complex
3.0,13.916078,1.181873,Short
4.0,4.243057,-1.3049219,Chevron
5.0,4.1323776,0.57570624,Frequency_Jump
6.0,1.914025,-1.6779528,Complex
7.0,6.2759404,4.895806,Flat
8.0,2.9324503,0.28245452,Chevron
9.0,4.545693,2.0531292,Chevron
10.0,5.52811,-0.5874015,Chevron
1.0,7.1136627,4.0576153,Flat
2.0,13.185031,4.364048,Short
1.0,8.908998,5.67561,Flat
2.0,8.723288,-0.3109674,Flat
3.0,8.721749,-0.32274428,Flat
1.0,4.0023537,6.9360137,Down
2.0,2.8423355,5.5247755,Flat
3.0,4.003218,-2.8543825,Complex
1.0,5.996918,-5.101558,Complex
2.0,13.247657,5.809881,Short
3.0,13.24068,5.83967,Short
4.0,13.236174,5.7953944,Short
5.0,13.247153,5.831696,Short
6.0,13.272648,5.8136926,Short
7.0,13.218066,5.7798977,Short
1.0,12.880921,4.1268334,Down
2.0,13.648422,5.281733,Short
1.0,2.9166114,1.0332868,Down
2.0,3.7969806,3.1282332,Flat
3.0,4.9513392,2.1291983,Flat
4.0,3.360658,-1.3221315,Complex
5.0,4.9176245,1.7203119,Chevron
6.0,8.908895,-0.4159209,Flat
1.0,13.20369,-0.46619186,Short
2.0,2.0868483,7.633926,Flat
1.0,10.910247,2.6910574,Down
2.0,8.572677,1.7260505,Down
3.0,8.569675,1.7367288,Down
4.0,3.3346114,3.8314729,Chevron
5.0,1.8496715,3.37796,Down
6.0,1.8034914,4.3766828,Down
7.0,1.674634,4.1681876,Down
8.0,4.3849764,5.087976,Flat
9.0,5.5469875,-2.2893808,Up
1.0,4.433008,-2.7392147,Complex
1.0,4.188615,7.461272,Flat
2.0,3.345227,4.2003736,Flat
3.0,9.385236,2.8328314,Down
4.0,14.564101,3.8794096,Short
1.0,9.006676,0.25027412,Chevron
2.0,7.215913,-6.4861584,Short
3.0,7.214161,-6.482639,Short
4.0,7.210897,-6.476764,Short
5.0,7.211258,-6.4759426,Short
6.0,7.2159514,-6.483293,Short
7.0,7.2137437,-6.47959,Short
8.0,7.214013,-6.48285,Short
9.0,3.2837846,-4.12575,Short
10.0,6.8201985,6.4252152,Flat
11.0,5.048475,5.66912,Flat
12.0,3.5476413,-3.775525,Chevron
1.0,4.298486,-1.7526708,Down
2.0,4.629698,1.3125299,Flat
3.0,4.6277823,1.3276097,Flat
4.0,4.6216803,1.3507171,Flat
5.0,4.6302414,1.308656,Flat
6.0,4.6164804,1.3130866,Flat
7.0,4.6298795,1.3145232,Flat
1.0,12.062227,-0.5048902,Short
2.0,8.540173,1.6803335,Down
3.0,4.9351068,5.791837,Flat
4.0,8.746686,2.974383,Flat
1.0,11.651146,5.3163767,Short
2.0,9.611941,2.1696618,Down
3.0,4.8748965,6.013074,Flat
1.0,4.5837774,-0.044353258,Down
2.0,3.2113307,3.9072742,Frequency_Jump
3.0,2.133995,-1.0215799,Complex
4.0,3.2430382,1.5208737,Down
5.0,2.7982082,5.140528,Flat
6.0,3.4305446,5.7791915,Flat
7.0,3.4269183,5.825613,Flat
8.0,3.5503626,4.340414,Frequency_Jump
9.0,3.5621436,2.66257,Flat
10.0,2.0534184,-3.1625166,Complex
11.0,4.7495017,4.4444604,Flat
12.0,3.4482398,5.768,Flat
13.0,4.6863556,1.4777639,Flat
14.0,12.524293,2.3110545,Flat
15.0,3.976581,2.3143551,Frequency_Jump
1.0,13.69206,4.549871,Short
2.0,7.188203,2.7989256,Down
3.0,15.07058,2.7495017,Short
1.0,12.463785,3.5187008,Flat
2.0,1.7584997,7.403931,Flat
1.0,10.339469,1.6713866,Flat
2.0,9.021996,-0.22249833,Chevron
3.0,3.431171,5.674741,Flat
4.0,4.625391,-3.6003857,Short
1.0,11.470149,0.008530248,Down
2.0,4.3665495,-1.1723399,Chevron
3.0,2.7946439,6.193477,Flat
1.0,13.271726,-0.31266809,Short
2.0,1.8592736,7.318125,Flat
3.0,3.9591,0.35878706,Frequency_Jump
4.0,7.0625925,5.0017786,Flat
5.0,7.308969,3.096478,Down
6.0,3.351982,-1.428317,Complex
7.0,10.319449,1.7917355,Down
8.0,3.781147,1.3620635,Frequency_Jump
1.0,7.139552,7.0404625,Flat
2.0,7.077571,3.007228,Flat
3.0,3.8063529,-2.9157858,Complex
1.0,9.336506,2.0279965,Down
2.0,3.6621542,2.027482,Flat
1.0,4.2317576,-1.1732916,Chevron
2.0,10.3101,1.5853127,Flat
3.0,10.376718,1.5599762,Flat
4.0,11.81234,4.825779,Flat
5.0,7.2422895,3.7181203,Flat
6.0,12.479206,5.364084,Short
1.0,7.727327,-4.3723493,Chevron
2.0,8.876719,1.4060184,Down
3.0,7.4198127,6.6329255,Flat
4.0,7.437036,6.6562076,Flat
5.0,7.6059375,6.589316,Flat
6.0,12.215505,0.29931462,Up
7.0,8.106485,2.8154392,Down
8.0,10.612909,2.8709822,Flat
9.0,2.2542,3.1653574,Chevron
10.0,4.837244,6.165638,Flat
11.0,4.5435905,5.3899307,Flat
12.0,5.341595,-2.2842793,Chevron
1.0,3.4933193,0.5522269,Chevron
1.0,2.809396,0.8653661,Chevron
2.0,3.1453593,1.8628594,Frequency_Jump
3.0,13.002064,-0.6122439,Flat
4.0,9.73934,5.610332,Flat
5.0,6.902958,2.8680143,Flat
6.0,15.099438,2.6706336,Flat
1.0,2.0975907,7.6631827,Flat
1.0,8.413108,3.4358907,Down
1.0,8.840647,0.6451967,Chevron
2.0,5.607644,-5.6630135,Short
1.0,13.169868,1.2599117,Down
2.0,3.9963586,6.6042924,Down
3.0,5.337968,-1.257597,Frequency_Jump
4.0,4.8323298,0.17994002,Down
5.0,2.4846704,4.807025,Chevron
6.0,3.5707357,4.116436,Flat
7.0,4.7639823,6.69319,Flat
1.0,8.804112,2.2246575,Down
2.0,8.931948,1.0749247,Down
3.0,4.2665834,1.7772546,Frequency_Jump
4.0,10.926736,5.03709,Flat
5.0,3.0275161,-3.1295521,Complex
6.0,11.786532,4.964179,Flat
7.0,11.315449,4.982723,Flat
8.0,12.223086,2.1975772,Up
9.0,11.171488,5.0440426,Flat
10.0,2.4911635,3.2015753,Frequency_Jump
11.0,6.032232,-1.6314852,Flat
12.0,4.806955,-2.8310523,Chevron
13.0,8.178442,6.085518,Down
14.0,7.118679,6.907988,Flat
15.0,5.1831665,-2.1903107,Chevron
16.0,7.153961,6.513541,Flat
17.0,5.2129207,-0.95362335,Down
1.0,2.3158698,3.437696,Chevron
2.0,2.3876436,3.2996325,Frequency_Jump
3.0,2.7765467,3.0317802,Chevron
4.0,10.587406,3.0042577,Up
5.0,13.416973,4.236574,Short
6.0,12.975335,4.110353,Short
7.0,13.6964245,3.7391372,Short
8.0,4.4068336,-2.0896869,Frequency_Jump
9.0,7.562443,6.1513653,Flat
10.0,5.7281537,-1.740625,Flat
11.0,8.92904,0.47677812,Flat
12.0,7.115554,6.480009,Flat
13.0,13.05696,5.0356026,Flat
14.0,12.95287,6.320502,Short
15.0,10.591986,3.0997338,Flat
16.0,6.0170317,-1.6415933,Flat
17.0,12.183363,5.563288,Flat
18.0,3.305225,-1.0001439,Complex
1.0,1.934397,6.958779,Frequency_Jump
1.0,7.788648,6.0403843,Flat
2.0,4.353017,-2.1917622,Chevron
1.0,2.038862,4.4226365,Frequency_Jump
2.0,12.611807,4.460795,Up
1.0,3.623539,1.4339998,Chevron
2.0,3.232808,2.5469608,Flat
3.0,2.8906846,2.0966296,Chevron
4.0,12.078558,4.800846,Down
5.0,9.0077505,3.2910514,Down
6.0,10.743136,3.0985785,Flat
7.0,5.029898,-1.8945508,Down
8.0,4.9757924,2.316345,Flat
9.0,4.73032,3.1433187,Flat
10.0,8.07688,4.782604,Flat
11.0,5.2028747,-2.6303763,Chevron
1.0,7.2325263,-4.981753,Chevron
2.0,5.931772,1.1907651,Flat
3.0,7.375095,3.0661328,Down
4.0,12.798849,6.2152224,Short
1.0,4.1665025,-1.4469411,Chevron
2.0,2.44569,2.6228054,Chevron
3.0,4.5780296,2.5550234,Flat
4.0,2.5439844,-0.06401268,Chevron
5.0,4.3433375,0.5712268,Frequency_Jump
6.0,5.438859,-2.3695862,Chevron
7.0,5.1747823,-2.6332524,Chevron
8.0,6.005241,-5.4939346,Complex
1.0,2.3963292,2.5213661,Frequency_Jump
2.0,2.0693264,2.2219877,Frequency_Jump
3.0,8.792214,5.6711993,Up
4.0,3.18143,-2.862414,Complex
5.0,5.108659,-5.5434704,Complex
1.0,9.173056,-0.5542226,Chevron
2.0,1.9118305,7.2706127,Flat
1.0,8.053269,2.5259318,Down
2.0,8.295885,6.19002,Flat
3.0,3.4557412,-0.5324929,Chevron
1.0,7.576182,-4.733649,Chevron
2.0,1.5992585,7.2890534,Chevron
3.0,4.04304,3.0502694,Frequency_Jump
4.0,6.608969,5.0921264,Flat
5.0,4.8539066,1.0292486,Down
6.0,11.230454,1.653417,Flat
7.0,3.7545803,2.1299937,Chevron
1.0,3.7073612,3.3423865,Frequency_Jump
2.0,7.7257485,-4.5802155,Chevron
3.0,10.1176605,3.542512,Down
1.0,2.0229068,-4.2182593,Short
2.0,8.635939,5.012056,Flat
1.0,1.9024378,7.3346343,Flat
1.0,15.553441,2.9391522,Short
2.0,7.569087,-4.6229553,Chevron
3.0,9.990395,4.605467,Flat
4.0,12.462743,5.5608516,Flat
5.0,12.484421,5.6310973,Flat
1.0,8.649054,1.6456152,Down
2.0,9.808561,3.287834,Down
3.0,9.774196,3.3815591,Down
1.0,11.972231,2.0426235,Flat
2.0,4.436011,-0.86551124,Chevron
3.0,4.4640636,-0.8422519,Chevron
1.0,7.4738812,3.7822976,Flat
2.0,5.5602174,-5.2186847,Frequency_Jump
1.0,13.561735,5.477311,Short
1.0,8.60769,1.8184705,Down
2.0,11.663026,1.956736,Flat
3.0,12.495316,2.0978923,Flat
4.0,8.602942,1.8344879,Down
5.0,2.653443,-2.0954752,Complex
6.0,7.7881346,-4.9051065,Short
1.0,13.954858,5.1880293,Short
2.0,5.149791,-3.959936,Short
1.0,2.7576241,1.1850306,Frequency_Jump
2.0,2.1577022,-0.7849086,Complex
3.0,3.4614255,-0.45628518,Chevron
4.0,3.6773796,2.2605834,Flat
5.0,4.4160266,3.011062,Flat
6.0,4.06554,1.8937441,Flat
7.0,5.4083714,-0.55806345,Down
1.0,2.7555735,1.4424874,Chevron
2.0,3.752785,1.6866232,Down
3.0,12.253961,2.0203001,Up
1.0,3.3654096,-1.3434124,Complex
2.0,2.611509,-0.49976483,Complex
3.0,2.4365685,-1.8927505,Complex
4.0,6.0705423,-5.4304748,Short
1.0,12.109614,4.515602,Flat
2.0,5.6630344,-4.466781,Chevron
1.0,8.154463,3.2857113,Flat
2.0,7.8819017,2.8579671,Down
1.0,11.280934,3.2641728,Flat
2.0,3.2095718,-1.5831832,Complex
3.0,4.023359,0.089951575,Down
4.0,12.917109,4.298293,Up
1.0,9.29942,3.064985,Down
2.0,9.389916,3.208563,Down
3.0,9.37855,3.2150652,Down
4.0,10.997105,1.9608401,Down
1.0,10.333233,3.022711,Down
2.0,10.426997,1.6293136,Down
3.0,10.428754,1.6251386,Down
4.0,4.2299156,-2.3367898,Chevron
5.0,5.8359857,-2.3573048,Flat
6.0,11.243245,1.1843396,Flat
7.0,4.657818,2.0254254,Flat
1.0,7.9770303,-4.861249,Down
2.0,11.818577,4.7458463,Flat
3.0,13.253945,6.1499205,Down
1.0,2.1377141,-2.17278,Complex
1.0,2.125199,-3.1620224,Complex
1.0,11.236651,1.8912286,Flat
2.0,3.5449724,2.5593338,Flat
3.0,2.3131766,1.7244186,Chevron
4.0,4.1145163,-0.1974578,Down
5.0,3.4164484,3.4442132,Frequency_Jump
6.0,6.9416876,5.3827825,Flat
7.0,7.363789,4.702296,Flat
8.0,3.5535648,2.5845778,Frequency_Jump
9.0,15.306439,2.8273041,Short
1.0,14.771389,2.2902153,Up
2.0,13.927035,5.7653556,Short
3.0,9.80018,2.9944031,Down
4.0,7.952112,-4.849496,Flat
5.0,7.246193,4.544307,Flat
6.0,7.455878,-5.361332,Down
7.0,5.334909,-4.456393,Chevron
8.0,7.9266315,-4.8829174,Chevron
9.0,5.2207236,-3.9468966,Chevron
10.0,13.6139145,3.824984,Short
11.0,13.56882,5.504699,Short
12.0,11.72524,2.4353518,Flat
13.0,7.6479425,4.070487,Flat
14.0,9.350826,4.9566298,Flat
15.0,13.754863,3.7585056,Flat
1.0,10.982182,0.66251796,Down
2.0,11.745564,-0.053076655,Flat
3.0,11.718931,-0.045986786,Flat
4.0,8.961238,5.6328883,Flat
1.0,12.681381,0.93512195,Short
2.0,1.8289281,7.338548,Chevron
1.0,9.055713,2.0548894,Down
2.0,6.6341496,-5.2495394,Chevron
3.0,11.652324,5.203328,Down
1.0,14.976874,2.5664306,Flat
2.0,4.9073567,-1.7890637,Down
3.0,3.6145096,-2.8911898,Complex
4.0,4.224662,-3.1873786,Chevron
5.0,14.18815,3.7260363,Short
6.0,12.678262,4.499839,Down
7.0,4.2000237,-1.883602,Chevron
8.0,4.0235567,2.3239822,Flat
9.0,3.2065287,2.1625917,Down
10.0,5.0159802,1.3808498,Flat
11.0,3.1618035,1.7699283,Frequency_Jump
12.0,4.795388,2.1709723,Flat
13.0,8.046217,3.8393075,Flat
14.0,4.5948253,-2.7769115,Complex
15.0,9.415543,5.0561323,Flat
16.0,13.107678,2.0545914,Down
17.0,5.4473934,-2.4688478,Flat
1.0,3.3269982,-0.6481624,Chevron
2.0,4.582609,-1.4181896,Frequency_Jump
3.0,2.5376346,0.9622178,Short
4.0,2.1105313,2.533974,Chevron
5.0,6.913136,5.4537797,Flat
6.0,4.4742093,2.43775,Flat
7.0,13.639229,5.1910458,Flat
8.0,12.966321,5.365619,Flat
9.0,8.575504,3.6722548,Down
10.0,8.823428,5.030517,Flat
11.0,5.8616533,-2.5494654,Chevron
12.0,13.257917,3.6527848,Short
1.0,7.841294,2.707528,Down
2.0,3.0902088,1.9532954,Frequency_Jump
3.0,1.3312215,2.8674402,Chevron
4.0,4.0545564,-1.7987945,Chevron
5.0,7.189493,-5.4228187,Frequency_Jump
6.0,9.470338,3.2839472,Down
7.0,12.47621,2.565288,Flat
8.0,8.285178,3.9177363,Flat
9.0,5.7774057,-2.4258575,Chevron
1.0,9.193956,-1.2200564,Complex
2.0,1.6656537,4.4157543,Frequency_Jump
3.0,3.4671352,4.2006984,Flat
4.0,13.35102,5.525106,Short
5.0,9.67447,3.1293213,Down
6.0,4.8005233,5.628598,Flat
7.0,4.795211,6.692764,Down
8.0,3.058623,5.890045,Flat
9.0,7.096951,6.8862433,Flat
10.0,5.7961235,-1.762149,Down
1.0,2.2794726,6.805891,Flat
2.0,5.932628,-1.7635524,Flat
3.0,13.165542,5.4579716,Short
1.0,7.8393846,3.054146,Flat
2.0,7.1996355,3.2526062,Flat
3.0,4.3980618,0.186992,Down
4.0,2.2507567,1.4304489,Chevron
5.0,11.448376,2.3347957,Up
6.0,12.9635725,3.9994035,Up
7.0,9.205291,5.0950203,Flat
8.0,10.530208,2.8925006,Flat
9.0,8.706866,5.4766645,Flat
10.0,12.149836,5.4120684,Flat
1.0,4.0509706,0.38007107,Frequency_Jump
2.0,4.703404,12.394354,Frequency_Jump
3.0,4.7034173,12.394557,Frequency_Jump
4.0,4.7034216,12.394634,Frequency_Jump
5.0,4.703359,12.394681,Frequency_Jump
6.0,4.703326,12.395209,Frequency_Jump
7.0,4.70329,12.395294,Frequency_Jump
8.0,4.7005816,12.409307,Frequency_Jump
1.0,14.35964,1.6660991,Short
2.0,9.033915,4.115408,Down
3.0,8.888028,2.7157817,Down
4.0,8.605416,4.292664,Flat
5.0,4.6327233,2.8534937,Chevron
6.0,2.5356984,1.9818937,Frequency_Jump
7.0,6.220984,5.0589504,Flat
8.0,6.8440785,5.3647885,Flat
9.0,8.974338,2.691903,Down
10.0,10.735716,5.0162764,Flat
11.0,8.925504,0.058183495,Flat
12.0,8.60009,5.34549,Flat
13.0,12.488497,3.5726557,Up
14.0,9.30126,0.08383261,Chevron
15.0,6.561959,-5.279583,Short
16.0,13.138362,5.0308995,Flat
17.0,2.148689,-4.092162,Short
18.0,11.757946,5.1165953,Flat
19.0,5.2446823,-2.4379063,Chevron
20.0,4.9490566,-2.7502842,Chevron
1.0,4.394454,-0.3269244,Down
2.0,4.3073816,-0.31447935,Down
3.0,4.337342,-0.284463,Down
4.0,4.3286557,-0.30363205,Down
5.0,11.764385,0.07545331,Flat
6.0,2.7498512,1.2192589,Chevron
7.0,4.48956,-0.41700855,Chevron
8.0,7.321632,2.7699873,Flat
9.0,4.1982303,2.1449358,Flat
1.0,3.2380998,-1.1677818,Complex
2.0,5.4858494,-2.2528358,Chevron
1.0,7.588194,4.279899,Flat
2.0,3.387675,1.589657,Chevron
3.0,3.3940215,-1.3028482,Chevron
4.0,2.3445418,-0.5088893,Complex
5.0,7.284272,-4.823782,Chevron
6.0,2.3159282,-0.6037376,Complex
7.0,9.241361,-0.65070677,Chevron
8.0,13.129739,4.899616,Short
9.0,7.084075,-5.4471726,Short
10.0,13.328035,1.2113817,Short
11.0,10.958909,2.3833482,Down
12.0,12.725969,3.7654402,Flat
1.0,2.990407,-3.8046682,Chevron
2.0,2.2668912,2.506313,Up
1.0,10.93903,1.2110372,Down
2.0,2.7164786,1.3952855,Chevron
3.0,3.7416706,0.479682,Frequency_Jump
4.0,1.6660893,6.9362206,Chevron
5.0,9.190262,-0.6772732,Chevron
6.0,9.44945,0.20666613,Up
7.0,10.956723,2.2134047,Down
8.0,12.745192,4.482905,Flat
9.0,5.6104984,-5.6362987,Complex
10.0,2.8689144,-4.0212007,Down
11.0,3.3991013,-2.6630352,Complex
12.0,4.8007483,0.81018966,Up
1.0,3.2383618,-4.4725966,Flat
2.0,13.987252,4.193604,Short
3.0,2.3773377,2.5444508,Flat
4.0,4.08653,2.3546493,Frequency_Jump
5.0,12.341952,4.459662,Short
1.0,3.2282698,-4.4827332,Flat
2.0,2.9780197,5.347998,Flat
3.0,1.1405905,3.092018,Chevron
4.0,4.174606,-2.4733977,Complex
5.0,3.7044647,-0.5636469,Frequency_Jump
1.0,9.262819,2.8790798,Down
2.0,7.8021417,3.664305,Flat
3.0,13.627817,5.3642955,Short
4.0,13.62573,3.6875923,Short
1.0,4.0480404,-0.0016738942,Chevron
2.0,3.944512,-0.041275505,Chevron
3.0,7.3702364,2.744566,Down
4.0,4.0087013,-4.4379873,Short
1.0,4.6344023,-2.7296393,Chevron
2.0,9.527751,5.6591334,Flat
1.0,4.030651,-4.432495,Short
2.0,15.201322,2.7450097,Up
3.0,1.662717,7.4117146,Flat
4.0,3.4995592,2.8059373,Flat
5.0,9.433338,5.673923,Flat
6.0,12.60261,5.5436606,Flat
7.0,15.507381,2.8896728,Short
8.0,10.02761,3.5007122,Down
9.0,8.369083,4.6878195,Flat
10.0,7.8562493,6.5657835,Flat
11.0,4.3253436,-3.1360157,Chevron
1.0,3.2371168,-1.2624873,Complex
2.0,3.2618837,2.0485554,Chevron
3.0,3.3033283,2.3999126,Flat
4.0,3.6517339,1.4751184,Down
5.0,3.7169158,2.9624326,Frequency_Jump
6.0,7.1663895,3.095928,Flat
7.0,5.007703,-0.41769013,Chevron
8.0,7.2643776,-5.0171967,Chevron
1.0,14.124196,5.606171,Short
2.0,10.4768505,2.2285013,Down
3.0,1.8963734,7.425085,Flat
4.0,5.067992,5.8306904,Flat
5.0,10.915883,3.2563207,Flat
6.0,2.5951898,2.8780003,Down
7.0,7.399959,3.6710298,Flat
8.0,12.515414,5.4421225,Flat
9.0,6.0234303,-2.308242,Flat
10.0,4.885833,-3.2477806,Up
1.0,11.143079,0.07428293,Down
2.0,4.243083,-0.5963483,Chevron
3.0,3.7446127,3.3604267,Frequency_Jump
4.0,3.6736028,2.803455,Flat
5.0,4.1339235,3.7162578,Flat
6.0,3.6380847,2.127235,Chevron
7.0,2.2775736,-0.7031192,Complex
8.0,5.171791,2.8054674,Flat
9.0,4.638615,2.3164804,Flat
10.0,10.094494,4.8852644,Flat
11.0,8.786795,-0.5440301,Chevron
1.0,11.426908,0.093881644,Down
2.0,2.211384,1.7374903,Chevron
3.0,2.223855,1.7512923,Chevron
4.0,4.6525803,-1.1242995,Chevron
5.0,4.8737082,2.2495081,Flat
6.0,3.4038644,3.6196804,Frequency_Jump
7.0,4.749656,3.4897664,Flat
8.0,3.951956,4.3866057,Flat
9.0,2.6393855,-1.2609842,Complex
10.0,2.0681121,2.0901403,Down
11.0,6.955233,6.2299676,Flat
12.0,4.8059688,2.965431,Flat
13.0,5.2630696,3.5442803,Flat
14.0,3.6938126,2.3279567,Frequency_Jump
15.0,4.7379093,0.8913392,Flat
16.0,4.9853926,2.2360294,Flat
1.0,5.3944597,-0.32142273,Down
2.0,8.621015,2.37404,Down
3.0,7.7077827,3.1786106,Flat
4.0,7.4824104,-5.0185413,Chevron
1.0,10.455853,1.1058958,Down
2.0,5.1146083,-0.96135616,Chevron
3.0,3.91266,0.12996796,Frequency_Jump
4.0,2.9190242,-1.611466,Complex
5.0,4.80392,2.8550987,Flat
6.0,9.669778,4.7166905,Down
7.0,11.025808,5.032633,Flat
8.0,11.668339,5.1096926,Flat
9.0,13.793919,5.2733326,Flat
10.0,5.3633366,-5.7032084,Complex
11.0,14.079927,1.3686761,Short
12.0,9.388059,4.5325212,Down
13.0,8.862524,-0.34977293,Flat
14.0,9.771663,3.2614236,Flat
15.0,8.793357,5.062508,Flat
16.0,9.206627,0.07616668,Chevron
1.0,11.734885,5.3841934,Down
2.0,12.451828,3.0095396,Up
3.0,2.7719135,-3.6865113,Short
1.0,5.518457,-5.7850823,Complex
2.0,7.332033,3.2290423,Flat
3.0,12.251877,5.460696,Flat
4.0,11.202217,2.098186,Flat
5.0,11.177688,2.2899096,Flat
6.0,3.987366,0.08124786,Frequency_Jump
7.0,9.510882,5.42818,Flat
8.0,13.4349165,4.5857587,Flat
9.0,14.273952,5.1608343,Short
1.0,10.167491,1.156112,Flat
2.0,3.6887827,3.1751926,Frequency_Jump
3.0,2.956218,2.3040082,Frequency_Jump
4.0,3.6803894,2.331958,Flat
5.0,5.098859,3.264422,Flat
6.0,2.5329554,1.9672813,Down
7.0,3.1691928,-1.507222,Complex
8.0,8.946936,-0.7491436,Chevron
9.0,9.003753,5.4055176,Flat
10.0,5.349931,-0.89371836,Chevron
11.0,2.7878578,-1.7448682,Complex
12.0,10.643226,4.079639,Flat
1.0,9.242631,2.1078653,Down
2.0,10.181876,2.805556,Down
3.0,10.520444,2.7126975,Flat
1.0,9.6567545,4.7215714,Down
2.0,5.90257,-5.140566,Chevron
1.0,6.8470373,-5.0288863,Chevron
2.0,9.161342,5.753394,Flat
3.0,7.655721,4.137411,Flat
4.0,3.2311704,2.7853875,Frequency_Jump
5.0,2.7479866,0.5206758,Chevron
6.0,5.1846876,3.0685132,Flat
7.0,2.4839625,-0.58789515,Complex
8.0,4.9430566,2.1392365,Flat
9.0,13.262123,1.5029888,Short
10.0,9.999279,3.0282676,Down
11.0,12.131119,4.1762223,Flat
12.0,14.142177,3.578855,Short
13.0,14.189615,5.4544053,Short
14.0,12.735833,5.643884,Flat
15.0,8.607904,5.172161,Flat
16.0,8.508597,4.305042,Flat
17.0,4.0463057,-1.0214064,Chevron
18.0,4.2030234,2.1708295,Flat
19.0,12.922824,6.4079027,Flat
20.0,13.862047,3.9912727,Short
21.0,2.0721698,-3.717913,Short
22.0,5.4932656,-5.310466,Complex
23.0,5.594793,-2.360134,Flat
24.0,7.6775227,-4.505172,Chevron
25.0,4.2191887,0.84312755,Down
26.0,6.583251,-5.3906,Complex
27.0,14.604213,3.7977643,Short
28.0,13.028558,6.4388814,Flat
29.0,4.258429,-2.291723,Down
30.0,2.4190052,-3.133005,Complex
1.0,2.2689886,7.694711,Flat
1.0,7.403649,3.8799684,Flat
2.0,5.577027,-2.1511962,Chevron
3.0,13.23648,5.775372,Short
4.0,12.802213,6.1854343,Short
1.0,12.97216,3.212382,Flat
2.0,4.1549907,-0.3754267,Frequency_Jump
3.0,7.9165964,3.0197222,Flat
1.0,3.1809967,3.1044838,Frequency_Jump
2.0,3.0743754,2.6948333,Frequency_Jump
3.0,7.2168064,4.44871,Flat
4.0,3.4242458,2.2034683,Frequency_Jump
5.0,9.1629715,2.890683,Down
6.0,3.9723935,1.58901,Chevron
7.0,3.7461824,2.2935822,Chevron
8.0,13.847706,3.8947535,Short
9.0,5.6481915,-2.43342,Chevron
10.0,8.4805565,4.913714,Flat
11.0,14.621755,3.812787,Short
1.0,14.183412,3.635244,Short
2.0,2.6675217,0.94202745,Down
3.0,8.497722,3.8867998,Flat
4.0,3.505834,-0.5157761,Chevron
5.0,4.017197,-4.444959,Short
1.0,13.123403,6.433471,Flat
2.0,12.267443,3.8316727,Down
3.0,13.853679,3.7704802,Short
1.0,13.344449,6.360128,Flat
2.0,8.9591875,3.415523,Down
3.0,9.124493,3.0137296,Down
4.0,8.205568,0.88566893,Chevron
5.0,6.3581853,-4.8940187,Chevron
1.0,7.726968,3.405345,Down
2.0,7.0268526,-5.320685,Short
1.0,1.803942,7.352188,Flat
2.0,11.151816,5.0891094,Flat
1.0,13.863767,2.875992,Down
2.0,1.5767233,7.3931203,Flat
3.0,6.8789644,5.105627,Flat
4.0,3.2617486,3.6839192,Chevron
5.0,5.271319,2.8958008,Flat
6.0,10.103004,2.8157287,Down
7.0,11.245941,5.357037,Down
8.0,7.993672,-4.3886213,Short
9.0,8.643992,4.99347,Flat
10.0,5.398988,-2.514961,Chevron
11.0,12.054983,4.5046344,Flat
1.0,8.4941635,3.9650419,Flat
2.0,5.0884075,2.660521,Flat
3.0,4.136685,2.8766515,Frequency_Jump
4.0,4.0848217,3.1913986,Flat
5.0,4.2307935,3.5348418,Flat
6.0,2.1352007,-1.4205915,Complex
7.0,8.56604,5.8953514,Flat
8.0,1.7838671,2.9437435,Chevron
9.0,10.045265,5.392209,Flat
10.0,2.5841448,-2.1569533,Complex
11.0,3.12214,-1.6277182,Complex
12.0,12.975153,2.3102608,Up
13.0,9.300338,0.22509016,Flat
14.0,13.329136,6.4366684,Short
15.0,8.704904,4.9960775,Down
16.0,8.743069,4.9584846,Flat
17.0,2.6459093,-3.417384,Complex
1.0,12.061774,4.547937,Flat
2.0,7.031112,-5.299659,Short
1.0,10.553287,1.7279236,Down
2.0,3.248712,1.7149452,Frequency_Jump
3.0,5.1845946,-0.6519831,Flat
4.0,14.932031,3.0304177,Short
5.0,4.350872,-2.582739,Chevron
6.0,4.9812565,2.081008,Chevron
7.0,7.670756,3.6154811,Flat
8.0,2.4244099,-0.67704076,Complex
9.0,12.47974,4.217095,Up
10.0,13.377371,3.611206,Short
11.0,12.074855,3.7574244,Down
12.0,2.916895,-1.0522808,Complex
1.0,4.2019463,7.3019147,Down
2.0,1.8347956,4.5138197,Frequency_Jump
3.0,2.006817,4.831457,Frequency_Jump
4.0,1.8209959,3.925366,Frequency_Jump
5.0,4.2398295,7.414832,Flat
6.0,8.869911,-0.23186858,Chevron
7.0,12.422245,5.3220277,Flat
8.0,10.887419,5.226341,Short
9.0,5.7631083,7.0146813,Flat
10.0,7.9945235,6.019802,Flat
11.0,5.8838544,7.0664835,Flat
1.0,6.5219336,6.650092,Flat
1.0,12.75021,-0.641492,Short
2.0,4.157449,7.45106,Flat
3.0,4.1669145,7.4469056,Flat
4.0,4.171532,7.4456825,Flat
5.0,4.11509,6.8261204,Flat
6.0,4.163158,6.5028915,Flat
7.0,9.638033,2.1441193,Flat
8.0,12.078174,5.458671,Flat
1.0,2.3380346,5.336643,Frequency_Jump
2.0,5.4763947,-1.0820429,Chevron
3.0,10.871005,4.4552817,Short
4.0,1.91102,3.7637908,Down
5.0,5.9468684,7.07274,Flat
6.0,11.073566,3.086312,Up
1.0,8.766039,-0.5471648,Chevron
2.0,9.885004,1.9607679,Down
3.0,9.897725,1.9560231,Down
4.0,3.9776967,7.050137,Frequency_Jump
5.0,13.672634,5.29174,Short
1.0,4.414552,-0.8728739,Complex
2.0,2.3050818,-2.3681858,Complex
3.0,2.1469493,-2.2213242,Complex
4.0,3.531736,2.6976724,Flat
5.0,7.418751,3.5097442,Flat
6.0,3.4433155,-1.8710176,Complex
7.0,3.9677925,2.0096889,Chevron
1.0,8.491947,3.7824075,Flat
2.0,12.441221,3.1636114,Up
3.0,8.910866,5.3711143,Flat
1.0,4.0473657,-4.4065747,Short
2.0,9.022329,2.526369,Down
3.0,9.977927,3.0437543,Down
4.0,4.3692036,0.19287075,Down
5.0,8.715156,-0.6270128,Chevron
6.0,6.8465276,-5.051008,Chevron
1.0,11.897221,-0.3524894,Short
2.0,4.1750393,-1.2149485,Chevron
3.0,13.20788,1.9963386,Short
4.0,3.3502126,1.9306267,Frequency_Jump
5.0,12.16469,2.2770598,Up
6.0,6.453673,-5.4319415,Complex
7.0,4.0087376,-3.0924962,Chevron
8.0,11.720072,2.4573736,Up
9.0,7.4014616,4.1497364,Flat
10.0,8.454715,3.781102,Down
11.0,4.7473664,-1.9153411,Chevron
12.0,5.0900955,-2.391553,Chevron
13.0,8.281256,3.630337,Flat
14.0,5.172001,2.666725,Flat
15.0,8.896329,-0.19977677,Chevron
16.0,14.168686,3.6484067,Short
17.0,7.0142756,-5.1927576,Complex
18.0,2.7976158,-2.926102,Short
1.0,10.7849865,-0.63260317,Chevron
2.0,2.9849114,1.1655482,Chevron
3.0,4.2592797,-0.372219,Down
4.0,5.3301105,-4.168696,Chevron
5.0,7.7564197,2.9470625,Flat
6.0,4.7485204,-1.8902354,Chevron
7.0,13.715145,4.191706,Short
1.0,11.352077,1.2444464,Down
2.0,14.212235,4.491821,Short
3.0,10.621449,2.1678371,Flat
4.0,7.7494793,2.7122602,Flat
5.0,8.292637,3.3450108,Flat
6.0,10.53832,1.7059922,Down
7.0,3.9481893,2.2580194,Chevron
8.0,7.0586324,3.0854573,Flat
9.0,5.0254407,-0.5714177,Down
10.0,12.646027,1.9320554,Up
11.0,11.960691,0.9582311,Short
1.0,8.558338,-0.37096047,Chevron
2.0,11.298811,2.0742943,Flat
3.0,8.975055,-0.76073843,Chevron
4.0,12.506404,3.9985218,Down
5.0,8.317891,-4.829702,Down
6.0,13.491754,5.501043,Short
1.0,13.163748,2.0511544,Short
2.0,11.196406,1.5331832,Down
3.0,4.0846663,-1.6451688,Chevron
1.0,11.158924,1.0836383,Down
2.0,15.36251,2.7842627,Short
1.0,6.528858,-5.013829,Short
2.0,2.760069,-3.5909302,Complex
3.0,2.7105508,-3.545309,Complex
1.0,8.114181,-4.61918,Short
2.0,13.231148,-0.33970326,Short
3.0,3.877652,1.6202135,Flat
4.0,6.9374776,-5.2431464,Short
1.0,14.183752,1.5901043,Short
2.0,10.73044,3.139029,Flat
3.0,9.07285,0.3688424,Short
1.0,4.864763,-4.1480784,Chevron
2.0,12.575676,-0.33112058,Flat
3.0,4.17918,1.943301,Flat
4.0,3.9463172,2.8655593,Flat
5.0,5.0864434,2.9936044,Flat
6.0,11.9411,4.7605276,Flat
1.0,4.336275,-0.7269118,Chevron
2.0,4.0199056,3.1148648,Flat
3.0,10.668767,2.9807248,Down
4.0,15.078375,2.818508,Short
1.0,9.173272,-0.86105335,Chevron
2.0,5.4288964,-0.578479,Flat
3.0,5.4325604,-0.5744848,Flat
4.0,8.633217,5.0148644,Flat
5.0,8.941733,2.1802466,Down
6.0,2.5247977,-4.152761,Short
1.0,6.743528,-5.3749037,Short
2.0,12.601489,3.4797206,Down
3.0,3.325311,-2.737459,Complex
4.0,1.7466942,2.9248478,Chevron
5.0,2.2851279,-2.7549658,Complex
6.0,6.910847,-5.0407124,Frequency_Jump
1.0,12.9632435,4.4915133,Flat
2.0,10.876424,0.1290139,Down
3.0,10.853312,0.16419142,Down
4.0,10.870077,0.14389195,Down
5.0,10.847194,0.17482662,Down
1.0,4.1703625,7.4048266,Down
2.0,2.2749019,5.246946,Frequency_Jump
3.0,5.8116193,-2.5512261,Flat
1.0,4.0238266,7.241385,Down
2.0,2.8276494,5.3911614,Frequency_Jump
3.0,7.8923635,6.520987,Up
4.0,2.2980492,-4.205158,Short
1.0,11.012852,-0.2266962,Down
2.0,7.1960373,3.1005454,Down
3.0,4.0051923,-4.416278,Short
1.0,7.6555552,3.6384366,Flat
2.0,13.856291,4.2399807,Short
1.0,6.83701,-5.12386,Complex
2.0,11.157079,0.026205385,Down
3.0,2.5523798,-1.8557167,Complex
1.0,3.3215084,-0.86967194,Chevron
2.0,8.789907,-0.325463,Chevron
3.0,12.744053,4.252668,Flat
4.0,14.182362,3.6674721,Short
1.0,14.316349,4.1532,Short
2.0,8.449909,4.391132,Flat
3.0,12.464664,5.9170413,Flat
4.0,11.147569,3.0194037,Up
5.0,11.803936,2.1509714,Up
6.0,12.37753,5.550248,Flat
7.0,7.472057,-5.1070747,Chevron
8.0,13.054118,6.3830585,Flat
1.0,8.816852,1.8831011,Down
2.0,7.387665,2.9107144,Down
3.0,12.126568,2.182955,Up
1.0,3.3249094,2.1275544,Chevron
2.0,3.8049455,2.1063747,Flat
3.0,2.0524795,1.7836804,Down
4.0,2.2360842,-2.567836,Complex
5.0,2.9703746,-0.19754227,Chevron
6.0,5.891737,-5.193749,Short
1.0,8.861458,-0.16331069,Chevron
2.0,9.290786,3.4142156,Flat
3.0,13.002403,6.3795376,Flat
4.0,13.878545,4.180845,Short
1.0,12.158093,2.0190907,Flat
2.0,8.886221,1.393712,Down
3.0,3.9116187,3.0596213,Frequency_Jump
1.0,3.9213963,6.9217176,Down
2.0,10.817223,2.809074,Flat
3.0,4.8340473,6.4161606,Flat
1.0,12.592002,-0.7240694,Down
2.0,3.573073,-0.5047716,Chevron
3.0,3.5630393,-0.5085522,Chevron
4.0,6.975111,3.1600957,Flat
5.0,3.5653553,-1.1888998,Complex
6.0,14.124734,5.0352697,Short
1.0,5.5157514,-0.42893818,Down
2.0,3.5111094,-0.5561903,Chevron
3.0,8.773897,4.361344,Flat
4.0,12.026245,2.2033129,Up
5.0,14.56429,3.7848191,Short
6.0,12.12596,0.57124954,Down
7.0,12.756419,0.5238103,Flat
8.0,9.143472,0.81063646,Chevron
9.0,4.9015636,3.3995316,Flat
10.0,14.135816,4.800278,Short
1.0,8.829401,1.4726403,Down
2.0,9.057465,2.6181428,Flat
3.0,3.6997595,3.452717,Flat
4.0,4.5282907,-0.4842164,Chevron
5.0,2.9005628,-0.93323165,Complex
6.0,4.018592,2.1575625,Chevron
7.0,6.677688,5.310855,Flat
8.0,4.946561,3.891707,Flat
9.0,11.723784,2.014337,Up
10.0,13.9231205,5.7428126,Flat
1.0,2.0744295,7.6542478,Flat
2.0,13.863495,5.414584,Short
3.0,12.250169,4.8300023,Down
4.0,11.789737,4.970505,Flat
5.0,10.711687,2.7969735,Flat
6.0,9.1071825,5.1550226,Flat
7.0,7.6101675,4.1054087,Flat
8.0,9.564739,0.43126512,Chevron
9.0,5.049998,2.582212,Flat
10.0,11.289757,5.0683618,Flat
11.0,3.3418953,-0.64454144,Chevron
12.0,13.043455,6.283315,Short
1.0,10.07214,4.6277256,Flat
2.0,3.8367543,2.3364966,Flat
3.0,2.130002,2.0321207,Down
4.0,5.1918607,2.8046432,Flat
5.0,5.216906,-2.4200153,Flat
1.0,6.2338324,-4.8177567,Chevron
2.0,1.9342036,7.489644,Flat
1.0,13.87388,1.2123538,Flat
2.0,12.478546,0.52116287,Flat
3.0,3.8406918,3.1770837,Flat
4.0,2.7763658,-1.6358243,Complex
5.0,2.7809606,2.2997906,Down
6.0,6.7241554,5.1195083,Flat
7.0,4.6138415,3.4910202,Flat
8.0,2.8963132,2.3560908,Frequency_Jump
9.0,4.427893,2.4273033,Chevron
10.0,5.6076007,-0.29561538,Down
11.0,2.946535,1.0280703,Chevron
12.0,4.811955,1.5738789,Up
13.0,9.260514,3.4621487,Down
14.0,7.8366437,-4.753376,Down
15.0,12.067891,4.499199,Flat
16.0,9.793117,4.9519167,Flat
17.0,8.897735,-0.5766893,Chevron
18.0,4.988569,1.4402858,Flat
19.0,15.238488,2.7019615,Down
1.0,12.157205,4.3639846,Down
2.0,12.15706,4.3709435,Down
3.0,12.160706,4.382051,Down
4.0,12.187443,4.3714304,Down
5.0,12.137718,4.3905377,Down
6.0,3.6853495,-2.5943885,Complex
7.0,12.904885,4.1116047,Flat
8.0,3.8388941,2.3768017,Chevron
9.0,2.745431,1.6852735,Chevron
10.0,3.962274,0.108705364,Chevron
11.0,2.4471605,1.4830683,Chevron
12.0,2.3663895,-0.65563756,Complex
13.0,4.1529546,2.5555515,Flat
14.0,5.4823956,-2.5004845,Chevron
15.0,7.5244174,4.716843,Flat
16.0,12.552334,4.1329536,Down
17.0,4.507602,1.3774748,Down
18.0,11.436326,4.9079347,Flat
1.0,7.2247324,-4.8067336,Short
2.0,12.095056,2.3990438,Down
3.0,13.09371,4.720905,Up
4.0,13.068758,4.659463,Up
1.0,3.4754944,1.8337665,Frequency_Jump
2.0,5.4680896,-0.46790028,Down
3.0,4.9653106,-1.8462276,Chevron
4.0,4.534574,-0.5107463,Chevron
5.0,8.511398,3.3858056,Flat
6.0,5.044139,2.591072,Flat
7.0,4.7057796,2.4936647,Flat
8.0,4.97053,2.432019,Flat
9.0,10.10987,4.8463597,Flat
10.0,12.402604,3.8236616,Flat
11.0,13.665421,3.7356944,Short
12.0,14.113713,3.5517776,Up
13.0,10.126106,4.6777277,Down
1.0,3.8562768,-2.944643,Complex
1.0,12.812636,1.843943,Down
2.0,5.094604,-0.9053819,Down
3.0,9.2518015,0.3852085,Down
1.0,8.723499,1.5658824,Down
2.0,15.548227,2.9101782,Short
1.0,7.4542255,2.7061687,Down
2.0,14.046141,5.770456,Short
1.0,4.206327,0.91139907,Flat
2.0,3.9439132,3.1897051,Flat
3.0,8.27413,1.2602966,Down
4.0,5.1688347,-1.0261453,Chevron
5.0,10.994776,-0.5007711,Short
6.0,10.254579,2.377294,Down
7.0,5.9873743,-3.6947107,Chevron
8.0,8.905757,5.579381,Flat
9.0,13.932587,4.1622853,Short
1.0,13.893731,3.788382,Short
2.0,12.899344,-0.51835287,Down
3.0,8.216633,0.9073279,Down
4.0,8.653343,-0.23315787,Chevron
5.0,5.474864,-1.1618222,Flat
6.0,8.139787,3.6437829,Flat
7.0,7.477836,-5.152663,Chevron
1.0,13.909895,3.8255446,Short
2.0,4.753794,-0.6759317,Down
3.0,10.41851,1.7652112,Down
4.0,8.647503,3.3107297,Down
1.0,7.9539256,2.6150346,Down
2.0,8.762207,-0.4826718,Chevron
3.0,8.772256,-0.48524246,Chevron
4.0,8.762188,-0.4760614,Chevron
5.0,8.737524,-0.4510831,Chevron
6.0,11.459687,2.806169,Flat
7.0,9.46918,4.7833076,Flat
8.0,5.7262273,-2.5154355,Flat
9.0,14.056355,3.702091,Short
10.0,11.382571,0.9192598,Down
11.0,7.9982514,3.6408386,Down
12.0,10.649821,5.1464295,Flat
1.0,1.6198201,7.397458,Flat
1.0,9.8586645,5.5450253,Flat
2.0,8.432107,1.6521428,Down
3.0,8.4400425,1.6428512,Down
4.0,8.711683,5.9411736,Flat
5.0,13.070188,5.370859,Short
1.0,1.694353,6.931576,Chevron
2.0,5.1784444,3.2184126,Flat
3.0,3.9482806,0.504059,Frequency_Jump
4.0,5.433993,-2.0913217,Chevron
5.0,4.732735,3.519072,Flat
6.0,3.2908368,4.776522,Frequency_Jump
7.0,2.6756094,4.862934,Down
8.0,5.834134,5.9207892,Flat
9.0,1.9853871,2.699064,Down
10.0,13.257388,5.5621443,Flat
1.0,11.189692,-0.13481492,Down
2.0,6.7206836,-4.645897,Chevron
3.0,6.7132816,-4.63396,Chevron
4.0,6.73054,-4.638736,Chevron
5.0,6.713889,-4.644758,Chevron
6.0,15.535809,2.9226036,Short
1.0,7.634884,3.0254152,Chevron
2.0,2.081557,-1.6242268,Complex
3.0,3.5414739,1.531243,Flat
4.0,7.3382535,-5.0439816,Chevron
5.0,4.805142,2.0945072,Down
6.0,4.8038907,2.3334947,Flat
7.0,11.718591,2.4260013,Up
8.0,13.243831,4.294982,Up
9.0,4.644541,-3.2095637,Short
1.0,8.95857,2.6668477,Down
2.0,10.355503,3.5480115,Flat
3.0,10.354069,3.5697854,Flat
4.0,10.351028,3.5702372,Flat
5.0,10.3628435,3.567268,Flat
6.0,2.070282,7.5809903,Flat
7.0,9.291763,3.1704528,Down
8.0,3.0092556,-2.1677446,Complex
9.0,11.943639,2.2102127,Up
10.0,5.1090364,3.00983,Flat
11.0,8.96296,-0.14726079,Chevron
12.0,2.6321285,-4.135435,Short
1.0,7.456796,-4.989633,Chevron
2.0,11.083034,0.13364166,Flat
3.0,11.98217,0.88969046,Short
4.0,9.475877,-0.8029256,Chevron
1.0,3.2483764,-4.4891195,Short
1.0,2.5274951,-4.0214972,Complex
1.0,5.470516,3.4071007,Flat
1.0,9.628311,1.4932985,Flat
2.0,5.1989527,-2.980164,Complex
3.0,5.202515,-2.9965322,Complex
4.0,5.1954556,-2.989512,Complex
5.0,5.198172,-2.9969194,Complex
6.0,5.2325783,-2.981427,Complex
7.0,5.2076035,-2.9848058,Complex
8.0,5.1914873,-3.0052207,Complex
9.0,9.95182,1.6518899,Up
10.0,8.403716,3.8609002,Flat
11.0,5.6696925,-4.368461,Short
1.0,8.86915,-0.748537,Chevron
2.0,9.192188,-0.83258516,Flat
3.0,13.865681,1.3033377,Flat
4.0,8.792217,-0.5781923,Chevron
1.0,13.6018,6.3244576,Short
2.0,8.781307,3.5438535,Down
3.0,9.284469,0.14215888,Flat
4.0,10.627895,5.189815,Flat
5.0,11.670391,5.1340876,Short
6.0,12.241586,1.4469961,Up
7.0,7.7621083,-4.912456,Up
8.0,15.264939,2.7069306,Short
9.0,14.08283,1.5424355,Short
10.0,9.74964,4.9736676,Flat
11.0,12.436755,5.350512,Up
1.0,8.364915,4.164843,Flat
2.0,4.1770806,2.1181865,Flat
3.0,2.2511418,1.7796944,Frequency_Jump
4.0,4.03391,3.2245002,Flat
5.0,3.286274,2.5263863,Flat
6.0,4.9645643,4.406929,Flat
7.0,2.4586446,-0.33063927,Chevron
8.0,6.3209357,6.7318487,Flat
9.0,4.328534,-1.3896805,Chevron
10.0,9.936987,2.6748502,Down
11.0,4.7885027,1.5899512,Down
12.0,10.283765,5.3067946,Flat
13.0,12.510984,4.6988325,Short
1.0,1.8780328,7.244702,Flat
1.0,8.825914,1.4684387,Down
2.0,2.5572333,-0.5300098,Chevron
3.0,2.540554,1.3057321,Chevron
4.0,3.9268491,3.1885219,Frequency_Jump
5.0,12.487487,3.1397123,Up
1.0,10.696672,3.3431308,Flat
2.0,8.723713,-0.5972744,Frequency_Jump
3.0,14.144935,4.7763944,Short
1.0,12.164981,0.5201659,Down
2.0,1.7226298,4.11685,Down
3.0,3.157763,5.352396,Flat
4.0,2.4134092,3.3905873,Frequency_Jump
5.0,13.556285,1.615229,Short
6.0,8.989233,-0.75635546,Chevron
7.0,9.041925,-0.7966523,Chevron
8.0,4.237757,2.4275324,Frequency_Jump
9.0,8.828532,4.22071,Down
10.0,4.28317,-3.8548331,Up
11.0,7.6134253,6.1954446,Flat
12.0,5.9019156,-2.5200408,Down
13.0,14.140589,5.5472813,Short
14.0,5.0273767,-3.1460292,Chevron
1.0,7.7554445,6.5939174,Flat
2.0,2.6826742,1.983832,Chevron
3.0,2.1834414,3.096557,Frequency_Jump
4.0,2.821159,4.423675,Flat
5.0,2.0240736,2.1628737,Down
6.0,4.298805,-0.20540108,Frequency_Jump
7.0,2.9489741,-3.7959945,Chevron
8.0,5.7683473,6.420885,Flat
9.0,2.1667993,1.9402125,Frequency_Jump
10.0,1.680762,4.2071276,Chevron
11.0,2.072105,2.1717746,Down
12.0,10.676027,3.0033014,Flat
13.0,3.9289913,2.4982631,Flat
14.0,10.318234,5.2989764,Flat
15.0,3.3170562,-2.3608246,Complex
1.0,3.5388448,-2.5294206,Complex
2.0,1.522782,4.246016,Frequency_Jump
3.0,1.5311483,4.2224703,Frequency_Jump
4.0,2.252171,4.02904,Frequency_Jump
5.0,2.682862,2.8383245,Down
6.0,2.5283058,1.4122686,Frequency_Jump
7.0,6.40991,6.1668115,Flat
8.0,4.8051,3.825263,Flat
9.0,3.3254023,2.1643646,Flat
10.0,3.050944,2.189053,Down
11.0,2.9771652,4.255912,Flat
12.0,1.9264129,3.805643,Down
13.0,4.562152,5.222898,Flat
14.0,2.9135263,4.652119,Down
15.0,4.242741,-3.0148869,Complex
1.0,15.402785,2.8682027,Short
2.0,3.0250483,-3.1779554,Short
1.0,7.8652782,2.6702957,Down
2.0,9.158041,2.498574,Flat
3.0,9.302536,1.3543936,Flat
4.0,7.1811805,2.9802487,Flat
5.0,9.902979,1.5303627,Flat
6.0,8.727138,2.9426942,Flat
7.0,4.0713625,2.9374564,Flat
8.0,11.82038,2.1900158,Up
1.0,10.714447,4.1349654,Flat
2.0,4.877245,1.1466094,Flat
3.0,3.8567958,-3.0109632,Complex
1.0,8.99386,-0.7097902,Chevron
2.0,7.0971193,2.9824452,Down
3.0,12.920543,4.109743,Up
4.0,11.188087,1.5833235,Down
5.0,8.308138,4.091558,Flat
6.0,9.811474,4.7869353,Flat
7.0,3.1286616,-2.8250415,Complex
8.0,11.754765,2.224105,Up
9.0,13.910585,3.7528553,Short
10.0,7.382389,6.1330676,Flat
11.0,2.5813081,5.0373683,Frequency_Jump
12.0,2.5490978,3.396115,Down
13.0,4.9006963,-2.6460438,Chevron
14.0,7.6175456,6.0626807,Flat
15.0,6.0809293,5.7020073,Flat
16.0,6.6364436,6.3748865,Flat
17.0,8.253275,3.9137604,Down
18.0,3.8592613,-3.0135922,Complex
1.0,8.216452,2.3789887,Down
2.0,8.814056,4.7359247,Down
1.0,13.081557,1.418486,Short
2.0,11.138618,0.17813954,Down
3.0,9.2776575,0.9074502,Flat
4.0,3.5365238,2.3030767,Chevron
5.0,5.4833093,-2.5983732,Chevron
6.0,5.432255,-2.523354,Chevron
1.0,8.906047,5.689954,Flat
2.0,3.9151654,2.4583187,Flat
3.0,8.808139,5.6584973,Flat
4.0,10.326725,4.05699,Flat
1.0,3.2121918,2.0416298,Frequency_Jump
2.0,2.6082916,-0.43625656,Complex
3.0,3.047787,2.1623895,Frequency_Jump
4.0,2.1513863,-0.89969814,Complex
5.0,4.1884093,2.3768501,Chevron
6.0,4.4164977,2.5591147,Frequency_Jump
7.0,11.865814,2.0800428,Up
8.0,8.720038,5.051666,Flat
9.0,13.648201,0.7495568,Short
1.0,2.464511,6.8415036,Flat
2.0,5.666542,-2.4583075,Short
3.0,9.621941,2.1568391,Down
4.0,4.005493,6.586768,Flat
5.0,7.438721,6.6807218,Flat
6.0,8.447921,6.101976,Flat
7.0,5.320673,-2.6079764,Chevron
1.0,9.837687,4.703124,Flat
2.0,4.772508,6.8349485,Down
3.0,4.318043,6.712857,Down
4.0,2.233126,4.9559054,Chevron
5.0,4.277137,5.4562316,Flat
6.0,5.2845254,0.3646857,Chevron
7.0,7.7067714,6.4241962,Flat
8.0,10.314622,4.186383,Flat
9.0,5.8498955,7.049532,Flat
1.0,12.482066,4.798348,Down
2.0,7.8226376,-4.4711785,Short
3.0,8.843587,1.9094822,Down
4.0,9.514048,3.1907868,Down
1.0,14.10514,5.7893286,Short
2.0,4.060187,-2.8449514,Complex
3.0,14.0542345,5.781945,Short
1.0,9.745421,4.1288443,Down
2.0,11.187983,2.738999,Flat
3.0,11.155453,2.7489195,Flat
4.0,2.536232,-0.41639918,Chevron
5.0,2.4932604,-2.2617319,Complex
6.0,1.9883986,-1.7250174,Complex
7.0,6.881361,5.084933,Flat
8.0,2.4617162,1.0100193,Chevron
9.0,10.051438,4.8589935,Flat
10.0,9.11382,4.533148,Down
11.0,4.2307234,-2.2504122,Chevron
1.0,6.8549447,-5.0356264,Chevron
2.0,2.1344867,7.589991,Flat
3.0,2.5864897,1.2727897,Chevron
4.0,4.388546,-0.016152333,Chevron
5.0,3.3993766,-0.73026407,Chevron
6.0,12.5567875,3.1619496,Up
1.0,9.141084,5.623847,Flat
2.0,12.855916,6.287486,Flat
1.0,5.1050043,-2.569792,Chevron
2.0,6.135051,-2.1545734,Flat
3.0,6.1300015,-2.1552289,Flat
4.0,6.1245947,-2.1459744,Flat
5.0,6.1263976,-2.1482522,Flat
6.0,6.1357417,-2.1385438,Flat
7.0,6.1363926,-2.1477017,Flat
8.0,6.1438036,-2.1432917,Flat
9.0,6.1366034,-2.1447887,Flat
10.0,9.748043,5.5482635,Flat
1.0,7.689571,-4.5225544,Chevron
2.0,3.233835,3.4279904,Frequency_Jump
3.0,2.074045,-1.2476636,Complex
4.0,14.574401,2.1909535,Short
5.0,3.5212097,2.8163726,Chevron
6.0,4.1252,3.8917482,Flat
7.0,3.5004148,1.655169,Flat
8.0,3.71079,2.394106,Flat
9.0,3.3978586,2.5704176,Frequency_Jump
10.0,7.4347095,5.3474007,Flat
11.0,9.893235,4.9355254,Flat
1.0,7.5428348,3.586321,Flat
1.0,9.4106,3.4268034,Down
2.0,10.164437,4.6634383,Down
3.0,10.150694,4.677344,Down
4.0,4.3232894,0.26790005,Down
5.0,2.8671663,2.49687,Frequency_Jump
6.0,3.3192575,2.536731,Chevron
7.0,5.3073525,2.161878,Flat
8.0,11.850452,2.0974815,Up
9.0,13.173888,-0.39942372,Short
10.0,10.029234,2.7824883,Down
11.0,7.482626,3.4913993,Flat
12.0,5.4215174,-2.6151762,Chevron
13.0,13.796457,4.8467355,Short
1.0,12.7402,4.4621234,Flat
2.0,3.2245276,-1.9162459,Complex
3.0,10.735059,2.956826,Flat
1.0,7.8399134,2.5893574,Down
2.0,2.86148,-1.9400531,Complex
3.0,3.1145527,-1.7767683,Complex
4.0,13.9939995,1.7704406,Short
5.0,8.963592,1.5642694,Flat
6.0,6.3879867,-5.648091,Short
1.0,12.074142,4.5482855,Flat
2.0,3.0181215,-3.0860054,Complex
3.0,2.9827707,-3.0999832,Complex
4.0,2.9886713,-3.0937428,Complex
5.0,2.996512,-3.0895078,Complex
6.0,2.9768035,-3.0981355,Complex
7.0,2.9557247,-3.1097875,Complex
1.0,9.107692,5.2376375,Flat
2.0,5.1996517,2.9951,Flat
3.0,3.4696338,1.7511305,Chevron
4.0,12.852722,5.0573406,Down
5.0,11.554185,5.18728,Short
1.0,4.5086718,-0.1953149,Down
2.0,2.2270257,1.7798015,Frequency_Jump
3.0,4.397421,-0.41892824,Chevron
4.0,8.185095,6.27433,Flat
1.0,2.2198298,7.6877637,Flat
1.0,9.556744,5.6752944,Flat
2.0,4.1322427,-0.54234093,Chevron
3.0,2.8850617,0.97586197,Chevron
4.0,3.3779578,-0.69135416,Chevron
5.0,13.069295,4.35191,Up
6.0,11.117943,0.24860173,Down
7.0,5.3830595,3.2290564,Flat
8.0,4.42706,2.193736,Down
9.0,8.4554,4.3680634,Flat
10.0,9.213847,0.09517619,Flat
1.0,1.5980767,7.3860965,Flat
1.0,9.089635,2.9682903,Down
2.0,7.3893924,6.552664,Flat
3.0,5.9393506,-1.4671336,Chevron
4.0,10.723864,4.471992,Up
1.0,1.9773295,6.93123,Flat
2.0,2.61778,-2.6818078,Complex
3.0,5.6658177,-1.8593695,Flat
4.0,11.552672,5.1056933,Short
5.0,5.1700244,-2.5419745,Chevron
1.0,4.215008,-3.1224854,Chevron
2.0,12.393625,2.7851543,Down
3.0,12.374008,2.7699764,Down
4.0,12.382414,2.7891562,Down
5.0,12.392606,2.7883892,Down
6.0,12.397365,2.8110158,Down
7.0,12.397289,2.8115356,Down
8.0,12.3937,2.8030694,Down
9.0,12.383987,2.7863421,Down
10.0,5.26029,6.060228,Down
11.0,12.255353,5.359392,Flat
12.0,5.262243,-1.8036598,Chevron
13.0,12.457373,5.4411283,Flat
1.0,14.172454,1.5454278,Short
2.0,2.904336,0.89025885,Down
3.0,5.123601,-0.98676383,Chevron
4.0,10.535668,0.9063951,Down
5.0,11.667573,1.2774005,Flat
6.0,8.930458,2.1910136,Down
1.0,8.224634,2.3472679,Down
2.0,9.281102,0.36070946,Flat
1.0,9.791513,0.842554,Chevron
2.0,8.775142,0.7169339,Chevron
3.0,8.728443,0.8264689,Chevron
1.0,12.542637,4.2101884,Short
2.0,6.0087748,-3.6561759,Short
3.0,8.943358,3.966581,Down
4.0,12.23035,5.429374,Flat
5.0,12.933245,6.293912,Flat
1.0,13.810024,5.4832687,Short
2.0,11.831526,4.439513,Down
1.0,12.360274,5.4308767,Flat
2.0,1.7870843,-4.4441442,Short
3.0,1.7777269,-4.4534087,Short
4.0,1.7771341,-4.45198,Short
5.0,1.7828267,-4.45017,Short
6.0,1.7835625,-4.445774,Short
7.0,1.7860172,-4.4435863,Short
8.0,1.7809949,-4.4480214,Short
9.0,1.7798145,-4.4510484,Short
1.0,12.58803,-0.6474372,Short
2.0,7.151336,3.0934708,Flat
3.0,3.5431254,1.8890455,Chevron
4.0,9.229731,3.3950741,Down
5.0,4.1949816,-0.4470816,Chevron
6.0,11.951583,2.2174857,Up
7.0,11.214853,5.052787,Flat
8.0,12.032215,5.506728,Flat
9.0,12.777178,4.513682,Flat
1.0,2.1757576,7.6914954,Flat
2.0,13.77259,1.4195343,Short
3.0,11.100691,1.9746739,Flat
4.0,8.531481,4.022428,Flat
5.0,12.718981,5.510627,Flat
1.0,8.9315605,-0.06532475,Flat
2.0,3.1215072,-3.8809102,Short
3.0,12.612029,5.296178,Short
4.0,12.625851,3.4026957,Up
5.0,12.008191,0.94645584,Up
6.0,11.830001,1.9941019,Up
7.0,8.819971,-0.6549466,Chevron
8.0,12.361103,5.2530756,Flat
9.0,13.885051,5.2915525,Short
10.0,5.2640085,-2.671914,Chevron
1.0,12.688391,4.326895,Flat
2.0,14.11332,5.7940254,Short
3.0,14.115748,5.785743,Short
4.0,4.6157255,-1.8273995,Chevron
5.0,9.230185,0.000622672,Chevron
6.0,7.197206,-5.242168,Short
7.0,12.051034,3.9376373,Flat
8.0,7.371592,3.9816723,Flat
9.0,4.986057,2.7331493,Flat
10.0,6.5781054,5.1312,Flat
11.0,7.5362387,-4.956589,Chevron
12.0,9.070629,-0.9083181,Chevron
13.0,8.21872,3.9140625,Flat
14.0,4.339413,-0.2836004,Down
15.0,4.0104785,0.055771757,Down
16.0,1.9187361,-1.6270735,Complex
17.0,4.9870644,2.1879616,Flat
18.0,8.584543,5.074891,Flat
19.0,13.865763,3.86111,Short
20.0,7.8654275,-4.5157495,Short
21.0,4.0849586,-4.2453933,Short
1.0,7.784428,-4.5255985,Short
2.0,10.383962,1.4963804,Down
3.0,9.068928,2.4274225,Up
4.0,9.035332,2.4476922,Flat
5.0,12.577015,3.9554913,Down
6.0,13.1846285,1.2363234,Down
7.0,12.262488,1.0784489,Flat
8.0,8.841586,-0.67751473,Chevron
1.0,12.636609,1.6317341,Down
2.0,2.4772449,-2.3034525,Complex
3.0,2.473437,-2.31727,Complex
4.0,2.4603434,-2.2990847,Complex
5.0,2.465759,-2.3262255,Complex
6.0,11.993444,0.928925,Short
7.0,2.6136827,1.3484343,Frequency_Jump
8.0,5.4871664,-1.2317531,Up
9.0,12.693988,2.4240024,Flat
10.0,11.139863,2.3626244,Flat
11.0,11.874198,2.1350198,Flat
12.0,8.540971,5.244237,Flat
13.0,9.248323,0.22086434,Flat
1.0,5.483732,-5.829868,Short
2.0,3.6447933,-1.6758131,Complex
3.0,5.881986,-5.3793054,Chevron
1.0,9.093579,-0.54010296,Chevron
2.0,8.5266905,1.9411156,Down
3.0,11.372655,5.0425587,Flat
1.0,2.1008353,7.6648545,Flat
1.0,7.7760277,-4.520695,Chevron
2.0,9.510736,0.86319476,Down
3.0,9.853086,3.7584977,Down
4.0,12.191941,3.977639,Down
1.0,6.193273,-5.484972,Complex
2.0,4.2035656,3.1396475,Flat
3.0,2.540727,-2.1365876,Complex
4.0,2.477212,-0.47865382,Complex
5.0,4.9152794,3.9517899,Flat
6.0,8.584486,5.8465624,Flat
7.0,3.4525485,1.7433057,Frequency_Jump
8.0,11.88098,0.7181346,Up
9.0,3.3907864,-2.043595,Short
10.0,7.6656594,-4.570174,Up
11.0,15.361847,2.8106465,Flat
12.0,8.857011,5.4083166,Flat
13.0,3.6673708,1.8371065,Flat
14.0,4.121452,2.0741794,Chevron
15.0,4.2202463,-1.8620361,Down
16.0,7.3268127,4.604667,Flat
17.0,4.0489254,2.0973496,Chevron
18.0,8.534783,3.3425558,Flat
1.0,9.613864,4.624975,Flat
1.0,15.5186205,3.0839663,Short
2.0,13.2080765,6.0622334,Down
3.0,8.810641,-0.63918567,Chevron
4.0,9.6814575,4.7806873,Flat
5.0,3.4072955,1.2005461,Chevron
6.0,8.758067,5.670823,Flat
7.0,5.2313123,2.9675963,Flat
8.0,3.3558164,1.5550468,Frequency_Jump
9.0,7.722178,3.0303628,Flat
10.0,9.6368475,5.0355406,Flat
11.0,12.824421,4.2963343,Down
12.0,13.437039,5.4478135,Down
13.0,13.698513,5.1937127,Flat
1.0,7.6793947,-5.1436124,Chevron
2.0,12.356205,0.89566815,Short
3.0,3.7835479,3.1737695,Chevron
4.0,11.833625,2.3148825,Up
1.0,7.470589,-4.9196777,Chevron
2.0,8.681394,3.4415987,Down
1.0,9.189132,5.385719,Flat
2.0,1.7343637,2.9962664,Chevron
3.0,6.5186815,5.151127,Flat
4.0,3.3701656,2.5592844,Flat
5.0,2.495166,1.8915054,Down
6.0,2.9182339,2.2673142,Frequency_Jump
7.0,4.9472237,4.112284,Flat
8.0,2.3305411,1.9023114,Down
9.0,5.229406,2.9832008,Flat
10.0,4.897106,1.7040546,Chevron
11.0,2.3348072,1.8018693,Chevron
12.0,5.3630304,-5.714191,Complex
13.0,3.631077,-2.417544,Short
14.0,9.332986,5.3794537,Flat
15.0,4.6463685,0.9065514,Up
16.0,13.920916,3.956306,Short
17.0,3.5550263,1.7652969,Flat
18.0,4.984435,1.3074517,Flat
19.0,3.5945716,-1.0716368,Chevron
20.0,6.085919,-5.3543463,Complex
21.0,5.7890205,-2.4063501,Flat
22.0,8.592021,3.8239872,Flat
23.0,2.39617,-2.3133554,Complex
24.0,5.043999,2.6887074,Flat
25.0,3.231175,-1.8939862,Complex
1.0,13.221325,-0.3593198,Short
2.0,1.5732735,7.2537904,Chevron
3.0,2.0840688,-1.2589501,Complex
4.0,9.045335,-0.86025625,Chevron
5.0,8.376941,3.6465814,Down
6.0,7.5776954,4.618316,Flat
7.0,4.3072877,-0.31550545,Frequency_Jump
8.0,5.7372613,-2.335439,Chevron
9.0,13.897163,3.9395134,Short
10.0,13.741532,4.123858,Short
11.0,2.725696,-4.172678,Short
12.0,14.183934,4.4090657,Short
13.0,7.190448,3.728977,Flat
14.0,1.8619808,-2.7930903,Complex
15.0,14.5284815,3.8492165,Short
16.0,8.669887,5.1258187,Flat
17.0,4.815275,3.1001859,Flat
18.0,4.9019365,2.2459724,Flat
19.0,3.4680302,1.3525357,Down
20.0,13.735949,3.7968264,Short
21.0,12.703035,4.156687,Flat
22.0,4.8947415,-3.3610075,Short
23.0,7.292599,4.4338846,Flat
24.0,4.6477127,3.2190223,Flat
25.0,5.4333463,-0.6523216,Down
26.0,3.7717016,2.6356661,Frequency_Jump
27.0,5.0816345,2.5346918,Flat
28.0,4.169716,-1.9408859,Chevron
29.0,13.580969,1.7230405,Short
30.0,8.421587,3.9313848,Flat
31.0,2.6008353,2.2392442,Chevron
32.0,12.226786,5.7415705,Flat
33.0,7.4154167,3.2495701,Flat
1.0,12.375577,3.5982692,Down
2.0,3.4028208,-0.9247512,Chevron
3.0,4.840694,2.9858027,Chevron
4.0,11.969186,1.5632063,Flat
5.0,2.1623273,1.9347873,Frequency_Jump
6.0,5.085173,2.5326285,Flat
7.0,11.8478985,2.088484,Up
8.0,13.904777,3.784886,Short
9.0,12.910785,2.488214,Flat
10.0,9.573567,3.3785157,Flat
11.0,8.418637,5.372822,Flat
12.0,11.081416,5.188773,Flat
1.0,4.9588737,-3.0446055,Down
2.0,9.065953,2.2319553,Down
3.0,9.023797,2.2151246,Down
4.0,5.481706,-4.547351,Chevron
5.0,10.278107,3.1024284,Down
6.0,4.592154,-0.3515538,Down
7.0,5.0065937,-1.3174294,Chevron
8.0,7.01131,3.4769118,Flat
9.0,1.1229249,2.9920242,Frequency_Jump
10.0,2.0540984,-3.164674,Complex
1.0,13.720093,1.2254232,Short
2.0,3.4290051,2.0095713,Frequency_Jump
3.0,3.9351842,0.12198799,Chevron
4.0,2.6394703,-3.5436435,Complex
1.0,2.6020234,-3.4598517,Complex
2.0,4.1228986,-1.9615756,Chevron
3.0,8.389417,3.8705037,Flat
4.0,1.2687687,2.9147265,Frequency_Jump
1.0,11.374343,0.16078427,Down
2.0,4.5978084,0.89381135,Up
3.0,3.8905559,0.049301613,Frequency_Jump
4.0,2.1318793,2.459891,Frequency_Jump
5.0,2.501191,1.5244879,Frequency_Jump
6.0,5.1021066,2.0637,Flat
7.0,4.6889625,-3.583304,Chevron
8.0,7.761597,-4.3679347,Short
9.0,3.6005812,-1.2753793,Chevron
10.0,5.0005145,1.4445804,Flat
11.0,4.779574,-0.83936125,Down
12.0,12.488759,3.6698973,Short
13.0,13.458018,4.0253115,Short
14.0,2.7670627,-0.98116934,Complex
15.0,12.239171,4.8466563,Flat
1.0,12.38086,4.903292,Flat
2.0,2.0901885,-1.7004722,Complex
3.0,2.7910435,0.947703,Frequency_Jump
4.0,12.976975,1.2115878,Flat
5.0,2.7103367,-1.0368725,Complex
1.0,4.000892,7.1805835,Down
2.0,2.5558307,6.500055,Chevron
1.0,4.03595,6.490847,Flat
2.0,3.138942,5.454827,Flat
3.0,2.3007312,3.3759181,Frequency_Jump
4.0,2.3183713,3.4148705,Chevron
5.0,2.4425628,3.8019464,Flat
6.0,3.3113213,3.9203596,Frequency_Jump
7.0,5.6513963,-1.9491602,Chevron
8.0,11.009096,5.445585,Flat
1.0,2.0808184,2.1280115,Down
2.0,2.0194585,2.1939538,Down
3.0,4.019719,4.479428,Flat
4.0,3.1258793,2.0385282,Frequency_Jump
5.0,3.7843187,3.3416243,Frequency_Jump
6.0,6.3850203,6.6464367,Flat
7.0,5.091124,3.1935365,Flat
8.0,11.931508,2.4550233,Up
1.0,12.996735,2.0420802,Flat
2.0,5.7743807,-4.054259,Chevron
3.0,5.7749453,-4.064713,Chevron
4.0,5.720748,-5.163332,Complex
5.0,9.370289,0.19114535,Down
6.0,11.572049,1.2829033,Up
7.0,9.77376,4.998375,Flat
8.0,3.9895277,-3.152229,Complex
1.0,13.31168,-0.29811272,Flat
1.0,12.820459,-0.37561432,Short
2.0,9.774574,1.8956069,Down
3.0,4.6029325,-1.8852378,Chevron
4.0,3.9953918,-1.2445129,Complex
5.0,2.0916247,3.4926865,Frequency_Jump
6.0,8.798555,2.9770417,Flat
7.0,4.260875,-3.817321,Up
1.0,12.135428,-0.39350772,Flat
2.0,13.291056,-0.36236665,Short
1.0,12.049189,4.557205,Flat
2.0,3.9053602,-0.22269282,Frequency_Jump
3.0,3.8481433,-0.24017626,Frequency_Jump
4.0,5.030894,-2.2257252,Chevron
5.0,9.937756,1.2931997,Flat
6.0,3.5295253,1.4422451,Frequency_Jump
7.0,3.835267,-1.551325,Frequency_Jump
1.0,5.9084597,-5.4936347,Complex
2.0,3.3084347,3.59802,Frequency_Jump
3.0,5.4543347,5.8861146,Flat
4.0,3.6077309,-1.3674748,Chevron
5.0,4.7576847,-3.1183422,Up
6.0,4.8703613,2.0330918,Down
7.0,8.606417,3.5838444,Down
8.0,4.4848604,-2.9442425,Chevron
9.0,8.468792,3.7936976,Flat
10.0,13.693601,3.396964,Short
11.0,5.434972,-2.3412783,Chevron
1.0,7.474466,3.6228652,Flat
2.0,3.9615195,-1.2711756,Complex
1.0,8.954835,2.6235743,Flat
2.0,9.633885,3.205039,Flat
3.0,9.644878,3.2050452,Flat
4.0,5.6159396,-1.8604511,Chevron
1.0,7.8339877,5.9041305,Flat
2.0,3.94606,-1.5596682,Complex
3.0,8.679167,1.9980046,Down
4.0,4.7380385,0.010991633,Down
5.0,2.6740549,2.473109,Down
6.0,6.601688,6.341461,Flat
7.0,5.532844,-1.2840167,Chevron
8.0,1.7851845,3.6546874,Frequency_Jump
9.0,4.385406,4.625143,Flat
10.0,4.5591145,4.492907,Flat
11.0,4.3703184,4.552545,Flat
12.0,5.9279385,-5.0857534,Complex
13.0,13.328184,5.203074,Down
14.0,4.633239,1.3708671,Down
15.0,5.27543,-2.1311405,Chevron
1.0,7.2026114,3.2124414,Flat
1.0,3.69011,-0.104092784,Chevron
2.0,1.7025427,4.284564,Down
3.0,2.4329157,6.2203217,Chevron
4.0,8.929584,3.0690496,Flat
5.0,5.0466266,6.3038206,Down
6.0,3.066226,6.2068534,Flat
7.0,3.2716165,1.9128461,Frequency_Jump
8.0,9.025594,4.1002526,Down
9.0,12.637029,4.094551,Down
10.0,10.058582,4.350667,Flat
11.0,7.153235,6.7700777,Flat
12.0,7.985203,4.0065093,Flat
13.0,3.383274,-3.3194346,Complex
14.0,14.001737,5.6929097,Short
1.0,5.741096,-4.818284,Chevron
2.0,4.5383987,3.3211517,Flat
3.0,4.5018783,6.788326,Down
4.0,3.5627167,2.2612147,Flat
5.0,5.156475,-2.4031565,Chevron
6.0,4.484459,-1.4807746,Chevron
7.0,9.464314,-0.47042078,Chevron
8.0,7.139243,3.0687742,Flat
9.0,13.018747,4.161731,Up
1.0,5.5211496,-1.452773,Down
2.0,1.6280795,7.22541,Chevron
1.0,8.668992,5.420662,Flat
2.0,4.568083,2.6011932,Flat
3.0,4.568642,-3.0150282,Up
1.0,8.989724,0.21503998,Down
2.0,4.5363116,2.8845687,Flat
3.0,4.246677,-1.878396,Chevron
4.0,13.8942375,5.1779356,Short
1.0,12.423136,2.013141,Flat
2.0,11.253197,-0.04623936,Down
3.0,2.7919264,6.1886,Flat
4.0,3.7767107,-3.381698,Complex
1.0,4.317967,-3.6684828,Chevron
2.0,3.6740746,3.6572042,Chevron
3.0,3.5193346,5.5390944,Flat
4.0,3.2420862,4.790134,Down
5.0,2.2248406,-3.0367484,Complex
6.0,4.9459934,5.4455876,Flat
7.0,2.8649392,4.564779,Chevron
8.0,3.9136784,5.1520543,Flat
9.0,3.0092473,4.7253227,Down
10.0,8.265758,6.2891803,Flat
1.0,2.0884202,7.6557403,Flat
2.0,12.276312,0.53255916,Down
3.0,3.3709712,2.633417,Frequency_Jump
4.0,4.065475,5.256133,Flat
5.0,4.033569,4.702174,Chevron
6.0,4.31603,5.0777903,Flat
7.0,2.1619034,1.8342377,Chevron
8.0,4.926196,-0.7787829,Chevron
9.0,2.525412,-1.8336307,Complex
10.0,4.802491,3.5403903,Flat
11.0,2.4158952,2.0207832,Frequency_Jump
12.0,4.8228645,0.83522105,Up
13.0,8.368653,4.9086804,Flat
14.0,4.1363473,-2.4503357,Chevron
15.0,7.156164,-5.2327275,Complex
16.0,12.087251,4.1235085,Flat
17.0,8.12361,3.973532,Flat
18.0,4.210932,-3.9353795,Short
19.0,9.162209,5.766289,Flat
20.0,5.0907254,4.502201,Flat
21.0,4.363707,2.355703,Chevron
22.0,12.772744,4.7101884,Flat
23.0,12.413241,3.21371,Down
1.0,4.090346,-0.88390934,Chevron
1.0,12.908305,-0.55473226,Short
2.0,1.8939756,7.365568,Flat
1.0,12.361738,0.94088745,Down
2.0,1.941618,7.321711,Flat
3.0,13.841775,5.322648,Short
1.0,13.035847,2.2517009,Flat
2.0,11.481477,-0.084021166,Flat
3.0,4.668172,-0.4858271,Chevron
4.0,6.893594,-5.5999894,Short
1.0,13.314352,-0.3723089,Short
2.0,11.147022,0.031525128,Down
3.0,11.181438,0.02770525,Down
4.0,5.260367,-4.0050664,Chevron
5.0,13.388439,3.4966037,Short
6.0,13.444481,1.0794572,Short
7.0,4.905001,5.189984,Down
8.0,6.0218086,-1.629872,Chevron
9.0,2.7376122,-3.4701333,Complex
1.0,9.344415,0.19557706,Chevron
2.0,7.027856,3.43357,Flat
3.0,12.384066,3.69499,Flat
4.0,13.479541,1.7791313,Short
5.0,4.381731,-0.18771361,Frequency_Jump
6.0,7.6854167,6.2806406,Flat
7.0,10.283525,5.592982,Flat
1.0,10.730694,-0.25810722,Down
2.0,12.86921,-0.59490687,Short
3.0,2.4467998,0.97148955,Chevron
4.0,12.721821,2.909494,Flat
1.0,13.034196,4.1323276,Up
1.0,10.595113,0.67367405,Down
2.0,1.872343,3.7461624,Chevron
3.0,3.5005932,3.614021,Frequency_Jump
4.0,4.241175,-3.941622,Up
1.0,9.001047,1.4900323,Down
2.0,3.0565305,4.7668476,Frequency_Jump
3.0,12.737417,3.6275427,Up
4.0,4.9435396,-3.6791658,Chevron
5.0,6.280186,-4.9394426,Chevron
6.0,6.689461,5.040314,Flat
7.0,6.4391007,5.2939024,Flat
8.0,5.9563103,5.3428373,Flat
9.0,3.2407103,2.1476786,Flat
10.0,11.85644,2.1105843,Up
11.0,8.1106615,3.9733453,Flat
12.0,10.106955,5.5238037,Flat
13.0,10.270313,3.9981256,Flat
1.0,1.8159395,7.0322294,Chevron
1.0,12.810671,1.5756974,Down
2.0,11.04601,0.9541652,Down
3.0,11.302531,-0.027591638,Down
4.0,5.0757675,-2.6402366,Chevron
1.0,13.871878,3.7902255,Short
1.0,7.345064,-4.3901205,Chevron
1.0,5.652651,-4.85436,Complex
1.0,11.993142,-0.4763764,Down
2.0,10.724398,1.3963073,Down
3.0,10.195748,2.6587856,Down
4.0,6.1182685,-4.9874134,Chevron
5.0,9.759299,4.865028,Flat
6.0,14.158105,4.4781604,Short
1.0,4.0880804,-1.0775044,Chevron
2.0,9.138687,5.1236444,Flat
3.0,7.78923,-4.495409,Down
4.0,10.162939,5.5121465,Flat
5.0,12.759263,4.015944,Flat
6.0,12.821293,4.1903143,Flat
7.0,13.4907255,5.3732533,Short
1.0,13.861233,3.4309497,Short
2.0,8.94184,2.1736069,Down
3.0,8.926343,2.1777043,Down
4.0,8.936381,2.176105,Down
5.0,8.954163,2.199225,Down
6.0,8.921099,2.1612558,Down
7.0,8.91402,2.1620667,Down
8.0,8.916769,2.179053,Down
9.0,8.92762,2.1649551,Down
10.0,8.926202,2.1827044,Down
1.0,7.2531834,-4.990265,Down
2.0,3.6926641,3.5696154,Chevron
3.0,12.611161,5.002146,Short
1.0,5.754182,-5.772081,Complex
2.0,13.902381,4.18578,Short
3.0,10.538658,0.8944595,Down
1.0,3.9305022,0.12836342,Frequency_Jump
2.0,1.4399683,1.6463509,Down
3.0,1.435759,1.6469773,Down
4.0,1.4320463,1.6420043,Down
5.0,1.4360112,1.643953,Down
6.0,1.4336339,1.645881,Down
7.0,1.433042,1.6442794,Down
8.0,3.0959268,-1.6777546,Complex
9.0,2.3657262,1.9180245,Down
10.0,4.9819975,4.0735917,Flat
11.0,3.371969,-0.6429736,Chevron
1.0,4.38343,-0.11009057,Down
2.0,2.5936098,-0.517448,Complex
1.0,5.318368,0.35448492,Down
2.0,2.4493804,2.6144347,Frequency_Jump
3.0,2.618646,3.8730319,Down
4.0,1.7964451,6.921283,Chevron
5.0,2.2595894,4.023127,Frequency_Jump
6.0,3.3776894,5.885724,Flat
7.0,2.5196893,4.719484,Flat
8.0,5.546574,6.5467687,Flat
1.0,2.8601909,6.130808,Flat
2.0,2.4316616,3.5150082,Down
3.0,5.11053,-1.2036992,Short
4.0,10.008548,1.8977123,Flat
5.0,3.4908772,4.17484,Flat
6.0,11.808969,2.262571,Up
1.0,7.424162,-4.378647,Chevron
2.0,7.325116,-4.388935,Complex
3.0,8.561675,-0.3977647,Chevron
4.0,2.8584254,1.405,Down
5.0,2.33147,1.3103737,Down
6.0,2.7973046,-2.0258937,Complex
7.0,12.12561,1.8237954,Up
8.0,8.246861,5.5875716,Flat
9.0,13.247531,3.9019146,Short
10.0,11.257732,0.32595775,Down
11.0,11.490555,0.47690082,Flat
12.0,11.341424,1.6846901,Chevron
13.0,4.461928,2.2731273,Flat
14.0,10.841463,4.428725,Flat
1.0,2.816296,1.2588995,Chevron
2.0,2.1971297,-3.0533757,Complex
3.0,1.1802915,2.998917,Chevron
4.0,4.6272826,2.8015194,Flat
5.0,4.8620524,-2.3451996,Chevron
6.0,3.8154714,-2.4936128,Short
7.0,10.981537,0.14153056,Down
8.0,7.6157336,4.2356977,Flat
9.0,4.980329,2.2646773,Chevron
10.0,4.966077,2.2272255,Flat
11.0,10.205326,0.61556035,Down
12.0,3.7192907,-0.382055,Chevron
13.0,2.468605,-0.30827317,Chevron
14.0,3.3386135,1.231236,Frequency_Jump
15.0,12.816728,5.374746,Flat
1.0,11.113037,1.4278574,Down
2.0,2.6001453,0.9111292,Down
3.0,5.0744605,-0.54886997,Flat
4.0,4.0819407,1.877036,Chevron
5.0,2.50743,-0.5479171,Complex
6.0,4.976488,-0.6388073,Flat
7.0,9.16743,2.2142806,Down
8.0,8.287564,3.571737,Down
9.0,12.390343,5.4186096,Short
1.0,12.008865,4.444142,Down
2.0,8.472352,-0.30023828,Chevron
3.0,7.2168784,4.148918,Flat
4.0,15.457011,3.0042043,Short
1.0,13.087129,-0.19531554,Short
2.0,3.1205714,-2.812103,Complex
1.0,15.281958,2.8530035,Short
2.0,15.291713,2.9065764,Short
3.0,4.775353,-1.8829013,Chevron
4.0,4.552149,-3.0415108,Chevron
1.0,8.53847,1.5258468,Down
2.0,12.123639,-0.3486424,Flat
3.0,9.792765,3.1510441,Flat
4.0,8.996283,2.7130942,Down
5.0,4.2328677,-1.7967042,Chevron
6.0,3.0507653,-3.800298,Chevron
1.0,7.388138,4.431686,Flat
2.0,13.03152,5.749828,Short
3.0,4.1308203,-3.636541,Chevron
1.0,9.854745,1.9464339,Down
2.0,2.2074144,2.457684,Frequency_Jump
3.0,2.129236,2.3551183,Frequency_Jump
4.0,3.6109884,2.9072664,Frequency_Jump
5.0,2.4479892,0.43310538,Complex
6.0,7.5098467,3.6326282,Flat
7.0,5.4675713,-0.36003992,Down
8.0,13.496387,4.8590703,Flat
9.0,14.053445,4.3617425,Flat
10.0,10.771351,2.5564003,Flat
11.0,5.069184,-1.3464127,Flat
12.0,9.360937,5.510216,Flat
13.0,13.224102,4.1456814,Flat
14.0,11.79298,2.2795215,Up
15.0,12.007586,4.487085,Flat
16.0,14.192769,4.6228385,Short
1.0,12.624142,-0.53400075,Short
2.0,12.687142,-0.6132856,Short
3.0,2.1281707,2.0014381,Down
4.0,3.98696,2.4739285,Frequency_Jump
5.0,3.3496332,1.5607524,Down
6.0,5.2284417,-3.9554327,Chevron
7.0,6.9476633,-5.4812293,Complex
8.0,12.25381,2.6998553,Down
9.0,3.9497204,2.1550887,Chevron
10.0,9.29617,0.2700275,Flat
11.0,14.175651,4.7406683,Short
1.0,11.865846,1.5541172,Short
2.0,8.9005165,3.7406719,Flat
3.0,3.4519653,-2.739888,Complex
4.0,14.13762,5.0799413,Short
1.0,10.459096,1.4114834,Down
2.0,10.396179,0.58488756,Down
3.0,8.981017,1.3320622,Flat
1.0,8.392302,2.6210968,Down
2.0,8.346713,3.7289655,Down
3.0,12.836768,3.1334176,Down
4.0,4.509603,-1.5338532,Chevron
5.0,3.2673442,-2.0681944,Complex
6.0,11.117154,1.6189287,Down
7.0,4.999291,2.1386397,Down
8.0,2.9163857,-1.622363,Complex
9.0,3.5030699,-1.3849477,Chevron
10.0,8.436467,5.028027,Flat
11.0,13.346981,4.6086416,Flat
1.0,8.56097,1.6955763,Down
2.0,4.779804,0.17505549,Down
3.0,3.2686446,2.2377949,Frequency_Jump
4.0,5.5909953,-5.640777,Complex
5.0,4.758489,-2.9565573,Short
1.0,8.983063,5.0964556,Flat
2.0,2.3556802,1.8632754,Down
3.0,4.933729,2.6905928,Flat
4.0,10.944404,5.147414,Flat
5.0,3.2848039,-4.407946,Short
1.0,3.6625643,-1.4128855,Chevron
2.0,11.398793,0.46258858,Down
3.0,4.237489,2.4861653,Frequency_Jump
4.0,3.6454985,-2.8770883,Complex
5.0,13.399516,4.565309,Flat
6.0,5.90306,-4.8698754,Chevron
7.0,7.405748,-5.123671,Short
8.0,3.368551,1.2055663,Chevron
9.0,3.6976213,3.2864223,Frequency_Jump
10.0,2.0246751,2.8143542,Chevron
11.0,2.532254,-1.8071774,Complex
12.0,3.6743455,2.281426,Chevron
13.0,4.989908,-2.1018102,Chevron
1.0,12.432274,2.6686308,Short
2.0,3.7575092,2.8956826,Frequency_Jump
3.0,5.018116,0.7132198,Down
4.0,1.9471308,-1.6426209,Complex
5.0,4.5630045,3.477171,Down
6.0,4.9331784,3.1400173,Flat
7.0,4.6057944,3.1993542,Flat
8.0,2.7466934,1.5614014,Down
9.0,5.669318,-4.492315,Frequency_Jump
10.0,8.978607,5.685599,Flat
11.0,2.8449688,-0.26233482,Chevron
12.0,5.314063,2.6976433,Flat
13.0,12.507826,5.421288,Flat
14.0,8.352976,6.2165966,Flat
15.0,4.908399,3.0701153,Flat
16.0,12.699276,5.67411,Flat
1.0,13.715709,1.1287363,Short
2.0,1.662135,6.913252,Chevron
3.0,10.92391,3.110784,Up
4.0,8.772786,5.1032925,Flat
5.0,13.35454,5.887017,Short
1.0,9.4069395,3.014035,Down
2.0,3.6476529,-1.0880312,Complex
3.0,3.6573915,3.176303,Frequency_Jump
4.0,4.396485,-0.52804875,Chevron
5.0,4.3239408,-0.5637159,Chevron
6.0,2.8396363,-1.657678,Complex
7.0,9.185096,5.3789473,Flat
8.0,5.6859846,-5.2788587,Complex
1.0,11.161494,0.18631059,Down
2.0,4.2916136,-1.1533856,Chevron
3.0,3.0967708,1.4069641,Chevron
4.0,2.8332274,1.8526019,Chevron
5.0,3.7727528,3.2485712,Frequency_Jump
6.0,2.7981372,-0.34087348,Chevron
7.0,2.117138,1.6342143,Down
8.0,2.3005385,1.806858,Down
9.0,2.675387,-0.63368493,Complex
10.0,12.172147,2.1661394,Up
11.0,12.504389,2.9999113,Up
12.0,4.9360514,2.8016791,Chevron
13.0,11.205204,5.1585197,Flat
14.0,9.522007,5.675041,Flat
15.0,13.332533,3.4357195,Short
16.0,3.1995952,-1.0441662,Chevron
17.0,8.860879,5.7686973,Flat
18.0,3.3045764,-2.4263663,Complex
19.0,4.3549576,-2.6177888,Chevron
1.0,11.652797,0.8685795,Down
2.0,2.1544597,-0.8975131,Complex
3.0,2.4795594,-0.54619235,Complex
4.0,14.189875,4.748402,Short
5.0,7.6839156,-4.8415923,Chevron
6.0,13.6845045,5.3054724,Short
1.0,13.144574,1.8174913,Short
2.0,10.821274,1.5666976,Flat
3.0,8.672677,5.0447392,Flat
4.0,4.4074936,-2.7326555,Complex
5.0,5.31597,-2.5156455,Chevron
6.0,3.3422399,-3.1098764,Short
1.0,1.7278862,7.403135,Flat
1.0,2.264859,6.89486,Flat
2.0,11.937206,5.5579805,Short
1.0,2.2316694,-1.151761,Complex
1.0,7.282742,6.5082946,Flat
1.0,10.420267,2.8837447,Flat
2.0,3.7144294,3.007985,Flat
3.0,11.600966,1.041134,Up
4.0,15.472735,2.8680878,Short
1.0,4.9323,0.26944244,Chevron
2.0,5.194271,0.55470234,Chevron
3.0,5.203079,0.5625803,Chevron
4.0,5.1964297,0.56158775,Chevron
5.0,5.197248,0.56253713,Chevron
6.0,5.2096844,0.5788842,Chevron
7.0,5.186596,0.5699573,Chevron
8.0,5.1986384,0.56778324,Chevron
9.0,4.913398,3.3091135,Down
10.0,4.237632,-1.6783296,Chevron
11.0,5.033262,-0.6600461,Flat
12.0,13.1412115,4.1405673,Short
13.0,4.175104,-2.3233745,Short
14.0,4.9669843,5.818242,Down
15.0,3.1020396,4.071063,Frequency_Jump
16.0,4.5307055,0.6777089,Flat
17.0,4.2980065,-3.5851948,Chevron
1.0,12.859422,4.6057982,Flat
2.0,7.0320907,2.9536088,Down
3.0,3.3494563,-1.3907892,Complex
4.0,5.0324354,-0.8305895,Flat
5.0,14.184543,3.5811143,Short
6.0,11.8276,4.930584,Flat
7.0,8.837897,4.841381,Flat
8.0,9.70686,3.7632782,Down
9.0,2.8755279,-1.6430415,Complex
10.0,11.401752,3.2655845,Flat
11.0,13.66412,4.901705,Short
12.0,13.658776,1.9406397,Flat
13.0,11.961728,2.074302,Flat
14.0,4.508006,-1.2522256,Chevron
15.0,12.99631,4.229178,Flat
16.0,5.1402907,-2.465262,Chevron
1.0,13.69461,5.713668,Down
2.0,13.253741,5.717251,Short
3.0,13.238716,5.7440906,Short
1.0,6.7065554,-5.470056,Complex
2.0,9.124852,0.14356829,Chevron
3.0,6.150276,-4.993164,Chevron
4.0,13.539579,1.0153077,Short
5.0,13.88284,3.9804065,Short
6.0,12.650687,2.1028876,Flat
7.0,10.150407,2.5588663,Down
8.0,5.4207406,-2.2577953,Chevron
9.0,12.978974,6.2869043,Short
1.0,12.892172,4.5344205,Flat
2.0,13.140006,4.159063,Short
3.0,13.2028675,4.1709075,Short
1.0,3.8958802,6.9322004,Frequency_Jump
2.0,3.9719374,6.677674,Down
3.0,3.6486568,6.460854,Down
4.0,5.5571604,-1.0056778,Up
1.0,8.783097,-0.55568224,Chevron
2.0,2.1468563,7.651897,Flat
1.0,12.789102,2.0342615,Flat
2.0,11.092668,-0.23095365,Down
3.0,11.09076,-0.22481608,Down
4.0,8.476927,0.6039048,Down
1.0,8.059627,-4.652471,Short
1.0,10.422216,1.5713667,Down
2.0,8.879754,1.3563035,Down
3.0,7.433334,3.2446241,Flat
4.0,5.163262,-2.6327512,Chevron
5.0,4.0669575,-4.3319173,Short
6.0,4.42563,-1.9048405,Chevron
7.0,4.2957206,2.3870897,Down
8.0,3.433064,-1.3601818,Complex
9.0,14.227173,3.9063814,Short
10.0,8.671262,2.6895127,Down
11.0,4.544824,-2.7142422,Chevron
12.0,12.943389,6.346288,Flat
1.0,14.9269495,2.4535613,Short
2.0,8.705716,3.2017176,Flat
3.0,1.7819011,-4.4528375,Short
4.0,8.791852,4.9927173,Flat
5.0,5.6331115,-5.2493806,Short
1.0,13.231465,-0.43746194,Short
2.0,7.5839286,4.01069,Flat
3.0,10.123882,2.7732005,Down
4.0,5.647012,-5.211304,Frequency_Jump
1.0,13.959939,5.768702,Short
1.0,10.809019,-0.61748457,Down
2.0,11.071172,0.06214689,Down
3.0,2.568541,-0.58937013,Complex
4.0,14.120178,5.6555023,Short
1.0,1.9584402,7.562661,Flat
1.0,2.0668862,7.567558,Flat
2.0,5.5579023,-5.1380754,Complex
1.0,5.0705814,-2.343535,Chevron
2.0,7.921054,6.117695,Flat
3.0,7.879182,6.1807923,Flat
4.0,7.69258,6.519504,Flat
1.0,11.552086,-0.26038247,Down
2.0,1.6493242,4.238203,Down
3.0,2.910741,3.8343534,Down
4.0,3.6799645,0.35659227,Down
5.0,4.0374627,-4.413043,Short
6.0,10.484965,3.0225565,Down
7.0,7.8397884,3.7172766,Down
8.0,13.033008,4.107224,Up
1.0,8.830641,1.4361314,Down
2.0,7.0837293,3.3097413,Flat
3.0,12.10043,1.0025518,Up
4.0,13.179978,-0.46736306,Short
5.0,13.449029,3.3876917,Flat
6.0,8.581395,5.1041584,Flat
1.0,7.0672565,2.9714704,Down
2.0,6.1512504,-5.3033233,Short
1.0,13.323595,1.5480685,Short
2.0,4.6452374,-0.6403699,Chevron
3.0,2.7019646,1.5894463,Down
4.0,8.97819,5.560722,Flat
5.0,8.013349,-4.4023094,Short
1.0,5.79502,-2.2210405,Down
2.0,12.33187,2.2645657,Flat
3.0,7.6353874,3.580073,Flat
1.0,12.348777,2.6218467,Down
2.0,8.500046,3.8197236,Flat
1.0,9.5534115,2.5653663,Down
2.0,2.769855,6.20512,Flat
1.0,11.764305,5.0004272,Flat
2.0,2.8398018,6.1185904,Flat
1.0,13.060791,3.3760636,Short
2.0,7.0719676,3.0038457,Flat
1.0,9.955786,5.1709623,Flat
2.0,3.923999,-3.8117583,Chevron
1.0,4.5085926,-0.5412311,Chevron
2.0,5.338375,-0.573573,Chevron
3.0,2.180734,-0.7812893,Short
4.0,8.271068,5.51465,Flat
5.0,5.2265234,-2.497857,Chevron
1.0,12.088305,2.4064503,Flat
2.0,3.1231565,1.0217084,Frequency_Jump
3.0,3.1239681,0.9991533,Frequency_Jump
4.0,7.894901,6.2685,Flat
5.0,4.351568,2.1567254,Down
6.0,5.5166216,-0.5582075,Chevron
7.0,12.714452,2.4993625,Flat
8.0,12.0931835,2.328952,Flat
9.0,4.851809,1.6719052,Flat
1.0,9.231713,0.19051683,Flat
2.0,5.2033505,3.0912127,Flat
1.0,8.995791,-0.61447227,Short
2.0,12.557674,0.503989,Down
3.0,12.556412,0.5172092,Down
4.0,12.562033,0.5028528,Down
5.0,12.573705,0.51313704,Down
6.0,12.543622,0.52047175,Down
7.0,12.557464,0.5064185,Down
1.0,5.200732,-2.4666677,Flat
1.0,8.65512,2.9883523,Flat
2.0,9.646392,1.4687754,Flat
3.0,8.416617,6.208672,Flat
4.0,3.5959864,-3.257546,Complex
1.0,2.6960607,-1.2648064,Complex
2.0,9.038606,0.30960202,Flat
3.0,3.4337924,-0.5951351,Chevron
1.0,7.5374637,-5.0241055,Chevron
1.0,11.968781,-0.11269913,Down
2.0,1.9715289,6.8168983,Chevron
3.0,13.8637,1.6816778,Short
1.0,7.5539403,-4.4350786,Down
2.0,7.8663645,2.6589081,Down
3.0,2.0500548,-1.5085765,Complex
4.0,2.1362028,-1.3175412,Complex
5.0,4.6984386,0.71325344,Up
6.0,13.360768,1.7512132,Short
7.0,7.701046,-4.5371814,Chevron
8.0,9.297894,1.2923031,Down
9.0,7.610353,3.6335626,Flat
10.0,6.8728166,-4.861213,Chevron
11.0,8.741803,-0.65066075,Chevron
12.0,10.631261,3.2352035,Flat
13.0,13.826369,3.8377457,Flat
14.0,9.311448,0.21872109,Chevron
15.0,7.656943,-4.7320385,Short
16.0,8.081629,-4.6465826,Chevron
17.0,12.601533,4.6957035,Flat
1.0,8.821644,1.4030745,Down
2.0,3.5450182,4.2791457,Flat
3.0,2.636639,4.600058,Flat
4.0,3.2013364,4.0458493,Flat
5.0,3.9913268,4.694684,Flat
6.0,10.789003,3.867829,Flat
7.0,4.858538,7.0111775,Flat
8.0,2.7340398,4.4192276,Flat
9.0,5.6069827,-1.6275234,Flat
1.0,12.964586,5.9749002,Short
2.0,4.961716,5.650797,Flat
3.0,9.783429,3.2656143,Flat
4.0,12.434895,2.2262843,Flat
5.0,5.4304414,6.012441,Flat
6.0,14.006482,5.4232593,Short
1.0,8.871755,-0.61091727,Chevron
2.0,8.535013,4.5575657,Flat
3.0,11.804197,3.4466722,Short
4.0,15.472076,2.884143,Short
5.0,8.798152,-0.6582891,Chevron
6.0,7.6168346,3.636996,Flat
7.0,5.2089252,3.0120869,Flat
8.0,2.5050871,-1.0627434,Complex
9.0,7.265776,3.0119963,Flat
10.0,2.3206894,-0.6501903,Complex
11.0,3.4579177,2.8954747,Frequency_Jump
12.0,8.823359,4.7481856,Flat
1.0,5.826333,-5.41833,Chevron
2.0,13.0181675,1.731987,Short
3.0,2.1186993,7.6122265,Flat
4.0,6.1617365,-5.084236,Complex
5.0,9.366168,5.1624804,Flat
6.0,8.818236,-0.6101886,Chevron
7.0,12.852189,2.1068623,Flat
8.0,11.952344,2.291721,Flat
9.0,3.5604377,-3.4115539,Short
10.0,2.2064948,-4.1348276,Short
11.0,5.061766,1.2909989,Down
12.0,5.439819,2.5584717,Flat
13.0,10.683041,3.3800857,Flat
14.0,15.505566,3.1128383,Short
1.0,12.753362,4.419354,Flat
2.0,11.567794,0.31577164,Down
3.0,11.581891,0.33009607,Down
4.0,13.038652,6.437868,Flat
5.0,4.0078626,-4.4497285,Short
1.0,10.733526,0.079658456,Flat
2.0,8.181513,3.9300163,Flat
3.0,1.8070763,-4.432435,Short
1.0,4.81783,5.7144723,Flat
2.0,5.335234,-1.310001,Flat
1.0,5.1797867,-1.6682663,Down
2.0,10.840314,2.1927736,Flat
3.0,8.595394,3.0103664,Flat
4.0,12.8478365,4.1545954,Flat
5.0,10.311585,5.4316707,Flat
6.0,6.5516896,6.402181,Flat
7.0,10.498348,2.7179568,Flat
8.0,5.1555614,0.43723372,Chevron
9.0,3.9954512,-0.78425664,Chevron
10.0,9.750857,3.2001927,Flat
11.0,3.5379965,-0.9623564,Chevron
12.0,7.9244447,6.50775,Flat
13.0,12.711511,5.2533584,Flat
14.0,4.5216475,0.8685614,Flat
15.0,7.6866674,6.5974536,Flat
16.0,10.609548,4.6069665,Flat
1.0,5.4587035,-2.410658,Chevron
2.0,14.594773,3.8113596,Short
1.0,3.9961207,0.07569633,Frequency_Jump
2.0,3.3934958,2.4987605,Chevron
3.0,4.6838264,-2.796387,Chevron
4.0,8.60121,5.9322934,Flat
5.0,4.097191,4.669323,Flat
6.0,4.9639378,4.501293,Flat
7.0,6.4115787,6.6410046,Flat
8.0,4.248227,4.6484213,Flat
9.0,5.5187902,-1.9367008,Chevron
10.0,3.1381626,-2.9687393,Complex
1.0,5.642379,-5.824109,Complex
1.0,5.7709193,-5.72839,Complex
1.0,13.698821,1.8391451,Flat
2.0,10.450815,1.5969702,Down
3.0,4.954441,-0.70636284,Chevron
4.0,3.303347,-1.3996251,Complex
5.0,7.7724237,2.9027107,Down
6.0,12.334846,5.394572,Flat
7.0,12.576099,4.0594125,Down
1.0,2.2666078,3.4231806,Frequency_Jump
2.0,8.443984,4.3886604,Flat
3.0,5.4034224,5.928117,Down
4.0,8.932067,2.1812816,Down
5.0,7.982805,-4.868902,Up
6.0,6.43328,-4.9582047,Chevron
7.0,8.976139,4.054628,Down
8.0,1.1207348,3.0469506,Chevron
9.0,4.769271,2.3102448,Flat
10.0,14.17488,5.4771743,Short
11.0,15.586147,2.9661772,Short
1.0,7.28283,-4.96716,Chevron
2.0,4.811775,-1.9536949,Chevron
3.0,4.6369414,-1.8884457,Down
4.0,12.110086,4.853547,Short
1.0,7.7958536,-4.345732,Short
2.0,12.828532,4.553294,Flat
1.0,14.13639,3.5634449,Short
1.0,7.4562044,-4.816679,Chevron
2.0,13.066617,-0.31064755,Short
3.0,13.525733,4.6654305,Short
1.0,12.022019,4.457211,Down
2.0,13.299979,5.8765316,Short
3.0,8.570366,-0.43730396,Chevron
4.0,11.867943,4.959328,Flat
1.0,7.270299,-5.0314193,Chevron
2.0,12.449967,-0.7657856,Short
3.0,11.737265,0.0547993,Down
4.0,11.7081785,0.053498022,Down
5.0,11.603294,0.9236079,Up
6.0,8.429262,3.8461394,Flat
7.0,6.544555,-5.474988,Short
1.0,8.725912,3.5966198,Down
2.0,8.889898,-0.117401734,Flat
3.0,8.976754,0.15649077,Down
1.0,13.616306,4.183766,Short
2.0,6.9527173,-5.7215214,Short
3.0,6.9516435,-5.726828,Short
4.0,6.9523134,-5.742773,Short
5.0,6.962219,-5.738729,Short
1.0,2.064817,-3.5993795,Short
2.0,12.905876,4.553719,Flat
3.0,13.499434,5.0646133,Flat
4.0,13.511167,5.063722,Flat
5.0,13.501197,5.0418863,Flat
6.0,13.504437,5.0514927,Flat
7.0,13.507625,5.054968,Flat
1.0,8.845646,2.6960382,Down
2.0,11.550105,4.848411,Flat
3.0,5.5564685,-2.5411398,Chevron
4.0,6.589837,-5.1111917,Chevron
5.0,4.141228,-2.5180357,Complex
6.0,5.5339265,-2.3604283,Chevron
1.0,10.934172,0.35158837,Chevron
2.0,9.836853,1.7777812,Up
3.0,10.684477,5.435793,Flat
4.0,10.306831,3.7948446,Flat
5.0,3.80262,-1.1013709,Complex
6.0,4.139461,6.3760967,Flat
7.0,5.7702584,-1.8338506,Flat
1.0,10.319699,3.843989,Flat
2.0,3.600894,1.5823243,Flat
3.0,9.363889,0.16424437,Flat
4.0,11.2232685,3.6560733,Down
5.0,8.801151,-0.35185656,Chevron
6.0,11.946544,2.241163,Up
7.0,5.0975103,-2.6587129,Short
1.0,10.223429,5.351334,Flat
2.0,11.442073,5.245325,Short
1.0,8.452301,3.8740182,Flat
2.0,2.2341194,1.5277904,Down
3.0,2.365248,1.0659492,Chevron
4.0,2.5051577,0.97021353,Chevron
5.0,7.9473968,3.0268307,Down
6.0,14.107225,5.2794304,Short
7.0,13.815954,5.4835963,Flat
8.0,9.640812,4.7127333,Down
9.0,13.31979,4.4965057,Up
1.0,4.14744,7.445838,Down
2.0,4.142258,7.253432,Flat
3.0,3.8329666,6.53452,Flat
4.0,12.217219,4.94912,Up
1.0,12.68149,5.713654,Short
2.0,14.852827,4.1653595,Short
3.0,14.855244,4.164247,Short
4.0,14.854982,4.1648974,Short
5.0,14.852088,4.164527,Short
6.0,14.865631,4.168648,Short
7.0,14.853502,4.1692367,Short
8.0,14.860983,4.1713142,Short
1.0,13.922967,3.8845754,Short
2.0,12.229786,5.4846625,Flat
1.0,12.437381,-0.61344963,Flat
2.0,11.650982,0.0055119577,Flat
3.0,7.72973,6.5443864,Flat
4.0,11.83003,5.0291424,Flat
1.0,13.01953,1.8213757,Flat
2.0,4.0176377,6.880762,Down
3.0,3.7524104,6.533511,Down
4.0,10.999395,5.435493,Flat
1.0,12.581798,2.3852756,Flat
2.0,7.110112,3.0152612,Down
3.0,9.791085,1.4832398,Down
4.0,7.3255796,-4.944155,Chevron
5.0,5.951572,-5.2643456,Short
6.0,7.4682255,3.3730454,Flat
7.0,4.982404,1.3860991,Flat
8.0,5.3452573,-0.9863572,Chevron
9.0,3.886673,2.3383088,Flat
10.0,8.677992,2.8242629,Down
11.0,2.88491,3.7321212,Down
12.0,7.5616937,6.3310485,Flat
13.0,13.90875,5.6740956,Flat
1.0,12.527416,0.50458115,Flat
2.0,9.25342,-0.76749384,Down
3.0,2.57278,1.7840285,Down
4.0,3.7047136,3.190669,Flat
5.0,2.220042,1.8044004,Down
6.0,3.3622873,-2.446319,Complex
7.0,6.01253,-2.2239108,Flat
8.0,6.610955,-4.9493294,Frequency_Jump
1.0,8.450158,3.7672124,Down
2.0,9.490527,3.3817356,Down
3.0,9.519645,-0.5924771,Chevron
4.0,5.6625814,-5.332146,Short
5.0,6.7009215,-5.3262954,Frequency_Jump
6.0,11.527818,2.2361057,Up
7.0,13.410899,4.780337,Flat
8.0,8.800768,4.6866946,Flat
9.0,13.961871,5.495837,Short
1.0,10.472375,0.99296814,Down
2.0,4.876617,0.11110136,Down
3.0,4.840647,0.109138556,Down
4.0,2.5044885,-2.2640383,Complex
5.0,14.260411,4.470443,Short
6.0,11.775757,0.8148113,Up
7.0,13.096759,1.9073176,Flat
8.0,13.832958,2.9180768,Short
9.0,10.977775,2.7520103,Down
10.0,10.371398,1.712538,Down
11.0,2.0076637,2.1949036,Down
12.0,4.8765383,0.2699745,Chevron
13.0,7.1252575,-5.444714,Short
1.0,13.697914,1.2016709,Short
2.0,8.858903,2.0580292,Down
1.0,8.732708,3.6469102,Flat
2.0,7.9248323,3.1317375,Down
3.0,2.375008,1.5416989,Down
4.0,5.2308106,2.0847754,Flat
5.0,13.782539,6.1382318,Short
1.0,12.944938,-0.5277403,Short
2.0,12.373743,-0.76079404,Flat
3.0,12.388177,-0.7704579,Flat
4.0,2.641898,1.0193554,Chevron
5.0,9.289537,-0.77011603,Flat
6.0,12.733624,4.4481635,Flat
7.0,11.505611,5.096932,Flat
1.0,2.1507978,6.589997,Chevron
2.0,3.1393526,3.9363155,Chevron
3.0,3.0800476,5.546874,Flat
4.0,2.8081393,-1.6812252,Complex
5.0,12.053152,5.338308,Up
6.0,3.9414208,7.055086,Frequency_Jump
7.0,2.527469,4.694423,Down
8.0,5.613431,6.702663,Flat
1.0,13.246546,-0.46763998,Short
2.0,11.649616,-0.07427025,Down
3.0,2.663623,1.3348739,Frequency_Jump
4.0,1.8490043,2.8388014,Chevron
5.0,12.960778,2.5097709,Flat
6.0,11.837412,1.494983,Up
7.0,12.318186,2.6606932,Down
8.0,3.142715,1.8959857,Chevron
9.0,8.214558,4.962115,Flat
10.0,10.87236,5.092552,Flat
11.0,13.623255,4.282003,Up
12.0,8.187363,-4.8046894,Down
13.0,12.229236,4.296142,Down
14.0,11.090858,2.9283926,Flat
15.0,6.6301656,-5.074716,Complex
16.0,2.9900155,-1.2230399,Complex
17.0,12.283687,5.939326,Flat
18.0,13.113984,5.8086743,Short
1.0,2.3752348,-2.2986765,Complex
2.0,2.8063266,3.69348,Down
3.0,2.8192623,3.714512,Down
4.0,7.342317,5.1311135,Flat
5.0,9.103913,-0.044474706,Chevron
1.0,7.359808,-5.1749043,Short
2.0,8.812818,5.393962,Flat
3.0,15.551773,2.9559045,Flat
1.0,10.353238,5.3141847,Flat
2.0,3.513382,4.150687,Frequency_Jump
3.0,5.357463,-1.9943053,Chevron
4.0,8.970901,1.341716,Down
5.0,13.211885,4.0428452,Short
6.0,6.8214707,4.8911767,Flat
7.0,6.8853683,6.971176,Flat
8.0,2.1469069,3.1563964,Frequency_Jump
9.0,5.666295,6.7288527,Flat
10.0,7.1411495,7.023046,Flat
1.0,5.976614,-3.6635625,Short
2.0,1.9425474,6.6993046,Frequency_Jump
3.0,4.818376,-3.360226,Short
1.0,15.520349,2.8965287,Short
2.0,12.803817,1.6306039,Down
3.0,2.980979,1.7197597,Chevron
4.0,5.488639,-2.5129383,Short
1.0,11.482836,0.14729649,Down
2.0,12.546494,-0.7011397,Short
3.0,3.6588178,3.1039915,Frequency_Jump
4.0,13.893106,5.3442235,Short
1.0,6.8163147,5.639375,Flat
2.0,5.7503777,-1.9576612,Chevron
1.0,10.530415,2.8282452,Flat
2.0,3.844134,-0.2706153,Frequency_Jump
3.0,3.7365746,6.393205,Flat
4.0,9.194916,1.4299567,Up
5.0,11.884016,2.1997542,Up
1.0,10.805572,1.0418795,Down
2.0,3.2722907,-1.6267955,Complex
3.0,2.7239857,-2.0326314,Complex
4.0,2.8269215,-1.6873685,Complex
5.0,13.389274,4.3954415,Up
1.0,11.718643,5.055207,Flat
2.0,4.4345827,-0.7451771,Chevron
3.0,4.3118777,-0.90385264,Complex
1.0,3.8035989,6.7579885,Down
2.0,5.7780356,6.94139,Flat
1.0,12.749308,6.209288,Flat
1.0,10.73967,-0.40293217,Chevron
2.0,10.516164,0.25956187,Down
3.0,10.512127,0.2614082,Down
4.0,10.506283,0.26418298,Down
5.0,10.512627,0.26141408,Down
6.0,10.510758,0.2657378,Down
7.0,8.7717,-0.5001177,Frequency_Jump
8.0,14.936392,2.4656878,Flat
1.0,11.06072,1.1885161,Down
1.0,4.9561424,-1.1209227,Chevron
2.0,2.4179246,2.5496461,Chevron
3.0,3.226724,3.9925704,Flat
4.0,3.8024588,2.8196652,Frequency_Jump
5.0,4.2445073,2.961948,Flat
6.0,3.0187352,2.421704,Frequency_Jump
7.0,2.4447653,0.5561961,Chevron
8.0,4.50901,3.5238593,Flat
9.0,8.341137,5.016577,Flat
10.0,7.9521823,5.829064,Flat
11.0,5.3789587,-5.7064095,Complex
1.0,5.821932,-5.75233,Short
2.0,2.4743648,-2.316544,Complex
3.0,8.494772,3.3836086,Flat
4.0,7.236686,-5.440527,Short
1.0,4.085446,-0.5955814,Chevron
2.0,9.584165,3.210629,Down
1.0,7.649458,2.6635883,Down
2.0,2.7838786,-1.603367,Complex
3.0,2.891017,1.9453429,Frequency_Jump
4.0,12.291772,1.362952,Flat
5.0,6.2660236,-5.31805,Short
6.0,7.672542,-4.519289,Chevron
7.0,8.918564,5.024729,Flat
1.0,1.8168521,7.319726,Flat
2.0,3.9821877,3.1627893,Frequency_Jump
3.0,11.701615,2.3638582,Up
1.0,7.47827,-4.4057035,Chevron
2.0,9.341673,5.2579136,Flat
3.0,8.762693,-0.5994879,Frequency_Jump
4.0,12.243792,5.6303296,Flat
1.0,9.02806,-0.7168437,Chevron
2.0,10.396586,3.7513804,Flat
3.0,8.788097,-0.5960039,Chevron
4.0,3.4546359,-4.0750384,Short
1.0,12.065682,4.883915,Flat
1.0,8.794398,5.751622,Flat
2.0,3.4781482,-1.1998501,Complex
1.0,2.9536784,-3.8292425,Short
1.0,11.797766,-0.5772055,Down
1.0,13.838631,4.081256,Flat
2.0,11.135716,0.24937089,Down
3.0,2.1674068,4.4735126,Frequency_Jump
4.0,5.0385966,-1.2285872,Up
1.0,9.313008,5.314687,Flat
2.0,11.331886,3.7934914,Flat
3.0,7.020681,4.7753015,Flat
4.0,3.7277682,2.3818452,Flat
5.0,3.4954765,2.1112933,Frequency_Jump
6.0,8.689097,3.7187932,Down
7.0,3.6026816,1.4745874,Flat
8.0,5.251362,2.6289012,Flat
9.0,11.099337,2.3621094,Flat
10.0,4.82921,2.720737,Flat
11.0,4.9756293,-2.555466,Chevron
12.0,12.098283,4.5352955,Down
13.0,9.219557,5.280028,Flat
14.0,12.823113,4.2701735,Flat
1.0,6.7994084,-4.9226236,Chevron
2.0,1.9550972,7.5425506,Flat
3.0,1.9812961,2.4863591,Down
4.0,3.1385067,3.6641345,Frequency_Jump
5.0,5.7356305,-2.0359766,Flat
6.0,5.450747,-5.798966,Complex
1.0,5.980895,6.471609,Flat
2.0,2.4561841,1.5732285,Frequency_Jump
3.0,4.029657,4.3909044,Flat
4.0,3.156934,3.531587,Frequency_Jump
5.0,2.9346893,3.8570151,Frequency_Jump
6.0,5.990599,5.942131,Flat
7.0,4.888425,5.715162,Down
8.0,2.7121365,4.516935,Chevron
9.0,1.1215267,3.03938,Frequency_Jump
10.0,2.1927772,3.1504579,Frequency_Jump
11.0,5.484254,-2.207123,Up
12.0,12.607241,6.055471,Down
13.0,5.2270517,5.8666625,Down
14.0,4.7808585,3.532252,Flat
15.0,3.5370777,-2.8942478,Complex
16.0,7.6535587,6.332708,Flat
17.0,4.4671507,4.7248135,Flat
18.0,4.316412,-3.7101665,Up
1.0,8.591164,5.8875937,Flat
2.0,10.475382,4.4842963,Flat
3.0,3.4435844,-0.55684376,Chevron
1.0,10.581406,3.2900908,Flat
2.0,5.0226893,5.686972,Flat
1.0,2.7283528,-2.554296,Short
2.0,2.7514567,6.131383,Down
1.0,11.284031,-0.08094551,Down
1.0,12.472897,2.4572082,Down
2.0,7.6508265,3.0267427,Flat
1.0,14.128525,1.2899308,Short
2.0,11.6194725,0.6733401,Up
3.0,7.4717026,2.6078403,Down
4.0,5.4171114,-2.5291746,Chevron
1.0,1.9368577,7.3194127,Flat
1.0,10.359907,1.1394205,Flat
2.0,4.6640873,2.5418663,Down
3.0,2.380119,-2.4551826,Complex
4.0,1.9625915,2.438139,Down
5.0,2.499934,0.62698007,Chevron
6.0,6.2188573,6.795958,Flat
7.0,4.6512475,2.3061333,Flat
8.0,11.178018,5.035273,Flat
9.0,6.1634293,4.7432485,Down
10.0,2.1981227,1.6288096,Chevron
11.0,13.8829365,5.582115,Flat
12.0,13.122864,4.8705444,Flat
13.0,6.3857884,-5.630334,Complex
1.0,11.109283,0.1195813,Down
2.0,2.7121274,1.0102739,Chevron
3.0,3.6019604,3.0763242,Chevron
4.0,3.6422837,1.6478008,Flat
5.0,8.938612,2.16484,Down
6.0,8.951574,3.0206995,Flat
7.0,12.341294,5.4333982,Flat
8.0,11.286674,2.8963957,Flat
9.0,7.5554633,-5.0376816,Chevron
10.0,10.733639,3.1809795,Down
11.0,12.773927,4.2860746,Flat
12.0,14.216868,4.513929,Short
13.0,10.649157,2.0306811,Down
1.0,12.750549,4.2064085,Flat
1.0,13.872619,5.8160267,Flat
2.0,13.0553255,1.4746597,Down
3.0,9.366729,5.40699,Flat
4.0,4.1921234,-2.4289913,Chevron
1.0,14.301219,4.339452,Short
2.0,13.932756,5.8061056,Flat
3.0,13.988337,5.813337,Flat
4.0,13.913446,5.858289,Short
1.0,7.4024167,4.4166303,Flat
2.0,5.1522994,-1.4282545,Chevron
3.0,2.9890642,-1.0030329,Complex
4.0,12.415697,4.8485956,Down
5.0,12.454892,3.848898,Flat
6.0,7.3140426,4.2393994,Flat
1.0,13.3005295,2.0113018,Flat
2.0,2.1601233,1.5295652,Down
3.0,2.9491923,2.2949114,Chevron
4.0,3.9805095,3.1513593,Flat
5.0,3.7596998,-1.4925603,Chevron
6.0,12.650507,3.5220194,Flat
7.0,10.707715,3.0341406,Flat
8.0,9.7204895,5.060086,Flat
9.0,10.802467,3.1761732,Down
10.0,12.362712,4.1372175,Short
1.0,10.775697,0.18083854,Chevron
2.0,11.852494,5.0408206,Flat
3.0,11.863781,4.9908595,Flat
4.0,15.222014,2.8204727,Short
1.0,8.543302,1.6296079,Down
2.0,9.861268,2.798413,Flat
3.0,4.780614,2.8530893,Flat
4.0,14.619569,3.8459036,Short
5.0,14.228621,3.8947542,Short
6.0,13.652804,1.7060384,Short
7.0,8.967117,1.466422,Down
8.0,7.390546,3.9849365,Flat
9.0,4.3923793,-3.5135455,Chevron
10.0,11.965264,4.946445,Short
1.0,3.2338781,-4.502468,Down
1.0,8.827985,1.4675204,Down
2.0,2.3042085,2.24034,Frequency_Jump
3.0,5.8193865,-1.8172293,Flat
4.0,9.156422,-0.89846486,Chevron
5.0,12.879917,1.594833,Flat
1.0,12.409312,-0.71863914,Short
2.0,11.612993,-0.3540062,Down
3.0,9.962906,1.2488811,Down
4.0,12.503636,1.3093207,Down
5.0,8.968221,1.4871187,Down
6.0,7.6466093,6.32422,Flat
7.0,13.888207,1.255532,Short
8.0,8.196478,2.8188002,Down
9.0,5.1699677,2.9673555,Flat
10.0,4.0319724,-4.4472375,Short
1.0,1.9785299,7.179567,Flat
2.0,5.6965623,-1.8812902,Chevron
1.0,10.084712,-1.4524034,Down
2.0,2.7000437,6.040416,Frequency_Jump
3.0,3.6081045,-2.7250655,Complex
1.0,13.917335,3.5918179,Short
2.0,8.272535,0.9712901,Down
1.0,10.924857,3.0519295,Flat
2.0,13.142641,1.314498,Short
1.0,13.386741,5.5917225,Short
1.0,14.161992,5.5783916,Short
1.0,5.650722,-5.2628837,Short
1.0,7.742949,-4.175608,Flat
2.0,9.829842,3.7844322,Flat
3.0,14.714798,4.168808,Short
1.0,13.170473,1.4640607,Short
2.0,1.1660806,3.0027354,Chevron
1.0,2.8535814,-3.8167503,Complex
1.0,11.064477,0.28962848,Down
2.0,2.2354972,2.1418567,Frequency_Jump
3.0,7.8022814,6.352741,Flat
4.0,14.657591,4.0129623,Short
1.0,13.4693985,1.041336,Short
2.0,10.96443,-0.29341874,Down
3.0,12.707241,-0.76281494,Flat
4.0,13.515473,1.0993614,Short
5.0,11.095137,1.1659473,Down
6.0,10.278369,1.4028169,Down
1.0,13.028975,1.1843095,Down
2.0,11.180345,1.3312403,Down
3.0,2.1200473,-0.9475866,Complex
4.0,8.816216,5.2336903,Flat
1.0,11.818426,0.5642056,Down
2.0,2.957336,1.7282307,Chevron
3.0,3.6507354,3.4944718,Flat
4.0,7.3689456,-4.962431,Chevron
1.0,2.0747428,7.0123053,Chevron
2.0,5.6411724,6.9357266,Flat
3.0,4.1363072,-2.4744885,Chevron
4.0,4.679086,7.527822,Down
5.0,3.8343747,6.895808,Chevron
6.0,3.671569,5.5352635,Flat
7.0,7.7613235,6.631484,Flat
8.0,5.813847,-1.2764473,Chevron
9.0,5.968493,1.2836024,Flat
10.0,2.5785568,6.10036,Flat
11.0,3.2116742,4.2692714,Chevron
12.0,3.5770159,5.7413397,Flat
13.0,2.1571233,4.3609953,Chevron
14.0,2.9262137,3.870016,Chevron
15.0,2.9635975,4.0576954,Flat
16.0,7.032754,6.303677,Flat
17.0,5.1220655,-2.571313,Chevron
18.0,4.6170683,-1.2055285,Chevron
19.0,3.546504,-0.44849306,Chevron
1.0,4.236136,0.9003733,Frequency_Jump
2.0,3.4880266,-0.5371091,Chevron
3.0,3.4010162,-4.2884736,Short
4.0,13.447416,5.475088,Short
5.0,12.720166,3.3179746,Up
6.0,4.8088512,5.7317967,Flat
7.0,2.5579054,-1.8743999,Complex
8.0,3.5625048,5.3393803,Flat
9.0,3.2563822,3.7672842,Chevron
10.0,13.376447,4.4209538,Up
1.0,11.362781,-0.12840442,Down
2.0,11.418192,0.35398567,Down
3.0,8.509159,2.3683624,Down
1.0,13.029788,-0.6174429,Short
1.0,12.322296,-0.5223232,Down
1.0,6.936717,-4.5241075,Chevron
2.0,11.727696,-0.509804,Down
3.0,12.830485,-0.18134831,Up
4.0,4.4451013,-1.2935036,Frequency_Jump
5.0,11.878829,4.934709,Flat
1.0,13.662936,3.6578057,Short
1.0,2.5127208,-3.4294233,Short
1.0,11.339975,-0.6973398,Chevron
2.0,13.143551,2.3377576,Flat
3.0,8.80086,-0.5991891,Chevron
1.0,13.737947,3.8508606,Short
1.0,12.373913,-0.7982544,Down
2.0,10.906312,0.023476616,Down
3.0,4.1699657,-0.3890889,Down
4.0,2.8223734,-1.6864476,Complex
5.0,12.036203,0.55808663,Down
6.0,13.306346,-0.37573618,Short
7.0,2.1098938,-1.5187396,Complex
8.0,10.025016,1.5215497,Flat
9.0,10.467475,1.615456,Flat
10.0,10.277528,3.2434855,Flat
11.0,12.512586,3.950767,Down
12.0,13.41778,3.0002184,Flat
13.0,11.64398,3.030854,Down
14.0,12.830116,3.212892,Up
15.0,9.395121,0.19355321,Flat
16.0,9.071206,-0.76308,Chevron
17.0,14.1536875,5.1542535,Short
1.0,13.300898,5.0448627,Short
2.0,11.611929,4.167662,Flat
3.0,9.256441,0.15932599,Chevron
1.0,12.450766,0.022934731,Short
2.0,9.3579,1.6634116,Down
3.0,10.653027,3.1718745,Flat
4.0,13.500278,1.3777037,Short
5.0,13.716181,1.5566794,Short
6.0,9.291565,0.2549179,Flat
7.0,10.81596,2.5951858,Flat
8.0,9.396901,5.566377,Flat
9.0,3.3410401,0.42581993,Chevron
10.0,11.325464,2.9423857,Flat
11.0,8.873202,-0.6943464,Chevron
12.0,12.753181,4.302663,Flat
13.0,9.164375,5.141389,Flat
14.0,15.546645,2.8890676,Short
15.0,12.870429,5.0430675,Up
1.0,12.520087,0.54026705,Up
2.0,3.7824109,-0.9387838,Chevron
3.0,2.6469202,1.1713115,Chevron
4.0,4.2915263,-0.37371433,Down
5.0,11.406538,2.0299048,Flat
6.0,12.1531515,1.7712617,Up
7.0,2.467754,1.4122957,Down
8.0,8.919943,5.7824316,Flat
9.0,15.256598,2.8373709,Short
1.0,12.031149,0.48443693,Down
2.0,13.763916,3.596152,Flat
3.0,13.812202,3.2969205,Flat
1.0,4.840035,-1.7719027,Chevron
2.0,10.788577,0.13732922,Down
3.0,10.866953,0.13189742,Down
4.0,6.980519,3.193313,Flat
5.0,4.7080374,-1.8130779,Chevron
6.0,14.576901,3.82322,Short
7.0,6.0841513,-4.907936,Chevron
8.0,10.525057,1.4477094,Down
9.0,12.819968,1.7122416,Down
10.0,7.8291416,-4.490384,Chevron
11.0,2.8227172,-0.9858924,Complex
12.0,12.71058,5.799833,Flat
1.0,7.2188644,6.7681394,Flat
2.0,4.6303267,7.473547,Flat
3.0,4.266831,7.3099103,Flat
4.0,3.1414926,5.25819,Flat
5.0,2.164839,4.3311114,Frequency_Jump
6.0,2.6391022,5.626932,Frequency_Jump
7.0,5.6986465,6.3848767,Flat
8.0,2.4983447,4.995384,Flat
9.0,10.308291,4.4356923,Flat
10.0,2.7049859,6.1358314,Flat
11.0,11.310797,3.7838166,Flat
12.0,11.505417,5.224701,Short
13.0,10.355312,3.5538237,Flat
1.0,11.893715,-0.66709715,Short
2.0,12.711261,-0.40629473,Flat
3.0,11.95295,0.5719727,Flat
1.0,2.0880473,7.637439,Flat
2.0,4.467994,3.3437128,Flat
3.0,2.2633889,3.5388258,Frequency_Jump
4.0,3.3694942,4.019205,Frequency_Jump
1.0,8.556395,1.5751476,Down
2.0,9.386118,-0.32099265,Chevron
1.0,2.771558,6.2141266,Flat
2.0,2.1054335,2.5393965,Frequency_Jump
3.0,4.328132,6.064111,Flat
4.0,2.8875716,3.963904,Frequency_Jump
5.0,13.901798,5.306418,Short
6.0,6.1994405,-5.3966637,Short
1.0,5.238549,-3.9837027,Chevron
2.0,14.7974615,2.3335986,Short
3.0,9.831582,5.5940824,Flat
4.0,10.782632,4.479805,Flat
1.0,12.032998,0.8257317,Down
2.0,1.8172954,7.2603025,Flat
3.0,5.4018884,-4.041205,Chevron
4.0,12.524401,3.5607424,Down
5.0,8.771296,3.3379061,Down
6.0,4.3329577,-2.6543157,Complex
7.0,3.3548293,-4.2813234,Short
1.0,10.968139,1.1336555,Flat
2.0,4.842726,6.710273,Flat
3.0,11.991806,5.412143,Flat
1.0,7.01926,-4.902612,Chevron
2.0,10.210123,0.7682097,Down
3.0,7.7851906,2.9356015,Down
4.0,10.01902,0.88672763,Down
5.0,8.902229,2.165916,Down
6.0,3.2642562,-0.51596886,Chevron
7.0,13.811818,3.8599873,Short
8.0,13.316597,1.3308578,Short
9.0,2.5987277,-3.568218,Complex
10.0,13.028221,5.137485,Short
11.0,13.411911,4.6114426,Up
12.0,14.177476,4.1176577,Short
13.0,13.552649,4.434348,Short
14.0,5.8311963,-5.1615124,Complex
15.0,12.116295,5.281751,Flat
16.0,13.540584,6.357743,Short
1.0,7.972167,-4.360018,Short
2.0,11.961312,-0.7075738,Down
1.0,10.830408,-0.38267985,Down
2.0,11.852452,-0.2279483,Down
3.0,9.675539,1.3017483,Down
4.0,13.6524725,6.283013,Short
1.0,13.176919,2.0665817,Flat
2.0,3.229304,-0.9251614,Chevron
1.0,9.640204,2.141358,Flat
2.0,2.1827245,5.2387223,Frequency_Jump
3.0,9.732804,3.0101113,Flat
4.0,2.9486675,5.958182,Flat
5.0,6.5982375,6.8894057,Flat
6.0,2.2564478,6.8069763,Chevron
7.0,5.6286354,7.023294,Flat
8.0,4.8860025,6.0991044,Flat
1.0,2.7739482,6.1521964,Flat
2.0,5.018516,6.3391204,Flat
3.0,5.5265427,-1.2461684,Up
4.0,11.451118,4.676206,Up
5.0,11.425336,5.1809926,Short
6.0,2.479477,3.35062,Frequency_Jump
7.0,7.3628836,5.9010525,Flat
8.0,3.895866,-2.9318254,Complex
1.0,12.205997,1.3908082,Up
2.0,13.037733,-0.48903587,Flat
3.0,13.165873,2.0682225,Flat
4.0,14.071012,1.7310514,Short
5.0,7.4296865,-4.977208,Chevron
6.0,12.953761,-0.34408683,Short
1.0,12.82553,-0.4128382,Short
2.0,10.75496,-0.61340076,Chevron
3.0,7.713456,2.6593516,Down
4.0,5.8324256,-4.7236876,Complex
5.0,11.650341,1.322696,Up
6.0,7.637173,3.6446872,Flat
7.0,3.4221628,-1.5136917,Complex
8.0,14.251095,3.5766118,Flat
9.0,10.306741,2.4623096,Down
10.0,11.252499,3.245149,Flat
11.0,7.675607,-4.8776793,Short
1.0,10.608624,0.65703356,Down
2.0,3.942095,-0.82650506,Chevron
1.0,11.335986,-0.22036587,Down
1.0,3.5643601,-2.787277,Short
1.0,12.506989,2.6311493,Down
2.0,1.5874397,7.36861,Chevron
1.0,12.414553,0.6334483,Flat
2.0,3.7021937,-0.84002197,Chevron
3.0,3.7246828,-0.8664096,Chevron
4.0,9.74161,1.3949434,Up
5.0,7.373901,-5.03548,Short
1.0,4.36495,-0.09870882,Frequency_Jump
2.0,4.565403,-0.1792115,Down
3.0,10.935704,1.0972996,Flat
4.0,10.519175,1.6569108,Down
5.0,11.086797,2.385479,Flat
6.0,9.096763,1.3442081,Down
7.0,12.300305,1.9292758,Flat
8.0,9.021236,5.7168837,Flat
9.0,14.170642,4.4571056,Short
10.0,13.574676,0.7510061,Flat
1.0,2.1690338,-1.1829203,Complex
2.0,2.9024005,-3.8502176,Complex
3.0,6.3968434,6.651238,Flat
4.0,15.531564,2.915905,Short
1.0,5.146552,-2.3722196,Chevron
1.0,10.72528,-0.347122,Chevron
2.0,7.242661,-5.01443,Chevron
1.0,11.5278845,0.0921694,Down
2.0,2.887872,6.2216635,Flat
3.0,14.409031,3.9187496,Short
1.0,13.062454,2.1627188,Flat
2.0,3.8868856,5.1171956,Flat
3.0,10.204745,5.5339,Flat
4.0,6.4128695,-5.16412,Chevron
5.0,11.280973,5.0627117,Down
6.0,1.0991153,3.0412307,Frequency_Jump
7.0,6.596864,6.4229846,Flat
8.0,2.5200217,2.4553301,Down
9.0,1.4469483,1.6580046,Down
10.0,8.559006,5.1052237,Flat
11.0,5.5316715,-5.281971,Complex
1.0,7.611471,-4.4970603,Chevron
2.0,4.0659375,0.99346524,Chevron
3.0,13.478142,6.07108,Short
1.0,6.56402,-5.417876,Complex
2.0,4.062433,-1.1184746,Chevron
3.0,8.609914,3.923476,Flat
4.0,9.339177,5.3030405,Flat
1.0,13.234198,-0.16813536,Short
2.0,3.5775754,1.8653975,Chevron
3.0,12.053607,2.1498656,Up
4.0,2.3636453,-2.6947908,Complex
5.0,2.6582947,1.601144,Down
6.0,4.4460635,3.578918,Flat
7.0,10.504175,4.093189,Flat
8.0,7.15421,-4.984154,Chevron
9.0,7.053451,-4.9637413,Chevron
10.0,10.866291,1.6271591,Down
11.0,14.069289,1.4188823,Short
12.0,8.929772,5.354712,Flat
13.0,1.8140216,-4.426381,Short
1.0,12.3447275,-0.7746924,Down
2.0,9.198064,-1.2679498,Chevron
3.0,11.441516,0.5008202,Down
4.0,13.680211,1.377102,Short
5.0,9.453945,1.85882,Down
6.0,14.212345,4.9482837,Short
1.0,5.7492557,-5.2239704,Complex
2.0,13.801963,4.797806,Short
1.0,12.549287,5.6648307,Short
2.0,3.9852226,6.8684754,Down
3.0,1.9113277,3.8590891,Frequency_Jump
4.0,8.217848,5.5407653,Flat
1.0,10.545885,5.1707506,Flat
2.0,5.4062524,-5.655923,Complex
1.0,9.833668,0.39210662,Down
2.0,5.905068,-5.1984534,Complex
1.0,4.1605253,-1.2572587,Chevron
2.0,10.301592,1.2278599,Flat
3.0,4.896938,6.291841,Flat
4.0,5.9397926,-1.7697136,Up
1.0,11.154088,-0.22886297,Down
2.0,2.6441295,-4.127635,Chevron
3.0,13.593739,1.457179,Short
4.0,2.6524603,-4.123296,Chevron
5.0,13.596523,1.4521763,Short
1.0,10.668997,0.99881434,Down
2.0,10.218364,1.2722449,Down
3.0,9.173669,-0.8110381,Chevron
4.0,11.460871,4.442276,Flat
5.0,5.589769,-4.0163803,Chevron
6.0,11.769918,5.001335,Flat
1.0,3.8496459,-0.3177468,Chevron
2.0,6.1147685,7.073782,Down
3.0,6.12651,7.057819,Down
4.0,2.1813083,2.477987,Frequency_Jump
5.0,10.315247,2.6980102,Flat
6.0,1.9988822,4.03603,Frequency_Jump
7.0,2.02679,4.0256677,Down
8.0,1.9502752,3.7505238,Chevron
9.0,4.3983746,4.6529913,Flat
10.0,7.5146856,6.429441,Flat
11.0,7.1189723,6.889659,Flat
12.0,1.930801,3.7333302,Down
13.0,7.5532804,6.7478294,Flat
14.0,10.819038,5.374267,Flat
1.0,4.063349,-0.36395445,Frequency_Jump
2.0,4.2449846,-0.34604472,Down
3.0,4.2460623,0.07426357,Flat
4.0,13.224476,4.04747,Short
1.0,6.760016,-4.6132383,Complex
2.0,11.803901,-0.6809942,Down
3.0,11.138185,-0.16494395,Down
4.0,10.224818,1.0647774,Flat
5.0,12.77363,0.45663732,Up
6.0,10.946863,2.9063447,Flat
7.0,11.850526,1.9033618,Up
1.0,7.7624874,-4.381401,Down
2.0,13.895576,3.49174,Flat
3.0,5.792343,-2.25171,Chevron
4.0,5.763245,-2.2535052,Chevron
5.0,13.692216,1.0422764,Short
1.0,11.924312,2.2453754,Down
2.0,7.0903406,2.981438,Down
3.0,12.51777,3.8168218,Up
4.0,10.419473,2.0127528,Down
5.0,11.778746,2.3699524,Up
6.0,8.637176,1.6570022,Flat
7.0,10.320891,3.9334006,Flat
8.0,4.3189363,-3.3409586,Chevron
1.0,10.567945,0.68099064,Down
2.0,10.497878,1.7024927,Flat
3.0,3.8357475,-0.59866667,Chevron
4.0,10.352165,4.4700193,Flat
1.0,7.8779683,-4.2993617,Chevron
2.0,9.241464,-0.70859367,Flat
3.0,9.103543,-0.023831738,Chevron
4.0,9.088467,-0.040067703,Chevron
5.0,14.014546,5.640455,Short
6.0,3.6366804,-4.0802193,Chevron
1.0,13.063523,2.4821558,Flat
2.0,13.239522,3.146775,Short
3.0,3.4227984,-1.449738,Complex
4.0,13.647157,3.7901635,Flat
1.0,3.2478433,-4.5070987,Short
1.0,10.502903,0.8772092,Down
2.0,10.193248,4.5377793,Down
3.0,6.8668523,-5.059914,Chevron
4.0,14.216767,3.9346702,Short
5.0,12.132968,5.458806,Flat
1.0,4.6626816,-0.9546381,Chevron
2.0,5.5775023,-5.731757,Complex
1.0,14.635205,3.7265909,Short
2.0,7.9095435,2.585472,Down
3.0,8.925166,-0.19900022,Chevron
4.0,5.236893,-2.6479332,Flat
5.0,2.689798,-3.1206174,Complex
6.0,5.40209,-5.4524918,Complex
1.0,8.878044,2.1961968,Down
2.0,13.17905,4.1648526,Down
3.0,11.385547,3.8710272,Flat
4.0,13.546911,5.341789,Short
5.0,13.710768,5.4417768,Short
1.0,5.9784617,-5.2786703,Complex
2.0,6.926966,-5.7703624,Short
1.0,15.053908,2.8613164,Short
2.0,9.816062,3.6965523,Down
3.0,4.170513,-2.069722,Chevron
4.0,11.497526,5.216405,Flat
1.0,5.7552485,-2.3810315,Flat
2.0,2.4924715,1.4716502,Down
3.0,2.5466256,1.4216543,Frequency_Jump
4.0,1.5735986,-2.979037,Complex
5.0,5.44728,-2.2292705,Chevron
6.0,5.972922,-4.862109,Chevron
1.0,13.08255,1.3617833,Short
2.0,10.515081,0.9570948,Down
3.0,3.8692975,-0.05900029,Frequency_Jump
4.0,3.8606958,-2.886761,Complex
5.0,5.142507,-5.513102,Complex
6.0,2.9161708,-3.8076067,Short
1.0,11.8964815,-0.74654657,Short
2.0,11.31914,0.089444526,Down
3.0,12.220286,2.31019,Flat
4.0,14.208056,4.3552966,Short
1.0,7.8134127,-4.4624376,Chevron
2.0,11.584207,0.6235009,Chevron
3.0,12.8317375,-0.45798367,Flat
4.0,4.4252405,-1.6576424,Chevron
5.0,6.910537,-5.4667716,Complex
1.0,12.491727,0.5163111,Flat
2.0,11.11739,0.32139778,Down
3.0,11.131263,0.32186434,Down
4.0,5.0091505,-0.6390239,Down
1.0,3.9415615,-0.6534267,Chevron
1.0,11.173953,5.2781887,Down
2.0,3.7873385,-3.0689378,Complex
1.0,12.147996,1.1610487,Short
2.0,12.571709,0.47261605,Flat
3.0,3.9702861,-1.0241641,Chevron
4.0,13.678083,3.709669,Flat
5.0,12.504463,0.5238538,Flat
6.0,9.331651,-0.6209617,Chevron
7.0,11.482919,3.1303804,Down
8.0,12.356624,3.1088285,Up
9.0,13.861869,3.7505739,Short
10.0,6.80837,-5.48908,Short
1.0,12.582683,-0.6770716,Short
2.0,6.9667974,-4.7619677,Chevron
3.0,13.940003,1.2480583,Short
4.0,11.467608,0.46616906,Down
5.0,8.350134,3.756402,Flat
6.0,6.062017,-1.6050711,Flat
1.0,7.852329,-4.1185064,Chevron
2.0,11.471667,0.3725119,Down
3.0,13.691734,3.2169266,Short
1.0,4.470385,-2.5707748,Complex
1.0,13.406004,6.160062,Short
1.0,13.404681,6.38074,Short
1.0,6.429426,-5.395289,Complex
1.0,6.6170154,-5.3906555,Complex
2.0,12.269211,1.0250459,Flat
3.0,5.0419436,-0.57528746,Chevron
4.0,12.663845,0.4884462,Flat
5.0,13.660781,4.854937,Short
6.0,4.6055484,-0.46248278,Chevron
7.0,4.227519,-0.24667919,Down
8.0,3.6224763,-2.8792243,Complex
9.0,10.241699,5.3852506,Flat
1.0,11.057477,0.0643556,Short
2.0,13.2343235,-0.45180753,Short
3.0,13.259062,-0.43446112,Short
4.0,9.083325,-0.83176625,Frequency_Jump
5.0,3.1908355,-1.2822083,Complex
6.0,8.801755,-0.5536112,Chevron
7.0,13.73351,5.4188375,Short
1.0,11.425706,0.95464545,Down
2.0,13.176047,2.1843996,Flat
1.0,3.5119064,-4.2046304,Short
1.0,12.70489,3.0290625,Up
2.0,6.896867,-4.9912977,Short
3.0,13.839509,1.1371316,Short
1.0,2.6431518,-4.1543856,Short
1.0,2.0613678,-3.3349698,Short
1.0,13.873959,3.8202116,Short
1.0,12.518431,-0.8123535,Short
2.0,13.891373,1.3605818,Short
3.0,11.759698,0.8807947,Up
1.0,3.3205256,-4.137308,Up
1.0,2.4841208,-1.0871356,Complex
1.0,2.8202708,-3.6562185,Complex
1.0,9.146041,-0.87820905,Short
1.0,2.308038,-2.8017874,Short
1.0,13.07941,1.5977958,Short
1.0,13.179319,1.4413462,Short
1.0,3.2469234,-4.4980574,Short
2.0,3.270993,-4.501416,Short
3.0,2.039585,-4.0076838,Short
1.0,3.1361492,0.5585087,Chevron
1.0,2.7786298,-1.7316172,Complex
1.0,5.1572537,-1.0202956,Flat
1.0,3.2443397,-4.4988356,Short
1.0,2.0701203,-3.2471695,Complex
1.0,14.079368,1.4035971,Short
2.0,13.457965,0.21077348,Short
3.0,13.460129,0.21029207,Short
1.0,5.3498178,-5.759554,Complex
1.0,3.1999185,-4.3008943,Complex
1.0,5.127154,-5.468325,Complex
1.0,12.5463295,-0.6602758,Down
2.0,4.301347,-1.0020219,Chevron
3.0,5.097634,-4.056669,Chevron
1.0,12.489963,-0.76337725,Short
2.0,11.861573,-0.7259782,Down
3.0,11.871986,-0.73396593,Down
4.0,4.270036,-1.0525454,Chevron
5.0,6.1080427,-5.432457,Short
1.0,12.566769,-0.6725241,Short
2.0,8.0208235,-4.8199167,Chevron
1.0,10.784518,0.0236836,Flat
2.0,12.38111,-0.6124768,Flat
3.0,12.404241,-0.65423596,Flat
1.0,12.420653,-0.78951937,Flat
2.0,12.768706,0.37059888,Up
1.0,5.7892256,-5.7411118,Complex
1.0,6.625446,-5.300285,Chevron
1.0,7.8299923,-4.3543415,Short
2.0,7.7730694,-4.7362795,Down
3.0,15.111249,2.6769004,Up
4.0,7.8514442,-4.1153426,Flat
5.0,12.896337,-0.5443508,Flat
1.0,11.926162,-0.72704804,Down
2.0,6.816099,-4.549834,Chevron
1.0,2.14504,-2.946915,Complex
1.0,11.829726,-0.7139967,Down
2.0,11.814114,-0.7027822,Down
3.0,11.816016,-0.69947565,Down
1.0,11.769262,-0.60189015,Down
2.0,12.388733,-0.7614801,Flat
3.0,12.409987,-0.78748244,Flat
1.0,12.55632,-0.7523837,Down
2.0,13.91237,3.7095473,Flat
1.0,7.87752,-4.1396184,Chevron
2.0,13.296146,-0.39192247,Short
3.0,6.484705,-5.324804,Complex
1.0,3.6155071,-2.9396598,Complex
2.0,12.178128,5.0693083,Up
1.0,5.7811956,-5.7518835,Complex
2.0,12.479164,-0.7989965,Down
3.0,7.70058,-4.1771483,Down
4.0,11.655061,0.33712453,Down
5.0,12.115674,0.882528,Down
1.0,12.161728,-0.5292542,Down
2.0,12.842141,-0.4602531,Flat
3.0,12.81023,-0.40831223,Flat
1.0,12.585173,-0.77765316,Short
2.0,12.568703,-0.7754543,Short
3.0,5.539097,-5.222683,Complex
1.0,3.6172822,-1.5019145,Short
1.0,4.9779153,-5.448253,Complex
1.0,6.399127,6.7084293,Flat
1.0,12.654395,-0.84583247,Short
1.0,12.49385,-0.754031,Down
2.0,11.607285,-0.39612672,Down
3.0,12.507713,-0.8118157,Down
1.0,4.000464,-4.4444566,Short
2.0,3.265913,-2.440599,Complex
3.0,2.545593,-3.5642927,Short
1.0,12.001509,-0.6679392,Down
2.0,11.809753,-0.649581,Down
3.0,11.816499,-0.6437667,Down
4.0,4.3766,-1.0403469,Frequency_Jump
5.0,6.563247,-5.205434,Chevron
1.0,4.7810874,-1.3158056,Short
1.0,11.399019,-0.19898899,Down
2.0,12.7610445,-0.772412,Short
3.0,11.539511,-0.4141991,Down
4.0,7.774415,-4.4049263,Short
1.0,14.035024,5.7779717,Short
1.0,6.076023,-5.2265368,Complex
1.0,13.314524,6.199561,Short
1.0,12.572377,-0.5630346,Down
2.0,13.266333,-0.38108495,Short
3.0,13.193567,-0.41378847,Short
4.0,4.859155,-1.465465,Frequency_Jump
1.0,3.2516198,-4.4980674,Short
1.0,1.790489,-4.4422164,Short
2.0,1.796164,-4.4381976,Short
1.0,2.7385657,-3.5450933,Complex
1.0,11.810323,-0.6952158,Down
2.0,11.460352,-0.3785228,Down
3.0,10.427006,1.8108839,Down
1.0,13.036071,1.2137017,Short
1.0,11.844354,1.0771601,Short
1.0,5.363573,-5.680368,Complex
2.0,7.0335875,-5.2887645,Chevron
3.0,13.75277,1.0965909,Short
4.0,13.031306,4.871006,Short
5.0,12.40056,4.6975274,Flat
6.0,6.9322886,-5.486732,Complex
1.0,10.566839,-0.48951745,Down
1.0,13.848283,1.50232,Flat
2.0,14.93306,2.4421923,Up
1.0,13.722291,0.9904365,Short
1.0,7.7760286,-4.4801006,Chevron
2.0,13.813977,1.4912274,Short
3.0,14.152263,1.5768552,Short
1.0,13.790985,1.6237043,Short
2.0,8.304513,-4.26767,Short
3.0,9.180301,0.8668493,Down
4.0,13.676566,1.7182995,Short
1.0,13.701461,1.3969854,Flat
2.0,13.734536,0.97172874,Short
1.0,5.9174366,-3.609658,Chevron
2.0,13.534105,1.7091591,Short
1.0,10.962206,-0.5368766,Flat
2.0,14.172099,1.6109616,Short
1.0,5.798606,-4.375325,Chevron
2.0,12.37757,0.4754827,Short
3.0,7.720554,-4.451645,Complex
1.0,6.699089,-4.7311335,Complex
2.0,13.829831,1.0411146,Short
3.0,5.524228,-5.6389403,Short
1.0,13.803944,1.6951942,Short
1.0,11.176497,-0.40402701,Short
1.0,12.697882,0.40813068,Up
2.0,12.941505,-0.49938837,Short
3.0,12.92646,-0.47760254,Short
4.0,7.8217926,-4.4226933,Flat
1.0,7.407582,-4.999652,Chevron
2.0,10.830203,0.06090007,Down
3.0,12.905608,4.105477,Up
1.0,7.218875,-4.975475,Chevron
1.0,14.358139,1.648171,Up
2.0,12.406087,0.9959643,Short
3.0,7.4600406,-4.974561,Short
1.0,14.066321,1.3695703,Flat
2.0,13.158518,1.8350031,Flat
1.0,14.186957,1.7202584,Short
2.0,12.69033,2.3676603,Down
3.0,6.575622,-5.4484797,Frequency_Jump
1.0,1.853244,-4.3877916,Short
2.0,13.2567425,2.1247816,Flat
1.0,12.673109,1.7907126,Flat
2.0,7.15207,-4.8818636,Chevron
1.0,13.059496,1.7289101,Flat
1.0,15.264099,2.8357358,Short
2.0,14.089141,1.4967928,Short
3.0,12.321018,2.709304,Down
4.0,12.980783,1.7326013,Flat
1.0,14.989428,2.464578,Short
2.0,13.888027,1.0663856,Flat
1.0,13.948127,1.1192689,Short
2.0,13.518101,1.4341084,Flat
3.0,14.7311735,2.2228289,Flat
1.0,7.628317,-4.724058,Chevron
1.0,5.743881,-4.2380133,Chevron
2.0,12.736974,1.7650459,Flat
3.0,13.582841,1.7120781,Down
1.0,13.711671,1.4054737,Flat
2.0,13.48082,1.4848663,Flat
3.0,13.904288,1.1090097,Short
1.0,13.4785,1.3953086,Short
1.0,13.830042,2.0156791,Short
2.0,7.289394,-5.05337,Frequency_Jump
3.0,7.2687316,-5.058368,Frequency_Jump
1.0,13.427471,1.8232572,Short
2.0,13.688492,1.4794928,Flat
3.0,13.751126,2.0063121,Flat
4.0,12.814462,1.7661619,Down
5.0,14.091428,1.4968501,Short
1.0,13.30393,1.630445,Flat
2.0,15.021359,2.766304,Short
1.0,12.667417,1.8747934,Flat
2.0,13.981341,1.3371559,Short
3.0,13.443632,1.5776122,Short
4.0,11.784075,1.9694011,Flat
1.0,13.688586,5.331278,Short
2.0,13.234933,1.3963028,Flat
3.0,8.08768,-4.602784,Short
4.0,7.9692874,-4.6722536,Short
1.0,6.9295053,-5.655983,Short
2.0,13.048778,3.1070862,Short
1.0,12.774486,3.0666914,Short
1.0,13.843099,1.4144264,Flat
1.0,13.530814,1.3667803,Flat
2.0,12.089429,1.3133842,Short
3.0,12.098677,1.2812903,Short
4.0,6.4306293,-4.9482675,Short
5.0,13.5966425,1.4004711,Flat
1.0,13.61114,1.4418894,Flat
2.0,13.364831,1.5799615,Short
3.0,11.995865,0.98012096,Chevron
4.0,4.5542445,-4.296817,Short
1.0,13.518932,0.45122328,Short
2.0,4.018946,-4.481543,Short
3.0,13.891981,1.6497105,Short
4.0,8.305645,-4.2710795,Short
5.0,13.129222,-0.3366967,Short
1.0,1.9362488,-4.271392,Short
2.0,13.378859,0.77258927,Short
3.0,13.002202,5.0594025,Short
4.0,12.859778,1.0194159,Short
1.0,6.941267,-5.068823,Chevron
2.0,4.060344,-4.422364,Short
3.0,12.290472,-0.28288877,Up
4.0,13.875209,1.0820215,Short
5.0,13.989091,1.1801292,Short
6.0,7.6153584,-4.608894,Chevron
7.0,13.06111,1.4454814,Short
8.0,12.115227,3.616972,Down
1.0,12.688534,1.5118206,Down
2.0,13.132381,1.4569103,Short
3.0,13.186058,1.4499316,Short
4.0,13.841684,1.5053885,Short
1.0,13.84503,1.4971348,Short
2.0,13.978212,1.3192314,Short
3.0,14.050305,1.369268,Short
4.0,7.3018646,-4.89866,Chevron
5.0,11.915572,2.2166066,Up
1.0,13.118546,-0.34828073,Short
2.0,11.913809,2.2293875,Up
1.0,5.5364203,-5.540856,Complex
2.0,13.74212,0.9115512,Short
3.0,7.332345,-5.0164514,Chevron
4.0,6.0523553,-5.359796,Complex
1.0,7.3141966,-5.009464,Frequency_Jump
2.0,5.728947,-5.7720494,Complex
3.0,13.673746,1.4175243,Short
4.0,5.414866,-5.8533006,Complex
5.0,12.034201,0.26412264,Down
6.0,13.57811,6.290053,Short
7.0,12.519839,1.8035519,Flat
8.0,14.248055,4.01366,Short
9.0,13.411034,1.5491253,Short
1.0,13.743631,1.4170136,Flat
1.0,6.5801725,-5.0376973,Complex
2.0,10.974489,-0.5325897,Flat
3.0,14.259852,5.287429,Short
4.0,12.8221035,-0.64696914,Short
5.0,14.436333,3.9429247,Short
6.0,12.885317,-0.51836115,Flat
7.0,14.044379,1.4493878,Short
8.0,13.399994,1.1137543,Short
9.0,13.654773,1.3910444,Flat
10.0,13.572228,1.263373,Flat
11.0,13.763313,1.649754,Short
1.0,8.186791,-4.7714024,Down
2.0,1.8020107,-4.4281316,Short
3.0,7.0485306,-5.3161902,Complex
4.0,13.825162,5.3453693,Short
1.0,14.640308,2.200537,Down
2.0,14.159009,4.7531667,Short
3.0,14.156836,4.7743917,Short
4.0,14.155012,4.7670727,Short
5.0,6.9677215,-5.110727,Chevron
1.0,13.388702,1.3512591,Flat
2.0,7.883103,-4.437203,Down
1.0,13.949115,1.0025841,Short
2.0,14.900973,2.4005594,Short
3.0,13.418033,1.3993738,Flat
4.0,15.27242,2.8498542,Short
1.0,12.656785,0.92781264,Short
1.0,2.0354545,7.6127567,Chevron
1.0,12.884963,6.370213,Flat
1.0,5.675284,-5.305019,Chevron
1.0,2.9269328,-3.8571436,Chevron
1.0,2.9879704,-0.87458223,Complex
1.0,12.737703,-0.7774926,Short
1.0,6.3111444,-5.4337196,Chevron
1.0,5.35315,-5.8372936,Complex
2.0,5.4342346,-5.8387733,Complex
3.0,5.416045,-5.858305,Complex
1.0,5.769292,-4.1928434,Complex
2.0,6.2939835,-4.19968,Chevron
3.0,5.196888,-2.5974844,Chevron
1.0,3.0750597,-4.103786,Complex
1.0,6.779975,-5.03456,Chevron
2.0,12.9020605,4.1142025,Up
3.0,9.134599,-0.89492357,Frequency_Jump
4.0,5.6298943,-4.2158074,Chevron
1.0,15.258922,2.835016,Short
2.0,6.8343353,-5.3776135,Complex
3.0,13.801971,3.614983,Short
4.0,6.8047137,-5.513023,Complex
5.0,14.163475,4.8036833,Short
1.0,15.510103,2.898277,Short
2.0,4.013486,-4.1629925,Short
1.0,15.200141,2.791966,Short
2.0,6.948023,-5.011356,Chevron
3.0,2.193982,-4.110319,Short
4.0,13.722221,1.8421628,Short
5.0,13.779791,1.4806144,Flat
6.0,6.992568,-5.343765,Chevron
7.0,11.4331875,1.7119396,Short
1.0,13.358323,1.6390252,Short
2.0,7.2423344,-5.01092,Frequency_Jump
1.0,5.704707,-5.450572,Chevron
2.0,13.046806,1.6949008,Short
3.0,6.474502,-5.3807263,Complex
4.0,13.469181,1.5147021,Flat
5.0,14.11727,1.5284315,Short
1.0,14.189878,1.5750046,Short
2.0,14.542108,2.5304525,Short
3.0,14.700194,2.433477,Short
4.0,14.698683,2.4296806,Short
1.0,14.3232155,1.6635568,Short
2.0,12.841593,1.7751142,Flat
3.0,6.618911,-4.9830546,Complex
4.0,7.521705,-4.850993,Short
1.0,6.573015,-5.0393405,Short
1.0,7.3359466,-4.9751315,Chevron
2.0,9.109741,-0.90669143,Up
3.0,9.822555,-0.7769441,Short
4.0,10.66126,-0.6458112,Short
1.0,11.709368,1.0170228,Up
1.0,12.820372,-0.42737684,Flat
2.0,13.591567,1.0616496,Flat
3.0,7.2575126,-5.2084255,Short
1.0,12.605858,0.50365514,Short
1.0,7.6971893,-4.487988,Short
1.0,13.024571,-0.6081672,Short
