Mouse_ID,Date,Water_Received_ml,Phase,Session_ID,Trial_ID,Trial_Start,Outcome,Reaction_Time,Is_Punished,Total_Licks,Day_Name
mouse_1,2025-08-06,,1,1,1,0.022456645965576172,Hit,22.985608261131325,0,3,Wednesday
mouse_1,2025-08-06,,1,1,2,23.97807502746582,Hit,2.853580200042515,0,6,Wednesday
mouse_1,2025-08-06,,1,1,3,48.18789553642273,Hit,12.683045527029186,0,8,Wednesday
mouse_1,2025-08-06,,1,1,4,72.14783382415771,Hit,1.224462123019947,0,5,Wednesday
mouse_1,2025-08-06,,1,1,5,97.5949239730835,Hit,3.634225395184828,0,11,Wednesday
mouse_1,2025-08-06,,1,1,6,122.55805563926697,Hit,3.0954058510463938,0,10,Wednesday
mouse_1,2025-08-06,,1,1,7,149.2581341266632,Hit,0.0,0,0,Wednesday
mouse_1,2025-08-06,,1,1,8,173.46922636032104,Hit,3.8492596567687087,0,14,Wednesday
mouse_1,2025-08-06,,1,1,9,197.42927289009094,Hit,3.753374733115635,0,6,Wednesday
mouse_1,2025-08-06,,1,1,10,221.13114738464355,Hit,0.0,0,0,Wednesday
mouse_1,2025-08-06,,1,1,11,245.5895516872406,Hit,0.0,0,0,Wednesday
mouse_1,2025-08-06,,1,1,12,272.3097333908081,Hit,0.0,0,0,Wednesday
mouse_1,2025-08-06,,1,1,13,296.0293996334076,Hit,16.550477925921314,0,13,Wednesday
mouse_1,2025-08-06,,1,1,14,320.4989116191864,Hit,14.341264707067353,0,11,Wednesday
mouse_1,2025-08-06,,1,1,15,344.2198669910431,Hit,2.2440748707574016,0,8,Wednesday
mouse_1,2025-08-06,,1,1,16,368.6809937953949,Hit,0.0,0,0,Wednesday
mouse_1,2025-08-06,,1,1,17,392.38812136650085,Hit,14.41955324863477,0,8,Wednesday
mouse_1,2025-08-06,,1,1,18,416.3481285572052,Hit,16.810977335116775,0,7,Wednesday
mouse_1,2025-08-06,,1,1,19,442.808660030365,Hit,0.0,0,0,Wednesday
mouse_1,2025-08-06,,1,1,20,467.5185205936432,Hit,0.0,0,0,Wednesday
mouse_1,2025-08-06,,1,1,21,492.4781014919281,Hit,0.0,0,0,Wednesday
mouse_1,2025-08-06,,1,1,22,517.9378824234009,Hit,0.0,0,0,Wednesday
mouse_1,2025-08-06,,1,1,23,542.6478836536407,Hit,0.0,0,0,Wednesday
mouse_1,2025-08-06,,1,1,24,569.3561596870422,Hit,0.0,0,0,Wednesday
mouse_1,2025-08-06,,1,1,25,595.0773301124573,Hit,0.0,0,0,Wednesday
mouse_1,2025-08-06,,1,1,26,620.0282125473022,Hit,0.0,0,0,Wednesday
mouse_1,2025-08-06,,1,1,27,644.9873723983765,Hit,0.0,0,0,Wednesday
mouse_1,2025-08-06,,1,1,28,670.6885814666748,Hit,0.0,0,0,Wednesday
mouse_1,2025-08-06,,1,1,29,694.3849217891693,Hit,3.9636339764723516,0,8,Wednesday
mouse_1,2025-08-06,,1,1,30,720.0968990325928,Hit,1.6544637818601586,0,2,Wednesday
mouse_1,2025-08-06,,1,1,31,745.8068397045135,Hit,4.155045921752389,0,28,Wednesday
mouse_1,2025-08-06,,1,1,32,772.5260539054871,Hit,0.0,0,3,Wednesday
mouse_1,2025-08-06,,1,1,33,798.7337236404419,Hit,16.283490245460825,0,7,Wednesday
mouse_1,2025-08-06,,1,1,34,825.6837470531464,Hit,0.0,0,0,Wednesday
mouse_1,2025-08-06,,1,1,35,852.1453285217285,Hit,23.509635023960186,0,1,Wednesday
mouse_1,2025-08-06,,1,1,36,875.8648700714111,Hit,9.621153348704183,0,8,Wednesday
mouse_1,2025-08-06,,1,1,37,902.3181400299072,Hit,1.8667805620254967,0,6,Wednesday
mouse_1,2025-08-06,,1,1,38,926.2783935070038,Hit,0.0,0,0,Wednesday
mouse_1,2025-08-06,,1,1,39,952.2328808307648,Hit,0.0,0,0,Wednesday
mouse_1,2025-08-06,,1,1,40,976.4378826618195,Hit,0.0,0,0,Wednesday
mouse_1,2025-08-06,,1,1,41,1003.4030468463898,Hit,0.0,0,0,Wednesday
mouse_1,2025-08-06,,1,1,42,1026.6128504276276,Hit,0.0,0,0,Wednesday
mouse_1,2025-08-06,,1,1,43,1052.832414150238,Hit,0.0,0,0,Wednesday
mouse_1,2025-08-06,,1,1,44,1076.2898337841034,Hit,0.0,0,0,Wednesday
mouse_1,2025-08-06,,1,1,45,1100.501835346222,Hit,0.0,0,0,Wednesday
mouse_1,2025-08-06,,1,1,46,1127.2117536067963,Hit,0.0,0,0,Wednesday
mouse_1,2025-08-06,,1,1,47,1152.9141788482666,Hit,0.0,0,0,Wednesday
mouse_1,2025-08-06,,1,1,48,1179.6207823753357,Hit,0.0,0,0,Wednesday
mouse_1,2025-08-06,,1,1,49,1206.5903425216675,Hit,0.0,0,0,Wednesday
mouse_1,2025-08-06,,1,1,50,1230.3080968856812,Hit,0.0,0,0,Wednesday
mouse_1,2025-08-06,,1,1,51,1257.0095829963684,Hit,0.0,0,0,Wednesday
mouse_1,2025-08-06,,1,1,52,1283.7044730186462,Hit,0.0,0,0,Wednesday
mouse_1,2025-08-06,,1,1,53,1310.1584122180939,Hit,0.0,0,0,Wednesday
mouse_1,2025-08-06,,1,1,54,1334.1279644966125,Hit,0.0,0,0,Wednesday
mouse_1,2025-08-06,,1,1,55,1357.3281073570251,Hit,0.0,0,0,Wednesday
mouse_1,2025-08-06,,1,1,56,1381.7966725826263,Hit,0.0,0,0,Wednesday
mouse_1,2025-08-06,,1,1,57,1407.009920835495,Hit,0.0,0,0,Wednesday
mouse_1,2025-08-06,,1,1,58,1431.229163646698,Hit,0.0,0,0,Wednesday
mouse_1,2025-08-06,,1,1,59,1458.2003138065338,Hit,0.0,0,0,Wednesday
mouse_1,2025-08-06,,1,1,60,1483.9116241931915,Hit,0.0,0,0,Wednesday
mouse_1,2025-08-06,,1,1,61,1508.8725366592407,Hit,0.0,0,0,Wednesday
mouse_1,2025-08-06,,1,1,62,1533.333306312561,Hit,0.0,0,0,Wednesday
mouse_1,2025-08-06,,1,1,63,1558.538063287735,Hit,0.0,0,0,Wednesday
mouse_1,2025-08-06,,1,1,64,1584.7480902671814,Hit,0.0,0,0,Wednesday
mouse_1,2025-08-06,,1,1,65,1610.7002050876617,Hit,0.0,0,0,Wednesday
mouse_1,2025-08-06,,1,1,66,1636.4164907932281,Hit,0.0,0,0,Wednesday
mouse_1,2025-08-06,,1,1,67,1660.1233069896698,Hit,0.0,0,0,Wednesday
mouse_1,2025-08-06,,1,1,68,1686.5796179771423,Hit,0.0,0,0,Wednesday
mouse_1,2025-08-06,,1,1,69,1710.0392215251923,Hit,0.0,0,0,Wednesday
mouse_1,2025-08-06,,1,1,70,1736.751413822174,Hit,0.0,0,0,Wednesday
mouse_1,2025-08-06,,1,1,71,1762.7181284427643,Hit,0.0,0,0,Wednesday
mouse_1,2025-08-06,,1,1,72,1788.4233798980713,Hit,0.0,0,0,Wednesday
mouse_1,2025-08-06,,1,1,73,1812.3667058944702,Miss,,0,0,Wednesday
mouse_1,2025-08-07,,1,2,1,0.012738704681396484,Hit,15.257401863054564,0,9,Thursday
mouse_1,2025-08-07,,1,2,2,24.71185541152954,Hit,10.108070343077749,0,6,Thursday
mouse_1,2025-08-07,,1,2,3,47.92610812187195,Hit,24.859642455187355,0,11,Thursday
mouse_1,2025-08-07,,1,2,4,74.88124775886536,Hit,0.023551287368221097,0,27,Thursday
mouse_1,2025-08-07,,1,2,5,100.34152412414551,Hit,6.502478385002348,0,15,Thursday
mouse_1,2025-08-07,,1,2,6,127.30616998672485,Hit,0.0,0,0,Thursday
mouse_1,2025-08-07,,1,2,7,152.50165057182312,Hit,14.598491707497175,0,3,Thursday
mouse_1,2025-08-07,,1,2,8,177.45036482810974,Hit,19.41164440652625,0,1,Thursday
mouse_1,2025-08-07,,1,2,9,204.1604404449463,Hit,4.174486479384029,0,14,Thursday
mouse_1,2025-08-07,,1,2,10,230.1079339981079,Hit,9.321354161020992,0,22,Thursday
mouse_1,2025-08-07,,1,2,11,255.3313295841217,Hit,1.715315315612827,0,17,Thursday
mouse_1,2025-08-07,,1,2,12,281.2899627685547,Hit,4.729597381505812,0,7,Thursday
mouse_1,2025-08-07,,1,2,13,307.2602496147156,Hit,1.764779369617088,0,20,Thursday
mouse_1,2025-08-07,,1,2,14,333.20774030685425,Hit,1.077013743584473,0,20,Thursday
mouse_1,2025-08-07,,1,2,15,358.42609882354736,Hit,21.035576858696118,0,3,Thursday
mouse_1,2025-08-07,,1,2,16,383.1396849155426,Hit,11.79959692540075,0,62,Thursday
mouse_1,2025-08-07,,1,2,17,410.0995810031891,Hit,21.87922934931396,0,7,Thursday
mouse_1,2025-08-07,,1,2,18,435.8160994052887,Hit,1.1010849262512465,0,22,Thursday
mouse_1,2025-08-07,,1,2,19,459.26610922813416,Hit,0.0,0,1,Thursday
mouse_1,2025-08-07,,1,2,20,486.2387399673462,Hit,1.8111773211695663,0,17,Thursday
mouse_1,2025-08-07,,1,2,21,513.2085378170013,Hit,4.24608953389486,0,15,Thursday
mouse_1,2025-08-07,,1,2,22,539.9187195301056,Hit,4.63078283437153,0,14,Thursday
mouse_1,2025-08-07,,1,2,23,564.6285936832428,Hit,9.856839220187908,0,14,Thursday
mouse_1,2025-08-07,,1,2,24,587.8398027420044,Hit,8.201739202597764,0,26,Thursday
mouse_1,2025-08-07,,1,2,25,611.3081562519073,Hit,0.0,0,0,Thursday
mouse_1,2025-08-07,,1,2,26,637.0073511600494,Hit,9.577001046588293,0,15,Thursday
mouse_1,2025-08-07,,1,2,27,663.9660823345184,Hit,25.140365899542303,0,11,Thursday
mouse_1,2025-08-07,,1,2,28,691.1777114868164,Hit,0.04703534034649692,0,40,Thursday
mouse_1,2025-08-07,,1,2,29,716.8870995044708,Hit,2.93875434546635,0,13,Thursday
mouse_1,2025-08-07,,1,2,30,742.1067609786987,Hit,4.081294884355543,0,9,Thursday
mouse_1,2025-08-07,,1,2,31,769.0768139362335,Hit,7.820899237092476,0,6,Thursday
mouse_1,2025-08-07,,1,2,32,792.7964997291565,Hit,0.0,0,0,Thursday
mouse_1,2025-08-07,,1,2,33,817.2663207054138,Hit,0.0,0,0,Thursday
mouse_1,2025-08-07,,1,2,34,840.7369120121002,Hit,0.0,0,0,Thursday
mouse_1,2025-08-07,,1,2,35,864.4561212062836,Hit,22.017194638255205,0,25,Thursday
mouse_1,2025-08-07,,1,2,36,889.6593368053436,Hit,0.1204227144143033,0,64,Thursday
mouse_1,2025-08-07,,1,2,37,914.8660356998444,Hit,0.0,0,0,Thursday
mouse_1,2025-08-07,,1,2,38,941.8260085582733,Hit,17.386835893762168,0,16,Thursday
mouse_1,2025-08-07,,1,2,39,968.285795211792,Hit,0.0,0,0,Thursday
mouse_1,2025-08-07,,1,2,40,991.995281457901,Hit,9.64974324676814,0,2,Thursday
mouse_1,2025-08-07,,1,2,41,1016.950044631958,Hit,4.837774966964844,0,13,Thursday
mouse_1,2025-08-07,,1,2,42,1041.154714345932,Hit,16.159248004272058,0,2,Thursday
mouse_1,2025-08-07,,1,2,43,1066.1024768352509,Hit,2.0532846171036,0,1,Thursday
mouse_1,2025-08-07,,1,2,44,1090.3098330497742,Hit,0.0,0,0,Thursday
mouse_1,2025-08-07,,1,2,45,1114.252492427826,Hit,10.41940669055407,0,23,Thursday
mouse_1,2025-08-07,,1,2,46,1137.7060751914978,Hit,0.0,0,0,Thursday
mouse_1,2025-08-07,,1,2,47,1161.90833902359,Hit,6.818313582551355,0,16,Thursday
mouse_1,2025-08-07,,1,2,48,1186.8531205654144,Hit,0.0,0,0,Thursday
mouse_1,2025-08-07,,1,2,49,1210.3132655620575,Hit,7.982058626438857,0,13,Thursday
mouse_1,2025-08-07,,1,2,50,1236.5233602523804,Hit,0.0,0,0,Thursday
mouse_1,2025-08-07,,1,2,51,1261.726090669632,Hit,0.0,0,0,Thursday
mouse_1,2025-08-07,,1,2,52,1285.6760649681091,Hit,0.0,0,0,Thursday
mouse_1,2025-08-07,,1,2,53,1309.6282289028168,Hit,0.0,0,0,Thursday
mouse_1,2025-08-07,,1,2,54,1334.0828311443329,Hit,0.0,0,0,Thursday
mouse_1,2025-08-07,,1,2,55,1360.2997767925262,Hit,0.0,0,0,Thursday
mouse_1,2025-08-07,,1,2,56,1386.0073430538177,Hit,12.470022145407938,0,1,Thursday
mouse_1,2025-08-07,,1,2,57,1411.7020959854126,Hit,0.0,0,0,Thursday
mouse_1,2025-08-07,,1,2,58,1436.4229109287262,Hit,12.309040497289061,0,1,Thursday
mouse_1,2025-08-07,,1,2,59,1459.8772330284119,Hit,5.460238397455896,0,3,Thursday
mouse_1,2025-08-07,,1,2,60,1486.342524766922,Hit,21.258075522515583,0,16,Thursday
mouse_1,2025-08-07,,1,2,61,1511.3061318397522,Hit,17.620656810607443,0,25,Thursday
mouse_1,2025-08-07,,1,2,62,1537.24991440773,Hit,0.0,0,0,Thursday
mouse_1,2025-08-07,,1,2,63,1561.7124917507172,Hit,14.654404668661527,0,11,Thursday
mouse_1,2025-08-07,,1,2,64,1584.916621685028,Hit,8.270462981596665,0,8,Thursday
mouse_1,2025-08-07,,1,2,65,1610.3783478736877,Hit,12.600761516784814,0,12,Thursday
mouse_1,2025-08-07,,1,2,66,1635.6023342609406,Hit,0.0,0,0,Thursday
mouse_1,2025-08-07,,1,2,67,1660.0722210407257,Hit,0.0,0,0,Thursday
mouse_1,2025-08-07,,1,2,68,1683.791760444641,Hit,8.244445968368609,0,8,Thursday
mouse_1,2025-08-07,,1,2,69,1709.7521131038666,Hit,0.0,0,0,Thursday
mouse_1,2025-08-07,,1,2,70,1733.198959350586,Hit,0.0,0,0,Thursday
mouse_1,2025-08-07,,1,2,71,1759.413607120514,Hit,0.0,0,0,Thursday
mouse_1,2025-08-07,,1,2,72,1784.63219165802,Hit,19.172758184128725,0,8,Thursday
mouse_1,2025-08-07,,1,2,73,1810.5868113040924,Miss,,0,0,Thursday
mouse_1,2025-08-14,,1,3,1,0.019219160079956055,Hit,14.381050583667562,0,31,Thursday
mouse_1,2025-08-14,,1,3,2,23.97772455215454,Hit,0.0,0,0,Thursday
mouse_1,2025-08-14,,1,3,3,47.184245347976685,Hit,0.0,0,0,Thursday
mouse_1,2025-08-14,,1,3,4,74.14664220809937,Hit,0.0,0,0,Thursday
mouse_1,2025-08-14,,1,3,5,97.60006618499756,Hit,0.0,0,0,Thursday
mouse_1,2025-08-14,,1,3,6,121.55545902252197,Hit,0.0,0,0,Thursday
mouse_1,2025-08-14,,1,3,7,148.270441532135,Hit,0.0,0,0,Thursday
mouse_1,2025-08-14,,1,3,8,174.74965834617615,Hit,7.597383531551344,0,80,Thursday
mouse_1,2025-08-14,,1,3,9,201.20540761947632,Hit,2.0845196922953164,0,36,Thursday
mouse_1,2025-08-14,,1,3,10,227.6653914451599,Hit,17.076498993793166,0,19,Thursday
mouse_1,2025-08-14,,1,3,11,251.62657403945923,Hit,0.5848259478310069,0,42,Thursday
mouse_1,2025-08-14,,1,3,12,276.0854218006134,Hit,23.311513809844826,0,10,Thursday
mouse_1,2025-08-14,,1,3,13,300.0525109767914,Hit,20.245368590585656,0,29,Thursday
mouse_1,2025-08-14,,1,3,14,326.2713875770569,Hit,2.008794156775764,0,31,Thursday
mouse_1,2025-08-14,,1,3,15,351.2254629135132,Hit,17.280818912847565,0,7,Thursday
mouse_1,2025-08-14,,1,3,16,378.1876428127289,Hit,5.095410525790214,0,9,Thursday
mouse_1,2025-08-14,,1,3,17,404.9024896621704,Hit,0.0,0,0,Thursday
mouse_1,2025-08-14,,1,3,18,431.8727192878723,Hit,16.94774511532819,0,13,Thursday
mouse_1,2025-08-14,,1,3,19,458.0836822986603,Hit,0.0,0,0,Thursday
mouse_1,2025-08-14,,1,3,20,481.53611397743225,Hit,2.187780023945777,0,7,Thursday
mouse_1,2025-08-14,,1,3,21,507.0021541118622,Hit,0.0,0,2,Thursday
mouse_1,2025-08-14,,1,3,22,530.9490296840668,Hit,7.951510545047768,0,7,Thursday
mouse_1,2025-08-14,,1,3,23,554.170893907547,Hit,0.0,0,0,Thursday
mouse_1,2025-08-14,,1,3,24,580.1314833164215,Hit,0.0,0,0,Thursday
mouse_1,2025-08-14,,1,3,25,603.3494820594788,Hit,3.127584783940165,0,2,Thursday
mouse_1,2025-08-14,,1,3,26,629.2956936359406,Hit,2.449405859600347,0,7,Thursday
mouse_1,2025-08-14,,1,3,27,652.5069735050201,Hit,18.61867227511027,0,3,Thursday
mouse_1,2025-08-14,,1,3,28,675.9654607772827,Hit,4.822209011213772,0,4,Thursday
mouse_1,2025-08-14,,1,3,29,702.6653828620911,Hit,1.1556979502972808,0,2,Thursday
mouse_1,2025-08-14,,1,3,30,728.8732504844666,Hit,0.0,0,0,Thursday
mouse_1,2025-08-14,,1,3,31,753.5827074050903,Hit,19.038609346204794,0,1,Thursday
mouse_1,2025-08-14,,1,3,32,779.5510852336884,Hit,11.869088877890704,0,2,Thursday
mouse_1,2025-08-14,,1,3,33,805.7692184448242,Hit,0.0,0,0,Thursday
mouse_1,2025-08-14,,1,3,34,829.7280275821686,Hit,8.581610319619813,0,3,Thursday
mouse_1,2025-08-14,,1,3,35,853.687540769577,Hit,3.6747473500706747,0,5,Thursday
mouse_1,2025-08-14,,1,3,36,879.3981802463531,Hit,0.0,0,0,Thursday
mouse_1,2025-08-14,,1,3,37,904.8595209121704,Hit,18.419410620768076,0,3,Thursday
mouse_1,2025-08-14,,1,3,38,929.0704135894775,Hit,0.0,0,0,Thursday
mouse_1,2025-08-14,,1,3,39,955.5248491764069,Hit,0.0,0,0,Thursday
mouse_1,2025-08-14,,1,3,40,979.2354362010956,Hit,22.63463316098762,0,1,Thursday
mouse_1,2025-08-14,,1,3,41,1005.4334127902985,Hit,0.0,0,1,Thursday
mouse_1,2025-08-14,,1,3,42,1028.6432311534882,Hit,0.0,0,0,Thursday
mouse_1,2025-08-14,,1,3,43,1053.5954275131226,Hit,0.0,0,0,Thursday
mouse_1,2025-08-14,,1,3,44,1078.0585815906525,Hit,2.2790286197362093,0,1,Thursday
mouse_1,2025-08-14,,1,3,45,1102.520277261734,Hit,7.327293076619981,0,2,Thursday
mouse_1,2025-08-14,,1,3,46,1125.9841086864471,Hit,0.0,0,0,Thursday
mouse_1,2025-08-14,,1,3,47,1150.6939606666565,Hit,0.0,0,0,Thursday
mouse_1,2025-08-14,,1,3,48,1176.642968416214,Hit,1.6303178983785074,0,1,Thursday
mouse_1,2025-08-14,,1,3,49,1201.3536169528961,Hit,0.0,0,0,Thursday
mouse_1,2025-08-14,,1,3,50,1225.8226480484009,Hit,18.30650575874506,0,1,Thursday
mouse_1,2025-08-14,,1,3,51,1251.292789697647,Hit,0.0,0,0,Thursday
mouse_1,2025-08-14,,1,3,52,1274.7395420074463,Hit,7.909362878433967,0,3,Thursday
mouse_1,2025-08-14,,1,3,53,1301.2017467021942,Hit,0.0,0,0,Thursday
mouse_1,2025-08-14,,1,3,54,1324.6707265377045,Hit,0.0,0,0,Thursday
mouse_1,2025-08-14,,1,3,55,1348.6300332546234,Hit,0.0,0,0,Thursday
mouse_1,2025-08-14,,1,3,56,1374.3394107818604,Hit,3.346865370540854,0,3,Thursday
mouse_1,2025-08-14,,1,3,57,1397.8000583648682,Hit,0.0,0,0,Thursday
mouse_1,2025-08-14,,1,3,58,1421.5078873634338,Hit,0.0,0,0,Thursday
mouse_1,2025-08-14,,1,3,59,1447.9672105312347,Hit,0.0,0,0,Thursday
mouse_1,2025-08-14,,1,3,60,1472.6714990139008,Hit,0.0,0,0,Thursday
mouse_1,2025-08-14,,1,3,61,1496.1454424858093,Hit,0.0,0,0,Thursday
mouse_1,2025-08-14,,1,3,62,1522.8490586280823,Hit,0.0,0,0,Thursday
mouse_1,2025-08-14,,1,3,63,1547.0651757717133,Hit,0.0,0,0,Thursday
mouse_1,2025-08-14,,1,3,64,1572.0330979824066,Hit,0.0,0,0,Thursday
mouse_1,2025-08-14,,1,3,65,1598.742653131485,Hit,0.0,0,0,Thursday
mouse_1,2025-08-14,,1,3,66,1624.2016067504883,Hit,0.0,0,0,Thursday
mouse_1,2025-08-14,,1,3,67,1648.4055004119873,Hit,0.0,0,0,Thursday
mouse_1,2025-08-14,,1,3,68,1672.6263875961304,Hit,0.0,0,0,Thursday
mouse_1,2025-08-14,,1,3,69,1697.5794389247894,Hit,0.0,0,0,Thursday
mouse_1,2025-08-14,,1,3,70,1724.2883667945862,Hit,0.0,0,0,Thursday
mouse_1,2025-08-14,,1,3,71,1751.2465267181396,Hit,0.0,0,0,Thursday
mouse_1,2025-08-14,,1,3,72,1774.4419100284576,Hit,0.0,0,0,Thursday
mouse_1,2025-08-14,,1,3,73,1799.1506447792053,Miss,,0,0,Thursday
mouse_1,2025-08-17,,1,4,1,0.01476430892944336,Hit,16.861863740255618,0,38,Sunday
mouse_1,2025-08-17,,1,4,2,24.725011348724365,Hit,1.0567113651437055,0,41,Sunday
mouse_1,2025-08-17,,1,4,3,51.42640447616577,Hit,10.10865385445804,0,33,Sunday
mouse_1,2025-08-17,,1,4,4,75.14325642585754,Hit,15.742653840321765,0,22,Sunday
mouse_1,2025-08-17,,1,4,5,102.11183381080627,Hit,12.584301779058876,0,19,Sunday
mouse_1,2025-08-17,,1,4,6,128.82350420951843,Hit,1.7154802978713235,0,7,Sunday
mouse_1,2025-08-17,,1,4,7,155.5345537662506,Hit,5.826260189029625,0,13,Sunday
mouse_1,2025-08-17,,1,4,8,181.24316573143005,Hit,0.0,0,0,Sunday
mouse_1,2025-08-17,,1,4,9,206.96682691574097,Hit,0.0,0,0,Sunday
mouse_1,2025-08-17,,1,4,10,232.9273648262024,Hit,16.986141319143172,0,32,Sunday
mouse_1,2025-08-17,,1,4,11,257.6376359462738,Hit,3.468231985734633,0,22,Sunday
mouse_1,2025-08-17,,1,4,12,283.60791993141174,Hit,2.3272268070248288,0,9,Sunday
mouse_1,2025-08-17,,1,4,13,309.5681939125061,Hit,6.916041368762649,0,23,Sunday
mouse_1,2025-08-17,,1,4,14,334.7784261703491,Hit,15.92744734087239,0,12,Sunday
mouse_1,2025-08-17,,1,4,15,358.23708748817444,Hit,14.115907571048865,0,11,Sunday
mouse_1,2025-08-17,,1,4,16,383.2082509994507,Hit,7.966072540952496,0,11,Sunday
mouse_1,2025-08-17,,1,4,17,406.41825795173645,Hit,5.092412138732016,0,7,Sunday
mouse_1,2025-08-17,,1,4,18,431.37753891944885,Hit,1.4701389685547497,0,7,Sunday
mouse_1,2025-08-17,,1,4,19,454.58728981018066,Hit,3.6607042365941993,0,20,Sunday
mouse_1,2025-08-17,,1,4,20,481.0470495223999,Hit,2.7586493994456873,0,8,Sunday
mouse_1,2025-08-17,,1,4,21,505.5067160129547,Hit,5.8872474236094945,0,6,Sunday
mouse_1,2025-08-17,,1,4,22,529.7162041664124,Hit,0.0,0,0,Sunday
mouse_1,2025-08-17,,1,4,23,553.9270617961884,Hit,0.0,0,0,Sunday
mouse_1,2025-08-17,,1,4,24,578.3760211467743,Hit,25.406762513581498,0,1,Sunday
mouse_1,2025-08-17,,1,4,25,604.084406375885,Hit,0.057064574930677736,0,29,Sunday
mouse_1,2025-08-17,,1,4,26,629.7831573486328,Hit,16.59601365110882,0,8,Sunday
mouse_1,2025-08-17,,1,4,27,655.7395553588867,Hit,2.975620118393408,0,10,Sunday
mouse_1,2025-08-17,,1,4,28,680.9615592956543,Hit,6.428165433974073,0,22,Sunday
mouse_1,2025-08-17,,1,4,29,705.9209141731262,Hit,10.983568512263219,0,9,Sunday
mouse_1,2025-08-17,,1,4,30,730.1398403644562,Hit,0.0,0,0,Sunday
mouse_1,2025-08-17,,1,4,31,755.8488667011261,Hit,1.7589647331883498,0,8,Sunday
mouse_1,2025-08-17,,1,4,32,781.0680594444275,Hit,11.385013190740779,0,5,Sunday
mouse_1,2025-08-17,,1,4,33,806.5265612602234,Hit,3.8828309844222986,0,4,Sunday
mouse_1,2025-08-17,,1,4,34,829.9867441654205,Hit,10.690067247976003,0,50,Sunday
mouse_1,2025-08-17,,1,4,35,853.4559679031372,Hit,11.515208324146784,0,9,Sunday
mouse_1,2025-08-17,,1,4,36,877.6647303104401,Hit,21.466437026675294,0,5,Sunday
mouse_1,2025-08-17,,1,4,37,901.8837554454803,Hit,14.596882005348789,0,9,Sunday
mouse_1,2025-08-17,,1,4,38,927.3519632816315,Hit,0.0,0,0,Sunday
mouse_1,2025-08-17,,1,4,39,953.5714757442474,Hit,5.613008931860577,0,12,Sunday
mouse_1,2025-08-17,,1,4,40,978.2771956920624,Hit,0.0,0,1,Sunday
mouse_1,2025-08-17,,1,4,41,1005.2494757175446,Hit,9.645227754730854,0,18,Sunday
mouse_1,2025-08-17,,1,4,42,1031.1995985507965,Hit,16.035372259674432,0,6,Sunday
mouse_1,2025-08-17,,1,4,43,1056.6673333644867,Hit,7.325704398663902,0,7,Sunday
mouse_1,2025-08-17,,1,4,44,1082.376352071762,Hit,10.532205521819833,0,7,Sunday
mouse_1,2025-08-17,,1,4,45,1109.0950813293457,Hit,10.317853523797567,0,3,Sunday
mouse_1,2025-08-17,,1,4,46,1132.8153808116913,Hit,7.479500244451856,0,10,Sunday
mouse_1,2025-08-17,,1,4,47,1156.276665687561,Hit,17.726052149720545,0,5,Sunday
mouse_1,2025-08-17,,1,4,48,1182.2468013763428,Hit,6.889979410610522,0,5,Sunday
mouse_1,2025-08-17,,1,4,49,1208.2171623706818,Hit,23.496504332900486,0,7,Sunday
mouse_1,2025-08-17,,1,4,50,1234.43914103508,Hit,11.18633673511681,0,10,Sunday
mouse_1,2025-08-17,,1,4,51,1257.898387670517,Hit,0.0,0,0,Sunday
mouse_1,2025-08-17,,1,4,52,1282.5962245464325,Hit,23.60712984586644,0,5,Sunday
mouse_1,2025-08-17,,1,4,53,1306.0595688819885,Hit,9.299126977055948,0,31,Sunday
mouse_1,2025-08-17,,1,4,54,1332.7793526649475,Hit,11.301659497947185,0,7,Sunday
mouse_1,2025-08-17,,1,4,55,1357.5012884140015,Hit,5.299947389447198,0,12,Sunday
mouse_1,2025-08-17,,1,4,56,1381.4591035842896,Hit,4.543826731755416,0,4,Sunday
mouse_1,2025-08-17,,1,4,57,1408.4311265945435,Hit,24.585362080602863,0,3,Sunday
mouse_1,2025-08-17,,1,4,58,1434.1295471191406,Hit,3.23464545811521,0,9,Sunday
mouse_1,2025-08-17,,1,4,59,1460.090490579605,Hit,21.162001377951583,0,4,Sunday
mouse_1,2025-08-17,,1,4,60,1486.0543503761292,Hit,13.28712872632127,0,6,Sunday
mouse_1,2025-08-17,,1,4,61,1512.0203573703766,Hit,15.169409361438056,0,2,Sunday
mouse_1,2025-08-17,,1,4,62,1535.237088918686,Hit,0.0,0,0,Sunday
mouse_1,2025-08-17,,1,4,63,1561.2003417015076,Hit,0.0,0,0,Sunday
mouse_1,2025-08-17,,1,4,64,1586.6599822044373,Hit,0.0,0,0,Sunday
mouse_1,2025-08-17,,1,4,65,1610.616218805313,Hit,25.662190993327613,0,1,Sunday
mouse_1,2025-08-17,,1,4,66,1637.328979253769,Hit,0.4152961237530235,0,18,Sunday
mouse_1,2025-08-17,,1,4,67,1663.7894706726074,Hit,7.475749797216622,0,3,Sunday
mouse_1,2025-08-17,,1,4,68,1687.4993948936462,Hit,5.966410912519223,0,5,Sunday
mouse_1,2025-08-17,,1,4,69,1711.458664894104,Hit,0.0,0,0,Sunday
mouse_1,2025-08-17,,1,4,70,1735.1686708927155,Hit,0.4629483208889269,0,6,Sunday
mouse_1,2025-08-17,,1,4,71,1761.8782951831818,Hit,0.0,0,0,Sunday
mouse_1,2025-08-17,,1,4,72,1785.0881876945496,Hit,0.0,0,0,Sunday
mouse_1,2025-08-17,,1,4,73,1808.7973124980927,Miss,,0,0,Sunday
mouse_1,2025-08-18,,1,5,1,0.02011704444885254,Hit,9.277641050685832,0,108,Monday
mouse_1,2025-08-18,,1,5,2,26.72755479812622,Hit,0.19971446199956588,0,182,Monday
mouse_1,2025-08-18,,1,5,3,52.181875228881836,Hit,0.13868217836196806,0,157,Monday
mouse_1,2025-08-18,,1,5,4,77.89733099937439,Hit,0.7255033487431319,0,108,Monday
mouse_1,2025-08-18,,1,5,5,103.35693097114563,Hit,0.7594368906088391,0,113,Monday
mouse_1,2025-08-18,,1,5,6,130.5773150920868,Hit,3.4201546218449437,0,101,Monday
mouse_1,2025-08-18,,1,5,7,154.53709530830383,Hit,0.021378144020758327,0,45,Monday
mouse_1,2025-08-18,,1,5,8,178.4969117641449,Hit,10.793516741982756,0,46,Monday
mouse_1,2025-08-18,,1,5,9,203.4534854888916,Hit,14.634652499520598,0,44,Monday
mouse_1,2025-08-18,,1,5,10,229.91713547706604,Hit,0.7409638753933905,0,32,Monday
mouse_1,2025-08-18,,1,5,11,255.62717366218567,Hit,21.32777977083026,0,29,Monday
mouse_1,2025-08-18,,1,5,12,279.3279695510864,Hit,0.06378744198445929,0,120,Monday
mouse_1,2025-08-18,,1,5,13,303.7794315814972,Hit,2.421465769984934,0,44,Monday
mouse_1,2025-08-18,,1,5,14,330.23648738861084,Hit,0.03981065160297703,0,85,Monday
mouse_1,2025-08-18,,1,5,15,354.19599509239197,Hit,5.448816984695384,0,50,Monday
mouse_1,2025-08-18,,1,5,16,379.4131910800934,Hit,4.214362380465502,0,25,Monday
mouse_1,2025-08-18,,1,5,17,406.3857114315033,Hit,5.536643873299852,0,30,Monday
mouse_1,2025-08-18,,1,5,18,432.60239124298096,Hit,8.31890749373963,0,31,Monday
mouse_1,2025-08-18,,1,5,19,458.82565689086914,Hit,2.667208400214008,0,28,Monday
mouse_1,2025-08-18,,1,5,20,483.5264666080475,Hit,1.3682880427550685,0,24,Monday
mouse_1,2025-08-18,,1,5,21,508.7356770038605,Hit,0.3078830768587295,0,80,Monday
mouse_1,2025-08-18,,1,5,22,534.9549448490143,Hit,7.924272866300271,0,20,Monday
mouse_1,2025-08-18,,1,5,23,558.6748721599579,Hit,1.7264550552382616,0,25,Monday
mouse_1,2025-08-18,,1,5,24,583.3847179412842,Hit,5.6310002004382795,0,25,Monday
mouse_1,2025-08-18,,1,5,25,608.8516042232513,Hit,9.972890288140889,0,44,Monday
mouse_1,2025-08-18,,1,5,26,634.3145742416382,Hit,9.597870813359009,0,26,Monday
mouse_1,2025-08-18,,1,5,27,661.0164506435394,Hit,4.3078391369114115,0,27,Monday
mouse_1,2025-08-18,,1,5,28,687.9837412834167,Hit,0.0,0,0,Monday
mouse_1,2025-08-18,,1,5,29,714.4440188407898,Hit,21.385164233748128,0,35,Monday
mouse_1,2025-08-18,,1,5,30,740.1540470123291,Hit,0.056047489897423475,0,102,Monday
mouse_1,2025-08-18,,1,5,31,764.3641338348389,Hit,11.00769520665574,0,51,Monday
mouse_1,2025-08-18,,1,5,32,788.8235623836517,Hit,18.46127644396927,0,13,Monday
mouse_1,2025-08-18,,1,5,33,813.7764391899109,Hit,7.828314222224208,0,32,Monday
mouse_1,2025-08-18,,1,5,34,839.7331178188324,Hit,7.832144293818374,0,19,Monday
mouse_1,2025-08-18,,1,5,35,864.2027411460876,Hit,9.353292242427187,0,17,Monday
mouse_1,2025-08-18,,1,5,36,889.6588945388794,Hit,1.2035769510000591,0,20,Monday
mouse_1,2025-08-18,,1,5,37,914.3726551532745,Hit,14.595168595954306,0,30,Monday
mouse_1,2025-08-18,,1,5,38,938.8320579528809,Hit,4.487732843918479,0,42,Monday
mouse_1,2025-08-18,,1,5,39,964.2864625453949,Hit,2.0806347593080545,0,16,Monday
mouse_1,2025-08-18,,1,5,40,990.261483669281,Hit,2.4766979928547244,0,26,Monday
mouse_1,2025-08-18,,1,5,41,1016.2116801738739,Hit,5.855164602710943,0,14,Monday
mouse_1,2025-08-18,,1,5,42,1039.9218790531158,Hit,0.8997930345169607,0,17,Monday
mouse_1,2025-08-18,,1,5,43,1066.8714945316315,Hit,0.0,0,0,Monday
mouse_1,2025-08-18,,1,5,44,1092.8306846618652,Hit,0.0,0,0,Monday
mouse_1,2025-08-18,,1,5,45,1119.5502531528473,Hit,2.772414820918357,0,49,Monday
mouse_1,2025-08-18,,1,5,46,1146.5201618671417,Hit,0.076093237763871,0,27,Monday
mouse_1,2025-08-18,,1,5,47,1172.7403256893158,Hit,1.3687912720999975,0,9,Monday
mouse_1,2025-08-18,,1,5,48,1196.6964280605316,Hit,1.1143599449833346,0,13,Monday
mouse_1,2025-08-18,,1,5,49,1222.9197182655334,Hit,1.6848300402591576,0,18,Monday
mouse_1,2025-08-18,,1,5,50,1249.3668859004974,Hit,3.6185969992177434,0,11,Monday
mouse_1,2025-08-18,,1,5,51,1274.5794775485992,Hit,1.1457862612717236,0,8,Monday
mouse_1,2025-08-18,,1,5,52,1300.276441335678,Hit,18.759310993458485,0,7,Monday
mouse_1,2025-08-18,,1,5,53,1324.7494149208069,Hit,9.213188340145734,0,5,Monday
mouse_1,2025-08-18,,1,5,54,1348.4692244529724,Hit,21.579795024078976,0,9,Monday
mouse_1,2025-08-18,,1,5,55,1372.678704738617,Hit,3.9933643524248055,0,20,Monday
mouse_1,2025-08-18,,1,5,56,1397.3885822296143,Hit,1.23439384572157,0,17,Monday
mouse_1,2025-08-18,,1,5,57,1423.8464395999908,Hit,16.045344742595717,0,11,Monday
mouse_1,2025-08-18,,1,5,58,1447.3181686401367,Hit,24.86691581564469,0,3,Monday
mouse_1,2025-08-18,,1,5,59,1472.537985086441,Hit,1.26755450778478,0,22,Monday
mouse_1,2025-08-18,,1,5,60,1499.4905869960785,Hit,1.5466025755058581,0,8,Monday
mouse_1,2025-08-18,,1,5,61,1523.9447729587555,Hit,21.11860870262535,0,12,Monday
mouse_1,2025-08-18,,1,5,62,1547.6539788246155,Hit,0.8135374312905697,0,23,Monday
mouse_1,2025-08-18,,1,5,63,1572.36758351326,Hit,4.056680617980646,0,5,Monday
mouse_1,2025-08-18,,1,5,64,1597.3364434242249,Hit,4.8736966924921035,0,7,Monday
mouse_1,2025-08-18,,1,5,65,1622.0468175411224,Hit,7.840966327383285,0,7,Monday
mouse_1,2025-08-18,,1,5,66,1646.5169146060944,Hit,21.121518179883196,0,11,Monday
mouse_1,2025-08-18,,1,5,67,1671.726101398468,Hit,3.2067359777911406,0,15,Monday
mouse_1,2025-08-18,,1,5,68,1698.6767106056213,Hit,0.0,0,0,Monday
mouse_1,2025-08-18,,1,5,69,1725.1465620994568,Hit,2.9143876414673286,0,36,Monday
mouse_1,2025-08-18,,1,5,70,1751.3659453392029,Hit,10.404258455621402,0,9,Monday
mouse_1,2025-08-18,,1,5,71,1775.0859863758087,Hit,0.06476146544878247,0,4,Monday
mouse_1,2025-08-18,,1,5,72,1800.7959303855896,Miss,,0,0,Monday
mouse_1,2025-08-19,,1,6,1,0.014734506607055664,Hit,2.1000883699722026,0,58,Tuesday
mouse_1,2025-08-19,,1,6,2,24.215681791305542,Hit,8.838211923925169,0,26,Tuesday
mouse_1,2025-08-19,,1,6,3,49.17204403877258,Hit,0.01709620204261597,0,47,Tuesday
mouse_1,2025-08-19,,1,6,4,74.89593887329102,Hit,7.112867914240667,0,28,Tuesday
mouse_1,2025-08-19,,1,6,5,99.10629606246948,Hit,10.50591956290998,0,27,Tuesday
mouse_1,2025-08-19,,1,6,6,124.8159327507019,Hit,0.6173445382231364,0,25,Tuesday
mouse_1,2025-08-19,,1,6,7,150.5275478363037,Hit,7.106013592099316,0,24,Tuesday
mouse_1,2025-08-19,,1,6,8,174.9876925945282,Hit,3.5689244239040647,0,14,Tuesday
mouse_1,2025-08-19,,1,6,9,200.20801448822021,Hit,4.05560879171756,0,18,Tuesday
mouse_1,2025-08-19,,1,6,10,225.91902947425842,Hit,18.229989234401046,0,31,Tuesday
mouse_1,2025-08-19,,1,6,11,250.39002466201782,Hit,3.507079416575806,0,74,Tuesday
mouse_1,2025-08-19,,1,6,12,275.344340801239,Hit,17.43713185446785,0,23,Tuesday
mouse_1,2025-08-19,,1,6,13,301.80083656311035,Hit,6.694984875210594,0,33,Tuesday
mouse_1,2025-08-19,,1,6,14,327.7562065124512,Hit,6.827897656812297,0,42,Tuesday
mouse_1,2025-08-19,,1,6,15,354.48172998428345,Hit,19.929600095257456,0,46,Tuesday
mouse_1,2025-08-19,,1,6,16,381.7026617527008,Hit,3.31954490829429,0,59,Tuesday
mouse_1,2025-08-19,,1,6,17,407.1625142097473,Hit,2.366132713278546,0,21,Tuesday
mouse_1,2025-08-19,,1,6,18,430.3643743991852,Hit,2.53708966978769,0,44,Tuesday
mouse_1,2025-08-19,,1,6,19,457.0738000869751,Hit,4.451523207552441,0,37,Tuesday
mouse_1,2025-08-19,,1,6,20,480.5341281890869,Hit,7.98426616451718,0,14,Tuesday
mouse_1,2025-08-19,,1,6,21,504.4821228981018,Hit,0.5751259945920992,0,19,Tuesday
mouse_1,2025-08-19,,1,6,22,528.9544994831085,Hit,0.0,0,0,Tuesday
mouse_1,2025-08-19,,1,6,23,556.1521906852722,Hit,18.173320025437306,0,16,Tuesday
mouse_1,2025-08-19,,1,6,24,582.8532679080963,Hit,0.7022794073279783,0,13,Tuesday
mouse_1,2025-08-19,,1,6,25,608.315301656723,Hit,1.081286244276498,0,12,Tuesday
mouse_1,2025-08-19,,1,6,26,631.7852103710175,Hit,0.0,0,0,Tuesday
mouse_1,2025-08-19,,1,6,27,657.2458782196045,Hit,2.623282269600395,0,39,Tuesday
mouse_1,2025-08-19,,1,6,28,680.9657325744629,Hit,19.194875045091976,0,18,Tuesday
mouse_1,2025-08-19,,1,6,29,704.9260659217834,Hit,0.0,0,15,Tuesday
mouse_1,2025-08-19,,1,6,30,729.6361870765686,Hit,5.839068069607151,0,54,Tuesday
mouse_1,2025-08-19,,1,6,31,754.8469226360321,Hit,4.515259733192238,0,8,Tuesday
mouse_1,2025-08-19,,1,6,32,780.8066453933716,Hit,17.659024114431872,0,12,Tuesday
mouse_1,2025-08-19,,1,6,33,807.0264148712158,Hit,4.344568946395157,0,6,Tuesday
mouse_1,2025-08-19,,1,6,34,833.7317762374878,Hit,0.010369391787889981,0,14,Tuesday
mouse_1,2025-08-19,,1,6,35,859.9468786716461,Hit,8.77561523597194,0,12,Tuesday
mouse_1,2025-08-19,,1,6,36,884.1572849750519,Hit,0.0,0,0,Tuesday
mouse_1,2025-08-19,,1,6,37,908.626946926117,Hit,0.0,0,0,Tuesday
mouse_1,2025-08-19,,1,6,38,935.0872123241425,Hit,18.31353571979639,0,17,Tuesday
mouse_1,2025-08-19,,1,6,39,958.2975299358368,Hit,0.4112818933458584,0,30,Tuesday
mouse_1,2025-08-19,,1,6,40,984.5080187320709,Hit,16.029341316114824,0,8,Tuesday
mouse_1,2025-08-19,,1,6,41,1010.4674746990204,Hit,8.524551939112598,0,12,Tuesday
mouse_1,2025-08-19,,1,6,42,1034.9231729507446,Hit,1.7946850088062547,0,8,Tuesday
mouse_1,2025-08-19,,1,6,43,1060.1374201774597,Hit,2.0699838977971012,0,18,Tuesday
mouse_1,2025-08-19,,1,6,44,1086.3443729877472,Hit,2.917294844728076,0,18,Tuesday
mouse_1,2025-08-19,,1,6,45,1110.8179235458374,Hit,1.078887541659924,0,9,Tuesday
mouse_1,2025-08-19,,1,6,46,1137.5278944969177,Hit,10.53250413466617,0,4,Tuesday
mouse_1,2025-08-19,,1,6,47,1161.237705230713,Hit,22.170719679738113,0,8,Tuesday
mouse_1,2025-08-19,,1,6,48,1187.448021888733,Hit,8.97955518214485,0,20,Tuesday
mouse_1,2025-08-19,,1,6,49,1211.9078538417816,Hit,15.651632162815531,0,8,Tuesday
mouse_1,2025-08-19,,1,6,50,1237.118047952652,Hit,4.470161764685599,0,8,Tuesday
mouse_1,2025-08-19,,1,6,51,1264.0877242088318,Hit,7.612476367330601,0,7,Tuesday
mouse_1,2025-08-19,,1,6,52,1287.2863516807556,Hit,1.5598888154274846,0,6,Tuesday
mouse_1,2025-08-19,,1,6,53,1312.7581777572632,Hit,16.0847273238694,0,10,Tuesday
mouse_1,2025-08-19,,1,6,54,1337.2120773792267,Hit,0.0,0,0,Tuesday
mouse_1,2025-08-19,,1,6,55,1363.6781640052795,Hit,0.27150813265006946,0,15,Tuesday
mouse_1,2025-08-19,,1,6,56,1389.6379992961884,Hit,0.0,0,0,Tuesday
mouse_1,2025-08-19,,1,6,57,1416.084368467331,Hit,15.6528447610699,0,14,Tuesday
mouse_1,2025-08-19,,1,6,58,1442.047599554062,Hit,7.320490793940735,0,22,Tuesday
mouse_1,2025-08-19,,1,6,59,1467.7581210136414,Hit,11.405964676677286,0,9,Tuesday
mouse_1,2025-08-19,,1,6,60,1493.7177300453186,Hit,1.9345784061820268,0,9,Tuesday
mouse_1,2025-08-19,,1,6,61,1519.6875002384186,Hit,0.0,0,0,Tuesday
mouse_1,2025-08-19,,1,6,62,1544.1585755348206,Hit,5.341511929947501,0,8,Tuesday
mouse_1,2025-08-19,,1,6,63,1569.86759018898,Hit,6.065980981278926,0,8,Tuesday
mouse_1,2025-08-19,,1,6,64,1596.3276998996735,Hit,0.8681295263429547,0,5,Tuesday
mouse_1,2025-08-19,,1,6,65,1622.5373814105988,Hit,23.21650236272285,0,10,Tuesday
mouse_1,2025-08-19,,1,6,66,1645.997419834137,Hit,0.02388419715020973,0,26,Tuesday
mouse_1,2025-08-19,,1,6,67,1669.467627286911,Hit,16.11933627982671,0,12,Tuesday
mouse_1,2025-08-19,,1,6,68,1693.1875150203705,Hit,1.0920438554346674,0,11,Tuesday
mouse_1,2025-08-19,,1,6,69,1718.647915840149,Hit,10.81999432793532,0,8,Tuesday
mouse_1,2025-08-19,,1,6,70,1745.3462941646576,Hit,1.2391824950909722,0,3,Tuesday
mouse_1,2025-08-19,,1,6,71,1769.0674514770508,Hit,19.59867214052133,0,13,Tuesday
mouse_1,2025-08-19,,1,6,72,1792.5279350280762,Hit,1.6911779755951102,0,18,Tuesday
mouse_1,2025-08-20,,1,7,1,0.023882150650024414,Hit,7.037950721331796,0,67,Wednesday
mouse_1,2025-08-20,,1,7,2,24.734154224395752,Hit,3.5989490393172865,0,48,Wednesday
mouse_1,2025-08-20,,1,7,3,50.193387269973755,Hit,0.6322668030009666,0,42,Wednesday
mouse_1,2025-08-20,,1,7,4,74.90048384666443,Hit,16.179649996972515,0,35,Wednesday
mouse_1,2025-08-20,,1,7,5,101.36608457565308,Hit,2.646908352825008,0,35,Wednesday
mouse_1,2025-08-20,,1,7,6,125.57371306419373,Hit,2.3172358362579644,0,26,Wednesday
mouse_1,2025-08-20,,1,7,7,150.7928228378296,Hit,2.257005249044255,0,32,Wednesday
mouse_1,2025-08-20,,1,7,8,175.2625274658203,Hit,6.225015558915402,0,27,Wednesday
mouse_1,2025-08-20,,1,7,9,202.4825828075409,Hit,1.3913312245556426,0,27,Wednesday
mouse_1,2025-08-20,,1,7,10,226.940979719162,Hit,1.6533067899687808,0,30,Wednesday
mouse_1,2025-08-20,,1,7,11,251.1468825340271,Hit,0.7387125509885664,0,26,Wednesday
mouse_1,2025-08-20,,1,7,12,277.8617844581604,Hit,3.0906134867560127,0,25,Wednesday
mouse_1,2025-08-20,,1,7,13,302.3189766407013,Hit,3.5517565289638355,0,22,Wednesday
mouse_1,2025-08-20,,1,7,14,327.7838795185089,Hit,4.5798370918150795,0,30,Wednesday
mouse_1,2025-08-20,,1,7,15,351.75124955177307,Hit,7.159295884658775,0,20,Wednesday
mouse_1,2025-08-20,,1,7,16,375.2213842868805,Hit,13.893713290467588,0,20,Wednesday
mouse_1,2025-08-20,,1,7,17,398.9411816596985,Hit,0.41381183298670976,0,50,Wednesday
mouse_1,2025-08-20,,1,7,18,425.4011449813843,Hit,5.782362080226392,0,24,Wednesday
mouse_1,2025-08-20,,1,7,19,452.3705003261566,Hit,3.1434117032588915,0,26,Wednesday
mouse_1,2025-08-20,,1,7,20,477.8410425186157,Hit,0.7681343656504964,0,27,Wednesday
mouse_1,2025-08-20,,1,7,21,501.55234718322754,Hit,17.13145125192068,0,31,Wednesday
mouse_1,2025-08-20,,1,7,22,525.0289652347565,Hit,1.2996531024776914,0,40,Wednesday
mouse_1,2025-08-20,,1,7,23,551.7406604290009,Hit,0.0,0,0,Wednesday
mouse_1,2025-08-20,,1,7,24,575.6857309341431,Hit,0.24783794411860072,0,28,Wednesday
mouse_1,2025-08-20,,1,7,25,602.3933322429657,Hit,1.1946992446346485,0,23,Wednesday
mouse_1,2025-08-20,,1,7,26,627.8527019023895,Hit,7.004363533619653,0,92,Wednesday
mouse_1,2025-08-20,,1,7,27,653.8094470500946,Hit,0.6360509433230845,0,147,Wednesday
mouse_1,2025-08-20,,1,7,28,679.029061794281,Hit,1.1893613401545053,0,84,Wednesday
mouse_1,2025-08-20,,1,7,29,702.4855017662048,Hit,1.062289134152934,0,111,Wednesday
mouse_1,2025-08-20,,1,7,30,726.709062576294,Hit,3.3193707592893134,0,70,Wednesday
mouse_1,2025-08-20,,1,7,31,750.6550617218018,Hit,0.5464410541898133,0,60,Wednesday
mouse_1,2025-08-20,,1,7,32,775.61869597435,Hit,0.9074668584527217,0,59,Wednesday
mouse_1,2025-08-20,,1,7,33,801.0802752971649,Hit,0.0,0,7,Wednesday
mouse_1,2025-08-20,,1,7,34,824.5239489078522,Hit,4.714145441502183,0,43,Wednesday
mouse_1,2025-08-20,,1,7,35,850.2375512123108,Hit,10.164637774248604,0,24,Wednesday
mouse_1,2025-08-20,,1,7,36,873.9573929309845,Hit,0.8551608411370353,0,35,Wednesday
mouse_1,2025-08-20,,1,7,37,897.6770825386047,Hit,12.984164264805258,0,31,Wednesday
mouse_1,2025-08-20,,1,7,38,924.647501707077,Hit,11.267237836437062,0,38,Wednesday
mouse_1,2025-08-20,,1,7,39,948.6073167324066,Hit,1.372065558897134,0,41,Wednesday
mouse_1,2025-08-20,,1,7,40,975.3164246082306,Hit,1.1207241803573424,0,33,Wednesday
mouse_1,2025-08-20,,1,7,41,1001.013427734375,Hit,1.0428903849434619,0,53,Wednesday
mouse_1,2025-08-20,,1,7,42,1024.4898722171783,Hit,1.1461730259318301,0,31,Wednesday
mouse_1,2025-08-20,,1,7,43,1048.1989378929138,Hit,0.9003067193229981,0,33,Wednesday
mouse_1,2025-08-20,,1,7,44,1073.6415989398956,Hit,2.160706540240426,0,37,Wednesday
mouse_1,2025-08-20,,1,7,45,1098.5951178073883,Hit,1.266935186557248,0,30,Wednesday
mouse_1,2025-08-20,,1,7,46,1123.8047211170197,Hit,0.7499874205625474,0,34,Wednesday
mouse_1,2025-08-20,,1,7,47,1148.2645602226257,Hit,0.0,0,0,Wednesday
mouse_1,2025-08-20,,1,7,48,1173.9745070934296,Hit (Calc),1.898484682766366,0,53,Wednesday
mouse_1,2025-08-20,,1,7,49,1197.1840846538544,Hit,5.444569573721537,0,38,Wednesday
mouse_1,2025-08-20,,1,7,50,1222.8936376571655,Hit,7.849042699644087,0,35,Wednesday
mouse_1,2025-08-20,,1,7,51,1248.854245185852,Hit,1.6309703339982207,0,30,Wednesday
mouse_1,2025-08-20,,1,7,52,1273.3133873939514,Hit,1.9653707155255233,0,29,Wednesday
mouse_1,2025-08-20,,1,7,53,1298.283266544342,Hit,0.9526846364128687,0,43,Wednesday
mouse_1,2025-08-20,,1,7,54,1322.4833490848541,Hit,3.5798917902875473,0,44,Wednesday
mouse_1,2025-08-20,,1,7,55,1348.9389426708221,Hit,1.9604620453503685,0,24,Wednesday
mouse_1,2025-08-20,,1,7,56,1375.6530334949493,Hit,2.8861282367990952,0,31,Wednesday
mouse_1,2025-08-20,,1,7,57,1400.612267255783,Hit,7.737873094665929,0,32,Wednesday
mouse_1,2025-08-20,,1,7,58,1426.8224711418152,Hit,0.9902648384450004,0,21,Wednesday
mouse_1,2025-08-20,,1,7,59,1452.7889485359192,Hit,10.664020894306987,0,42,Wednesday
mouse_1,2025-08-20,,1,7,60,1478.4992897510529,Hit,7.923721498575333,0,17,Wednesday
mouse_1,2025-08-20,,1,7,61,1502.22123837471,Hit,12.518313836692414,0,25,Wednesday
mouse_1,2025-08-20,,1,7,62,1528.1811122894287,Hit,6.7907520286796625,0,28,Wednesday
mouse_1,2025-08-20,,1,7,63,1552.640938282013,Hit,5.75957759147127,0,26,Wednesday
mouse_1,2025-08-20,,1,7,64,1579.0889956951141,Hit,3.367865049435977,0,29,Wednesday
mouse_1,2025-08-20,,1,7,65,1603.2860231399536,Hit,13.786094426530553,0,18,Wednesday
mouse_1,2025-08-20,,1,7,66,1628.760217666626,Hit,18.18360171954191,0,10,Wednesday
mouse_1,2025-08-20,,1,7,67,1653.2177488803864,Hit,10.546378175724385,0,21,Wednesday
mouse_1,2025-08-20,,1,7,68,1678.18359041214,Hit,1.1832926103552381,0,21,Wednesday
mouse_1,2025-08-20,,1,7,69,1701.3848645687103,Hit,1.261106593354043,0,24,Wednesday
mouse_1,2025-08-20,,1,7,70,1726.599454164505,Hit,0.922902176607522,0,15,Wednesday
mouse_1,2025-08-20,,1,7,71,1750.0586802959442,Hit,5.175060257409541,0,26,Wednesday
mouse_1,2025-08-20,,1,7,72,1775.7692561149597,Hit,1.7923386508762178,0,17,Wednesday
mouse_1,2025-08-20,,1,7,73,1799.489489555359,Miss,,0,0,Wednesday
mouse_1,2025-08-21,,1,8,1,0.019623279571533203,Hit,4.079164375808885,0,56,Thursday
mouse_1,2025-08-21,,1,8,2,25.717884063720703,Hit,4.535144757283355,0,40,Thursday
mouse_1,2025-08-21,,1,8,3,52.680428981781006,Hit,0.7121430675211968,0,29,Thursday
mouse_1,2025-08-21,,1,8,4,77.39050698280334,Hit,6.778647764007431,0,24,Thursday
mouse_1,2025-08-21,,1,8,5,102.09935188293457,Hit,1.309942444782095,0,25,Thursday
mouse_1,2025-08-21,,1,8,6,127.81052231788635,Hit,4.255885661484285,0,21,Thursday
mouse_1,2025-08-21,,1,8,7,153.52010488510132,Hit,0.8425381747857443,0,33,Thursday
mouse_1,2025-08-21,,1,8,8,177.7335798740387,Hit,2.2974568211720907,0,26,Thursday
mouse_1,2025-08-21,,1,8,9,203.68987941741943,Hit,2.100976389658456,0,69,Thursday
mouse_1,2025-08-21,,1,8,10,230.65489196777344,Hit,1.4261988214412895,0,20,Thursday
mouse_1,2025-08-21,,1,8,11,254.86098170280457,Hit,0.14752581894634886,0,69,Thursday
mouse_1,2025-08-21,,1,8,12,280.81256890296936,Hit,1.8233504324848582,0,48,Thursday
mouse_1,2025-08-21,,1,8,13,307.27144145965576,Hit,0.475450295069038,0,38,Thursday
mouse_1,2025-08-21,,1,8,14,333.4870574474335,Hit,2.3378367683913552,0,37,Thursday
mouse_1,2025-08-21,,1,8,15,359.71048617362976,Hit,15.863612107788015,0,29,Thursday
mouse_1,2025-08-21,,1,8,16,383.67076539993286,Hit,5.596396992940356,0,31,Thursday
mouse_1,2025-08-21,,1,8,17,410.3772015571594,Hit,1.4363104758800205,0,42,Thursday
mouse_1,2025-08-21,,1,8,18,433.60054755210876,Hit,1.4347192845266363,0,36,Thursday
mouse_1,2025-08-21,,1,8,19,460.0602169036865,Hit,8.053062228276303,0,36,Thursday
mouse_1,2025-08-21,,1,8,20,483.78074526786804,Hit,1.1265892335418926,0,46,Thursday
mouse_1,2025-08-21,,1,8,21,511.00030422210693,Hit,1.8300742994089205,0,51,Thursday
mouse_1,2025-08-21,,1,8,22,535.6978681087494,Hit,0.958739722443056,0,94,Thursday
mouse_1,2025-08-21,,1,8,23,559.6651711463928,Hit,1.51092934217138,0,36,Thursday
mouse_1,2025-08-21,,1,8,24,584.8903255462646,Hit,0.06591180870384505,0,150,Thursday
mouse_1,2025-08-21,,1,8,25,610.8510227203369,Hit,0.12281930067490521,0,179,Thursday
mouse_1,2025-08-21,,1,8,26,637.5699338912964,Hit,0.06782467426955918,0,209,Thursday
mouse_1,2025-08-21,,1,8,27,662.7774107456207,Hit,0.7563990033294203,0,158,Thursday
mouse_1,2025-08-21,,1,8,28,686.9911134243011,Hit,0.6597725489017421,0,85,Thursday
mouse_1,2025-08-21,,1,8,29,712.4533429145813,Hit,1.0362181907031527,0,96,Thursday
mouse_1,2025-08-21,,1,8,30,738.6705417633057,Hit,1.006268926770872,0,69,Thursday
mouse_1,2025-08-21,,1,8,31,763.8754069805145,Hit,2.0237034759261405,0,41,Thursday
mouse_1,2025-08-21,,1,8,32,787.8278667926788,Hit,1.9818829485308243,0,25,Thursday
mouse_1,2025-08-21,,1,8,33,812.295161485672,Hit,0.5007190788445541,0,45,Thursday
mouse_1,2025-08-21,,1,8,34,837.2482116222382,Hit,1.069598335452838,0,51,Thursday
mouse_1,2025-08-21,,1,8,35,861.2078640460968,Hit,10.403406289296527,0,32,Thursday
mouse_1,2025-08-21,,1,8,36,886.4198925495148,Hit,9.795821586389366,0,26,Thursday
mouse_1,2025-08-21,,1,8,37,912.638020992279,Hit,2.143471890943488,0,32,Thursday
mouse_1,2025-08-21,,1,8,38,938.0969443321228,Hit,0.635425593828586,0,42,Thursday
mouse_1,2025-08-21,,1,8,39,962.3063604831696,Hit,0.194923810664136,0,21,Thursday
mouse_1,2025-08-21,,1,8,40,985.5141041278839,Hit,1.140984175760309,0,17,Thursday
mouse_1,2025-08-21,,1,8,41,1010.7323567867279,Hit,4.9361623786053315,0,35,Thursday
mouse_1,2025-08-21,,1,8,42,1036.6908886432648,Hit,0.024183854184229858,0,101,Thursday
mouse_1,2025-08-21,,1,8,43,1063.6500551700592,Hit,6.342422704753517,0,82,Thursday
mouse_1,2025-08-21,,1,8,44,1089.1088705062866,Hit,12.139853640032243,0,24,Thursday
mouse_1,2025-08-21,,1,8,45,1113.5674104690552,Hit,1.3574363112477386,0,47,Thursday
mouse_1,2025-08-21,,1,8,46,1138.2763500213623,Hit,1.8384567715254434,0,21,Thursday
mouse_1,2025-08-21,,1,8,47,1162.2279574871063,Hit,17.254149964451926,0,35,Thursday
mouse_1,2025-08-21,,1,8,48,1188.9239284992218,Hit,1.5548916123702838,0,28,Thursday
mouse_1,2025-08-21,,1,8,49,1213.1278848648071,Hit,14.926841450284883,0,31,Thursday
mouse_1,2025-08-21,,1,8,50,1237.5794575214386,Hit,2.0376241523497356,0,30,Thursday
mouse_1,2025-08-21,,1,8,51,1264.537867307663,Hit,0.7329582132122141,0,23,Thursday
mouse_1,2025-08-21,,1,8,52,1289.4991171360016,Hit,4.4928011711938325,0,23,Thursday
mouse_1,2025-08-21,,1,8,53,1315.2178606987,Hit,15.433389591407376,0,47,Thursday
mouse_1,2025-08-21,,1,8,54,1341.6778826713562,Hit,0.42632569976990453,0,24,Thursday
mouse_1,2025-08-21,,1,8,55,1365.122427225113,Hit,13.02632348438442,0,20,Thursday
mouse_1,2025-08-21,,1,8,56,1391.332303762436,Hit,6.60598962477161,0,38,Thursday
mouse_1,2025-08-21,,1,8,57,1415.3056809902191,Hit,2.1422319664495717,0,19,Thursday
mouse_1,2025-08-21,,1,8,58,1441.7652118206024,Hit,0.8019062324094648,0,27,Thursday
mouse_1,2025-08-21,,1,8,59,1465.72429728508,Hit,0.0,0,0,Thursday
mouse_1,2025-08-21,,1,8,60,1490.683791399002,Hit,1.4798300139609637,0,36,Thursday
mouse_1,2025-08-21,,1,8,61,1515.6378631591797,Hit,3.173882685552371,0,40,Thursday
mouse_1,2025-08-21,,1,8,62,1541.3528306484222,Hit,0.026330272608220184,0,31,Thursday
mouse_1,2025-08-21,,1,8,63,1564.8118422031403,Hit,0.7320044488947133,0,46,Thursday
mouse_1,2025-08-21,,1,8,64,1591.7805767059326,Hit,7.987534524261264,0,16,Thursday
mouse_1,2025-08-21,,1,8,65,1615.2399153709412,Hit,0.0,0,0,Thursday
mouse_1,2025-08-21,,1,8,66,1642.199630022049,Hit,1.9202176756009521,0,22,Thursday
mouse_1,2025-08-21,,1,8,67,1666.1596794128418,Hit,5.503601479858617,0,27,Thursday
mouse_1,2025-08-21,,1,8,68,1691.6280834674835,Hit,0.9743967058232101,0,20,Thursday
mouse_1,2025-08-21,,1,8,69,1717.8473508358002,Hit,1.906448479617893,0,27,Thursday
mouse_1,2025-08-21,,1,8,70,1743.547880411148,Hit,0.0,0,0,Thursday
mouse_1,2025-08-21,,1,8,71,1769.506190776825,Hit,0.0,0,0,Thursday
mouse_1,2025-08-21,,1,8,72,1792.9747982025146,Hit,0.0,0,0,Thursday
mouse_1,2025-08-24,,2,1,1,0.018960237503051758,Hit,2.52749926746648,0,80,Sunday
mouse_1,2025-08-24,,2,1,2,26.728865146636963,Hit,1.2861015065073893,0,81,Sunday
mouse_1,2025-08-24,,2,1,3,49.93366193771362,Hit,1.5877913194161621,0,91,Sunday
mouse_1,2025-08-24,,2,1,4,76.88435244560242,Hit,0.05436043574621863,0,49,Sunday
mouse_1,2025-08-24,,2,1,5,102.34140300750732,Hit,0.48004755138981636,0,57,Sunday
mouse_1,2025-08-24,,2,1,6,125.5618462562561,Hit,4.055899653861815,0,60,Sunday
mouse_1,2025-08-24,,2,1,7,151.0335295200348,Hit,1.6519059395732825,0,37,Sunday
mouse_1,2025-08-24,,2,1,8,177.00507760047913,Hit,0.6527587423427406,0,43,Sunday
mouse_1,2025-08-24,,2,1,9,201.96680402755737,Hit,4.0150584698064335,0,34,Sunday
mouse_1,2025-08-24,,2,1,10,225.17790508270264,Miss,,0,20,Sunday
mouse_1,2025-08-24,,2,1,11,251.6399064064026,Miss,,0,16,Sunday
mouse_1,2025-08-24,,2,1,12,275.3436846733093,Hit,3.8934301305708345,0,27,Sunday
mouse_1,2025-08-24,,2,1,13,301.0603497028351,Miss,,0,8,Sunday
mouse_1,2025-08-24,,2,1,14,327.52148818969727,Miss,,0,8,Sunday
mouse_1,2025-08-24,,2,1,15,354.2307653427124,Hit,3.801723761593337,0,43,Sunday
mouse_1,2025-08-24,,2,1,16,379.4508237838745,Miss,,0,10,Sunday
mouse_1,2025-08-24,,2,1,17,405.1551105976105,Miss,,0,8,Sunday
mouse_1,2025-08-24,,2,1,18,430.38063645362854,Hit,3.1146560155552834,0,30,Sunday
mouse_1,2025-08-24,,2,1,19,456.33999466896057,Hit,0.7045766167159968,0,35,Sunday
mouse_1,2025-08-24,,2,1,20,480.30925703048706,Miss,,0,6,Sunday
mouse_1,2025-08-24,,2,1,21,504.50692534446716,Miss,,0,0,Sunday
mouse_1,2025-08-24,,2,1,22,531.4678907394409,Hit,1.973102694328304,0,32,Sunday
mouse_1,2025-08-24,,2,1,23,556.6751048564911,Hit,0.43498024859752604,0,35,Sunday
mouse_1,2025-08-24,,2,1,24,582.8874940872192,Miss,,0,3,Sunday
mouse_1,2025-08-24,,2,1,25,608.8460085391998,Hit,2.8076644487035765,0,33,Sunday
mouse_1,2025-08-24,,2,1,26,632.5575859546661,Miss,,0,9,Sunday
mouse_1,2025-08-24,,2,1,27,656.5151073932648,Hit,0.686174500487482,0,18,Sunday
mouse_1,2025-08-24,,2,1,28,682.2104721069336,Miss,,0,6,Sunday
mouse_1,2025-08-24,,2,1,29,709.4214186668396,Miss,,0,7,Sunday
mouse_1,2025-08-24,,2,1,30,734.8733804225922,Miss,,0,14,Sunday
mouse_1,2025-08-24,,2,1,31,760.0988631248474,Miss,,0,3,Sunday
mouse_1,2025-08-24,,2,1,32,785.8028750419617,Hit,0.20150080637426981,0,29,Sunday
mouse_1,2025-08-24,,2,1,33,810.5150828361511,Miss,,0,6,Sunday
mouse_1,2025-08-24,,2,1,34,834.7251119613647,Hit,0.22068074256674208,0,39,Sunday
mouse_1,2025-08-24,,2,1,35,860.443178653717,Miss,,0,23,Sunday
mouse_1,2025-08-24,,2,1,36,885.1600089073181,Miss,,0,9,Sunday
mouse_1,2025-08-24,,2,1,37,911.3807508945465,Hit,1.5455815133565238,0,7,Sunday
mouse_1,2025-08-24,,2,1,38,935.5906040668488,Miss,,0,10,Sunday
mouse_1,2025-08-24,,2,1,39,959.2975809574127,Miss,,0,3,Sunday
mouse_1,2025-08-24,,2,1,40,985.4933438301086,Hit,0.056369413409129265,0,17,Sunday
mouse_1,2025-08-24,,2,1,41,1008.7023448944092,Miss,,0,0,Sunday
mouse_1,2025-08-24,,2,1,42,1033.4160180091858,Hit,2.3702736770405863,0,29,Sunday
mouse_1,2025-08-24,,2,1,43,1060.6352219581604,Miss,,0,11,Sunday
mouse_1,2025-08-24,,2,1,44,1085.5898809432983,Hit,0.03581406604962467,0,28,Sunday
mouse_1,2025-08-24,,2,1,45,1110.2986934185028,Miss,,0,6,Sunday
mouse_1,2025-08-24,,2,1,46,1136.255095243454,Miss,,0,6,Sunday
mouse_1,2025-08-24,,2,1,47,1163.2150950431824,Miss,,0,0,Sunday
mouse_1,2025-08-24,,2,1,48,1187.182254076004,Hit,1.2309404745217307,0,24,Sunday
mouse_1,2025-08-24,,2,1,49,1214.1564106941223,Miss,,0,9,Sunday
mouse_1,2025-08-24,,2,1,50,1238.8751230239868,Miss,,0,5,Sunday
mouse_1,2025-08-24,,2,1,51,1264.833313703537,Hit,4.671129008103662,0,16,Sunday
mouse_1,2025-08-24,,2,1,52,1290.7969977855682,Hit,1.5009700747152692,0,33,Sunday
mouse_1,2025-08-24,,2,1,53,1314.50829911232,Hit,1.4641638279640574,0,36,Sunday
mouse_1,2025-08-24,,2,1,54,1338.7159986495972,Miss,,0,11,Sunday
mouse_1,2025-08-24,,2,1,55,1365.9428763389587,Miss,,0,3,Sunday
mouse_1,2025-08-24,,2,1,56,1390.663789987564,Miss,,0,3,Sunday
mouse_1,2025-08-24,,2,1,57,1415.3755900859833,Miss,,0,0,Sunday
mouse_1,2025-08-24,,2,1,58,1438.8225865364075,Miss,,0,4,Sunday
mouse_1,2025-08-24,,2,1,59,1465.5375182628632,Miss,,0,10,Sunday
mouse_1,2025-08-24,,2,1,60,1488.998081445694,Miss,,0,0,Sunday
mouse_1,2025-08-24,,2,1,61,1514.202185869217,Miss,,0,3,Sunday
mouse_1,2025-08-24,,2,1,62,1540.159523487091,Miss,,0,4,Sunday
mouse_1,2025-08-24,,2,1,63,1566.869760274887,Miss,,0,0,Sunday
mouse_1,2025-08-24,,2,1,64,1593.8236365318298,Miss,,0,7,Sunday
mouse_1,2025-08-24,,2,1,65,1621.0302028656006,Miss,,0,10,Sunday
mouse_1,2025-08-24,,2,1,66,1647.9758503437042,Miss,,0,0,Sunday
mouse_1,2025-08-24,,2,1,67,1674.6871824264526,Miss,,0,0,Sunday
mouse_1,2025-08-24,,2,1,68,1698.40025472641,Miss,,0,0,Sunday
mouse_1,2025-08-24,,2,1,69,1722.355178117752,Miss,,0,0,Sunday
mouse_1,2025-08-24,,2,1,70,1748.0602424144745,Miss,,0,0,Sunday
mouse_1,2025-08-24,,2,1,71,1774.5078916549683,Miss,,0,1,Sunday
mouse_1,2025-08-24,,2,1,72,1799.9692664146423,Miss,,0,0,Sunday
mouse_1,2025-08-25,,2,2,1,0.013437747955322266,Hit,1.300120321842499,0,90,Monday
mouse_1,2025-08-25,,2,2,2,26.23189091682434,Hit,0.12672891803967445,0,157,Monday
mouse_1,2025-08-25,,2,2,3,50.942140102386475,Miss,,0,39,Monday
mouse_1,2025-08-25,,2,2,4,78.16176533699036,Miss,,0,37,Monday
mouse_1,2025-08-25,,2,2,5,104.38188314437866,Hit,0.061280128378868426,0,119,Monday
mouse_1,2025-08-25,,2,2,6,128.10176849365234,Miss,,0,40,Monday
mouse_1,2025-08-25,,2,2,7,154.56177377700806,Hit,1.34905868245977,0,86,Monday
mouse_1,2025-08-25,,2,2,8,181.25975036621094,Hit,2.849954046533412,0,61,Monday
mouse_1,2025-08-25,,2,2,9,207.2224826812744,Hit,1.8220342112153958,0,98,Monday
mouse_1,2025-08-25,,2,2,10,233.1818506717682,Hit,0.06941918008323,0,85,Monday
mouse_1,2025-08-25,,2,2,11,259.1418113708496,Miss,,0,15,Monday
mouse_1,2025-08-25,,2,2,12,284.6016619205475,Miss,,0,47,Monday
mouse_1,2025-08-25,,2,2,13,310.5607154369354,Miss,,0,8,Monday
mouse_1,2025-08-25,,2,2,14,336.02077770233154,Miss,,0,5,Monday
mouse_1,2025-08-25,,2,2,15,361.48055386543274,Miss,,0,4,Monday
mouse_1,2025-08-25,,2,2,16,385.9506480693817,Miss,,0,22,Monday
mouse_1,2025-08-25,,2,2,17,412.17002725601196,Miss,,0,8,Monday
mouse_1,2025-08-25,,2,2,18,435.63024854660034,Miss,,0,0,Monday
mouse_1,2025-08-25,,2,2,19,458.84995889663696,Miss,,0,3,Monday
mouse_1,2025-08-25,,2,2,20,482.5700867176056,Hit,0.9072037314316503,0,43,Monday
mouse_1,2025-08-25,,2,2,21,507.28046464920044,Miss,,0,7,Monday
mouse_1,2025-08-25,,2,2,22,532.7496078014374,Miss,,0,14,Monday
mouse_1,2025-08-25,,2,2,23,558.9695293903351,Hit,1.5592044011725648,0,63,Monday
mouse_1,2025-08-25,,2,2,24,585.4290907382965,Miss,,0,15,Monday
mouse_1,2025-08-25,,2,2,25,609.8988220691681,Miss,,0,19,Monday
mouse_1,2025-08-25,,2,2,26,634.8583788871765,Hit (Calc),3.3710586683695283,0,12,Monday
mouse_1,2025-08-25,,2,2,27,659.5621783733368,Hit,1.65551358518519,0,29,Monday
mouse_1,2025-08-25,,2,2,28,683.2776775360107,Hit (Calc),4.632687021607012,0,1,Monday
mouse_1,2025-08-25,,2,2,29,709.4967522621155,Miss,,0,0,Monday
mouse_1,2025-08-25,,2,2,30,733.7078468799591,Miss,,0,0,Monday
mouse_1,2025-08-25,,2,2,31,760.6758587360382,Miss,,0,3,Monday
mouse_1,2025-08-25,,2,2,32,785.3861870765686,Hit,0.34827656240190663,0,58,Monday
mouse_1,2025-08-25,,2,2,33,810.0956087112427,Hit,0.2582793739557019,0,24,Monday
mouse_1,2025-08-25,,2,2,34,833.5547297000885,Miss,,0,7,Monday
mouse_1,2025-08-25,,2,2,35,858.7644562721252,Hit,2.745112779360511,0,36,Monday
mouse_1,2025-08-25,,2,2,36,883.9738481044769,Hit,1.5324989967398324,0,47,Monday
mouse_1,2025-08-25,,2,2,37,910.9230878353119,Hit (Calc),3.330070160557625,0,34,Monday
mouse_1,2025-08-25,,2,2,38,934.8933525085449,Hit,0.1090869810221875,0,80,Monday
mouse_1,2025-08-25,,2,2,39,961.6029999256134,Miss,,0,15,Monday
mouse_1,2025-08-25,,2,2,40,987.3127167224884,Miss,,0,15,Monday
mouse_1,2025-08-25,,2,2,41,1011.0223484039307,Hit,0.04339302128971667,0,57,Monday
mouse_1,2025-08-25,,2,2,42,1035.241715669632,Miss,,0,0,Monday
mouse_1,2025-08-25,,2,2,43,1059.2018146514893,Miss,,0,0,Monday
mouse_1,2025-08-25,,2,2,44,1086.1616287231445,Miss,,0,0,Monday
mouse_1,2025-08-25,,2,2,45,1113.1212244033813,Hit,0.09511292783167846,0,47,Monday
mouse_1,2025-08-25,,2,2,46,1138.5664720535278,Hit,0.34233497878835806,0,35,Monday
mouse_1,2025-08-25,,2,2,47,1164.2675604820251,Miss,,0,11,Monday
mouse_1,2025-08-25,,2,2,48,1190.7305722236633,Miss,,0,0,Monday
mouse_1,2025-08-25,,2,2,49,1214.4311003684998,Miss,,0,23,Monday
mouse_1,2025-08-25,,2,2,50,1238.8901665210724,Hit,0.08458904713097581,0,42,Monday
mouse_1,2025-08-25,,2,2,51,1264.5914783477783,Hit,0.09499640664898834,0,51,Monday
mouse_1,2025-08-25,,2,2,52,1289.5495247840881,Miss,,0,5,Monday
mouse_1,2025-08-25,,2,2,53,1315.507221698761,Miss,,0,1,Monday
mouse_1,2025-08-25,,2,2,54,1338.7122538089752,Hit,1.0026668880439047,0,62,Monday
mouse_1,2025-08-25,,2,2,55,1363.4184617996216,Miss,,0,0,Monday
mouse_1,2025-08-25,,2,2,56,1389.1381859779358,Hit,2.9084019768461076,0,59,Monday
mouse_1,2025-08-25,,2,2,57,1415.3575775623322,Miss,,0,0,Monday
mouse_1,2025-08-25,,2,2,58,1439.82772397995,Miss,,0,0,Monday
mouse_1,2025-08-25,,2,2,59,1464.7875525951385,Miss,,0,0,Monday
mouse_1,2025-08-25,,2,2,60,1490.747445344925,Miss,,0,4,Monday
mouse_1,2025-08-25,,2,2,61,1515.9553709030151,Hit,0.4194169150543985,0,48,Monday
mouse_1,2025-08-25,,2,2,62,1541.667014837265,Miss,,0,0,Monday
mouse_1,2025-08-25,,2,2,63,1564.8766162395477,Hit,2.3635212191502433,0,35,Monday
mouse_1,2025-08-25,,2,2,64,1589.8321866989136,Miss,,0,7,Monday
mouse_1,2025-08-25,,2,2,65,1616.0463438034058,Miss,,0,14,Monday
mouse_1,2025-08-25,,2,2,66,1641.7514123916626,Miss,,0,0,Monday
mouse_1,2025-08-25,,2,2,67,1665.2122938632965,Hit,1.3531398690618062,0,140,Monday
mouse_1,2025-08-25,,2,2,68,1692.1757910251617,Hit,0.0541934037437386,0,89,Monday
mouse_1,2025-08-25,,2,2,69,1717.885573387146,Hit,0.047002422544210276,0,67,Monday
mouse_1,2025-08-25,,2,2,70,1741.5958967208862,Hit,1.5603598076477283,0,74,Monday
mouse_1,2025-08-25,,2,2,71,1765.0527775287628,Hit,0.08111485693507348,0,45,Monday
mouse_1,2025-08-25,,2,2,72,1788.762178659439,Miss,,0,11,Monday
mouse_1,2025-08-26,,2,3,1,0.011733293533325195,Hit,2.8548819722991254,0,99,Tuesday
mouse_1,2025-08-26,,2,3,2,25.7187716960907,Hit,0.0337400811204418,0,181,Tuesday
mouse_1,2025-08-26,,2,3,3,49.43393611907959,Hit,0.3422803287780738,0,85,Tuesday
mouse_1,2025-08-26,,2,3,4,73.15231680870056,Hit,2.807321807027037,0,34,Tuesday
mouse_1,2025-08-26,,2,3,5,98.11226463317871,Hit,0.03786128854761728,0,140,Tuesday
mouse_1,2025-08-26,,2,3,6,125.32353472709656,Hit,0.05104444886032411,0,125,Tuesday
mouse_1,2025-08-26,,2,3,7,150.54270124435425,Hit,0.0010423714255409777,0,61,Tuesday
mouse_1,2025-08-26,,2,3,8,176.01253271102905,Hit,0.02534080636795011,0,107,Tuesday
mouse_1,2025-08-26,,2,3,9,202.2319405078888,Hit,0.3342160198652948,0,102,Tuesday
mouse_1,2025-08-26,,2,3,10,227.94213962554932,Hit,1.4739379913149833,0,41,Tuesday
mouse_1,2025-08-26,,2,3,11,252.6514537334442,Hit,0.03887179650081407,0,34,Tuesday
mouse_1,2025-08-26,,2,3,12,276.1210446357727,Miss,,0,33,Tuesday
mouse_1,2025-08-26,,2,3,13,302.3406867980957,Hit,0.037945095472196044,0,85,Tuesday
mouse_1,2025-08-26,,2,3,14,328.0448386669159,Hit,0.0998461061586795,0,34,Tuesday
mouse_1,2025-08-26,,2,3,15,354.27053570747375,Miss,,0,16,Tuesday
mouse_1,2025-08-26,,2,3,16,380.73054552078247,Hit,0.08614329667506126,0,49,Tuesday
mouse_1,2025-08-26,,2,3,17,405.19955229759216,Miss,,0,0,Tuesday
mouse_1,2025-08-26,,2,3,18,428.91963291168213,Hit,1.116008013221517,0,51,Tuesday
mouse_1,2025-08-26,,2,3,19,454.62684655189514,Hit,2.4981212753489785,0,28,Tuesday
mouse_1,2025-08-26,,2,3,20,479.5780198574066,Miss,,0,0,Tuesday
mouse_1,2025-08-26,,2,3,21,504.5382583141327,Hit,0.8653972205100331,0,37,Tuesday
mouse_1,2025-08-26,,2,3,22,531.2423038482666,Hit,0.3992206085649741,0,55,Tuesday
mouse_1,2025-08-26,,2,3,23,554.9452855587006,Miss,,0,4,Tuesday
mouse_1,2025-08-26,,2,3,24,580.6578941345215,Hit,0.5765945377485195,0,24,Tuesday
mouse_1,2025-08-26,,2,3,25,605.6171233654022,Miss,,0,0,Tuesday
mouse_1,2025-08-26,,2,3,26,632.5723147392273,Hit,0.6863781580201476,0,23,Tuesday
mouse_1,2025-08-26,,2,3,27,659.2866916656494,Hit (Calc),3.846744704933485,0,29,Tuesday
mouse_1,2025-08-26,,2,3,28,684.5063126087189,Hit,0.07821653661960681,0,90,Tuesday
mouse_1,2025-08-26,,2,3,29,709.2222754955292,Hit,0.6421817058754868,0,46,Tuesday
mouse_1,2025-08-26,,2,3,30,734.6744554042816,Hit,1.3669314064234186,0,69,Tuesday
mouse_1,2025-08-26,,2,3,31,758.6423766613007,Hit,1.8645338077616316,0,36,Tuesday
mouse_1,2025-08-26,,2,3,32,785.342937707901,Miss,,0,15,Tuesday
mouse_1,2025-08-26,,2,3,33,810.292448759079,Hit,0.10130870675175174,0,39,Tuesday
mouse_1,2025-08-26,,2,3,34,835.5046241283417,Miss,,0,8,Tuesday
mouse_1,2025-08-26,,2,3,35,859.7251160144806,Hit,1.2112729363421977,0,65,Tuesday
mouse_1,2025-08-26,,2,3,36,886.6939244270325,Miss,,0,0,Tuesday
mouse_1,2025-08-26,,2,3,37,910.6539688110352,Miss,,0,22,Tuesday
mouse_1,2025-08-26,,2,3,38,937.3577375411987,Hit,0.006648321345892327,0,34,Tuesday
mouse_1,2025-08-26,,2,3,39,964.3336946964264,Miss,,0,3,Tuesday
mouse_1,2025-08-26,,2,3,40,988.043249130249,Miss,,0,0,Tuesday
mouse_1,2025-08-26,,2,3,41,1014.4931426048279,Miss,,0,0,Tuesday
mouse_1,2025-08-26,,2,3,42,1038.7028946876526,Miss,,0,2,Tuesday
mouse_1,2025-08-26,,2,3,43,1063.6634640693665,Miss,,0,4,Tuesday
mouse_1,2025-08-26,,2,3,44,1088.3674969673157,Miss,,0,0,Tuesday
mouse_1,2025-08-26,,2,3,45,1114.3329939842224,Hit,1.2946979121143158,0,65,Tuesday
mouse_1,2025-08-26,,2,3,46,1140.7922179698944,Hit,0.8830797845264442,0,64,Tuesday
mouse_1,2025-08-26,,2,3,47,1164.2617633342743,Miss,,0,0,Tuesday
mouse_1,2025-08-26,,2,3,48,1188.7314207553864,Hit,2.9058285947633067,0,38,Tuesday
mouse_1,2025-08-26,,2,3,49,1212.1870560646057,Hit,0.014199479261833403,0,65,Tuesday
mouse_1,2025-08-26,,2,3,50,1239.151159286499,Hit,1.7700296440461898,0,51,Tuesday
mouse_1,2025-08-26,,2,3,51,1264.3582499027252,Hit,2.209020609880099,0,72,Tuesday
mouse_1,2025-08-26,,2,3,52,1291.0711805820465,Miss,,0,0,Tuesday
mouse_1,2025-08-26,,2,3,53,1317.5222699642181,Hit,1.8574776452028345,0,40,Tuesday
mouse_1,2025-08-26,,2,3,54,1343.7299406528473,Miss,,0,0,Tuesday
mouse_1,2025-08-26,,2,3,55,1369.6851880550385,Miss,,0,0,Tuesday
mouse_1,2025-08-26,,2,3,56,1394.6418063640594,Miss,,0,0,Tuesday
mouse_1,2025-08-26,,2,3,57,1421.0954594612122,Miss,,0,7,Tuesday
mouse_1,2025-08-26,,2,3,58,1447.3090796470642,Hit,0.20344866025652664,0,24,Tuesday
mouse_1,2025-08-26,,2,3,59,1471.7791938781738,Miss,,0,5,Tuesday
mouse_1,2025-08-26,,2,3,60,1497.4887495040894,Miss,,0,5,Tuesday
mouse_1,2025-08-26,,2,3,61,1524.1956901550293,Miss,,0,0,Tuesday
mouse_1,2025-08-26,,2,3,62,1548.1682856082916,Miss,,0,7,Tuesday
mouse_1,2025-08-26,,2,3,63,1574.8782143592834,Hit,1.0259191070042561,0,45,Tuesday
mouse_1,2025-08-26,,2,3,64,1598.5878684520721,Miss,,0,0,Tuesday
mouse_1,2025-08-26,,2,3,65,1622.3004529476166,Hit,0.46915851943845155,0,31,Tuesday
mouse_1,2025-08-26,,2,3,66,1649.2575206756592,Miss,,0,0,Tuesday
mouse_1,2025-08-26,,2,3,67,1673.966647386551,Miss,,0,0,Tuesday
mouse_1,2025-08-26,,2,3,68,1698.1770901679993,Miss,,0,0,Tuesday
mouse_1,2025-08-26,,2,3,69,1722.3967497348785,Miss,,0,0,Tuesday
mouse_1,2025-08-26,,2,3,70,1748.1066858768463,Miss,,0,5,Tuesday
mouse_1,2025-08-26,,2,3,71,1773.3263401985168,Miss,,0,0,Tuesday
mouse_1,2025-08-26,,2,3,72,1798.2719588279724,Miss,,0,0,Tuesday
mouse_1,2025-08-27,,2,4,1,0.014879226684570312,Hit,3.200492103167843,0,62,Wednesday
mouse_1,2025-08-27,,2,4,2,25.714046478271484,Hit,0.09067802809626357,0,106,Wednesday
mouse_1,2025-08-27,,2,4,3,52.16991448402405,Hit,0.029837896352745474,0,129,Wednesday
mouse_1,2025-08-27,,2,4,4,75.62551474571228,Hit,0.39099668747098804,0,71,Wednesday
mouse_1,2025-08-27,,2,4,5,100.58171343803406,Miss,,0,37,Wednesday
mouse_1,2025-08-27,,2,4,6,126.80160641670227,Miss,,0,18,Wednesday
mouse_1,2025-08-27,,2,4,7,150.75259733200073,Miss,,0,4,Wednesday
mouse_1,2025-08-27,,2,4,8,176.71128273010254,Hit,0.5781311959655966,0,43,Wednesday
mouse_1,2025-08-27,,2,4,9,200.92138242721558,Miss,,0,5,Wednesday
mouse_1,2025-08-27,,2,4,10,225.14074230194092,Hit,1.209796684007955,0,69,Wednesday
mouse_1,2025-08-27,,2,4,11,248.61036205291748,Hit,1.3648751141101343,0,44,Wednesday
mouse_1,2025-08-27,,2,4,12,273.81461238861084,Miss,,0,7,Wednesday
mouse_1,2025-08-27,,2,4,13,299.27125883102417,Hit,1.534246082469167,0,108,Wednesday
mouse_1,2025-08-27,,2,4,14,324.4806261062622,Hit,0.5236154047329933,0,61,Wednesday
mouse_1,2025-08-27,,2,4,15,350.69066166877747,Miss,,0,31,Wednesday
mouse_1,2025-08-27,,2,4,16,374.6502227783203,Hit,0.11603103284392091,0,67,Wednesday
mouse_1,2025-08-27,,2,4,17,398.8602948188782,Miss,,0,54,Wednesday
mouse_1,2025-08-27,,2,4,18,422.32991123199463,Hit,0.09687690195585219,0,80,Wednesday
mouse_1,2025-08-27,,2,4,19,446.03990411758423,Hit,1.7093632306344944,0,79,Wednesday
mouse_1,2025-08-27,,2,4,20,471.74992656707764,Miss,,0,40,Wednesday
mouse_1,2025-08-27,,2,4,21,497.460000038147,Hit,0.012682343121127815,0,73,Wednesday
mouse_1,2025-08-27,,2,4,22,521.4202537536621,Hit,0.062406057136399795,0,183,Wednesday
mouse_1,2025-08-27,,2,4,23,548.3888249397278,Hit,0.0372830987995485,0,171,Wednesday
mouse_1,2025-08-27,,2,4,24,572.3491299152374,Hit,0.03833798469258909,0,110,Wednesday
mouse_1,2025-08-27,,2,4,25,596.815922498703,Hit,0.004600097197794639,0,68,Wednesday
mouse_1,2025-08-27,,2,4,26,620.2783710956573,Hit,0.6254660426587861,0,68,Wednesday
mouse_1,2025-08-27,,2,4,27,645.4825329780579,Hit,0.763569015189205,0,128,Wednesday
mouse_1,2025-08-27,,2,4,28,669.1881909370422,Hit,0.04525189156129272,0,72,Wednesday
mouse_1,2025-08-27,,2,4,29,694.1577529907227,Miss,,0,62,Wednesday
mouse_1,2025-08-27,,2,4,30,718.6126635074615,Hit,1.3315499955903078,0,129,Wednesday
mouse_1,2025-08-27,,2,4,31,745.316871881485,Miss,,0,27,Wednesday
mouse_1,2025-08-27,,2,4,32,770.2783188819885,Hit,1.5896144865988617,0,51,Wednesday
mouse_1,2025-08-27,,2,4,33,797.2325880527496,Hit,1.4764430121980467,0,52,Wednesday
mouse_1,2025-08-27,,2,4,34,822.2074387073517,Miss,,0,14,Wednesday
mouse_1,2025-08-27,,2,4,35,849.1674211025238,Miss,,0,2,Wednesday
mouse_1,2025-08-27,,2,4,36,874.8780269622803,Hit,2.120838625047895,0,66,Wednesday
mouse_1,2025-08-27,,2,4,37,900.8260180950165,Hit,2.1916082007643354,0,100,Wednesday
mouse_1,2025-08-27,,2,4,38,924.2873969078064,Miss,,0,0,Wednesday
mouse_1,2025-08-27,,2,4,39,949.74738240242,Miss,,0,0,Wednesday
mouse_1,2025-08-27,,2,4,40,974.9500288963318,Hit,1.4084044814616163,0,84,Wednesday
mouse_1,2025-08-27,,2,4,41,1000.1549050807953,Miss,,0,10,Wednesday
mouse_1,2025-08-27,,2,4,42,1024.8672933578491,Miss,,0,15,Wednesday
mouse_1,2025-08-27,,2,4,43,1051.322595357895,Hit,1.4539837692586843,0,38,Wednesday
mouse_1,2025-08-27,,2,4,44,1077.047951221466,Hit,1.1445579437045126,0,37,Wednesday
mouse_1,2025-08-27,,2,4,45,1103.2672572135925,Hit,2.275948045785526,0,27,Wednesday
mouse_1,2025-08-27,,2,4,46,1126.9872391223907,Miss,,0,0,Wednesday
mouse_1,2025-08-27,,2,4,47,1152.1972773075104,Miss,,0,4,Wednesday
mouse_1,2025-08-27,,2,4,48,1176.6581587791443,Hit,2.1643955648371502,0,44,Wednesday
mouse_1,2025-08-27,,2,4,49,1201.877025604248,Hit,0.59027898883528,0,35,Wednesday
mouse_1,2025-08-27,,2,4,50,1225.0868015289307,Miss,,0,6,Wednesday
mouse_1,2025-08-27,,2,4,51,1250.3069083690643,Miss,,0,0,Wednesday
mouse_1,2025-08-27,,2,4,52,1276.2670586109161,Miss,,0,8,Wednesday
mouse_1,2025-08-27,,2,4,53,1300.9785385131836,Hit,2.775866619852877,0,64,Wednesday
mouse_1,2025-08-27,,2,4,54,1324.9380462169647,Hit,0.011111190200153942,0,45,Wednesday
mouse_1,2025-08-27,,2,4,55,1349.8927772045135,Miss,,0,1,Wednesday
mouse_1,2025-08-27,,2,4,56,1374.1168944835663,Miss,,0,0,Wednesday
mouse_1,2025-08-27,,2,4,57,1400.5768463611603,Hit,1.6021749713979716,0,51,Wednesday
mouse_1,2025-08-27,,2,4,58,1426.5464313030243,Hit,0.8198917542522395,0,24,Wednesday
mouse_1,2025-08-27,,2,4,59,1450.7434840202332,Hit (Calc),3.9435303477255275,0,3,Wednesday
mouse_1,2025-08-27,,2,4,60,1473.9542927742004,Miss,,0,4,Wednesday
mouse_1,2025-08-27,,2,4,61,1498.1667232513428,Hit,0.775055553218408,0,59,Wednesday
mouse_1,2025-08-27,,2,4,62,1524.626208305359,Miss,,0,0,Wednesday
mouse_1,2025-08-27,,2,4,63,1551.086126089096,Miss,,0,0,Wednesday
mouse_1,2025-08-27,,2,4,64,1574.284985780716,Miss,,0,0,Wednesday
mouse_1,2025-08-27,,2,4,65,1599.2445485591888,Miss,,0,0,Wednesday
mouse_1,2025-08-27,,2,4,66,1623.9556505680084,Hit,1.3401517600125317,0,11,Wednesday
mouse_1,2025-08-27,,2,4,67,1647.9138207435608,Miss,,0,0,Wednesday
mouse_1,2025-08-27,,2,4,68,1674.8732957839966,Miss,,0,0,Wednesday
mouse_1,2025-08-27,,2,4,69,1700.835462808609,Miss,,0,0,Wednesday
mouse_1,2025-08-27,,2,4,70,1726.805296421051,Miss,,0,0,Wednesday
mouse_1,2025-08-27,,2,4,71,1753.2651281356812,Miss,,0,0,Wednesday
mouse_1,2025-08-27,,2,4,72,1778.7347266674042,Miss,,0,0,Wednesday
mouse_1,2025-08-27,,2,4,73,1804.4304749965668,Miss,,0,0,Wednesday
mouse_1,2025-08-28,,2,5,1,0.01682591438293457,Hit,0.9652915716985593,0,59,Thursday
mouse_1,2025-08-28,,2,5,2,25.469485759735107,Hit,1.4490074125349395,0,65,Thursday
mouse_1,2025-08-28,,2,5,3,48.9144332408905,Hit,0.018096134272106212,0,98,Thursday
mouse_1,2025-08-28,,2,5,4,75.86006999015808,Hit,1.554604893702063,0,40,Thursday
mouse_1,2025-08-28,,2,5,5,99.06905508041382,Hit,0.03400447472571955,0,66,Thursday
mouse_1,2025-08-28,,2,5,6,122.5293927192688,Hit,2.1894631014346118,0,59,Thursday
mouse_1,2025-08-28,,2,5,7,146.73572540283203,Hit,0.0704899675470756,0,150,Thursday
mouse_1,2025-08-28,,2,5,8,169.94828414916992,Hit,0.03720610072653585,0,93,Thursday
mouse_1,2025-08-28,,2,5,9,195.6529576778412,Hit,0.039716419978304884,0,101,Thursday
mouse_1,2025-08-28,,2,5,10,222.62803769111633,Hit,0.06360100107531252,0,65,Thursday
mouse_1,2025-08-28,,2,5,11,246.8380949497223,Hit,0.7073074868523008,0,36,Thursday
mouse_1,2025-08-28,,2,5,12,272.2985587120056,Hit,2.99448148530405,0,44,Thursday
mouse_1,2025-08-28,,2,5,13,298.5143609046936,Hit,0.08660322565953038,0,49,Thursday
mouse_1,2025-08-28,,2,5,14,323.22742199897766,Hit,0.02438330925650689,0,88,Thursday
mouse_1,2025-08-28,,2,5,15,350.19738245010376,Hit,2.165603070266684,0,50,Thursday
mouse_1,2025-08-28,,2,5,16,374.9073450565338,Hit,0.46190269665549977,0,71,Thursday
mouse_1,2025-08-28,,2,5,17,399.8671464920044,Hit,0.04835189339991075,0,67,Thursday
mouse_1,2025-08-28,,2,5,18,426.83672976493835,Hit,0.601335950195903,0,41,Thursday
mouse_1,2025-08-28,,2,5,19,451.30697441101074,Hit,0.024422858060120234,0,52,Thursday
mouse_1,2025-08-28,,2,5,20,476.5164406299591,Hit,0.053708971308765285,0,68,Thursday
mouse_1,2025-08-28,,2,5,21,501.2265169620514,Miss,,0,29,Thursday
mouse_1,2025-08-28,,2,5,22,525.6861233711243,Hit,0.04553175703483703,0,30,Thursday
mouse_1,2025-08-28,,2,5,23,548.8957867622375,Hit (Calc),3.351931305395283,0,15,Thursday
mouse_1,2025-08-28,,2,5,24,575.6063232421875,Hit,1.0501158632964689,0,77,Thursday
mouse_1,2025-08-28,,2,5,25,599.3154089450836,Hit,0.01060972279105954,0,56,Thursday
mouse_1,2025-08-28,,2,5,26,625.7702167034149,Miss,,0,4,Thursday
mouse_1,2025-08-28,,2,5,27,651.48521900177,Miss,,0,0,Thursday
mouse_1,2025-08-28,,2,5,28,675.4450807571411,Miss,,0,7,Thursday
mouse_1,2025-08-28,,2,5,29,699.1544392108917,Miss,,0,61,Thursday
mouse_1,2025-08-28,,2,5,30,724.1144862174988,Hit (Calc),4.520161101713256,0,28,Thursday
mouse_1,2025-08-28,,2,5,31,748.8241777420044,Hit (Calc),3.3245565156054226,0,3,Thursday
mouse_1,2025-08-28,,2,5,32,773.044420003891,Hit,1.3161359903072025,0,27,Thursday
mouse_1,2025-08-28,,2,5,33,797.9972813129425,Miss,,0,0,Thursday
mouse_1,2025-08-28,,2,5,34,824.1926872730255,Miss,,0,3,Thursday
mouse_1,2025-08-28,,2,5,35,849.90296626091,Miss,,0,0,Thursday
mouse_1,2025-08-28,,2,5,36,876.3654870986938,Miss,,0,0,Thursday
mouse_1,2025-08-28,,2,5,37,900.5606667995453,Miss,,0,0,Thursday
mouse_1,2025-08-28,,2,5,38,924.0211341381073,Miss,,0,0,Thursday
mouse_1,2025-08-28,,2,5,39,950.4780502319336,Miss,,0,0,Thursday
mouse_1,2025-08-28,,2,5,40,974.4289531707764,Hit (Calc),4.849541849976617,0,1,Thursday
mouse_1,2025-08-28,,2,5,41,1001.3869721889496,Miss,,0,0,Thursday
mouse_1,2025-08-28,,2,5,42,1028.347208738327,Miss,,0,0,Thursday
mouse_1,2025-08-28,,2,5,43,1055.0570290088654,Miss,,0,0,Thursday
mouse_1,2025-08-28,,2,5,44,1080.7529757022858,Miss,,0,0,Thursday
mouse_1,2025-08-28,,2,5,45,1106.2121047973633,Miss,,0,0,Thursday
mouse_1,2025-08-28,,2,5,46,1130.1869177818298,Miss,,0,0,Thursday
mouse_1,2025-08-28,,2,5,47,1154.1409213542938,Miss,,0,0,Thursday
mouse_1,2025-08-28,,2,5,48,1179.5965802669525,Hit,0.1697150550560309,0,32,Thursday
mouse_1,2025-08-28,,2,5,49,1206.5530261993408,Miss,,0,0,Thursday
mouse_1,2025-08-28,,2,5,50,1232.0129613876343,Miss,,0,0,Thursday
mouse_1,2025-08-28,,2,5,51,1256.9644753932953,Miss,,0,0,Thursday
mouse_1,2025-08-28,,2,5,52,1280.1764459609985,Hit,1.111382008519513,0,33,Thursday
mouse_1,2025-08-28,,2,5,53,1304.1363780498505,Miss,,0,4,Thursday
mouse_1,2025-08-28,,2,5,54,1330.8466954231262,Hit,1.1568528405225607,0,28,Thursday
mouse_1,2025-08-28,,2,5,55,1355.2929804325104,Miss,,0,0,Thursday
mouse_1,2025-08-28,,2,5,56,1381.0161974430084,Miss,,0,0,Thursday
mouse_1,2025-08-28,,2,5,57,1408.2272703647614,Miss,,0,0,Thursday
mouse_1,2025-08-28,,2,5,58,1432.4363360404968,Miss,,0,0,Thursday
mouse_1,2025-08-28,,2,5,59,1458.8969011306763,Hit,1.0537477148982362,0,32,Thursday
mouse_1,2025-08-28,,2,5,60,1482.8575506210327,Miss,,0,1,Thursday
mouse_1,2025-08-28,,2,5,61,1507.0759329795837,Hit,0.9150630110314069,0,15,Thursday
mouse_1,2025-08-28,,2,5,62,1531.5459578037262,Miss,,0,0,Thursday
mouse_1,2025-08-28,,2,5,63,1556.7558403015137,Miss,,0,0,Thursday
mouse_1,2025-08-28,,2,5,64,1582.2157728672028,Miss,,0,4,Thursday
mouse_1,2025-08-28,,2,5,65,1606.1629614830017,Hit,0.5494152190865407,0,37,Thursday
mouse_1,2025-08-28,,2,5,66,1629.3729836940765,Hit,3.014148326737768,0,34,Thursday
mouse_1,2025-08-28,,2,5,67,1653.8374645709991,Hit,1.0909557435970783,0,22,Thursday
mouse_1,2025-08-28,,2,5,68,1677.2951817512512,Miss,,0,1,Thursday
mouse_1,2025-08-28,,2,5,69,1703.26567196846,Miss,,0,0,Thursday
mouse_1,2025-08-28,,2,5,70,1729.9751887321472,Miss,,0,6,Thursday
mouse_1,2025-08-28,,2,5,71,1754.434621334076,Hit,0.0050046638164076285,0,48,Thursday
mouse_1,2025-08-28,,2,5,72,1781.145137310028,Miss,,0,0,Thursday
mouse_1,2025-08-28,,2,5,73,1804.3546154499054,Miss,,0,0,Thursday
mouse_1,2025-08-31,,2,6,1,0.019142866134643555,Hit (Calc),3.6304003225645296,0,69,Sunday
mouse_1,2025-08-31,,2,6,2,23.971455812454224,Hit,2.4285544403182833,0,138,Sunday
mouse_1,2025-08-31,,2,6,3,48.44130897521973,Hit,0.053570723480078186,0,137,Sunday
mouse_1,2025-08-31,,2,6,4,71.90155911445618,Hit,0.050971095925291365,0,75,Sunday
mouse_1,2025-08-31,,2,6,5,97.11161398887634,Hit,0.7555927289863575,0,67,Sunday
mouse_1,2025-08-31,,2,6,6,121.58145403862,Hit (Calc),3.52072783478404,0,43,Sunday
mouse_1,2025-08-31,,2,6,7,147.05087566375732,Hit,0.7721667108276051,0,38,Sunday
mouse_1,2025-08-31,,2,6,8,173.25617289543152,Hit (Calc),3.538971828409501,0,38,Sunday
mouse_1,2025-08-31,,2,6,9,200.48058891296387,Hit,0.07109714342371376,0,38,Sunday
mouse_1,2025-08-31,,2,6,10,223.94043827056885,Hit,0.6245282720559828,0,50,Sunday
mouse_1,2025-08-31,,2,6,11,247.65028762817383,Hit,0.03770782212714607,0,110,Sunday
mouse_1,2025-08-31,,2,6,12,273.1100854873657,Miss,,0,51,Sunday
mouse_1,2025-08-31,,2,6,13,297.0570604801178,Hit,0.058832974199731325,0,114,Sunday
mouse_1,2025-08-31,,2,6,14,321.51127314567566,Hit,1.9466536408184538,0,93,Sunday
mouse_1,2025-08-31,,2,6,15,344.9626178741455,Hit,0.06230511374764092,0,169,Sunday
mouse_1,2025-08-31,,2,6,16,370.4292325973511,Hit,0.019450728025390163,0,145,Sunday
mouse_1,2025-08-31,,2,6,17,393.6393346786499,Hit,0.002275992858187692,0,128,Sunday
mouse_1,2025-08-31,,2,6,18,417.8586161136627,Hit,0.23860464993970254,0,159,Sunday
mouse_1,2025-08-31,,2,6,19,443.3284316062927,Hit,0.7514239527548625,0,122,Sunday
mouse_1,2025-08-31,,2,6,20,468.28893184661865,Hit,1.0568274490131557,0,71,Sunday
mouse_1,2025-08-31,,2,6,21,495.00851130485535,Hit (Calc),4.548370022588813,0,119,Sunday
mouse_1,2025-08-31,,2,6,22,520.4779725074768,Hit,0.05304352109362753,0,165,Sunday
mouse_1,2025-08-31,,2,6,23,546.4379963874817,Hit,0.07501259782134184,0,73,Sunday
mouse_1,2025-08-31,,2,6,24,572.8926064968109,Hit (Calc),4.98914698019928,0,73,Sunday
mouse_1,2025-08-31,,2,6,25,598.1084449291229,Hit,1.3967617756585469,0,70,Sunday
mouse_1,2025-08-31,,2,6,26,623.3072173595428,Hit,0.08351135551583866,0,169,Sunday
mouse_1,2025-08-31,,2,6,27,650.5174677371979,Hit,0.006564592076529152,0,148,Sunday
mouse_1,2025-08-31,,2,6,28,675.9826285839081,Hit,0.0896827549659065,0,210,Sunday
mouse_1,2025-08-31,,2,6,29,702.686781167984,Hit,0.09439237345577567,0,154,Sunday
mouse_1,2025-08-31,,2,6,30,729.8966341018677,Hit,0.013655608368480898,0,225,Sunday
mouse_1,2025-08-31,,2,6,31,756.3486928939819,Hit,0.051234299366342384,0,217,Sunday
mouse_1,2025-08-31,,2,6,32,780.3163733482361,Hit,0.04852035441967928,0,250,Sunday
mouse_1,2025-08-31,,2,6,33,807.2726480960846,Hit,0.04467081482391677,0,123,Sunday
mouse_1,2025-08-31,,2,6,34,830.7359051704407,Hit,0.08109598551368435,0,226,Sunday
mouse_1,2025-08-31,,2,6,35,854.6955969333649,Hit,0.050144094283609775,0,231,Sunday
mouse_1,2025-08-31,,2,6,36,880.1654815673828,Hit,0.11830819774957035,0,234,Sunday
mouse_1,2025-08-31,,2,6,37,903.6351187229156,Hit,0.07130895752902688,0,191,Sunday
mouse_1,2025-08-31,,2,6,38,930.0951154232025,Hit,0.05924394036298963,0,142,Sunday
mouse_1,2025-08-31,,2,6,39,955.0458445549011,Hit,0.023644011582177882,0,203,Sunday
mouse_1,2025-08-31,,2,6,40,981.5145509243011,Hit,0.027245728020602655,0,98,Sunday
mouse_1,2025-08-31,,2,6,41,1007.7350168228149,Hit,0.08764017814132785,0,170,Sunday
mouse_1,2025-08-31,,2,6,42,1034.4442296028137,Hit,0.003102143886280828,0,82,Sunday
mouse_1,2025-08-31,,2,6,43,1058.4042026996613,Miss,,0,0,Sunday
mouse_1,2025-08-31,,2,6,44,1084.1242275238037,Hit,1.9580371303486572,0,86,Sunday
mouse_1,2025-08-31,,2,6,45,1109.8275618553162,Hit,0.13710017520793372,0,143,Sunday
mouse_1,2025-08-31,,2,6,46,1133.2834627628326,Hit,0.33920575550837384,0,91,Sunday
mouse_1,2025-08-31,,2,6,47,1158.9932732582092,Hit,1.9027735170166125,0,68,Sunday
mouse_1,2025-08-31,,2,6,48,1184.2131371498108,Hit (Calc),3.3711125305883343,0,34,Sunday
mouse_1,2025-08-31,,2,6,49,1207.9328298568726,Miss,,0,22,Sunday
mouse_1,2025-08-31,,2,6,50,1234.1529364585876,Hit,0.6704727780759185,0,68,Sunday
mouse_1,2025-08-31,,2,6,51,1257.6126534938812,Miss,,0,14,Sunday
mouse_1,2025-08-31,,2,6,52,1283.8226702213287,Hit,1.8527442675956536,0,56,Sunday
mouse_1,2025-08-31,,2,6,53,1307.7825412750244,Miss,,0,5,Sunday
mouse_1,2025-08-31,,2,6,54,1331.2520778179169,Hit,0.20753478445453766,0,81,Sunday
mouse_1,2025-08-31,,2,6,55,1358.2217767238617,Hit,1.0308238898182935,0,91,Sunday
mouse_1,2025-08-31,,2,6,56,1385.1920170783997,Miss,,0,34,Sunday
mouse_1,2025-08-31,,2,6,57,1411.411615371704,Hit,1.135420858851603,0,76,Sunday
mouse_1,2025-08-31,,2,6,58,1437.3712759017944,Miss,,0,1,Sunday
mouse_1,2025-08-31,,2,6,59,1460.832600593567,Hit,0.1597136237912764,0,53,Sunday
mouse_1,2025-08-31,,2,6,60,1485.5514323711395,Hit,0.6181299652337202,0,55,Sunday
mouse_1,2025-08-31,,2,6,61,1508.9993891716003,Hit,0.9386035715936032,0,20,Sunday
mouse_1,2025-08-31,,2,6,62,1534.9465379714966,Hit (Calc),4.575164731154928,0,10,Sunday
mouse_1,2025-08-31,,2,6,63,1559.1606550216675,Hit,1.4320025777462888,0,30,Sunday
mouse_1,2025-08-31,,2,6,64,1585.120457649231,Miss,,0,1,Sunday
mouse_1,2025-08-31,,2,6,65,1611.3403911590576,Hit,1.5909368796965282,0,34,Sunday
mouse_1,2025-08-31,,2,6,66,1638.04820728302,Miss,,0,0,Sunday
mouse_1,2025-08-31,,2,6,67,1663.5105862617493,Miss,,0,5,Sunday
mouse_1,2025-08-31,,2,6,68,1690.479894399643,Miss,,0,0,Sunday
mouse_1,2025-08-31,,2,6,69,1714.940512418747,Hit,2.4973751457437174,0,45,Sunday
mouse_1,2025-08-31,,2,6,70,1738.6507539749146,Hit,0.08393790937930135,0,63,Sunday
mouse_1,2025-08-31,,2,6,71,1763.1199119091034,Hit,0.837026979073471,0,27,Sunday
mouse_1,2025-08-31,,2,6,72,1789.8300709724426,Hit,0.018941979167493628,0,21,Sunday
mouse_1,2025-09-01,,2,7,1,0.017672061920166016,Hit,0.10616951860252755,0,84,Monday
mouse_1,2025-09-01,,2,7,2,26.475308895111084,Hit,0.6907025192940992,0,31,Monday
mouse_1,2025-09-01,,2,7,3,52.69477725028992,Hit,1.4470768622556136,0,55,Monday
mouse_1,2025-09-01,,2,7,4,76.41484785079956,Hit,0.18545130101355767,0,96,Monday
mouse_1,2025-09-01,,2,7,5,99.61612939834595,Hit,0.09160312161938577,0,65,Monday
mouse_1,2025-09-01,,2,7,6,124.82467198371887,Hit (Calc),3.0068670873828296,0,25,Monday
mouse_1,2025-09-01,,2,7,7,150.53452324867249,Hit,0.08795675065238129,0,33,Monday
mouse_1,2025-09-01,,2,7,8,174.7539942264557,Hit (Calc),4.158987113044844,0,56,Monday
mouse_1,2025-09-01,,2,7,9,201.44953179359436,Hit (Calc),3.7180703100113135,0,48,Monday
mouse_1,2025-09-01,,2,7,10,227.1636106967926,Miss,,0,30,Monday
mouse_1,2025-09-01,,2,7,11,251.3735110759735,Hit,0.02081815216229188,0,105,Monday
mouse_1,2025-09-01,,2,7,12,276.34340810775757,Miss,,0,7,Monday
mouse_1,2025-09-01,,2,7,13,302.8030996322632,Hit,1.60200638372919,0,87,Monday
mouse_1,2025-09-01,,2,7,14,327.51235246658325,Hit,0.06428736912988597,0,87,Monday
mouse_1,2025-09-01,,2,7,15,353.9730863571167,Hit,0.08977839600498783,0,165,Monday
mouse_1,2025-09-01,,2,7,16,378.6803569793701,Hit,0.07562526791031132,0,101,Monday
mouse_1,2025-09-01,,2,7,17,402.13105940818787,Hit,0.8910920407046206,0,137,Monday
mouse_1,2025-09-01,,2,7,18,425.8524754047394,Hit,0.010022587582284359,0,233,Monday
mouse_1,2025-09-01,,2,7,19,449.81214666366577,Hit,0.018197552886022095,0,197,Monday
mouse_1,2025-09-01,,2,7,20,476.5182795524597,Hit,0.018135371213475082,0,99,Monday
mouse_1,2025-09-01,,2,7,21,500.4713304042816,Hit,0.016683550473828745,0,210,Monday
mouse_1,2025-09-01,,2,7,22,526.6924982070923,Hit,0.043523026592311,0,159,Monday
mouse_1,2025-09-01,,2,7,23,550.1516144275665,Hit,0.09454278447299203,0,152,Monday
mouse_1,2025-09-01,,2,7,24,576.8627753257751,Hit,0.014808849907694821,0,204,Monday
mouse_1,2025-09-01,,2,7,25,603.0715425014496,Hit,0.09637769609685165,0,182,Monday
mouse_1,2025-09-01,,2,7,26,629.039469242096,Hit,0.04587617966660673,0,180,Monday
mouse_1,2025-09-01,,2,7,27,653.749452829361,Hit,0.034761485332637676,0,207,Monday
mouse_1,2025-09-01,,2,7,28,676.950602054596,Hit,0.09309073003691992,0,141,Monday
mouse_1,2025-09-01,,2,7,29,701.6709399223328,Hit,0.05202423444757187,0,205,Monday
mouse_1,2025-09-01,,2,7,30,728.3656706809998,Hit,0.09469160210346672,0,152,Monday
mouse_1,2025-09-01,,2,7,31,752.8197491168976,Hit,0.026532725503670918,0,105,Monday
mouse_1,2025-09-01,,2,7,32,779.5395872592926,Hit,1.78535031736169,0,36,Monday
mouse_1,2025-09-01,,2,7,33,803.4864237308502,Miss,,0,14,Monday
mouse_1,2025-09-01,,2,7,34,827.9370019435883,Hit,0.552516278475423,0,39,Monday
mouse_1,2025-09-01,,2,7,35,851.1494491100311,Miss,,0,0,Monday
mouse_1,2025-09-01,,2,7,36,875.0994846820831,Hit,0.06043720129252961,0,167,Monday
mouse_1,2025-09-01,,2,7,37,902.0494780540466,Hit,0.029689961875419613,0,93,Monday
mouse_1,2025-09-01,,2,7,38,926.7588381767273,Hit,0.10029163602439439,0,128,Monday
mouse_1,2025-09-01,,2,7,39,951.4684629440308,Hit,0.021150468160612945,0,115,Monday
mouse_1,2025-09-01,,2,7,40,976.6781711578369,Hit,0.027000690047998432,0,113,Monday
mouse_1,2025-09-01,,2,7,41,1002.8884015083313,Hit,0.04617803630196704,0,87,Monday
mouse_1,2025-09-01,,2,7,42,1026.846274137497,Hit,1.7532120861164913,0,48,Monday
mouse_1,2025-09-01,,2,7,43,1051.3137438297272,Hit (Calc),2.307276130838318,0,27,Monday
mouse_1,2025-09-01,,2,7,44,1077.5295643806458,Hit,2.0342629962617593,0,38,Monday
mouse_1,2025-09-01,,2,7,45,1104.487164735794,Miss,,0,1,Monday
mouse_1,2025-09-01,,2,7,46,1130.9476878643036,Miss,,0,6,Monday
mouse_1,2025-09-01,,2,7,47,1154.1675214767456,Miss,,0,0,Monday
mouse_1,2025-09-01,,2,7,48,1178.8870112895966,Miss,,0,24,Monday
mouse_1,2025-09-01,,2,7,49,1202.847311258316,Hit,0.04485655193116145,0,65,Monday
mouse_1,2025-09-01,,2,7,50,1228.8174912929535,Hit,1.3209279404031804,0,35,Monday
mouse_1,2025-09-01,,2,7,51,1253.5372412204742,Hit,0.593730402118581,0,45,Monday
mouse_1,2025-09-01,,2,7,52,1277.257025718689,Miss,,0,28,Monday
mouse_1,2025-09-01,,2,7,53,1303.966396331787,Hit,0.021938178407935993,0,88,Monday
mouse_1,2025-09-01,,2,7,54,1329.6860890388489,Hit,0.04825753545264888,0,51,Monday
mouse_1,2025-09-01,,2,7,55,1352.889494419098,Miss,,0,2,Monday
mouse_1,2025-09-01,,2,7,56,1378.6070206165314,Hit,1.8602901313263374,0,48,Monday
mouse_1,2025-09-01,,2,7,57,1402.5532836914062,Miss,,0,0,Monday
mouse_1,2025-09-01,,2,7,58,1426.0123250484467,Miss,,0,5,Monday
mouse_1,2025-09-01,,2,7,59,1452.9765076637268,Hit,0.8276156925467149,0,35,Monday
mouse_1,2025-09-01,,2,7,60,1479.4369237422943,Hit,0.009857345266254924,0,35,Monday
mouse_1,2025-09-01,,2,7,61,1506.3840312957764,Miss,,0,6,Monday
mouse_1,2025-09-01,,2,7,62,1530.8563203811646,Hit,0.8451634711784664,0,38,Monday
mouse_1,2025-09-01,,2,7,63,1557.0756902694702,Miss,,0,2,Monday
mouse_1,2025-09-01,,2,7,64,1583.0358679294586,Miss,,0,0,Monday
mouse_1,2025-09-01,,2,7,65,1606.4956130981445,Miss,,0,18,Monday
mouse_1,2025-09-01,,2,7,66,1629.9546308517456,Hit,0.06770789465826965,0,34,Monday
mouse_1,2025-09-01,,2,7,67,1654.6548655033112,Hit,0.8846571585791025,0,32,Monday
mouse_1,2025-09-01,,2,7,68,1678.8594901561737,Miss,,0,0,Monday
mouse_1,2025-09-01,,2,7,69,1702.8153839111328,Hit,1.5840857327063986,0,38,Monday
mouse_1,2025-09-01,,2,7,70,1729.262768983841,Hit,0.10205899629113446,0,40,Monday
mouse_1,2025-09-01,,2,7,71,1756.2250699996948,Hit (Calc),3.822647093930982,0,54,Monday
mouse_1,2025-09-01,,2,7,72,1780.4446177482605,Miss,,0,13,Monday
mouse_1,2025-09-01,,2,7,73,1804.3994760513306,Miss,,0,4,Monday
mouse_1,2025-09-02,,2,8,1,0.013595819473266602,Miss,,0,0,Tuesday
mouse_1,2025-09-02,,2,8,2,23.973129272460938,Hit (Calc),2.63970466648928,0,4,Tuesday
mouse_1,2025-09-02,,2,8,3,50.93682050704956,Hit,1.549480798785872,0,20,Tuesday
mouse_1,2025-09-02,,2,8,4,75.64236497879028,Miss,,0,1,Tuesday
mouse_1,2025-09-02,,2,8,5,101.587886095047,Hit (Calc),2.885568422867209,0,23,Tuesday
mouse_1,2025-09-02,,2,8,6,125.29196572303772,Hit,1.4307089174791088,0,46,Tuesday
mouse_1,2025-09-02,,2,8,7,151.7518072128296,Hit,1.822344228718066,0,41,Tuesday
mouse_1,2025-09-02,,2,8,8,178.46175575256348,Hit,1.658684736290894,0,38,Tuesday
mouse_1,2025-09-02,,2,8,9,203.66920351982117,Hit,0.44525408042321146,0,32,Tuesday
mouse_1,2025-09-02,,2,8,10,226.88141655921936,Miss,,0,18,Tuesday
mouse_1,2025-09-02,,2,8,11,252.35117101669312,Hit,1.2752945215704017,0,41,Tuesday
mouse_1,2025-09-02,,2,8,12,276.3106107711792,Hit,0.9540283407311563,0,75,Tuesday
mouse_1,2025-09-02,,2,8,13,300.27026987075806,Hit,0.01061429852342144,0,119,Tuesday
mouse_1,2025-09-02,,2,8,14,324.73811507225037,Hit,0.018340326883560465,0,118,Tuesday
mouse_1,2025-09-02,,2,8,15,348.46001172065735,Hit,0.09437600552865888,0,112,Tuesday
mouse_1,2025-09-02,,2,8,16,374.9202365875244,Hit,0.006525734658282545,0,47,Tuesday
mouse_1,2025-09-02,,2,8,17,398.6396634578705,Hit (Calc),3.365497845575476,0,6,Tuesday
mouse_1,2025-09-02,,2,8,18,425.0920059680939,Hit (Calc),3.669236537912127,0,3,Tuesday
mouse_1,2025-09-02,,2,8,19,449.546594619751,Hit,1.094335638588177,0,31,Tuesday
mouse_1,2025-09-02,,2,8,20,475.2696108818054,Hit,0.3576608409507003,0,19,Tuesday
mouse_1,2025-09-02,,2,8,21,501.48006105422974,Hit (Calc),4.30555686388459,0,2,Tuesday
mouse_1,2025-09-02,,2,8,22,528.4302275180817,Miss,,0,0,Tuesday
mouse_1,2025-09-02,,2,8,23,553.1487007141113,Hit,1.167756683884818,0,37,Tuesday
mouse_1,2025-09-02,,2,8,24,579.8586688041687,Miss,,0,21,Tuesday
mouse_1,2025-09-02,,2,8,25,607.0686812400818,Hit,0.48221068646046206,0,62,Tuesday
mouse_1,2025-09-02,,2,8,26,632.0291926860809,Miss,,0,0,Tuesday
mouse_1,2025-09-02,,2,8,27,655.9886839389801,Hit,0.6649417542909077,0,31,Tuesday
mouse_1,2025-09-02,,2,8,28,680.9588141441345,Miss,,0,1,Tuesday
mouse_1,2025-09-02,,2,8,29,704.4187138080597,Miss,,0,2,Tuesday
mouse_1,2025-09-02,,2,8,30,731.1388132572174,Hit,0.9642208634470535,0,44,Tuesday
mouse_1,2025-09-02,,2,8,31,755.5992341041565,Hit,1.0522385708702586,0,28,Tuesday
mouse_1,2025-09-02,,2,8,32,781.0534250736237,Miss,,0,2,Tuesday
mouse_1,2025-09-02,,2,8,33,806.0282726287842,Miss,,0,3,Tuesday
mouse_1,2025-09-02,,2,8,34,830.2383008003235,Hit,0.655380040406726,0,31,Tuesday
mouse_1,2025-09-02,,2,8,35,855.1994791030884,Hit (Calc),2.6469230016138,0,1,Tuesday
mouse_1,2025-09-02,,2,8,36,880.1542830467224,Hit (Calc),2.491783178501805,0,7,Tuesday
mouse_1,2025-09-02,,2,8,37,905.6192190647125,Hit,0.38918818624426876,0,30,Tuesday
mouse_1,2025-09-02,,2,8,38,931.3378629684448,Miss,,0,0,Tuesday
mouse_1,2025-09-02,,2,8,39,954.7973446846008,Miss,,0,1,Tuesday
mouse_1,2025-09-02,,2,8,40,979.7571499347687,Miss,,0,0,Tuesday
mouse_1,2025-09-02,,2,8,41,1005.4773323535919,Hit,2.3100150092568583,0,19,Tuesday
mouse_1,2025-09-02,,2,8,42,1032.6871173381805,Miss,,0,0,Tuesday
mouse_1,2025-09-02,,2,8,43,1055.8974916934967,Miss,,0,0,Tuesday
mouse_1,2025-09-02,,2,8,44,1080.8568971157074,Hit,0.7806914735426744,0,30,Tuesday
mouse_1,2025-09-02,,2,8,45,1106.568796157837,Hit,0.6211808453620051,0,19,Tuesday
mouse_1,2025-09-02,,2,8,46,1133.5268547534943,Miss,,0,0,Tuesday
mouse_1,2025-09-02,,2,8,47,1160.4891810417175,Hit,0.872879787707916,0,16,Tuesday
mouse_1,2025-09-02,,2,8,48,1186.4474000930786,Miss,,0,0,Tuesday
mouse_1,2025-09-02,,2,8,49,1212.4065308570862,Miss,,0,6,Tuesday
mouse_1,2025-09-02,,2,8,50,1239.366558790207,Miss,,0,4,Tuesday
mouse_1,2025-09-02,,2,8,51,1262.566861152649,Miss,,0,0,Tuesday
mouse_1,2025-09-02,,2,8,52,1286.2862753868103,Hit,1.0242715664462594,0,27,Tuesday
mouse_1,2025-09-02,,2,8,53,1312.5017812252045,Miss,,0,0,Tuesday
mouse_1,2025-09-02,,2,8,54,1337.9691789150238,Miss,,0,0,Tuesday
mouse_1,2025-09-02,,2,8,55,1361.4291679859161,Miss,,0,0,Tuesday
mouse_1,2025-09-02,,2,8,56,1387.6289720535278,Hit,1.3557850727172536,0,17,Tuesday
mouse_1,2025-09-02,,2,8,57,1414.3392324447632,Miss,,0,0,Tuesday
mouse_1,2025-09-02,,2,8,58,1437.5549533367157,Miss,,0,0,Tuesday
mouse_1,2025-09-02,,2,8,59,1464.2745690345764,Miss,,0,0,Tuesday
mouse_1,2025-09-02,,2,8,60,1489.9800503253937,Miss,,0,0,Tuesday
mouse_1,2025-09-02,,2,8,61,1514.1892206668854,Miss,,0,0,Tuesday
mouse_1,2025-09-02,,2,8,62,1540.909262895584,Miss,,0,0,Tuesday
mouse_1,2025-09-02,,2,8,63,1565.3843545913696,Miss,,0,0,Tuesday
mouse_1,2025-09-02,,2,8,64,1591.3439311981201,Hit,0.6578770802404961,0,27,Tuesday
mouse_1,2025-09-02,,2,8,65,1617.5420780181885,Hit,0.4518995067680862,0,29,Tuesday
mouse_1,2025-09-02,,2,8,66,1643.4980220794678,Miss,,0,0,Tuesday
mouse_1,2025-09-02,,2,8,67,1666.9539334774017,Miss,,0,0,Tuesday
mouse_1,2025-09-02,,2,8,68,1693.4135556221008,Miss,,0,0,Tuesday
mouse_1,2025-09-02,,2,8,69,1718.3737766742706,Miss,,0,0,Tuesday
mouse_1,2025-09-02,,2,8,70,1742.5935318470001,Hit,1.319250356882776,0,16,Tuesday
mouse_1,2025-09-02,,2,8,71,1767.3035657405853,Hit,0.5832450350312683,0,30,Tuesday
mouse_1,2025-09-02,,2,8,72,1793.523131608963,Hit,0.5658494091342163,0,12,Tuesday
mouse_1,2025-09-04,,3,1,1,0.37958621978759766,False Alarm,,1,16,Thursday
mouse_1,2025-09-04,,3,1,2,11.347395896911621,False Alarm,,1,7,Thursday
mouse_1,2025-09-04,,3,1,3,24.067869186401367,Miss,,0,1,Thursday
mouse_1,2025-09-04,,3,1,4,34.26874351501465,Hit,1.4559864160889902,0,40,Thursday
mouse_1,2025-09-04,,3,1,5,43.97028422355652,False Alarm,,1,17,Thursday
mouse_1,2025-09-04,,3,1,6,54.17679452896118,False Alarm,,1,69,Thursday
mouse_1,2025-09-04,,3,1,7,68.38825535774231,False Alarm,,1,26,Thursday
mouse_1,2025-09-04,,3,1,8,78.5965530872345,False Alarm,,1,74,Thursday
mouse_1,2025-09-04,,3,1,9,91.05636858940125,False Alarm,,1,48,Thursday
mouse_1,2025-09-04,,3,1,10,101.51668667793274,False Alarm,,1,15,Thursday
mouse_1,2025-09-04,,3,1,11,115.2264175415039,False Alarm,,1,22,Thursday
mouse_1,2025-09-04,,3,1,12,126.43606543540955,False Alarm,,1,11,Thursday
mouse_1,2025-09-04,,3,1,13,139.63837552070618,Miss,,0,0,Thursday
mouse_1,2025-09-04,,3,1,14,150.59866857528687,Hit,0.5536159052438734,0,37,Thursday
mouse_1,2025-09-04,,3,1,15,160.2989420890808,False Alarm,,1,20,Thursday
mouse_1,2025-09-04,,3,1,16,170.49596190452576,False Alarm,,1,17,Thursday
mouse_1,2025-09-04,,3,1,17,180.71428227424622,False Alarm,,1,7,Thursday
mouse_1,2025-09-04,,3,1,18,191.67870450019836,Miss,,0,7,Thursday
mouse_1,2025-09-04,,3,1,19,202.3784408569336,False Alarm,,1,4,Thursday
mouse_1,2025-09-04,,3,1,20,213.32578539848328,Miss,,0,2,Thursday
mouse_1,2025-09-04,,3,1,21,224.528644323349,False Alarm,,1,7,Thursday
mouse_1,2025-09-04,,3,1,22,237.72579765319824,False Alarm,,1,8,Thursday
mouse_1,2025-09-04,,3,1,23,249.18554973602295,False Alarm,,1,11,Thursday
mouse_1,2025-09-04,,3,1,24,263.1454656124115,False Alarm,,1,7,Thursday
mouse_1,2025-09-04,,3,1,25,273.3549349308014,Miss,,0,6,Thursday
mouse_1,2025-09-04,,3,1,26,284.55936765670776,False Alarm,,1,5,Thursday
mouse_1,2025-09-04,,3,1,27,298.2611129283905,Hit,0.7222054554554802,0,39,Thursday
mouse_1,2025-09-04,,3,1,28,307.4591875076294,False Alarm,,1,12,Thursday
mouse_1,2025-09-04,,3,1,29,317.6646399497986,Miss,,0,0,Thursday
mouse_1,2025-09-04,,3,1,30,328.3682367801666,Hit (Calc),2.9356387324029924,0,4,Thursday
mouse_1,2025-09-04,,3,1,31,339.8286678791046,Hit,0.9562500365636311,0,32,Thursday
mouse_1,2025-09-04,,3,1,32,348.0282943248749,False Alarm,,1,7,Thursday
mouse_1,2025-09-04,,3,1,33,358.2343997955322,Hit,1.7663080412580143,0,32,Thursday
mouse_1,2025-09-04,,3,1,34,367.43897342681885,False Alarm,,1,20,Thursday
mouse_1,2025-09-04,,3,1,35,377.63864946365356,False Alarm,,1,6,Thursday
mouse_1,2025-09-04,,3,1,36,389.83860206604004,False Alarm,,1,10,Thursday
mouse_1,2025-09-04,,3,1,37,401.2943363189697,False Alarm,,1,14,Thursday
mouse_1,2025-09-04,,3,1,38,414.7636194229126,False Alarm,,1,5,Thursday
mouse_1,2025-09-04,,3,1,39,428.2250556945801,Miss,,0,0,Thursday
mouse_1,2025-09-04,,3,1,40,438.67761039733887,Miss,,0,0,Thursday
mouse_1,2025-09-04,,3,1,41,448.8867893218994,Hit,0.16624955580442702,0,35,Thursday
mouse_1,2025-09-04,,3,1,42,457.34181904792786,False Alarm,,1,17,Thursday
mouse_1,2025-09-04,,3,1,43,467.5385458469391,False Alarm,,1,11,Thursday
mouse_1,2025-09-04,,3,1,44,480.2379243373871,False Alarm,,1,4,Thursday
mouse_1,2025-09-04,,3,1,45,492.69461727142334,Hit,0.8567719516766488,0,28,Thursday
mouse_1,2025-09-04,,3,1,46,500.9074430465698,False Alarm,,1,11,Thursday
mouse_1,2025-09-04,,3,1,47,515.8711049556732,Miss,,0,0,Thursday
mouse_1,2025-09-04,,3,1,48,527.5761575698853,Hit,1.8165188411252302,0,30,Thursday
mouse_1,2025-09-04,,3,1,49,537.2871651649475,False Alarm,,1,20,Thursday
mouse_1,2025-09-04,,3,1,50,547.4888684749603,False Alarm,,1,21,Thursday
mouse_1,2025-09-04,,3,1,51,557.6986227035522,Miss,,0,0,Thursday
mouse_1,2025-09-04,,3,1,52,568.6568369865417,Miss,,0,12,Thursday
mouse_1,2025-09-04,,3,1,53,579.6061191558838,False Alarm,,1,42,Thursday
mouse_1,2025-09-04,,3,1,54,589.8224406242371,False Alarm,,1,32,Thursday
mouse_1,2025-09-04,,3,1,55,601.2786023616791,Hit,0.6443708129345396,0,38,Thursday
mouse_1,2025-09-04,,3,1,56,610.4856984615326,False Alarm,,1,14,Thursday
mouse_1,2025-09-04,,3,1,57,620.6923232078552,False Alarm,,1,3,Thursday
mouse_1,2025-09-04,,3,1,58,632.1523830890656,Miss,,0,2,Thursday
mouse_1,2025-09-04,,3,1,59,644.1151971817017,False Alarm,,1,8,Thursday
mouse_1,2025-09-04,,3,1,60,654.3219034671783,False Alarm,,1,6,Thursday
mouse_1,2025-09-04,,3,1,61,668.0329332351685,Hit,0.7633359142704421,0,34,Thursday
mouse_1,2025-09-04,,3,1,62,676.4868569374084,False Alarm,,1,11,Thursday
mouse_1,2025-09-04,,3,1,63,686.692191362381,False Alarm,,1,6,Thursday
mouse_1,2025-09-04,,3,1,64,696.9020249843597,False Alarm,,1,8,Thursday
mouse_1,2025-09-04,,3,1,65,707.6115672588348,False Alarm,,1,7,Thursday
mouse_1,2025-09-04,,3,1,66,719.8315374851227,False Alarm,,1,4,Thursday
mouse_1,2025-09-04,,3,1,67,731.7939250469208,False Alarm,,1,4,Thursday
mouse_1,2025-09-04,,3,1,68,744.5016837120056,Miss,,0,0,Thursday
mouse_1,2025-09-04,,3,1,69,755.4559540748596,Miss,,0,4,Thursday
mouse_1,2025-09-04,,3,1,70,766.4139416217804,False Alarm,,1,6,Thursday
mouse_1,2025-09-04,,3,1,71,777.3716731071472,False Alarm,,1,2,Thursday
mouse_1,2025-09-04,,3,1,72,788.3315126895905,Miss,,0,1,Thursday
mouse_1,2025-09-04,,3,1,73,798.5352687835693,Hit,0.7026475887687411,0,24,Thursday
mouse_1,2025-09-04,,3,1,74,806.494738817215,Miss,,0,2,Thursday
mouse_1,2025-09-04,,3,1,75,816.9534277915955,False Alarm,,1,4,Thursday
mouse_1,2025-09-04,,3,1,76,831.9026961326599,Hit,2.08688999043477,0,37,Thursday
mouse_1,2025-09-04,,3,1,77,842.8543708324432,False Alarm,,1,16,Thursday
mouse_1,2025-09-04,,3,1,78,853.068500995636,False Alarm,,1,5,Thursday
mouse_1,2025-09-04,,3,1,79,864.020804643631,Miss,,0,6,Thursday
mouse_1,2025-09-04,,3,1,80,875.4732916355133,False Alarm,,1,6,Thursday
mouse_1,2025-09-04,,3,1,81,886.6785976886749,Miss,,0,2,Thursday
mouse_1,2025-09-04,,3,1,82,898.6332519054413,Miss,,0,0,Thursday
mouse_1,2025-09-04,,3,1,83,909.0832643508911,Miss,,0,2,Thursday
mouse_1,2025-09-04,,3,1,84,920.0328841209412,False Alarm,,1,8,Thursday
mouse_1,2025-09-04,,3,1,85,930.9987845420837,False Alarm,,1,12,Thursday
mouse_1,2025-09-04,,3,1,86,942.4514322280884,False Alarm,,1,6,Thursday
mouse_1,2025-09-04,,3,1,87,953.1593635082245,Hit,0.7658743757805269,0,32,Thursday
mouse_1,2025-09-04,,3,1,88,961.6131994724274,False Alarm,,1,6,Thursday
mouse_1,2025-09-04,,3,1,89,971.8195037841797,Miss,,0,0,Thursday
mouse_1,2025-09-04,,3,1,90,983.5223941802979,Miss,,0,0,Thursday
mouse_1,2025-09-04,,3,1,91,994.2223045825958,Hit,2.1145671759029483,0,49,Thursday
mouse_1,2025-09-04,,3,1,92,1003.9232828617096,False Alarm,,1,32,Thursday
mouse_1,2025-09-04,,3,1,93,1014.1256330013275,Hit,0.16840170133468746,0,30,Thursday
mouse_1,2025-09-04,,3,1,94,1021.8206965923309,False Alarm,,1,3,Thursday
mouse_1,2025-09-04,,3,1,95,1032.014460325241,Miss,,0,0,Thursday
mouse_1,2025-09-04,,3,1,96,1043.2217605113983,Hit,0.27059479328704583,0,28,Thursday
mouse_1,2025-09-04,,3,1,97,1052.1723685264587,False Alarm,,1,5,Thursday
mouse_1,2025-09-04,,3,1,98,1062.3686468601227,False Alarm,,1,3,Thursday
mouse_1,2025-09-04,,3,1,99,1073.0792186260223,Miss,,0,4,Thursday
mouse_1,2025-09-04,,3,1,100,1084.7815709114075,False Alarm,,1,12,Thursday
mouse_1,2025-09-04,,3,1,101,1094.9898204803467,False Alarm,,1,8,Thursday
mouse_1,2025-09-04,,3,1,102,1105.7085087299347,Miss,,0,7,Thursday
mouse_1,2025-09-04,,3,1,103,1116.6598715782166,False Alarm,,1,7,Thursday
mouse_1,2025-09-04,,3,1,104,1129.1278960704803,False Alarm,,1,7,Thursday
mouse_1,2025-09-04,,3,1,105,1144.829849243164,Hit,1.1343588949378045,0,31,Thursday
mouse_1,2025-09-04,,3,1,106,1153.2826356887817,False Alarm,,1,9,Thursday
mouse_1,2025-09-04,,3,1,107,1163.4881649017334,False Alarm,,1,8,Thursday
mouse_1,2025-09-04,,3,1,108,1178.1981852054596,Miss,,0,0,Thursday
mouse_1,2025-09-04,,3,1,109,1188.9014797210693,Hit,0.9091815253627828,0,31,Thursday
mouse_1,2025-09-04,,3,1,110,1197.6089134216309,False Alarm,,1,7,Thursday
mouse_1,2025-09-04,,3,1,111,1207.798597574234,Miss,,0,0,Thursday
mouse_1,2025-09-04,,3,1,112,1219.0082569122314,Hit,0.09306230407878502,0,29,Thursday
mouse_1,2025-09-04,,3,1,113,1227.2109315395355,False Alarm,,1,4,Thursday
mouse_1,2025-09-04,,3,1,114,1237.405968427658,Miss,,0,0,Thursday
mouse_1,2025-09-04,,3,1,115,1248.3604969978333,Miss,,0,6,Thursday
mouse_1,2025-09-04,,3,1,116,1260.310292005539,Hit,0.24433746116142174,0,31,Thursday
mouse_1,2025-09-04,,3,1,117,1268.0089001655579,False Alarm,,1,6,Thursday
mouse_1,2025-09-04,,3,1,118,1278.2169420719147,Miss,,0,0,Thursday
mouse_1,2025-09-04,,3,1,119,1289.679675579071,Hit,0.06361624520422993,0,23,Thursday
mouse_1,2025-09-04,,3,1,120,1298.3906660079956,Miss,,0,3,Thursday
mouse_1,2025-09-04,,3,1,121,1308.8501613140106,False Alarm,,1,3,Thursday
mouse_1,2025-09-04,,3,1,122,1323.0579710006714,Miss,,0,0,Thursday
mouse_1,2025-09-04,,3,1,123,1334.7597560882568,Hit,0.8307226974029618,0,28,Thursday
mouse_1,2025-09-04,,3,1,124,1343.9588243961334,False Alarm,,1,2,Thursday
mouse_1,2025-09-04,,3,1,125,1354.1665954589844,Miss,,0,0,Thursday
mouse_1,2025-09-04,,3,1,126,1366.1207010746002,Miss,,0,0,Thursday
mouse_1,2025-09-04,,3,1,127,1377.3197906017303,Hit,2.775214483425543,0,32,Thursday
mouse_1,2025-09-04,,3,1,128,1388.2699632644653,False Alarm,,1,7,Thursday
mouse_1,2025-09-04,,3,1,129,1398.4858889579773,Hit,1.3232771352406871,0,26,Thursday
mouse_1,2025-09-04,,3,1,130,1406.9405918121338,Miss,,0,2,Thursday
mouse_1,2025-09-04,,3,1,131,1418.1486089229584,Hit,0.5906692033772742,0,31,Thursday
mouse_1,2025-09-04,,3,1,132,1427.8583505153656,False Alarm,,1,8,Thursday
mouse_1,2025-09-04,,3,1,133,1438.0588064193726,False Alarm,,1,3,Thursday
mouse_1,2025-09-04,,3,1,134,1450.2659521102905,Miss,,0,0,Thursday
mouse_1,2025-09-04,,3,1,135,1461.9685711860657,Hit,0.6103448781807401,0,23,Thursday
mouse_1,2025-09-04,,3,1,136,1470.6784279346466,Hit,2.6091535939483492,0,34,Thursday
mouse_1,2025-09-04,,3,1,137,1480.876524925232,False Alarm,,1,6,Thursday
mouse_1,2025-09-04,,3,1,138,1491.068570137024,Hit,0.22836224853244858,0,30,Thursday
mouse_1,2025-09-04,,3,1,139,1500.0188896656036,False Alarm,,1,14,Thursday
mouse_1,2025-09-04,,3,1,140,1510.2085528373718,False Alarm,,1,7,Thursday
mouse_1,2025-09-04,,3,1,141,1521.4153273105621,Hit,2.419424299910588,0,27,Thursday
mouse_1,2025-09-04,,3,1,142,1532.8682239055634,False Alarm,,1,4,Thursday
mouse_1,2025-09-04,,3,1,143,1543.3249061107635,False Alarm,,1,3,Thursday
mouse_1,2025-09-04,,3,1,144,1554.2946727275848,Miss,,0,0,Thursday
mouse_1,2025-09-04,,3,1,145,1566.2486052513123,Miss,,0,0,Thursday
mouse_1,2025-09-04,,3,1,146,1576.7069482803345,Hit,0.8900199173976944,0,25,Thursday
mouse_1,2025-09-04,,3,1,147,1585.1690964698792,Hit,0.3033287834316525,0,39,Thursday
mouse_1,2025-09-04,,3,1,148,1594.1184508800507,False Alarm,,1,15,Thursday
mouse_1,2025-09-04,,3,1,149,1604.3242855072021,Miss,,0,2,Thursday
mouse_1,2025-09-04,,3,1,150,1615.277895450592,Hit,1.4249371466701177,0,28,Thursday
mouse_1,2025-09-04,,3,1,151,1623.9876880645752,False Alarm,,1,2,Thursday
mouse_1,2025-09-04,,3,1,152,1634.1857681274414,Miss,,0,6,Thursday
mouse_1,2025-09-04,,3,1,153,1645.8976764678955,False Alarm,,1,10,Thursday
mouse_1,2025-09-04,,3,1,154,1657.3585789203644,False Alarm,,1,4,Thursday
mouse_1,2025-09-04,,3,1,155,1667.5659329891205,Miss,,0,0,Thursday
mouse_1,2025-09-04,,3,1,156,1679.5281870365143,Miss,,0,0,Thursday
mouse_1,2025-09-04,,3,1,157,1689.9882867336273,False Alarm,,1,22,Thursday
mouse_1,2025-09-04,,3,1,158,1705.4450232982635,False Alarm,,1,13,Thursday
mouse_1,2025-09-04,,3,1,159,1716.3968975543976,Hit,0.6545337093202761,0,28,Thursday
mouse_1,2025-09-04,,3,1,160,1724.3472650051117,False Alarm,,1,4,Thursday
mouse_1,2025-09-04,,3,1,161,1734.5386173725128,Hit,1.8498281658573887,0,27,Thursday
mouse_1,2025-09-04,,3,1,162,1745.498204946518,False Alarm,,1,2,Thursday
mouse_1,2025-09-04,,3,1,163,1755.7039940357208,Miss,,0,2,Thursday
mouse_1,2025-09-04,,3,1,164,1766.9072828292847,Miss,,0,0,Thursday
mouse_1,2025-09-04,,3,1,165,1778.107206583023,False Alarm,,1,10,Thursday
mouse_1,2025-09-04,,3,1,166,1793.823745250702,False Alarm,,1,2,Thursday
mouse_1,2025-09-04,,3,1,167,1804.7885212898254,Miss,,0,0,Thursday
mouse_1,2025-09-04,,3,2,1,0.3722052574157715,Miss,,0,0,Thursday
mouse_1,2025-09-04,,3,2,2,11.81283187866211,Miss,,0,3,Thursday
mouse_1,2025-09-04,,3,2,3,23.01160979270935,Hit,2.139343718013201,0,18,Thursday
mouse_1,2025-09-04,,3,2,4,32.72392773628235,Miss,,0,0,Thursday
mouse_1,2025-09-04,,3,2,5,43.18330478668213,Miss,,0,0,Thursday
mouse_1,2025-09-04,,3,2,6,54.63294219970703,Miss,,0,0,Thursday
mouse_1,2025-09-04,,3,2,7,66.08341693878174,Miss,,0,0,Thursday
mouse_1,2025-09-04,,3,2,8,77.29008460044861,Hit,0.021365482667491165,0,30,Thursday
mouse_1,2025-09-04,,3,2,9,86.00248050689697,False Alarm,,1,2,Thursday
mouse_1,2025-09-04,,3,2,10,96.19540238380432,Miss,,0,0,Thursday
mouse_1,2025-09-04,,3,2,11,108.1526141166687,Miss,,0,3,Thursday
mouse_1,2025-09-04,,3,2,12,118.61387801170349,False Alarm,,1,3,Thursday
mouse_1,2025-09-04,,3,2,13,131.82924222946167,Miss,,0,0,Thursday
mouse_1,2025-09-04,,3,2,14,142.54199647903442,Miss,,0,1,Thursday
mouse_1,2025-09-04,,3,2,15,154.24278140068054,Hit,0.008418422039994766,0,27,Thursday
mouse_1,2025-09-04,,3,2,16,162.44501328468323,False Alarm,,1,4,Thursday
mouse_1,2025-09-04,,3,2,17,172.65865421295166,Hit,0.10278640628979474,0,28,Thursday
mouse_1,2025-09-04,,3,2,18,180.6126205921173,False Alarm,,1,4,Thursday
mouse_1,2025-09-04,,3,2,19,190.82022428512573,Miss,,0,9,Thursday
mouse_1,2025-09-04,,3,2,20,201.77241253852844,Hit,0.058164731234597866,0,19,Thursday
mouse_1,2025-09-04,,3,2,21,208.97227883338928,Hit,0.17826511541252898,0,31,Thursday
mouse_1,2025-09-04,,3,2,22,218.18216609954834,False Alarm,,1,4,Thursday
mouse_1,2025-09-04,,3,2,23,228.38874769210815,Miss,,0,0,Thursday
mouse_1,2025-09-04,,3,2,24,239.85363602638245,Hit,1.0951142989327423,0,23,Thursday
mouse_1,2025-09-04,,3,2,25,248.05266523361206,Hit,1.570494589553391,0,27,Thursday
mouse_1,2025-09-04,,3,2,26,258.2610673904419,False Alarm,,1,1,Thursday
mouse_1,2025-09-04,,3,2,27,268.46836400032043,Hit,0.45683015027782403,0,35,Thursday
mouse_1,2025-09-04,,3,2,28,276.925550699234,False Alarm,,1,9,Thursday
mouse_1,2025-09-04,,3,2,29,287.12278604507446,Miss,,0,0,Thursday
mouse_1,2025-09-04,,3,2,30,298.3218641281128,Miss,,0,0,Thursday
mouse_1,2025-09-04,,3,2,31,309.27153611183167,Miss,,0,6,Thursday
mouse_1,2025-09-04,,3,2,32,320.4716680049896,Miss,,0,0,Thursday
mouse_1,2025-09-04,,3,2,33,332.17139172554016,Miss,,0,0,Thursday
mouse_1,2025-09-04,,3,2,34,342.6218066215515,Hit,0.6208981625491106,0,22,Thursday
mouse_1,2025-09-04,,3,2,35,351.0717062950134,Miss,,0,3,Thursday
mouse_1,2025-09-04,,3,2,36,362.78125977516174,Hit,0.09929545436648368,0,29,Thursday
mouse_1,2025-09-04,,3,2,37,371.2312798500061,False Alarm,,1,4,Thursday
mouse_1,2025-09-04,,3,2,38,381.44550824165344,Miss,,0,0,Thursday
mouse_1,2025-09-04,,3,2,39,391.89122319221497,Miss,,0,0,Thursday
mouse_1,2025-09-04,,3,2,40,402.35256719589233,Miss,,0,0,Thursday
mouse_1,2025-09-04,,3,2,41,412.81058955192566,Hit,0.5292944054996838,0,22,Thursday
mouse_1,2025-09-04,,3,2,42,421.2809867858887,Miss,,0,0,Thursday
mouse_1,2025-09-04,,3,2,43,432.73010444641113,Hit,2.115929123052581,0,23,Thursday
mouse_1,2025-09-04,,3,2,44,443.6810245513916,Miss,,0,0,Thursday
mouse_1,2025-09-04,,3,2,45,454.1321852207184,False Alarm,,1,5,Thursday
mouse_1,2025-09-04,,3,2,46,472.0879249572754,Miss,,0,0,Thursday
mouse_1,2025-09-04,,3,2,47,484.0503284931183,Hit,0.36729521137357324,0,25,Thursday
mouse_1,2025-09-04,,3,2,48,493.50122237205505,False Alarm,,1,5,Thursday
mouse_1,2025-09-04,,3,2,49,508.7169737815857,Miss,,0,6,Thursday
mouse_1,2025-09-04,,3,2,50,519.4300780296326,False Alarm,,1,6,Thursday
mouse_1,2025-09-04,,3,2,51,533.3891341686249,Miss,,0,0,Thursday
mouse_1,2025-09-04,,3,2,52,544.0903198719025,Miss,,0,0,Thursday
mouse_1,2025-09-04,,3,2,53,555.2997980117798,Miss,,0,0,Thursday
mouse_1,2025-09-04,,3,2,54,565.5097980499268,Miss,,0,0,Thursday
mouse_1,2025-09-04,,3,2,55,577.4596140384674,Miss,,0,1,Thursday
mouse_1,2025-09-04,,3,2,56,589.4084553718567,Miss,,0,0,Thursday
mouse_1,2025-09-04,,3,2,57,599.609578371048,Hit,1.7315045622602838,0,29,Thursday
mouse_1,2025-09-04,,3,2,58,610.3099272251129,False Alarm,,1,4,Thursday
mouse_1,2025-09-04,,3,2,59,620.525990486145,Hit,0.7254601212049465,0,21,Thursday
mouse_1,2025-09-04,,3,2,60,629.2304961681366,Miss,,0,0,Thursday
mouse_1,2025-09-04,,3,2,61,639.4391407966614,Miss,,0,0,Thursday
mouse_1,2025-09-04,,3,2,62,650.3891272544861,Miss,,0,4,Thursday
mouse_1,2025-09-04,,3,2,63,660.5990142822266,False Alarm,,1,4,Thursday
mouse_1,2025-09-04,,3,2,64,673.0561950206757,Miss,,0,0,Thursday
mouse_1,2025-09-04,,3,2,65,684.7576720714569,Hit,0.2605344098798241,0,23,Thursday
mouse_1,2025-09-04,,3,2,66,692.9592139720917,Miss,,0,8,Thursday
mouse_1,2025-09-04,,3,2,67,703.9088079929352,Hit,0.2752794291286591,0,17,Thursday
mouse_1,2025-09-04,,3,2,68,711.3589754104614,Miss,,0,0,Thursday
mouse_1,2025-09-04,,3,2,69,722.3182215690613,Hit,1.6264736778249471,0,22,Thursday
mouse_1,2025-09-04,,3,2,70,733.0188167095184,False Alarm,,1,1,Thursday
mouse_1,2025-09-04,,3,2,71,743.7258145809174,Miss,,0,3,Thursday
mouse_1,2025-09-04,,3,2,72,753.928704738617,False Alarm,,1,7,Thursday
mouse_1,2025-09-04,,3,2,73,765.885374546051,False Alarm,,1,15,Thursday
mouse_1,2025-09-04,,3,2,74,780.5953481197357,Hit,0.18477248631745624,0,27,Thursday
mouse_1,2025-09-04,,3,2,75,788.5586233139038,Miss,,0,0,Thursday
mouse_1,2025-09-04,,3,2,76,799.7653765678406,False Alarm,,1,4,Thursday
mouse_1,2025-09-04,,3,2,77,814.975423336029,Miss,,0,0,Thursday
mouse_1,2025-09-04,,3,2,78,825.4284627437592,Miss,,0,0,Thursday
mouse_1,2025-09-04,,3,2,79,836.8787245750427,Miss,,0,0,Thursday
mouse_1,2025-09-04,,3,2,80,848.5881567001343,Miss,,0,2,Thursday
mouse_1,2025-09-04,,3,2,81,860.2882208824158,False Alarm,,1,2,Thursday
mouse_1,2025-09-04,,3,2,82,874.7450799942017,Miss,,0,0,Thursday
mouse_1,2025-09-04,,3,2,83,885.6982548236847,Miss,,0,0,Thursday
mouse_1,2025-09-04,,3,2,84,897.6479744911194,Miss,,0,0,Thursday
mouse_1,2025-09-04,,3,2,85,908.1094930171967,Miss,,0,0,Thursday
mouse_1,2025-09-04,,3,2,86,918.5656251907349,Miss,,0,0,Thursday
mouse_1,2025-09-04,,3,2,87,928.7694149017334,Miss,,0,6,Thursday
mouse_1,2025-09-04,,3,2,88,939.9666991233826,Hit,0.22151711517642525,0,36,Thursday
mouse_1,2025-09-04,,3,2,89,947.678384065628,False Alarm,,1,9,Thursday
mouse_1,2025-09-04,,3,2,90,957.8753683567047,Hit,0.39207321479545953,0,16,Thursday
mouse_1,2025-09-04,,3,2,91,966.8272323608398,Miss,,0,0,Thursday
mouse_1,2025-09-04,,3,2,92,977.5270256996155,Miss,,0,0,Thursday
mouse_1,2025-09-04,,3,2,93,988.72705078125,Hit,1.138529017876408,0,23,Thursday
mouse_1,2025-09-04,,3,2,94,997.177252292633,Hit,1.5387549013080388,0,24,Thursday
mouse_1,2025-09-04,,3,2,95,1006.3877573013306,Miss,,0,0,Thursday
mouse_1,2025-09-04,,3,2,96,1018.0862526893616,Miss,,0,0,Thursday
mouse_1,2025-09-04,,3,2,97,1030.046365737915,Hit,0.8841527115050667,0,34,Thursday
mouse_1,2025-09-04,,3,2,98,1039.7466604709625,False Alarm,,1,6,Thursday
mouse_1,2025-09-04,,3,2,99,1049.9474930763245,Miss,,0,0,Thursday
mouse_1,2025-09-04,,3,2,100,1060.14612698555,Miss,,0,0,Thursday
mouse_1,2025-09-04,,3,2,101,1071.8454604148865,Hit,1.042804718501202,0,13,Thursday
mouse_1,2025-09-04,,3,2,102,1080.2971704006195,Hit,1.2683163169008367,0,18,Thursday
mouse_1,2025-09-04,,3,2,103,1089.5067477226257,Miss,,0,0,Thursday
mouse_1,2025-09-04,,3,2,104,1100.456225156784,Miss,,0,0,Thursday
mouse_1,2025-09-04,,3,2,105,1111.415711402893,Hit,0.4838713658687084,0,15,Thursday
mouse_1,2025-09-04,,3,2,106,1119.876844406128,Miss,,0,0,Thursday
mouse_1,2025-09-04,,3,2,107,1131.5762963294983,Miss,,0,0,Thursday
mouse_1,2025-09-04,,3,2,108,1143.2756836414337,Miss,,0,0,Thursday
mouse_1,2025-09-04,,3,2,109,1153.7267849445343,Miss,,0,0,Thursday
mouse_1,2025-09-04,,3,2,110,1164.185738325119,Miss,,0,0,Thursday
mouse_1,2025-09-04,,3,2,111,1175.8868381977081,Hit,2.05417022850952,0,26,Thursday
mouse_1,2025-09-04,,3,2,112,1186.0954103469849,False Alarm,,1,4,Thursday
mouse_1,2025-09-04,,3,2,113,1196.5419054031372,False Alarm,,1,3,Thursday
mouse_1,2025-09-04,,3,2,114,1208.501838684082,Hit,2.8042651890550587,0,20,Thursday
mouse_1,2025-09-04,,3,2,115,1219.2154552936554,Miss,,0,0,Thursday
mouse_1,2025-09-04,,3,2,116,1229.915248632431,Miss,,0,0,Thursday
mouse_1,2025-09-04,,3,2,117,1240.1266446113586,Miss,,0,0,Thursday
mouse_1,2025-09-04,,3,2,118,1252.3348834514618,Miss,,0,3,Thursday
mouse_1,2025-09-04,,3,2,119,1264.2945718765259,Hit,0.49240752376954333,0,22,Thursday
mouse_1,2025-09-04,,3,2,120,1273.4953429698944,Miss,,0,0,Thursday
mouse_1,2025-09-04,,3,2,121,1285.194556236267,Miss,,0,0,Thursday
mouse_1,2025-09-04,,3,2,122,1295.894379377365,Miss,,0,0,Thursday
mouse_1,2025-09-04,,3,2,123,1306.8548226356506,Miss,,0,0,Thursday
mouse_1,2025-09-04,,3,2,124,1318.5542483329773,Miss,,0,0,Thursday
mouse_1,2025-09-04,,3,2,125,1329.5151641368866,Miss,,0,0,Thursday
mouse_1,2025-09-04,,3,2,126,1340.9651367664337,Miss,,0,0,Thursday
mouse_1,2025-09-04,,3,2,127,1352.6643977165222,Miss,,0,2,Thursday
mouse_1,2025-09-04,,3,2,128,1363.874587059021,False Alarm,,1,2,Thursday
mouse_1,2025-09-04,,3,2,129,1377.841216802597,Miss,,0,0,Thursday
mouse_1,2025-09-04,,3,2,130,1388.5549945831299,Hit,0.37081168393774533,0,37,Thursday
mouse_1,2025-09-04,,3,2,131,1397.2646162509918,False Alarm,,1,11,Thursday
mouse_1,2025-09-04,,3,2,132,1407.4615042209625,Miss,,0,3,Thursday
mouse_1,2025-09-04,,3,2,133,1418.1652235984802,False Alarm,,1,6,Thursday
mouse_1,2025-09-04,,3,2,134,1432.8720877170563,Miss,,0,0,Thursday
mouse_1,2025-09-04,,3,2,135,1443.5843772888184,Miss,,0,0,Thursday
mouse_1,2025-09-04,,3,2,136,1455.2836995124817,Miss,,0,0,Thursday
mouse_1,2025-09-04,,3,2,137,1467.2445585727692,False Alarm,,1,5,Thursday
mouse_1,2025-09-04,,3,2,138,1482.701502084732,Hit,0.6189311907012325,0,11,Thursday
mouse_1,2025-09-04,,3,2,139,1491.4160339832306,Miss,,0,0,Thursday
mouse_1,2025-09-04,,3,2,140,1501.87402510643,Miss,,0,0,Thursday
mouse_1,2025-09-04,,3,2,141,1513.3242354393005,Miss,,0,3,Thursday
mouse_1,2025-09-04,,3,2,142,1525.2839872837067,Hit,0.03596763606969944,0,26,Thursday
mouse_1,2025-09-04,,3,2,143,1533.2445464134216,Miss,,0,0,Thursday
mouse_1,2025-09-04,,3,2,144,1545.2037830352783,Miss,,0,0,Thursday
mouse_1,2025-09-04,,3,2,145,1557.4135971069336,Miss,,0,0,Thursday
mouse_1,2025-09-04,,3,2,146,1568.1148610115051,Miss,,0,0,Thursday
mouse_1,2025-09-04,,3,2,147,1579.565414905548,Miss,,0,0,Thursday
mouse_1,2025-09-04,,3,2,148,1590.2634134292603,Miss,,0,0,Thursday
mouse_1,2025-09-04,,3,2,149,1600.9647469520569,Miss,,0,5,Thursday
mouse_1,2025-09-04,,3,2,150,1612.6631925106049,Hit,0.30399327107306817,0,10,Thursday
mouse_1,2025-09-04,,3,2,151,1620.36336684227,Miss,,0,0,Thursday
mouse_1,2025-09-04,,3,2,152,1630.8233015537262,Hit,1.7412980506728672,0,26,Thursday
mouse_1,2025-09-04,,3,2,153,1640.283727645874,False Alarm,,1,2,Thursday
mouse_1,2025-09-04,,3,2,154,1650.4852633476257,Miss,,0,0,Thursday
mouse_1,2025-09-04,,3,2,155,1660.9329855442047,Miss,,0,0,Thursday
mouse_1,2025-09-04,,3,2,156,1671.632987499237,Miss,,0,0,Thursday
mouse_1,2025-09-04,,3,2,157,1683.5928688049316,Miss,,0,2,Thursday
mouse_1,2025-09-04,,3,2,158,1695.293065071106,Hit,0.2585286803418967,0,15,Thursday
mouse_1,2025-09-04,,3,2,159,1703.4990689754486,Miss,,0,0,Thursday
mouse_1,2025-09-04,,3,2,160,1715.6930825710297,Miss,,0,0,Thursday
mouse_1,2025-09-04,,3,2,161,1727.1427915096283,Miss,,0,0,Thursday
mouse_1,2025-09-04,,3,2,162,1737.6025867462158,Miss,,0,0,Thursday
mouse_1,2025-09-04,,3,2,163,1749.3025286197662,Hit,0.1711569995291029,0,25,Thursday
mouse_1,2025-09-04,,3,2,164,1758.0024418830872,Miss,,0,0,Thursday
mouse_1,2025-09-04,,3,2,165,1769.6901454925537,Miss,,0,0,Thursday
mouse_1,2025-09-04,,3,2,166,1780.3896148204803,Miss,,0,0,Thursday
mouse_1,2025-09-04,,3,2,167,1792.3399727344513,Miss,,0,0,Thursday
mouse_1,2025-09-04,,3,2,168,1803.0519874095917,Miss,,0,0,Thursday
mouse_1,2025-09-05,1500.0,0,-1,-1,,No Trial,,0,0,Friday
mouse_1,2025-09-06,1500.0,0,-1,-1,,No Trial,,0,0,Saturday
mouse_1,2025-09-07,798.0,3,3,1,0.39519357681274414,False Alarm,,1,37,Sunday
mouse_1,2025-09-07,798.0,3,3,2,10.595343589782715,False Alarm,,1,48,Sunday
mouse_1,2025-09-07,798.0,3,3,3,20.805887460708618,False Alarm,,1,34,Sunday
mouse_1,2025-09-07,798.0,3,3,4,32.266300678253174,False Alarm,,1,4,Sunday
mouse_1,2025-09-07,798.0,3,3,5,44.737446784973145,False Alarm,,1,9,Sunday
mouse_1,2025-09-07,798.0,3,3,6,60.44573712348938,False Alarm,,1,2,Sunday
mouse_1,2025-09-07,798.0,3,3,7,72.16510939598083,Hit,0.8015022203311872,0,36,Sunday
mouse_1,2025-09-07,798.0,3,3,8,80.37886357307434,False Alarm,,1,57,Sunday
mouse_1,2025-09-07,798.0,3,3,9,90.58434820175171,False Alarm,,1,36,Sunday
mouse_1,2025-09-07,798.0,3,3,10,100.79567217826843,False Alarm,,1,7,Sunday
mouse_1,2025-09-07,798.0,3,3,11,112.75457525253296,Miss,,0,4,Sunday
mouse_1,2025-09-07,798.0,3,3,12,124.46800708770752,Miss,,0,8,Sunday
mouse_1,2025-09-07,798.0,3,3,13,135.6781153678894,False Alarm,,1,14,Sunday
mouse_1,2025-09-07,798.0,3,3,14,147.14470624923706,False Alarm,,1,3,Sunday
mouse_1,2025-09-07,798.0,3,3,15,157.35431051254272,Miss,,0,21,Sunday
mouse_1,2025-09-07,798.0,3,3,16,168.3173689842224,False Alarm,,1,12,Sunday
mouse_1,2025-09-07,798.0,3,3,17,179.02431797981262,False Alarm,,1,2,Sunday
mouse_1,2025-09-07,798.0,3,3,18,189.98802590370178,Miss,,0,0,Sunday
mouse_1,2025-09-07,798.0,3,3,19,201.19698667526245,Hit,0.5498732779266504,0,57,Sunday
mouse_1,2025-09-07,798.0,3,3,20,209.3968071937561,False Alarm,,1,35,Sunday
mouse_1,2025-09-07,798.0,3,3,21,219.59494256973267,False Alarm,,1,21,Sunday
mouse_1,2025-09-07,798.0,3,3,22,230.56411266326904,False Alarm,,1,23,Sunday
mouse_1,2025-09-07,798.0,3,3,23,241.2665421962738,False Alarm,,1,14,Sunday
mouse_1,2025-09-07,798.0,3,3,24,252.47387719154358,False Alarm,,1,14,Sunday
mouse_1,2025-09-07,798.0,3,3,25,263.44385051727295,False Alarm,,1,20,Sunday
mouse_1,2025-09-07,798.0,3,3,26,274.9027855396271,False Alarm,,1,3,Sunday
mouse_1,2025-09-07,798.0,3,3,27,285.6237757205963,Miss,,0,0,Sunday
mouse_1,2025-09-07,798.0,3,3,28,297.08578157424927,Miss,,0,2,Sunday
mouse_1,2025-09-07,798.0,3,3,29,307.5457785129547,Hit,0.29374979022696834,0,40,Sunday
mouse_1,2025-09-07,798.0,3,3,30,315.98654103279114,False Alarm,,1,13,Sunday
mouse_1,2025-09-07,798.0,3,3,31,326.1927180290222,Hit,0.31373414814333955,0,30,Sunday
mouse_1,2025-09-07,798.0,3,3,32,335.39606857299805,False Alarm,,1,3,Sunday
mouse_1,2025-09-07,798.0,3,3,33,345.5942325592041,Hit,2.1106585863757914,0,49,Sunday
mouse_1,2025-09-07,798.0,3,3,34,355.79551219940186,False Alarm,,1,21,Sunday
mouse_1,2025-09-07,798.0,3,3,35,365.9927124977112,Hit,2.5497312147622893,0,37,Sunday
mouse_1,2025-09-07,798.0,3,3,36,377.1956923007965,False Alarm,,1,11,Sunday
mouse_1,2025-09-07,798.0,3,3,37,387.4033169746399,Hit,0.4372084173616031,0,52,Sunday
mouse_1,2025-09-07,798.0,3,3,38,395.85610246658325,False Alarm,,1,23,Sunday
mouse_1,2025-09-07,798.0,3,3,39,406.0626845359802,Hit,1.6127607583703139,0,32,Sunday
mouse_1,2025-09-07,798.0,3,3,40,415.5241651535034,False Alarm,,1,20,Sunday
mouse_1,2025-09-07,798.0,3,3,41,425.7322132587433,False Alarm,,1,10,Sunday
mouse_1,2025-09-07,798.0,3,3,42,437.94229102134705,Hit,1.9307223672042255,0,36,Sunday
mouse_1,2025-09-07,798.0,3,3,43,448.1459131240845,False Alarm,,1,10,Sunday
mouse_1,2025-09-07,798.0,3,3,44,458.3614807128906,Hit,1.2570592418641127,0,33,Sunday
mouse_1,2025-09-07,798.0,3,3,45,467.81617164611816,False Alarm,,1,19,Sunday
mouse_1,2025-09-07,798.0,3,3,46,478.0218539237976,False Alarm,,1,14,Sunday
mouse_1,2025-09-07,798.0,3,3,47,489.7417175769806,False Alarm,,1,9,Sunday
mouse_1,2025-09-07,798.0,3,3,48,500.4518184661865,False Alarm,,1,5,Sunday
mouse_1,2025-09-07,798.0,3,3,49,511.41151118278503,Hit,0.28275305708223186,0,31,Sunday
mouse_1,2025-09-07,798.0,3,3,50,519.8649759292603,False Alarm,,1,14,Sunday
mouse_1,2025-09-07,798.0,3,3,51,530.0713369846344,False Alarm,,1,8,Sunday
mouse_1,2025-09-07,798.0,3,3,52,542.0242900848389,Miss,,0,0,Sunday
mouse_1,2025-09-07,798.0,3,3,53,553.2241740226746,Hit,0.8288837607609594,0,45,Sunday
mouse_1,2025-09-07,798.0,3,3,54,561.9358761310577,False Alarm,,1,60,Sunday
mouse_1,2025-09-07,798.0,3,3,55,572.134340763092,False Alarm,,1,100,Sunday
mouse_1,2025-09-07,798.0,3,3,56,583.3410894870758,False Alarm,,1,88,Sunday
mouse_1,2025-09-07,798.0,3,3,57,594.0440301895142,False Alarm,,1,26,Sunday
mouse_1,2025-09-07,798.0,3,3,58,604.2609279155731,Hit,0.02088646577772124,0,42,Sunday
mouse_1,2025-09-07,798.0,3,3,59,611.7141752243042,False Alarm,,1,20,Sunday
mouse_1,2025-09-07,798.0,3,3,60,621.9142000675201,False Alarm,,1,5,Sunday
mouse_1,2025-09-07,798.0,3,3,61,632.8705878257751,False Alarm,,1,5,Sunday
mouse_1,2025-09-07,798.0,3,3,62,645.5804765224457,False Alarm,,1,13,Sunday
mouse_1,2025-09-07,798.0,3,3,63,660.7941882610321,False Alarm,,1,5,Sunday
mouse_1,2025-09-07,798.0,3,3,64,671.5001327991486,False Alarm,,1,2,Sunday
mouse_1,2025-09-07,798.0,3,3,65,682.7042739391327,Hit,2.1945668737824917,0,42,Sunday
mouse_1,2025-09-07,798.0,3,3,66,692.6632831096649,False Alarm,,1,20,Sunday
mouse_1,2025-09-07,798.0,3,3,67,702.8699023723602,False Alarm,,1,7,Sunday
mouse_1,2025-09-07,798.0,3,3,68,713.0749216079712,Miss,,0,6,Sunday
mouse_1,2025-09-07,798.0,3,3,69,723.522703409195,False Alarm,,1,12,Sunday
mouse_1,2025-09-07,798.0,3,3,70,734.7295067310333,False Alarm,,1,6,Sunday
mouse_1,2025-09-07,798.0,3,3,71,745.9342970848083,Miss,,0,6,Sunday
mouse_1,2025-09-07,798.0,3,3,72,757.8823566436768,False Alarm,,1,12,Sunday
mouse_1,2025-09-07,798.0,3,3,73,769.3442299365997,Hit,0.3715627831307984,0,35,Sunday
mouse_1,2025-09-07,798.0,3,3,74,777.0520453453064,False Alarm,,1,8,Sunday
mouse_1,2025-09-07,798.0,3,3,75,787.2567253112793,Hit,0.9859408035558772,0,21,Sunday
mouse_1,2025-09-07,798.0,3,3,76,795.7024953365326,Hit,0.9114570060620508,0,25,Sunday
mouse_1,2025-09-07,798.0,3,3,77,804.6496403217316,Hit,0.2022543093493141,0,38,Sunday
mouse_1,2025-09-07,798.0,3,3,78,813.8421504497528,False Alarm,,1,17,Sunday
mouse_1,2025-09-07,798.0,3,3,79,824.0481541156769,False Alarm,,1,9,Sunday
mouse_1,2025-09-07,798.0,3,3,80,835.7684440612793,False Alarm,,1,21,Sunday
mouse_1,2025-09-07,798.0,3,3,81,847.9779133796692,False Alarm,,1,16,Sunday
mouse_1,2025-09-07,798.0,3,3,82,859.4381082057953,False Alarm,,1,4,Sunday
mouse_1,2025-09-07,798.0,3,3,83,873.8980569839478,Hit,1.0018220405618194,0,33,Sunday
mouse_1,2025-09-07,798.0,3,3,84,883.8519179821014,False Alarm,,1,11,Sunday
mouse_1,2025-09-07,798.0,3,3,85,894.0578184127808,False Alarm,,1,4,Sunday
mouse_1,2025-09-07,798.0,3,3,86,908.7687561511993,Miss,,0,5,Sunday
mouse_1,2025-09-07,798.0,3,3,87,919.2306578159332,False Alarm,,1,8,Sunday
mouse_1,2025-09-07,798.0,3,3,88,929.947429895401,Hit,0.7746371592519381,0,38,Sunday
mouse_1,2025-09-07,798.0,3,3,89,937.9010579586029,False Alarm,,1,12,Sunday
mouse_1,2025-09-07,798.0,3,3,90,948.1174321174622,False Alarm,,1,13,Sunday
mouse_1,2025-09-07,798.0,3,3,91,963.0680468082428,Hit,0.07891862064946054,0,35,Sunday
mouse_1,2025-09-07,798.0,3,3,92,971.020299911499,False Alarm,,1,12,Sunday
mouse_1,2025-09-07,798.0,3,3,93,981.2174165248871,Hit,0.475263652051126,0,24,Sunday
mouse_1,2025-09-07,798.0,3,3,94,988.9214506149292,Miss,,0,0,Sunday
mouse_1,2025-09-07,798.0,3,3,95,999.8800404071808,Miss,,0,2,Sunday
mouse_1,2025-09-07,798.0,3,3,96,1010.3380131721497,False Alarm,,1,11,Sunday
mouse_1,2025-09-07,798.0,3,3,97,1022.2971413135529,False Alarm,,1,13,Sunday
mouse_1,2025-09-07,798.0,3,3,98,1034.00510430336,False Alarm,,1,4,Sunday
mouse_1,2025-09-07,798.0,3,3,99,1045.7069246768951,Miss,,0,0,Sunday
mouse_1,2025-09-07,798.0,3,3,100,1057.6589159965515,Miss,,0,0,Sunday
mouse_1,2025-09-07,798.0,3,3,101,1068.359492301941,Hit,0.08354457710356655,0,38,Sunday
mouse_1,2025-09-07,798.0,3,3,102,1076.8204126358032,False Alarm,,1,11,Sunday
mouse_1,2025-09-07,798.0,3,3,103,1087.0185980796814,Miss,,0,4,Sunday
mouse_1,2025-09-07,798.0,3,3,104,1098.2191689014435,False Alarm,,1,7,Sunday
mouse_1,2025-09-07,798.0,3,3,105,1111.1742553710938,Miss,,0,0,Sunday
mouse_1,2025-09-07,798.0,3,3,106,1123.1391677856445,Hit,1.1685570132310659,0,37,Sunday
mouse_1,2025-09-07,798.0,3,3,107,1132.3399496078491,False Alarm,,1,15,Sunday
mouse_1,2025-09-07,798.0,3,3,108,1142.5421738624573,False Alarm,,1,11,Sunday
mouse_1,2025-09-07,798.0,3,3,109,1157.2459313869476,False Alarm,,1,6,Sunday
mouse_1,2025-09-07,798.0,3,3,110,1171.7068881988525,Hit,0.9666913728558484,0,46,Sunday
mouse_1,2025-09-07,798.0,3,3,111,1180.4094066619873,False Alarm,,1,17,Sunday
mouse_1,2025-09-07,798.0,3,3,112,1190.6168806552887,Hit,0.8775540326853388,0,38,Sunday
mouse_1,2025-09-07,798.0,3,3,113,1200.5663073062897,False Alarm,,1,10,Sunday
mouse_1,2025-09-07,798.0,3,3,114,1210.7655103206635,Miss,,0,0,Sunday
mouse_1,2025-09-07,798.0,3,3,115,1221.4783899784088,Miss,,0,0,Sunday
mouse_1,2025-09-07,798.0,3,3,116,1232.4282536506653,Miss,,0,0,Sunday
mouse_1,2025-09-07,798.0,3,3,117,1243.878366947174,Miss,,0,4,Sunday
mouse_1,2025-09-07,798.0,3,3,118,1254.8389678001404,False Alarm,,1,4,Sunday
mouse_1,2025-09-07,798.0,3,3,119,1267.297265291214,Miss,,0,4,Sunday
mouse_1,2025-09-07,798.0,3,3,120,1277.7485525608063,False Alarm,,1,9,Sunday
mouse_1,2025-09-07,798.0,3,3,121,1292.2043888568878,False Alarm,,1,5,Sunday
mouse_1,2025-09-07,798.0,3,3,122,1302.9184777736664,Hit,2.5408586159114748,0,22,Sunday
mouse_1,2025-09-07,798.0,3,3,123,1313.618591785431,Hit,0.41282369408395425,0,51,Sunday
mouse_1,2025-09-07,798.0,3,3,124,1322.3183422088623,False Alarm,,1,29,Sunday
mouse_1,2025-09-07,798.0,3,3,125,1332.5145845413208,False Alarm,,1,3,Sunday
mouse_1,2025-09-07,798.0,3,3,126,1344.4648723602295,Hit,0.11056336634260333,0,53,Sunday
mouse_1,2025-09-07,798.0,3,3,127,1353.1781103610992,False Alarm,,1,26,Sunday
mouse_1,2025-09-07,798.0,3,3,128,1363.3747806549072,Miss,,0,0,Sunday
mouse_1,2025-09-07,798.0,3,3,129,1375.087610244751,Miss,,0,0,Sunday
mouse_1,2025-09-07,798.0,3,3,130,1386.7883651256561,Miss,,0,17,Sunday
mouse_1,2025-09-07,798.0,3,3,131,1396.9951446056366,False Alarm,,1,26,Sunday
mouse_1,2025-09-07,798.0,3,3,132,1408.2045514583588,False Alarm,,1,16,Sunday
mouse_1,2025-09-07,798.0,3,3,133,1419.6733798980713,Hit,0.0308754484756264,0,31,Sunday
mouse_1,2025-09-07,798.0,3,3,134,1427.624585866928,False Alarm,,1,6,Sunday
mouse_1,2025-09-07,798.0,3,3,135,1437.8164439201355,Hit,0.23139533381277033,0,33,Sunday
mouse_1,2025-09-07,798.0,3,3,136,1446.0266845226288,False Alarm,,1,10,Sunday
mouse_1,2025-09-07,798.0,3,3,137,1456.2341513633728,Miss,,0,0,Sunday
mouse_1,2025-09-07,798.0,3,3,138,1467.9378702640533,False Alarm,,1,12,Sunday
mouse_1,2025-09-07,798.0,3,3,139,1483.3936157226562,False Alarm,,1,6,Sunday
mouse_1,2025-09-07,798.0,3,3,140,1494.5990936756134,False Alarm,,1,11,Sunday
mouse_1,2025-09-07,798.0,3,3,141,1507.803677558899,False Alarm,,1,9,Sunday
mouse_1,2025-09-07,798.0,3,3,142,1521.775979757309,Hit,0.7890101109071566,0,30,Sunday
mouse_1,2025-09-07,798.0,3,3,143,1529.7270891666412,False Alarm,,1,6,Sunday
mouse_1,2025-09-07,798.0,3,3,144,1539.933244228363,Hit,2.191630580919309,0,43,Sunday
mouse_1,2025-09-07,798.0,3,3,145,1550.6361508369446,False Alarm,,1,18,Sunday
mouse_1,2025-09-07,798.0,3,3,146,1560.8332064151764,Miss,,0,0,Sunday
mouse_1,2025-09-07,798.0,3,3,147,1571.286206960678,Hit,2.4129457736157747,0,44,Sunday
mouse_1,2025-09-07,798.0,3,3,148,1581.736929178238,False Alarm,,1,18,Sunday
mouse_1,2025-09-07,798.0,3,3,149,1591.9428210258484,Miss,,0,0,Sunday
mouse_1,2025-09-07,798.0,3,3,150,1602.4042601585388,Miss,,0,0,Sunday
mouse_1,2025-09-07,798.0,3,3,151,1613.8548533916473,Hit,2.532928755297462,0,30,Sunday
mouse_1,2025-09-07,798.0,3,3,152,1624.5533001422882,False Alarm,,1,10,Sunday
mouse_1,2025-09-07,798.0,3,3,153,1634.7538859844208,False Alarm,,1,3,Sunday
mouse_1,2025-09-07,798.0,3,3,154,1644.9526319503784,Hit,1.0449552494922045,0,31,Sunday
mouse_1,2025-09-07,798.0,3,3,155,1653.15549325943,False Alarm,,1,5,Sunday
mouse_1,2025-09-07,798.0,3,3,156,1663.3543393611908,Miss,,0,0,Sunday
mouse_1,2025-09-07,798.0,3,3,157,1673.565263748169,Miss,,0,5,Sunday
mouse_1,2025-09-07,798.0,3,3,158,1685.525378704071,Hit,0.7705991661039207,0,42,Sunday
mouse_1,2025-09-07,798.0,3,3,159,1694.7239184379578,False Alarm,,1,15,Sunday
mouse_1,2025-09-07,798.0,3,3,160,1704.9320876598358,Miss,,0,5,Sunday
mouse_1,2025-09-07,798.0,3,3,161,1716.1455671787262,False Alarm,,1,5,Sunday
mouse_1,2025-09-07,798.0,3,3,162,1728.0933859348297,Hit,0.30603357876407244,0,20,Sunday
mouse_1,2025-09-07,798.0,3,3,163,1736.3040068149567,Miss,,0,0,Sunday
mouse_1,2025-09-07,798.0,3,3,164,1746.766053199768,Miss,,0,3,Sunday
mouse_1,2025-09-07,798.0,3,3,165,1756.9647369384766,Hit,0.5213311996560606,0,30,Sunday
mouse_1,2025-09-07,798.0,3,3,166,1764.9166858196259,False Alarm,,1,2,Sunday
mouse_1,2025-09-07,798.0,3,3,167,1775.1215691566467,Miss,,0,4,Sunday
mouse_1,2025-09-07,798.0,3,3,168,1786.5749018192291,False Alarm,,1,4,Sunday
mouse_1,2025-09-07,798.0,3,3,169,1799.2820935249329,Miss,,0,0,Sunday
mouse_1,2025-09-07,798.0,3,4,1,0.3446512222290039,False Alarm,,1,7,Sunday
mouse_1,2025-09-07,798.0,3,4,2,11.044002056121826,False Alarm,,1,4,Sunday
mouse_1,2025-09-07,798.0,3,4,3,23.506466388702393,Hit,1.0629161677409407,0,26,Sunday
mouse_1,2025-09-07,798.0,3,4,4,31.706252574920654,Miss,,0,6,Sunday
mouse_1,2025-09-07,798.0,3,4,5,43.6572470664978,False Alarm,,1,6,Sunday
mouse_1,2025-09-07,798.0,3,4,6,55.60975909233093,Hit,1.114509445378438,0,19,Sunday
mouse_1,2025-09-07,798.0,3,4,7,64.0681517124176,Miss,,0,3,Sunday
mouse_1,2025-09-07,798.0,3,4,8,76.02743697166443,False Alarm,,1,3,Sunday
mouse_1,2025-09-07,798.0,3,4,9,89.24358463287354,Miss,,0,5,Sunday
mouse_1,2025-09-07,798.0,3,4,10,100.7067403793335,Hit,0.5128138200433767,0,43,Sunday
mouse_1,2025-09-07,798.0,3,4,11,109.90468192100525,False Alarm,,1,20,Sunday
mouse_1,2025-09-07,798.0,3,4,12,120.10114240646362,False Alarm,,1,4,Sunday
mouse_1,2025-09-07,798.0,3,4,13,131.5642499923706,Miss,,0,10,Sunday
mouse_1,2025-09-07,798.0,3,4,14,142.76863527297974,False Alarm,,1,3,Sunday
mouse_1,2025-09-07,798.0,3,4,15,152.98383045196533,Miss,,0,0,Sunday
mouse_1,2025-09-07,798.0,3,4,16,164.18867874145508,Miss,,0,7,Sunday
mouse_1,2025-09-07,798.0,3,4,17,175.14806628227234,False Alarm,,1,2,Sunday
mouse_1,2025-09-07,798.0,3,4,18,186.10432076454163,Hit,0.5432823826688207,0,40,Sunday
mouse_1,2025-09-07,798.0,3,4,19,195.30744457244873,False Alarm,,1,25,Sunday
mouse_1,2025-09-07,798.0,3,4,20,205.51347494125366,False Alarm,,1,9,Sunday
mouse_1,2025-09-07,798.0,3,4,21,216.7174937725067,Miss,,0,6,Sunday
mouse_1,2025-09-07,798.0,3,4,22,227.1676847934723,False Alarm,,1,6,Sunday
mouse_1,2025-09-07,798.0,3,4,23,240.62385988235474,Miss,,0,11,Sunday
mouse_1,2025-09-07,798.0,3,4,24,251.07692456245422,False Alarm,,1,8,Sunday
mouse_1,2025-09-07,798.0,3,4,25,265.2837698459625,Miss,,0,0,Sunday
mouse_1,2025-09-07,798.0,3,4,26,276.9868950843811,Hit,1.8656738144682095,0,35,Sunday
mouse_1,2025-09-07,798.0,3,4,27,287.1962020397186,False Alarm,,1,15,Sunday
mouse_1,2025-09-07,798.0,3,4,28,297.4033944606781,False Alarm,,1,8,Sunday
mouse_1,2025-09-07,798.0,3,4,29,309.1235067844391,False Alarm,,1,2,Sunday
mouse_1,2025-09-07,798.0,3,4,30,320.8433995246887,Hit,0.32613329738876473,0,31,Sunday
mouse_1,2025-09-07,798.0,3,4,31,330.0570454597473,False Alarm,,1,9,Sunday
mouse_1,2025-09-07,798.0,3,4,32,340.2635793685913,False Alarm,,1,13,Sunday
mouse_1,2025-09-07,798.0,3,4,33,354.97370505332947,Hit,0.3501881223808141,0,30,Sunday
mouse_1,2025-09-07,798.0,3,4,34,362.67816162109375,False Alarm,,1,7,Sunday
mouse_1,2025-09-07,798.0,3,4,35,372.8934383392334,False Alarm,,1,3,Sunday
mouse_1,2025-09-07,798.0,3,4,36,385.1040372848511,Hit,1.808314620018507,0,23,Sunday
mouse_1,2025-09-07,798.0,3,4,37,394.81600522994995,Miss,,0,0,Sunday
mouse_1,2025-09-07,798.0,3,4,38,406.5174033641815,Miss,,0,4,Sunday
mouse_1,2025-09-07,798.0,3,4,39,417.46623516082764,Hit,1.4266909122108586,0,35,Sunday
mouse_1,2025-09-07,798.0,3,4,40,427.6668436527252,False Alarm,,1,9,Sunday
mouse_1,2025-09-07,798.0,3,4,41,437.8730866909027,Miss,,0,0,Sunday
mouse_1,2025-09-07,798.0,3,4,42,448.3264944553375,Hit,0.9027624572441368,0,59,Sunday
mouse_1,2025-09-07,798.0,3,4,43,457.5363128185272,False Alarm,,1,34,Sunday
mouse_1,2025-09-07,798.0,3,4,44,467.74356269836426,False Alarm,,1,2,Sunday
mouse_1,2025-09-07,798.0,3,4,45,480.697740316391,Miss,,0,5,Sunday
mouse_1,2025-09-07,798.0,3,4,46,492.64749002456665,False Alarm,,1,5,Sunday
mouse_1,2025-09-07,798.0,3,4,47,503.8467471599579,Hit,0.6072555008201448,0,49,Sunday
mouse_1,2025-09-07,798.0,3,4,48,513.5565795898438,False Alarm,,1,22,Sunday
mouse_1,2025-09-07,798.0,3,4,49,523.7630248069763,False Alarm,,1,1,Sunday
mouse_1,2025-09-07,798.0,3,4,50,535.9713413715363,Miss,,0,3,Sunday
mouse_1,2025-09-07,798.0,3,4,51,546.4378633499146,Hit,1.4204814137414132,0,14,Sunday
mouse_1,2025-09-07,798.0,3,4,52,555.6371395587921,Hit,0.2627725135643004,0,29,Sunday
mouse_1,2025-09-07,798.0,3,4,53,563.348335981369,False Alarm,,1,6,Sunday
mouse_1,2025-09-07,798.0,3,4,54,573.5526449680328,False Alarm,,1,6,Sunday
mouse_1,2025-09-07,798.0,3,4,55,584.5139400959015,Hit,0.5627070751532983,0,24,Sunday
mouse_1,2025-09-07,798.0,3,4,56,592.466561794281,Hit,0.336184359665026,0,29,Sunday
mouse_1,2025-09-07,798.0,3,4,57,601.916738986969,False Alarm,,1,4,Sunday
mouse_1,2025-09-07,798.0,3,4,58,612.8792281150818,Hit,0.22138224908303528,0,32,Sunday
mouse_1,2025-09-07,798.0,3,4,59,621.3257572650909,False Alarm,,1,5,Sunday
mouse_1,2025-09-07,798.0,3,4,60,631.5321900844574,Hit,0.4040536077774277,0,27,Sunday
mouse_1,2025-09-07,798.0,3,4,61,639.9865760803223,False Alarm,,1,3,Sunday
mouse_1,2025-09-07,798.0,3,4,62,650.1922905445099,Hit,0.7111770187844968,0,37,Sunday
mouse_1,2025-09-07,798.0,3,4,63,659.3969793319702,False Alarm,,1,13,Sunday
mouse_1,2025-09-07,798.0,3,4,64,669.6022665500641,False Alarm,,1,5,Sunday
mouse_1,2025-09-07,798.0,3,4,65,680.8124601840973,Hit,0.11482985156760606,0,39,Sunday
mouse_1,2025-09-07,798.0,3,4,66,689.0131900310516,False Alarm,,1,14,Sunday
mouse_1,2025-09-07,798.0,3,4,67,699.2219595909119,False Alarm,,1,2,Sunday
mouse_1,2025-09-07,798.0,3,4,68,711.4316236972809,False Alarm,,1,5,Sunday
mouse_1,2025-09-07,798.0,3,4,69,726.8923661708832,Miss,,0,0,Sunday
mouse_1,2025-09-07,798.0,3,4,70,738.845513343811,Miss,,0,3,Sunday
mouse_1,2025-09-07,798.0,3,4,71,750.2951548099518,False Alarm,,1,3,Sunday
mouse_1,2025-09-07,798.0,3,4,72,762.5017030239105,Miss,,0,4,Sunday
mouse_1,2025-09-07,798.0,3,4,73,773.21311378479,False Alarm,,1,4,Sunday
mouse_1,2025-09-07,798.0,3,4,74,784.4164955615997,Miss,,0,0,Sunday
mouse_1,2025-09-07,798.0,3,4,75,795.3644349575043,Miss,,0,0,Sunday
mouse_1,2025-09-07,798.0,3,4,76,805.5548965930939,Miss,,0,0,Sunday
mouse_1,2025-09-07,798.0,3,4,77,817.0053367614746,Miss,,0,0,Sunday
mouse_1,2025-09-07,798.0,3,4,78,828.9545314311981,Hit,0.6374079418872043,0,40,Sunday
mouse_1,2025-09-07,798.0,3,4,79,838.6554117202759,False Alarm,,1,13,Sunday
mouse_1,2025-09-07,798.0,3,4,80,848.8615634441376,Miss,,0,0,Sunday
mouse_1,2025-09-07,798.0,3,4,81,859.814724445343,Hit,0.35577371440035677,0,38,Sunday
mouse_1,2025-09-07,798.0,3,4,82,868.0149710178375,False Alarm,,1,16,Sunday
mouse_1,2025-09-07,798.0,3,4,83,878.2264406681061,Hit,0.306042221137659,0,27,Sunday
mouse_1,2025-09-07,798.0,3,4,84,886.4248192310333,False Alarm,,1,4,Sunday
mouse_1,2025-09-07,798.0,3,4,85,902.1315538883209,Hit,0.7701636889646579,0,23,Sunday
mouse_1,2025-09-07,798.0,3,4,86,911.0950248241425,Miss,,0,0,Sunday
mouse_1,2025-09-07,798.0,3,4,87,922.3043012619019,Hit,0.18869860007157513,0,27,Sunday
mouse_1,2025-09-07,798.0,3,4,88,931.5041599273682,False Alarm,,1,4,Sunday
mouse_1,2025-09-07,798.0,3,4,89,946.4611492156982,Hit,0.6484002022250479,0,19,Sunday
mouse_1,2025-09-07,798.0,3,4,90,955.4249005317688,Miss,,0,0,Sunday
mouse_1,2025-09-07,798.0,3,4,91,967.1239590644836,Hit,2.343294898382851,0,42,Sunday
mouse_1,2025-09-07,798.0,3,4,92,978.0747644901276,False Alarm,,1,16,Sunday
mouse_1,2025-09-07,798.0,3,4,93,988.2904796600342,Hit,0.3931111461636192,0,24,Sunday
mouse_1,2025-09-07,798.0,3,4,94,996.9943118095398,Miss,,0,1,Sunday
mouse_1,2025-09-07,798.0,3,4,95,1007.6938271522522,False Alarm,,1,4,Sunday
mouse_1,2025-09-07,798.0,3,4,96,1022.4110658168793,False Alarm,,1,7,Sunday
mouse_1,2025-09-07,798.0,3,4,97,1035.3710408210754,Hit,0.2727237768483519,0,13,Sunday
mouse_1,2025-09-07,798.0,3,4,98,1043.0713937282562,Miss,,0,0,Sunday
mouse_1,2025-09-07,798.0,3,4,99,1054.2732284069061,Hit,0.22488220493914923,0,13,Sunday
mouse_1,2025-09-07,798.0,3,4,100,1062.9848279953003,Hit,0.03952252179919924,0,23,Sunday
mouse_1,2025-09-07,798.0,3,4,101,1071.6937003135681,Miss,,0,3,Sunday
mouse_1,2025-09-07,798.0,3,4,102,1083.143790960312,Hit,0.6048649431672857,0,28,Sunday
mouse_1,2025-09-07,798.0,3,4,103,1091.1036994457245,False Alarm,,1,2,Sunday
mouse_1,2025-09-07,798.0,3,4,104,1101.310054063797,Miss,,0,0,Sunday
mouse_1,2025-09-07,798.0,3,4,105,1112.7731680870056,Miss,,0,0,Sunday
mouse_1,2025-09-07,798.0,3,4,106,1123.2330250740051,Hit,0.7608894693223647,0,14,Sunday
mouse_1,2025-09-07,798.0,3,4,107,1132.4241325855255,Miss,,0,0,Sunday
mouse_1,2025-09-07,798.0,3,4,108,1144.3828558921814,Hit,0.14450718509033322,0,27,Sunday
mouse_1,2025-09-07,798.0,3,4,109,1153.333590745926,Hit,0.31459066940033154,0,21,Sunday
mouse_1,2025-09-07,798.0,3,4,110,1162.284474849701,Hit,0.5851631965540491,0,34,Sunday
mouse_1,2025-09-07,798.0,3,4,111,1170.2437996864319,False Alarm,,1,7,Sunday
mouse_1,2025-09-07,798.0,3,4,112,1180.4464802742004,Hit,0.03569214347953675,0,30,Sunday
mouse_1,2025-09-07,798.0,3,4,113,1189.6527149677277,False Alarm,,1,3,Sunday
mouse_1,2025-09-07,798.0,3,4,114,1199.8495087623596,Miss,,0,0,Sunday
mouse_1,2025-09-07,798.0,3,4,115,1211.3028779029846,Miss,,0,0,Sunday
mouse_1,2025-09-07,798.0,3,4,116,1223.0124881267548,Hit,0.7678217820118789,0,34,Sunday
mouse_1,2025-09-07,798.0,3,4,117,1231.9632954597473,False Alarm,,1,5,Sunday
mouse_1,2025-09-07,798.0,3,4,118,1242.169289112091,Hit,2.2019618803965386,0,21,Sunday
mouse_1,2025-09-07,798.0,3,4,119,1252.12327003479,Hit,1.8448359047076792,0,12,Sunday
mouse_1,2025-09-07,798.0,3,4,120,1261.8328382968903,Miss,,0,3,Sunday
mouse_1,2025-09-07,798.0,3,4,121,1272.7814025878906,Hit,0.774533982504181,0,15,Sunday
mouse_1,2025-09-07,798.0,3,4,122,1281.7330739498138,Hit,1.8135354240810102,0,35,Sunday
mouse_1,2025-09-07,798.0,3,4,123,1290.683525800705,False Alarm,,1,8,Sunday
mouse_1,2025-09-07,798.0,3,4,124,1300.890830039978,Miss,,0,4,Sunday
mouse_1,2025-09-07,798.0,3,4,125,1312.1020143032074,False Alarm,,1,9,Sunday
mouse_1,2025-09-07,798.0,3,4,126,1325.8065087795258,Miss,,0,4,Sunday
mouse_1,2025-09-07,798.0,3,4,127,1337.7724225521088,False Alarm,,1,4,Sunday
mouse_1,2025-09-07,798.0,3,4,128,1348.2291812896729,Hit,1.5083474130783543,0,6,Sunday
mouse_1,2025-09-07,798.0,3,4,129,1357.4224808216095,Miss,,0,0,Sunday
mouse_1,2025-09-07,798.0,3,4,130,1368.631873846054,False Alarm,,1,4,Sunday
mouse_1,2025-09-07,798.0,3,4,131,1384.086587190628,Hit,0.4524527320634206,0,12,Sunday
mouse_1,2025-09-07,798.0,3,4,132,1392.2918009757996,Miss,,0,3,Sunday
mouse_1,2025-09-07,798.0,3,4,133,1403.2408668994904,False Alarm,,1,3,Sunday
mouse_1,2025-09-07,798.0,3,4,134,1417.4487104415894,Hit,1.6286370949223965,0,20,Sunday
mouse_1,2025-09-07,798.0,3,4,135,1426.9039647579193,Miss,,0,0,Sunday
mouse_1,2025-09-07,798.0,3,4,136,1437.8614628314972,Miss,,0,0,Sunday
mouse_1,2025-09-07,798.0,3,4,137,1448.5629041194916,Hit,1.5050863628150637,0,12,Sunday
mouse_1,2025-09-07,798.0,3,4,138,1457.7621030807495,Miss,,0,0,Sunday
mouse_1,2025-09-07,798.0,3,4,139,1468.7221157550812,False Alarm,,1,7,Sunday
mouse_1,2025-09-07,798.0,3,4,140,1484.1783554553986,Hit,1.5650149886753297,0,19,Sunday
mouse_1,2025-09-07,798.0,3,4,141,1493.3823688030243,Miss,,0,3,Sunday
mouse_1,2025-09-07,798.0,3,4,142,1504.0818259716034,False Alarm,,1,4,Sunday
mouse_1,2025-09-07,798.0,3,4,143,1516.2831909656525,Hit,0.5933230632256254,0,21,Sunday
mouse_1,2025-09-07,798.0,3,4,144,1524.2320356369019,Miss,,0,0,Sunday
mouse_1,2025-09-07,798.0,3,4,145,1535.441151857376,Hit,1.2540253846057112,0,33,Sunday
mouse_1,2025-09-07,798.0,3,4,146,1544.6416888237,False Alarm,,1,9,Sunday
mouse_1,2025-09-07,798.0,3,4,147,1554.8480150699615,Hit (Calc),2.8885304553577953,0,4,Sunday
mouse_1,2025-09-07,798.0,3,4,148,1566.060597896576,Miss,,0,0,Sunday
mouse_1,2025-09-07,798.0,3,4,149,1577.5113887786865,Hit,0.7547365600778448,0,9,Sunday
mouse_1,2025-09-07,798.0,3,4,150,1586.2213628292084,Hit,1.4841881545269189,0,22,Sunday
mouse_1,2025-09-07,798.0,3,4,151,1596.4213700294495,Miss,,0,3,Sunday
mouse_1,2025-09-07,798.0,3,4,152,1608.6206629276276,False Alarm,,1,3,Sunday
mouse_1,2025-09-07,798.0,3,4,153,1622.3282611370087,Miss,,0,3,Sunday
mouse_1,2025-09-07,798.0,3,4,154,1634.0310471057892,False Alarm,,1,3,Sunday
mouse_1,2025-09-07,798.0,3,4,155,1645.9964289665222,Miss,,0,1,Sunday
mouse_1,2025-09-07,798.0,3,4,156,1657.9503526687622,Hit,0.24298955574658976,0,22,Sunday
mouse_1,2025-09-07,798.0,3,4,157,1665.9111618995667,Miss,,0,0,Sunday
mouse_1,2025-09-07,798.0,3,4,158,1677.3609097003937,Miss,,0,0,Sunday
mouse_1,2025-09-07,798.0,3,4,159,1688.0702412128448,Miss,,0,0,Sunday
mouse_1,2025-09-07,798.0,3,4,160,1700.020562171936,Miss,,0,0,Sunday
mouse_1,2025-09-07,798.0,3,4,161,1710.7200815677643,Miss,,0,0,Sunday
mouse_1,2025-09-07,798.0,3,4,162,1721.6707408428192,Hit,0.12545167228017817,0,1,Sunday
mouse_1,2025-09-07,798.0,3,4,163,1730.88086271286,Miss,,0,0,Sunday
mouse_1,2025-09-07,798.0,3,4,164,1742.3404293060303,Miss,,0,0,Sunday
mouse_1,2025-09-07,798.0,3,4,165,1752.7905638217926,Hit,0.6477309395800148,0,22,Sunday
mouse_1,2025-09-07,798.0,3,4,166,1760.991378068924,Miss,,0,0,Sunday
mouse_1,2025-09-07,798.0,3,4,167,1772.200674533844,Miss,,0,0,Sunday
mouse_1,2025-09-07,798.0,3,4,168,1783.6504759788513,Miss,,0,0,Sunday
mouse_1,2025-09-07,798.0,3,4,169,1795.3498504161835,Miss,,0,0,Sunday
mouse_1,2025-09-08,798.0,3,5,1,0.36600732803344727,Hit,0.20370121170231315,0,25,Monday
mouse_1,2025-09-08,798.0,3,5,2,9.564982891082764,False Alarm,,1,36,Monday
mouse_1,2025-09-08,798.0,3,5,3,20.768450260162354,False Alarm,,1,41,Monday
mouse_1,2025-09-08,798.0,3,5,4,32.48094916343689,False Alarm,,1,8,Monday
mouse_1,2025-09-08,798.0,3,5,5,44.688477754592896,False Alarm,,1,4,Monday
mouse_1,2025-09-08,798.0,3,5,6,56.14077281951904,Hit,1.041060787867572,0,27,Monday
mouse_1,2025-09-08,798.0,3,5,7,64.84447503089905,False Alarm,,1,22,Monday
mouse_1,2025-09-08,798.0,3,5,8,75.06009221076965,False Alarm,,1,13,Monday
mouse_1,2025-09-08,798.0,3,5,9,85.26067590713501,False Alarm,,1,5,Monday
mouse_1,2025-09-08,798.0,3,5,10,97.73128080368042,Hit,1.9778406914211644,0,29,Monday
mouse_1,2025-09-08,798.0,3,5,11,108.44416117668152,False Alarm,,1,8,Monday
mouse_1,2025-09-08,798.0,3,5,12,118.65184617042542,False Alarm,,1,10,Monday
mouse_1,2025-09-08,798.0,3,5,13,129.6109218597412,False Alarm,,1,13,Monday
mouse_1,2025-09-08,798.0,3,5,14,141.32102966308594,False Alarm,,1,12,Monday
mouse_1,2025-09-08,798.0,3,5,15,155.2899329662323,False Alarm,,1,4,Monday
mouse_1,2025-09-08,798.0,3,5,16,167.49874305725098,False Alarm,,1,6,Monday
mouse_1,2025-09-08,798.0,3,5,17,185.71019887924194,Hit,1.8108622272599177,0,26,Monday
mouse_1,2025-09-08,798.0,3,5,18,195.1730296611786,Hit,0.21155559095691956,0,25,Monday
mouse_1,2025-09-08,798.0,3,5,19,204.37364840507507,False Alarm,,1,2,Monday
mouse_1,2025-09-08,798.0,3,5,20,215.07956552505493,Hit,0.5446621074355846,0,31,Monday
mouse_1,2025-09-08,798.0,3,5,21,224.04310178756714,False Alarm,,1,4,Monday
mouse_1,2025-09-08,798.0,3,5,22,234.24905943870544,Hit,1.6118698630043582,0,24,Monday
mouse_1,2025-09-08,798.0,3,5,23,243.9435374736786,Hit,0.5595471700848691,0,30,Monday
mouse_1,2025-09-08,798.0,3,5,24,251.65306663513184,False Alarm,,1,4,Monday
mouse_1,2025-09-08,798.0,3,5,25,261.85954570770264,Hit,2.565856198259496,0,20,Monday
mouse_1,2025-09-08,798.0,3,5,26,272.3233404159546,False Alarm,,1,1,Monday
mouse_1,2025-09-08,798.0,3,5,27,282.5292115211487,Hit,0.1597802193350617,0,31,Monday
mouse_1,2025-09-08,798.0,3,5,28,291.7324800491333,False Alarm,,1,9,Monday
mouse_1,2025-09-08,798.0,3,5,29,301.9387221336365,False Alarm,,1,9,Monday
mouse_1,2025-09-08,798.0,3,5,30,313.3987331390381,False Alarm,,1,11,Monday
mouse_1,2025-09-08,798.0,3,5,31,324.35699367523193,False Alarm,,1,5,Monday
mouse_1,2025-09-08,798.0,3,5,32,336.3194377422333,Hit,1.2601944398575142,0,23,Monday
mouse_1,2025-09-08,798.0,3,5,33,344.77316308021545,Miss,,0,10,Monday
mouse_1,2025-09-08,798.0,3,5,34,355.7215676307678,False Alarm,,1,12,Monday
mouse_1,2025-09-08,798.0,3,5,35,366.43023133277893,False Alarm,,1,4,Monday
mouse_1,2025-09-08,798.0,3,5,36,380.3829970359802,Miss,,0,5,Monday
mouse_1,2025-09-08,798.0,3,5,37,390.58167791366577,False Alarm,,1,7,Monday
mouse_1,2025-09-08,798.0,3,5,38,401.2980885505676,Hit,0.2725980905039478,0,18,Monday
mouse_1,2025-09-08,798.0,3,5,39,410.5030918121338,Hit,0.5281638724457025,0,19,Monday
mouse_1,2025-09-08,798.0,3,5,40,418.95280623435974,Hit,0.8572056102279362,0,19,Monday
mouse_1,2025-09-08,798.0,3,5,41,427.41221833229065,Hit,2.460424854613507,0,27,Monday
mouse_1,2025-09-08,798.0,3,5,42,437.36172795295715,Hit,0.75608737080222,0,28,Monday
mouse_1,2025-09-08,798.0,3,5,43,447.06188225746155,False Alarm,,1,1,Monday
mouse_1,2025-09-08,798.0,3,5,44,457.26838850975037,Hit,0.6204307610464639,0,39,Monday
mouse_1,2025-09-08,798.0,3,5,45,466.2224540710449,False Alarm,,1,17,Monday
mouse_1,2025-09-08,798.0,3,5,46,476.42802929878235,False Alarm,,1,9,Monday
mouse_1,2025-09-08,798.0,3,5,47,486.8881311416626,False Alarm,,1,14,Monday
mouse_1,2025-09-08,798.0,3,5,48,499.5886697769165,False Alarm,,1,14,Monday
mouse_1,2025-09-08,798.0,3,5,49,510.7973515987396,False Alarm,,1,5,Monday
mouse_1,2025-09-08,798.0,3,5,50,525.2578737735748,Miss,,0,2,Monday
mouse_1,2025-09-08,798.0,3,5,51,536.9610047340393,Miss,,0,7,Monday
mouse_1,2025-09-08,798.0,3,5,52,548.4081449508667,False Alarm,,1,7,Monday
mouse_1,2025-09-08,798.0,3,5,53,560.6278491020203,Miss,,0,0,Monday
mouse_1,2025-09-08,798.0,3,5,54,571.3411111831665,Miss,,0,0,Monday
mouse_1,2025-09-08,798.0,3,5,55,582.2907333374023,Miss,,0,3,Monday
mouse_1,2025-09-08,798.0,3,5,56,593.7404267787933,False Alarm,,1,3,Monday
mouse_1,2025-09-08,798.0,3,5,57,604.9580855369568,Hit,0.5674761287177716,0,27,Monday
mouse_1,2025-09-08,798.0,3,5,58,613.4086108207703,False Alarm,,1,1,Monday
mouse_1,2025-09-08,798.0,3,5,59,623.617264509201,Miss,,0,3,Monday
mouse_1,2025-09-08,798.0,3,5,60,635.3219089508057,False Alarm,,1,3,Monday
mouse_1,2025-09-08,798.0,3,5,61,646.2778573036194,Miss,,0,0,Monday
mouse_1,2025-09-08,798.0,3,5,62,657.2297058105469,Miss,,0,0,Monday
mouse_1,2025-09-08,798.0,3,5,63,667.930862903595,Miss,,0,4,Monday
mouse_1,2025-09-08,798.0,3,5,64,678.1297078132629,False Alarm,,1,9,Monday
mouse_1,2025-09-08,798.0,3,5,65,690.33766746521,False Alarm,,1,5,Monday
mouse_1,2025-09-08,798.0,3,5,66,702.5481553077698,False Alarm,,1,14,Monday
mouse_1,2025-09-08,798.0,3,5,67,718.0067188739777,Hit,0.03682758882405324,0,23,Monday
mouse_1,2025-09-08,798.0,3,5,68,725.4686603546143,Hit,0.8291198284418897,0,22,Monday
mouse_1,2025-09-08,798.0,3,5,69,733.9295661449432,Hit,0.22906985988197448,0,26,Monday
mouse_1,2025-09-08,798.0,3,5,70,742.1292767524719,Hit,0.10371559499833438,0,30,Monday
mouse_1,2025-09-08,798.0,3,5,71,751.0789847373962,False Alarm,,1,3,Monday
mouse_1,2025-09-08,798.0,3,5,72,761.2878293991089,Hit,1.1162548300326307,0,28,Monday
mouse_1,2025-09-08,798.0,3,5,73,771.0005946159363,False Alarm,,1,8,Monday
mouse_1,2025-09-08,798.0,3,5,74,781.1987137794495,False Alarm,,1,8,Monday
mouse_1,2025-09-08,798.0,3,5,75,793.6565163135529,False Alarm,,1,5,Monday
mouse_1,2025-09-08,798.0,3,5,76,807.8758070468903,Hit,0.9120488966465246,0,19,Monday
mouse_1,2025-09-08,798.0,3,5,77,816.0886750221252,Miss,,0,0,Monday
mouse_1,2025-09-08,798.0,3,5,78,827.0384929180145,Hit,1.6299152302387938,0,18,Monday
mouse_1,2025-09-08,798.0,3,5,79,836.7389948368073,Miss,,0,5,Monday
mouse_1,2025-09-08,798.0,3,5,80,846.9483618736267,False Alarm,,1,7,Monday
mouse_1,2025-09-08,798.0,3,5,81,858.1550297737122,Hit,0.330071254095742,0,30,Monday
mouse_1,2025-09-08,798.0,3,5,82,866.1089055538177,False Alarm,,1,6,Monday
mouse_1,2025-09-08,798.0,3,5,83,876.315052986145,False Alarm,,1,1,Monday
mouse_1,2025-09-08,798.0,3,5,84,889.7848494052887,Hit,0.575349559616825,0,21,Monday
mouse_1,2025-09-08,798.0,3,5,85,898.4860048294067,Hit,1.3835525435242744,0,24,Monday
mouse_1,2025-09-08,798.0,3,5,86,907.438818693161,Hit,0.6032656617737757,0,26,Monday
mouse_1,2025-09-08,798.0,3,5,87,915.6385447978973,Hit,0.512266058276623,0,14,Monday
mouse_1,2025-09-08,798.0,3,5,88,923.8384203910828,Miss,,0,4,Monday
mouse_1,2025-09-08,798.0,3,5,89,935.7883780002594,Hit,0.8188772626560876,0,26,Monday
mouse_1,2025-09-08,798.0,3,5,90,944.9867720603943,Miss,,0,0,Monday
mouse_1,2025-09-08,798.0,3,5,91,956.1880304813385,Miss,,0,0,Monday
mouse_1,2025-09-08,798.0,3,5,92,966.3883802890778,False Alarm,,1,5,Monday
mouse_1,2025-09-08,798.0,3,5,93,984.5953140258789,Hit,0.997591971549241,0,16,Monday
mouse_1,2025-09-08,798.0,3,5,94,993.0490574836731,Miss,,0,0,Monday
mouse_1,2025-09-08,798.0,3,5,95,1003.7483854293823,Miss,,0,0,Monday
mouse_1,2025-09-08,798.0,3,5,96,1015.4476358890533,Miss,,0,0,Monday
mouse_1,2025-09-08,798.0,3,5,97,1027.1476373672485,Hit,0.03259390533730766,0,25,Monday
mouse_1,2025-09-08,798.0,3,5,98,1036.098483324051,Hit,0.7556667032897622,0,18,Monday
mouse_1,2025-09-08,798.0,3,5,99,1044.7983260154724,False Alarm,,1,12,Monday
mouse_1,2025-09-08,798.0,3,5,100,1056.7542839050293,Hit,0.04475012680018153,0,21,Monday
mouse_1,2025-09-08,798.0,3,5,101,1063.9655075073242,Hit,1.1207099565535827,0,16,Monday
mouse_1,2025-09-08,798.0,3,5,102,1073.1685056686401,Miss,,0,4,Monday
mouse_1,2025-09-08,798.0,3,5,103,1084.3673911094666,False Alarm,,1,4,Monday
mouse_1,2025-09-08,798.0,3,5,104,1096.074299812317,Hit,0.436406137435597,0,11,Monday
mouse_1,2025-09-08,798.0,3,5,105,1104.7780480384827,Hit,1.3749559899897577,0,10,Monday
mouse_1,2025-09-08,798.0,3,5,106,1114.9865908622742,Hit,0.8634283103569942,0,15,Monday
mouse_1,2025-09-08,798.0,3,5,107,1124.44726228714,Miss,,0,1,Monday
mouse_1,2025-09-08,798.0,3,5,108,1135.8965454101562,Hit,0.06594747944859591,0,7,Monday
mouse_1,2025-09-08,798.0,3,5,109,1143.8574330806732,Hit,1.9097375834712693,0,15,Monday
mouse_1,2025-09-08,798.0,3,5,110,1153.5570147037506,Hit,1.323534248522492,0,10,Monday
mouse_1,2025-09-08,798.0,3,5,111,1163.7576282024384,Hit,1.9924194095101484,0,21,Monday
mouse_1,2025-09-08,798.0,3,5,112,1172.9649872779846,Hit,0.3894135589171128,0,13,Monday
mouse_1,2025-09-08,798.0,3,5,113,1181.416844367981,Hit,2.0245615692720094,0,13,Monday
mouse_1,2025-09-08,798.0,3,5,114,1192.3768227100372,Miss,,0,0,Monday
mouse_1,2025-09-08,798.0,3,5,115,1203.3272919654846,Hit,0.9169830631324203,0,19,Monday
mouse_1,2025-09-08,798.0,3,5,116,1211.7869782447815,False Alarm,,1,3,Monday
mouse_1,2025-09-08,798.0,3,5,117,1226.2408368587494,Hit,0.18453881984055442,0,20,Monday
mouse_1,2025-09-08,798.0,3,5,118,1234.686782836914,Miss,,0,0,Monday
mouse_1,2025-09-08,798.0,3,5,119,1245.1470975875854,Miss,,0,0,Monday
mouse_1,2025-09-08,798.0,3,5,120,1256.356253862381,Hit,1.0241630807906859,0,19,Monday
mouse_1,2025-09-08,798.0,3,5,121,1264.8061006069183,Miss,,0,0,Monday
mouse_1,2025-09-08,798.0,3,5,122,1276.7561283111572,Miss,,0,0,Monday
mouse_1,2025-09-08,798.0,3,5,123,1287.965856552124,Miss,,0,4,Monday
mouse_1,2025-09-08,798.0,3,5,124,1298.9151766300201,False Alarm,,1,1,Monday
mouse_1,2025-09-08,798.0,3,5,125,1309.6174113750458,Hit,0.30257636729106707,0,13,Monday
mouse_1,2025-09-08,798.0,3,5,126,1318.8257539272308,Hit,1.2171131714576404,0,10,Monday
mouse_1,2025-09-08,798.0,3,5,127,1328.5359735488892,Miss,,0,2,Monday
mouse_1,2025-09-08,798.0,3,5,128,1339.2355618476868,False Alarm,,1,2,Monday
mouse_1,2025-09-08,798.0,3,5,129,1353.692483663559,Hit,1.543268367345263,0,13,Monday
mouse_1,2025-09-08,798.0,3,5,130,1363.1464109420776,Miss,,0,0,Monday
mouse_1,2025-09-08,798.0,3,5,131,1373.8547251224518,Miss,,0,0,Monday
mouse_1,2025-09-08,798.0,3,5,132,1385.8050744533539,Miss,,0,9,Monday
mouse_1,2025-09-08,798.0,3,5,133,1396.5061013698578,Hit,0.062192016505832726,0,9,Monday
mouse_1,2025-09-08,798.0,3,5,134,1403.7054364681244,Miss,,0,0,Monday
mouse_1,2025-09-08,798.0,3,5,135,1414.4047663211823,Miss,,0,0,Monday
mouse_1,2025-09-08,798.0,3,5,136,1425.3646383285522,Miss,,0,0,Monday
mouse_1,2025-09-08,798.0,3,5,137,1436.3157982826233,Miss,,0,1,Monday
mouse_1,2025-09-08,798.0,3,5,138,1447.5146079063416,False Alarm,,1,1,Monday
mouse_1,2025-09-08,798.0,3,5,139,1459.9714028835297,Hit,1.219333304518841,0,12,Monday
mouse_1,2025-09-08,798.0,3,5,140,1470.1754064559937,Miss,,0,0,Monday
mouse_1,2025-09-08,798.0,3,5,141,1481.8733310699463,Miss,,0,0,Monday
mouse_1,2025-09-08,798.0,3,5,142,1493.3253519535065,Miss,,0,0,Monday
mouse_1,2025-09-08,798.0,3,5,143,1503.5246851444244,Hit,0.1941167930310712,0,21,Monday
mouse_1,2025-09-08,798.0,3,5,144,1512.7347111701965,Miss,,0,0,Monday
mouse_1,2025-09-08,798.0,3,5,145,1523.1946918964386,Miss,,0,0,Monday
mouse_1,2025-09-08,798.0,3,5,146,1534.4043395519257,Miss,,0,0,Monday
mouse_1,2025-09-08,798.0,3,5,147,1545.1043410301208,Miss,,0,0,Monday
mouse_1,2025-09-08,798.0,3,5,148,1556.8039424419403,Hit,0.23499694746828936,0,13,Monday
mouse_1,2025-09-08,798.0,3,5,149,1565.2646985054016,Hit,0.4929506483235855,0,16,Monday
mouse_1,2025-09-08,798.0,3,5,150,1573.2144548892975,Hit (Calc),2.97315446600669,0,4,Monday
mouse_1,2025-09-08,798.0,3,5,151,1583.4150862693787,Miss,,0,0,Monday
mouse_1,2025-09-08,798.0,3,5,152,1594.1136229038239,Miss,,0,0,Monday
mouse_1,2025-09-08,798.0,3,5,153,1605.3118166923523,Miss,,0,0,Monday
mouse_1,2025-09-08,798.0,3,5,154,1617.0147528648376,Miss,,0,0,Monday
mouse_1,2025-09-08,798.0,3,5,155,1627.7134251594543,Miss,,0,0,Monday
mouse_1,2025-09-08,798.0,3,5,156,1639.6622958183289,Miss,,0,0,Monday
mouse_1,2025-09-08,798.0,3,5,157,1651.3629953861237,Miss,,0,1,Monday
mouse_1,2025-09-08,798.0,3,5,158,1662.3129370212555,False Alarm,,1,1,Monday
mouse_1,2025-09-08,798.0,3,5,159,1675.0292921066284,Miss,,0,0,Monday
mouse_1,2025-09-08,798.0,3,5,160,1685.7426447868347,Miss,,0,0,Monday
mouse_1,2025-09-08,798.0,3,5,161,1697.4435567855835,Miss,,0,0,Monday
mouse_1,2025-09-08,798.0,3,5,162,1708.1426355838776,Miss,,0,0,Monday
mouse_1,2025-09-08,798.0,3,5,163,1719.0922906398773,Miss,,0,0,Monday
mouse_1,2025-09-08,798.0,3,5,164,1729.2923250198364,Miss,,0,2,Monday
mouse_1,2025-09-08,798.0,3,5,165,1740.9921588897705,Miss,,0,0,Monday
mouse_1,2025-09-08,798.0,3,5,166,1752.4418880939484,Hit,0.6476191742874562,0,27,Monday
mouse_1,2025-09-08,798.0,3,5,167,1760.8927459716797,Miss,,0,0,Monday
mouse_1,2025-09-08,798.0,3,5,168,1772.6016552448273,Miss,,0,0,Monday
mouse_1,2025-09-08,798.0,3,5,169,1784.5591461658478,Miss,,0,0,Monday
mouse_1,2025-09-08,798.0,3,5,170,1795.0212955474854,Miss,,0,0,Monday
mouse_1,2025-09-09,1500.0,0,-1,-1,,No Trial,,0,0,Tuesday
mouse_1,2025-09-10,1500.0,0,-1,-1,,No Trial,,0,0,Wednesday
mouse_1,2025-09-11,798.0,0,-1,-1,,No Trial,,0,0,Thursday
mouse_1,2025-09-12,1500.0,0,-1,-1,,No Trial,,0,0,Friday
mouse_1,2025-09-13,1500.0,0,-1,-1,,No Trial,,0,0,Saturday
mouse_1,2025-09-14,798.0,0,-1,-1,,No Trial,,0,0,Sunday
mouse_1,2025-09-15,798.0,3,6,1,1.394676685333252,Miss,,0,0,Monday
mouse_1,2025-09-15,798.0,3,6,2,12.851078033447266,Miss,,0,0,Monday
mouse_1,2025-09-15,798.0,3,6,3,23.551305532455444,Miss,,0,0,Monday
mouse_1,2025-09-15,798.0,3,6,4,33.25133514404297,Miss,,0,5,Monday
mouse_1,2025-09-15,798.0,3,6,5,44.71177649497986,False Alarm,,1,7,Monday
mouse_1,2025-09-15,798.0,3,6,6,55.92762875556946,False Alarm,,1,2,Monday
mouse_1,2025-09-15,798.0,3,6,7,68.88895058631897,Miss,,0,0,Monday
mouse_1,2025-09-15,798.0,3,6,8,79.85183525085449,Hit,0.4097660024036429,0,47,Monday
mouse_1,2025-09-15,798.0,3,6,9,88.05120491981506,False Alarm,,1,25,Monday
mouse_1,2025-09-15,798.0,3,6,10,98.25235891342163,False Alarm,,1,6,Monday
mouse_1,2025-09-15,798.0,3,6,11,112.46739435195923,False Alarm,,1,4,Monday
mouse_1,2025-09-15,798.0,3,6,12,123.67761874198914,Miss,,0,0,Monday
mouse_1,2025-09-15,798.0,3,6,13,134.13054728507996,Miss,,0,3,Monday
mouse_1,2025-09-15,798.0,3,6,14,144.5806941986084,False Alarm,,1,4,Monday
mouse_1,2025-09-15,798.0,3,6,15,156.04682683944702,False Alarm,,1,1,Monday
mouse_1,2025-09-15,798.0,3,6,16,167.2580738067627,Miss,,0,0,Monday
mouse_1,2025-09-15,798.0,3,6,17,177.9700083732605,Miss,,0,0,Monday
mouse_1,2025-09-15,798.0,3,6,18,188.42929100990295,Miss,,0,0,Monday
mouse_1,2025-09-15,798.0,3,6,19,198.63100743293762,Miss,,0,3,Monday
mouse_1,2025-09-15,798.0,3,6,20,208.58928894996643,Miss,,0,0,Monday
mouse_1,2025-09-15,798.0,3,6,21,218.7894389629364,Hit,0.8565623014145558,0,26,Monday
mouse_1,2025-09-15,798.0,3,6,22,228.49006867408752,Hit,0.2582084371325948,0,52,Monday
mouse_1,2025-09-15,798.0,3,6,23,236.68949675559998,False Alarm,,1,30,Monday
mouse_1,2025-09-15,798.0,3,6,24,246.90618252754211,False Alarm,,1,6,Monday
mouse_1,2025-09-15,798.0,3,6,25,258.1260588169098,False Alarm,,1,6,Monday
mouse_1,2025-09-15,798.0,3,6,26,269.84725284576416,Hit,2.0155623809232566,0,31,Monday
mouse_1,2025-09-15,798.0,3,6,27,280.29980540275574,False Alarm,,1,16,Monday
mouse_1,2025-09-15,798.0,3,6,28,290.5120210647583,Miss,,0,4,Monday
mouse_1,2025-09-15,798.0,3,6,29,300.71881318092346,False Alarm,,1,10,Monday
mouse_1,2025-09-15,798.0,3,6,30,313.9335901737213,False Alarm,,1,4,Monday
mouse_1,2025-09-15,798.0,3,6,31,327.8853702545166,Miss,,0,7,Monday
mouse_1,2025-09-15,798.0,3,6,32,338.0889844894409,False Alarm,,1,16,Monday
mouse_1,2025-09-15,798.0,3,6,33,350.04578161239624,False Alarm,,1,11,Monday
mouse_1,2025-09-15,798.0,3,6,34,360.7653064727783,False Alarm,,1,5,Monday
mouse_1,2025-09-15,798.0,3,6,35,372.21400022506714,Hit,0.051851250742402044,0,37,Monday
mouse_1,2025-09-15,798.0,3,6,36,380.1586766242981,False Alarm,,1,16,Monday
mouse_1,2025-09-15,798.0,3,6,37,390.364559173584,False Alarm,,1,16,Monday
mouse_1,2025-09-15,798.0,3,6,38,400.82521295547485,False Alarm,,1,17,Monday
mouse_1,2025-09-15,798.0,3,6,39,412.7853944301605,False Alarm,,1,3,Monday
mouse_1,2025-09-15,798.0,3,6,40,424.49714064598083,False Alarm,,1,9,Monday
mouse_1,2025-09-15,798.0,3,6,41,439.6990580558777,Hit,0.3585900166248166,0,30,Monday
mouse_1,2025-09-15,798.0,3,6,42,447.9086079597473,False Alarm,,1,15,Monday
mouse_1,2025-09-15,798.0,3,6,43,458.11361384391785,False Alarm,,1,9,Monday
mouse_1,2025-09-15,798.0,3,6,44,469.5667095184326,False Alarm,,1,7,Monday
mouse_1,2025-09-15,798.0,3,6,45,481.28340101242065,False Alarm,,1,9,Monday
mouse_1,2025-09-15,798.0,3,6,46,492.234735250473,False Alarm,,1,42,Monday
mouse_1,2025-09-15,798.0,3,6,47,502.95600605010986,False Alarm,,1,43,Monday
mouse_1,2025-09-15,798.0,3,6,48,514.1645576953888,Hit,1.501101097619994,0,28,Monday
mouse_1,2025-09-15,798.0,3,6,49,524.6175479888916,False Alarm,,1,3,Monday
mouse_1,2025-09-15,798.0,3,6,50,534.824095249176,Miss,,0,0,Monday
mouse_1,2025-09-15,798.0,3,6,51,546.0368208885193,Miss,,0,3,Monday
mouse_1,2025-09-15,798.0,3,6,52,557.2466924190521,False Alarm,,1,12,Monday
mouse_1,2025-09-15,798.0,3,6,53,570.9535524845123,False Alarm,,1,13,Monday
mouse_1,2025-09-15,798.0,3,6,54,584.6634836196899,False Alarm,,1,4,Monday
mouse_1,2025-09-15,798.0,3,6,55,596.3741502761841,Miss,,0,0,Monday
mouse_1,2025-09-15,798.0,3,6,56,607.3338265419006,Hit,1.3634043090859223,0,40,Monday
mouse_1,2025-09-15,798.0,3,6,57,616.0465943813324,False Alarm,,1,30,Monday
mouse_1,2025-09-15,798.0,3,6,58,626.2435369491577,False Alarm,,1,8,Monday
mouse_1,2025-09-15,798.0,3,6,59,637.2034816741943,False Alarm,,1,7,Monday
mouse_1,2025-09-15,798.0,3,6,60,649.1658089160919,False Alarm,,1,12,Monday
mouse_1,2025-09-15,798.0,3,6,61,661.3735468387604,False Alarm,,1,7,Monday
mouse_1,2025-09-15,798.0,3,6,62,672.3261632919312,Miss,,0,5,Monday
mouse_1,2025-09-15,798.0,3,6,63,683.2735476493835,False Alarm,,1,5,Monday
mouse_1,2025-09-15,798.0,3,6,64,694.9734001159668,Hit,0.6999058376228504,0,32,Monday
mouse_1,2025-09-15,798.0,3,6,65,703.9260284900665,False Alarm,,1,13,Monday
mouse_1,2025-09-15,798.0,3,6,66,714.1133432388306,False Alarm,,1,29,Monday
mouse_1,2025-09-15,798.0,3,6,67,725.3326222896576,False Alarm,,1,21,Monday
mouse_1,2025-09-15,798.0,3,6,68,737.5415902137756,Hit,2.3586037883000017,0,36,Monday
mouse_1,2025-09-15,798.0,3,6,69,746.9859805107117,False Alarm,,1,15,Monday
mouse_1,2025-09-15,798.0,3,6,70,757.1916999816895,False Alarm,,1,5,Monday
mouse_1,2025-09-15,798.0,3,6,71,767.901695728302,Hit,0.556431604573504,0,29,Monday
mouse_1,2025-09-15,798.0,3,6,72,775.8533961772919,False Alarm,,1,11,Monday
mouse_1,2025-09-15,798.0,3,6,73,786.061972618103,False Alarm,,1,7,Monday
mouse_1,2025-09-15,798.0,3,6,74,798.0213642120361,Hit,0.4709317788281169,0,48,Monday
mouse_1,2025-09-15,798.0,3,6,75,805.7268209457397,False Alarm,,1,25,Monday
mouse_1,2025-09-15,798.0,3,6,76,815.9313244819641,False Alarm,,1,7,Monday
mouse_1,2025-09-15,798.0,3,6,77,829.3911955356598,False Alarm,,1,10,Monday
mouse_1,2025-09-15,798.0,3,6,78,842.3510808944702,False Alarm,,1,12,Monday
mouse_1,2025-09-15,798.0,3,6,79,853.3131747245789,False Alarm,,1,6,Monday
mouse_1,2025-09-15,798.0,3,6,80,865.2607462406158,Miss,,0,3,Monday
mouse_1,2025-09-15,798.0,3,6,81,876.4635257720947,False Alarm,,1,3,Monday
mouse_1,2025-09-15,798.0,3,6,82,890.6605017185211,Miss,,0,0,Monday
mouse_1,2025-09-15,798.0,3,6,83,900.8633513450623,Miss,,0,3,Monday
mouse_1,2025-09-15,798.0,3,6,84,911.0635027885437,False Alarm,,1,7,Monday
mouse_1,2025-09-15,798.0,3,6,85,922.5208761692047,False Alarm,,1,9,Monday
mouse_1,2025-09-15,798.0,3,6,86,934.7235655784607,Hit,0.1582199720630797,0,30,Monday
mouse_1,2025-09-15,798.0,3,6,87,942.4233939647675,False Alarm,,1,4,Monday
mouse_1,2025-09-15,798.0,3,6,88,952.6297497749329,Hit,0.7845056211966721,0,35,Monday
mouse_1,2025-09-15,798.0,3,6,89,962.0836234092712,False Alarm,,1,10,Monday
mouse_1,2025-09-15,798.0,3,6,90,972.2898497581482,False Alarm,,1,3,Monday
mouse_1,2025-09-15,798.0,3,6,91,983.49343085289,Hit,1.1167131776174983,0,38,Monday
mouse_1,2025-09-15,798.0,3,6,92,992.6932146549225,False Alarm,,1,16,Monday
mouse_1,2025-09-15,798.0,3,6,93,1002.8891170024872,False Alarm,,1,9,Monday
mouse_1,2025-09-15,798.0,3,6,94,1015.3335394859314,False Alarm,,1,3,Monday
mouse_1,2025-09-15,798.0,3,6,95,1027.5498106479645,Hit,2.3255243740807146,0,27,Monday
mouse_1,2025-09-15,798.0,3,6,96,1037.262757062912,False Alarm,,1,5,Monday
mouse_1,2025-09-15,798.0,3,6,97,1047.468871831894,False Alarm,,1,10,Monday
mouse_1,2025-09-15,798.0,3,6,98,1057.9201703071594,False Alarm,,1,6,Monday
mouse_1,2025-09-15,798.0,3,6,99,1071.1296694278717,Hit,0.33256246715222915,0,31,Monday
mouse_1,2025-09-15,798.0,3,6,100,1080.0892415046692,False Alarm,,1,11,Monday
mouse_1,2025-09-15,798.0,3,6,101,1090.2867918014526,False Alarm,,1,7,Monday
mouse_1,2025-09-15,798.0,3,6,102,1101.749177455902,False Alarm,,1,3,Monday
mouse_1,2025-09-15,798.0,3,6,103,1112.952448129654,Hit,1.124412514074038,0,31,Monday
mouse_1,2025-09-15,798.0,3,6,104,1121.411612033844,False Alarm,,1,4,Monday
mouse_1,2025-09-15,798.0,3,6,105,1131.6143066883087,False Alarm,,1,6,Monday
mouse_1,2025-09-15,798.0,3,6,106,1147.3135499954224,False Alarm,,1,5,Monday
mouse_1,2025-09-15,798.0,3,6,107,1161.7786054611206,False Alarm,,1,7,Monday
mouse_1,2025-09-15,798.0,3,6,108,1173.4893498420715,False Alarm,,1,7,Monday
mouse_1,2025-09-15,798.0,3,6,109,1184.448279619217,False Alarm,,1,5,Monday
mouse_1,2025-09-15,798.0,3,6,110,1196.1580848693848,False Alarm,,1,6,Monday
mouse_1,2025-09-15,798.0,3,6,111,1208.877893447876,False Alarm,,1,7,Monday
mouse_1,2025-09-15,798.0,3,6,112,1220.8474116325378,False Alarm,,1,4,Monday
mouse_1,2025-09-15,798.0,3,6,113,1233.0557036399841,Hit,2.035143875981703,0,43,Monday
mouse_1,2025-09-15,798.0,3,6,114,1244.2614343166351,False Alarm,,1,16,Monday
mouse_1,2025-09-15,798.0,3,6,115,1254.473388671875,False Alarm,,1,2,Monday
mouse_1,2025-09-15,798.0,3,6,116,1265.4198002815247,Miss,,0,0,Monday
mouse_1,2025-09-15,798.0,3,6,117,1275.620633840561,Miss,,0,3,Monday
mouse_1,2025-09-15,798.0,3,6,118,1286.0805909633636,False Alarm,,1,3,Monday
mouse_1,2025-09-15,798.0,3,6,119,1299.537994146347,Miss,,0,4,Monday
mouse_1,2025-09-15,798.0,3,6,120,1310.9994730949402,False Alarm,,1,4,Monday
mouse_1,2025-09-15,798.0,3,6,121,1322.707311630249,Hit,1.121705904147575,0,30,Monday
mouse_1,2025-09-15,798.0,3,6,122,1331.4004323482513,Hit,0.008508587471624196,0,32,Monday
mouse_1,2025-09-15,798.0,3,6,123,1339.1003329753876,False Alarm,,1,11,Monday
mouse_1,2025-09-15,798.0,3,6,124,1349.3134365081787,False Alarm,,1,13,Monday
mouse_1,2025-09-15,798.0,3,6,125,1361.5265684127808,False Alarm,,1,9,Monday
mouse_1,2025-09-15,798.0,3,6,126,1375.723521232605,Miss,,0,9,Monday
mouse_1,2025-09-15,798.0,3,6,127,1386.6691284179688,False Alarm,,1,11,Monday
mouse_1,2025-09-15,798.0,3,6,128,1397.6270067691803,False Alarm,,1,10,Monday
mouse_1,2025-09-15,798.0,3,6,129,1411.0964641571045,False Alarm,,1,6,Monday
mouse_1,2025-09-15,798.0,3,6,130,1423.8159883022308,False Alarm,,1,3,Monday
mouse_1,2025-09-15,798.0,3,6,131,1434.785831451416,Miss,,0,3,Monday
mouse_1,2025-09-15,798.0,3,6,132,1444.7485184669495,Hit,0.13881718996776726,0,34,Monday
mouse_1,2025-09-15,798.0,3,6,133,1452.6993765830994,False Alarm,,1,9,Monday
mouse_1,2025-09-15,798.0,3,6,134,1462.904232263565,False Alarm,,1,3,Monday
mouse_1,2025-09-15,798.0,3,6,135,1476.8565700054169,Miss,,0,0,Monday
mouse_1,2025-09-15,798.0,3,6,136,1486.5587034225464,Hit,0.163575215686933,0,27,Monday
mouse_1,2025-09-15,798.0,3,6,137,1495.0187411308289,Hit,0.15824209057677763,0,30,Monday
mouse_1,2025-09-15,798.0,3,6,138,1502.706423997879,False Alarm,,1,4,Monday
mouse_1,2025-09-15,798.0,3,6,139,1512.8965046405792,Miss,,0,0,Monday
mouse_1,2025-09-15,798.0,3,6,140,1522.8383104801178,Hit,1.954539118824414,0,26,Monday
mouse_1,2025-09-15,798.0,3,6,141,1532.298602104187,Hit,0.25689026284612737,0,32,Monday
mouse_1,2025-09-15,798.0,3,6,142,1540.0082297325134,False Alarm,,1,2,Monday
mouse_1,2025-09-15,798.0,3,6,143,1550.2032465934753,Hit,0.5807802803162758,0,27,Monday
mouse_1,2025-09-15,798.0,3,6,144,1559.397839307785,Hit,0.10292964856580511,0,28,Monday
mouse_1,2025-09-15,798.0,3,6,145,1568.0983672142029,False Alarm,,1,4,Monday
mouse_1,2025-09-15,798.0,3,6,146,1578.3044905662537,False Alarm,,1,7,Monday
mouse_1,2025-09-15,798.0,3,6,147,1592.5246121883392,False Alarm,,1,8,Monday
mouse_1,2025-09-15,798.0,3,6,148,1603.7347195148468,False Alarm,,1,7,Monday
mouse_1,2025-09-15,798.0,3,6,149,1614.945107460022,False Alarm,,1,5,Monday
mouse_1,2025-09-15,798.0,3,6,150,1626.6635324954987,False Alarm,,1,4,Monday
mouse_1,2025-09-15,798.0,3,6,151,1639.124713420868,False Alarm,,1,2,Monday
mouse_1,2025-09-15,798.0,3,6,152,1650.825838804245,Miss,,0,3,Monday
mouse_1,2025-09-15,798.0,3,6,153,1661.0377333164215,False Alarm,,1,3,Monday
mouse_1,2025-09-15,798.0,3,6,154,1672.2441453933716,Hit,0.1638772825281194,0,33,Monday
mouse_1,2025-09-15,798.0,3,6,155,1680.957337141037,False Alarm,,1,5,Monday
mouse_1,2025-09-15,798.0,3,6,156,1691.163561820984,Hit,2.3609328032225676,0,22,Monday
mouse_1,2025-09-15,798.0,3,6,157,1701.3685035705566,Miss,,0,6,Monday
mouse_1,2025-09-15,798.0,3,6,158,1712.5735285282135,False Alarm,,1,3,Monday
mouse_1,2025-09-15,798.0,3,6,159,1724.2751758098602,Hit,0.964663012513256,0,30,Monday
mouse_1,2025-09-15,798.0,3,6,160,1734.2363805770874,False Alarm,,1,7,Monday
mouse_1,2025-09-15,798.0,3,6,161,1744.4433014392853,False Alarm,,1,3,Monday
mouse_1,2025-09-15,798.0,3,6,162,1755.6534578800201,Hit,0.9958995087345102,0,32,Monday
mouse_1,2025-09-15,798.0,3,6,163,1765.6142144203186,False Alarm,,1,7,Monday
mouse_1,2025-09-15,798.0,3,6,164,1775.8129570484161,Hit,0.3752617118875605,0,21,Monday
mouse_1,2025-09-15,798.0,3,6,165,1784.7766370773315,Miss,,0,0,Monday
mouse_1,2025-09-15,798.0,3,6,166,1796.2359619140625,Miss,,0,0,Monday
mouse_1,2025-09-16,798.0,3,7,1,1.1601970195770264,Miss,,0,0,Tuesday
mouse_1,2025-09-16,798.0,3,7,2,11.117783784866333,Hit,1.773121344971896,0,16,Tuesday
mouse_1,2025-09-16,798.0,3,7,3,20.319721460342407,Miss,,0,0,Tuesday
mouse_1,2025-09-16,798.0,3,7,4,30.768761157989502,Hit,1.232493105207233,0,29,Tuesday
mouse_1,2025-09-16,798.0,3,7,5,40.47926664352417,False Alarm,,1,3,Tuesday
mouse_1,2025-09-16,798.0,3,7,6,50.67583775520325,Hit,1.3474597557610437,0,19,Tuesday
mouse_1,2025-09-16,798.0,3,7,7,60.37934923171997,Miss,,0,0,Tuesday
mouse_1,2025-09-16,798.0,3,7,8,70.82899308204651,Miss,,0,0,Tuesday
mouse_1,2025-09-16,798.0,3,7,9,82.03587222099304,Hit,0.6606264143538567,0,25,Tuesday
mouse_1,2025-09-16,798.0,3,7,10,90.23894810676575,Miss,,0,3,Tuesday
mouse_1,2025-09-16,798.0,3,7,11,100.93603825569153,False Alarm,,1,4,Tuesday
mouse_1,2025-09-16,798.0,3,7,12,113.15632963180542,Hit,0.7992087944357849,0,19,Tuesday
mouse_1,2025-09-16,798.0,3,7,13,121.36901021003723,Miss,,0,1,Tuesday
mouse_1,2025-09-16,798.0,3,7,14,132.8182771205902,Hit,0.8639096170647349,0,11,Tuesday
mouse_1,2025-09-16,798.0,3,7,15,141.0158886909485,Miss,,0,0,Tuesday
mouse_1,2025-09-16,798.0,3,7,16,152.7184247970581,Miss,,0,0,Tuesday
mouse_1,2025-09-16,798.0,3,7,17,163.67992329597473,Miss,,0,0,Tuesday
mouse_1,2025-09-16,798.0,3,7,18,173.3782353401184,False Alarm,,1,3,Tuesday
mouse_1,2025-09-16,798.0,3,7,19,190.09639024734497,Miss,,0,0,Tuesday
mouse_1,2025-09-16,798.0,3,7,20,200.2979118824005,Miss,,0,0,Tuesday
mouse_1,2025-09-16,798.0,3,7,21,209.99701929092407,Miss,,0,0,Tuesday
mouse_1,2025-09-16,798.0,3,7,22,219.94583892822266,Miss,,0,0,Tuesday
mouse_1,2025-09-16,798.0,3,7,23,230.15820240974426,Miss,,0,3,Tuesday
mouse_1,2025-09-16,798.0,3,7,24,241.6091992855072,Miss,,0,0,Tuesday
mouse_1,2025-09-16,798.0,3,7,25,252.06590390205383,Miss,,0,0,Tuesday
mouse_1,2025-09-16,798.0,3,7,26,263.2759461402893,Miss,,0,0,Tuesday
mouse_1,2025-09-16,798.0,3,7,27,273.4774525165558,Miss,,0,0,Tuesday
mouse_1,2025-09-16,798.0,3,7,28,284.17747378349304,Miss,,0,0,Tuesday
mouse_1,2025-09-16,798.0,3,7,29,294.875901222229,Hit,0.7860893271501368,0,35,Tuesday
mouse_1,2025-09-16,798.0,3,7,30,303.82846307754517,False Alarm,,1,8,Tuesday
mouse_1,2025-09-16,798.0,3,7,31,314.0438826084137,Miss,,0,0,Tuesday
mouse_1,2025-09-16,798.0,3,7,32,324.49782943725586,Miss,,0,2,Tuesday
mouse_1,2025-09-16,798.0,3,7,33,334.7068614959717,False Alarm,,1,2,Tuesday
mouse_1,2025-09-16,798.0,3,7,34,345.1741168498993,Hit,0.14793784244477592,0,25,Tuesday
mouse_1,2025-09-16,798.0,3,7,35,354.1369996070862,Hit,0.07094899906752516,0,34,Tuesday
mouse_1,2025-09-16,798.0,3,7,36,363.0789670944214,False Alarm,,1,6,Tuesday
mouse_1,2025-09-16,798.0,3,7,37,373.29362773895264,Miss,,0,0,Tuesday
mouse_1,2025-09-16,798.0,3,7,38,382.99800205230713,Hit,1.31787174808386,0,24,Tuesday
mouse_1,2025-09-16,798.0,3,7,39,392.2087631225586,Hit,0.23076054111851363,0,24,Tuesday
mouse_1,2025-09-16,798.0,3,7,40,400.65536618232727,False Alarm,,1,1,Tuesday
mouse_1,2025-09-16,798.0,3,7,41,414.1039400100708,Hit,0.3846344574016598,0,23,Tuesday
mouse_1,2025-09-16,798.0,3,7,42,422.5570011138916,Hit,0.4411094804235631,0,31,Tuesday
mouse_1,2025-09-16,798.0,3,7,43,430.0074129104614,False Alarm,,1,7,Tuesday
mouse_1,2025-09-16,798.0,3,7,44,440.21597623825073,False Alarm,,1,5,Tuesday
mouse_1,2025-09-16,798.0,3,7,45,453.18372988700867,False Alarm,,1,8,Tuesday
mouse_1,2025-09-16,798.0,3,7,46,464.3856360912323,Hit,0.06113268335519706,0,23,Tuesday
mouse_1,2025-09-16,798.0,3,7,47,471.83715891838074,Hit,0.9742221402235032,0,22,Tuesday
mouse_1,2025-09-16,798.0,3,7,48,481.04654598236084,Hit,0.759012066681521,0,32,Tuesday
mouse_1,2025-09-16,798.0,3,7,49,489.75682854652405,False Alarm,,1,6,Tuesday
mouse_1,2025-09-16,798.0,3,7,50,499.9630219936371,False Alarm,,1,7,Tuesday
mouse_1,2025-09-16,798.0,3,7,51,510.9258258342743,False Alarm,,1,11,Tuesday
mouse_1,2025-09-16,798.0,3,7,52,524.6367058753967,False Alarm,,1,9,Tuesday
mouse_1,2025-09-16,798.0,3,7,53,535.8440434932709,False Alarm,,1,4,Tuesday
mouse_1,2025-09-16,798.0,3,7,54,549.8033518791199,Hit,0.20786752193089342,0,25,Tuesday
mouse_1,2025-09-16,798.0,3,7,55,559.0177276134491,Hit,1.9112152469143666,0,23,Tuesday
mouse_1,2025-09-16,798.0,3,7,56,568.9669854640961,Hit,0.651804470440652,0,30,Tuesday
mouse_1,2025-09-16,798.0,3,7,57,577.4266963005066,Hit,0.27964739542017014,0,29,Tuesday
mouse_1,2025-09-16,798.0,3,7,58,585.1265058517456,False Alarm,,1,3,Tuesday
mouse_1,2025-09-16,798.0,3,7,59,595.3427605628967,Hit,1.199263552125899,0,22,Tuesday
mouse_1,2025-09-16,798.0,3,7,60,604.0459158420563,Miss,,0,0,Tuesday
mouse_1,2025-09-16,798.0,3,7,61,615.0057873725891,Miss,,0,0,Tuesday
mouse_1,2025-09-16,798.0,3,7,62,625.4655730724335,Hit,0.28600940445858214,0,26,Tuesday
mouse_1,2025-09-16,798.0,3,7,63,634.4170868396759,False Alarm,,1,5,Tuesday
mouse_1,2025-09-16,798.0,3,7,64,644.6225574016571,False Alarm,,1,4,Tuesday
mouse_1,2025-09-16,798.0,3,7,65,655.5925285816193,False Alarm,,1,9,Tuesday
mouse_1,2025-09-16,798.0,3,7,66,670.802238702774,False Alarm,,1,7,Tuesday
mouse_1,2025-09-16,798.0,3,7,67,684.762423992157,False Alarm,,1,8,Tuesday
mouse_1,2025-09-16,798.0,3,7,68,696.4757134914398,Hit,1.873018450837776,0,23,Tuesday
mouse_1,2025-09-16,798.0,3,7,69,705.676666021347,Hit,0.06361979554230857,0,27,Tuesday
mouse_1,2025-09-16,798.0,3,7,70,713.8858067989349,False Alarm,,1,5,Tuesday
mouse_1,2025-09-16,798.0,3,7,71,724.0857803821564,False Alarm,,1,6,Tuesday
mouse_1,2025-09-16,798.0,3,7,72,735.792397737503,False Alarm,,1,7,Tuesday
mouse_1,2025-09-16,798.0,3,7,73,747.2617561817169,False Alarm,,1,4,Tuesday
mouse_1,2025-09-16,798.0,3,7,74,760.7310476303101,Hit,1.1057406627271575,0,17,Tuesday
mouse_1,2025-09-16,798.0,3,7,75,768.9257130622864,Hit,0.7881473476442125,0,22,Tuesday
mouse_1,2025-09-16,798.0,3,7,76,777.6251113414764,Hit,0.6515259144638321,0,29,Tuesday
mouse_1,2025-09-16,798.0,3,7,77,786.575163602829,False Alarm,,1,3,Tuesday
mouse_1,2025-09-16,798.0,3,7,78,796.7811758518219,Hit,0.4304194191812485,0,28,Tuesday
mouse_1,2025-09-16,798.0,3,7,79,805.9848878383636,False Alarm,,1,2,Tuesday
mouse_1,2025-09-16,798.0,3,7,80,816.1858863830566,Hit,1.1378350683110057,0,22,Tuesday
mouse_1,2025-09-16,798.0,3,7,81,825.1348848342896,Hit,0.27193492034894007,0,28,Tuesday
mouse_1,2025-09-16,798.0,3,7,82,834.344155550003,Hit,0.5793170736328648,0,21,Tuesday
mouse_1,2025-09-16,798.0,3,7,83,842.2843315601349,Hit,0.27182831329628243,0,24,Tuesday
mouse_1,2025-09-16,798.0,3,7,84,850.7311582565308,Hit,0.8936719115091591,0,21,Tuesday
mouse_1,2025-09-16,798.0,3,7,85,858.9347550868988,Miss,,0,0,Tuesday
mouse_1,2025-09-16,798.0,3,7,86,869.6339511871338,Hit,1.2607668721168466,0,27,Tuesday
mouse_1,2025-09-16,798.0,3,7,87,878.0839924812317,Hit,0.5651838173034776,0,25,Tuesday
mouse_1,2025-09-16,798.0,3,7,88,886.2843005657196,Hit,0.6746389842661529,0,25,Tuesday
mouse_1,2025-09-16,798.0,3,7,89,894.4935760498047,Miss,,0,8,Tuesday
mouse_1,2025-09-16,798.0,3,7,90,905.1933491230011,False Alarm,,1,5,Tuesday
mouse_1,2025-09-16,798.0,3,7,91,916.8959832191467,Hit,0.5170464431365644,0,23,Tuesday
mouse_1,2025-09-16,798.0,3,7,92,925.093376159668,Hit,1.3806489556781116,0,16,Tuesday
mouse_1,2025-09-16,798.0,3,7,93,934.2841627597809,Hit,0.09858339520917525,0,22,Tuesday
mouse_1,2025-09-16,798.0,3,7,94,942.7431356906891,Hit,1.8589750064801365,0,27,Tuesday
mouse_1,2025-09-16,798.0,3,7,95,951.9435486793518,False Alarm,,1,2,Tuesday
mouse_1,2025-09-16,798.0,3,7,96,962.1316680908203,Miss,,0,15,Tuesday
mouse_1,2025-09-16,798.0,3,7,97,973.5816707611084,False Alarm,,1,14,Tuesday
mouse_1,2025-09-16,798.0,3,7,98,984.5398557186127,False Alarm,,1,8,Tuesday
mouse_1,2025-09-16,798.0,3,7,99,995.7500050067902,False Alarm,,1,8,Tuesday
mouse_1,2025-09-16,798.0,3,7,100,1007.7099511623383,False Alarm,,1,4,Tuesday
mouse_1,2025-09-16,798.0,3,7,101,1022.1695644855499,Miss,,0,6,Tuesday
mouse_1,2025-09-16,798.0,3,7,102,1033.372667312622,False Alarm,,1,6,Tuesday
mouse_1,2025-09-16,798.0,3,7,103,1045.0793406963348,Hit,0.9361907085917665,0,21,Tuesday
mouse_1,2025-09-16,798.0,3,7,104,1054.282738685608,False Alarm,,1,4,Tuesday
mouse_1,2025-09-16,798.0,3,7,105,1072.4998433589935,Miss,,0,0,Tuesday
mouse_1,2025-09-16,798.0,3,7,106,1082.4633519649506,Hit,0.4637068860824911,0,24,Tuesday
mouse_1,2025-09-16,798.0,3,7,107,1090.911747455597,Miss,,0,0,Tuesday
mouse_1,2025-09-16,798.0,3,7,108,1102.3533499240875,Hit,0.517321334701137,0,17,Tuesday
mouse_1,2025-09-16,798.0,3,7,109,1111.3026821613312,False Alarm,,1,4,Tuesday
mouse_1,2025-09-16,798.0,3,7,110,1122.7687723636627,False Alarm,,1,2,Tuesday
mouse_1,2025-09-16,798.0,3,7,111,1133.7395219802856,Miss,,0,0,Tuesday
mouse_1,2025-09-16,798.0,3,7,112,1145.2019069194794,Hit,0.7172814312589253,0,32,Tuesday
mouse_1,2025-09-16,798.0,3,7,113,1154.4021582603455,False Alarm,,1,10,Tuesday
mouse_1,2025-09-16,798.0,3,7,114,1164.5986943244934,Hit,0.43379228857338603,0,18,Tuesday
mouse_1,2025-09-16,798.0,3,7,115,1172.0622742176056,Hit,0.5162051274826354,0,28,Tuesday
mouse_1,2025-09-16,798.0,3,7,116,1181.2616307735443,False Alarm,,1,1,Tuesday
mouse_1,2025-09-16,798.0,3,7,117,1191.4599177837372,Hit,1.2183812378034418,0,19,Tuesday
mouse_1,2025-09-16,798.0,3,7,118,1200.4210991859436,Hit,0.8353664677551933,0,21,Tuesday
mouse_1,2025-09-16,798.0,3,7,119,1208.3723888397217,Hit,0.8301774121366634,0,20,Tuesday
mouse_1,2025-09-16,798.0,3,7,120,1217.081740140915,Miss,,0,0,Tuesday
mouse_1,2025-09-16,798.0,3,7,121,1226.7922830581665,Miss,,0,0,Tuesday
mouse_1,2025-09-16,798.0,3,7,122,1236.7414066791534,Miss,,0,4,Tuesday
mouse_1,2025-09-16,798.0,3,7,123,1248.1910440921783,False Alarm,,1,4,Tuesday
mouse_1,2025-09-16,798.0,3,7,124,1259.407995223999,Hit,1.0003085914854637,0,19,Tuesday
mouse_1,2025-09-16,798.0,3,7,125,1269.6114790439606,Hit,0.2171150695498909,0,15,Tuesday
mouse_1,2025-09-16,798.0,3,7,126,1278.3226289749146,Hit,1.2634647727659285,0,20,Tuesday
mouse_1,2025-09-16,798.0,3,7,127,1286.77183675766,Miss,,0,0,Tuesday
mouse_1,2025-09-16,798.0,3,7,128,1297.7305238246918,Hit,0.8760808215042744,0,11,Tuesday
mouse_1,2025-09-16,798.0,3,7,129,1306.4390947818756,Hit,0.485440421260364,0,34,Tuesday
mouse_1,2025-09-16,798.0,3,7,130,1315.6411390304565,False Alarm,,1,7,Tuesday
mouse_1,2025-09-16,798.0,3,7,131,1325.8572788238525,Hit,1.867958171660348,0,17,Tuesday
mouse_1,2025-09-16,798.0,3,7,132,1335.311000585556,Miss,,0,0,Tuesday
mouse_1,2025-09-16,798.0,3,7,133,1346.760873556137,Hit,1.8066781356053525,0,21,Tuesday
mouse_1,2025-09-16,798.0,3,7,134,1356.2182612419128,False Alarm,,1,7,Tuesday
mouse_1,2025-09-16,798.0,3,7,135,1371.4214930534363,Hit,1.9584487545766933,0,20,Tuesday
mouse_1,2025-09-16,798.0,3,7,136,1381.3709030151367,Hit,0.7739098023996576,0,18,Tuesday
mouse_1,2025-09-16,798.0,3,7,137,1389.5686719417572,Hit,0.1979214807340668,0,22,Tuesday
mouse_1,2025-09-16,798.0,3,7,138,1397.520456314087,Hit,0.09068416022228121,0,14,Tuesday
mouse_1,2025-09-16,798.0,3,7,139,1406.4593150615692,Hit,0.587094006328698,0,26,Tuesday
mouse_1,2025-09-16,798.0,3,7,140,1415.1679463386536,False Alarm,,1,1,Tuesday
mouse_1,2025-09-16,798.0,3,7,141,1425.376665353775,Hit,0.28375580785495913,0,22,Tuesday
mouse_1,2025-09-16,798.0,3,7,142,1434.8304162025452,Hit,0.06813680248365017,0,17,Tuesday
mouse_1,2025-09-16,798.0,3,7,143,1442.540337562561,False Alarm,,1,4,Tuesday
mouse_1,2025-09-16,798.0,3,7,144,1457.496376991272,False Alarm,,1,1,Tuesday
mouse_1,2025-09-16,798.0,3,7,145,1470.2166299819946,Hit,0.9879259611088855,0,12,Tuesday
mouse_1,2025-09-16,798.0,3,7,146,1479.6709072589874,Hit,1.0224212304353841,0,26,Tuesday
mouse_1,2025-09-16,798.0,3,7,147,1487.870157957077,False Alarm,,1,2,Tuesday
mouse_1,2025-09-16,798.0,3,7,148,1498.075844526291,Hit,0.7949810020197674,0,19,Tuesday
mouse_1,2025-09-16,798.0,3,7,149,1507.0296194553375,Hit,2.1279036689238637,0,24,Tuesday
mouse_1,2025-09-16,798.0,3,7,150,1517.7300260066986,Hit,0.37535945599051956,0,25,Tuesday
mouse_1,2025-09-16,798.0,3,7,151,1526.6792361736298,Hit,0.4587793032119407,0,19,Tuesday
mouse_1,2025-09-16,798.0,3,7,152,1535.8817970752716,Hit,0.839293870500569,0,22,Tuesday
mouse_1,2025-09-16,798.0,3,7,153,1545.5798082351685,False Alarm,,1,3,Tuesday
mouse_1,2025-09-16,798.0,3,7,154,1560.2959880828857,Miss,,0,0,Tuesday
mouse_1,2025-09-16,798.0,3,7,155,1570.2591531276703,Miss,,0,0,Tuesday
mouse_1,2025-09-16,798.0,3,7,156,1580.2090215682983,Miss,,0,0,Tuesday
mouse_1,2025-09-16,798.0,3,7,157,1590.4190390110016,Hit,1.506445701506891,0,30,Tuesday
mouse_1,2025-09-16,798.0,3,7,158,1599.3694341182709,False Alarm,,1,8,Tuesday
mouse_1,2025-09-16,798.0,3,7,159,1613.0728392601013,Miss,,0,0,Tuesday
mouse_1,2025-09-16,798.0,3,7,160,1623.5202541351318,Miss,,0,2,Tuesday
mouse_1,2025-09-16,798.0,3,7,161,1634.9690144062042,False Alarm,,1,6,Tuesday
mouse_1,2025-09-16,798.0,3,7,162,1647.42555642128,False Alarm,,1,4,Tuesday
mouse_1,2025-09-16,798.0,3,7,163,1661.137137889862,Hit,1.337003528303967,0,18,Tuesday
mouse_1,2025-09-16,798.0,3,7,164,1670.097416639328,Hit,0.6537876860020333,0,17,Tuesday
mouse_1,2025-09-16,798.0,3,7,165,1679.050096988678,Hit,0.18226934150811758,0,14,Tuesday
mouse_1,2025-09-16,798.0,3,7,166,1687.0100660324097,Hit,1.5782651321051162,0,21,Tuesday
mouse_1,2025-09-16,798.0,3,7,167,1697.4695370197296,Miss,,0,0,Tuesday
mouse_1,2025-09-16,798.0,3,7,168,1708.658709526062,Miss,,0,0,Tuesday
mouse_1,2025-09-16,798.0,3,7,169,1719.1089553833008,Miss,,0,0,Tuesday
mouse_1,2025-09-16,798.0,3,7,170,1729.0590045452118,Hit,1.4834016373047234,0,17,Tuesday
mouse_1,2025-09-16,798.0,3,7,171,1738.5186388492584,Hit,0.4782854225459232,0,12,Tuesday
mouse_1,2025-09-16,798.0,3,7,172,1746.7188873291016,Miss,,0,0,Tuesday
mouse_1,2025-09-16,798.0,3,7,173,1756.6684219837189,Miss,,0,0,Tuesday
mouse_1,2025-09-16,798.0,3,7,174,1766.86834359169,Miss,,0,0,Tuesday
mouse_1,2025-09-16,798.0,3,7,175,1778.3290779590607,Miss,,0,0,Tuesday
mouse_1,2025-09-16,798.0,3,7,176,1789.5381498336792,Miss,,0,0,Tuesday
mouse_1,2025-09-16,798.0,3,7,177,1799.4889905452728,Miss,,0,0,Tuesday
mouse_1,2025-09-17,798.0,3,8,1,0.37906527519226074,False Alarm,,1,12,Wednesday
mouse_1,2025-09-17,798.0,3,8,2,11.825922012329102,False Alarm,,1,3,Wednesday
mouse_1,2025-09-17,798.0,3,8,3,22.036035537719727,False Alarm,,1,3,Wednesday
mouse_1,2025-09-17,798.0,3,8,4,33.74605178833008,False Alarm,,1,1,Wednesday
mouse_1,2025-09-17,798.0,3,8,5,46.70603132247925,Hit,1.1832241157378363,0,27,Wednesday
mouse_1,2025-09-17,798.0,3,8,6,56.66108465194702,False Alarm,,1,10,Wednesday
mouse_1,2025-09-17,798.0,3,8,7,69.11078572273254,False Alarm,,1,4,Wednesday
mouse_1,2025-09-17,798.0,3,8,8,80.32642245292664,Hit,0.9056202230264745,0,25,Wednesday
mouse_1,2025-09-17,798.0,3,8,9,89.02745819091797,Miss,,0,12,Wednesday
mouse_1,2025-09-17,798.0,3,8,10,98.9672737121582,Hit,0.08686340522842784,0,32,Wednesday
mouse_1,2025-09-17,798.0,3,8,11,107.40878129005432,False Alarm,,1,6,Wednesday
mouse_1,2025-09-17,798.0,3,8,12,117.6159315109253,False Alarm,,1,6,Wednesday
mouse_1,2025-09-17,798.0,3,8,13,133.3301010131836,Hit,0.5076703015011503,0,21,Wednesday
mouse_1,2025-09-17,798.0,3,8,14,142.02959561347961,Hit,0.5438350920970834,0,34,Wednesday
mouse_1,2025-09-17,798.0,3,8,15,151.22725915908813,False Alarm,,1,11,Wednesday
mouse_1,2025-09-17,798.0,3,8,16,165.67688393592834,False Alarm,,1,3,Wednesday
mouse_1,2025-09-17,798.0,3,8,17,177.39526414871216,Miss,,0,0,Wednesday
mouse_1,2025-09-17,798.0,3,8,18,187.84839177131653,Hit,1.0791384471538379,0,23,Wednesday
mouse_1,2025-09-17,798.0,3,8,19,196.3090844154358,False Alarm,,1,8,Wednesday
mouse_1,2025-09-17,798.0,3,8,20,208.014750957489,False Alarm,,1,6,Wednesday
mouse_1,2025-09-17,798.0,3,8,21,219.21754693984985,False Alarm,,1,7,Wednesday
mouse_1,2025-09-17,798.0,3,8,22,230.4289915561676,False Alarm,,1,7,Wednesday
mouse_1,2025-09-17,798.0,3,8,23,242.63861322402954,False Alarm,,1,7,Wednesday
mouse_1,2025-09-17,798.0,3,8,24,256.5948805809021,False Alarm,,1,4,Wednesday
mouse_1,2025-09-17,798.0,3,8,25,267.56025433540344,Hit,1.2347494013017695,0,26,Wednesday
mouse_1,2025-09-17,798.0,3,8,26,276.50873827934265,Hit,0.02014333319624484,0,22,Wednesday
mouse_1,2025-09-17,798.0,3,8,27,284.96872329711914,False Alarm,,1,3,Wednesday
mouse_1,2025-09-17,798.0,3,8,28,298.66830945014954,Miss,,0,0,Wednesday
mouse_1,2025-09-17,798.0,3,8,29,310.3779487609863,False Alarm,,1,5,Wednesday
mouse_1,2025-09-17,798.0,3,8,30,325.8276138305664,False Alarm,,1,1,Wednesday
mouse_1,2025-09-17,798.0,3,8,31,336.2812023162842,Miss,,0,5,Wednesday
mouse_1,2025-09-17,798.0,3,8,32,347.74764108657837,False Alarm,,1,14,Wednesday
mouse_1,2025-09-17,798.0,3,8,33,361.7147145271301,False Alarm,,1,9,Wednesday
mouse_1,2025-09-17,798.0,3,8,34,375.4255464076996,Hit,1.6670944095843652,0,19,Wednesday
mouse_1,2025-09-17,798.0,3,8,35,384.87856912612915,Hit,1.0482052935114439,0,20,Wednesday
mouse_1,2025-09-17,798.0,3,8,36,394.578129529953,Hit,0.6139587072361223,0,27,Wednesday
mouse_1,2025-09-17,798.0,3,8,37,402.7772526741028,False Alarm,,1,6,Wednesday
mouse_1,2025-09-17,798.0,3,8,38,412.97884011268616,False Alarm,,1,4,Wednesday
mouse_1,2025-09-17,798.0,3,8,39,424.43115401268005,Miss,,0,0,Wednesday
mouse_1,2025-09-17,798.0,3,8,40,435.6275489330292,Hit,0.2894755244572593,0,35,Wednesday
mouse_1,2025-09-17,798.0,3,8,41,444.07747530937195,False Alarm,,1,14,Wednesday
mouse_1,2025-09-17,798.0,3,8,42,454.286358833313,False Alarm,,1,3,Wednesday
mouse_1,2025-09-17,798.0,3,8,43,468.24756813049316,Hit,0.7792403293637449,0,25,Wednesday
mouse_1,2025-09-17,798.0,3,8,44,477.1992230415344,False Alarm,,1,8,Wednesday
mouse_1,2025-09-17,798.0,3,8,45,492.15449810028076,Hit,1.6996369267089904,0,24,Wednesday
mouse_1,2025-09-17,798.0,3,8,46,501.3581621646881,False Alarm,,1,2,Wednesday
mouse_1,2025-09-17,798.0,3,8,47,515.8139839172363,Hit,1.8904832286843885,0,18,Wednesday
mouse_1,2025-09-17,798.0,3,8,48,526.76793384552,Hit,0.6973716035778352,0,32,Wednesday
mouse_1,2025-09-17,798.0,3,8,49,536.46728682518,False Alarm,,1,5,Wednesday
mouse_1,2025-09-17,798.0,3,8,50,546.6735329627991,Hit,1.4098820354573718,0,31,Wednesday
mouse_1,2025-09-17,798.0,3,8,51,555.3871333599091,False Alarm,,1,6,Wednesday
mouse_1,2025-09-17,798.0,3,8,52,565.5841867923737,Hit,1.3853084136046618,0,19,Wednesday
mouse_1,2025-09-17,798.0,3,8,53,574.5375854969025,Miss,,0,0,Wednesday
mouse_1,2025-09-17,798.0,3,8,54,584.7465181350708,False Alarm,,1,7,Wednesday
mouse_1,2025-09-17,798.0,3,8,55,600.4577302932739,Miss,,0,0,Wednesday
mouse_1,2025-09-17,798.0,3,8,56,610.4164385795593,Miss,,0,4,Wednesday
mouse_1,2025-09-17,798.0,3,8,57,620.1259324550629,Hit,0.15948461019092974,0,19,Wednesday
mouse_1,2025-09-17,798.0,3,8,58,627.8369433879852,Hit,0.2945898203095112,0,23,Wednesday
mouse_1,2025-09-17,798.0,3,8,59,636.5477139949799,Hit,1.3580412030639764,0,17,Wednesday
mouse_1,2025-09-17,798.0,3,8,60,644.9963099956512,Hit,0.07719297772348455,0,24,Wednesday
mouse_1,2025-09-17,798.0,3,8,61,653.1968405246735,Miss,,0,0,Wednesday
mouse_1,2025-09-17,798.0,3,8,62,664.3957080841064,Hit,0.47151140176049466,0,38,Wednesday
mouse_1,2025-09-17,798.0,3,8,63,673.0861043930054,False Alarm,,1,15,Wednesday
mouse_1,2025-09-17,798.0,3,8,64,683.2976100444794,False Alarm,,1,4,Wednesday
mouse_1,2025-09-17,798.0,3,8,65,696.2628388404846,Miss,,0,0,Wednesday
mouse_1,2025-09-17,798.0,3,8,66,707.715469121933,Miss,,0,8,Wednesday
mouse_1,2025-09-17,798.0,3,8,67,718.415397644043,Hit,0.06961099320801623,0,25,Wednesday
mouse_1,2025-09-17,798.0,3,8,68,725.8762967586517,Hit,0.23979649671991865,0,26,Wednesday
mouse_1,2025-09-17,798.0,3,8,69,734.0766489505768,False Alarm,,1,6,Wednesday
mouse_1,2025-09-17,798.0,3,8,70,744.282267332077,False Alarm,,1,7,Wednesday
mouse_1,2025-09-17,798.0,3,8,71,757.2420692443848,False Alarm,,1,3,Wednesday
mouse_1,2025-09-17,798.0,3,8,72,768.9475593566895,Hit,0.9813989670504952,0,23,Wednesday
mouse_1,2025-09-17,798.0,3,8,73,777.6550378799438,False Alarm,,1,3,Wednesday
mouse_1,2025-09-17,798.0,3,8,74,791.1136724948883,Miss,,0,0,Wednesday
mouse_1,2025-09-17,798.0,3,8,75,802.5750758647919,Miss,,0,0,Wednesday
mouse_1,2025-09-17,798.0,3,8,76,813.014014005661,Miss,,0,3,Wednesday
mouse_1,2025-09-17,798.0,3,8,77,823.9752821922302,False Alarm,,1,3,Wednesday
mouse_1,2025-09-17,798.0,3,8,78,835.1820504665375,Hit,0.7478793927158449,0,23,Wednesday
mouse_1,2025-09-17,798.0,3,8,79,844.3856179714203,Hit,1.5644561680171591,0,25,Wednesday
mouse_1,2025-09-17,798.0,3,8,80,853.5950758457184,Hit,0.0939228225873876,0,24,Wednesday
mouse_1,2025-09-17,798.0,3,8,81,862.5454471111298,Hit,0.4783156197133849,0,22,Wednesday
mouse_1,2025-09-17,798.0,3,8,82,870.5054121017456,Miss,,0,0,Wednesday
mouse_1,2025-09-17,798.0,3,8,83,880.9647016525269,Hit,0.6897657266018768,0,12,Wednesday
mouse_1,2025-09-17,798.0,3,8,84,890.6650876998901,Hit,0.968807082807416,0,13,Wednesday
mouse_1,2025-09-17,798.0,3,8,85,900.1255407333374,Hit,0.7268248890272844,0,17,Wednesday
mouse_1,2025-09-17,798.0,3,8,86,909.8349924087524,False Alarm,,1,7,Wednesday
mouse_1,2025-09-17,798.0,3,8,87,927.0461921691895,False Alarm,,1,5,Wednesday
mouse_1,2025-09-17,798.0,3,8,88,942.251514673233,False Alarm,,1,2,Wednesday
mouse_1,2025-09-17,798.0,3,8,89,954.7219214439392,Miss,,0,1,Wednesday
mouse_1,2025-09-17,798.0,3,8,90,965.9140892028809,False Alarm,,1,6,Wednesday
mouse_1,2025-09-17,798.0,3,8,91,980.8810513019562,Miss,,0,2,Wednesday
mouse_1,2025-09-17,798.0,3,8,92,991.5938060283661,False Alarm,,1,3,Wednesday
mouse_1,2025-09-17,798.0,3,8,93,1006.5611281394958,Hit,0.49953196975423,0,19,Wednesday
mouse_1,2025-09-17,798.0,3,8,94,1015.5234279632568,Hit,0.8808517104419025,0,20,Wednesday
mouse_1,2025-09-17,798.0,3,8,95,1025.4746973514557,Hit,1.2337599070938268,0,20,Wednesday
mouse_1,2025-09-17,798.0,3,8,96,1035.686113357544,Miss,,0,0,Wednesday
mouse_1,2025-09-17,798.0,3,8,97,1045.883883714676,Miss,,0,0,Wednesday
mouse_1,2025-09-17,798.0,3,8,98,1057.3327872753143,Hit,0.7303622535450813,0,17,Wednesday
mouse_1,2025-09-17,798.0,3,8,99,1065.5338695049286,Hit,0.08865948289871994,0,18,Wednesday
mouse_1,2025-09-17,798.0,3,8,100,1073.9845147132874,Miss,,0,0,Wednesday
mouse_1,2025-09-17,798.0,3,8,101,1084.1833457946777,Miss,,0,0,Wednesday
mouse_1,2025-09-17,798.0,3,8,102,1095.1446096897125,Hit,1.348173537877983,0,8,Wednesday
mouse_1,2025-09-17,798.0,3,8,103,1104.6045455932617,Miss,,0,0,Wednesday
mouse_1,2025-09-17,798.0,3,8,104,1114.8048207759857,Miss,,0,0,Wednesday
mouse_1,2025-09-17,798.0,3,8,105,1125.0132048130035,Hit,0.7103398352062413,0,23,Wednesday
mouse_1,2025-09-17,798.0,3,8,106,1134.7133424282074,Hit,1.7915480536794348,0,23,Wednesday
mouse_1,2025-09-17,798.0,3,8,107,1144.9030632972717,Miss,,0,0,Wednesday
mouse_1,2025-09-17,798.0,3,8,108,1154.8441445827484,Hit,0.3671230267214014,0,15,Wednesday
mouse_1,2025-09-17,798.0,3,8,109,1164.3031120300293,Hit,0.7934252087713958,0,17,Wednesday
mouse_1,2025-09-17,798.0,3,8,110,1174.0131442546844,Miss,,0,0,Wednesday
mouse_1,2025-09-17,798.0,3,8,111,1185.2226836681366,Hit,1.1438237880181532,0,24,Wednesday
mouse_1,2025-09-17,798.0,3,8,112,1193.673671245575,Hit,0.8472072394531551,0,27,Wednesday
mouse_1,2025-09-17,798.0,3,8,113,1201.8730227947235,False Alarm,,1,1,Wednesday
mouse_1,2025-09-17,798.0,3,8,114,1212.0696766376495,Hit,0.4853262034966974,0,15,Wednesday
mouse_1,2025-09-17,798.0,3,8,115,1220.523179769516,Hit,0.5036126338536633,0,24,Wednesday
mouse_1,2025-09-17,798.0,3,8,116,1229.2227919101715,Hit,0.8162967345449488,0,26,Wednesday
mouse_1,2025-09-17,798.0,3,8,117,1237.9342865943909,Hit,0.14511144362131745,0,27,Wednesday
mouse_1,2025-09-17,798.0,3,8,118,1245.8926916122437,False Alarm,,1,3,Wednesday
mouse_1,2025-09-17,798.0,3,8,119,1259.0998508930206,Miss,,0,4,Wednesday
mouse_1,2025-09-17,798.0,3,8,120,1270.303691148758,False Alarm,,1,4,Wednesday
mouse_1,2025-09-17,798.0,3,8,121,1281.2599818706512,Miss,,0,0,Wednesday
mouse_1,2025-09-17,798.0,3,8,122,1290.9720265865326,Hit,0.7207911713196609,0,15,Wednesday
mouse_1,2025-09-17,798.0,3,8,123,1299.9232957363129,Hit,0.5660878382259398,0,24,Wednesday
mouse_1,2025-09-17,798.0,3,8,124,1308.3728647232056,Hit,0.5428775735165345,0,16,Wednesday
mouse_1,2025-09-17,798.0,3,8,125,1316.0828189849854,Hit,2.269731252404654,0,18,Wednesday
mouse_1,2025-09-17,798.0,3,8,126,1327.532701253891,Hit,0.600335748320731,0,20,Wednesday
mouse_1,2025-09-17,798.0,3,8,127,1335.7331902980804,Hit,0.06466451090386727,0,22,Wednesday
mouse_1,2025-09-17,798.0,3,8,128,1344.9346475601196,Miss,,0,0,Wednesday
mouse_1,2025-09-17,798.0,3,8,129,1355.1329510211945,Hit,0.37603628601550554,0,30,Wednesday
mouse_1,2025-09-17,798.0,3,8,130,1364.3316888809204,False Alarm,,1,3,Wednesday
mouse_1,2025-09-17,798.0,3,8,131,1374.539428949356,Hit,0.5889487890340206,0,12,Wednesday
mouse_1,2025-09-17,798.0,3,8,132,1383.2516014575958,Miss,,0,0,Wednesday
mouse_1,2025-09-17,798.0,3,8,133,1394.2025961875916,Miss,,0,7,Wednesday
mouse_1,2025-09-17,798.0,3,8,134,1404.6525146961212,Hit,0.06685625094701209,0,17,Wednesday
mouse_1,2025-09-17,798.0,3,8,135,1412.1022701263428,Miss,,0,0,Wednesday
mouse_1,2025-09-17,798.0,3,8,136,1422.8012561798096,Miss,,0,0,Wednesday
mouse_1,2025-09-17,798.0,3,8,137,1432.7512073516846,Hit,1.7467725582903313,0,19,Wednesday
mouse_1,2025-09-17,798.0,3,8,138,1442.4516036510468,Miss,,0,0,Wednesday
mouse_1,2025-09-17,798.0,3,8,139,1453.4116733074188,Miss,,0,0,Wednesday
mouse_1,2025-09-17,798.0,3,8,140,1463.6306309700012,Hit,1.0241601699594867,0,13,Wednesday
mouse_1,2025-09-17,798.0,3,8,141,1472.0812828540802,Hit,0.8087697511757597,0,20,Wednesday
mouse_1,2025-09-17,798.0,3,8,142,1481.2914288043976,Hit,0.8156770925781984,0,20,Wednesday
mouse_1,2025-09-17,798.0,3,8,143,1489.2412559986115,Hit,1.0646428459742765,0,21,Wednesday
mouse_1,2025-09-17,798.0,3,8,144,1499.190533399582,Miss,,0,0,Wednesday
mouse_1,2025-09-17,798.0,3,8,145,1509.387594461441,Miss,,0,0,Wednesday
mouse_1,2025-09-17,798.0,3,8,146,1520.3475804328918,Miss,,0,0,Wednesday
mouse_1,2025-09-17,798.0,3,8,147,1530.800197839737,Miss,,0,1,Wednesday
mouse_1,2025-09-17,798.0,3,8,148,1542.0075988769531,Hit,0.4735255989021425,0,14,Wednesday
mouse_1,2025-09-17,798.0,3,8,149,1550.210345506668,Hit,1.150377674154015,0,11,Wednesday
mouse_1,2025-09-17,798.0,3,8,150,1558.9177289009094,Miss,,0,0,Wednesday
mouse_1,2025-09-17,798.0,3,8,151,1569.869781255722,Miss,,0,0,Wednesday
mouse_1,2025-09-17,798.0,3,8,152,1581.3194870948792,Miss,,0,0,Wednesday
mouse_1,2025-09-17,798.0,3,8,153,1592.769348859787,Miss,,0,0,Wednesday
mouse_1,2025-09-17,798.0,3,8,154,1602.9794290065765,Miss,,0,0,Wednesday
mouse_1,2025-09-17,798.0,3,8,155,1613.4388325214386,Miss,,0,0,Wednesday
mouse_1,2025-09-17,798.0,3,8,156,1624.1382975578308,Hit,0.7040772332538836,0,13,Wednesday
mouse_1,2025-09-17,798.0,3,8,157,1632.8495745658875,Miss,,0,3,Wednesday
mouse_1,2025-09-17,798.0,3,8,158,1642.7990341186523,Miss,,0,0,Wednesday
mouse_1,2025-09-17,798.0,3,8,159,1652.7484910488129,Hit,1.434750966775482,0,10,Wednesday
mouse_1,2025-09-17,798.0,3,8,160,1661.4491908550262,Hit,0.3969671470706544,0,22,Wednesday
mouse_1,2025-09-17,798.0,3,8,161,1669.6489684581757,False Alarm,,1,2,Wednesday
mouse_1,2025-09-17,798.0,3,8,162,1681.5967066287994,Miss,,0,0,Wednesday
mouse_1,2025-09-17,798.0,3,8,163,1692.5481882095337,Miss,,0,0,Wednesday
mouse_1,2025-09-17,798.0,3,8,164,1702.7582132816315,Hit,0.46673295474352017,0,10,Wednesday
mouse_1,2025-09-17,798.0,3,8,165,1711.4687476158142,Miss,,0,0,Wednesday
mouse_1,2025-09-17,798.0,3,8,166,1722.1675794124603,Hit,0.6640273571842954,0,19,Wednesday
mouse_1,2025-09-17,798.0,3,8,167,1730.368024110794,Hit,0.37409279865255485,0,21,Wednesday
mouse_1,2025-09-17,798.0,3,8,168,1738.0686728954315,Miss,,0,0,Wednesday
mouse_1,2025-09-17,798.0,3,8,169,1749.0282504558563,Miss,,0,0,Wednesday
mouse_1,2025-09-17,798.0,3,8,170,1759.728526353836,Miss,,0,0,Wednesday
mouse_1,2025-09-17,798.0,3,8,171,1770.4275982379913,Miss,,0,0,Wednesday
mouse_1,2025-09-17,798.0,3,8,172,1780.1274154186249,Hit,0.007427150270586935,0,8,Wednesday
mouse_1,2025-09-17,798.0,3,8,173,1788.5771000385284,Miss,,0,0,Wednesday
mouse_1,2025-09-17,798.0,3,8,174,1799.0275206565857,Miss,,0,0,Wednesday
mouse_1,2025-09-18,798.0,3,9,1,0.3955705165863037,False Alarm,,1,3,Thursday
mouse_1,2025-09-18,798.0,3,9,2,12.353624820709229,Miss,,0,0,Thursday
mouse_1,2025-09-18,798.0,3,9,3,22.557052612304688,Hit,0.10346892216071168,0,33,Thursday
mouse_1,2025-09-18,798.0,3,9,4,31.007290601730347,False Alarm,,1,11,Thursday
mouse_1,2025-09-18,798.0,3,9,5,41.223849296569824,False Alarm,,1,5,Thursday
mouse_1,2025-09-18,798.0,3,9,6,52.42738366127014,False Alarm,,1,5,Thursday
mouse_1,2025-09-18,798.0,3,9,7,63.642889738082886,False Alarm,,1,6,Thursday
mouse_1,2025-09-18,798.0,3,9,8,74.35343599319458,False Alarm,,1,3,Thursday
mouse_1,2025-09-18,798.0,3,9,9,87.57277989387512,Hit,2.023519142145929,0,16,Thursday
mouse_1,2025-09-18,798.0,3,9,10,96.7873101234436,Hit,0.4919306176562088,0,16,Thursday
mouse_1,2025-09-18,798.0,3,9,11,105.49660325050354,Hit,0.9431113808417564,0,22,Thursday
mouse_1,2025-09-18,798.0,3,9,12,115.19706177711487,Miss,,0,0,Thursday
mouse_1,2025-09-18,798.0,3,9,13,126.40616130828857,Hit,1.9553602246712103,0,17,Thursday
mouse_1,2025-09-18,798.0,3,9,14,136.11743140220642,Hit (Calc),2.4480185017260965,0,10,Thursday
mouse_1,2025-09-18,798.0,3,9,15,146.81630039215088,False Alarm,,1,8,Thursday
mouse_1,2025-09-18,798.0,3,9,16,160.52280592918396,False Alarm,,1,1,Thursday
mouse_1,2025-09-18,798.0,3,9,17,171.47324562072754,Hit,0.19343692428336112,0,19,Thursday
mouse_1,2025-09-18,798.0,3,9,18,180.6869878768921,Hit,0.4484343160395099,0,29,Thursday
mouse_1,2025-09-18,798.0,3,9,19,188.88656520843506,False Alarm,,1,3,Thursday
mouse_1,2025-09-18,798.0,3,9,20,199.0930197238922,Hit,0.8233029548707407,0,37,Thursday
mouse_1,2025-09-18,798.0,3,9,21,208.54676699638367,False Alarm,,1,17,Thursday
mouse_1,2025-09-18,798.0,3,9,22,218.7427773475647,False Alarm,,1,6,Thursday
mouse_1,2025-09-18,798.0,3,9,23,229.95301127433777,Miss,,0,0,Thursday
mouse_1,2025-09-18,798.0,3,9,24,239.6654257774353,Miss,,0,0,Thursday
mouse_1,2025-09-18,798.0,3,9,25,251.11551237106323,Miss,,0,6,Thursday
mouse_1,2025-09-18,798.0,3,9,26,261.57572650909424,False Alarm,,1,5,Thursday
mouse_1,2025-09-18,798.0,3,9,27,273.7828085422516,Hit,0.8531159966936457,0,21,Thursday
mouse_1,2025-09-18,798.0,3,9,28,281.98773217201233,Hit,0.7658588833766089,0,21,Thursday
mouse_1,2025-09-18,798.0,3,9,29,290.9364151954651,False Alarm,,1,5,Thursday
mouse_1,2025-09-18,798.0,3,9,30,305.4026584625244,Hit,1.8955457351830773,0,28,Thursday
mouse_1,2025-09-18,798.0,3,9,31,316.36275458335876,Hit,0.11021518954879639,0,29,Thursday
mouse_1,2025-09-18,798.0,3,9,32,325.0539972782135,Hit,0.9709116321386659,0,27,Thursday
mouse_1,2025-09-18,798.0,3,9,33,333.9962651729584,False Alarm,,1,3,Thursday
mouse_1,2025-09-18,798.0,3,9,34,345.4623601436615,Hit,1.442151530390106,0,28,Thursday
mouse_1,2025-09-18,798.0,3,9,35,354.4256794452667,False Alarm,,1,17,Thursday
mouse_1,2025-09-18,798.0,3,9,36,368.88251066207886,Miss,,0,0,Thursday
mouse_1,2025-09-18,798.0,3,9,37,380.3450231552124,Miss,,0,5,Thursday
mouse_1,2025-09-18,798.0,3,9,38,391.04526710510254,False Alarm,,1,6,Thursday
mouse_1,2025-09-18,798.0,3,9,39,405.25144505500793,False Alarm,,1,9,Thursday
mouse_1,2025-09-18,798.0,3,9,40,420.2114372253418,False Alarm,,1,2,Thursday
mouse_1,2025-09-18,798.0,3,9,41,433.6720361709595,Miss,,0,6,Thursday
mouse_1,2025-09-18,798.0,3,9,42,444.12626814842224,False Alarm,,1,11,Thursday
mouse_1,2025-09-18,798.0,3,9,43,458.08285665512085,False Alarm,,1,3,Thursday
mouse_1,2025-09-18,798.0,3,9,44,469.5282618999481,Miss,,0,3,Thursday
mouse_1,2025-09-18,798.0,3,9,45,479.73415207862854,Hit,0.5849300855789465,0,27,Thursday
mouse_1,2025-09-18,798.0,3,9,46,487.6946976184845,Hit,2.0305407381920304,0,31,Thursday
mouse_1,2025-09-18,798.0,3,9,47,497.39624643325806,False Alarm,,1,9,Thursday
mouse_1,2025-09-18,798.0,3,9,48,507.59176993370056,False Alarm,,1,6,Thursday
mouse_1,2025-09-18,798.0,3,9,49,520.0430705547333,Hit,0.466675760176372,0,28,Thursday
mouse_1,2025-09-18,798.0,3,9,50,529.0059328079224,False Alarm,,1,10,Thursday
mouse_1,2025-09-18,798.0,3,9,51,543.7110915184021,False Alarm,,1,3,Thursday
mouse_1,2025-09-18,798.0,3,9,52,557.4128265380859,False Alarm,,1,9,Thursday
mouse_1,2025-09-18,798.0,3,9,53,572.6319305896759,Hit,0.029478665128522152,0,30,Thursday
mouse_1,2025-09-18,798.0,3,9,54,580.3352227210999,False Alarm,,1,5,Thursday
mouse_1,2025-09-18,798.0,3,9,55,590.5419218540192,False Alarm,,1,5,Thursday
mouse_1,2025-09-18,798.0,3,9,56,602.261302947998,Hit,0.011448843984339874,0,26,Thursday
mouse_1,2025-09-18,798.0,3,9,57,609.9657464027405,False Alarm,,1,4,Thursday
mouse_1,2025-09-18,798.0,3,9,58,621.1726295948029,Hit,0.9539103676386276,0,22,Thursday
mouse_1,2025-09-18,798.0,3,9,59,630.374431848526,Hit,0.8543925679247195,0,25,Thursday
mouse_1,2025-09-18,798.0,3,9,60,639.3245232105255,Hit,2.11530682242892,0,23,Thursday
mouse_1,2025-09-18,798.0,3,9,61,650.2836933135986,Miss,,0,6,Thursday
mouse_1,2025-09-18,798.0,3,9,62,661.9832308292389,False Alarm,,1,1,Thursday
mouse_1,2025-09-18,798.0,3,9,63,675.1903076171875,Miss,,0,0,Thursday
mouse_1,2025-09-18,798.0,3,9,64,686.1410765647888,Hit,2.041891735822901,0,32,Thursday
mouse_1,2025-09-18,798.0,3,9,65,696.6030070781708,False Alarm,,1,6,Thursday
mouse_1,2025-09-18,798.0,3,9,66,706.8098120689392,False Alarm,,1,1,Thursday
mouse_1,2025-09-18,798.0,3,9,67,719.7695424556732,Miss,,0,3,Thursday
mouse_1,2025-09-18,798.0,3,9,68,731.2226536273956,Hit,0.8545373271688277,0,19,Thursday
mouse_1,2025-09-18,798.0,3,9,69,739.9333963394165,Miss,,0,0,Thursday
mouse_1,2025-09-18,798.0,3,9,70,751.1422665119171,False Alarm,,1,4,Thursday
mouse_1,2025-09-18,798.0,3,9,71,766.3493759632111,Hit,1.1562964832755824,0,26,Thursday
mouse_1,2025-09-18,798.0,3,9,72,775.312614440918,Miss,,0,0,Thursday
mouse_1,2025-09-18,798.0,3,9,73,786.5119669437408,Miss,,0,0,Thursday
mouse_1,2025-09-18,798.0,3,9,74,797.2221834659576,Hit,1.2320113452257146,0,14,Thursday
mouse_1,2025-09-18,798.0,3,9,75,806.1725058555603,Hit,0.5219399567981782,0,25,Thursday
mouse_1,2025-09-18,798.0,3,9,76,814.1328151226044,Hit,0.3125991910277435,0,21,Thursday
mouse_1,2025-09-18,798.0,3,9,77,823.332780122757,Hit,1.4548913603998699,0,19,Thursday
mouse_1,2025-09-18,798.0,3,9,78,832.0336298942566,Hit,0.029712171049368408,0,21,Thursday
mouse_1,2025-09-18,798.0,3,9,79,840.4821999073029,Hit,0.18621112910784632,0,23,Thursday
mouse_1,2025-09-18,798.0,3,9,80,848.6726322174072,Hit,0.7187612852796974,0,17,Thursday
mouse_1,2025-09-18,798.0,3,9,81,857.6226472854614,Hit,0.034299891372825186,0,24,Thursday
mouse_1,2025-09-18,798.0,3,9,82,865.8226201534271,False Alarm,,1,2,Thursday
mouse_1,2025-09-18,798.0,3,9,83,878.7882881164551,Miss,,0,0,Thursday
mouse_1,2025-09-18,798.0,3,9,84,889.2403347492218,Hit,2.321514534682592,0,18,Thursday
mouse_1,2025-09-18,798.0,3,9,85,900.4425177574158,Hit,0.9838473485484656,0,23,Thursday
mouse_1,2025-09-18,798.0,3,9,86,908.8928163051605,Miss,,0,0,Thursday
mouse_1,2025-09-18,798.0,3,9,87,920.0915546417236,Miss,,0,0,Thursday
mouse_1,2025-09-18,798.0,3,9,88,930.5512163639069,Miss,,0,3,Thursday
mouse_1,2025-09-18,798.0,3,9,89,941.0108845233917,False Alarm,,1,6,Thursday
mouse_1,2025-09-18,798.0,3,9,90,951.2087206840515,False Alarm,,1,4,Thursday
mouse_1,2025-09-18,798.0,3,9,91,962.4179539680481,Miss,,0,0,Thursday
mouse_1,2025-09-18,798.0,3,9,92,972.3813941478729,Miss,,0,0,Thursday
mouse_1,2025-09-18,798.0,3,9,93,982.5811460018158,Miss,,0,4,Thursday
mouse_1,2025-09-18,798.0,3,9,94,993.2810487747192,False Alarm,,1,4,Thursday
mouse_1,2025-09-18,798.0,3,9,95,1004.4976141452789,Hit,1.104022904197791,0,15,Thursday
mouse_1,2025-09-18,798.0,3,9,96,1013.7017042636871,Miss,,0,0,Thursday
mouse_1,2025-09-18,798.0,3,9,97,1023.4007408618927,Hit,1.7769069353751092,0,18,Thursday
mouse_1,2025-09-18,798.0,3,9,98,1033.601191520691,Hit,0.39408624046245677,0,13,Thursday
mouse_1,2025-09-18,798.0,3,9,99,1042.3010733127594,Hit,0.5749780414303132,0,12,Thursday
mouse_1,2025-09-18,798.0,3,9,100,1051.0114591121674,Miss,,0,0,Thursday
mouse_1,2025-09-18,798.0,3,9,101,1060.9607269763947,Hit,0.6669777398296901,0,14,Thursday
mouse_1,2025-09-18,798.0,3,9,102,1070.1613466739655,Miss,,0,0,Thursday
mouse_1,2025-09-18,798.0,3,9,103,1079.860604763031,False Alarm,,1,9,Thursday
mouse_1,2025-09-18,798.0,3,9,104,1095.5676982402802,Hit,0.04234989281712842,0,25,Thursday
mouse_1,2025-09-18,798.0,3,9,105,1103.5206849575043,Miss,,0,0,Thursday
mouse_1,2025-09-18,798.0,3,9,106,1113.460351228714,Hit,1.161621757983312,0,20,Thursday
mouse_1,2025-09-18,798.0,3,9,107,1123.4106278419495,Hit,1.5237798860330258,0,29,Thursday
mouse_1,2025-09-18,798.0,3,9,108,1132.860748052597,False Alarm,,1,5,Thursday
mouse_1,2025-09-18,798.0,3,9,109,1143.0667464733124,False Alarm,,1,1,Thursday
mouse_1,2025-09-18,798.0,3,9,110,1155.2771708965302,Miss,,0,0,Thursday
mouse_1,2025-09-18,798.0,3,9,111,1165.9800355434418,Miss,,0,0,Thursday
mouse_1,2025-09-18,798.0,3,9,112,1176.4388921260834,Miss,,0,0,Thursday
mouse_1,2025-09-18,798.0,3,9,113,1186.639898777008,Hit,0.9449855651087091,0,20,Thursday
mouse_1,2025-09-18,798.0,3,9,114,1195.3413109779358,Miss,,0,1,Thursday
mouse_1,2025-09-18,798.0,3,9,115,1205.7895150184631,Hit,0.0487774003170216,0,19,Thursday
mouse_1,2025-09-18,798.0,3,9,116,1213.9871628284454,Miss,,0,0,Thursday
mouse_1,2025-09-18,798.0,3,9,117,1225.1995522975922,Miss,,0,0,Thursday
mouse_1,2025-09-18,798.0,3,9,118,1236.6497762203217,Miss,,0,0,Thursday
mouse_1,2025-09-18,798.0,3,9,119,1248.1102442741394,Miss,,0,0,Thursday
mouse_1,2025-09-18,798.0,3,9,120,1258.5593371391296,Miss,,0,0,Thursday
mouse_1,2025-09-18,798.0,3,9,121,1268.2697410583496,Miss,,0,0,Thursday
mouse_1,2025-09-18,798.0,3,9,122,1278.969399213791,Miss,,0,0,Thursday
mouse_1,2025-09-18,798.0,3,9,123,1289.4195628166199,Miss,,0,0,Thursday
mouse_1,2025-09-18,798.0,3,9,124,1300.1190538406372,Hit,0.48140558832824354,0,11,Thursday
mouse_1,2025-09-18,798.0,3,9,125,1308.829933166504,Miss,,0,0,Thursday
mouse_1,2025-09-18,798.0,3,9,126,1318.7802195549011,Miss,,0,0,Thursday
mouse_1,2025-09-18,798.0,3,9,127,1328.4792449474335,Hit,0.2558445283839319,0,12,Thursday
mouse_1,2025-09-18,798.0,3,9,128,1336.679901599884,Hit,0.20540348249551243,0,25,Thursday
mouse_1,2025-09-18,798.0,3,9,129,1345.3891606330872,Hit,0.5803050611493745,0,25,Thursday
mouse_1,2025-09-18,798.0,3,9,130,1353.5891451835632,Hit,0.8054864512312179,0,16,Thursday
mouse_1,2025-09-18,798.0,3,9,131,1363.289281129837,Hit,1.19667489369931,0,11,Thursday
mouse_1,2025-09-18,798.0,3,9,132,1373.488443851471,Miss,,0,0,Thursday
mouse_1,2025-09-18,798.0,3,9,133,1384.4488072395325,Miss,,0,0,Thursday
mouse_1,2025-09-18,798.0,3,9,134,1394.659431219101,Hit,0.17112005604144542,0,21,Thursday
mouse_1,2025-09-18,798.0,3,9,135,1403.1098833084106,Miss,,0,0,Thursday
mouse_1,2025-09-18,798.0,3,9,136,1412.8083455562592,Miss,,0,0,Thursday
mouse_1,2025-09-18,798.0,3,9,137,1423.509134054184,Miss,,0,0,Thursday
mouse_1,2025-09-18,798.0,3,9,138,1434.7183752059937,Miss,,0,0,Thursday
mouse_1,2025-09-18,798.0,3,9,139,1444.928118467331,Miss,,0,3,Thursday
mouse_1,2025-09-18,798.0,3,9,140,1456.1380171775818,Hit,0.19616427262280922,0,21,Thursday
mouse_1,2025-09-18,798.0,3,9,141,1464.0982954502106,Hit,0.5320335500912279,0,16,Thursday
mouse_1,2025-09-18,798.0,3,9,142,1472.049221277237,Miss,,0,0,Thursday
mouse_1,2025-09-18,798.0,3,9,143,1482.248209953308,Miss,,0,8,Thursday
mouse_1,2025-09-18,798.0,3,9,144,1493.2076907157898,Hit,0.06693780695241003,0,25,Thursday
mouse_1,2025-09-18,798.0,3,9,145,1500.4087574481964,Miss,,0,0,Thursday
mouse_1,2025-09-18,798.0,3,9,146,1511.3582475185394,Hit,0.5678801149740593,0,17,Thursday
mouse_1,2025-09-18,798.0,3,9,147,1520.3063969612122,Hit,0.6251462120967517,0,12,Thursday
mouse_1,2025-09-18,798.0,3,9,148,1528.768938779831,Hit,1.0818222958896513,0,15,Thursday
mouse_1,2025-09-18,798.0,3,9,149,1536.9689240455627,Hit,0.39930413481238247,0,27,Thursday
mouse_1,2025-09-18,798.0,3,9,150,1544.9282491207123,Hit,0.3938531149794926,0,13,Thursday
mouse_1,2025-09-18,798.0,3,9,151,1552.6204323768616,Hit,1.6439135137511585,0,18,Thursday
mouse_1,2025-09-18,798.0,3,9,152,1561.3188073635101,Hit,1.0013248509314963,0,23,Thursday
mouse_1,2025-09-18,798.0,3,9,153,1569.7687301635742,Miss,,0,0,Thursday
mouse_1,2025-09-18,798.0,3,9,154,1580.2176802158356,Hit,0.21146988209102346,0,13,Thursday
mouse_1,2025-09-18,798.0,3,9,155,1589.1682834625244,Miss,,0,0,Thursday
mouse_1,2025-09-18,798.0,3,9,156,1598.8675832748413,False Alarm,,1,4,Thursday
mouse_1,2025-09-18,798.0,3,9,157,1616.074434518814,Miss,,0,0,Thursday
mouse_1,2025-09-18,798.0,3,9,158,1626.0281100273132,Hit,1.111059566326503,0,15,Thursday
mouse_1,2025-09-18,798.0,3,9,159,1635.228592634201,Hit,0.3864955460858255,0,12,Thursday
mouse_1,2025-09-18,798.0,3,9,160,1643.1780903339386,Hit,0.9034009938829968,0,18,Thursday
mouse_1,2025-09-18,798.0,3,9,161,1653.1281309127808,Miss,,0,3,Thursday
mouse_1,2025-09-18,798.0,3,9,162,1663.0875551700592,False Alarm,,1,3,Thursday
mouse_1,2025-09-18,798.0,3,9,163,1674.8049669265747,Miss,,0,6,Thursday
mouse_1,2025-09-18,798.0,3,9,164,1685.267184495926,Hit,0.33234061587972974,0,9,Thursday
mouse_1,2025-09-18,798.0,3,9,165,1693.2275454998016,Hit,1.0731413189689647,0,14,Thursday
mouse_1,2025-09-18,798.0,3,9,166,1702.9385945796967,Hit,0.4128987092551597,0,18,Thursday
mouse_1,2025-09-18,798.0,3,9,167,1711.1386377811432,False Alarm,,1,2,Thursday
mouse_1,2025-09-18,798.0,3,9,168,1725.3440630435944,Hit,1.6304442665320948,0,15,Thursday
mouse_1,2025-09-18,798.0,3,9,169,1735.5459797382355,Hit,2.048610226532219,0,14,Thursday
mouse_1,2025-09-18,798.0,3,9,170,1746.244666337967,Hit,0.4294669545065517,0,15,Thursday
mouse_1,2025-09-18,798.0,3,9,171,1755.198091506958,Hit,0.9365372054166983,0,25,Thursday
mouse_1,2025-09-18,798.0,3,9,172,1764.147933959961,Miss,,0,0,Thursday
mouse_1,2025-09-18,798.0,3,9,173,1774.5982656478882,Miss,,0,0,Thursday
mouse_1,2025-09-18,798.0,3,9,174,1786.0469658374786,Miss,,0,0,Thursday
mouse_1,2025-09-18,798.0,3,9,175,1796.7470743656158,Miss,,0,0,Thursday
mouse_1,2025-09-19,1356.0,0,-1,-1,,No Trial,,0,0,Friday
mouse_1,2025-09-20,1356.0,0,-1,-1,,No Trial,,0,0,Saturday
mouse_1,2025-09-21,798.0,3,10,1,0.38208580017089844,False Alarm,,1,3,Sunday
mouse_1,2025-09-21,798.0,3,10,2,14.839134931564331,Miss,,0,0,Sunday
mouse_1,2025-09-21,798.0,3,10,3,25.554934978485107,Hit,2.0889741503705146,0,21,Sunday
mouse_1,2025-09-21,798.0,3,10,4,35.002960443496704,Hit,1.852346624384559,0,31,Sunday
mouse_1,2025-09-21,798.0,3,10,5,44.21595621109009,False Alarm,,1,14,Sunday
mouse_1,2025-09-21,798.0,3,10,6,55.17199158668518,Hit,1.1458535300310473,0,23,Sunday
mouse_1,2025-09-21,798.0,3,10,7,63.875306367874146,False Alarm,,1,9,Sunday
mouse_1,2025-09-21,798.0,3,10,8,75.0918357372284,False Alarm,,1,2,Sunday
mouse_1,2025-09-21,798.0,3,10,9,89.80195927619934,Hit,1.9112262232003872,0,26,Sunday
mouse_1,2025-09-21,798.0,3,10,10,99.5151960849762,False Alarm,,1,10,Sunday
mouse_1,2025-09-21,798.0,3,10,11,111.22195935249329,False Alarm,,1,8,Sunday
mouse_1,2025-09-21,798.0,3,10,12,122.93150448799133,False Alarm,,1,4,Sunday
mouse_1,2025-09-21,798.0,3,10,13,134.39216542243958,Hit,2.3889885271947264,0,24,Sunday
mouse_1,2025-09-21,798.0,3,10,14,143.84677076339722,False Alarm,,1,7,Sunday
mouse_1,2025-09-21,798.0,3,10,15,157.06180882453918,False Alarm,,1,11,Sunday
mouse_1,2025-09-21,798.0,3,10,16,169.78122186660767,False Alarm,,1,3,Sunday
mouse_1,2025-09-21,798.0,3,10,17,180.24148416519165,Hit,2.156436719388296,0,24,Sunday
mouse_1,2025-09-21,798.0,3,10,18,191.19574666023254,Hit,1.8686288548078096,0,21,Sunday
mouse_1,2025-09-21,798.0,3,10,19,200.14786171913147,Hit,0.42893109300197807,0,26,Sunday
mouse_1,2025-09-21,798.0,3,10,20,209.0945019721985,False Alarm,,1,14,Sunday
mouse_1,2025-09-21,798.0,3,10,21,221.05176520347595,False Alarm,,1,14,Sunday
mouse_1,2025-09-21,798.0,3,10,22,232.77105808258057,False Alarm,,1,100,Sunday
mouse_1,2025-09-21,798.0,3,10,23,245.7279965877533,False Alarm,,1,45,Sunday
mouse_1,2025-09-21,798.0,3,10,24,255.94090723991394,False Alarm,,1,10,Sunday
mouse_1,2025-09-21,798.0,3,10,25,267.40248012542725,False Alarm,,1,11,Sunday
mouse_1,2025-09-21,798.0,3,10,26,282.6107997894287,False Alarm,,1,4,Sunday
mouse_1,2025-09-21,798.0,3,10,27,296.33076095581055,False Alarm,,1,5,Sunday
mouse_1,2025-09-21,798.0,3,10,28,309.54030084609985,False Alarm,,1,7,Sunday
mouse_1,2025-09-21,798.0,3,10,29,320.7505609989166,False Alarm,,1,7,Sunday
mouse_1,2025-09-21,798.0,3,10,30,333.45787525177,Hit,0.479398228810453,0,28,Sunday
mouse_1,2025-09-21,798.0,3,10,31,341.15345072746277,False Alarm,,1,6,Sunday
mouse_1,2025-09-21,798.0,3,10,32,351.87018513679504,False Alarm,,1,9,Sunday
mouse_1,2025-09-21,798.0,3,10,33,364.3405861854553,False Alarm,,1,2,Sunday
mouse_1,2025-09-21,798.0,3,10,34,377.7982885837555,Miss,,0,0,Sunday
mouse_1,2025-09-21,798.0,3,10,35,388.2631320953369,Hit,1.5821788466422504,0,36,Sunday
mouse_1,2025-09-21,798.0,3,10,36,397.4610085487366,False Alarm,,1,10,Sunday
mouse_1,2025-09-21,798.0,3,10,37,407.6800949573517,Miss,,0,5,Sunday
mouse_1,2025-09-21,798.0,3,10,38,418.3725824356079,Hit,2.300174184167304,0,44,Sunday
mouse_1,2025-09-21,798.0,3,10,39,428.8238229751587,False Alarm,,1,22,Sunday
mouse_1,2025-09-21,798.0,3,10,40,439.02494525909424,False Alarm,,1,9,Sunday
mouse_1,2025-09-21,798.0,3,10,41,454.2383496761322,Hit (Calc),2.741790702249716,0,3,Sunday
mouse_1,2025-09-21,798.0,3,10,42,464.20278334617615,Miss,,0,3,Sunday
mouse_1,2025-09-21,798.0,3,10,43,473.9126696586609,False Alarm,,1,8,Sunday
mouse_1,2025-09-21,798.0,3,10,44,486.87993121147156,False Alarm,,1,8,Sunday
mouse_1,2025-09-21,798.0,3,10,45,499.0895531177521,False Alarm,,1,5,Sunday
mouse_1,2025-09-21,798.0,3,10,46,510.29223442077637,False Alarm,,1,2,Sunday
mouse_1,2025-09-21,798.0,3,10,47,521.7482769489288,Miss,,0,5,Sunday
mouse_1,2025-09-21,798.0,3,10,48,532.2032997608185,False Alarm,,1,4,Sunday
mouse_1,2025-09-21,798.0,3,10,49,543.1783304214478,Hit,0.6097382028277707,0,40,Sunday
mouse_1,2025-09-21,798.0,3,10,50,551.1325697898865,False Alarm,,1,14,Sunday
mouse_1,2025-09-21,798.0,3,10,51,561.3482384681702,False Alarm,,1,9,Sunday
mouse_1,2025-09-21,798.0,3,10,52,571.5484778881073,False Alarm,,1,11,Sunday
mouse_1,2025-09-21,798.0,3,10,53,585.5184378623962,False Alarm,,1,6,Sunday
mouse_1,2025-09-21,798.0,3,10,54,597.9782857894897,False Alarm,,1,3,Sunday
mouse_1,2025-09-21,798.0,3,10,55,612.1879503726959,Hit,1.076541663277112,0,40,Sunday
mouse_1,2025-09-21,798.0,3,10,56,621.6415889263153,False Alarm,,1,16,Sunday
mouse_1,2025-09-21,798.0,3,10,57,631.8477432727814,False Alarm,,1,10,Sunday
mouse_1,2025-09-21,798.0,3,10,58,643.3180539608002,False Alarm,,1,9,Sunday
mouse_1,2025-09-21,798.0,3,10,59,656.5276756286621,False Alarm,,1,4,Sunday
mouse_1,2025-09-21,798.0,3,10,60,668.487203836441,False Alarm,,1,2,Sunday
mouse_1,2025-09-21,798.0,3,10,61,682.1970872879028,Miss,,0,0,Sunday
mouse_1,2025-09-21,798.0,3,10,62,693.9081935882568,Miss,,0,0,Sunday
mouse_1,2025-09-21,798.0,3,10,63,704.6109328269958,Hit,0.9778019214903679,0,26,Sunday
mouse_1,2025-09-21,798.0,3,10,64,713.557938337326,Hit,2.0942550449890405,0,33,Sunday
mouse_1,2025-09-21,798.0,3,10,65,723.2598400115967,False Alarm,,1,13,Sunday
mouse_1,2025-09-21,798.0,3,10,66,733.4665765762329,False Alarm,,1,6,Sunday
mouse_1,2025-09-21,798.0,3,10,67,747.4268810749054,Miss,,0,0,Sunday
mouse_1,2025-09-21,798.0,3,10,68,757.6292042732239,Miss,,0,7,Sunday
mouse_1,2025-09-21,798.0,3,10,69,768.0791063308716,False Alarm,,1,5,Sunday
mouse_1,2025-09-21,798.0,3,10,70,779.0311305522919,Hit,0.3893635048627857,0,29,Sunday
mouse_1,2025-09-21,798.0,3,10,71,787.4799244403839,False Alarm,,1,6,Sunday
mouse_1,2025-09-21,798.0,3,10,72,797.6807343959808,False Alarm,,1,4,Sunday
mouse_1,2025-09-21,798.0,3,10,73,810.1298160552979,Miss,,0,2,Sunday
mouse_1,2025-09-21,798.0,3,10,74,821.8383178710938,False Alarm,,1,2,Sunday
mouse_1,2025-09-21,798.0,3,10,75,833.3057026863098,Hit,0.6807708672953368,0,35,Sunday
mouse_1,2025-09-21,798.0,3,10,76,841.758873462677,False Alarm,,1,9,Sunday
mouse_1,2025-09-21,798.0,3,10,77,851.9581634998322,Hit,0.7310758003962974,0,31,Sunday
mouse_1,2025-09-21,798.0,3,10,78,860.1662473678589,False Alarm,,1,3,Sunday
mouse_1,2025-09-21,798.0,3,10,79,874.1147999763489,Hit,0.5470831735506181,0,19,Sunday
mouse_1,2025-09-21,798.0,3,10,80,882.3198535442352,Hit,1.8601097596407499,0,28,Sunday
mouse_1,2025-09-21,798.0,3,10,81,892.2690060138702,False Alarm,,1,3,Sunday
mouse_1,2025-09-21,798.0,3,10,82,902.4749455451965,Miss,,0,0,Sunday
mouse_1,2025-09-21,798.0,3,10,83,912.9376401901245,Hit,0.3374255266688806,0,26,Sunday
mouse_1,2025-09-21,798.0,3,10,84,921.3877019882202,False Alarm,,1,6,Sunday
mouse_1,2025-09-21,798.0,3,10,85,932.5782260894775,False Alarm,,1,10,Sunday
mouse_1,2025-09-21,798.0,3,10,86,944.2920594215393,False Alarm,,1,10,Sunday
mouse_1,2025-09-21,798.0,3,10,87,958.4949615001678,False Alarm,,1,4,Sunday
mouse_1,2025-09-21,798.0,3,10,88,969.6978797912598,Miss,,0,5,Sunday
mouse_1,2025-09-21,798.0,3,10,89,981.4071197509766,Hit,1.6860481591296548,0,27,Sunday
mouse_1,2025-09-21,798.0,3,10,90,991.3578629493713,False Alarm,,1,1,Sunday
mouse_1,2025-09-21,798.0,3,10,91,1001.5639975070953,False Alarm,,1,8,Sunday
mouse_1,2025-09-21,798.0,3,10,92,1017.0240669250488,Hit,0.7553919859881262,0,33,Sunday
mouse_1,2025-09-21,798.0,3,10,93,1025.2273766994476,False Alarm,,1,11,Sunday
mouse_1,2025-09-21,798.0,3,10,94,1035.4339401721954,False Alarm,,1,7,Sunday
mouse_1,2025-09-21,798.0,3,10,95,1047.3881800174713,False Alarm,,1,6,Sunday
mouse_1,2025-09-21,798.0,3,10,96,1061.348213672638,False Alarm,,1,6,Sunday
mouse_1,2025-09-21,798.0,3,10,97,1073.5480983257294,False Alarm,,1,4,Sunday
mouse_1,2025-09-21,798.0,3,10,98,1086.7537114620209,Miss,,0,0,Sunday
mouse_1,2025-09-21,798.0,3,10,99,1097.4670231342316,Miss,,0,0,Sunday
mouse_1,2025-09-21,798.0,3,10,100,1108.164451599121,Hit (Calc),2.389888506904299,0,2,Sunday
mouse_1,2025-09-21,798.0,3,10,101,1118.3559622764587,Hit,1.2966498433952438,0,21,Sunday
mouse_1,2025-09-21,798.0,3,10,102,1126.8068873882294,Hit,1.5818954792530349,0,20,Sunday
mouse_1,2025-09-21,798.0,3,10,103,1137.0068440437317,Miss,,0,0,Sunday
mouse_1,2025-09-21,798.0,3,10,104,1147.7062003612518,Miss,,0,0,Sunday
mouse_1,2025-09-21,798.0,3,10,105,1159.4061257839203,Hit,1.0824700298601329,0,20,Sunday
mouse_1,2025-09-21,798.0,3,10,106,1168.6060409545898,Hit,0.05587438974066572,0,28,Sunday
mouse_1,2025-09-21,798.0,3,10,107,1177.5563516616821,False Alarm,,1,4,Sunday
mouse_1,2025-09-21,798.0,3,10,108,1189.5178854465485,False Alarm,,1,7,Sunday
mouse_1,2025-09-21,798.0,3,10,109,1204.4667658805847,False Alarm,,1,3,Sunday
mouse_1,2025-09-21,798.0,3,10,110,1216.6722116470337,Hit,1.9958331970372,0,23,Sunday
mouse_1,2025-09-21,798.0,3,10,111,1225.8855667114258,Miss,,0,2,Sunday
mouse_1,2025-09-21,798.0,3,10,112,1235.5855333805084,False Alarm,,1,2,Sunday
mouse_1,2025-09-21,798.0,3,10,113,1247.5319759845734,Hit (Calc),2.454692720348021,0,5,Sunday
mouse_1,2025-09-21,798.0,3,10,114,1257.7354776859283,False Alarm,,1,2,Sunday
mouse_1,2025-09-21,798.0,3,10,115,1268.94198346138,False Alarm,,1,1,Sunday
mouse_1,2025-09-21,798.0,3,10,116,1283.3955385684967,Miss,,0,0,Sunday
mouse_1,2025-09-21,798.0,3,10,117,1293.6044359207153,Miss,,0,0,Sunday
mouse_1,2025-09-21,798.0,3,10,118,1304.8146839141846,Miss,,0,0,Sunday
mouse_1,2025-09-21,798.0,3,10,119,1316.0252568721771,Miss,,0,0,Sunday
mouse_1,2025-09-21,798.0,3,10,120,1326.2345626354218,Hit,0.4160208316743592,0,27,Sunday
mouse_1,2025-09-21,798.0,3,10,121,1334.9446513652802,Hit,0.5452816577478643,0,24,Sunday
mouse_1,2025-09-21,798.0,3,10,122,1344.3951528072357,Hit,0.4448619874715405,0,21,Sunday
mouse_1,2025-09-21,798.0,3,10,123,1352.0947179794312,False Alarm,,1,2,Sunday
mouse_1,2025-09-21,798.0,3,10,124,1365.051147699356,Miss,,0,0,Sunday
mouse_1,2025-09-21,798.0,3,10,125,1375.0041682720184,Hit,1.0036496533480204,0,30,Sunday
mouse_1,2025-09-21,798.0,3,10,126,1383.7156209945679,False Alarm,,1,5,Sunday
mouse_1,2025-09-21,798.0,3,10,127,1393.9207952022552,False Alarm,,1,3,Sunday
mouse_1,2025-09-21,798.0,3,10,128,1405.3883485794067,Hit,0.9211919815743386,0,21,Sunday
mouse_1,2025-09-21,798.0,3,10,129,1414.8438701629639,Hit,0.47226335767550154,0,21,Sunday
mouse_1,2025-09-21,798.0,3,10,130,1424.3040883541107,Hit,0.5246512807927957,0,23,Sunday
mouse_1,2025-09-21,798.0,3,10,131,1434.0038363933563,False Alarm,,1,7,Sunday
mouse_1,2025-09-21,798.0,3,10,132,1448.2209525108337,Hit,1.2552794968585204,0,15,Sunday
mouse_1,2025-09-21,798.0,3,10,133,1457.1851704120636,Hit,0.4990815823834964,0,27,Sunday
mouse_1,2025-09-21,798.0,3,10,134,1466.1338102817535,False Alarm,,1,6,Sunday
mouse_1,2025-09-21,798.0,3,10,135,1481.3316884040833,False Alarm,,1,3,Sunday
mouse_1,2025-09-21,798.0,3,10,136,1492.2881145477295,Hit,0.18822720716889307,0,21,Sunday
mouse_1,2025-09-21,798.0,3,10,137,1501.2434899806976,False Alarm,,1,9,Sunday
mouse_1,2025-09-21,798.0,3,10,138,1516.450026512146,False Alarm,,1,2,Sunday
mouse_1,2025-09-21,798.0,3,10,139,1527.9100856781006,False Alarm,,1,4,Sunday
mouse_1,2025-09-21,798.0,3,10,140,1543.8706359863281,Miss,,0,0,Sunday
mouse_1,2025-09-21,798.0,3,10,141,1555.07284450531,Miss,,0,0,Sunday
mouse_1,2025-09-21,798.0,3,10,142,1565.2826240062714,Hit,0.01623313274717475,0,28,Sunday
mouse_1,2025-09-21,798.0,3,10,143,1574.233769416809,False Alarm,,1,2,Sunday
mouse_1,2025-09-21,798.0,3,10,144,1584.4393343925476,Hit,0.21178005642218523,0,28,Sunday
mouse_1,2025-09-21,798.0,3,10,145,1593.6427433490753,False Alarm,,1,3,Sunday
mouse_1,2025-09-21,798.0,3,10,146,1607.5902028083801,Hit,0.6407733659193582,0,25,Sunday
mouse_1,2025-09-21,798.0,3,10,147,1616.0424842834473,Hit,1.0899602372012396,0,19,Sunday
mouse_1,2025-09-21,798.0,3,10,148,1625.7422642707825,Hit,0.6420680154938054,0,27,Sunday
mouse_1,2025-09-21,798.0,3,10,149,1634.94264960289,False Alarm,,1,3,Sunday
mouse_1,2025-09-21,798.0,3,10,150,1648.3992540836334,Miss,,0,2,Sunday
mouse_1,2025-09-21,798.0,3,10,151,1659.1020772457123,False Alarm,,1,2,Sunday
mouse_1,2025-09-21,798.0,3,10,152,1670.5683677196503,Miss,,0,0,Sunday
mouse_1,2025-09-21,798.0,3,10,153,1680.5311152935028,Hit,0.9869896902648634,0,17,Sunday
mouse_1,2025-09-21,798.0,3,10,154,1690.2322800159454,Hit,1.9583115092389107,0,28,Sunday
mouse_1,2025-09-21,798.0,3,10,155,1700.6917943954468,False Alarm,,1,4,Sunday
mouse_1,2025-09-21,798.0,3,10,156,1714.3881108760834,Miss,,0,0,Sunday
mouse_1,2025-09-21,798.0,3,10,157,1725.341501712799,Hit,0.18127848892004295,0,17,Sunday
mouse_1,2025-09-21,798.0,3,10,158,1734.0496928691864,Hit,1.3055011560525145,0,13,Sunday
mouse_1,2025-09-21,798.0,3,10,159,1744.2525300979614,Hit,0.29882065374090416,0,18,Sunday
mouse_1,2025-09-21,798.0,3,10,160,1752.9526200294495,Hit,0.9922686578563571,0,27,Sunday
mouse_1,2025-09-21,798.0,3,10,161,1761.151263475418,False Alarm,,1,2,Sunday
mouse_1,2025-09-21,798.0,3,10,162,1774.8482954502106,Miss,,0,0,Sunday
mouse_1,2025-09-21,798.0,3,10,163,1786.310935974121,False Alarm,,1,3,Sunday
mouse_1,2025-09-21,798.0,3,10,164,1801.5184254646301,Miss,,0,0,Sunday
mouse_1,2025-09-22,600.0,3,11,1,0.34686923027038574,False Alarm,,1,6,Monday
mouse_1,2025-09-22,600.0,3,11,2,12.800103902816772,False Alarm,,1,9,Monday
mouse_1,2025-09-22,600.0,3,11,3,24.51065230369568,False Alarm,,1,35,Monday
mouse_1,2025-09-22,600.0,3,11,4,38.2205650806427,False Alarm,,1,36,Monday
mouse_1,2025-09-22,600.0,3,11,5,48.92951536178589,False Alarm,,1,1,Monday
mouse_1,2025-09-22,600.0,3,11,6,59.88994908332825,Hit,1.6956936328442964,0,26,Monday
mouse_1,2025-09-22,600.0,3,11,7,70.60377502441406,Hit,1.0961943210318026,0,39,Monday
mouse_1,2025-09-22,600.0,3,11,8,79.3130943775177,False Alarm,,1,17,Monday
mouse_1,2025-09-22,600.0,3,11,9,89.52032446861267,False Alarm,,1,5,Monday
mouse_1,2025-09-22,600.0,3,11,10,102.24037098884583,Miss,,0,3,Monday
mouse_1,2025-09-22,600.0,3,11,11,113.94303798675537,False Alarm,,1,10,Monday
mouse_1,2025-09-22,600.0,3,11,12,127.4000232219696,False Alarm,,1,7,Monday
mouse_1,2025-09-22,600.0,3,11,13,137.61172699928284,Hit,0.695548468422686,0,29,Monday
mouse_1,2025-09-22,600.0,3,11,14,147.31289339065552,False Alarm,,1,8,Monday
mouse_1,2025-09-22,600.0,3,11,15,160.019455909729,False Alarm,,1,4,Monday
mouse_1,2025-09-22,600.0,3,11,16,170.2184455394745,Miss,,0,0,Monday
mouse_1,2025-09-22,600.0,3,11,17,180.42368841171265,Hit,1.8400802912189818,0,32,Monday
mouse_1,2025-09-22,600.0,3,11,18,189.8744444847107,False Alarm,,1,10,Monday
mouse_1,2025-09-22,600.0,3,11,19,200.087055683136,Hit,0.09429401238037372,0,30,Monday
mouse_1,2025-09-22,600.0,3,11,20,207.80003547668457,False Alarm,,1,10,Monday
mouse_1,2025-09-22,600.0,3,11,21,218.49701809883118,Hit,0.09265878235316904,0,24,Monday
mouse_1,2025-09-22,600.0,3,11,22,225.96283864974976,Hit,1.0585960987048963,0,26,Monday
mouse_1,2025-09-22,600.0,3,11,23,234.41252326965332,Hit,0.16600059424894198,0,23,Monday
mouse_1,2025-09-22,600.0,3,11,24,242.1121048927307,Miss,,0,7,Monday
mouse_1,2025-09-22,600.0,3,11,25,252.06261706352234,False Alarm,,1,9,Monday
mouse_1,2025-09-22,600.0,3,11,26,262.2683975696564,False Alarm,,1,6,Monday
mouse_1,2025-09-22,600.0,3,11,27,273.4692177772522,False Alarm,,1,5,Monday
mouse_1,2025-09-22,600.0,3,11,28,287.67064929008484,Hit,0.6220517733000861,0,24,Monday
mouse_1,2025-09-22,600.0,3,11,29,296.8727853298187,Hit,0.09209611519474947,0,54,Monday
mouse_1,2025-09-22,600.0,3,11,30,305.07209825515747,False Alarm,,1,47,Monday
mouse_1,2025-09-22,600.0,3,11,31,316.53823733329773,False Alarm,,1,100,Monday
mouse_1,2025-09-22,600.0,3,11,32,329.9989559650421,False Alarm,,1,37,Monday
mouse_1,2025-09-22,600.0,3,11,33,341.218234539032,False Alarm,,1,2,Monday
mouse_1,2025-09-22,600.0,3,11,34,351.67858052253723,Hit,1.2317038446923902,0,22,Monday
mouse_1,2025-09-22,600.0,3,11,35,360.88240790367126,False Alarm,,1,6,Monday
mouse_1,2025-09-22,600.0,3,11,36,374.58992433547974,False Alarm,,1,5,Monday
mouse_1,2025-09-22,600.0,3,11,37,389.2985804080963,False Alarm,,1,2,Monday
mouse_1,2025-09-22,600.0,3,11,38,401.5100440979004,Miss,,0,3,Monday
mouse_1,2025-09-22,600.0,3,11,39,411.972731590271,False Alarm,,1,6,Monday
mouse_1,2025-09-22,600.0,3,11,40,424.4278724193573,False Alarm,,1,5,Monday
mouse_1,2025-09-22,600.0,3,11,41,436.14837741851807,False Alarm,,1,11,Monday
mouse_1,2025-09-22,600.0,3,11,42,447.36804842948914,False Alarm,,1,18,Monday
mouse_1,2025-09-22,600.0,3,11,43,461.58755016326904,False Alarm,,1,2,Monday
mouse_1,2025-09-22,600.0,3,11,44,479.54799008369446,Miss,,0,0,Monday
mouse_1,2025-09-22,600.0,3,11,45,490.2605981826782,Hit,1.1100099275801085,0,29,Monday
mouse_1,2025-09-22,600.0,3,11,46,499.97092270851135,False Alarm,,1,5,Monday
mouse_1,2025-09-22,600.0,3,11,47,510.17728328704834,False Alarm,,1,5,Monday
mouse_1,2025-09-22,600.0,3,11,48,522.8877973556519,False Alarm,,1,2,Monday
mouse_1,2025-09-22,600.0,3,11,49,535.369136095047,Miss,,0,0,Monday
mouse_1,2025-09-22,600.0,3,11,50,545.5701506137848,Miss,,0,5,Monday
mouse_1,2025-09-22,600.0,3,11,51,556.7799236774445,False Alarm,,1,11,Monday
mouse_1,2025-09-22,600.0,3,11,52,567.4881012439728,False Alarm,,1,9,Monday
mouse_1,2025-09-22,600.0,3,11,53,578.9457151889801,False Alarm,,1,3,Monday
mouse_1,2025-09-22,600.0,3,11,54,589.9018423557281,Hit,0.9315316714480559,0,24,Monday
mouse_1,2025-09-22,600.0,3,11,55,599.1005082130432,Hit,0.6055791414460145,0,26,Monday
mouse_1,2025-09-22,600.0,3,11,56,607.3004398345947,False Alarm,,1,5,Monday
mouse_1,2025-09-22,600.0,3,11,57,618.2671992778778,False Alarm,,1,3,Monday
mouse_1,2025-09-22,600.0,3,11,58,629.9767274856567,Hit,1.9646619445720717,0,23,Monday
mouse_1,2025-09-22,600.0,3,11,59,639.6803736686707,Hit,1.2763171284152577,0,23,Monday
mouse_1,2025-09-22,600.0,3,11,60,648.3903932571411,False Alarm,,1,4,Monday
mouse_1,2025-09-22,600.0,3,11,61,660.3464369773865,False Alarm,,1,3,Monday
mouse_1,2025-09-22,600.0,3,11,62,671.3061110973358,Hit,0.18060399942896765,0,24,Monday
mouse_1,2025-09-22,600.0,3,11,63,680.0104990005493,False Alarm,,1,9,Monday
mouse_1,2025-09-22,600.0,3,11,64,695.7262337207794,False Alarm,,1,6,Monday
mouse_1,2025-09-22,600.0,3,11,65,709.686083316803,False Alarm,,1,6,Monday
mouse_1,2025-09-22,600.0,3,11,66,721.3964397907257,False Alarm,,1,2,Monday
mouse_1,2025-09-22,600.0,3,11,67,732.3659188747406,Hit (Calc),2.913999527632086,0,6,Monday
mouse_1,2025-09-22,600.0,3,11,68,742.3285720348358,False Alarm,,1,1,Monday
mouse_1,2025-09-22,600.0,3,11,69,754.0355744361877,Miss,,0,0,Monday
mouse_1,2025-09-22,600.0,3,11,70,765.7486388683319,Hit,0.9679785666955922,0,28,Monday
mouse_1,2025-09-22,600.0,3,11,71,774.699725151062,False Alarm,,1,2,Monday
mouse_1,2025-09-22,600.0,3,11,72,784.9053976535797,Hit,0.6490672343114738,0,35,Monday
mouse_1,2025-09-22,600.0,3,11,73,794.1088421344757,False Alarm,,1,9,Monday
mouse_1,2025-09-22,600.0,3,11,74,804.3170928955078,False Alarm,,1,8,Monday
mouse_1,2025-09-22,600.0,3,11,75,820.0366628170013,False Alarm,,1,5,Monday
mouse_1,2025-09-22,600.0,3,11,76,833.504946231842,False Alarm,,1,7,Monday
mouse_1,2025-09-22,600.0,3,11,77,844.7149708271027,False Alarm,,1,4,Monday
mouse_1,2025-09-22,600.0,3,11,78,856.1695604324341,Miss,,0,0,Monday
mouse_1,2025-09-22,600.0,3,11,79,866.126745223999,Miss,,0,3,Monday
mouse_1,2025-09-22,600.0,3,11,80,877.5878386497498,False Alarm,,1,3,Monday
mouse_1,2025-09-22,600.0,3,11,81,892.0369007587433,Hit,0.11891265439885501,0,44,Monday
mouse_1,2025-09-22,600.0,3,11,82,900.738667011261,False Alarm,,1,17,Monday
mouse_1,2025-09-22,600.0,3,11,83,910.9351043701172,Miss,,0,0,Monday
mouse_1,2025-09-22,600.0,3,11,84,921.3900258541107,Miss,,0,0,Monday
mouse_1,2025-09-22,600.0,3,11,85,932.0984020233154,Hit (Calc),2.8068960161954237,0,4,Monday
mouse_1,2025-09-22,600.0,3,11,86,942.298481464386,False Alarm,,1,2,Monday
mouse_1,2025-09-22,600.0,3,11,87,953.2557184696198,Hit,0.6385367684667926,0,24,Monday
mouse_1,2025-09-22,600.0,3,11,88,962.459671497345,Hit,0.930210041215787,0,22,Monday
mouse_1,2025-09-22,600.0,3,11,89,971.4098224639893,Hit,0.36984188052724676,0,19,Monday
mouse_1,2025-09-22,600.0,3,11,90,980.3588089942932,Hit,0.7371303575557704,0,27,Monday
mouse_1,2025-09-22,600.0,3,11,91,989.5587239265442,False Alarm,,1,10,Monday
mouse_1,2025-09-22,600.0,3,11,92,1003.2750387191772,Hit,0.0713406778255603,0,24,Monday
mouse_1,2025-09-22,600.0,3,11,93,1010.7267184257507,False Alarm,,1,5,Monday
mouse_1,2025-09-22,600.0,3,11,94,1026.6848163604736,Hit,0.14535051430311796,0,18,Monday
mouse_1,2025-09-22,600.0,3,11,95,1034.900060415268,Hit,0.4442357956620526,0,20,Monday
mouse_1,2025-09-22,600.0,3,11,96,1043.8483519554138,False Alarm,,1,3,Monday
mouse_1,2025-09-22,600.0,3,11,97,1057.3053715229034,Hit,0.3101553454594068,0,21,Monday
mouse_1,2025-09-22,600.0,3,11,98,1066.0075979232788,False Alarm,,1,5,Monday
mouse_1,2025-09-22,600.0,3,11,99,1079.974621772766,False Alarm,,1,3,Monday
mouse_1,2025-09-22,600.0,3,11,100,1092.4442143440247,False Alarm,,1,5,Monday
mouse_1,2025-09-22,600.0,3,11,101,1107.6640448570251,Hit,0.7158258969454891,0,22,Monday
mouse_1,2025-09-22,600.0,3,11,102,1116.6275143623352,False Alarm,,1,2,Monday
mouse_1,2025-09-22,600.0,3,11,103,1131.3348286151886,Hit,1.3223574337657737,0,19,Monday
mouse_1,2025-09-22,600.0,3,11,104,1140.0482437610626,Hit,0.5512003474798348,0,18,Monday
mouse_1,2025-09-22,600.0,3,11,105,1148.7583162784576,Hit,1.1089700430663925,0,19,Monday
mouse_1,2025-09-22,600.0,3,11,106,1158.2182657718658,Hit,1.728165400258149,0,17,Monday
mouse_1,2025-09-22,600.0,3,11,107,1167.1671948432922,Hit,2.334730468352973,0,22,Monday
mouse_1,2025-09-22,600.0,3,11,108,1177.626995563507,False Alarm,,1,3,Monday
mouse_1,2025-09-22,600.0,3,11,109,1192.0769872665405,Miss,,0,4,Monday
mouse_1,2025-09-22,600.0,3,11,110,1203.5265655517578,False Alarm,,1,4,Monday
mouse_1,2025-09-22,600.0,3,11,111,1217.2429547309875,Hit,0.9436366808179173,0,23,Monday
mouse_1,2025-09-22,600.0,3,11,112,1225.6970014572144,Hit,0.8706420476344192,0,21,Monday
mouse_1,2025-09-22,600.0,3,11,113,1235.1364085674286,Miss,,0,0,Monday
mouse_1,2025-09-22,600.0,3,11,114,1246.8382594585419,Hit,1.2983638001367126,0,15,Monday
mouse_1,2025-09-22,600.0,3,11,115,1256.046422958374,Hit,1.39340231923984,0,28,Monday
mouse_1,2025-09-22,600.0,3,11,116,1265.9958786964417,False Alarm,,1,2,Monday
mouse_1,2025-09-22,600.0,3,11,117,1276.2025847434998,Miss,,0,0,Monday
mouse_1,2025-09-22,600.0,3,11,118,1286.156753540039,Hit,0.7730765962082842,0,30,Monday
mouse_1,2025-09-22,600.0,3,11,119,1294.8564789295197,False Alarm,,1,4,Monday
mouse_1,2025-09-22,600.0,3,11,120,1305.0624961853027,Miss,,0,0,Monday
mouse_1,2025-09-22,600.0,3,11,121,1315.2658426761627,Hit,0.8429140936802924,0,26,Monday
mouse_1,2025-09-22,600.0,3,11,122,1323.4660210609436,Hit,0.5264917794759185,0,19,Monday
mouse_1,2025-09-22,600.0,3,11,123,1332.9254591464996,Hit,1.4778029025878823,0,19,Monday
mouse_1,2025-09-22,600.0,3,11,124,1343.3765771389008,Hit,1.9640513451681727,0,17,Monday
mouse_1,2025-09-22,600.0,3,11,125,1353.08633685112,Hit,1.0129768302092543,0,23,Monday
mouse_1,2025-09-22,600.0,3,11,126,1361.285992383957,False Alarm,,1,3,Monday
mouse_1,2025-09-22,600.0,3,11,127,1374.492380619049,Miss,,0,0,Monday
mouse_1,2025-09-22,600.0,3,11,128,1385.4545369148254,Hit,1.1087119814055768,0,24,Monday
mouse_1,2025-09-22,600.0,3,11,129,1394.9153180122375,Miss,,0,0,Monday
mouse_1,2025-09-22,600.0,3,11,130,1405.8647153377533,Miss,,0,0,Monday
mouse_1,2025-09-22,600.0,3,11,131,1415.5647008419037,Hit,1.210266881419102,0,11,Monday
mouse_1,2025-09-22,600.0,3,11,132,1425.7753684520721,Hit,0.8660361670076782,0,16,Monday
mouse_1,2025-09-22,600.0,3,11,133,1435.7253115177155,Hit,0.275152354376587,0,13,Monday
mouse_1,2025-09-22,600.0,3,11,134,1443.6754627227783,Hit,1.3298629992596034,0,13,Monday
mouse_1,2025-09-22,600.0,3,11,135,1453.6252031326294,Hit,2.1232006738987366,0,10,Monday
mouse_1,2025-09-22,600.0,3,11,136,1463.5748889446259,Hit,0.9138776564159343,0,19,Monday
mouse_1,2025-09-22,600.0,3,11,137,1472.2735676765442,Hit,0.7938038300383141,0,16,Monday
mouse_1,2025-09-22,600.0,3,11,138,1480.2363588809967,False Alarm,,1,1,Monday
mouse_1,2025-09-22,600.0,3,11,139,1491.192803144455,Miss,,0,2,Monday
mouse_1,2025-09-22,600.0,3,11,140,1502.894638299942,Miss,,0,0,Monday
mouse_1,2025-09-22,600.0,3,11,141,1513.59530210495,Miss,,0,0,Monday
mouse_1,2025-09-22,600.0,3,11,142,1523.7940657138824,Hit,0.39222306066949386,0,13,Monday
mouse_1,2025-09-22,600.0,3,11,143,1532.7446908950806,Hit,0.393900004511579,0,18,Monday
mouse_1,2025-09-22,600.0,3,11,144,1541.444445848465,Hit,0.32172239304259165,0,33,Monday
mouse_1,2025-09-22,600.0,3,11,145,1550.9015233516693,False Alarm,,1,4,Monday
mouse_1,2025-09-22,600.0,3,11,146,1561.099485874176,Hit,0.9881660036294306,0,11,Monday
mouse_1,2025-09-22,600.0,3,11,147,1569.2940793037415,Miss,,0,0,Monday
mouse_1,2025-09-22,600.0,3,11,148,1579.2436044216156,Miss,,0,6,Monday
mouse_1,2025-09-22,600.0,3,11,149,1589.6936149597168,Hit,0.36571478737459984,0,23,Monday
mouse_1,2025-09-22,600.0,3,11,150,1597.1442379951477,Hit,0.23692785068328703,0,17,Monday
mouse_1,2025-09-22,600.0,3,11,151,1604.6036655902863,Hit,0.3452491854297932,0,15,Monday
mouse_1,2025-09-22,600.0,3,11,152,1612.8036177158356,Hit,0.5798963218444442,0,17,Monday
mouse_1,2025-09-22,600.0,3,11,153,1621.0034563541412,Hit,1.2694731840558688,0,19,Monday
mouse_1,2025-09-22,600.0,3,11,154,1629.9544060230255,Hit,0.44988559628041,0,15,Monday
mouse_1,2025-09-22,600.0,3,11,155,1637.6641879081726,Miss,,0,6,Monday
mouse_1,2025-09-22,600.0,3,11,156,1647.6138355731964,Hit,0.3674503059896779,0,25,Monday
mouse_1,2025-09-22,600.0,3,11,157,1655.0636582374573,False Alarm,,1,1,Monday
mouse_1,2025-09-22,600.0,3,11,158,1665.7706022262573,Miss,,0,0,Monday
mouse_1,2025-09-22,600.0,3,11,159,1675.973331451416,Hit,0.8213877060986761,0,15,Monday
mouse_1,2025-09-22,600.0,3,11,160,1685.923639535904,Hit,0.5359352340233272,0,16,Monday
mouse_1,2025-09-22,600.0,3,11,161,1694.3833062648773,Hit (Calc),2.7647816672124463,0,6,Monday
mouse_1,2025-09-22,600.0,3,11,162,1704.3325691223145,Miss,,0,4,Monday
mouse_1,2025-09-22,600.0,3,11,163,1715.7835359573364,Hit,0.15437741047867348,0,14,Monday
mouse_1,2025-09-22,600.0,3,11,164,1723.493081331253,Hit,1.4213394594287365,0,15,Monday
mouse_1,2025-09-22,600.0,3,11,165,1732.9428098201752,Hit,0.019662140824266316,0,14,Monday
mouse_1,2025-09-22,600.0,3,11,166,1741.8925113677979,Hit,0.7308174762156341,0,10,Monday
mouse_1,2025-09-22,600.0,3,11,167,1751.3428010940552,Hit,0.6658561640169864,0,16,Monday
mouse_1,2025-09-22,600.0,3,11,168,1759.5423674583435,Hit,0.8989122560949454,0,16,Monday
mouse_1,2025-09-22,600.0,3,11,169,1769.0029706954956,Hit,1.0733083339280256,0,10,Monday
mouse_1,2025-09-22,600.0,3,11,170,1777.9531681537628,Hit,0.24008709011127394,0,9,Monday
mouse_1,2025-09-22,600.0,3,11,171,1786.4033138751984,Miss,,0,0,Monday
mouse_1,2025-09-22,600.0,3,11,172,1796.8522989749908,Miss,,0,0,Monday
mouse_1,2025-09-23,600.0,3,12,1,0.39253973960876465,False Alarm,,1,27,Tuesday
mouse_1,2025-09-23,600.0,3,12,2,12.097355604171753,False Alarm,,1,33,Tuesday
mouse_1,2025-09-23,600.0,3,12,3,23.799177408218384,False Alarm,,1,21,Tuesday
mouse_1,2025-09-23,600.0,3,12,4,36.25309705734253,Hit,0.08267723319738707,0,49,Tuesday
mouse_1,2025-09-23,600.0,3,12,5,43.704633951187134,False Alarm,,1,25,Tuesday
mouse_1,2025-09-23,600.0,3,12,6,53.913888454437256,False Alarm,,1,18,Tuesday
mouse_1,2025-09-23,600.0,3,12,7,68.88280057907104,False Alarm,,1,8,Tuesday
mouse_1,2025-09-23,600.0,3,12,8,80.84792423248291,Miss,,0,2,Tuesday
mouse_1,2025-09-23,600.0,3,12,9,91.80590772628784,False Alarm,,1,5,Tuesday
mouse_1,2025-09-23,600.0,3,12,10,102.01436758041382,Hit,1.1917382525120246,0,28,Tuesday
mouse_1,2025-09-23,600.0,3,12,11,112.2186074256897,False Alarm,,1,5,Tuesday
mouse_1,2025-09-23,600.0,3,12,12,125.42313718795776,Hit,1.5331723510759616,0,20,Tuesday
mouse_1,2025-09-23,600.0,3,12,13,135.38660168647766,Hit,0.4021587385549026,0,20,Tuesday
mouse_1,2025-09-23,600.0,3,12,14,144.10550594329834,False Alarm,,1,12,Tuesday
mouse_1,2025-09-23,600.0,3,12,15,158.57289099693298,False Alarm,,1,6,Tuesday
mouse_1,2025-09-23,600.0,3,12,16,169.27552342414856,Miss,,0,11,Tuesday
mouse_1,2025-09-23,600.0,3,12,17,180.22550559043884,Hit,0.13995410408526254,0,57,Tuesday
mouse_1,2025-09-23,600.0,3,12,18,187.92858362197876,False Alarm,,1,36,Tuesday
mouse_1,2025-09-23,600.0,3,12,19,198.14303827285767,False Alarm,,1,6,Tuesday
mouse_1,2025-09-23,600.0,3,12,20,208.85202074050903,False Alarm,,1,4,Tuesday
mouse_1,2025-09-23,600.0,3,12,21,221.56246733665466,Hit,0.2283380785111433,0,38,Tuesday
mouse_1,2025-09-23,600.0,3,12,22,229.77524638175964,False Alarm,,1,12,Tuesday
mouse_1,2025-09-23,600.0,3,12,23,239.98503732681274,False Alarm,,1,8,Tuesday
mouse_1,2025-09-23,600.0,3,12,24,251.1830427646637,False Alarm,,1,2,Tuesday
mouse_1,2025-09-23,600.0,3,12,25,262.64340686798096,False Alarm,,1,6,Tuesday
mouse_1,2025-09-23,600.0,3,12,26,278.09323263168335,Hit,0.9534964363397194,0,42,Tuesday
mouse_1,2025-09-23,600.0,3,12,27,288.0546758174896,False Alarm,,1,23,Tuesday
mouse_1,2025-09-23,600.0,3,12,28,298.2616939544678,False Alarm,,1,9,Tuesday
mouse_1,2025-09-23,600.0,3,12,29,310.2139630317688,Hit,0.7157455348603889,0,35,Tuesday
mouse_1,2025-09-23,600.0,3,12,30,318.91293120384216,False Alarm,,1,8,Tuesday
mouse_1,2025-09-23,600.0,3,12,31,329.12123107910156,Hit,0.8768333143343625,0,30,Tuesday
mouse_1,2025-09-23,600.0,3,12,32,338.0847053527832,False Alarm,,1,5,Tuesday
mouse_1,2025-09-23,600.0,3,12,33,348.2914090156555,Hit,0.6628745324254623,0,26,Tuesday
mouse_1,2025-09-23,600.0,3,12,34,357.2562835216522,False Alarm,,1,9,Tuesday
mouse_1,2025-09-23,600.0,3,12,35,372.71109557151794,False Alarm,,1,4,Tuesday
mouse_1,2025-09-23,600.0,3,12,36,386.91294598579407,Miss,,0,3,Tuesday
mouse_1,2025-09-23,600.0,3,12,37,397.6130392551422,False Alarm,,1,3,Tuesday
mouse_1,2025-09-23,600.0,3,12,38,409.5808460712433,Miss,,0,13,Tuesday
mouse_1,2025-09-23,600.0,3,12,39,421.03390073776245,Hit,0.10404725314617735,0,35,Tuesday
mouse_1,2025-09-23,600.0,3,12,40,428.2329716682434,False Alarm,,1,10,Tuesday
mouse_1,2025-09-23,600.0,3,12,41,438.450651884079,Miss,,0,5,Tuesday
mouse_1,2025-09-23,600.0,3,12,42,449.1539897918701,False Alarm,,1,8,Tuesday
mouse_1,2025-09-23,600.0,3,12,43,463.6211140155792,False Alarm,,1,3,Tuesday
mouse_1,2025-09-23,600.0,3,12,44,474.83250069618225,Hit,0.09079842057332144,0,34,Tuesday
mouse_1,2025-09-23,600.0,3,12,45,483.2938187122345,False Alarm,,1,8,Tuesday
mouse_1,2025-09-23,600.0,3,12,46,493.5004765987396,False Alarm,,1,6,Tuesday
mouse_1,2025-09-23,600.0,3,12,47,503.70896100997925,False Alarm,,1,6,Tuesday
mouse_1,2025-09-23,600.0,3,12,48,516.6631035804749,False Alarm,,1,10,Tuesday
mouse_1,2025-09-23,600.0,3,12,49,527.8704464435577,False Alarm,,1,11,Tuesday
mouse_1,2025-09-23,600.0,3,12,50,539.0806114673615,False Alarm,,1,3,Tuesday
mouse_1,2025-09-23,600.0,3,12,51,550.050662279129,Hit,1.921382028865537,0,29,Tuesday
mouse_1,2025-09-23,600.0,3,12,52,561.0044367313385,False Alarm,,1,4,Tuesday
mouse_1,2025-09-23,600.0,3,12,53,571.2082467079163,False Alarm,,1,7,Tuesday
mouse_1,2025-09-23,600.0,3,12,54,586.1630074977875,False Alarm,,1,7,Tuesday
mouse_1,2025-09-23,600.0,3,12,55,597.8777599334717,False Alarm,,1,7,Tuesday
mouse_1,2025-09-23,600.0,3,12,56,611.0857307910919,False Alarm,,1,6,Tuesday
mouse_1,2025-09-23,600.0,3,12,57,623.0496242046356,False Alarm,,1,6,Tuesday
mouse_1,2025-09-23,600.0,3,12,58,635.2597646713257,False Alarm,,1,4,Tuesday
mouse_1,2025-09-23,600.0,3,12,59,646.97118973732,Hit,1.039570969127226,0,34,Tuesday
mouse_1,2025-09-23,600.0,3,12,60,656.9330580234528,False Alarm,,1,10,Tuesday
mouse_1,2025-09-23,600.0,3,12,61,667.1392631530762,False Alarm,,1,3,Tuesday
mouse_1,2025-09-23,600.0,3,12,62,681.1006503105164,Hit,1.2090117663092315,0,34,Tuesday
mouse_1,2025-09-23,600.0,3,12,63,691.0531740188599,False Alarm,,1,6,Tuesday
mouse_1,2025-09-23,600.0,3,12,64,701.2589628696442,Miss,,0,4,Tuesday
mouse_1,2025-09-23,600.0,3,12,65,711.4619572162628,Miss,,0,0,Tuesday
mouse_1,2025-09-23,600.0,3,12,66,722.9105060100555,Hit,0.08849412674749146,0,21,Tuesday
mouse_1,2025-09-23,600.0,3,12,67,731.3726003170013,False Alarm,,1,3,Tuesday
mouse_1,2025-09-23,600.0,3,12,68,743.5848500728607,Hit,0.9902381612683939,0,45,Tuesday
mouse_1,2025-09-23,600.0,3,12,69,753.53253698349,False Alarm,,1,19,Tuesday
mouse_1,2025-09-23,600.0,3,12,70,763.744945526123,Hit,1.933842829294008,0,29,Tuesday
mouse_1,2025-09-23,600.0,3,12,71,774.4417321681976,Hit,1.3129546649651047,0,31,Tuesday
mouse_1,2025-09-23,600.0,3,12,72,784.3925349712372,Hit,0.5664580605376841,0,34,Tuesday
mouse_1,2025-09-23,600.0,3,12,73,792.1002488136292,False Alarm,,1,9,Tuesday
mouse_1,2025-09-23,600.0,3,12,74,802.2980751991272,False Alarm,,1,6,Tuesday
mouse_1,2025-09-23,600.0,3,12,75,815.2579002380371,Hit,0.20463709269006358,0,40,Tuesday
mouse_1,2025-09-23,600.0,3,12,76,822.9614944458008,False Alarm,,1,17,Tuesday
mouse_1,2025-09-23,600.0,3,12,77,833.1576976776123,False Alarm,,1,5,Tuesday
mouse_1,2025-09-23,600.0,3,12,78,844.6130692958832,Hit,0.46337274281711416,0,28,Tuesday
mouse_1,2025-09-23,600.0,3,12,79,853.3117611408234,False Alarm,,1,5,Tuesday
mouse_1,2025-09-23,600.0,3,12,80,865.0175712108612,False Alarm,,1,5,Tuesday
mouse_1,2025-09-23,600.0,3,12,81,875.9877195358276,False Alarm,,1,2,Tuesday
mouse_1,2025-09-23,600.0,3,12,82,887.9487116336823,Hit (Calc),2.955591135291911,0,4,Tuesday
mouse_1,2025-09-23,600.0,3,12,83,897.9114577770233,Hit,1.0777372357106287,0,21,Tuesday
mouse_1,2025-09-23,600.0,3,12,84,906.3608975410461,Hit,0.5770447318786864,0,24,Tuesday
mouse_1,2025-09-23,600.0,3,12,85,915.5707061290741,Hit,0.5599845223173361,0,26,Tuesday
mouse_1,2025-09-23,600.0,3,12,86,924.2808411121368,False Alarm,,1,1,Tuesday
mouse_1,2025-09-23,600.0,3,12,87,934.9873378276825,Hit,0.9268268951503842,0,24,Tuesday
mouse_1,2025-09-23,600.0,3,12,88,943.2020211219788,False Alarm,,1,3,Tuesday
mouse_1,2025-09-23,600.0,3,12,89,956.9090180397034,Hit,2.217108476860858,0,25,Tuesday
mouse_1,2025-09-23,600.0,3,12,90,966.3604500293732,False Alarm,,1,8,Tuesday
mouse_1,2025-09-23,600.0,3,12,91,977.8104021549225,False Alarm,,1,10,Tuesday
mouse_1,2025-09-23,600.0,3,12,92,990.0166447162628,False Alarm,,1,4,Tuesday
mouse_1,2025-09-23,600.0,3,12,93,1001.476939201355,Hit,1.0397809820203747,0,27,Tuesday
mouse_1,2025-09-23,600.0,3,12,94,1009.6900410652161,False Alarm,,1,8,Tuesday
mouse_1,2025-09-23,600.0,3,12,95,1024.146835565567,False Alarm,,1,3,Tuesday
mouse_1,2025-09-23,600.0,3,12,96,1038.1179242134094,Hit,0.9151408095751776,0,26,Tuesday
mouse_1,2025-09-23,600.0,3,12,97,1047.3314309120178,False Alarm,,1,5,Tuesday
mouse_1,2025-09-23,600.0,3,12,98,1058.287244796753,False Alarm,,1,6,Tuesday
mouse_1,2025-09-23,600.0,3,12,99,1069.7467007637024,False Alarm,,1,2,Tuesday
mouse_1,2025-09-23,600.0,3,12,100,1080.9566462039948,Miss,,0,0,Tuesday
mouse_1,2025-09-23,600.0,3,12,101,1091.6598961353302,Hit,2.066662398013932,0,45,Tuesday
mouse_1,2025-09-23,600.0,3,12,102,1101.1165626049042,False Alarm,,1,23,Tuesday
mouse_1,2025-09-23,600.0,3,12,103,1111.3162024021149,Hit,0.5715255224886278,0,21,Tuesday
mouse_1,2025-09-23,600.0,3,12,104,1120.0194940567017,Hit,0.8816854785200121,0,20,Tuesday
mouse_1,2025-09-23,600.0,3,12,105,1128.7298114299774,Hit,0.25756223991720617,0,28,Tuesday
mouse_1,2025-09-23,600.0,3,12,106,1137.9290783405304,False Alarm,,1,4,Tuesday
mouse_1,2025-09-23,600.0,3,12,107,1148.1257541179657,False Alarm,,1,5,Tuesday
mouse_1,2025-09-23,600.0,3,12,108,1160.0860905647278,False Alarm,,1,2,Tuesday
mouse_1,2025-09-23,600.0,3,12,109,1172.5556132793427,Hit,0.6331145384012871,0,28,Tuesday
mouse_1,2025-09-23,600.0,3,12,110,1181.5090517997742,False Alarm,,1,7,Tuesday
mouse_1,2025-09-23,600.0,3,12,111,1192.4658408164978,False Alarm,,1,5,Tuesday
mouse_1,2025-09-23,600.0,3,12,112,1207.9200341701508,Hit,1.7549063516801198,0,25,Tuesday
mouse_1,2025-09-23,600.0,3,12,113,1216.8802421092987,False Alarm,,1,8,Tuesday
mouse_1,2025-09-23,600.0,3,12,114,1232.597400188446,False Alarm,,1,1,Tuesday
mouse_1,2025-09-23,600.0,3,12,115,1244.0485498905182,Hit,0.7403604944215658,0,19,Tuesday
mouse_1,2025-09-23,600.0,3,12,116,1252.7476830482483,Hit,0.6438071279333144,0,21,Tuesday
mouse_1,2025-09-23,600.0,3,12,117,1261.6990716457367,Hit,0.646817804884904,0,18,Tuesday
mouse_1,2025-09-23,600.0,3,12,118,1270.39918923378,Hit,0.535659483527752,0,23,Tuesday
mouse_1,2025-09-23,600.0,3,12,119,1278.3588848114014,Hit,1.2029979553763042,0,14,Tuesday
mouse_1,2025-09-23,600.0,3,12,120,1288.5686876773834,Hit,0.6764480138281215,0,17,Tuesday
mouse_1,2025-09-23,600.0,3,12,121,1297.7681438922882,Hit,1.819152247073589,0,32,Tuesday
mouse_1,2025-09-23,600.0,3,12,122,1307.7181577682495,False Alarm,,1,4,Tuesday
mouse_1,2025-09-23,600.0,3,12,123,1317.913016319275,Hit,0.05701737754520764,0,23,Tuesday
mouse_1,2025-09-23,600.0,3,12,124,1326.6189019680023,Miss,,0,4,Tuesday
mouse_1,2025-09-23,600.0,3,12,125,1336.5779824256897,False Alarm,,1,9,Tuesday
mouse_1,2025-09-23,600.0,3,12,126,1350.794764995575,False Alarm,,1,7,Tuesday
mouse_1,2025-09-23,600.0,3,12,127,1364.7479979991913,False Alarm,,1,5,Tuesday
mouse_1,2025-09-23,600.0,3,12,128,1378.7043652534485,False Alarm,,1,3,Tuesday
mouse_1,2025-09-23,600.0,3,12,129,1393.4161875247955,Hit,0.8070540354085551,0,22,Tuesday
mouse_1,2025-09-23,600.0,3,12,130,1402.6194002628326,Hit,0.6519770312352193,0,18,Tuesday
mouse_1,2025-09-23,600.0,3,12,131,1411.819032907486,False Alarm,,1,3,Tuesday
mouse_1,2025-09-23,600.0,3,12,132,1429.5253682136536,Miss,,0,2,Tuesday
mouse_1,2025-09-23,600.0,3,12,133,1440.4786312580109,False Alarm,,1,2,Tuesday
mouse_1,2025-09-23,600.0,3,12,134,1452.1755104064941,Hit,0.6470471259501664,0,16,Tuesday
mouse_1,2025-09-23,600.0,3,12,135,1460.6306581497192,False Alarm,,1,2,Tuesday
mouse_1,2025-09-23,600.0,3,12,136,1471.5853719711304,Hit,0.8257229862203985,0,14,Tuesday
mouse_1,2025-09-23,600.0,3,12,137,1480.5492827892303,Hit,1.335194812742202,0,18,Tuesday
mouse_1,2025-09-23,600.0,3,12,138,1489.4987707138062,Hit,0.9308961034880667,0,13,Tuesday
mouse_1,2025-09-23,600.0,3,12,139,1498.9591870307922,Hit,1.1391472520369916,0,10,Tuesday
mouse_1,2025-09-23,600.0,3,12,140,1508.4090809822083,Hit,2.2471204041066812,0,30,Tuesday
mouse_1,2025-09-23,600.0,3,12,141,1517.8552787303925,False Alarm,,1,7,Tuesday
mouse_1,2025-09-23,600.0,3,12,142,1528.064849615097,Hit,0.6138746535411883,0,23,Tuesday
mouse_1,2025-09-23,600.0,3,12,143,1536.5180678367615,Hit,0.9386149210774875,0,18,Tuesday
mouse_1,2025-09-23,600.0,3,12,144,1544.9781272411346,Hit,0.5135937673387616,0,22,Tuesday
mouse_1,2025-09-23,600.0,3,12,145,1554.1786608695984,False Alarm,,1,4,Tuesday
mouse_1,2025-09-23,600.0,3,12,146,1567.6271419525146,Miss,,0,0,Tuesday
mouse_1,2025-09-23,600.0,3,12,147,1578.0788640975952,Hit,1.8296521415861662,0,35,Tuesday
mouse_1,2025-09-23,600.0,3,12,148,1587.0279068946838,False Alarm,,1,9,Tuesday
mouse_1,2025-09-23,600.0,3,12,149,1597.224204301834,Hit,2.287443903704343,0,17,Tuesday
mouse_1,2025-09-23,600.0,3,12,150,1608.4178094863892,False Alarm,,1,3,Tuesday
mouse_1,2025-09-23,600.0,3,12,151,1619.884105205536,Miss,,0,0,Tuesday
mouse_1,2025-09-23,600.0,3,12,152,1629.5871894359589,Hit,0.13366469762218003,0,27,Tuesday
mouse_1,2025-09-23,600.0,3,12,153,1638.2881045341492,False Alarm,,1,2,Tuesday
mouse_1,2025-09-23,600.0,3,12,154,1649.2397906780243,Miss,,0,2,Tuesday
mouse_1,2025-09-23,600.0,3,12,155,1660.687872171402,False Alarm,,1,2,Tuesday
mouse_1,2025-09-23,600.0,3,12,156,1672.65380525589,Miss,,0,0,Tuesday
mouse_1,2025-09-23,600.0,3,12,157,1683.6070668697357,Miss,,0,4,Tuesday
mouse_1,2025-09-23,600.0,3,12,158,1694.3071343898773,False Alarm,,1,4,Tuesday
mouse_1,2025-09-23,600.0,3,12,159,1707.5249049663544,Hit,0.4877434197464936,0,23,Tuesday
mouse_1,2025-09-23,600.0,3,12,160,1716.7371816635132,Hit,1.2353504134982813,0,20,Tuesday
mouse_1,2025-09-23,600.0,3,12,161,1725.9351072311401,Hit,0.49606008810383173,0,32,Tuesday
mouse_1,2025-09-23,600.0,3,12,162,1734.8834397792816,False Alarm,,1,2,Tuesday
mouse_1,2025-09-23,600.0,3,12,163,1745.083244085312,Miss,,0,0,Tuesday
mouse_1,2025-09-23,600.0,3,12,164,1755.5460481643677,Miss,,0,2,Tuesday
mouse_1,2025-09-23,600.0,3,12,165,1766.4961948394775,False Alarm,,1,2,Tuesday
mouse_1,2025-09-23,600.0,3,12,166,1778.4632561206818,Hit,0.3307944642911025,0,26,Tuesday
mouse_1,2025-09-23,600.0,3,12,167,1787.4189357757568,False Alarm,,1,3,Tuesday
mouse_1,2025-09-23,600.0,3,12,168,1801.6224808692932,Miss,,0,0,Tuesday
mouse_1,2025-09-24,600.0,3,13,1,0.37787365913391113,False Alarm,,1,7,Wednesday
mouse_1,2025-09-24,600.0,3,13,2,12.078673839569092,False Alarm,,1,5,Wednesday
mouse_1,2025-09-24,600.0,3,13,3,23.779703378677368,False Alarm,,1,8,Wednesday
mouse_1,2025-09-24,600.0,3,13,4,35.740827798843384,False Alarm,,1,6,Wednesday
mouse_1,2025-09-24,600.0,3,13,5,47.70060205459595,False Alarm,,1,35,Wednesday
mouse_1,2025-09-24,600.0,3,13,6,61.40936779975891,False Alarm,,1,5,Wednesday
mouse_1,2025-09-24,600.0,3,13,7,78.36983299255371,Hit,2.24725101382451,0,63,Wednesday
mouse_1,2025-09-24,600.0,3,13,8,88.82351350784302,False Alarm,,1,111,Wednesday
mouse_1,2025-09-24,600.0,3,13,9,99.02905297279358,False Alarm,,1,82,Wednesday
mouse_1,2025-09-24,600.0,3,13,10,109.74871397018433,False Alarm,,1,22,Wednesday
mouse_1,2025-09-24,600.0,3,13,11,120.43908596038818,False Alarm,,1,3,Wednesday
mouse_1,2025-09-24,600.0,3,13,12,130.6591498851776,Hit,2.278786522160374,0,37,Wednesday
mouse_1,2025-09-24,600.0,3,13,13,140.11594128608704,False Alarm,,1,20,Wednesday
mouse_1,2025-09-24,600.0,3,13,14,150.318950176239,False Alarm,,1,10,Wednesday
mouse_1,2025-09-24,600.0,3,13,15,162.78948521614075,Hit,0.6427048648870368,0,29,Wednesday
mouse_1,2025-09-24,600.0,3,13,16,172.50273299217224,False Alarm,,1,5,Wednesday
mouse_1,2025-09-24,600.0,3,13,17,182.70284581184387,False Alarm,,1,7,Wednesday
mouse_1,2025-09-24,600.0,3,13,18,198.16037392616272,Hit,0.6740664869259092,0,34,Wednesday
mouse_1,2025-09-24,600.0,3,13,19,206.36134839057922,False Alarm,,1,7,Wednesday
mouse_1,2025-09-24,600.0,3,13,20,216.55411982536316,Hit,0.9718726938926068,0,26,Wednesday
mouse_1,2025-09-24,600.0,3,13,21,226.00225925445557,Hit,0.9675033418418764,0,33,Wednesday
mouse_1,2025-09-24,600.0,3,13,22,234.20201325416565,False Alarm,,1,9,Wednesday
mouse_1,2025-09-24,600.0,3,13,23,244.40892052650452,False Alarm,,1,1,Wednesday
mouse_1,2025-09-24,600.0,3,13,24,257.3639786243439,Miss,,0,7,Wednesday
mouse_1,2025-09-24,600.0,3,13,25,268.0728223323822,Hit,0.23637315259276193,0,36,Wednesday
mouse_1,2025-09-24,600.0,3,13,26,276.03218245506287,False Alarm,,1,14,Wednesday
mouse_1,2025-09-24,600.0,3,13,27,286.2381443977356,False Alarm,,1,10,Wednesday
mouse_1,2025-09-24,600.0,3,13,28,300.94839906692505,False Alarm,,1,5,Wednesday
mouse_1,2025-09-24,600.0,3,13,29,313.40823793411255,False Alarm,,1,3,Wednesday
mouse_1,2025-09-24,600.0,3,13,30,327.1212406158447,Miss,,0,0,Wednesday
mouse_1,2025-09-24,600.0,3,13,31,336.8191878795624,Miss,,0,11,Wednesday
mouse_1,2025-09-24,600.0,3,13,32,346.7726023197174,False Alarm,,1,15,Wednesday
mouse_1,2025-09-24,600.0,3,13,33,357.98803210258484,False Alarm,,1,4,Wednesday
mouse_1,2025-09-24,600.0,3,13,34,371.4598469734192,Hit (Calc),2.309139449070585,0,6,Wednesday
mouse_1,2025-09-24,600.0,3,13,35,382.9212100505829,Miss,,0,0,Wednesday
mouse_1,2025-09-24,600.0,3,13,36,393.6212842464447,Hit,1.050569966848684,0,39,Wednesday
mouse_1,2025-09-24,600.0,3,13,37,402.0727369785309,False Alarm,,1,11,Wednesday
mouse_1,2025-09-24,600.0,3,13,38,412.27805495262146,False Alarm,,1,5,Wednesday
mouse_1,2025-09-24,600.0,3,13,39,427.48225808143616,Hit,2.2395407789126693,0,41,Wednesday
mouse_1,2025-09-24,600.0,3,13,40,437.681791305542,False Alarm,,1,20,Wednesday
mouse_1,2025-09-24,600.0,3,13,41,447.8876984119415,False Alarm,,1,4,Wednesday
mouse_1,2025-09-24,600.0,3,13,42,459.0982801914215,Hit,1.407476829467214,0,33,Wednesday
mouse_1,2025-09-24,600.0,3,13,43,467.8010985851288,False Alarm,,1,10,Wednesday
mouse_1,2025-09-24,600.0,3,13,44,478.0173764228821,False Alarm,,1,7,Wednesday
mouse_1,2025-09-24,600.0,3,13,45,490.47914028167725,False Alarm,,1,3,Wednesday
mouse_1,2025-09-24,600.0,3,13,46,502.18782091140747,Hit,0.3402768170789727,0,28,Wednesday
mouse_1,2025-09-24,600.0,3,13,47,510.64227271080017,Hit,0.12999271653666256,0,30,Wednesday
mouse_1,2025-09-24,600.0,3,13,48,518.6014785766602,False Alarm,,1,8,Wednesday
mouse_1,2025-09-24,600.0,3,13,49,534.0575885772705,False Alarm,,1,7,Wednesday
mouse_1,2025-09-24,600.0,3,13,50,546.0180153846741,False Alarm,,1,8,Wednesday
mouse_1,2025-09-24,600.0,3,13,51,557.731555223465,False Alarm,,1,4,Wednesday
mouse_1,2025-09-24,600.0,3,13,52,568.685542345047,False Alarm,,1,7,Wednesday
mouse_1,2025-09-24,600.0,3,13,53,585.398592710495,Hit,0.6429097578330811,0,29,Wednesday
mouse_1,2025-09-24,600.0,3,13,54,593.3506422042847,False Alarm,,1,2,Wednesday
mouse_1,2025-09-24,600.0,3,13,55,603.5571954250336,Hit,0.1824419351958113,0,29,Wednesday
mouse_1,2025-09-24,600.0,3,13,56,612.7610628604889,Hit,0.35828452532439314,0,25,Wednesday
mouse_1,2025-09-24,600.0,3,13,57,620.2207543849945,Hit,1.9237922617720642,0,35,Wednesday
mouse_1,2025-09-24,600.0,3,13,58,631.1703388690948,False Alarm,,1,11,Wednesday
mouse_1,2025-09-24,600.0,3,13,59,641.376513004303,False Alarm,,1,4,Wednesday
mouse_1,2025-09-24,600.0,3,13,60,653.0866856575012,Hit,0.6052441347235344,0,29,Wednesday
mouse_1,2025-09-24,600.0,3,13,61,662.5404856204987,False Alarm,,1,2,Wednesday
mouse_1,2025-09-24,600.0,3,13,62,672.73890376091,Miss,,0,6,Wednesday
mouse_1,2025-09-24,600.0,3,13,63,682.9389050006866,False Alarm,,1,10,Wednesday
mouse_1,2025-09-24,600.0,3,13,64,697.1459753513336,False Alarm,,1,4,Wednesday
mouse_1,2025-09-24,600.0,3,13,65,711.357834815979,Hit,0.7751926421032067,0,39,Wednesday
mouse_1,2025-09-24,600.0,3,13,66,720.5596852302551,False Alarm,,1,16,Wednesday
mouse_1,2025-09-24,600.0,3,13,67,730.7561264038086,False Alarm,,1,2,Wednesday
mouse_1,2025-09-24,600.0,3,13,68,741.4763042926788,Hit,0.3980866033869006,0,15,Wednesday
mouse_1,2025-09-24,600.0,3,13,69,749.6889128684998,Hit,1.436504527306397,0,19,Wednesday
mouse_1,2025-09-24,600.0,3,13,70,759.1394536495209,Hit,1.1098929455969255,0,20,Wednesday
mouse_1,2025-09-24,600.0,3,13,71,768.5892853736877,Hit,1.4482080677861404,0,20,Wednesday
mouse_1,2025-09-24,600.0,3,13,72,777.5392935276031,Hit,0.5056171145741928,0,16,Wednesday
mouse_1,2025-09-24,600.0,3,13,73,786.4889743328094,Hit,0.16907811732448863,0,19,Wednesday
mouse_1,2025-09-24,600.0,3,13,74,795.1996455192566,False Alarm,,1,2,Wednesday
mouse_1,2025-09-24,600.0,3,13,75,806.4069821834564,False Alarm,,1,6,Wednesday
mouse_1,2025-09-24,600.0,3,13,76,821.6158430576324,False Alarm,,1,5,Wednesday
mouse_1,2025-09-24,600.0,3,13,77,834.5748233795166,False Alarm,,1,7,Wednesday
mouse_1,2025-09-24,600.0,3,13,78,847.7856872081757,False Alarm,,1,6,Wednesday
mouse_1,2025-09-24,600.0,3,13,79,859.7455585002899,False Alarm,,1,2,Wednesday
mouse_1,2025-09-24,600.0,3,13,80,871.6989076137543,Hit,0.8840096587247217,0,18,Wednesday
mouse_1,2025-09-24,600.0,3,13,81,880.4006452560425,Hit,1.086265297525756,0,21,Wednesday
mouse_1,2025-09-24,600.0,3,13,82,889.8597807884216,Hit,0.5055307591824203,0,14,Wednesday
mouse_1,2025-09-24,600.0,3,13,83,898.0592811107635,Hit,0.7000379086136945,0,13,Wednesday
mouse_1,2025-09-24,600.0,3,13,84,906.508793592453,Miss,,0,0,Wednesday
mouse_1,2025-09-24,600.0,3,13,85,917.7096955776215,Miss,,0,0,Wednesday
mouse_1,2025-09-24,600.0,3,13,86,929.1591861248016,Hit,1.9127761837670505,0,17,Wednesday
mouse_1,2025-09-24,600.0,3,13,87,938.8685626983643,Hit,0.6700575708046017,0,14,Wednesday
mouse_1,2025-09-24,600.0,3,13,88,947.0690445899963,Hit,1.1678751233986304,0,20,Wednesday
mouse_1,2025-09-24,600.0,3,13,89,956.0185823440552,Miss,,0,0,Wednesday
mouse_1,2025-09-24,600.0,3,13,90,967.2174146175385,Miss,,0,1,Wednesday
mouse_1,2025-09-24,600.0,3,13,91,978.6679906845093,Hit,0.3151914237080291,0,15,Wednesday
mouse_1,2025-09-24,600.0,3,13,92,986.8682343959808,Hit,0.808771349037329,0,29,Wednesday
mouse_1,2025-09-24,600.0,3,13,93,996.8186342716217,False Alarm,,1,1,Wednesday
mouse_1,2025-09-24,600.0,3,13,94,1007.0259132385254,Hit,0.35333868702775817,0,22,Wednesday
mouse_1,2025-09-24,600.0,3,13,95,1016.22771692276,Miss,,0,0,Wednesday
mouse_1,2025-09-24,600.0,3,13,96,1025.9285244941711,Hit,1.1188969638294566,0,12,Wednesday
mouse_1,2025-09-24,600.0,3,13,97,1034.1383554935455,Hit,1.2953213708165094,0,8,Wednesday
mouse_1,2025-09-24,600.0,3,13,98,1043.5877902507782,Miss,,0,0,Wednesday
mouse_1,2025-09-24,600.0,3,13,99,1054.7968926429749,Hit,0.04205381543465592,0,22,Wednesday
mouse_1,2025-09-24,600.0,3,13,100,1063.7478160858154,False Alarm,,1,7,Wednesday
mouse_1,2025-09-24,600.0,3,13,101,1077.944254875183,Hit,2.1807045400553307,0,14,Wednesday
mouse_1,2025-09-24,600.0,3,13,102,1087.4074239730835,Hit,1.7146775606058782,0,12,Wednesday
mouse_1,2025-09-24,600.0,3,13,103,1097.6060905456543,Hit,1.0168477748827627,0,20,Wednesday
mouse_1,2025-09-24,600.0,3,13,104,1106.5575985908508,Miss,,0,0,Wednesday
mouse_1,2025-09-24,600.0,3,13,105,1117.7565953731537,Miss,,0,3,Wednesday
mouse_1,2025-09-24,600.0,3,13,106,1129.2063553333282,False Alarm,,1,3,Wednesday
mouse_1,2025-09-24,600.0,3,13,107,1140.160655260086,Hit,1.2760032458545538,0,24,Wednesday
mouse_1,2025-09-24,600.0,3,13,108,1149.6063950061798,Hit,0.3915661107412234,0,14,Wednesday
mouse_1,2025-09-24,600.0,3,13,109,1158.047589302063,Hit,1.2064716676611624,0,13,Wednesday
mouse_1,2025-09-24,600.0,3,13,110,1167.9973900318146,Hit,1.4755752894272973,0,18,Wednesday
mouse_1,2025-09-24,600.0,3,13,111,1177.9468150138855,False Alarm,,1,5,Wednesday
mouse_1,2025-09-24,600.0,3,13,112,1190.9049472808838,Hit,1.6527230431306634,0,12,Wednesday
mouse_1,2025-09-24,600.0,3,13,113,1200.6073977947235,Hit,0.21686430567501702,0,10,Wednesday
mouse_1,2025-09-24,600.0,3,13,114,1209.8170630931854,Hit,1.7947032996357848,0,16,Wednesday
mouse_1,2025-09-24,600.0,3,13,115,1218.7766914367676,Hit,0.44416513303622196,0,11,Wednesday
mouse_1,2025-09-24,600.0,3,13,116,1226.977831363678,Hit,0.8516109617603433,0,12,Wednesday
mouse_1,2025-09-24,600.0,3,13,117,1236.1887063980103,Hit,0.860946811793383,0,11,Wednesday
mouse_1,2025-09-24,600.0,3,13,118,1244.8965220451355,Miss,,0,0,Wednesday
mouse_1,2025-09-24,600.0,3,13,119,1256.0958573818207,Miss,,0,0,Wednesday
mouse_1,2025-09-24,600.0,3,13,120,1265.7956161499023,Miss,,0,0,Wednesday
mouse_1,2025-09-24,600.0,3,13,121,1277.2457554340363,Miss,,0,0,Wednesday
mouse_1,2025-09-24,600.0,3,13,122,1288.6953506469727,Miss,,0,0,Wednesday
mouse_1,2025-09-24,600.0,3,13,123,1299.895382642746,Hit,1.4568851280801027,0,10,Wednesday
mouse_1,2025-09-24,600.0,3,13,124,1310.3563797473907,Hit,1.6899755086965342,0,9,Wednesday
mouse_1,2025-09-24,600.0,3,13,125,1319.3074488639832,Hit,0.7537611368138641,0,22,Wednesday
mouse_1,2025-09-24,600.0,3,13,126,1329.0162389278412,Miss,,0,0,Wednesday
mouse_1,2025-09-24,600.0,3,13,127,1339.9645290374756,Hit,0.40818091034861936,0,9,Wednesday
mouse_1,2025-09-24,600.0,3,13,128,1348.9160001277924,Hit,0.6168940436634784,0,12,Wednesday
mouse_1,2025-09-24,600.0,3,13,129,1358.1258125305176,Hit,0.9496293290765152,0,14,Wednesday
mouse_1,2025-09-24,600.0,3,13,130,1366.8359797000885,Miss,,0,0,Wednesday
mouse_1,2025-09-24,600.0,3,13,131,1377.0349266529083,Miss,,0,0,Wednesday
mouse_1,2025-09-24,600.0,3,13,132,1387.7457056045532,Miss,,0,0,Wednesday
mouse_1,2025-09-24,600.0,3,13,133,1397.6952259540558,Miss,,0,0,Wednesday
mouse_1,2025-09-24,600.0,3,13,134,1408.154968738556,Miss,,0,0,Wednesday
mouse_1,2025-09-24,600.0,3,13,135,1418.3554294109344,Miss,,0,0,Wednesday
mouse_1,2025-09-24,600.0,3,13,136,1429.8047714233398,Miss,,0,0,Wednesday
mouse_1,2025-09-24,600.0,3,13,137,1440.76567029953,Miss,,0,0,Wednesday
mouse_1,2025-09-24,600.0,3,13,138,1450.464646100998,Miss,,0,0,Wednesday
mouse_1,2025-09-24,600.0,3,13,139,1460.6661417484283,Hit,2.0357323461387296,0,23,Wednesday
mouse_1,2025-09-24,600.0,3,13,140,1471.8648087978363,Hit,0.5672155672166355,0,9,Wednesday
mouse_1,2025-09-24,600.0,3,13,141,1480.065941810608,Miss,,0,0,Wednesday
mouse_1,2025-09-24,600.0,3,13,142,1490.5143103599548,Hit,0.612454021141275,0,10,Wednesday
mouse_1,2025-09-24,600.0,3,13,143,1499.7151262760162,Miss,,0,0,Wednesday
mouse_1,2025-09-24,600.0,3,13,144,1510.675139427185,Miss,,0,0,Wednesday
mouse_1,2025-09-24,600.0,3,13,145,1521.8741595745087,Miss,,0,0,Wednesday
mouse_1,2025-09-24,600.0,3,13,146,1532.5814094543457,Miss,,0,0,Wednesday
mouse_1,2025-09-24,600.0,3,13,147,1544.0437183380127,Miss,,0,0,Wednesday
mouse_1,2025-09-24,600.0,3,13,148,1555.4952800273895,Miss,,0,0,Wednesday
mouse_1,2025-09-24,600.0,3,13,149,1566.7037944793701,Hit,0.48489728373419894,0,12,Wednesday
mouse_1,2025-09-24,600.0,3,13,150,1575.6548509597778,Miss,,0,3,Wednesday
mouse_1,2025-09-24,600.0,3,13,151,1586.8636033535004,Hit,0.22798309967288333,0,9,Wednesday
mouse_1,2025-09-24,600.0,3,13,152,1596.0644273757935,Hit,0.14652247266076301,0,11,Wednesday
mouse_1,2025-09-24,600.0,3,13,153,1605.013783454895,Hit,0.5567018706146882,0,13,Wednesday
mouse_1,2025-09-24,600.0,3,13,154,1612.9746236801147,Hit,0.5311379424913412,0,10,Wednesday
mouse_1,2025-09-24,600.0,3,13,155,1621.1734488010406,Miss,,0,0,Wednesday
mouse_1,2025-09-24,600.0,3,13,156,1631.1331188678741,Miss,,0,0,Wednesday
mouse_1,2025-09-24,600.0,3,13,157,1641.0831317901611,Miss,,0,0,Wednesday
mouse_1,2025-09-24,600.0,3,13,158,1651.7933123111725,Miss,,0,0,Wednesday
mouse_1,2025-09-24,600.0,3,13,159,1663.243304014206,Hit,0.8505624830368106,0,7,Wednesday
mouse_1,2025-09-24,600.0,3,13,160,1671.7034375667572,Miss,,0,0,Wednesday
mouse_1,2025-09-24,600.0,3,13,161,1682.9124639034271,Miss,,0,0,Wednesday
mouse_1,2025-09-24,600.0,3,13,162,1693.3727071285248,Miss,,0,0,Wednesday
mouse_1,2025-09-24,600.0,3,13,163,1704.5832917690277,Hit,2.1196336301227348,0,11,Wednesday
mouse_1,2025-09-24,600.0,3,13,164,1714.7928252220154,Miss,,0,0,Wednesday
mouse_1,2025-09-24,600.0,3,13,165,1724.7418315410614,Miss,,0,0,Wednesday
mouse_1,2025-09-24,600.0,3,13,166,1735.4423446655273,Miss,,0,0,Wednesday
mouse_1,2025-09-24,600.0,3,13,167,1746.1422173976898,Miss,,0,0,Wednesday
mouse_1,2025-09-24,600.0,3,13,168,1757.09299659729,Hit,1.9020340824711184,0,17,Wednesday
mouse_1,2025-09-24,600.0,3,13,169,1767.5437030792236,Hit,0.9658915871304998,0,14,Wednesday
mouse_1,2025-09-24,600.0,3,13,170,1777.2434225082397,Miss,,0,0,Wednesday
mouse_1,2025-09-24,600.0,3,13,171,1787.1889004707336,Hit,1.676498133463383,0,11,Wednesday
mouse_1,2025-09-24,600.0,3,13,172,1797.1403148174286,Miss,,0,0,Wednesday
mouse_1,2025-09-25,600.0,3,14,1,0.37392282485961914,False Alarm,,1,8,Thursday
mouse_1,2025-09-25,600.0,3,14,2,10.578885793685913,False Alarm,,1,3,Thursday
mouse_1,2025-09-25,600.0,3,14,3,22.539084911346436,Hit,0.45043720797721676,0,42,Thursday
mouse_1,2025-09-25,600.0,3,14,4,31.493615865707397,False Alarm,,1,16,Thursday
mouse_1,2025-09-25,600.0,3,14,5,41.70940804481506,Miss,,0,2,Thursday
mouse_1,2025-09-25,600.0,3,14,6,52.42227292060852,Hit,1.889831811045596,0,27,Thursday
mouse_1,2025-09-25,600.0,3,14,7,61.86232852935791,Hit,0.2679060986019124,0,31,Thursday
mouse_1,2025-09-25,600.0,3,14,8,70.05220293998718,False Alarm,,1,6,Thursday
mouse_1,2025-09-25,600.0,3,14,9,80.25998735427856,False Alarm,,1,4,Thursday
mouse_1,2025-09-25,600.0,3,14,10,91.97890710830688,Hit,1.384029979532258,0,29,Thursday
mouse_1,2025-09-25,600.0,3,14,11,101.43261957168579,False Alarm,,1,2,Thursday
mouse_1,2025-09-25,600.0,3,14,12,111.6387984752655,Miss,,0,2,Thursday
mouse_1,2025-09-25,600.0,3,14,13,121.35319018363953,False Alarm,,1,2,Thursday
mouse_1,2025-09-25,600.0,3,14,14,135.3202202320099,Hit,2.3234232045751924,0,40,Thursday
mouse_1,2025-09-25,600.0,3,14,15,146.27390885353088,False Alarm,,1,21,Thursday
mouse_1,2025-09-25,600.0,3,14,16,156.4786765575409,False Alarm,,1,7,Thursday
mouse_1,2025-09-25,600.0,3,14,17,168.4393219947815,False Alarm,,1,6,Thursday
mouse_1,2025-09-25,600.0,3,14,18,179.89814949035645,False Alarm,,1,8,Thursday
mouse_1,2025-09-25,600.0,3,14,19,191.60078310966492,False Alarm,,1,5,Thursday
mouse_1,2025-09-25,600.0,3,14,20,204.05810952186584,Hit,1.9806473634054953,0,29,Thursday
mouse_1,2025-09-25,600.0,3,14,21,215.0112109184265,Hit,0.4408697995904163,0,33,Thursday
mouse_1,2025-09-25,600.0,3,14,22,222.7107548713684,False Alarm,,1,6,Thursday
mouse_1,2025-09-25,600.0,3,14,23,232.92703819274902,Hit,0.22625212096838254,0,33,Thursday
mouse_1,2025-09-25,600.0,3,14,24,241.63068509101868,False Alarm,,1,12,Thursday
mouse_1,2025-09-25,600.0,3,14,25,251.83620405197144,False Alarm,,1,5,Thursday
mouse_1,2025-09-25,600.0,3,14,26,262.79705810546875,False Alarm,,1,10,Thursday
mouse_1,2025-09-25,600.0,3,14,27,274.5168311595917,False Alarm,,1,11,Thursday
mouse_1,2025-09-25,600.0,3,14,28,288.22264647483826,False Alarm,,1,3,Thursday
mouse_1,2025-09-25,600.0,3,14,29,300.6764945983887,Miss,,0,4,Thursday
mouse_1,2025-09-25,600.0,3,14,30,312.13887667655945,False Alarm,,1,2,Thursday
mouse_1,2025-09-25,600.0,3,14,31,323.34653878211975,Hit,0.16453577746921155,0,32,Thursday
mouse_1,2025-09-25,600.0,3,14,32,331.55012798309326,False Alarm,,1,14,Thursday
mouse_1,2025-09-25,600.0,3,14,33,341.7556631565094,False Alarm,,1,4,Thursday
mouse_1,2025-09-25,600.0,3,14,34,352.96578574180603,Hit,1.1515012169645047,0,34,Thursday
mouse_1,2025-09-25,600.0,3,14,35,361.92599725723267,False Alarm,,1,9,Thursday
mouse_1,2025-09-25,600.0,3,14,36,372.1246998310089,False Alarm,,1,2,Thursday
mouse_1,2025-09-25,600.0,3,14,37,385.846262216568,Hit,0.3512013194199426,0,29,Thursday
mouse_1,2025-09-25,600.0,3,14,38,395.04880690574646,False Alarm,,1,7,Thursday
mouse_1,2025-09-25,600.0,3,14,39,405.24621748924255,False Alarm,,1,4,Thursday
mouse_1,2025-09-25,600.0,3,14,40,416.46409463882446,False Alarm,,1,2,Thursday
mouse_1,2025-09-25,600.0,3,14,41,431.1676273345947,Miss,,0,4,Thursday
mouse_1,2025-09-25,600.0,3,14,42,440.8667941093445,False Alarm,,1,4,Thursday
mouse_1,2025-09-25,600.0,3,14,43,452.8261218070984,Miss,,0,0,Thursday
mouse_1,2025-09-25,600.0,3,14,44,462.5263669490814,False Alarm,,1,9,Thursday
mouse_1,2025-09-25,600.0,3,14,45,478.2428047657013,False Alarm,,1,3,Thursday
mouse_1,2025-09-25,600.0,3,14,46,489.9632022380829,Hit,1.2776312840415471,0,20,Thursday
mouse_1,2025-09-25,600.0,3,14,47,499.1759331226349,Hit,0.41967046535717145,0,23,Thursday
mouse_1,2025-09-25,600.0,3,14,48,507.63522601127625,Hit,0.6525143258180606,0,27,Thursday
mouse_1,2025-09-25,600.0,3,14,49,516.345575094223,False Alarm,,1,1,Thursday
mouse_1,2025-09-25,600.0,3,14,50,526.551864862442,Hit,0.7748244728890086,0,32,Thursday
mouse_1,2025-09-25,600.0,3,14,51,535.5155246257782,False Alarm,,1,10,Thursday
mouse_1,2025-09-25,600.0,3,14,52,545.7143652439117,False Alarm,,1,8,Thursday
mouse_1,2025-09-25,600.0,3,14,53,557.1729846000671,False Alarm,,1,5,Thursday
mouse_1,2025-09-25,600.0,3,14,54,571.1322712898254,Hit,0.8194112092389787,0,31,Thursday
mouse_1,2025-09-25,600.0,3,14,55,579.8441729545593,False Alarm,,1,4,Thursday
mouse_1,2025-09-25,600.0,3,14,56,593.3002858161926,Hit,1.6784073700807767,0,27,Thursday
mouse_1,2025-09-25,600.0,3,14,57,602.2659244537354,False Alarm,,1,5,Thursday
mouse_1,2025-09-25,600.0,3,14,58,612.469563961029,False Alarm,,1,4,Thursday
mouse_1,2025-09-25,600.0,3,14,59,623.4302041530609,Hit,0.10830287115879855,0,20,Thursday
mouse_1,2025-09-25,600.0,3,14,60,632.3826923370361,Hit,0.4139523041829989,0,24,Thursday
mouse_1,2025-09-25,600.0,3,14,61,640.5822052955627,Hit,0.8197798946018793,0,19,Thursday
mouse_1,2025-09-25,600.0,3,14,62,650.0327024459839,Hit,1.0991696324518898,0,18,Thursday
mouse_1,2025-09-25,600.0,3,14,63,660.2331874370575,Miss,,0,0,Thursday
mouse_1,2025-09-25,600.0,3,14,64,670.4413328170776,Miss,,0,3,Thursday
mouse_1,2025-09-25,600.0,3,14,65,680.8909051418304,Hit,0.5099537795431388,0,17,Thursday
mouse_1,2025-09-25,600.0,3,14,66,688.8511719703674,Hit,0.38448639155183173,0,16,Thursday
mouse_1,2025-09-25,600.0,3,14,67,697.8019154071808,False Alarm,,1,8,Thursday
mouse_1,2025-09-25,600.0,3,14,68,713.2584898471832,False Alarm,,1,3,Thursday
mouse_1,2025-09-25,600.0,3,14,69,731.716560125351,Hit,0.9081591999341754,0,23,Thursday
mouse_1,2025-09-25,600.0,3,14,70,741.4210891723633,Hit,0.35073275578167795,0,27,Thursday
mouse_1,2025-09-25,600.0,3,14,71,750.3693923950195,False Alarm,,1,2,Thursday
mouse_1,2025-09-25,600.0,3,14,72,761.3255438804626,Hit,0.6573707394912844,0,11,Thursday
mouse_1,2025-09-25,600.0,3,14,73,770.0391983985901,Hit,1.882976930538689,0,18,Thursday
mouse_1,2025-09-25,600.0,3,14,74,780.7387297153473,Hit,1.0725278441715318,0,18,Thursday
mouse_1,2025-09-25,600.0,3,14,75,789.9384236335754,Hit,0.25047663779923823,0,16,Thursday
mouse_1,2025-09-25,600.0,3,14,76,798.1380779743195,Hit,0.5562979184975347,0,31,Thursday
mouse_1,2025-09-25,600.0,3,14,77,806.5876233577728,False Alarm,,1,3,Thursday
mouse_1,2025-09-25,600.0,3,14,78,816.7939417362213,Hit,0.906172263277881,0,27,Thursday
mouse_1,2025-09-25,600.0,3,14,79,826.4880497455597,Hit,0.30198719210261515,0,26,Thursday
mouse_1,2025-09-25,600.0,3,14,80,834.928441286087,Miss,,0,4,Thursday
mouse_1,2025-09-25,600.0,3,14,81,845.8690416812897,Hit,0.22378894199789556,0,18,Thursday
mouse_1,2025-09-25,600.0,3,14,82,855.0785050392151,Hit,0.7549244640734969,0,19,Thursday
mouse_1,2025-09-25,600.0,3,14,83,864.7886335849762,Hit,0.8459106872005577,0,17,Thursday
mouse_1,2025-09-25,600.0,3,14,84,874.48894572258,Hit,1.855217356260141,0,16,Thursday
mouse_1,2025-09-25,600.0,3,14,85,883.6885149478912,Hit,1.4488793099420718,0,16,Thursday
mouse_1,2025-09-25,600.0,3,14,86,893.8982925415039,Hit,0.4863330545122153,0,18,Thursday
mouse_1,2025-09-25,600.0,3,14,87,903.0988781452179,Miss,,0,0,Thursday
mouse_1,2025-09-25,600.0,3,14,88,914.2987196445465,Miss,,0,0,Thursday
mouse_1,2025-09-25,600.0,3,14,89,925.4986486434937,Hit,1.383362050509163,0,16,Thursday
mouse_1,2025-09-25,600.0,3,14,90,934.4495420455933,Hit,0.4954382736597154,0,20,Thursday
mouse_1,2025-09-25,600.0,3,14,91,942.657556772232,Hit,0.17561297653503516,0,20,Thursday
mouse_1,2025-09-25,600.0,3,14,92,951.8594934940338,Hit,1.6932439876007948,0,17,Thursday
mouse_1,2025-09-25,600.0,3,14,93,962.3098063468933,False Alarm,,1,2,Thursday
mouse_1,2025-09-25,600.0,3,14,94,974.0176558494568,Miss,,0,2,Thursday
mouse_1,2025-09-25,600.0,3,14,95,983.7164962291718,False Alarm,,1,2,Thursday
mouse_1,2025-09-25,600.0,3,14,96,998.1660118103027,Hit,0.8839398560849077,0,19,Thursday
mouse_1,2025-09-25,600.0,3,14,97,1006.3692848682404,False Alarm,,1,4,Thursday
mouse_1,2025-09-25,600.0,3,14,98,1019.3259427547455,Miss,,0,0,Thursday
mouse_1,2025-09-25,600.0,3,14,99,1030.0290994644165,Miss,,0,0,Thursday
mouse_1,2025-09-25,600.0,3,14,100,1040.4887037277222,Hit,1.3279025247904883,0,15,Thursday
mouse_1,2025-09-25,600.0,3,14,101,1049.197543144226,Miss,,0,0,Thursday
mouse_1,2025-09-25,600.0,3,14,102,1059.409172296524,False Alarm,,1,6,Thursday
mouse_1,2025-09-25,600.0,3,14,103,1074.8660707473755,False Alarm,,1,4,Thursday
mouse_1,2025-09-25,600.0,3,14,104,1086.8257982730865,False Alarm,,1,1,Thursday
mouse_1,2025-09-25,600.0,3,14,105,1097.0357868671417,Hit,0.5672683590901215,0,25,Thursday
mouse_1,2025-09-25,600.0,3,14,106,1106.489578962326,Hit,1.6104675890521776,0,21,Thursday
mouse_1,2025-09-25,600.0,3,14,107,1116.699627161026,Hit,0.42033965737891776,0,21,Thursday
mouse_1,2025-09-25,600.0,3,14,108,1125.1491966247559,Hit,0.9476546501280154,0,12,Thursday
mouse_1,2025-09-25,600.0,3,14,109,1134.609700679779,Hit,0.5625452656684047,0,17,Thursday
mouse_1,2025-09-25,600.0,3,14,110,1143.068927526474,Hit,0.8166012023391431,0,13,Thursday
mouse_1,2025-09-25,600.0,3,14,111,1152.2695438861847,Hit,0.27005082135428893,0,32,Thursday
mouse_1,2025-09-25,600.0,3,14,112,1161.7297580242157,False Alarm,,1,3,Thursday
mouse_1,2025-09-25,600.0,3,14,113,1171.9356200695038,Miss,,0,4,Thursday
mouse_1,2025-09-25,600.0,3,14,114,1182.8895025253296,Hit,0.45801133061218025,0,13,Thursday
mouse_1,2025-09-25,600.0,3,14,115,1190.5992307662964,Hit,0.849582308641402,0,15,Thursday
mouse_1,2025-09-25,600.0,3,14,116,1199.3085405826569,Hit,0.4308472754619288,0,13,Thursday
mouse_1,2025-09-25,600.0,3,14,117,1208.7687215805054,Hit,1.6584778903256847,0,16,Thursday
mouse_1,2025-09-25,600.0,3,14,118,1219.4697487354279,Miss,,0,4,Thursday
mouse_1,2025-09-25,600.0,3,14,119,1230.1691176891327,Hit,0.4859415543216983,0,15,Thursday
mouse_1,2025-09-25,600.0,3,14,120,1237.890775680542,Hit,0.5905376833661649,0,13,Thursday
mouse_1,2025-09-25,600.0,3,14,121,1246.3496053218842,False Alarm,,1,4,Thursday
mouse_1,2025-09-25,600.0,3,14,122,1261.3152844905853,Hit,0.5431467311939286,0,9,Thursday
mouse_1,2025-09-25,600.0,3,14,123,1270.5260899066925,Miss,,0,0,Thursday
mouse_1,2025-09-25,600.0,3,14,124,1281.4884235858917,Miss,,0,5,Thursday
mouse_1,2025-09-25,600.0,3,14,125,1292.9480483531952,Hit,0.3534007451407888,0,10,Thursday
mouse_1,2025-09-25,600.0,3,14,126,1300.6582725048065,Hit,1.2085067966916085,0,8,Thursday
mouse_1,2025-09-25,600.0,3,14,127,1309.3683426380157,Hit,1.483292600114737,0,12,Thursday
mouse_1,2025-09-25,600.0,3,14,128,1318.3192174434662,Hit,0.4822281803876649,0,11,Thursday
mouse_1,2025-09-25,600.0,3,14,129,1326.5187215805054,Hit,1.199728022294039,0,11,Thursday
mouse_1,2025-09-25,600.0,3,14,130,1336.7202639579773,Miss,,0,0,Thursday
mouse_1,2025-09-25,600.0,3,14,131,1346.4188661575317,Hit,0.5331126782600677,0,9,Thursday
mouse_1,2025-09-25,600.0,3,14,132,1355.1177082061768,Hit,1.706827191319917,0,11,Thursday
mouse_1,2025-09-25,600.0,3,14,133,1365.5579073429108,Hit,0.9630254727405827,0,11,Thursday
mouse_1,2025-09-25,600.0,3,14,134,1374.257866859436,Hit,1.2391031398660743,0,8,Thursday
mouse_1,2025-09-25,600.0,3,14,135,1383.7177171707153,Miss,,0,0,Thursday
mouse_1,2025-09-25,600.0,3,14,136,1394.6683163642883,Hit,2.242340588551315,0,20,Thursday
mouse_1,2025-09-25,600.0,3,14,137,1404.1178259849548,Hit,2.0477433553360243,0,12,Thursday
mouse_1,2025-09-25,600.0,3,14,138,1414.8176805973053,Hit,0.9452177625503282,0,16,Thursday
mouse_1,2025-09-25,600.0,3,14,139,1424.527075767517,Hit,1.9352484199437185,0,12,Thursday
mouse_1,2025-09-25,600.0,3,14,140,1435.477087020874,Miss,,0,0,Thursday
mouse_1,2025-09-25,600.0,3,14,141,1445.1776854991913,Miss,,0,0,Thursday
mouse_1,2025-09-25,600.0,3,14,142,1455.6267013549805,Hit,0.9170290588756416,0,12,Thursday
mouse_1,2025-09-25,600.0,3,14,143,1464.5764169692993,Miss,,0,4,Thursday
mouse_1,2025-09-25,600.0,3,14,144,1475.036348581314,False Alarm,,1,4,Thursday
mouse_1,2025-09-25,600.0,3,14,145,1488.2371275424957,Hit,0.6646100395894337,0,9,Thursday
mouse_1,2025-09-25,600.0,3,14,146,1497.696214914322,Miss,,0,0,Thursday
mouse_1,2025-09-25,600.0,3,14,147,1508.9061877727509,Miss,,0,0,Thursday
mouse_1,2025-09-25,600.0,3,14,148,1519.606474161148,Hit,1.3583828984897082,0,9,Thursday
mouse_1,2025-09-25,600.0,3,14,149,1529.3069500923157,Hit,0.03442582948287054,0,11,Thursday
mouse_1,2025-09-25,600.0,3,14,150,1538.2683324813843,Miss,,0,0,Thursday
mouse_1,2025-09-25,600.0,3,14,151,1549.7164850234985,Hit,0.17009920848477122,0,9,Thursday
mouse_1,2025-09-25,600.0,3,14,152,1558.9162073135376,Hit,0.6256707009429192,0,10,Thursday
mouse_1,2025-09-25,600.0,3,14,153,1567.8665173053741,Miss,,0,0,Thursday
mouse_1,2025-09-25,600.0,3,14,154,1578.8257715702057,Miss,,0,0,Thursday
mouse_1,2025-09-25,600.0,3,14,155,1588.7758476734161,Hit,1.5227568004190744,0,9,Thursday
mouse_1,2025-09-25,600.0,3,14,156,1599.2275364398956,Hit,0.3757105546744697,0,10,Thursday
mouse_1,2025-09-25,600.0,3,14,157,1607.9362626075745,Hit,1.7483462598124788,0,14,Thursday
mouse_1,2025-09-25,600.0,3,14,158,1617.8859796524048,Hit,1.6871628597841664,0,21,Thursday
mouse_1,2025-09-25,600.0,3,14,159,1627.3456933498383,Miss,,0,5,Thursday
mouse_1,2025-09-25,600.0,3,14,160,1638.5551187992096,Hit,0.6486596319973614,0,9,Thursday
mouse_1,2025-09-25,600.0,3,14,161,1648.0059189796448,Miss,,0,0,Thursday
mouse_1,2025-09-25,600.0,3,14,162,1658.2030069828033,Miss,,0,0,Thursday
mouse_1,2025-09-25,600.0,3,14,163,1667.9158301353455,Miss,,0,4,Thursday
mouse_1,2025-09-25,600.0,3,14,164,1678.1240909099579,False Alarm,,1,4,Thursday
mouse_1,2025-09-25,600.0,3,14,165,1689.3238942623138,Miss,,0,0,Thursday
mouse_1,2025-09-25,600.0,3,14,166,1700.2739279270172,Miss,,0,0,Thursday
mouse_1,2025-09-25,600.0,3,14,167,1709.9836828708649,Miss,,0,0,Thursday
mouse_1,2025-09-25,600.0,3,14,168,1721.43345952034,Miss,,0,0,Thursday
mouse_1,2025-09-25,600.0,3,14,169,1732.6424610614777,Miss,,0,0,Thursday
mouse_1,2025-09-25,600.0,3,14,170,1742.833372592926,Miss,,0,0,Thursday
mouse_1,2025-09-25,600.0,3,14,171,1753.2834746837616,Miss,,0,0,Thursday
mouse_1,2025-09-25,600.0,3,14,172,1763.4826982021332,Miss,,0,3,Thursday
mouse_1,2025-09-25,600.0,3,14,173,1773.932867527008,Hit,0.41524950271741545,0,7,Thursday
mouse_1,2025-09-25,600.0,3,14,174,1781.8825697898865,Hit (Calc),2.6226776219232306,0,2,Thursday
mouse_1,2025-09-25,600.0,3,14,175,1792.8336520195007,Miss,,0,0,Thursday
mouse_1,2025-09-26,1344.0,0,-1,-1,,No Trial,,0,0,Friday
mouse_1,2025-09-27,1500.0,0,-1,-1,,No Trial,,0,0,Saturday
mouse_1,2025-09-28,600.0,3,15,1,0.364656925201416,False Alarm,,1,4,Sunday
mouse_1,2025-09-28,600.0,3,15,2,15.31093716621399,Hit,1.0622352322688684,0,26,Sunday
mouse_1,2025-09-28,600.0,3,15,3,25.261945486068726,Miss,,0,7,Sunday
mouse_1,2025-09-28,600.0,3,15,4,36.71286940574646,False Alarm,,1,6,Sunday
mouse_1,2025-09-28,600.0,3,15,5,50.918718576431274,False Alarm,,1,3,Sunday
mouse_1,2025-09-28,600.0,3,15,6,64.62857866287231,Hit,2.169167618342641,0,17,Sunday
mouse_1,2025-09-28,600.0,3,15,7,75.3324339389801,Hit,0.36388043903738776,0,16,Sunday
mouse_1,2025-09-28,600.0,3,15,8,84.0422854423523,Hit,0.5432417660433231,0,17,Sunday
mouse_1,2025-09-28,600.0,3,15,9,92.24223279953003,False Alarm,,1,4,Sunday
mouse_1,2025-09-28,600.0,3,15,10,104.45044732093811,Hit,0.8299985249691275,0,22,Sunday
mouse_1,2025-09-28,600.0,3,15,11,113.65169763565063,False Alarm,,1,4,Sunday
mouse_1,2025-09-28,600.0,3,15,12,128.11341977119446,Miss,,0,0,Sunday
mouse_1,2025-09-28,600.0,3,15,13,138.8111870288849,Miss,,0,3,Sunday
mouse_1,2025-09-28,600.0,3,15,14,150.01082491874695,False Alarm,,1,7,Sunday
mouse_1,2025-09-28,600.0,3,15,15,163.96896195411682,False Alarm,,1,4,Sunday
mouse_1,2025-09-28,600.0,3,15,16,175.43786764144897,Hit,1.298116273023254,0,30,Sunday
mouse_1,2025-09-28,600.0,3,15,17,184.64137172698975,Hit,0.4432261237077739,0,23,Sunday
mouse_1,2025-09-28,600.0,3,15,18,192.3419349193573,Hit,0.32397388612318423,0,16,Sunday
mouse_1,2025-09-28,600.0,3,15,19,201.04197645187378,Hit,0.18108761751622637,0,29,Sunday
mouse_1,2025-09-28,600.0,3,15,20,210.24164271354675,False Alarm,,1,3,Sunday
mouse_1,2025-09-28,600.0,3,15,21,220.4570460319519,False Alarm,,1,4,Sunday
mouse_1,2025-09-28,600.0,3,15,22,232.16713452339172,Hit,0.33877055171973325,0,26,Sunday
mouse_1,2025-09-28,600.0,3,15,23,240.88044905662537,Hit,0.7714181399898337,0,34,Sunday
mouse_1,2025-09-28,600.0,3,15,24,249.5910038948059,False Alarm,,1,6,Sunday
mouse_1,2025-09-28,600.0,3,15,25,259.790402173996,Hit,0.8879389168641296,0,34,Sunday
mouse_1,2025-09-28,600.0,3,15,26,268.00012040138245,False Alarm,,1,6,Sunday
mouse_1,2025-09-28,600.0,3,15,27,278.1969299316406,Miss,,0,0,Sunday
mouse_1,2025-09-28,600.0,3,15,28,288.15931129455566,Hit,0.6641238151759126,0,35,Sunday
mouse_1,2025-09-28,600.0,3,15,29,296.61138582229614,False Alarm,,1,7,Sunday
mouse_1,2025-09-28,600.0,3,15,30,306.8182945251465,Hit,0.8514686285675452,0,30,Sunday
mouse_1,2025-09-28,600.0,3,15,31,316.02088809013367,Hit,1.71344749164507,0,14,Sunday
mouse_1,2025-09-28,600.0,3,15,32,325.7217309474945,Miss,,0,0,Sunday
mouse_1,2025-09-28,600.0,3,15,33,335.6700472831726,Miss,,0,0,Sunday
mouse_1,2025-09-28,600.0,3,15,34,346.12027764320374,Miss,,0,2,Sunday
mouse_1,2025-09-28,600.0,3,15,35,357.07027435302734,False Alarm,,1,4,Sunday
mouse_1,2025-09-28,600.0,3,15,36,369.52707958221436,False Alarm,,1,4,Sunday
mouse_1,2025-09-28,600.0,3,15,37,380.99639558792114,Hit,0.8394455990131178,0,28,Sunday
mouse_1,2025-09-28,600.0,3,15,38,389.7000946998596,False Alarm,,1,3,Sunday
mouse_1,2025-09-28,600.0,3,15,39,403.15645933151245,Miss,,0,6,Sunday
mouse_1,2025-09-28,600.0,3,15,40,413.1095201969147,False Alarm,,1,4,Sunday
mouse_1,2025-09-28,600.0,3,15,41,424.31652569770813,Miss,,0,5,Sunday
mouse_1,2025-09-28,600.0,3,15,42,434.0292809009552,False Alarm,,1,6,Sunday
mouse_1,2025-09-28,600.0,3,15,43,445.2363655567169,False Alarm,,1,2,Sunday
mouse_1,2025-09-28,600.0,3,15,44,457.4564480781555,Miss,,0,5,Sunday
mouse_1,2025-09-28,600.0,3,15,45,468.4093060493469,Hit,0.3338510801073653,0,26,Sunday
mouse_1,2025-09-28,600.0,3,15,46,477.36012148857117,Hit,0.7540357043683343,0,30,Sunday
mouse_1,2025-09-28,600.0,3,15,47,487.0676143169403,False Alarm,,1,2,Sunday
mouse_1,2025-09-28,600.0,3,15,48,497.27572417259216,Hit,0.021204004836818058,0,36,Sunday
mouse_1,2025-09-28,600.0,3,15,49,505.72927021980286,False Alarm,,1,8,Sunday
mouse_1,2025-09-28,600.0,3,15,50,515.9303820133209,False Alarm,,1,1,Sunday
mouse_1,2025-09-28,600.0,3,15,51,529.3901977539062,Hit,2.153445464964989,0,20,Sunday
mouse_1,2025-09-28,600.0,3,15,52,539.5994939804077,Miss,,0,0,Sunday
mouse_1,2025-09-28,600.0,3,15,53,549.2994604110718,Hit,0.46905562394886147,0,27,Sunday
mouse_1,2025-09-28,600.0,3,15,54,558.7588131427765,Hit,0.30785783646126674,0,35,Sunday
mouse_1,2025-09-28,600.0,3,15,55,567.2102165222168,False Alarm,,1,9,Sunday
mouse_1,2025-09-28,600.0,3,15,56,577.4154567718506,False Alarm,,1,3,Sunday
mouse_1,2025-09-28,600.0,3,15,57,591.1254436969757,Hit,1.2662017131227685,0,30,Sunday
mouse_1,2025-09-28,600.0,3,15,58,600.5889830589294,False Alarm,,1,6,Sunday
mouse_1,2025-09-28,600.0,3,15,59,610.7949087619781,False Alarm,,1,8,Sunday
mouse_1,2025-09-28,600.0,3,15,60,622.5148899555206,False Alarm,,1,9,Sunday
mouse_1,2025-09-28,600.0,3,15,61,636.7203285694122,False Alarm,,1,8,Sunday
mouse_1,2025-09-28,600.0,3,15,62,650.9357175827026,False Alarm,,1,3,Sunday
mouse_1,2025-09-28,600.0,3,15,63,662.3958096504211,Hit,1.08785267990379,0,27,Sunday
mouse_1,2025-09-28,600.0,3,15,64,672.3484725952148,Miss,,0,3,Sunday
mouse_1,2025-09-28,600.0,3,15,65,682.2975118160248,Hit,0.6777305235176527,0,28,Sunday
mouse_1,2025-09-28,600.0,3,15,66,690.4978573322296,False Alarm,,1,2,Sunday
mouse_1,2025-09-28,600.0,3,15,67,700.704400062561,Miss,,0,0,Sunday
mouse_1,2025-09-28,600.0,3,15,68,711.6570580005646,Hit,0.18816947887455626,0,29,Sunday
mouse_1,2025-09-28,600.0,3,15,69,719.8578872680664,False Alarm,,1,5,Sunday
mouse_1,2025-09-28,600.0,3,15,70,730.0751793384552,False Alarm,,1,3,Sunday
mouse_1,2025-09-28,600.0,3,15,71,741.2787442207336,Hit,0.394540048812587,0,27,Sunday
mouse_1,2025-09-28,600.0,3,15,72,750.4775686264038,False Alarm,,1,11,Sunday
mouse_1,2025-09-28,600.0,3,15,73,761.4402420520782,Hit,0.6123152321454199,0,28,Sunday
mouse_1,2025-09-28,600.0,3,15,74,771.1373941898346,False Alarm,,1,3,Sunday
mouse_1,2025-09-28,600.0,3,15,75,781.3403661251068,Hit,1.6552818794459654,0,14,Sunday
mouse_1,2025-09-28,600.0,3,15,76,790.2874147891998,Hit,0.6036771538895209,0,22,Sunday
mouse_1,2025-09-28,600.0,3,15,77,798.7385125160217,Hit,0.6001832761165815,0,24,Sunday
mouse_1,2025-09-28,600.0,3,15,78,808.4443624019623,False Alarm,,1,2,Sunday
mouse_1,2025-09-28,600.0,3,15,79,822.1534235477448,Miss,,0,0,Sunday
mouse_1,2025-09-28,600.0,3,15,80,832.8559374809265,Miss,,0,0,Sunday
mouse_1,2025-09-28,600.0,3,15,81,843.8063921928406,Hit,0.06731694807024269,0,28,Sunday
mouse_1,2025-09-28,600.0,3,15,82,852.7566480636597,False Alarm,,1,1,Sunday
mouse_1,2025-09-28,600.0,3,15,83,862.9531681537628,Hit,0.9981184102216503,0,25,Sunday
mouse_1,2025-09-28,600.0,3,15,84,871.4061815738678,Hit,1.5724412850419185,0,24,Sunday
mouse_1,2025-09-28,600.0,3,15,85,881.856303691864,False Alarm,,1,5,Sunday
mouse_1,2025-09-28,600.0,3,15,86,896.5629251003265,Hit,0.4780710683228335,0,35,Sunday
mouse_1,2025-09-28,600.0,3,15,87,905.5168015956879,False Alarm,,1,12,Sunday
mouse_1,2025-09-28,600.0,3,15,88,915.722469329834,False Alarm,,1,5,Sunday
mouse_1,2025-09-28,600.0,3,15,89,929.6807858943939,Hit,1.4219521863366253,0,30,Sunday
mouse_1,2025-09-28,600.0,3,15,90,938.3966491222382,False Alarm,,1,4,Sunday
mouse_1,2025-09-28,600.0,3,15,91,948.6027629375458,Hit,0.8628297400426845,0,12,Sunday
mouse_1,2025-09-28,600.0,3,15,92,958.3170728683472,Hit,1.752870014246355,0,14,Sunday
mouse_1,2025-09-28,600.0,3,15,93,969.2659406661987,Hit,0.7612409153679209,0,14,Sunday
mouse_1,2025-09-28,600.0,3,15,94,978.4767661094666,Hit,0.5552681753271145,0,11,Sunday
mouse_1,2025-09-28,600.0,3,15,95,986.9262194633484,Hit,1.063384105776663,0,16,Sunday
mouse_1,2025-09-28,600.0,3,15,96,995.6260452270508,False Alarm,,1,3,Sunday
mouse_1,2025-09-28,600.0,3,15,97,1008.8403630256653,Miss,,0,0,Sunday
mouse_1,2025-09-28,600.0,3,15,98,1019.555656671524,Miss,,0,0,Sunday
mouse_1,2025-09-28,600.0,3,15,99,1031.005508184433,Miss,,0,0,Sunday
mouse_1,2025-09-28,600.0,3,15,100,1040.716160774231,Hit,0.6854023389992108,0,10,Sunday
mouse_1,2025-09-28,600.0,3,15,101,1049.1756689548492,Hit,0.27494954227699964,0,14,Sunday
mouse_1,2025-09-28,600.0,3,15,102,1058.6252987384796,Miss,,0,0,Sunday
mouse_1,2025-09-28,600.0,3,15,103,1068.5851159095764,Miss,,0,3,Sunday
mouse_1,2025-09-28,600.0,3,15,104,1079.0444416999817,Hit,0.5854719123028644,0,12,Sunday
mouse_1,2025-09-28,600.0,3,15,105,1086.9853074550629,Hit,0.26823674659408425,0,10,Sunday
mouse_1,2025-09-28,600.0,3,15,106,1095.445324897766,Hit,0.38559819593388056,0,20,Sunday
mouse_1,2025-09-28,600.0,3,15,107,1103.6453642845154,Hit,0.9404914175395334,0,15,Sunday
mouse_1,2025-09-28,600.0,3,15,108,1112.1049423217773,Hit,0.26263731511016886,0,21,Sunday
mouse_1,2025-09-28,600.0,3,15,109,1120.555561542511,False Alarm,,1,6,Sunday
mouse_1,2025-09-28,600.0,3,15,110,1131.5119976997375,Hit,0.5064316154453081,0,22,Sunday
mouse_1,2025-09-28,600.0,3,15,111,1139.4746553897858,False Alarm,,1,4,Sunday
mouse_1,2025-09-28,600.0,3,15,112,1155.1925349235535,Hit,1.5313290266628883,0,13,Sunday
mouse_1,2025-09-28,600.0,3,15,113,1164.395491361618,Hit,0.6462503949946949,0,16,Sunday
mouse_1,2025-09-28,600.0,3,15,114,1173.3454983234406,Hit,0.547221281892007,0,11,Sunday
mouse_1,2025-09-28,600.0,3,15,115,1181.0531747341156,Hit,1.1514971752678775,0,12,Sunday
mouse_1,2025-09-28,600.0,3,15,116,1189.7651772499084,Miss,,0,0,Sunday
mouse_1,2025-09-28,600.0,3,15,117,1200.7139675617218,Miss,,0,0,Sunday
mouse_1,2025-09-28,600.0,3,15,118,1210.6539809703827,Miss,,0,0,Sunday
mouse_1,2025-09-28,600.0,3,15,119,1220.3640413284302,Hit,0.4354930095050804,0,11,Sunday
mouse_1,2025-09-28,600.0,3,15,120,1228.8250682353973,Hit,0.5511102719792689,0,12,Sunday
mouse_1,2025-09-28,600.0,3,15,121,1238.5343022346497,Hit,0.37007442327490025,0,10,Sunday
mouse_1,2025-09-28,600.0,3,15,122,1247.2452278137207,Hit,1.0005682118471668,0,17,Sunday
mouse_1,2025-09-28,600.0,3,15,123,1255.9540452957153,Hit,0.5387668137125274,0,16,Sunday
mouse_1,2025-09-28,600.0,3,15,124,1263.664969444275,Miss,,0,0,Sunday
mouse_1,2025-09-28,600.0,3,15,125,1275.11408162117,Miss,,0,1,Sunday
mouse_1,2025-09-28,600.0,3,15,126,1285.0639827251434,Hit,0.9018838911706553,0,10,Sunday
mouse_1,2025-09-28,600.0,3,15,127,1293.2639808654785,Hit,0.12945639626855154,0,13,Sunday
mouse_1,2025-09-28,600.0,3,15,128,1301.7242259979248,False Alarm,,1,3,Sunday
mouse_1,2025-09-28,600.0,3,15,129,1313.9306590557098,Hit,1.9018957475987008,0,13,Sunday
mouse_1,2025-09-28,600.0,3,15,130,1323.6337423324585,Hit,0.4026896944556029,0,16,Sunday
mouse_1,2025-09-28,600.0,3,15,131,1331.0835661888123,False Alarm,,1,5,Sunday
mouse_1,2025-09-28,600.0,3,15,132,1342.5499875545502,Miss,,0,0,Sunday
mouse_1,2025-09-28,600.0,3,15,133,1353.7503271102905,Hit,1.8975866222938294,0,8,Sunday
mouse_1,2025-09-28,600.0,3,15,134,1363.963881969452,Miss,,0,0,Sunday
mouse_1,2025-09-28,600.0,3,15,135,1375.1704287528992,Miss,,0,0,Sunday
mouse_1,2025-09-28,600.0,3,15,136,1386.622925043106,Miss,,0,0,Sunday
mouse_1,2025-09-28,600.0,3,15,137,1397.8332014083862,Miss,,0,0,Sunday
mouse_1,2025-09-28,600.0,3,15,138,1408.7828676700592,Hit,0.612761384386431,0,9,Sunday
mouse_1,2025-09-28,600.0,3,15,139,1417.9930386543274,Hit,1.1808061065701168,0,12,Sunday
mouse_1,2025-09-28,600.0,3,15,140,1426.9429724216461,Hit,0.256324323078843,0,7,Sunday
mouse_1,2025-09-28,600.0,3,15,141,1435.8933563232422,Miss,,0,0,Sunday
mouse_1,2025-09-28,600.0,3,15,142,1446.3516719341278,Miss,,0,0,Sunday
mouse_1,2025-09-28,600.0,3,15,143,1457.0525453090668,Miss,,0,0,Sunday
mouse_1,2025-09-28,600.0,3,15,144,1467.0027151107788,Miss,,0,0,Sunday
mouse_1,2025-09-28,600.0,3,15,145,1477.7049884796143,Hit,0.8196799994461799,0,9,Sunday
mouse_1,2025-09-28,600.0,3,15,146,1486.9031629562378,Hit,0.1578692320238133,0,22,Sunday
mouse_1,2025-09-28,600.0,3,15,147,1495.603628873825,Hit,0.8960477999503382,0,13,Sunday
mouse_1,2025-09-28,600.0,3,15,148,1505.5537128448486,Hit,0.7475937481583514,0,9,Sunday
mouse_1,2025-09-28,600.0,3,15,149,1515.0035862922668,Miss,,0,7,Sunday
mouse_1,2025-09-28,600.0,3,15,150,1524.7120990753174,Hit,0.24673420848330352,0,26,Sunday
mouse_1,2025-09-28,600.0,3,15,151,1532.1622862815857,Hit,0.053328071372789054,0,9,Sunday
mouse_1,2025-09-28,600.0,3,15,152,1539.6100084781647,Hit,0.7539322694851762,0,10,Sunday
mouse_1,2025-09-28,600.0,3,15,153,1549.3036830425262,Hit,0.2075467857903277,0,12,Sunday
mouse_1,2025-09-28,600.0,3,15,154,1557.7523062229156,Miss,,0,0,Sunday
mouse_1,2025-09-28,600.0,3,15,155,1568.7115375995636,Miss,,0,0,Sunday
mouse_1,2025-09-28,600.0,3,15,156,1579.4103915691376,Miss,,0,4,Sunday
mouse_1,2025-09-28,600.0,3,15,157,1589.3616847991943,False Alarm,,1,4,Sunday
mouse_1,2025-09-28,600.0,3,15,158,1602.8188457489014,Hit,0.552572318259763,0,13,Sunday
mouse_1,2025-09-28,600.0,3,15,159,1612.0202136039734,Hit,0.4575923847048671,0,11,Sunday
mouse_1,2025-09-28,600.0,3,15,160,1619.9705700874329,Miss,,0,0,Sunday
mouse_1,2025-09-28,600.0,3,15,161,1630.6716413497925,Miss,,0,0,Sunday
mouse_1,2025-09-28,600.0,3,15,162,1640.6218473911285,Miss,,0,0,Sunday
mouse_1,2025-09-28,600.0,3,15,163,1651.571870803833,Hit,1.1481940419507737,0,8,Sunday
mouse_1,2025-09-28,600.0,3,15,164,1660.5202572345734,Miss,,0,0,Sunday
mouse_1,2025-09-28,600.0,3,15,165,1671.4833500385284,Miss,,0,0,Sunday
mouse_1,2025-09-28,600.0,3,15,166,1683.1820828914642,Miss,,0,0,Sunday
mouse_1,2025-09-28,600.0,3,15,167,1693.882355928421,Hit,0.1066849057986019,0,11,Sunday
mouse_1,2025-09-28,600.0,3,15,168,1702.832751750946,Hit,0.3770703033283098,0,6,Sunday
mouse_1,2025-09-28,600.0,3,15,169,1710.5240392684937,Miss,,0,0,Sunday
mouse_1,2025-09-28,600.0,3,15,170,1721.2225277423859,Hit,0.8992781249835389,0,7,Sunday
mouse_1,2025-09-28,600.0,3,15,171,1729.674008846283,Miss,,0,0,Sunday
mouse_1,2025-09-28,600.0,3,15,172,1740.622873544693,Miss,,0,0,Sunday
mouse_1,2025-09-28,600.0,3,15,173,1751.0733094215393,Miss,,0,0,Sunday
mouse_1,2025-09-28,600.0,3,15,174,1761.0228929519653,Miss,,0,0,Sunday
mouse_1,2025-09-28,600.0,3,15,175,1770.7231004238129,Miss,,0,0,Sunday
mouse_1,2025-09-28,600.0,3,15,176,1780.6728048324585,Miss,,0,0,Sunday
mouse_1,2025-09-28,600.0,3,15,177,1790.8822128772736,Miss,,0,0,Sunday
mouse_1,2025-09-28,600.0,3,15,178,1801.0826098918915,Miss,,0,0,Sunday
mouse_1,2025-09-29,600.0,3,16,1,0.38617825508117676,Miss,,0,0,Monday
mouse_1,2025-09-29,600.0,3,16,2,10.835366249084473,Miss,,0,0,Monday
mouse_1,2025-09-29,600.0,3,16,3,20.795448541641235,Miss,,0,0,Monday
mouse_1,2025-09-29,600.0,3,16,4,30.50387740135193,Hit,1.4553515182436172,0,19,Monday
mouse_1,2025-09-29,600.0,3,16,5,39.70384383201599,Hit,2.011336250439925,0,15,Monday
mouse_1,2025-09-29,600.0,3,16,6,50.15467834472656,Miss,,0,0,Monday
mouse_1,2025-09-29,600.0,3,16,7,60.10348343849182,Hit,1.016809006902065,0,21,Monday
mouse_1,2025-09-29,600.0,3,16,8,70.054532289505,Hit,0.5563982752316292,0,24,Monday
mouse_1,2025-09-29,600.0,3,16,9,78.26412081718445,Hit,0.6134078036880481,0,12,Monday
mouse_1,2025-09-29,600.0,3,16,10,87.463937997818,Hit,0.2698642709810173,0,18,Monday
mouse_1,2025-09-29,600.0,3,16,11,96.66280961036682,False Alarm,,1,3,Monday
mouse_1,2025-09-29,600.0,3,16,12,111.13001132011414,Hit,0.19409270404702283,0,25,Monday
mouse_1,2025-09-29,600.0,3,16,13,120.33330416679382,Miss,,0,2,Monday
mouse_1,2025-09-29,600.0,3,16,14,131.28313875198364,False Alarm,,1,3,Monday
mouse_1,2025-09-29,600.0,3,16,15,146.24218082427979,Hit,0.8238221883564734,0,37,Monday
mouse_1,2025-09-29,600.0,3,16,16,155.20255541801453,False Alarm,,1,7,Monday
mouse_1,2025-09-29,600.0,3,16,17,165.40946459770203,Miss,,0,2,Monday
mouse_1,2025-09-29,600.0,3,16,18,176.61270475387573,False Alarm,,1,2,Monday
mouse_1,2025-09-29,600.0,3,16,19,188.31955432891846,Hit,0.3832154896021791,0,23,Monday
mouse_1,2025-09-29,600.0,3,16,20,197.77304935455322,Hit,0.39132817103694606,0,18,Monday
mouse_1,2025-09-29,600.0,3,16,21,207.22316551208496,Hit,2.1834171695839473,0,25,Monday
mouse_1,2025-09-29,600.0,3,16,22,218.17272114753723,False Alarm,,1,3,Monday
mouse_1,2025-09-29,600.0,3,16,23,232.1289792060852,False Alarm,,1,5,Monday
mouse_1,2025-09-29,600.0,3,16,24,243.33942914009094,Miss,,0,0,Monday
mouse_1,2025-09-29,600.0,3,16,25,254.54240202903748,Hit,0.9422040852977034,0,23,Monday
mouse_1,2025-09-29,600.0,3,16,26,263.00407886505127,False Alarm,,1,6,Monday
mouse_1,2025-09-29,600.0,3,16,27,276.4589366912842,Hit,0.7944794977074707,0,20,Monday
mouse_1,2025-09-29,600.0,3,16,28,284.4126605987549,False Alarm,,1,1,Monday
mouse_1,2025-09-29,600.0,3,16,29,297.11896777153015,Miss,,0,3,Monday
mouse_1,2025-09-29,600.0,3,16,30,307.58250665664673,False Alarm,,1,3,Monday
mouse_1,2025-09-29,600.0,3,16,31,319.0485100746155,Miss,,0,0,Monday
mouse_1,2025-09-29,600.0,3,16,32,328.7587471008301,Hit (Calc),2.6221014099553486,0,1,Monday
mouse_1,2025-09-29,600.0,3,16,33,339.9728829860687,Miss,,0,0,Monday
mouse_1,2025-09-29,600.0,3,16,34,350.4312605857849,Hit,0.4059649917859929,0,34,Monday
mouse_1,2025-09-29,600.0,3,16,35,359.89195680618286,False Alarm,,1,10,Monday
mouse_1,2025-09-29,600.0,3,16,36,370.0902044773102,False Alarm,,1,7,Monday
mouse_1,2025-09-29,600.0,3,16,37,384.0484719276428,Hit,0.5950402825334891,0,23,Monday
mouse_1,2025-09-29,600.0,3,16,38,392.50252389907837,Hit,1.4270565842791143,0,10,Monday
mouse_1,2025-09-29,600.0,3,16,39,401.95221161842346,Hit,0.8871182997471578,0,10,Monday
mouse_1,2025-09-29,600.0,3,16,40,411.65297412872314,Hit,0.6824355915011893,0,14,Monday
mouse_1,2025-09-29,600.0,3,16,41,420.3516454696655,Hit,0.5529311135975945,0,19,Monday
mouse_1,2025-09-29,600.0,3,16,42,429.0616457462311,False Alarm,,1,8,Monday
mouse_1,2025-09-29,600.0,3,16,43,445.0176429748535,Hit,0.46404470464636915,0,24,Monday
mouse_1,2025-09-29,600.0,3,16,44,454.2215211391449,Hit,0.022800914249330617,0,10,Monday
mouse_1,2025-09-29,600.0,3,16,45,461.67071628570557,Hit,0.2863448598395735,0,20,Monday
mouse_1,2025-09-29,600.0,3,16,46,469.8713734149933,False Alarm,,1,7,Monday
mouse_1,2025-09-29,600.0,3,16,47,483.07791900634766,False Alarm,,1,5,Monday
mouse_1,2025-09-29,600.0,3,16,48,497.28802394866943,False Alarm,,1,8,Monday
mouse_1,2025-09-29,600.0,3,16,49,512.2570350170135,False Alarm,,1,2,Monday
mouse_1,2025-09-29,600.0,3,16,50,525.9681222438812,Hit,0.1289269423598398,0,27,Monday
mouse_1,2025-09-29,600.0,3,16,51,534.4211778640747,Hit,0.6858201622405886,0,12,Monday
mouse_1,2025-09-29,600.0,3,16,52,542.6215522289276,Miss,,0,0,Monday
mouse_1,2025-09-29,600.0,3,16,53,552.3197181224823,Hit,0.3112083935609462,0,18,Monday
mouse_1,2025-09-29,600.0,3,16,54,560.7707092761993,Hit,0.5706575649097658,0,13,Monday
mouse_1,2025-09-29,600.0,3,16,55,568.721188545227,Hit,0.1900891347131619,0,12,Monday
mouse_1,2025-09-29,600.0,3,16,56,577.4206886291504,Hit,0.33008655060359615,0,18,Monday
mouse_1,2025-09-29,600.0,3,16,57,585.6201183795929,False Alarm,,1,6,Monday
mouse_1,2025-09-29,600.0,3,16,58,599.5868797302246,False Alarm,,1,7,Monday
mouse_1,2025-09-29,600.0,3,16,59,610.7875308990479,False Alarm,,1,7,Monday
mouse_1,2025-09-29,600.0,3,16,60,622.2562851905823,Hit,0.4527201693306324,0,13,Monday
mouse_1,2025-09-29,600.0,3,16,61,630.2114641666412,Hit,0.3557111603925023,0,31,Monday
mouse_1,2025-09-29,600.0,3,16,62,638.6609427928925,False Alarm,,1,2,Monday
mouse_1,2025-09-29,600.0,3,16,63,648.8665175437927,Hit,0.34177688091972414,0,20,Monday
mouse_1,2025-09-29,600.0,3,16,64,657.5684711933136,Hit,0.05654255989009016,0,28,Monday
mouse_1,2025-09-29,600.0,3,16,65,665.03049492836,False Alarm,,1,9,Monday
mouse_1,2025-09-29,600.0,3,16,66,679.7374231815338,False Alarm,,1,10,Monday
mouse_1,2025-09-29,600.0,3,16,67,690.6970739364624,False Alarm,,1,4,Monday
mouse_1,2025-09-29,600.0,3,16,68,704.1670656204224,Miss,,0,3,Monday
mouse_1,2025-09-29,600.0,3,16,69,715.6212406158447,Hit,0.9199961674324868,0,17,Monday
mouse_1,2025-09-29,600.0,3,16,70,724.8315224647522,Hit,0.9857131424553245,0,24,Monday
mouse_1,2025-09-29,600.0,3,16,71,733.781947851181,Hit,0.6378252056470046,0,25,Monday
mouse_1,2025-09-29,600.0,3,16,72,743.4912683963776,Miss,,0,0,Monday
mouse_1,2025-09-29,600.0,3,16,73,753.7004659175873,Hit,1.069129212598682,0,31,Monday
mouse_1,2025-09-29,600.0,3,16,74,762.1527390480042,False Alarm,,1,4,Monday
mouse_1,2025-09-29,600.0,3,16,75,772.3598523139954,Hit,0.33170838234661915,0,28,Monday
mouse_1,2025-09-29,600.0,3,16,76,780.8201899528503,Hit,0.01995496845120215,0,17,Monday
mouse_1,2025-09-29,600.0,3,16,77,789.7716119289398,Miss,,0,0,Monday
mouse_1,2025-09-29,600.0,3,16,78,800.7200047969818,Miss,,0,4,Monday
mouse_1,2025-09-29,600.0,3,16,79,812.4201846122742,False Alarm,,1,7,Monday
mouse_1,2025-09-29,600.0,3,16,80,825.8769822120667,False Alarm,,1,6,Monday
mouse_1,2025-09-29,600.0,3,16,81,839.0967102050781,False Alarm,,1,7,Monday
mouse_1,2025-09-29,600.0,3,16,82,850.2985105514526,False Alarm,,1,4,Monday
mouse_1,2025-09-29,600.0,3,16,83,862.756742477417,Miss,,0,0,Monday
mouse_1,2025-09-29,600.0,3,16,84,873.709639787674,Hit,0.05411258345804981,0,22,Monday
mouse_1,2025-09-29,600.0,3,16,85,882.4204216003418,False Alarm,,1,3,Monday
mouse_1,2025-09-29,600.0,3,16,86,896.3872437477112,Hit,0.05048151706466797,0,19,Monday
mouse_1,2025-09-29,600.0,3,16,87,905.0902502536774,Hit,0.002675050151083269,0,19,Monday
mouse_1,2025-09-29,600.0,3,16,88,913.0393283367157,Hit,0.23270007559233363,0,15,Monday
mouse_1,2025-09-29,600.0,3,16,89,920.4905340671539,Hit,0.7937997408461115,0,15,Monday
mouse_1,2025-09-29,600.0,3,16,90,928.9491722583771,Hit,0.08951663135690069,0,19,Monday
mouse_1,2025-09-29,600.0,3,16,91,937.3997178077698,Hit,0.0566251430587954,0,17,Monday
mouse_1,2025-09-29,600.0,3,16,92,945.3499307632446,False Alarm,,1,4,Monday
mouse_1,2025-09-29,600.0,3,16,93,956.3068406581879,Hit,0.7981667252951183,0,11,Monday
mouse_1,2025-09-29,600.0,3,16,94,964.5094454288483,Hit,0.09011283596396424,0,15,Monday
mouse_1,2025-09-29,600.0,3,16,95,973.4598324298859,Hit,0.3512469679229753,0,12,Monday
mouse_1,2025-09-29,600.0,3,16,96,981.9093134403229,False Alarm,,1,6,Monday
mouse_1,2025-09-29,600.0,3,16,97,997.3756165504456,Hit,0.5120369439597425,0,13,Monday
mouse_1,2025-09-29,600.0,3,16,98,1005.585844039917,Hit,1.407362724951554,0,12,Monday
mouse_1,2025-09-29,600.0,3,16,99,1015.8008010387421,False Alarm,,1,9,Monday
mouse_1,2025-09-29,600.0,3,16,100,1029.2550837993622,False Alarm,,1,5,Monday
mouse_1,2025-09-29,600.0,3,16,101,1043.212870836258,Hit,0.9822603191673807,0,12,Monday
mouse_1,2025-09-29,600.0,3,16,102,1051.4186260700226,Hit,1.2401395576303003,0,10,Monday
mouse_1,2025-09-29,600.0,3,16,103,1060.8686673641205,Hit,0.30569508544067503,0,11,Monday
mouse_1,2025-09-29,600.0,3,16,104,1069.56795835495,Hit,0.33942631727973094,0,14,Monday
mouse_1,2025-09-29,600.0,3,16,105,1077.5186078548431,Hit,0.1618502025401085,0,9,Monday
mouse_1,2025-09-29,600.0,3,16,106,1085.2087543010712,Hit,0.15921991684103887,0,10,Monday
mouse_1,2025-09-29,600.0,3,16,107,1093.4067420959473,Hit,1.0887863138877947,0,30,Monday
mouse_1,2025-09-29,600.0,3,16,108,1102.1059739589691,False Alarm,,1,5,Monday
mouse_1,2025-09-29,600.0,3,16,109,1112.3052787780762,False Alarm,,1,4,Monday
mouse_1,2025-09-29,600.0,3,16,110,1123.524653673172,Hit,1.6334607292515102,0,7,Monday
mouse_1,2025-09-29,600.0,3,16,111,1132.9786059856415,Miss,,0,0,Monday
mouse_1,2025-09-29,600.0,3,16,112,1142.9283981323242,Hit,2.144805857839856,0,13,Monday
mouse_1,2025-09-29,600.0,3,16,113,1153.3782274723053,Miss,,0,0,Monday
mouse_1,2025-09-29,600.0,3,16,114,1163.836927652359,Hit,0.020288652569888654,0,11,Monday
mouse_1,2025-09-29,600.0,3,16,115,1172.2972240447998,Hit,0.25064018692478385,0,23,Monday
mouse_1,2025-09-29,600.0,3,16,116,1181.2480261325836,Miss,,0,0,Monday
mouse_1,2025-09-29,600.0,3,16,117,1192.1967799663544,Hit,0.08892734571736582,0,10,Monday
mouse_1,2025-09-29,600.0,3,16,118,1200.8995537757874,Miss,,0,0,Monday
mouse_1,2025-09-29,600.0,3,16,119,1211.1163573265076,Hit,0.38842500683540493,0,17,Monday
mouse_1,2025-09-29,600.0,3,16,120,1219.5672509670258,Hit,0.6722768283484584,0,10,Monday
mouse_1,2025-09-29,600.0,3,16,121,1228.0275077819824,Hit,0.9444422816459337,0,9,Monday
mouse_1,2025-09-29,600.0,3,16,122,1236.9776871204376,Hit,1.3637410214139436,0,9,Monday
mouse_1,2025-09-29,600.0,3,16,123,1246.9255800247192,False Alarm,,1,5,Monday
mouse_1,2025-09-29,600.0,3,16,124,1262.3928048610687,Miss,,0,0,Monday
mouse_1,2025-09-29,600.0,3,16,125,1273.5966548919678,Hit,0.20937742539081228,0,10,Monday
mouse_1,2025-09-29,600.0,3,16,126,1282.056991815567,Miss,,0,0,Monday
mouse_1,2025-09-29,600.0,3,16,127,1292.0044860839844,Hit,1.325956940555443,0,14,Monday
mouse_1,2025-09-29,600.0,3,16,128,1301.9570097923279,Hit,0.5454043049255688,0,8,Monday
mouse_1,2025-09-29,600.0,3,16,129,1310.9047837257385,Miss,,0,3,Monday
mouse_1,2025-09-29,600.0,3,16,130,1322.116317987442,Hit,0.1645372499306177,0,8,Monday
mouse_1,2025-09-29,600.0,3,16,131,1329.826502084732,Hit,2.1714725975405145,0,7,Monday
mouse_1,2025-09-29,600.0,3,16,132,1340.2865569591522,Hit,0.9430115477007348,0,9,Monday
mouse_1,2025-09-29,600.0,3,16,133,1348.4867901802063,Miss,,0,0,Monday
mouse_1,2025-09-29,600.0,3,16,134,1358.4356052875519,Hit,0.589083948482994,0,6,Monday
mouse_1,2025-09-29,600.0,3,16,135,1367.6473762989044,Miss,,0,0,Monday
mouse_1,2025-09-29,600.0,3,16,136,1377.8455188274384,Miss,,0,0,Monday
mouse_1,2025-09-29,600.0,3,16,137,1387.5358455181122,Miss,,0,0,Monday
mouse_1,2025-09-29,600.0,3,16,138,1398.7464179992676,Miss,,0,0,Monday
mouse_1,2025-09-29,600.0,3,16,139,1408.9455661773682,Miss,,0,0,Monday
mouse_1,2025-09-29,600.0,3,16,140,1419.153116941452,Miss,,0,0,Monday
mouse_1,2025-09-29,600.0,3,16,141,1430.6054100990295,Miss,,0,2,Monday
mouse_1,2025-09-29,600.0,3,16,142,1441.5558640956879,Hit,0.1733383599937497,0,6,Monday
mouse_1,2025-09-29,600.0,3,16,143,1449.507521390915,Hit (Calc),2.7620537498175963,0,4,Monday
mouse_1,2025-09-29,600.0,3,16,144,1459.9552638530731,Miss,,0,0,Monday
mouse_1,2025-09-29,600.0,3,16,145,1470.6541874408722,Miss,,0,0,Monday
mouse_1,2025-09-29,600.0,3,16,146,1481.114730834961,Miss,,0,0,Monday
mouse_1,2025-09-29,600.0,3,16,147,1492.065557718277,Miss,,0,5,Monday
mouse_1,2025-09-29,600.0,3,16,148,1502.762761592865,Hit,0.2788123120542423,0,6,Monday
mouse_1,2025-09-29,600.0,3,16,149,1510.4665832519531,Hit,0.18734809126272012,0,7,Monday
mouse_1,2025-09-29,600.0,3,16,150,1519.4144041538239,Hit,0.22265774266338667,0,5,Monday
mouse_1,2025-09-29,600.0,3,16,151,1528.6151297092438,Hit,1.3918285056624882,0,5,Monday
mouse_1,2025-09-29,600.0,3,16,152,1538.0756673812866,Miss,,0,0,Monday
mouse_1,2025-09-29,600.0,3,16,153,1548.0237019062042,False Alarm,,1,8,Monday
mouse_1,2025-09-29,600.0,3,16,154,1565.9828929901123,Hit,0.32390732893622953,0,7,Monday
mouse_1,2025-09-29,600.0,3,16,155,1573.9334132671356,Miss,,0,0,Monday
mouse_1,2025-09-29,600.0,3,16,156,1584.6335110664368,Hit,0.39785593486703874,0,5,Monday
mouse_1,2025-09-29,600.0,3,16,157,1592.8330731391907,Miss,,0,0,Monday
mouse_1,2025-09-29,600.0,3,16,158,1602.7746498584747,Miss,,0,0,Monday
mouse_1,2025-09-29,600.0,3,16,159,1613.9832932949066,Miss,,0,0,Monday
mouse_1,2025-09-29,600.0,3,16,160,1624.441101551056,Miss,,0,0,Monday
mouse_1,2025-09-29,600.0,3,16,161,1634.9030289649963,Miss,,0,0,Monday
mouse_1,2025-09-29,600.0,3,16,162,1645.1137561798096,Miss,,0,0,Monday
mouse_1,2025-09-29,600.0,3,16,163,1656.3124933242798,Miss,,0,0,Monday
mouse_1,2025-09-29,600.0,3,16,164,1667.2716822624207,Miss,,0,0,Monday
mouse_1,2025-09-29,600.0,3,16,165,1677.4625451564789,Miss,,0,0,Monday
mouse_1,2025-09-29,600.0,3,16,166,1688.1634511947632,Miss,,0,0,Monday
mouse_1,2025-09-29,600.0,3,16,167,1698.3723969459534,Miss,,0,0,Monday
mouse_1,2025-09-29,600.0,3,16,168,1708.3228418827057,Miss,,0,0,Monday
mouse_1,2025-09-29,600.0,3,16,169,1719.771335363388,Miss,,0,8,Monday
mouse_1,2025-09-29,600.0,3,16,170,1729.9811837673187,Hit,0.2313356264437516,0,8,Monday
mouse_1,2025-09-29,600.0,3,16,171,1737.4311320781708,Miss,,0,0,Monday
mouse_1,2025-09-29,600.0,3,16,172,1748.8806784152985,Miss,,0,0,Monday
mouse_1,2025-09-29,600.0,3,16,173,1759.3305041790009,Miss,,0,0,Monday
mouse_1,2025-09-29,600.0,3,16,174,1769.2802889347076,Miss,,0,0,Monday
mouse_1,2025-09-29,600.0,3,16,175,1779.7412288188934,Miss,,0,0,Monday
mouse_1,2025-09-29,600.0,3,16,176,1789.952154159546,Miss,,0,0,Monday
mouse_1,2025-09-29,600.0,3,16,177,1800.1507012844086,Miss,,0,0,Monday
mouse_1,2025-09-30,780.0,3,17,1,0.3798561096191406,False Alarm,,1,6,Tuesday
mouse_1,2025-09-30,780.0,3,17,2,15.34639596939087,False Alarm,,1,3,Tuesday
mouse_1,2025-09-30,780.0,3,17,3,27.57686686515808,Miss,,0,6,Tuesday
mouse_1,2025-09-30,780.0,3,17,4,39.28953266143799,False Alarm,,1,3,Tuesday
mouse_1,2025-09-30,780.0,3,17,5,50.49663043022156,Hit,2.2785712502942346,0,57,Tuesday
mouse_1,2025-09-30,780.0,3,17,6,60.7006471157074,False Alarm,,1,45,Tuesday
mouse_1,2025-09-30,780.0,3,17,7,70.9156391620636,False Alarm,,1,21,Tuesday
mouse_1,2025-09-30,780.0,3,17,8,82.12621212005615,False Alarm,,1,6,Tuesday
mouse_1,2025-09-30,780.0,3,17,9,93.09589695930481,False Alarm,,1,7,Tuesday
mouse_1,2025-09-30,780.0,3,17,10,105.3001024723053,False Alarm,,1,6,Tuesday
mouse_1,2025-09-30,780.0,3,17,11,118.50023436546326,False Alarm,,1,4,Tuesday
mouse_1,2025-09-30,780.0,3,17,12,130.70638608932495,False Alarm,,1,3,Tuesday
mouse_1,2025-09-30,780.0,3,17,13,142.41615438461304,Hit,0.57331506125891,0,51,Tuesday
mouse_1,2025-09-30,780.0,3,17,14,151.3697509765625,False Alarm,,1,24,Tuesday
mouse_1,2025-09-30,780.0,3,17,15,161.57607436180115,Miss,,0,2,Tuesday
mouse_1,2025-09-30,780.0,3,17,16,172.52905297279358,False Alarm,,1,6,Tuesday
mouse_1,2025-09-30,780.0,3,17,17,184.48601937294006,False Alarm,,1,3,Tuesday
mouse_1,2025-09-30,780.0,3,17,18,195.44041514396667,Hit,0.599504141692023,0,49,Tuesday
mouse_1,2025-09-30,780.0,3,17,19,204.39010739326477,False Alarm,,1,26,Tuesday
mouse_1,2025-09-30,780.0,3,17,20,214.59578442573547,False Alarm,,1,10,Tuesday
mouse_1,2025-09-30,780.0,3,17,21,228.56552028656006,False Alarm,,1,7,Tuesday
mouse_1,2025-09-30,780.0,3,17,22,241.7757613658905,Hit,0.8116588075802156,0,37,Tuesday
mouse_1,2025-09-30,780.0,3,17,23,250.72975945472717,False Alarm,,1,10,Tuesday
mouse_1,2025-09-30,780.0,3,17,24,260.9355216026306,Hit,0.029900628337372837,0,40,Tuesday
mouse_1,2025-09-30,780.0,3,17,25,269.6383488178253,False Alarm,,1,17,Tuesday
mouse_1,2025-09-30,780.0,3,17,26,279.8549129962921,False Alarm,,1,5,Tuesday
mouse_1,2025-09-30,780.0,3,17,27,293.32694840431213,Hit,0.16259829514814328,0,37,Tuesday
mouse_1,2025-09-30,780.0,3,17,28,301.279061794281,False Alarm,,1,16,Tuesday
mouse_1,2025-09-30,780.0,3,17,29,311.48564887046814,False Alarm,,1,9,Tuesday
mouse_1,2025-09-30,780.0,3,17,30,325.94494342803955,False Alarm,,1,5,Tuesday
mouse_1,2025-09-30,780.0,3,17,31,336.90606570243835,Hit,0.15977848265487182,0,36,Tuesday
mouse_1,2025-09-30,780.0,3,17,32,345.35560417175293,False Alarm,,1,14,Tuesday
mouse_1,2025-09-30,780.0,3,17,33,355.56479835510254,False Alarm,,1,3,Tuesday
mouse_1,2025-09-30,780.0,3,17,34,367.015061378479,False Alarm,,1,11,Tuesday
mouse_1,2025-09-30,780.0,3,17,35,384.47515892982483,False Alarm,,1,5,Tuesday
mouse_1,2025-09-30,780.0,3,17,36,397.69213914871216,False Alarm,,1,7,Tuesday
mouse_1,2025-09-30,780.0,3,17,37,412.6559920310974,False Alarm,,1,2,Tuesday
mouse_1,2025-09-30,780.0,3,17,38,426.36505603790283,Hit,0.6448751384418756,0,32,Tuesday
mouse_1,2025-09-30,780.0,3,17,39,435.31796169281006,False Alarm,,1,4,Tuesday
mouse_1,2025-09-30,780.0,3,17,40,445.524049282074,Hit,1.2963159551922558,0,17,Tuesday
mouse_1,2025-09-30,780.0,3,17,41,454.97806668281555,Hit,0.26222798134790537,0,20,Tuesday
mouse_1,2025-09-30,780.0,3,17,42,463.1785387992859,False Alarm,,1,1,Tuesday
mouse_1,2025-09-30,780.0,3,17,43,474.3858308792114,Hit,0.6430038971280965,0,22,Tuesday
mouse_1,2025-09-30,780.0,3,17,44,483.8376533985138,Hit,0.5102576847546629,0,25,Tuesday
mouse_1,2025-09-30,780.0,3,17,45,492.28713059425354,Hit,0.3912725434275899,0,25,Tuesday
mouse_1,2025-09-30,780.0,3,17,46,500.487673997879,Hit,0.7140258385717289,0,21,Tuesday
mouse_1,2025-09-30,780.0,3,17,47,509.93771862983704,Hit,0.23238618465359195,0,30,Tuesday
mouse_1,2025-09-30,780.0,3,17,48,517.8974504470825,False Alarm,,1,10,Tuesday
mouse_1,2025-09-30,780.0,3,17,49,530.6054232120514,False Alarm,,1,8,Tuesday
mouse_1,2025-09-30,780.0,3,17,50,541.3231978416443,False Alarm,,1,8,Tuesday
mouse_1,2025-09-30,780.0,3,17,51,553.5339140892029,False Alarm,,1,8,Tuesday
mouse_1,2025-09-30,780.0,3,17,52,567.4855890274048,False Alarm,,1,6,Tuesday
mouse_1,2025-09-30,780.0,3,17,53,578.4537491798401,False Alarm,,1,3,Tuesday
mouse_1,2025-09-30,780.0,3,17,54,589.4236640930176,Hit,0.761061817612017,0,23,Tuesday
mouse_1,2025-09-30,780.0,3,17,55,599.3873627185822,Hit,0.05218494160862974,0,30,Tuesday
mouse_1,2025-09-30,780.0,3,17,56,608.3352885246277,False Alarm,,1,4,Tuesday
mouse_1,2025-09-30,780.0,3,17,57,618.5432567596436,False Alarm,,1,4,Tuesday
mouse_1,2025-09-30,780.0,3,17,58,633.253252029419,False Alarm,,1,3,Tuesday
mouse_1,2025-09-30,780.0,3,17,59,644.7231321334839,Hit,1.0949125727349838,0,23,Tuesday
mouse_1,2025-09-30,780.0,3,17,60,653.4271221160889,Hit,0.5987131337763003,0,23,Tuesday
mouse_1,2025-09-30,780.0,3,17,61,662.376579284668,Hit,0.5623910023833787,0,17,Tuesday
mouse_1,2025-09-30,780.0,3,17,62,671.0763666629791,Hit,0.410833364319501,0,19,Tuesday
mouse_1,2025-09-30,780.0,3,17,63,679.2761647701263,Hit,0.10250982439731615,0,26,Tuesday
mouse_1,2025-09-30,780.0,3,17,64,688.4755127429962,Hit,0.18599999138700696,0,29,Tuesday
mouse_1,2025-09-30,780.0,3,17,65,696.1865167617798,False Alarm,,1,7,Tuesday
mouse_1,2025-09-30,780.0,3,17,66,706.3854494094849,False Alarm,,1,7,Tuesday
mouse_1,2025-09-30,780.0,3,17,67,720.8494865894318,False Alarm,,1,2,Tuesday
mouse_1,2025-09-30,780.0,3,17,68,731.8029832839966,Hit,1.0700324497641986,0,15,Tuesday
mouse_1,2025-09-30,780.0,3,17,69,742.0039048194885,False Alarm,,1,5,Tuesday
mouse_1,2025-09-30,780.0,3,17,70,756.9533376693726,Hit,1.893560725354405,0,16,Tuesday
mouse_1,2025-09-30,780.0,3,17,71,767.9054901599884,Hit,1.7993729062247894,0,25,Tuesday
mouse_1,2025-09-30,780.0,3,17,72,777.3566062450409,Hit,0.49274100296941015,0,16,Tuesday
mouse_1,2025-09-30,780.0,3,17,73,786.3063678741455,Hit,0.20533996260940057,0,22,Tuesday
mouse_1,2025-09-30,780.0,3,17,74,794.7651927471161,False Alarm,,1,4,Tuesday
mouse_1,2025-09-30,780.0,3,17,75,810.2219245433807,Hit,0.1774540558382114,0,17,Tuesday
mouse_1,2025-09-30,780.0,3,17,76,819.4256293773651,False Alarm,,1,4,Tuesday
mouse_1,2025-09-30,780.0,3,17,77,832.1319942474365,Hit,1.6942612057434872,0,13,Tuesday
mouse_1,2025-09-30,780.0,3,17,78,841.5955159664154,Miss,,0,0,Tuesday
mouse_1,2025-09-30,780.0,3,17,79,851.5448062419891,Hit,0.07580160238410372,0,19,Tuesday
mouse_1,2025-09-30,780.0,3,17,80,859.745748758316,False Alarm,,1,5,Tuesday
mouse_1,2025-09-30,780.0,3,17,81,871.7020301818848,False Alarm,,1,4,Tuesday
mouse_1,2025-09-30,780.0,3,17,82,885.4054484367371,False Alarm,,1,5,Tuesday
mouse_1,2025-09-30,780.0,3,17,83,898.8654601573944,Hit,0.7524955024518931,0,19,Tuesday
mouse_1,2025-09-30,780.0,3,17,84,906.8157918453217,Hit,0.35562928142610417,0,14,Tuesday
mouse_1,2025-09-30,780.0,3,17,85,915.7653505802155,Miss,,0,0,Tuesday
mouse_1,2025-09-30,780.0,3,17,86,925.9645833969116,Miss,,0,3,Tuesday
mouse_1,2025-09-30,780.0,3,17,87,935.6644484996796,Hit,0.34843520210381485,0,10,Tuesday
mouse_1,2025-09-30,780.0,3,17,88,943.615186214447,Hit,0.056473353184060215,0,14,Tuesday
mouse_1,2025-09-30,780.0,3,17,89,951.815806388855,Hit,0.23275676001878765,0,29,Tuesday
mouse_1,2025-09-30,780.0,3,17,90,960.0145525932312,False Alarm,,1,6,Tuesday
mouse_1,2025-09-30,780.0,3,17,91,970.2112488746643,False Alarm,,1,7,Tuesday
mouse_1,2025-09-30,780.0,3,17,92,981.4213335514069,False Alarm,,1,5,Tuesday
mouse_1,2025-09-30,780.0,3,17,93,993.6308524608612,Hit,0.0949166200620084,0,6,Tuesday
mouse_1,2025-09-30,780.0,3,17,94,1001.5940983295441,Miss,,0,3,Tuesday
mouse_1,2025-09-30,780.0,3,17,95,1012.8038196563721,Hit,0.5497651775663144,0,21,Tuesday
mouse_1,2025-09-30,780.0,3,17,96,1020.7644848823547,Hit,0.31292478874843255,0,29,Tuesday
mouse_1,2025-09-30,780.0,3,17,97,1029.2241249084473,Hit,0.5361335842958397,0,25,Tuesday
mouse_1,2025-09-30,780.0,3,17,98,1037.1838624477386,Hit,0.2895601326367796,0,15,Tuesday
mouse_1,2025-09-30,780.0,3,17,99,1044.8847789764404,False Alarm,,1,4,Tuesday
mouse_1,2025-09-30,780.0,3,17,100,1059.5909900665283,Hit,1.4079868564811022,0,11,Tuesday
mouse_1,2025-09-30,780.0,3,17,101,1068.5542314052582,Hit,0.6402423690767591,0,21,Tuesday
mouse_1,2025-09-30,780.0,3,17,102,1076.754951953888,Hit,0.07357534649759145,0,15,Tuesday
mouse_1,2025-09-30,780.0,3,17,103,1084.7140452861786,Miss,,0,0,Tuesday
mouse_1,2025-09-30,780.0,3,17,104,1095.662959098816,Miss,,0,0,Tuesday
mouse_1,2025-09-30,780.0,3,17,105,1107.1129941940308,Miss,,0,3,Tuesday
mouse_1,2025-09-30,780.0,3,17,106,1117.5630142688751,Hit,0.946596951219135,0,29,Tuesday
mouse_1,2025-09-30,780.0,3,17,107,1126.2732927799225,False Alarm,,1,3,Tuesday
mouse_1,2025-09-30,780.0,3,17,108,1137.9796872138977,Hit,1.0709655926264077,0,13,Tuesday
mouse_1,2025-09-30,780.0,3,17,109,1147.1842856407166,False Alarm,,1,6,Tuesday
mouse_1,2025-09-30,780.0,3,17,110,1158.649398803711,False Alarm,,1,4,Tuesday
mouse_1,2025-09-30,780.0,3,17,111,1170.111083984375,Hit,0.2983424369133445,0,13,Tuesday
mouse_1,2025-09-30,780.0,3,17,112,1178.5626192092896,Hit,0.908924868467011,0,7,Tuesday
mouse_1,2025-09-30,780.0,3,17,113,1188.512937784195,Miss,,0,0,Tuesday
mouse_1,2025-09-30,780.0,3,17,114,1198.9629778862,Miss,,0,0,Tuesday
mouse_1,2025-09-30,780.0,3,17,115,1210.1725447177887,Hit,0.24883543808959985,0,9,Tuesday
mouse_1,2025-09-30,780.0,3,17,116,1218.6231751441956,Miss,,0,7,Tuesday
mouse_1,2025-09-30,780.0,3,17,117,1229.071937084198,Hit,0.3165635576085606,0,14,Tuesday
mouse_1,2025-09-30,780.0,3,17,118,1236.5229902267456,Miss,,0,2,Tuesday
mouse_1,2025-09-30,780.0,3,17,119,1247.9721450805664,False Alarm,,1,2,Tuesday
mouse_1,2025-09-30,780.0,3,17,120,1259.4226641654968,Miss,,0,0,Tuesday
mouse_1,2025-09-30,780.0,3,17,121,1269.6332800388336,Hit,0.5422162420541099,0,11,Tuesday
mouse_1,2025-09-30,780.0,3,17,122,1278.8298354148865,Miss,,0,0,Tuesday
mouse_1,2025-09-30,780.0,3,17,123,1289.0415468215942,Miss,,0,0,Tuesday
mouse_1,2025-09-30,780.0,3,17,124,1299.2518877983093,Miss,,0,0,Tuesday
mouse_1,2025-09-30,780.0,3,17,125,1309.2013380527496,Hit,0.5313937416729004,0,7,Tuesday
mouse_1,2025-09-30,780.0,3,17,126,1317.6520845890045,False Alarm,,1,4,Tuesday
mouse_1,2025-09-30,780.0,3,17,127,1333.1102890968323,Hit,1.7339375665758325,0,9,Tuesday
mouse_1,2025-09-30,780.0,3,17,128,1343.563826084137,Miss,,0,0,Tuesday
mouse_1,2025-09-30,780.0,3,17,129,1353.7725155353546,Hit,2.183827891067267,0,7,Tuesday
mouse_1,2025-09-30,780.0,3,17,130,1363.2319610118866,Hit,0.46808241676103535,0,9,Tuesday
mouse_1,2025-09-30,780.0,3,17,131,1372.1813855171204,Hit,0.7276854790648031,0,14,Tuesday
mouse_1,2025-09-30,780.0,3,17,132,1380.8919560909271,False Alarm,,1,5,Tuesday
mouse_1,2025-09-30,780.0,3,17,133,1395.5979907512665,Miss,,0,0,Tuesday
mouse_1,2025-09-30,780.0,3,17,134,1407.0511093139648,Miss,,0,0,Tuesday
mouse_1,2025-09-30,780.0,3,17,135,1418.7511608600616,Miss,,0,0,Tuesday
mouse_1,2025-09-30,780.0,3,17,136,1429.7014813423157,Miss,,0,0,Tuesday
mouse_1,2025-09-30,780.0,3,17,137,1440.1509702205658,Miss,,0,0,Tuesday
mouse_1,2025-09-30,780.0,3,17,138,1450.1015930175781,Miss,,0,0,Tuesday
mouse_1,2025-09-30,780.0,3,17,139,1459.8012030124664,Miss,,0,0,Tuesday
mouse_1,2025-09-30,780.0,3,17,140,1471.2519097328186,Miss,,0,0,Tuesday
mouse_1,2025-09-30,780.0,3,17,141,1482.461793422699,Miss,,0,0,Tuesday
mouse_1,2025-09-30,780.0,3,17,142,1493.4120573997498,Miss,,0,0,Tuesday
mouse_1,2025-09-30,780.0,3,17,143,1504.3706185817719,Hit,1.8600275369117298,0,10,Tuesday
mouse_1,2025-09-30,780.0,3,17,144,1514.821373462677,Miss,,0,0,Tuesday
mouse_1,2025-09-30,780.0,3,17,145,1526.2816483974457,Miss,,0,0,Tuesday
mouse_1,2025-09-30,780.0,3,17,146,1536.4900150299072,Miss,,0,0,Tuesday
mouse_1,2025-09-30,780.0,3,17,147,1546.6903579235077,Miss,,0,0,Tuesday
mouse_1,2025-09-30,780.0,3,17,148,1558.141440153122,Miss,,0,0,Tuesday
mouse_1,2025-09-30,780.0,3,17,149,1568.0898542404175,Miss,,0,0,Tuesday
mouse_1,2025-09-30,780.0,3,17,150,1578.5410981178284,Miss,,0,0,Tuesday
mouse_1,2025-09-30,780.0,3,17,151,1588.4911308288574,Miss,,0,0,Tuesday
mouse_1,2025-09-30,780.0,3,17,152,1599.6912319660187,Miss,,0,7,Tuesday
mouse_1,2025-09-30,780.0,3,17,153,1610.9014205932617,Hit,0.31343133079826657,0,7,Tuesday
mouse_1,2025-09-30,780.0,3,17,154,1618.3615453243256,Miss,,0,1,Tuesday
mouse_1,2025-09-30,780.0,3,17,155,1629.0665888786316,Hit,0.04643328456404561,0,15,Tuesday
mouse_1,2025-09-30,780.0,3,17,156,1637.0315930843353,Miss,,0,0,Tuesday
mouse_1,2025-09-30,780.0,3,17,157,1646.730989933014,Miss,,0,2,Tuesday
mouse_1,2025-09-30,780.0,3,17,158,1657.7002515792847,Hit,0.7985889254964604,0,10,Tuesday
mouse_1,2025-09-30,780.0,3,17,159,1665.6602280139923,Hit,0.7433885505092803,0,9,Tuesday
mouse_1,2025-09-30,780.0,3,17,160,1673.8595507144928,Miss,,0,0,Tuesday
mouse_1,2025-09-30,780.0,3,17,161,1684.558845758438,Miss,,0,0,Tuesday
mouse_1,2025-09-30,780.0,3,17,162,1695.2559969425201,Hit,0.12214040542062321,0,9,Tuesday
mouse_1,2025-09-30,780.0,3,17,163,1703.719521522522,Hit,0.761865763960941,0,14,Tuesday
mouse_1,2025-09-30,780.0,3,17,164,1711.6790978908539,Miss,,0,0,Tuesday
mouse_1,2025-09-30,780.0,3,17,165,1722.888424873352,Miss,,0,0,Tuesday
mouse_1,2025-09-30,780.0,3,17,166,1733.08993268013,Hit,0.40872137848714374,0,11,Tuesday
mouse_1,2025-09-30,780.0,3,17,167,1741.7894146442413,Miss,,0,0,Tuesday
mouse_1,2025-09-30,780.0,3,17,168,1752.7398126125336,Miss,,0,0,Tuesday
mouse_1,2025-09-30,780.0,3,17,169,1763.9387888908386,Miss,,0,0,Tuesday
mouse_1,2025-09-30,780.0,3,17,170,1774.6369030475616,Hit,0.2509827118572048,0,9,Tuesday
mouse_1,2025-09-30,780.0,3,17,171,1783.5892407894135,Miss,,0,0,Tuesday
mouse_1,2025-09-30,780.0,3,17,172,1793.2884271144867,Miss,,0,0,Tuesday
mouse_1,2025-10-01,162.0,0,-1,-1,,No Trial,,0,0,Wednesday
mouse_1,2025-10-02,1500.0,0,-1,-1,,No Trial,,0,0,Thursday
mouse_1,2025-10-03,1422.0,0,-1,-1,,No Trial,,0,0,Friday
mouse_1,2025-10-04,1500.0,0,-1,-1,,No Trial,,0,0,Saturday
mouse_1,2025-10-05,1488.0,0,-1,-1,,No Trial,,0,0,Sunday
mouse_1,2025-10-06,780.0,0,-1,-1,,No Trial,,0,0,Monday
mouse_1,2025-10-07,900.0,0,-1,-1,,No Trial,,0,0,Tuesday
mouse_1,2025-10-08,900.0,3,18,1,0.37088966369628906,False Alarm,,1,1,Wednesday
mouse_1,2025-10-08,900.0,3,18,2,12.57644271850586,Miss,,0,0,Wednesday
mouse_1,2025-10-08,900.0,3,18,3,23.050987243652344,Hit,0.7571113968294689,0,29,Wednesday
mouse_1,2025-10-08,900.0,3,18,4,31.758135557174683,False Alarm,,1,8,Wednesday
mouse_1,2025-10-08,900.0,3,18,5,41.956510066986084,False Alarm,,1,9,Wednesday
mouse_1,2025-10-08,900.0,3,18,6,53.65794062614441,False Alarm,,1,3,Wednesday
mouse_1,2025-10-08,900.0,3,18,7,64.86705589294434,Hit,1.7838329086148974,0,33,Wednesday
mouse_1,2025-10-08,900.0,3,18,8,73.83088803291321,False Alarm,,1,8,Wednesday
mouse_1,2025-10-08,900.0,3,18,9,84.03647899627686,False Alarm,,1,3,Wednesday
mouse_1,2025-10-08,900.0,3,18,10,99.49626612663269,Hit,2.1641821250069313,0,34,Wednesday
mouse_1,2025-10-08,900.0,3,18,11,110.2079861164093,False Alarm,,1,9,Wednesday
mouse_1,2025-10-08,900.0,3,18,12,120.40623307228088,False Alarm,,1,4,Wednesday
mouse_1,2025-10-08,900.0,3,18,13,135.11683106422424,Hit,0.019329653901024813,0,33,Wednesday
mouse_1,2025-10-08,900.0,3,18,14,143.57019066810608,False Alarm,,1,8,Wednesday
mouse_1,2025-10-08,900.0,3,18,15,153.7764720916748,Hit,0.8592549396512368,0,27,Wednesday
mouse_1,2025-10-08,900.0,3,18,16,161.73959589004517,Miss,,0,0,Wednesday
mouse_1,2025-10-08,900.0,3,18,17,172.95057201385498,False Alarm,,1,5,Wednesday
mouse_1,2025-10-08,900.0,3,18,18,190.6559443473816,False Alarm,,1,2,Wednesday
mouse_1,2025-10-08,900.0,3,18,19,204.11830639839172,False Alarm,,1,3,Wednesday
mouse_1,2025-10-08,900.0,3,18,20,215.82811903953552,False Alarm,,1,15,Wednesday
mouse_1,2025-10-08,900.0,3,18,21,230.53579425811768,False Alarm,,1,13,Wednesday
mouse_1,2025-10-08,900.0,3,18,22,243.24573850631714,False Alarm,,1,3,Wednesday
mouse_1,2025-10-08,900.0,3,18,23,254.96556448936462,Hit,0.24240266867616356,0,60,Wednesday
mouse_1,2025-10-08,900.0,3,18,24,263.66887068748474,False Alarm,,1,36,Wednesday
mouse_1,2025-10-08,900.0,3,18,25,273.8753173351288,Hit,0.6052670744529678,0,39,Wednesday
mouse_1,2025-10-08,900.0,3,18,26,281.57933163642883,False Alarm,,1,13,Wednesday
mouse_1,2025-10-08,900.0,3,18,27,291.7951650619507,False Alarm,,1,2,Wednesday
mouse_1,2025-10-08,900.0,3,18,28,303.2559905052185,False Alarm,,1,3,Wednesday
mouse_1,2025-10-08,900.0,3,18,29,314.46699595451355,False Alarm,,1,5,Wednesday
mouse_1,2025-10-08,900.0,3,18,30,326.4247770309448,False Alarm,,1,6,Wednesday
mouse_1,2025-10-08,900.0,3,18,31,337.6280326843262,False Alarm,,1,6,Wednesday
mouse_1,2025-10-08,900.0,3,18,32,351.8348026275635,Hit,0.18757905868500302,0,44,Wednesday
mouse_1,2025-10-08,900.0,3,18,33,359.53829431533813,False Alarm,,1,20,Wednesday
mouse_1,2025-10-08,900.0,3,18,34,369.7447156906128,False Alarm,,1,6,Wednesday
mouse_1,2025-10-08,900.0,3,18,35,380.7011866569519,False Alarm,,1,6,Wednesday
mouse_1,2025-10-08,900.0,3,18,36,394.9047517776489,False Alarm,,1,6,Wednesday
mouse_1,2025-10-08,900.0,3,18,37,405.85848116874695,False Alarm,,1,3,Wednesday
mouse_1,2025-10-08,900.0,3,18,38,419.314813375473,Hit,1.242718761639651,0,47,Wednesday
mouse_1,2025-10-08,900.0,3,18,39,428.02864480018616,False Alarm,,1,22,Wednesday
mouse_1,2025-10-08,900.0,3,18,40,438.2344858646393,False Alarm,,1,2,Wednesday
mouse_1,2025-10-08,900.0,3,18,41,450.1964828968048,Miss,,0,2,Wednesday
mouse_1,2025-10-08,900.0,3,18,42,460.15730261802673,False Alarm,,1,5,Wednesday
mouse_1,2025-10-08,900.0,3,18,43,472.11431527137756,False Alarm,,1,6,Wednesday
mouse_1,2025-10-08,900.0,3,18,44,484.07590889930725,False Alarm,,1,6,Wednesday
mouse_1,2025-10-08,900.0,3,18,45,495.7943136692047,False Alarm,,1,7,Wednesday
mouse_1,2025-10-08,900.0,3,18,46,507.5138885974884,Hit,0.07427321403656606,0,40,Wednesday
mouse_1,2025-10-08,900.0,3,18,47,515.2180709838867,False Alarm,,1,16,Wednesday
mouse_1,2025-10-08,900.0,3,18,48,525.4242391586304,False Alarm,,1,4,Wednesday
mouse_1,2025-10-08,900.0,3,18,49,539.1343789100647,Miss,,0,2,Wednesday
mouse_1,2025-10-08,900.0,3,18,50,549.3370881080627,False Alarm,,1,5,Wednesday
mouse_1,2025-10-08,900.0,3,18,51,560.7942221164703,False Alarm,,1,3,Wednesday
mouse_1,2025-10-08,900.0,3,18,52,574.7539854049683,Hit,1.657962879220122,0,26,Wednesday
mouse_1,2025-10-08,900.0,3,18,53,583.7182211875916,Hit,0.6874522867594806,0,32,Wednesday
mouse_1,2025-10-08,900.0,3,18,54,591.9180064201355,False Alarm,,1,6,Wednesday
mouse_1,2025-10-08,900.0,3,18,55,602.1233198642731,Hit,0.4260907030002272,0,38,Wednesday
mouse_1,2025-10-08,900.0,3,18,56,611.3272821903229,False Alarm,,1,12,Wednesday
mouse_1,2025-10-08,900.0,3,18,57,621.5302844047546,False Alarm,,1,2,Wednesday
mouse_1,2025-10-08,900.0,3,18,58,633.4930577278137,False Alarm,,1,4,Wednesday
mouse_1,2025-10-08,900.0,3,18,59,651.2036578655243,Hit,0.6250891033030257,0,19,Wednesday
mouse_1,2025-10-08,900.0,3,18,60,659.6667287349701,False Alarm,,1,7,Wednesday
mouse_1,2025-10-08,900.0,3,18,61,674.8730294704437,Hit,1.397158862283959,0,25,Wednesday
mouse_1,2025-10-08,900.0,3,18,62,684.0765507221222,Hit,0.1476064916788573,0,27,Wednesday
mouse_1,2025-10-08,900.0,3,18,63,693.2779452800751,Hit,0.4413259230643689,0,24,Wednesday
mouse_1,2025-10-08,900.0,3,18,64,701.2258415222168,Hit,0.4528062714795169,0,37,Wednesday
mouse_1,2025-10-08,900.0,3,18,65,709.9261152744293,False Alarm,,1,9,Wednesday
mouse_1,2025-10-08,900.0,3,18,66,720.1324329376221,Hit,0.5292736755408214,0,38,Wednesday
mouse_1,2025-10-08,900.0,3,18,67,729.5868964195251,False Alarm,,1,12,Wednesday
mouse_1,2025-10-08,900.0,3,18,68,739.7923409938812,Hit,1.0234246790809038,0,27,Wednesday
mouse_1,2025-10-08,900.0,3,18,69,749.746423959732,Hit,0.13624558469780368,0,23,Wednesday
mouse_1,2025-10-08,900.0,3,18,70,758.2060272693634,False Alarm,,1,9,Wednesday
mouse_1,2025-10-08,900.0,3,18,71,773.9022448062897,False Alarm,,1,9,Wednesday
mouse_1,2025-10-08,900.0,3,18,72,787.3729169368744,Hit,0.17055559613424975,0,27,Wednesday
mouse_1,2025-10-08,900.0,3,18,73,796.3357405662537,False Alarm,,1,4,Wednesday
mouse_1,2025-10-08,900.0,3,18,74,811.7922711372375,Miss,,0,1,Wednesday
mouse_1,2025-10-08,900.0,3,18,75,823.2477176189423,False Alarm,,1,3,Wednesday
mouse_1,2025-10-08,900.0,3,18,76,837.4627628326416,False Alarm,,1,2,Wednesday
mouse_1,2025-10-08,900.0,3,18,77,851.9230172634125,Hit,0.4934728832967039,0,25,Wednesday
mouse_1,2025-10-08,900.0,3,18,78,861.3763599395752,Hit,1.4500035452381326,0,23,Wednesday
mouse_1,2025-10-08,900.0,3,18,79,871.3267893791199,Hit,0.6180018892400767,0,47,Wednesday
mouse_1,2025-10-08,900.0,3,18,80,880.7860548496246,False Alarm,,1,17,Wednesday
mouse_1,2025-10-08,900.0,3,18,81,890.9830274581909,Hit,1.4864769564624112,0,39,Wednesday
mouse_1,2025-10-08,900.0,3,18,82,900.6880609989166,False Alarm,,1,10,Wednesday
mouse_1,2025-10-08,900.0,3,18,83,910.9032690525055,Hit,1.4825310947413755,0,31,Wednesday
mouse_1,2025-10-08,900.0,3,18,84,920.106260061264,False Alarm,,1,3,Wednesday
mouse_1,2025-10-08,900.0,3,18,85,930.3129739761353,Hit,1.176305760879245,0,24,Wednesday
mouse_1,2025-10-08,900.0,3,18,86,939.7669453620911,False Alarm,,1,4,Wednesday
mouse_1,2025-10-08,900.0,3,18,87,953.7271182537079,Hit,0.1333830121727715,0,26,Wednesday
mouse_1,2025-10-08,900.0,3,18,88,962.9337759017944,Hit,0.2568198940680304,0,24,Wednesday
mouse_1,2025-10-08,900.0,3,18,89,971.8857271671295,Hit,0.5710755369610752,0,32,Wednesday
mouse_1,2025-10-08,900.0,3,18,90,980.5933749675751,False Alarm,,1,8,Wednesday
mouse_1,2025-10-08,900.0,3,18,91,990.7926008701324,Hit,0.09429845537306392,0,32,Wednesday
mouse_1,2025-10-08,900.0,3,18,92,998.7432227134705,False Alarm,,1,5,Wednesday
mouse_1,2025-10-08,900.0,3,18,93,1008.9421076774597,False Alarm,,1,3,Wednesday
mouse_1,2025-10-08,900.0,3,18,94,1019.9133553504944,Hit,0.6388946069628219,0,34,Wednesday
mouse_1,2025-10-08,900.0,3,18,95,1028.1253838539124,Hit,0.3020031508538068,0,27,Wednesday
mouse_1,2025-10-08,900.0,3,18,96,1035.5752084255219,False Alarm,,1,10,Wednesday
mouse_1,2025-10-08,900.0,3,18,97,1050.2817397117615,False Alarm,,1,8,Wednesday
mouse_1,2025-10-08,900.0,3,18,98,1061.9935154914856,False Alarm,,1,3,Wednesday
mouse_1,2025-10-08,900.0,3,18,99,1075.2123827934265,Hit,0.8634267552511119,0,24,Wednesday
mouse_1,2025-10-08,900.0,3,18,100,1083.9152390956879,False Alarm,,1,4,Wednesday
mouse_1,2025-10-08,900.0,3,18,101,1095.1315138339996,Hit,0.10067495427483664,0,23,Wednesday
mouse_1,2025-10-08,900.0,3,18,102,1104.0958268642426,Hit,0.9899327887285381,0,39,Wednesday
mouse_1,2025-10-08,900.0,3,18,103,1112.2947187423706,False Alarm,,1,11,Wednesday
mouse_1,2025-10-08,900.0,3,18,104,1122.5014128684998,Miss,,0,4,Wednesday
mouse_1,2025-10-08,900.0,3,18,105,1132.705582857132,False Alarm,,1,5,Wednesday
mouse_1,2025-10-08,900.0,3,18,106,1146.9109687805176,False Alarm,,1,1,Wednesday
mouse_1,2025-10-08,900.0,3,18,107,1158.6217651367188,Hit,0.8406464531474285,0,25,Wednesday
mouse_1,2025-10-08,900.0,3,18,108,1167.3246898651123,Hit,1.28955723019385,0,24,Wednesday
mouse_1,2025-10-08,900.0,3,18,109,1176.5243771076202,Hit,1.5417204952686916,0,30,Wednesday
mouse_1,2025-10-08,900.0,3,18,110,1186.7345192432404,False Alarm,,1,2,Wednesday
mouse_1,2025-10-08,900.0,3,18,111,1196.9407949447632,Hit,0.027785906981989683,0,32,Wednesday
mouse_1,2025-10-08,900.0,3,18,112,1205.6348187923431,False Alarm,,1,4,Wednesday
mouse_1,2025-10-08,900.0,3,18,113,1215.8405358791351,Hit,0.8252878888836221,0,26,Wednesday
mouse_1,2025-10-08,900.0,3,18,114,1224.5536451339722,Hit,0.9436891924235624,0,20,Wednesday
mouse_1,2025-10-08,900.0,3,18,115,1233.2636151313782,Hit,0.7051954976554953,0,24,Wednesday
mouse_1,2025-10-08,900.0,3,18,116,1242.7252686023712,Hit,1.981598089402496,0,29,Wednesday
mouse_1,2025-10-08,900.0,3,18,117,1252.1841003894806,False Alarm,,1,6,Wednesday
mouse_1,2025-10-08,900.0,3,18,118,1262.389675617218,False Alarm,,1,8,Wednesday
mouse_1,2025-10-08,900.0,3,18,119,1274.5892810821533,False Alarm,,1,9,Wednesday
mouse_1,2025-10-08,900.0,3,18,120,1288.5495767593384,False Alarm,,1,4,Wednesday
mouse_1,2025-10-08,900.0,3,18,121,1300.0105319023132,Miss,,0,0,Wednesday
mouse_1,2025-10-08,900.0,3,18,122,1310.4733364582062,False Alarm,,1,9,Wednesday
mouse_1,2025-10-08,900.0,3,18,123,1325.6806287765503,Hit,0.3326548722584448,0,36,Wednesday
mouse_1,2025-10-08,900.0,3,18,124,1333.382672071457,False Alarm,,1,8,Wednesday
mouse_1,2025-10-08,900.0,3,18,125,1343.5895256996155,Hit,0.20950696762201915,0,14,Wednesday
mouse_1,2025-10-08,900.0,3,18,126,1352.3024690151215,Miss,,0,0,Wednesday
mouse_1,2025-10-08,900.0,3,18,127,1363.0036852359772,Miss,,0,1,Wednesday
mouse_1,2025-10-08,900.0,3,18,128,1373.9520258903503,False Alarm,,1,1,Wednesday
mouse_1,2025-10-08,900.0,3,18,129,1386.9102754592896,Hit,0.9336329956959162,0,33,Wednesday
mouse_1,2025-10-08,900.0,3,18,130,1395.3720779418945,False Alarm,,1,3,Wednesday
mouse_1,2025-10-08,900.0,3,18,131,1408.578372478485,Hit,0.8570191347646414,0,18,Wednesday
mouse_1,2025-10-08,900.0,3,18,132,1416.7926099300385,False Alarm,,1,6,Wednesday
mouse_1,2025-10-08,900.0,3,18,133,1430.5013706684113,False Alarm,,1,2,Wednesday
mouse_1,2025-10-08,900.0,3,18,134,1443.7185592651367,Hit,1.6153814816545946,0,24,Wednesday
mouse_1,2025-10-08,900.0,3,18,135,1453.170914888382,Hit,1.1024692255473383,0,22,Wednesday
mouse_1,2025-10-08,900.0,3,18,136,1461.8817834854126,Hit,0.6378092108823239,0,42,Wednesday
mouse_1,2025-10-08,900.0,3,18,137,1469.8323984146118,False Alarm,,1,13,Wednesday
mouse_1,2025-10-08,900.0,3,18,138,1480.0383517742157,Hit,0.7372695852322977,0,18,Wednesday
mouse_1,2025-10-08,900.0,3,18,139,1489.4923236370087,Hit,1.0099501757601956,0,25,Wednesday
mouse_1,2025-10-08,900.0,3,18,140,1498.9498703479767,False Alarm,,1,4,Wednesday
mouse_1,2025-10-08,900.0,3,18,141,1512.9186851978302,Hit,0.6739186358554434,0,18,Wednesday
mouse_1,2025-10-08,900.0,3,18,142,1521.8819074630737,Hit,1.1029692655515646,0,23,Wednesday
mouse_1,2025-10-08,900.0,3,18,143,1530.5917150974274,Hit,0.6231724792326077,0,24,Wednesday
mouse_1,2025-10-08,900.0,3,18,144,1539.791340827942,Hit,0.16816360415509735,0,28,Wednesday
mouse_1,2025-10-08,900.0,3,18,145,1548.22794008255,False Alarm,,1,5,Wednesday
mouse_1,2025-10-08,900.0,3,18,146,1558.4237396717072,Hit,0.02395263182825147,0,16,Wednesday
mouse_1,2025-10-08,900.0,3,18,147,1566.3715591430664,False Alarm,,1,6,Wednesday
mouse_1,2025-10-08,900.0,3,18,148,1581.838053703308,False Alarm,,1,6,Wednesday
mouse_1,2025-10-08,900.0,3,18,149,1597.2976760864258,Miss,,0,0,Wednesday
mouse_1,2025-10-08,900.0,3,18,150,1608.2508339881897,Miss,,0,0,Wednesday
mouse_1,2025-10-08,900.0,3,18,151,1619.9483375549316,Hit,0.9699589611848296,0,12,Wednesday
mouse_1,2025-10-08,900.0,3,18,152,1628.6618678569794,Hit,0.8524485452633144,0,18,Wednesday
mouse_1,2025-10-08,900.0,3,18,153,1637.3691956996918,Hit,0.6058918855726461,0,23,Wednesday
mouse_1,2025-10-08,900.0,3,18,154,1647.0682680606842,Hit,1.933652586588778,0,21,Wednesday
mouse_1,2025-10-08,900.0,3,18,155,1658.0179669857025,Hit,1.838760118725304,0,14,Wednesday
mouse_1,2025-10-08,900.0,3,18,156,1667.962073802948,Hit,0.7137503159044627,0,22,Wednesday
mouse_1,2025-10-08,900.0,3,18,157,1677.4200220108032,Hit,0.5716290835905511,0,19,Wednesday
mouse_1,2025-10-08,900.0,3,18,158,1685.6199510097504,False Alarm,,1,1,Wednesday
mouse_1,2025-10-08,900.0,3,18,159,1697.568820476532,Hit,0.08972546586096541,0,32,Wednesday
mouse_1,2025-10-08,900.0,3,18,160,1706.2714850902557,False Alarm,,1,7,Wednesday
mouse_1,2025-10-08,900.0,3,18,161,1716.486299753189,False Alarm,,1,3,Wednesday
mouse_1,2025-10-08,900.0,3,18,162,1728.4371027946472,Hit,1.3454463860746273,0,16,Wednesday
mouse_1,2025-10-08,900.0,3,18,163,1736.8906593322754,False Alarm,,1,7,Wednesday
mouse_1,2025-10-08,900.0,3,18,164,1751.3513247966766,False Alarm,,1,4,Wednesday
mouse_1,2025-10-08,900.0,3,18,165,1762.3064363002777,Miss,,0,0,Wednesday
mouse_1,2025-10-08,900.0,3,18,166,1772.7683157920837,Miss,,0,0,Wednesday
mouse_1,2025-10-08,900.0,3,18,167,1784.220427274704,Hit,1.027038018730309,0,13,Wednesday
mouse_1,2025-10-08,900.0,3,18,168,1793.169298171997,Miss,,0,0,Wednesday
mouse_1,2025-10-09,0.0,3,19,1,0.3638784885406494,Hit,1.1994362438081314,0,26,Thursday
mouse_1,2025-10-09,0.0,3,19,2,10.56231427192688,Hit,0.22895077165533806,0,30,Thursday
mouse_1,2025-10-09,0.0,3,19,3,19.001301288604736,False Alarm,,1,9,Thursday
mouse_1,2025-10-09,0.0,3,19,4,29.19474720954895,False Alarm,,1,6,Thursday
mouse_1,2025-10-09,0.0,3,19,5,40.15096068382263,False Alarm,,1,3,Thursday
mouse_1,2025-10-09,0.0,3,19,6,51.86020255088806,Miss,,0,3,Thursday
mouse_1,2025-10-09,0.0,3,19,7,62.81303071975708,False Alarm,,1,11,Thursday
mouse_1,2025-10-09,0.0,3,19,8,73.77156329154968,False Alarm,,1,4,Thursday
mouse_1,2025-10-09,0.0,3,19,9,84.73552632331848,False Alarm,,1,5,Thursday
mouse_1,2025-10-09,0.0,3,19,10,100.2002305984497,False Alarm,,1,3,Thursday
mouse_1,2025-10-09,0.0,3,19,11,113.1601333618164,Hit (Calc),2.3045992150462666,0,3,Thursday
mouse_1,2025-10-09,0.0,3,19,12,122.8628237247467,Hit,0.7209674242002819,0,39,Thursday
mouse_1,2025-10-09,0.0,3,19,13,131.56126952171326,False Alarm,,1,12,Thursday
mouse_1,2025-10-09,0.0,3,19,14,141.75167679786682,Hit,1.2452400718927095,0,44,Thursday
mouse_1,2025-10-09,0.0,3,19,15,150.45119547843933,False Alarm,,1,18,Thursday
mouse_1,2025-10-09,0.0,3,19,16,160.65950274467468,False Alarm,,1,5,Thursday
mouse_1,2025-10-09,0.0,3,19,17,172.3750400543213,False Alarm,,1,2,Thursday
mouse_1,2025-10-09,0.0,3,19,18,185.8300700187683,Miss,,0,2,Thursday
mouse_1,2025-10-09,0.0,3,19,19,196.53273463249207,Hit,0.27617950072519193,0,34,Thursday
mouse_1,2025-10-09,0.0,3,19,20,205.9921314716339,False Alarm,,1,7,Thursday
mouse_1,2025-10-09,0.0,3,19,21,216.19929575920105,Hit,0.49570772766549,0,44,Thursday
mouse_1,2025-10-09,0.0,3,19,22,224.15420293807983,False Alarm,,1,20,Thursday
mouse_1,2025-10-09,0.0,3,19,23,234.36910796165466,False Alarm,,1,5,Thursday
mouse_1,2025-10-09,0.0,3,19,24,248.57386183738708,Miss,,0,3,Thursday
mouse_1,2025-10-09,0.0,3,19,25,259.772940158844,False Alarm,,1,11,Thursday
mouse_1,2025-10-09,0.0,3,19,26,272.9799163341522,False Alarm,,1,6,Thursday
mouse_1,2025-10-09,0.0,3,19,27,284.4315927028656,False Alarm,,1,7,Thursday
mouse_1,2025-10-09,0.0,3,19,28,298.3813416957855,False Alarm,,1,1,Thursday
mouse_1,2025-10-09,0.0,3,19,29,309.3474669456482,False Alarm,,1,8,Thursday
mouse_1,2025-10-09,0.0,3,19,30,325.0595180988312,Miss,,0,0,Thursday
mouse_1,2025-10-09,0.0,3,19,31,336.5224783420563,Hit,0.28517771136705505,0,34,Thursday
mouse_1,2025-10-09,0.0,3,19,32,344.72343921661377,False Alarm,,1,13,Thursday
mouse_1,2025-10-09,0.0,3,19,33,354.92878007888794,False Alarm,,1,4,Thursday
mouse_1,2025-10-09,0.0,3,19,34,366.129949092865,False Alarm,,1,6,Thursday
mouse_1,2025-10-09,0.0,3,19,35,377.83884382247925,False Alarm,,1,5,Thursday
mouse_1,2025-10-09,0.0,3,19,36,391.2988259792328,Hit,0.26275216500351917,0,47,Thursday
mouse_1,2025-10-09,0.0,3,19,37,399.5117564201355,False Alarm,,1,76,Thursday
mouse_1,2025-10-09,0.0,3,19,38,409.97124695777893,False Alarm,,1,132,Thursday
mouse_1,2025-10-09,0.0,3,19,39,420.16127848625183,False Alarm,,1,111,Thursday
mouse_1,2025-10-09,0.0,3,19,40,430.3712902069092,False Alarm,,1,19,Thursday
mouse_1,2025-10-09,0.0,3,19,41,440.5716869831085,False Alarm,,1,6,Thursday
mouse_1,2025-10-09,0.0,3,19,42,452.02871537208557,False Alarm,,1,8,Thursday
mouse_1,2025-10-09,0.0,3,19,43,466.4888355731964,False Alarm,,1,8,Thursday
mouse_1,2025-10-09,0.0,3,19,44,478.20144033432007,False Alarm,,1,7,Thursday
mouse_1,2025-10-09,0.0,3,19,45,492.16851568222046,False Alarm,,1,8,Thursday
mouse_1,2025-10-09,0.0,3,19,46,503.6285614967346,False Alarm,,1,9,Thursday
mouse_1,2025-10-09,0.0,3,19,47,517.3377494812012,False Alarm,,1,5,Thursday
mouse_1,2025-10-09,0.0,3,19,48,531.0483675003052,False Alarm,,1,3,Thursday
mouse_1,2025-10-09,0.0,3,19,49,548.7536423206329,Miss,,0,4,Thursday
mouse_1,2025-10-09,0.0,3,19,50,559.7105872631073,False Alarm,,1,7,Thursday
mouse_1,2025-10-09,0.0,3,19,51,571.4277141094208,False Alarm,,1,5,Thursday
mouse_1,2025-10-09,0.0,3,19,52,581.8874042034149,False Alarm,,1,2,Thursday
mouse_1,2025-10-09,0.0,3,19,53,595.5980739593506,Miss,,0,7,Thursday
mouse_1,2025-10-09,0.0,3,19,54,605.3101603984833,Hit,0.1676191795994555,0,39,Thursday
mouse_1,2025-10-09,0.0,3,19,55,613.0111031532288,False Alarm,,1,13,Thursday
mouse_1,2025-10-09,0.0,3,19,56,623.2267451286316,False Alarm,,1,2,Thursday
mouse_1,2025-10-09,0.0,3,19,57,634.1971035003662,Hit,0.18090713434605732,0,41,Thursday
mouse_1,2025-10-09,0.0,3,19,58,642.4114716053009,False Alarm,,1,18,Thursday
mouse_1,2025-10-09,0.0,3,19,59,652.6166586875916,False Alarm,,1,6,Thursday
mouse_1,2025-10-09,0.0,3,19,60,664.3369390964508,False Alarm,,1,4,Thursday
mouse_1,2025-10-09,0.0,3,19,61,679.2972941398621,Miss,,0,2,Thursday
mouse_1,2025-10-09,0.0,3,19,62,689.2495663166046,False Alarm,,1,4,Thursday
mouse_1,2025-10-09,0.0,3,19,63,701.706748008728,False Alarm,,1,9,Thursday
mouse_1,2025-10-09,0.0,3,19,64,712.1662092208862,False Alarm,,1,17,Thursday
mouse_1,2025-10-09,0.0,3,19,65,723.3763070106506,False Alarm,,1,11,Thursday
mouse_1,2025-10-09,0.0,3,19,66,734.5862009525299,False Alarm,,1,6,Thursday
mouse_1,2025-10-09,0.0,3,19,67,746.0464446544647,False Alarm,,1,2,Thursday
mouse_1,2025-10-09,0.0,3,19,68,758.5158815383911,Miss,,0,3,Thursday
mouse_1,2025-10-09,0.0,3,19,69,769.9787681102753,False Alarm,,1,6,Thursday
mouse_1,2025-10-09,0.0,3,19,70,780.936555147171,Hit,0.4529168674213224,0,26,Thursday
mouse_1,2025-10-09,0.0,3,19,71,788.6410307884216,Hit,0.22164198093946652,0,22,Thursday
mouse_1,2025-10-09,0.0,3,19,72,797.0897755622864,Hit,0.13437480339894137,0,36,Thursday
mouse_1,2025-10-09,0.0,3,19,73,806.2988827228546,False Alarm,,1,10,Thursday
mouse_1,2025-10-09,0.0,3,19,74,816.4915797710419,False Alarm,,1,3,Thursday
mouse_1,2025-10-09,0.0,3,19,75,829.457065820694,Hit,0.570522592545899,0,32,Thursday
mouse_1,2025-10-09,0.0,3,19,76,838.9093105792999,False Alarm,,1,7,Thursday
mouse_1,2025-10-09,0.0,3,19,77,849.115730047226,False Alarm,,1,8,Thursday
mouse_1,2025-10-09,0.0,3,19,78,860.5830934047699,False Alarm,,1,7,Thursday
mouse_1,2025-10-09,0.0,3,19,79,872.0351800918579,False Alarm,,1,3,Thursday
mouse_1,2025-10-09,0.0,3,19,80,883.2450428009033,False Alarm,,1,5,Thursday
mouse_1,2025-10-09,0.0,3,19,81,896.2053415775299,Hit,0.5836841606774215,0,44,Thursday
mouse_1,2025-10-09,0.0,3,19,82,903.9091391563416,False Alarm,,1,14,Thursday
mouse_1,2025-10-09,0.0,3,19,83,914.1151938438416,Hit,0.26119076460975066,0,33,Thursday
mouse_1,2025-10-09,0.0,3,19,84,923.3179318904877,False Alarm,,1,7,Thursday
mouse_1,2025-10-09,0.0,3,19,85,933.5149641036987,False Alarm,,1,2,Thursday
mouse_1,2025-10-09,0.0,3,19,86,944.724609375,Hit,0.40564959396374434,0,36,Thursday
mouse_1,2025-10-09,0.0,3,19,87,952.9350011348724,False Alarm,,1,8,Thursday
mouse_1,2025-10-09,0.0,3,19,88,963.1445667743683,False Alarm,,1,5,Thursday
mouse_1,2025-10-09,0.0,3,19,89,975.8645343780518,False Alarm,,1,3,Thursday
mouse_1,2025-10-09,0.0,3,19,90,989.5757164955139,False Alarm,,1,9,Thursday
mouse_1,2025-10-09,0.0,3,19,91,1005.0354437828064,False Alarm,,1,3,Thursday
mouse_1,2025-10-09,0.0,3,19,92,1017.9948220252991,Hit,0.7884155449585251,0,36,Thursday
mouse_1,2025-10-09,0.0,3,19,93,1026.9583349227905,False Alarm,,1,11,Thursday
mouse_1,2025-10-09,0.0,3,19,94,1037.1643195152283,Miss,,0,0,Thursday
mouse_1,2025-10-09,0.0,3,19,95,1048.3684191703796,Hit,2.134076798891556,0,26,Thursday
mouse_1,2025-10-09,0.0,3,19,96,1057.8179070949554,Hit,0.16229714715973387,0,30,Thursday
mouse_1,2025-10-09,0.0,3,19,97,1066.5249214172363,False Alarm,,1,5,Thursday
mouse_1,2025-10-09,0.0,3,19,98,1076.723480939865,False Alarm,,1,9,Thursday
mouse_1,2025-10-09,0.0,3,19,99,1088.424085855484,False Alarm,,1,8,Thursday
mouse_1,2025-10-09,0.0,3,19,100,1100.1437084674835,False Alarm,,1,7,Thursday
mouse_1,2025-10-09,0.0,3,19,101,1111.6040449142456,False Alarm,,1,4,Thursday
mouse_1,2025-10-09,0.0,3,19,102,1124.8251223564148,Miss,,0,8,Thursday
mouse_1,2025-10-09,0.0,3,19,103,1135.2763385772705,Hit,0.09018582257454,0,30,Thursday
mouse_1,2025-10-09,0.0,3,19,104,1142.9866046905518,False Alarm,,1,4,Thursday
mouse_1,2025-10-09,0.0,3,19,105,1153.1832535266876,Hit,0.7037274644228546,0,39,Thursday
mouse_1,2025-10-09,0.0,3,19,106,1161.1361696720123,False Alarm,,1,11,Thursday
mouse_1,2025-10-09,0.0,3,19,107,1171.33287358284,Hit,0.6617687122238749,0,37,Thursday
mouse_1,2025-10-09,0.0,3,19,108,1180.5364770889282,False Alarm,,1,13,Thursday
mouse_1,2025-10-09,0.0,3,19,109,1190.7424938678741,False Alarm,,1,4,Thursday
mouse_1,2025-10-09,0.0,3,19,110,1202.701896429062,False Alarm,,1,2,Thursday
mouse_1,2025-10-09,0.0,3,19,111,1215.6560225486755,Hit,0.42977947163126373,0,33,Thursday
mouse_1,2025-10-09,0.0,3,19,112,1224.8655099868774,False Alarm,,1,10,Thursday
mouse_1,2025-10-09,0.0,3,19,113,1235.07160282135,False Alarm,,1,5,Thursday
mouse_1,2025-10-09,0.0,3,19,114,1246.551842212677,False Alarm,,1,1,Thursday
mouse_1,2025-10-09,0.0,3,19,115,1260.021740913391,Miss,,0,0,Thursday
mouse_1,2025-10-09,0.0,3,19,116,1270.9741690158844,Miss,,0,0,Thursday
mouse_1,2025-10-09,0.0,3,19,117,1281.174206495285,Miss,,0,3,Thursday
mouse_1,2025-10-09,0.0,3,19,118,1291.625336408615,False Alarm,,1,3,Thursday
mouse_1,2025-10-09,0.0,3,19,119,1304.8221020698547,Hit,0.12993514781169324,0,29,Thursday
mouse_1,2025-10-09,0.0,3,19,120,1313.0244815349579,False Alarm,,1,5,Thursday
mouse_1,2025-10-09,0.0,3,19,121,1323.2304220199585,False Alarm,,1,6,Thursday
mouse_1,2025-10-09,0.0,3,19,122,1334.9407200813293,Hit,0.4729640267232753,0,26,Thursday
mouse_1,2025-10-09,0.0,3,19,123,1342.891578912735,Hit,0.22285475729427162,0,30,Thursday
mouse_1,2025-10-09,0.0,3,19,124,1351.5944001674652,False Alarm,,1,4,Thursday
mouse_1,2025-10-09,0.0,3,19,125,1361.8000512123108,False Alarm,,1,2,Thursday
mouse_1,2025-10-09,0.0,3,19,126,1376.260579586029,Hit,0.936567729880835,0,34,Thursday
mouse_1,2025-10-09,0.0,3,19,127,1384.9636194705963,False Alarm,,1,9,Thursday
mouse_1,2025-10-09,0.0,3,19,128,1398.6798150539398,Hit,0.6149153570213457,0,25,Thursday
mouse_1,2025-10-09,0.0,3,19,129,1408.1329486370087,Hit,0.31798224267686237,0,40,Thursday
mouse_1,2025-10-09,0.0,3,19,130,1417.3298320770264,False Alarm,,1,14,Thursday
mouse_1,2025-10-09,0.0,3,19,131,1427.5293130874634,False Alarm,,1,7,Thursday
mouse_1,2025-10-09,0.0,3,19,132,1440.9814887046814,False Alarm,,1,7,Thursday
mouse_1,2025-10-09,0.0,3,19,133,1455.6990387439728,False Alarm,,1,3,Thursday
mouse_1,2025-10-09,0.0,3,19,134,1469.4089715480804,Hit,1.045157795074374,0,20,Thursday
mouse_1,2025-10-09,0.0,3,19,135,1478.8632533550262,Hit,0.387447132836769,0,23,Thursday
mouse_1,2025-10-09,0.0,3,19,136,1488.0620670318604,Hit,0.8634648285978983,0,31,Thursday
mouse_1,2025-10-09,0.0,3,19,137,1497.0320925712585,False Alarm,,1,6,Thursday
mouse_1,2025-10-09,0.0,3,19,138,1507.2295722961426,False Alarm,,1,9,Thursday
mouse_1,2025-10-09,0.0,3,19,139,1519.198546409607,False Alarm,,1,6,Thursday
mouse_1,2025-10-09,0.0,3,19,140,1530.6597080230713,Hit,0.5293815548113798,0,27,Thursday
mouse_1,2025-10-09,0.0,3,19,141,1538.861650466919,False Alarm,,1,3,Thursday
mouse_1,2025-10-09,0.0,3,19,142,1552.5616376399994,Hit,0.15838822749060455,0,20,Thursday
mouse_1,2025-10-09,0.0,3,19,143,1561.5214176177979,Hit,0.09486614975548946,0,27,Thursday
mouse_1,2025-10-09,0.0,3,19,144,1570.7209198474884,Hit,0.5506022677034252,0,20,Thursday
mouse_1,2025-10-09,0.0,3,19,145,1579.6738362312317,Hit,1.0566879273403629,0,38,Thursday
mouse_1,2025-10-09,0.0,3,19,146,1588.130704164505,False Alarm,,1,7,Thursday
mouse_1,2025-10-09,0.0,3,19,147,1598.3381526470184,Miss,,0,0,Thursday
mouse_1,2025-10-09,0.0,3,19,148,1609.2915818691254,Miss,,0,2,Thursday
mouse_1,2025-10-09,0.0,3,19,149,1620.2404868602753,False Alarm,,1,2,Thursday
mouse_1,2025-10-09,0.0,3,19,150,1633.4483108520508,Hit,1.3825881650225256,0,15,Thursday
mouse_1,2025-10-09,0.0,3,19,151,1643.160650253296,Hit,0.4640398088868096,0,23,Thursday
mouse_1,2025-10-09,0.0,3,19,152,1652.1112833023071,Miss,,0,3,Thursday
mouse_1,2025-10-09,0.0,3,19,153,1663.060215473175,False Alarm,,1,3,Thursday
mouse_1,2025-10-09,0.0,3,19,154,1674.0172429084778,Hit,1.6246790900736414,0,14,Thursday
mouse_1,2025-10-09,0.0,3,19,155,1683.7307424545288,Hit,0.06774225494496022,0,17,Thursday
mouse_1,2025-10-09,0.0,3,19,156,1692.4415781497955,Hit,0.36545855975873565,0,25,Thursday
mouse_1,2025-10-09,0.0,3,19,157,1701.6413481235504,Miss,,0,0,Thursday
mouse_1,2025-10-09,0.0,3,19,158,1713.349370956421,Hit,0.8269185022306829,0,37,Thursday
mouse_1,2025-10-09,0.0,3,19,159,1722.299945116043,False Alarm,,1,8,Thursday
mouse_1,2025-10-09,0.0,3,19,160,1732.4980742931366,False Alarm,,1,8,Thursday
mouse_1,2025-10-09,0.0,3,19,161,1744.2007558345795,False Alarm,,1,8,Thursday
mouse_1,2025-10-09,0.0,3,19,162,1758.6657140254974,False Alarm,,1,3,Thursday
mouse_1,2025-10-09,0.0,3,19,163,1772.3779797554016,Hit,0.5327104997065817,0,30,Thursday
mouse_1,2025-10-09,0.0,3,19,164,1780.829815864563,False Alarm,,1,2,Thursday
mouse_1,2025-10-09,0.0,3,19,165,1791.0292031764984,Hit,0.6875962797960256,0,10,Thursday
mouse_1,2025-10-09,0.0,3,19,166,1799.730161190033,Miss,,0,0,Thursday
mouse_1,2025-10-10,1506.0,0,-1,-1,,No Trial,,0,0,Friday
mouse_1,2025-10-11,1500.0,0,-1,-1,,No Trial,,0,0,Saturday
mouse_1,2025-10-12,1002.0,0,-1,-1,,No Trial,,0,0,Sunday
mouse_1,2025-10-13,900.0,0,-1,-1,,No Trial,,0,0,Monday
mouse_1,2025-10-14,900.0,0,-1,-1,,No Trial,,0,0,Tuesday
mouse_1,2025-10-15,1200.0,3,20,1,0.37560510635375977,False Alarm,,1,8,Wednesday
mouse_1,2025-10-15,1200.0,3,20,2,11.832298278808594,False Alarm,,1,14,Wednesday
mouse_1,2025-10-15,1200.0,3,20,3,23.792377471923828,False Alarm,,1,13,Wednesday
mouse_1,2025-10-15,1200.0,3,20,4,35.51175570487976,False Alarm,,1,7,Wednesday
mouse_1,2025-10-15,1200.0,3,20,5,48.97962713241577,False Alarm,,1,3,Wednesday
mouse_1,2025-10-15,1200.0,3,20,6,61.1916880607605,False Alarm,,1,8,Wednesday
mouse_1,2025-10-15,1200.0,3,20,7,78.65163946151733,False Alarm,,1,1,Wednesday
mouse_1,2025-10-15,1200.0,3,20,8,90.87132000923157,Hit,0.8593238237927352,0,63,Wednesday
mouse_1,2025-10-15,1200.0,3,20,9,99.82480549812317,False Alarm,,1,36,Wednesday
mouse_1,2025-10-15,1200.0,3,20,10,110.04136681556702,False Alarm,,1,2,Wednesday
mouse_1,2025-10-15,1200.0,3,20,11,121.4928514957428,Miss,,0,2,Wednesday
mouse_1,2025-10-15,1200.0,3,20,12,132.20562720298767,False Alarm,,1,4,Wednesday
mouse_1,2025-10-15,1200.0,3,20,13,145.16113948822021,False Alarm,,1,7,Wednesday
mouse_1,2025-10-15,1200.0,3,20,14,159.130943775177,False Alarm,,1,7,Wednesday
mouse_1,2025-10-15,1200.0,3,20,15,172.8321316242218,Miss,,0,2,Wednesday
mouse_1,2025-10-15,1200.0,3,20,16,183.78415274620056,False Alarm,,1,5,Wednesday
mouse_1,2025-10-15,1200.0,3,20,17,194.48250794410706,False Alarm,,1,3,Wednesday
mouse_1,2025-10-15,1200.0,3,20,18,208.68135833740234,Hit,1.3198770061790128,0,40,Wednesday
mouse_1,2025-10-15,1200.0,3,20,19,217.64258122444153,False Alarm,,1,10,Wednesday
mouse_1,2025-10-15,1200.0,3,20,20,227.85075402259827,Hit,1.0886395153226829,0,73,Wednesday
mouse_1,2025-10-15,1200.0,3,20,21,236.0636501312256,False Alarm,,1,46,Wednesday
mouse_1,2025-10-15,1200.0,3,20,22,246.27059674263,Hit,0.45454350538281574,0,55,Wednesday
mouse_1,2025-10-15,1200.0,3,20,23,254.98390865325928,False Alarm,,1,28,Wednesday
mouse_1,2025-10-15,1200.0,3,20,24,265.1907916069031,False Alarm,,1,2,Wednesday
mouse_1,2025-10-15,1200.0,3,20,25,277.15136313438416,Hit,0.35634291209350977,0,50,Wednesday
mouse_1,2025-10-15,1200.0,3,20,26,286.6024878025055,False Alarm,,1,26,Wednesday
mouse_1,2025-10-15,1200.0,3,20,27,296.8003966808319,False Alarm,,1,5,Wednesday
mouse_1,2025-10-15,1200.0,3,20,28,308.77024602890015,Hit,1.8204630652462015,0,64,Wednesday
mouse_1,2025-10-15,1200.0,3,20,29,319.7241291999817,False Alarm,,1,40,Wednesday
mouse_1,2025-10-15,1200.0,3,20,30,329.93013644218445,False Alarm,,1,8,Wednesday
mouse_1,2025-10-15,1200.0,3,20,31,340.622314453125,False Alarm,,1,2,Wednesday
mouse_1,2025-10-15,1200.0,3,20,32,351.3205008506775,Hit,1.1752923821147192,0,31,Wednesday
mouse_1,2025-10-15,1200.0,3,20,33,359.7737686634064,False Alarm,,1,9,Wednesday
mouse_1,2025-10-15,1200.0,3,20,34,369.98029041290283,False Alarm,,1,4,Wednesday
mouse_1,2025-10-15,1200.0,3,20,35,381.9399616718292,Hit,0.9646471220016224,0,60,Wednesday
mouse_1,2025-10-15,1200.0,3,20,36,390.8842463493347,False Alarm,,1,54,Wednesday
mouse_1,2025-10-15,1200.0,3,20,37,401.0882713794708,False Alarm,,1,8,Wednesday
mouse_1,2025-10-15,1200.0,3,20,38,411.78059935569763,False Alarm,,1,4,Wednesday
mouse_1,2025-10-15,1200.0,3,20,39,423.989869594574,Hit,1.020733686174765,0,58,Wednesday
mouse_1,2025-10-15,1200.0,3,20,40,433.44590044021606,False Alarm,,1,31,Wednesday
mouse_1,2025-10-15,1200.0,3,20,41,443.6598627567291,False Alarm,,1,5,Wednesday
mouse_1,2025-10-15,1200.0,3,20,42,457.37109208106995,False Alarm,,1,8,Wednesday
mouse_1,2025-10-15,1200.0,3,20,43,468.8314459323883,False Alarm,,1,9,Wednesday
mouse_1,2025-10-15,1200.0,3,20,44,483.5399901866913,False Alarm,,1,8,Wednesday
mouse_1,2025-10-15,1200.0,3,20,45,494.7496521472931,False Alarm,,1,8,Wednesday
mouse_1,2025-10-15,1200.0,3,20,46,506.70936846733093,Hit,0.12630514509896784,0,68,Wednesday
mouse_1,2025-10-15,1200.0,3,20,47,514.413510799408,False Alarm,,1,42,Wednesday
mouse_1,2025-10-15,1200.0,3,20,48,524.6165571212769,False Alarm,,1,6,Wednesday
mouse_1,2025-10-15,1200.0,3,20,49,535.8127963542938,False Alarm,,1,9,Wednesday
mouse_1,2025-10-15,1200.0,3,20,50,547.0292887687683,False Alarm,,1,5,Wednesday
mouse_1,2025-10-15,1200.0,3,20,51,561.4989824295044,Hit,0.619977254746118,0,38,Wednesday
mouse_1,2025-10-15,1200.0,3,20,52,570.4626035690308,False Alarm,,1,14,Wednesday
mouse_1,2025-10-15,1200.0,3,20,53,580.6688098907471,False Alarm,,1,7,Wednesday
mouse_1,2025-10-15,1200.0,3,20,54,591.1306993961334,False Alarm,,1,12,Wednesday
mouse_1,2025-10-15,1200.0,3,20,55,604.589528799057,False Alarm,,1,9,Wednesday
mouse_1,2025-10-15,1200.0,3,20,56,615.2973144054413,False Alarm,,1,2,Wednesday
mouse_1,2025-10-15,1200.0,3,20,57,626.508950471878,False Alarm,,1,9,Wednesday
mouse_1,2025-10-15,1200.0,3,20,58,644.9748864173889,False Alarm,,1,8,Wednesday
mouse_1,2025-10-15,1200.0,3,20,59,656.4289560317993,False Alarm,,1,10,Wednesday
mouse_1,2025-10-15,1200.0,3,20,60,668.6388354301453,False Alarm,,1,3,Wednesday
mouse_1,2025-10-15,1200.0,3,20,61,682.3490600585938,Hit,1.504572906451358,0,72,Wednesday
mouse_1,2025-10-15,1200.0,3,20,62,691.8029837608337,False Alarm,,1,72,Wednesday
mouse_1,2025-10-15,1200.0,3,20,63,702.0079267024994,False Alarm,,1,6,Wednesday
mouse_1,2025-10-15,1200.0,3,20,64,713.7189130783081,False Alarm,,1,4,Wednesday
mouse_1,2025-10-15,1200.0,3,20,65,727.9341213703156,False Alarm,,1,10,Wednesday
mouse_1,2025-10-15,1200.0,3,20,66,743.137969493866,False Alarm,,1,6,Wednesday
mouse_1,2025-10-15,1200.0,3,20,67,755.0928893089294,False Alarm,,1,6,Wednesday
mouse_1,2025-10-15,1200.0,3,20,68,766.7983005046844,False Alarm,,1,8,Wednesday
mouse_1,2025-10-15,1200.0,3,20,69,780.0148963928223,False Alarm,,1,6,Wednesday
mouse_1,2025-10-15,1200.0,3,20,70,791.4740543365479,False Alarm,,1,3,Wednesday
mouse_1,2025-10-15,1200.0,3,20,71,805.9377269744873,False Alarm,,1,4,Wednesday
mouse_1,2025-10-15,1200.0,3,20,72,817.1428828239441,False Alarm,,1,4,Wednesday
mouse_1,2025-10-15,1200.0,3,20,73,828.5971949100494,False Alarm,,1,3,Wednesday
mouse_1,2025-10-15,1200.0,3,20,74,840.8078875541687,False Alarm,,1,2,Wednesday
mouse_1,2025-10-15,1200.0,3,20,75,853.7680475711823,Miss,,0,7,Wednesday
mouse_1,2025-10-15,1200.0,3,20,76,864.22101521492,False Alarm,,1,5,Wednesday
mouse_1,2025-10-15,1200.0,3,20,77,875.9281964302063,False Alarm,,1,4,Wednesday
mouse_1,2025-10-15,1200.0,3,20,78,887.6398153305054,False Alarm,,1,6,Wednesday
mouse_1,2025-10-15,1200.0,3,20,79,900.8480641841888,False Alarm,,1,7,Wednesday
mouse_1,2025-10-15,1200.0,3,20,80,912.5682058334351,False Alarm,,1,3,Wednesday
mouse_1,2025-10-15,1200.0,3,20,81,925.5276458263397,Hit,0.7159215831501342,0,76,Wednesday
mouse_1,2025-10-15,1200.0,3,20,82,934.4914541244507,False Alarm,,1,82,Wednesday
mouse_1,2025-10-15,1200.0,3,20,83,944.6983335018158,False Alarm,,1,6,Wednesday
mouse_1,2025-10-15,1200.0,3,20,84,957.652987241745,False Alarm,,1,6,Wednesday
mouse_1,2025-10-15,1200.0,3,20,85,971.8579893112183,False Alarm,,1,2,Wednesday
mouse_1,2025-10-15,1200.0,3,20,86,986.0627417564392,Hit,2.107023850304927,0,75,Wednesday
mouse_1,2025-10-15,1200.0,3,20,87,995.7608544826508,False Alarm,,1,66,Wednesday
mouse_1,2025-10-15,1200.0,3,20,88,1005.9671211242676,False Alarm,,1,3,Wednesday
mouse_1,2025-10-15,1200.0,3,20,89,1019.4242317676544,Hit,1.9877058111708266,0,74,Wednesday
mouse_1,2025-10-15,1200.0,3,20,90,1029.870798587799,False Alarm,,1,65,Wednesday
mouse_1,2025-10-15,1200.0,3,20,91,1040.076985359192,False Alarm,,1,2,Wednesday
mouse_1,2025-10-15,1200.0,3,20,92,1051.5372722148895,Hit,1.0392015941172303,0,56,Wednesday
mouse_1,2025-10-15,1200.0,3,20,93,1060.4908049106598,False Alarm,,1,31,Wednesday
mouse_1,2025-10-15,1200.0,3,20,94,1070.697360754013,False Alarm,,1,6,Wednesday
mouse_1,2025-10-15,1200.0,3,20,95,1082.416467666626,False Alarm,,1,5,Wednesday
mouse_1,2025-10-15,1200.0,3,20,96,1096.6328282356262,False Alarm,,1,4,Wednesday
mouse_1,2025-10-15,1200.0,3,20,97,1108.8462464809418,False Alarm,,1,8,Wednesday
mouse_1,2025-10-15,1200.0,3,20,98,1122.806730747223,False Alarm,,1,7,Wednesday
mouse_1,2025-10-15,1200.0,3,20,99,1135.0127861499786,False Alarm,,1,5,Wednesday
mouse_1,2025-10-15,1200.0,3,20,100,1146.7262427806854,False Alarm,,1,5,Wednesday
mouse_1,2025-10-15,1200.0,3,20,101,1159.6866958141327,False Alarm,,1,2,Wednesday
mouse_1,2025-10-15,1200.0,3,20,102,1171.3979711532593,Hit,1.8205538733752746,0,72,Wednesday
mouse_1,2025-10-15,1200.0,3,20,103,1181.6102578639984,False Alarm,,1,54,Wednesday
mouse_1,2025-10-15,1200.0,3,20,104,1191.8158197402954,False Alarm,,1,2,Wednesday
mouse_1,2025-10-15,1200.0,3,20,105,1205.2868945598602,Miss,,0,5,Wednesday
mouse_1,2025-10-15,1200.0,3,20,106,1216.2390027046204,False Alarm,,1,7,Wednesday
mouse_1,2025-10-15,1200.0,3,20,107,1227.4460117816925,False Alarm,,1,7,Wednesday
mouse_1,2025-10-15,1200.0,3,20,108,1241.9056231975555,False Alarm,,1,5,Wednesday
mouse_1,2025-10-15,1200.0,3,20,109,1253.625820159912,False Alarm,,1,4,Wednesday
mouse_1,2025-10-15,1200.0,3,20,110,1266.096118927002,Hit,0.8877154067063202,0,49,Wednesday
mouse_1,2025-10-15,1200.0,3,20,111,1274.7983326911926,False Alarm,,1,18,Wednesday
mouse_1,2025-10-15,1200.0,3,20,112,1285.0013189315796,Miss,,0,5,Wednesday
mouse_1,2025-10-15,1200.0,3,20,113,1295.1998536586761,False Alarm,,1,5,Wednesday
mouse_1,2025-10-15,1200.0,3,20,114,1310.1627504825592,Hit,0.5334581398208229,0,65,Wednesday
mouse_1,2025-10-15,1200.0,3,20,115,1318.1091389656067,False Alarm,,1,38,Wednesday
mouse_1,2025-10-15,1200.0,3,20,116,1328.3152832984924,False Alarm,,1,4,Wednesday
mouse_1,2025-10-15,1200.0,3,20,117,1339.2754654884338,Hit,1.3644263168662292,0,57,Wednesday
mouse_1,2025-10-15,1200.0,3,20,118,1347.9782721996307,False Alarm,,1,31,Wednesday
mouse_1,2025-10-15,1200.0,3,20,119,1358.1947605609894,False Alarm,,1,4,Wednesday
mouse_1,2025-10-15,1200.0,3,20,120,1371.915246963501,Hit,1.926656950232882,0,51,Wednesday
mouse_1,2025-10-15,1200.0,3,20,121,1381.1201462745667,False Alarm,,1,26,Wednesday
mouse_1,2025-10-15,1200.0,3,20,122,1391.325038909912,False Alarm,,1,3,Wednesday
mouse_1,2025-10-15,1200.0,3,20,123,1404.0329568386078,Hit,1.0599592326727816,0,64,Wednesday
mouse_1,2025-10-15,1200.0,3,20,124,1413.9979610443115,False Alarm,,1,39,Wednesday
mouse_1,2025-10-15,1200.0,3,20,125,1424.1944243907928,False Alarm,,1,4,Wednesday
mouse_1,2025-10-15,1200.0,3,20,126,1437.154848575592,Miss,,0,9,Wednesday
mouse_1,2025-10-15,1200.0,3,20,127,1446.8572676181793,False Alarm,,1,6,Wednesday
mouse_1,2025-10-15,1200.0,3,20,128,1460.5743117332458,Hit,1.1906870945911123,0,41,Wednesday
mouse_1,2025-10-15,1200.0,3,20,129,1470.029090166092,False Alarm,,1,14,Wednesday
mouse_1,2025-10-15,1200.0,3,20,130,1480.2342684268951,False Alarm,,1,2,Wednesday
mouse_1,2025-10-15,1200.0,3,20,131,1493.9445667266846,Hit,0.3538581023210554,0,39,Wednesday
mouse_1,2025-10-15,1200.0,3,20,132,1502.148252248764,False Alarm,,1,13,Wednesday
mouse_1,2025-10-15,1200.0,3,20,133,1512.3541679382324,False Alarm,,1,5,Wednesday
mouse_1,2025-10-15,1200.0,3,20,134,1526.0643270015717,False Alarm,,1,6,Wednesday
mouse_1,2025-10-15,1200.0,3,20,135,1538.7841684818268,False Alarm,,1,6,Wednesday
mouse_1,2025-10-15,1200.0,3,20,136,1551.7342216968536,False Alarm,,1,7,Wednesday
mouse_1,2025-10-15,1200.0,3,20,137,1564.1944484710693,False Alarm,,1,8,Wednesday
mouse_1,2025-10-15,1200.0,3,20,138,1575.6652474403381,False Alarm,,1,9,Wednesday
mouse_1,2025-10-15,1200.0,3,20,139,1586.63436627388,False Alarm,,1,8,Wednesday
mouse_1,2025-10-15,1200.0,3,20,140,1600.3547048568726,False Alarm,,1,3,Wednesday
mouse_1,2025-10-15,1200.0,3,20,141,1612.566339969635,Hit,1.4817291507745267,0,30,Wednesday
mouse_1,2025-10-15,1200.0,3,20,142,1622.5185101032257,False Alarm,,1,7,Wednesday
mouse_1,2025-10-15,1200.0,3,20,143,1632.7246041297913,False Alarm,,1,6,Wednesday
mouse_1,2025-10-15,1200.0,3,20,144,1644.6844379901886,False Alarm,,1,4,Wednesday
mouse_1,2025-10-15,1200.0,3,20,145,1657.397471666336,False Alarm,,1,5,Wednesday
mouse_1,2025-10-15,1200.0,3,20,146,1669.1048510074615,False Alarm,,1,6,Wednesday
mouse_1,2025-10-15,1200.0,3,20,147,1680.808186531067,False Alarm,,1,5,Wednesday
mouse_1,2025-10-15,1200.0,3,20,148,1693.0247592926025,False Alarm,,1,7,Wednesday
mouse_1,2025-10-15,1200.0,3,20,149,1705.7449696063995,False Alarm,,1,7,Wednesday
mouse_1,2025-10-15,1200.0,3,20,150,1720.202821969986,False Alarm,,1,2,Wednesday
mouse_1,2025-10-15,1200.0,3,20,151,1733.4129281044006,Miss,,0,2,Wednesday
mouse_1,2025-10-15,1200.0,3,20,152,1743.8783810138702,False Alarm,,1,2,Wednesday
mouse_1,2025-10-15,1200.0,3,20,153,1755.0856401920319,Hit,2.1035656713524986,0,52,Wednesday
mouse_1,2025-10-15,1200.0,3,20,154,1764.5493795871735,False Alarm,,1,29,Wednesday
mouse_1,2025-10-15,1200.0,3,20,155,1774.755645275116,False Alarm,,1,3,Wednesday
mouse_1,2025-10-15,1200.0,3,20,156,1786.9648892879486,Hit,2.0414270190608477,0,42,Wednesday
mouse_1,2025-10-15,1200.0,3,20,157,1797.6791667938232,False Alarm,,1,13,Wednesday
mouse_1,2025-10-15,1200.0,3,20,158,1807.884784936905,Miss,,0,0,Wednesday
mouse_1,2025-10-16,1200.0,3,21,1,0.39133143424987793,False Alarm,,1,5,Thursday
mouse_1,2025-10-16,1200.0,3,21,2,14.100183963775635,False Alarm,,1,5,Thursday
mouse_1,2025-10-16,1200.0,3,21,3,27.559850454330444,False Alarm,,1,12,Thursday
mouse_1,2025-10-16,1200.0,3,21,4,39.26214599609375,False Alarm,,1,12,Thursday
mouse_1,2025-10-16,1200.0,3,21,5,50.71229362487793,False Alarm,,1,7,Thursday
mouse_1,2025-10-16,1200.0,3,21,6,61.92989897727966,False Alarm,,1,6,Thursday
mouse_1,2025-10-16,1200.0,3,21,7,72.89955472946167,False Alarm,,1,4,Thursday
mouse_1,2025-10-16,1200.0,3,21,8,84.6094765663147,False Alarm,,1,10,Thursday
mouse_1,2025-10-16,1200.0,3,21,9,96.07983064651489,False Alarm,,1,4,Thursday
mouse_1,2025-10-16,1200.0,3,21,10,109.54348611831665,Hit,0.8295969539165924,0,65,Thursday
mouse_1,2025-10-16,1200.0,3,21,11,118.9939591884613,False Alarm,,1,66,Thursday
mouse_1,2025-10-16,1200.0,3,21,12,129.19939851760864,False Alarm,,1,4,Thursday
mouse_1,2025-10-16,1200.0,3,21,13,140.65916633605957,False Alarm,,1,4,Thursday
mouse_1,2025-10-16,1200.0,3,21,14,152.36376667022705,False Alarm,,1,3,Thursday
mouse_1,2025-10-16,1200.0,3,21,15,163.82883977890015,False Alarm,,1,5,Thursday
mouse_1,2025-10-16,1200.0,3,21,16,175.03936457633972,False Alarm,,1,3,Thursday
mouse_1,2025-10-16,1200.0,3,21,17,187.99975991249084,Hit,1.0364593958475155,0,68,Thursday
mouse_1,2025-10-16,1200.0,3,21,18,196.9621865749359,False Alarm,,1,48,Thursday
mouse_1,2025-10-16,1200.0,3,21,19,207.16862869262695,False Alarm,,1,3,Thursday
mouse_1,2025-10-16,1200.0,3,21,20,217.88851976394653,False Alarm,,1,2,Thursday
mouse_1,2025-10-16,1200.0,3,21,21,231.5876705646515,Hit,1.269024486336889,0,39,Thursday
mouse_1,2025-10-16,1200.0,3,21,22,241.80209398269653,False Alarm,,1,13,Thursday
mouse_1,2025-10-16,1200.0,3,21,23,252.00855207443237,False Alarm,,1,2,Thursday
mouse_1,2025-10-16,1200.0,3,21,24,266.71998357772827,Miss,,0,0,Thursday
mouse_1,2025-10-16,1200.0,3,21,25,276.4131591320038,Miss,,0,4,Thursday
mouse_1,2025-10-16,1200.0,3,21,26,287.1112976074219,False Alarm,,1,8,Thursday
mouse_1,2025-10-16,1200.0,3,21,27,298.8123035430908,False Alarm,,1,4,Thursday
mouse_1,2025-10-16,1200.0,3,21,28,312.76841139793396,Hit,2.058547517007412,0,62,Thursday
mouse_1,2025-10-16,1200.0,3,21,29,323.47153401374817,False Alarm,,1,33,Thursday
mouse_1,2025-10-16,1200.0,3,21,30,333.672315120697,Hit,0.08120146352689517,0,52,Thursday
mouse_1,2025-10-16,1200.0,3,21,31,342.6212041378021,False Alarm,,1,25,Thursday
mouse_1,2025-10-16,1200.0,3,21,32,352.82052206993103,False Alarm,,1,5,Thursday
mouse_1,2025-10-16,1200.0,3,21,33,364.268283367157,False Alarm,,1,3,Thursday
mouse_1,2025-10-16,1200.0,3,21,34,375.7278788089752,Hit,0.4511200848313024,0,35,Thursday
mouse_1,2025-10-16,1200.0,3,21,35,385.182151556015,False Alarm,,1,12,Thursday
mouse_1,2025-10-16,1200.0,3,21,36,395.3975439071655,False Alarm,,1,7,Thursday
mouse_1,2025-10-16,1200.0,3,21,37,407.6077995300293,False Alarm,,1,7,Thursday
mouse_1,2025-10-16,1200.0,3,21,38,421.56223344802856,False Alarm,,1,3,Thursday
mouse_1,2025-10-16,1200.0,3,21,39,435.0275282859802,Hit,0.27182599147954534,0,60,Thursday
mouse_1,2025-10-16,1200.0,3,21,40,443.24060583114624,False Alarm,,1,31,Thursday
mouse_1,2025-10-16,1200.0,3,21,41,453.447402715683,Hit,0.789770980901892,0,69,Thursday
mouse_1,2025-10-16,1200.0,3,21,42,462.15070843696594,False Alarm,,1,58,Thursday
mouse_1,2025-10-16,1200.0,3,21,43,472.3669729232788,Hit,2.0338271485920814,0,57,Thursday
mouse_1,2025-10-16,1200.0,3,21,44,483.08084535598755,False Alarm,,1,43,Thursday
mouse_1,2025-10-16,1200.0,3,21,45,493.28085446357727,False Alarm,,1,6,Thursday
mouse_1,2025-10-16,1200.0,3,21,46,506.7577097415924,False Alarm,,1,3,Thursday
mouse_1,2025-10-16,1200.0,3,21,47,519.2185151576996,Hit,1.092347294595129,0,59,Thursday
mouse_1,2025-10-16,1200.0,3,21,48,527.411180973053,False Alarm,,1,30,Thursday
mouse_1,2025-10-16,1200.0,3,21,49,537.6169567108154,Miss,,0,3,Thursday
mouse_1,2025-10-16,1200.0,3,21,50,549.079402923584,Hit,0.08279780677025883,0,56,Thursday
mouse_1,2025-10-16,1200.0,3,21,51,557.7917563915253,False Alarm,,1,32,Thursday
mouse_1,2025-10-16,1200.0,3,21,52,568.246782541275,Hit,0.8091220754714641,0,40,Thursday
mouse_1,2025-10-16,1200.0,3,21,53,576.9605476856232,False Alarm,,1,23,Thursday
mouse_1,2025-10-16,1200.0,3,21,54,587.1668231487274,False Alarm,,1,13,Thursday
mouse_1,2025-10-16,1200.0,3,21,55,597.3719272613525,False Alarm,,1,8,Thursday
mouse_1,2025-10-16,1200.0,3,21,56,609.0765042304993,False Alarm,,1,5,Thursday
mouse_1,2025-10-16,1200.0,3,21,57,623.0322558879852,Miss,,0,0,Thursday
mouse_1,2025-10-16,1200.0,3,21,58,633.7389621734619,Hit,0.9482540526166758,0,65,Thursday
mouse_1,2025-10-16,1200.0,3,21,59,642.9372596740723,False Alarm,,1,36,Thursday
mouse_1,2025-10-16,1200.0,3,21,60,653.1358342170715,Hit (Calc),2.3359266797261853,0,5,Thursday
mouse_1,2025-10-16,1200.0,3,21,61,664.3388497829437,Hit,0.7286020550446892,0,34,Thursday
mouse_1,2025-10-16,1200.0,3,21,62,672.7895605564117,False Alarm,,1,9,Thursday
mouse_1,2025-10-16,1200.0,3,21,63,682.9957382678986,False Alarm,,1,12,Thursday
mouse_1,2025-10-16,1200.0,3,21,64,693.9621269702911,False Alarm,,1,5,Thursday
mouse_1,2025-10-16,1200.0,3,21,65,706.4155733585358,False Alarm,,1,5,Thursday
mouse_1,2025-10-16,1200.0,3,21,66,718.3759994506836,False Alarm,,1,3,Thursday
mouse_1,2025-10-16,1200.0,3,21,67,731.0964262485504,Miss,,0,14,Thursday
mouse_1,2025-10-16,1200.0,3,21,68,741.5478916168213,False Alarm,,1,7,Thursday
mouse_1,2025-10-16,1200.0,3,21,69,752.2467558383942,False Alarm,,1,3,Thursday
mouse_1,2025-10-16,1200.0,3,21,70,766.2051424980164,Hit,1.7582654839308134,0,54,Thursday
mouse_1,2025-10-16,1200.0,3,21,71,775.1668276786804,False Alarm,,1,29,Thursday
mouse_1,2025-10-16,1200.0,3,21,72,785.3670072555542,False Alarm,,1,2,Thursday
mouse_1,2025-10-16,1200.0,3,21,73,798.5749208927155,Hit,0.2975800752747091,0,71,Thursday
mouse_1,2025-10-16,1200.0,3,21,74,806.7782235145569,False Alarm,,1,50,Thursday
mouse_1,2025-10-16,1200.0,3,21,75,816.9848728179932,Hit,0.42339052199395155,0,67,Thursday
mouse_1,2025-10-16,1200.0,3,21,76,826.1879806518555,False Alarm,,1,46,Thursday
mouse_1,2025-10-16,1200.0,3,21,77,836.3872373104095,False Alarm,,1,12,Thursday
mouse_1,2025-10-16,1200.0,3,21,78,851.8546645641327,False Alarm,,1,6,Thursday
mouse_1,2025-10-16,1200.0,3,21,79,863.3146393299103,Hit,0.4996481176810903,0,61,Thursday
mouse_1,2025-10-16,1200.0,3,21,80,872.2684798240662,False Alarm,,1,31,Thursday
mouse_1,2025-10-16,1200.0,3,21,81,882.4741063117981,Hit,1.7308768211348706,0,42,Thursday
mouse_1,2025-10-16,1200.0,3,21,82,892.9274644851685,False Alarm,,1,12,Thursday
mouse_1,2025-10-16,1200.0,3,21,83,903.1197428703308,Hit,0.5904484606303413,0,44,Thursday
mouse_1,2025-10-16,1200.0,3,21,84,912.3182966709137,False Alarm,,1,15,Thursday
mouse_1,2025-10-16,1200.0,3,21,85,922.5161330699921,Hit,0.8231209015361856,0,41,Thursday
mouse_1,2025-10-16,1200.0,3,21,86,931.2182726860046,False Alarm,,1,15,Thursday
mouse_1,2025-10-16,1200.0,3,21,87,941.4238822460175,False Alarm,,1,1,Thursday
mouse_1,2025-10-16,1200.0,3,21,88,953.894036769867,Hit,1.1943634610372555,0,43,Thursday
mouse_1,2025-10-16,1200.0,3,21,89,962.8580226898193,False Alarm,,1,18,Thursday
mouse_1,2025-10-16,1200.0,3,21,90,973.063952922821,False Alarm,,1,8,Thursday
mouse_1,2025-10-16,1200.0,3,21,91,986.5346283912659,False Alarm,,1,7,Thursday
mouse_1,2025-10-16,1200.0,3,21,92,1000.747659444809,False Alarm,,1,8,Thursday
mouse_1,2025-10-16,1200.0,3,21,93,1014.4535431861877,False Alarm,,1,2,Thursday
mouse_1,2025-10-16,1200.0,3,21,94,1026.913302898407,Hit,0.6520561786533108,0,38,Thursday
mouse_1,2025-10-16,1200.0,3,21,95,1036.3670508861542,False Alarm,,1,9,Thursday
mouse_1,2025-10-16,1200.0,3,21,96,1046.5727126598358,Hit,0.5355124296113445,0,22,Thursday
mouse_1,2025-10-16,1200.0,3,21,97,1055.7775871753693,Hit,0.09290334753973184,0,35,Thursday
mouse_1,2025-10-16,1200.0,3,21,98,1064.9775907993317,False Alarm,,1,11,Thursday
mouse_1,2025-10-16,1200.0,3,21,99,1075.1930575370789,Hit,0.7693629059590421,0,56,Thursday
mouse_1,2025-10-16,1200.0,3,21,100,1083.1468632221222,False Alarm,,1,28,Thursday
mouse_1,2025-10-16,1200.0,3,21,101,1093.3533453941345,False Alarm,,1,6,Thursday
mouse_1,2025-10-16,1200.0,3,21,102,1106.5731778144836,False Alarm,,1,5,Thursday
mouse_1,2025-10-16,1200.0,3,21,103,1117.7836282253265,False Alarm,,1,7,Thursday
mouse_1,2025-10-16,1200.0,3,21,104,1128.9933450222015,False Alarm,,1,11,Thursday
mouse_1,2025-10-16,1200.0,3,21,105,1141.9535160064697,False Alarm,,1,4,Thursday
mouse_1,2025-10-16,1200.0,3,21,106,1156.6555128097534,Hit,2.1855845120369395,0,39,Thursday
mouse_1,2025-10-16,1200.0,3,21,107,1166.6168050765991,False Alarm,,1,11,Thursday
mouse_1,2025-10-16,1200.0,3,21,108,1176.823349237442,False Alarm,,1,1,Thursday
mouse_1,2025-10-16,1200.0,3,21,109,1190.2924346923828,Hit,1.9675454619023185,0,43,Thursday
mouse_1,2025-10-16,1200.0,3,21,110,1199.746304512024,False Alarm,,1,17,Thursday
mouse_1,2025-10-16,1200.0,3,21,111,1209.9523186683655,False Alarm,,1,3,Thursday
mouse_1,2025-10-16,1200.0,3,21,112,1224.663076877594,Hit,0.5132091249031419,0,41,Thursday
mouse_1,2025-10-16,1200.0,3,21,113,1233.8666274547577,False Alarm,,1,15,Thursday
mouse_1,2025-10-16,1200.0,3,21,114,1244.0825967788696,Hit (Calc),2.8677467227964826,0,4,Thursday
mouse_1,2025-10-16,1200.0,3,21,115,1254.5359563827515,Hit,1.8193417058025716,0,62,Thursday
mouse_1,2025-10-16,1200.0,3,21,116,1265.496793270111,False Alarm,,1,34,Thursday
mouse_1,2025-10-16,1200.0,3,21,117,1275.6958677768707,Hit,0.4160875150123502,0,11,Thursday
mouse_1,2025-10-16,1200.0,3,21,118,1284.1569480895996,Hit,0.18314236458127198,0,33,Thursday
mouse_1,2025-10-16,1200.0,3,21,119,1293.3566036224365,False Alarm,,1,7,Thursday
mouse_1,2025-10-16,1200.0,3,21,120,1303.5623362064362,False Alarm,,1,7,Thursday
mouse_1,2025-10-16,1200.0,3,21,121,1316.2726256847382,False Alarm,,1,8,Thursday
mouse_1,2025-10-16,1200.0,3,21,122,1329.982394695282,False Alarm,,1,6,Thursday
mouse_1,2025-10-16,1200.0,3,21,123,1343.6929037570953,False Alarm,,1,6,Thursday
mouse_1,2025-10-16,1200.0,3,21,124,1357.4032208919525,Hit,1.3062042170879522,0,47,Thursday
mouse_1,2025-10-16,1200.0,3,21,125,1366.1056244373322,False Alarm,,1,21,Thursday
mouse_1,2025-10-16,1200.0,3,21,126,1376.3131334781647,False Alarm,,1,5,Thursday
mouse_1,2025-10-16,1200.0,3,21,127,1390.0236973762512,Hit,0.3302643759191142,0,47,Thursday
mouse_1,2025-10-16,1200.0,3,21,128,1398.475777387619,False Alarm,,1,21,Thursday
mouse_1,2025-10-16,1200.0,3,21,129,1408.691550731659,Hit,0.5787185679628237,0,39,Thursday
mouse_1,2025-10-16,1200.0,3,21,130,1416.64328789711,False Alarm,,1,13,Thursday
mouse_1,2025-10-16,1200.0,3,21,131,1426.8417325019836,False Alarm,,1,4,Thursday
mouse_1,2025-10-16,1200.0,3,21,132,1441.0621156692505,Hit,2.119750539401821,0,41,Thursday
mouse_1,2025-10-16,1200.0,3,21,133,1450.7660553455353,False Alarm,,1,14,Thursday
mouse_1,2025-10-16,1200.0,3,21,134,1460.9813342094421,False Alarm,,1,9,Thursday
mouse_1,2025-10-16,1200.0,3,21,135,1476.4412269592285,False Alarm,,1,6,Thursday
mouse_1,2025-10-16,1200.0,3,21,136,1488.1538343429565,False Alarm,,1,8,Thursday
mouse_1,2025-10-16,1200.0,3,21,137,1502.871996641159,False Alarm,,1,3,Thursday
mouse_1,2025-10-16,1200.0,3,21,138,1513.3310945034027,Hit,1.7685260230985023,0,39,Thursday
mouse_1,2025-10-16,1200.0,3,21,139,1522.294641494751,False Alarm,,1,13,Thursday
mouse_1,2025-10-16,1200.0,3,21,140,1532.5010311603546,False Alarm,,1,6,Thursday
mouse_1,2025-10-16,1200.0,3,21,141,1545.962459564209,False Alarm,,1,6,Thursday
mouse_1,2025-10-16,1200.0,3,21,142,1557.1803345680237,False Alarm,,1,3,Thursday
mouse_1,2025-10-16,1200.0,3,21,143,1570.3793597221375,Hit,0.774059580043513,0,44,Thursday
mouse_1,2025-10-16,1200.0,3,21,144,1579.321736574173,False Alarm,,1,16,Thursday
mouse_1,2025-10-16,1200.0,3,21,145,1589.5207693576813,False Alarm,,1,4,Thursday
mouse_1,2025-10-16,1200.0,3,21,146,1601.4721131324768,Hit,0.41782298709699717,0,33,Thursday
mouse_1,2025-10-16,1200.0,3,21,147,1609.424204826355,False Alarm,,1,7,Thursday
mouse_1,2025-10-16,1200.0,3,21,148,1619.6304790973663,Hit,0.8323429760980616,0,52,Thursday
mouse_1,2025-10-16,1200.0,3,21,149,1628.8318877220154,False Alarm,,1,24,Thursday
mouse_1,2025-10-16,1200.0,3,21,150,1639.030419588089,False Alarm,,1,4,Thursday
mouse_1,2025-10-16,1200.0,3,21,151,1651.7508385181427,False Alarm,,1,5,Thursday
mouse_1,2025-10-16,1200.0,3,21,152,1666.222125530243,False Alarm,,1,2,Thursday
mouse_1,2025-10-16,1200.0,3,21,153,1678.1802217960358,False Alarm,,1,8,Thursday
mouse_1,2025-10-16,1200.0,3,21,154,1696.1405549049377,False Alarm,,1,3,Thursday
mouse_1,2025-10-16,1200.0,3,21,155,1707.860295534134,False Alarm,,1,5,Thursday
mouse_1,2025-10-16,1200.0,3,21,156,1726.0712769031525,Hit,0.12936765476320033,0,48,Thursday
mouse_1,2025-10-16,1200.0,3,21,157,1735.2736217975616,False Alarm,,1,21,Thursday
mouse_1,2025-10-16,1200.0,3,21,158,1745.4802255630493,False Alarm,,1,3,Thursday
mouse_1,2025-10-16,1200.0,3,21,159,1759.4413146972656,Hit,0.4374610540919548,0,44,Thursday
mouse_1,2025-10-16,1200.0,3,21,160,1767.644045829773,False Alarm,,1,15,Thursday
mouse_1,2025-10-16,1200.0,3,21,161,1777.8502628803253,Hit,0.07866679388507691,0,23,Thursday
mouse_1,2025-10-16,1200.0,3,21,162,1786.8137888908386,Hit,1.9949550478859237,0,23,Thursday
mouse_1,2025-10-16,1200.0,3,21,163,1796.0137650966644,Miss,,0,0,Thursday
mouse_1,2025-10-16,1200.0,3,22,1,0.3758378028869629,Hit,0.8811093698369197,0,46,Thursday
mouse_1,2025-10-16,1200.0,3,22,2,9.582050800323486,False Alarm,,1,27,Thursday
mouse_1,2025-10-16,1200.0,3,22,3,19.788964986801147,False Alarm,,1,14,Thursday
mouse_1,2025-10-16,1200.0,3,22,4,32.23881006240845,False Alarm,,1,14,Thursday
mouse_1,2025-10-16,1200.0,3,22,5,44.94491982460022,False Alarm,,1,12,Thursday
mouse_1,2025-10-16,1200.0,3,22,6,56.90843224525452,False Alarm,,1,12,Thursday
mouse_1,2025-10-16,1200.0,3,22,7,67.36351156234741,False Alarm,,1,8,Thursday
mouse_1,2025-10-16,1200.0,3,22,8,78.81178903579712,False Alarm,,1,12,Thursday
mouse_1,2025-10-16,1200.0,3,22,9,89.51845645904541,False Alarm,,1,5,Thursday
mouse_1,2025-10-16,1200.0,3,22,10,102.47815442085266,Hit,2.2452967071479293,0,56,Thursday
mouse_1,2025-10-16,1200.0,3,22,11,112.44290661811829,False Alarm,,1,66,Thursday
mouse_1,2025-10-16,1200.0,3,22,12,122.6483302116394,False Alarm,,1,33,Thursday
mouse_1,2025-10-16,1200.0,3,22,13,132.85813426971436,Miss,,0,6,Thursday
mouse_1,2025-10-16,1200.0,3,22,14,143.5714828968048,Hit,0.1895369959414097,0,59,Thursday
mouse_1,2025-10-16,1200.0,3,22,15,151.02257251739502,False Alarm,,1,64,Thursday
mouse_1,2025-10-16,1200.0,3,22,16,161.2286672592163,False Alarm,,1,17,Thursday
mouse_1,2025-10-16,1200.0,3,22,17,172.6983346939087,False Alarm,,1,2,Thursday
mouse_1,2025-10-16,1200.0,3,22,18,185.90844202041626,False Alarm,,1,11,Thursday
mouse_1,2025-10-16,1200.0,3,22,19,201.368577003479,Hit,0.9904729562576335,0,51,Thursday
mouse_1,2025-10-16,1200.0,3,22,20,209.81287479400635,False Alarm,,1,50,Thursday
mouse_1,2025-10-16,1200.0,3,22,21,220.01872563362122,False Alarm,,1,12,Thursday
mouse_1,2025-10-16,1200.0,3,22,22,230.71807527542114,False Alarm,,1,10,Thursday
mouse_1,2025-10-16,1200.0,3,22,23,241.17888474464417,Miss,,0,7,Thursday
mouse_1,2025-10-16,1200.0,3,22,24,252.38272333145142,False Alarm,,1,7,Thursday
mouse_1,2025-10-16,1200.0,3,22,25,265.59113359451294,Hit,0.4701266746112083,0,38,Thursday
mouse_1,2025-10-16,1200.0,3,22,26,274.043030500412,False Alarm,,1,16,Thursday
mouse_1,2025-10-16,1200.0,3,22,27,284.24363231658936,False Alarm,,1,14,Thursday
mouse_1,2025-10-16,1200.0,3,22,28,296.6994466781616,False Alarm,,1,10,Thursday
mouse_1,2025-10-16,1200.0,3,22,29,307.1594593524933,False Alarm,,1,7,Thursday
mouse_1,2025-10-16,1200.0,3,22,30,320.869624376297,Hit,1.7013892793781906,0,58,Thursday
mouse_1,2025-10-16,1200.0,3,22,31,330.57265186309814,False Alarm,,1,33,Thursday
mouse_1,2025-10-16,1200.0,3,22,32,340.77921295166016,False Alarm,,1,10,Thursday
mouse_1,2025-10-16,1200.0,3,22,33,353.4996907711029,False Alarm,,1,5,Thursday
mouse_1,2025-10-16,1200.0,3,22,34,367.45985102653503,Miss,,0,6,Thursday
mouse_1,2025-10-16,1200.0,3,22,35,377.66319012641907,False Alarm,,1,12,Thursday
mouse_1,2025-10-16,1200.0,3,22,36,391.8700635433197,False Alarm,,1,9,Thursday
mouse_1,2025-10-16,1200.0,3,22,37,403.0798234939575,False Alarm,,1,6,Thursday
mouse_1,2025-10-16,1200.0,3,22,38,415.28353548049927,False Alarm,,1,9,Thursday
mouse_1,2025-10-16,1200.0,3,22,39,430.24954414367676,False Alarm,,1,6,Thursday
mouse_1,2025-10-16,1200.0,3,22,40,442.22062945365906,False Alarm,,1,8,Thursday
mouse_1,2025-10-16,1200.0,3,22,41,453.68043756484985,False Alarm,,1,4,Thursday
mouse_1,2025-10-16,1200.0,3,22,42,466.6310336589813,Miss,,0,0,Thursday
mouse_1,2025-10-16,1200.0,3,22,43,477.5831859111786,Miss,,0,5,Thursday
mouse_1,2025-10-16,1200.0,3,22,44,487.29300689697266,False Alarm,,1,61,Thursday
mouse_1,2025-10-16,1200.0,3,22,45,498.2503409385681,False Alarm,,1,83,Thursday
mouse_1,2025-10-16,1200.0,3,22,46,508.45344948768616,False Alarm,,1,81,Thursday
mouse_1,2025-10-16,1200.0,3,22,47,518.6536650657654,False Alarm,,1,52,Thursday
mouse_1,2025-10-16,1200.0,3,22,48,530.3696413040161,False Alarm,,1,42,Thursday
mouse_1,2025-10-16,1200.0,3,22,49,540.8302426338196,False Alarm,,1,30,Thursday
mouse_1,2025-10-16,1200.0,3,22,50,551.2899284362793,False Alarm,,1,48,Thursday
mouse_1,2025-10-16,1200.0,3,22,51,561.4932677745819,False Alarm,,1,46,Thursday
mouse_1,2025-10-16,1200.0,3,22,52,573.9504208564758,False Alarm,,1,47,Thursday
mouse_1,2025-10-16,1200.0,3,22,53,584.1505379676819,False Alarm,,1,22,Thursday
mouse_1,2025-10-16,1200.0,3,22,54,597.3508515357971,False Alarm,,1,11,Thursday
mouse_1,2025-10-16,1200.0,3,22,55,611.3135759830475,False Alarm,,1,12,Thursday
mouse_1,2025-10-16,1200.0,3,22,56,623.2807681560516,False Alarm,,1,14,Thursday
mouse_1,2025-10-16,1200.0,3,22,57,636.2334349155426,False Alarm,,1,6,Thursday
mouse_1,2025-10-16,1200.0,3,22,58,646.9335572719574,False Alarm,,1,5,Thursday
mouse_1,2025-10-16,1200.0,3,22,59,659.8953623771667,False Alarm,,1,8,Thursday
mouse_1,2025-10-16,1200.0,3,22,60,670.5998592376709,False Alarm,,1,4,Thursday
mouse_1,2025-10-16,1200.0,3,22,61,680.810271024704,False Alarm,,1,2,Thursday
mouse_1,2025-10-16,1200.0,3,22,62,693.7709681987762,Hit,1.2239592691254302,0,72,Thursday
mouse_1,2025-10-16,1200.0,3,22,63,702.9835307598114,False Alarm,,1,48,Thursday
mouse_1,2025-10-16,1200.0,3,22,64,713.1903021335602,False Alarm,,1,15,Thursday
mouse_1,2025-10-16,1200.0,3,22,65,724.9101114273071,False Alarm,,1,11,Thursday
mouse_1,2025-10-16,1200.0,3,22,66,737.6200158596039,False Alarm,,1,11,Thursday
mouse_1,2025-10-16,1200.0,3,22,67,748.0732672214508,False Alarm,,1,6,Thursday
mouse_1,2025-10-16,1200.0,3,22,68,762.2733678817749,False Alarm,,1,11,Thursday
mouse_1,2025-10-16,1200.0,3,22,69,772.4874370098114,False Alarm,,1,7,Thursday
mouse_1,2025-10-16,1200.0,3,22,70,786.4505517482758,Miss,,0,4,Thursday
mouse_1,2025-10-16,1200.0,3,22,71,797.1632108688354,False Alarm,,1,10,Thursday
mouse_1,2025-10-16,1200.0,3,22,72,808.6297829151154,False Alarm,,1,10,Thursday
mouse_1,2025-10-16,1200.0,3,22,73,818.8397657871246,False Alarm,,1,8,Thursday
mouse_1,2025-10-16,1200.0,3,22,74,831.0502710342407,Hit (Calc),2.8382066035565003,0,2,Thursday
mouse_1,2025-10-16,1200.0,3,22,75,840.763115644455,Miss,,0,0,Thursday
mouse_1,2025-10-16,1200.0,3,22,76,851.9729113578796,Hit,0.49627271961958286,0,78,Thursday
mouse_1,2025-10-16,1200.0,3,22,77,861.1742832660675,False Alarm,,1,82,Thursday
mouse_1,2025-10-16,1200.0,3,22,78,871.3802089691162,Hit,2.0862951150395475,0,67,Thursday
mouse_1,2025-10-16,1200.0,3,22,79,881.0930325984955,False Alarm,,1,65,Thursday
mouse_1,2025-10-16,1200.0,3,22,80,891.2896149158478,Hit,0.5506843914565707,0,67,Thursday
mouse_1,2025-10-16,1200.0,3,22,81,899.2331442832947,False Alarm,,1,67,Thursday
mouse_1,2025-10-16,1200.0,3,22,82,909.4395999908447,False Alarm,,1,17,Thursday
mouse_1,2025-10-16,1200.0,3,22,83,923.1496722698212,False Alarm,,1,6,Thursday
mouse_1,2025-10-16,1200.0,3,22,84,936.3599474430084,False Alarm,,1,6,Thursday
mouse_1,2025-10-16,1200.0,3,22,85,949.819408416748,False Alarm,,1,4,Thursday
mouse_1,2025-10-16,1200.0,3,22,86,963.5235526561737,Hit,1.103992200933476,0,55,Thursday
mouse_1,2025-10-16,1200.0,3,22,87,973.7325403690338,False Alarm,,1,30,Thursday
mouse_1,2025-10-16,1200.0,3,22,88,983.929113149643,False Alarm,,1,3,Thursday
mouse_1,2025-10-16,1200.0,3,22,89,998.8799970149994,Miss,,0,3,Thursday
mouse_1,2025-10-16,1200.0,3,22,90,1008.5826823711395,Hit,1.3741651444954641,0,73,Thursday
mouse_1,2025-10-16,1200.0,3,22,91,1018.7834556102753,False Alarm,,1,58,Thursday
mouse_1,2025-10-16,1200.0,3,22,92,1028.9890580177307,False Alarm,,1,7,Thursday
mouse_1,2025-10-16,1200.0,3,22,93,1042.4607367515564,False Alarm,,1,9,Thursday
mouse_1,2025-10-16,1200.0,3,22,94,1055.1807646751404,Hit,0.9752431153629004,0,74,Thursday
mouse_1,2025-10-16,1200.0,3,22,95,1064.6329627037048,False Alarm,,1,72,Thursday
mouse_1,2025-10-16,1200.0,3,22,96,1074.8391914367676,Hit,0.5029351983646393,0,69,Thursday
mouse_1,2025-10-16,1200.0,3,22,97,1082.550797700882,False Alarm,,1,55,Thursday
mouse_1,2025-10-16,1200.0,3,22,98,1092.7591888904572,False Alarm,,1,5,Thursday
mouse_1,2025-10-16,1200.0,3,22,99,1107.465827703476,False Alarm,,1,13,Thursday
mouse_1,2025-10-16,1200.0,3,22,100,1120.1735413074493,False Alarm,,1,13,Thursday
mouse_1,2025-10-16,1200.0,3,22,101,1130.3734652996063,False Alarm,,1,6,Thursday
mouse_1,2025-10-16,1200.0,3,22,102,1144.840409040451,Hit,0.8281320927474098,0,66,Thursday
mouse_1,2025-10-16,1200.0,3,22,103,1153.054524898529,False Alarm,,1,43,Thursday
mouse_1,2025-10-16,1200.0,3,22,104,1163.2535569667816,False Alarm,,1,14,Thursday
mouse_1,2025-10-16,1200.0,3,22,105,1175.730527639389,False Alarm,,1,9,Thursday
mouse_1,2025-10-16,1200.0,3,22,106,1189.6908898353577,Hit,1.3390047493753627,0,1,Thursday
mouse_1,2025-10-16,1200.0,3,22,107,1198.8935279846191,Hit,1.456969817648087,0,73,Thursday
mouse_1,2025-10-16,1200.0,3,22,108,1207.8459839820862,False Alarm,,1,69,Thursday
mouse_1,2025-10-16,1200.0,3,22,109,1218.04358959198,Hit,1.1971249554947008,0,60,Thursday
mouse_1,2025-10-16,1200.0,3,22,110,1227.2554936408997,False Alarm,,1,35,Thursday
mouse_1,2025-10-16,1200.0,3,22,111,1237.46128988266,False Alarm,,1,5,Thursday
mouse_1,2025-10-16,1200.0,3,22,112,1248.1809132099152,Hit,0.03337952283982304,0,29,Thursday
mouse_1,2025-10-16,1200.0,3,22,113,1257.1449928283691,False Alarm,,1,10,Thursday
mouse_1,2025-10-16,1200.0,3,22,114,1267.3508336544037,Hit,0.4546492738490997,0,43,Thursday
mouse_1,2025-10-16,1200.0,3,22,115,1275.3033065795898,False Alarm,,1,31,Thursday
mouse_1,2025-10-16,1200.0,3,22,116,1285.5012662410736,False Alarm,,1,23,Thursday
mouse_1,2025-10-16,1200.0,3,22,117,1298.4620039463043,False Alarm,,1,5,Thursday
mouse_1,2025-10-16,1200.0,3,22,118,1309.1822817325592,Hit,0.8565439013159448,0,75,Thursday
mouse_1,2025-10-16,1200.0,3,22,119,1318.894418478012,False Alarm,,1,72,Thursday
mouse_1,2025-10-16,1200.0,3,22,120,1329.1010398864746,False Alarm,,1,7,Thursday
mouse_1,2025-10-16,1200.0,3,22,121,1342.3112988471985,Hit,1.645248378850738,0,74,Thursday
mouse_1,2025-10-16,1200.0,3,22,122,1351.2633526325226,False Alarm,,1,71,Thursday
mouse_1,2025-10-16,1200.0,3,22,123,1361.466777086258,False Alarm,,1,12,Thursday
mouse_1,2025-10-16,1200.0,3,22,124,1375.1818804740906,False Alarm,,1,14,Thursday
mouse_1,2025-10-16,1200.0,3,22,125,1385.8904383182526,False Alarm,,1,9,Thursday
mouse_1,2025-10-16,1200.0,3,22,126,1396.0835738182068,False Alarm,,1,11,Thursday
mouse_1,2025-10-16,1200.0,3,22,127,1406.5505471229553,False Alarm,,1,9,Thursday
mouse_1,2025-10-16,1200.0,3,22,128,1418.2708127498627,False Alarm,,1,14,Thursday
mouse_1,2025-10-16,1200.0,3,22,129,1429.7305948734283,False Alarm,,1,14,Thursday
mouse_1,2025-10-16,1200.0,3,22,130,1443.6905057430267,False Alarm,,1,7,Thursday
mouse_1,2025-10-16,1200.0,3,22,131,1455.1604590415955,False Alarm,,1,9,Thursday
mouse_1,2025-10-16,1200.0,3,22,132,1468.870515346527,False Alarm,,1,8,Thursday
mouse_1,2025-10-16,1200.0,3,22,133,1482.831378698349,False Alarm,,1,9,Thursday
mouse_1,2025-10-16,1200.0,3,22,134,1494.5501356124878,Hit,1.1036162734749269,0,66,Thursday
mouse_1,2025-10-16,1200.0,3,22,135,1504.5135383605957,False Alarm,,1,39,Thursday
mouse_1,2025-10-16,1200.0,3,22,136,1514.7104580402374,False Alarm,,1,9,Thursday
mouse_1,2025-10-16,1200.0,3,22,137,1524.930002450943,False Alarm,,1,2,Thursday
mouse_1,2025-10-16,1200.0,3,22,138,1537.8834269046783,Hit,1.7176422333600385,0,75,Thursday
mouse_1,2025-10-16,1200.0,3,22,139,1547.5835845470428,False Alarm,,1,51,Thursday
mouse_1,2025-10-16,1200.0,3,22,140,1557.7798948287964,Hit,1.943499514500445,0,53,Thursday
mouse_1,2025-10-16,1200.0,3,22,141,1568.492350578308,False Alarm,,1,27,Thursday
mouse_1,2025-10-16,1200.0,3,22,142,1578.7002484798431,False Alarm,,1,2,Thursday
mouse_1,2025-10-16,1200.0,3,22,143,1591.411128282547,Miss,,0,4,Thursday
mouse_1,2025-10-16,1200.0,3,22,144,1601.1144576072693,False Alarm,,1,13,Thursday
mouse_1,2025-10-16,1200.0,3,22,145,1613.0800204277039,False Alarm,,1,9,Thursday
mouse_1,2025-10-16,1200.0,3,22,146,1627.0235440731049,False Alarm,,1,6,Thursday
mouse_1,2025-10-16,1200.0,3,22,147,1640.730315208435,Hit,1.2745762920237667,0,71,Thursday
mouse_1,2025-10-16,1200.0,3,22,148,1649.1812958717346,False Alarm,,1,57,Thursday
mouse_1,2025-10-16,1200.0,3,22,149,1659.380491733551,Hit,0.2984387453295767,0,47,Thursday
mouse_1,2025-10-16,1200.0,3,22,150,1667.5818104743958,False Alarm,,1,31,Thursday
mouse_1,2025-10-16,1200.0,3,22,151,1677.7900369167328,False Alarm,,1,42,Thursday
mouse_1,2025-10-16,1200.0,3,22,152,1692.0094091892242,False Alarm,,1,1,Thursday
mouse_1,2025-10-16,1200.0,3,22,153,1702.2081079483032,Hit,1.7774138972017681,0,56,Thursday
mouse_1,2025-10-16,1200.0,3,22,154,1711.6735553741455,False Alarm,,1,31,Thursday
mouse_1,2025-10-16,1200.0,3,22,155,1721.8708832263947,Hit,0.6749272920719704,0,71,Thursday
mouse_1,2025-10-16,1200.0,3,22,156,1731.0630114078522,False Alarm,,1,55,Thursday
mouse_1,2025-10-16,1200.0,3,22,157,1741.2594938278198,False Alarm,,1,10,Thursday
mouse_1,2025-10-16,1200.0,3,22,158,1755.2198536396027,False Alarm,,1,7,Thursday
mouse_1,2025-10-16,1200.0,3,22,159,1769.1890115737915,Hit,1.0969070115877457,0,68,Thursday
mouse_1,2025-10-16,1200.0,3,22,160,1777.6432266235352,False Alarm,,1,47,Thursday
mouse_1,2025-10-16,1200.0,3,22,161,1787.849526643753,False Alarm,,1,6,Thursday
mouse_1,2025-10-16,1200.0,3,22,162,1798.0595002174377,Miss,,0,0,Thursday
mouse_1,2025-10-17,1800.0,0,-1,-1,,No Trial,,0,0,Friday
mouse_1,2025-10-18,1800.0,0,-1,-1,,No Trial,,0,0,Saturday
mouse_1,2025-10-19,1200.0,3,23,1,0.3917205333709717,False Alarm,,1,6,Sunday
mouse_1,2025-10-19,1200.0,3,23,2,13.103950023651123,False Alarm,,1,9,Sunday
mouse_1,2025-10-19,1200.0,3,23,3,25.046021461486816,False Alarm,,1,13,Sunday
mouse_1,2025-10-19,1200.0,3,23,4,39.75560712814331,False Alarm,,1,5,Sunday
mouse_1,2025-10-19,1200.0,3,23,5,50.466119050979614,Hit,1.0068387606640457,0,72,Sunday
mouse_1,2025-10-19,1200.0,3,23,6,59.92605376243591,False Alarm,,1,62,Sunday
mouse_1,2025-10-19,1200.0,3,23,7,70.13391757011414,Hit,2.0426443915136616,0,44,Sunday
mouse_1,2025-10-19,1200.0,3,23,8,79.58712983131409,False Alarm,,1,15,Sunday
mouse_1,2025-10-19,1200.0,3,23,9,89.8037519454956,Hit,1.6398542197237305,0,57,Sunday
mouse_1,2025-10-19,1200.0,3,23,10,99.50741386413574,False Alarm,,1,38,Sunday
mouse_1,2025-10-19,1200.0,3,23,11,109.69610857963562,Hit,1.8419747487584033,0,42,Sunday
mouse_1,2025-10-19,1200.0,3,23,12,120.64603352546692,False Alarm,,1,19,Sunday
mouse_1,2025-10-19,1200.0,3,23,13,130.844628572464,False Alarm,,1,11,Sunday
mouse_1,2025-10-19,1200.0,3,23,14,141.80382466316223,False Alarm,,1,15,Sunday
mouse_1,2025-10-19,1200.0,3,23,15,152.75609970092773,Hit,0.00609605604790886,0,66,Sunday
mouse_1,2025-10-19,1200.0,3,23,16,159.95580983161926,False Alarm,,1,47,Sunday
mouse_1,2025-10-19,1200.0,3,23,17,170.14973616600037,False Alarm,,1,7,Sunday
mouse_1,2025-10-19,1200.0,3,23,18,183.10353183746338,Hit,0.813444203261497,0,73,Sunday
mouse_1,2025-10-19,1200.0,3,23,19,193.04668855667114,False Alarm,,1,47,Sunday
mouse_1,2025-10-19,1200.0,3,23,20,203.25361561775208,False Alarm,,1,4,Sunday
mouse_1,2025-10-19,1200.0,3,23,21,214.4631805419922,Hit,0.7776730074740783,0,77,Sunday
mouse_1,2025-10-19,1200.0,3,23,22,223.17573142051697,False Alarm,,1,57,Sunday
mouse_1,2025-10-19,1200.0,3,23,23,233.36575055122375,False Alarm,,1,2,Sunday
mouse_1,2025-10-19,1200.0,3,23,24,246.57326126098633,Miss,,0,10,Sunday
mouse_1,2025-10-19,1200.0,3,23,25,256.7762219905853,False Alarm,,1,8,Sunday
mouse_1,2025-10-19,1200.0,3,23,26,268.4839816093445,False Alarm,,1,11,Sunday
mouse_1,2025-10-19,1200.0,3,23,27,282.44276881217957,False Alarm,,1,7,Sunday
mouse_1,2025-10-19,1200.0,3,23,28,293.14274883270264,False Alarm,,1,7,Sunday
mouse_1,2025-10-19,1200.0,3,23,29,308.10600328445435,False Alarm,,1,2,Sunday
mouse_1,2025-10-19,1200.0,3,23,30,322.063374042511,Hit,1.9317031870646133,0,65,Sunday
mouse_1,2025-10-19,1200.0,3,23,31,331.76702308654785,False Alarm,,1,40,Sunday
mouse_1,2025-10-19,1200.0,3,23,32,341.97197222709656,False Alarm,,1,6,Sunday
mouse_1,2025-10-19,1200.0,3,23,33,356.4327070713043,False Alarm,,1,4,Sunday
mouse_1,2025-10-19,1200.0,3,23,34,366.63317823410034,False Alarm,,1,5,Sunday
mouse_1,2025-10-19,1200.0,3,23,35,378.5927519798279,False Alarm,,1,3,Sunday
mouse_1,2025-10-19,1200.0,3,23,36,392.2995357513428,Hit,0.2570339404367701,0,35,Sunday
mouse_1,2025-10-19,1200.0,3,23,37,401.49557542800903,False Alarm,,1,21,Sunday
mouse_1,2025-10-19,1200.0,3,23,38,411.70217394828796,False Alarm,,1,13,Sunday
mouse_1,2025-10-19,1200.0,3,23,39,423.42228841781616,False Alarm,,1,6,Sunday
mouse_1,2025-10-19,1200.0,3,23,40,436.88363456726074,False Alarm,,1,2,Sunday
mouse_1,2025-10-19,1200.0,3,23,41,450.34377241134644,Hit,1.5874998509958687,0,72,Sunday
mouse_1,2025-10-19,1200.0,3,23,42,459.29603695869446,False Alarm,,1,59,Sunday
mouse_1,2025-10-19,1200.0,3,23,43,469.49647879600525,Hit,1.670011646575631,0,65,Sunday
mouse_1,2025-10-19,1200.0,3,23,44,479.9459755420685,False Alarm,,1,38,Sunday
mouse_1,2025-10-19,1200.0,3,23,45,490.14601969718933,Hit,1.1278976076676486,0,76,Sunday
mouse_1,2025-10-19,1200.0,3,23,46,498.8457715511322,False Alarm,,1,80,Sunday
mouse_1,2025-10-19,1200.0,3,23,47,509.0518317222595,Hit,0.0816943067683269,0,73,Sunday
mouse_1,2025-10-19,1200.0,3,23,48,516.5050137042999,False Alarm,,1,58,Sunday
mouse_1,2025-10-19,1200.0,3,23,49,526.7060787677765,False Alarm,,1,9,Sunday
mouse_1,2025-10-19,1200.0,3,23,50,538.9121372699738,Hit,1.621969108541748,0,45,Sunday
mouse_1,2025-10-19,1200.0,3,23,51,549.115430355072,False Alarm,,1,27,Sunday
mouse_1,2025-10-19,1200.0,3,23,52,559.3214645385742,False Alarm,,1,10,Sunday
mouse_1,2025-10-19,1200.0,3,23,53,573.7770888805389,False Alarm,,1,7,Sunday
mouse_1,2025-10-19,1200.0,3,23,54,587.9844801425934,False Alarm,,1,6,Sunday
mouse_1,2025-10-19,1200.0,3,23,55,599.4459526538849,Hit,0.8902724864237825,0,55,Sunday
mouse_1,2025-10-19,1200.0,3,23,56,608.3947882652283,False Alarm,,1,32,Sunday
mouse_1,2025-10-19,1200.0,3,23,57,618.5951459407806,False Alarm,,1,6,Sunday
mouse_1,2025-10-19,1200.0,3,23,58,629.0511903762817,False Alarm,,1,9,Sunday
mouse_1,2025-10-19,1200.0,3,23,59,643.76034283638,False Alarm,,1,7,Sunday
mouse_1,2025-10-19,1200.0,3,23,60,657.9760584831238,False Alarm,,1,6,Sunday
mouse_1,2025-10-19,1200.0,3,23,61,668.931441783905,False Alarm,,1,6,Sunday
mouse_1,2025-10-19,1200.0,3,23,62,682.6339311599731,False Alarm,,1,7,Sunday
mouse_1,2025-10-19,1200.0,3,23,63,696.8502624034882,False Alarm,,1,6,Sunday
mouse_1,2025-10-19,1200.0,3,23,64,708.3034999370575,False Alarm,,1,2,Sunday
mouse_1,2025-10-19,1200.0,3,23,65,721.7559359073639,Hit,0.9694813045657611,0,73,Sunday
mouse_1,2025-10-19,1200.0,3,23,66,731.7036907672882,False Alarm,,1,71,Sunday
mouse_1,2025-10-19,1200.0,3,23,67,741.909903049469,Hit,1.1512481188177617,0,63,Sunday
mouse_1,2025-10-19,1200.0,3,23,68,752.1142525672913,False Alarm,,1,35,Sunday
mouse_1,2025-10-19,1200.0,3,23,69,762.320219039917,Hit,1.0198561916549806,0,68,Sunday
mouse_1,2025-10-19,1200.0,3,23,70,771.5214343070984,False Alarm,,1,46,Sunday
mouse_1,2025-10-19,1200.0,3,23,71,781.7197606563568,False Alarm,,1,6,Sunday
mouse_1,2025-10-19,1200.0,3,23,72,791.9298310279846,False Alarm,,1,6,Sunday
mouse_1,2025-10-19,1200.0,3,23,73,806.1401042938232,False Alarm,,1,3,Sunday
mouse_1,2025-10-19,1200.0,3,23,74,818.0998721122742,Hit (Calc),2.7730936523799983,0,4,Sunday
mouse_1,2025-10-19,1200.0,3,23,75,828.8021342754364,Miss,,0,2,Sunday
mouse_1,2025-10-19,1200.0,3,23,76,839.992758512497,Hit,0.5961874467803909,0,43,Sunday
mouse_1,2025-10-19,1200.0,3,23,77,848.9426419734955,False Alarm,,1,20,Sunday
mouse_1,2025-10-19,1200.0,3,23,78,859.1459851264954,False Alarm,,1,2,Sunday
mouse_1,2025-10-19,1200.0,3,23,79,869.3592064380646,Hit,1.2827277363475105,0,63,Sunday
mouse_1,2025-10-19,1200.0,3,23,80,879.0717651844025,False Alarm,,1,40,Sunday
mouse_1,2025-10-19,1200.0,3,23,81,889.2794225215912,False Alarm,,1,7,Sunday
mouse_1,2025-10-19,1200.0,3,23,82,901.2397167682648,False Alarm,,1,3,Sunday
mouse_1,2025-10-19,1200.0,3,23,83,915.7059247493744,False Alarm,,1,7,Sunday
mouse_1,2025-10-19,1200.0,3,23,84,931.3997821807861,False Alarm,,1,8,Sunday
mouse_1,2025-10-19,1200.0,3,23,85,944.8596572875977,False Alarm,,1,7,Sunday
mouse_1,2025-10-19,1200.0,3,23,86,959.0805916786194,False Alarm,,1,3,Sunday
mouse_1,2025-10-19,1200.0,3,23,87,972.0394704341888,Hit,1.005507530232876,0,67,Sunday
mouse_1,2025-10-19,1200.0,3,23,88,981.4927799701691,False Alarm,,1,63,Sunday
mouse_1,2025-10-19,1200.0,3,23,89,991.7087366580963,Hit,0.6193241745158957,0,72,Sunday
mouse_1,2025-10-19,1200.0,3,23,90,999.4131512641907,False Alarm,,1,49,Sunday
mouse_1,2025-10-19,1200.0,3,23,91,1009.6188378334045,False Alarm,,1,3,Sunday
mouse_1,2025-10-19,1200.0,3,23,92,1021.0759079456329,Hit,0.5128381612560133,0,75,Sunday
mouse_1,2025-10-19,1200.0,3,23,93,1030.0321021080017,False Alarm,,1,84,Sunday
mouse_1,2025-10-19,1200.0,3,23,94,1040.2382926940918,Hit,0.47311621828725947,0,57,Sunday
mouse_1,2025-10-19,1200.0,3,23,95,1049.2014892101288,False Alarm,,1,32,Sunday
mouse_1,2025-10-19,1200.0,3,23,96,1059.4081156253815,False Alarm,,1,6,Sunday
mouse_1,2025-10-19,1200.0,3,23,97,1072.1157910823822,False Alarm,,1,11,Sunday
mouse_1,2025-10-19,1200.0,3,23,98,1086.3160302639008,False Alarm,,1,8,Sunday
mouse_1,2025-10-19,1200.0,3,23,99,1099.276006937027,False Alarm,,1,6,Sunday
mouse_1,2025-10-19,1200.0,3,23,100,1112.9879434108734,False Alarm,,1,5,Sunday
mouse_1,2025-10-19,1200.0,3,23,101,1124.1962721347809,False Alarm,,1,4,Sunday
mouse_1,2025-10-19,1200.0,3,23,102,1137.9080860614777,False Alarm,,1,4,Sunday
mouse_1,2025-10-19,1200.0,3,23,103,1152.6159391403198,Hit,0.5981612285058873,0,69,Sunday
mouse_1,2025-10-19,1200.0,3,23,104,1160.5608232021332,False Alarm,,1,52,Sunday
mouse_1,2025-10-19,1200.0,3,23,105,1170.7671058177948,False Alarm,,1,5,Sunday
mouse_1,2025-10-19,1200.0,3,23,106,1184.9759562015533,False Alarm,,1,6,Sunday
mouse_1,2025-10-19,1200.0,3,23,107,1196.4370136260986,False Alarm,,1,5,Sunday
mouse_1,2025-10-19,1200.0,3,23,108,1210.3960144519806,False Alarm,,1,1,Sunday
mouse_1,2025-10-19,1200.0,3,23,109,1220.6064536571503,Miss,,0,10,Sunday
mouse_1,2025-10-19,1200.0,3,23,110,1231.0597088336945,False Alarm,,1,7,Sunday
mouse_1,2025-10-19,1200.0,3,23,111,1242.5170023441315,False Alarm,,1,7,Sunday
mouse_1,2025-10-19,1200.0,3,23,112,1255.2280492782593,False Alarm,,1,3,Sunday
mouse_1,2025-10-19,1200.0,3,23,113,1269.4362707138062,Miss,,0,4,Sunday
mouse_1,2025-10-19,1200.0,3,23,114,1280.889773607254,False Alarm,,1,4,Sunday
mouse_1,2025-10-19,1200.0,3,23,115,1294.1062664985657,Hit,0.3213259048779946,0,66,Sunday
mouse_1,2025-10-19,1200.0,3,23,116,1303.0693843364716,False Alarm,,1,37,Sunday
mouse_1,2025-10-19,1200.0,3,23,117,1313.2759702205658,Hit,1.8401503810432587,0,74,Sunday
mouse_1,2025-10-19,1200.0,3,23,118,1322.9901518821716,False Alarm,,1,59,Sunday
mouse_1,2025-10-19,1200.0,3,23,119,1333.190244436264,Hit,1.4509660901696861,0,75,Sunday
mouse_1,2025-10-19,1200.0,3,23,120,1342.8896796703339,False Alarm,,1,82,Sunday
mouse_1,2025-10-19,1200.0,3,23,121,1353.0972864627838,Hit,0.5598623327750829,0,70,Sunday
mouse_1,2025-10-19,1200.0,3,23,122,1362.5590889453888,False Alarm,,1,47,Sunday
mouse_1,2025-10-19,1200.0,3,23,123,1372.7593965530396,False Alarm,,1,6,Sunday
mouse_1,2025-10-19,1200.0,3,23,124,1384.7159554958344,Hit,0.12939222948125462,0,67,Sunday
mouse_1,2025-10-19,1200.0,3,23,125,1393.6707730293274,False Alarm,,1,43,Sunday
mouse_1,2025-10-19,1200.0,3,23,126,1403.8659193515778,False Alarm,,1,8,Sunday
mouse_1,2025-10-19,1200.0,3,23,127,1415.8161046504974,False Alarm,,1,8,Sunday
mouse_1,2025-10-19,1200.0,3,23,128,1426.0170147418976,False Alarm,,1,8,Sunday
mouse_1,2025-10-19,1200.0,3,23,129,1439.725721359253,False Alarm,,1,6,Sunday
mouse_1,2025-10-19,1200.0,3,23,130,1451.935664653778,False Alarm,,1,9,Sunday
mouse_1,2025-10-19,1200.0,3,23,131,1465.8961234092712,False Alarm,,1,3,Sunday
mouse_1,2025-10-19,1200.0,3,23,132,1476.8484797477722,Hit,0.8458236058900184,0,72,Sunday
mouse_1,2025-10-19,1200.0,3,23,133,1486.3060820102692,False Alarm,,1,59,Sunday
mouse_1,2025-10-19,1200.0,3,23,134,1496.5023748874664,Hit,0.40518047514638056,0,73,Sunday
mouse_1,2025-10-19,1200.0,3,23,135,1504.205689907074,False Alarm,,1,67,Sunday
mouse_1,2025-10-19,1200.0,3,23,136,1514.3960211277008,False Alarm,,1,9,Sunday
mouse_1,2025-10-19,1200.0,3,23,137,1526.3553998470306,False Alarm,,1,7,Sunday
mouse_1,2025-10-19,1200.0,3,23,138,1537.815657377243,Hit,0.3877497446021607,0,66,Sunday
mouse_1,2025-10-19,1200.0,3,23,139,1545.5058529376984,False Alarm,,1,41,Sunday
mouse_1,2025-10-19,1200.0,3,23,140,1555.699447631836,False Alarm,,1,6,Sunday
mouse_1,2025-10-19,1200.0,3,23,141,1569.395970582962,False Alarm,,1,6,Sunday
mouse_1,2025-10-19,1200.0,3,23,142,1582.6035816669464,False Alarm,,1,3,Sunday
mouse_1,2025-10-19,1200.0,3,23,143,1594.5505390167236,Miss,,0,4,Sunday
mouse_1,2025-10-19,1200.0,3,23,144,1605.2572195529938,False Alarm,,1,4,Sunday
mouse_1,2025-10-19,1200.0,3,23,145,1616.7241230010986,Miss,,0,6,Sunday
mouse_1,2025-10-19,1200.0,3,23,146,1626.416043996811,Hit,0.4955367658437808,0,71,Sunday
mouse_1,2025-10-19,1200.0,3,23,147,1636.1183540821075,False Alarm,,1,51,Sunday
mouse_1,2025-10-19,1200.0,3,23,148,1646.3239755630493,False Alarm,,1,4,Sunday
mouse_1,2025-10-19,1200.0,3,23,149,1659.7841536998749,Hit,1.8873262933773276,0,73,Sunday
mouse_1,2025-10-19,1200.0,3,23,150,1669.4873654842377,False Alarm,,1,49,Sunday
mouse_1,2025-10-19,1200.0,3,23,151,1679.6838583946228,False Alarm,,1,3,Sunday
mouse_1,2025-10-19,1200.0,3,23,152,1691.640037059784,Hit,1.0854719213259614,0,64,Sunday
mouse_1,2025-10-19,1200.0,3,23,153,1700.5858268737793,False Alarm,,1,40,Sunday
mouse_1,2025-10-19,1200.0,3,23,154,1710.783171415329,False Alarm,,1,9,Sunday
mouse_1,2025-10-19,1200.0,3,23,155,1724.2539312839508,False Alarm,,1,5,Sunday
mouse_1,2025-10-19,1200.0,3,23,156,1738.2124259471893,Hit (Calc),2.7190157911766164,0,6,Sunday
mouse_1,2025-10-19,1200.0,3,23,157,1748.6759114265442,Hit,1.6829544165755124,0,65,Sunday
mouse_1,2025-10-19,1200.0,3,23,158,1757.6268754005432,False Alarm,,1,39,Sunday
mouse_1,2025-10-19,1200.0,3,23,159,1767.832921743393,False Alarm,,1,3,Sunday
mouse_1,2025-10-19,1200.0,3,23,160,1779.5453510284424,Hit,1.7043621425855235,0,76,Sunday
mouse_1,2025-10-19,1200.0,3,23,161,1790.2461676597595,False Alarm,,1,59,Sunday
mouse_1,2025-10-19,1200.0,3,23,162,1800.4425840377808,Miss,,0,0,Sunday
mouse_1,2025-10-20,1080.0,3,24,1,0.39876794815063477,False Alarm,,1,5,Monday
mouse_1,2025-10-20,1080.0,3,24,2,10.846190452575684,False Alarm,,1,7,Monday
mouse_1,2025-10-20,1080.0,3,24,3,21.79788374900818,False Alarm,,1,6,Monday
mouse_1,2025-10-20,1080.0,3,24,4,33.7593789100647,Hit,1.2126397759145604,0,72,Monday
mouse_1,2025-10-20,1080.0,3,24,5,42.21094226837158,False Alarm,,1,70,Monday
mouse_1,2025-10-20,1080.0,3,24,6,52.417086362838745,False Alarm,,1,9,Monday
mouse_1,2025-10-20,1080.0,3,24,7,63.865055084228516,False Alarm,,1,9,Monday
mouse_1,2025-10-20,1080.0,3,24,8,75.07696533203125,False Alarm,,1,8,Monday
mouse_1,2025-10-20,1080.0,3,24,9,88.78185105323792,False Alarm,,1,7,Monday
mouse_1,2025-10-20,1080.0,3,24,10,101.48731923103333,False Alarm,,1,4,Monday
mouse_1,2025-10-20,1080.0,3,24,11,112.93607306480408,Hit,0.512127232842289,0,71,Monday
mouse_1,2025-10-20,1080.0,3,24,12,121.64955711364746,False Alarm,,1,64,Monday
mouse_1,2025-10-20,1080.0,3,24,13,131.84590792655945,Hit,0.06361453985266508,0,74,Monday
mouse_1,2025-10-20,1080.0,3,24,14,140.78964233398438,False Alarm,,1,44,Monday
mouse_1,2025-10-20,1080.0,3,24,15,150.98657250404358,Hit,0.304626356598817,0,63,Monday
mouse_1,2025-10-20,1080.0,3,24,16,159.69000935554504,False Alarm,,1,40,Monday
mouse_1,2025-10-20,1080.0,3,24,17,169.89717817306519,False Alarm,,1,7,Monday
mouse_1,2025-10-20,1080.0,3,24,18,184.10576248168945,Hit,0.3178482240996061,0,41,Monday
mouse_1,2025-10-20,1080.0,3,24,19,193.3070261478424,False Alarm,,1,18,Monday
mouse_1,2025-10-20,1080.0,3,24,20,203.5155544281006,Hit,0.38515588773915965,0,39,Monday
mouse_1,2025-10-20,1080.0,3,24,21,212.2190763950348,False Alarm,,1,9,Monday
mouse_1,2025-10-20,1080.0,3,24,22,222.43607544898987,Hit,1.1219854337711013,0,30,Monday
mouse_1,2025-10-20,1080.0,3,24,23,230.64926528930664,False Alarm,,1,8,Monday
mouse_1,2025-10-20,1080.0,3,24,24,240.84978985786438,False Alarm,,1,6,Monday
mouse_1,2025-10-20,1080.0,3,24,25,252.065007686615,False Alarm,,1,6,Monday
mouse_1,2025-10-20,1080.0,3,24,26,265.02574849128723,False Alarm,,1,3,Monday
mouse_1,2025-10-20,1080.0,3,24,27,278.7353298664093,Hit,0.7337501922449405,0,67,Monday
mouse_1,2025-10-20,1080.0,3,24,28,287.188086271286,False Alarm,,1,40,Monday
mouse_1,2025-10-20,1080.0,3,24,29,297.3859534263611,False Alarm,,1,6,Monday
mouse_1,2025-10-20,1080.0,3,24,30,310.3457975387573,False Alarm,,1,4,Monday
mouse_1,2025-10-20,1080.0,3,24,31,324.55462551116943,Hit,1.336364038372551,0,74,Monday
mouse_1,2025-10-20,1080.0,3,24,32,333.2694900035858,False Alarm,,1,72,Monday
mouse_1,2025-10-20,1080.0,3,24,33,343.474529504776,False Alarm,,1,3,Monday
mouse_1,2025-10-20,1080.0,3,24,34,357.17595314979553,Hit,1.056908107553852,0,35,Monday
mouse_1,2025-10-20,1080.0,3,24,35,366.38591265678406,False Alarm,,1,6,Monday
mouse_1,2025-10-20,1080.0,3,24,36,376.5940315723419,Hit,0.6702373079375548,0,49,Monday
mouse_1,2025-10-20,1080.0,3,24,37,384.7987222671509,False Alarm,,1,26,Monday
mouse_1,2025-10-20,1080.0,3,24,38,395.0037763118744,False Alarm,,1,4,Monday
mouse_1,2025-10-20,1080.0,3,24,39,409.2255311012268,Miss,,0,12,Monday
mouse_1,2025-10-20,1080.0,3,24,40,419.9364948272705,False Alarm,,1,12,Monday
mouse_1,2025-10-20,1080.0,3,24,41,432.88574409484863,False Alarm,,1,6,Monday
mouse_1,2025-10-20,1080.0,3,24,42,446.59315276145935,Hit,2.31237074357108,0,72,Monday
mouse_1,2025-10-20,1080.0,3,24,43,456.29711866378784,False Alarm,,1,52,Monday
mouse_1,2025-10-20,1080.0,3,24,44,466.5128011703491,Hit,1.2824971929535423,0,75,Monday
mouse_1,2025-10-20,1080.0,3,24,45,476.71435928344727,False Alarm,,1,48,Monday
mouse_1,2025-10-20,1080.0,3,24,46,486.9194760322571,Hit,1.0358977949970267,0,72,Monday
mouse_1,2025-10-20,1080.0,3,24,47,495.37706112861633,False Alarm,,1,80,Monday
mouse_1,2025-10-20,1080.0,3,24,48,505.5750286579132,Hit,0.8837756835059736,0,54,Monday
mouse_1,2025-10-20,1080.0,3,24,49,514.0258555412292,False Alarm,,1,28,Monday
mouse_1,2025-10-20,1080.0,3,24,50,524.2323095798492,Hit,1.5825302314715373,0,72,Monday
mouse_1,2025-10-20,1080.0,3,24,51,534.1833457946777,False Alarm,,1,55,Monday
mouse_1,2025-10-20,1080.0,3,24,52,544.3925890922546,False Alarm,,1,4,Monday
mouse_1,2025-10-20,1080.0,3,24,53,554.60307097435,Hit,0.4138423982747099,0,73,Monday
mouse_1,2025-10-20,1080.0,3,24,54,563.815265417099,False Alarm,,1,57,Monday
mouse_1,2025-10-20,1080.0,3,24,55,574.0220322608948,Hit,0.25050389617285873,0,70,Monday
mouse_1,2025-10-20,1080.0,3,24,56,581.4761717319489,False Alarm,,1,48,Monday
mouse_1,2025-10-20,1080.0,3,24,57,591.681798696518,False Alarm,,1,7,Monday
mouse_1,2025-10-20,1080.0,3,24,58,605.6421377658844,Hit,0.7315888923302509,0,73,Monday
mouse_1,2025-10-20,1080.0,3,24,59,613.5854153633118,False Alarm,,1,62,Monday
mouse_1,2025-10-20,1080.0,3,24,60,623.781275510788,False Alarm,,1,4,Monday
mouse_1,2025-10-20,1080.0,3,24,61,636.4925963878632,False Alarm,,1,3,Monday
mouse_1,2025-10-20,1080.0,3,24,62,651.4512088298798,Hit,1.7070197204282067,0,74,Monday
mouse_1,2025-10-20,1080.0,3,24,63,660.4042866230011,False Alarm,,1,48,Monday
mouse_1,2025-10-20,1080.0,3,24,64,670.6006326675415,Hit,1.1132236903021067,0,61,Monday
mouse_1,2025-10-20,1080.0,3,24,65,679.3043215274811,False Alarm,,1,33,Monday
mouse_1,2025-10-20,1080.0,3,24,66,689.5005366802216,Hit,0.8727127389433917,0,58,Monday
mouse_1,2025-10-20,1080.0,3,24,67,697.7140979766846,False Alarm,,1,35,Monday
mouse_1,2025-10-20,1080.0,3,24,68,707.9144628047943,Hit,0.3394723046156969,0,71,Monday
mouse_1,2025-10-20,1080.0,3,24,69,715.8634715080261,False Alarm,,1,48,Monday
mouse_1,2025-10-20,1080.0,3,24,70,726.0698919296265,False Alarm,,1,2,Monday
mouse_1,2025-10-20,1080.0,3,24,71,739.2656471729279,Hit,0.6016473026618314,0,72,Monday
mouse_1,2025-10-20,1080.0,3,24,72,748.4654583930969,False Alarm,,1,57,Monday
mouse_1,2025-10-20,1080.0,3,24,73,758.6709287166595,Hit,0.669676015497771,0,67,Monday
mouse_1,2025-10-20,1080.0,3,24,74,767.8721303939819,False Alarm,,1,39,Monday
mouse_1,2025-10-20,1080.0,3,24,75,778.0699980258942,Hit,0.7726825855093011,0,75,Monday
mouse_1,2025-10-20,1080.0,3,24,76,787.52272772789,False Alarm,,1,51,Monday
mouse_1,2025-10-20,1080.0,3,24,77,797.7258977890015,Hit,0.5163010606862599,0,68,Monday
mouse_1,2025-10-20,1080.0,3,24,78,805.9326891899109,False Alarm,,1,42,Monday
mouse_1,2025-10-20,1080.0,3,24,79,816.1360855102539,False Alarm,,1,4,Monday
mouse_1,2025-10-20,1080.0,3,24,80,829.845709323883,Hit,0.6032988213779618,0,62,Monday
mouse_1,2025-10-20,1080.0,3,24,81,839.5426671504974,False Alarm,,1,34,Monday
mouse_1,2025-10-20,1080.0,3,24,82,849.7358639240265,Hit,0.6595761232324548,0,77,Monday
mouse_1,2025-10-20,1080.0,3,24,83,857.683402299881,False Alarm,,1,77,Monday
mouse_1,2025-10-20,1080.0,3,24,84,867.8824861049652,False Alarm,,1,4,Monday
mouse_1,2025-10-20,1080.0,3,24,85,882.839688539505,Hit,0.7391180898406446,0,74,Monday
mouse_1,2025-10-20,1080.0,3,24,86,892.5423393249512,False Alarm,,1,44,Monday
mouse_1,2025-10-20,1080.0,3,24,87,902.7483685016632,Hit,0.6987037351918843,0,74,Monday
mouse_1,2025-10-20,1080.0,3,24,88,910.9627549648285,False Alarm,,1,52,Monday
mouse_1,2025-10-20,1080.0,3,24,89,921.1686499118805,Hit,1.6157293127380399,0,58,Monday
mouse_1,2025-10-20,1080.0,3,24,90,931.3719964027405,False Alarm,,1,32,Monday
mouse_1,2025-10-20,1080.0,3,24,91,941.5784227848053,False Alarm,,1,5,Monday
mouse_1,2025-10-20,1080.0,3,24,92,953.0485088825226,Hit,0.32804886469091343,0,65,Monday
mouse_1,2025-10-20,1080.0,3,24,93,962.2492830753326,False Alarm,,1,35,Monday
mouse_1,2025-10-20,1080.0,3,24,94,972.4528474807739,Hit,0.5933962524530898,0,47,Monday
mouse_1,2025-10-20,1080.0,3,24,95,980.9115605354309,False Alarm,,1,20,Monday
mouse_1,2025-10-20,1080.0,3,24,96,991.1155314445496,Hit,0.7479733877383978,0,61,Monday
mouse_1,2025-10-20,1080.0,3,24,97,1000.0712389945984,False Alarm,,1,33,Monday
mouse_1,2025-10-20,1080.0,3,24,98,1010.2781789302826,Hit,0.11255455556022298,0,68,Monday
mouse_1,2025-10-20,1080.0,3,24,99,1019.4783942699432,False Alarm,,1,42,Monday
mouse_1,2025-10-20,1080.0,3,24,100,1029.687654018402,False Alarm,,1,6,Monday
mouse_1,2025-10-20,1080.0,3,24,101,1040.8976905345917,False Alarm,,1,5,Monday
mouse_1,2025-10-20,1080.0,3,24,102,1054.106034040451,Hit,1.0272655652670437,0,59,Monday
mouse_1,2025-10-20,1080.0,3,24,103,1063.0607514381409,False Alarm,,1,32,Monday
mouse_1,2025-10-20,1080.0,3,24,104,1073.2675774097443,False Alarm,,1,2,Monday
mouse_1,2025-10-20,1080.0,3,24,105,1084.9874081611633,Hit,0.3621798097244664,0,75,Monday
mouse_1,2025-10-20,1080.0,3,24,106,1093.68040060997,False Alarm,,1,45,Monday
mouse_1,2025-10-20,1080.0,3,24,107,1103.88800740242,Hit,0.6565139142751377,0,68,Monday
mouse_1,2025-10-20,1080.0,3,24,108,1112.3301956653595,False Alarm,,1,40,Monday
mouse_1,2025-10-20,1080.0,3,24,109,1122.5358171463013,Hit,0.8485932353798944,0,63,Monday
mouse_1,2025-10-20,1080.0,3,24,110,1130.4816806316376,False Alarm,,1,33,Monday
mouse_1,2025-10-20,1080.0,3,24,111,1140.6862111091614,Hit,0.7404553090386798,0,74,Monday
mouse_1,2025-10-20,1080.0,3,24,112,1150.3791077136993,False Alarm,,1,57,Monday
mouse_1,2025-10-20,1080.0,3,24,113,1160.5960149765015,Hit,1.3838452607099043,0,74,Monday
mouse_1,2025-10-20,1080.0,3,24,114,1169.5511746406555,False Alarm,,1,56,Monday
mouse_1,2025-10-20,1080.0,3,24,115,1179.7573969364166,Hit,0.4621096243495231,0,75,Monday
mouse_1,2025-10-20,1080.0,3,24,116,1187.7097988128662,False Alarm,,1,55,Monday
mouse_1,2025-10-20,1080.0,3,24,117,1197.9060368537903,False Alarm,,1,7,Monday
mouse_1,2025-10-20,1080.0,3,24,118,1212.6166191101074,False Alarm,,1,4,Monday
mouse_1,2025-10-20,1080.0,3,24,119,1225.826336145401,Miss,,0,6,Monday
mouse_1,2025-10-20,1080.0,3,24,120,1235.539063692093,Hit (Calc),2.9961656881639556,0,4,Monday
mouse_1,2025-10-20,1080.0,3,24,121,1245.9870171546936,Hit,0.057960339901001134,0,66,Monday
mouse_1,2025-10-20,1080.0,3,24,122,1254.1899654865265,False Alarm,,1,41,Monday
mouse_1,2025-10-20,1080.0,3,24,123,1264.3957870006561,False Alarm,,1,9,Monday
mouse_1,2025-10-20,1080.0,3,24,124,1277.356032371521,False Alarm,,1,5,Monday
mouse_1,2025-10-20,1080.0,3,24,125,1291.3160486221313,Hit,0.8461141670454708,0,74,Monday
mouse_1,2025-10-20,1080.0,3,24,126,1301.019333600998,False Alarm,,1,59,Monday
mouse_1,2025-10-20,1080.0,3,24,127,1311.2256348133087,Hit,0.3513166223067401,0,46,Monday
mouse_1,2025-10-20,1080.0,3,24,128,1319.6794550418854,False Alarm,,1,18,Monday
mouse_1,2025-10-20,1080.0,3,24,129,1329.8856875896454,False Alarm,,1,5,Monday
mouse_1,2025-10-20,1080.0,3,24,130,1344.3460891246796,False Alarm,,1,7,Monday
mouse_1,2025-10-20,1080.0,3,24,131,1358.055689573288,False Alarm,,1,3,Monday
mouse_1,2025-10-20,1080.0,3,24,132,1369.7754685878754,Hit,1.2166047070704735,0,72,Monday
mouse_1,2025-10-20,1080.0,3,24,133,1378.2287769317627,False Alarm,,1,50,Monday
mouse_1,2025-10-20,1080.0,3,24,134,1388.4347426891327,Hit,0.5839267901205858,0,57,Monday
mouse_1,2025-10-20,1080.0,3,24,135,1397.639202594757,False Alarm,,1,32,Monday
mouse_1,2025-10-20,1080.0,3,24,136,1407.8447830677032,False Alarm,,1,4,Monday
mouse_1,2025-10-20,1080.0,3,24,137,1421.8050725460052,Hit,1.9688330784956634,0,67,Monday
mouse_1,2025-10-20,1080.0,3,24,138,1430.997720003128,False Alarm,,1,37,Monday
mouse_1,2025-10-20,1080.0,3,24,139,1441.198992729187,Hit,0.6389557232396328,0,46,Monday
mouse_1,2025-10-20,1080.0,3,24,140,1449.8976583480835,False Alarm,,1,16,Monday
mouse_1,2025-10-20,1080.0,3,24,141,1460.102038860321,Hit,0.5954575788825878,0,52,Monday
mouse_1,2025-10-20,1080.0,3,24,142,1469.0479824543,False Alarm,,1,23,Monday
mouse_1,2025-10-20,1080.0,3,24,143,1479.25568318367,Hit,0.6372872419026407,0,33,Monday
mouse_1,2025-10-20,1080.0,3,24,144,1488.6982316970825,False Alarm,,1,5,Monday
mouse_1,2025-10-20,1080.0,3,24,145,1498.9140849113464,Miss,,0,6,Monday
mouse_1,2025-10-20,1080.0,3,24,146,1509.357218503952,Miss,,0,4,Monday
mouse_1,2025-10-20,1080.0,3,24,147,1519.3072242736816,False Alarm,,1,4,Monday
mouse_1,2025-10-20,1080.0,3,24,148,1533.2737596035004,Hit,0.8266143823752827,0,51,Monday
mouse_1,2025-10-20,1080.0,3,24,149,1541.9783930778503,False Alarm,,1,29,Monday
mouse_1,2025-10-20,1080.0,3,24,150,1552.1856408119202,False Alarm,,1,6,Monday
mouse_1,2025-10-20,1080.0,3,24,151,1566.393883228302,Hit,0.15658260594636886,0,53,Monday
mouse_1,2025-10-20,1080.0,3,24,152,1575.5957968235016,False Alarm,,1,24,Monday
mouse_1,2025-10-20,1080.0,3,24,153,1585.7959339618683,Hit,1.6586640318071204,0,68,Monday
mouse_1,2025-10-20,1080.0,3,24,154,1595.0067880153656,False Alarm,,1,39,Monday
mouse_1,2025-10-20,1080.0,3,24,155,1605.2131803035736,Hit,1.197269743890729,0,59,Monday
mouse_1,2025-10-20,1080.0,3,24,156,1614.4166796207428,False Alarm,,1,30,Monday
mouse_1,2025-10-20,1080.0,3,24,157,1624.6132335662842,Hit,0.5422283295861234,0,59,Monday
mouse_1,2025-10-20,1080.0,3,24,158,1634.3163902759552,False Alarm,,1,29,Monday
mouse_1,2025-10-20,1080.0,3,24,159,1644.5140843391418,Hit (Calc),2.645737816213341,0,4,Monday
mouse_1,2025-10-20,1080.0,3,24,160,1655.7161102294922,Hit,1.5573937331341767,0,25,Monday
mouse_1,2025-10-20,1080.0,3,24,161,1664.9263198375702,False Alarm,,1,36,Monday
mouse_1,2025-10-20,1080.0,3,24,162,1678.892867565155,False Alarm,,1,5,Monday
mouse_1,2025-10-20,1080.0,3,24,163,1691.6127462387085,False Alarm,,1,7,Monday
mouse_1,2025-10-20,1080.0,3,24,164,1704.0681946277618,False Alarm,,1,10,Monday
mouse_1,2025-10-20,1080.0,3,24,165,1717.2659132480621,False Alarm,,1,4,Monday
mouse_1,2025-10-20,1080.0,3,24,166,1730.973252773285,Hit,2.222501430641387,0,57,Monday
mouse_1,2025-10-20,1080.0,3,24,167,1741.4157893657684,False Alarm,,1,33,Monday
mouse_1,2025-10-20,1080.0,3,24,168,1751.622255563736,False Alarm,,1,4,Monday
mouse_1,2025-10-20,1080.0,3,24,169,1765.8418138027191,Hit,2.1155617080955835,0,45,Monday
mouse_1,2025-10-20,1080.0,3,24,170,1775.5357279777527,False Alarm,,1,20,Monday
mouse_1,2025-10-20,1080.0,3,24,171,1785.7419302463531,False Alarm,,1,3,Monday
mouse_1,2025-10-20,1080.0,3,24,172,1796.945651292801,Miss,,0,0,Monday
mouse_1,2025-10-21,546.0,3,25,1,0.44686150550842285,Hit,1.5749347870008474,0,62,Tuesday
mouse_1,2025-10-21,546.0,3,25,2,10.410727262496948,False Alarm,,1,117,Tuesday
mouse_1,2025-10-21,546.0,3,25,3,20.613459825515747,False Alarm,,1,42,Tuesday
mouse_1,2025-10-21,546.0,3,25,4,30.81906771659851,False Alarm,,1,18,Tuesday
mouse_1,2025-10-21,546.0,3,25,5,41.283581256866455,False Alarm,,1,12,Tuesday
mouse_1,2025-10-21,546.0,3,25,6,53.480491638183594,False Alarm,,1,6,Tuesday
mouse_1,2025-10-21,546.0,3,25,7,67.19449496269226,False Alarm,,1,3,Tuesday
mouse_1,2025-10-21,546.0,3,25,8,78.65828061103821,Hit,2.3051931934217293,0,69,Tuesday
mouse_1,2025-10-21,546.0,3,25,9,89.37140607833862,False Alarm,,1,41,Tuesday
mouse_1,2025-10-21,546.0,3,25,10,99.57784676551819,Hit,1.2296391663656152,0,70,Tuesday
mouse_1,2025-10-21,546.0,3,25,11,108.03318691253662,False Alarm,,1,52,Tuesday
mouse_1,2025-10-21,546.0,3,25,12,118.23358750343323,Hit,1.7387308974119264,0,67,Tuesday
mouse_1,2025-10-21,546.0,3,25,13,128.69139432907104,False Alarm,,1,42,Tuesday
mouse_1,2025-10-21,546.0,3,25,14,138.89752840995789,False Alarm,,1,3,Tuesday
mouse_1,2025-10-21,546.0,3,25,15,153.1128921508789,Hit,1.574357647888661,0,47,Tuesday
mouse_1,2025-10-21,546.0,3,25,16,162.31082201004028,False Alarm,,1,21,Tuesday
mouse_1,2025-10-21,546.0,3,25,17,172.50770592689514,Hit,0.4256992596524469,0,71,Tuesday
mouse_1,2025-10-21,546.0,3,25,18,180.96075892448425,False Alarm,,1,48,Tuesday
mouse_1,2025-10-21,546.0,3,25,19,191.16351008415222,False Alarm,,1,4,Tuesday
mouse_1,2025-10-21,546.0,3,25,20,205.86761569976807,Hit,1.426845452826683,0,74,Tuesday
mouse_1,2025-10-21,546.0,3,25,21,214.57158708572388,False Alarm,,1,80,Tuesday
mouse_1,2025-10-21,546.0,3,25,22,224.78331780433655,Hit,1.3046063328376931,0,50,Tuesday
mouse_1,2025-10-21,546.0,3,25,23,234.24048590660095,False Alarm,,1,26,Tuesday
mouse_1,2025-10-21,546.0,3,25,24,244.4404137134552,False Alarm,,1,7,Tuesday
mouse_1,2025-10-21,546.0,3,25,25,257.9035964012146,False Alarm,,1,4,Tuesday
mouse_1,2025-10-21,546.0,3,25,26,271.61359214782715,Miss,,0,6,Tuesday
mouse_1,2025-10-21,546.0,3,25,27,281.31065106391907,Hit,1.6212781351466106,0,74,Tuesday
mouse_1,2025-10-21,546.0,3,25,28,291.0114686489105,False Alarm,,1,46,Tuesday
mouse_1,2025-10-21,546.0,3,25,29,301.2166440486908,Hit,1.0645509026588797,0,50,Tuesday
mouse_1,2025-10-21,546.0,3,25,30,310.6607382297516,False Alarm,,1,21,Tuesday
mouse_1,2025-10-21,546.0,3,25,31,320.8636438846588,Hit,0.6860410194233282,0,75,Tuesday
mouse_1,2025-10-21,546.0,3,25,32,329.32251834869385,False Alarm,,1,51,Tuesday
mouse_1,2025-10-21,546.0,3,25,33,339.52359676361084,Hit,0.8988809601336811,0,73,Tuesday
mouse_1,2025-10-21,546.0,3,25,34,348.22031235694885,False Alarm,,1,48,Tuesday
mouse_1,2025-10-21,546.0,3,25,35,358.4262557029724,False Alarm,,1,5,Tuesday
mouse_1,2025-10-21,546.0,3,25,36,372.1171612739563,False Alarm,,1,3,Tuesday
mouse_1,2025-10-21,546.0,3,25,37,383.5765619277954,False Alarm,,1,2,Tuesday
mouse_1,2025-10-21,546.0,3,25,38,397.0468566417694,False Alarm,,1,5,Tuesday
mouse_1,2025-10-21,546.0,3,25,39,414.7568027973175,Miss,,0,7,Tuesday
mouse_1,2025-10-21,546.0,3,25,40,424.7074041366577,Hit,0.11960044961415406,0,52,Tuesday
mouse_1,2025-10-21,546.0,3,25,41,432.1604824066162,False Alarm,,1,26,Tuesday
mouse_1,2025-10-21,546.0,3,25,42,442.37663197517395,False Alarm,,1,2,Tuesday
mouse_1,2025-10-21,546.0,3,25,43,454.5836606025696,Hit,2.1911802140281793,0,59,Tuesday
mouse_1,2025-10-21,546.0,3,25,44,464.28048849105835,False Alarm,,1,30,Tuesday
mouse_1,2025-10-21,546.0,3,25,45,474.4773600101471,Hit,0.9349245921417264,0,67,Tuesday
mouse_1,2025-10-21,546.0,3,25,46,484.19010972976685,False Alarm,,1,37,Tuesday
mouse_1,2025-10-21,546.0,3,25,47,494.3864161968231,False Alarm,,1,5,Tuesday
mouse_1,2025-10-21,546.0,3,25,48,512.8372302055359,Hit,0.6581987818709649,0,74,Tuesday
mouse_1,2025-10-21,546.0,3,25,49,521.0496921539307,False Alarm,,1,54,Tuesday
mouse_1,2025-10-21,546.0,3,25,50,531.2532703876495,Hit,1.0969550952079317,0,56,Tuesday
mouse_1,2025-10-21,546.0,3,25,51,539.459557056427,False Alarm,,1,29,Tuesday
mouse_1,2025-10-21,546.0,3,25,52,549.6664869785309,Hit,0.6784108991162157,0,68,Tuesday
mouse_1,2025-10-21,546.0,3,25,53,558.8695824146271,False Alarm,,1,41,Tuesday
mouse_1,2025-10-21,546.0,3,25,54,569.0732870101929,False Alarm,,1,4,Tuesday
mouse_1,2025-10-21,546.0,3,25,55,579.5357835292816,Hit,0.6281817509891425,0,68,Tuesday
mouse_1,2025-10-21,546.0,3,25,56,588.4995224475861,False Alarm,,1,47,Tuesday
mouse_1,2025-10-21,546.0,3,25,57,598.7056179046631,False Alarm,,1,7,Tuesday
mouse_1,2025-10-21,546.0,3,25,58,610.1734082698822,Miss,,0,3,Tuesday
mouse_1,2025-10-21,546.0,3,25,59,620.3786714076996,Miss,,0,0,Tuesday
mouse_1,2025-10-21,546.0,3,25,60,630.5782516002655,Hit,1.3394795525040308,0,54,Tuesday
mouse_1,2025-10-21,546.0,3,25,61,640.7696783542633,False Alarm,,1,25,Tuesday
mouse_1,2025-10-21,546.0,3,25,62,650.9832448959351,Hit,2.275314400633647,0,53,Tuesday
mouse_1,2025-10-21,546.0,3,25,63,660.6764917373657,False Alarm,,1,29,Tuesday
mouse_1,2025-10-21,546.0,3,25,64,670.8744850158691,False Alarm,,1,3,Tuesday
mouse_1,2025-10-21,546.0,3,25,65,685.0734550952911,False Alarm,,1,4,Tuesday
mouse_1,2025-10-21,546.0,3,25,66,703.5246245861053,Miss,,0,3,Tuesday
mouse_1,2025-10-21,546.0,3,25,67,715.2177038192749,False Alarm,,1,1,Tuesday
mouse_1,2025-10-21,546.0,3,25,68,725.4198701381683,Hit,0.6908491276763016,0,65,Tuesday
mouse_1,2025-10-21,546.0,3,25,69,734.1178114414215,False Alarm,,1,37,Tuesday
mouse_1,2025-10-21,546.0,3,25,70,744.3243038654327,Hit,0.9060316101626995,0,47,Tuesday
mouse_1,2025-10-21,546.0,3,25,71,752.288777589798,False Alarm,,1,20,Tuesday
mouse_1,2025-10-21,546.0,3,25,72,762.4943902492523,Hit,0.6330185447865233,0,57,Tuesday
mouse_1,2025-10-21,546.0,3,25,73,771.6977169513702,False Alarm,,1,27,Tuesday
mouse_1,2025-10-21,546.0,3,25,74,781.9040348529816,Hit,0.9941788663912803,0,75,Tuesday
mouse_1,2025-10-21,546.0,3,25,75,791.6171228885651,False Alarm,,1,58,Tuesday
mouse_1,2025-10-21,546.0,3,25,76,801.8236436843872,Hit,0.9529027823687102,0,73,Tuesday
mouse_1,2025-10-21,546.0,3,25,77,810.7872133255005,False Alarm,,1,43,Tuesday
mouse_1,2025-10-21,546.0,3,25,78,820.978595495224,Hit,1.5702949925068879,0,59,Tuesday
mouse_1,2025-10-21,546.0,3,25,79,830.9278404712677,False Alarm,,1,30,Tuesday
mouse_1,2025-10-21,546.0,3,25,80,841.1335923671722,Hit,1.1284003334307044,0,26,Tuesday
mouse_1,2025-10-21,546.0,3,25,81,849.8473556041718,Hit (Calc),2.9526118112440827,0,4,Tuesday
mouse_1,2025-10-21,546.0,3,25,82,861.0562777519226,Hit,0.8578384874299445,0,28,Tuesday
mouse_1,2025-10-21,546.0,3,25,83,870.4969193935394,Hit,1.0566023624352283,0,74,Tuesday
mouse_1,2025-10-21,546.0,3,25,84,880.4466316699982,False Alarm,,1,45,Tuesday
mouse_1,2025-10-21,546.0,3,25,85,890.6435163021088,Hit,2.1754295769808323,0,67,Tuesday
mouse_1,2025-10-21,546.0,3,25,86,901.8568518161774,False Alarm,,1,43,Tuesday
mouse_1,2025-10-21,546.0,3,25,87,912.0635948181152,Hit,0.2632962971977122,0,29,Tuesday
mouse_1,2025-10-21,546.0,3,25,88,919.7669405937195,False Alarm,,1,9,Tuesday
mouse_1,2025-10-21,546.0,3,25,89,929.9732480049133,False Alarm,,1,2,Tuesday
mouse_1,2025-10-21,546.0,3,25,90,941.1739954948425,Hit,0.924874637580956,0,44,Tuesday
mouse_1,2025-10-21,546.0,3,25,91,951.1175465583801,False Alarm,,1,19,Tuesday
mouse_1,2025-10-21,546.0,3,25,92,961.3316030502319,Hit,0.2754716801074437,0,49,Tuesday
mouse_1,2025-10-21,546.0,3,25,93,970.5267336368561,False Alarm,,1,22,Tuesday
mouse_1,2025-10-21,546.0,3,25,94,980.7132661342621,False Alarm,,1,4,Tuesday
mouse_1,2025-10-21,546.0,3,25,95,995.9032790660858,Hit,0.8888551348607052,0,58,Tuesday
mouse_1,2025-10-21,546.0,3,25,96,1004.5959377288818,False Alarm,,1,29,Tuesday
mouse_1,2025-10-21,546.0,3,25,97,1014.8027386665344,Hit,0.6845161756887137,0,79,Tuesday
mouse_1,2025-10-21,546.0,3,25,98,1024.5163877010345,False Alarm,,1,54,Tuesday
mouse_1,2025-10-21,546.0,3,25,99,1034.7225511074066,Hit,0.44687963883029624,0,57,Tuesday
mouse_1,2025-10-21,546.0,3,25,100,1042.9337606430054,False Alarm,,1,28,Tuesday
mouse_1,2025-10-21,546.0,3,25,101,1053.1233570575714,Hit,0.5184154936430332,0,47,Tuesday
mouse_1,2025-10-21,546.0,3,25,102,1062.5632090568542,False Alarm,,1,19,Tuesday
mouse_1,2025-10-21,546.0,3,25,103,1072.752427816391,False Alarm,,1,3,Tuesday
mouse_1,2025-10-21,546.0,3,25,104,1084.2030248641968,False Alarm,,1,1,Tuesday
mouse_1,2025-10-21,546.0,3,25,105,1098.4022653102875,Hit,2.231946191741372,0,57,Tuesday
mouse_1,2025-10-21,546.0,3,25,106,1107.853436946869,False Alarm,,1,27,Tuesday
mouse_1,2025-10-21,546.0,3,25,107,1118.053463935852,Hit,0.51877395207066,0,59,Tuesday
mouse_1,2025-10-21,546.0,3,25,108,1126.5069975852966,False Alarm,,1,31,Tuesday
mouse_1,2025-10-21,546.0,3,25,109,1136.7132289409637,Hit,1.3725781651280613,0,47,Tuesday
mouse_1,2025-10-21,546.0,3,25,110,1146.9032785892487,False Alarm,,1,18,Tuesday
mouse_1,2025-10-21,546.0,3,25,111,1157.1017060279846,False Alarm,,1,1,Tuesday
mouse_1,2025-10-21,546.0,3,25,112,1171.0616397857666,Hit,0.32710828449557994,0,41,Tuesday
mouse_1,2025-10-21,546.0,3,25,113,1180.2633740901947,False Alarm,,1,11,Tuesday
mouse_1,2025-10-21,546.0,3,25,114,1190.4679255485535,Hit,0.5975485920389474,0,60,Tuesday
mouse_1,2025-10-21,546.0,3,25,115,1199.9133551120758,False Alarm,,1,32,Tuesday
mouse_1,2025-10-21,546.0,3,25,116,1210.1152279376984,Hit,1.8584801631138816,0,65,Tuesday
mouse_1,2025-10-21,546.0,3,25,117,1220.5648384094238,False Alarm,,1,35,Tuesday
mouse_1,2025-10-21,546.0,3,25,118,1230.7632565498352,Hit,0.6614893910934825,0,63,Tuesday
mouse_1,2025-10-21,546.0,3,25,119,1239.7032670974731,False Alarm,,1,35,Tuesday
mouse_1,2025-10-21,546.0,3,25,120,1249.900716304779,False Alarm,,1,5,Tuesday
mouse_1,2025-10-21,546.0,3,25,121,1263.8506484031677,Hit,0.7449279514639784,0,39,Tuesday
mouse_1,2025-10-21,546.0,3,25,122,1272.553416967392,False Alarm,,1,13,Tuesday
mouse_1,2025-10-21,546.0,3,25,123,1282.7432460784912,False Alarm,,1,3,Tuesday
mouse_1,2025-10-21,546.0,3,25,124,1294.6832585334778,Hit,0.9735230719561514,0,41,Tuesday
mouse_1,2025-10-21,546.0,3,25,125,1302.8732888698578,False Alarm,,1,14,Tuesday
mouse_1,2025-10-21,546.0,3,25,126,1313.0635368824005,False Alarm,,1,3,Tuesday
mouse_1,2025-10-21,546.0,3,25,127,1327.0204641819,Hit,0.9317726044851042,0,76,Tuesday
mouse_1,2025-10-21,546.0,3,25,128,1336.463237285614,False Alarm,,1,76,Tuesday
mouse_1,2025-10-21,546.0,3,25,129,1346.6634497642517,Hit,1.0835802881431391,0,52,Tuesday
mouse_1,2025-10-21,546.0,3,25,130,1356.114760875702,False Alarm,,1,23,Tuesday
mouse_1,2025-10-21,546.0,3,25,131,1366.3133025169373,Hit,1.5481666897712785,0,66,Tuesday
mouse_1,2025-10-21,546.0,3,25,132,1375.501562833786,False Alarm,,1,38,Tuesday
mouse_1,2025-10-21,546.0,3,25,133,1385.6947371959686,Hit,0.8629360139061646,0,64,Tuesday
mouse_1,2025-10-21,546.0,3,25,134,1393.903264760971,False Alarm,,1,39,Tuesday
mouse_1,2025-10-21,546.0,3,25,135,1404.110099554062,Hit,0.7184768693534807,0,59,Tuesday
mouse_1,2025-10-21,546.0,3,25,136,1412.0732572078705,False Alarm,,1,35,Tuesday
mouse_1,2025-10-21,546.0,3,25,137,1422.2808017730713,False Alarm,,1,4,Tuesday
mouse_1,2025-10-21,546.0,3,25,138,1436.984973192215,Hit,1.635828226262447,0,69,Tuesday
mouse_1,2025-10-21,546.0,3,25,139,1446.6835250854492,False Alarm,,1,41,Tuesday
mouse_1,2025-10-21,546.0,3,25,140,1456.8895514011383,Miss,,0,0,Tuesday
mouse_1,2025-10-21,546.0,3,25,141,1466.8315012454987,Hit,1.5144010910601082,0,12,Tuesday
mouse_1,2025-10-21,546.0,3,25,142,1476.5240182876587,Hit,2.158606537259402,0,64,Tuesday
mouse_1,2025-10-21,546.0,3,25,143,1486.4771130084991,False Alarm,,1,35,Tuesday
mouse_1,2025-10-21,546.0,3,25,144,1496.6930758953094,Hit,0.6987851317885543,0,48,Tuesday
mouse_1,2025-10-21,546.0,3,25,145,1505.6342885494232,False Alarm,,1,18,Tuesday
mouse_1,2025-10-21,546.0,3,25,146,1515.8404562473297,Hit,1.8954383329939901,0,54,Tuesday
mouse_1,2025-10-21,546.0,3,25,147,1525.0437760353088,False Alarm,,1,27,Tuesday
mouse_1,2025-10-21,546.0,3,25,148,1535.243535041809,Hit,0.5079949442556426,0,60,Tuesday
mouse_1,2025-10-21,546.0,3,25,149,1544.202020406723,False Alarm,,1,30,Tuesday
mouse_1,2025-10-21,546.0,3,25,150,1554.4104535579681,Hit,1.3012617532647255,0,58,Tuesday
mouse_1,2025-10-21,546.0,3,25,151,1563.6146712303162,False Alarm,,1,29,Tuesday
mouse_1,2025-10-21,546.0,3,25,152,1573.813322544098,Hit,1.7776322809522753,0,55,Tuesday
mouse_1,2025-10-21,546.0,3,25,153,1583.0133271217346,False Alarm,,1,32,Tuesday
mouse_1,2025-10-21,546.0,3,25,154,1593.2196843624115,False Alarm,,1,9,Tuesday
mouse_1,2025-10-21,546.0,3,25,155,1603.9200856685638,False Alarm,,1,6,Tuesday
mouse_1,2025-10-21,546.0,3,25,156,1618.1133358478546,False Alarm,,1,2,Tuesday
mouse_1,2025-10-21,546.0,3,25,157,1629.8094580173492,Hit,1.7585445042905121,0,74,Tuesday
mouse_1,2025-10-21,546.0,3,25,158,1639.5037825107574,False Alarm,,1,52,Tuesday
mouse_1,2025-10-21,546.0,3,25,159,1649.7095243930817,False Alarm,,1,5,Tuesday
mouse_1,2025-10-21,546.0,3,25,160,1661.153388261795,Miss,,0,4,Tuesday
mouse_1,2025-10-21,546.0,3,25,161,1671.34978556633,Hit,0.5811785568603227,0,49,Tuesday
mouse_1,2025-10-21,546.0,3,25,162,1680.3031661510468,False Alarm,,1,19,Tuesday
mouse_1,2025-10-21,546.0,3,25,163,1690.5033557415009,Hit,2.2194242449336343,0,50,Tuesday
mouse_1,2025-10-21,546.0,3,25,164,1701.213583946228,False Alarm,,1,20,Tuesday
mouse_1,2025-10-21,546.0,3,25,165,1711.4163625240326,Hit,1.799591013900681,0,52,Tuesday
mouse_1,2025-10-21,546.0,3,25,166,1721.8632485866547,False Alarm,,1,22,Tuesday
mouse_1,2025-10-21,546.0,3,25,167,1732.0633203983307,Miss,,0,0,Tuesday
mouse_1,2025-10-21,546.0,3,25,168,1742.5125405788422,Hit,0.9561375164514629,0,57,Tuesday
mouse_1,2025-10-21,546.0,3,25,169,1752.2134034633636,False Alarm,,1,34,Tuesday
mouse_1,2025-10-21,546.0,3,25,170,1762.413601398468,False Alarm,,1,5,Tuesday
mouse_1,2025-10-21,546.0,3,25,171,1774.8632986545563,Hit,2.1769991836656573,0,44,Tuesday
mouse_1,2025-10-21,546.0,3,25,172,1785.0632994174957,False Alarm,,1,18,Tuesday
mouse_1,2025-10-21,546.0,3,25,173,1795.269879102707,Miss,,0,0,Tuesday
mouse_1,2025-10-22,1500.0,0,-1,-1,,No Trial,,0,0,Wednesday
mouse_1,2025-10-23,5556.0,3,26,1,0.34195542335510254,False Alarm,,1,4,Thursday
mouse_1,2025-10-23,5556.0,3,26,2,14.289336681365967,False Alarm,,1,9,Thursday
mouse_1,2025-10-23,5556.0,3,26,3,29.50359010696411,False Alarm,,1,3,Thursday
mouse_1,2025-10-23,5556.0,3,26,4,41.20355296134949,Hit,1.514019556194711,0,76,Thursday
mouse_1,2025-10-23,5556.0,3,26,5,51.157729387283325,False Alarm,,1,54,Thursday
mouse_1,2025-10-23,5556.0,3,26,6,61.363484382629395,False Alarm,,1,3,Thursday
mouse_1,2025-10-23,5556.0,3,26,7,75.56178569793701,Miss,,0,4,Thursday
mouse_1,2025-10-23,5556.0,3,26,8,85.5162467956543,False Alarm,,1,4,Thursday
mouse_1,2025-10-23,5556.0,3,26,9,98.96934175491333,Hit,0.7875419719224084,0,70,Thursday
mouse_1,2025-10-23,5556.0,3,26,10,108.1770384311676,False Alarm,,1,48,Thursday
mouse_1,2025-10-23,5556.0,3,26,11,118.38330912590027,False Alarm,,1,5,Thursday
mouse_1,2025-10-23,5556.0,3,26,12,132.0932936668396,False Alarm,,1,2,Thursday
mouse_1,2025-10-23,5556.0,3,26,13,146.0437207221985,Hit,0.7161369547983725,0,44,Thursday
mouse_1,2025-10-23,5556.0,3,26,14,155.49690008163452,False Alarm,,1,20,Thursday
mouse_1,2025-10-23,5556.0,3,26,15,165.70142793655396,False Alarm,,1,4,Thursday
mouse_1,2025-10-23,5556.0,3,26,16,178.66372418403625,Hit,0.9249079808599845,0,52,Thursday
mouse_1,2025-10-23,5556.0,3,26,17,187.37685251235962,False Alarm,,1,25,Thursday
mouse_1,2025-10-23,5556.0,3,26,18,197.5793707370758,False Alarm,,1,8,Thursday
mouse_1,2025-10-23,5556.0,3,26,19,212.0429699420929,False Alarm,,1,4,Thursday
mouse_1,2025-10-23,5556.0,3,26,20,226.7529480457306,Miss,,0,7,Thursday
mouse_1,2025-10-23,5556.0,3,26,21,237.4657859802246,Hit,0.3431307820480072,0,59,Thursday
mouse_1,2025-10-23,5556.0,3,26,22,245.16695761680603,False Alarm,,1,37,Thursday
mouse_1,2025-10-23,5556.0,3,26,23,255.38368153572083,False Alarm,,1,4,Thursday
mouse_1,2025-10-23,5556.0,3,26,24,268.34334206581116,Miss,,0,0,Thursday
mouse_1,2025-10-23,5556.0,3,26,25,278.7961232662201,Hit,2.337417271425977,0,72,Thursday
mouse_1,2025-10-23,5556.0,3,26,26,289.005756855011,False Alarm,,1,53,Thursday
mouse_1,2025-10-23,5556.0,3,26,27,299.2094168663025,False Alarm,,1,4,Thursday
mouse_1,2025-10-23,5556.0,3,26,28,313.4328179359436,Miss,,0,3,Thursday
mouse_1,2025-10-23,5556.0,3,26,29,324.38528060913086,Hit,0.6834349716998531,0,62,Thursday
mouse_1,2025-10-23,5556.0,3,26,30,333.84667801856995,False Alarm,,1,34,Thursday
mouse_1,2025-10-23,5556.0,3,26,31,344.05218839645386,False Alarm,,1,4,Thursday
mouse_1,2025-10-23,5556.0,3,26,32,359.02245831489563,Hit,0.9827531169078725,0,58,Thursday
mouse_1,2025-10-23,5556.0,3,26,33,367.47584223747253,False Alarm,,1,34,Thursday
mouse_1,2025-10-23,5556.0,3,26,34,377.6823184490204,False Alarm,,1,5,Thursday
mouse_1,2025-10-23,5556.0,3,26,35,392.1416325569153,Hit,1.4208996800189766,0,72,Thursday
mouse_1,2025-10-23,5556.0,3,26,36,401.08551597595215,False Alarm,,1,102,Thursday
mouse_1,2025-10-23,5556.0,3,26,37,411.2917790412903,False Alarm,,1,10,Thursday
mouse_1,2025-10-23,5556.0,3,26,38,421.50239515304565,Hit,0.6644027571044262,0,51,Thursday
mouse_1,2025-10-23,5556.0,3,26,39,430.46609902381897,False Alarm,,1,27,Thursday
mouse_1,2025-10-23,5556.0,3,26,40,440.67166113853455,False Alarm,,1,7,Thursday
mouse_1,2025-10-23,5556.0,3,26,41,451.8816888332367,False Alarm,,1,3,Thursday
mouse_1,2025-10-23,5556.0,3,26,42,466.3416714668274,Hit,2.1874246867173497,0,73,Thursday
mouse_1,2025-10-23,5556.0,3,26,43,476.5463328361511,False Alarm,,1,103,Thursday
mouse_1,2025-10-23,5556.0,3,26,44,486.75142073631287,False Alarm,,1,16,Thursday
mouse_1,2025-10-23,5556.0,3,26,45,496.9617519378662,False Alarm,,1,8,Thursday
mouse_1,2025-10-23,5556.0,3,26,46,510.4292767047882,False Alarm,,1,4,Thursday
mouse_1,2025-10-23,5556.0,3,26,47,523.8814742565155,Hit,1.1018919179186923,0,72,Thursday
mouse_1,2025-10-23,5556.0,3,26,48,532.5950036048889,False Alarm,,1,111,Thursday
mouse_1,2025-10-23,5556.0,3,26,49,542.8015463352203,False Alarm,,1,20,Thursday
mouse_1,2025-10-23,5556.0,3,26,50,552.9929223060608,Hit,1.2906311253484546,0,76,Thursday
mouse_1,2025-10-23,5556.0,3,26,51,562.7023649215698,False Alarm,,1,81,Thursday
mouse_1,2025-10-23,5556.0,3,26,52,572.9025411605835,Miss,,0,4,Thursday
mouse_1,2025-10-23,5556.0,3,26,53,583.3544392585754,False Alarm,,1,9,Thursday
mouse_1,2025-10-23,5556.0,3,26,54,597.8114128112793,False Alarm,,1,7,Thursday
mouse_1,2025-10-23,5556.0,3,26,55,611.7804625034332,False Alarm,,1,5,Thursday
mouse_1,2025-10-23,5556.0,3,26,56,625.4804363250732,False Alarm,,1,3,Thursday
mouse_1,2025-10-23,5556.0,3,26,57,639.4305694103241,Hit,0.9995391911879778,0,63,Thursday
mouse_1,2025-10-23,5556.0,3,26,58,647.8845002651215,False Alarm,,1,33,Thursday
mouse_1,2025-10-23,5556.0,3,26,59,658.0992531776428,Miss,,0,2,Thursday
mouse_1,2025-10-23,5556.0,3,26,60,668.042191028595,False Alarm,,1,2,Thursday
mouse_1,2025-10-23,5556.0,3,26,61,681.9994823932648,Hit,0.9447444767566822,0,70,Thursday
mouse_1,2025-10-23,5556.0,3,26,62,690.6937794685364,False Alarm,,1,51,Thursday
mouse_1,2025-10-23,5556.0,3,26,63,700.9003584384918,Hit,0.05470400792773944,0,69,Thursday
mouse_1,2025-10-23,5556.0,3,26,64,708.1131138801575,False Alarm,,1,45,Thursday
mouse_1,2025-10-23,5556.0,3,26,65,718.3190357685089,Hit,0.6684902635934122,0,68,Thursday
mouse_1,2025-10-23,5556.0,3,26,66,727.2641265392303,False Alarm,,1,40,Thursday
mouse_1,2025-10-23,5556.0,3,26,67,737.4796731472015,Hit,0.8576796500309456,0,72,Thursday
mouse_1,2025-10-23,5556.0,3,26,68,745.6735064983368,False Alarm,,1,46,Thursday
mouse_1,2025-10-23,5556.0,3,26,69,755.8792612552643,Hit,0.6111858781076762,0,71,Thursday
mouse_1,2025-10-23,5556.0,3,26,70,764.0837364196777,False Alarm,,1,93,Thursday
mouse_1,2025-10-23,5556.0,3,26,71,774.2890267372131,False Alarm,,1,9,Thursday
mouse_1,2025-10-23,5556.0,3,26,72,787.7399320602417,False Alarm,,1,7,Thursday
mouse_1,2025-10-23,5556.0,3,26,73,800.7089099884033,False Alarm,,1,6,Thursday
mouse_1,2025-10-23,5556.0,3,26,74,814.4192094802856,False Alarm,,1,3,Thursday
mouse_1,2025-10-23,5556.0,3,26,75,827.8693401813507,Hit,0.6452953580668463,0,75,Thursday
mouse_1,2025-10-23,5556.0,3,26,76,836.0800516605377,False Alarm,,1,92,Thursday
mouse_1,2025-10-23,5556.0,3,26,77,846.269877910614,Hit,0.5677156242859382,0,57,Thursday
mouse_1,2025-10-23,5556.0,3,26,78,853.9624145030975,False Alarm,,1,31,Thursday
mouse_1,2025-10-23,5556.0,3,26,79,864.1791491508484,False Alarm,,1,6,Thursday
mouse_1,2025-10-23,5556.0,3,26,80,877.130500793457,False Alarm,,1,6,Thursday
mouse_1,2025-10-23,5556.0,3,26,81,891.0902874469757,False Alarm,,1,4,Thursday
mouse_1,2025-10-23,5556.0,3,26,82,905.049510717392,False Alarm,,1,2,Thursday
mouse_1,2025-10-23,5556.0,3,26,83,919.2687106132507,Miss,,0,5,Thursday
mouse_1,2025-10-23,5556.0,3,26,84,928.9726111888885,False Alarm,,1,4,Thursday
mouse_1,2025-10-23,5556.0,3,26,85,942.9289126396179,Hit (Calc),2.2857916636354503,0,3,Thursday
mouse_1,2025-10-23,5556.0,3,26,86,954.3711216449738,False Alarm,,1,11,Thursday
mouse_1,2025-10-23,5556.0,3,26,87,968.3282954692841,False Alarm,,1,8,Thursday
mouse_1,2025-10-23,5556.0,3,26,88,979.0293102264404,False Alarm,,1,2,Thursday
mouse_1,2025-10-23,5556.0,3,26,89,992.7393646240234,Hit,0.789258806611997,0,74,Thursday
mouse_1,2025-10-23,5556.0,3,26,90,1000.9388892650604,False Alarm,,1,52,Thursday
mouse_1,2025-10-23,5556.0,3,26,91,1011.1377792358398,False Alarm,,1,2,Thursday
mouse_1,2025-10-23,5556.0,3,26,92,1024.5981223583221,Miss,,0,0,Thursday
mouse_1,2025-10-23,5556.0,3,26,93,1036.040940284729,Hit,1.7232932759859523,0,58,Thursday
mouse_1,2025-10-23,5556.0,3,26,94,1046.491466999054,False Alarm,,1,28,Thursday
mouse_1,2025-10-23,5556.0,3,26,95,1056.689033985138,Hit,1.7332625705998908,0,63,Thursday
mouse_1,2025-10-23,5556.0,3,26,96,1066.6311702728271,False Alarm,,1,34,Thursday
mouse_1,2025-10-23,5556.0,3,26,97,1076.8192477226257,Hit,0.7705556114940464,0,74,Thursday
mouse_1,2025-10-23,5556.0,3,26,98,1086.0291585922241,False Alarm,,1,103,Thursday
mouse_1,2025-10-23,5556.0,3,26,99,1096.237322807312,False Alarm,,1,10,Thursday
mouse_1,2025-10-23,5556.0,3,26,100,1106.4473824501038,Hit,0.9443503254772168,0,54,Thursday
mouse_1,2025-10-23,5556.0,3,26,101,1115.6379914283752,False Alarm,,1,29,Thursday
mouse_1,2025-10-23,5556.0,3,26,102,1125.8289959430695,False Alarm,,1,9,Thursday
mouse_1,2025-10-23,5556.0,3,26,103,1140.0278007984161,False Alarm,,1,8,Thursday
mouse_1,2025-10-23,5556.0,3,26,104,1154.4874112606049,False Alarm,,1,4,Thursday
mouse_1,2025-10-23,5556.0,3,26,105,1168.9479088783264,Hit,1.5803880457172,0,65,Thursday
mouse_1,2025-10-23,5556.0,3,26,106,1179.1602375507355,False Alarm,,1,37,Thursday
mouse_1,2025-10-23,5556.0,3,26,107,1189.3569030761719,Hit,0.6104693936447347,0,70,Thursday
mouse_1,2025-10-23,5556.0,3,26,108,1198.0516591072083,False Alarm,,1,45,Thursday
mouse_1,2025-10-23,5556.0,3,26,109,1208.2569625377655,False Alarm,,1,3,Thursday
mouse_1,2025-10-23,5556.0,3,26,110,1222.1992464065552,Hit,0.9901772765840633,0,77,Thursday
mouse_1,2025-10-23,5556.0,3,26,111,1231.6604492664337,False Alarm,,1,110,Thursday
mouse_1,2025-10-23,5556.0,3,26,112,1241.84867811203,False Alarm,,1,17,Thursday
mouse_1,2025-10-23,5556.0,3,26,113,1252.0477454662323,False Alarm,,1,7,Thursday
mouse_1,2025-10-23,5556.0,3,26,114,1265.758048772812,False Alarm,,1,4,Thursday
mouse_1,2025-10-23,5556.0,3,26,115,1279.2278153896332,Miss,,0,6,Thursday
mouse_1,2025-10-23,5556.0,3,26,116,1289.4311428070068,False Alarm,,1,2,Thursday
mouse_1,2025-10-23,5556.0,3,26,117,1303.8887457847595,Hit,0.7077638104158268,0,57,Thursday
mouse_1,2025-10-23,5556.0,3,26,118,1313.3415656089783,False Alarm,,1,27,Thursday
mouse_1,2025-10-23,5556.0,3,26,119,1323.530910730362,Hit,0.9557654141856347,0,76,Thursday
mouse_1,2025-10-23,5556.0,3,26,120,1332.4689681529999,False Alarm,,1,110,Thursday
mouse_1,2025-10-23,5556.0,3,26,121,1342.6674406528473,False Alarm,,1,14,Thursday
mouse_1,2025-10-23,5556.0,3,26,122,1352.867900133133,Hit,0.29732573120008965,0,58,Thursday
mouse_1,2025-10-23,5556.0,3,26,123,1362.3324620723724,False Alarm,,1,32,Thursday
mouse_1,2025-10-23,5556.0,3,26,124,1372.5377905368805,False Alarm,,1,4,Thursday
mouse_1,2025-10-23,5556.0,3,26,125,1387.2477114200592,Hit,0.992663551748592,0,73,Thursday
mouse_1,2025-10-23,5556.0,3,26,126,1396.699052810669,False Alarm,,1,51,Thursday
mouse_1,2025-10-23,5556.0,3,26,127,1406.898444890976,False Alarm,,1,1,Thursday
mouse_1,2025-10-23,5556.0,3,26,128,1420.8477466106415,Hit,0.9446633564621152,0,67,Thursday
mouse_1,2025-10-23,5556.0,3,26,129,1430.560025691986,False Alarm,,1,37,Thursday
mouse_1,2025-10-23,5556.0,3,26,130,1440.7643058300018,Hit,2.077884027303071,0,64,Thursday
mouse_1,2025-10-23,5556.0,3,26,131,1450.9702332019806,False Alarm,,1,37,Thursday
mouse_1,2025-10-23,5556.0,3,26,132,1461.166829109192,Hit,1.041322409485474,0,66,Thursday
mouse_1,2025-10-23,5556.0,3,26,133,1469.3797717094421,False Alarm,,1,45,Thursday
mouse_1,2025-10-23,5556.0,3,26,134,1479.573606967926,False Alarm,,1,6,Thursday
mouse_1,2025-10-23,5556.0,3,26,135,1493.2767462730408,Hit,1.4690240510828971,0,78,Thursday
mouse_1,2025-10-23,5556.0,3,26,136,1502.4665596485138,False Alarm,,1,135,Thursday
mouse_1,2025-10-23,5556.0,3,26,137,1512.6764743328094,False Alarm,,1,39,Thursday
mouse_1,2025-10-23,5556.0,3,26,138,1522.878983259201,Hit,1.1285511194892024,0,47,Thursday
mouse_1,2025-10-23,5556.0,3,26,139,1531.5789968967438,False Alarm,,1,20,Thursday
mouse_1,2025-10-23,5556.0,3,26,140,1541.7858102321625,Hit,1.1265311151423703,0,62,Thursday
mouse_1,2025-10-23,5556.0,3,26,141,1551.7392046451569,False Alarm,,1,37,Thursday
mouse_1,2025-10-23,5556.0,3,26,142,1561.9391961097717,False Alarm,,1,10,Thursday
mouse_1,2025-10-23,5556.0,3,26,143,1575.8864493370056,False Alarm,,1,7,Thursday
mouse_1,2025-10-23,5556.0,3,26,144,1590.0885739326477,False Alarm,,1,4,Thursday
mouse_1,2025-10-23,5556.0,3,26,145,1604.0455529689789,Hit,0.6281893747427603,0,71,Thursday
mouse_1,2025-10-23,5556.0,3,26,146,1612.239245414734,False Alarm,,1,40,Thursday
mouse_1,2025-10-23,5556.0,3,26,147,1622.4290130138397,Hit,1.3604446252713842,0,78,Thursday
mouse_1,2025-10-23,5556.0,3,26,148,1630.8826413154602,False Alarm,,1,74,Thursday
mouse_1,2025-10-23,5556.0,3,26,149,1641.0852954387665,Hit,0.39859499908448015,0,66,Thursday
mouse_1,2025-10-23,5556.0,3,26,150,1650.5364797115326,False Alarm,,1,39,Thursday
mouse_1,2025-10-23,5556.0,3,26,151,1660.7355151176453,False Alarm,,1,5,Thursday
mouse_1,2025-10-23,5556.0,3,26,152,1674.955710887909,False Alarm,,1,3,Thursday
mouse_1,2025-10-23,5556.0,3,26,153,1687.915055513382,Hit,0.44469773800710755,0,78,Thursday
mouse_1,2025-10-23,5556.0,3,26,154,1697.368159532547,False Alarm,,1,89,Thursday
mouse_1,2025-10-23,5556.0,3,26,155,1707.5751044750214,Hit,0.659926309035427,0,60,Thursday
mouse_1,2025-10-23,5556.0,3,26,156,1716.0185067653656,False Alarm,,1,31,Thursday
mouse_1,2025-10-23,5556.0,3,26,157,1726.219039440155,Hit,1.29035833805915,0,73,Thursday
mouse_1,2025-10-23,5556.0,3,26,158,1736.1788566112518,False Alarm,,1,53,Thursday
mouse_1,2025-10-23,5556.0,3,26,159,1746.3845782279968,Hit,0.6728502270807439,0,75,Thursday
mouse_1,2025-10-23,5556.0,3,26,160,1755.3277688026428,False Alarm,,1,52,Thursday
mouse_1,2025-10-23,5556.0,3,26,161,1765.5211913585663,Hit,0.6486848975448538,0,67,Thursday
mouse_1,2025-10-23,5556.0,3,26,162,1774.466616153717,False Alarm,,1,38,Thursday
mouse_1,2025-10-23,5556.0,3,26,163,1784.6641690731049,Hit,0.6686639271622425,0,76,Thursday
mouse_1,2025-10-23,5556.0,3,26,164,1792.8684957027435,False Alarm,,1,54,Thursday
mouse_1,2025-10-23,5556.0,3,26,165,1803.069257736206,Miss,,0,0,Thursday
mouse_1,2025-10-24,6660.0,0,-1,-1,,No Trial,,0,0,Friday
mouse_1,2025-10-25,5440.0,0,-1,-1,,No Trial,,0,0,Saturday
mouse_1,2025-10-26,2100.0,0,-1,-1,,No Trial,,0,0,Sunday
mouse_1,2025-10-27,1500.0,3,27,1,0.4087095260620117,Hit,0.46863952304192935,0,78,Monday
mouse_1,2025-10-27,1500.0,3,27,2,9.60890817642212,False Alarm,,1,60,Monday
mouse_1,2025-10-27,1500.0,3,27,3,19.815154552459717,Hit,1.5806348614836772,0,50,Monday
mouse_1,2025-10-27,1500.0,3,27,4,28.758422136306763,False Alarm,,1,23,Monday
mouse_1,2025-10-27,1500.0,3,27,5,38.96873998641968,False Alarm,,1,8,Monday
mouse_1,2025-10-27,1500.0,3,27,6,52.67778730392456,False Alarm,,1,4,Monday
mouse_1,2025-10-27,1500.0,3,27,7,67.37489199638367,Hit,0.42291838553937566,0,66,Monday
mouse_1,2025-10-27,1500.0,3,27,8,76.8383104801178,False Alarm,,1,40,Monday
mouse_1,2025-10-27,1500.0,3,27,9,87.03793048858643,Hit,0.6519843134829131,0,68,Monday
mouse_1,2025-10-27,1500.0,3,27,10,95.49787878990173,False Alarm,,1,38,Monday
mouse_1,2025-10-27,1500.0,3,27,11,105.70471405982971,Hit,0.6552565901452567,0,71,Monday
mouse_1,2025-10-27,1500.0,3,27,12,114.39520573616028,False Alarm,,1,45,Monday
mouse_1,2025-10-27,1500.0,3,27,13,124.59412002563477,False Alarm,,1,4,Monday
mouse_1,2025-10-27,1500.0,3,27,14,139.3049280643463,Hit,0.6636443983728384,0,45,Monday
mouse_1,2025-10-27,1500.0,3,27,15,148.0083510875702,False Alarm,,1,19,Monday
mouse_1,2025-10-27,1500.0,3,27,16,158.22448444366455,False Alarm,,1,5,Monday
mouse_1,2025-10-27,1500.0,3,27,17,171.9245913028717,Hit,1.0042241189004244,0,75,Monday
mouse_1,2025-10-27,1500.0,3,27,18,180.12760305404663,False Alarm,,1,63,Monday
mouse_1,2025-10-27,1500.0,3,27,19,190.33019089698792,Hit,1.6615886455259385,0,76,Monday
mouse_1,2025-10-27,1500.0,3,27,20,201.03836965560913,False Alarm,,1,49,Monday
mouse_1,2025-10-27,1500.0,3,27,21,211.2440927028656,Hit,0.7904738460842395,0,75,Monday
mouse_1,2025-10-27,1500.0,3,27,22,220.44817996025085,False Alarm,,1,55,Monday
mouse_1,2025-10-27,1500.0,3,27,23,230.6539225578308,False Alarm,,1,5,Monday
mouse_1,2025-10-27,1500.0,3,27,24,244.86877846717834,Hit,1.4656323744170265,0,71,Monday
mouse_1,2025-10-27,1500.0,3,27,25,254.8282687664032,False Alarm,,1,53,Monday
mouse_1,2025-10-27,1500.0,3,27,26,265.03390169143677,Miss,,0,0,Monday
mouse_1,2025-10-27,1500.0,3,27,27,275.477814912796,Hit,0.83444790999107,0,75,Monday
mouse_1,2025-10-27,1500.0,3,27,28,284.93943214416504,False Alarm,,1,65,Monday
mouse_1,2025-10-27,1500.0,3,27,29,295.14405274391174,Miss,,0,0,Monday
mouse_1,2025-10-27,1500.0,3,27,30,304.8573718070984,Miss,,0,5,Monday
mouse_1,2025-10-27,1500.0,3,27,31,316.3074007034302,Miss,,0,0,Monday
mouse_1,2025-10-27,1500.0,3,27,32,326.2568254470825,Miss,,0,0,Monday
mouse_1,2025-10-27,1500.0,3,27,33,336.2064998149872,Hit,2.322974594793095,0,59,Monday
mouse_1,2025-10-27,1500.0,3,27,34,346.908650636673,False Alarm,,1,34,Monday
mouse_1,2025-10-27,1500.0,3,27,35,357.114289522171,False Alarm,,1,4,Monday
mouse_1,2025-10-27,1500.0,3,27,36,371.0845789909363,Hit,0.4064992414548101,0,59,Monday
mouse_1,2025-10-27,1500.0,3,27,37,379.78676295280457,False Alarm,,1,29,Monday
mouse_1,2025-10-27,1500.0,3,27,38,389.99337339401245,False Alarm,,1,5,Monday
mouse_1,2025-10-27,1500.0,3,27,39,405.4485659599304,Hit,0.9295633546663566,0,50,Monday
mouse_1,2025-10-27,1500.0,3,27,40,413.8994851112366,False Alarm,,1,21,Monday
mouse_1,2025-10-27,1500.0,3,27,41,424.10299015045166,Miss,,0,0,Monday
mouse_1,2025-10-27,1500.0,3,27,42,435.0563838481903,Hit,1.6980791122441588,0,28,Monday
mouse_1,2025-10-27,1500.0,3,27,43,444.25850439071655,Hit,2.1321616721476744,0,47,Monday
mouse_1,2025-10-27,1500.0,3,27,44,453.957186460495,False Alarm,,1,22,Monday
mouse_1,2025-10-27,1500.0,3,27,45,464.16343116760254,Hit,0.36080881965852996,0,76,Monday
mouse_1,2025-10-27,1500.0,3,27,46,472.11647844314575,False Alarm,,1,50,Monday
mouse_1,2025-10-27,1500.0,3,27,47,482.3188214302063,Hit,1.3382537400152614,0,62,Monday
mouse_1,2025-10-27,1500.0,3,27,48,491.76599383354187,False Alarm,,1,35,Monday
mouse_1,2025-10-27,1500.0,3,27,49,501.97259545326233,Hit,0.21002111081497787,0,76,Monday
mouse_1,2025-10-27,1500.0,3,27,50,509.92619824409485,False Alarm,,1,55,Monday
mouse_1,2025-10-27,1500.0,3,27,51,520.1334137916565,Hit,0.22397073823276514,0,59,Monday
mouse_1,2025-10-27,1500.0,3,27,52,528.0838167667389,False Alarm,,1,31,Monday
mouse_1,2025-10-27,1500.0,3,27,53,538.2822458744049,Hit,0.945283530112988,0,69,Monday
mouse_1,2025-10-27,1500.0,3,27,54,546.7358186244965,False Alarm,,1,43,Monday
mouse_1,2025-10-27,1500.0,3,27,55,556.9431409835815,False Alarm,,1,4,Monday
mouse_1,2025-10-27,1500.0,3,27,56,570.1423325538635,Hit,0.26778098035288167,0,70,Monday
mouse_1,2025-10-27,1500.0,3,27,57,578.595917224884,False Alarm,,1,40,Monday
mouse_1,2025-10-27,1500.0,3,27,58,588.8026747703552,Hit,0.4784509700414219,0,47,Monday
mouse_1,2025-10-27,1500.0,3,27,59,596.7639162540436,False Alarm,,1,20,Monday
mouse_1,2025-10-27,1500.0,3,27,60,606.9682607650757,Hit,0.5342693837699244,0,57,Monday
mouse_1,2025-10-27,1500.0,3,27,61,615.4254429340363,False Alarm,,1,31,Monday
mouse_1,2025-10-27,1500.0,3,27,62,625.6317095756531,False Alarm,,1,9,Monday
mouse_1,2025-10-27,1500.0,3,27,63,639.3321611881256,False Alarm,,1,8,Monday
mouse_1,2025-10-27,1500.0,3,27,64,649.5501244068146,False Alarm,,1,9,Monday
mouse_1,2025-10-27,1500.0,3,27,65,663.015474319458,False Alarm,,1,5,Monday
mouse_1,2025-10-27,1500.0,3,27,66,677.4719572067261,Hit,1.3274239968951633,0,57,Monday
mouse_1,2025-10-27,1500.0,3,27,67,686.6652522087097,False Alarm,,1,29,Monday
mouse_1,2025-10-27,1500.0,3,27,68,696.8686928749084,False Alarm,,1,7,Monday
mouse_1,2025-10-27,1500.0,3,27,69,711.0686044692993,False Alarm,,1,3,Monday
mouse_1,2025-10-27,1500.0,3,27,70,724.5311331748962,Hit,1.7499015303571923,0,50,Monday
mouse_1,2025-10-27,1500.0,3,27,71,735.2251219749451,False Alarm,,1,20,Monday
mouse_1,2025-10-27,1500.0,3,27,72,745.430944442749,Hit,0.6903755556099895,0,76,Monday
mouse_1,2025-10-27,1500.0,3,27,73,754.1253418922424,False Alarm,,1,54,Monday
mouse_1,2025-10-27,1500.0,3,27,74,764.3412394523621,False Alarm,,1,4,Monday
mouse_1,2025-10-27,1500.0,3,27,75,778.3010051250458,Miss,,0,0,Monday
mouse_1,2025-10-27,1500.0,3,27,76,788.9943640232086,Hit,2.0717463159485305,0,45,Monday
mouse_1,2025-10-27,1500.0,3,27,77,799.4416522979736,False Alarm,,1,14,Monday
mouse_1,2025-10-27,1500.0,3,27,78,809.6409816741943,Hit,1.3384968607650762,0,44,Monday
mouse_1,2025-10-27,1500.0,3,27,79,819.8452081680298,False Alarm,,1,14,Monday
mouse_1,2025-10-27,1500.0,3,27,80,830.0508472919464,Hit,1.468499535923229,0,49,Monday
mouse_1,2025-10-27,1500.0,3,27,81,839.2542340755463,False Alarm,,1,19,Monday
mouse_1,2025-10-27,1500.0,3,27,82,849.4608354568481,Miss,,0,0,Monday
mouse_1,2025-10-27,1500.0,3,27,83,860.9133765697479,Miss,,0,3,Monday
mouse_1,2025-10-27,1500.0,3,27,84,872.6136014461517,False Alarm,,1,3,Monday
mouse_1,2025-10-27,1500.0,3,27,85,884.8265743255615,Miss,,0,0,Monday
mouse_1,2025-10-27,1500.0,3,27,86,895.0330512523651,Miss,,0,0,Monday
mouse_1,2025-10-27,1500.0,3,27,87,906.2439134120941,Miss,,0,0,Monday
mouse_1,2025-10-27,1500.0,3,27,88,915.9433662891388,Miss,,0,0,Monday
mouse_1,2025-10-27,1500.0,3,27,89,925.6526920795441,Miss,,0,0,Monday
mouse_1,2025-10-27,1500.0,3,27,90,936.6027910709381,Hit,0.9414071949379377,0,49,Monday
mouse_1,2025-10-27,1500.0,3,27,91,946.0528733730316,False Alarm,,1,17,Monday
mouse_1,2025-10-27,1500.0,3,27,92,956.2548592090607,Miss,,0,3,Monday
mouse_1,2025-10-27,1500.0,3,27,93,966.4529392719269,Hit,0.30965597991109917,0,33,Monday
mouse_1,2025-10-27,1500.0,3,27,94,975.4025194644928,False Alarm,,1,5,Monday
mouse_1,2025-10-27,1500.0,3,27,95,985.609094619751,Miss,,0,0,Monday
mouse_1,2025-10-27,1500.0,3,27,96,995.5721297264099,Hit,0.6740693965311948,0,42,Monday
mouse_1,2025-10-27,1500.0,3,27,97,1005.0122764110565,False Alarm,,1,14,Monday
mouse_1,2025-10-27,1500.0,3,27,98,1015.2083339691162,False Alarm,,1,3,Monday
mouse_1,2025-10-27,1500.0,3,27,99,1029.4018113613129,Miss,,0,1,Monday
mouse_1,2025-10-27,1500.0,3,27,100,1040.861831665039,Hit,0.8546090326206013,0,48,Monday
mouse_1,2025-10-27,1500.0,3,27,101,1048.823332309723,False Alarm,,1,19,Monday
mouse_1,2025-10-27,1500.0,3,27,102,1059.0286350250244,Hit,1.1395272336292237,0,54,Monday
mouse_1,2025-10-27,1500.0,3,27,103,1068.741997718811,False Alarm,,1,23,Monday
mouse_1,2025-10-27,1500.0,3,27,104,1078.930573940277,Hit (Calc),2.8092094078388072,0,10,Monday
mouse_1,2025-10-27,1500.0,3,27,105,1089.871379852295,False Alarm,,1,6,Monday
mouse_1,2025-10-27,1500.0,3,27,106,1103.3286406993866,Hit,0.4573990628455249,0,47,Monday
mouse_1,2025-10-27,1500.0,3,27,107,1112.2912635803223,False Alarm,,1,16,Monday
mouse_1,2025-10-27,1500.0,3,27,108,1122.4980580806732,False Alarm,,1,4,Monday
mouse_1,2025-10-27,1500.0,3,27,109,1140.6988544464111,Hit,0.11914007847508401,0,29,Monday
mouse_1,2025-10-27,1500.0,3,27,110,1148.901513338089,Hit,1.9408266296022703,0,23,Monday
mouse_1,2025-10-27,1500.0,3,27,111,1159.598541021347,Hit,0.01978768865569691,0,37,Monday
mouse_1,2025-10-27,1500.0,3,27,112,1168.2913637161255,False Alarm,,1,12,Monday
mouse_1,2025-10-27,1500.0,3,27,113,1178.4990656375885,False Alarm,,1,6,Monday
mouse_1,2025-10-27,1500.0,3,27,114,1192.7073454856873,Miss,,0,0,Monday
mouse_1,2025-10-27,1500.0,3,27,115,1203.1603000164032,Hit,1.657570238384551,0,80,Monday
mouse_1,2025-10-27,1500.0,3,27,116,1213.608276128769,False Alarm,,1,49,Monday
mouse_1,2025-10-27,1500.0,3,27,117,1223.8071963787079,Hit,0.0038840402432924748,0,55,Monday
mouse_1,2025-10-27,1500.0,3,27,118,1232.5088081359863,False Alarm,,1,26,Monday
mouse_1,2025-10-27,1500.0,3,27,119,1242.707041978836,Miss,,0,0,Monday
mouse_1,2025-10-27,1500.0,3,27,120,1253.9086289405823,Hit,1.0426918295299856,0,36,Monday
mouse_1,2025-10-27,1500.0,3,27,121,1263.1183216571808,False Alarm,,1,10,Monday
mouse_1,2025-10-27,1500.0,3,27,122,1273.3268435001373,Hit (Calc),2.875457339204331,0,6,Monday
mouse_1,2025-10-27,1500.0,3,27,123,1283.0397565364838,False Alarm,,1,3,Monday
mouse_1,2025-10-27,1500.0,3,27,124,1295.7462441921234,Hit (Calc),2.530262284790524,0,5,Monday
mouse_1,2025-10-27,1500.0,3,27,125,1305.4496943950653,Hit,2.2824407000059637,0,20,Monday
mouse_1,2025-10-27,1500.0,3,27,126,1316.6498935222626,Miss,,0,0,Monday
mouse_1,2025-10-27,1500.0,3,27,127,1327.5994839668274,Hit,0.6644477390475458,0,40,Monday
mouse_1,2025-10-27,1500.0,3,27,128,1336.7897617816925,False Alarm,,1,10,Monday
mouse_1,2025-10-27,1500.0,3,27,129,1347.0064368247986,Hit,1.1633463521511658,0,26,Monday
mouse_1,2025-10-27,1500.0,3,27,130,1357.2094614505768,Miss,,0,0,Monday
mouse_1,2025-10-27,1500.0,3,27,131,1367.6684749126434,Miss,,0,0,Monday
mouse_1,2025-10-27,1500.0,3,27,132,1378.3682608604431,Miss,,0,0,Monday
mouse_1,2025-10-27,1500.0,3,27,133,1388.3085741996765,Miss,,0,0,Monday
mouse_1,2025-10-27,1500.0,3,27,134,1400.0056450366974,Miss,,0,4,Monday
mouse_1,2025-10-27,1500.0,3,27,135,1409.7089700698853,Miss,,0,0,Monday
mouse_1,2025-10-27,1500.0,3,27,136,1420.4091746807098,Hit,0.09056390904856926,0,20,Monday
mouse_1,2025-10-27,1500.0,3,27,137,1429.3592619895935,Hit,0.27117287623286757,0,30,Monday
mouse_1,2025-10-27,1500.0,3,27,138,1437.068859577179,Miss,,0,0,Monday
mouse_1,2025-10-27,1500.0,3,27,139,1447.2584323883057,Miss,,0,0,Monday
mouse_1,2025-10-27,1500.0,3,27,140,1457.9590277671814,Miss,,0,2,Monday
mouse_1,2025-10-27,1500.0,3,27,141,1467.9093372821808,Miss,,0,0,Monday
mouse_1,2025-10-27,1500.0,3,27,142,1477.8594329357147,Hit (Calc),2.7808215957250013,0,5,Monday
mouse_1,2025-10-27,1500.0,3,27,143,1489.3083362579346,Miss,,0,0,Monday
mouse_1,2025-10-27,1500.0,3,27,144,1500.7577006816864,Miss,,0,0,Monday
mouse_1,2025-10-27,1500.0,3,27,145,1510.4573221206665,Hit,1.6704588769473503,0,39,Monday
mouse_1,2025-10-27,1500.0,3,27,146,1520.9179532527924,False Alarm,,1,9,Monday
mouse_1,2025-10-27,1500.0,3,27,147,1531.114718914032,Miss,,0,4,Monday
mouse_1,2025-10-27,1500.0,3,27,148,1542.3076968193054,False Alarm,,1,4,Monday
mouse_1,2025-10-27,1500.0,3,27,149,1555.7649230957031,Miss,,0,0,Monday
mouse_1,2025-10-27,1500.0,3,27,150,1565.7272462844849,Hit,0.706929732245726,0,48,Monday
mouse_1,2025-10-27,1500.0,3,27,151,1574.6776242256165,False Alarm,,1,18,Monday
mouse_1,2025-10-27,1500.0,3,27,152,1584.884450674057,Miss,,0,0,Monday
mouse_1,2025-10-27,1500.0,3,27,153,1595.5770168304443,Hit,1.5722748975972536,0,34,Monday
mouse_1,2025-10-27,1500.0,3,27,154,1604.517241716385,False Alarm,,1,7,Monday
mouse_1,2025-10-27,1500.0,3,27,155,1614.7139449119568,Miss,,0,0,Monday
mouse_1,2025-10-27,1500.0,3,27,156,1624.9179863929749,Miss,,0,0,Monday
mouse_1,2025-10-27,1500.0,3,27,157,1636.3674674034119,Miss,,0,0,Monday
mouse_1,2025-10-27,1500.0,3,27,158,1646.3165020942688,Miss,,0,0,Monday
mouse_1,2025-10-27,1500.0,3,27,159,1657.7677941322327,Hit,1.5904207228250016,0,67,Monday
mouse_1,2025-10-27,1500.0,3,27,160,1667.467446565628,False Alarm,,1,37,Monday
mouse_1,2025-10-27,1500.0,3,27,161,1677.6737742424011,Miss,,0,5,Monday
mouse_1,2025-10-27,1500.0,3,27,162,1687.3662745952606,Hit,1.0785900859586945,0,35,Monday
mouse_1,2025-10-27,1500.0,3,27,163,1695.556659936905,False Alarm,,1,5,Monday
mouse_1,2025-10-27,1500.0,3,27,164,1705.7642576694489,Miss,,0,0,Monday
mouse_1,2025-10-27,1500.0,3,27,165,1715.9659509658813,Miss,,0,0,Monday
mouse_1,2025-10-27,1500.0,3,27,166,1725.9052753448486,Miss,,0,0,Monday
mouse_1,2025-10-27,1500.0,3,27,167,1736.3660564422607,Miss,,0,0,Monday
mouse_1,2025-10-27,1500.0,3,27,168,1747.0648941993713,Hit,0.14195903706558965,0,13,Monday
mouse_1,2025-10-27,1500.0,3,27,169,1755.2637972831726,Miss,,0,3,Monday
mouse_1,2025-10-27,1500.0,3,27,170,1765.2067024707794,Hit (Calc),2.671186421175662,0,4,Monday
mouse_1,2025-10-27,1500.0,3,27,171,1775.4166531562805,Hit,1.504124992002744,0,22,Monday
mouse_1,2025-10-27,1500.0,3,27,172,1785.6180860996246,Miss,,0,0,Monday
mouse_1,2025-10-27,1500.0,3,27,173,1796.3171646595001,Miss,,0,0,Monday
mouse_1,2025-10-28,1500.0,3,28,1,0.38385653495788574,Hit,0.30922281817110253,0,27,Tuesday
mouse_1,2025-10-28,1500.0,3,28,2,9.326997756958008,False Alarm,,1,1,Tuesday
mouse_1,2025-10-28,1500.0,3,28,3,19.532975912094116,Hit,0.8120151320238342,0,45,Tuesday
mouse_1,2025-10-28,1500.0,3,28,4,28.47630548477173,False Alarm,,1,20,Tuesday
mouse_1,2025-10-28,1500.0,3,28,5,38.69289779663086,False Alarm,,1,4,Tuesday
mouse_1,2025-10-28,1500.0,3,28,6,52.15111565589905,Miss,,0,7,Tuesday
mouse_1,2025-10-28,1500.0,3,28,7,61.85744643211365,Hit,0.37904757342666073,0,23,Tuesday
mouse_1,2025-10-28,1500.0,3,28,8,69.81600165367126,Hit,2.091600225625527,0,13,Tuesday
mouse_1,2025-10-28,1500.0,3,28,9,79.27633380889893,Hit,0.8262363451744079,0,27,Tuesday
mouse_1,2025-10-28,1500.0,3,28,10,89.22657918930054,Hit,1.3629832690467225,0,72,Tuesday
mouse_1,2025-10-28,1500.0,3,28,11,98.17724442481995,False Alarm,,1,46,Tuesday
mouse_1,2025-10-28,1500.0,3,28,12,108.38246297836304,Hit,0.5612138057677498,0,42,Tuesday
mouse_1,2025-10-28,1500.0,3,28,13,116.07598638534546,False Alarm,,1,11,Tuesday
mouse_1,2025-10-28,1500.0,3,28,14,126.28325128555298,Hit,2.2029064798419142,0,28,Tuesday
mouse_1,2025-10-28,1500.0,3,28,15,137.23662638664246,Hit,1.726265386407789,0,27,Tuesday
mouse_1,2025-10-28,1500.0,3,28,16,147.4462549686432,False Alarm,,1,2,Tuesday
mouse_1,2025-10-28,1500.0,3,28,17,157.65054941177368,Hit,1.1226085511355848,0,30,Tuesday
mouse_1,2025-10-28,1500.0,3,28,18,166.59570384025574,False Alarm,,1,1,Tuesday
mouse_1,2025-10-28,1500.0,3,28,19,176.81238865852356,Hit,0.017770863325097253,0,28,Tuesday
mouse_1,2025-10-28,1500.0,3,28,20,185.5166563987732,Hit,0.6674705792727877,0,25,Tuesday
mouse_1,2025-10-28,1500.0,3,28,21,194.7163951396942,False Alarm,,1,6,Tuesday
mouse_1,2025-10-28,1500.0,3,28,22,205.42348313331604,Hit,0.4060022191063126,0,16,Tuesday
mouse_1,2025-10-28,1500.0,3,28,23,214.8652002811432,False Alarm,,1,4,Tuesday
mouse_1,2025-10-28,1500.0,3,28,24,227.31608986854553,Hit,0.8587722279229695,0,23,Tuesday
mouse_1,2025-10-28,1500.0,3,28,25,237.01506972312927,Hit,0.6841430674754463,0,11,Tuesday
mouse_1,2025-10-28,1500.0,3,28,26,246.71526789665222,Hit,0.7344871509872917,0,12,Tuesday
mouse_1,2025-10-28,1500.0,3,28,27,256.1657729148865,Hit (Calc),2.435975560578413,0,5,Tuesday
mouse_1,2025-10-28,1500.0,3,28,28,266.86228942871094,Hit,2.048257659746696,0,15,Tuesday
mouse_1,2025-10-28,1500.0,3,28,29,276.5557770729065,Miss,,0,0,Tuesday
mouse_1,2025-10-28,1500.0,3,28,30,287.50452733039856,Miss,,0,4,Tuesday
mouse_1,2025-10-28,1500.0,3,28,31,297.46448588371277,False Alarm,,1,4,Tuesday
mouse_1,2025-10-28,1500.0,3,28,32,307.9215974807739,Miss,,0,4,Tuesday
mouse_1,2025-10-28,1500.0,3,28,33,318.8745677471161,Hit,0.6324300078406395,0,9,Tuesday
mouse_1,2025-10-28,1500.0,3,28,34,328.0846383571625,Hit,1.7325899113692458,0,13,Tuesday
mouse_1,2025-10-28,1500.0,3,28,35,337.03521513938904,Hit,0.9784898856940458,0,11,Tuesday
mouse_1,2025-10-28,1500.0,3,28,36,345.7436158657074,Hit,1.8081621234167073,0,20,Tuesday
mouse_1,2025-10-28,1500.0,3,28,37,356.44442224502563,Miss,,0,0,Tuesday
mouse_1,2025-10-28,1500.0,3,28,38,367.14399552345276,Hit,1.8246163928663464,0,57,Tuesday
mouse_1,2025-10-28,1500.0,3,28,39,377.60235047340393,False Alarm,,1,25,Tuesday
mouse_1,2025-10-28,1500.0,3,28,40,387.8013894557953,Hit,1.5133570954217817,0,42,Tuesday
mouse_1,2025-10-28,1500.0,3,28,41,398.24721479415894,False Alarm,,1,12,Tuesday
mouse_1,2025-10-28,1500.0,3,28,42,408.45065093040466,Hit,0.12055372532915953,0,16,Tuesday
mouse_1,2025-10-28,1500.0,3,28,43,416.90465092658997,Hit,0.7415401760264331,0,21,Tuesday
mouse_1,2025-10-28,1500.0,3,28,44,425.61503195762634,Miss,,0,0,Tuesday
mouse_1,2025-10-28,1500.0,3,28,45,437.0609004497528,Miss,,0,0,Tuesday
mouse_1,2025-10-28,1500.0,3,28,46,448.0054740905762,Miss,,0,0,Tuesday
mouse_1,2025-10-28,1500.0,3,28,47,458.95147490501404,Hit,0.3922114664684955,0,8,Tuesday
mouse_1,2025-10-28,1500.0,3,28,48,467.656170129776,Hit,1.7180408767038102,0,12,Tuesday
mouse_1,2025-10-28,1500.0,3,28,49,477.6022400856018,Hit,2.24053141577906,0,10,Tuesday
mouse_1,2025-10-28,1500.0,3,28,50,487.5443961620331,Hit,2.007882902321171,0,8,Tuesday
mouse_1,2025-10-28,1500.0,3,28,51,497.74411845207214,Hit,0.050803791233988704,0,12,Tuesday
mouse_1,2025-10-28,1500.0,3,28,52,506.9543013572693,Miss,,0,0,Tuesday
mouse_1,2025-10-28,1500.0,3,28,53,517.1633224487305,Hit,0.9801352827803385,0,9,Tuesday
mouse_1,2025-10-28,1500.0,3,28,54,526.3635902404785,Hit (Calc),2.4223469793067807,0,4,Tuesday
mouse_1,2025-10-28,1500.0,3,28,55,536.3043313026428,Hit,1.9487284720827347,0,8,Tuesday
mouse_1,2025-10-28,1500.0,3,28,56,546.0147271156311,Hit,0.8944928201925677,0,15,Tuesday
mouse_1,2025-10-28,1500.0,3,28,57,553.9638934135437,Hit (Calc),2.9024191078141257,0,5,Tuesday
mouse_1,2025-10-28,1500.0,3,28,58,563.6734955310822,Miss,,0,0,Tuesday
mouse_1,2025-10-28,1500.0,3,28,59,573.3718769550323,Miss,,0,0,Tuesday
mouse_1,2025-10-28,1500.0,3,28,60,584.0739243030548,Miss,,0,3,Tuesday
mouse_1,2025-10-28,1500.0,3,28,61,594.7733814716339,False Alarm,,1,3,Tuesday
mouse_1,2025-10-28,1500.0,3,28,62,608.7396709918976,Miss,,0,0,Tuesday
mouse_1,2025-10-28,1500.0,3,28,63,618.6828768253326,Miss,,0,0,Tuesday
mouse_1,2025-10-28,1500.0,3,28,64,630.1339809894562,Hit,1.6027197994949347,0,24,Tuesday
mouse_1,2025-10-28,1500.0,3,28,65,640.5827395915985,Miss,,0,0,Tuesday
mouse_1,2025-10-28,1500.0,3,28,66,651.7727108001709,Miss,,0,0,Tuesday
mouse_1,2025-10-28,1500.0,3,28,67,662.7125489711761,False Alarm,,1,7,Tuesday
mouse_1,2025-10-28,1500.0,3,28,68,680.419214963913,Hit,0.5975695118738713,0,10,Tuesday
mouse_1,2025-10-28,1500.0,3,28,69,688.1131870746613,Hit,1.153426008989868,0,12,Tuesday
mouse_1,2025-10-28,1500.0,3,28,70,697.5623965263367,Miss,,0,0,Tuesday
mouse_1,2025-10-28,1500.0,3,28,71,708.5120964050293,Miss,,0,0,Tuesday
mouse_1,2025-10-28,1500.0,3,28,72,718.7218403816223,Miss,,0,0,Tuesday
mouse_1,2025-10-28,1500.0,3,28,73,728.9220118522644,Miss,,0,0,Tuesday
mouse_1,2025-10-28,1500.0,3,28,74,739.371495962143,Miss,,0,0,Tuesday
mouse_1,2025-10-28,1500.0,3,28,75,750.8227894306183,Miss,,0,3,Tuesday
mouse_1,2025-10-28,1500.0,3,28,76,760.7718780040741,Miss,,0,0,Tuesday
mouse_1,2025-10-28,1500.0,3,28,77,770.4713490009308,Miss,,0,0,Tuesday
mouse_1,2025-10-28,1500.0,3,28,78,780.6821568012238,Hit,1.3890009235254865,0,8,Tuesday
mouse_1,2025-10-28,1500.0,3,28,79,789.3920207023621,Miss,,0,0,Tuesday
mouse_1,2025-10-28,1500.0,3,28,80,799.5927894115448,Hit,1.3461594216026924,0,15,Tuesday
mouse_1,2025-10-28,1500.0,3,28,81,809.0430216789246,Miss,,0,4,Tuesday
mouse_1,2025-10-28,1500.0,3,28,82,818.9912254810333,Hit,0.6513648186262344,0,9,Tuesday
mouse_1,2025-10-28,1500.0,3,28,83,827.1921100616455,Miss,,0,0,Tuesday
mouse_1,2025-10-28,1500.0,3,28,84,837.1414892673492,Miss,,0,0,Tuesday
mouse_1,2025-10-28,1500.0,3,28,85,847.8413472175598,Hit,0.5084662150031818,0,10,Tuesday
mouse_1,2025-10-28,1500.0,3,28,86,856.0321617126465,Miss,,0,0,Tuesday
mouse_1,2025-10-28,1500.0,3,28,87,866.9811239242554,Miss,,0,0,Tuesday
mouse_1,2025-10-28,1500.0,3,28,88,876.6809141635895,Miss,,0,0,Tuesday
mouse_1,2025-10-28,1500.0,3,28,89,886.6307213306427,Miss,,0,3,Tuesday
mouse_1,2025-10-28,1500.0,3,28,90,896.3305504322052,Hit,0.11957334552766952,0,11,Tuesday
mouse_1,2025-10-28,1500.0,3,28,91,904.2818510532379,Hit,0.7743087575884147,0,7,Tuesday
mouse_1,2025-10-28,1500.0,3,28,92,912.4821085929871,Hit,1.2103676599650726,0,7,Tuesday
mouse_1,2025-10-28,1500.0,3,28,93,920.9416658878326,Hit,1.07365205239023,0,12,Tuesday
mouse_1,2025-10-28,1500.0,3,28,94,929.142151594162,Hit,0.14814900776048034,0,9,Tuesday
mouse_1,2025-10-28,1500.0,3,28,95,936.5918145179749,Hit,0.905205287440026,0,8,Tuesday
mouse_1,2025-10-28,1500.0,3,28,96,945.0498750209808,Hit,0.19831214597945745,0,8,Tuesday
mouse_1,2025-10-28,1500.0,3,28,97,952.9910035133362,Miss,,0,0,Tuesday
mouse_1,2025-10-28,1500.0,3,28,98,963.4406569004059,Miss,,0,0,Tuesday
mouse_1,2025-10-28,1500.0,3,28,99,974.1304979324341,Miss,,0,0,Tuesday
mouse_1,2025-10-28,1500.0,3,28,100,985.5912189483643,Miss,,0,0,Tuesday
mouse_1,2025-10-28,1500.0,3,28,101,995.8004937171936,Hit,1.2329496516599647,0,7,Tuesday
mouse_1,2025-10-28,1500.0,3,28,102,1004.511796951294,Hit,1.5729757240249,0,8,Tuesday
mouse_1,2025-10-28,1500.0,3,28,103,1013.7108809947968,Miss,,0,0,Tuesday
mouse_1,2025-10-28,1500.0,3,28,104,1023.9196844100952,Hit,1.2042932692581871,0,10,Tuesday
mouse_1,2025-10-28,1500.0,3,28,105,1033.1110875606537,Miss,,0,0,Tuesday
mouse_1,2025-10-28,1500.0,3,28,106,1044.059998512268,Miss,,0,3,Tuesday
mouse_1,2025-10-28,1500.0,3,28,107,1054.7598464488983,False Alarm,,1,7,Tuesday
mouse_1,2025-10-28,1500.0,3,28,108,1066.7273383140564,False Alarm,,1,4,Tuesday
mouse_1,2025-10-28,1500.0,3,28,109,1080.6821506023407,Miss,,0,1,Tuesday
mouse_1,2025-10-28,1500.0,3,28,110,1092.130741596222,Hit,0.4194843543114075,0,38,Tuesday
mouse_1,2025-10-28,1500.0,3,28,111,1100.3300879001617,False Alarm,,1,7,Tuesday
mouse_1,2025-10-28,1500.0,3,28,112,1110.5282747745514,Miss,,0,0,Tuesday
mouse_1,2025-10-28,1500.0,3,28,113,1120.4798440933228,Miss,,0,0,Tuesday
mouse_1,2025-10-28,1500.0,3,28,114,1131.9298555850983,Miss,,0,0,Tuesday
mouse_1,2025-10-28,1500.0,3,28,115,1141.6176760196686,Miss,,0,0,Tuesday
mouse_1,2025-10-28,1500.0,3,28,116,1152.576922416687,Miss,,0,0,Tuesday
mouse_1,2025-10-28,1500.0,3,28,117,1163.7894532680511,Miss,,0,0,Tuesday
mouse_1,2025-10-28,1500.0,3,28,118,1173.4895577430725,Hit,1.2007510065000133,0,5,Tuesday
mouse_1,2025-10-28,1500.0,3,28,119,1182.689623117447,Miss,,0,4,Tuesday
mouse_1,2025-10-28,1500.0,3,28,120,1193.1389997005463,Hit,0.023545882393136708,0,6,Tuesday
mouse_1,2025-10-28,1500.0,3,28,121,1200.8499999046326,Miss,,0,0,Tuesday
mouse_1,2025-10-28,1500.0,3,28,122,1211.039050579071,Miss,,0,0,Tuesday
mouse_1,2025-10-28,1500.0,3,28,123,1220.989453792572,Hit,0.2418852926289219,0,7,Tuesday
mouse_1,2025-10-28,1500.0,3,28,124,1230.189383983612,Miss,,0,0,Tuesday
mouse_1,2025-10-28,1500.0,3,28,125,1240.37908411026,Miss,,0,0,Tuesday
mouse_1,2025-10-28,1500.0,3,28,126,1251.8193290233612,Miss,,0,0,Tuesday
mouse_1,2025-10-28,1500.0,3,28,127,1261.518982410431,Miss,,0,0,Tuesday
mouse_1,2025-10-28,1500.0,3,28,128,1272.969111442566,Hit,1.9492344684840646,0,7,Tuesday
mouse_1,2025-10-28,1500.0,3,28,129,1283.6692516803741,Miss,,0,0,Tuesday
mouse_1,2025-10-28,1500.0,3,28,130,1293.8594553470612,Miss,,0,0,Tuesday
mouse_1,2025-10-28,1500.0,3,28,131,1305.0688886642456,Miss,,0,0,Tuesday
mouse_1,2025-10-28,1500.0,3,28,132,1315.5072937011719,Miss,,0,0,Tuesday
mouse_1,2025-10-28,1500.0,3,28,133,1325.7097895145416,Hit,0.5883308008974382,0,8,Tuesday
mouse_1,2025-10-28,1500.0,3,28,134,1335.418521642685,Miss,,0,0,Tuesday
mouse_1,2025-10-28,1500.0,3,28,135,1346.8654787540436,Hit,0.9030170043931776,0,26,Tuesday
mouse_1,2025-10-28,1500.0,3,28,136,1356.8189384937286,Hit,0.7776942561411033,0,6,Tuesday
mouse_1,2025-10-28,1500.0,3,28,137,1365.0192413330078,Hit,0.07680991791312408,0,9,Tuesday
mouse_1,2025-10-28,1500.0,3,28,138,1373.7185325622559,Hit,0.7086883302376918,0,8,Tuesday
mouse_1,2025-10-28,1500.0,3,28,139,1381.9189262390137,Miss,,0,0,Tuesday
mouse_1,2025-10-28,1500.0,3,28,140,1391.618046760559,False Alarm,,1,6,Tuesday
mouse_1,2025-10-28,1500.0,3,28,141,1407.3329193592072,Hit,1.4534989180806406,0,6,Tuesday
mouse_1,2025-10-28,1500.0,3,28,142,1416.7884962558746,Miss,,0,0,Tuesday
mouse_1,2025-10-28,1500.0,3,28,143,1427.7383487224579,Hit (Calc),2.7906726275234632,0,4,Tuesday
mouse_1,2025-10-28,1500.0,3,28,144,1437.4350411891937,Miss,,0,0,Tuesday
mouse_1,2025-10-28,1500.0,3,28,145,1448.3980312347412,Miss,,0,0,Tuesday
mouse_1,2025-10-28,1500.0,3,28,146,1458.107256412506,Hit,0.3186020806401757,0,6,Tuesday
mouse_1,2025-10-28,1500.0,3,28,147,1466.29860830307,Miss,,0,1,Tuesday
mouse_1,2025-10-28,1500.0,3,28,148,1477.2478556632996,False Alarm,,1,1,Tuesday
mouse_1,2025-10-28,1500.0,3,28,149,1489.9553501605988,Miss,,0,0,Tuesday
mouse_1,2025-10-28,1500.0,3,28,150,1501.4089560508728,Hit,0.415524027273932,0,8,Tuesday
mouse_1,2025-10-28,1500.0,3,28,151,1510.608645439148,Miss,,0,0,Tuesday
mouse_1,2025-10-28,1500.0,3,28,152,1521.3086264133453,Miss,,0,3,Tuesday
mouse_1,2025-10-28,1500.0,3,28,153,1532.0085752010345,Miss,,0,0,Tuesday
mouse_1,2025-10-28,1500.0,3,28,154,1542.7094933986664,Miss,,0,0,Tuesday
mouse_1,2025-10-28,1500.0,3,28,155,1553.4078888893127,Miss,,0,0,Tuesday
mouse_1,2025-10-28,1500.0,3,28,156,1564.367769241333,Miss,,0,0,Tuesday
mouse_1,2025-10-28,1500.0,3,28,157,1574.317842245102,Miss,,0,0,Tuesday
mouse_1,2025-10-28,1500.0,3,28,158,1585.2679493427277,Miss,,0,0,Tuesday
mouse_1,2025-10-28,1500.0,3,28,159,1596.7172770500183,Miss,,0,0,Tuesday
mouse_1,2025-10-28,1500.0,3,28,160,1607.4189369678497,Miss,,0,0,Tuesday
mouse_1,2025-10-28,1500.0,3,28,161,1617.8672320842743,Miss,,0,0,Tuesday
mouse_1,2025-10-28,1500.0,3,28,162,1628.5671699047089,Miss,,0,0,Tuesday
mouse_1,2025-10-28,1500.0,3,28,163,1638.5174403190613,Hit (Calc),2.6723160845667735,0,1,Tuesday
mouse_1,2025-10-28,1500.0,3,28,164,1649.4754366874695,Miss,,0,0,Tuesday
mouse_1,2025-10-28,1500.0,3,28,165,1659.9175810813904,Miss,,0,1,Tuesday
mouse_1,2025-10-28,1500.0,3,28,166,1670.1175918579102,Miss,,0,0,Tuesday
mouse_1,2025-10-28,1500.0,3,28,167,1679.8268241882324,Miss,,0,0,Tuesday
mouse_1,2025-10-28,1500.0,3,28,168,1689.5264930725098,Miss,,0,0,Tuesday
mouse_1,2025-10-28,1500.0,3,28,169,1700.9763588905334,Miss,,0,0,Tuesday
mouse_1,2025-10-28,1500.0,3,28,170,1710.9280378818512,Miss,,0,0,Tuesday
mouse_1,2025-10-28,1500.0,3,28,171,1720.6278185844421,Miss,,0,0,Tuesday
mouse_1,2025-10-28,1500.0,3,28,172,1731.3266899585724,Hit,1.2334400436202486,0,18,Tuesday
mouse_1,2025-10-28,1500.0,3,28,173,1740.7870206832886,Miss,,0,0,Tuesday
mouse_1,2025-10-28,1500.0,3,28,174,1751.2463421821594,Miss,,0,0,Tuesday
mouse_1,2025-10-28,1500.0,3,28,175,1761.6862590312958,Miss,,0,0,Tuesday
mouse_1,2025-10-28,1500.0,3,28,176,1772.6459233760834,Miss,,0,0,Tuesday
mouse_1,2025-10-28,1500.0,3,28,177,1783.0862448215485,Miss,,0,2,Tuesday
mouse_1,2025-10-28,1500.0,3,28,178,1793.7861714363098,Hit,0.5337861199041072,0,7,Tuesday
mouse_1,2025-10-28,1500.0,3,28,179,1801.736671447754,Miss,,0,0,Tuesday
mouse_1,2025-10-29,2000.0,3,29,1,0.3720824718475342,Miss,,0,0,Wednesday
mouse_1,2025-10-29,2000.0,3,29,2,11.832133769989014,Miss,,0,0,Wednesday
mouse_1,2025-10-29,2000.0,3,29,3,22.531414270401,Miss,,0,1,Wednesday
mouse_1,2025-10-29,2000.0,3,29,4,32.72857332229614,Hit,1.276298878905429,0,35,Wednesday
mouse_1,2025-10-29,2000.0,3,29,5,42.68270969390869,False Alarm,,1,12,Wednesday
mouse_1,2025-10-29,2000.0,3,29,6,53.12998151779175,Hit,0.42793731313565075,0,16,Wednesday
mouse_1,2025-10-29,2000.0,3,29,7,61.830742597579956,Hit,2.3561549139916593,0,30,Wednesday
mouse_1,2025-10-29,2000.0,3,29,8,71.78210973739624,False Alarm,,1,2,Wednesday
mouse_1,2025-10-29,2000.0,3,29,9,81.97980380058289,Hit,0.8228804006255359,0,31,Wednesday
mouse_1,2025-10-29,2000.0,3,29,10,91.1711356639862,False Alarm,,1,3,Wednesday
mouse_1,2025-10-29,2000.0,3,29,11,101.38736915588379,Miss,,0,0,Wednesday
mouse_1,2025-10-29,2000.0,3,29,12,112.34022760391235,Miss,,0,3,Wednesday
mouse_1,2025-10-29,2000.0,3,29,13,123.29074668884277,False Alarm,,1,3,Wednesday
mouse_1,2025-10-29,2000.0,3,29,14,134.49781560897827,Hit,0.8622120315315556,0,47,Wednesday
mouse_1,2025-10-29,2000.0,3,29,15,143.69142532348633,False Alarm,,1,18,Wednesday
mouse_1,2025-10-29,2000.0,3,29,16,153.88980507850647,Miss,,0,0,Wednesday
mouse_1,2025-10-29,2000.0,3,29,17,163.83046650886536,Hit,1.8762211661674826,0,30,Wednesday
mouse_1,2025-10-29,2000.0,3,29,18,174.02979707717896,False Alarm,,1,1,Wednesday
mouse_1,2025-10-29,2000.0,3,29,19,184.22710990905762,Miss,,0,2,Wednesday
mouse_1,2025-10-29,2000.0,3,29,20,194.92008066177368,False Alarm,,1,2,Wednesday
mouse_1,2025-10-29,2000.0,3,29,21,208.36985063552856,Hit,0.558724098692096,0,28,Wednesday
mouse_1,2025-10-29,2000.0,3,29,22,217.07059478759766,False Alarm,,1,4,Wednesday
mouse_1,2025-10-29,2000.0,3,29,23,227.26718282699585,False Alarm,,1,3,Wednesday
mouse_1,2025-10-29,2000.0,3,29,24,240.96712040901184,Miss,,0,4,Wednesday
mouse_1,2025-10-29,2000.0,3,29,25,251.6689190864563,False Alarm,,1,3,Wednesday
mouse_1,2025-10-29,2000.0,3,29,26,261.8783938884735,Miss,,0,0,Wednesday
mouse_1,2025-10-29,2000.0,3,29,27,272.07939100265503,Hit,0.8882109166929695,0,22,Wednesday
mouse_1,2025-10-29,2000.0,3,29,28,282.0213541984558,Miss,,0,0,Wednesday
mouse_1,2025-10-29,2000.0,3,29,29,293.2299258708954,Miss,,0,0,Wednesday
mouse_1,2025-10-29,2000.0,3,29,30,303.17934465408325,Miss,,0,0,Wednesday
mouse_1,2025-10-29,2000.0,3,29,31,313.39043378829956,Miss,,0,0,Wednesday
mouse_1,2025-10-29,2000.0,3,29,32,323.33938479423523,Miss,,0,0,Wednesday
mouse_1,2025-10-29,2000.0,3,29,33,334.2989556789398,Miss,,0,0,Wednesday
mouse_1,2025-10-29,2000.0,3,29,34,345.4892065525055,Hit,0.9697274765218822,0,38,Wednesday
mouse_1,2025-10-29,2000.0,3,29,35,354.67921900749207,False Alarm,,1,9,Wednesday
mouse_1,2025-10-29,2000.0,3,29,36,364.8860356807709,Miss,,0,3,Wednesday
mouse_1,2025-10-29,2000.0,3,29,37,374.838543176651,False Alarm,,1,3,Wednesday
mouse_1,2025-10-29,2000.0,3,29,38,386.27687764167786,Miss,,0,2,Wednesday
mouse_1,2025-10-29,2000.0,3,29,39,396.7200195789337,Hit,0.6269760302533314,0,48,Wednesday
mouse_1,2025-10-29,2000.0,3,29,40,404.66991329193115,False Alarm,,1,20,Wednesday
mouse_1,2025-10-29,2000.0,3,29,41,414.8675193786621,Hit,0.9223606217257725,0,35,Wednesday
mouse_1,2025-10-29,2000.0,3,29,42,423.0696635246277,Hit,0.29033657838721183,0,19,Wednesday
mouse_1,2025-10-29,2000.0,3,29,43,430.52882838249207,Hit,1.0903971359601314,0,26,Wednesday
mouse_1,2025-10-29,2000.0,3,29,44,440.4799282550812,Hit,0.49405683385884913,0,15,Wednesday
mouse_1,2025-10-29,2000.0,3,29,45,448.9387469291687,Hit,0.2873314152960802,0,22,Wednesday
mouse_1,2025-10-29,2000.0,3,29,46,457.62959456443787,Hit,0.7659015032273828,0,34,Wednesday
mouse_1,2025-10-29,2000.0,3,29,47,466.3286395072937,False Alarm,,1,10,Wednesday
mouse_1,2025-10-29,2000.0,3,29,48,476.52983045578003,Hit,0.38498306015515027,0,37,Wednesday
mouse_1,2025-10-29,2000.0,3,29,49,484.72873163223267,False Alarm,,1,15,Wednesday
mouse_1,2025-10-29,2000.0,3,29,50,494.94497561454773,False Alarm,,1,2,Wednesday
mouse_1,2025-10-29,2000.0,3,29,51,505.1398437023163,Hit,0.3990432956574068,0,43,Wednesday
mouse_1,2025-10-29,2000.0,3,29,52,514.09880900383,False Alarm,,1,16,Wednesday
mouse_1,2025-10-29,2000.0,3,29,53,524.3052096366882,Hit,0.14471967291308374,0,25,Wednesday
mouse_1,2025-10-29,2000.0,3,29,54,532.5093960762024,Miss,,0,7,Wednesday
mouse_1,2025-10-29,2000.0,3,29,55,543.4574587345123,False Alarm,,1,7,Wednesday
mouse_1,2025-10-29,2000.0,3,29,56,557.1554548740387,Hit,0.376714355754757,0,30,Wednesday
mouse_1,2025-10-29,2000.0,3,29,57,565.6064169406891,Hit,1.2756410908147018,0,29,Wednesday
mouse_1,2025-10-29,2000.0,3,29,58,574.0488743782043,Hit,1.4219503542910843,0,33,Wednesday
mouse_1,2025-10-29,2000.0,3,29,59,583.2486970424652,False Alarm,,1,2,Wednesday
mouse_1,2025-10-29,2000.0,3,29,60,593.4561035633087,Hit,1.2995161385680376,0,32,Wednesday
mouse_1,2025-10-29,2000.0,3,29,61,603.3980586528778,False Alarm,,1,7,Wednesday
mouse_1,2025-10-29,2000.0,3,29,62,613.6044118404388,False Alarm,,1,12,Wednesday
mouse_1,2025-10-29,2000.0,3,29,63,627.3098204135895,Hit,0.3016061955642044,0,20,Wednesday
mouse_1,2025-10-29,2000.0,3,29,64,635.7585065364838,Hit,0.21670682218950788,0,16,Wednesday
mouse_1,2025-10-29,2000.0,3,29,65,644.2281310558319,Miss,,0,4,Wednesday
mouse_1,2025-10-29,2000.0,3,29,66,654.1769769191742,False Alarm,,1,4,Wednesday
mouse_1,2025-10-29,2000.0,3,29,67,665.384360074997,Hit,0.7485279083692831,0,15,Wednesday
mouse_1,2025-10-29,2000.0,3,29,68,673.5869936943054,Hit,0.037293757155680396,0,29,Wednesday
mouse_1,2025-10-29,2000.0,3,29,69,682.297441482544,False Alarm,,1,12,Wednesday
mouse_1,2025-10-29,2000.0,3,29,70,693.9982590675354,False Alarm,,1,3,Wednesday
mouse_1,2025-10-29,2000.0,3,29,71,706.9642567634583,Hit,0.46017132384974957,0,28,Wednesday
mouse_1,2025-10-29,2000.0,3,29,72,715.6675288677216,Hit,0.6065936614477323,0,27,Wednesday
mouse_1,2025-10-29,2000.0,3,29,73,723.6185066699982,False Alarm,,1,5,Wednesday
mouse_1,2025-10-29,2000.0,3,29,74,738.8245344161987,Hit,1.3415966899668774,0,17,Wednesday
mouse_1,2025-10-29,2000.0,3,29,75,749.2667920589447,Hit,0.7409585642700449,0,26,Wednesday
mouse_1,2025-10-29,2000.0,3,29,76,757.968423128128,Miss,,0,4,Wednesday
mouse_1,2025-10-29,2000.0,3,29,77,768.6666786670685,False Alarm,,1,8,Wednesday
mouse_1,2025-10-29,2000.0,3,29,78,783.123153924942,False Alarm,,1,4,Wednesday
mouse_1,2025-10-29,2000.0,3,29,79,794.0840811729431,Hit,0.21864554863361718,0,12,Wednesday
mouse_1,2025-10-29,2000.0,3,29,80,803.0372877120972,Hit,1.42918719569127,0,17,Wednesday
mouse_1,2025-10-29,2000.0,3,29,81,811.9867560863495,False Alarm,,1,5,Wednesday
mouse_1,2025-10-29,2000.0,3,29,82,823.9526529312134,Miss,,0,0,Wednesday
mouse_1,2025-10-29,2000.0,3,29,83,835.6554999351501,Miss,,0,0,Wednesday
mouse_1,2025-10-29,2000.0,3,29,84,846.3566226959229,Miss,,0,0,Wednesday
mouse_1,2025-10-29,2000.0,3,29,85,856.556960105896,Miss,,0,0,Wednesday
mouse_1,2025-10-29,2000.0,3,29,86,868.265570640564,Miss,,0,0,Wednesday
mouse_1,2025-10-29,2000.0,3,29,87,878.7254202365875,Hit,0.24257167270673108,0,10,Wednesday
mouse_1,2025-10-29,2000.0,3,29,88,887.9264006614685,Miss,,0,3,Wednesday
mouse_1,2025-10-29,2000.0,3,29,89,897.8754925727844,False Alarm,,1,3,Wednesday
mouse_1,2025-10-29,2000.0,3,29,90,911.3297576904297,Miss,,0,0,Wednesday
mouse_1,2025-10-29,2000.0,3,29,91,921.2757592201233,Hit,0.7556553525383833,0,17,Wednesday
mouse_1,2025-10-29,2000.0,3,29,92,929.4759430885315,Hit,0.5961027786586328,0,10,Wednesday
mouse_1,2025-10-29,2000.0,3,29,93,937.4355571269989,Hit,0.4444243965764372,0,30,Wednesday
mouse_1,2025-10-29,2000.0,3,29,94,946.124144077301,False Alarm,,1,5,Wednesday
mouse_1,2025-10-29,2000.0,3,29,95,956.3200769424438,Hit,1.2045693360877294,0,10,Wednesday
mouse_1,2025-10-29,2000.0,3,29,96,964.7660617828369,Hit,0.5163826557205766,0,11,Wednesday
mouse_1,2025-10-29,2000.0,3,29,97,973.2165055274963,Miss,,0,0,Wednesday
mouse_1,2025-10-29,2000.0,3,29,98,984.1756918430328,Hit,0.023569473170937272,0,9,Wednesday
mouse_1,2025-10-29,2000.0,3,29,99,992.886382818222,Miss,,0,0,Wednesday
mouse_1,2025-10-29,2000.0,3,29,100,1003.0866167545319,Hit,0.44207856294747216,0,30,Wednesday
mouse_1,2025-10-29,2000.0,3,29,101,1012.0357875823975,Hit,0.36778105760390645,0,16,Wednesday
mouse_1,2025-10-29,2000.0,3,29,102,1019.4764790534973,Hit,1.1000129664810174,0,12,Wednesday
mouse_1,2025-10-29,2000.0,3,29,103,1028.6868443489075,Hit,0.6069281859322473,0,21,Wednesday
mouse_1,2025-10-29,2000.0,3,29,104,1037.3961021900177,Hit,0.3480387636643627,0,16,Wednesday
mouse_1,2025-10-29,2000.0,3,29,105,1045.846565246582,Hit,0.16767972962952626,0,25,Wednesday
mouse_1,2025-10-29,2000.0,3,29,106,1054.7955782413483,False Alarm,,1,8,Wednesday
mouse_1,2025-10-29,2000.0,3,29,107,1069.9921820163727,Hit,1.1719340759736951,0,10,Wednesday
mouse_1,2025-10-29,2000.0,3,29,108,1079.9571413993835,False Alarm,,1,3,Wednesday
mouse_1,2025-10-29,2000.0,3,29,109,1097.4097237586975,Miss,,0,5,Wednesday
mouse_1,2025-10-29,2000.0,3,29,110,1107.8554837703705,False Alarm,,1,5,Wednesday
mouse_1,2025-10-29,2000.0,3,29,111,1118.8224275112152,Hit,1.9260826365073171,0,17,Wednesday
mouse_1,2025-10-29,2000.0,3,29,112,1129.5261690616608,Hit,1.71267880260757,0,13,Wednesday
mouse_1,2025-10-29,2000.0,3,29,113,1139.98561501503,Hit,0.48631980602158364,0,18,Wednesday
mouse_1,2025-10-29,2000.0,3,29,114,1148.936203956604,Hit,0.7043750440304848,0,13,Wednesday
mouse_1,2025-10-29,2000.0,3,29,115,1157.6460151672363,Miss,,0,0,Wednesday
mouse_1,2025-10-29,2000.0,3,29,116,1167.5952622890472,Hit,0.47836605633233376,0,9,Wednesday
mouse_1,2025-10-29,2000.0,3,29,117,1176.295433998108,Hit,0.11885142965070372,0,14,Wednesday
mouse_1,2025-10-29,2000.0,3,29,118,1184.255954504013,Hit,1.1124375205913566,0,18,Wednesday
mouse_1,2025-10-29,2000.0,3,29,119,1192.705718278885,Hit,0.16525664966707154,0,9,Wednesday
mouse_1,2025-10-29,2000.0,3,29,120,1200.1460738182068,Miss,,0,0,Wednesday
mouse_1,2025-10-29,2000.0,3,29,121,1209.8453948497772,Miss,,0,0,Wednesday
mouse_1,2025-10-29,2000.0,3,29,122,1221.2954490184784,Hit,1.2068174964786067,0,8,Wednesday
mouse_1,2025-10-29,2000.0,3,29,123,1231.246640920639,Miss,,0,0,Wednesday
mouse_1,2025-10-29,2000.0,3,29,124,1242.4556608200073,Hit,0.2758968453886155,0,8,Wednesday
mouse_1,2025-10-29,2000.0,3,29,125,1250.9161100387573,Miss,,0,0,Wednesday
mouse_1,2025-10-29,2000.0,3,29,126,1260.6253037452698,Miss,,0,3,Wednesday
mouse_1,2025-10-29,2000.0,3,29,127,1272.0748176574707,False Alarm,,1,5,Wednesday
mouse_1,2025-10-29,2000.0,3,29,128,1285.7731902599335,Hit,0.2055400713995823,0,12,Wednesday
mouse_1,2025-10-29,2000.0,3,29,129,1293.7263600826263,Miss,,0,0,Wednesday
mouse_1,2025-10-29,2000.0,3,29,130,1303.6852247714996,Miss,,0,0,Wednesday
mouse_1,2025-10-29,2000.0,3,29,131,1314.1450645923615,Miss,,0,0,Wednesday
mouse_1,2025-10-29,2000.0,3,29,132,1325.5953822135925,Miss,,0,10,Wednesday
mouse_1,2025-10-29,2000.0,3,29,133,1335.3048799037933,Hit,0.20827242060431672,0,8,Wednesday
mouse_1,2025-10-29,2000.0,3,29,134,1342.755448102951,Hit,0.45080662335249144,0,6,Wednesday
mouse_1,2025-10-29,2000.0,3,29,135,1350.7053260803223,Hit,1.021293604179391,0,8,Wednesday
mouse_1,2025-10-29,2000.0,3,29,136,1359.1555454730988,Miss,,0,0,Wednesday
mouse_1,2025-10-29,2000.0,3,29,137,1368.8548033237457,Miss,,0,0,Wednesday
mouse_1,2025-10-29,2000.0,3,29,138,1378.804675102234,Miss,,0,0,Wednesday
mouse_1,2025-10-29,2000.0,3,29,139,1389.0042996406555,Miss,,0,0,Wednesday
mouse_1,2025-10-29,2000.0,3,29,140,1399.4625415802002,Miss,,0,0,Wednesday
mouse_1,2025-10-29,2000.0,3,29,141,1410.1653802394867,Miss,,0,0,Wednesday
mouse_1,2025-10-29,2000.0,3,29,142,1421.612027645111,Miss,,0,0,Wednesday
mouse_1,2025-10-29,2000.0,3,29,143,1432.3142910003662,Hit,1.6598676128749048,0,8,Wednesday
mouse_1,2025-10-29,2000.0,3,29,144,1442.0162870883942,Miss,,0,0,Wednesday
mouse_1,2025-10-29,2000.0,3,29,145,1451.964416027069,Miss,,0,0,Wednesday
mouse_1,2025-10-29,2000.0,3,29,146,1461.9141738414764,Miss,,0,0,Wednesday
mouse_1,2025-10-29,2000.0,3,29,147,1472.8741075992584,Miss,,0,0,Wednesday
mouse_1,2025-10-29,2000.0,3,29,148,1482.5640602111816,Miss,,0,0,Wednesday
mouse_1,2025-10-29,2000.0,3,29,149,1494.0138092041016,Miss,,0,0,Wednesday
mouse_1,2025-10-29,2000.0,3,29,150,1505.2133054733276,Miss,,0,0,Wednesday
mouse_1,2025-10-29,2000.0,3,29,151,1514.9146151542664,Miss,,0,0,Wednesday
mouse_1,2025-10-29,2000.0,3,29,152,1525.6138699054718,Miss,,0,0,Wednesday
mouse_1,2025-10-29,2000.0,3,29,153,1536.0731658935547,Miss,,0,0,Wednesday
mouse_1,2025-10-29,2000.0,3,29,154,1547.0143039226532,Hit,0.803002963921017,0,8,Wednesday
mouse_1,2025-10-29,2000.0,3,29,155,1556.7243037223816,Miss,,0,0,Wednesday
mouse_1,2025-10-29,2000.0,3,29,156,1568.1736578941345,Miss,,0,0,Wednesday
mouse_1,2025-10-29,2000.0,3,29,157,1579.623517036438,Hit,0.6088206489141612,0,9,Wednesday
mouse_1,2025-10-29,2000.0,3,29,158,1588.3117780685425,Miss,,0,0,Wednesday
mouse_1,2025-10-29,2000.0,3,29,159,1598.0029458999634,Miss,,0,0,Wednesday
mouse_1,2025-10-29,2000.0,3,29,160,1608.1932203769684,Hit,0.5835745710464835,0,9,Wednesday
mouse_1,2025-10-29,2000.0,3,29,161,1617.6537141799927,Miss,,0,0,Wednesday
mouse_1,2025-10-29,2000.0,3,29,162,1627.8436019420624,Miss,,0,0,Wednesday
mouse_1,2025-10-29,2000.0,3,29,163,1638.3035209178925,Miss,,0,0,Wednesday
mouse_1,2025-10-29,2000.0,3,29,164,1649.4925825595856,Miss,,0,0,Wednesday
mouse_1,2025-10-29,2000.0,3,29,165,1659.4329481124878,Miss,,0,0,Wednesday
mouse_1,2025-10-29,2000.0,3,29,166,1669.6238629817963,Miss,,0,0,Wednesday
mouse_1,2025-10-29,2000.0,3,29,167,1680.583595752716,Miss,,0,0,Wednesday
mouse_1,2025-10-29,2000.0,3,29,168,1691.282969713211,Miss,,0,0,Wednesday
mouse_1,2025-10-29,2000.0,3,29,169,1702.7328577041626,Miss,,0,0,Wednesday
mouse_1,2025-10-29,2000.0,3,29,170,1712.4327409267426,Miss,,0,0,Wednesday
mouse_1,2025-10-29,2000.0,3,29,171,1722.1230807304382,Miss,,0,0,Wednesday
mouse_1,2025-10-29,2000.0,3,29,172,1732.8227565288544,Miss,,0,0,Wednesday
mouse_1,2025-10-29,2000.0,3,29,173,1742.7633004188538,Miss,,0,0,Wednesday
mouse_1,2025-10-29,2000.0,3,29,174,1752.9732582569122,Miss,,0,0,Wednesday
mouse_1,2025-10-29,2000.0,3,29,175,1764.1632027626038,Miss,,0,0,Wednesday
mouse_1,2025-10-29,2000.0,3,29,176,1774.35093998909,Miss,,0,3,Wednesday
mouse_1,2025-10-29,2000.0,3,29,177,1785.0628924369812,Miss,,0,0,Wednesday
mouse_1,2025-10-29,2000.0,3,29,178,1796.5234532356262,Miss,,0,0,Wednesday
mouse_1,2025-10-30,2000.0,0,-1,-1,,No Trial,,0,0,Thursday
mouse_1,2025-10-31,770.0,0,-1,-1,,No Trial,,0,0,Friday
mouse_1,2025-11-01,1510.0,0,-1,-1,,No Trial,,0,0,Saturday
mouse_1,2025-11-02,2000.0,3,30,1,0.837195873260498,Hit,1.2413848615957725,0,28,Sunday
mouse_1,2025-11-02,2000.0,3,30,2,9.292006731033325,False Alarm,,1,7,Sunday
mouse_1,2025-11-02,2000.0,3,30,3,19.491894006729126,Miss,,0,5,Sunday
mouse_1,2025-11-02,2000.0,3,30,4,30.190338611602783,Hit,1.2437410181347914,0,24,Sunday
mouse_1,2025-11-02,2000.0,3,30,5,39.40130400657654,Hit,1.4403546456793066,0,18,Sunday
mouse_1,2025-11-02,2000.0,3,30,6,49.86229681968689,Miss,,0,2,Sunday
mouse_1,2025-11-02,2000.0,3,30,7,59.559680700302124,Hit,0.23483554867929968,0,17,Sunday
mouse_1,2025-11-02,2000.0,3,30,8,67.51955485343933,Hit,0.7142159306345235,0,17,Sunday
mouse_1,2025-11-02,2000.0,3,30,9,75.7200677394867,Miss,,0,0,Sunday
mouse_1,2025-11-02,2000.0,3,30,10,85.92744135856628,Hit,0.7314700381707553,0,16,Sunday
mouse_1,2025-11-02,2000.0,3,30,11,95.11794710159302,Miss,,0,0,Sunday
mouse_1,2025-11-02,2000.0,3,30,12,106.08854913711548,Hit,1.365095205538367,0,22,Sunday
mouse_1,2025-11-02,2000.0,3,30,13,115.79850673675537,Miss,,0,0,Sunday
mouse_1,2025-11-02,2000.0,3,30,14,127.24734282493591,Miss,,0,0,Sunday
mouse_1,2025-11-02,2000.0,3,30,15,137.4371635913849,Hit,1.3887508436520193,0,15,Sunday
mouse_1,2025-11-02,2000.0,3,30,16,146.38793063163757,Hit (Calc),2.3758365225396574,0,4,Sunday
mouse_1,2025-11-02,2000.0,3,30,17,156.3370966911316,Hit,1.1221078668583573,0,19,Sunday
mouse_1,2025-11-02,2000.0,3,30,18,164.79714393615723,Miss,,0,3,Sunday
mouse_1,2025-11-02,2000.0,3,30,19,175.4967122077942,False Alarm,,1,4,Sunday
mouse_1,2025-11-02,2000.0,3,30,20,193.95299696922302,Hit,1.5263250855730917,0,48,Sunday
mouse_1,2025-11-02,2000.0,3,30,21,203.6665482521057,False Alarm,,1,18,Sunday
mouse_1,2025-11-02,2000.0,3,30,22,213.86654710769653,Hit,1.7542972744799954,0,28,Sunday
mouse_1,2025-11-02,2000.0,3,30,23,223.3155288696289,Hit,0.5984251773744234,0,26,Sunday
mouse_1,2025-11-02,2000.0,3,30,24,231.27716374397278,False Alarm,,1,11,Sunday
mouse_1,2025-11-02,2000.0,3,30,25,241.73151469230652,Miss,,0,4,Sunday
mouse_1,2025-11-02,2000.0,3,30,26,251.9242124557495,Hit,0.2636928673967418,0,39,Sunday
mouse_1,2025-11-02,2000.0,3,30,27,261.12440395355225,False Alarm,,1,15,Sunday
mouse_1,2025-11-02,2000.0,3,30,28,271.3201308250427,False Alarm,,1,4,Sunday
mouse_1,2025-11-02,2000.0,3,30,29,285.27179408073425,Miss,,0,0,Sunday
mouse_1,2025-11-02,2000.0,3,30,30,295.97984790802,Hit,1.7611048100486073,0,62,Sunday
mouse_1,2025-11-02,2000.0,3,30,31,305.9216208457947,False Alarm,,1,34,Sunday
mouse_1,2025-11-02,2000.0,3,30,32,316.1293318271637,Hit,0.715608867684125,0,21,Sunday
mouse_1,2025-11-02,2000.0,3,30,33,325.5738716125488,False Alarm,,1,4,Sunday
mouse_1,2025-11-02,2000.0,3,30,34,338.5270414352417,False Alarm,,1,1,Sunday
mouse_1,2025-11-02,2000.0,3,30,35,350.2381007671356,Miss,,0,0,Sunday
mouse_1,2025-11-02,2000.0,3,30,36,360.94803285598755,Hit,0.30738374902966825,0,43,Sunday
mouse_1,2025-11-02,2000.0,3,30,37,369.8983781337738,False Alarm,,1,15,Sunday
mouse_1,2025-11-02,2000.0,3,30,38,380.10679388046265,Hit,1.216189485834434,0,28,Sunday
mouse_1,2025-11-02,2000.0,3,30,39,390.05987453460693,Hit,1.350859831617015,0,28,Sunday
mouse_1,2025-11-02,2000.0,3,30,40,398.7700192928314,Hit,0.3573650396523931,0,24,Sunday
mouse_1,2025-11-02,2000.0,3,30,41,406.7291793823242,Hit,0.8845567874898279,0,25,Sunday
mouse_1,2025-11-02,2000.0,3,30,42,416.18869161605835,Hit,0.07304108845863766,0,37,Sunday
mouse_1,2025-11-02,2000.0,3,30,43,424.3879659175873,False Alarm,,1,14,Sunday
mouse_1,2025-11-02,2000.0,3,30,44,434.5947380065918,False Alarm,,1,15,Sunday
mouse_1,2025-11-02,2000.0,3,30,45,446.29467964172363,False Alarm,,1,14,Sunday
mouse_1,2025-11-02,2000.0,3,30,46,457.4923460483551,Hit,0.6496807400819193,0,69,Sunday
mouse_1,2025-11-02,2000.0,3,30,47,466.43748021125793,False Alarm,,1,48,Sunday
mouse_1,2025-11-02,2000.0,3,30,48,476.64157009124756,False Alarm,,1,3,Sunday
mouse_1,2025-11-02,2000.0,3,30,49,490.3418765068054,Miss,,0,5,Sunday
mouse_1,2025-11-02,2000.0,3,30,50,500.3055098056793,False Alarm,,1,5,Sunday
mouse_1,2025-11-02,2000.0,3,30,51,511.00235962867737,Hit,1.0843317021034409,0,41,Sunday
mouse_1,2025-11-02,2000.0,3,30,52,520.4451947212219,False Alarm,,1,14,Sunday
mouse_1,2025-11-02,2000.0,3,30,53,530.6604220867157,False Alarm,,1,1,Sunday
mouse_1,2025-11-02,2000.0,3,30,54,541.8703157901764,Miss,,0,4,Sunday
mouse_1,2025-11-02,2000.0,3,30,55,552.8223917484283,Hit,1.9718607886935615,0,35,Sunday
mouse_1,2025-11-02,2000.0,3,30,56,562.7716236114502,False Alarm,,1,6,Sunday
mouse_1,2025-11-02,2000.0,3,30,57,572.9618535041809,Hit,0.35332656476680313,0,51,Sunday
mouse_1,2025-11-02,2000.0,3,30,58,582.4224147796631,False Alarm,,1,22,Sunday
mouse_1,2025-11-02,2000.0,3,30,59,592.6243467330933,Hit,0.33426357612393076,0,30,Sunday
mouse_1,2025-11-02,2000.0,3,30,60,601.3203499317169,False Alarm,,1,10,Sunday
mouse_1,2025-11-02,2000.0,3,30,61,611.5172326564789,False Alarm,,1,12,Sunday
mouse_1,2025-11-02,2000.0,3,30,62,622.727395772934,False Alarm,,1,12,Sunday
mouse_1,2025-11-02,2000.0,3,30,63,634.4417383670807,False Alarm,,1,4,Sunday
mouse_1,2025-11-02,2000.0,3,30,64,648.8917226791382,Hit,0.37748469578582444,0,39,Sunday
mouse_1,2025-11-02,2000.0,3,30,65,657.5922248363495,False Alarm,,1,13,Sunday
mouse_1,2025-11-02,2000.0,3,30,66,667.7836663722992,False Alarm,,1,2,Sunday
mouse_1,2025-11-02,2000.0,3,30,67,678.4814937114716,Hit,1.6172229147344979,0,48,Sunday
mouse_1,2025-11-02,2000.0,3,30,68,687.4237976074219,False Alarm,,1,23,Sunday
mouse_1,2025-11-02,2000.0,3,30,69,697.6214807033539,False Alarm,,1,9,Sunday
mouse_1,2025-11-02,2000.0,3,30,70,710.0700175762177,Hit,0.37693764274069963,0,30,Sunday
mouse_1,2025-11-02,2000.0,3,30,71,717.5241026878357,False Alarm,,1,8,Sunday
mouse_1,2025-11-02,2000.0,3,30,72,727.7291820049286,Hit,1.9696623306308538,0,58,Sunday
mouse_1,2025-11-02,2000.0,3,30,73,738.4244515895844,False Alarm,,1,29,Sunday
mouse_1,2025-11-02,2000.0,3,30,74,748.6209785938263,Hit,0.4322520875899727,0,34,Sunday
mouse_1,2025-11-02,2000.0,3,30,75,756.5663177967072,False Alarm,,1,18,Sunday
mouse_1,2025-11-02,2000.0,3,30,76,766.7711374759674,False Alarm,,1,4,Sunday
mouse_1,2025-11-02,2000.0,3,30,77,779.9637503623962,Hit,1.1560146163359377,0,48,Sunday
mouse_1,2025-11-02,2000.0,3,30,78,789.1656012535095,False Alarm,,1,19,Sunday
mouse_1,2025-11-02,2000.0,3,30,79,799.3719987869263,Hit,0.1576484782233365,0,53,Sunday
mouse_1,2025-11-02,2000.0,3,30,80,808.0664455890656,False Alarm,,1,28,Sunday
mouse_1,2025-11-02,2000.0,3,30,81,818.2725954055786,False Alarm,,1,4,Sunday
mouse_1,2025-11-02,2000.0,3,30,82,831.9717202186584,Hit,1.1486340353131936,0,31,Sunday
mouse_1,2025-11-02,2000.0,3,30,83,841.9167189598083,False Alarm,,1,8,Sunday
mouse_1,2025-11-02,2000.0,3,30,84,852.1232161521912,Hit,0.617150353871466,0,60,Sunday
mouse_1,2025-11-02,2000.0,3,30,85,860.0665969848633,False Alarm,,1,35,Sunday
mouse_1,2025-11-02,2000.0,3,30,86,870.261759519577,False Alarm,,1,5,Sunday
mouse_1,2025-11-02,2000.0,3,30,87,881.2215232849121,Miss,,0,4,Sunday
mouse_1,2025-11-02,2000.0,3,30,88,891.425151348114,Hit,0.794085674272992,0,30,Sunday
mouse_1,2025-11-02,2000.0,3,30,89,900.117561340332,False Alarm,,1,4,Sunday
mouse_1,2025-11-02,2000.0,3,30,90,910.5714859962463,False Alarm,,1,2,Sunday
mouse_1,2025-11-02,2000.0,3,30,91,925.0235826969147,Hit,0.597310491696021,0,34,Sunday
mouse_1,2025-11-02,2000.0,3,30,92,933.9764873981476,False Alarm,,1,11,Sunday
mouse_1,2025-11-02,2000.0,3,30,93,944.1794443130493,Hit,1.9845211128742903,0,37,Sunday
mouse_1,2025-11-02,2000.0,3,30,94,953.6264410018921,False Alarm,,1,11,Sunday
mouse_1,2025-11-02,2000.0,3,30,95,963.8327944278717,False Alarm,,1,3,Sunday
mouse_1,2025-11-02,2000.0,3,30,96,975.0429074764252,Miss,,0,0,Sunday
mouse_1,2025-11-02,2000.0,3,30,97,985.7353947162628,Hit,0.29224292295327814,0,34,Sunday
mouse_1,2025-11-02,2000.0,3,30,98,994.4341189861298,False Alarm,,1,5,Sunday
mouse_1,2025-11-02,2000.0,3,30,99,1004.6318671703339,Hit,1.773161326305626,0,35,Sunday
mouse_1,2025-11-02,2000.0,3,30,100,1014.5756475925446,False Alarm,,1,7,Sunday
mouse_1,2025-11-02,2000.0,3,30,101,1024.791761636734,Hit,0.5297424482594124,0,52,Sunday
mouse_1,2025-11-02,2000.0,3,30,102,1032.7353992462158,False Alarm,,1,23,Sunday
mouse_1,2025-11-02,2000.0,3,30,103,1042.9417519569397,Hit,0.29507107427343726,0,27,Sunday
mouse_1,2025-11-02,2000.0,3,30,104,1051.3949964046478,False Alarm,,1,5,Sunday
mouse_1,2025-11-02,2000.0,3,30,105,1064.8515093326569,False Alarm,,1,2,Sunday
mouse_1,2025-11-02,2000.0,3,30,106,1079.5613596439362,Miss,,0,0,Sunday
mouse_1,2025-11-02,2000.0,3,30,107,1090.0226528644562,Miss,,0,0,Sunday
mouse_1,2025-11-02,2000.0,3,30,108,1100.2235300540924,Hit,0.8406007424002837,0,59,Sunday
mouse_1,2025-11-02,2000.0,3,30,109,1108.9233644008636,False Alarm,,1,29,Sunday
mouse_1,2025-11-02,2000.0,3,30,110,1119.1214821338654,Miss,,0,9,Sunday
mouse_1,2025-11-02,2000.0,3,30,111,1129.3227298259735,Hit,0.4435668980022456,0,38,Sunday
mouse_1,2025-11-02,2000.0,3,30,112,1137.031168937683,False Alarm,,1,8,Sunday
mouse_1,2025-11-02,2000.0,3,30,113,1147.2390377521515,Hit,2.3869518954134037,0,30,Sunday
mouse_1,2025-11-02,2000.0,3,30,114,1157.9315989017487,False Alarm,,1,1,Sunday
mouse_1,2025-11-02,2000.0,3,30,115,1168.1486675739288,Hit,1.514120004876986,0,20,Sunday
mouse_1,2025-11-02,2000.0,3,30,116,1177.8493382930756,Hit,0.09792234972292135,0,35,Sunday
mouse_1,2025-11-02,2000.0,3,30,117,1185.2915179729462,False Alarm,,1,15,Sunday
mouse_1,2025-11-02,2000.0,3,30,118,1195.4878933429718,False Alarm,,1,10,Sunday
mouse_1,2025-11-02,2000.0,3,30,119,1207.1786603927612,False Alarm,,1,3,Sunday
mouse_1,2025-11-02,2000.0,3,30,120,1221.1285872459412,Hit,0.30677965183667766,0,63,Sunday
mouse_1,2025-11-02,2000.0,3,30,121,1229.3401091098785,False Alarm,,1,35,Sunday
mouse_1,2025-11-02,2000.0,3,30,122,1239.5463943481445,False Alarm,,1,6,Sunday
mouse_1,2025-11-02,2000.0,3,30,123,1252.2414469718933,Miss,,0,0,Sunday
mouse_1,2025-11-02,2000.0,3,30,124,1262.9485914707184,Hit,0.5568835226006286,0,23,Sunday
mouse_1,2025-11-02,2000.0,3,30,125,1271.138905763626,Hit,0.6596576671895491,0,44,Sunday
mouse_1,2025-11-02,2000.0,3,30,126,1279.8259828090668,False Alarm,,1,13,Sunday
mouse_1,2025-11-02,2000.0,3,30,127,1290.021814107895,Hit,1.068083279747725,0,22,Sunday
mouse_1,2025-11-02,2000.0,3,30,128,1300.2291276454926,Hit,0.41165504460013835,0,29,Sunday
mouse_1,2025-11-02,2000.0,3,30,129,1309.1777427196503,Hit,1.405794804309835,0,32,Sunday
mouse_1,2025-11-02,2000.0,3,30,130,1318.8774862289429,False Alarm,,1,8,Sunday
mouse_1,2025-11-02,2000.0,3,30,131,1329.0761952400208,False Alarm,,1,8,Sunday
mouse_1,2025-11-02,2000.0,3,30,132,1340.2672712802887,False Alarm,,1,3,Sunday
mouse_1,2025-11-02,2000.0,3,30,133,1351.9817430973053,Hit,1.982535504771704,0,31,Sunday
mouse_1,2025-11-02,2000.0,3,30,134,1362.4265224933624,False Alarm,,1,3,Sunday
mouse_1,2025-11-02,2000.0,3,30,135,1372.6314811706543,Miss,,0,3,Sunday
mouse_1,2025-11-02,2000.0,3,30,136,1383.3239440917969,Hit,0.08283565333454135,0,16,Sunday
mouse_1,2025-11-02,2000.0,3,30,137,1392.0157766342163,Hit,0.80151432356638,0,20,Sunday
mouse_1,2025-11-02,2000.0,3,30,138,1400.4562764167786,Hit,0.26122238094262684,0,24,Sunday
mouse_1,2025-11-02,2000.0,3,30,139,1409.6555886268616,Hit,0.8851177782162267,0,16,Sunday
mouse_1,2025-11-02,2000.0,3,30,140,1418.605999469757,Miss,,0,0,Sunday
mouse_1,2025-11-02,2000.0,3,30,141,1429.054260969162,Hit,0.8280164000188961,0,39,Sunday
mouse_1,2025-11-02,2000.0,3,30,142,1438.7644412517548,False Alarm,,1,14,Sunday
mouse_1,2025-11-02,2000.0,3,30,143,1448.9706158638,False Alarm,,1,4,Sunday
mouse_1,2025-11-02,2000.0,3,30,144,1461.68115234375,Hit,1.9566959850276362,0,42,Sunday
mouse_1,2025-11-02,2000.0,3,30,145,1471.130306482315,False Alarm,,1,13,Sunday
mouse_1,2025-11-02,2000.0,3,30,146,1481.3294894695282,Miss,,0,7,Sunday
mouse_1,2025-11-02,2000.0,3,30,147,1491.5319216251373,False Alarm,,1,6,Sunday
mouse_1,2025-11-02,2000.0,3,30,148,1503.7499885559082,False Alarm,,1,6,Sunday
mouse_1,2025-11-02,2000.0,3,30,149,1518.218950510025,False Alarm,,1,4,Sunday
mouse_1,2025-11-02,2000.0,3,30,150,1529.9182381629944,Miss,,0,0,Sunday
mouse_1,2025-11-02,2000.0,3,30,151,1540.1101727485657,Miss,,0,0,Sunday
mouse_1,2025-11-02,2000.0,3,30,152,1549.8099720478058,Hit,1.1755140927527918,0,44,Sunday
mouse_1,2025-11-02,2000.0,3,30,153,1559.2501311302185,False Alarm,,1,14,Sunday
mouse_1,2025-11-02,2000.0,3,30,154,1569.442241191864,Miss,,0,0,Sunday
mouse_1,2025-11-02,2000.0,3,30,155,1580.3988835811615,Miss,,0,0,Sunday
mouse_1,2025-11-02,2000.0,3,30,156,1590.8400197029114,Hit,1.6727263658535776,0,31,Sunday
mouse_1,2025-11-02,2000.0,3,30,157,1600.7983996868134,False Alarm,,1,1,Sunday
mouse_1,2025-11-02,2000.0,3,30,158,1611.0031464099884,Miss,,0,0,Sunday
mouse_1,2025-11-02,2000.0,3,30,159,1622.4477896690369,Hit,0.7083306395145428,0,58,Sunday
mouse_1,2025-11-02,2000.0,3,30,160,1632.1476380825043,False Alarm,,1,28,Sunday
mouse_1,2025-11-02,2000.0,3,30,161,1642.3514926433563,Hit,0.7477132056480968,0,6,Sunday
mouse_1,2025-11-02,2000.0,3,30,162,1651.0489559173584,Miss,,0,0,Sunday
mouse_1,2025-11-02,2000.0,3,30,163,1662.0077140331268,Hit,0.21021911778325375,0,22,Sunday
mouse_1,2025-11-02,2000.0,3,30,164,1670.9587965011597,Hit,1.362704767888772,0,46,Sunday
mouse_1,2025-11-02,2000.0,3,30,165,1679.9087369441986,False Alarm,,1,16,Sunday
mouse_1,2025-11-02,2000.0,3,30,166,1690.1055777072906,Hit,1.0051514466722438,0,63,Sunday
mouse_1,2025-11-02,2000.0,3,30,167,1698.3090364933014,False Alarm,,1,32,Sunday
mouse_1,2025-11-02,2000.0,3,30,168,1708.50599527359,Hit,1.3778595292760656,0,31,Sunday
mouse_1,2025-11-02,2000.0,3,30,169,1717.948296546936,False Alarm,,1,7,Sunday
mouse_1,2025-11-02,2000.0,3,30,170,1728.1475925445557,Hit,0.3757859093325351,0,29,Sunday
mouse_1,2025-11-02,2000.0,3,30,171,1735.5905857086182,Hit,0.309667909779364,0,25,Sunday
mouse_1,2025-11-02,2000.0,3,30,172,1743.5380923748016,Miss,,0,0,Sunday
mouse_1,2025-11-02,2000.0,3,30,173,1754.239792585373,Miss,,0,4,Sunday
mouse_1,2025-11-02,2000.0,3,30,174,1763.9396839141846,Hit,0.45246360337682745,0,16,Sunday
mouse_1,2025-11-02,2000.0,3,30,175,1771.890459060669,Hit,0.31819142219910646,0,27,Sunday
mouse_1,2025-11-02,2000.0,3,30,176,1781.3302388191223,Hit,0.8196791631805809,0,30,Sunday
mouse_1,2025-11-02,2000.0,3,30,177,1790.7705371379852,False Alarm,,1,2,Sunday
mouse_1,2025-11-02,2000.0,3,30,178,1800.9671206474304,Miss,,0,0,Sunday
mouse_1,2025-11-03,2000.0,3,31,1,0.36162376403808594,Miss,,0,0,Monday
mouse_1,2025-11-03,2000.0,3,31,2,11.308692455291748,Miss,,0,0,Monday
mouse_1,2025-11-03,2000.0,3,31,3,21.768243074417114,Hit,1.0127446316627022,0,25,Monday
mouse_1,2025-11-03,2000.0,3,31,4,30.219813108444214,Hit,0.5839432005356002,0,39,Monday
mouse_1,2025-11-03,2000.0,3,31,5,39.17001414299011,False Alarm,,1,16,Monday
mouse_1,2025-11-03,2000.0,3,31,6,49.38519906997681,False Alarm,,1,4,Monday
mouse_1,2025-11-03,2000.0,3,31,7,60.83516478538513,False Alarm,,1,3,Monday
mouse_1,2025-11-03,2000.0,3,31,8,73.5551643371582,Miss,,0,4,Monday
mouse_1,2025-11-03,2000.0,3,31,9,84.50825452804565,Hit,0.3142713355651807,0,46,Monday
mouse_1,2025-11-03,2000.0,3,31,10,92.9587299823761,False Alarm,,1,23,Monday
mouse_1,2025-11-03,2000.0,3,31,11,103.1655707359314,False Alarm,,1,4,Monday
mouse_1,2025-11-03,2000.0,3,31,12,114.8723132610321,Hit,0.25554638561374077,0,30,Monday
mouse_1,2025-11-03,2000.0,3,31,13,123.81931209564209,False Alarm,,1,10,Monday
mouse_1,2025-11-03,2000.0,3,31,14,134.01731181144714,False Alarm,,1,6,Monday
mouse_1,2025-11-03,2000.0,3,31,15,146.22452425956726,Hit,0.30776444055777574,0,24,Monday
mouse_1,2025-11-03,2000.0,3,31,16,155.42824816703796,Hit,1.4655272850795882,0,25,Monday
mouse_1,2025-11-03,2000.0,3,31,17,166.12816619873047,Hit,1.450180265337906,0,26,Monday
mouse_1,2025-11-03,2000.0,3,31,18,175.3186376094818,False Alarm,,1,1,Monday
mouse_1,2025-11-03,2000.0,3,31,19,185.52477407455444,Hit,1.7789940076468156,0,20,Monday
mouse_1,2025-11-03,2000.0,3,31,20,194.97868871688843,Hit,1.4181394581978282,0,28,Monday
mouse_1,2025-11-03,2000.0,3,31,21,204.42780303955078,False Alarm,,1,6,Monday
mouse_1,2025-11-03,2000.0,3,31,22,214.63440418243408,False Alarm,,1,3,Monday
mouse_1,2025-11-03,2000.0,3,31,23,225.59425616264343,Hit,0.10558420101989441,0,33,Monday
mouse_1,2025-11-03,2000.0,3,31,24,234.78838086128235,False Alarm,,1,7,Monday
mouse_1,2025-11-03,2000.0,3,31,25,245.0012333393097,Hit,0.23635316960073283,0,27,Monday
mouse_1,2025-11-03,2000.0,3,31,26,254.45799112319946,False Alarm,,1,1,Monday
mouse_1,2025-11-03,2000.0,3,31,27,264.66463923454285,Hit,1.114294711077946,0,37,Monday
mouse_1,2025-11-03,2000.0,3,31,28,274.1083490848541,False Alarm,,1,11,Monday
mouse_1,2025-11-03,2000.0,3,31,29,284.31450057029724,Hit,0.6527144286798148,0,19,Monday
mouse_1,2025-11-03,2000.0,3,31,30,293.2667899131775,Hit,0.030221617393635825,0,22,Monday
mouse_1,2025-11-03,2000.0,3,31,31,301.22797441482544,False Alarm,,1,2,Monday
mouse_1,2025-11-03,2000.0,3,31,32,315.6849753856659,Hit,0.6755417575029696,0,19,Monday
mouse_1,2025-11-03,2000.0,3,31,33,324.38908767700195,Hit,0.8834883589696005,0,30,Monday
mouse_1,2025-11-03,2000.0,3,31,34,333.83797550201416,False Alarm,,1,1,Monday
mouse_1,2025-11-03,2000.0,3,31,35,344.0445168018341,Hit,1.0073391111641286,0,23,Monday
mouse_1,2025-11-03,2000.0,3,31,36,353.248384475708,Hit,1.1675460932044643,0,25,Monday
mouse_1,2025-11-03,2000.0,3,31,37,361.6976685523987,Hit,1.369332625505308,0,29,Monday
mouse_1,2025-11-03,2000.0,3,31,38,371.1479661464691,Hit,0.20757942632650384,0,28,Monday
mouse_1,2025-11-03,2000.0,3,31,39,378.85741090774536,Hit,0.7886475287554049,0,37,Monday
mouse_1,2025-11-03,2000.0,3,31,40,388.0579514503479,False Alarm,,1,13,Monday
mouse_1,2025-11-03,2000.0,3,31,41,398.26267528533936,False Alarm,,1,5,Monday
mouse_1,2025-11-03,2000.0,3,31,42,410.4689247608185,Hit,0.26111175922818575,0,39,Monday
mouse_1,2025-11-03,2000.0,3,31,43,418.6675720214844,False Alarm,,1,12,Monday
mouse_1,2025-11-03,2000.0,3,31,44,428.87248277664185,Hit,2.2248011862377552,0,30,Monday
mouse_1,2025-11-03,2000.0,3,31,45,438.57807755470276,False Alarm,,1,10,Monday
mouse_1,2025-11-03,2000.0,3,31,46,456.7844479084015,Hit,1.7208346155539402,0,34,Monday
mouse_1,2025-11-03,2000.0,3,31,47,465.74765610694885,False Alarm,,1,9,Monday
mouse_1,2025-11-03,2000.0,3,31,48,475.95341873168945,Hit,0.6877049766551977,0,43,Monday
mouse_1,2025-11-03,2000.0,3,31,49,483.89761185646057,False Alarm,,1,13,Monday
mouse_1,2025-11-03,2000.0,3,31,50,494.10413789749146,Hit,0.799673800667108,0,20,Monday
mouse_1,2025-11-03,2000.0,3,31,51,502.5567684173584,False Alarm,,1,4,Monday
mouse_1,2025-11-03,2000.0,3,31,52,518.5136358737946,Hit,0.920171061249448,0,21,Monday
mouse_1,2025-11-03,2000.0,3,31,53,527.2266864776611,False Alarm,,1,5,Monday
mouse_1,2025-11-03,2000.0,3,31,54,541.9428799152374,Hit,0.25882741094062567,0,70,Monday
mouse_1,2025-11-03,2000.0,3,31,55,550.1571321487427,False Alarm,,1,40,Monday
mouse_1,2025-11-03,2000.0,3,31,56,560.3538503646851,Hit,0.3020547416469981,0,12,Monday
mouse_1,2025-11-03,2000.0,3,31,57,569.547351360321,Hit,0.1315270913231643,0,21,Monday
mouse_1,2025-11-03,2000.0,3,31,58,577.7476880550385,False Alarm,,1,6,Monday
mouse_1,2025-11-03,2000.0,3,31,59,590.9523882865906,False Alarm,,1,2,Monday
mouse_1,2025-11-03,2000.0,3,31,60,604.6543283462524,Hit,1.5580604135342355,0,37,Monday
mouse_1,2025-11-03,2000.0,3,31,61,613.8658812046051,False Alarm,,1,7,Monday
mouse_1,2025-11-03,2000.0,3,31,62,624.0660138130188,Hit,0.9977149335486502,0,13,Monday
mouse_1,2025-11-03,2000.0,3,31,63,632.50603723526,Hit,1.2792671133335034,0,26,Monday
mouse_1,2025-11-03,2000.0,3,31,64,641.2034101486206,Hit,0.07954383847277313,0,28,Monday
mouse_1,2025-11-03,2000.0,3,31,65,649.9161372184753,Hit,0.8193022723595504,0,21,Monday
mouse_1,2025-11-03,2000.0,3,31,66,659.3755753040314,Hit,0.6044941556931462,0,14,Monday
mouse_1,2025-11-03,2000.0,3,31,67,668.326206445694,Hit,1.1918511402446939,0,28,Monday
mouse_1,2025-11-03,2000.0,3,31,68,677.7865755558014,Hit,1.5675089481759414,0,24,Monday
mouse_1,2025-11-03,2000.0,3,31,69,688.4860026836395,Hit,0.40945666450477347,0,37,Monday
mouse_1,2025-11-03,2000.0,3,31,70,697.1956777572632,False Alarm,,1,7,Monday
mouse_1,2025-11-03,2000.0,3,31,71,707.4016418457031,Hit,0.6811351557036005,0,14,Monday
mouse_1,2025-11-03,2000.0,3,31,72,715.8553814888,Hit,0.11841393376585074,0,28,Monday
mouse_1,2025-11-03,2000.0,3,31,73,724.8058881759644,False Alarm,,1,8,Monday
mouse_1,2025-11-03,2000.0,3,31,74,739.2615864276886,False Alarm,,1,4,Monday
mouse_1,2025-11-03,2000.0,3,31,75,752.9717276096344,Hit,2.319010580003578,0,11,Monday
mouse_1,2025-11-03,2000.0,3,31,76,763.1767771244049,Hit,0.1990851666977278,0,23,Monday
mouse_1,2025-11-03,2000.0,3,31,77,771.8722968101501,Hit,1.323067873817081,0,12,Monday
mouse_1,2025-11-03,2000.0,3,31,78,781.0653729438782,Hit,0.39052232766493944,0,26,Monday
mouse_1,2025-11-03,2000.0,3,31,79,789.2654674053192,Hit,0.7125664756918013,0,55,Monday
mouse_1,2025-11-03,2000.0,3,31,80,797.9556815624237,False Alarm,,1,33,Monday
mouse_1,2025-11-03,2000.0,3,31,81,808.4033679962158,Hit,1.2863699231229475,0,28,Monday
mouse_1,2025-11-03,2000.0,3,31,82,817.1162276268005,False Alarm,,1,4,Monday
mouse_1,2025-11-03,2000.0,3,31,83,831.8268189430237,Hit,0.7742105429579169,0,56,Monday
mouse_1,2025-11-03,2000.0,3,31,84,840.0255396366119,False Alarm,,1,29,Monday
mouse_1,2025-11-03,2000.0,3,31,85,850.231742143631,False Alarm,,1,6,Monday
mouse_1,2025-11-03,2000.0,3,31,86,864.4419436454773,Hit,0.24544700313526846,0,22,Monday
mouse_1,2025-11-03,2000.0,3,31,87,872.3825178146362,Miss,,0,0,Monday
mouse_1,2025-11-03,2000.0,3,31,88,883.8359751701355,Hit,0.05619148558753295,0,13,Monday
mouse_1,2025-11-03,2000.0,3,31,89,892.2848391532898,Hit,0.09850937209796484,0,19,Monday
mouse_1,2025-11-03,2000.0,3,31,90,901.234842300415,Hit,0.5317913473810449,0,26,Monday
mouse_1,2025-11-03,2000.0,3,31,91,909.1847198009491,False Alarm,,1,3,Monday
mouse_1,2025-11-03,2000.0,3,31,92,922.8910503387451,Hit,1.8943766601887546,0,24,Monday
mouse_1,2025-11-03,2000.0,3,31,93,932.0825538635254,False Alarm,,1,8,Monday
mouse_1,2025-11-03,2000.0,3,31,94,945.2919833660126,False Alarm,,1,5,Monday
mouse_1,2025-11-03,2000.0,3,31,95,958.0011632442474,Hit,0.6861715982779515,0,30,Monday
mouse_1,2025-11-03,2000.0,3,31,96,967.1956810951233,False Alarm,,1,4,Monday
mouse_1,2025-11-03,2000.0,3,31,97,978.8926179409027,Hit,0.2610325856940108,0,27,Monday
mouse_1,2025-11-03,2000.0,3,31,98,987.8445174694061,Miss,,0,0,Monday
mouse_1,2025-11-03,2000.0,3,31,99,997.7953402996063,Hit,1.8266759653110967,0,13,Monday
mouse_1,2025-11-03,2000.0,3,31,100,1007.0043172836304,Hit,1.5193162290887585,0,14,Monday
mouse_1,2025-11-03,2000.0,3,31,101,1015.7148580551147,Miss,,0,0,Monday
mouse_1,2025-11-03,2000.0,3,31,102,1025.6629371643066,Hit,0.5650368613150931,0,11,Monday
mouse_1,2025-11-03,2000.0,3,31,103,1034.1045081615448,Miss,,0,2,Monday
mouse_1,2025-11-03,2000.0,3,31,104,1044.0439314842224,Hit,0.25889894685474246,0,17,Monday
mouse_1,2025-11-03,2000.0,3,31,105,1052.0040502548218,Hit,0.5723464265904568,0,18,Monday
mouse_1,2025-11-03,2000.0,3,31,106,1060.6951758861542,False Alarm,,1,5,Monday
mouse_1,2025-11-03,2000.0,3,31,107,1072.9020137786865,Hit,0.8225575116000527,0,37,Monday
mouse_1,2025-11-03,2000.0,3,31,108,1082.8641066551208,False Alarm,,1,8,Monday
mouse_1,2025-11-03,2000.0,3,31,109,1093.0606076717377,Miss,,0,0,Monday
mouse_1,2025-11-03,2000.0,3,31,110,1104.2535865306854,Miss,,0,4,Monday
mouse_1,2025-11-03,2000.0,3,31,111,1115.4437489509583,False Alarm,,1,4,Monday
mouse_1,2025-11-03,2000.0,3,31,112,1126.9015011787415,Hit,1.6090551796089585,0,17,Monday
mouse_1,2025-11-03,2000.0,3,31,113,1136.0951948165894,False Alarm,,1,4,Monday
mouse_1,2025-11-03,2000.0,3,31,114,1149.3007531166077,Miss,,0,0,Monday
mouse_1,2025-11-03,2000.0,3,31,115,1159.9928722381592,Hit,0.6598443040018083,0,17,Monday
mouse_1,2025-11-03,2000.0,3,31,116,1168.9440047740936,False Alarm,,1,2,Monday
mouse_1,2025-11-03,2000.0,3,31,117,1181.1500527858734,Hit,0.01570914114995503,0,13,Monday
mouse_1,2025-11-03,2000.0,3,31,118,1190.0945465564728,Miss,,0,0,Monday
mouse_1,2025-11-03,2000.0,3,31,119,1200.30353307724,Hit,0.3605594009361539,0,31,Monday
mouse_1,2025-11-03,2000.0,3,31,120,1208.7536664009094,Hit,0.7947786880342846,0,20,Monday
mouse_1,2025-11-03,2000.0,3,31,121,1217.9441261291504,Hit,0.450873699604017,0,19,Monday
mouse_1,2025-11-03,2000.0,3,31,122,1226.6443274021149,Miss,,0,0,Monday
mouse_1,2025-11-03,2000.0,3,31,123,1236.592993736267,Miss,,0,0,Monday
mouse_1,2025-11-03,2000.0,3,31,124,1248.0401833057404,Hit,0.40206894444713726,0,12,Monday
mouse_1,2025-11-03,2000.0,3,31,125,1256.240761756897,Hit,1.2898252829977537,0,19,Monday
mouse_1,2025-11-03,2000.0,3,31,126,1265.702577829361,False Alarm,,1,5,Monday
mouse_1,2025-11-03,2000.0,3,31,127,1280.160615682602,Hit,0.5807125618607643,0,11,Monday
mouse_1,2025-11-03,2000.0,3,31,128,1288.3634903430939,Hit,0.14891776486047092,0,20,Monday
mouse_1,2025-11-03,2000.0,3,31,129,1297.0543665885925,False Alarm,,1,2,Monday
mouse_1,2025-11-03,2000.0,3,31,130,1311.0104949474335,Miss,,0,0,Monday
mouse_1,2025-11-03,2000.0,3,31,131,1322.2033212184906,Miss,,0,0,Monday
mouse_1,2025-11-03,2000.0,3,31,132,1331.8934962749481,Miss,,0,0,Monday
mouse_1,2025-11-03,2000.0,3,31,133,1342.8529834747314,Hit,0.23159051474726766,0,12,Monday
mouse_1,2025-11-03,2000.0,3,31,134,1352.0536844730377,Hit,1.682611795441062,0,22,Monday
mouse_1,2025-11-03,2000.0,3,31,135,1361.0023024082184,Hit,0.36086109930715793,0,18,Monday
mouse_1,2025-11-03,2000.0,3,31,136,1368.453551530838,Miss,,0,0,Monday
mouse_1,2025-11-03,2000.0,3,31,137,1378.1530652046204,Miss,,0,0,Monday
mouse_1,2025-11-03,2000.0,3,31,138,1388.113356590271,Hit,0.633851538795625,0,13,Monday
mouse_1,2025-11-03,2000.0,3,31,139,1396.3135967254639,False Alarm,,1,5,Monday
mouse_1,2025-11-03,2000.0,3,31,140,1409.5304350852966,Hit,0.8609187974357155,0,24,Monday
mouse_1,2025-11-03,2000.0,3,31,141,1417.7425067424774,Hit,0.20326211460792365,0,17,Monday
mouse_1,2025-11-03,2000.0,3,31,142,1426.4538493156433,Hit,0.13930076069595998,0,12,Monday
mouse_1,2025-11-03,2000.0,3,31,143,1435.6535449028015,Hit,1.2241218774483968,0,28,Monday
mouse_1,2025-11-03,2000.0,3,31,144,1444.8623840808868,False Alarm,,1,1,Monday
mouse_1,2025-11-03,2000.0,3,31,145,1455.3201785087585,Hit,0.6891878493620425,0,22,Monday
mouse_1,2025-11-03,2000.0,3,31,146,1464.7636272907257,Hit,1.2971445188202324,0,9,Monday
mouse_1,2025-11-03,2000.0,3,31,147,1474.2248940467834,Miss,,0,3,Monday
mouse_1,2025-11-03,2000.0,3,31,148,1485.1728279590607,Hit,1.3510794044561862,0,13,Monday
mouse_1,2025-11-03,2000.0,3,31,149,1495.614089012146,Hit,0.9664120603770243,0,19,Monday
mouse_1,2025-11-03,2000.0,3,31,150,1505.0634899139404,False Alarm,,1,3,Monday
mouse_1,2025-11-03,2000.0,3,31,151,1519.0127222537994,Miss,,0,3,Monday
mouse_1,2025-11-03,2000.0,3,31,152,1529.9728109836578,False Alarm,,1,3,Monday
mouse_1,2025-11-03,2000.0,3,31,153,1541.1697103977203,Hit,1.6187778794142105,0,8,Monday
mouse_1,2025-11-03,2000.0,3,31,154,1551.13343667984,Hit,0.2671411713861289,0,16,Monday
mouse_1,2025-11-03,2000.0,3,31,155,1559.5830674171448,Hit,1.4140975814061676,0,8,Monday
mouse_1,2025-11-03,2000.0,3,31,156,1569.2832000255585,Miss,,0,0,Monday
mouse_1,2025-11-03,2000.0,3,31,157,1579.9736189842224,Miss,,0,0,Monday
mouse_1,2025-11-03,2000.0,3,31,158,1590.4344663619995,Miss,,0,0,Monday
mouse_1,2025-11-03,2000.0,3,31,159,1601.642770767212,Hit,1.5586932930318653,0,11,Monday
mouse_1,2025-11-03,2000.0,3,31,160,1610.3529241085052,Miss,,0,5,Monday
mouse_1,2025-11-03,2000.0,3,31,161,1621.0527720451355,Hit,0.3395233742317032,0,21,Monday
mouse_1,2025-11-03,2000.0,3,31,162,1630.0031719207764,Hit,1.445711721623411,0,20,Monday
mouse_1,2025-11-03,2000.0,3,31,163,1638.9529497623444,False Alarm,,1,2,Monday
mouse_1,2025-11-03,2000.0,3,31,164,1652.6495230197906,Hit,2.1163315291337312,0,14,Monday
mouse_1,2025-11-03,2000.0,3,31,165,1663.6025030612946,Miss,,0,0,Monday
mouse_1,2025-11-03,2000.0,3,31,166,1675.0521433353424,Hit,0.38489662957067594,0,13,Monday
mouse_1,2025-11-03,2000.0,3,31,167,1684.2429502010345,Miss,,0,0,Monday
mouse_1,2025-11-03,2000.0,3,31,168,1695.19220495224,Hit,0.1045430099134137,0,8,Monday
mouse_1,2025-11-03,2000.0,3,31,169,1703.392482995987,Miss,,0,0,Monday
mouse_1,2025-11-03,2000.0,3,31,170,1714.8425180912018,Hit,1.432025412609164,0,10,Monday
mouse_1,2025-11-03,2000.0,3,31,171,1723.7924797534943,Hit,1.6387942153014592,0,14,Monday
mouse_1,2025-11-03,2000.0,3,31,172,1734.2426080703735,Hit,0.3520683510805611,0,18,Monday
mouse_1,2025-11-03,2000.0,3,31,173,1741.6924979686737,Hit,0.8718380153154612,0,12,Monday
mouse_1,2025-11-03,2000.0,3,31,174,1751.3923757076263,Hit,0.05019709645580406,0,11,Monday
mouse_1,2025-11-03,2000.0,3,31,175,1760.102043390274,Hit,1.4653379989308633,0,17,Monday
mouse_1,2025-11-03,2000.0,3,31,176,1769.0542283058167,False Alarm,,1,6,Monday
mouse_1,2025-11-03,2000.0,3,31,177,1783.5091264247894,Hit,0.05776384842033622,0,12,Monday
mouse_1,2025-11-03,2000.0,3,31,178,1791.4522800445557,Miss,,0,0,Monday
mouse_1,2025-11-03,2000.0,3,31,179,1802.8914966583252,Miss,,0,0,Monday
mouse_1,2025-11-04,1980.0,3,32,1,0.34254026412963867,Hit,0.41805120246794303,0,23,Tuesday
mouse_1,2025-11-04,1980.0,3,32,2,8.045516014099121,Hit,0.46102248748845476,0,16,Tuesday
mouse_1,2025-11-04,1980.0,3,32,3,16.99487590789795,Hit,1.198782312813556,0,15,Tuesday
mouse_1,2025-11-04,1980.0,3,32,4,26.954996585845947,Miss,,0,4,Tuesday
mouse_1,2025-11-04,1980.0,3,32,5,36.64525604248047,False Alarm,,1,4,Tuesday
mouse_1,2025-11-04,1980.0,3,32,6,49.09962272644043,Miss,,0,0,Tuesday
mouse_1,2025-11-04,1980.0,3,32,7,59.8049898147583,Hit,0.914409243972031,0,20,Tuesday
mouse_1,2025-11-04,1980.0,3,32,8,69.75581789016724,False Alarm,,1,8,Tuesday
mouse_1,2025-11-04,1980.0,3,32,9,83.46264600753784,False Alarm,,1,5,Tuesday
mouse_1,2025-11-04,1980.0,3,32,10,96.91964793205261,Hit,0.5897500929922899,0,20,Tuesday
mouse_1,2025-11-04,1980.0,3,32,11,105.37591981887817,Hit,0.5814161232258641,0,23,Tuesday
mouse_1,2025-11-04,1980.0,3,32,12,114.0847098827362,Hit,0.8411900993563108,0,26,Tuesday
mouse_1,2025-11-04,1980.0,3,32,13,122.28471231460571,Hit,0.9237370422872431,0,24,Tuesday
mouse_1,2025-11-04,1980.0,3,32,14,131.74462985992432,Hit,1.5467389905217601,0,14,Tuesday
mouse_1,2025-11-04,1980.0,3,32,15,141.45461583137512,Hit,0.5717730163058548,0,15,Tuesday
mouse_1,2025-11-04,1980.0,3,32,16,149.40509843826294,Hit,0.5985827869632203,0,25,Tuesday
mouse_1,2025-11-04,1980.0,3,32,17,157.60555005073547,False Alarm,,1,8,Tuesday
mouse_1,2025-11-04,1980.0,3,32,18,172.31931734085083,Hit,1.7270798134777294,0,20,Tuesday
mouse_1,2025-11-04,1980.0,3,32,19,181.5145401954651,False Alarm,,1,9,Tuesday
mouse_1,2025-11-04,1980.0,3,32,20,194.46842408180237,False Alarm,,1,3,Tuesday
mouse_1,2025-11-04,1980.0,3,32,21,208.66871809959412,Hit,2.0165941647066745,0,30,Tuesday
mouse_1,2025-11-04,1980.0,3,32,22,218.36382675170898,False Alarm,,1,6,Tuesday
mouse_1,2025-11-04,1980.0,3,32,23,228.56303882598877,False Alarm,,1,3,Tuesday
mouse_1,2025-11-04,1980.0,3,32,24,240.26167154312134,Hit,1.9482843532100844,0,19,Tuesday
mouse_1,2025-11-04,1980.0,3,32,25,250.46182012557983,False Alarm,,1,3,Tuesday
mouse_1,2025-11-04,1980.0,3,32,26,263.1537947654724,Miss,,0,0,Tuesday
mouse_1,2025-11-04,1980.0,3,32,27,273.1137020587921,Hit,2.083542850289575,0,20,Tuesday
mouse_1,2025-11-04,1980.0,3,32,28,282.5639634132385,Miss,,0,0,Tuesday
mouse_1,2025-11-04,1980.0,3,32,29,293.2647180557251,Hit,0.3859668747451792,0,18,Tuesday
mouse_1,2025-11-04,1980.0,3,32,30,302.47411370277405,Hit,1.6022822087279565,0,40,Tuesday
mouse_1,2025-11-04,1980.0,3,32,31,312.6837193965912,False Alarm,,1,16,Tuesday
mouse_1,2025-11-04,1980.0,3,32,32,322.89032340049744,Hit,0.4452535986642374,0,20,Tuesday
mouse_1,2025-11-04,1980.0,3,32,33,330.59236788749695,Miss,,0,0,Tuesday
mouse_1,2025-11-04,1980.0,3,32,34,340.54507207870483,Miss,,0,0,Tuesday
mouse_1,2025-11-04,1980.0,3,32,35,350.7530117034912,Hit,1.5192899366924735,0,17,Tuesday
mouse_1,2025-11-04,1980.0,3,32,36,361.45116543769836,False Alarm,,1,2,Tuesday
mouse_1,2025-11-04,1980.0,3,32,37,375.4000244140625,Hit,1.4147328921054623,0,41,Tuesday
mouse_1,2025-11-04,1980.0,3,32,38,385.59284138679504,False Alarm,,1,16,Tuesday
mouse_1,2025-11-04,1980.0,3,32,39,395.79012966156006,False Alarm,,1,9,Tuesday
mouse_1,2025-11-04,1980.0,3,32,40,408.9911766052246,Hit,0.42751636975901874,0,22,Tuesday
mouse_1,2025-11-04,1980.0,3,32,41,416.69322085380554,Hit,2.278202299301711,0,48,Tuesday
mouse_1,2025-11-04,1980.0,3,32,42,427.9026906490326,False Alarm,,1,19,Tuesday
mouse_1,2025-11-04,1980.0,3,32,43,438.109872341156,Miss,,0,5,Tuesday
mouse_1,2025-11-04,1980.0,3,32,44,449.57257747650146,Hit,0.7936479389263695,0,44,Tuesday
mouse_1,2025-11-04,1980.0,3,32,45,458.77291774749756,False Alarm,,1,22,Tuesday
mouse_1,2025-11-04,1980.0,3,32,46,468.9889817237854,Hit,0.5541754109351018,0,21,Tuesday
mouse_1,2025-11-04,1980.0,3,32,47,476.6935112476349,Hit,0.22510206608251337,0,34,Tuesday
mouse_1,2025-11-04,1980.0,3,32,48,485.89333605766296,False Alarm,,1,13,Tuesday
mouse_1,2025-11-04,1980.0,3,32,49,496.09924697875977,False Alarm,,1,5,Tuesday
mouse_1,2025-11-04,1980.0,3,32,50,509.30936002731323,Hit,2.3701715059601156,0,26,Tuesday
mouse_1,2025-11-04,1980.0,3,32,51,519.2528681755066,Hit (Calc),2.4342186220985695,0,7,Tuesday
mouse_1,2025-11-04,1980.0,3,32,52,529.1922857761383,Hit,1.7720323854991875,0,29,Tuesday
mouse_1,2025-11-04,1980.0,3,32,53,538.6537680625916,False Alarm,,1,1,Tuesday
mouse_1,2025-11-04,1980.0,3,32,54,548.8496882915497,Hit,0.8273367426332925,0,19,Tuesday
mouse_1,2025-11-04,1980.0,3,32,55,557.3127639293671,False Alarm,,1,8,Tuesday
mouse_1,2025-11-04,1980.0,3,32,56,570.5245625972748,False Alarm,,1,5,Tuesday
mouse_1,2025-11-04,1980.0,3,32,57,582.7288296222687,Hit,2.1253382252555184,0,17,Tuesday
mouse_1,2025-11-04,1980.0,3,32,58,592.4323873519897,False Alarm,,1,5,Tuesday
mouse_1,2025-11-04,1980.0,3,32,59,604.3953788280487,False Alarm,,1,7,Tuesday
mouse_1,2025-11-04,1980.0,3,32,60,617.3583161830902,False Alarm,,1,4,Tuesday
mouse_1,2025-11-04,1980.0,3,32,61,627.81330037117,Hit,1.1579560949629695,0,67,Tuesday
mouse_1,2025-11-04,1980.0,3,32,62,636.7594878673553,False Alarm,,1,37,Tuesday
mouse_1,2025-11-04,1980.0,3,32,63,646.968957901001,Hit,1.3964152984500515,0,61,Tuesday
mouse_1,2025-11-04,1980.0,3,32,64,656.6727132797241,False Alarm,,1,33,Tuesday
mouse_1,2025-11-04,1980.0,3,32,65,666.8695600032806,Hit,0.7709122905969252,0,76,Tuesday
mouse_1,2025-11-04,1980.0,3,32,66,675.3193407058716,False Alarm,,1,50,Tuesday
mouse_1,2025-11-04,1980.0,3,32,67,685.5194606781006,Hit,1.720926238504262,0,33,Tuesday
mouse_1,2025-11-04,1980.0,3,32,68,695.4694092273712,False Alarm,,1,5,Tuesday
mouse_1,2025-11-04,1980.0,3,32,69,705.6773543357849,Hit,0.618790577343816,0,56,Tuesday
mouse_1,2025-11-04,1980.0,3,32,70,714.6217591762543,False Alarm,,1,25,Tuesday
mouse_1,2025-11-04,1980.0,3,32,71,724.8270537853241,Hit,0.6228844059997982,0,68,Tuesday
mouse_1,2025-11-04,1980.0,3,32,72,733.767838716507,False Alarm,,1,38,Tuesday
mouse_1,2025-11-04,1980.0,3,32,73,743.9682993888855,Hit,1.3631639139109666,0,30,Tuesday
mouse_1,2025-11-04,1980.0,3,32,74,752.6591815948486,False Alarm,,1,2,Tuesday
mouse_1,2025-11-04,1980.0,3,32,75,762.8595969676971,Hit,0.521624584093729,0,24,Tuesday
mouse_1,2025-11-04,1980.0,3,32,76,772.5592982769012,False Alarm,,1,5,Tuesday
mouse_1,2025-11-04,1980.0,3,32,77,785.0074605941772,Hit,0.39723404760718495,0,49,Tuesday
mouse_1,2025-11-04,1980.0,3,32,78,792.961012840271,False Alarm,,1,22,Tuesday
mouse_1,2025-11-04,1980.0,3,32,79,803.1763706207275,Miss,,0,3,Tuesday
mouse_1,2025-11-04,1980.0,3,32,80,814.3798184394836,False Alarm,,1,6,Tuesday
mouse_1,2025-11-04,1980.0,3,32,81,825.3367602825165,False Alarm,,1,3,Tuesday
mouse_1,2025-11-04,1980.0,3,32,82,836.7969119548798,Hit,2.1938763846702614,0,30,Tuesday
mouse_1,2025-11-04,1980.0,3,32,83,847.0002686977386,False Alarm,,1,1,Tuesday
mouse_1,2025-11-04,1980.0,3,32,84,857.2096428871155,Hit,0.6976066918138031,0,50,Tuesday
mouse_1,2025-11-04,1980.0,3,32,85,865.6733753681183,False Alarm,,1,20,Tuesday
mouse_1,2025-11-04,1980.0,3,32,86,875.8684043884277,Hit,0.6602634626050303,0,28,Tuesday
mouse_1,2025-11-04,1980.0,3,32,87,885.5696783065796,Hit,0.7820494134916771,0,15,Tuesday
mouse_1,2025-11-04,1980.0,3,32,88,895.0183773040771,Hit,1.5796726760439697,0,22,Tuesday
mouse_1,2025-11-04,1980.0,3,32,89,905.2208893299103,Hit,0.5821523770023305,0,15,Tuesday
mouse_1,2025-11-04,1980.0,3,32,90,913.1704943180084,Hit,0.9410019302715682,0,18,Tuesday
mouse_1,2025-11-04,1980.0,3,32,91,921.8792004585266,Miss,,0,0,Tuesday
mouse_1,2025-11-04,1980.0,3,32,92,932.0684108734131,Miss,,0,0,Tuesday
mouse_1,2025-11-04,1980.0,3,32,93,942.7586722373962,Hit,2.0215436438542156,0,19,Tuesday
mouse_1,2025-11-04,1980.0,3,32,94,953.6995437145233,Hit,0.2589249830253948,0,17,Tuesday
mouse_1,2025-11-04,1980.0,3,32,95,961.8998229503632,Hit,1.2875157933125365,0,14,Tuesday
mouse_1,2025-11-04,1980.0,3,32,96,970.589161157608,Hit,0.9714652771352803,0,15,Tuesday
mouse_1,2025-11-04,1980.0,3,32,97,979.2886531352997,Hit,0.6030269691246986,0,15,Tuesday
mouse_1,2025-11-04,1980.0,3,32,98,987.7289657592773,Hit,0.1441024800614059,0,10,Tuesday
mouse_1,2025-11-04,1980.0,3,32,99,996.6789083480835,Hit,1.966531395819743,0,20,Tuesday
mouse_1,2025-11-04,1980.0,3,32,100,1006.1402552127838,Hit,0.7118625028914494,0,13,Tuesday
mouse_1,2025-11-04,1980.0,3,32,101,1015.8398582935333,Hit,0.6000818573389779,0,13,Tuesday
mouse_1,2025-11-04,1980.0,3,32,102,1024.288631439209,Hit,0.7099880695893717,0,13,Tuesday
mouse_1,2025-11-04,1980.0,3,32,103,1033.9905791282654,Hit,1.5486384360638112,0,14,Tuesday
mouse_1,2025-11-04,1980.0,3,32,104,1043.9396014213562,Hit,0.41530001771661773,0,11,Tuesday
mouse_1,2025-11-04,1980.0,3,32,105,1052.399373292923,Hit,1.6538479123566958,0,15,Tuesday
mouse_1,2025-11-04,1980.0,3,32,106,1062.5984408855438,Hit,1.7268841959096335,0,11,Tuesday
mouse_1,2025-11-04,1980.0,3,32,107,1072.556349515915,Hit,0.6609634789961092,0,11,Tuesday
mouse_1,2025-11-04,1980.0,3,32,108,1081.7484693527222,Hit,0.8512867834790541,0,11,Tuesday
mouse_1,2025-11-04,1980.0,3,32,109,1090.1985869407654,Miss,,0,4,Tuesday
mouse_1,2025-11-04,1980.0,3,32,110,1101.3979723453522,False Alarm,,1,4,Tuesday
mouse_1,2025-11-04,1980.0,3,32,111,1115.0868680477142,Hit,1.7979531744153974,0,10,Tuesday
mouse_1,2025-11-04,1980.0,3,32,112,1125.788048505783,Hit,0.5486595489637693,0,19,Tuesday
mouse_1,2025-11-04,1980.0,3,32,113,1134.7379670143127,Hit,0.4625851812120345,0,10,Tuesday
mouse_1,2025-11-04,1980.0,3,32,114,1143.4476039409637,Miss,,0,5,Tuesday
mouse_1,2025-11-04,1980.0,3,32,115,1153.8985755443573,False Alarm,,1,5,Tuesday
mouse_1,2025-11-04,1980.0,3,32,116,1165.094422340393,Hit,0.7013685551874005,0,14,Tuesday
mouse_1,2025-11-04,1980.0,3,32,117,1173.2880482673645,Hit,1.6325052321647036,0,14,Tuesday
mouse_1,2025-11-04,1980.0,3,32,118,1182.9878778457642,Hit,0.16788163703540704,0,18,Tuesday
mouse_1,2025-11-04,1980.0,3,32,119,1191.9391615390778,False Alarm,,1,3,Tuesday
mouse_1,2025-11-04,1980.0,3,32,120,1204.3939690589905,Hit,0.5307465560927085,0,13,Tuesday
mouse_1,2025-11-04,1980.0,3,32,121,1213.8453297615051,Miss,,0,2,Tuesday
mouse_1,2025-11-04,1980.0,3,32,122,1225.298005580902,Hit,0.2920776886278418,0,8,Tuesday
mouse_1,2025-11-04,1980.0,3,32,123,1233.249230146408,Hit,0.9791397769145078,0,21,Tuesday
mouse_1,2025-11-04,1980.0,3,32,124,1241.9569046497345,Hit,0.3016151704193817,0,36,Tuesday
mouse_1,2025-11-04,1980.0,3,32,125,1249.4079308509827,False Alarm,,1,6,Tuesday
mouse_1,2025-11-04,1980.0,3,32,126,1259.6139435768127,Hit,1.6126054386536453,0,11,Tuesday
mouse_1,2025-11-04,1980.0,3,32,127,1268.8180618286133,Hit,1.997185906987852,0,12,Tuesday
mouse_1,2025-11-04,1980.0,3,32,128,1279.0254406929016,False Alarm,,1,4,Tuesday
mouse_1,2025-11-04,1980.0,3,32,129,1291.7334632873535,Hit,0.42279495478101126,0,40,Tuesday
mouse_1,2025-11-04,1980.0,3,32,130,1301.187467098236,False Alarm,,1,10,Tuesday
mouse_1,2025-11-04,1980.0,3,32,131,1311.3935842514038,Miss,,0,2,Tuesday
mouse_1,2025-11-04,1980.0,3,32,132,1322.846197605133,Miss,,0,3,Tuesday
mouse_1,2025-11-04,1980.0,3,32,133,1332.7965581417084,Miss,,0,0,Tuesday
mouse_1,2025-11-04,1980.0,3,32,134,1342.4967613220215,Hit,1.5623407560574378,0,9,Tuesday
mouse_1,2025-11-04,1980.0,3,32,135,1352.95654463768,Miss,,0,0,Tuesday
mouse_1,2025-11-04,1980.0,3,32,136,1364.4060983657837,Miss,,0,0,Tuesday
mouse_1,2025-11-04,1980.0,3,32,137,1375.1059877872467,Hit,1.2850404085741047,0,10,Tuesday
mouse_1,2025-11-04,1980.0,3,32,138,1384.0568215847015,Miss,,0,0,Tuesday
mouse_1,2025-11-04,1980.0,3,32,139,1394.7556879520416,Hit,1.1439111293736914,0,6,Tuesday
mouse_1,2025-11-04,1980.0,3,32,140,1404.456541776657,Hit,0.6036158409135624,0,16,Tuesday
mouse_1,2025-11-04,1980.0,3,32,141,1414.1466205120087,False Alarm,,1,5,Tuesday
mouse_1,2025-11-04,1980.0,3,32,142,1425.602774143219,Hit,0.5561366746201202,0,6,Tuesday
mouse_1,2025-11-04,1980.0,3,32,143,1433.5667912960052,Hit,0.6588912088079724,0,6,Tuesday
mouse_1,2025-11-04,1980.0,3,32,144,1442.5271997451782,Miss,,0,0,Tuesday
mouse_1,2025-11-04,1980.0,3,32,145,1452.9752769470215,Miss,,0,5,Tuesday
mouse_1,2025-11-04,1980.0,3,32,146,1462.925481081009,False Alarm,,1,5,Tuesday
mouse_1,2025-11-04,1980.0,3,32,147,1474.392201423645,Miss,,0,0,Tuesday
mouse_1,2025-11-04,1980.0,3,32,148,1485.1052992343903,Hit,0.28719437376003043,0,7,Tuesday
mouse_1,2025-11-04,1980.0,3,32,149,1493.8165023326874,Hit,0.43310333983185956,0,14,Tuesday
mouse_1,2025-11-04,1980.0,3,32,150,1503.014339208603,Hit,0.47670074067718815,0,8,Tuesday
mouse_1,2025-11-04,1980.0,3,32,151,1512.4659790992737,Miss,,0,0,Tuesday
mouse_1,2025-11-04,1980.0,3,32,152,1523.9247589111328,Hit,0.4865188517076149,0,8,Tuesday
mouse_1,2025-11-04,1980.0,3,32,153,1532.6162250041962,Hit,0.38140669924723625,0,12,Tuesday
mouse_1,2025-11-04,1980.0,3,32,154,1540.5666041374207,False Alarm,,1,4,Tuesday
mouse_1,2025-11-04,1980.0,3,32,155,1554.77366232872,Miss,,0,0,Tuesday
mouse_1,2025-11-04,1980.0,3,32,156,1565.9752826690674,Hit,1.0889061998825582,0,8,Tuesday
mouse_1,2025-11-04,1980.0,3,32,157,1575.933786392212,Miss,,0,0,Tuesday
mouse_1,2025-11-04,1980.0,3,32,158,1585.6417512893677,Hit,0.07590939240935768,0,17,Tuesday
mouse_1,2025-11-04,1980.0,3,32,159,1594.5948383808136,Miss,,0,4,Tuesday
mouse_1,2025-11-04,1980.0,3,32,160,1604.804811000824,Hit,0.5691620149434584,0,15,Tuesday
mouse_1,2025-11-04,1980.0,3,32,161,1612.5046751499176,Miss,,0,0,Tuesday
mouse_1,2025-11-04,1980.0,3,32,162,1622.1959750652313,Miss,,0,0,Tuesday
mouse_1,2025-11-04,1980.0,3,32,163,1632.1550459861755,Miss,,0,0,Tuesday
mouse_1,2025-11-04,1980.0,3,32,164,1642.11554646492,Hit,1.2258702811614057,0,7,Tuesday
mouse_1,2025-11-04,1980.0,3,32,165,1651.8254532814026,Hit,0.5983753247642198,0,8,Tuesday
mouse_1,2025-11-04,1980.0,3,32,166,1660.025218486786,Hit,1.5294576192463865,0,14,Tuesday
mouse_1,2025-11-04,1980.0,3,32,167,1668.7345423698425,Hit,0.6180927182979303,0,12,Tuesday
mouse_1,2025-11-04,1980.0,3,32,168,1678.1960453987122,Miss,,0,0,Tuesday
mouse_1,2025-11-04,1980.0,3,32,169,1689.6445338726044,Hit,0.6489028293606225,0,9,Tuesday
mouse_1,2025-11-04,1980.0,3,32,170,1698.8458878993988,Hit,1.6536735906618105,0,20,Tuesday
mouse_1,2025-11-04,1980.0,3,32,171,1708.5448877811432,Hit,0.019420485289856515,0,11,Tuesday
mouse_1,2025-11-04,1980.0,3,32,172,1715.994965314865,Hit,0.4393455464787621,0,12,Tuesday
mouse_1,2025-11-04,1980.0,3,32,173,1724.6948714256287,Hit,0.34301865099064344,0,14,Tuesday
mouse_1,2025-11-04,1980.0,3,32,174,1732.6557109355927,Miss,,0,0,Tuesday
mouse_1,2025-11-04,1980.0,3,32,175,1744.1042549610138,Hit,0.7287207911319911,0,10,Tuesday
mouse_1,2025-11-04,1980.0,3,32,176,1752.3050985336304,Hit,0.6893991427809851,0,10,Tuesday
mouse_1,2025-11-04,1980.0,3,32,177,1761.7649054527283,Miss,,0,0,Tuesday
mouse_1,2025-11-04,1980.0,3,32,178,1772.223836183548,Hit,1.5691943243336937,0,10,Tuesday
mouse_1,2025-11-04,1980.0,3,32,179,1781.9255390167236,Miss,,0,0,Tuesday
mouse_1,2025-11-04,1980.0,3,32,180,1791.6233577728271,Miss,,0,0,Tuesday
mouse_1,2025-11-04,1980.0,3,32,181,1802.0833411216736,Miss,,0,0,Tuesday
mouse_1,2025-11-05,2000.0,0,-1,-1,,No Trial,,0,0,Wednesday
mouse_1,2025-11-06,2000.0,3,33,1,0.35220932960510254,Hit,1.693629745905488,0,17,Thursday
mouse_1,2025-11-06,2000.0,3,33,2,10.798079252243042,Miss,,0,0,Thursday
mouse_1,2025-11-06,2000.0,3,33,3,20.497698307037354,Miss,,0,2,Thursday
mouse_1,2025-11-06,2000.0,3,33,4,30.19691228866577,Hit,1.373222236916206,0,18,Thursday
mouse_1,2025-11-06,2000.0,3,33,5,39.6573543548584,Hit,1.117028304193461,0,46,Thursday
mouse_1,2025-11-06,2000.0,3,33,6,48.34542679786682,False Alarm,,1,25,Thursday
mouse_1,2025-11-06,2000.0,3,33,7,58.542482137680054,False Alarm,,1,4,Thursday
mouse_1,2025-11-06,2000.0,3,33,8,71.2439615726471,Hit,1.1847847428298763,0,51,Thursday
mouse_1,2025-11-06,2000.0,3,33,9,81.18688321113586,False Alarm,,1,24,Thursday
mouse_1,2025-11-06,2000.0,3,33,10,91.39265203475952,Miss,,0,0,Thursday
mouse_1,2025-11-06,2000.0,3,33,11,102.34498333930969,Miss,,0,0,Thursday
mouse_1,2025-11-06,2000.0,3,33,12,113.79620122909546,Miss,,0,0,Thursday
mouse_1,2025-11-06,2000.0,3,33,13,123.49590158462524,Miss,,0,0,Thursday
mouse_1,2025-11-06,2000.0,3,33,14,133.93619966506958,Miss,,0,0,Thursday
mouse_1,2025-11-06,2000.0,3,33,15,145.13587403297424,Hit,1.8422138930209826,0,44,Thursday
mouse_1,2025-11-06,2000.0,3,33,16,155.35752296447754,False Alarm,,1,13,Thursday
mouse_1,2025-11-06,2000.0,3,33,17,165.56246161460876,Miss,,0,4,Thursday
mouse_1,2025-11-06,2000.0,3,33,18,176.51588916778564,False Alarm,,1,4,Thursday
mouse_1,2025-11-06,2000.0,3,33,19,190.72348737716675,Hit (Calc),2.951101157593939,0,3,Thursday
mouse_1,2025-11-06,2000.0,3,33,20,201.41591382026672,Hit,2.0756321611357578,0,31,Thursday
mouse_1,2025-11-06,2000.0,3,33,21,212.11683320999146,False Alarm,,1,2,Thursday
mouse_1,2025-11-06,2000.0,3,33,22,222.33239817619324,Miss,,0,0,Thursday
mouse_1,2025-11-06,2000.0,3,33,23,233.2850739955902,Miss,,0,0,Thursday
mouse_1,2025-11-06,2000.0,3,33,24,243.72532653808594,Miss,,0,4,Thursday
mouse_1,2025-11-06,2000.0,3,33,25,254.92426109313965,False Alarm,,1,4,Thursday
mouse_1,2025-11-06,2000.0,3,33,26,267.1236550807953,Miss,,0,0,Thursday
mouse_1,2025-11-06,2000.0,3,33,27,277.3251996040344,Hit,1.420449710979824,0,53,Thursday
mouse_1,2025-11-06,2000.0,3,33,28,287.5358929634094,False Alarm,,1,28,Thursday
mouse_1,2025-11-06,2000.0,3,33,29,297.7423315048218,Hit,0.7159147536686419,0,60,Thursday
mouse_1,2025-11-06,2000.0,3,33,30,305.7078392505646,False Alarm,,1,33,Thursday
mouse_1,2025-11-06,2000.0,3,33,31,315.9040176868439,Hit,1.5542191564578047,0,38,Thursday
mouse_1,2025-11-06,2000.0,3,33,32,325.85576605796814,False Alarm,,1,13,Thursday
mouse_1,2025-11-06,2000.0,3,33,33,336.07153582572937,False Alarm,,1,7,Thursday
mouse_1,2025-11-06,2000.0,3,33,34,347.76729440689087,Hit,0.3507684554739967,0,69,Thursday
mouse_1,2025-11-06,2000.0,3,33,35,355.7127842903137,False Alarm,,1,40,Thursday
mouse_1,2025-11-06,2000.0,3,33,36,365.9041042327881,Hit,0.20279364703907277,0,68,Thursday
mouse_1,2025-11-06,2000.0,3,33,37,374.60522866249084,False Alarm,,1,40,Thursday
mouse_1,2025-11-06,2000.0,3,33,38,384.8115961551666,Hit,0.8399536519576714,0,51,Thursday
mouse_1,2025-11-06,2000.0,3,33,39,394.0162031650543,False Alarm,,1,22,Thursday
mouse_1,2025-11-06,2000.0,3,33,40,404.20254778862,Hit,0.3085119280995059,0,48,Thursday
mouse_1,2025-11-06,2000.0,3,33,41,413.3950777053833,False Alarm,,1,21,Thursday
mouse_1,2025-11-06,2000.0,3,33,42,423.59863328933716,Hit,0.6412696393094848,0,44,Thursday
mouse_1,2025-11-06,2000.0,3,33,43,431.54522705078125,False Alarm,,1,14,Thursday
mouse_1,2025-11-06,2000.0,3,33,44,441.7608804702759,Hit,0.49438475431890083,0,75,Thursday
mouse_1,2025-11-06,2000.0,3,33,45,450.45506954193115,False Alarm,,1,49,Thursday
mouse_1,2025-11-06,2000.0,3,33,46,460.65247797966003,False Alarm,,1,3,Thursday
mouse_1,2025-11-06,2000.0,3,33,47,473.60245084762573,Hit,0.6803775152309868,0,68,Thursday
mouse_1,2025-11-06,2000.0,3,33,48,482.0560817718506,False Alarm,,1,39,Thursday
mouse_1,2025-11-06,2000.0,3,33,49,492.2708661556244,False Alarm,,1,2,Thursday
mouse_1,2025-11-06,2000.0,3,33,50,506.4811782836914,Hit,1.035798507617983,0,76,Thursday
mouse_1,2025-11-06,2000.0,3,33,51,515.4329483509064,False Alarm,,1,56,Thursday
mouse_1,2025-11-06,2000.0,3,33,52,525.6407511234283,Miss,,0,1,Thursday
mouse_1,2025-11-06,2000.0,3,33,53,535.5931041240692,False Alarm,,1,1,Thursday
mouse_1,2025-11-06,2000.0,3,33,54,549.2907285690308,Hit,0.7748489957475613,0,64,Thursday
mouse_1,2025-11-06,2000.0,3,33,55,558.4936134815216,False Alarm,,1,36,Thursday
mouse_1,2025-11-06,2000.0,3,33,56,568.6925313472748,False Alarm,,1,7,Thursday
mouse_1,2025-11-06,2000.0,3,33,57,582.3875007629395,False Alarm,,1,4,Thursday
mouse_1,2025-11-06,2000.0,3,33,58,596.5908234119415,Hit (Calc),2.947597771385631,0,7,Thursday
mouse_1,2025-11-06,2000.0,3,33,59,606.2905423641205,Hit,0.24300234240809004,0,77,Thursday
mouse_1,2025-11-06,2000.0,3,33,60,614.984073638916,False Alarm,,1,56,Thursday
mouse_1,2025-11-06,2000.0,3,33,61,625.182471036911,Hit,0.03235508630291406,0,76,Thursday
mouse_1,2025-11-06,2000.0,3,33,62,633.8708965778351,False Alarm,,1,83,Thursday
mouse_1,2025-11-06,2000.0,3,33,63,644.0695083141327,Hit,0.3690133538812006,0,22,Thursday
mouse_1,2025-11-06,2000.0,3,33,64,653.2757766246796,Hit,1.286602852712349,0,77,Thursday
mouse_1,2025-11-06,2000.0,3,33,65,661.9715230464935,False Alarm,,1,99,Thursday
mouse_1,2025-11-06,2000.0,3,33,66,672.1604335308075,False Alarm,,1,4,Thursday
mouse_1,2025-11-06,2000.0,3,33,67,682.3560080528259,Hit,1.1048564953723599,0,76,Thursday
mouse_1,2025-11-06,2000.0,3,33,68,690.802652835846,False Alarm,,1,50,Thursday
mouse_1,2025-11-06,2000.0,3,33,69,700.9993133544922,Hit,1.507972820713121,0,76,Thursday
mouse_1,2025-11-06,2000.0,3,33,70,710.452721118927,False Alarm,,1,54,Thursday
mouse_1,2025-11-06,2000.0,3,33,71,720.6527767181396,Hit,0.4108931955066737,0,45,Thursday
mouse_1,2025-11-06,2000.0,3,33,72,728.3523390293121,False Alarm,,1,16,Thursday
mouse_1,2025-11-06,2000.0,3,33,73,738.5428047180176,Hit,1.3517865347281486,0,76,Thursday
mouse_1,2025-11-06,2000.0,3,33,74,747.4924376010895,False Alarm,,1,49,Thursday
mouse_1,2025-11-06,2000.0,3,33,75,757.6925008296967,Hit,1.1285571669945966,0,77,Thursday
mouse_1,2025-11-06,2000.0,3,33,76,766.892664194107,False Alarm,,1,110,Thursday
mouse_1,2025-11-06,2000.0,3,33,77,777.0983407497406,False Alarm,,1,14,Thursday
mouse_1,2025-11-06,2000.0,3,33,78,787.3085119724274,False Alarm,,1,1,Thursday
mouse_1,2025-11-06,2000.0,3,33,79,800.5024645328522,Miss,,0,2,Thursday
mouse_1,2025-11-06,2000.0,3,33,80,811.2011969089508,Hit,0.6346223530858879,0,26,Thursday
mouse_1,2025-11-06,2000.0,3,33,81,819.1497435569763,Hit,0.39372713824002403,0,78,Thursday
mouse_1,2025-11-06,2000.0,3,33,82,827.1114206314087,False Alarm,,1,74,Thursday
mouse_1,2025-11-06,2000.0,3,33,83,837.3126745223999,False Alarm,,1,1,Thursday
mouse_1,2025-11-06,2000.0,3,33,84,849.271276473999,Miss,,0,0,Thursday
mouse_1,2025-11-06,2000.0,3,33,85,859.2314276695251,Hit,0.22421006005424715,0,24,Thursday
mouse_1,2025-11-06,2000.0,3,33,86,868.6813485622406,Hit,0.3505562821349031,0,69,Thursday
mouse_1,2025-11-06,2000.0,3,33,87,877.6318678855896,False Alarm,,1,45,Thursday
mouse_1,2025-11-06,2000.0,3,33,88,887.8281743526459,False Alarm,,1,7,Thursday
mouse_1,2025-11-06,2000.0,3,33,89,900.2983958721161,False Alarm,,1,3,Thursday
mouse_1,2025-11-06,2000.0,3,33,90,914.2489542961121,Hit,0.48171530402498774,0,20,Thursday
mouse_1,2025-11-06,2000.0,3,33,91,922.7017447948456,Miss,,0,3,Thursday
mouse_1,2025-11-06,2000.0,3,33,92,934.1506206989288,False Alarm,,1,3,Thursday
mouse_1,2025-11-06,2000.0,3,33,93,948.3476083278656,Miss,,0,2,Thursday
mouse_1,2025-11-06,2000.0,3,33,94,959.5609693527222,Miss,,0,0,Thursday
mouse_1,2025-11-06,2000.0,3,33,95,970.5102837085724,Hit,0.10341484682965074,0,26,Thursday
mouse_1,2025-11-06,2000.0,3,33,96,979.2112257480621,Hit,0.85392257754404,0,22,Thursday
mouse_1,2025-11-06,2000.0,3,33,97,987.9224886894226,Miss,,0,0,Thursday
mouse_1,2025-11-06,2000.0,3,33,98,999.3697266578674,Hit,1.998946879438563,0,18,Thursday
mouse_1,2025-11-06,2000.0,3,33,99,1009.810714006424,Hit,0.8201139788565115,0,10,Thursday
mouse_1,2025-11-06,2000.0,3,33,100,1018.5111517906189,False Alarm,,1,3,Thursday
mouse_1,2025-11-06,2000.0,3,33,101,1029.717229604721,Miss,,0,0,Thursday
mouse_1,2025-11-06,2000.0,3,33,102,1040.667729139328,Miss,,0,0,Thursday
mouse_1,2025-11-06,2000.0,3,33,103,1050.8713703155518,Miss,,0,0,Thursday
mouse_1,2025-11-06,2000.0,3,33,104,1061.8194551467896,Hit,0.5888112864786308,0,46,Thursday
mouse_1,2025-11-06,2000.0,3,33,105,1071.0102801322937,False Alarm,,1,15,Thursday
mouse_1,2025-11-06,2000.0,3,33,106,1081.2169518470764,Miss,,0,0,Thursday
mouse_1,2025-11-06,2000.0,3,33,107,1090.9291882514954,Hit,0.4326794824244189,0,17,Thursday
mouse_1,2025-11-06,2000.0,3,33,108,1100.120542049408,Hit,0.6853167422402748,0,13,Thursday
mouse_1,2025-11-06,2000.0,3,33,109,1108.5701172351837,Hit,0.6362489933405868,0,66,Thursday
mouse_1,2025-11-06,2000.0,3,33,110,1117.517291545868,False Alarm,,1,41,Thursday
mouse_1,2025-11-06,2000.0,3,33,111,1127.715089559555,False Alarm,,1,10,Thursday
mouse_1,2025-11-06,2000.0,3,33,112,1141.4167442321777,False Alarm,,1,5,Thursday
mouse_1,2025-11-06,2000.0,3,33,113,1155.366851091385,Hit,0.43553006593833743,0,38,Thursday
mouse_1,2025-11-06,2000.0,3,33,114,1163.8066492080688,False Alarm,,1,9,Thursday
mouse_1,2025-11-06,2000.0,3,33,115,1174.0061392784119,Miss,,0,2,Thursday
mouse_1,2025-11-06,2000.0,3,33,116,1185.467345237732,False Alarm,,1,2,Thursday
mouse_1,2025-11-06,2000.0,3,33,117,1197.4260280132294,Hit,0.538590820231093,0,16,Thursday
mouse_1,2025-11-06,2000.0,3,33,118,1205.6295518875122,Hit,0.2872016386731957,0,11,Thursday
mouse_1,2025-11-06,2000.0,3,33,119,1213.8292627334595,Hit,1.8172416943691587,0,49,Thursday
mouse_1,2025-11-06,2000.0,3,33,120,1222.7795045375824,False Alarm,,1,19,Thursday
mouse_1,2025-11-06,2000.0,3,33,121,1232.985805273056,Miss,,0,0,Thursday
mouse_1,2025-11-06,2000.0,3,33,122,1242.6782896518707,Miss,,0,0,Thursday
mouse_1,2025-11-06,2000.0,3,33,123,1253.8780670166016,Miss,,0,0,Thursday
mouse_1,2025-11-06,2000.0,3,33,124,1263.8181629180908,Hit,1.4533574448196305,0,23,Thursday
mouse_1,2025-11-06,2000.0,3,33,125,1274.0088856220245,Hit,0.36937022512802287,0,17,Thursday
mouse_1,2025-11-06,2000.0,3,33,126,1281.448671579361,False Alarm,,1,4,Thursday
mouse_1,2025-11-06,2000.0,3,33,127,1298.1655776500702,Hit,0.33855431580832374,0,7,Thursday
mouse_1,2025-11-06,2000.0,3,33,128,1307.3671669960022,Hit,0.8179168861165635,0,18,Thursday
mouse_1,2025-11-06,2000.0,3,33,129,1315.8193991184235,Hit,0.5627690908568184,0,18,Thursday
mouse_1,2025-11-06,2000.0,3,33,130,1325.0282380580902,Hit,0.2990432609576601,0,17,Thursday
mouse_1,2025-11-06,2000.0,3,33,131,1333.4684627056122,Hit,0.7380450734799524,0,10,Thursday
mouse_1,2025-11-06,2000.0,3,33,132,1343.1681382656097,Hit (Calc),2.66385832417609,0,6,Thursday
mouse_1,2025-11-06,2000.0,3,33,133,1353.1179933547974,Miss,,0,0,Thursday
mouse_1,2025-11-06,2000.0,3,33,134,1363.5778954029083,Miss,,0,0,Thursday
mouse_1,2025-11-06,2000.0,3,33,135,1373.7876861095428,Hit,1.801900792970855,0,10,Thursday
mouse_1,2025-11-06,2000.0,3,33,136,1384.7255420684814,Hit,2.0967712555282105,0,37,Thursday
mouse_1,2025-11-06,2000.0,3,33,137,1395.4277880191803,False Alarm,,1,8,Thursday
mouse_1,2025-11-06,2000.0,3,33,138,1405.6277396678925,Hit,0.3439312774937662,0,16,Thursday
mouse_1,2025-11-06,2000.0,3,33,139,1413.8188440799713,Miss,,0,0,Thursday
mouse_1,2025-11-06,2000.0,3,33,140,1425.5148735046387,Miss,,0,1,Thursday
mouse_1,2025-11-06,2000.0,3,33,141,1436.9673228263855,Hit,0.76724996966459,0,73,Thursday
mouse_1,2025-11-06,2000.0,3,33,142,1445.1578347682953,False Alarm,,1,48,Thursday
mouse_1,2025-11-06,2000.0,3,33,143,1455.3656558990479,Hit,0.3164714513643503,0,13,Thursday
mouse_1,2025-11-06,2000.0,3,33,144,1462.8183858394623,Hit,0.43029784046120767,0,12,Thursday
mouse_1,2025-11-06,2000.0,3,33,145,1471.0176112651825,Hit,0.8094332014147767,0,13,Thursday
mouse_1,2025-11-06,2000.0,3,33,146,1480.9579124450684,Miss,,0,3,Thursday
mouse_1,2025-11-06,2000.0,3,33,147,1491.3971560001373,False Alarm,,1,3,Thursday
mouse_1,2025-11-06,2000.0,3,33,148,1504.1124067306519,Miss,,0,0,Thursday
mouse_1,2025-11-06,2000.0,3,33,149,1514.806792497635,Miss,,0,0,Thursday
mouse_1,2025-11-06,2000.0,3,33,150,1526.2562956809998,Hit,1.4636560968581307,0,7,Thursday
mouse_1,2025-11-06,2000.0,3,33,151,1535.2078168392181,Hit,0.11687809004160954,0,7,Thursday
mouse_1,2025-11-06,2000.0,3,33,152,1544.1572380065918,Hit,0.298556906396243,0,9,Thursday
mouse_1,2025-11-06,2000.0,3,33,153,1553.106957435608,Miss,,0,0,Thursday
mouse_1,2025-11-06,2000.0,3,33,154,1564.2962267398834,Miss,,0,0,Thursday
mouse_1,2025-11-06,2000.0,3,33,155,1575.7465331554413,Hit,0.5018145851477129,0,52,Thursday
mouse_1,2025-11-06,2000.0,3,33,156,1585.4444074630737,False Alarm,,1,27,Thursday
mouse_1,2025-11-06,2000.0,3,33,157,1595.6424674987793,Hit,1.0829786785047872,0,12,Thursday
mouse_1,2025-11-06,2000.0,3,33,158,1604.587732076645,Hit,0.20025923695948222,0,13,Thursday
mouse_1,2025-11-06,2000.0,3,33,159,1613.7877774238586,Hit,0.7093465552488851,0,12,Thursday
mouse_1,2025-11-06,2000.0,3,33,160,1621.9965982437134,False Alarm,,1,3,Thursday
mouse_1,2025-11-06,2000.0,3,33,161,1635.6927309036255,Hit,1.3512255771750006,0,17,Thursday
mouse_1,2025-11-06,2000.0,3,33,162,1645.8962078094482,Hit,0.73195824020695,0,8,Thursday
mouse_1,2025-11-06,2000.0,3,33,163,1654.3464975357056,Miss,,0,0,Thursday
mouse_1,2025-11-06,2000.0,3,33,164,1665.792863368988,Hit,0.05450350422597694,0,29,Thursday
mouse_1,2025-11-06,2000.0,3,33,165,1674.496289730072,Hit,0.1392786249305118,0,12,Thursday
mouse_1,2025-11-06,2000.0,3,33,166,1682.9358105659485,Hit,1.9297605426472728,0,11,Thursday
mouse_1,2025-11-06,2000.0,3,33,167,1692.884123325348,Miss,,0,0,Thursday
mouse_1,2025-11-06,2000.0,3,33,168,1704.0758123397827,Miss,,0,0,Thursday
mouse_1,2025-11-06,2000.0,3,33,169,1715.525467634201,Miss,,0,0,Thursday
mouse_1,2025-11-06,2000.0,3,33,170,1726.4651975631714,Miss,,0,4,Thursday
mouse_1,2025-11-06,2000.0,3,33,171,1736.405392408371,False Alarm,,1,4,Thursday
mouse_1,2025-11-06,2000.0,3,33,172,1746.8424191474915,Miss,,0,4,Thursday
mouse_1,2025-11-06,2000.0,3,33,173,1757.2832419872284,False Alarm,,1,4,Thursday
mouse_1,2025-11-06,2000.0,3,33,174,1768.2428665161133,Miss,,0,0,Thursday
mouse_1,2025-11-06,2000.0,3,33,175,1779.6852231025696,Miss,,0,0,Thursday
mouse_1,2025-11-06,2000.0,3,33,176,1790.1357486248016,Hit (Calc),2.6497411936231856,0,2,Thursday
mouse_1,2025-11-06,2000.0,3,33,177,1800.084683895111,Miss,,0,0,Thursday
mouse_1,2025-11-07,2000.0,0,-1,-1,,No Trial,,0,0,Friday
mouse_1,2025-11-08,2000.0,0,-1,-1,,No Trial,,0,0,Saturday
mouse_1,2025-11-09,1500.0,3,34,1,0.3530592918395996,Hit,0.9350421590453246,0,42,Sunday
mouse_1,2025-11-09,1500.0,3,34,2,9.80046033859253,False Alarm,,1,20,Sunday
mouse_1,2025-11-09,1500.0,3,34,3,19.997679710388184,False Alarm,,1,5,Sunday
mouse_1,2025-11-09,1500.0,3,34,4,33.955843687057495,Hit,1.749562284386819,0,30,Sunday
mouse_1,2025-11-09,1500.0,3,34,5,43.16922450065613,False Alarm,,1,6,Sunday
mouse_1,2025-11-09,1500.0,3,34,6,53.36625790596008,Hit,1.678499418919003,0,57,Sunday
mouse_1,2025-11-09,1500.0,3,34,7,62.81943368911743,False Alarm,,1,28,Sunday
mouse_1,2025-11-09,1500.0,3,34,8,73.02598452568054,Hit,0.685141671981242,0,33,Sunday
mouse_1,2025-11-09,1500.0,3,34,9,82.7194516658783,False Alarm,,1,9,Sunday
mouse_1,2025-11-09,1500.0,3,34,10,92.91287660598755,False Alarm,,1,4,Sunday
mouse_1,2025-11-09,1500.0,3,34,11,103.61561059951782,Hit,0.1805709628087584,0,67,Sunday
mouse_1,2025-11-09,1500.0,3,34,12,111.55891799926758,False Alarm,,1,40,Sunday
mouse_1,2025-11-09,1500.0,3,34,13,121.75627207756042,Hit,1.9942030426371957,0,76,Sunday
mouse_1,2025-11-09,1500.0,3,34,14,131.46933221817017,False Alarm,,1,77,Sunday
mouse_1,2025-11-09,1500.0,3,34,15,141.6660544872284,Miss,,0,7,Sunday
mouse_1,2025-11-09,1500.0,3,34,16,151.6085786819458,Hit,0.13239485558628417,0,71,Sunday
mouse_1,2025-11-09,1500.0,3,34,17,159.81000995635986,False Alarm,,1,49,Sunday
mouse_1,2025-11-09,1500.0,3,34,18,170.0254192352295,False Alarm,,1,5,Sunday
mouse_1,2025-11-09,1500.0,3,34,19,181.2361798286438,Hit,0.4511899378781834,0,73,Sunday
mouse_1,2025-11-09,1500.0,3,34,20,189.43017721176147,False Alarm,,1,52,Sunday
mouse_1,2025-11-09,1500.0,3,34,21,199.63280320167542,Hit,0.7992767042059654,0,34,Sunday
mouse_1,2025-11-09,1500.0,3,34,22,207.83894300460815,False Alarm,,1,7,Sunday
mouse_1,2025-11-09,1500.0,3,34,23,218.0427668094635,False Alarm,,1,1,Sunday
mouse_1,2025-11-09,1500.0,3,34,24,228.25461721420288,Miss,,0,0,Sunday
mouse_1,2025-11-09,1500.0,3,34,25,239.20828771591187,Hit,0.3147356943704267,0,70,Sunday
mouse_1,2025-11-09,1500.0,3,34,26,248.66882276535034,False Alarm,,1,44,Sunday
mouse_1,2025-11-09,1500.0,3,34,27,258.87440037727356,False Alarm,,1,4,Sunday
mouse_1,2025-11-09,1500.0,3,34,28,269.0856294631958,Miss,,0,4,Sunday
mouse_1,2025-11-09,1500.0,3,34,29,280.0376868247986,False Alarm,,1,4,Sunday
mouse_1,2025-11-09,1500.0,3,34,30,293.99485421180725,Miss,,0,2,Sunday
mouse_1,2025-11-09,1500.0,3,34,31,304.94854497909546,Hit,1.033364882314686,0,29,Sunday
mouse_1,2025-11-09,1500.0,3,34,32,313.1482083797455,False Alarm,,1,5,Sunday
mouse_1,2025-11-09,1500.0,3,34,33,323.36417603492737,Hit,0.38531133562565856,0,73,Sunday
mouse_1,2025-11-09,1500.0,3,34,34,331.307590007782,False Alarm,,1,47,Sunday
mouse_1,2025-11-09,1500.0,3,34,35,341.5138397216797,Hit,2.0146366564290474,0,71,Sunday
mouse_1,2025-11-09,1500.0,3,34,36,350.9582586288452,False Alarm,,1,41,Sunday
mouse_1,2025-11-09,1500.0,3,34,37,361.1641891002655,Hit,0.05608202943432161,0,65,Sunday
mouse_1,2025-11-09,1500.0,3,34,38,369.61766171455383,False Alarm,,1,40,Sunday
mouse_1,2025-11-09,1500.0,3,34,39,379.8235239982605,False Alarm,,1,4,Sunday
mouse_1,2025-11-09,1500.0,3,34,40,393.5164303779602,Hit,1.1264106518125345,0,64,Sunday
mouse_1,2025-11-09,1500.0,3,34,41,403.21764183044434,False Alarm,,1,37,Sunday
mouse_1,2025-11-09,1500.0,3,34,42,413.4239282608032,False Alarm,,1,4,Sunday
mouse_1,2025-11-09,1500.0,3,34,43,427.1327860355377,Hit,0.09545414799083574,0,74,Sunday
mouse_1,2025-11-09,1500.0,3,34,44,435.3398263454437,False Alarm,,1,49,Sunday
mouse_1,2025-11-09,1500.0,3,34,45,445.54442048072815,False Alarm,,1,3,Sunday
mouse_1,2025-11-09,1500.0,3,34,46,460.513240814209,False Alarm,,1,7,Sunday
mouse_1,2025-11-09,1500.0,3,34,47,472.7211332321167,Hit,0.028870992331690104,0,36,Sunday
mouse_1,2025-11-09,1500.0,3,34,48,480.18700528144836,False Alarm,,1,6,Sunday
mouse_1,2025-11-09,1500.0,3,34,49,490.3932054042816,Hit,0.583411770189457,0,76,Sunday
mouse_1,2025-11-09,1500.0,3,34,50,499.34695291519165,False Alarm,,1,60,Sunday
mouse_1,2025-11-09,1500.0,3,34,51,509.54583168029785,Hit,0.5399059885193083,0,57,Sunday
mouse_1,2025-11-09,1500.0,3,34,52,517.2469489574432,False Alarm,,1,32,Sunday
mouse_1,2025-11-09,1500.0,3,34,53,527.4526982307434,False Alarm,,1,7,Sunday
mouse_1,2025-11-09,1500.0,3,34,54,539.1628878116608,False Alarm,,1,6,Sunday
mouse_1,2025-11-09,1500.0,3,34,55,550.3828313350677,False Alarm,,1,6,Sunday
mouse_1,2025-11-09,1500.0,3,34,56,562.0925879478455,False Alarm,,1,6,Sunday
mouse_1,2025-11-09,1500.0,3,34,57,573.5429451465607,False Alarm,,1,5,Sunday
mouse_1,2025-11-09,1500.0,3,34,58,587.5120980739594,False Alarm,,1,5,Sunday
mouse_1,2025-11-09,1500.0,3,34,59,600.7132351398468,False Alarm,,1,6,Sunday
mouse_1,2025-11-09,1500.0,3,34,60,613.4120557308197,False Alarm,,1,8,Sunday
mouse_1,2025-11-09,1500.0,3,34,61,627.6150472164154,False Alarm,,1,3,Sunday
mouse_1,2025-11-09,1500.0,3,34,62,638.8221819400787,Hit,1.512362421924422,0,62,Sunday
mouse_1,2025-11-09,1500.0,3,34,63,648.7755155563354,False Alarm,,1,34,Sunday
mouse_1,2025-11-09,1500.0,3,34,64,658.9718158245087,False Alarm,,1,4,Sunday
mouse_1,2025-11-09,1500.0,3,34,65,670.1827952861786,False Alarm,,1,2,Sunday
mouse_1,2025-11-09,1500.0,3,34,66,683.6417367458344,Hit,1.8451309452136684,0,71,Sunday
mouse_1,2025-11-09,1500.0,3,34,67,693.094996213913,False Alarm,,1,43,Sunday
mouse_1,2025-11-09,1500.0,3,34,68,703.3012118339539,False Alarm,,1,7,Sunday
mouse_1,2025-11-09,1500.0,3,34,69,717.0121378898621,Hit,0.04580785609539362,0,78,Sunday
mouse_1,2025-11-09,1500.0,3,34,70,724.7147240638733,False Alarm,,1,48,Sunday
mouse_1,2025-11-09,1500.0,3,34,71,734.9179711341858,Hit,0.5985089864205975,0,44,Sunday
mouse_1,2025-11-09,1500.0,3,34,72,743.1241171360016,False Alarm,,1,16,Sunday
mouse_1,2025-11-09,1500.0,3,34,73,753.3307888507843,Miss,,0,0,Sunday
mouse_1,2025-11-09,1500.0,3,34,74,764.7939569950104,Miss,,0,0,Sunday
mouse_1,2025-11-09,1500.0,3,34,75,774.4925782680511,Miss,,0,2,Sunday
mouse_1,2025-11-09,1500.0,3,34,76,785.6938183307648,False Alarm,,1,2,Sunday
mouse_1,2025-11-09,1500.0,3,34,77,797.6510186195374,Hit,1.5409152954865704,0,37,Sunday
mouse_1,2025-11-09,1500.0,3,34,78,807.604677438736,False Alarm,,1,8,Sunday
mouse_1,2025-11-09,1500.0,3,34,79,817.820230960846,Hit,0.7224522073541948,0,13,Sunday
mouse_1,2025-11-09,1500.0,3,34,80,826.2738008499146,False Alarm,,1,7,Sunday
mouse_1,2025-11-09,1500.0,3,34,81,839.9802045822144,False Alarm,,1,4,Sunday
mouse_1,2025-11-09,1500.0,3,34,82,853.930029630661,Miss,,0,0,Sunday
mouse_1,2025-11-09,1500.0,3,34,83,864.8841440677643,Hit,0.7472685774210959,0,17,Sunday
mouse_1,2025-11-09,1500.0,3,34,84,874.0836369991302,False Alarm,,1,4,Sunday
mouse_1,2025-11-09,1500.0,3,34,85,885.5399074554443,Hit,1.3017202553271545,0,21,Sunday
mouse_1,2025-11-09,1500.0,3,34,86,895.5034599304199,Hit,0.7831271537713747,0,49,Sunday
mouse_1,2025-11-09,1500.0,3,34,87,904.96297955513,False Alarm,,1,20,Sunday
mouse_1,2025-11-09,1500.0,3,34,88,915.1600456237793,Hit,0.4646999425847298,0,74,Sunday
mouse_1,2025-11-09,1500.0,3,34,89,924.3511674404144,False Alarm,,1,50,Sunday
mouse_1,2025-11-09,1500.0,3,34,90,934.5499033927917,Hit,1.3283711834606038,0,70,Sunday
mouse_1,2025-11-09,1500.0,3,34,91,943.00212931633,False Alarm,,1,43,Sunday
mouse_1,2025-11-09,1500.0,3,34,92,953.2098343372345,False Alarm,,1,2,Sunday
mouse_1,2025-11-09,1500.0,3,34,93,964.1701741218567,Hit,1.5082495802432732,0,41,Sunday
mouse_1,2025-11-09,1500.0,3,34,94,973.613254070282,False Alarm,,1,14,Sunday
mouse_1,2025-11-09,1500.0,3,34,95,983.8125441074371,False Alarm,,1,3,Sunday
mouse_1,2025-11-09,1500.0,3,34,96,997.7695035934448,Miss,,0,2,Sunday
mouse_1,2025-11-09,1500.0,3,34,97,1007.9740970134735,False Alarm,,1,2,Sunday
mouse_1,2025-11-09,1500.0,3,34,98,1021.9391951560974,Hit,1.6573732368119636,0,58,Sunday
mouse_1,2025-11-09,1500.0,3,34,99,1031.3940680027008,False Alarm,,1,29,Sunday
mouse_1,2025-11-09,1500.0,3,34,100,1041.5990073680878,Miss,,0,0,Sunday
mouse_1,2025-11-09,1500.0,3,34,101,1052.0627624988556,Hit,1.5267107285174006,0,18,Sunday
mouse_1,2025-11-09,1500.0,3,34,102,1062.5226373672485,Hit,1.734704936076696,0,15,Sunday
mouse_1,2025-11-09,1500.0,3,34,103,1071.7227358818054,Hit,1.649744230639044,0,24,Sunday
mouse_1,2025-11-09,1500.0,3,34,104,1082.4223775863647,False Alarm,,1,4,Sunday
mouse_1,2025-11-09,1500.0,3,34,105,1095.8798456192017,Hit,1.152044195516737,0,14,Sunday
mouse_1,2025-11-09,1500.0,3,34,106,1105.832377910614,Hit,1.337783917814022,0,14,Sunday
mouse_1,2025-11-09,1500.0,3,34,107,1115.042805671692,Miss,,0,0,Sunday
mouse_1,2025-11-09,1500.0,3,34,108,1125.4995307922363,Miss,,0,0,Sunday
mouse_1,2025-11-09,1500.0,3,34,109,1135.2108693122864,Miss,,0,0,Sunday
mouse_1,2025-11-09,1500.0,3,34,110,1146.6624631881714,Hit,1.7983133292618732,0,18,Sunday
mouse_1,2025-11-09,1500.0,3,34,111,1156.8518300056458,False Alarm,,1,3,Sunday
mouse_1,2025-11-09,1500.0,3,34,112,1170.3083999156952,Hit,0.2970327160569468,0,10,Sunday
mouse_1,2025-11-09,1500.0,3,34,113,1178.512365579605,Hit (Calc),2.5797379112075305,0,3,Sunday
mouse_1,2025-11-09,1500.0,3,34,114,1188.7119283676147,Hit,1.3775369107020197,0,45,Sunday
mouse_1,2025-11-09,1500.0,3,34,115,1198.6626496315002,False Alarm,,1,17,Sunday
mouse_1,2025-11-09,1500.0,3,34,116,1208.8777868747711,Hit,0.734027706677125,0,9,Sunday
mouse_1,2025-11-09,1500.0,3,34,117,1217.5724334716797,Hit,0.4352526552127074,0,16,Sunday
mouse_1,2025-11-09,1500.0,3,34,118,1227.0309901237488,Hit,1.7182471602338865,0,21,Sunday
mouse_1,2025-11-09,1500.0,3,34,119,1236.4810388088226,Hit,0.5631121150909166,0,11,Sunday
mouse_1,2025-11-09,1500.0,3,34,120,1244.4191858768463,Hit,0.4027028726077333,0,36,Sunday
mouse_1,2025-11-09,1500.0,3,34,121,1253.3707704544067,False Alarm,,1,6,Sunday
mouse_1,2025-11-09,1500.0,3,34,122,1263.5725882053375,Miss,,0,0,Sunday
mouse_1,2025-11-09,1500.0,3,34,123,1274.770387172699,Hit,2.077980264463349,0,14,Sunday
mouse_1,2025-11-09,1500.0,3,34,124,1284.2306816577911,Hit,1.9597726563458764,0,20,Sunday
mouse_1,2025-11-09,1500.0,3,34,125,1294.1810564994812,False Alarm,,1,5,Sunday
mouse_1,2025-11-09,1500.0,3,34,126,1307.3973977565765,Hit,0.4974058190487085,0,6,Sunday
mouse_1,2025-11-09,1500.0,3,34,127,1316.597757101059,Hit,1.4077543558657908,0,13,Sunday
mouse_1,2025-11-09,1500.0,3,34,128,1325.8010668754578,Miss,,0,0,Sunday
mouse_1,2025-11-09,1500.0,3,34,129,1337.2495665550232,Miss,,0,0,Sunday
mouse_1,2025-11-09,1500.0,3,34,130,1347.9399042129517,Miss,,0,0,Sunday
mouse_1,2025-11-09,1500.0,3,34,131,1358.1400167942047,Miss,,0,0,Sunday
mouse_1,2025-11-09,1500.0,3,34,132,1368.0894944667816,Hit,0.6116921413631644,0,10,Sunday
mouse_1,2025-11-09,1500.0,3,34,133,1376.7902715206146,Miss,,0,0,Sunday
mouse_1,2025-11-09,1500.0,3,34,134,1387.7296726703644,Hit,1.8762348099849078,0,8,Sunday
mouse_1,2025-11-09,1500.0,3,34,135,1398.1782486438751,Miss,,0,0,Sunday
mouse_1,2025-11-09,1500.0,3,34,136,1409.6298067569733,Miss,,0,0,Sunday
mouse_1,2025-11-09,1500.0,3,34,137,1419.3197720050812,Miss,,0,0,Sunday
mouse_1,2025-11-09,1500.0,3,34,138,1429.7693185806274,Hit,0.3286656836592101,0,13,Sunday
mouse_1,2025-11-09,1500.0,3,34,139,1439.2099137306213,Hit,1.4154567667119409,0,16,Sunday
mouse_1,2025-11-09,1500.0,3,34,140,1447.910031080246,False Alarm,,1,4,Sunday
mouse_1,2025-11-09,1500.0,3,34,141,1461.876086473465,Hit,0.24184326058502847,0,6,Sunday
mouse_1,2025-11-09,1500.0,3,34,142,1470.330484867096,Miss,,0,0,Sunday
mouse_1,2025-11-09,1500.0,3,34,143,1480.5258393287659,Miss,,0,5,Sunday
mouse_1,2025-11-09,1500.0,3,34,144,1490.2204959392548,Hit,0.5398450860129742,0,13,Sunday
mouse_1,2025-11-09,1500.0,3,34,145,1497.9192728996277,False Alarm,,1,3,Sunday
mouse_1,2025-11-09,1500.0,3,34,146,1512.361743927002,Miss,,0,0,Sunday
mouse_1,2025-11-09,1500.0,3,34,147,1522.81094956398,Miss,,0,0,Sunday
mouse_1,2025-11-09,1500.0,3,34,148,1534.2587358951569,Miss,,0,0,Sunday
mouse_1,2025-11-09,1500.0,3,34,149,1545.2186691761017,Miss,,0,0,Sunday
mouse_1,2025-11-09,1500.0,3,34,150,1556.1679804325104,Hit,0.6030905864849956,0,8,Sunday
mouse_1,2025-11-09,1500.0,3,34,151,1565.1210107803345,Hit,1.8795678805811349,0,10,Sunday
mouse_1,2025-11-09,1500.0,3,34,152,1574.8200764656067,Hit,1.3564347914932569,0,14,Sunday
mouse_1,2025-11-09,1500.0,3,34,153,1584.0195724964142,Hit,1.5604236456595117,0,18,Sunday
mouse_1,2025-11-09,1500.0,3,34,154,1594.2191743850708,Miss,,0,0,Sunday
mouse_1,2025-11-09,1500.0,3,34,155,1604.6790189743042,Miss,,0,0,Sunday
mouse_1,2025-11-09,1500.0,3,34,156,1616.129511833191,Miss,,0,0,Sunday
mouse_1,2025-11-09,1500.0,3,34,157,1627.3282928466797,Hit,0.20443274472700068,0,15,Sunday
mouse_1,2025-11-09,1500.0,3,34,158,1636.0191814899445,Miss,,0,0,Sunday
mouse_1,2025-11-09,1500.0,3,34,159,1646.9665496349335,Miss,,0,3,Sunday
mouse_1,2025-11-09,1500.0,3,34,160,1658.419338464737,Hit,0.6026311270934457,0,11,Sunday
mouse_1,2025-11-09,1500.0,3,34,161,1666.367609500885,Miss,,0,0,Sunday
mouse_1,2025-11-09,1500.0,3,34,162,1676.8284375667572,Miss,,0,2,Sunday
mouse_1,2025-11-09,1500.0,3,34,163,1687.2882323265076,False Alarm,,1,2,Sunday
mouse_1,2025-11-09,1500.0,3,34,164,1698.728437423706,Hit,0.16469008970125287,0,14,Sunday
mouse_1,2025-11-09,1500.0,3,34,165,1707.6689231395721,Hit,0.1332118505267772,0,10,Sunday
mouse_1,2025-11-09,1500.0,3,34,166,1716.6187887191772,Miss,,0,0,Sunday
mouse_1,2025-11-09,1500.0,3,34,167,1728.067390680313,Hit,1.1180979150740313,0,9,Sunday
mouse_1,2025-11-09,1500.0,3,34,168,1737.7681336402893,Hit,0.8295755349297451,0,11,Sunday
mouse_1,2025-11-09,1500.0,3,34,169,1747.718034029007,Hit,0.37692462773770785,0,19,Sunday
mouse_1,2025-11-09,1500.0,3,34,170,1755.6686267852783,Miss,,0,0,Sunday
mouse_1,2025-11-09,1500.0,3,34,171,1765.8690702915192,Hit,0.26119240727211945,0,11,Sunday
mouse_1,2025-11-09,1500.0,3,34,172,1775.0777926445007,Hit,0.3278773142303635,0,10,Sunday
mouse_1,2025-11-09,1500.0,3,34,173,1783.027897119522,Miss,,0,1,Sunday
mouse_1,2025-11-09,1500.0,3,34,174,1794.4876573085785,Hit,0.3096689783931197,0,7,Sunday
mouse_1,2025-11-09,1500.0,3,34,175,1802.439884185791,Miss,,0,0,Sunday
mouse_1,2025-11-10,1500.0,3,35,1,0.3759801387786865,Hit,1.4500880275624084,0,54,Monday
mouse_1,2025-11-10,1500.0,3,35,2,10.577380895614624,False Alarm,,1,31,Monday
mouse_1,2025-11-10,1500.0,3,35,3,20.784059286117554,Hit,0.18941341804717737,0,45,Monday
mouse_1,2025-11-10,1500.0,3,35,4,28.239355325698853,False Alarm,,1,17,Monday
mouse_1,2025-11-10,1500.0,3,35,5,38.42616939544678,False Alarm,,1,8,Monday
mouse_1,2025-11-10,1500.0,3,35,6,53.3848135471344,Hit,0.3651056521128311,0,35,Monday
mouse_1,2025-11-10,1500.0,3,35,7,61.59814453125,False Alarm,,1,19,Monday
mouse_1,2025-11-10,1500.0,3,35,8,71.80487895011902,False Alarm,,1,10,Monday
mouse_1,2025-11-10,1500.0,3,35,9,86.51191806793213,False Alarm,,1,2,Monday
mouse_1,2025-11-10,1500.0,3,35,10,97.71393299102783,Hit,0.9716960298250825,0,38,Monday
mouse_1,2025-11-10,1500.0,3,35,11,106.90745210647583,False Alarm,,1,18,Monday
mouse_1,2025-11-10,1500.0,3,35,12,117.10372352600098,False Alarm,,1,5,Monday
mouse_1,2025-11-10,1500.0,3,35,13,130.56369590759277,False Alarm,,1,2,Monday
mouse_1,2025-11-10,1500.0,3,35,14,141.51413321495056,Hit,0.4323251755501758,0,58,Monday
mouse_1,2025-11-10,1500.0,3,35,15,149.96629810333252,False Alarm,,1,29,Monday
mouse_1,2025-11-10,1500.0,3,35,16,160.17456579208374,Hit,0.7600529598866785,0,60,Monday
mouse_1,2025-11-10,1500.0,3,35,17,168.86719918251038,False Alarm,,1,34,Monday
mouse_1,2025-11-10,1500.0,3,35,18,179.08318614959717,False Alarm,,1,4,Monday
mouse_1,2025-11-10,1500.0,3,35,19,192.2835865020752,Hit,0.7648982621079483,0,70,Monday
mouse_1,2025-11-10,1500.0,3,35,20,200.7363212108612,False Alarm,,1,41,Monday
mouse_1,2025-11-10,1500.0,3,35,21,210.936105966568,Hit,0.2111873102944628,0,77,Monday
mouse_1,2025-11-10,1500.0,3,35,22,220.12616229057312,False Alarm,,1,111,Monday
mouse_1,2025-11-10,1500.0,3,35,23,230.32537746429443,False Alarm,,1,18,Monday
mouse_1,2025-11-10,1500.0,3,35,24,240.5260705947876,Hit,1.0611501527435792,0,75,Monday
mouse_1,2025-11-10,1500.0,3,35,25,249.96519470214844,False Alarm,,1,69,Monday
mouse_1,2025-11-10,1500.0,3,35,26,260.15645956993103,False Alarm,,1,3,Monday
mouse_1,2025-11-10,1500.0,3,35,27,273.35609245300293,Miss,,0,3,Monday
mouse_1,2025-11-10,1500.0,3,35,28,284.30625319480896,False Alarm,,1,3,Monday
mouse_1,2025-11-10,1500.0,3,35,29,296.0037817955017,Hit,0.17370261095089745,0,74,Monday
mouse_1,2025-11-10,1500.0,3,35,30,304.95702028274536,False Alarm,,1,70,Monday
mouse_1,2025-11-10,1500.0,3,35,31,315.16333055496216,Hit,0.6124534147149916,0,44,Monday
mouse_1,2025-11-10,1500.0,3,35,32,324.3670303821564,False Alarm,,1,16,Monday
mouse_1,2025-11-10,1500.0,3,35,33,334.5733664035797,Hit,0.9155725218819271,0,61,Monday
mouse_1,2025-11-10,1500.0,3,35,34,343.77722430229187,False Alarm,,1,32,Monday
mouse_1,2025-11-10,1500.0,3,35,35,353.9663212299347,Hit,0.6981696856338431,0,71,Monday
mouse_1,2025-11-10,1500.0,3,35,36,363.42608976364136,False Alarm,,1,45,Monday
mouse_1,2025-11-10,1500.0,3,35,37,373.62333822250366,Hit,0.4028993339515523,0,55,Monday
mouse_1,2025-11-10,1500.0,3,35,38,381.5676267147064,False Alarm,,1,33,Monday
mouse_1,2025-11-10,1500.0,3,35,39,391.76608657836914,False Alarm,,1,7,Monday
mouse_1,2025-11-10,1500.0,3,35,40,406.212886095047,False Alarm,,1,7,Monday
mouse_1,2025-11-10,1500.0,3,35,41,417.4132478237152,False Alarm,,1,7,Monday
mouse_1,2025-11-10,1500.0,3,35,42,429.37270736694336,False Alarm,,1,4,Monday
mouse_1,2025-11-10,1500.0,3,35,43,441.0730609893799,Hit,0.28847036147766403,0,70,Monday
mouse_1,2025-11-10,1500.0,3,35,44,450.52443051338196,False Alarm,,1,44,Monday
mouse_1,2025-11-10,1500.0,3,35,45,460.72305154800415,False Alarm,,1,3,Monday
mouse_1,2025-11-10,1500.0,3,35,46,472.4374256134033,Miss,,0,3,Monday
mouse_1,2025-11-10,1500.0,3,35,47,482.64493203163147,False Alarm,,1,3,Monday
mouse_1,2025-11-10,1500.0,3,35,48,493.60250329971313,Hit,1.3617638399059047,0,39,Monday
mouse_1,2025-11-10,1500.0,3,35,49,503.04610085487366,False Alarm,,1,16,Monday
mouse_1,2025-11-10,1500.0,3,35,50,513.2523975372314,False Alarm,,1,4,Monday
mouse_1,2025-11-10,1500.0,3,35,51,524.4561610221863,Miss,,0,3,Monday
mouse_1,2025-11-10,1500.0,3,35,52,535.1553919315338,False Alarm,,1,3,Monday
mouse_1,2025-11-10,1500.0,3,35,53,545.8637194633484,Hit,0.2218521110501115,0,27,Monday
mouse_1,2025-11-10,1500.0,3,35,54,554.0659697055817,False Alarm,,1,10,Monday
mouse_1,2025-11-10,1500.0,3,35,55,565.5261447429657,Hit,0.40048369961368735,0,54,Monday
mouse_1,2025-11-10,1500.0,3,35,56,573.2353796958923,False Alarm,,1,30,Monday
mouse_1,2025-11-10,1500.0,3,35,57,583.4420890808105,False Alarm,,1,6,Monday
mouse_1,2025-11-10,1500.0,3,35,58,593.8961420059204,False Alarm,,1,6,Monday
mouse_1,2025-11-10,1500.0,3,35,59,607.6029198169708,False Alarm,,1,4,Monday
mouse_1,2025-11-10,1500.0,3,35,60,619.8116328716278,False Alarm,,1,6,Monday
mouse_1,2025-11-10,1500.0,3,35,61,634.5166273117065,False Alarm,,1,4,Monday
mouse_1,2025-11-10,1500.0,3,35,62,648.2304906845093,Miss,,0,0,Monday
mouse_1,2025-11-10,1500.0,3,35,63,658.9437806606293,Hit,0.3204722732468781,0,47,Monday
mouse_1,2025-11-10,1500.0,3,35,64,667.8926990032196,False Alarm,,1,19,Monday
mouse_1,2025-11-10,1500.0,3,35,65,678.0850014686584,Hit,0.8079990765655793,0,52,Monday
mouse_1,2025-11-10,1500.0,3,35,66,687.284432888031,False Alarm,,1,24,Monday
mouse_1,2025-11-10,1500.0,3,35,67,697.5005781650543,Hit,0.22323962649795703,0,33,Monday
mouse_1,2025-11-10,1500.0,3,35,68,706.6942796707153,False Alarm,,1,5,Monday
mouse_1,2025-11-10,1500.0,3,35,69,716.9059586524963,Hit,1.044966196105861,0,44,Monday
mouse_1,2025-11-10,1500.0,3,35,70,727.1138799190521,False Alarm,,1,16,Monday
mouse_1,2025-11-10,1500.0,3,35,71,737.3106167316437,Hit,0.5896983208346,0,69,Monday
mouse_1,2025-11-10,1500.0,3,35,72,746.5040369033813,False Alarm,,1,41,Monday
mouse_1,2025-11-10,1500.0,3,35,73,756.7004549503326,Hit,1.9905783849625323,0,47,Monday
mouse_1,2025-11-10,1500.0,3,35,74,766.6520411968231,False Alarm,,1,21,Monday
mouse_1,2025-11-10,1500.0,3,35,75,776.849616765976,False Alarm,,1,2,Monday
mouse_1,2025-11-10,1500.0,3,35,76,791.8002257347107,Hit,0.4551624236570433,0,78,Monday
mouse_1,2025-11-10,1500.0,3,35,77,800.2537026405334,False Alarm,,1,49,Monday
mouse_1,2025-11-10,1500.0,3,35,78,810.4600446224213,Hit,0.40371567067279557,0,63,Monday
mouse_1,2025-11-10,1500.0,3,35,79,819.4240946769714,False Alarm,,1,39,Monday
mouse_1,2025-11-10,1500.0,3,35,80,829.630213022232,False Alarm,,1,5,Monday
mouse_1,2025-11-10,1500.0,3,35,81,843.5802836418152,Hit,2.4708817640048437,0,39,Monday
mouse_1,2025-11-10,1500.0,3,35,82,853.5235238075256,False Alarm,,1,10,Monday
mouse_1,2025-11-10,1500.0,3,35,83,863.7160620689392,Hit (Calc),2.6519620197097993,0,6,Monday
mouse_1,2025-11-10,1500.0,3,35,84,873.9129469394684,Miss,,0,4,Monday
mouse_1,2025-11-10,1500.0,3,35,85,884.6128010749817,False Alarm,,1,4,Monday
mouse_1,2025-11-10,1500.0,3,35,86,896.8301196098328,Miss,,0,4,Monday
mouse_1,2025-11-10,1500.0,3,35,87,908.2926490306854,False Alarm,,1,6,Monday
mouse_1,2025-11-10,1500.0,3,35,88,921.2400298118591,Hit,0.3597072575914808,0,76,Monday
mouse_1,2025-11-10,1500.0,3,35,89,929.1930916309357,False Alarm,,1,54,Monday
mouse_1,2025-11-10,1500.0,3,35,90,939.3860538005829,Hit,0.304405716559927,0,65,Monday
mouse_1,2025-11-10,1500.0,3,35,91,948.5926382541656,False Alarm,,1,39,Monday
mouse_1,2025-11-10,1500.0,3,35,92,958.7956712245941,False Alarm,,1,4,Monday
mouse_1,2025-11-10,1500.0,3,35,93,972.5060441493988,Miss,,0,0,Monday
mouse_1,2025-11-10,1500.0,3,35,94,983.7017118930817,Miss,,0,0,Monday
mouse_1,2025-11-10,1500.0,3,35,95,993.642324924469,Hit,0.9102659757938909,0,29,Monday
mouse_1,2025-11-10,1500.0,3,35,96,1002.0825462341309,False Alarm,,1,1,Monday
mouse_1,2025-11-10,1500.0,3,35,97,1012.2860808372498,Miss,,0,0,Monday
mouse_1,2025-11-10,1500.0,3,35,98,1021.9817526340485,Hit,1.7580629883259462,0,36,Monday
mouse_1,2025-11-10,1500.0,3,35,99,1032.6720206737518,False Alarm,,1,6,Monday
mouse_1,2025-11-10,1500.0,3,35,100,1042.8784217834473,Hit,2.21611924229137,0,71,Monday
mouse_1,2025-11-10,1500.0,3,35,101,1052.8319659233093,False Alarm,,1,41,Monday
mouse_1,2025-11-10,1500.0,3,35,102,1063.0326519012451,Hit,0.446413982024751,0,77,Monday
mouse_1,2025-11-10,1500.0,3,35,103,1072.2388906478882,False Alarm,,1,75,Monday
mouse_1,2025-11-10,1500.0,3,35,104,1082.4363417625427,False Alarm,,1,3,Monday
mouse_1,2025-11-10,1500.0,3,35,105,1096.1289789676666,Hit,0.06888648374001605,0,49,Monday
mouse_1,2025-11-10,1500.0,3,35,106,1105.0923969745636,False Alarm,,1,20,Monday
mouse_1,2025-11-10,1500.0,3,35,107,1115.297592639923,Hit,1.3721737528364883,0,52,Monday
mouse_1,2025-11-10,1500.0,3,35,108,1125.4911160469055,False Alarm,,1,27,Monday
mouse_1,2025-11-10,1500.0,3,35,109,1135.6961812973022,Hit,0.21750602564634391,0,29,Monday
mouse_1,2025-11-10,1500.0,3,35,110,1143.391060590744,False Alarm,,1,2,Monday
mouse_1,2025-11-10,1500.0,3,35,111,1156.5863008499146,Hit,0.6299036534521747,0,42,Monday
mouse_1,2025-11-10,1500.0,3,35,112,1165.0312612056732,False Alarm,,1,12,Monday
mouse_1,2025-11-10,1500.0,3,35,113,1175.2372825145721,Miss,,0,0,Monday
mouse_1,2025-11-10,1500.0,3,35,114,1186.6806728839874,Miss,,0,2,Monday
mouse_1,2025-11-10,1500.0,3,35,115,1196.621078491211,False Alarm,,1,2,Monday
mouse_1,2025-11-10,1500.0,3,35,116,1207.0661978721619,Miss,,0,0,Monday
mouse_1,2025-11-10,1500.0,3,35,117,1217.770352602005,Miss,,0,3,Monday
mouse_1,2025-11-10,1500.0,3,35,118,1227.968534231186,False Alarm,,1,3,Monday
mouse_1,2025-11-10,1500.0,3,35,119,1240.919228553772,Miss,,0,0,Monday
mouse_1,2025-11-10,1500.0,3,35,120,1252.1101837158203,Miss,,0,0,Monday
mouse_1,2025-11-10,1500.0,3,35,121,1263.050503730774,Hit,0.04916715197123267,0,14,Monday
mouse_1,2025-11-10,1500.0,3,35,122,1271.511506319046,Hit,0.5092681822620762,0,15,Monday
mouse_1,2025-11-10,1500.0,3,35,123,1280.7112188339233,Miss,,0,0,Monday
mouse_1,2025-11-10,1500.0,3,35,124,1290.671006679535,Hit,0.7745755944265511,0,28,Monday
mouse_1,2025-11-10,1500.0,3,35,125,1299.3803358078003,False Alarm,,1,6,Monday
mouse_1,2025-11-10,1500.0,3,35,126,1312.5760819911957,False Alarm,,1,1,Monday
mouse_1,2025-11-10,1500.0,3,35,127,1325.527331352234,Hit,1.8187247635059975,0,23,Monday
mouse_1,2025-11-10,1500.0,3,35,128,1335.4919922351837,Hit,1.7020135471645972,0,25,Monday
mouse_1,2025-11-10,1500.0,3,35,129,1344.441300868988,Miss,,0,2,Monday
mouse_1,2025-11-10,1500.0,3,35,130,1355.8917305469513,Miss,,0,0,Monday
mouse_1,2025-11-10,1500.0,3,35,131,1366.0908954143524,Miss,,0,4,Monday
mouse_1,2025-11-10,1500.0,3,35,132,1376.2918617725372,Hit,0.36166290540541013,0,12,Monday
mouse_1,2025-11-10,1500.0,3,35,133,1383.9912276268005,Hit,0.707586470346314,0,18,Monday
mouse_1,2025-11-10,1500.0,3,35,134,1392.6914193630219,Miss,,0,0,Monday
mouse_1,2025-11-10,1500.0,3,35,135,1404.3908064365387,Hit,1.259068511669284,0,19,Monday
mouse_1,2025-11-10,1500.0,3,35,136,1413.840857744217,Miss,,0,0,Monday
mouse_1,2025-11-10,1500.0,3,35,137,1424.0305361747742,Hit,1.2638387620374942,0,22,Monday
mouse_1,2025-11-10,1500.0,3,35,138,1433.4719631671906,Hit,0.28565887904915144,0,14,Monday
mouse_1,2025-11-10,1500.0,3,35,139,1442.4222083091736,Hit,0.00016174140978364449,0,40,Monday
mouse_1,2025-11-10,1500.0,3,35,140,1451.121553182602,False Alarm,,1,28,Monday
mouse_1,2025-11-10,1500.0,3,35,141,1461.3279206752777,Hit,0.48492288808370176,0,24,Monday
mouse_1,2025-11-10,1500.0,3,35,142,1469.0290660858154,Hit,1.1354614253486943,0,20,Monday
mouse_1,2025-11-10,1500.0,3,35,143,1479.221402645111,Hit,0.6849924007074151,0,22,Monday
mouse_1,2025-11-10,1500.0,3,35,144,1488.1717336177826,Hit,1.1721128162357672,0,15,Monday
mouse_1,2025-11-10,1500.0,3,35,145,1497.1210825443268,Hit,0.4360072684989973,0,24,Monday
mouse_1,2025-11-10,1500.0,3,35,146,1506.3116986751556,False Alarm,,1,5,Monday
mouse_1,2025-11-10,1500.0,3,35,147,1520.0176527500153,Hit,0.281220188327552,0,16,Monday
mouse_1,2025-11-10,1500.0,3,35,148,1528.7112550735474,False Alarm,,1,7,Monday
mouse_1,2025-11-10,1500.0,3,35,149,1541.6676902770996,Miss,,0,0,Monday
mouse_1,2025-11-10,1500.0,3,35,150,1551.6288862228394,Miss,,0,0,Monday
mouse_1,2025-11-10,1500.0,3,35,151,1562.8398785591125,Hit,0.9821281311872099,0,23,Monday
mouse_1,2025-11-10,1500.0,3,35,152,1571.2814245224,False Alarm,,1,3,Monday
mouse_1,2025-11-10,1500.0,3,35,153,1582.4866952896118,Miss,,0,0,Monday
mouse_1,2025-11-10,1500.0,3,35,154,1593.696616411209,Hit,1.4477166489093634,0,19,Monday
mouse_1,2025-11-10,1500.0,3,35,155,1603.140366077423,Hit,1.3961418011094793,0,17,Monday
mouse_1,2025-11-10,1500.0,3,35,156,1613.0915596485138,Miss,,0,0,Monday
mouse_1,2025-11-10,1500.0,3,35,157,1624.0495011806488,Miss,,0,0,Monday
mouse_1,2025-11-10,1500.0,3,35,158,1635.2402353286743,Miss,,0,3,Monday
mouse_1,2025-11-10,1500.0,3,35,159,1646.440176486969,False Alarm,,1,6,Monday
mouse_1,2025-11-10,1500.0,3,35,160,1658.396296262741,False Alarm,,1,4,Monday
mouse_1,2025-11-10,1500.0,3,35,161,1673.0963802337646,Hit,0.8053853314208936,0,24,Monday
mouse_1,2025-11-10,1500.0,3,35,162,1681.5501124858856,Miss,,0,0,Monday
mouse_1,2025-11-10,1500.0,3,35,163,1692.9996144771576,Miss,,0,0,Monday
mouse_1,2025-11-10,1500.0,3,35,164,1702.9497578144073,Miss,,0,0,Monday
mouse_1,2025-11-10,1500.0,3,35,165,1712.889093875885,Hit,0.7632603445554196,0,11,Monday
mouse_1,2025-11-10,1500.0,3,35,166,1721.0885150432587,Miss,,0,10,Monday
mouse_1,2025-11-10,1500.0,3,35,167,1731.039603471756,Hit,0.31465296049668723,0,9,Monday
mouse_1,2025-11-10,1500.0,3,35,168,1738.749634027481,Hit,1.3601342091490096,0,11,Monday
mouse_1,2025-11-10,1500.0,3,35,169,1747.4651746749878,Hit,0.6320396398043613,0,70,Monday
mouse_1,2025-11-10,1500.0,3,35,170,1756.9199333190918,False Alarm,,1,40,Monday
mouse_1,2025-11-10,1500.0,3,35,171,1767.1258816719055,Miss,,0,0,Monday
mouse_1,2025-11-10,1500.0,3,35,172,1776.8160247802734,Miss,,0,0,Monday
mouse_1,2025-11-10,1500.0,3,35,173,1786.518520116806,Miss,,0,1,Monday
mouse_1,2025-11-10,1500.0,3,35,174,1797.9689345359802,Miss,,0,0,Monday
mouse_1,2025-11-11,1200.0,4,1,1,0.37358617782592773,Miss,,0,0,Tuesday
mouse_1,2025-11-11,1200.0,4,1,2,10.062947511672974,Hit,1.836739882580197,0,36,Tuesday
mouse_1,2025-11-11,1200.0,4,1,3,21.25308609008789,Miss,,0,0,Tuesday
mouse_1,2025-11-11,1200.0,4,1,4,30.463576078414917,Miss,,0,0,Tuesday
mouse_1,2025-11-11,1200.0,4,1,5,41.16365671157837,Hit (Calc),2.8416657770826603,0,4,Tuesday
mouse_1,2025-11-11,1200.0,4,1,6,51.61413812637329,Hit,1.6145788367932212,0,36,Tuesday
mouse_1,2025-11-11,1200.0,4,1,7,62.815990924835205,False Alarm,,1,5,Tuesday
mouse_1,2025-11-11,1200.0,4,1,8,79.52019810676575,Miss,,0,3,Tuesday
mouse_1,2025-11-11,1200.0,4,1,9,90.73198390007019,False Alarm,,1,4,Tuesday
mouse_1,2025-11-11,1200.0,4,1,10,102.6718544960022,Hit,1.682175746087296,0,31,Tuesday
mouse_1,2025-11-11,1200.0,4,1,11,114.11586260795593,Hit,0.4407262719153664,0,32,Tuesday
mouse_1,2025-11-11,1200.0,4,1,12,125.31240916252136,Hit,0.910644317052828,0,31,Tuesday
mouse_1,2025-11-11,1200.0,4,1,13,137.27065467834473,Hit,0.26716673535611335,0,47,Tuesday
mouse_1,2025-11-11,1200.0,4,1,14,147.4649941921234,False Alarm,,1,1,Tuesday
mouse_1,2025-11-11,1200.0,4,1,15,157.6794888973236,Hit,0.2748988387479585,0,39,Tuesday
mouse_1,2025-11-11,1200.0,4,1,16,168.6349458694458,Miss,,0,0,Tuesday
mouse_1,2025-11-11,1200.0,4,1,17,179.33240818977356,Miss,,0,4,Tuesday
mouse_1,2025-11-11,1200.0,4,1,18,190.2730839252472,False Alarm,,1,4,Tuesday
mouse_1,2025-11-11,1200.0,4,1,19,204.7299826145172,Hit,0.8340078464506178,0,29,Tuesday
mouse_1,2025-11-11,1200.0,4,1,20,216.18582320213318,Hit,0.8654220732403246,0,23,Tuesday
mouse_1,2025-11-11,1200.0,4,1,21,227.88454127311707,Hit,1.4860631328483578,0,75,Tuesday
mouse_1,2025-11-11,1200.0,4,1,22,239.33498406410217,False Alarm,,1,29,Tuesday
mouse_1,2025-11-11,1200.0,4,1,23,249.53915405273438,Hit,0.37417923079621573,0,72,Tuesday
mouse_1,2025-11-11,1200.0,4,1,24,259.73497128486633,False Alarm,,1,25,Tuesday
mouse_1,2025-11-11,1200.0,4,1,25,269.9386878013611,Hit,0.7357198196768309,0,92,Tuesday
mouse_1,2025-11-11,1200.0,4,1,26,280.13555550575256,False Alarm,,1,47,Tuesday
mouse_1,2025-11-11,1200.0,4,1,27,290.3405792713165,Miss,,0,3,Tuesday
mouse_1,2025-11-11,1200.0,4,1,28,301.28303122520447,False Alarm,,1,3,Tuesday
mouse_1,2025-11-11,1200.0,4,1,29,313.48674726486206,Hit,0.5580679581923391,0,34,Tuesday
mouse_1,2025-11-11,1200.0,4,1,30,324.6842019557953,Hit,0.9883911621462858,0,27,Tuesday
mouse_1,2025-11-11,1200.0,4,1,31,335.6420245170593,False Alarm,,1,2,Tuesday
mouse_1,2025-11-11,1200.0,4,1,32,349.33870577812195,Hit,0.8407807006981329,0,93,Tuesday
mouse_1,2025-11-11,1200.0,4,1,33,360.05429673194885,False Alarm,,1,48,Tuesday
mouse_1,2025-11-11,1200.0,4,1,34,370.26228618621826,Hit (Calc),3.7151281665074976,0,3,Tuesday
mouse_1,2025-11-11,1200.0,4,1,35,380.2113769054413,Hit,0.28662974950100306,0,26,Tuesday
mouse_1,2025-11-11,1200.0,4,1,36,391.4048750400543,False Alarm,,1,8,Tuesday
mouse_1,2025-11-11,1200.0,4,1,37,404.6085569858551,False Alarm,,1,4,Tuesday
mouse_1,2025-11-11,1200.0,4,1,38,418.81230115890503,Hit (Calc),3.1938460169575364,0,9,Tuesday
mouse_1,2025-11-11,1200.0,4,1,39,428.27138233184814,False Alarm,,1,4,Tuesday
mouse_1,2025-11-11,1200.0,4,1,40,441.7233180999756,Miss,,0,2,Tuesday
mouse_1,2025-11-11,1200.0,4,1,41,451.68133902549744,False Alarm,,1,4,Tuesday
mouse_1,2025-11-11,1200.0,4,1,42,461.88802790641785,Hit,0.42617380362310087,0,94,Tuesday
mouse_1,2025-11-11,1200.0,4,1,43,471.8342056274414,False Alarm,,1,55,Tuesday
mouse_1,2025-11-11,1200.0,4,1,44,482.0481073856354,Hit,1.3618273800577754,0,73,Tuesday
mouse_1,2025-11-11,1200.0,4,1,45,493.0142755508423,False Alarm,,1,28,Tuesday
mouse_1,2025-11-11,1200.0,4,1,46,503.21200609207153,Hit,0.5230381109431619,0,27,Tuesday
mouse_1,2025-11-11,1200.0,4,1,47,513.4223198890686,Hit,0.026149032322450694,0,44,Tuesday
mouse_1,2025-11-11,1200.0,4,1,48,523.8736100196838,Hit,0.1590545957961922,0,80,Tuesday
mouse_1,2025-11-11,1200.0,4,1,49,534.0735814571381,False Alarm,,1,34,Tuesday
mouse_1,2025-11-11,1200.0,4,1,50,544.272444486618,Hit,0.17612069914389394,0,29,Tuesday
mouse_1,2025-11-11,1200.0,4,1,51,554.9748201370239,Miss,,0,0,Tuesday
mouse_1,2025-11-11,1200.0,4,1,52,565.4208228588104,Hit,0.9426076277894708,0,24,Tuesday
mouse_1,2025-11-11,1200.0,4,1,53,576.6237285137177,Hit,0.6836909311612089,0,35,Tuesday
mouse_1,2025-11-11,1200.0,4,1,54,587.583015203476,False Alarm,,1,4,Tuesday
mouse_1,2025-11-11,1200.0,4,1,55,599.2879586219788,Hit,0.2567110507932284,0,49,Tuesday
mouse_1,2025-11-11,1200.0,4,1,56,609.4919800758362,False Alarm,,1,7,Tuesday
mouse_1,2025-11-11,1200.0,4,1,57,619.6929671764374,Hit,0.8620839068511259,0,62,Tuesday
mouse_1,2025-11-11,1200.0,4,1,58,631.4019365310669,False Alarm,,1,17,Tuesday
mouse_1,2025-11-11,1200.0,4,1,59,641.6068208217621,False Alarm,,1,7,Tuesday
mouse_1,2025-11-11,1200.0,4,1,60,653.5577893257141,False Alarm,,1,7,Tuesday
mouse_1,2025-11-11,1200.0,4,1,61,664.766934633255,False Alarm,,1,7,Tuesday
mouse_1,2025-11-11,1200.0,4,1,62,676.9740509986877,False Alarm,,1,4,Tuesday
mouse_1,2025-11-11,1200.0,4,1,63,690.6863641738892,Hit,0.0961861944562088,0,23,Tuesday
mouse_1,2025-11-11,1200.0,4,1,64,701.6328909397125,False Alarm,,1,7,Tuesday
mouse_1,2025-11-11,1200.0,4,1,65,714.0874562263489,False Alarm,,1,4,Tuesday
mouse_1,2025-11-11,1200.0,4,1,66,726.0367822647095,False Alarm,,1,2,Tuesday
mouse_1,2025-11-11,1200.0,4,1,67,739.2322850227356,Hit (Calc),3.378939490742482,0,4,Tuesday
mouse_1,2025-11-11,1200.0,4,1,68,749.9289259910583,False Alarm,,1,1,Tuesday
mouse_1,2025-11-11,1200.0,4,1,69,763.8862979412079,Hit,0.854555091980501,0,67,Tuesday
mouse_1,2025-11-11,1200.0,4,1,70,774.8477253913879,False Alarm,,1,26,Tuesday
mouse_1,2025-11-11,1200.0,4,1,71,785.0464763641357,False Alarm,,1,4,Tuesday
mouse_1,2025-11-11,1200.0,4,1,72,798.4967498779297,False Alarm,,1,1,Tuesday
mouse_1,2025-11-11,1200.0,4,1,73,809.4557938575745,False Alarm,,1,6,Tuesday
mouse_1,2025-11-11,1200.0,4,1,74,825.4212005138397,False Alarm,,1,3,Tuesday
mouse_1,2025-11-11,1200.0,4,1,75,841.8834538459778,Hit,0.5146759446874967,0,41,Tuesday
mouse_1,2025-11-11,1200.0,4,1,76,852.3406665325165,Hit,0.5949443716760925,0,20,Tuesday
mouse_1,2025-11-11,1200.0,4,1,77,863.7914159297943,Hit,1.0190392260059298,0,23,Tuesday
mouse_1,2025-11-11,1200.0,4,1,78,875.4911727905273,Hit,0.9111996865150331,0,26,Tuesday
mouse_1,2025-11-11,1200.0,4,1,79,886.4519200325012,Hit,0.6974946157993145,0,26,Tuesday
mouse_1,2025-11-11,1200.0,4,1,80,896.9056169986725,Hit,0.013478354802259673,0,24,Tuesday
mouse_1,2025-11-11,1200.0,4,1,81,906.6113383769989,Hit,0.8262313461855229,0,95,Tuesday
mouse_1,2025-11-11,1200.0,4,1,82,916.5604827404022,False Alarm,,1,93,Tuesday
mouse_1,2025-11-11,1200.0,4,1,83,926.7719354629517,Hit,0.49937854949962457,0,25,Tuesday
mouse_1,2025-11-11,1200.0,4,1,84,936.480908870697,Hit,0.05640373255596387,0,94,Tuesday
mouse_1,2025-11-11,1200.0,4,1,85,947.6902258396149,False Alarm,,1,81,Tuesday
mouse_1,2025-11-11,1200.0,4,1,86,957.9043447971344,Hit,0.5024193514582294,0,24,Tuesday
mouse_1,2025-11-11,1200.0,4,1,87,968.1208207607269,False Alarm,,1,10,Tuesday
mouse_1,2025-11-11,1200.0,4,1,88,978.3221888542175,Hit,0.09410600978731054,0,83,Tuesday
mouse_1,2025-11-11,1200.0,4,1,89,989.022209405899,False Alarm,,1,41,Tuesday
mouse_1,2025-11-11,1200.0,4,1,90,999.2192010879517,Hit,0.1744678508736115,0,14,Tuesday
mouse_1,2025-11-11,1200.0,4,1,91,1008.9297523498535,Hit,1.2614115840968907,0,16,Tuesday
mouse_1,2025-11-11,1200.0,4,1,92,1020.6306269168854,Miss,,0,0,Tuesday
mouse_1,2025-11-11,1200.0,4,1,93,1031.5767483711243,Hit,1.5603047106085342,0,22,Tuesday
mouse_1,2025-11-11,1200.0,4,1,94,1042.2696635723114,Hit,1.7103226343665483,0,16,Tuesday
mouse_1,2025-11-11,1200.0,4,1,95,1053.4702410697937,Hit,0.6342278038255245,0,19,Tuesday
mouse_1,2025-11-11,1200.0,4,1,96,1064.681566953659,Miss,,0,3,Tuesday
mouse_1,2025-11-11,1200.0,4,1,97,1074.135552406311,False Alarm,,1,3,Tuesday
mouse_1,2025-11-11,1200.0,4,1,98,1084.836407661438,Miss,,0,0,Tuesday
mouse_1,2025-11-11,1200.0,4,1,99,1094.0354070663452,Hit,0.5122340111097401,0,11,Tuesday
mouse_1,2025-11-11,1200.0,4,1,100,1105.2486629486084,Hit,0.5599403934966176,0,15,Tuesday
mouse_1,2025-11-11,1200.0,4,1,101,1115.202337026596,Hit,0.5620334046141124,0,18,Tuesday
mouse_1,2025-11-11,1200.0,4,1,102,1126.8993785381317,False Alarm,,1,3,Tuesday
mouse_1,2025-11-11,1200.0,4,1,103,1141.1138083934784,Hit,1.3077002612151318,0,13,Tuesday
mouse_1,2025-11-11,1200.0,4,1,104,1151.568946838379,False Alarm,,1,1,Tuesday
mouse_1,2025-11-11,1200.0,4,1,105,1163.2733640670776,Hit,0.9608728745292865,0,19,Tuesday
mouse_1,2025-11-11,1200.0,4,1,106,1174.2287216186523,False Alarm,,1,4,Tuesday
mouse_1,2025-11-11,1200.0,4,1,107,1188.432876110077,Hit,1.2915193527298925,0,15,Tuesday
mouse_1,2025-11-11,1200.0,4,1,108,1200.129304409027,Miss,,0,0,Tuesday
mouse_1,2025-11-11,1200.0,4,1,109,1210.0773465633392,Hit,1.4532672006275789,0,8,Tuesday
mouse_1,2025-11-11,1200.0,4,1,110,1221.2735013961792,Miss,,0,0,Tuesday
mouse_1,2025-11-11,1200.0,4,1,111,1231.9855337142944,Miss,,0,0,Tuesday
mouse_1,2025-11-11,1200.0,4,1,112,1241.1857748031616,Hit,1.5166045242292512,0,16,Tuesday
mouse_1,2025-11-11,1200.0,4,1,113,1253.6392505168915,Hit,0.9469279535346686,0,9,Tuesday
mouse_1,2025-11-11,1200.0,4,1,114,1264.3383209705353,Hit,0.4254274359752799,0,11,Tuesday
mouse_1,2025-11-11,1200.0,4,1,115,1275.5481233596802,Hit (Calc),2.179047159889933,0,5,Tuesday
mouse_1,2025-11-11,1200.0,4,1,116,1285.4948406219482,Hit,1.544766786436412,0,18,Tuesday
mouse_1,2025-11-11,1200.0,4,1,117,1296.6876566410065,False Alarm,,1,5,Tuesday
mouse_1,2025-11-11,1200.0,4,1,118,1308.1423816680908,Hit,0.9670761453724026,0,16,Tuesday
mouse_1,2025-11-11,1200.0,4,1,119,1318.8380558490753,Hit,1.151906526503808,0,16,Tuesday
mouse_1,2025-11-11,1200.0,4,1,120,1329.5380144119263,Hit,0.4397091489674949,0,13,Tuesday
mouse_1,2025-11-11,1200.0,4,1,121,1340.4976019859314,Miss,,0,0,Tuesday
mouse_1,2025-11-11,1200.0,4,1,122,1350.6950616836548,Hit (Calc),2.105440735239199,0,5,Tuesday
mouse_1,2025-11-11,1200.0,4,1,123,1360.4043831825256,Miss,,0,0,Tuesday
mouse_1,2025-11-11,1200.0,4,1,124,1370.104543685913,Hit,1.258119321172444,0,15,Tuesday
mouse_1,2025-11-11,1200.0,4,1,125,1382.0568902492523,Hit,0.5938180262464812,0,13,Tuesday
mouse_1,2025-11-11,1200.0,4,1,126,1391.7583408355713,Miss,,0,1,Tuesday
mouse_1,2025-11-11,1200.0,4,1,127,1401.9626548290253,Hit,0.2211500026999147,0,13,Tuesday
mouse_1,2025-11-11,1200.0,4,1,128,1411.9164350032806,Hit,0.3487505384882752,0,18,Tuesday
mouse_1,2025-11-11,1200.0,4,1,129,1421.6265907287598,Hit,1.3572340524019637,0,14,Tuesday
mouse_1,2025-11-11,1200.0,4,1,130,1432.086712360382,Miss,,0,0,Tuesday
mouse_1,2025-11-11,1200.0,4,1,131,1442.5324568748474,Hit,1.4360082750201855,0,12,Tuesday
mouse_1,2025-11-11,1200.0,4,1,132,1453.4867107868195,Hit (Calc),3.4453654865360477,0,5,Tuesday
mouse_1,2025-11-11,1200.0,4,1,133,1462.6819767951965,Miss,,0,0,Tuesday
mouse_1,2025-11-11,1200.0,4,1,134,1471.8840265274048,Miss,,0,0,Tuesday
mouse_1,2025-11-11,1200.0,4,1,135,1481.3408336639404,Hit,1.0789591318293787,0,13,Tuesday
mouse_1,2025-11-11,1200.0,4,1,136,1492.7864384651184,Hit,0.6105826734253696,0,13,Tuesday
mouse_1,2025-11-11,1200.0,4,1,137,1502.487995147705,Hit,1.1850881395082524,0,8,Tuesday
mouse_1,2025-11-11,1200.0,4,1,138,1514.4459118843079,Miss,,0,0,Tuesday
mouse_1,2025-11-11,1200.0,4,1,139,1525.1431868076324,Hit,0.3059952870762572,0,11,Tuesday
mouse_1,2025-11-11,1200.0,4,1,140,1535.3468992710114,Hit,1.0485708770818292,0,11,Tuesday
mouse_1,2025-11-11,1200.0,4,1,141,1546.5422246456146,Hit,0.037406199991664835,0,12,Tuesday
mouse_1,2025-11-11,1200.0,4,1,142,1557.4922814369202,Hit (Calc),3.314198352958556,0,4,Tuesday
mouse_1,2025-11-11,1200.0,4,1,143,1566.94442486763,Miss,,0,0,Tuesday
mouse_1,2025-11-11,1200.0,4,1,144,1577.645367860794,Hit,0.3015332365721406,0,8,Tuesday
mouse_1,2025-11-11,1200.0,4,1,145,1588.1066579818726,Hit,0.2372574892672219,0,12,Tuesday
mouse_1,2025-11-11,1200.0,4,1,146,1598.8169083595276,Hit,0.2875852239621963,0,10,Tuesday
mouse_1,2025-11-11,1200.0,4,1,147,1610.0172128677368,Miss,,0,0,Tuesday
mouse_1,2025-11-11,1200.0,4,1,148,1620.7149572372437,Miss,,0,0,Tuesday
mouse_1,2025-11-11,1200.0,4,1,149,1631.1651031970978,Miss,,0,0,Tuesday
mouse_1,2025-11-11,1200.0,4,1,150,1642.3749346733093,Hit,0.1994202570183461,0,13,Tuesday
mouse_1,2025-11-11,1200.0,4,1,151,1653.5726430416107,Miss,,0,5,Tuesday
mouse_1,2025-11-11,1200.0,4,1,152,1663.2819135189056,Hit,0.19786032921342667,0,14,Tuesday
mouse_1,2025-11-11,1200.0,4,1,153,1672.9871406555176,Hit,0.4424142480002047,0,16,Tuesday
mouse_1,2025-11-11,1200.0,4,1,154,1684.4583179950714,Hit,0.4561658537313633,0,15,Tuesday
mouse_1,2025-11-11,1200.0,4,1,155,1694.4070217609406,Miss,,0,0,Tuesday
mouse_1,2025-11-11,1200.0,4,1,156,1704.3642692565918,Miss,,0,0,Tuesday
mouse_1,2025-11-11,1200.0,4,1,157,1715.0644612312317,Miss,,0,0,Tuesday
mouse_1,2025-11-11,1200.0,4,1,158,1725.2752225399017,Hit,1.3625001006159891,0,11,Tuesday
mouse_1,2025-11-11,1200.0,4,1,159,1736.2273797988892,Hit,0.4951457374743313,0,10,Tuesday
mouse_1,2025-11-11,1200.0,4,1,160,1746.4222202301025,Miss,,0,0,Tuesday
mouse_1,2025-11-11,1200.0,4,1,161,1757.1349604129791,Hit,0.10315470933960569,0,9,Tuesday
mouse_1,2025-11-11,1200.0,4,1,162,1767.587506055832,Miss,,0,0,Tuesday
mouse_1,2025-11-11,1200.0,4,1,163,1778.2824938297272,Hit,0.16453954027815598,0,9,Tuesday
mouse_1,2025-11-11,1200.0,4,1,164,1788.4865238666534,Miss,,0,0,Tuesday
mouse_1,2025-11-11,1200.0,4,1,165,1797.9338426589966,Miss,,0,0,Tuesday
mouse_1,2025-11-12,1200.0,4,2,1,0.3452937602996826,Hit,0.11869996381413284,0,84,Wednesday
mouse_1,2025-11-12,1200.0,4,2,2,10.035167455673218,False Alarm,,1,72,Wednesday
mouse_1,2025-11-12,1200.0,4,2,3,20.228492736816406,Hit (Calc),2.348829433023063,0,8,Wednesday
mouse_1,2025-11-12,1200.0,4,2,4,30.678308486938477,Hit,0.38856020733964414,0,59,Wednesday
mouse_1,2025-11-12,1200.0,4,2,5,40.388848304748535,False Alarm,,1,12,Wednesday
mouse_1,2025-11-12,1200.0,4,2,6,50.59532046318054,Hit,0.8008785851099702,0,63,Wednesday
mouse_1,2025-11-12,1200.0,4,2,7,61.29535746574402,False Alarm,,1,21,Wednesday
mouse_1,2025-11-12,1200.0,4,2,8,71.48369836807251,False Alarm,,1,12,Wednesday
mouse_1,2025-11-12,1200.0,4,2,9,86.19326496124268,False Alarm,,1,6,Wednesday
mouse_1,2025-11-12,1200.0,4,2,10,97.65341663360596,False Alarm,,1,5,Wednesday
mouse_1,2025-11-12,1200.0,4,2,11,107.85534811019897,False Alarm,,1,4,Wednesday
mouse_1,2025-11-12,1200.0,4,2,12,121.06350517272949,Hit (Calc),4.2826758583792355,0,8,Wednesday
mouse_1,2025-11-12,1200.0,4,2,13,130.51765275001526,False Alarm,,1,4,Wednesday
mouse_1,2025-11-12,1200.0,4,2,14,144.22418522834778,Hit,0.9662300545468554,0,51,Wednesday
mouse_1,2025-11-12,1200.0,4,2,15,155.6694951057434,False Alarm,,1,16,Wednesday
mouse_1,2025-11-12,1200.0,4,2,16,165.88414645195007,False Alarm,,1,7,Wednesday
mouse_1,2025-11-12,1200.0,4,2,17,178.09355926513672,False Alarm,,1,3,Wednesday
mouse_1,2025-11-12,1200.0,4,2,18,191.55352115631104,Hit,0.7909307035382085,0,55,Wednesday
mouse_1,2025-11-12,1200.0,4,2,19,202.49773144721985,False Alarm,,1,10,Wednesday
mouse_1,2025-11-12,1200.0,4,2,20,212.71364212036133,Hit (Calc),3.4178168094182695,0,3,Wednesday
mouse_1,2025-11-12,1200.0,4,2,21,222.67663049697876,Hit,0.8015661134604954,0,62,Wednesday
mouse_1,2025-11-12,1200.0,4,2,22,234.37892627716064,False Alarm,,1,21,Wednesday
mouse_1,2025-11-12,1200.0,4,2,23,244.58306288719177,False Alarm,,1,3,Wednesday
mouse_1,2025-11-12,1200.0,4,2,24,258.044721364975,Hit,1.829708003207429,0,50,Wednesday
mouse_1,2025-11-12,1200.0,4,2,25,269.7595856189728,False Alarm,,1,3,Wednesday
mouse_1,2025-11-12,1200.0,4,2,26,279.95556807518005,Hit,0.9390152802148464,0,47,Wednesday
mouse_1,2025-11-12,1200.0,4,2,27,291.1576497554779,False Alarm,,1,4,Wednesday
mouse_1,2025-11-12,1200.0,4,2,28,301.36532950401306,False Alarm,,1,4,Wednesday
mouse_1,2025-11-12,1200.0,4,2,29,313.06569647789,False Alarm,,1,2,Wednesday
mouse_1,2025-11-12,1200.0,4,2,30,326.53561067581177,Hit,0.8951475656508592,0,32,Wednesday
mouse_1,2025-11-12,1200.0,4,2,31,337.48882150650024,Hit,0.07374045723594236,0,92,Wednesday
mouse_1,2025-11-12,1200.0,4,2,32,347.69547152519226,False Alarm,,1,46,Wednesday
mouse_1,2025-11-12,1200.0,4,2,33,357.9115207195282,False Alarm,,1,4,Wednesday
mouse_1,2025-11-12,1200.0,4,2,34,369.12428307533264,False Alarm,,1,3,Wednesday
mouse_1,2025-11-12,1200.0,4,2,35,381.07399129867554,Hit,0.5400100407301238,0,95,Wednesday
mouse_1,2025-11-12,1200.0,4,2,36,392.51557874679565,False Alarm,,1,60,Wednesday
mouse_1,2025-11-12,1200.0,4,2,37,402.7238564491272,False Alarm,,1,2,Wednesday
mouse_1,2025-11-12,1200.0,4,2,38,416.91645073890686,False Alarm,,1,8,Wednesday
mouse_1,2025-11-12,1200.0,4,2,39,432.6152834892273,False Alarm,,1,5,Wednesday
mouse_1,2025-11-12,1200.0,4,2,40,446.3134331703186,False Alarm,,1,6,Wednesday
mouse_1,2025-11-12,1200.0,4,2,41,458.5241274833679,False Alarm,,1,6,Wednesday
mouse_1,2025-11-12,1200.0,4,2,42,469.993935585022,False Alarm,,1,3,Wednesday
mouse_1,2025-11-12,1200.0,4,2,43,481.9553470611572,Hit,0.45942673118042876,0,60,Wednesday
mouse_1,2025-11-12,1200.0,4,2,44,493.14911818504333,False Alarm,,1,14,Wednesday
mouse_1,2025-11-12,1200.0,4,2,45,503.34530210494995,Hit,0.03323878451146811,0,91,Wednesday
mouse_1,2025-11-12,1200.0,4,2,46,513.7886309623718,False Alarm,,1,43,Wednesday
mouse_1,2025-11-12,1200.0,4,2,47,524.0028471946716,Hit (Calc),1.952675008084384,0,5,Wednesday
mouse_1,2025-11-12,1200.0,4,2,48,533.9565055370331,False Alarm,,1,3,Wednesday
mouse_1,2025-11-12,1200.0,4,2,49,551.8946349620819,Hit,1.6710465977788544,0,40,Wednesday
mouse_1,2025-11-12,1200.0,4,2,50,563.355299949646,False Alarm,,1,7,Wednesday
mouse_1,2025-11-12,1200.0,4,2,51,574.3019387722015,False Alarm,,1,7,Wednesday
mouse_1,2025-11-12,1200.0,4,2,52,587.262925863266,False Alarm,,1,4,Wednesday
mouse_1,2025-11-12,1200.0,4,2,53,599.7337000370026,Hit,0.534804378765898,0,41,Wednesday
mouse_1,2025-11-12,1200.0,4,2,54,609.6823449134827,False Alarm,,1,6,Wednesday
mouse_1,2025-11-12,1200.0,4,2,55,623.6328904628754,False Alarm,,1,5,Wednesday
mouse_1,2025-11-12,1200.0,4,2,56,640.343347787857,Miss,,0,0,Wednesday
mouse_1,2025-11-12,1200.0,4,2,57,649.8056190013885,Hit,1.6200832121259054,0,28,Wednesday
mouse_1,2025-11-12,1200.0,4,2,58,661.0039978027344,False Alarm,,1,14,Wednesday
mouse_1,2025-11-12,1200.0,4,2,59,672.2124559879303,Hit,0.567898428646572,0,12,Wednesday
mouse_1,2025-11-12,1200.0,4,2,60,682.6686227321625,Hit,0.0013021017213077357,0,36,Wednesday
mouse_1,2025-11-12,1200.0,4,2,61,692.8681342601776,Hit,1.2304112542983603,0,21,Wednesday
mouse_1,2025-11-12,1200.0,4,2,62,704.3191123008728,Miss,,0,0,Wednesday
mouse_1,2025-11-12,1200.0,4,2,63,715.0251240730286,False Alarm,,1,6,Wednesday
mouse_1,2025-11-12,1200.0,4,2,64,730.4736058712006,False Alarm,,1,7,Wednesday
mouse_1,2025-11-12,1200.0,4,2,65,743.6752789020538,False Alarm,,1,4,Wednesday
mouse_1,2025-11-12,1200.0,4,2,66,757.122474193573,Hit,0.643244845387926,0,23,Wednesday
mouse_1,2025-11-12,1200.0,4,2,67,767.8381912708282,False Alarm,,1,4,Wednesday
mouse_1,2025-11-12,1200.0,4,2,68,779.285649061203,Hit,0.9823848956298207,0,22,Wednesday
mouse_1,2025-11-12,1200.0,4,2,69,789.4873757362366,Hit,0.5990379831836208,0,26,Wednesday
mouse_1,2025-11-12,1200.0,4,2,70,800.1836986541748,Hit,0.32462568936034586,0,32,Wednesday
mouse_1,2025-11-12,1200.0,4,2,71,809.8882095813751,Miss,,0,0,Wednesday
mouse_1,2025-11-12,1200.0,4,2,72,819.084988117218,Hit,0.04422091998128508,0,12,Wednesday
mouse_1,2025-11-12,1200.0,4,2,73,829.527501821518,Hit,0.4695600854690838,0,15,Wednesday
mouse_1,2025-11-12,1200.0,4,2,74,840.7367877960205,False Alarm,,1,7,Wednesday
mouse_1,2025-11-12,1200.0,4,2,75,858.1839275360107,Miss,,0,5,Wednesday
mouse_1,2025-11-12,1200.0,4,2,76,868.3841021060944,False Alarm,,1,4,Wednesday
mouse_1,2025-11-12,1200.0,4,2,77,878.5916392803192,Hit,0.7702824805297723,0,24,Wednesday
mouse_1,2025-11-12,1200.0,4,2,78,888.7853376865387,Hit,0.33779080861711464,0,13,Wednesday
mouse_1,2025-11-12,1200.0,4,2,79,899.2368235588074,Hit,1.8983188847053043,0,17,Wednesday
mouse_1,2025-11-12,1200.0,4,2,80,911.6824772357941,Hit (Calc),2.2871000761155074,0,4,Wednesday
mouse_1,2025-11-12,1200.0,4,2,81,922.6318006515503,Hit,0.2607843520506776,0,20,Wednesday
mouse_1,2025-11-12,1200.0,4,2,82,933.8280620574951,Hit,0.3617461092311487,0,11,Wednesday
mouse_1,2025-11-12,1200.0,4,2,83,944.2865295410156,Hit,1.663116130283015,0,16,Wednesday
mouse_1,2025-11-12,1200.0,4,2,84,955.495246887207,False Alarm,,1,8,Wednesday
mouse_1,2025-11-12,1200.0,4,2,85,973.7009541988373,Hit,0.13207459005593591,0,20,Wednesday
mouse_1,2025-11-12,1200.0,4,2,86,983.4054684638977,False Alarm,,1,8,Wednesday
mouse_1,2025-11-12,1200.0,4,2,87,997.8707258701324,False Alarm,,1,4,Wednesday
mouse_1,2025-11-12,1200.0,4,2,88,1010.8257169723511,Hit,1.639496896790888,0,11,Wednesday
mouse_1,2025-11-12,1200.0,4,2,89,1022.0352320671082,Hit,1.3274733377422763,0,10,Wednesday
mouse_1,2025-11-12,1200.0,4,2,90,1032.9870042800903,Hit,1.4948676218318724,0,15,Wednesday
mouse_1,2025-11-12,1200.0,4,2,91,1043.9460129737854,Hit,0.2804853888060279,0,11,Wednesday
mouse_1,2025-11-12,1200.0,4,2,92,1054.8977100849152,Miss,,0,0,Wednesday
mouse_1,2025-11-12,1200.0,4,2,93,1065.842987537384,Miss,,0,0,Wednesday
mouse_1,2025-11-12,1200.0,4,2,94,1075.2831017971039,Hit,0.6247336590970463,0,9,Wednesday
mouse_1,2025-11-12,1200.0,4,2,95,1086.7264516353607,Miss,,0,0,Wednesday
mouse_1,2025-11-12,1200.0,4,2,96,1096.1738045215607,False Alarm,,1,5,Wednesday
mouse_1,2025-11-12,1200.0,4,2,97,1112.131460428238,Miss,,0,0,Wednesday
mouse_1,2025-11-12,1200.0,4,2,98,1123.0829782485962,Hit,0.4998593323584828,0,7,Wednesday
mouse_1,2025-11-12,1200.0,4,2,99,1133.5257997512817,Miss,,0,0,Wednesday
mouse_1,2025-11-12,1200.0,4,2,100,1143.973281621933,Hit,0.6486031563697452,0,17,Wednesday
mouse_1,2025-11-12,1200.0,4,2,101,1155.1851651668549,Hit,0.6008236430741363,0,21,Wednesday
mouse_1,2025-11-12,1200.0,4,2,102,1164.886309146881,Hit,0.29015199627087895,0,16,Wednesday
mouse_1,2025-11-12,1200.0,4,2,103,1174.8357017040253,Hit,0.15984540213639775,0,11,Wednesday
mouse_1,2025-11-12,1200.0,4,2,104,1185.035582780838,Hit,0.3976755744820366,0,7,Wednesday
mouse_1,2025-11-12,1200.0,4,2,105,1194.995355606079,Hit (Calc),2.746593423375998,0,4,Wednesday
mouse_1,2025-11-12,1200.0,4,2,106,1205.44322347641,Hit,1.522611313559537,0,20,Wednesday
mouse_1,2025-11-12,1200.0,4,2,107,1216.1555123329163,False Alarm,,1,3,Wednesday
mouse_1,2025-11-12,1200.0,4,2,108,1228.3600850105286,Hit,0.23186810461402274,0,8,Wednesday
mouse_1,2025-11-12,1200.0,4,2,109,1239.5651271343231,Miss,,0,0,Wednesday
mouse_1,2025-11-12,1200.0,4,2,110,1249.5125827789307,Miss,,0,0,Wednesday
mouse_1,2025-11-12,1200.0,4,2,111,1259.4724652767181,Miss,,0,3,Wednesday
mouse_1,2025-11-12,1200.0,4,2,112,1268.672837972641,Hit,0.6411593604043446,0,6,Wednesday
mouse_1,2025-11-12,1200.0,4,2,113,1278.3846604824066,False Alarm,,1,4,Wednesday
mouse_1,2025-11-12,1200.0,4,2,114,1295.3493962287903,Miss,,0,3,Wednesday
mouse_1,2025-11-12,1200.0,4,2,115,1304.803308725357,False Alarm,,1,3,Wednesday
mouse_1,2025-11-12,1200.0,4,2,116,1316.009535074234,Miss,,0,0,Wednesday
mouse_1,2025-11-12,1200.0,4,2,117,1325.7123119831085,Miss,,0,0,Wednesday
mouse_1,2025-11-12,1200.0,4,2,118,1335.1622235774994,Hit,1.0370639547816154,0,9,Wednesday
mouse_1,2025-11-12,1200.0,4,2,119,1346.1150884628296,Miss,,0,0,Wednesday
mouse_1,2025-11-12,1200.0,4,2,120,1356.0639085769653,Miss,,0,0,Wednesday
mouse_1,2025-11-12,1200.0,4,2,121,1366.7619483470917,Hit,0.17713879471079963,0,8,Wednesday
mouse_1,2025-11-12,1200.0,4,2,122,1377.2146308422089,Miss,,0,0,Wednesday
mouse_1,2025-11-12,1200.0,4,2,123,1387.1717112064362,Hit,0.6041850138024074,0,10,Wednesday
mouse_1,2025-11-12,1200.0,4,2,124,1398.1249442100525,Miss,,0,0,Wednesday
mouse_1,2025-11-12,1200.0,4,2,125,1408.5718364715576,Miss,,0,0,Wednesday
mouse_1,2025-11-12,1200.0,4,2,126,1418.271855354309,Miss,,0,0,Wednesday
mouse_1,2025-11-12,1200.0,4,2,127,1428.2215445041656,Miss,,0,0,Wednesday
mouse_1,2025-11-12,1200.0,4,2,128,1437.9226288795471,Miss,,0,0,Wednesday
mouse_1,2025-11-12,1200.0,4,2,129,1448.1324336528778,Miss,,0,0,Wednesday
mouse_1,2025-11-12,1200.0,4,2,130,1458.5913922786713,Miss,,0,0,Wednesday
mouse_1,2025-11-12,1200.0,4,2,131,1469.5315208435059,Miss,,0,0,Wednesday
mouse_1,2025-11-12,1200.0,4,2,132,1479.4712262153625,Miss,,0,0,Wednesday
mouse_1,2025-11-12,1200.0,4,2,133,1490.4115071296692,Miss,,0,0,Wednesday
mouse_1,2025-11-12,1200.0,4,2,134,1501.1112945079803,Miss,,0,0,Wednesday
mouse_1,2025-11-12,1200.0,4,2,135,1510.311271429062,Miss,,0,0,Wednesday
mouse_1,2025-11-12,1200.0,4,2,136,1519.7516610622406,Miss,,0,0,Wednesday
mouse_1,2025-11-12,1200.0,4,2,137,1530.9516654014587,Miss,,0,0,Wednesday
mouse_1,2025-11-12,1200.0,4,2,138,1541.901555776596,Miss,,0,0,Wednesday
mouse_1,2025-11-12,1200.0,4,2,139,1551.3488354682922,Miss,,0,0,Wednesday
mouse_1,2025-11-12,1200.0,4,2,140,1561.2997734546661,Miss,,0,0,Wednesday
mouse_1,2025-11-12,1200.0,4,2,141,1571.0010333061218,Hit,0.9675078629927611,0,8,Wednesday
mouse_1,2025-11-12,1200.0,4,2,142,1582.2032146453857,Miss,,0,0,Wednesday
mouse_1,2025-11-12,1200.0,4,2,143,1593.151254415512,Hit,1.391083509605778,0,10,Wednesday
mouse_1,2025-11-12,1200.0,4,2,144,1605.613554239273,Miss,,0,0,Wednesday
mouse_1,2025-11-12,1200.0,4,2,145,1616.0608956813812,Miss,,0,0,Wednesday
mouse_1,2025-11-12,1200.0,4,2,146,1625.5009067058563,Miss,,0,0,Wednesday
mouse_1,2025-11-12,1200.0,4,2,147,1634.9504396915436,Miss,,0,0,Wednesday
mouse_1,2025-11-12,1200.0,4,2,148,1644.1420559883118,Miss,,0,0,Wednesday
mouse_1,2025-11-12,1200.0,4,2,149,1654.3409175872803,Miss,,0,0,Wednesday
mouse_1,2025-11-12,1200.0,4,2,150,1663.530475139618,Hit,0.6743661696643812,0,8,Wednesday
mouse_1,2025-11-12,1200.0,4,2,151,1673.723066329956,Miss,,0,0,Wednesday
mouse_1,2025-11-12,1200.0,4,2,152,1683.6812009811401,Miss,,0,0,Wednesday
mouse_1,2025-11-12,1200.0,4,2,153,1694.382243156433,Hit,0.051480213513741546,0,7,Wednesday
mouse_1,2025-11-12,1200.0,4,2,154,1705.0941727161407,Miss,,0,0,Wednesday
mouse_1,2025-11-12,1200.0,4,2,155,1716.0506949424744,Miss,,0,0,Wednesday
mouse_1,2025-11-12,1200.0,4,2,156,1725.7606387138367,Miss,,0,0,Wednesday
mouse_1,2025-11-12,1200.0,4,2,157,1735.2003660202026,Miss,,0,0,Wednesday
mouse_1,2025-11-12,1200.0,4,2,158,1744.410293340683,Miss,,0,0,Wednesday
mouse_1,2025-11-12,1200.0,4,2,159,1753.6106650829315,Miss,,0,0,Wednesday
mouse_1,2025-11-12,1200.0,4,2,160,1763.3115639686584,Miss,,0,0,Wednesday
mouse_1,2025-11-12,1200.0,4,2,161,1773.008693933487,Miss,,0,0,Wednesday
mouse_1,2025-11-12,1200.0,4,2,162,1783.2000637054443,Miss,,0,0,Wednesday
mouse_1,2025-11-12,1200.0,4,2,163,1793.1512339115143,Hit,1.3091727245698621,0,4,Wednesday
mouse_1,2025-11-12,1200.0,4,2,164,1804.1025094985962,Miss,,0,0,Wednesday
mouse_1,2025-11-13,1200.0,0,-1,-1,,No Trial,,0,0,Thursday
mouse_1,2025-11-14,2000.0,0,-1,-1,,No Trial,,0,0,Friday
mouse_1,2025-11-15,2000.0,0,-1,-1,,No Trial,,0,0,Saturday
mouse_1,2025-11-16,1500.0,4,3,1,0.3411281108856201,False Alarm,,1,4,Sunday
mouse_1,2025-11-16,1500.0,4,3,2,12.045456647872925,Hit,1.6114115881532243,0,16,Sunday
mouse_1,2025-11-16,1500.0,4,3,3,23.00077772140503,Hit,0.9230338686928228,0,16,Sunday
mouse_1,2025-11-16,1500.0,4,3,4,34.21214509010315,Hit,1.6539801285827451,0,22,Sunday
mouse_1,2025-11-16,1500.0,4,3,5,45.671332359313965,False Alarm,,1,4,Sunday
mouse_1,2025-11-16,1500.0,4,3,6,60.88473033905029,False Alarm,,1,1,Sunday
mouse_1,2025-11-16,1500.0,4,3,7,74.33583331108093,Miss,,0,1,Sunday
mouse_1,2025-11-16,1500.0,4,3,8,85.28591752052307,Hit,0.3572660153777605,0,16,Sunday
mouse_1,2025-11-16,1500.0,4,3,9,95.24061965942383,False Alarm,,1,1,Sunday
mouse_1,2025-11-16,1500.0,4,3,10,108.9452486038208,Hit,0.3304788073920406,0,25,Sunday
mouse_1,2025-11-16,1500.0,4,3,11,119.15093851089478,Hit,0.21152795927338275,0,28,Sunday
mouse_1,2025-11-16,1500.0,4,3,12,129.59677171707153,Hit,1.6042322797837016,0,23,Sunday
mouse_1,2025-11-16,1500.0,4,3,13,141.8005952835083,False Alarm,,1,5,Sunday
mouse_1,2025-11-16,1500.0,4,3,14,153.75411200523376,False Alarm,,1,4,Sunday
mouse_1,2025-11-16,1500.0,4,3,15,167.20927238464355,Hit,1.1852086594201126,0,61,Sunday
mouse_1,2025-11-16,1500.0,4,3,16,178.66048550605774,False Alarm,,1,15,Sunday
mouse_1,2025-11-16,1500.0,4,3,17,188.86481475830078,Hit (Calc),2.2158180119509723,0,4,Sunday
mouse_1,2025-11-16,1500.0,4,3,18,199.56886839866638,Hit,0.45942478285948596,0,65,Sunday
mouse_1,2025-11-16,1500.0,4,3,19,209.77059292793274,False Alarm,,1,24,Sunday
mouse_1,2025-11-16,1500.0,4,3,20,219.984792470932,False Alarm,,1,2,Sunday
mouse_1,2025-11-16,1500.0,4,3,21,233.94470191001892,Hit,0.9685380809620767,0,78,Sunday
mouse_1,2025-11-16,1500.0,4,3,22,244.38812637329102,False Alarm,,1,35,Sunday
mouse_1,2025-11-16,1500.0,4,3,23,254.604638338089,False Alarm,,1,4,Sunday
mouse_1,2025-11-16,1500.0,4,3,24,268.5652449131012,Hit,0.678223727376519,0,73,Sunday
mouse_1,2025-11-16,1500.0,4,3,25,278.7607581615448,False Alarm,,1,26,Sunday
mouse_1,2025-11-16,1500.0,4,3,26,288.96465039253235,False Alarm,,1,3,Sunday
mouse_1,2025-11-16,1500.0,4,3,27,305.9329402446747,Miss,,0,0,Sunday
mouse_1,2025-11-16,1500.0,4,3,28,316.888254404068,Miss,,0,0,Sunday
mouse_1,2025-11-16,1500.0,4,3,29,327.8374512195587,Hit,1.4192483045798099,0,18,Sunday
mouse_1,2025-11-16,1500.0,4,3,30,339.7996983528137,Hit,1.679481678241018,0,92,Sunday
mouse_1,2025-11-16,1500.0,4,3,31,350.74971628189087,False Alarm,,1,66,Sunday
mouse_1,2025-11-16,1500.0,4,3,32,360.9640176296234,Miss,,0,0,Sunday
mouse_1,2025-11-16,1500.0,4,3,33,371.1687242984772,False Alarm,,1,6,Sunday
mouse_1,2025-11-16,1500.0,4,3,34,388.1154806613922,False Alarm,,1,3,Sunday
mouse_1,2025-11-16,1500.0,4,3,35,401.06810569763184,Miss,,0,0,Sunday
mouse_1,2025-11-16,1500.0,4,3,36,410.7670841217041,Hit,0.949169159228461,0,63,Sunday
mouse_1,2025-11-16,1500.0,4,3,37,420.96558713912964,False Alarm,,1,15,Sunday
mouse_1,2025-11-16,1500.0,4,3,38,431.16438031196594,Miss,,0,0,Sunday
mouse_1,2025-11-16,1500.0,4,3,39,441.6265707015991,Miss,,0,0,Sunday
mouse_1,2025-11-16,1500.0,4,3,40,452.32706928253174,Miss,,0,0,Sunday
mouse_1,2025-11-16,1500.0,4,3,41,463.2771968841553,Miss,,0,3,Sunday
mouse_1,2025-11-16,1500.0,4,3,42,473.47769379615784,False Alarm,,1,3,Sunday
mouse_1,2025-11-16,1500.0,4,3,43,487.19502425193787,Hit,1.7140331430018136,0,64,Sunday
mouse_1,2025-11-16,1500.0,4,3,44,498.38990092277527,False Alarm,,1,18,Sunday
mouse_1,2025-11-16,1500.0,4,3,45,508.5951044559479,Hit,1.0502318908023653,0,37,Sunday
mouse_1,2025-11-16,1500.0,4,3,46,520.5496039390564,Hit,0.5231151567824099,0,49,Sunday
mouse_1,2025-11-16,1500.0,4,3,47,530.7513809204102,False Alarm,,1,3,Sunday
mouse_1,2025-11-16,1500.0,4,3,48,540.9454324245453,Hit,0.7737592684364927,0,53,Sunday
mouse_1,2025-11-16,1500.0,4,3,49,552.6554660797119,False Alarm,,1,6,Sunday
mouse_1,2025-11-16,1500.0,4,3,50,562.8596572875977,False Alarm,,1,2,Sunday
mouse_1,2025-11-16,1500.0,4,3,51,576.3153731822968,Hit (Calc),4.246232681693527,0,4,Sunday
mouse_1,2025-11-16,1500.0,4,3,52,585.7665779590607,Miss,,0,5,Sunday
mouse_1,2025-11-16,1500.0,4,3,53,595.4566299915314,False Alarm,,1,5,Sunday
mouse_1,2025-11-16,1500.0,4,3,54,607.6634373664856,Hit,0.7106495124829735,0,54,Sunday
mouse_1,2025-11-16,1500.0,4,3,55,617.8792431354523,False Alarm,,1,10,Sunday
mouse_1,2025-11-16,1500.0,4,3,56,628.0906157493591,Hit,0.4253543958799355,0,94,Sunday
mouse_1,2025-11-16,1500.0,4,3,57,637.7986741065979,False Alarm,,1,58,Sunday
mouse_1,2025-11-16,1500.0,4,3,58,648.01304936409,False Alarm,,1,3,Sunday
mouse_1,2025-11-16,1500.0,4,3,59,661.4688177108765,Hit,1.653337721185494,0,91,Sunday
mouse_1,2025-11-16,1500.0,4,3,60,672.1849768161774,False Alarm,,1,58,Sunday
mouse_1,2025-11-16,1500.0,4,3,61,682.3837523460388,False Alarm,,1,5,Sunday
mouse_1,2025-11-16,1500.0,4,3,62,698.1026992797852,Miss,,0,0,Sunday
mouse_1,2025-11-16,1500.0,4,3,63,708.0460422039032,Hit,0.657398566136294,0,94,Sunday
mouse_1,2025-11-16,1500.0,4,3,64,718.749020576477,False Alarm,,1,54,Sunday
mouse_1,2025-11-16,1500.0,4,3,65,728.9550132751465,Hit,1.056518414011407,0,31,Sunday
mouse_1,2025-11-16,1500.0,4,3,66,739.1478765010834,Miss,,0,1,Sunday
mouse_1,2025-11-16,1500.0,4,3,67,748.5959105491638,False Alarm,,1,3,Sunday
mouse_1,2025-11-16,1500.0,4,3,68,761.3029713630676,Hit,0.6698548498557102,0,43,Sunday
mouse_1,2025-11-16,1500.0,4,3,69,771.2484223842621,False Alarm,,1,2,Sunday
mouse_1,2025-11-16,1500.0,4,3,70,782.4595537185669,Hit,0.411827734088547,0,23,Sunday
mouse_1,2025-11-16,1500.0,4,3,71,793.9049880504608,Hit,0.3389175253546455,0,23,Sunday
mouse_1,2025-11-16,1500.0,4,3,72,804.845006942749,False Alarm,,1,3,Sunday
mouse_1,2025-11-16,1500.0,4,3,73,818.7954020500183,Hit,0.037476103762287494,0,34,Sunday
mouse_1,2025-11-16,1500.0,4,3,74,829.2581849098206,False Alarm,,1,4,Sunday
mouse_1,2025-11-16,1500.0,4,3,75,841.7123699188232,Hit,0.3107301695597471,0,21,Sunday
mouse_1,2025-11-16,1500.0,4,3,76,851.6581392288208,Miss,,0,0,Sunday
mouse_1,2025-11-16,1500.0,4,3,77,861.616583108902,Hit,0.2599677984420623,0,19,Sunday
mouse_1,2025-11-16,1500.0,4,3,78,872.5674991607666,False Alarm,,1,4,Sunday
mouse_1,2025-11-16,1500.0,4,3,79,886.7641913890839,Hit,0.84081439399597,0,16,Sunday
mouse_1,2025-11-16,1500.0,4,3,80,896.9577715396881,Hit,0.3847056539028699,0,19,Sunday
mouse_1,2025-11-16,1500.0,4,3,81,907.1643145084381,Hit,0.8430555095903856,0,12,Sunday
mouse_1,2025-11-16,1500.0,4,3,82,919.1252751350403,Hit,0.7621373827203115,0,16,Sunday
mouse_1,2025-11-16,1500.0,4,3,83,929.0777361392975,Hit,1.4065049817345425,0,20,Sunday
mouse_1,2025-11-16,1500.0,4,3,84,940.0254211425781,Hit,0.015300905834465084,0,25,Sunday
mouse_1,2025-11-16,1500.0,4,3,85,949.967563867569,False Alarm,,1,5,Sunday
mouse_1,2025-11-16,1500.0,4,3,86,963.1722056865692,Hit,0.3543522890981876,0,11,Sunday
mouse_1,2025-11-16,1500.0,4,3,87,973.8887898921967,Hit,0.5719292396686342,0,21,Sunday
mouse_1,2025-11-16,1500.0,4,3,88,984.0871393680573,Miss,,0,5,Sunday
mouse_1,2025-11-16,1500.0,4,3,89,994.2856163978577,False Alarm,,1,7,Sunday
mouse_1,2025-11-16,1500.0,4,3,90,1008.7417562007904,False Alarm,,1,6,Sunday
mouse_1,2025-11-16,1500.0,4,3,91,1019.442412853241,False Alarm,,1,5,Sunday
mouse_1,2025-11-16,1500.0,4,3,92,1030.8862891197205,False Alarm,,1,1,Sunday
mouse_1,2025-11-16,1500.0,4,3,93,1041.5832543373108,Hit,0.8461745295771834,0,96,Sunday
mouse_1,2025-11-16,1500.0,4,3,94,1053.537138223648,False Alarm,,1,80,Sunday
mouse_1,2025-11-16,1500.0,4,3,95,1063.7311787605286,Miss,,0,0,Sunday
mouse_1,2025-11-16,1500.0,4,3,96,1074.1746892929077,Hit,0.2518042859060188,0,14,Sunday
mouse_1,2025-11-16,1500.0,4,3,97,1084.6121923923492,Hit (Calc),3.2741418660189083,0,4,Sunday
mouse_1,2025-11-16,1500.0,4,3,98,1094.0647552013397,Hit,1.0926190861107443,0,66,Sunday
mouse_1,2025-11-16,1500.0,4,3,99,1105.0167598724365,False Alarm,,1,18,Sunday
mouse_1,2025-11-16,1500.0,4,3,100,1115.2251648902893,Hit,0.2672306432662026,0,40,Sunday
mouse_1,2025-11-16,1500.0,4,3,101,1125.9264595508575,Miss,,0,0,Sunday
mouse_1,2025-11-16,1500.0,4,3,102,1136.6252794265747,Miss,,0,0,Sunday
mouse_1,2025-11-16,1500.0,4,3,103,1146.5736167430878,Miss,,0,0,Sunday
mouse_1,2025-11-16,1500.0,4,3,104,1157.5241346359253,Hit,0.24606885593539118,0,15,Sunday
mouse_1,2025-11-16,1500.0,4,3,105,1167.728024482727,False Alarm,,1,8,Sunday
mouse_1,2025-11-16,1500.0,4,3,106,1179.4252882003784,False Alarm,,1,3,Sunday
mouse_1,2025-11-16,1500.0,4,3,107,1190.631487607956,Miss,,0,0,Sunday
mouse_1,2025-11-16,1500.0,4,3,108,1200.5742502212524,Miss,,0,0,Sunday
mouse_1,2025-11-16,1500.0,4,3,109,1211.2729334831238,Hit,1.6481717183119144,0,13,Sunday
mouse_1,2025-11-16,1500.0,4,3,110,1222.4660904407501,Miss,,0,3,Sunday
mouse_1,2025-11-16,1500.0,4,3,111,1232.9140391349792,Hit,0.4407888589612412,0,15,Sunday
mouse_1,2025-11-16,1500.0,4,3,112,1242.866447687149,Hit,0.03957025057911778,0,26,Sunday
mouse_1,2025-11-16,1500.0,4,3,113,1252.5650708675385,Hit,1.4876990700299757,0,30,Sunday
mouse_1,2025-11-16,1500.0,4,3,114,1263.2663791179657,Hit,1.783343215999139,0,24,Sunday
mouse_1,2025-11-16,1500.0,4,3,115,1275.71626496315,Hit,0.856918234710065,0,22,Sunday
mouse_1,2025-11-16,1500.0,4,3,116,1286.9164726734161,False Alarm,,1,6,Sunday
mouse_1,2025-11-16,1500.0,4,3,117,1300.1153540611267,Hit,0.2843828945092355,0,25,Sunday
mouse_1,2025-11-16,1500.0,4,3,118,1311.5761909484863,Hit,0.6943306067898902,0,21,Sunday
mouse_1,2025-11-16,1500.0,4,3,119,1321.5261244773865,Hit,1.7230858164411984,0,12,Sunday
mouse_1,2025-11-16,1500.0,4,3,120,1333.2259798049927,Miss,,0,0,Sunday
mouse_1,2025-11-16,1500.0,4,3,121,1342.6744165420532,Hit,1.3354594039190033,0,8,Sunday
mouse_1,2025-11-16,1500.0,4,3,122,1353.6253986358643,Hit,0.6666946905111217,0,10,Sunday
mouse_1,2025-11-16,1500.0,4,3,123,1363.8266296386719,Hit,0.7813033745439952,0,21,Sunday
mouse_1,2025-11-16,1500.0,4,3,124,1375.2859091758728,Hit,0.32701874212716575,0,15,Sunday
mouse_1,2025-11-16,1500.0,4,3,125,1385.736132144928,Hit,0.6067116740896381,0,21,Sunday
mouse_1,2025-11-16,1500.0,4,3,126,1395.9316663742065,Miss,,0,7,Sunday
mouse_1,2025-11-16,1500.0,4,3,127,1406.880602836609,Hit,0.09820967451901197,0,13,Sunday
mouse_1,2025-11-16,1500.0,4,3,128,1416.3357326984406,Hit,0.22369157136722606,0,16,Sunday
mouse_1,2025-11-16,1500.0,4,3,129,1427.5466287136078,False Alarm,,1,5,Sunday
mouse_1,2025-11-16,1500.0,4,3,130,1440.2597727775574,Miss,,0,0,Sunday
mouse_1,2025-11-16,1500.0,4,3,131,1450.7136809825897,Hit,0.9345392557831929,0,14,Sunday
mouse_1,2025-11-16,1500.0,4,3,132,1461.6654272079468,Hit,0.00067116155378244,0,8,Sunday
mouse_1,2025-11-16,1500.0,4,3,133,1472.365139722824,False Alarm,,1,6,Sunday
mouse_1,2025-11-16,1500.0,4,3,134,1489.3206315040588,Hit,0.3389896118969773,0,10,Sunday
mouse_1,2025-11-16,1500.0,4,3,135,1500.2755975723267,False Alarm,,1,3,Sunday
mouse_1,2025-11-16,1500.0,4,3,136,1514.2253317832947,Hit,0.4566946609311344,0,18,Sunday
mouse_1,2025-11-16,1500.0,4,3,137,1524.4347643852234,False Alarm,,1,4,Sunday
mouse_1,2025-11-16,1500.0,4,3,138,1537.8992323875427,Hit,1.11891220289408,0,15,Sunday
mouse_1,2025-11-16,1500.0,4,3,139,1549.5974173545837,False Alarm,,1,9,Sunday
mouse_1,2025-11-16,1500.0,4,3,140,1562.5603051185608,Hit,0.4829016892576874,0,12,Sunday
mouse_1,2025-11-16,1500.0,4,3,141,1572.2637100219727,Miss,,0,0,Sunday
mouse_1,2025-11-16,1500.0,4,3,142,1582.9713592529297,Miss,,0,0,Sunday
mouse_1,2025-11-16,1500.0,4,3,143,1592.192144393921,Miss,,0,0,Sunday
mouse_1,2025-11-16,1500.0,4,3,144,1602.391949892044,Hit,1.4694204114873628,0,15,Sunday
mouse_1,2025-11-16,1500.0,4,3,145,1614.5843052864075,Miss,,0,0,Sunday
mouse_1,2025-11-16,1500.0,4,3,146,1625.291422843933,Miss,,0,0,Sunday
mouse_1,2025-11-16,1500.0,4,3,147,1635.993293762207,Hit,1.474011299213771,0,8,Sunday
mouse_1,2025-11-16,1500.0,4,3,148,1648.4440286159515,Miss,,0,0,Sunday
mouse_1,2025-11-16,1500.0,4,3,149,1658.650901556015,Miss,,0,3,Sunday
mouse_1,2025-11-16,1500.0,4,3,150,1668.840667963028,Hit,0.01875293629200314,0,13,Sunday
mouse_1,2025-11-16,1500.0,4,3,151,1678.5328159332275,Miss,,0,0,Sunday
mouse_1,2025-11-16,1500.0,4,3,152,1689.7303249835968,Miss,,0,0,Sunday
mouse_1,2025-11-16,1500.0,4,3,153,1699.1803522109985,Miss,,0,4,Sunday
mouse_1,2025-11-16,1500.0,4,3,154,1708.879813194275,False Alarm,,1,4,Sunday
mouse_1,2025-11-16,1500.0,4,3,155,1722.3366105556488,Hit,1.6907182769070914,0,12,Sunday
mouse_1,2025-11-16,1500.0,4,3,156,1734.027028799057,Miss,,0,0,Sunday
mouse_1,2025-11-16,1500.0,4,3,157,1744.2292425632477,Miss,,0,0,Sunday
mouse_1,2025-11-16,1500.0,4,3,158,1753.9191148281097,Miss,,0,2,Sunday
mouse_1,2025-11-16,1500.0,4,3,159,1764.126450061798,False Alarm,,1,2,Sunday
mouse_1,2025-11-16,1500.0,4,3,160,1775.0760962963104,Miss,,0,0,Sunday
mouse_1,2025-11-16,1500.0,4,3,161,1785.0390138626099,Miss,,0,0,Sunday
mouse_1,2025-11-16,1500.0,4,3,162,1795.4982516765594,Miss,,0,0,Sunday
mouse_1,2025-11-17,2000.0,0,-1,-1,,No Trial,,0,0,Monday
mouse_1,2025-11-18,1500.0,4,4,1,0.3466768264770508,Hit (Calc),4.077821523347787,0,3,Tuesday
mouse_1,2025-11-18,1500.0,4,4,2,9.796472311019897,Hit (Calc),3.033346104822087,0,3,Tuesday
mouse_1,2025-11-18,1500.0,4,4,3,20.25518035888672,Hit,1.0069056080101433,0,17,Tuesday
mouse_1,2025-11-18,1500.0,4,4,4,30.45747947692871,Hit,1.1070261771045793,0,20,Tuesday
mouse_1,2025-11-18,1500.0,4,4,5,40.65774941444397,Hit,1.8563747749931352,0,35,Tuesday
mouse_1,2025-11-18,1500.0,4,4,6,52.36705565452576,Miss,,0,0,Tuesday
mouse_1,2025-11-18,1500.0,4,4,7,63.32439374923706,Hit,0.5812855393508016,0,70,Tuesday
mouse_1,2025-11-18,1500.0,4,4,8,73.77776622772217,False Alarm,,1,22,Tuesday
mouse_1,2025-11-18,1500.0,4,4,9,83.9796793460846,Hit,0.5185020396930042,0,23,Tuesday
mouse_1,2025-11-18,1500.0,4,4,10,95.1866705417633,Hit,1.0126292183608854,0,27,Tuesday
mouse_1,2025-11-18,1500.0,4,4,11,105.64780449867249,Hit,0.7464176012790631,0,27,Tuesday
mouse_1,2025-11-18,1500.0,4,4,12,116.10666584968567,Hit,0.2428850988510476,0,33,Tuesday
mouse_1,2025-11-18,1500.0,4,4,13,126.3079137802124,False Alarm,,1,9,Tuesday
mouse_1,2025-11-18,1500.0,4,4,14,141.7617371082306,False Alarm,,1,5,Tuesday
mouse_1,2025-11-18,1500.0,4,4,15,152.9709439277649,False Alarm,,1,3,Tuesday
mouse_1,2025-11-18,1500.0,4,4,16,164.66526651382446,Miss,,0,5,Tuesday
mouse_1,2025-11-18,1500.0,4,4,17,174.6144666671753,False Alarm,,1,5,Tuesday
mouse_1,2025-11-18,1500.0,4,4,18,185.56531524658203,False Alarm,,1,4,Tuesday
mouse_1,2025-11-18,1500.0,4,4,19,201.26639199256897,Hit (Calc),2.37039794876344,0,3,Tuesday
mouse_1,2025-11-18,1500.0,4,4,20,211.7145984172821,Miss,,0,0,Tuesday
mouse_1,2025-11-18,1500.0,4,4,21,221.66360664367676,Hit,0.520628619354909,0,23,Tuesday
mouse_1,2025-11-18,1500.0,4,4,22,231.86605429649353,Hit,0.19525341138370322,0,19,Tuesday
mouse_1,2025-11-18,1500.0,4,4,23,242.07662725448608,Hit,0.548163187684878,0,49,Tuesday
mouse_1,2025-11-18,1500.0,4,4,24,253.02598929405212,Hit,0.8022999677183407,0,23,Tuesday
mouse_1,2025-11-18,1500.0,4,4,25,262.9760208129883,Hit (Calc),3.243756879798184,0,3,Tuesday
mouse_1,2025-11-18,1500.0,4,4,26,272.9243505001068,Miss,,0,5,Tuesday
mouse_1,2025-11-18,1500.0,4,4,27,283.6245059967041,False Alarm,,1,5,Tuesday
mouse_1,2025-11-18,1500.0,4,4,28,297.5900831222534,Hit,1.2834089984094703,0,63,Tuesday
mouse_1,2025-11-18,1500.0,4,4,29,309.79577350616455,False Alarm,,1,18,Tuesday
mouse_1,2025-11-18,1500.0,4,4,30,320.0055947303772,False Alarm,,1,2,Tuesday
mouse_1,2025-11-18,1500.0,4,4,31,333.7010746002197,Hit,0.005658506961879084,0,11,Tuesday
mouse_1,2025-11-18,1500.0,4,4,32,344.6453881263733,Miss,,0,1,Tuesday
mouse_1,2025-11-18,1500.0,4,4,33,355.0927424430847,Hit,0.8238118966021375,0,77,Tuesday
mouse_1,2025-11-18,1500.0,4,4,34,365.28549003601074,False Alarm,,1,26,Tuesday
mouse_1,2025-11-18,1500.0,4,4,35,375.49532294273376,Hit,1.2304863820415335,0,83,Tuesday
mouse_1,2025-11-18,1500.0,4,4,36,387.452609539032,False Alarm,,1,39,Tuesday
mouse_1,2025-11-18,1500.0,4,4,37,397.6594672203064,False Alarm,,1,5,Tuesday
mouse_1,2025-11-18,1500.0,4,4,38,410.8596429824829,Hit,1.2851048935762037,0,51,Tuesday
mouse_1,2025-11-18,1500.0,4,4,39,421.31571316719055,False Alarm,,1,4,Tuesday
mouse_1,2025-11-18,1500.0,4,4,40,431.51521158218384,Hit,0.5499618400275494,0,17,Tuesday
mouse_1,2025-11-18,1500.0,4,4,41,442.4654653072357,Miss,,0,0,Tuesday
mouse_1,2025-11-18,1500.0,4,4,42,453.4129469394684,Miss,,0,0,Tuesday
mouse_1,2025-11-18,1500.0,4,4,43,462.8619387149811,Miss,,0,0,Tuesday
mouse_1,2025-11-18,1500.0,4,4,44,472.3124647140503,False Alarm,,1,3,Tuesday
mouse_1,2025-11-18,1500.0,4,4,45,489.7603073120117,Miss,,0,0,Tuesday
mouse_1,2025-11-18,1500.0,4,4,46,499.46466588974,Hit (Calc),3.251560719433371,0,5,Tuesday
mouse_1,2025-11-18,1500.0,4,4,47,509.1728127002716,Hit,0.5545331278617596,0,41,Tuesday
mouse_1,2025-11-18,1500.0,4,4,48,519.1332633495331,Hit,0.6519751746742486,0,25,Tuesday
mouse_1,2025-11-18,1500.0,4,4,49,529.5867743492126,False Alarm,,1,4,Tuesday
mouse_1,2025-11-18,1500.0,4,4,50,543.5404257774353,False Alarm,,1,1,Tuesday
mouse_1,2025-11-18,1500.0,4,4,51,556.0010843276978,Hit,1.862100037892219,0,16,Tuesday
mouse_1,2025-11-18,1500.0,4,4,52,567.4566280841827,Hit,0.5835195251247569,0,24,Tuesday
mouse_1,2025-11-18,1500.0,4,4,53,577.4148900508881,Hit,0.6389393667612921,0,15,Tuesday
mouse_1,2025-11-18,1500.0,4,4,54,588.1151783466339,Hit,0.5480660711225482,0,23,Tuesday
mouse_1,2025-11-18,1500.0,4,4,55,599.3198623657227,Hit,0.23307166591530404,0,9,Tuesday
mouse_1,2025-11-18,1500.0,4,4,56,609.0249588489532,Miss,,0,4,Tuesday
mouse_1,2025-11-18,1500.0,4,4,57,618.2218308448792,False Alarm,,1,8,Tuesday
mouse_1,2025-11-18,1500.0,4,4,58,629.4291307926178,False Alarm,,1,5,Tuesday
mouse_1,2025-11-18,1500.0,4,4,59,641.3755779266357,Hit,0.6398952889762768,0,23,Tuesday
mouse_1,2025-11-18,1500.0,4,4,60,651.5796740055084,False Alarm,,1,11,Tuesday
mouse_1,2025-11-18,1500.0,4,4,61,663.0352082252502,Hit (Calc),1.8933391701018536,0,5,Tuesday
mouse_1,2025-11-18,1500.0,4,4,62,672.9926540851593,Miss,,0,0,Tuesday
mouse_1,2025-11-18,1500.0,4,4,63,682.4391191005707,Miss,,0,0,Tuesday
mouse_1,2025-11-18,1500.0,4,4,64,693.1314167976379,Hit,0.4455148211533242,0,29,Tuesday
mouse_1,2025-11-18,1500.0,4,4,65,703.8236398696899,Hit,0.4642210712081578,0,11,Tuesday
mouse_1,2025-11-18,1500.0,4,4,66,715.2710349559784,Hit,0.6300370072998476,0,15,Tuesday
mouse_1,2025-11-18,1500.0,4,4,67,725.2134940624237,Miss,,0,0,Tuesday
mouse_1,2025-11-18,1500.0,4,4,68,736.4117381572723,Hit,1.325063005832817,0,11,Tuesday
mouse_1,2025-11-18,1500.0,4,4,69,746.8741602897644,False Alarm,,1,4,Tuesday
mouse_1,2025-11-18,1500.0,4,4,70,760.8259718418121,Miss,,0,0,Tuesday
mouse_1,2025-11-18,1500.0,4,4,71,770.5208005905151,Miss,,0,0,Tuesday
mouse_1,2025-11-18,1500.0,4,4,72,780.4706518650055,Miss,,0,0,Tuesday
mouse_1,2025-11-18,1500.0,4,4,73,791.4105749130249,Miss,,0,0,Tuesday
mouse_1,2025-11-18,1500.0,4,4,74,801.1106200218201,Hit,0.7661265865540372,0,15,Tuesday
mouse_1,2025-11-18,1500.0,4,4,75,811.5530304908752,Hit,0.260863006437944,0,16,Tuesday
mouse_1,2025-11-18,1500.0,4,4,76,821.5029697418213,Hit,1.3457816819557138,0,16,Tuesday
mouse_1,2025-11-18,1500.0,4,4,77,832.2030913829803,Hit,0.6312753232484738,0,14,Tuesday
mouse_1,2025-11-18,1500.0,4,4,78,843.3986573219299,Miss,,0,0,Tuesday
mouse_1,2025-11-18,1500.0,4,4,79,854.3393430709839,Hit,0.6456396727476204,0,51,Tuesday
mouse_1,2025-11-18,1500.0,4,4,80,865.289564371109,False Alarm,,1,2,Tuesday
mouse_1,2025-11-18,1500.0,4,4,81,875.7353665828705,Hit,0.27511447169399617,0,16,Tuesday
mouse_1,2025-11-18,1500.0,4,4,82,886.9335086345673,Hit,0.349413606744406,0,23,Tuesday
mouse_1,2025-11-18,1500.0,4,4,83,898.3831238746643,Hit,0.3136281011134088,0,19,Tuesday
mouse_1,2025-11-18,1500.0,4,4,84,909.3410546779633,Miss,,0,0,Tuesday
mouse_1,2025-11-18,1500.0,4,4,85,920.0394413471222,Miss,,0,0,Tuesday
mouse_1,2025-11-18,1500.0,4,4,86,930.9795155525208,Hit,0.10567510875807784,0,18,Tuesday
mouse_1,2025-11-18,1500.0,4,4,87,942.1912019252777,Hit,0.450291132299526,0,15,Tuesday
mouse_1,2025-11-18,1500.0,4,4,88,951.8908543586731,Hit,0.09715463578515937,0,14,Tuesday
mouse_1,2025-11-18,1500.0,4,4,89,962.091557264328,Miss,,0,3,Tuesday
mouse_1,2025-11-18,1500.0,4,4,90,973.03919506073,False Alarm,,1,3,Tuesday
mouse_1,2025-11-18,1500.0,4,4,91,984.4855062961578,Miss,,0,0,Tuesday
mouse_1,2025-11-18,1500.0,4,4,92,994.9488079547882,Hit,0.7225817531746088,0,48,Tuesday
mouse_1,2025-11-18,1500.0,4,4,93,1005.6386291980743,False Alarm,,1,6,Tuesday
mouse_1,2025-11-18,1500.0,4,4,94,1015.8477573394775,False Alarm,,1,5,Tuesday
mouse_1,2025-11-18,1500.0,4,4,95,1027.5597834587097,Hit (Calc),3.953210513430804,0,2,Tuesday
mouse_1,2025-11-18,1500.0,4,4,96,1036.7597219944,Hit,0.1367145298174819,0,12,Tuesday
mouse_1,2025-11-18,1500.0,4,4,97,1047.4616465568542,Hit,1.4687372413636695,0,24,Tuesday
mouse_1,2025-11-18,1500.0,4,4,98,1058.6679034233093,Hit (Calc),1.990652071831164,0,5,Tuesday
mouse_1,2025-11-18,1500.0,4,4,99,1069.1187233924866,Miss,,0,4,Tuesday
mouse_1,2025-11-18,1500.0,4,4,100,1078.575270652771,False Alarm,,1,4,Tuesday
mouse_1,2025-11-18,1500.0,4,4,101,1090.0255591869354,Hit,0.49015780711897605,0,24,Tuesday
mouse_1,2025-11-18,1500.0,4,4,102,1100.4711554050446,Miss,,0,0,Tuesday
mouse_1,2025-11-18,1500.0,4,4,103,1110.6694340705872,Miss,,0,0,Tuesday
mouse_1,2025-11-18,1500.0,4,4,104,1121.618976354599,Miss,,0,0,Tuesday
mouse_1,2025-11-18,1500.0,4,4,105,1131.077852487564,Miss,,0,0,Tuesday
mouse_1,2025-11-18,1500.0,4,4,106,1141.5285856723785,Miss,,0,0,Tuesday
mouse_1,2025-11-18,1500.0,4,4,107,1151.7176294326782,Miss,,0,0,Tuesday
mouse_1,2025-11-18,1500.0,4,4,108,1162.6552510261536,Miss,,0,0,Tuesday
mouse_1,2025-11-18,1500.0,4,4,109,1172.0975759029388,Miss,,0,0,Tuesday
mouse_1,2025-11-18,1500.0,4,4,110,1181.7973001003265,Hit,1.2521684254518277,0,11,Tuesday
mouse_1,2025-11-18,1500.0,4,4,111,1192.9904322624207,Miss,,0,3,Tuesday
mouse_1,2025-11-18,1500.0,4,4,112,1202.687572479248,False Alarm,,1,5,Tuesday
mouse_1,2025-11-18,1500.0,4,4,113,1217.6350011825562,Miss,,0,0,Tuesday
mouse_1,2025-11-18,1500.0,4,4,114,1227.577183008194,Miss,,0,0,Tuesday
mouse_1,2025-11-18,1500.0,4,4,115,1236.7773830890656,Miss,,0,0,Tuesday
mouse_1,2025-11-18,1500.0,4,4,116,1246.4669427871704,Hit,1.4793638051944527,0,7,Tuesday
mouse_1,2025-11-18,1500.0,4,4,117,1257.910521030426,Miss,,0,5,Tuesday
mouse_1,2025-11-18,1500.0,4,4,118,1269.1075394153595,Hit,0.3776899097497335,0,11,Tuesday
mouse_1,2025-11-18,1500.0,4,4,119,1278.800462961197,Miss,,0,0,Tuesday
mouse_1,2025-11-18,1500.0,4,4,120,1288.2469096183777,Hit (Calc),3.856484862702473,0,3,Tuesday
mouse_1,2025-11-18,1500.0,4,4,121,1297.9466483592987,Miss,,0,0,Tuesday
mouse_1,2025-11-18,1500.0,4,4,122,1307.1371502876282,Miss,,0,0,Tuesday
mouse_1,2025-11-18,1500.0,4,4,123,1317.595208644867,Miss,,0,0,Tuesday
mouse_1,2025-11-18,1500.0,4,4,124,1328.7883803844452,Miss,,0,0,Tuesday
mouse_1,2025-11-18,1500.0,4,4,125,1338.9874873161316,Miss,,0,0,Tuesday
mouse_1,2025-11-18,1500.0,4,4,126,1348.1878943443298,Miss,,0,0,Tuesday
mouse_1,2025-11-18,1500.0,4,4,127,1357.8862998485565,Miss,,0,0,Tuesday
mouse_1,2025-11-18,1500.0,4,4,128,1367.5852282047272,Miss,,0,0,Tuesday
mouse_1,2025-11-18,1500.0,4,4,129,1377.023912191391,Miss,,0,0,Tuesday
mouse_1,2025-11-18,1500.0,4,4,130,1386.463387966156,Miss,,0,0,Tuesday
mouse_1,2025-11-18,1500.0,4,4,131,1396.4073240756989,Hit,1.1977772193549754,0,20,Tuesday
mouse_1,2025-11-18,1500.0,4,4,132,1407.105229139328,Miss,,0,0,Tuesday
mouse_1,2025-11-18,1500.0,4,4,133,1418.0461297035217,Miss,,0,0,Tuesday
mouse_1,2025-11-18,1500.0,4,4,134,1428.987244606018,Miss,,0,0,Tuesday
mouse_1,2025-11-18,1500.0,4,4,135,1439.925892829895,Hit (Calc),1.8782449401865051,0,5,Tuesday
mouse_1,2025-11-18,1500.0,4,4,136,1449.8658320903778,Miss,,0,0,Tuesday
mouse_1,2025-11-18,1500.0,4,4,137,1459.055799484253,Miss,,0,0,Tuesday
mouse_1,2025-11-18,1500.0,4,4,138,1468.5157752037048,Miss,,0,0,Tuesday
mouse_1,2025-11-18,1500.0,4,4,139,1478.9734807014465,Miss,,0,0,Tuesday
mouse_1,2025-11-18,1500.0,4,4,140,1489.6758098602295,Miss,,0,0,Tuesday
mouse_1,2025-11-18,1500.0,4,4,141,1499.8756675720215,Miss,,0,0,Tuesday
mouse_1,2025-11-18,1500.0,4,4,142,1509.085556268692,Miss,,0,0,Tuesday
mouse_1,2025-11-18,1500.0,4,4,143,1519.2755334377289,False Alarm,,1,4,Tuesday
mouse_1,2025-11-18,1500.0,4,4,144,1536.7323343753815,Miss,,0,0,Tuesday
mouse_1,2025-11-18,1500.0,4,4,145,1546.6756463050842,Miss,,0,0,Tuesday
mouse_1,2025-11-18,1500.0,4,4,146,1556.1256012916565,Hit,0.5290518013064229,0,13,Tuesday
mouse_1,2025-11-18,1500.0,4,4,147,1566.328208208084,Hit,0.24135455345890477,0,13,Tuesday
mouse_1,2025-11-18,1500.0,4,4,148,1576.0254700183868,Miss,,0,0,Tuesday
mouse_1,2025-11-18,1500.0,4,4,149,1586.476001739502,Miss,,0,0,Tuesday
mouse_1,2025-11-18,1500.0,4,4,150,1596.9351150989532,Miss,,0,0,Tuesday
mouse_1,2025-11-18,1500.0,4,4,151,1606.3950440883636,Miss,,0,0,Tuesday
mouse_1,2025-11-18,1500.0,4,4,152,1616.0950424671173,Miss,,0,0,Tuesday
mouse_1,2025-11-18,1500.0,4,4,153,1626.0428049564362,Miss,,0,0,Tuesday
mouse_1,2025-11-18,1500.0,4,4,154,1635.7424292564392,Miss,,0,0,Tuesday
mouse_1,2025-11-18,1500.0,4,4,155,1645.9343526363373,Miss,,0,0,Tuesday
mouse_1,2025-11-18,1500.0,4,4,156,1655.3746230602264,Miss,,0,0,Tuesday
mouse_1,2025-11-18,1500.0,4,4,157,1665.0759773254395,Hit,1.3812477956612383,0,9,Tuesday
mouse_1,2025-11-18,1500.0,4,4,158,1676.028148651123,Miss,,0,2,Tuesday
mouse_1,2025-11-18,1500.0,4,4,159,1685.7246975898743,False Alarm,,1,2,Tuesday
mouse_1,2025-11-18,1500.0,4,4,160,1698.1752579212189,Miss,,0,0,Tuesday
mouse_1,2025-11-18,1500.0,4,4,161,1708.6250789165497,Miss,,0,0,Tuesday
mouse_1,2025-11-18,1500.0,4,4,162,1718.3243553638458,Miss,,0,0,Tuesday
mouse_1,2025-11-18,1500.0,4,4,163,1728.7839250564575,Miss,,0,0,Tuesday
mouse_1,2025-11-18,1500.0,4,4,164,1739.2338633537292,Miss,,0,0,Tuesday
mouse_1,2025-11-18,1500.0,4,4,165,1748.924616575241,Miss,,0,0,Tuesday
mouse_1,2025-11-18,1500.0,4,4,166,1759.6239533424377,Hit,1.449888392601224,0,14,Tuesday
mouse_1,2025-11-18,1500.0,4,4,167,1771.5672016143799,Miss,,0,0,Tuesday
mouse_1,2025-11-18,1500.0,4,4,168,1781.5239973068237,Miss,,0,0,Tuesday
mouse_1,2025-11-18,1500.0,4,4,169,1792.22381067276,Miss,,0,0,Tuesday
mouse_1,2025-11-18,1500.0,4,4,170,1802.4340133666992,Miss,,0,0,Tuesday
mouse_1,2025-11-19,1500.0,4,5,1,0.33101558685302734,Miss,,0,4,Wednesday
mouse_1,2025-11-19,1500.0,4,5,2,9.780649423599243,False Alarm,,1,9,Wednesday
mouse_1,2025-11-19,1500.0,4,5,3,23.730506658554077,False Alarm,,1,4,Wednesday
mouse_1,2025-11-19,1500.0,4,5,4,38.1853768825531,Hit,0.7077965141410374,0,94,Wednesday
mouse_1,2025-11-19,1500.0,4,5,5,48.88015794754028,False Alarm,,1,53,Wednesday
mouse_1,2025-11-19,1500.0,4,5,6,59.07007050514221,False Alarm,,1,4,Wednesday
mouse_1,2025-11-19,1500.0,4,5,7,73.02675342559814,Hit,0.7322746196256986,0,91,Wednesday
mouse_1,2025-11-19,1500.0,4,5,8,83.99323916435242,False Alarm,,1,45,Wednesday
mouse_1,2025-11-19,1500.0,4,5,9,94.19086575508118,False Alarm,,1,1,Wednesday
mouse_1,2025-11-19,1500.0,4,5,10,105.64698505401611,False Alarm,,1,6,Wednesday
mouse_1,2025-11-19,1500.0,4,5,11,123.11724424362183,False Alarm,,1,3,Wednesday
mouse_1,2025-11-19,1500.0,4,5,12,136.32671689987183,Hit,0.5656686599484715,0,60,Wednesday
mouse_1,2025-11-19,1500.0,4,5,13,146.77044081687927,False Alarm,,1,11,Wednesday
mouse_1,2025-11-19,1500.0,4,5,14,156.98315906524658,Miss,,0,3,Wednesday
mouse_1,2025-11-19,1500.0,4,5,15,166.6800844669342,False Alarm,,1,7,Wednesday
mouse_1,2025-11-19,1500.0,4,5,16,181.13645219802856,Hit,0.3489926808632049,0,43,Wednesday
mouse_1,2025-11-19,1500.0,4,5,17,190.83213329315186,Miss,,0,0,Wednesday
mouse_1,2025-11-19,1500.0,4,5,18,201.2795069217682,Hit,0.961872032740871,0,31,Wednesday
mouse_1,2025-11-19,1500.0,4,5,19,212.22898268699646,False Alarm,,1,7,Wednesday
mouse_1,2025-11-19,1500.0,4,5,20,225.92132687568665,Hit,0.20772921619007434,0,72,Wednesday
mouse_1,2025-11-19,1500.0,4,5,21,235.62267208099365,False Alarm,,1,26,Wednesday
mouse_1,2025-11-19,1500.0,4,5,22,245.83654856681824,Hit,0.2673013032045617,0,89,Wednesday
mouse_1,2025-11-19,1500.0,4,5,23,256.784854888916,False Alarm,,1,42,Wednesday
mouse_1,2025-11-19,1500.0,4,5,24,266.986474275589,Hit,0.8274120729487322,0,95,Wednesday
mouse_1,2025-11-19,1500.0,4,5,25,277.69241666793823,False Alarm,,1,108,Wednesday
mouse_1,2025-11-19,1500.0,4,5,26,287.8964829444885,False Alarm,,1,18,Wednesday
mouse_1,2025-11-19,1500.0,4,5,27,298.0962975025177,False Alarm,,1,6,Wednesday
mouse_1,2025-11-19,1500.0,4,5,28,309.79618096351624,False Alarm,,1,6,Wednesday
mouse_1,2025-11-19,1500.0,4,5,29,321.9899277687073,False Alarm,,1,8,Wednesday
mouse_1,2025-11-19,1500.0,4,5,30,333.19021487236023,False Alarm,,1,4,Wednesday
mouse_1,2025-11-19,1500.0,4,5,31,346.89601945877075,Miss,,0,0,Wednesday
mouse_1,2025-11-19,1500.0,4,5,32,356.6012763977051,Hit,0.6717070728792578,0,82,Wednesday
mouse_1,2025-11-19,1500.0,4,5,33,367.79987931251526,False Alarm,,1,34,Wednesday
mouse_1,2025-11-19,1500.0,4,5,34,378.00785207748413,Hit,0.05597859340372224,0,95,Wednesday
mouse_1,2025-11-19,1500.0,4,5,35,388.46823239326477,False Alarm,,1,48,Wednesday
mouse_1,2025-11-19,1500.0,4,5,36,398.6621980667114,Hit,1.4315851386830332,0,46,Wednesday
mouse_1,2025-11-19,1500.0,4,5,37,410.36190819740295,Hit,0.22971433328041257,0,29,Wednesday
mouse_1,2025-11-19,1500.0,4,5,38,421.56186723709106,Hit,1.1355923222237152,0,18,Wednesday
mouse_1,2025-11-19,1500.0,4,5,39,433.76094913482666,Hit,0.4126745941056811,0,40,Wednesday
mouse_1,2025-11-19,1500.0,4,5,40,444.46133732795715,False Alarm,,1,7,Wednesday
mouse_1,2025-11-19,1500.0,4,5,41,457.91559767723083,Hit,0.4317929321248357,0,73,Wednesday
mouse_1,2025-11-19,1500.0,4,5,42,468.6112902164459,False Alarm,,1,28,Wednesday
mouse_1,2025-11-19,1500.0,4,5,43,478.8253650665283,False Alarm,,1,8,Wednesday
mouse_1,2025-11-19,1500.0,4,5,44,491.7855079174042,False Alarm,,1,4,Wednesday
mouse_1,2025-11-19,1500.0,4,5,45,504.98561573028564,Hit,1.1567971984694623,0,87,Wednesday
mouse_1,2025-11-19,1500.0,4,5,46,515.4399874210358,False Alarm,,1,38,Wednesday
mouse_1,2025-11-19,1500.0,4,5,47,525.6551485061646,Hit,0.016526463019431503,0,53,Wednesday
mouse_1,2025-11-19,1500.0,4,5,48,536.5980892181396,False Alarm,,1,7,Wednesday
mouse_1,2025-11-19,1500.0,4,5,49,547.5648317337036,False Alarm,,1,5,Wednesday
mouse_1,2025-11-19,1500.0,4,5,50,557.7655503749847,False Alarm,,1,4,Wednesday
mouse_1,2025-11-19,1500.0,4,5,51,570.2247006893158,Hit,1.3769354109001597,0,99,Wednesday
mouse_1,2025-11-19,1500.0,4,5,52,581.1700792312622,False Alarm,,1,59,Wednesday
mouse_1,2025-11-19,1500.0,4,5,53,591.380156993866,Hit,0.0729674534395599,0,48,Wednesday
mouse_1,2025-11-19,1500.0,4,5,54,601.5799067020416,Hit,0.6045852869722239,0,16,Wednesday
mouse_1,2025-11-19,1500.0,4,5,55,611.5401482582092,Hit,1.7820268051897301,0,51,Wednesday
mouse_1,2025-11-19,1500.0,4,5,56,624.4992306232452,False Alarm,,1,3,Wednesday
mouse_1,2025-11-19,1500.0,4,5,57,634.6947634220123,False Alarm,,1,4,Wednesday
mouse_1,2025-11-19,1500.0,4,5,58,652.1447398662567,Hit,1.6619004161881321,0,86,Wednesday
mouse_1,2025-11-19,1500.0,4,5,59,663.8401799201965,False Alarm,,1,37,Wednesday
mouse_1,2025-11-19,1500.0,4,5,60,674.0348401069641,Hit,1.5889166642882628,0,66,Wednesday
mouse_1,2025-11-19,1500.0,4,5,61,684.9858658313751,False Alarm,,1,21,Wednesday
mouse_1,2025-11-19,1500.0,4,5,62,695.1843333244324,False Alarm,,1,5,Wednesday
mouse_1,2025-11-19,1500.0,4,5,63,709.8856811523438,Miss,,0,0,Wednesday
mouse_1,2025-11-19,1500.0,4,5,64,720.0876398086548,Hit,1.3218931722999514,0,98,Wednesday
mouse_1,2025-11-19,1500.0,4,5,65,731.2800161838531,False Alarm,,1,51,Wednesday
mouse_1,2025-11-19,1500.0,4,5,66,741.4881873130798,Hit,0.6737394638336127,0,33,Wednesday
mouse_1,2025-11-19,1500.0,4,5,67,752.1902661323547,False Alarm,,1,3,Wednesday
mouse_1,2025-11-19,1500.0,4,5,68,765.390053987503,Hit,0.4991230223703269,0,95,Wednesday
mouse_1,2025-11-19,1500.0,4,5,69,775.8495893478394,False Alarm,,1,68,Wednesday
mouse_1,2025-11-19,1500.0,4,5,70,786.06365275383,Hit,0.40478238417028933,0,13,Wednesday
mouse_1,2025-11-19,1500.0,4,5,71,796.5192859172821,Miss,,0,0,Wednesday
mouse_1,2025-11-19,1500.0,4,5,72,805.9768884181976,Hit,1.020576181048682,0,44,Wednesday
mouse_1,2025-11-19,1500.0,4,5,73,816.1794488430023,Hit,0.569266012670596,0,30,Wednesday
mouse_1,2025-11-19,1500.0,4,5,74,826.6297063827515,Hit,0.5038719892058907,0,20,Wednesday
mouse_1,2025-11-19,1500.0,4,5,75,838.0750274658203,Miss,,0,1,Wednesday
mouse_1,2025-11-19,1500.0,4,5,76,848.2862203121185,False Alarm,,1,4,Wednesday
mouse_1,2025-11-19,1500.0,4,5,77,860.7434663772583,False Alarm,,1,7,Wednesday
mouse_1,2025-11-19,1500.0,4,5,78,872.2033541202545,False Alarm,,1,6,Wednesday
mouse_1,2025-11-19,1500.0,4,5,79,883.6445031166077,False Alarm,,1,5,Wednesday
mouse_1,2025-11-19,1500.0,4,5,80,898.3532342910767,Hit,0.6266355008801838,0,17,Wednesday
mouse_1,2025-11-19,1500.0,4,5,81,909.5691335201263,Hit,1.7176468359157298,0,19,Wednesday
mouse_1,2025-11-19,1500.0,4,5,82,921.0145909786224,False Alarm,,1,10,Wednesday
mouse_1,2025-11-19,1500.0,4,5,83,938.9540276527405,Hit,0.39038768389889356,0,16,Wednesday
mouse_1,2025-11-19,1500.0,4,5,84,948.6584849357605,Hit,0.19550224712406816,0,20,Wednesday
mouse_1,2025-11-19,1500.0,4,5,85,959.8689939975739,False Alarm,,1,9,Wednesday
mouse_1,2025-11-19,1500.0,4,5,86,970.832601070404,Hit,1.2189819274160527,0,19,Wednesday
mouse_1,2025-11-19,1500.0,4,5,87,981.2784178256989,Miss,,0,0,Wednesday
mouse_1,2025-11-19,1500.0,4,5,88,991.4755823612213,Miss,,0,0,Wednesday
mouse_1,2025-11-19,1500.0,4,5,89,1002.1657567024231,Miss,,0,0,Wednesday
mouse_1,2025-11-19,1500.0,4,5,90,1013.1154606342316,Miss,,0,0,Wednesday
mouse_1,2025-11-19,1500.0,4,5,91,1024.055551290512,Hit,1.6104468134078616,0,97,Wednesday
mouse_1,2025-11-19,1500.0,4,5,92,1036.2681062221527,False Alarm,,1,69,Wednesday
mouse_1,2025-11-19,1500.0,4,5,93,1046.480066537857,Hit,0.7246525876330452,0,15,Wednesday
mouse_1,2025-11-19,1500.0,4,5,94,1056.6786291599274,Miss,,0,0,Wednesday
mouse_1,2025-11-19,1500.0,4,5,95,1067.1355593204498,Hit,0.9540767856722141,0,95,Wednesday
mouse_1,2025-11-19,1500.0,4,5,96,1077.3382904529572,False Alarm,,1,48,Wednesday
mouse_1,2025-11-19,1500.0,4,5,97,1087.54265999794,Hit,0.9015344645222285,0,15,Wednesday
mouse_1,2025-11-19,1500.0,4,5,98,1098.2586526870728,False Alarm,,1,3,Wednesday
mouse_1,2025-11-19,1500.0,4,5,99,1111.972580909729,Miss,,0,0,Wednesday
mouse_1,2025-11-19,1500.0,4,5,100,1122.6654818058014,Miss,,0,0,Wednesday
mouse_1,2025-11-19,1500.0,4,5,101,1132.116783618927,Hit,0.23028195226675052,0,96,Wednesday
mouse_1,2025-11-19,1500.0,4,5,102,1142.3173263072968,False Alarm,,1,78,Wednesday
mouse_1,2025-11-19,1500.0,4,5,103,1152.531568288803,Miss,,0,0,Wednesday
mouse_1,2025-11-19,1500.0,4,5,104,1162.9753811359406,Hit,0.9606884729653302,0,15,Wednesday
mouse_1,2025-11-19,1500.0,4,5,105,1174.927597284317,Miss,,0,0,Wednesday
mouse_1,2025-11-19,1500.0,4,5,106,1185.8856477737427,Hit,0.10195586384884336,0,56,Wednesday
mouse_1,2025-11-19,1500.0,4,5,107,1196.0776431560516,False Alarm,,1,7,Wednesday
mouse_1,2025-11-19,1500.0,4,5,108,1206.2820086479187,Miss,,0,3,Wednesday
mouse_1,2025-11-19,1500.0,4,5,109,1215.4850928783417,False Alarm,,1,3,Wednesday
mouse_1,2025-11-19,1500.0,4,5,110,1227.9527757167816,Hit,0.46195367923724007,0,69,Wednesday
mouse_1,2025-11-19,1500.0,4,5,111,1238.1576461791992,False Alarm,,1,20,Wednesday
mouse_1,2025-11-19,1500.0,4,5,112,1248.3712575435638,Miss,,0,0,Wednesday
mouse_1,2025-11-19,1500.0,4,5,113,1258.5751993656158,Hit,0.4608434662734453,0,69,Wednesday
mouse_1,2025-11-19,1500.0,4,5,114,1268.7671794891357,False Alarm,,1,21,Wednesday
mouse_1,2025-11-19,1500.0,4,5,115,1278.9698138237,Hit (Calc),4.397618002659328,0,4,Wednesday
mouse_1,2025-11-19,1500.0,4,5,116,1288.4141273498535,Miss,,0,0,Wednesday
mouse_1,2025-11-19,1500.0,4,5,117,1298.1118319034576,Miss,,0,0,Wednesday
mouse_1,2025-11-19,1500.0,4,5,118,1309.054173707962,Miss,,0,0,Wednesday
mouse_1,2025-11-19,1500.0,4,5,119,1318.753915309906,Miss,,0,0,Wednesday
mouse_1,2025-11-19,1500.0,4,5,120,1329.7017064094543,Miss,,0,0,Wednesday
mouse_1,2025-11-19,1500.0,4,5,121,1339.153491973877,Hit,1.441605983462523,0,77,Wednesday
mouse_1,2025-11-19,1500.0,4,5,122,1351.1061744689941,False Alarm,,1,32,Wednesday
mouse_1,2025-11-19,1500.0,4,5,123,1361.32000374794,False Alarm,,1,4,Wednesday
mouse_1,2025-11-19,1500.0,4,5,124,1372.761417388916,Hit,1.5565369868750167,0,5,Wednesday
mouse_1,2025-11-19,1500.0,4,5,125,1384.9564068317413,Miss,,0,3,Wednesday
mouse_1,2025-11-19,1500.0,4,5,126,1394.6538043022156,False Alarm,,1,8,Wednesday
mouse_1,2025-11-19,1500.0,4,5,127,1408.3671915531158,Hit,0.02870714901678184,0,18,Wednesday
mouse_1,2025-11-19,1500.0,4,5,128,1417.8262588977814,False Alarm,,1,4,Wednesday
mouse_1,2025-11-19,1500.0,4,5,129,1430.79012799263,Miss,,0,0,Wednesday
mouse_1,2025-11-19,1500.0,4,5,130,1441.2334430217743,Hit,1.0547324858166576,0,13,Wednesday
mouse_1,2025-11-19,1500.0,4,5,131,1452.9365706443787,Hit,0.5116778203437207,0,25,Wednesday
mouse_1,2025-11-19,1500.0,4,5,132,1463.3969430923462,False Alarm,,1,4,Wednesday
mouse_1,2025-11-19,1500.0,4,5,133,1474.8484349250793,Hit,0.5288538166435046,0,55,Wednesday
mouse_1,2025-11-19,1500.0,4,5,134,1485.7959575653076,False Alarm,,1,9,Wednesday
mouse_1,2025-11-19,1500.0,4,5,135,1496.0001692771912,False Alarm,,1,3,Wednesday
mouse_1,2025-11-19,1500.0,4,5,136,1507.69983792305,Hit,0.4329281093835107,0,16,Wednesday
mouse_1,2025-11-19,1500.0,4,5,137,1518.395450592041,Hit,0.7277507091116604,0,30,Wednesday
mouse_1,2025-11-19,1500.0,4,5,138,1528.5911705493927,Hit (Calc),2.6290757391993793,0,4,Wednesday
mouse_1,2025-11-19,1500.0,4,5,139,1537.7915585041046,Miss,,0,0,Wednesday
mouse_1,2025-11-19,1500.0,4,5,140,1546.9929716587067,Hit,0.33237527295295877,0,13,Wednesday
mouse_1,2025-11-19,1500.0,4,5,141,1558.4453752040863,Miss,,0,4,Wednesday
mouse_1,2025-11-19,1500.0,4,5,142,1568.1398990154266,False Alarm,,1,4,Wednesday
mouse_1,2025-11-19,1500.0,4,5,143,1581.0911428928375,Miss,,0,0,Wednesday
mouse_1,2025-11-19,1500.0,4,5,144,1591.5522232055664,Miss,,0,0,Wednesday
mouse_1,2025-11-19,1500.0,4,5,145,1601.500056028366,Miss,,0,3,Wednesday
mouse_1,2025-11-19,1500.0,4,5,146,1611.4511499404907,Hit,0.21134644954145188,0,13,Wednesday
mouse_1,2025-11-19,1500.0,4,5,147,1621.4050436019897,Hit,0.5454593118738558,0,15,Wednesday
mouse_1,2025-11-19,1500.0,4,5,148,1631.3554320335388,Hit,1.5020173168843485,0,11,Wednesday
mouse_1,2025-11-19,1500.0,4,5,149,1643.3150537014008,Hit,0.018525828923884546,0,20,Wednesday
mouse_1,2025-11-19,1500.0,4,5,150,1654.0145874023438,Hit,1.168668833092397,0,20,Wednesday
mouse_1,2025-11-19,1500.0,4,5,151,1665.7153451442719,False Alarm,,1,4,Wednesday
mouse_1,2025-11-19,1500.0,4,5,152,1679.9206969738007,Miss,,0,2,Wednesday
mouse_1,2025-11-19,1500.0,4,5,153,1690.1321535110474,Hit,0.30728914046085265,0,33,Wednesday
mouse_1,2025-11-19,1500.0,4,5,154,1700.0744395256042,Miss,,0,0,Wednesday
mouse_1,2025-11-19,1500.0,4,5,155,1710.2722880840302,Miss,,0,0,Wednesday
mouse_1,2025-11-19,1500.0,4,5,156,1719.9699411392212,Hit,0.20939891971352154,0,11,Wednesday
mouse_1,2025-11-19,1500.0,4,5,157,1730.1647698879242,Miss,,0,0,Wednesday
mouse_1,2025-11-19,1500.0,4,5,158,1740.6117734909058,Hit (Calc),1.8544906972979334,0,4,Wednesday
mouse_1,2025-11-19,1500.0,4,5,159,1749.812224149704,Hit,0.4692763768603072,0,15,Wednesday
mouse_1,2025-11-19,1500.0,4,5,160,1760.274043560028,Miss,,0,0,Wednesday
mouse_1,2025-11-19,1500.0,4,5,161,1770.4831247329712,Miss,,0,0,Wednesday
mouse_1,2025-11-19,1500.0,4,5,162,1779.6820468902588,Hit,1.5759064785852388,0,14,Wednesday
mouse_1,2025-11-19,1500.0,4,5,163,1790.634039402008,Miss,,0,0,Wednesday
mouse_1,2025-11-19,1500.0,4,5,164,1800.340107679367,Miss,,0,0,Wednesday
mouse_1,2025-11-20,1500.0,4,6,1,0.357954740524292,Hit,1.4155693546252754,0,77,Thursday
mouse_1,2025-11-20,1500.0,4,6,2,12.313453435897827,False Alarm,,1,35,Thursday
mouse_1,2025-11-20,1500.0,4,6,3,22.52365779876709,False Alarm,,1,5,Thursday
mouse_1,2025-11-20,1500.0,4,6,4,34.22926950454712,Miss,,0,0,Thursday
mouse_1,2025-11-20,1500.0,4,6,5,45.181785106658936,Hit (Calc),3.104536169357253,0,3,Thursday
mouse_1,2025-11-20,1500.0,4,6,6,54.8819522857666,Hit,0.7058364658966383,0,87,Thursday
mouse_1,2025-11-20,1500.0,4,6,7,65.3350305557251,False Alarm,,1,40,Thursday
mouse_1,2025-11-20,1500.0,4,6,8,75.53840637207031,False Alarm,,1,5,Thursday
mouse_1,2025-11-20,1500.0,4,6,9,90.75339078903198,Hit,0.22315729998261702,0,18,Thursday
mouse_1,2025-11-20,1500.0,4,6,10,101.95451855659485,Hit,0.1731078240180608,0,92,Thursday
mouse_1,2025-11-20,1500.0,4,6,11,113.15354347229004,False Alarm,,1,46,Thursday
mouse_1,2025-11-20,1500.0,4,6,12,123.36789989471436,Hit,0.7306229644741364,0,47,Thursday
mouse_1,2025-11-20,1500.0,4,6,13,133.3238034248352,Hit,0.5910188340037905,0,80,Thursday
mouse_1,2025-11-20,1500.0,4,6,14,144.7732217311859,False Alarm,,1,40,Thursday
mouse_1,2025-11-20,1500.0,4,6,15,154.9782235622406,Hit,0.0015314342048782237,0,54,Thursday
mouse_1,2025-11-20,1500.0,4,6,16,164.6837408542633,False Alarm,,1,10,Thursday
mouse_1,2025-11-20,1500.0,4,6,17,174.87820744514465,False Alarm,,1,7,Thursday
mouse_1,2025-11-20,1500.0,4,6,18,186.08341312408447,False Alarm,,1,4,Thursday
mouse_1,2025-11-20,1500.0,4,6,19,197.78835701942444,Hit,0.8706748364820669,0,50,Thursday
mouse_1,2025-11-20,1500.0,4,6,20,208.23366045951843,Hit,0.4534945721276813,0,25,Thursday
mouse_1,2025-11-20,1500.0,4,6,21,218.1827540397644,False Alarm,,1,8,Thursday
mouse_1,2025-11-20,1500.0,4,6,22,231.6436059474945,False Alarm,,1,6,Thursday
mouse_1,2025-11-20,1500.0,4,6,23,245.84649658203125,False Alarm,,1,3,Thursday
mouse_1,2025-11-20,1500.0,4,6,24,258.0572156906128,Hit,0.36664005202686667,0,73,Thursday
mouse_1,2025-11-20,1500.0,4,6,25,268.51303482055664,False Alarm,,1,25,Thursday
mouse_1,2025-11-20,1500.0,4,6,26,278.72694158554077,False Alarm,,1,3,Thursday
mouse_1,2025-11-20,1500.0,4,6,27,290.9367413520813,Hit,0.7050821921450279,0,44,Thursday
mouse_1,2025-11-20,1500.0,4,6,28,300.9032464027405,Hit,0.3041736679637097,0,64,Thursday
mouse_1,2025-11-20,1500.0,4,6,29,310.85203886032104,False Alarm,,1,19,Thursday
mouse_1,2025-11-20,1500.0,4,6,30,321.05826568603516,False Alarm,,1,4,Thursday
mouse_1,2025-11-20,1500.0,4,6,31,335.2574110031128,Hit,0.30536214724179445,0,92,Thursday
mouse_1,2025-11-20,1500.0,4,6,32,345.9618628025055,False Alarm,,1,43,Thursday
mouse_1,2025-11-20,1500.0,4,6,33,356.1767454147339,Hit,0.2730807278829275,0,67,Thursday
mouse_1,2025-11-20,1500.0,4,6,34,367.1420261859894,False Alarm,,1,24,Thursday
mouse_1,2025-11-20,1500.0,4,6,35,377.3468861579895,False Alarm,,1,4,Thursday
mouse_1,2025-11-20,1500.0,4,6,36,390.30641293525696,False Alarm,,1,4,Thursday
mouse_1,2025-11-20,1500.0,4,6,37,407.25999331474304,Hit,1.0739592068855472,0,38,Thursday
mouse_1,2025-11-20,1500.0,4,6,38,417.4728546142578,Hit,0.7970080209157118,0,73,Thursday
mouse_1,2025-11-20,1500.0,4,6,39,429.16678738594055,False Alarm,,1,28,Thursday
mouse_1,2025-11-20,1500.0,4,6,40,439.3861765861511,False Alarm,,1,3,Thursday
mouse_1,2025-11-20,1500.0,4,6,41,453.6059834957123,Hit,1.01096566110499,0,20,Thursday
mouse_1,2025-11-20,1500.0,4,6,42,465.3113784790039,Hit (Calc),3.047301654699595,0,3,Thursday
mouse_1,2025-11-20,1500.0,4,6,43,475.50868701934814,Hit,0.7218982632852544,0,60,Thursday
mouse_1,2025-11-20,1500.0,4,6,44,485.95052790641785,False Alarm,,1,10,Thursday
mouse_1,2025-11-20,1500.0,4,6,45,496.1649889945984,Hit,1.6887715284216256,0,25,Thursday
mouse_1,2025-11-20,1500.0,4,6,46,507.3708815574646,False Alarm,,1,4,Thursday
mouse_1,2025-11-20,1500.0,4,6,47,521.5751295089722,Miss,,0,0,Thursday
mouse_1,2025-11-20,1500.0,4,6,48,531.2679851055145,Hit,0.4927093519627306,0,74,Thursday
mouse_1,2025-11-20,1500.0,4,6,49,542.2177810668945,False Alarm,,1,27,Thursday
mouse_1,2025-11-20,1500.0,4,6,50,552.4247946739197,Hit (Calc),2.2027784417988414,0,4,Thursday
mouse_1,2025-11-20,1500.0,4,6,51,563.3780298233032,Hit (Calc),3.9386031348577717,0,5,Thursday
mouse_1,2025-11-20,1500.0,4,6,52,573.8377361297607,Hit,0.2928783756702842,0,9,Thursday
mouse_1,2025-11-20,1500.0,4,6,53,583.8009858131409,Hit (Calc),1.8774195303868737,0,4,Thursday
mouse_1,2025-11-20,1500.0,4,6,54,593.756908416748,Hit,0.0028686000019888525,0,31,Thursday
mouse_1,2025-11-20,1500.0,4,6,55,603.9620885848999,Hit,0.6576494241764976,0,37,Thursday
mouse_1,2025-11-20,1500.0,4,6,56,614.9100520610809,Hit,1.2132890548714386,0,48,Thursday
mouse_1,2025-11-20,1500.0,4,6,57,625.6092915534973,Hit,1.4524865476645346,0,39,Thursday
mouse_1,2025-11-20,1500.0,4,6,58,636.3095424175262,Hit,0.5878288222992296,0,40,Thursday
mouse_1,2025-11-20,1500.0,4,6,59,648.0195059776306,Hit,0.41392577248939233,0,35,Thursday
mouse_1,2025-11-20,1500.0,4,6,60,657.7295534610748,Hit,1.0135358397642449,0,96,Thursday
mouse_1,2025-11-20,1500.0,4,6,61,669.4293479919434,False Alarm,,1,70,Thursday
mouse_1,2025-11-20,1500.0,4,6,62,679.6237239837646,Hit (Calc),2.302105724361695,0,4,Thursday
mouse_1,2025-11-20,1500.0,4,6,63,689.3268496990204,Hit,0.6912028587048553,0,11,Thursday
mouse_1,2025-11-20,1500.0,4,6,64,701.0284297466278,Miss,,0,0,Thursday
mouse_1,2025-11-20,1500.0,4,6,65,710.9758462905884,Hit,1.001811228565657,0,38,Thursday
mouse_1,2025-11-20,1500.0,4,6,66,721.4138674736023,Hit,1.1980858592036157,0,73,Thursday
mouse_1,2025-11-20,1500.0,4,6,67,733.128472328186,False Alarm,,1,24,Thursday
mouse_1,2025-11-20,1500.0,4,6,68,743.3333067893982,Miss,,0,0,Thursday
mouse_1,2025-11-20,1500.0,4,6,69,754.2760977745056,Hit,1.2193264917908664,0,11,Thursday
mouse_1,2025-11-20,1500.0,4,6,70,764.9789867401123,Hit,0.57888677929202,0,27,Thursday
mouse_1,2025-11-20,1500.0,4,6,71,775.4381928443909,Miss,,0,0,Thursday
mouse_1,2025-11-20,1500.0,4,6,72,786.135820388794,Hit,1.3216082908775206,0,14,Thursday
mouse_1,2025-11-20,1500.0,4,6,73,798.5881509780884,Miss,,0,0,Thursday
mouse_1,2025-11-20,1500.0,4,6,74,809.0357184410095,Miss,,0,0,Thursday
mouse_1,2025-11-20,1500.0,4,6,75,819.2455904483795,Miss,,0,0,Thursday
mouse_1,2025-11-20,1500.0,4,6,76,829.7059051990509,Hit,1.5095780563254948,0,15,Thursday
mouse_1,2025-11-20,1500.0,4,6,77,840.9088459014893,Hit,0.5904026735609023,0,18,Thursday
mouse_1,2025-11-20,1500.0,4,6,78,850.6084265708923,False Alarm,,1,5,Thursday
mouse_1,2025-11-20,1500.0,4,6,79,861.8120815753937,Hit,0.34241756282733604,0,6,Thursday
mouse_1,2025-11-20,1500.0,4,6,80,871.7585985660553,Miss,,0,0,Thursday
mouse_1,2025-11-20,1500.0,4,6,81,882.4549250602722,Miss,,0,0,Thursday
mouse_1,2025-11-20,1500.0,4,6,82,891.9050743579865,Hit,1.8159068630181991,0,7,Thursday
mouse_1,2025-11-20,1500.0,4,6,83,904.3633048534393,Miss,,0,0,Thursday
mouse_1,2025-11-20,1500.0,4,6,84,915.0549428462982,Miss,,0,0,Thursday
mouse_1,2025-11-20,1500.0,4,6,85,924.5135226249695,Miss,,0,0,Thursday
mouse_1,2025-11-20,1500.0,4,6,86,934.9744880199432,Hit,0.5857371714710098,0,69,Thursday
mouse_1,2025-11-20,1500.0,4,6,87,945.1733710765839,False Alarm,,1,20,Thursday
mouse_1,2025-11-20,1500.0,4,6,88,955.371545791626,Hit,0.6056634631702309,0,10,Thursday
mouse_1,2025-11-20,1500.0,4,6,89,965.8268325328827,Miss,,0,0,Thursday
mouse_1,2025-11-20,1500.0,4,6,90,976.7735171318054,Miss,,0,3,Thursday
mouse_1,2025-11-20,1500.0,4,6,91,986.7255945205688,False Alarm,,1,3,Thursday
mouse_1,2025-11-20,1500.0,4,6,92,999.9321517944336,Hit,0.5013823163180859,0,15,Thursday
mouse_1,2025-11-20,1500.0,4,6,93,1010.1478033065796,Miss,,0,0,Thursday
mouse_1,2025-11-20,1500.0,4,6,94,1020.5939314365387,Miss,,0,0,Thursday
mouse_1,2025-11-20,1500.0,4,6,95,1031.2940802574158,Miss,,0,0,Thursday
mouse_1,2025-11-20,1500.0,4,6,96,1040.9935359954834,Miss,,0,0,Thursday
mouse_1,2025-11-20,1500.0,4,6,97,1050.1940562725067,Miss,,0,0,Thursday
mouse_1,2025-11-20,1500.0,4,6,98,1060.1445384025574,Miss,,0,0,Thursday
mouse_1,2025-11-20,1500.0,4,6,99,1070.5938603878021,Miss,,0,0,Thursday
mouse_1,2025-11-20,1500.0,4,6,100,1081.5334603786469,Miss,,0,0,Thursday
mouse_1,2025-11-20,1500.0,4,6,101,1091.9829368591309,Miss,,0,0,Thursday
mouse_1,2025-11-20,1500.0,4,6,102,1101.6936099529266,Miss,,0,0,Thursday
mouse_1,2025-11-20,1500.0,4,6,103,1112.6531610488892,Miss,,0,0,Thursday
mouse_1,2025-11-20,1500.0,4,6,104,1123.3527138233185,Miss,,0,0,Thursday
mouse_1,2025-11-20,1500.0,4,6,105,1134.2898733615875,False Alarm,,1,5,Thursday
mouse_1,2025-11-20,1500.0,4,6,106,1149.9901325702667,Miss,,0,0,Thursday
mouse_1,2025-11-20,1500.0,4,6,107,1160.9426262378693,Hit,0.009022491476116556,0,9,Thursday
mouse_1,2025-11-20,1500.0,4,6,108,1171.6461906433105,Miss,,0,0,Thursday
mouse_1,2025-11-20,1500.0,4,6,109,1180.8522357940674,Miss,,0,0,Thursday
mouse_1,2025-11-20,1500.0,4,6,110,1190.292500257492,Miss,,0,0,Thursday
mouse_1,2025-11-20,1500.0,4,6,111,1200.7427442073822,Miss,,0,0,Thursday
mouse_1,2025-11-20,1500.0,4,6,112,1211.4421644210815,Miss,,0,0,Thursday
mouse_1,2025-11-20,1500.0,4,6,113,1221.6423454284668,Miss,,0,0,Thursday
mouse_1,2025-11-20,1500.0,4,6,114,1232.0917599201202,Hit,0.9000665210824081,0,15,Thursday
mouse_1,2025-11-20,1500.0,4,6,115,1242.7852680683136,Miss,,0,0,Thursday
mouse_1,2025-11-20,1500.0,4,6,116,1253.2421340942383,Miss,,0,0,Thursday
mouse_1,2025-11-20,1500.0,4,6,117,1263.6834273338318,Miss,,0,0,Thursday
mouse_1,2025-11-20,1500.0,4,6,118,1274.3820431232452,Miss,,0,0,Thursday
mouse_1,2025-11-20,1500.0,4,6,119,1283.5724112987518,Miss,,0,0,Thursday
mouse_1,2025-11-20,1500.0,4,6,120,1293.27019405365,Miss,,0,0,Thursday
mouse_1,2025-11-20,1500.0,4,6,121,1302.7117738723755,False Alarm,,1,4,Thursday
mouse_1,2025-11-20,1500.0,4,6,122,1318.159025669098,Miss,,0,0,Thursday
mouse_1,2025-11-20,1500.0,4,6,123,1328.863024711609,Miss,,0,0,Thursday
mouse_1,2025-11-20,1500.0,4,6,124,1339.562514781952,Miss,,0,0,Thursday
mouse_1,2025-11-20,1500.0,4,6,125,1349.769846200943,Miss,,0,0,Thursday
mouse_1,2025-11-20,1500.0,4,6,126,1359.961535692215,Miss,,0,0,Thursday
mouse_1,2025-11-20,1500.0,4,6,127,1369.4213383197784,Miss,,0,0,Thursday
mouse_1,2025-11-20,1500.0,4,6,128,1378.8710761070251,Miss,,0,0,Thursday
mouse_1,2025-11-20,1500.0,4,6,129,1388.321128129959,Miss,,0,0,Thursday
mouse_1,2025-11-20,1500.0,4,6,130,1398.7611372470856,Miss,,0,4,Thursday
mouse_1,2025-11-20,1500.0,4,6,131,1409.2118573188782,Hit,0.14124487612343728,0,14,Thursday
mouse_1,2025-11-20,1500.0,4,6,132,1418.9233222007751,Hit,0.16671037561241064,0,19,Thursday
mouse_1,2025-11-20,1500.0,4,6,133,1429.1238160133362,False Alarm,,1,4,Thursday
mouse_1,2025-11-20,1500.0,4,6,134,1440.837657213211,Hit (Calc),4.436488109773109,0,3,Thursday
mouse_1,2025-11-20,1500.0,4,6,135,1451.2905826568604,Miss,,0,0,Thursday
mouse_1,2025-11-20,1500.0,4,6,136,1461.9789853096008,Miss,,0,0,Thursday
mouse_1,2025-11-20,1500.0,4,6,137,1472.9401552677155,Miss,,0,0,Thursday
mouse_1,2025-11-20,1500.0,4,6,138,1482.6503069400787,Miss,,0,3,Thursday
mouse_1,2025-11-20,1500.0,4,6,139,1492.5908932685852,Hit,0.4108040434105078,0,10,Thursday
mouse_1,2025-11-20,1500.0,4,6,140,1502.2779088020325,Miss,,0,0,Thursday
mouse_1,2025-11-20,1500.0,4,6,141,1512.7200829982758,Miss,,0,0,Thursday
mouse_1,2025-11-20,1500.0,4,6,142,1522.9202234745026,Hit,0.20938491465426523,0,24,Thursday
mouse_1,2025-11-20,1500.0,4,6,143,1533.8731734752655,Miss,,0,0,Thursday
mouse_1,2025-11-20,1500.0,4,6,144,1543.0698335170746,Miss,,0,0,Thursday
mouse_1,2025-11-20,1500.0,4,6,145,1553.0195000171661,Miss,,0,0,Thursday
mouse_1,2025-11-20,1500.0,4,6,146,1563.9704871177673,Miss,,0,0,Thursday
mouse_1,2025-11-20,1500.0,4,6,147,1574.170714378357,Miss,,0,0,Thursday
mouse_1,2025-11-20,1500.0,4,6,148,1583.61927485466,Hit,0.2555620138609811,0,8,Thursday
mouse_1,2025-11-20,1500.0,4,6,149,1594.0626466274261,Miss,,0,1,Thursday
mouse_1,2025-11-20,1500.0,4,6,150,1604.0100636482239,Hit,0.10462698514379554,0,8,Thursday
mouse_1,2025-11-20,1500.0,4,6,151,1613.9739644527435,Miss,,0,0,Thursday
mouse_1,2025-11-20,1500.0,4,6,152,1624.9294810295105,Miss,,0,0,Thursday
mouse_1,2025-11-20,1500.0,4,6,153,1634.6292181015015,False Alarm,,1,3,Thursday
mouse_1,2025-11-20,1500.0,4,6,154,1652.8458304405212,Miss,,0,0,Thursday
mouse_1,2025-11-20,1500.0,4,6,155,1662.7888085842133,Miss,,0,0,Thursday
mouse_1,2025-11-20,1500.0,4,6,156,1673.4905507564545,Miss,,0,3,Thursday
mouse_1,2025-11-20,1500.0,4,6,157,1682.6986527442932,False Alarm,,1,3,Thursday
mouse_1,2025-11-20,1500.0,4,6,158,1696.4033651351929,Miss,,0,0,Thursday
mouse_1,2025-11-20,1500.0,4,6,159,1705.8484683036804,Miss,,0,0,Thursday
mouse_1,2025-11-20,1500.0,4,6,160,1715.038981437683,Miss,,0,0,Thursday
mouse_1,2025-11-20,1500.0,4,6,161,1724.4980306625366,Miss,,0,0,Thursday
mouse_1,2025-11-20,1500.0,4,6,162,1734.197892665863,Miss,,0,0,Thursday
mouse_1,2025-11-20,1500.0,4,6,163,1743.638798236847,Miss,,0,0,Thursday
mouse_1,2025-11-20,1500.0,4,6,164,1754.5861821174622,Miss,,0,0,Thursday
mouse_1,2025-11-20,1500.0,4,6,165,1764.038251876831,Miss,,0,0,Thursday
mouse_1,2025-11-20,1500.0,4,6,166,1774.9877345561981,Miss,,0,0,Thursday
mouse_1,2025-11-20,1500.0,4,6,167,1786.187578678131,Miss,,0,0,Thursday
mouse_1,2025-11-20,1500.0,4,6,168,1797.1277735233307,Miss,,0,0,Thursday
mouse_1,2025-11-21,2000.0,0,-1,-1,,No Trial,,0,0,Friday
mouse_1,2025-11-22,2000.0,0,-1,-1,,No Trial,,0,0,Saturday
mouse_1,2025-11-23,1250.0,4,7,1,0.3622286319732666,Miss,,0,2,Sunday
mouse_1,2025-11-23,1250.0,4,7,2,10.563148260116577,False Alarm,,1,2,Sunday
mouse_1,2025-11-23,1250.0,4,7,3,24.52016592025757,Miss,,0,0,Sunday
mouse_1,2025-11-23,1250.0,4,7,4,33.72221112251282,Miss,,0,8,Sunday
mouse_1,2025-11-23,1250.0,4,7,5,44.68014407157898,Hit,0.040782820697515376,0,48,Sunday
mouse_1,2025-11-23,1250.0,4,7,6,54.12513446807861,False Alarm,,1,11,Sunday
mouse_1,2025-11-23,1250.0,4,7,7,64.32195925712585,Hit,0.5026441940703421,0,48,Sunday
mouse_1,2025-11-23,1250.0,4,7,8,75.02593493461609,False Alarm,,1,10,Sunday
mouse_1,2025-11-23,1250.0,4,7,9,85.22950387001038,False Alarm,,1,5,Sunday
mouse_1,2025-11-23,1250.0,4,7,10,98.69883966445923,Hit (Calc),2.4091637186717065,0,4,Sunday
mouse_1,2025-11-23,1250.0,4,7,11,108.90215420722961,Hit (Calc),2.9038814776921242,0,4,Sunday
mouse_1,2025-11-23,1250.0,4,7,12,118.10288095474243,Miss,,0,0,Sunday
mouse_1,2025-11-23,1250.0,4,7,13,127.80223894119263,Miss,,0,0,Sunday
mouse_1,2025-11-23,1250.0,4,7,14,137.5025577545166,False Alarm,,1,6,Sunday
mouse_1,2025-11-23,1250.0,4,7,15,152.9512014389038,Hit,0.7641353332363678,0,24,Sunday
mouse_1,2025-11-23,1250.0,4,7,16,163.1615605354309,False Alarm,,1,2,Sunday
mouse_1,2025-11-23,1250.0,4,7,17,177.35584354400635,Hit,0.33398786079609977,0,23,Sunday
mouse_1,2025-11-23,1250.0,4,7,18,187.81421089172363,Miss,,0,0,Sunday
mouse_1,2025-11-23,1250.0,4,7,19,197.02181839942932,Miss,,0,0,Sunday
mouse_1,2025-11-23,1250.0,4,7,20,207.9710192680359,Miss,,0,0,Sunday
mouse_1,2025-11-23,1250.0,4,7,21,218.66159391403198,Miss,,0,0,Sunday
mouse_1,2025-11-23,1250.0,4,7,22,228.86282587051392,Miss,,0,4,Sunday
mouse_1,2025-11-23,1250.0,4,7,23,239.06181168556213,Hit,0.14988790708019906,0,47,Sunday
mouse_1,2025-11-23,1250.0,4,7,24,248.76385712623596,Hit,0.30867762096738716,0,20,Sunday
mouse_1,2025-11-23,1250.0,4,7,25,258.97549843788147,Hit,1.0507421827290955,0,61,Sunday
mouse_1,2025-11-23,1250.0,4,7,26,270.9329950809479,False Alarm,,1,13,Sunday
mouse_1,2025-11-23,1250.0,4,7,27,281.1406021118164,False Alarm,,1,11,Sunday
mouse_1,2025-11-23,1250.0,4,7,28,296.3308620452881,False Alarm,,1,10,Sunday
mouse_1,2025-11-23,1250.0,4,7,29,307.5477023124695,Hit,0.5533052218295893,0,25,Sunday
mouse_1,2025-11-23,1250.0,4,7,30,319.0021171569824,Hit,0.5058691148674939,0,46,Sunday
mouse_1,2025-11-23,1250.0,4,7,31,328.70366287231445,False Alarm,,1,5,Sunday
mouse_1,2025-11-23,1250.0,4,7,32,338.9011800289154,Miss,,0,0,Sunday
mouse_1,2025-11-23,1250.0,4,7,33,349.60960245132446,Hit (Calc),3.5478223769843,0,3,Sunday
mouse_1,2025-11-23,1250.0,4,7,34,359.818954706192,Hit,0.7618431246221462,0,29,Sunday
mouse_1,2025-11-23,1250.0,4,7,35,370.5330593585968,False Alarm,,1,5,Sunday
mouse_1,2025-11-23,1250.0,4,7,36,384.47858905792236,Hit,0.39894209335841424,0,57,Sunday
mouse_1,2025-11-23,1250.0,4,7,37,394.43389868736267,False Alarm,,1,12,Sunday
mouse_1,2025-11-23,1250.0,4,7,38,404.6372826099396,Hit,1.513036003100808,0,34,Sunday
mouse_1,2025-11-23,1250.0,4,7,39,416.34133672714233,False Alarm,,1,7,Sunday
mouse_1,2025-11-23,1250.0,4,7,40,429.7967655658722,False Alarm,,1,3,Sunday
mouse_1,2025-11-23,1250.0,4,7,41,443.74724864959717,Hit,0.2605298887376648,0,59,Sunday
mouse_1,2025-11-23,1250.0,4,7,42,454.7118489742279,False Alarm,,1,14,Sunday
mouse_1,2025-11-23,1250.0,4,7,43,464.9261951446533,Hit,0.6677807525429102,0,42,Sunday
mouse_1,2025-11-23,1250.0,4,7,44,475.38201427459717,Hit,0.0028962108769974293,0,85,Sunday
mouse_1,2025-11-23,1250.0,4,7,45,486.0815463066101,False Alarm,,1,40,Sunday
mouse_1,2025-11-23,1250.0,4,7,46,496.2961676120758,False Alarm,,1,7,Sunday
mouse_1,2025-11-23,1250.0,4,7,47,509.7719235420227,False Alarm,,1,3,Sunday
mouse_1,2025-11-23,1250.0,4,7,48,523.7261328697205,Hit,0.22561070080996615,0,94,Sunday
mouse_1,2025-11-23,1250.0,4,7,49,534.6710760593414,False Alarm,,1,65,Sunday
mouse_1,2025-11-23,1250.0,4,7,50,544.8760468959808,False Alarm,,1,3,Sunday
mouse_1,2025-11-23,1250.0,4,7,51,556.085821390152,Hit,1.139375914015318,0,34,Sunday
mouse_1,2025-11-23,1250.0,4,7,52,567.2813768386841,Hit,0.2838710987605282,0,66,Sunday
mouse_1,2025-11-23,1250.0,4,7,53,577.9826226234436,False Alarm,,1,19,Sunday
mouse_1,2025-11-23,1250.0,4,7,54,588.1861302852631,Hit,0.2585392151315773,0,46,Sunday
mouse_1,2025-11-23,1250.0,4,7,55,599.3909411430359,Hit (Calc),2.8927743361102785,0,7,Sunday
mouse_1,2025-11-23,1250.0,4,7,56,610.3452637195587,False Alarm,,1,5,Sunday
mouse_1,2025-11-23,1250.0,4,7,57,622.3024156093597,False Alarm,,1,2,Sunday
mouse_1,2025-11-23,1250.0,4,7,58,634.2646884918213,Hit,0.33424802857621216,0,24,Sunday
mouse_1,2025-11-23,1250.0,4,7,59,644.4626355171204,False Alarm,,1,2,Sunday
mouse_1,2025-11-23,1250.0,4,7,60,655.6648945808411,Hit,1.501492062341299,0,23,Sunday
mouse_1,2025-11-23,1250.0,4,7,61,666.8664543628693,Hit,0.5220680939453359,0,36,Sunday
mouse_1,2025-11-23,1250.0,4,7,62,677.0702745914459,Hit,1.380770750338911,0,24,Sunday
mouse_1,2025-11-23,1250.0,4,7,63,688.2697656154633,Hit,0.6802529080621298,0,23,Sunday
mouse_1,2025-11-23,1250.0,4,7,64,699.479630947113,Hit,0.7795493161009972,0,26,Sunday
mouse_1,2025-11-23,1250.0,4,7,65,709.4311509132385,False Alarm,,1,4,Sunday
mouse_1,2025-11-23,1250.0,4,7,66,720.6409664154053,False Alarm,,1,5,Sunday
mouse_1,2025-11-23,1250.0,4,7,67,736.3450663089752,Hit,0.9780392321390536,0,23,Sunday
mouse_1,2025-11-23,1250.0,4,7,68,747.8000092506409,False Alarm,,1,2,Sunday
mouse_1,2025-11-23,1250.0,4,7,69,759.7460126876831,Hit,0.37558260519801934,0,15,Sunday
mouse_1,2025-11-23,1250.0,4,7,70,770.2108533382416,Hit,0.8298465825324683,0,25,Sunday
mouse_1,2025-11-23,1250.0,4,7,71,780.9093172550201,Hit,0.9729964969953926,0,47,Sunday
mouse_1,2025-11-23,1250.0,4,7,72,792.6094176769257,Hit,0.43527510586238805,0,41,Sunday
mouse_1,2025-11-23,1250.0,4,7,73,803.0596494674683,Hit,0.23758644629924675,0,15,Sunday
mouse_1,2025-11-23,1250.0,4,7,74,814.0096826553345,Miss,,0,0,Sunday
mouse_1,2025-11-23,1250.0,4,7,75,824.9570004940033,False Alarm,,1,7,Sunday
mouse_1,2025-11-23,1250.0,4,7,76,840.6711716651917,Miss,,0,0,Sunday
mouse_1,2025-11-23,1250.0,4,7,77,850.637421131134,Hit,1.5445015613033775,0,39,Sunday
mouse_1,2025-11-23,1250.0,4,7,78,861.8411736488342,False Alarm,,1,7,Sunday
mouse_1,2025-11-23,1250.0,4,7,79,875.5351729393005,False Alarm,,1,3,Sunday
mouse_1,2025-11-23,1250.0,4,7,80,888.4834661483765,Miss,,0,0,Sunday
mouse_1,2025-11-23,1250.0,4,7,81,899.1863448619843,Miss,,0,0,Sunday
mouse_1,2025-11-23,1250.0,4,7,82,909.125871181488,Hit,1.727651698820523,0,15,Sunday
mouse_1,2025-11-23,1250.0,4,7,83,920.5784044265747,Hit,0.85442338022699,0,94,Sunday
mouse_1,2025-11-23,1250.0,4,7,84,931.2889535427094,False Alarm,,1,56,Sunday
mouse_1,2025-11-23,1250.0,4,7,85,941.4912087917328,False Alarm,,1,2,Sunday
mouse_1,2025-11-23,1250.0,4,7,86,956.2045361995697,Miss,,0,0,Sunday
mouse_1,2025-11-23,1250.0,4,7,87,965.9044411182404,Miss,,0,0,Sunday
mouse_1,2025-11-23,1250.0,4,7,88,976.8557708263397,Miss,,0,2,Sunday
mouse_1,2025-11-23,1250.0,4,7,89,987.0660698413849,Hit,0.3478674240360533,0,87,Sunday
mouse_1,2025-11-23,1250.0,4,7,90,997.0184624195099,False Alarm,,1,39,Sunday
mouse_1,2025-11-23,1250.0,4,7,91,1007.2221179008484,Hit,1.3886415226414783,0,14,Sunday
mouse_1,2025-11-23,1250.0,4,7,92,1018.1782736778259,Hit,0.605729615600012,0,14,Sunday
mouse_1,2025-11-23,1250.0,4,7,93,1029.6277332305908,False Alarm,,1,6,Sunday
mouse_1,2025-11-23,1250.0,4,7,94,1047.5915033817291,Miss,,0,0,Sunday
mouse_1,2025-11-23,1250.0,4,7,95,1058.5439538955688,Miss,,0,0,Sunday
mouse_1,2025-11-23,1250.0,4,7,96,1067.9865448474884,Hit,0.026134783035786313,0,20,Sunday
mouse_1,2025-11-23,1250.0,4,7,97,1078.4476187229156,False Alarm,,1,4,Sunday
mouse_1,2025-11-23,1250.0,4,7,98,1090.90234541893,Miss,,0,0,Sunday
mouse_1,2025-11-23,1250.0,4,7,99,1101.1046011447906,Miss,,0,0,Sunday
mouse_1,2025-11-23,1250.0,4,7,100,1111.0547108650208,Hit (Calc),1.8091676319374983,0,5,Sunday
mouse_1,2025-11-23,1250.0,4,7,101,1121.5044610500336,Miss,,0,0,Sunday
mouse_1,2025-11-23,1250.0,4,7,102,1131.7049188613892,Miss,,0,0,Sunday
mouse_1,2025-11-23,1250.0,4,7,103,1142.1543791294098,Miss,,0,0,Sunday
mouse_1,2025-11-23,1250.0,4,7,104,1152.3452525138855,Miss,,0,0,Sunday
mouse_1,2025-11-23,1250.0,4,7,105,1163.034369468689,Miss,,0,0,Sunday
mouse_1,2025-11-23,1250.0,4,7,106,1172.7347886562347,Miss,,0,0,Sunday
mouse_1,2025-11-23,1250.0,4,7,107,1182.9347603321075,Miss,,0,0,Sunday
mouse_1,2025-11-23,1250.0,4,7,108,1193.8748199939728,Miss,,0,0,Sunday
mouse_1,2025-11-23,1250.0,4,7,109,1203.575079202652,False Alarm,,1,4,Sunday
mouse_1,2025-11-23,1250.0,4,7,110,1221.3013951778412,Miss,,0,0,Sunday
mouse_1,2025-11-23,1250.0,4,7,111,1232.0124645233154,Miss,,0,0,Sunday
mouse_1,2025-11-23,1250.0,4,7,112,1241.9647767543793,Miss,,0,0,Sunday
mouse_1,2025-11-23,1250.0,4,7,113,1251.1615164279938,Hit,0.09940824349746435,0,61,Sunday
mouse_1,2025-11-23,1250.0,4,7,114,1261.6065917015076,False Alarm,,1,15,Sunday
mouse_1,2025-11-23,1250.0,4,7,115,1271.8113133907318,False Alarm,,1,3,Sunday
mouse_1,2025-11-23,1250.0,4,7,116,1284.0211942195892,Miss,,0,0,Sunday
mouse_1,2025-11-23,1250.0,4,7,117,1293.7342655658722,Miss,,0,0,Sunday
mouse_1,2025-11-23,1250.0,4,7,118,1303.183622598648,Miss,,0,3,Sunday
mouse_1,2025-11-23,1250.0,4,7,119,1312.643193244934,False Alarm,,1,3,Sunday
mouse_1,2025-11-23,1250.0,4,7,120,1323.8404967784882,Miss,,0,5,Sunday
mouse_1,2025-11-23,1250.0,4,7,121,1333.7929904460907,False Alarm,,1,5,Sunday
mouse_1,2025-11-23,1250.0,4,7,122,1344.7418859004974,Miss,,0,1,Sunday
mouse_1,2025-11-23,1250.0,4,7,123,1355.1908450126648,Hit,0.09363106261594112,0,40,Sunday
mouse_1,2025-11-23,1250.0,4,7,124,1365.1408550739288,Hit,1.2243209664688948,0,18,Sunday
mouse_1,2025-11-23,1250.0,4,7,125,1376.5957672595978,False Alarm,,1,7,Sunday
mouse_1,2025-11-23,1250.0,4,7,126,1389.3009059429169,False Alarm,,1,4,Sunday
mouse_1,2025-11-23,1250.0,4,7,127,1403.250013589859,Miss,,0,0,Sunday
mouse_1,2025-11-23,1250.0,4,7,128,1412.6908028125763,Miss,,0,0,Sunday
mouse_1,2025-11-23,1250.0,4,7,129,1423.1431040763855,Miss,,0,0,Sunday
mouse_1,2025-11-23,1250.0,4,7,130,1432.8528852462769,Miss,,0,0,Sunday
mouse_1,2025-11-23,1250.0,4,7,131,1442.8027849197388,Miss,,0,0,Sunday
mouse_1,2025-11-23,1250.0,4,7,132,1452.742592573166,Hit,1.7998767012850294,0,38,Sunday
mouse_1,2025-11-23,1250.0,4,7,133,1463.9410917758942,Miss,,0,0,Sunday
mouse_1,2025-11-23,1250.0,4,7,134,1474.1425240039825,Hit,0.35813897810089657,0,18,Sunday
mouse_1,2025-11-23,1250.0,4,7,135,1484.605191707611,Hit (Calc),2.480047242308501,0,4,Sunday
mouse_1,2025-11-23,1250.0,4,7,136,1495.562000989914,Miss,,0,0,Sunday
mouse_1,2025-11-23,1250.0,4,7,137,1506.0216538906097,Miss,,0,6,Sunday
mouse_1,2025-11-23,1250.0,4,7,138,1517.2122135162354,Hit,0.4196586727118756,0,12,Sunday
mouse_1,2025-11-23,1250.0,4,7,139,1526.6722521781921,Miss,,0,0,Sunday
mouse_1,2025-11-23,1250.0,4,7,140,1535.8716905117035,Miss,,0,0,Sunday
mouse_1,2025-11-23,1250.0,4,7,141,1545.0810956954956,Miss,,0,4,Sunday
mouse_1,2025-11-23,1250.0,4,7,142,1555.7827155590057,False Alarm,,1,4,Sunday
mouse_1,2025-11-23,1250.0,4,7,143,1567.9986035823822,Hit (Calc),2.67818234173933,0,1,Sunday
mouse_1,2025-11-23,1250.0,4,7,144,1577.201652765274,Hit,1.6116286497406236,0,11,Sunday
mouse_1,2025-11-23,1250.0,4,7,145,1589.15638422966,Miss,,0,2,Sunday
mouse_1,2025-11-23,1250.0,4,7,146,1599.601633310318,False Alarm,,1,2,Sunday
mouse_1,2025-11-23,1250.0,4,7,147,1612.0584852695465,Miss,,0,0,Sunday
mouse_1,2025-11-23,1250.0,4,7,148,1622.0211765766144,False Alarm,,1,3,Sunday
mouse_1,2025-11-23,1250.0,4,7,149,1639.7211136817932,Miss,,0,0,Sunday
mouse_1,2025-11-23,1250.0,4,7,150,1650.1711359024048,Miss,,0,0,Sunday
mouse_1,2025-11-23,1250.0,4,7,151,1660.8713397979736,Miss,,0,0,Sunday
mouse_1,2025-11-23,1250.0,4,7,152,1670.570779800415,Miss,,0,0,Sunday
mouse_1,2025-11-23,1250.0,4,7,153,1680.0114443302155,Miss,,0,0,Sunday
mouse_1,2025-11-23,1250.0,4,7,154,1689.9492011070251,Miss,,0,8,Sunday
mouse_1,2025-11-23,1250.0,4,7,155,1699.6506025791168,Hit,0.15397555612707947,0,10,Sunday
mouse_1,2025-11-23,1250.0,4,7,156,1709.093117237091,Miss,,0,0,Sunday
mouse_1,2025-11-23,1250.0,4,7,157,1719.0408072471619,Miss,,0,0,Sunday
mouse_1,2025-11-23,1250.0,4,7,158,1729.241436958313,Miss,,0,0,Sunday
mouse_1,2025-11-23,1250.0,4,7,159,1739.9404792785645,Miss,,0,0,Sunday
mouse_1,2025-11-23,1250.0,4,7,160,1750.140703678131,Miss,,0,0,Sunday
mouse_1,2025-11-23,1250.0,4,7,161,1760.0904738903046,Miss,,0,0,Sunday
mouse_1,2025-11-23,1250.0,4,7,162,1771.050348997116,Miss,,0,0,Sunday
mouse_1,2025-11-23,1250.0,4,7,163,1780.7502267360687,Miss,,0,0,Sunday
mouse_1,2025-11-23,1250.0,4,7,164,1789.9400663375854,Miss,,0,0,Sunday
mouse_1,2025-11-23,1250.0,4,7,165,1800.4010527133942,Miss,,0,0,Sunday
mouse_1,2025-11-24,1250.0,4,8,1,0.41065120697021484,False Alarm,,1,10,Monday
mouse_1,2025-11-24,1250.0,4,8,2,13.857453107833862,Hit,0.24813496790920908,0,28,Monday
mouse_1,2025-11-24,1250.0,4,8,3,23.30623483657837,False Alarm,,1,10,Monday
mouse_1,2025-11-24,1250.0,4,8,4,35.74853777885437,False Alarm,,1,5,Monday
mouse_1,2025-11-24,1250.0,4,8,5,52.96283960342407,Hit,1.5209745457448989,0,65,Monday
mouse_1,2025-11-24,1250.0,4,8,6,64.90637445449829,False Alarm,,1,19,Monday
mouse_1,2025-11-24,1250.0,4,8,7,75.10700011253357,Hit,0.9901040418341438,0,40,Monday
mouse_1,2025-11-24,1250.0,4,8,8,86.05645775794983,False Alarm,,1,3,Monday
mouse_1,2025-11-24,1250.0,4,8,9,99.25655770301819,Hit,0.5106745170351843,0,66,Monday
mouse_1,2025-11-24,1250.0,4,8,10,109.70809388160706,False Alarm,,1,27,Monday
mouse_1,2025-11-24,1250.0,4,8,11,119.90723204612732,False Alarm,,1,7,Monday
mouse_1,2025-11-24,1250.0,4,8,12,131.35629224777222,False Alarm,,1,6,Monday
mouse_1,2025-11-24,1250.0,4,8,13,142.55380988121033,Hit,1.5098546983718961,0,42,Monday
mouse_1,2025-11-24,1250.0,4,8,14,153.4978802204132,False Alarm,,1,10,Monday
mouse_1,2025-11-24,1250.0,4,8,15,165.7071259021759,False Alarm,,1,4,Monday
mouse_1,2025-11-24,1250.0,4,8,16,179.65642952919006,Hit (Calc),2.1434943368831227,0,5,Monday
mouse_1,2025-11-24,1250.0,4,8,17,189.60599517822266,Hit,0.8357892645428535,0,44,Monday
mouse_1,2025-11-24,1250.0,4,8,18,200.5583312511444,Hit,0.3157956364230188,0,27,Monday
mouse_1,2025-11-24,1250.0,4,8,19,210.25561428070068,False Alarm,,1,8,Monday
mouse_1,2025-11-24,1250.0,4,8,20,223.46412634849548,False Alarm,,1,5,Monday
mouse_1,2025-11-24,1250.0,4,8,21,236.91615223884583,False Alarm,,1,5,Monday
mouse_1,2025-11-24,1250.0,4,8,22,251.1225552558899,False Alarm,,1,6,Monday
mouse_1,2025-11-24,1250.0,4,8,23,264.82643961906433,Hit,0.3223044687991319,0,50,Monday
mouse_1,2025-11-24,1250.0,4,8,24,275.77767515182495,Hit,0.48192570807566426,0,60,Monday
mouse_1,2025-11-24,1250.0,4,8,25,285.4764049053192,False Alarm,,1,11,Monday
mouse_1,2025-11-24,1250.0,4,8,26,295.69147300720215,Hit,1.5148836737547526,0,48,Monday
mouse_1,2025-11-24,1250.0,4,8,27,307.1363174915314,Hit,0.4480334671510491,0,18,Monday
mouse_1,2025-11-24,1250.0,4,8,28,317.836941242218,False Alarm,,1,10,Monday
mouse_1,2025-11-24,1250.0,4,8,29,335.29256677627563,False Alarm,,1,5,Monday
mouse_1,2025-11-24,1250.0,4,8,30,349.7462718486786,Hit,0.9292456136220721,0,30,Monday
mouse_1,2025-11-24,1250.0,4,8,31,361.44547748565674,False Alarm,,1,11,Monday
mouse_1,2025-11-24,1250.0,4,8,32,374.8994331359863,False Alarm,,1,13,Monday
mouse_1,2025-11-24,1250.0,4,8,33,385.34127473831177,False Alarm,,1,9,Monday
mouse_1,2025-11-24,1250.0,4,8,34,397.78686690330505,Hit,0.09787670563491702,0,88,Monday
mouse_1,2025-11-24,1250.0,4,8,35,407.98604226112366,False Alarm,,1,42,Monday
mouse_1,2025-11-24,1250.0,4,8,36,418.19650983810425,False Alarm,,1,5,Monday
mouse_1,2025-11-24,1250.0,4,8,37,431.3925943374634,Hit,0.18691582362765757,0,27,Monday
mouse_1,2025-11-24,1250.0,4,8,38,442.3460695743561,False Alarm,,1,6,Monday
mouse_1,2025-11-24,1250.0,4,8,39,455.8062951564789,False Alarm,,1,2,Monday
mouse_1,2025-11-24,1250.0,4,8,40,467.5093626976013,Hit (Calc),2.6787808027855817,0,5,Monday
mouse_1,2025-11-24,1250.0,4,8,41,476.95067262649536,False Alarm,,1,3,Monday
mouse_1,2025-11-24,1250.0,4,8,42,488.1425096988678,Hit,1.5270136045108416,0,50,Monday
mouse_1,2025-11-24,1250.0,4,8,43,499.0954415798187,False Alarm,,1,7,Monday
mouse_1,2025-11-24,1250.0,4,8,44,509.2996184825897,False Alarm,,1,4,Monday
mouse_1,2025-11-24,1250.0,4,8,45,520.2701041698456,Miss,,0,0,Monday
mouse_1,2025-11-24,1250.0,4,8,46,529.9610130786896,Miss,,0,0,Monday
mouse_1,2025-11-24,1250.0,4,8,47,539.9020266532898,Miss,,0,2,Monday
mouse_1,2025-11-24,1250.0,4,8,48,549.3419075012207,False Alarm,,1,2,Monday
mouse_1,2025-11-24,1250.0,4,8,49,559.5324258804321,Miss,,0,5,Monday
mouse_1,2025-11-24,1250.0,4,8,50,569.741414308548,False Alarm,,1,5,Monday
mouse_1,2025-11-24,1250.0,4,8,51,580.186470746994,Miss,,0,0,Monday
mouse_1,2025-11-24,1250.0,4,8,52,589.3916122913361,Miss,,0,0,Monday
mouse_1,2025-11-24,1250.0,4,8,53,598.8313670158386,Hit (Calc),3.8902944699271984,0,3,Monday
mouse_1,2025-11-24,1250.0,4,8,54,608.2811567783356,Miss,,0,0,Monday
mouse_1,2025-11-24,1250.0,4,8,55,617.4708817005157,Hit,1.1930658851249518,0,37,Monday
mouse_1,2025-11-24,1250.0,4,8,56,628.1617722511292,False Alarm,,1,3,Monday
mouse_1,2025-11-24,1250.0,4,8,57,644.8494398593903,Hit,0.8765574810749968,0,18,Monday
mouse_1,2025-11-24,1250.0,4,8,58,656.0435135364532,False Alarm,,1,6,Monday
mouse_1,2025-11-24,1250.0,4,8,59,667.7555408477783,False Alarm,,1,3,Monday
mouse_1,2025-11-24,1250.0,4,8,60,680.7086274623871,False Alarm,,1,7,Monday
mouse_1,2025-11-24,1250.0,4,8,61,696.4171147346497,Hit,1.0418772013126727,0,63,Monday
mouse_1,2025-11-24,1250.0,4,8,62,706.8724224567413,False Alarm,,1,19,Monday
mouse_1,2025-11-24,1250.0,4,8,63,717.0769968032837,False Alarm,,1,6,Monday
mouse_1,2025-11-24,1250.0,4,8,64,730.5371813774109,False Alarm,,1,6,Monday
mouse_1,2025-11-24,1250.0,4,8,65,741.7463297843933,False Alarm,,1,7,Monday
mouse_1,2025-11-24,1250.0,4,8,66,755.1961200237274,False Alarm,,1,4,Monday
mouse_1,2025-11-24,1250.0,4,8,67,766.1564111709595,Hit,0.17873630366420912,0,29,Monday
mouse_1,2025-11-24,1250.0,4,8,68,777.3609974384308,Hit,0.3951444937440556,0,17,Monday
mouse_1,2025-11-24,1250.0,4,8,69,787.5613205432892,False Alarm,,1,7,Monday
mouse_1,2025-11-24,1250.0,4,8,70,798.2716372013092,Hit,0.4467429524864883,0,43,Monday
mouse_1,2025-11-24,1250.0,4,8,71,808.9583983421326,Miss,,0,0,Monday
mouse_1,2025-11-24,1250.0,4,8,72,818.909176826477,Miss,,0,0,Monday
mouse_1,2025-11-24,1250.0,4,8,73,829.368729352951,False Alarm,,1,5,Monday
mouse_1,2025-11-24,1250.0,4,8,74,846.5661742687225,False Alarm,,1,5,Monday
mouse_1,2025-11-24,1250.0,4,8,75,858.7584383487701,False Alarm,,1,8,Monday
mouse_1,2025-11-24,1250.0,4,8,76,872.47505402565,Hit,0.5761777794857608,0,18,Monday
mouse_1,2025-11-24,1250.0,4,8,77,882.1776173114777,Hit,0.24202526167755423,0,50,Monday
mouse_1,2025-11-24,1250.0,4,8,78,891.8796095848083,False Alarm,,1,3,Monday
mouse_1,2025-11-24,1250.0,4,8,79,902.0778279304504,Hit (Calc),4.159068101309799,0,3,Monday
mouse_1,2025-11-24,1250.0,4,8,80,911.7679011821747,Hit,0.8662241366758963,0,47,Monday
mouse_1,2025-11-24,1250.0,4,8,81,923.4704341888428,False Alarm,,1,2,Monday
mouse_1,2025-11-24,1250.0,4,8,82,937.4164600372314,Miss,,0,0,Monday
mouse_1,2025-11-24,1250.0,4,8,83,947.626971244812,Hit,0.10311193013808406,0,20,Monday
mouse_1,2025-11-24,1250.0,4,8,84,958.0687353610992,Hit,0.9299893140147333,0,21,Monday
mouse_1,2025-11-24,1250.0,4,8,85,969.7698719501495,False Alarm,,1,9,Monday
mouse_1,2025-11-24,1250.0,4,8,86,983.9843626022339,False Alarm,,1,3,Monday
mouse_1,2025-11-24,1250.0,4,8,87,995.6846725940704,Hit,0.3013622210007725,0,14,Monday
mouse_1,2025-11-24,1250.0,4,8,88,1006.6368436813354,Miss,,0,5,Monday
mouse_1,2025-11-24,1250.0,4,8,89,1017.5762679576874,False Alarm,,1,5,Monday
mouse_1,2025-11-24,1250.0,4,8,90,1030.781257390976,Hit,0.03772268680518209,0,30,Monday
mouse_1,2025-11-24,1250.0,4,8,91,1041.238838672638,False Alarm,,1,4,Monday
mouse_1,2025-11-24,1250.0,4,8,92,1052.9388790130615,False Alarm,,1,2,Monday
mouse_1,2025-11-24,1250.0,4,8,93,1063.3934390544891,Hit,1.8216219969190206,0,16,Monday
mouse_1,2025-11-24,1250.0,4,8,94,1074.3363847732544,False Alarm,,1,6,Monday
mouse_1,2025-11-24,1250.0,4,8,95,1086.7932875156403,False Alarm,,1,3,Monday
mouse_1,2025-11-24,1250.0,4,8,96,1097.7483923435211,Hit,1.5007146035284222,0,14,Monday
mouse_1,2025-11-24,1250.0,4,8,97,1110.1984136104584,Hit,1.0095625226083484,0,14,Monday
mouse_1,2025-11-24,1250.0,4,8,98,1121.1484444141388,Hit,1.5493081443730716,0,15,Monday
mouse_1,2025-11-24,1250.0,4,8,99,1132.5968964099884,Hit,0.6838210563576013,0,35,Monday
mouse_1,2025-11-24,1250.0,4,8,100,1143.7984516620636,Hit (Calc),1.8221107691042562,0,4,Monday
mouse_1,2025-11-24,1250.0,4,8,101,1154.24534201622,Hit,0.5537593869744342,0,18,Monday
mouse_1,2025-11-24,1250.0,4,8,102,1164.6890244483948,Miss,,0,3,Monday
mouse_1,2025-11-24,1250.0,4,8,103,1174.38543009758,False Alarm,,1,4,Monday
mouse_1,2025-11-24,1250.0,4,8,104,1189.092614889145,False Alarm,,1,1,Monday
mouse_1,2025-11-24,1250.0,4,8,105,1201.0620138645172,Miss,,0,0,Monday
mouse_1,2025-11-24,1250.0,4,8,106,1210.7750124931335,Miss,,0,0,Monday
mouse_1,2025-11-24,1250.0,4,8,107,1220.483338356018,Hit,0.17947614777290255,0,13,Monday
mouse_1,2025-11-24,1250.0,4,8,108,1231.1786251068115,Hit,1.36759831671975,0,20,Monday
mouse_1,2025-11-24,1250.0,4,8,109,1242.3765082359314,Hit,0.21485334305521064,0,18,Monday
mouse_1,2025-11-24,1250.0,4,8,110,1252.0762240886688,False Alarm,,1,4,Monday
mouse_1,2025-11-24,1250.0,4,8,111,1263.5257132053375,Hit,0.23859605687403018,0,14,Monday
mouse_1,2025-11-24,1250.0,4,8,112,1274.7361323833466,Miss,,0,5,Monday
mouse_1,2025-11-24,1250.0,4,8,113,1285.1849734783173,False Alarm,,1,9,Monday
mouse_1,2025-11-24,1250.0,4,8,114,1296.3905954360962,False Alarm,,1,9,Monday
mouse_1,2025-11-24,1250.0,4,8,115,1307.8613152503967,False Alarm,,1,9,Monday
mouse_1,2025-11-24,1250.0,4,8,116,1320.8168070316315,False Alarm,,1,4,Monday
mouse_1,2025-11-24,1250.0,4,8,117,1334.7809443473816,Miss,,0,2,Monday
mouse_1,2025-11-24,1250.0,4,8,118,1344.9737432003021,Hit,0.28071871828137773,0,35,Monday
mouse_1,2025-11-24,1250.0,4,8,119,1354.9145648479462,Hit,0.2945049537752311,0,7,Monday
mouse_1,2025-11-24,1250.0,4,8,120,1365.8771107196808,Hit,0.38192098956778864,0,35,Monday
mouse_1,2025-11-24,1250.0,4,8,121,1376.5763537883759,Miss,,0,0,Monday
mouse_1,2025-11-24,1250.0,4,8,122,1387.0213735103607,Hit,1.547903383044968,0,17,Monday
mouse_1,2025-11-24,1250.0,4,8,123,1398.7277262210846,Miss,,0,0,Monday
mouse_1,2025-11-24,1250.0,4,8,124,1409.423702955246,Miss,,0,1,Monday
mouse_1,2025-11-24,1250.0,4,8,125,1419.6240808963776,Hit,0.8805795599585053,0,29,Monday
mouse_1,2025-11-24,1250.0,4,8,126,1429.8257653713226,Miss,,0,0,Monday
mouse_1,2025-11-24,1250.0,4,8,127,1440.2730581760406,Miss,,0,0,Monday
mouse_1,2025-11-24,1250.0,4,8,128,1449.9723398685455,Hit,1.8751834695158323,0,13,Monday
mouse_1,2025-11-24,1250.0,4,8,129,1461.9219403266907,Miss,,0,2,Monday
mouse_1,2025-11-24,1250.0,4,8,130,1471.8606305122375,Hit,0.6007627406156644,0,16,Monday
mouse_1,2025-11-24,1250.0,4,8,131,1481.815491437912,Miss,,0,0,Monday
mouse_1,2025-11-24,1250.0,4,8,132,1492.2627401351929,Hit,1.2275799221163197,0,9,Monday
mouse_1,2025-11-24,1250.0,4,8,133,1502.964938879013,Hit (Calc),2.992836311543442,0,3,Monday
mouse_1,2025-11-24,1250.0,4,8,134,1513.9224843978882,Miss,,0,0,Monday
mouse_1,2025-11-24,1250.0,4,8,135,1523.3817212581635,Hit,1.418698538486069,0,12,Monday
mouse_1,2025-11-24,1250.0,4,8,136,1535.84508228302,Miss,,0,0,Monday
mouse_1,2025-11-24,1250.0,4,8,137,1546.0518112182617,Miss,,0,0,Monday
mouse_1,2025-11-24,1250.0,4,8,138,1556.9909460544586,Miss,,0,0,Monday
mouse_1,2025-11-24,1250.0,4,8,139,1567.4414389133453,Miss,,0,3,Monday
mouse_1,2025-11-24,1250.0,4,8,140,1577.391691684723,False Alarm,,1,6,Monday
mouse_1,2025-11-24,1250.0,4,8,141,1589.3361465930939,Hit,0.4414741493192196,0,11,Monday
mouse_1,2025-11-24,1250.0,4,8,142,1599.2840337753296,Hit,0.15936439657616575,0,23,Monday
mouse_1,2025-11-24,1250.0,4,8,143,1610.4948754310608,Hit,0.34510297816359525,0,54,Monday
mouse_1,2025-11-24,1250.0,4,8,144,1620.693868637085,False Alarm,,1,10,Monday
mouse_1,2025-11-24,1250.0,4,8,145,1630.8982517719269,False Alarm,,1,7,Monday
mouse_1,2025-11-24,1250.0,4,8,146,1644.0963113307953,Hit,0.3752158930769838,0,22,Monday
mouse_1,2025-11-24,1250.0,4,8,147,1654.0410647392273,Miss,,0,0,Monday
mouse_1,2025-11-24,1250.0,4,8,148,1664.7410428524017,Miss,,0,4,Monday
mouse_1,2025-11-24,1250.0,4,8,149,1674.7008986473083,False Alarm,,1,10,Monday
mouse_1,2025-11-24,1250.0,4,8,150,1687.6481657028198,Hit,0.3146910310772455,0,12,Monday
mouse_1,2025-11-24,1250.0,4,8,151,1697.1010382175446,False Alarm,,1,4,Monday
mouse_1,2025-11-24,1250.0,4,8,152,1709.0474514961243,Miss,,0,0,Monday
mouse_1,2025-11-24,1250.0,4,8,153,1719.490550518036,Hit,1.5376645267203912,0,12,Monday
mouse_1,2025-11-24,1250.0,4,8,154,1731.4329888820648,Hit,1.8101024180198237,0,14,Monday
mouse_1,2025-11-24,1250.0,4,8,155,1743.3812532424927,False Alarm,,1,3,Monday
mouse_1,2025-11-24,1250.0,4,8,156,1757.0873248577118,Hit (Calc),3.323483993109676,0,3,Monday
mouse_1,2025-11-24,1250.0,4,8,157,1767.0399150848389,Miss,,0,2,Monday
mouse_1,2025-11-24,1250.0,4,8,158,1776.2380027770996,False Alarm,,1,2,Monday
mouse_1,2025-11-24,1250.0,4,8,159,1787.9385449886322,Miss,,0,0,Monday
mouse_1,2025-11-24,1250.0,4,8,160,1797.6398906707764,Miss,,0,0,Monday
mouse_1,2025-11-25,1260.0,0,-1,-1,,No Trial,,0,0,Tuesday
