Mouse_ID,Date,Water_Received_ml,Phase,Session_ID,Trial_ID,Trial_Start,Outcome,Reaction_Time,Is_Punished,Total_Licks,Day_Name
mouse_2,2025-08-06,,1,1,1,0.012787342071533203,Hit,6.292387018128342,0,22,Wednesday
mouse_2,2025-08-06,,1,1,2,25.217419147491455,Hit,0.0,0,0,Wednesday
mouse_2,2025-08-06,,1,1,3,51.19377851486206,Hit,0.0,0,0,Wednesday
mouse_2,2025-08-06,,1,1,4,75.39747023582458,Hit,9.012929491580309,0,54,Wednesday
mouse_2,2025-08-06,,1,1,5,99.35435819625854,Hit,0.0,0,0,Wednesday
mouse_2,2025-08-06,,1,1,6,125.5674216747284,Hit,21.175241383367023,0,23,Wednesday
mouse_2,2025-08-06,,1,1,7,151.534095287323,Hit,0.9158151805164607,0,56,Wednesday
mouse_2,2025-08-06,,1,1,8,177.25193095207214,Hit,4.310704978134083,0,9,Wednesday
mouse_2,2025-08-06,,1,1,9,201.7142596244812,Hit,0.0,0,0,Wednesday
mouse_2,2025-08-06,,1,1,10,227.92419338226318,Hit,11.038657295738972,0,5,Wednesday
mouse_2,2025-08-06,,1,1,11,253.37750673294067,Hit,17.724247699340424,0,16,Wednesday
mouse_2,2025-08-06,,1,1,12,278.34379863739014,Hit,3.4631432899095103,0,10,Wednesday
mouse_2,2025-08-06,,1,1,13,302.0536711215973,Hit,19.76618507655928,0,5,Wednesday
mouse_2,2025-08-06,,1,1,14,329.023964881897,Hit,8.908564314128057,0,4,Wednesday
mouse_2,2025-08-06,,1,1,15,355.2418451309204,Hit,4.378951052938589,0,4,Wednesday
mouse_2,2025-08-06,,1,1,16,379.70356249809265,Hit,3.949591050583763,0,24,Wednesday
mouse_2,2025-08-06,,1,1,17,406.6636071205139,Hit,1.8152674831970899,0,13,Wednesday
mouse_2,2025-08-06,,1,1,18,433.1237597465515,Hit,4.278261107523974,0,21,Wednesday
mouse_2,2025-08-06,,1,1,19,456.8428645133972,Hit,0.0,0,0,Wednesday
mouse_2,2025-08-06,,1,1,20,482.55290484428406,Hit,10.23347680182826,0,7,Wednesday
mouse_2,2025-08-06,,1,1,21,509.52313137054443,Hit,3.119207729273853,0,34,Wednesday
mouse_2,2025-08-06,,1,1,22,533.7329254150391,Hit,7.660728436285353,0,9,Wednesday
mouse_2,2025-08-06,,1,1,23,559.9376034736633,Hit,8.858319148264968,0,40,Wednesday
mouse_2,2025-08-06,,1,1,24,583.9027683734894,Hit,0.0,0,5,Wednesday
mouse_2,2025-08-06,,1,1,25,609.8727791309357,Hit,4.8989323115806656,0,39,Wednesday
mouse_2,2025-08-06,,1,1,26,635.082132101059,Hit,6.009329350266853,0,25,Wednesday
mouse_2,2025-08-06,,1,1,27,659.7921586036682,Hit,5.969346350524006,0,2,Wednesday
mouse_2,2025-08-06,,1,1,28,686.2525415420532,Hit,0.0,0,0,Wednesday
mouse_2,2025-08-06,,1,1,29,709.7173919677734,Hit,0.0,0,0,Wednesday
mouse_2,2025-08-06,,1,1,30,734.6816084384918,Hit,9.522331658201324,0,32,Wednesday
mouse_2,2025-08-06,,1,1,31,758.1512372493744,Hit,12.217674437092228,0,39,Wednesday
mouse_2,2025-08-06,,1,1,32,784.6101500988007,Hit,4.146482271347054,0,22,Wednesday
mouse_2,2025-08-06,,1,1,33,808.0618627071381,Hit,0.0,0,0,Wednesday
mouse_2,2025-08-06,,1,1,34,832.5148448944092,Hit,0.0,0,0,Wednesday
mouse_2,2025-08-06,,1,1,35,857.7273833751678,Hit,7.162229222139331,0,3,Wednesday
mouse_2,2025-08-06,,1,1,36,884.4303786754608,Hit,6.782951453006945,0,22,Wednesday
mouse_2,2025-08-06,,1,1,37,910.8874106407166,Hit,0.0,0,0,Wednesday
mouse_2,2025-08-06,,1,1,38,934.8502669334412,Hit,4.831355912511526,0,30,Wednesday
mouse_2,2025-08-06,,1,1,39,961.8097529411316,Hit,10.03002967843804,0,19,Wednesday
mouse_2,2025-08-06,,1,1,40,986.5166490077972,Hit,0.0,0,0,Wednesday
mouse_2,2025-08-06,,1,1,41,1011.2373783588409,Hit,0.0,0,0,Wednesday
mouse_2,2025-08-06,,1,1,42,1037.949066877365,Hit,0.0,0,0,Wednesday
mouse_2,2025-08-06,,1,1,43,1061.1690855026245,Hit,3.7467178348281323,0,14,Wednesday
mouse_2,2025-08-06,,1,1,44,1085.6290447711945,Hit,0.0,0,0,Wednesday
mouse_2,2025-08-06,,1,1,45,1111.5874395370483,Hit,16.893052531398098,0,32,Wednesday
mouse_2,2025-08-06,,1,1,46,1138.048440694809,Hit,0.0,0,0,Wednesday
mouse_2,2025-08-06,,1,1,47,1163.750283241272,Hit,6.744148892317526,0,9,Wednesday
mouse_2,2025-08-06,,1,1,48,1190.2046372890472,Hit,15.487620561594667,0,24,Wednesday
mouse_2,2025-08-06,,1,1,49,1216.4088151454926,Hit,0.0,0,0,Wednesday
mouse_2,2025-08-06,,1,1,50,1242.8562152385712,Hit,0.0,0,0,Wednesday
mouse_2,2025-08-06,,1,1,51,1266.8193418979645,Hit,9.092674042631188,0,18,Wednesday
mouse_2,2025-08-06,,1,1,52,1291.5381755828857,Hit,0.0,0,0,Wednesday
mouse_2,2025-08-06,,1,1,53,1317.2363090515137,Hit,0.0,0,0,Wednesday
mouse_2,2025-08-06,,1,1,54,1341.9574723243713,Hit,0.0,0,0,Wednesday
mouse_2,2025-08-06,,1,1,55,1367.6682784557343,Hit,0.0,0,0,Wednesday
mouse_2,2025-08-06,,1,1,56,1391.1386172771454,Hit,22.536409684390946,0,22,Wednesday
mouse_2,2025-08-06,,1,1,57,1417.608374595642,Hit,10.245795272808664,0,36,Wednesday
mouse_2,2025-08-06,,1,1,58,1444.0674049854279,Hit,3.0788421978727456,0,14,Wednesday
mouse_2,2025-08-06,,1,1,59,1468.7673964500427,Hit,20.61575853075169,0,15,Wednesday
mouse_2,2025-08-06,,1,1,60,1491.979422569275,Hit,3.0286994268217313,0,28,Wednesday
mouse_2,2025-08-06,,1,1,61,1517.6893620491028,Hit,7.05609907026178,0,4,Wednesday
mouse_2,2025-08-06,,1,1,62,1544.649171113968,Hit,2.0186736628040762,0,8,Wednesday
mouse_2,2025-08-06,,1,1,63,1570.857409477234,Hit,0.0,0,0,Wednesday
mouse_2,2025-08-06,,1,1,64,1594.819586277008,Hit,10.464836051925431,0,1,Wednesday
mouse_2,2025-08-06,,1,1,65,1620.0394332408905,Hit,1.8483983270905355,0,4,Wednesday
mouse_2,2025-08-06,,1,1,66,1645.0009989738464,Hit,3.180796360875547,0,21,Wednesday
mouse_2,2025-08-06,,1,1,67,1671.7173526287079,Hit,0.0,0,0,Wednesday
mouse_2,2025-08-06,,1,1,68,1695.4087452888489,Hit,0.0,0,0,Wednesday
mouse_2,2025-08-06,,1,1,69,1719.130383491516,Hit,0.0,0,0,Wednesday
mouse_2,2025-08-06,,1,1,70,1743.599008321762,Hit,0.0,0,0,Wednesday
mouse_2,2025-08-06,,1,1,71,1769.3093974590302,Hit,11.897967772880975,0,20,Wednesday
mouse_2,2025-08-06,,1,1,72,1794.2690966129303,Hit,0.0,0,0,Wednesday
mouse_2,2025-08-07,,1,2,1,0.014647245407104492,Hit,11.349497891810092,0,23,Thursday
mouse_2,2025-08-07,,1,2,2,24.714656829833984,Hit,0.0,0,0,Thursday
mouse_2,2025-08-07,,1,2,3,50.92721247673035,Hit,0.12113646167085079,0,32,Thursday
mouse_2,2025-08-07,,1,2,4,77.3880364894867,Hit,1.4530422991314111,0,40,Thursday
mouse_2,2025-08-07,,1,2,5,103.59751033782959,Hit,1.6452923831550805,0,5,Thursday
mouse_2,2025-08-07,,1,2,6,127.8078784942627,Hit,13.09709273242359,0,9,Thursday
mouse_2,2025-08-07,,1,2,7,153.52760934829712,Hit,18.50687129183845,0,4,Thursday
mouse_2,2025-08-07,,1,2,8,178.99222421646118,Hit,0.0,0,0,Thursday
mouse_2,2025-08-07,,1,2,9,203.207417011261,Hit,0.0,0,0,Thursday
mouse_2,2025-08-07,,1,2,10,229.1772541999817,Hit,8.218360532441466,0,37,Thursday
mouse_2,2025-08-07,,1,2,11,254.1369230747223,Hit,3.33506100000227,0,40,Thursday
mouse_2,2025-08-07,,1,2,12,279.35689902305603,Hit,3.2778506293873875,0,1,Thursday
mouse_2,2025-08-07,,1,2,13,306.3271920681,Hit,14.269409409429556,0,14,Thursday
mouse_2,2025-08-07,,1,2,14,333.0367922782898,Hit,20.060515481581604,0,1,Thursday
mouse_2,2025-08-07,,1,2,15,356.7460353374481,Hit,0.0,0,1,Thursday
mouse_2,2025-08-07,,1,2,16,380.70628118515015,Hit,6.48102193208905,0,17,Thursday
mouse_2,2025-08-07,,1,2,17,404.42587399482727,Hit,3.9823648940436556,0,20,Thursday
mouse_2,2025-08-07,,1,2,18,430.8859853744507,Hit,3.4918721389369693,0,8,Thursday
mouse_2,2025-08-07,,1,2,19,456.34609842300415,Hit,3.431203231592349,0,18,Thursday
mouse_2,2025-08-07,,1,2,20,480.5506420135498,Hit,8.794957402995635,0,25,Thursday
mouse_2,2025-08-07,,1,2,21,504.2654592990875,Hit,7.398854594214015,0,12,Thursday
mouse_2,2025-08-07,,1,2,22,527.9753527641296,Hit,5.776406275944396,0,4,Thursday
mouse_2,2025-08-07,,1,2,23,552.1857249736786,Hit,6.526596628301945,0,3,Thursday
mouse_2,2025-08-07,,1,2,24,578.1445467472076,Hit,2.8845176732080517,0,14,Thursday
mouse_2,2025-08-07,,1,2,25,601.8448741436005,Hit,0.7161121380650002,0,31,Thursday
mouse_2,2025-08-07,,1,2,26,626.0543830394745,Hit,8.628052129845287,0,36,Thursday
mouse_2,2025-08-07,,1,2,27,649.7576243877411,Hit,0.024708145953241,0,193,Thursday
mouse_2,2025-08-07,,1,2,28,674.7139735221863,Hit,15.901353871497122,0,46,Thursday
mouse_2,2025-08-07,,1,2,29,699.9236850738525,Hit,0.15022210839117633,0,111,Thursday
mouse_2,2025-08-07,,1,2,30,726.8800876140594,Hit,0.031694647470089876,0,103,Thursday
mouse_2,2025-08-07,,1,2,31,752.5832273960114,Hit,0.06935742009272872,0,125,Thursday
mouse_2,2025-08-07,,1,2,32,779.0525069236755,Hit,0.29165491845003544,0,113,Thursday
mouse_2,2025-08-07,,1,2,33,805.2725195884705,Hit,18.47867703206532,0,45,Thursday
mouse_2,2025-08-07,,1,2,34,831.2320113182068,Hit,0.09700203780266747,0,123,Thursday
mouse_2,2025-08-07,,1,2,35,858.1918642520905,Hit,0.07835817401735312,0,92,Thursday
mouse_2,2025-08-07,,1,2,36,885.1613690853119,Hit,0.9203575624715086,0,53,Thursday
mouse_2,2025-08-07,,1,2,37,912.1309235095978,Hit,0.0,0,1,Thursday
mouse_2,2025-08-07,,1,2,38,937.8364577293396,Hit,0.0,0,0,Thursday
mouse_2,2025-08-07,,1,2,39,961.8008317947388,Hit,14.592486345835141,0,18,Thursday
mouse_2,2025-08-07,,1,2,40,987.760817527771,Hit,4.198918425719057,0,14,Thursday
mouse_2,2025-08-07,,1,2,41,1011.7204811573029,Hit,4.295809298051495,0,30,Thursday
mouse_2,2025-08-07,,1,2,42,1036.930257320404,Hit,1.300352050129277,0,29,Thursday
mouse_2,2025-08-07,,1,2,43,1062.1403443813324,Hit,7.788771182237724,0,50,Thursday
mouse_2,2025-08-07,,1,2,44,1089.0972318649292,Hit,3.4136389393638638,0,18,Thursday
mouse_2,2025-08-07,,1,2,45,1115.8095951080322,Hit,4.855566276995887,0,19,Thursday
mouse_2,2025-08-07,,1,2,46,1139.7702281475067,Hit,0.0,0,0,Thursday
mouse_2,2025-08-07,,1,2,47,1164.9837427139282,Hit,2.1013021533653955,0,81,Thursday
mouse_2,2025-08-07,,1,2,48,1189.4604585170746,Hit,0.004339116480650773,0,136,Thursday
mouse_2,2025-08-07,,1,2,49,1214.6689550876617,Hit,0.4885889695269725,0,72,Thursday
mouse_2,2025-08-07,,1,2,50,1240.1313354969025,Hit,1.073507259437065,0,72,Thursday
mouse_2,2025-08-07,,1,2,51,1265.8390202522278,Hit,23.446775163185976,0,6,Thursday
mouse_2,2025-08-07,,1,2,52,1292.3022630214691,Hit,1.2293984791824641,0,33,Thursday
mouse_2,2025-08-07,,1,2,53,1319.2527854442596,Hit,0.0,0,4,Thursday
mouse_2,2025-08-07,,1,2,54,1344.7227718830109,Hit,8.146842905960284,0,19,Thursday
mouse_2,2025-08-07,,1,2,55,1371.432897567749,Hit,4.711151038296066,0,40,Thursday
mouse_2,2025-08-07,,1,2,56,1397.8872117996216,Hit,3.035772359614384,0,33,Thursday
mouse_2,2025-08-07,,1,2,57,1422.5972049236298,Hit,3.468133884486633,0,20,Thursday
mouse_2,2025-08-07,,1,2,58,1449.547209262848,Hit,9.639616904331206,0,15,Thursday
mouse_2,2025-08-07,,1,2,59,1473.7474956512451,Hit,3.700016781442855,0,13,Thursday
mouse_2,2025-08-07,,1,2,60,1497.9671998023987,Hit,0.7720696050491824,0,11,Thursday
mouse_2,2025-08-07,,1,2,61,1523.9237077236176,Hit,5.227300741164527,0,3,Thursday
mouse_2,2025-08-07,,1,2,62,1549.1437957286835,Hit,19.093303355990656,0,11,Thursday
mouse_2,2025-08-07,,1,2,63,1575.8540661334991,Hit,0.0,0,0,Thursday
mouse_2,2025-08-07,,1,2,64,1599.8075497150421,Hit,23.320157925609692,0,16,Thursday
mouse_2,2025-08-07,,1,2,65,1625.5244743824005,Hit,0.6668244446982499,0,83,Thursday
mouse_2,2025-08-07,,1,2,66,1652.4840004444122,Hit,11.665050158804206,0,34,Thursday
mouse_2,2025-08-07,,1,2,67,1679.1949353218079,Hit,0.0,0,0,Thursday
mouse_2,2025-08-07,,1,2,68,1704.407214641571,Hit,15.204327171422165,0,13,Thursday
mouse_2,2025-08-07,,1,2,69,1728.8772208690643,Hit,0.0,0,0,Thursday
mouse_2,2025-08-07,,1,2,70,1753.595464706421,Hit,0.0,0,0,Thursday
mouse_2,2025-08-07,,1,2,71,1779.554396390915,Hit,0.19493526395672234,0,14,Thursday
mouse_2,2025-08-07,,1,2,72,1806.5242326259613,Miss,,0,0,Thursday
mouse_2,2025-08-14,,1,3,1,0.011526823043823242,Hit,3.2634458137807103,0,41,Thursday
mouse_2,2025-08-14,,1,3,2,26.723061084747314,Hit,1.1410150382658841,0,3,Thursday
mouse_2,2025-08-14,,1,3,3,53.69268846511841,Hit,18.515891550343007,0,9,Thursday
mouse_2,2025-08-14,,1,3,4,78.65305376052856,Hit,23.674971894566525,0,6,Thursday
mouse_2,2025-08-14,,1,3,5,105.37287402153015,Hit,13.988793437154357,0,11,Thursday
mouse_2,2025-08-14,,1,3,6,131.33279609680176,Hit,16.126269324816946,0,4,Thursday
mouse_2,2025-08-14,,1,3,7,156.28827619552612,Hit,0.0,0,0,Thursday
mouse_2,2025-08-14,,1,3,8,183.0024573802948,Hit,8.591007068351217,0,18,Thursday
mouse_2,2025-08-14,,1,3,9,209.96170330047607,Hit,4.328459416184899,0,4,Thursday
mouse_2,2025-08-14,,1,3,10,235.1722333431244,Hit,2.8464970714853735,0,46,Thursday
mouse_2,2025-08-14,,1,3,11,258.3782331943512,Hit,1.465368604298476,0,44,Thursday
mouse_2,2025-08-14,,1,3,12,283.08824610710144,Hit,4.353822993865322,0,17,Thursday
mouse_2,2025-08-14,,1,3,13,309.0506250858307,Hit,0.0,0,0,Thursday
mouse_2,2025-08-14,,1,3,14,333.7582767009735,Hit,4.869394064021662,0,15,Thursday
mouse_2,2025-08-14,,1,3,15,358.46825671195984,Hit,21.585874083492172,0,9,Thursday
mouse_2,2025-08-14,,1,3,16,384.6803994178772,Hit,7.044511195017776,0,16,Thursday
mouse_2,2025-08-14,,1,3,17,409.6382644176483,Hit,1.173505744493923,0,6,Thursday
mouse_2,2025-08-14,,1,3,18,435.60978055000305,Hit,12.480201517053501,0,13,Thursday
mouse_2,2025-08-14,,1,3,19,462.5684850215912,Hit,23.854987635506006,0,15,Thursday
mouse_2,2025-08-14,,1,3,20,489.02834725379944,Hit,22.589926385290767,0,30,Thursday
mouse_2,2025-08-14,,1,3,21,513.7394647598267,Hit,0.07878019430268068,0,34,Thursday
mouse_2,2025-08-14,,1,3,22,537.2096457481384,Hit,14.130720657474399,0,29,Thursday
mouse_2,2025-08-14,,1,3,23,561.677850484848,Hit,13.896070992188356,0,7,Thursday
mouse_2,2025-08-14,,1,3,24,585.8886842727661,Hit,23.595064044571586,0,8,Thursday
mouse_2,2025-08-14,,1,3,25,612.8413307666779,Hit,3.1414367251717294,0,13,Thursday
mouse_2,2025-08-14,,1,3,26,639.038215637207,Hit,0.0,0,0,Thursday
mouse_2,2025-08-14,,1,3,27,664.7480487823486,Hit,8.387640647404282,0,59,Thursday
mouse_2,2025-08-14,,1,3,28,689.2174332141876,Hit,15.339495405258731,0,13,Thursday
mouse_2,2025-08-14,,1,3,29,713.9272315502167,Hit,0.0,0,0,Thursday
mouse_2,2025-08-14,,1,3,30,740.8967764377594,Hit,16.863387203371758,0,12,Thursday
mouse_2,2025-08-14,,1,3,31,764.6168677806854,Hit,21.626263542670017,0,12,Thursday
mouse_2,2025-08-14,,1,3,32,789.3182535171509,Hit,5.862997788411121,0,16,Thursday
mouse_2,2025-08-14,,1,3,33,815.7864894866943,Hit,0.0,0,0,Thursday
mouse_2,2025-08-14,,1,3,34,840.7397089004517,Hit,14.331706499093457,0,26,Thursday
mouse_2,2025-08-14,,1,3,35,866.6970710754395,Hit,1.7937661284735213,0,8,Thursday
mouse_2,2025-08-14,,1,3,36,889.9072268009186,Hit,6.354174728401063,0,73,Thursday
mouse_2,2025-08-14,,1,3,37,913.376636505127,Hit,0.0,0,0,Thursday
mouse_2,2025-08-14,,1,3,38,936.8369987010956,Hit,0.0,0,0,Thursday
mouse_2,2025-08-14,,1,3,39,962.7912926673889,Hit,0.0,0,0,Thursday
mouse_2,2025-08-14,,1,3,40,988.9968116283417,Hit,13.024947160557645,0,95,Thursday
mouse_2,2025-08-14,,1,3,41,1013.6982431411743,Hit,1.686283080369094,0,68,Thursday
mouse_2,2025-08-14,,1,3,42,1037.1483342647552,Hit,0.0,0,0,Thursday
mouse_2,2025-08-14,,1,3,43,1061.1036624908447,Hit,18.107781249075515,0,8,Thursday
mouse_2,2025-08-14,,1,3,44,1088.0624804496765,Hit,2.58934995266668,0,6,Thursday
mouse_2,2025-08-14,,1,3,45,1114.761534690857,Hit,5.853625500103817,0,3,Thursday
mouse_2,2025-08-14,,1,3,46,1140.4782605171204,Hit,0.0,0,0,Thursday
mouse_2,2025-08-14,,1,3,47,1165.184901714325,Hit,0.0,0,0,Thursday
mouse_2,2025-08-14,,1,3,48,1190.1562631130219,Hit,1.0557636530227228,0,14,Thursday
mouse_2,2025-08-14,,1,3,49,1213.6182661056519,Hit,0.0,0,0,Thursday
mouse_2,2025-08-14,,1,3,50,1237.826508283615,Hit,15.302378820853392,0,28,Thursday
mouse_2,2025-08-14,,1,3,51,1261.7862663269043,Hit,17.95867152969049,0,5,Thursday
mouse_2,2025-08-14,,1,3,52,1287.7382521629333,Hit,0.0,0,0,Thursday
mouse_2,2025-08-14,,1,3,53,1312.938236951828,Hit,9.928973926243543,0,72,Thursday
mouse_2,2025-08-14,,1,3,54,1340.1395330429077,Hit,9.914834654784727,0,3,Thursday
mouse_2,2025-08-14,,1,3,55,1365.1058580875397,Hit,0.0,0,0,Thursday
mouse_2,2025-08-14,,1,3,56,1388.3150939941406,Hit,0.0,0,0,Thursday
mouse_2,2025-08-14,,1,3,57,1413.0251142978668,Hit,0.0,0,0,Thursday
mouse_2,2025-08-14,,1,3,58,1437.4762346744537,Hit,0.0,0,0,Thursday
mouse_2,2025-08-14,,1,3,59,1463.684763431549,Hit,0.0,0,0,Thursday
mouse_2,2025-08-14,,1,3,60,1487.8986909389496,Hit,9.439012022450697,0,22,Thursday
mouse_2,2025-08-14,,1,3,61,1513.1144452095032,Hit,0.0,0,0,Thursday
mouse_2,2025-08-14,,1,3,62,1539.3182599544525,Hit,3.000991680755078,0,23,Thursday
mouse_2,2025-08-14,,1,3,63,1563.2737231254578,Hit,17.387141321231866,0,15,Thursday
mouse_2,2025-08-14,,1,3,64,1589.2340383529663,Hit,0.0,0,0,Thursday
mouse_2,2025-08-14,,1,3,65,1615.9437537193298,Hit,0.0,0,0,Thursday
mouse_2,2025-08-14,,1,3,66,1641.6582605838776,Hit,17.913721730430325,0,4,Thursday
mouse_2,2025-08-14,,1,3,67,1666.8735649585724,Hit,0.0,0,0,Thursday
mouse_2,2025-08-14,,1,3,68,1690.8317334651947,Hit,11.560947741008022,0,6,Thursday
mouse_2,2025-08-14,,1,3,69,1714.538269519806,Hit,8.152351821219781,0,32,Thursday
mouse_2,2025-08-14,,1,3,70,1740.253543138504,Hit,6.453856620190891,0,4,Thursday
mouse_2,2025-08-14,,1,3,71,1764.2118835449219,Hit,0.0,0,0,Thursday
mouse_2,2025-08-14,,1,3,72,1788.9226763248444,Hit,15.429250050495284,0,43,Thursday
mouse_2,2025-08-14,,1,3,73,1813.632271528244,Miss,,0,4,Thursday
mouse_2,2025-08-17,,1,4,1,0.01068735122680664,Hit,12.387017710094113,0,64,Sunday
mouse_2,2025-08-17,,1,4,2,25.72078013420105,Hit,8.536216890920311,0,96,Sunday
mouse_2,2025-08-17,,1,4,3,52.18029522895813,Hit,0.1708635048511411,0,156,Sunday
mouse_2,2025-08-17,,1,4,4,77.13897752761841,Hit,2.978385978062221,0,65,Sunday
mouse_2,2025-08-17,,1,4,5,104.10794019699097,Hit,5.805160689767433,0,29,Sunday
mouse_2,2025-08-17,,1,4,6,130.318598985672,Hit,0.0768244122338615,0,83,Sunday
mouse_2,2025-08-17,,1,4,7,157.03686809539795,Hit,0.18720852959040712,0,189,Sunday
mouse_2,2025-08-17,,1,4,8,183.24614024162292,Hit,4.064091247350518,0,136,Sunday
mouse_2,2025-08-17,,1,4,9,209.4657781124115,Hit,0.1555480395354607,0,100,Sunday
mouse_2,2025-08-17,,1,4,10,236.43471789360046,Hit,9.830339015225178,0,38,Sunday
mouse_2,2025-08-17,,1,4,11,261.9040665626526,Hit,6.010260291991699,0,106,Sunday
mouse_2,2025-08-17,,1,4,12,286.1134572029114,Hit,0.7853671803234761,0,98,Sunday
mouse_2,2025-08-17,,1,4,13,313.0731449127197,Hit,14.869382277433147,0,49,Sunday
mouse_2,2025-08-17,,1,4,14,339.29173374176025,Hit,6.9388146360985274,0,77,Sunday
mouse_2,2025-08-17,,1,4,15,364.51176500320435,Hit,1.5957946099604214,0,71,Sunday
mouse_2,2025-08-17,,1,4,16,388.4709486961365,Hit,0.29425777181415924,0,56,Sunday
mouse_2,2025-08-17,,1,4,17,413.1898922920227,Hit,0.3172922572983907,0,72,Sunday
mouse_2,2025-08-17,,1,4,18,436.3846490383148,Hit,0.8623945753239468,0,77,Sunday
mouse_2,2025-08-17,,1,4,19,463.3485927581787,Hit,2.977580346578236,0,56,Sunday
mouse_2,2025-08-17,,1,4,20,487.5573444366455,Hit,1.0805545551723412,0,104,Sunday
mouse_2,2025-08-17,,1,4,21,514.5169560909271,Hit,0.08206867433102616,0,127,Sunday
mouse_2,2025-08-17,,1,4,22,538.975937128067,Hit,1.8711484712042648,0,72,Sunday
mouse_2,2025-08-17,,1,4,23,562.4213054180145,Hit,0.0963385215497965,0,188,Sunday
mouse_2,2025-08-17,,1,4,24,588.1245801448822,Hit,0.09454536033058503,0,187,Sunday
mouse_2,2025-08-17,,1,4,25,611.8415524959564,Hit,1.59223363773026,0,138,Sunday
mouse_2,2025-08-17,,1,4,26,637.292685508728,Hit,10.733925984233906,0,41,Sunday
mouse_2,2025-08-17,,1,4,27,662.0020656585693,Hit,0.004786685584463157,0,98,Sunday
mouse_2,2025-08-17,,1,4,28,687.9715230464935,Hit,0.7217319434621459,0,116,Sunday
mouse_2,2025-08-17,,1,4,29,714.4286484718323,Hit,0.7091003234726259,0,66,Sunday
mouse_2,2025-08-17,,1,4,30,739.6498191356659,Hit,3.8870683053334005,0,128,Sunday
mouse_2,2025-08-17,,1,4,31,764.858610868454,Hit,0.2580405349804096,0,92,Sunday
mouse_2,2025-08-17,,1,4,32,789.3181841373444,Hit,1.750134732430979,0,102,Sunday
mouse_2,2025-08-17,,1,4,33,815.5281131267548,Hit,2.1598520083344965,0,100,Sunday
mouse_2,2025-08-17,,1,4,34,839.2459645271301,Hit,0.8229575133615299,0,65,Sunday
mouse_2,2025-08-17,,1,4,35,864.7023682594299,Hit,0.012918883873908271,0,74,Sunday
mouse_2,2025-08-17,,1,4,36,890.1567139625549,Hit,11.251255599505498,0,60,Sunday
mouse_2,2025-08-17,,1,4,37,913.8507013320923,Hit,0.3157132285548414,0,135,Sunday
mouse_2,2025-08-17,,1,4,38,940.55299949646,Hit,0.45592816903251787,0,149,Sunday
mouse_2,2025-08-17,,1,4,39,965.522157907486,Hit,6.532776171615524,0,88,Sunday
mouse_2,2025-08-17,,1,4,40,991.4820430278778,Hit,0.643288159303097,0,87,Sunday
mouse_2,2025-08-17,,1,4,41,1016.1941747665405,Hit,0.08810745513164875,0,78,Sunday
mouse_2,2025-08-17,,1,4,42,1041.9057569503784,Hit,1.522024829766906,0,55,Sunday
mouse_2,2025-08-17,,1,4,43,1068.6054739952087,Hit,17.945123205716982,0,25,Sunday
mouse_2,2025-08-17,,1,4,44,1092.3174982070923,Hit,6.95080008729974,0,84,Sunday
mouse_2,2025-08-17,,1,4,45,1118.5209217071533,Hit,0.5775175377332289,0,56,Sunday
mouse_2,2025-08-17,,1,4,46,1143.9721965789795,Hit,2.9522793244807417,0,50,Sunday
mouse_2,2025-08-17,,1,4,47,1167.6789445877075,Hit,8.388447434343107,0,78,Sunday
mouse_2,2025-08-17,,1,4,48,1192.1351969242096,Hit,2.7807577013129503,0,89,Sunday
mouse_2,2025-08-17,,1,4,49,1217.6014714241028,Hit,0.020117146917300488,0,99,Sunday
mouse_2,2025-08-17,,1,4,50,1244.5775685310364,Hit,0.042478183729826924,0,96,Sunday
mouse_2,2025-08-17,,1,4,51,1270.5383486747742,Hit,0.2467724626508243,0,40,Sunday
mouse_2,2025-08-17,,1,4,52,1295.2493772506714,Hit,9.041008995426182,0,62,Sunday
mouse_2,2025-08-17,,1,4,53,1320.2057449817657,Hit,2.384319565925807,0,70,Sunday
mouse_2,2025-08-17,,1,4,54,1343.9206130504608,Hit,4.150649913626694,0,47,Sunday
mouse_2,2025-08-17,,1,4,55,1368.3819358348846,Hit,0.5370322651779134,0,78,Sunday
mouse_2,2025-08-17,,1,4,56,1393.85258603096,Hit,0.020708302638695386,0,101,Sunday
mouse_2,2025-08-17,,1,4,57,1419.3223621845245,Hit,0.41839223078159193,0,66,Sunday
mouse_2,2025-08-17,,1,4,58,1443.5431914329529,Hit,16.844774341821903,0,25,Sunday
mouse_2,2025-08-17,,1,4,59,1466.7492485046387,Hit,3.4969756865391446,0,38,Sunday
mouse_2,2025-08-17,,1,4,60,1492.7043256759644,Hit,3.300885488456288,0,50,Sunday
mouse_2,2025-08-17,,1,4,61,1516.164638519287,Hit,6.0487593638274575,0,65,Sunday
mouse_2,2025-08-17,,1,4,62,1541.8849368095398,Hit,0.38772621530915785,0,74,Sunday
mouse_2,2025-08-17,,1,4,63,1566.3428785800934,Hit,3.6669371416119247,0,41,Sunday
mouse_2,2025-08-17,,1,4,64,1589.8055226802826,Hit,0.2124190154122516,0,58,Sunday
mouse_2,2025-08-17,,1,4,65,1616.0255379676819,Hit,12.054749149998997,0,53,Sunday
mouse_2,2025-08-17,,1,4,66,1642.246351480484,Hit,16.078120591834022,0,28,Sunday
mouse_2,2025-08-17,,1,4,67,1666.2062666416168,Hit,1.3378432020135733,0,26,Sunday
mouse_2,2025-08-17,,1,4,68,1691.1665668487549,Hit,0.19596504277706117,0,16,Sunday
mouse_2,2025-08-17,,1,4,69,1714.3669302463531,Hit,1.726920099473773,0,22,Sunday
mouse_2,2025-08-17,,1,4,70,1740.078392982483,Hit,14.163957275395887,0,19,Sunday
mouse_2,2025-08-17,,1,4,71,1766.2874286174774,Hit,1.739162285700786,0,26,Sunday
mouse_2,2025-08-17,,1,4,72,1789.9999032020569,Hit,0.08296507653381013,0,13,Sunday
mouse_2,2025-08-18,,1,5,1,0.015934467315673828,Hit,1.4433600908149398,0,73,Monday
mouse_2,2025-08-18,,1,5,2,26.48422145843506,Hit,11.765062828603071,0,62,Monday
mouse_2,2025-08-18,,1,5,3,52.94228434562683,Hit,1.9103581341880727,0,42,Monday
mouse_2,2025-08-18,,1,5,4,77.15446519851685,Hit,17.689054773807115,0,42,Monday
mouse_2,2025-08-18,,1,5,5,101.60660815238953,Hit,12.610313331643084,0,46,Monday
mouse_2,2025-08-18,,1,5,6,126.81399607658386,Hit,0.08314036325245411,0,99,Monday
mouse_2,2025-08-18,,1,5,7,153.5240879058838,Hit,6.069994362568906,0,36,Monday
mouse_2,2025-08-18,,1,5,8,176.98400282859802,Hit,4.9144713090495316,0,37,Monday
mouse_2,2025-08-18,,1,5,9,202.44661903381348,Hit,15.01570441317378,0,35,Monday
mouse_2,2025-08-18,,1,5,10,226.90426778793335,Hit,8.432251869104022,0,25,Monday
mouse_2,2025-08-18,,1,5,11,251.36394667625427,Hit,1.446651591671639,0,20,Monday
mouse_2,2025-08-18,,1,5,12,277.06668305397034,Hit,7.177003988401452,0,30,Monday
mouse_2,2025-08-18,,1,5,13,304.00915002822876,Hit,1.7690907726150158,0,42,Monday
mouse_2,2025-08-18,,1,5,14,330.23345136642456,Hit,5.010950060102971,0,47,Monday
mouse_2,2025-08-18,,1,5,15,356.9433927536011,Hit,6.059245360235252,0,35,Monday
mouse_2,2025-08-18,,1,5,16,382.64671659469604,Hit,2.954924508886279,0,90,Monday
mouse_2,2025-08-18,,1,5,17,408.6229510307312,Hit,1.5673294834969624,0,34,Monday
mouse_2,2025-08-18,,1,5,18,432.33368468284607,Hit,0.13279648093083551,0,65,Monday
mouse_2,2025-08-18,,1,5,19,456.7942132949829,Hit,1.6407674084668997,0,88,Monday
mouse_2,2025-08-18,,1,5,20,482.25251865386963,Hit,0.8043728028511055,0,72,Monday
mouse_2,2025-08-18,,1,5,21,507.7124032974243,Hit,0.7731718235036169,0,63,Monday
mouse_2,2025-08-18,,1,5,22,531.9227905273438,Hit,0.65483442094569,0,53,Monday
mouse_2,2025-08-18,,1,5,23,557.886726140976,Hit,0.4517979751669827,0,59,Monday
mouse_2,2025-08-18,,1,5,24,582.602287530899,Hit,1.8846790214745397,0,69,Monday
mouse_2,2025-08-18,,1,5,25,607.3124034404755,Hit,0.06363792434945026,0,151,Monday
mouse_2,2025-08-18,,1,5,26,632.7816739082336,Hit,1.0673080113642754,0,87,Monday
mouse_2,2025-08-18,,1,5,27,658.4914994239807,Hit,0.25323213530282374,0,118,Monday
mouse_2,2025-08-18,,1,5,28,683.2014558315277,Hit,0.12267750412866008,0,110,Monday
mouse_2,2025-08-18,,1,5,29,708.161648273468,Hit,0.09510852297660222,0,123,Monday
mouse_2,2025-08-18,,1,5,30,731.8680958747864,Hit,0.09647062909061788,0,130,Monday
mouse_2,2025-08-18,,1,5,31,755.3167822360992,Hit,0.09007354716391092,0,163,Monday
mouse_2,2025-08-18,,1,5,32,781.019259929657,Hit,1.1173338470291583,0,120,Monday
mouse_2,2025-08-18,,1,5,33,807.7323408126831,Hit,6.286294870042411,0,96,Monday
mouse_2,2025-08-18,,1,5,34,834.4423384666443,Hit,0.2827989263115569,0,109,Monday
mouse_2,2025-08-18,,1,5,35,860.4066300392151,Hit,0.08599162211453404,0,99,Monday
mouse_2,2025-08-18,,1,5,36,886.1063559055328,Hit,0.8169610619760306,0,85,Monday
mouse_2,2025-08-18,,1,5,37,911.5616219043732,Hit,14.348989328411221,0,31,Monday
mouse_2,2025-08-18,,1,5,38,937.2666485309601,Hit,0.44364720332384877,0,37,Monday
mouse_2,2025-08-18,,1,5,39,960.730860710144,Hit,0.4672531031181961,0,50,Monday
mouse_2,2025-08-18,,1,5,40,984.9410750865936,Hit,0.12862748392399226,0,101,Monday
mouse_2,2025-08-18,,1,5,41,1008.8976602554321,Hit,0.33523588910804847,0,95,Monday
mouse_2,2025-08-18,,1,5,42,1032.8389313220978,Hit,0.025040331468517252,0,66,Monday
mouse_2,2025-08-18,,1,5,43,1058.2857637405396,Hit,0.11116916112223407,0,125,Monday
mouse_2,2025-08-18,,1,5,44,1083.505938053131,Hit,0.3086926187934296,0,64,Monday
mouse_2,2025-08-18,,1,5,45,1109.470159292221,Hit,2.483577715826641,0,87,Monday
mouse_2,2025-08-18,,1,5,46,1133.4299983978271,Hit,0.010090949768027713,0,149,Monday
mouse_2,2025-08-18,,1,5,47,1157.1397171020508,Hit,0.17212773855931118,0,126,Monday
mouse_2,2025-08-18,,1,5,48,1183.8495833873749,Hit,0.4809066728682865,0,120,Monday
mouse_2,2025-08-18,,1,5,49,1208.5600562095642,Hit,5.478537883244826,0,72,Monday
mouse_2,2025-08-18,,1,5,50,1235.5151324272156,Hit,0.38791899718444256,0,77,Monday
mouse_2,2025-08-18,,1,5,51,1260.4790513515472,Hit,0.0348067109969179,0,117,Monday
mouse_2,2025-08-18,,1,5,52,1283.6745460033417,Hit,5.737427393401731,0,47,Monday
mouse_2,2025-08-18,,1,5,53,1308.1485588550568,Hit,0.0404090464685396,0,78,Monday
mouse_2,2025-08-18,,1,5,54,1334.108368396759,Hit,0.017941234992576938,0,97,Monday
mouse_2,2025-08-18,,1,5,55,1359.3180603981018,Hit,0.4104680985174127,0,27,Monday
mouse_2,2025-08-18,,1,5,56,1382.778090953827,Hit,14.004077397392166,0,47,Monday
mouse_2,2025-08-18,,1,5,57,1406.2381210327148,Hit,0.36680425723216104,0,86,Monday
mouse_2,2025-08-18,,1,5,58,1433.196682691574,Hit,0.024126689797412837,0,99,Monday
mouse_2,2025-08-18,,1,5,59,1457.657375574112,Hit,1.2717433113020888,0,102,Monday
mouse_2,2025-08-18,,1,5,60,1481.1172754764557,Hit,0.6670732684071936,0,103,Monday
mouse_2,2025-08-18,,1,5,61,1508.0774624347687,Hit,0.19170660029635656,0,132,Monday
mouse_2,2025-08-18,,1,5,62,1533.7766330242157,Hit,0.02552301386549516,0,97,Monday
mouse_2,2025-08-18,,1,5,63,1559.9864213466644,Hit,5.521623060700676,0,136,Monday
mouse_2,2025-08-18,,1,5,64,1584.9564509391785,Hit,0.08289066470911166,0,121,Monday
mouse_2,2025-08-18,,1,5,65,1610.1659004688263,Hit,1.8322860824496274,0,82,Monday
mouse_2,2025-08-18,,1,5,66,1636.6259498596191,Hit,20.40216808025366,0,33,Monday
mouse_2,2025-08-18,,1,5,67,1661.826668024063,Hit,24.336454693589758,0,41,Monday
mouse_2,2025-08-18,,1,5,68,1688.0356304645538,Hit,0.06358608077380268,0,88,Monday
mouse_2,2025-08-18,,1,5,69,1713.2448387145996,Hit,0.011834072355668468,0,81,Monday
mouse_2,2025-08-18,,1,5,70,1738.205289363861,Hit,0.494983314692945,0,133,Monday
mouse_2,2025-08-18,,1,5,71,1761.661697626114,Hit,0.39466561065910355,0,102,Monday
mouse_2,2025-08-18,,1,5,72,1785.3502786159515,Hit,0.012566481686462794,0,90,Monday
mouse_2,2025-08-18,,1,5,73,1810.5645830631256,Miss,,0,4,Monday
mouse_2,2025-08-19,,1,6,1,0.02796339988708496,Hit,0.2464230911410521,0,76,Tuesday
mouse_2,2025-08-19,,1,6,2,24.73457169532776,Hit,5.52295558183172,0,65,Tuesday
mouse_2,2025-08-19,,1,6,3,48.69486880302429,Hit,2.6321457196001177,0,73,Tuesday
mouse_2,2025-08-19,,1,6,4,71.89234066009521,Hit,0.016436481482173804,0,58,Tuesday
mouse_2,2025-08-19,,1,6,5,95.35438752174377,Hit,1.0203348226869053,0,81,Tuesday
mouse_2,2025-08-19,,1,6,6,122.32305955886841,Hit,0.0700346224469115,0,68,Tuesday
mouse_2,2025-08-19,,1,6,7,149.03370022773743,Hit,0.8307337498599168,0,71,Tuesday
mouse_2,2025-08-19,,1,6,8,174.4931137561798,Hit,0.4610418545565267,0,46,Tuesday
mouse_2,2025-08-19,,1,6,9,201.45444059371948,Hit,3.299330622603321,0,43,Tuesday
mouse_2,2025-08-19,,1,6,10,226.6624777317047,Hit,0.2559902487117256,0,57,Tuesday
mouse_2,2025-08-19,,1,6,11,251.37264323234558,Hit,0.10145497551167182,0,65,Tuesday
mouse_2,2025-08-19,,1,6,12,276.33190536499023,Hit,10.264010213573385,0,43,Tuesday
mouse_2,2025-08-19,,1,6,13,301.0398745536804,Hit,2.968773041137922,0,59,Tuesday
mouse_2,2025-08-19,,1,6,14,328.2518503665924,Hit,0.5927097122518035,0,45,Tuesday
mouse_2,2025-08-19,,1,6,15,352.96146607398987,Hit,4.658323626702554,0,49,Tuesday
mouse_2,2025-08-19,,1,6,16,377.6706635951996,Hit,2.0655630269650374,0,88,Tuesday
mouse_2,2025-08-19,,1,6,17,402.62492060661316,Hit,0.008152105383089747,0,157,Tuesday
mouse_2,2025-08-19,,1,6,18,427.8504376411438,Hit,0.07299962729240406,0,111,Tuesday
mouse_2,2025-08-19,,1,6,19,453.5469264984131,Hit,0.12936972435244343,0,39,Tuesday
mouse_2,2025-08-19,,1,6,20,478.01034331321716,Hit,1.6839725484668975,0,44,Tuesday
mouse_2,2025-08-19,,1,6,21,501.2285490036011,Hit,2.1192794775372477,0,40,Tuesday
mouse_2,2025-08-19,,1,6,22,527.9315450191498,Hit,0.778379556544337,0,129,Tuesday
mouse_2,2025-08-19,,1,6,23,554.8874127864838,Hit,0.0866552903801221,0,208,Tuesday
mouse_2,2025-08-19,,1,6,24,578.0960512161255,Hit,1.7301009727320888,0,66,Tuesday
mouse_2,2025-08-19,,1,6,25,603.2981526851654,Hit,4.103724942590588,0,67,Tuesday
mouse_2,2025-08-19,,1,6,26,629.248153924942,Hit,0.029567249500246362,0,150,Tuesday
mouse_2,2025-08-19,,1,6,27,653.9685926437378,Hit,0.08093656755374923,0,163,Tuesday
mouse_2,2025-08-19,,1,6,28,680.179267168045,Hit,0.03293069369192381,0,164,Tuesday
mouse_2,2025-08-19,,1,6,29,704.1390354633331,Hit,0.04448957738907211,0,104,Tuesday
mouse_2,2025-08-19,,1,6,30,728.5977458953857,Hit,0.1090565057376125,0,96,Tuesday
mouse_2,2025-08-19,,1,6,31,754.0482144355774,Hit,3.916903870279043,0,90,Tuesday
mouse_2,2025-08-19,,1,6,32,777.9975414276123,Hit,0.06921145730075295,0,189,Tuesday
mouse_2,2025-08-19,,1,6,33,803.9571313858032,Hit,0.08315460910023376,0,227,Tuesday
mouse_2,2025-08-19,,1,6,34,828.6668298244476,Hit,0.0720257518219114,0,181,Tuesday
mouse_2,2025-08-19,,1,6,35,851.8730347156525,Hit,0.046608527063426664,0,112,Tuesday
mouse_2,2025-08-19,,1,6,36,878.0962400436401,Hit,0.044821451418897595,0,83,Tuesday
mouse_2,2025-08-19,,1,6,37,901.5565152168274,Hit,0.02358034005965237,0,48,Tuesday
mouse_2,2025-08-19,,1,6,38,925.7730250358582,Hit,0.0,0,0,Tuesday
mouse_2,2025-08-19,,1,6,39,952.235830783844,Hit,3.9959911360522256,0,68,Tuesday
mouse_2,2025-08-19,,1,6,40,977.9366745948792,Hit,0.005739720406722881,0,159,Tuesday
mouse_2,2025-08-19,,1,6,41,1001.6551656723022,Hit,0.004248011011100061,0,182,Tuesday
mouse_2,2025-08-19,,1,6,42,1028.3630061149597,Hit,0.044233665723368176,0,108,Tuesday
mouse_2,2025-08-19,,1,6,43,1053.5582315921783,Hit (Calc),0.0326851359450302,0,111,Tuesday
mouse_2,2025-08-19,,1,6,44,1076.7646079063416,Hit,0.025387782209691068,0,71,Tuesday
mouse_2,2025-08-19,,1,6,45,1101.9845678806305,Hit,0.019384140717875198,0,36,Tuesday
mouse_2,2025-08-19,,1,6,46,1127.4444541931152,Hit,17.523723926060484,0,32,Tuesday
mouse_2,2025-08-19,,1,6,47,1151.9130008220673,Hit,2.7663845452989335,0,46,Tuesday
mouse_2,2025-08-19,,1,6,48,1177.6240968704224,Hit,0.15693870927452735,0,50,Tuesday
mouse_2,2025-08-19,,1,6,49,1204.3268671035767,Hit,0.07725396694672781,0,93,Tuesday
mouse_2,2025-08-19,,1,6,50,1231.2840797901154,Hit,0.32928188711161965,0,133,Tuesday
mouse_2,2025-08-19,,1,6,51,1254.5038356781006,Hit,0.0364971881629117,0,151,Tuesday
mouse_2,2025-08-19,,1,6,52,1277.7137560844421,Hit,0.05575061331319375,0,172,Tuesday
mouse_2,2025-08-19,,1,6,53,1304.679381608963,Hit,0.024154694837989155,0,70,Tuesday
mouse_2,2025-08-19,,1,6,54,1331.6337339878082,Hit,1.8850101113198434,0,39,Tuesday
mouse_2,2025-08-19,,1,6,55,1356.3405694961548,Hit,0.1033245744240503,0,188,Tuesday
mouse_2,2025-08-19,,1,6,56,1382.793020248413,Hit,0.017044194053141837,0,75,Tuesday
mouse_2,2025-08-19,,1,6,57,1410.0018873214722,Hit,2.459408774395115,0,127,Tuesday
mouse_2,2025-08-19,,1,6,58,1433.4627120494843,Hit,0.013329660554290967,0,89,Tuesday
mouse_2,2025-08-19,,1,6,59,1460.4328396320343,Hit,0.06601939975280402,0,244,Tuesday
mouse_2,2025-08-19,,1,6,60,1486.1329953670502,Hit,0.0990203120861679,0,227,Tuesday
mouse_2,2025-08-19,,1,6,61,1512.8423960208893,Hit,0.0794004606125327,0,46,Tuesday
mouse_2,2025-08-19,,1,6,62,1536.802333831787,Hit,0.0,0,0,Tuesday
mouse_2,2025-08-19,,1,6,63,1560.7619931697845,Hit,7.810268455378264,0,66,Tuesday
mouse_2,2025-08-19,,1,6,64,1586.47181391716,Hit,0.6873552213837684,0,112,Tuesday
mouse_2,2025-08-19,,1,6,65,1613.1915848255157,Hit,0.21195950142214315,0,199,Tuesday
mouse_2,2025-08-19,,1,6,66,1638.661447763443,Hit,0.03540323969355086,0,99,Tuesday
mouse_2,2025-08-19,,1,6,67,1665.6230342388153,Hit,0.011415714704980928,0,135,Tuesday
mouse_2,2025-08-19,,1,6,68,1692.8312392234802,Hit,0.032209506365006746,0,53,Tuesday
mouse_2,2025-08-19,,1,6,69,1718.2913224697113,Hit,3.966051939760291,0,35,Tuesday
mouse_2,2025-08-19,,1,6,70,1743.750777721405,Hit,2.1483713793265906,0,48,Tuesday
mouse_2,2025-08-19,,1,6,71,1768.9710178375244,Hit,15.371587121847142,0,34,Tuesday
mouse_2,2025-08-19,,1,6,72,1795.9407269954681,Miss,,0,0,Tuesday
mouse_2,2025-08-20,,2,1,1,0.01359868049621582,Miss,,0,4,Wednesday
mouse_2,2025-08-20,,2,1,2,26.22248601913452,Miss,,0,4,Wednesday
mouse_2,2025-08-20,,2,1,3,50.43637728691101,Miss,,0,5,Wednesday
mouse_2,2025-08-20,,2,1,4,74.63612151145935,Hit,0.2090959847512579,0,180,Wednesday
mouse_2,2025-08-20,,2,1,5,99.34612274169922,Hit,0.007789199627751486,0,188,Wednesday
mouse_2,2025-08-20,,2,1,6,123.3005096912384,Hit,3.6196142173543393,0,127,Wednesday
mouse_2,2025-08-20,,2,1,7,146.75591802597046,Hit,0.6294262021908423,0,74,Wednesday
mouse_2,2025-08-20,,2,1,8,173.21633315086365,Hit,2.6443457883098063,0,152,Wednesday
mouse_2,2025-08-20,,2,1,9,197.42643666267395,Hit,0.09000135176165713,0,149,Wednesday
mouse_2,2025-08-20,,2,1,10,224.6366639137268,Hit,0.07727743240056384,0,130,Wednesday
mouse_2,2025-08-20,,2,1,11,248.0998649597168,Miss,,0,119,Wednesday
mouse_2,2025-08-20,,2,1,12,274.3065993785858,Hit,0.03299978958250449,0,127,Wednesday
mouse_2,2025-08-20,,2,1,13,297.51653242111206,Hit,0.004286136187715783,0,95,Wednesday
mouse_2,2025-08-20,,2,1,14,323.7261347770691,Hit,0.0823632439438029,0,162,Wednesday
mouse_2,2025-08-20,,2,1,15,349.6963458061218,Hit,0.05505702109559252,0,147,Wednesday
mouse_2,2025-08-20,,2,1,16,373.90614795684814,Hit,0.005261887800259046,0,160,Wednesday
mouse_2,2025-08-20,,2,1,17,399.12706995010376,Hit,0.08390461328804122,0,68,Wednesday
mouse_2,2025-08-20,,2,1,18,423.33612728118896,Miss,,0,76,Wednesday
mouse_2,2025-08-20,,2,1,19,447.7966923713684,Hit,0.03256477314442918,0,199,Wednesday
mouse_2,2025-08-20,,2,1,20,474.25631189346313,Hit,0.03238280476716682,0,92,Wednesday
mouse_2,2025-08-20,,2,1,21,498.4661362171173,Hit,0.09717502450462234,0,197,Wednesday
mouse_2,2025-08-20,,2,1,22,525.1724002361298,Hit,0.08545959302318806,0,211,Wednesday
mouse_2,2025-08-20,,2,1,23,551.3863039016724,Hit,0.043933089625170396,0,177,Wednesday
mouse_2,2025-08-20,,2,1,24,577.5961148738861,Hit,0.027544339122869133,0,97,Wednesday
mouse_2,2025-08-20,,2,1,25,603.0561146736145,Hit,0.09649650067365201,0,158,Wednesday
mouse_2,2025-08-20,,2,1,26,629.2754445075989,Hit,0.0833799759732301,0,225,Wednesday
mouse_2,2025-08-20,,2,1,27,654.2366909980774,Hit,0.03932312440940677,0,115,Wednesday
mouse_2,2025-08-20,,2,1,28,681.1997187137604,Miss,,0,86,Wednesday
mouse_2,2025-08-20,,2,1,29,706.914402961731,Hit,0.04006730003789016,0,137,Wednesday
mouse_2,2025-08-20,,2,1,30,730.3753995895386,Hit,0.07743371434958135,0,247,Wednesday
mouse_2,2025-08-20,,2,1,31,755.3360953330994,Hit,0.13094571119199827,0,202,Wednesday
mouse_2,2025-08-20,,2,1,32,779.0465974807739,Hit,0.01138475986397225,0,74,Wednesday
mouse_2,2025-08-20,,2,1,33,802.5088295936584,Miss,,0,28,Wednesday
mouse_2,2025-08-20,,2,1,34,827.9661657810211,Hit,0.11897669914094422,0,119,Wednesday
mouse_2,2025-08-20,,2,1,35,851.1716961860657,Hit,0.02172708297371173,0,83,Wednesday
mouse_2,2025-08-20,,2,1,36,877.8852758407593,Miss,,0,25,Wednesday
mouse_2,2025-08-20,,2,1,37,904.5948462486267,Hit,0.06731844461842229,0,141,Wednesday
mouse_2,2025-08-20,,2,1,38,928.8141767978668,Hit,0.09644878971027993,0,213,Wednesday
mouse_2,2025-08-20,,2,1,39,953.7739346027374,Hit,0.06241600504301914,0,69,Wednesday
mouse_2,2025-08-20,,2,1,40,979.2319836616516,Miss,,0,0,Wednesday
mouse_2,2025-08-20,,2,1,41,1003.1930034160614,Hit,1.6896155293624133,0,195,Wednesday
mouse_2,2025-08-20,,2,1,42,1026.6562252044678,Hit,0.032480964149499414,0,74,Wednesday
mouse_2,2025-08-20,,2,1,43,1052.8615927696228,Miss,,0,0,Wednesday
mouse_2,2025-08-20,,2,1,44,1076.565907239914,Hit,4.909358709806838,0,56,Wednesday
mouse_2,2025-08-20,,2,1,45,1102.0406467914581,Miss,,0,107,Wednesday
mouse_2,2025-08-20,,2,1,46,1128.2599568367004,Hit,0.5117765316344958,0,80,Wednesday
mouse_2,2025-08-20,,2,1,47,1154.2298066616058,Hit,0.09819487586901232,0,96,Wednesday
mouse_2,2025-08-20,,2,1,48,1180.6746220588684,Hit,0.003530112672251562,0,54,Wednesday
mouse_2,2025-08-20,,2,1,49,1206.6388602256775,Miss,,0,0,Wednesday
mouse_2,2025-08-20,,2,1,50,1232.8584144115448,Hit,2.8531642982416088,0,161,Wednesday
mouse_2,2025-08-20,,2,1,51,1257.8085794448853,Hit,0.0035103230779895966,0,198,Wednesday
mouse_2,2025-08-20,,2,1,52,1281.2673909664154,Hit,0.011359265985674938,0,77,Wednesday
mouse_2,2025-08-20,,2,1,53,1305.2273559570312,Hit,0.7300785662378075,0,27,Wednesday
mouse_2,2025-08-20,,2,1,54,1331.4271683692932,Miss,,0,151,Wednesday
mouse_2,2025-08-20,,2,1,55,1357.6376721858978,Hit,0.15253748054465177,0,115,Wednesday
mouse_2,2025-08-20,,2,1,56,1382.0830948352814,Hit,0.05759710774168525,0,43,Wednesday
mouse_2,2025-08-20,,2,1,57,1406.2939398288727,Miss,,0,54,Wednesday
mouse_2,2025-08-20,,2,1,58,1433.0061028003693,Hit,0.03457462329993177,0,62,Wednesday
mouse_2,2025-08-20,,2,1,59,1456.9662539958954,Miss,,0,131,Wednesday
mouse_2,2025-08-20,,2,1,60,1482.9222130775452,Hit,0.04153700281949568,0,95,Wednesday
mouse_2,2025-08-20,,2,1,61,1507.1359686851501,Hit,0.006063974050903198,0,78,Wednesday
mouse_2,2025-08-20,,2,1,62,1532.0954813957214,Hit,0.3559151527672384,0,93,Wednesday
mouse_2,2025-08-20,,2,1,63,1558.0651671886444,Hit,0.0821601705977173,0,155,Wednesday
mouse_2,2025-08-20,,2,1,64,1583.0161476135254,Hit,0.07635270544847117,0,222,Wednesday
mouse_2,2025-08-20,,2,1,65,1607.2200763225555,Hit,0.10097861511735573,0,132,Wednesday
mouse_2,2025-08-20,,2,1,66,1633.924476146698,Hit,0.07951006830694496,0,195,Wednesday
mouse_2,2025-08-20,,2,1,67,1657.3779702186584,Hit,0.000631085455779612,0,208,Wednesday
mouse_2,2025-08-20,,2,1,68,1684.3361415863037,Hit,0.01747811725908832,0,195,Wednesday
mouse_2,2025-08-20,,2,1,69,1710.0540244579315,Hit,0.023659300473582334,0,219,Wednesday
mouse_2,2025-08-20,,2,1,70,1735.273116350174,Hit,0.36430792889382246,0,90,Wednesday
mouse_2,2025-08-20,,2,1,71,1760.7429242134094,Hit,0.05452334984056506,0,204,Wednesday
mouse_2,2025-08-20,,2,1,72,1785.7033622264862,Hit,0.01713795220598513,0,127,Wednesday
mouse_2,2025-08-20,,2,1,73,1811.6726260185242,Miss,,0,5,Wednesday
mouse_2,2025-08-21,,2,2,1,0.018423080444335938,Hit,2.4308916934865508,0,135,Thursday
mouse_2,2025-08-21,,2,2,2,25.712539672851562,Hit,0.08952819591584671,0,164,Thursday
mouse_2,2025-08-21,,2,2,3,49.665096044540405,Hit,0.07015009844548814,0,60,Thursday
mouse_2,2025-08-21,,2,2,4,73.62510132789612,Hit,2.1123158225956757,0,68,Thursday
mouse_2,2025-08-21,,2,2,5,97.3321053981781,Hit,0.04817584838752964,0,212,Thursday
mouse_2,2025-08-21,,2,2,6,123.03196120262146,Hit,0.07457648762543556,0,139,Thursday
mouse_2,2025-08-21,,2,2,7,146.73509526252747,Hit,0.07430845974420208,0,128,Thursday
mouse_2,2025-08-21,,2,2,8,172.19518160820007,Hit,0.09494884595122244,0,189,Thursday
mouse_2,2025-08-21,,2,2,9,197.15502071380615,Hit,0.004855347745177596,0,78,Thursday
mouse_2,2025-08-21,,2,2,10,221.36763548851013,Hit,2.2665715234957133,0,89,Thursday
mouse_2,2025-08-21,,2,2,11,245.33558320999146,Hit,0.014051633965067367,0,105,Thursday
mouse_2,2025-08-21,,2,2,12,272.2979838848114,Hit,0.06666975376163009,0,135,Thursday
mouse_2,2025-08-21,,2,2,13,296.2651505470276,Hit,0.09173142149501246,0,164,Thursday
mouse_2,2025-08-21,,2,2,14,321.22293615341187,Hit,0.0810969269520001,0,162,Thursday
mouse_2,2025-08-21,,2,2,15,344.93541264533997,Hit,0.05414525179054408,0,178,Thursday
mouse_2,2025-08-21,,2,2,16,368.65270805358887,Hit,2.3720492678723986,0,87,Thursday
mouse_2,2025-08-21,,2,2,17,392.85469126701355,Hit,3.825990630171077,0,69,Thursday
mouse_2,2025-08-21,,2,2,18,416.8151571750641,Hit,0.041880639315820645,0,175,Thursday
mouse_2,2025-08-21,,2,2,19,442.775616645813,Hit,0.15222228497015067,0,122,Thursday
mouse_2,2025-08-21,,2,2,20,469.2354588508606,Hit,0.009759379972706483,0,60,Thursday
mouse_2,2025-08-21,,2,2,21,495.19833850860596,Hit,0.07540489502707715,0,57,Thursday
mouse_2,2025-08-21,,2,2,22,521.6606774330139,Hit,0.07584747651924317,0,129,Thursday
mouse_2,2025-08-21,,2,2,23,545.8621809482574,Hit,0.008748418479285647,0,153,Thursday
mouse_2,2025-08-21,,2,2,24,570.3312351703644,Hit,0.09096254688120098,0,164,Thursday
mouse_2,2025-08-21,,2,2,25,595.7715520858765,Hit,0.07991792888481086,0,217,Thursday
mouse_2,2025-08-21,,2,2,26,621.722069978714,Hit,0.00557653886994558,0,141,Thursday
mouse_2,2025-08-21,,2,2,27,645.9251546859741,Hit,0.053086504875750506,0,157,Thursday
mouse_2,2025-08-21,,2,2,28,671.1447415351868,Hit,1.114137076607335,0,147,Thursday
mouse_2,2025-08-21,,2,2,29,694.35529088974,Hit,0.03834896584544367,0,163,Thursday
mouse_2,2025-08-21,,2,2,30,719.5748705863953,Hit,0.05374039741150227,0,193,Thursday
mouse_2,2025-08-21,,2,2,31,744.2846205234528,Hit,0.060008300600316034,0,70,Thursday
mouse_2,2025-08-21,,2,2,32,768.0049161911011,Hit,0.06260733898625404,0,152,Thursday
mouse_2,2025-08-21,,2,2,33,793.9551210403442,Hit,0.02639981230674948,0,194,Thursday
mouse_2,2025-08-21,,2,2,34,819.4150776863098,Hit,0.05527093860700916,0,109,Thursday
mouse_2,2025-08-21,,2,2,35,844.6249852180481,Hit,0.07308981426137962,0,124,Thursday
mouse_2,2025-08-21,,2,2,36,870.3346002101898,Hit,0.03495915734310984,0,75,Thursday
mouse_2,2025-08-21,,2,2,37,895.044851064682,Miss,,0,41,Thursday
mouse_2,2025-08-21,,2,2,38,921.0128235816956,Miss,,0,91,Thursday
mouse_2,2025-08-21,,2,2,39,945.2257392406464,Hit,0.7052802143297185,0,157,Thursday
mouse_2,2025-08-21,,2,2,40,971.1819427013397,Hit,0.0787657199109617,0,99,Thursday
mouse_2,2025-08-21,,2,2,41,996.3856203556061,Hit,0.04214652076313996,0,132,Thursday
mouse_2,2025-08-21,,2,2,42,1020.5868337154388,Hit,0.05230908442376858,0,98,Thursday
mouse_2,2025-08-21,,2,2,43,1045.0551400184631,Hit,0.03086445311555508,0,78,Thursday
mouse_2,2025-08-21,,2,2,44,1071.765208721161,Hit,0.5639463624863765,0,141,Thursday
mouse_2,2025-08-21,,2,2,45,1095.234911441803,Hit,0.005644225452670071,0,64,Thursday
mouse_2,2025-08-21,,2,2,46,1119.1948902606964,Hit,1.4697406856323596,0,62,Thursday
mouse_2,2025-08-21,,2,2,47,1144.6547372341156,Hit,0.04501250113867172,0,46,Thursday
mouse_2,2025-08-21,,2,2,48,1168.864833831787,Hit,1.0496557520657461,0,84,Thursday
mouse_2,2025-08-21,,2,2,49,1195.0686509609222,Miss,,0,141,Thursday
mouse_2,2025-08-21,,2,2,50,1221.0350801944733,Hit,0.06889026114640728,0,127,Thursday
mouse_2,2025-08-21,,2,2,51,1246.2501831054688,Hit,0.06863420151148603,0,83,Thursday
mouse_2,2025-08-21,,2,2,52,1272.7121107578278,Hit,0.6311894470275092,0,57,Thursday
mouse_2,2025-08-21,,2,2,53,1296.924420118332,Miss,,0,106,Thursday
mouse_2,2025-08-21,,2,2,54,1322.1350111961365,Hit,0.03994386519957516,0,64,Thursday
mouse_2,2025-08-21,,2,2,55,1348.341319322586,Hit,2.932420595559279,0,112,Thursday
mouse_2,2025-08-21,,2,2,56,1373.8046135902405,Hit,0.06696798584016506,0,107,Thursday
mouse_2,2025-08-21,,2,2,57,1397.0115613937378,Hit,0.01187220241763498,0,95,Thursday
mouse_2,2025-08-21,,2,2,58,1421.714507818222,Hit,0.09004721873952803,0,64,Thursday
mouse_2,2025-08-21,,2,2,59,1446.1820771694183,Miss,,0,20,Thursday
mouse_2,2025-08-21,,2,2,60,1470.8820295333862,Hit,1.6582954739155866,0,67,Thursday
mouse_2,2025-08-21,,2,2,61,1494.0821254253387,Hit,0.007389355528857777,0,67,Thursday
mouse_2,2025-08-21,,2,2,62,1519.035282611847,Miss,,0,55,Thursday
mouse_2,2025-08-21,,2,2,63,1544.745032787323,Hit,0.07101110706594227,0,104,Thursday
mouse_2,2025-08-21,,2,2,64,1570.4576675891876,Hit,0.07902379674715121,0,192,Thursday
mouse_2,2025-08-21,,2,2,65,1597.4121038913727,Hit,0.07990296333537117,0,108,Thursday
mouse_2,2025-08-21,,2,2,66,1623.1148903369904,Hit,0.08737076613033423,0,128,Thursday
mouse_2,2025-08-21,,2,2,67,1649.3349583148956,Hit,0.04340300880267023,0,92,Thursday
mouse_2,2025-08-21,,2,2,68,1673.0550227165222,Miss,,0,83,Thursday
mouse_2,2025-08-21,,2,2,69,1697.5246875286102,Hit,0.09536652092060649,0,95,Thursday
mouse_2,2025-08-21,,2,2,70,1723.972139120102,Hit,0.06031473548273425,0,127,Thursday
mouse_2,2025-08-21,,2,2,71,1749.6748328208923,Hit,0.714069036159799,0,125,Thursday
mouse_2,2025-08-21,,2,2,72,1773.8946928977966,Hit,0.040376320780069364,0,54,Thursday
mouse_2,2025-08-21,,2,2,73,1799.1147360801697,Miss,,0,0,Thursday
mouse_2,2025-08-24,,2,3,1,0.015064001083374023,Hit,0.08577567875428471,0,107,Sunday
mouse_2,2025-08-24,,2,3,2,23.735377073287964,Hit,0.08290378184086933,0,95,Sunday
mouse_2,2025-08-24,,2,3,3,48.1947865486145,Hit,0.09813557024904895,0,109,Sunday
mouse_2,2025-08-24,,2,3,4,73.91402292251587,Hit,0.12875701677370444,0,163,Sunday
mouse_2,2025-08-24,,2,3,5,98.12441825866699,Hit,0.05505706517926967,0,85,Sunday
mouse_2,2025-08-24,,2,3,6,125.08218050003052,Hit,0.008702494083649981,0,122,Sunday
mouse_2,2025-08-24,,2,3,7,150.0468933582306,Hit,0.0768807518734036,0,179,Sunday
mouse_2,2025-08-24,,2,3,8,174.75744652748108,Hit,0.0620410376656082,0,156,Sunday
mouse_2,2025-08-24,,2,3,9,199.47754454612732,Hit,2.2355163596413945,0,71,Sunday
mouse_2,2025-08-24,,2,3,10,226.18886041641235,Hit,0.015438990893159144,0,67,Sunday
mouse_2,2025-08-24,,2,3,11,251.649023771286,Hit,0.30589953274727577,0,104,Sunday
mouse_2,2025-08-24,,2,3,12,277.10090351104736,Hit,0.022235295756672713,0,102,Sunday
mouse_2,2025-08-24,,2,3,13,301.55938696861267,Hit,0.06978484935581264,0,64,Sunday
mouse_2,2025-08-24,,2,3,14,326.0088860988617,Hit (Calc),4.043513259005124,0,63,Sunday
mouse_2,2025-08-24,,2,3,15,349.70624923706055,Miss,,0,3,Sunday
mouse_2,2025-08-24,,2,3,16,376.1603407859802,Miss,,0,3,Sunday
mouse_2,2025-08-24,,2,3,17,401.1205105781555,Miss,,0,9,Sunday
mouse_2,2025-08-24,,2,3,18,425.58027386665344,Hit,0.3789816020962462,0,68,Sunday
mouse_2,2025-08-24,,2,3,19,449.040456533432,Miss,,0,0,Sunday
mouse_2,2025-08-24,,2,3,20,475.49887704849243,Miss,,0,23,Sunday
mouse_2,2025-08-24,,2,3,21,502.2107229232788,Hit,0.07837286648856434,0,91,Sunday
mouse_2,2025-08-24,,2,3,22,525.4122121334076,Hit,0.011211042157697193,0,114,Sunday
mouse_2,2025-08-24,,2,3,23,551.1111135482788,Hit,0.019115538103392282,0,185,Sunday
mouse_2,2025-08-24,,2,3,24,578.0703921318054,Hit,0.03009327505424153,0,114,Sunday
mouse_2,2025-08-24,,2,3,25,603.5299620628357,Hit,0.010449534295958074,0,149,Sunday
mouse_2,2025-08-24,,2,3,26,626.7388827800751,Hit,0.03312600829553958,0,234,Sunday
mouse_2,2025-08-24,,2,3,27,652.7100706100464,Hit,0.04389176430436237,0,140,Sunday
mouse_2,2025-08-24,,2,3,28,676.4288449287415,Hit,1.8984464996814268,0,159,Sunday
mouse_2,2025-08-24,,2,3,29,701.8893623352051,Hit,0.01909677912397001,0,229,Sunday
mouse_2,2025-08-24,,2,3,30,728.8491766452789,Hit,0.0352304117005815,0,191,Sunday
mouse_2,2025-08-24,,2,3,31,754.8093559741974,Hit,0.0792197562649335,0,156,Sunday
mouse_2,2025-08-24,,2,3,32,780.2784600257874,Hit,2.766346792540844,0,58,Sunday
mouse_2,2025-08-24,,2,3,33,804.4882123470306,Hit,1.133540293862211,0,72,Sunday
mouse_2,2025-08-24,,2,3,34,828.4478628635406,Miss,,0,162,Sunday
mouse_2,2025-08-24,,2,3,35,852.9074380397797,Hit,0.08551650040340064,0,174,Sunday
mouse_2,2025-08-24,,2,3,36,878.8588457107544,Hit,0.046330129090961236,0,169,Sunday
mouse_2,2025-08-24,,2,3,37,903.3265104293823,Hit,0.031084538921049898,0,148,Sunday
mouse_2,2025-08-24,,2,3,38,930.296040058136,Hit,0.049604579116589775,0,159,Sunday
mouse_2,2025-08-24,,2,3,39,956.5014281272888,Hit,0.10203211502118847,0,116,Sunday
mouse_2,2025-08-24,,2,3,40,979.9652140140533,Hit,0.057092234380320406,0,137,Sunday
mouse_2,2025-08-24,,2,3,41,1003.6750583648682,Hit,0.01707533625619817,0,122,Sunday
mouse_2,2025-08-24,,2,3,42,1030.384243965149,Hit,0.20245013310841387,0,135,Sunday
mouse_2,2025-08-24,,2,3,43,1054.0794451236725,Hit,0.09613823965537449,0,168,Sunday
mouse_2,2025-08-24,,2,3,44,1080.5351090431213,Hit,0.026155750857697058,0,138,Sunday
mouse_2,2025-08-24,,2,3,45,1105.4831750392914,Hit,0.014084054937939072,0,84,Sunday
mouse_2,2025-08-24,,2,3,46,1129.198371887207,Miss,,0,80,Sunday
mouse_2,2025-08-24,,2,3,47,1154.4218270778656,Hit,0.012052960184064432,0,133,Sunday
mouse_2,2025-08-24,,2,3,48,1180.6388256549835,Hit,0.04715072229237194,0,165,Sunday
mouse_2,2025-08-24,,2,3,49,1204.6010155677795,Hit,0.03487343741790028,0,145,Sunday
mouse_2,2025-08-24,,2,3,50,1228.8103849887848,Hit,0.08846445269659853,0,125,Sunday
mouse_2,2025-08-24,,2,3,51,1252.7698965072632,Hit,0.0693020649605387,0,182,Sunday
mouse_2,2025-08-24,,2,3,52,1276.9894526004791,Hit,0.09052901674795066,0,212,Sunday
mouse_2,2025-08-24,,2,3,53,1300.45889878273,Hit,0.06066116691476964,0,181,Sunday
mouse_2,2025-08-24,,2,3,54,1326.9283611774445,Hit,0.0759147259391284,0,104,Sunday
mouse_2,2025-08-24,,2,3,55,1351.8873898983002,Hit,0.06355337559648433,0,210,Sunday
mouse_2,2025-08-24,,2,3,56,1378.09672665596,Hit,0.05715458616032265,0,152,Sunday
mouse_2,2025-08-24,,2,3,57,1401.5512971878052,Hit,0.09724831234893827,0,210,Sunday
mouse_2,2025-08-24,,2,3,58,1425.0088429450989,Hit,0.007574769154871319,0,209,Sunday
mouse_2,2025-08-24,,2,3,59,1449.4652621746063,Hit,0.10102560306154373,0,189,Sunday
mouse_2,2025-08-24,,2,3,60,1473.678874015808,Hit,0.056449869711741485,0,157,Sunday
mouse_2,2025-08-24,,2,3,61,1500.8844006061554,Hit,0.08425125578014558,0,115,Sunday
mouse_2,2025-08-24,,2,3,62,1525.3397336006165,Hit,0.49543648193662193,0,152,Sunday
mouse_2,2025-08-24,,2,3,63,1550.3027682304382,Hit,0.06663500284753354,0,70,Sunday
mouse_2,2025-08-24,,2,3,64,1575.2633728981018,Hit,1.0988871752069826,0,81,Sunday
mouse_2,2025-08-24,,2,3,65,1601.729749917984,Hit,0.0004809265406038321,0,113,Sunday
mouse_2,2025-08-24,,2,3,66,1628.178929567337,Hit,0.05759035303140081,0,108,Sunday
mouse_2,2025-08-24,,2,3,67,1654.3901088237762,Hit,0.05689021632724689,0,187,Sunday
mouse_2,2025-08-24,,2,3,68,1678.1001827716827,Hit,0.03671195201354749,0,115,Sunday
mouse_2,2025-08-24,,2,3,69,1702.8190732002258,Hit,0.012578767685454295,0,107,Sunday
mouse_2,2025-08-24,,2,3,70,1726.778571844101,Hit,0.09965759890769732,0,138,Sunday
mouse_2,2025-08-24,,2,3,71,1750.7380158901215,Hit,2.3940512943145222,0,25,Sunday
mouse_2,2025-08-24,,2,3,72,1776.9475600719452,Miss,,0,0,Sunday
mouse_2,2025-08-24,,2,3,73,1801.6569783687592,Miss,,0,0,Sunday
mouse_2,2025-08-25,,2,4,1,0.01475071907043457,Hit (Calc),3.786944035569036,0,12,Monday
mouse_2,2025-08-25,,2,4,2,25.72390842437744,Miss,,0,3,Monday
mouse_2,2025-08-25,,2,4,3,52.6937415599823,Miss,,0,0,Monday
mouse_2,2025-08-25,,2,4,4,76.90364456176758,Hit,2.290328658240142,0,61,Monday
mouse_2,2025-08-25,,2,4,5,101.86331963539124,Miss,,0,86,Monday
mouse_2,2025-08-25,,2,4,6,127.58333253860474,Hit,0.10611236051474293,0,93,Monday
mouse_2,2025-08-25,,2,4,7,151.79333066940308,Hit,0.09012522995328709,0,48,Monday
mouse_2,2025-08-25,,2,4,8,176.26343202590942,Miss,,0,156,Monday
mouse_2,2025-08-25,,2,4,9,199.46990609169006,Hit,0.06518950260544898,0,145,Monday
mouse_2,2025-08-25,,2,4,10,222.94143867492676,Hit,0.026895876770026916,0,222,Monday
mouse_2,2025-08-25,,2,4,11,246.39555644989014,Hit,0.04367588154249802,0,182,Monday
mouse_2,2025-08-25,,2,4,12,273.35701727867126,Hit,0.05387532524150629,0,172,Monday
mouse_2,2025-08-25,,2,4,13,297.81245851516724,Hit,0.03177369703473687,0,230,Monday
mouse_2,2025-08-25,,2,4,14,323.7822456359863,Hit,0.058739317181959905,0,231,Monday
mouse_2,2025-08-25,,2,4,15,350.7520751953125,Hit,0.18774706712713396,0,94,Monday
mouse_2,2025-08-25,,2,4,16,376.97218084335327,Hit,0.8401302760809131,0,99,Monday
mouse_2,2025-08-25,,2,4,17,402.68157482147217,Hit,0.0618129616926808,0,127,Monday
mouse_2,2025-08-25,,2,4,18,428.3917260169983,Hit,0.07669081612118589,0,218,Monday
mouse_2,2025-08-25,,2,4,19,452.86126494407654,Hit,0.00829152622344509,0,193,Monday
mouse_2,2025-08-25,,2,4,20,476.8216166496277,Hit,0.035443165152969414,0,85,Monday
mouse_2,2025-08-25,,2,4,21,502.5314567089081,Hit,0.022569873944405572,0,185,Monday
mouse_2,2025-08-25,,2,4,22,527.991224527359,Hit,0.0032523892740528026,0,85,Monday
mouse_2,2025-08-25,,2,4,23,552.2007718086243,Miss,,0,163,Monday
mouse_2,2025-08-25,,2,4,24,577.6608030796051,Hit,0.06469483313389901,0,56,Monday
mouse_2,2025-08-25,,2,4,25,601.8734855651855,Miss,,0,140,Monday
mouse_2,2025-08-25,,2,4,26,627.5904068946838,Hit,0.09309475179134097,0,65,Monday
mouse_2,2025-08-25,,2,4,27,653.5507700443268,Hit,0.39503195742372554,0,159,Monday
mouse_2,2025-08-25,,2,4,28,678.2534449100494,Hit,0.0712251789311722,0,125,Monday
mouse_2,2025-08-25,,2,4,29,703.9534466266632,Hit,0.09364867265401244,0,214,Monday
mouse_2,2025-08-25,,2,4,30,730.1549572944641,Hit,0.08429493501114393,0,188,Monday
mouse_2,2025-08-25,,2,4,31,755.3699226379395,Hit,0.02033347895633142,0,192,Monday
mouse_2,2025-08-25,,2,4,32,781.8299424648285,Hit,0.0038922687253943877,0,90,Monday
mouse_2,2025-08-25,,2,4,33,805.5498425960541,Hit,2.8027040747904266,0,164,Monday
mouse_2,2025-08-25,,2,4,34,829.2554092407227,Hit,0.029075934526645142,0,228,Monday
mouse_2,2025-08-25,,2,4,35,854.4597477912903,Hit,0.04095885364245078,0,214,Monday
mouse_2,2025-08-25,,2,4,36,880.67551612854,Hit,0.015598747923718292,0,95,Monday
mouse_2,2025-08-25,,2,4,37,904.6390960216522,Hit,0.3862670528902754,0,158,Monday
mouse_2,2025-08-25,,2,4,38,927.8492822647095,Hit,0.001954729281010259,0,100,Monday
mouse_2,2025-08-25,,2,4,39,954.3090567588806,Hit,0.04088652387986258,0,203,Monday
mouse_2,2025-08-25,,2,4,40,980.2771830558777,Hit,0.09367438238689374,0,200,Monday
mouse_2,2025-08-25,,2,4,41,1006.7256147861481,Hit,0.0902601572884123,0,109,Monday
mouse_2,2025-08-25,,2,4,42,1030.178692817688,Hit,0.0018122853055047017,0,236,Monday
mouse_2,2025-08-25,,2,4,43,1055.1387870311737,Hit,0.09652967789770628,0,214,Monday
mouse_2,2025-08-25,,2,4,44,1080.843178510666,Hit,0.0715971087277012,0,153,Monday
mouse_2,2025-08-25,,2,4,45,1105.5582022666931,Hit,0.032293031557401264,0,132,Monday
mouse_2,2025-08-25,,2,4,46,1132.2560138702393,Hit,0.02267544878895933,0,80,Monday
mouse_2,2025-08-25,,2,4,47,1155.7087819576263,Hit,1.1301940673147328,0,71,Monday
mouse_2,2025-08-25,,2,4,48,1179.9182345867157,Hit,0.05950068252150231,0,165,Monday
mouse_2,2025-08-25,,2,4,49,1206.3639345169067,Hit,0.02012591679635989,0,162,Monday
mouse_2,2025-08-25,,2,4,50,1230.5684900283813,Hit,0.05204250839778979,0,185,Monday
mouse_2,2025-08-25,,2,4,51,1257.7834177017212,Hit,0.0419669182904272,0,223,Monday
mouse_2,2025-08-25,,2,4,52,1283.2329106330872,Hit,0.05090479246769064,0,194,Monday
mouse_2,2025-08-25,,2,4,53,1306.9374945163727,Hit,0.047518888452714236,0,217,Monday
mouse_2,2025-08-25,,2,4,54,1331.8974707126617,Hit,0.028111813145642373,0,221,Monday
mouse_2,2025-08-25,,2,4,55,1358.8590352535248,Hit,0.40996822478905415,0,95,Monday
mouse_2,2025-08-25,,2,4,56,1385.0614864826202,Hit,2.0111768942938397,0,78,Monday
mouse_2,2025-08-25,,2,4,57,1410.0369124412537,Hit,0.05618873582898232,0,179,Monday
mouse_2,2025-08-25,,2,4,58,1436.2570610046387,Hit,0.10011799812241406,0,70,Monday
mouse_2,2025-08-25,,2,4,59,1460.7135136127472,Hit,1.256124586670012,0,116,Monday
mouse_2,2025-08-25,,2,4,60,1487.4253911972046,Hit,0.01347049664491351,0,78,Monday
mouse_2,2025-08-25,,2,4,61,1511.896555185318,Miss,,0,81,Monday
mouse_2,2025-08-25,,2,4,62,1535.1072933673859,Hit,0.07369757662581833,0,138,Monday
mouse_2,2025-08-25,,2,4,63,1561.813886165619,Hit (Calc),4.837666417233777,0,171,Monday
mouse_2,2025-08-25,,2,4,64,1588.7759573459625,Hit,0.07977037200112136,0,70,Monday
mouse_2,2025-08-25,,2,4,65,1612.736501455307,Hit,1.1065383585466861,0,91,Monday
mouse_2,2025-08-25,,2,4,66,1636.9460353851318,Hit,0.1841603258158102,0,110,Monday
mouse_2,2025-08-25,,2,4,67,1663.915842294693,Hit,0.06718559669366186,0,157,Monday
mouse_2,2025-08-25,,2,4,68,1690.8857123851776,Hit,0.008221927138947649,0,162,Monday
mouse_2,2025-08-25,,2,4,69,1718.0955293178558,Hit,0.008448727699715164,0,105,Monday
mouse_2,2025-08-25,,2,4,70,1745.3153076171875,Hit,0.1968509774364975,0,41,Monday
mouse_2,2025-08-25,,2,4,71,1771.5355768203735,Miss,,0,129,Monday
mouse_2,2025-08-25,,2,4,72,1796.4814324378967,Miss,,0,37,Monday
mouse_2,2025-08-26,,2,5,1,0.01412820816040039,Hit,0.04063295756288188,0,83,Tuesday
mouse_2,2025-08-26,,2,5,2,26.717873573303223,Hit (Calc),3.601180315299949,0,131,Tuesday
mouse_2,2025-08-26,,2,5,3,52.6879358291626,Hit,0.014072290536745413,0,92,Tuesday
mouse_2,2025-08-26,,2,5,4,76.89862823486328,Hit,0.09244416365069696,0,108,Tuesday
mouse_2,2025-08-26,,2,5,5,100.36737751960754,Hit,1.4012069876344526,0,74,Tuesday
mouse_2,2025-08-26,,2,5,6,125.32768273353577,Hit,1.5379078600394394,0,74,Tuesday
mouse_2,2025-08-26,,2,5,7,148.5378613471985,Hit,0.04289296475479887,0,193,Tuesday
mouse_2,2025-08-26,,2,5,8,173.24776768684387,Hit,0.09822395998588718,0,180,Tuesday
mouse_2,2025-08-26,,2,5,9,198.45864129066467,Hit,0.03189481825259577,0,135,Tuesday
mouse_2,2025-08-26,,2,5,10,221.65312695503235,Hit,0.09617503755561074,0,117,Tuesday
mouse_2,2025-08-26,,2,5,11,245.85574626922607,Hit,0.02457849896589437,0,90,Tuesday
mouse_2,2025-08-26,,2,5,12,270.57739448547363,Hit,0.08754956391038604,0,81,Tuesday
mouse_2,2025-08-26,,2,5,13,295.7828092575073,Miss,,0,148,Tuesday
mouse_2,2025-08-26,,2,5,14,321.99492621421814,Hit,0.051376471765934184,0,120,Tuesday
mouse_2,2025-08-26,,2,5,15,345.19151306152344,Hit,0.04016160317507911,0,105,Tuesday
mouse_2,2025-08-26,,2,5,16,370.90708684921265,Hit (Calc),3.4179015683123453,0,19,Tuesday
mouse_2,2025-08-26,,2,5,17,394.3630406856537,Miss,,0,44,Tuesday
mouse_2,2025-08-26,,2,5,18,421.57655906677246,Hit,0.5557392357519007,0,37,Tuesday
mouse_2,2025-08-26,,2,5,19,445.0464165210724,Hit,0.6033227790078968,0,123,Tuesday
mouse_2,2025-08-26,,2,5,20,469.75624322891235,Hit,0.0123485018693259,0,195,Tuesday
mouse_2,2025-08-26,,2,5,21,496.4663116931915,Hit,0.018703086180551054,0,196,Tuesday
mouse_2,2025-08-26,,2,5,22,522.4362833499908,Hit,0.0404649131963879,0,128,Tuesday
mouse_2,2025-08-26,,2,5,23,547.1359539031982,Hit,0.06432829752282032,0,157,Tuesday
mouse_2,2025-08-26,,2,5,24,572.8438413143158,Hit,0.04715112328278792,0,125,Tuesday
mouse_2,2025-08-26,,2,5,25,599.3048794269562,Hit,0.03846918592273596,0,178,Tuesday
mouse_2,2025-08-26,,2,5,26,625.0125336647034,Hit,2.8327683445015737,0,106,Tuesday
mouse_2,2025-08-26,,2,5,27,649.7350392341614,Hit,0.5934687821574016,0,152,Tuesday
mouse_2,2025-08-26,,2,5,28,674.2049672603607,Hit,0.06628012788962678,0,67,Tuesday
mouse_2,2025-08-26,,2,5,29,698.404908657074,Hit,0.042384927947864526,0,185,Tuesday
mouse_2,2025-08-26,,2,5,30,724.1048328876495,Hit,0.023549229434479457,0,233,Tuesday
mouse_2,2025-08-26,,2,5,31,748.3144345283508,Hit,0.06651407396975628,0,260,Tuesday
mouse_2,2025-08-26,,2,5,32,774.2839126586914,Hit,0.057524871816667655,0,193,Tuesday
mouse_2,2025-08-26,,2,5,33,799.754022359848,Hit,0.07814131903387533,0,125,Tuesday
mouse_2,2025-08-26,,2,5,34,823.2136652469635,Hit,1.7870775929363845,0,138,Tuesday
mouse_2,2025-08-26,,2,5,35,847.181791305542,Hit,0.08869375234041854,0,160,Tuesday
mouse_2,2025-08-26,,2,5,36,872.6538383960724,Hit,0.08596005924846395,0,164,Tuesday
mouse_2,2025-08-26,,2,5,37,898.604912519455,Hit,0.05046882788462881,0,154,Tuesday
mouse_2,2025-08-26,,2,5,38,924.0632679462433,Hit,0.05980695191124141,0,117,Tuesday
mouse_2,2025-08-26,,2,5,39,948.7749216556549,Hit,0.07035220934756126,0,188,Tuesday
mouse_2,2025-08-26,,2,5,40,972.7427289485931,Hit,0.10139899968612553,0,216,Tuesday
mouse_2,2025-08-26,,2,5,41,996.1983904838562,Hit,0.04150461706808528,0,170,Tuesday
mouse_2,2025-08-26,,2,5,42,1021.4126968383789,Hit,0.003149810903778416,0,196,Tuesday
mouse_2,2025-08-26,,2,5,43,1045.3722660541534,Hit,0.007843895158885061,0,94,Tuesday
mouse_2,2025-08-26,,2,5,44,1072.5822849273682,Miss,,0,121,Tuesday
mouse_2,2025-08-26,,2,5,45,1098.2922019958496,Hit,0.053220253086010416,0,111,Tuesday
mouse_2,2025-08-26,,2,5,46,1123.5117530822754,Hit,0.0032308957690929674,0,196,Tuesday
mouse_2,2025-08-26,,2,5,47,1149.724909067154,Hit,0.037827607887493286,0,103,Tuesday
mouse_2,2025-08-26,,2,5,48,1175.4414150714874,Miss,,0,91,Tuesday
mouse_2,2025-08-26,,2,5,49,1201.1519529819489,Hit,0.0386660250605928,0,121,Tuesday
mouse_2,2025-08-26,,2,5,50,1226.860051393509,Hit,0.0032645121050336456,0,122,Tuesday
mouse_2,2025-08-26,,2,5,51,1252.831618309021,Miss,,0,93,Tuesday
mouse_2,2025-08-26,,2,5,52,1276.2910106182098,Hit,0.041687623700454424,0,104,Tuesday
mouse_2,2025-08-26,,2,5,53,1302.4948909282684,Hit,0.01327805835876461,0,78,Tuesday
mouse_2,2025-08-26,,2,5,54,1327.4457159042358,Hit,0.09766032270385949,0,58,Tuesday
mouse_2,2025-08-26,,2,5,55,1353.6702191829681,Hit,0.08161745199481629,0,151,Tuesday
mouse_2,2025-08-26,,2,5,56,1379.380122423172,Hit,0.08957833664589998,0,112,Tuesday
mouse_2,2025-08-26,,2,5,57,1404.3404469490051,Hit,0.005745769232817111,0,198,Tuesday
mouse_2,2025-08-26,,2,5,58,1431.0595653057098,Hit,0.04314398355745652,0,108,Tuesday
mouse_2,2025-08-26,,2,5,59,1457.5193359851837,Hit,1.4268519582979025,0,57,Tuesday
mouse_2,2025-08-26,,2,5,60,1481.9894216060638,Hit,0.061297298419049184,0,97,Tuesday
mouse_2,2025-08-26,,2,5,61,1508.7005422115326,Miss,,0,3,Tuesday
mouse_2,2025-08-26,,2,5,62,1535.1593174934387,Miss,,0,11,Tuesday
mouse_2,2025-08-26,,2,5,63,1559.3638002872467,Hit,0.04617363696661414,0,52,Tuesday
mouse_2,2025-08-26,,2,5,64,1584.31866979599,Miss,,0,1,Tuesday
mouse_2,2025-08-26,,2,5,65,1608.0277030467987,Hit (Calc),4.278274379286586,0,41,Tuesday
mouse_2,2025-08-26,,2,5,66,1635.2384655475616,Hit,0.0198064039966539,0,62,Tuesday
mouse_2,2025-08-26,,2,5,67,1661.4466769695282,Hit,1.7824172274242756,0,35,Tuesday
mouse_2,2025-08-26,,2,5,68,1688.1579308509827,Miss,,0,0,Tuesday
mouse_2,2025-08-26,,2,5,69,1713.8683059215546,Hit,2.434482630327011,0,18,Tuesday
mouse_2,2025-08-26,,2,5,70,1738.0751967430115,Hit,2.5444746081798257,0,67,Tuesday
mouse_2,2025-08-26,,2,5,71,1762.774881362915,Hit,0.03688900292945618,0,83,Tuesday
mouse_2,2025-08-26,,2,5,72,1786.7377598285675,Miss,,0,0,Tuesday
mouse_2,2025-08-26,,2,5,73,1810.1974844932556,Miss,,0,0,Tuesday
mouse_2,2025-08-27,,2,6,1,0.01766824722290039,Miss,,0,97,Wednesday
mouse_2,2025-08-27,,2,6,2,24.733001232147217,Hit,0.05462792893828805,0,52,Wednesday
mouse_2,2025-08-27,,2,6,3,49.44308614730835,Hit,0.03027122566975038,0,132,Wednesday
mouse_2,2025-08-27,,2,6,4,75.40255403518677,Hit,0.024949090965705523,0,134,Wednesday
mouse_2,2025-08-27,,2,6,5,100.86261916160583,Hit,0.024854393109052353,0,127,Wednesday
mouse_2,2025-08-27,,2,6,6,125.8228280544281,Hit,0.02899685037874633,0,184,Wednesday
mouse_2,2025-08-27,,2,6,7,151.78726625442505,Hit,0.07685124504612872,0,154,Wednesday
mouse_2,2025-08-27,,2,6,8,178.47902989387512,Hit,0.09589765468348332,0,173,Wednesday
mouse_2,2025-08-27,,2,6,9,201.93160700798035,Hit,0.02111191600715756,0,155,Wednesday
mouse_2,2025-08-27,,2,6,10,226.39186596870422,Hit,0.03446683770394543,0,121,Wednesday
mouse_2,2025-08-27,,2,6,11,251.36187195777893,Hit,0.048592301469284394,0,151,Wednesday
mouse_2,2025-08-27,,2,6,12,276.58180022239685,Hit,0.021732466763864977,0,86,Wednesday
mouse_2,2025-08-27,,2,6,13,303.54181265830994,Hit,0.09392125196126244,0,188,Wednesday
mouse_2,2025-08-27,,2,6,14,329.48717284202576,Hit,0.09233222192244739,0,132,Wednesday
mouse_2,2025-08-27,,2,6,15,355.19179034233093,Hit,0.005584072493604708,0,130,Wednesday
mouse_2,2025-08-27,,2,6,16,378.65159702301025,Hit,0.01599031829937303,0,123,Wednesday
mouse_2,2025-08-27,,2,6,17,404.12100648880005,Hit,0.042292645345355595,0,172,Wednesday
mouse_2,2025-08-27,,2,6,18,430.3410096168518,Hit,0.07204917684066459,0,229,Wednesday
mouse_2,2025-08-27,,2,6,19,456.8018579483032,Hit,0.023982379864719405,0,182,Wednesday
mouse_2,2025-08-27,,2,6,20,482.26281809806824,Hit,0.05476513993193066,0,226,Wednesday
mouse_2,2025-08-27,,2,6,21,507.98063349723816,Hit,0.08014680655594475,0,185,Wednesday
mouse_2,2025-08-27,,2,6,22,533.441104888916,Hit,0.062350300644652634,0,210,Wednesday
mouse_2,2025-08-27,,2,6,23,559.1513063907623,Hit,0.04269943714928104,0,176,Wednesday
mouse_2,2025-08-27,,2,6,24,583.6201467514038,Hit,0.014522047344144084,0,197,Wednesday
mouse_2,2025-08-27,,2,6,25,608.0817048549652,Hit,0.011876208185071846,0,250,Wednesday
mouse_2,2025-08-27,,2,6,26,635.0346508026123,Hit,0.06006501228205252,0,205,Wednesday
mouse_2,2025-08-27,,2,6,27,659.9895186424255,Hit,0.06442550233236943,0,151,Wednesday
mouse_2,2025-08-27,,2,6,28,684.1898956298828,Hit,0.09926141120240572,0,143,Wednesday
mouse_2,2025-08-27,,2,6,29,707.6495263576508,Hit,0.025576106892117423,0,80,Wednesday
mouse_2,2025-08-27,,2,6,30,733.6002871990204,Hit,0.2064397510702065,0,118,Wednesday
mouse_2,2025-08-27,,2,6,31,757.3092355728149,Hit,0.05073857140155269,0,95,Wednesday
mouse_2,2025-08-27,,2,6,32,783.0115671157837,Hit,0.025567953297695567,0,212,Wednesday
mouse_2,2025-08-27,,2,6,33,807.7186377048492,Hit,0.017031529253586086,0,121,Wednesday
mouse_2,2025-08-27,,2,6,34,834.4287467002869,Hit,0.005716415248230078,0,187,Wednesday
mouse_2,2025-08-27,,2,6,35,858.3879556655884,Hit,0.0328022140520261,0,72,Wednesday
mouse_2,2025-08-27,,2,6,36,882.3420362472534,Hit,0.011834028571001909,0,175,Wednesday
mouse_2,2025-08-27,,2,6,37,906.05739402771,Hit,0.07399115168084336,0,190,Wednesday
mouse_2,2025-08-27,,2,6,38,932.5033612251282,Hit,0.024011926552134355,0,165,Wednesday
mouse_2,2025-08-27,,2,6,39,957.4528393745422,Hit,0.03445057706710486,0,119,Wednesday
mouse_2,2025-08-27,,2,6,40,980.6464586257935,Hit,0.08085677702536032,0,189,Wednesday
mouse_2,2025-08-27,,2,6,41,1005.1059682369232,Hit,0.0476617025503856,0,158,Wednesday
mouse_2,2025-08-27,,2,6,42,1031.5758373737335,Hit,0.009892444832303227,0,163,Wednesday
mouse_2,2025-08-27,,2,6,43,1058.0356419086456,Hit,0.020533309883830952,0,136,Wednesday
mouse_2,2025-08-27,,2,6,44,1081.9953043460846,Hit (Calc),3.69351736631279,0,119,Wednesday
mouse_2,2025-08-27,,2,6,45,1106.4649653434753,Hit,0.025665261538279083,0,130,Wednesday
mouse_2,2025-08-27,,2,6,46,1132.4221541881561,Hit,0.06098104254738246,0,87,Wednesday
mouse_2,2025-08-27,,2,6,47,1158.8838670253754,Miss,,0,43,Wednesday
mouse_2,2025-08-27,,2,6,48,1185.339463710785,Hit,0.8358304295734342,0,88,Wednesday
mouse_2,2025-08-27,,2,6,49,1210.3140528202057,Hit,0.09183482520506914,0,151,Wednesday
mouse_2,2025-08-27,,2,6,50,1235.0337345600128,Hit,0.9443904661250144,0,193,Wednesday
mouse_2,2025-08-27,,2,6,51,1258.993720293045,Hit,0.3337802565538368,0,142,Wednesday
mouse_2,2025-08-27,,2,6,52,1285.7034320831299,Hit,0.7480236072556181,0,66,Wednesday
mouse_2,2025-08-27,,2,6,53,1311.423243522644,Hit,0.048139845130208414,0,162,Wednesday
mouse_2,2025-08-27,,2,6,54,1334.8828961849213,Hit,0.09967382480476772,0,216,Wednesday
mouse_2,2025-08-27,,2,6,55,1359.852475643158,Hit,0.09118425071028469,0,169,Wednesday
mouse_2,2025-08-27,,2,6,56,1385.8115572929382,Hit,0.06857629519095099,0,127,Wednesday
mouse_2,2025-08-27,,2,6,57,1411.272140264511,Hit,0.10059307811820872,0,195,Wednesday
mouse_2,2025-08-27,,2,6,58,1435.7313845157623,Hit,0.040711523383379244,0,154,Wednesday
mouse_2,2025-08-27,,2,6,59,1461.4517455101013,Hit,0.0932631676987512,0,188,Wednesday
mouse_2,2025-08-27,,2,6,60,1488.4215910434723,Hit,0.0028770759947747138,0,147,Wednesday
mouse_2,2025-08-27,,2,6,61,1514.6417427062988,Hit,0.04710245391515855,0,105,Wednesday
mouse_2,2025-08-27,,2,6,62,1541.6042306423187,Hit,0.07764217427893527,0,128,Wednesday
mouse_2,2025-08-27,,2,6,63,1565.5655779838562,Hit,0.016545847607176256,0,150,Wednesday
mouse_2,2025-08-27,,2,6,64,1592.0311744213104,Hit,0.0967970714157218,0,133,Wednesday
mouse_2,2025-08-27,,2,6,65,1616.2409374713898,Hit,0.07638026681752308,0,103,Wednesday
mouse_2,2025-08-27,,2,6,66,1641.7003560066223,Hit (Calc),4.8474974448138255,0,91,Wednesday
mouse_2,2025-08-27,,2,6,67,1665.1563258171082,Hit,0.06431534876401201,0,97,Wednesday
mouse_2,2025-08-27,,2,6,68,1689.860864162445,Hit,0.04782257430474601,0,188,Wednesday
mouse_2,2025-08-27,,2,6,69,1713.8198161125183,Hit,0.01753908283740202,0,129,Wednesday
mouse_2,2025-08-27,,2,6,70,1740.5298821926117,Hit,0.007068518057621986,0,228,Wednesday
mouse_2,2025-08-27,,2,6,71,1764.989321231842,Hit,0.0821302964404822,0,195,Wednesday
mouse_2,2025-08-27,,2,6,72,1789.949318408966,Hit,0.06321696580562275,0,170,Wednesday
mouse_2,2025-08-27,,2,6,73,1814.6468970775604,Miss,,0,5,Wednesday
mouse_2,2025-08-28,,2,7,1,0.012257575988769531,Hit,0.063329082045259,0,77,Thursday
mouse_2,2025-08-28,,2,7,2,24.235463857650757,Hit,0.051148527547045575,0,61,Thursday
mouse_2,2025-08-28,,2,7,3,47.69445872306824,Hit,0.0630241776548246,0,156,Thursday
mouse_2,2025-08-28,,2,7,4,73.66480469703674,Hit,0.019346913723751413,0,179,Thursday
mouse_2,2025-08-28,,2,7,5,100.12482452392578,Hit,0.07306042959073977,0,189,Thursday
mouse_2,2025-08-28,,2,7,6,125.34375143051147,Hit,0.0449970955671688,0,88,Thursday
mouse_2,2025-08-28,,2,7,7,149.05529284477234,Hit,0.11676429680841238,0,134,Thursday
mouse_2,2025-08-28,,2,7,8,175.26462364196777,Hit,0.08085919717882462,0,120,Thursday
mouse_2,2025-08-28,,2,7,9,201.72438311576843,Hit,0.04812563942877546,0,138,Thursday
mouse_2,2025-08-28,,2,7,10,226.18446397781372,Hit,0.07166063325919936,0,136,Thursday
mouse_2,2025-08-28,,2,7,11,250.39405870437622,Hit,0.019808403338544167,0,164,Thursday
mouse_2,2025-08-28,,2,7,12,275.6139266490936,Hit,0.007519790711853602,0,129,Thursday
mouse_2,2025-08-28,,2,7,13,300.5589098930359,Hit,0.09263198657015437,0,89,Thursday
mouse_2,2025-08-28,,2,7,14,326.27347326278687,Miss,,0,77,Thursday
mouse_2,2025-08-28,,2,7,15,353.2418284416199,Hit,0.09952046849815588,0,166,Thursday
mouse_2,2025-08-28,,2,7,16,377.44369745254517,Hit,0.033098374260191576,0,115,Thursday
mouse_2,2025-08-28,,2,7,17,400.89054441452026,Hit,0.03791163922977603,0,68,Thursday
mouse_2,2025-08-28,,2,7,18,426.6031994819641,Hit,0.08254558622707009,0,58,Thursday
mouse_2,2025-08-28,,2,7,19,452.8132848739624,Hit,0.09150666576135791,0,152,Thursday
mouse_2,2025-08-28,,2,7,20,477.53262543678284,Hit,0.09738193021433972,0,72,Thursday
mouse_2,2025-08-28,,2,7,21,502.99266052246094,Hit,0.28173590962421713,0,111,Thursday
mouse_2,2025-08-28,,2,7,22,527.2022459506989,Hit,0.0012210512340971036,0,87,Thursday
mouse_2,2025-08-28,,2,7,23,552.9124536514282,Hit,0.05283415766746202,0,72,Thursday
mouse_2,2025-08-28,,2,7,24,577.6227824687958,Hit,0.05248437960153751,0,136,Thursday
mouse_2,2025-08-28,,2,7,25,601.5832753181458,Hit,0.07271627177908613,0,171,Thursday
mouse_2,2025-08-28,,2,7,26,627.0414028167725,Hit,0.009209570144548707,0,112,Thursday
mouse_2,2025-08-28,,2,7,27,651.995715379715,Hit,0.05119843184183992,0,160,Thursday
mouse_2,2025-08-28,,2,7,28,677.7109031677246,Hit,0.07221184256059132,0,126,Thursday
mouse_2,2025-08-28,,2,7,29,702.6756830215454,Hit,0.09592627913184515,0,160,Thursday
mouse_2,2025-08-28,,2,7,30,728.8804614543915,Hit,0.5933283991192866,0,143,Thursday
mouse_2,2025-08-28,,2,7,31,752.3502807617188,Hit,0.14712670092069402,0,231,Thursday
mouse_2,2025-08-28,,2,7,32,777.3101572990417,Hit,0.09028452793654651,0,129,Thursday
mouse_2,2025-08-28,,2,7,33,803.0189328193665,Hit,1.6126865088795057,0,84,Thursday
mouse_2,2025-08-28,,2,7,34,826.9798381328583,Hit,0.031873563802832905,0,109,Thursday
mouse_2,2025-08-28,,2,7,35,850.950311422348,Hit,0.04993388651348596,0,145,Thursday
mouse_2,2025-08-28,,2,7,36,876.4197034835815,Hit,0.05235371199319161,0,100,Thursday
mouse_2,2025-08-28,,2,7,37,902.3808891773224,Hit,0.058546203978494304,0,121,Thursday
mouse_2,2025-08-28,,2,7,38,926.5981667041779,Hit,0.09371753873529087,0,92,Thursday
mouse_2,2025-08-28,,2,7,39,952.5509223937988,Hit,0.017572183714150924,0,199,Thursday
mouse_2,2025-08-28,,2,7,40,978.0099472999573,Hit,0.0055120242805060116,0,273,Thursday
mouse_2,2025-08-28,,2,7,41,1004.2153778076172,Hit,0.5843055455259218,0,141,Thursday
mouse_2,2025-08-28,,2,7,42,1029.66570520401,Hit,0.040526559575937426,0,143,Thursday
mouse_2,2025-08-28,,2,7,43,1056.6396794319153,Hit,0.03818127195586385,0,156,Thursday
mouse_2,2025-08-28,,2,7,44,1083.0996572971344,Hit,0.06691419243315977,0,183,Thursday
mouse_2,2025-08-28,,2,7,45,1107.3100180625916,Hit,0.022091682786822275,0,91,Thursday
mouse_2,2025-08-28,,2,7,46,1130.780207157135,Hit,0.11792108626968911,0,204,Thursday
mouse_2,2025-08-28,,2,7,47,1154.989816904068,Hit,0.08471179791104078,0,184,Thursday
mouse_2,2025-08-28,,2,7,48,1179.955337524414,Hit,0.05748215740413798,0,258,Thursday
mouse_2,2025-08-28,,2,7,49,1206.4193222522736,Hit,0.03459597486903476,0,111,Thursday
mouse_2,2025-08-28,,2,7,50,1230.1357522010803,Hit,0.02170618871446095,0,100,Thursday
mouse_2,2025-08-28,,2,7,51,1255.8492460250854,Miss,,0,80,Thursday
mouse_2,2025-08-28,,2,7,52,1283.0594670772552,Hit,0.0013429809953322547,0,99,Thursday
mouse_2,2025-08-28,,2,7,53,1307.7693965435028,Hit,0.11254736027353829,0,113,Thursday
mouse_2,2025-08-28,,2,7,54,1332.2389528751373,Miss,,0,74,Thursday
mouse_2,2025-08-28,,2,7,55,1355.9467854499817,Hit,0.7643657788153178,0,82,Thursday
mouse_2,2025-08-28,,2,7,56,1380.9189836978912,Hit,0.03964539513140153,0,111,Thursday
mouse_2,2025-08-28,,2,7,57,1406.12992477417,Hit,0.01516954643830104,0,126,Thursday
mouse_2,2025-08-28,,2,7,58,1433.088927268982,Hit,1.2388167495832931,0,151,Thursday
mouse_2,2025-08-28,,2,7,59,1456.5585486888885,Hit,0.04357958866239642,0,128,Thursday
mouse_2,2025-08-28,,2,7,60,1480.0190076828003,Hit,0.0699717485401834,0,108,Thursday
mouse_2,2025-08-28,,2,7,61,1503.7144742012024,Hit,0.029098552061896044,0,230,Thursday
mouse_2,2025-08-28,,2,7,62,1530.6686642169952,Hit,0.08271251344967823,0,90,Thursday
mouse_2,2025-08-28,,2,7,63,1555.6286435127258,Hit,0.09247208391707318,0,178,Thursday
mouse_2,2025-08-28,,2,7,64,1581.0883100032806,Hit,0.04711405229431875,0,141,Thursday
mouse_2,2025-08-28,,2,7,65,1607.5482461452484,Hit,0.0786650207785442,0,158,Thursday
mouse_2,2025-08-28,,2,7,66,1632.5081996917725,Hit,0.03386834378193271,0,168,Thursday
mouse_2,2025-08-28,,2,7,67,1659.4680409431458,Hit,0.06242676253168611,0,128,Thursday
mouse_2,2025-08-28,,2,7,68,1684.187762260437,Hit,0.053579542355691956,0,172,Thursday
mouse_2,2025-08-28,,2,7,69,1708.3833000659943,Hit,0.07016791128398836,0,129,Thursday
mouse_2,2025-08-28,,2,7,70,1731.5957098007202,Hit,0.001339265581464133,0,181,Thursday
mouse_2,2025-08-28,,2,7,71,1756.5573596954346,Hit,0.018799017033188647,0,239,Thursday
mouse_2,2025-08-28,,2,7,72,1783.0173788070679,Hit,0.05479728263890138,0,166,Thursday
mouse_2,2025-08-28,,2,7,73,1806.72572016716,Miss,,0,0,Thursday
mouse_2,2025-08-31,,2,8,1,0.014208078384399414,Hit,0.008003888467442266,0,73,Sunday
mouse_2,2025-08-31,,2,8,2,23.975226879119873,Hit,0.007874346807206223,0,120,Sunday
mouse_2,2025-08-31,,2,8,3,47.18587112426758,Hit,0.043455582565272266,0,179,Sunday
mouse_2,2025-08-31,,2,8,4,72.89563369750977,Hit,0.09231160475405886,0,173,Sunday
mouse_2,2025-08-31,,2,8,5,99.1056616306305,Hit,0.06276400754296674,0,123,Sunday
mouse_2,2025-08-31,,2,8,6,123.57565832138062,Hit,0.03384552656063988,0,187,Sunday
mouse_2,2025-08-31,,2,8,7,148.0358018875122,Hit,0.07572494954007425,0,193,Sunday
mouse_2,2025-08-31,,2,8,8,172.4947738647461,Hit,0.05811299981033358,0,123,Sunday
mouse_2,2025-08-31,,2,8,9,197.71481108665466,Hit,0.006932743402245478,0,74,Sunday
mouse_2,2025-08-31,,2,8,10,221.66601252555847,Hit,0.09207481029289966,0,161,Sunday
mouse_2,2025-08-31,,2,8,11,245.37434005737305,Miss,,0,48,Sunday
mouse_2,2025-08-31,,2,8,12,269.0846629142761,Hit,0.07787514969510312,0,176,Sunday
mouse_2,2025-08-31,,2,8,13,295.303834438324,Hit,0.058187861705505384,0,70,Sunday
mouse_2,2025-08-31,,2,8,14,321.52412962913513,Hit,1.1950255868242152,0,139,Sunday
mouse_2,2025-08-31,,2,8,15,347.97295665740967,Hit,0.006667309961471801,0,92,Sunday
mouse_2,2025-08-31,,2,8,16,371.43394470214844,Hit,0.021256572904235327,0,117,Sunday
mouse_2,2025-08-31,,2,8,17,395.89029932022095,Hit,0.04006718201998183,0,100,Sunday
mouse_2,2025-08-31,,2,8,18,419.84005904197693,Hit,0.05267905941582285,0,144,Sunday
mouse_2,2025-08-31,,2,8,19,444.3033232688904,Hit,0.05800904287934827,0,136,Sunday
mouse_2,2025-08-31,,2,8,20,471.0131776332855,Hit,0.0940396027456245,0,142,Sunday
mouse_2,2025-08-31,,2,8,21,494.7229804992676,Hit,0.07898144921301764,0,101,Sunday
mouse_2,2025-08-31,,2,8,22,520.432825088501,Hit,0.01647060556888391,0,136,Sunday
mouse_2,2025-08-31,,2,8,23,547.3925580978394,Hit,0.05908536868412284,0,125,Sunday
mouse_2,2025-08-31,,2,8,24,571.847998380661,Hit,0.0622907964091155,0,176,Sunday
mouse_2,2025-08-31,,2,8,25,598.3021330833435,Hit,0.06038099583963685,0,190,Sunday
mouse_2,2025-08-31,,2,8,26,623.7619054317474,Hit,0.09852716931334271,0,172,Sunday
mouse_2,2025-08-31,,2,8,27,649.2314133644104,Hit,0.08483737188271334,0,181,Sunday
mouse_2,2025-08-31,,2,8,28,672.9425435066223,Hit,0.03847530005577937,0,103,Sunday
mouse_2,2025-08-31,,2,8,29,698.1444225311279,Hit,0.05197957892312388,0,211,Sunday
mouse_2,2025-08-31,,2,8,30,724.6018471717834,Hit,0.08018645763320364,0,188,Sunday
mouse_2,2025-08-31,,2,8,31,751.0616009235382,Hit,0.045815747908818594,0,181,Sunday
mouse_2,2025-08-31,,2,8,32,776.5321028232574,Hit,0.049341721890982626,0,152,Sunday
mouse_2,2025-08-31,,2,8,33,801.492427110672,Hit,0.05947229345156302,0,121,Sunday
mouse_2,2025-08-31,,2,8,34,826.4520564079285,Miss,,0,54,Sunday
mouse_2,2025-08-31,,2,8,35,851.160397529602,Hit,0.04051157721914933,0,94,Sunday
mouse_2,2025-08-31,,2,8,36,875.1217873096466,Hit,0.1028137624127794,0,111,Sunday
mouse_2,2025-08-31,,2,8,37,900.0911512374878,Hit,0.007314618988289112,0,122,Sunday
mouse_2,2025-08-31,,2,8,38,925.0522606372833,Hit,0.05165592735670543,0,147,Sunday
mouse_2,2025-08-31,,2,8,39,951.5108597278595,Hit,0.09520137649326443,0,130,Sunday
mouse_2,2025-08-31,,2,8,40,977.9706695079803,Hit,0.09721301722731823,0,125,Sunday
mouse_2,2025-08-31,,2,8,41,1002.6741914749146,Hit,0.15623598328511434,0,81,Sunday
mouse_2,2025-08-31,,2,8,42,1029.1339478492737,Hit,1.1228582201265453,0,93,Sunday
mouse_2,2025-08-31,,2,8,43,1053.6101214885712,Hit,0.04951365666397578,0,114,Sunday
mouse_2,2025-08-31,,2,8,44,1076.820306777954,Hit,0.09332467333456407,0,62,Sunday
mouse_2,2025-08-31,,2,8,45,1102.0394756793976,Hit,0.12108629790145642,0,174,Sunday
mouse_2,2025-08-31,,2,8,46,1129.0092949867249,Hit,0.013903254475053473,0,274,Sunday
mouse_2,2025-08-31,,2,8,47,1153.4662909507751,Hit,0.048717854103870195,0,216,Sunday
mouse_2,2025-08-31,,2,8,48,1180.1786143779755,Hit,0.02996399654466586,0,257,Sunday
mouse_2,2025-08-31,,2,8,49,1206.8887000083923,Hit,0.02600475271083269,0,233,Sunday
mouse_2,2025-08-31,,2,8,50,1232.5984473228455,Hit,0.0906728937193293,0,157,Sunday
mouse_2,2025-08-31,,2,8,51,1258.058068037033,Hit,1.1257597975404678,0,107,Sunday
mouse_2,2025-08-31,,2,8,52,1283.2779071331024,Hit,0.010273158934523963,0,119,Sunday
mouse_2,2025-08-31,,2,8,53,1309.987913608551,Hit,0.011786198175514073,0,128,Sunday
mouse_2,2025-08-31,,2,8,54,1334.6914901733398,Hit,0.031091780358110555,0,147,Sunday
mouse_2,2025-08-31,,2,8,55,1361.1576387882233,Hit,0.08133521285094503,0,204,Sunday
mouse_2,2025-08-31,,2,8,56,1387.376867055893,Hit,0.021471218576607498,0,103,Sunday
mouse_2,2025-08-31,,2,8,57,1414.346872806549,Hit,0.0094013287132384,0,113,Sunday
mouse_2,2025-08-31,,2,8,58,1440.0502603054047,Hit,0.08258084278281785,0,135,Sunday
mouse_2,2025-08-31,,2,8,59,1465.0035893917084,Hit,0.022540661557968633,0,233,Sunday
mouse_2,2025-08-31,,2,8,60,1490.9560887813568,Hit,0.05008697605899215,0,177,Sunday
mouse_2,2025-08-31,,2,8,61,1515.4260115623474,Hit,0.039552359244225954,0,173,Sunday
mouse_2,2025-08-31,,2,8,62,1542.3957257270813,Hit,0.04865102033522817,0,191,Sunday
mouse_2,2025-08-31,,2,8,63,1568.1054849624634,Hit,0.07970552142137421,0,146,Sunday
mouse_2,2025-08-31,,2,8,64,1595.0751738548279,Hit,0.008207105773863077,0,127,Sunday
mouse_2,2025-08-31,,2,8,65,1618.7948307991028,Hit,0.1134747022395004,0,202,Sunday
mouse_2,2025-08-31,,2,8,66,1642.2464973926544,Hit,0.061015416783220644,0,193,Sunday
mouse_2,2025-08-31,,2,8,67,1665.4560415744781,Hit,0.08293157689195141,0,255,Sunday
mouse_2,2025-08-31,,2,8,68,1689.40900349617,Hit,0.022767218306398718,0,228,Sunday
mouse_2,2025-08-31,,2,8,69,1713.6106550693512,Hit,0.0075948612909542135,0,261,Sunday
mouse_2,2025-08-31,,2,8,70,1737.3241174221039,Hit,0.04089158411306926,0,191,Sunday
mouse_2,2025-08-31,,2,8,71,1763.0273003578186,Hit,0.08934587197700239,0,187,Sunday
mouse_2,2025-08-31,,2,8,72,1787.2334325313568,Hit,0.08382969472040713,0,134,Sunday
mouse_2,2025-08-31,,2,8,73,1811.703504562378,Miss,,0,0,Sunday
mouse_2,2025-09-01,,2,9,1,0.012015581130981445,Hit,0.006246009214033066,0,67,Monday
mouse_2,2025-09-01,,2,9,2,25.716318130493164,Hit,0.8517568470671932,0,100,Monday
mouse_2,2025-09-01,,2,9,3,52.425822019577026,Hit,0.05826339795304136,0,124,Monday
mouse_2,2025-09-01,,2,9,4,76.88641715049744,Hit,0.30948083083707445,0,162,Monday
mouse_2,2025-09-01,,2,9,5,103.10532021522522,Hit,0.03585309653726654,0,120,Monday
mouse_2,2025-09-01,,2,9,6,127.82561135292053,Hit,0.08928627911768672,0,109,Monday
mouse_2,2025-09-01,,2,9,7,151.53546905517578,Hit,0.026138277098738172,0,57,Monday
mouse_2,2025-09-01,,2,9,8,176.2414848804474,Hit,2.3004523331287032,0,78,Monday
mouse_2,2025-09-01,,2,9,9,199.96469283103943,Hit,0.048132355786350445,0,151,Monday
mouse_2,2025-09-01,,2,9,10,227.18116331100464,Hit,0.01648433974622776,0,129,Monday
mouse_2,2025-09-01,,2,9,11,252.38452768325806,Hit,0.040624935592745715,0,100,Monday
mouse_2,2025-09-01,,2,9,12,277.3646972179413,Hit,0.08767840272122385,0,74,Monday
mouse_2,2025-09-01,,2,9,13,302.82451605796814,Hit,0.07177969843161236,0,44,Monday
mouse_2,2025-09-01,,2,9,14,326.54414772987366,Hit,0.7034895496573199,0,127,Monday
mouse_2,2025-09-01,,2,9,15,353.0037934780121,Hit,0.09628169432244249,0,128,Monday
mouse_2,2025-09-01,,2,9,16,379.97377705574036,Hit,0.09656360520159524,0,138,Monday
mouse_2,2025-09-01,,2,9,17,406.92919635772705,Hit,0.030130092031981803,0,122,Monday
mouse_2,2025-09-01,,2,9,18,433.3698773384094,Hit,0.010756810394013883,0,98,Monday
mouse_2,2025-09-01,,2,9,19,460.083455324173,Hit,0.7346172929727572,0,100,Monday
mouse_2,2025-09-01,,2,9,20,484.7936487197876,Hit,0.015202897771928292,0,145,Monday
mouse_2,2025-09-01,,2,9,21,511.0131952762604,Hit,0.07601151397773265,0,148,Monday
mouse_2,2025-09-01,,2,9,22,535.9694192409515,Hit,1.012324906089475,0,140,Monday
mouse_2,2025-09-01,,2,9,23,560.1731369495392,Hit,0.029653604196369088,0,135,Monday
mouse_2,2025-09-01,,2,9,24,584.1336426734924,Hit,0.08029553826042957,0,143,Monday
mouse_2,2025-09-01,,2,9,25,609.0782196521759,Hit,0.18550681010367498,0,118,Monday
mouse_2,2025-09-01,,2,9,26,633.0305032730103,Hit,0.004651088404557413,0,178,Monday
mouse_2,2025-09-01,,2,9,27,657.9845130443573,Hit,0.11725834960873271,0,187,Monday
mouse_2,2025-09-01,,2,9,28,681.9520032405853,Hit,0.0069747771779020695,0,183,Monday
mouse_2,2025-09-01,,2,9,29,705.6716389656067,Hit,0.04285287111372327,0,162,Monday
mouse_2,2025-09-01,,2,9,30,729.632212638855,Hit,0.08163573009767333,0,193,Monday
mouse_2,2025-09-01,,2,9,31,754.8479888439178,Hit,0.10894792347210114,0,164,Monday
mouse_2,2025-09-01,,2,9,32,780.0718865394592,Hit,0.03993253790315521,0,180,Monday
mouse_2,2025-09-01,,2,9,33,804.7766270637512,Hit,0.06164373226204134,0,149,Monday
mouse_2,2025-09-01,,2,9,34,829.4672093391418,Hit,0.042230557760603915,0,205,Monday
mouse_2,2025-09-01,,2,9,35,855.1794536113739,Hit,0.021105152622567402,0,165,Monday
mouse_2,2025-09-01,,2,9,36,881.8887369632721,Hit,0.07681888941726811,0,167,Monday
mouse_2,2025-09-01,,2,9,37,908.3506627082825,Hit,0.08159390170590086,0,186,Monday
mouse_2,2025-09-01,,2,9,38,932.0607299804688,Hit,0.02293596398499176,0,187,Monday
mouse_2,2025-09-01,,2,9,39,958.2688806056976,Hit,0.06519542143587387,0,206,Monday
mouse_2,2025-09-01,,2,9,40,981.9844386577606,Hit,0.0774956336321111,0,156,Monday
mouse_2,2025-09-01,,2,9,41,1008.9346451759338,Hit,0.07373843342327291,0,99,Monday
mouse_2,2025-09-01,,2,9,42,1035.909995317459,Hit,0.03280960103484176,0,139,Monday
mouse_2,2025-09-01,,2,9,43,1059.1203722953796,Hit,0.052070386332161434,0,167,Monday
mouse_2,2025-09-01,,2,9,44,1085.5744817256927,Hit,0.04941683743413705,0,184,Monday
mouse_2,2025-09-01,,2,9,45,1111.5313341617584,Hit,0.02843143330142084,0,131,Monday
mouse_2,2025-09-01,,2,9,46,1134.7412531375885,Hit,0.033155398843518924,0,69,Monday
mouse_2,2025-09-01,,2,9,47,1159.4511122703552,Hit,0.09567311047726434,0,111,Monday
mouse_2,2025-09-01,,2,9,48,1185.9109318256378,Hit,0.08093525904746457,0,52,Monday
mouse_2,2025-09-01,,2,9,49,1209.3804004192352,Hit,0.2979315788909389,0,77,Monday
mouse_2,2025-09-01,,2,9,50,1236.0845277309418,Hit,0.03179124757389218,0,164,Monday
mouse_2,2025-09-01,,2,9,51,1262.0383718013763,Hit,0.06113258134382704,0,127,Monday
mouse_2,2025-09-01,,2,9,52,1285.4996564388275,Hit,0.014604890747023092,0,148,Monday
mouse_2,2025-09-01,,2,9,53,1312.4602661132812,Hit,0.029571807581760368,0,117,Monday
mouse_2,2025-09-01,,2,9,54,1337.164610862732,Hit,0.017286962241769288,0,93,Monday
mouse_2,2025-09-01,,2,9,55,1360.6393601894379,Hit,0.05769298919199173,0,149,Monday
mouse_2,2025-09-01,,2,9,56,1386.5992653369904,Hit,0.012722306529667549,0,101,Monday
mouse_2,2025-09-01,,2,9,57,1411.0451972484589,Hit,0.09075879331635406,0,201,Monday
mouse_2,2025-09-01,,2,9,58,1438.2686953544617,Hit,0.11326618920816145,0,139,Monday
mouse_2,2025-09-01,,2,9,59,1462.4753110408783,Hit,0.020426188568535508,0,160,Monday
mouse_2,2025-09-01,,2,9,60,1488.1779758930206,Hit,0.024735376384569463,0,156,Monday
mouse_2,2025-09-01,,2,9,61,1512.123529434204,Hit,0.04561946387775606,0,120,Monday
mouse_2,2025-09-01,,2,9,62,1538.3325924873352,Hit,0.04829418681856623,0,155,Monday
mouse_2,2025-09-01,,2,9,63,1564.7981934547424,Hit,0.06593201747591593,0,139,Monday
mouse_2,2025-09-01,,2,9,64,1588.7578647136688,Hit,0.12056139800961319,0,128,Monday
mouse_2,2025-09-01,,2,9,65,1615.4769296646118,Hit,0.009675336961890935,0,113,Monday
mouse_2,2025-09-01,,2,9,66,1641.9371509552002,Hit,0.07084886386314793,0,179,Monday
mouse_2,2025-09-01,,2,9,67,1668.6334481239319,Hit,0.011528677103569862,0,129,Monday
mouse_2,2025-09-01,,2,9,68,1692.831714630127,Miss,,0,20,Monday
mouse_2,2025-09-01,,2,9,69,1716.788562297821,Hit,0.08867670899485347,0,109,Monday
mouse_2,2025-09-01,,2,9,70,1743.2563273906708,Hit,0.09120209739012353,0,90,Monday
mouse_2,2025-09-01,,2,9,71,1768.2013142108917,Hit,0.061638705255290915,0,99,Monday
mouse_2,2025-09-01,,2,9,72,1792.668184041977,Hit,0.0343697162566059,0,58,Monday
mouse_2,2025-09-02,,3,1,1,1.2905116081237793,False Alarm,,1,38,Tuesday
mouse_2,2025-09-02,,3,1,2,11.746866941452026,False Alarm,,1,32,Tuesday
mouse_2,2025-09-02,,3,1,3,23.20456027984619,False Alarm,,1,34,Tuesday
mouse_2,2025-09-02,,3,1,4,34.9142746925354,False Alarm,,1,87,Tuesday
mouse_2,2025-09-02,,3,1,5,48.12646222114563,False Alarm,,1,21,Tuesday
mouse_2,2025-09-02,,3,1,6,58.33713936805725,Hit,0.7193183690817051,0,28,Tuesday
mouse_2,2025-09-02,,3,1,7,67.78979206085205,False Alarm,,1,16,Tuesday
mouse_2,2025-09-02,,3,1,8,77.99622869491577,False Alarm,,1,56,Tuesday
mouse_2,2025-09-02,,3,1,9,88.95662879943848,False Alarm,,1,77,Tuesday
mouse_2,2025-09-02,,3,1,10,99.4158124923706,False Alarm,,1,87,Tuesday
mouse_2,2025-09-02,,3,1,11,109.62038040161133,False Alarm,,1,58,Tuesday
mouse_2,2025-09-02,,3,1,12,120.83560729026794,False Alarm,,1,51,Tuesday
mouse_2,2025-09-02,,3,1,13,131.0362811088562,False Alarm,,1,51,Tuesday
mouse_2,2025-09-02,,3,1,14,143.25631499290466,False Alarm,,1,28,Tuesday
mouse_2,2025-09-02,,3,1,15,154.22576522827148,False Alarm,,1,14,Tuesday
mouse_2,2025-09-02,,3,1,16,165.44187355041504,Hit,2.152541528443379,0,72,Tuesday
mouse_2,2025-09-02,,3,1,17,175.1585443019867,False Alarm,,1,95,Tuesday
mouse_2,2025-09-02,,3,1,18,185.365309715271,False Alarm,,1,76,Tuesday
mouse_2,2025-09-02,,3,1,19,195.57540369033813,False Alarm,,1,95,Tuesday
mouse_2,2025-09-02,,3,1,20,206.0351014137268,False Alarm,,1,95,Tuesday
mouse_2,2025-09-02,,3,1,21,216.2370960712433,False Alarm,,1,69,Tuesday
mouse_2,2025-09-02,,3,1,22,226.44494223594666,False Alarm,,1,62,Tuesday
mouse_2,2025-09-02,,3,1,23,237.90603280067444,False Alarm,,1,74,Tuesday
mouse_2,2025-09-02,,3,1,24,249.37509107589722,False Alarm,,1,64,Tuesday
mouse_2,2025-09-02,,3,1,25,261.3346779346466,False Alarm,,1,60,Tuesday
mouse_2,2025-09-02,,3,1,26,273.7946391105652,False Alarm,,1,42,Tuesday
mouse_2,2025-09-02,,3,1,27,285.7464315891266,False Alarm,,1,26,Tuesday
mouse_2,2025-09-02,,3,1,28,296.9478437900543,False Alarm,,1,61,Tuesday
mouse_2,2025-09-02,,3,1,29,309.6551012992859,False Alarm,,1,24,Tuesday
mouse_2,2025-09-02,,3,1,30,321.1251344680786,False Alarm,,1,10,Tuesday
mouse_2,2025-09-02,,3,1,31,333.32976818084717,Miss,,0,20,Tuesday
mouse_2,2025-09-02,,3,1,32,343.7778904438019,False Alarm,,1,49,Tuesday
mouse_2,2025-09-02,,3,1,33,356.7349760532379,False Alarm,,1,39,Tuesday
mouse_2,2025-09-02,,3,1,34,368.20477318763733,False Alarm,,1,23,Tuesday
mouse_2,2025-09-02,,3,1,35,380.66616892814636,Miss,,0,32,Tuesday
mouse_2,2025-09-02,,3,1,36,391.8743486404419,False Alarm,,1,58,Tuesday
mouse_2,2025-09-02,,3,1,37,402.07112979888916,False Alarm,,1,97,Tuesday
mouse_2,2025-09-02,,3,1,38,413.5344343185425,False Alarm,,1,29,Tuesday
mouse_2,2025-09-02,,3,1,39,423.9940445423126,False Alarm,,1,23,Tuesday
mouse_2,2025-09-02,,3,1,40,434.9536623954773,False Alarm,,1,29,Tuesday
mouse_2,2025-09-02,,3,1,41,449.16522097587585,False Alarm,,1,15,Tuesday
mouse_2,2025-09-02,,3,1,42,462.8742220401764,False Alarm,,1,10,Tuesday
mouse_2,2025-09-02,,3,1,43,475.3447768688202,Hit,0.4337686548752231,0,72,Tuesday
mouse_2,2025-09-02,,3,1,44,484.30680537223816,False Alarm,,1,79,Tuesday
mouse_2,2025-09-02,,3,1,45,494.51004672050476,False Alarm,,1,42,Tuesday
mouse_2,2025-09-02,,3,1,46,505.97103667259216,False Alarm,,1,39,Tuesday
mouse_2,2025-09-02,,3,1,47,517.6828656196594,False Alarm,,1,60,Tuesday
mouse_2,2025-09-02,,3,1,48,528.6529455184937,False Alarm,,1,46,Tuesday
mouse_2,2025-09-02,,3,1,49,539.6233003139496,False Alarm,,1,36,Tuesday
mouse_2,2025-09-02,,3,1,50,550.5848333835602,False Alarm,,1,31,Tuesday
mouse_2,2025-09-02,,3,1,51,563.5527091026306,False Alarm,,1,42,Tuesday
mouse_2,2025-09-02,,3,1,52,576.0123333930969,False Alarm,,1,60,Tuesday
mouse_2,2025-09-02,,3,1,53,587.4833297729492,False Alarm,,1,50,Tuesday
mouse_2,2025-09-02,,3,1,54,597.684424161911,False Alarm,,1,9,Tuesday
mouse_2,2025-09-02,,3,1,55,607.8814218044281,Hit,0.010181093792539286,0,53,Tuesday
mouse_2,2025-09-02,,3,1,56,615.8344411849976,False Alarm,,1,40,Tuesday
mouse_2,2025-09-02,,3,1,57,626.0445780754089,False Alarm,,1,16,Tuesday
mouse_2,2025-09-02,,3,1,58,637.2411553859711,Hit,1.247088699679125,0,43,Tuesday
mouse_2,2025-09-02,,3,1,59,646.6943142414093,False Alarm,,1,37,Tuesday
mouse_2,2025-09-02,,3,1,60,656.8910367488861,False Alarm,,1,59,Tuesday
mouse_2,2025-09-02,,3,1,61,669.3614165782928,False Alarm,,1,53,Tuesday
mouse_2,2025-09-02,,3,1,62,680.0705859661102,False Alarm,,1,39,Tuesday
mouse_2,2025-09-02,,3,1,63,690.5204792022705,False Alarm,,1,48,Tuesday
mouse_2,2025-09-02,,3,1,64,703.4807410240173,False Alarm,,1,60,Tuesday
mouse_2,2025-09-02,,3,1,65,714.69074010849,False Alarm,,1,50,Tuesday
mouse_2,2025-09-02,,3,1,66,726.410810470581,False Alarm,,1,42,Tuesday
mouse_2,2025-09-02,,3,1,67,738.1299307346344,False Alarm,,1,32,Tuesday
mouse_2,2025-09-02,,3,1,68,750.3351104259491,False Alarm,,1,27,Tuesday
mouse_2,2025-09-02,,3,1,69,762.04092669487,False Alarm,,1,23,Tuesday
mouse_2,2025-09-02,,3,1,70,773.5099260807037,False Alarm,,1,38,Tuesday
mouse_2,2025-09-02,,3,1,71,785.9692914485931,False Alarm,,1,25,Tuesday
mouse_2,2025-09-02,,3,1,72,796.1791822910309,False Alarm,,1,24,Tuesday
mouse_2,2025-09-02,,3,1,73,809.3892228603363,False Alarm,,1,35,Tuesday
mouse_2,2025-09-02,,3,1,74,820.8590140342712,False Alarm,,1,36,Tuesday
mouse_2,2025-09-02,,3,1,75,833.8190560340881,False Alarm,,1,16,Tuesday
mouse_2,2025-09-02,,3,1,76,844.2788503170013,Hit,0.4254007623084135,0,58,Tuesday
mouse_2,2025-09-02,,3,1,77,852.9823989868164,False Alarm,,1,57,Tuesday
mouse_2,2025-09-02,,3,1,78,863.4389827251434,False Alarm,,1,37,Tuesday
mouse_2,2025-09-02,,3,1,79,875.8984725475311,False Alarm,,1,50,Tuesday
mouse_2,2025-09-02,,3,1,80,889.1188797950745,False Alarm,,1,40,Tuesday
mouse_2,2025-09-02,,3,1,81,900.0883750915527,False Alarm,,1,34,Tuesday
mouse_2,2025-09-02,,3,1,82,911.2982234954834,False Alarm,,1,23,Tuesday
mouse_2,2025-09-02,,3,1,83,922.2624516487122,False Alarm,,1,35,Tuesday
mouse_2,2025-09-02,,3,1,84,933.4778981208801,False Alarm,,1,39,Tuesday
mouse_2,2025-09-02,,3,1,85,943.6779165267944,False Alarm,,1,35,Tuesday
mouse_2,2025-09-02,,3,1,86,955.3880093097687,False Alarm,,1,35,Tuesday
mouse_2,2025-09-02,,3,1,87,966.5946629047394,False Alarm,,1,56,Tuesday
mouse_2,2025-09-02,,3,1,88,980.5473682880402,False Alarm,,1,34,Tuesday
mouse_2,2025-09-02,,3,1,89,991.5146605968475,False Alarm,,1,31,Tuesday
mouse_2,2025-09-02,,3,1,90,1003.9671924114227,False Alarm,,1,37,Tuesday
mouse_2,2025-09-02,,3,1,91,1015.4271149635315,False Alarm,,1,28,Tuesday
mouse_2,2025-09-02,,3,1,92,1027.6371731758118,Miss,,0,12,Tuesday
mouse_2,2025-09-02,,3,1,93,1039.089839220047,False Alarm,,1,35,Tuesday
mouse_2,2025-09-02,,3,1,94,1053.7968504428864,False Alarm,,1,15,Tuesday
mouse_2,2025-09-02,,3,1,95,1064.7566695213318,Hit,1.7995634323697232,0,59,Tuesday
mouse_2,2025-09-02,,3,1,96,1073.7195613384247,False Alarm,,1,36,Tuesday
mouse_2,2025-09-02,,3,1,97,1083.916124343872,False Alarm,,1,8,Tuesday
mouse_2,2025-09-02,,3,1,98,1097.874501466751,Hit,0.814160624608121,0,18,Tuesday
mouse_2,2025-09-02,,3,1,99,1106.0696766376495,Miss,,0,0,Tuesday
mouse_2,2025-09-02,,3,1,100,1116.517723083496,Miss,,0,14,Tuesday
mouse_2,2025-09-02,,3,1,101,1128.4787068367004,False Alarm,,1,12,Tuesday
mouse_2,2025-09-02,,3,1,102,1138.6857092380524,Miss,,0,8,Tuesday
mouse_2,2025-09-02,,3,1,103,1149.389036655426,False Alarm,,1,25,Tuesday
mouse_2,2025-09-02,,3,1,104,1163.6062195301056,Hit,1.3327869205866136,0,73,Tuesday
mouse_2,2025-09-02,,3,1,105,1173.2991008758545,False Alarm,,1,73,Tuesday
mouse_2,2025-09-02,,3,1,106,1183.5058810710907,False Alarm,,1,22,Tuesday
mouse_2,2025-09-02,,3,1,107,1194.465574979782,False Alarm,,1,14,Tuesday
mouse_2,2025-09-02,,3,1,108,1206.677012681961,False Alarm,,1,32,Tuesday
mouse_2,2025-09-02,,3,1,109,1217.8853857517242,False Alarm,,1,55,Tuesday
mouse_2,2025-09-02,,3,1,110,1230.3480093479156,False Alarm,,1,29,Tuesday
mouse_2,2025-09-02,,3,1,111,1240.5495126247406,Hit,0.2465221123286483,0,70,Tuesday
mouse_2,2025-09-02,,3,1,112,1247.9991092681885,False Alarm,,1,81,Tuesday
mouse_2,2025-09-02,,3,1,113,1258.2044594287872,False Alarm,,1,22,Tuesday
mouse_2,2025-09-02,,3,1,114,1268.4149639606476,False Alarm,,1,40,Tuesday
mouse_2,2025-09-02,,3,1,115,1280.3846354484558,False Alarm,,1,39,Tuesday
mouse_2,2025-09-02,,3,1,116,1292.1045236587524,False Alarm,,1,14,Tuesday
mouse_2,2025-09-02,,3,1,117,1302.3043365478516,Hit,1.5629574535139454,0,70,Tuesday
mouse_2,2025-09-02,,3,1,118,1312.508777141571,False Alarm,,1,81,Tuesday
mouse_2,2025-09-02,,3,1,119,1322.7239527702332,False Alarm,,1,23,Tuesday
mouse_2,2025-09-02,,3,1,120,1336.4347519874573,False Alarm,,1,36,Tuesday
mouse_2,2025-09-02,,3,1,121,1348.6441292762756,False Alarm,,1,31,Tuesday
mouse_2,2025-09-02,,3,1,122,1358.8437867164612,False Alarm,,1,35,Tuesday
mouse_2,2025-09-02,,3,1,123,1369.0438976287842,False Alarm,,1,63,Tuesday
mouse_2,2025-09-02,,3,1,124,1381.0111854076385,False Alarm,,1,30,Tuesday
mouse_2,2025-09-02,,3,1,125,1392.974128484726,Hit,1.053729761411887,0,64,Tuesday
mouse_2,2025-09-02,,3,1,126,1401.4273252487183,False Alarm,,1,60,Tuesday
mouse_2,2025-09-02,,3,1,127,1411.6334795951843,False Alarm,,1,29,Tuesday
mouse_2,2025-09-02,,3,1,128,1421.834084033966,False Alarm,,1,10,Tuesday
mouse_2,2025-09-02,,3,1,129,1433.0445170402527,Hit,0.433843408044595,0,40,Tuesday
mouse_2,2025-09-02,,3,1,130,1441.7574520111084,False Alarm,,1,26,Tuesday
mouse_2,2025-09-02,,3,1,131,1451.9535369873047,False Alarm,,1,23,Tuesday
mouse_2,2025-09-02,,3,1,132,1462.4142162799835,False Alarm,,1,54,Tuesday
mouse_2,2025-09-02,,3,1,133,1476.122795343399,False Alarm,,1,42,Tuesday
mouse_2,2025-09-02,,3,1,134,1487.58358669281,False Alarm,,1,45,Tuesday
mouse_2,2025-09-02,,3,1,135,1497.7844598293304,False Alarm,,1,38,Tuesday
mouse_2,2025-09-02,,3,1,136,1510.2441256046295,False Alarm,,1,24,Tuesday
mouse_2,2025-09-02,,3,1,137,1523.953057050705,Miss,,0,19,Tuesday
mouse_2,2025-09-02,,3,1,138,1534.9047284126282,False Alarm,,1,20,Tuesday
mouse_2,2025-09-02,,3,1,139,1547.373538017273,False Alarm,,1,22,Tuesday
mouse_2,2025-09-02,,3,1,140,1560.8431346416473,False Alarm,,1,24,Tuesday
mouse_2,2025-09-02,,3,1,141,1575.0557527542114,Hit,2.0985751714110847,0,31,Tuesday
mouse_2,2025-09-02,,3,1,142,1584.75630068779,False Alarm,,1,1,Tuesday
mouse_2,2025-09-02,,3,1,143,1594.9621412754059,Hit,1.9117984746173988,0,70,Tuesday
mouse_2,2025-09-02,,3,1,144,1604.9162855148315,False Alarm,,1,40,Tuesday
mouse_2,2025-09-02,,3,1,145,1615.1191782951355,Hit,1.5502847324210052,0,67,Tuesday
mouse_2,2025-09-02,,3,1,146,1623.8160486221313,False Alarm,,1,46,Tuesday
mouse_2,2025-09-02,,3,1,147,1634.0224175453186,False Alarm,,1,19,Tuesday
mouse_2,2025-09-02,,3,1,148,1647.7319464683533,False Alarm,,1,37,Tuesday
mouse_2,2025-09-02,,3,1,149,1659.942010641098,False Alarm,,1,36,Tuesday
mouse_2,2025-09-02,,3,1,150,1670.9015979766846,False Alarm,,1,23,Tuesday
mouse_2,2025-09-02,,3,1,151,1682.6146805286407,False Alarm,,1,20,Tuesday
mouse_2,2025-09-02,,3,1,152,1694.064697265625,False Alarm,,1,40,Tuesday
mouse_2,2025-09-02,,3,1,153,1708.2710118293762,False Alarm,,1,21,Tuesday
mouse_2,2025-09-02,,3,1,154,1719.236876487732,False Alarm,,1,28,Tuesday
mouse_2,2025-09-02,,3,1,155,1733.7008731365204,False Alarm,,1,15,Tuesday
mouse_2,2025-09-02,,3,1,156,1747.1704783439636,False Alarm,,1,21,Tuesday
mouse_2,2025-09-02,,3,1,157,1760.8909265995026,False Alarm,,1,14,Tuesday
mouse_2,2025-09-02,,3,1,158,1771.860580444336,Hit,1.9100864038041436,0,34,Tuesday
mouse_2,2025-09-02,,3,1,159,1781.3116209506989,False Alarm,,1,20,Tuesday
mouse_2,2025-09-02,,3,1,160,1791.5103120803833,False Alarm,,1,15,Tuesday
mouse_2,2025-09-02,,3,1,161,1804.4656522274017,Miss,,0,0,Tuesday
mouse_2,2025-09-02,,3,2,1,0.3954310417175293,False Alarm,,1,14,Tuesday
mouse_2,2025-09-02,,3,2,2,11.609385013580322,False Alarm,,1,4,Tuesday
mouse_2,2025-09-02,,3,2,3,23.05961036682129,Miss,,0,2,Tuesday
mouse_2,2025-09-02,,3,2,4,33.77220273017883,False Alarm,,1,2,Tuesday
mouse_2,2025-09-02,,3,2,5,46.478116512298584,Hit,1.3396783063259363,0,39,Tuesday
mouse_2,2025-09-02,,3,2,6,56.942240715026855,False Alarm,,1,30,Tuesday
mouse_2,2025-09-02,,3,2,7,67.14898037910461,False Alarm,,1,22,Tuesday
mouse_2,2025-09-02,,3,2,8,78.6086483001709,Hit,0.6957896066195701,0,41,Tuesday
mouse_2,2025-09-02,,3,2,9,87.56212544441223,False Alarm,,1,24,Tuesday
mouse_2,2025-09-02,,3,2,10,97.76883912086487,False Alarm,,1,26,Tuesday
mouse_2,2025-09-02,,3,2,11,107.97854399681091,False Alarm,,1,41,Tuesday
mouse_2,2025-09-02,,3,2,12,120.6985228061676,False Alarm,,1,34,Tuesday
mouse_2,2025-09-02,,3,2,13,130.91832852363586,False Alarm,,1,33,Tuesday
mouse_2,2025-09-02,,3,2,14,144.12818455696106,False Alarm,,1,37,Tuesday
mouse_2,2025-09-02,,3,2,15,157.08891892433167,False Alarm,,1,18,Tuesday
mouse_2,2025-09-02,,3,2,16,169.7921187877655,Hit,0.569743202534994,0,50,Tuesday
mouse_2,2025-09-02,,3,2,17,177.7414402961731,False Alarm,,1,32,Tuesday
mouse_2,2025-09-02,,3,2,18,187.94349718093872,False Alarm,,1,12,Tuesday
mouse_2,2025-09-02,,3,2,19,198.9083707332611,Hit,1.4262040525080408,0,35,Tuesday
mouse_2,2025-09-02,,3,2,20,207.87250590324402,False Alarm,,1,23,Tuesday
mouse_2,2025-09-02,,3,2,21,218.07469654083252,False Alarm,,1,34,Tuesday
mouse_2,2025-09-02,,3,2,22,228.28012323379517,False Alarm,,1,17,Tuesday
mouse_2,2025-09-02,,3,2,23,239.73768496513367,Miss,,0,39,Tuesday
mouse_2,2025-09-02,,3,2,24,250.70021414756775,False Alarm,,1,11,Tuesday
mouse_2,2025-09-02,,3,2,25,260.90808629989624,Miss,,0,31,Tuesday
mouse_2,2025-09-02,,3,2,26,271.11030077934265,False Alarm,,1,14,Tuesday
mouse_2,2025-09-02,,3,2,27,281.32697916030884,False Alarm,,1,20,Tuesday
mouse_2,2025-09-02,,3,2,28,292.53695344924927,False Alarm,,1,18,Tuesday
mouse_2,2025-09-02,,3,2,29,303.4976489543915,False Alarm,,1,24,Tuesday
mouse_2,2025-09-02,,3,2,30,315.2071280479431,False Alarm,,1,16,Tuesday
mouse_2,2025-09-02,,3,2,31,326.66694617271423,Miss,,0,8,Tuesday
mouse_2,2025-09-02,,3,2,32,338.6198875904083,False Alarm,,1,10,Tuesday
mouse_2,2025-09-02,,3,2,33,350.5865685939789,False Alarm,,1,31,Tuesday
mouse_2,2025-09-02,,3,2,34,365.5448191165924,False Alarm,,1,15,Tuesday
mouse_2,2025-09-02,,3,2,35,377.01669478416443,False Alarm,,1,16,Tuesday
mouse_2,2025-09-02,,3,2,36,390.72689962387085,False Alarm,,1,15,Tuesday
mouse_2,2025-09-02,,3,2,37,402.44663882255554,False Alarm,,1,12,Tuesday
mouse_2,2025-09-02,,3,2,38,414.9065172672272,False Alarm,,1,18,Tuesday
mouse_2,2025-09-02,,3,2,39,427.11654114723206,False Alarm,,1,22,Tuesday
mouse_2,2025-09-02,,3,2,40,438.32609367370605,False Alarm,,1,18,Tuesday
mouse_2,2025-09-02,,3,2,41,449.79580664634705,False Alarm,,1,21,Tuesday
mouse_2,2025-09-02,,3,2,42,461.75215768814087,False Alarm,,1,17,Tuesday
mouse_2,2025-09-02,,3,2,43,473.96576976776123,False Alarm,,1,11,Tuesday
mouse_2,2025-09-02,,3,2,44,484.935204744339,False Alarm,,1,7,Tuesday
mouse_2,2025-09-02,,3,2,45,499.15491008758545,Hit,1.1778746609921313,0,72,Tuesday
mouse_2,2025-09-02,,3,2,46,508.1098327636719,False Alarm,,1,62,Tuesday
mouse_2,2025-09-02,,3,2,47,518.319256067276,False Alarm,,1,10,Tuesday
mouse_2,2025-09-02,,3,2,48,531.5252552032471,False Alarm,,1,4,Tuesday
mouse_2,2025-09-02,,3,2,49,542.98490691185,Miss,,0,12,Tuesday
mouse_2,2025-09-02,,3,2,50,554.4476382732391,False Alarm,,1,14,Tuesday
mouse_2,2025-09-02,,3,2,51,564.9246473312378,False Alarm,,1,7,Tuesday
mouse_2,2025-09-02,,3,2,52,578.3947997093201,False Alarm,,1,7,Tuesday
mouse_2,2025-09-02,,3,2,53,590.1143367290497,False Alarm,,1,12,Tuesday
mouse_2,2025-09-02,,3,2,54,604.5744862556458,False Alarm,,1,10,Tuesday
mouse_2,2025-09-02,,3,2,55,617.7747418880463,Hit,0.7417833279166643,0,75,Tuesday
mouse_2,2025-09-02,,3,2,56,626.2373149394989,False Alarm,,1,54,Tuesday
mouse_2,2025-09-02,,3,2,57,636.4435901641846,Hit,1.4071248880703706,0,56,Tuesday
mouse_2,2025-09-02,,3,2,58,645.3973805904388,False Alarm,,1,29,Tuesday
mouse_2,2025-09-02,,3,2,59,655.603230714798,False Alarm,,1,13,Tuesday
mouse_2,2025-09-02,,3,2,60,667.5617256164551,False Alarm,,1,10,Tuesday
mouse_2,2025-09-02,,3,2,61,678.5335268974304,Hit,1.1096237593604883,0,39,Tuesday
mouse_2,2025-09-02,,3,2,62,687.7347474098206,False Alarm,,1,32,Tuesday
mouse_2,2025-09-02,,3,2,63,697.9408938884735,False Alarm,,1,28,Tuesday
mouse_2,2025-09-02,,3,2,64,709.6626431941986,False Alarm,,1,17,Tuesday
mouse_2,2025-09-02,,3,2,65,720.8733334541321,False Alarm,,1,23,Tuesday
mouse_2,2025-09-02,,3,2,66,731.8347291946411,False Alarm,,1,24,Tuesday
mouse_2,2025-09-02,,3,2,67,742.7846755981445,False Alarm,,1,19,Tuesday
mouse_2,2025-09-02,,3,2,68,753.9930226802826,False Alarm,,1,22,Tuesday
mouse_2,2025-09-02,,3,2,69,764.4534323215485,False Alarm,,1,26,Tuesday
mouse_2,2025-09-02,,3,2,70,775.6619486808777,False Alarm,,1,19,Tuesday
mouse_2,2025-09-02,,3,2,71,789.6146421432495,False Alarm,,1,9,Tuesday
mouse_2,2025-09-02,,3,2,72,800.5720551013947,False Alarm,,1,18,Tuesday
mouse_2,2025-09-02,,3,2,73,812.0418162345886,False Alarm,,1,16,Tuesday
mouse_2,2025-09-02,,3,2,74,825.2520961761475,False Alarm,,1,5,Tuesday
mouse_2,2025-09-02,,3,2,75,836.9622678756714,Miss,,0,1,Tuesday
mouse_2,2025-09-02,,3,2,76,848.6741070747375,False Alarm,,1,4,Tuesday
mouse_2,2025-09-02,,3,2,77,860.8926196098328,False Alarm,,1,3,Tuesday
mouse_2,2025-09-02,,3,2,78,871.8610661029816,Hit,0.5909734618176117,0,65,Tuesday
mouse_2,2025-09-02,,3,2,79,880.3145885467529,False Alarm,,1,36,Tuesday
mouse_2,2025-09-02,,3,2,80,890.521966457367,Hit,1.2368625674414488,0,70,Tuesday
mouse_2,2025-09-02,,3,2,81,899.9728465080261,False Alarm,,1,82,Tuesday
mouse_2,2025-09-02,,3,2,82,910.1907334327698,False Alarm,,1,20,Tuesday
mouse_2,2025-09-02,,3,2,83,921.1610777378082,False Alarm,,1,11,Tuesday
mouse_2,2025-09-02,,3,2,84,935.3706784248352,Hit,0.7752366509571402,0,64,Tuesday
mouse_2,2025-09-02,,3,2,85,943.5708718299866,False Alarm,,1,38,Tuesday
mouse_2,2025-09-02,,3,2,86,953.770870923996,False Alarm,,1,10,Tuesday
mouse_2,2025-09-02,,3,2,87,965.2247104644775,False Alarm,,1,12,Tuesday
mouse_2,2025-09-02,,3,2,88,977.6804299354553,False Alarm,,1,7,Tuesday
mouse_2,2025-09-02,,3,2,89,990.1499223709106,Miss,,0,13,Tuesday
mouse_2,2025-09-02,,3,2,90,1001.6135830879211,False Alarm,,1,7,Tuesday
mouse_2,2025-09-02,,3,2,91,1012.5698707103729,Hit,0.9462300259340282,0,63,Tuesday
mouse_2,2025-09-02,,3,2,92,1021.0226490497589,False Alarm,,1,36,Tuesday
mouse_2,2025-09-02,,3,2,93,1031.229300737381,False Alarm,,1,13,Tuesday
mouse_2,2025-09-02,,3,2,94,1042.1798996925354,False Alarm,,1,16,Tuesday
mouse_2,2025-09-02,,3,2,95,1053.8899097442627,False Alarm,,1,11,Tuesday
mouse_2,2025-09-02,,3,2,96,1066.099732875824,False Alarm,,1,4,Tuesday
mouse_2,2025-09-02,,3,2,97,1078.0547473430634,Hit,1.3006943576615413,0,47,Tuesday
mouse_2,2025-09-02,,3,2,98,1086.5102529525757,False Alarm,,1,20,Tuesday
mouse_2,2025-09-02,,3,2,99,1097.959225654602,False Alarm,,1,13,Tuesday
mouse_2,2025-09-02,,3,2,100,1113.1689114570618,False Alarm,,1,7,Tuesday
mouse_2,2025-09-02,,3,2,101,1123.8789443969727,False Alarm,,1,7,Tuesday
mouse_2,2025-09-02,,3,2,102,1136.3390007019043,False Alarm,,1,11,Tuesday
mouse_2,2025-09-02,,3,2,103,1148.5486805438995,False Alarm,,1,7,Tuesday
mouse_2,2025-09-02,,3,2,104,1160.0043687820435,Hit,0.6515144888232953,0,51,Tuesday
mouse_2,2025-09-02,,3,2,105,1169.2094161510468,False Alarm,,1,28,Tuesday
mouse_2,2025-09-02,,3,2,106,1179.4082245826721,False Alarm,,1,8,Tuesday
mouse_2,2025-09-02,,3,2,107,1190.8684496879578,False Alarm,,1,6,Tuesday
mouse_2,2025-09-02,,3,2,108,1204.0844049453735,False Alarm,,1,8,Tuesday
mouse_2,2025-09-02,,3,2,109,1215.5377950668335,False Alarm,,1,11,Tuesday
mouse_2,2025-09-02,,3,2,110,1227.7479138374329,False Alarm,,1,6,Tuesday
mouse_2,2025-09-02,,3,2,111,1240.9578440189362,False Alarm,,1,9,Tuesday
mouse_2,2025-09-02,,3,2,112,1258.6655023097992,Hit,1.389867788195943,0,44,Tuesday
mouse_2,2025-09-02,,3,2,113,1268.870371580124,False Alarm,,1,19,Tuesday
mouse_2,2025-09-02,,3,2,114,1279.0674796104431,False Alarm,,1,5,Tuesday
mouse_2,2025-09-02,,3,2,115,1290.7765583992004,Hit,1.4378300434464109,0,43,Tuesday
mouse_2,2025-09-02,,3,2,116,1300.4805977344513,False Alarm,,1,18,Tuesday
mouse_2,2025-09-02,,3,2,117,1310.6874318122864,False Alarm,,1,8,Tuesday
mouse_2,2025-09-02,,3,2,118,1324.390430688858,False Alarm,,1,8,Tuesday
mouse_2,2025-09-02,,3,2,119,1335.8471314907074,False Alarm,,1,14,Tuesday
mouse_2,2025-09-02,,3,2,120,1350.5573525428772,False Alarm,,1,5,Tuesday
mouse_2,2025-09-02,,3,2,121,1362.7647111415863,False Alarm,,1,8,Tuesday
mouse_2,2025-09-02,,3,2,122,1377.9666075706482,Miss,,0,2,Tuesday
mouse_2,2025-09-02,,3,2,123,1389.9307720661163,False Alarm,,1,12,Tuesday
mouse_2,2025-09-02,,3,2,124,1401.6362147331238,False Alarm,,1,15,Tuesday
mouse_2,2025-09-02,,3,2,125,1415.3463411331177,False Alarm,,1,12,Tuesday
mouse_2,2025-09-02,,3,2,126,1430.0543937683105,False Alarm,,1,9,Tuesday
mouse_2,2025-09-02,,3,2,127,1442.5147943496704,False Alarm,,1,5,Tuesday
mouse_2,2025-09-02,,3,2,128,1455.226033449173,Hit,1.392993192537915,0,74,Tuesday
mouse_2,2025-09-02,,3,2,129,1464.1865406036377,False Alarm,,1,45,Tuesday
mouse_2,2025-09-02,,3,2,130,1474.3856358528137,False Alarm,,1,2,Tuesday
mouse_2,2025-09-02,,3,2,131,1485.589238166809,Hit,1.789460589677219,0,36,Tuesday
mouse_2,2025-09-02,,3,2,132,1495.2887499332428,False Alarm,,1,6,Tuesday
mouse_2,2025-09-02,,3,2,133,1505.484670162201,Hit,2.001111383929583,0,39,Tuesday
mouse_2,2025-09-02,,3,2,134,1516.6887023448944,False Alarm,,1,11,Tuesday
mouse_2,2025-09-02,,3,2,135,1526.8847534656525,False Alarm,,1,3,Tuesday
mouse_2,2025-09-02,,3,2,136,1539.0955646038055,False Alarm,,1,4,Tuesday
mouse_2,2025-09-02,,3,2,137,1552.3056433200836,False Alarm,,1,12,Tuesday
mouse_2,2025-09-02,,3,2,138,1567.0246453285217,False Alarm,,1,11,Tuesday
mouse_2,2025-09-02,,3,2,139,1580.9848532676697,False Alarm,,1,11,Tuesday
mouse_2,2025-09-02,,3,2,140,1594.4546864032745,False Alarm,,1,12,Tuesday
mouse_2,2025-09-02,,3,2,141,1606.6650307178497,False Alarm,,1,14,Tuesday
mouse_2,2025-09-02,,3,2,142,1617.6251463890076,False Alarm,,1,16,Tuesday
mouse_2,2025-09-02,,3,2,143,1631.57759141922,False Alarm,,1,11,Tuesday
mouse_2,2025-09-02,,3,2,144,1643.5447642803192,False Alarm,,1,2,Tuesday
mouse_2,2025-09-02,,3,2,145,1655.2546865940094,Hit,1.3975307570317455,0,62,Tuesday
mouse_2,2025-09-02,,3,2,146,1665.20765209198,False Alarm,,1,31,Tuesday
mouse_2,2025-09-02,,3,2,147,1675.4142723083496,Miss,,0,0,Tuesday
mouse_2,2025-09-02,,3,2,148,1686.3673391342163,Hit,0.09914518963000774,0,40,Tuesday
mouse_2,2025-09-02,,3,2,149,1695.318823814392,False Alarm,,1,10,Tuesday
mouse_2,2025-09-02,,3,2,150,1705.5337839126587,False Alarm,,1,6,Tuesday
mouse_2,2025-09-02,,3,2,151,1722.992377281189,Miss,,0,8,Tuesday
mouse_2,2025-09-02,,3,2,152,1734.4575493335724,False Alarm,,1,12,Tuesday
mouse_2,2025-09-02,,3,2,153,1745.665428161621,False Alarm,,1,7,Tuesday
mouse_2,2025-09-02,,3,2,154,1758.3738090991974,False Alarm,,1,3,Tuesday
mouse_2,2025-09-02,,3,2,155,1770.0848224163055,Miss,,0,3,Tuesday
mouse_2,2025-09-02,,3,2,156,1780.5348308086395,False Alarm,,1,8,Tuesday
mouse_2,2025-09-02,,3,2,157,1791.4847893714905,False Alarm,,1,5,Tuesday
mouse_2,2025-09-02,,3,2,158,1805.9537570476532,Miss,,0,0,Tuesday
mouse_2,2025-09-02,,3,3,1,0.3775300979614258,False Alarm,,1,6,Tuesday
mouse_2,2025-09-02,,3,3,2,10.579272747039795,False Alarm,,1,3,Tuesday
mouse_2,2025-09-02,,3,3,3,22.540190935134888,Hit,2.6762266557230987,0,58,Tuesday
mouse_2,2025-09-02,,3,3,4,32.4925422668457,False Alarm,,1,29,Tuesday
mouse_2,2025-09-02,,3,3,5,42.692877769470215,False Alarm,,1,3,Tuesday
mouse_2,2025-09-02,,3,3,6,56.15913391113281,Miss,,0,9,Tuesday
mouse_2,2025-09-02,,3,3,7,66.61251425743103,False Alarm,,1,12,Tuesday
mouse_2,2025-09-02,,3,3,8,77.5628674030304,False Alarm,,1,13,Tuesday
mouse_2,2025-09-02,,3,3,9,89.26916766166687,False Alarm,,1,11,Tuesday
mouse_2,2025-09-02,,3,3,10,100.47404265403748,False Alarm,,1,8,Tuesday
mouse_2,2025-09-02,,3,3,11,110.6727786064148,False Alarm,,1,11,Tuesday
mouse_2,2025-09-02,,3,3,12,121.88909888267517,False Alarm,,1,12,Tuesday
mouse_2,2025-09-02,,3,3,13,133.3431499004364,False Alarm,,1,10,Tuesday
mouse_2,2025-09-02,,3,3,14,145.7986557483673,False Alarm,,1,11,Tuesday
mouse_2,2025-09-02,,3,3,15,157.5157790184021,False Alarm,,1,6,Tuesday
mouse_2,2025-09-02,,3,3,16,168.48848843574524,Hit,2.1724569517895986,0,43,Tuesday
mouse_2,2025-09-02,,3,3,17,178.69267106056213,False Alarm,,1,23,Tuesday
mouse_2,2025-09-02,,3,3,18,188.89869451522827,False Alarm,,1,14,Tuesday
mouse_2,2025-09-02,,3,3,19,200.36852502822876,False Alarm,,1,7,Tuesday
mouse_2,2025-09-02,,3,3,20,212.33303022384644,False Alarm,,1,9,Tuesday
mouse_2,2025-09-02,,3,3,21,224.80819296836853,False Alarm,,1,7,Tuesday
mouse_2,2025-09-02,,3,3,22,237.01281237602234,Hit,0.9467342006216768,0,44,Tuesday
mouse_2,2025-09-02,,3,3,23,246.96098804473877,False Alarm,,1,27,Tuesday
mouse_2,2025-09-02,,3,3,24,257.17756628990173,False Alarm,,1,12,Tuesday
mouse_2,2025-09-02,,3,3,25,269.38858938217163,Hit,2.2282375663440916,0,53,Tuesday
mouse_2,2025-09-02,,3,3,26,280.5910723209381,False Alarm,,1,26,Tuesday
mouse_2,2025-09-02,,3,3,27,290.8071463108063,False Alarm,,1,1,Tuesday
mouse_2,2025-09-02,,3,3,28,303.7681739330292,Hit,0.40671031481781483,0,53,Tuesday
mouse_2,2025-09-02,,3,3,29,312.7207751274109,False Alarm,,1,23,Tuesday
mouse_2,2025-09-02,,3,3,30,322.9368872642517,False Alarm,,1,21,Tuesday
mouse_2,2025-09-02,,3,3,31,338.64711809158325,False Alarm,,1,19,Tuesday
mouse_2,2025-09-02,,3,3,32,352.8682270050049,False Alarm,,1,13,Tuesday
mouse_2,2025-09-02,,3,3,33,365.8271219730377,False Alarm,,1,12,Tuesday
mouse_2,2025-09-02,,3,3,34,378.29666471481323,False Alarm,,1,24,Tuesday
mouse_2,2025-09-02,,3,3,35,391.50697922706604,False Alarm,,1,25,Tuesday
mouse_2,2025-09-02,,3,3,36,404.7262530326843,False Alarm,,1,6,Tuesday
mouse_2,2025-09-02,,3,3,37,415.6985306739807,Hit,2.062648204598304,0,71,Tuesday
mouse_2,2025-09-02,,3,3,38,426.89949464797974,False Alarm,,1,45,Tuesday
mouse_2,2025-09-02,,3,3,39,437.0958399772644,False Alarm,,1,4,Tuesday
mouse_2,2025-09-02,,3,3,40,450.0474498271942,Hit,1.2555011967721725,0,59,Tuesday
mouse_2,2025-09-02,,3,3,41,459.00267720222473,False Alarm,,1,34,Tuesday
mouse_2,2025-09-02,,3,3,42,469.2060594558716,False Alarm,,1,4,Tuesday
mouse_2,2025-09-02,,3,3,43,483.1756122112274,Hit,1.0812487569616565,0,44,Tuesday
mouse_2,2025-09-02,,3,3,44,493.1389698982239,False Alarm,,1,20,Tuesday
mouse_2,2025-09-02,,3,3,45,503.3452651500702,False Alarm,,1,5,Tuesday
mouse_2,2025-09-02,,3,3,46,515.0519316196442,Hit,2.1153587589587914,0,46,Tuesday
mouse_2,2025-09-02,,3,3,47,525.4992644786835,False Alarm,,1,26,Tuesday
mouse_2,2025-09-02,,3,3,48,535.7048454284668,False Alarm,,1,8,Tuesday
mouse_2,2025-09-02,,3,3,49,547.4224112033844,Miss,,0,0,Tuesday
mouse_2,2025-09-02,,3,3,50,559.3780086040497,Miss,,0,0,Tuesday
mouse_2,2025-09-02,,3,3,51,570.8282625675201,Hit,1.6407009040102594,0,39,Tuesday
mouse_2,2025-09-02,,3,3,52,579.7803266048431,False Alarm,,1,14,Tuesday
mouse_2,2025-09-02,,3,3,53,589.9858756065369,False Alarm,,1,13,Tuesday
mouse_2,2025-09-02,,3,3,54,602.4463300704956,False Alarm,,1,15,Tuesday
mouse_2,2025-09-02,,3,3,55,616.4046864509583,False Alarm,,1,10,Tuesday
mouse_2,2025-09-02,,3,3,56,628.1143279075623,False Alarm,,1,5,Tuesday
mouse_2,2025-09-02,,3,3,57,640.0746698379517,Hit,0.08652686393361364,0,54,Tuesday
mouse_2,2025-09-02,,3,3,58,648.7874777317047,False Alarm,,1,27,Tuesday
mouse_2,2025-09-02,,3,3,59,658.9938209056854,Hit,0.5011624304640918,0,51,Tuesday
mouse_2,2025-09-02,,3,3,60,667.9571051597595,False Alarm,,1,22,Tuesday
mouse_2,2025-09-02,,3,3,61,678.1637251377106,Hit,0.7370993328228224,0,55,Tuesday
mouse_2,2025-09-02,,3,3,62,686.8672890663147,False Alarm,,1,31,Tuesday
mouse_2,2025-09-02,,3,3,63,697.0827085971832,False Alarm,,1,12,Tuesday
mouse_2,2025-09-02,,3,3,64,708.8030047416687,False Alarm,,1,10,Tuesday
mouse_2,2025-09-02,,3,3,65,721.7630548477173,False Alarm,,1,5,Tuesday
mouse_2,2025-09-02,,3,3,66,732.972802400589,False Alarm,,1,11,Tuesday
mouse_2,2025-09-02,,3,3,67,744.6828145980835,False Alarm,,1,12,Tuesday
mouse_2,2025-09-02,,3,3,68,755.6346294879913,False Alarm,,1,10,Tuesday
mouse_2,2025-09-02,,3,3,69,767.8426790237427,False Alarm,,1,5,Tuesday
mouse_2,2025-09-02,,3,3,70,778.5520026683807,False Alarm,,1,6,Tuesday
mouse_2,2025-09-02,,3,3,71,789.7635812759399,False Alarm,,1,9,Tuesday
mouse_2,2025-09-02,,3,3,72,804.4639751911163,Hit,1.3907449954560889,0,44,Tuesday
mouse_2,2025-09-02,,3,3,73,814.9165744781494,False Alarm,,1,14,Tuesday
mouse_2,2025-09-02,,3,3,74,825.1316905021667,Hit,1.2043106434709898,0,42,Tuesday
mouse_2,2025-09-02,,3,3,75,835.335070848465,False Alarm,,1,13,Tuesday
mouse_2,2025-09-02,,3,3,76,845.5411822795868,Miss,,0,2,Tuesday
mouse_2,2025-09-02,,3,3,77,856.7443027496338,Hit,0.5181087897506131,0,63,Tuesday
mouse_2,2025-09-02,,3,3,78,864.6924459934235,False Alarm,,1,41,Tuesday
mouse_2,2025-09-02,,3,3,79,874.9010186195374,False Alarm,,1,13,Tuesday
mouse_2,2025-09-02,,3,3,80,888.1210136413574,False Alarm,,1,12,Tuesday
mouse_2,2025-09-02,,3,3,81,900.3305335044861,False Alarm,,1,11,Tuesday
mouse_2,2025-09-02,,3,3,82,912.2873024940491,False Alarm,,1,5,Tuesday
mouse_2,2025-09-02,,3,3,83,923.990894317627,Hit,1.3871887919098072,0,35,Tuesday
mouse_2,2025-09-02,,3,3,84,932.4451379776001,False Alarm,,1,5,Tuesday
mouse_2,2025-09-02,,3,3,85,942.6433582305908,Hit,1.04733501966507,0,29,Tuesday
mouse_2,2025-09-02,,3,3,86,952.0945820808411,Miss,,0,0,Tuesday
mouse_2,2025-09-02,,3,3,87,962.792955160141,Hit,1.4544027081943796,0,32,Tuesday
mouse_2,2025-09-02,,3,3,88,973.0041272640228,False Alarm,,1,6,Tuesday
mouse_2,2025-09-02,,3,3,89,983.2044339179993,False Alarm,,1,4,Tuesday
mouse_2,2025-09-02,,3,3,90,997.1595268249512,Hit,0.19423705363578847,0,30,Tuesday
mouse_2,2025-09-02,,3,3,91,1006.1226365566254,Hit,1.3907059164495195,0,34,Tuesday
mouse_2,2025-09-02,,3,3,92,1015.5656890869141,False Alarm,,1,4,Tuesday
mouse_2,2025-09-02,,3,3,93,1025.7693829536438,Hit,1.4001132100636369,0,35,Tuesday
mouse_2,2025-09-02,,3,3,94,1035.9829497337341,False Alarm,,1,9,Tuesday
mouse_2,2025-09-02,,3,3,95,1046.190188407898,False Alarm,,1,9,Tuesday
mouse_2,2025-09-02,,3,3,96,1059.8928382396698,False Alarm,,1,9,Tuesday
mouse_2,2025-09-02,,3,3,97,1073.6025042533875,False Alarm,,1,3,Tuesday
mouse_2,2025-09-02,,3,3,98,1085.0628237724304,Hit,2.1769598232917815,0,31,Tuesday
mouse_2,2025-09-02,,3,3,99,1096.020679950714,False Alarm,,1,2,Tuesday
mouse_2,2025-09-02,,3,3,100,1106.219638824463,Hit,0.4847871460619899,0,47,Tuesday
mouse_2,2025-09-02,,3,3,101,1115.6728551387787,False Alarm,,1,16,Tuesday
mouse_2,2025-09-02,,3,3,102,1125.879369020462,Hit,0.3321598275715587,0,37,Tuesday
mouse_2,2025-09-02,,3,3,103,1134.0824921131134,False Alarm,,1,12,Tuesday
mouse_2,2025-09-02,,3,3,104,1144.289448261261,False Alarm,,1,5,Tuesday
mouse_2,2025-09-02,,3,3,105,1158.2496690750122,Hit,0.9125277381151591,0,43,Tuesday
mouse_2,2025-09-02,,3,3,106,1166.7026133537292,False Alarm,,1,17,Tuesday
mouse_2,2025-09-02,,3,3,107,1176.9090049266815,False Alarm,,1,5,Tuesday
mouse_2,2025-09-02,,3,3,108,1188.8687348365784,Hit,2.563785585733285,0,28,Tuesday
mouse_2,2025-09-02,,3,3,109,1199.8221888542175,Hit,0.32937333067548025,0,32,Tuesday
mouse_2,2025-09-02,,3,3,110,1208.5195088386536,False Alarm,,1,10,Tuesday
mouse_2,2025-09-02,,3,3,111,1218.7281489372253,False Alarm,,1,8,Tuesday
mouse_2,2025-09-02,,3,3,112,1230.1886389255524,False Alarm,,1,10,Tuesday
mouse_2,2025-09-02,,3,3,113,1243.4083123207092,False Alarm,,1,8,Tuesday
mouse_2,2025-09-02,,3,3,114,1254.859474182129,False Alarm,,1,9,Tuesday
mouse_2,2025-09-02,,3,3,115,1268.0678689479828,False Alarm,,1,11,Tuesday
mouse_2,2025-09-02,,3,3,116,1279.5390708446503,Hit,0.36155927339768823,0,27,Tuesday
mouse_2,2025-09-02,,3,3,117,1287.2420616149902,False Alarm,,1,5,Tuesday
mouse_2,2025-09-02,,3,3,118,1298.1982419490814,False Alarm,,1,4,Tuesday
mouse_2,2025-09-02,,3,3,119,1310.4002826213837,False Alarm,,1,8,Tuesday
mouse_2,2025-09-02,,3,3,120,1322.1076090335846,Hit,0.10625104369569272,0,47,Tuesday
mouse_2,2025-09-02,,3,3,121,1329.8208003044128,False Alarm,,1,29,Tuesday
mouse_2,2025-09-02,,3,3,122,1340.0275917053223,False Alarm,,1,15,Tuesday
mouse_2,2025-09-02,,3,3,123,1353.987472295761,Miss,,0,0,Tuesday
mouse_2,2025-09-02,,3,3,124,1364.6916880607605,Hit,2.6064927972449823,0,35,Tuesday
mouse_2,2025-09-02,,3,3,125,1374.8899893760681,False Alarm,,1,12,Tuesday
mouse_2,2025-09-02,,3,3,126,1385.1069829463959,False Alarm,,1,14,Tuesday
mouse_2,2025-09-02,,3,3,127,1396.5630633831024,False Alarm,,1,6,Tuesday
mouse_2,2025-09-02,,3,3,128,1409.5264117717743,Hit,1.7560201917049199,0,42,Tuesday
mouse_2,2025-09-02,,3,3,129,1418.9777364730835,False Alarm,,1,13,Tuesday
mouse_2,2025-09-02,,3,3,130,1429.1765768527985,False Alarm,,1,8,Tuesday
mouse_2,2025-09-02,,3,3,131,1441.3862872123718,False Alarm,,1,9,Tuesday
mouse_2,2025-09-02,,3,3,132,1452.5888369083405,False Alarm,,1,3,Tuesday
mouse_2,2025-09-02,,3,3,133,1465.046548128128,Hit,0.5326041887487918,0,37,Tuesday
mouse_2,2025-09-02,,3,3,134,1473.4985716342926,False Alarm,,1,11,Tuesday
mouse_2,2025-09-02,,3,3,135,1483.6964111328125,False Alarm,,1,5,Tuesday
mouse_2,2025-09-02,,3,3,136,1494.900840997696,Hit,1.0698062703943378,0,31,Tuesday
mouse_2,2025-09-02,,3,3,137,1504.1092121601105,Hit,0.5957013855152127,0,25,Tuesday
mouse_2,2025-09-02,,3,3,138,1512.059760093689,Hit,0.8256043421304184,0,27,Tuesday
mouse_2,2025-09-02,,3,3,139,1521.76922082901,Miss,,0,0,Tuesday
mouse_2,2025-09-02,,3,3,140,1532.7197198867798,Hit,0.20529154433279473,0,33,Tuesday
mouse_2,2025-09-02,,3,3,141,1540.9296708106995,False Alarm,,1,4,Tuesday
mouse_2,2025-09-02,,3,3,142,1551.1350946426392,Miss,,0,2,Tuesday
mouse_2,2025-09-02,,3,3,143,1562.338559627533,False Alarm,,1,9,Tuesday
mouse_2,2025-09-02,,3,3,144,1574.7868928909302,False Alarm,,1,12,Tuesday
mouse_2,2025-09-02,,3,3,145,1586.2428801059723,False Alarm,,1,9,Tuesday
mouse_2,2025-09-02,,3,3,146,1598.9386332035065,False Alarm,,1,9,Tuesday
mouse_2,2025-09-02,,3,3,147,1610.8947961330414,False Alarm,,1,8,Tuesday
mouse_2,2025-09-02,,3,3,148,1622.614912033081,False Alarm,,1,7,Tuesday
mouse_2,2025-09-02,,3,3,149,1633.5751235485077,False Alarm,,1,8,Tuesday
mouse_2,2025-09-02,,3,3,150,1645.0447838306427,False Alarm,,1,7,Tuesday
mouse_2,2025-09-02,,3,3,151,1656.0143055915833,False Alarm,,1,6,Tuesday
mouse_2,2025-09-02,,3,3,152,1667.9731838703156,False Alarm,,1,3,Tuesday
mouse_2,2025-09-02,,3,3,153,1681.4442327022552,Hit,0.9766722716560707,0,42,Tuesday
mouse_2,2025-09-02,,3,3,154,1690.4080884456635,False Alarm,,1,16,Tuesday
mouse_2,2025-09-02,,3,3,155,1700.614060163498,False Alarm,,1,5,Tuesday
mouse_2,2025-09-02,,3,3,156,1712.5733652114868,False Alarm,,1,5,Tuesday
mouse_2,2025-09-02,,3,3,157,1725.7828586101532,False Alarm,,1,7,Tuesday
mouse_2,2025-09-02,,3,3,158,1737.242904663086,False Alarm,,1,4,Tuesday
mouse_2,2025-09-02,,3,3,159,1748.2043325901031,Miss,,0,0,Tuesday
mouse_2,2025-09-02,,3,3,160,1759.6670534610748,False Alarm,,1,8,Tuesday
mouse_2,2025-09-02,,3,3,161,1775.1232767105103,Hit,0.7223092537897173,0,28,Tuesday
mouse_2,2025-09-02,,3,3,162,1783.0862832069397,Hit (Calc),2.872360782615033,0,1,Tuesday
mouse_2,2025-09-02,,3,3,163,1794.2960698604584,Hit (Calc),1.5598446744327248,0,1,Tuesday
mouse_2,2025-09-04,,3,4,1,0.3889436721801758,Hit,1.3216000729981197,0,17,Thursday
mouse_2,2025-09-04,,3,4,2,10.338693141937256,Hit,1.4795700703033887,0,28,Thursday
mouse_2,2025-09-04,,3,4,3,19.79833745956421,Hit,1.7705355423636604,0,22,Thursday
mouse_2,2025-09-04,,3,4,4,29.509162664413452,Hit,1.6637534977686101,0,25,Thursday
mouse_2,2025-09-04,,3,4,5,39.459213972091675,Hit,1.4428535420200959,0,23,Thursday
mouse_2,2025-09-04,,3,4,6,49.66984558105469,Miss,,0,7,Thursday
mouse_2,2025-09-04,,3,4,7,60.87905263900757,False Alarm,,1,9,Thursday
mouse_2,2025-09-04,,3,4,8,74.84458684921265,False Alarm,,1,4,Thursday
mouse_2,2025-09-04,,3,4,9,87.05510020256042,False Alarm,,1,2,Thursday
mouse_2,2025-09-04,,3,4,10,99.51937580108643,Hit,2.5845142814367534,0,47,Thursday
mouse_2,2025-09-04,,3,4,11,110.21840453147888,False Alarm,,1,18,Thursday
mouse_2,2025-09-04,,3,4,12,120.41539716720581,Hit,1.9232906178046676,0,44,Thursday
mouse_2,2025-09-04,,3,4,13,129.86881637573242,False Alarm,,1,21,Thursday
mouse_2,2025-09-04,,3,4,14,140.07436561584473,False Alarm,,1,8,Thursday
mouse_2,2025-09-04,,3,4,15,154.5346086025238,False Alarm,,1,4,Thursday
mouse_2,2025-09-04,,3,4,16,165.9943642616272,Hit,0.11065620630600392,0,36,Thursday
mouse_2,2025-09-04,,3,4,17,174.7083764076233,False Alarm,,1,17,Thursday
mouse_2,2025-09-04,,3,4,18,185.91591262817383,False Alarm,,1,6,Thursday
mouse_2,2025-09-04,,3,4,19,197.1191909313202,Hit,0.07824603634838923,0,23,Thursday
mouse_2,2025-09-04,,3,4,20,206.07732152938843,Hit,0.3922340859712392,0,17,Thursday
mouse_2,2025-09-04,,3,4,21,214.27872824668884,Hit,0.9053216517135922,0,41,Thursday
mouse_2,2025-09-04,,3,4,22,222.72889924049377,False Alarm,,1,19,Thursday
mouse_2,2025-09-04,,3,4,23,232.9393322467804,False Alarm,,1,9,Thursday
mouse_2,2025-09-04,,3,4,24,244.90370225906372,False Alarm,,1,7,Thursday
mouse_2,2025-09-04,,3,4,25,256.36406087875366,False Alarm,,1,3,Thursday
mouse_2,2025-09-04,,3,4,26,268.57358956336975,Hit,0.96471930916357,0,20,Thursday
mouse_2,2025-09-04,,3,4,27,276.7770252227783,False Alarm,,1,11,Thursday
mouse_2,2025-09-04,,3,4,28,288.4737732410431,False Alarm,,1,13,Thursday
mouse_2,2025-09-04,,3,4,29,301.44366812705994,False Alarm,,1,12,Thursday
mouse_2,2025-09-04,,3,4,30,312.4091954231262,False Alarm,,1,9,Thursday
mouse_2,2025-09-04,,3,4,31,326.6130692958832,False Alarm,,1,5,Thursday
mouse_2,2025-09-04,,3,4,32,339.3235306739807,False Alarm,,1,5,Thursday
mouse_2,2025-09-04,,3,4,33,349.7827260494232,False Alarm,,1,6,Thursday
mouse_2,2025-09-04,,3,4,34,363.49425745010376,False Alarm,,1,4,Thursday
mouse_2,2025-09-04,,3,4,35,375.6967120170593,False Alarm,,1,2,Thursday
mouse_2,2025-09-04,,3,4,36,386.6529498100281,Hit,0.7509975930285009,0,40,Thursday
mouse_2,2025-09-04,,3,4,37,396.36635398864746,False Alarm,,1,16,Thursday
mouse_2,2025-09-04,,3,4,38,406.57248735427856,False Alarm,,1,8,Thursday
mouse_2,2025-09-04,,3,4,39,420.03412795066833,False Alarm,,1,4,Thursday
mouse_2,2025-09-04,,3,4,40,431.4938871860504,False Alarm,,1,2,Thursday
mouse_2,2025-09-04,,3,4,41,445.7093241214752,Hit,1.3364757272688053,0,36,Thursday
mouse_2,2025-09-04,,3,4,42,454.65572452545166,False Alarm,,1,6,Thursday
mouse_2,2025-09-04,,3,4,43,464.86224484443665,Miss,,0,3,Thursday
mouse_2,2025-09-04,,3,4,44,475.3273561000824,False Alarm,,1,5,Thursday
mouse_2,2025-09-04,,3,4,45,485.53247594833374,False Alarm,,1,3,Thursday
mouse_2,2025-09-04,,3,4,46,497.4929008483887,Hit,0.8876099538433095,0,36,Thursday
mouse_2,2025-09-04,,3,4,47,507.2061324119568,False Alarm,,1,7,Thursday
mouse_2,2025-09-04,,3,4,48,517.4048337936401,False Alarm,,1,6,Thursday
mouse_2,2025-09-04,,3,4,49,529.3667099475861,False Alarm,,1,6,Thursday
mouse_2,2025-09-04,,3,4,50,541.0723114013672,False Alarm,,1,8,Thursday
mouse_2,2025-09-04,,3,4,51,552.2824976444244,False Alarm,,1,9,Thursday
mouse_2,2025-09-04,,3,4,52,563.739235162735,False Alarm,,1,5,Thursday
mouse_2,2025-09-04,,3,4,53,575.4516642093658,False Alarm,,1,5,Thursday
mouse_2,2025-09-04,,3,4,54,589.1623117923737,False Alarm,,1,5,Thursday
mouse_2,2025-09-04,,3,4,55,600.6217865943909,False Alarm,,1,5,Thursday
mouse_2,2025-09-04,,3,4,56,611.3376400470734,False Alarm,,1,8,Thursday
mouse_2,2025-09-04,,3,4,57,624.2944715023041,Hit,0.19442398203034372,0,35,Thursday
mouse_2,2025-09-04,,3,4,58,632.0036342144012,False Alarm,,1,12,Thursday
mouse_2,2025-09-04,,3,4,59,645.9724659919739,False Alarm,,1,5,Thursday
mouse_2,2025-09-04,,3,4,60,659.18172955513,False Alarm,,1,5,Thursday
mouse_2,2025-09-04,,3,4,61,670.1415724754333,False Alarm,,1,6,Thursday
mouse_2,2025-09-04,,3,4,62,681.3518495559692,False Alarm,,1,7,Thursday
mouse_2,2025-09-04,,3,4,63,692.5542314052582,False Alarm,,1,8,Thursday
mouse_2,2025-09-04,,3,4,64,706.761559009552,False Alarm,,1,8,Thursday
mouse_2,2025-09-04,,3,4,65,718.7148377895355,False Alarm,,1,5,Thursday
mouse_2,2025-09-04,,3,4,66,732.9208183288574,False Alarm,,1,1,Thursday
mouse_2,2025-09-04,,3,4,67,745.1249763965607,Hit,0.8588918993276593,0,38,Thursday
mouse_2,2025-09-04,,3,4,68,755.083352804184,False Alarm,,1,20,Thursday
mouse_2,2025-09-04,,3,4,69,765.288147687912,False Alarm,,1,11,Thursday
mouse_2,2025-09-04,,3,4,70,775.4999914169312,False Alarm,,1,4,Thursday
mouse_2,2025-09-04,,3,4,71,786.9593102931976,False Alarm,,1,6,Thursday
mouse_2,2025-09-04,,3,4,72,799.1704249382019,Hit,0.07698291999008688,0,41,Thursday
mouse_2,2025-09-04,,3,4,73,807.8828890323639,False Alarm,,1,16,Thursday
mouse_2,2025-09-04,,3,4,74,818.0896871089935,False Alarm,,1,6,Thursday
mouse_2,2025-09-04,,3,4,75,830.2999093532562,False Alarm,,1,7,Thursday
mouse_2,2025-09-04,,3,4,76,841.0195281505585,False Alarm,,1,10,Thursday
mouse_2,2025-09-04,,3,4,77,852.9797985553741,False Alarm,,1,6,Thursday
mouse_2,2025-09-04,,3,4,78,864.4391524791718,Miss,,0,7,Thursday
mouse_2,2025-09-04,,3,4,79,876.1423885822296,Hit,0.34028856289739906,0,76,Thursday
mouse_2,2025-09-04,,3,4,80,885.3427090644836,False Alarm,,1,62,Thursday
mouse_2,2025-09-04,,3,4,81,895.5401782989502,False Alarm,,1,11,Thursday
mouse_2,2025-09-04,,3,4,82,911.2491643428802,False Alarm,,1,12,Thursday
mouse_2,2025-09-04,,3,4,83,924.958943605423,False Alarm,,1,13,Thursday
mouse_2,2025-09-04,,3,4,84,936.1690294742584,False Alarm,,1,5,Thursday
mouse_2,2025-09-04,,3,4,85,947.1191596984863,Hit,1.3716184304597618,0,76,Thursday
mouse_2,2025-09-04,,3,4,86,957.0720653533936,False Alarm,,1,53,Thursday
mouse_2,2025-09-04,,3,4,87,967.2882204055786,False Alarm,,1,7,Thursday
mouse_2,2025-09-04,,3,4,88,982.239483833313,Hit,1.5717813956996451,0,38,Thursday
mouse_2,2025-09-04,,3,4,89,991.9423468112946,False Alarm,,1,18,Thursday
mouse_2,2025-09-04,,3,4,90,1002.1492390632629,False Alarm,,1,11,Thursday
mouse_2,2025-09-04,,3,4,91,1015.1092827320099,False Alarm,,1,11,Thursday
mouse_2,2025-09-04,,3,4,92,1028.5694336891174,False Alarm,,1,9,Thursday
mouse_2,2025-09-04,,3,4,93,1042.5292327404022,Hit,2.049283762288951,0,60,Thursday
mouse_2,2025-09-04,,3,4,94,1052.992317199707,False Alarm,,1,32,Thursday
mouse_2,2025-09-04,,3,4,95,1063.1889262199402,False Alarm,,1,5,Thursday
mouse_2,2025-09-04,,3,4,96,1076.6590077877045,Hit,0.26854617353660615,0,26,Thursday
mouse_2,2025-09-04,,3,4,97,1084.6132135391235,Hit,1.868271090008875,0,72,Thursday
mouse_2,2025-09-04,,3,4,98,1095.0605573654175,False Alarm,,1,50,Thursday
mouse_2,2025-09-04,,3,4,99,1105.2586925029755,False Alarm,,1,8,Thursday
mouse_2,2025-09-04,,3,4,100,1117.7091310024261,False Alarm,,1,3,Thursday
mouse_2,2025-09-04,,3,4,101,1129.9182794094086,Hit,1.1719986261464328,0,28,Thursday
mouse_2,2025-09-04,,3,4,102,1139.8716266155243,Hit,0.8410436637379917,0,74,Thursday
mouse_2,2025-09-04,,3,4,103,1149.3289551734924,False Alarm,,1,58,Thursday
mouse_2,2025-09-04,,3,4,104,1159.537977695465,False Alarm,,1,11,Thursday
mouse_2,2025-09-04,,3,4,105,1173.49960398674,False Alarm,,1,15,Thursday
mouse_2,2025-09-04,,3,4,106,1185.9680137634277,False Alarm,,1,15,Thursday
mouse_2,2025-09-04,,3,4,107,1198.6872446537018,False Alarm,,1,6,Thursday
mouse_2,2025-09-04,,3,4,108,1209.397391796112,False Alarm,,1,3,Thursday
mouse_2,2025-09-04,,3,4,109,1221.357522726059,False Alarm,,1,14,Thursday
mouse_2,2025-09-04,,3,4,110,1236.8167502880096,False Alarm,,1,3,Thursday
mouse_2,2025-09-04,,3,4,111,1248.279250383377,Hit,0.8686636600489237,0,73,Thursday
mouse_2,2025-09-04,,3,4,112,1256.7389616966248,False Alarm,,1,47,Thursday
mouse_2,2025-09-04,,3,4,113,1266.9470167160034,False Alarm,,1,3,Thursday
mouse_2,2025-09-04,,3,4,114,1279.9006702899933,False Alarm,,1,11,Thursday
mouse_2,2025-09-04,,3,4,115,1295.605293750763,False Alarm,,1,6,Thursday
mouse_2,2025-09-04,,3,4,116,1309.8266639709473,False Alarm,,1,2,Thursday
mouse_2,2025-09-04,,3,4,117,1323.2984297275543,Hit,1.2776286409825843,0,65,Thursday
mouse_2,2025-09-04,,3,4,118,1332.250248670578,False Alarm,,1,34,Thursday
mouse_2,2025-09-04,,3,4,119,1342.4592933654785,Miss,,0,2,Thursday
mouse_2,2025-09-04,,3,4,120,1353.4195189476013,False Alarm,,1,2,Thursday
mouse_2,2025-09-04,,3,4,121,1367.1261975765228,False Alarm,,1,6,Thursday
mouse_2,2025-09-04,,3,4,122,1382.5824949741364,Hit,0.3264537384029609,0,30,Thursday
mouse_2,2025-09-04,,3,4,123,1391.0298025608063,Hit,1.8829507869011195,0,62,Thursday
mouse_2,2025-09-04,,3,4,124,1401.9796810150146,False Alarm,,1,31,Thursday
mouse_2,2025-09-04,,3,4,125,1412.1857738494873,Hit,0.1109093618388215,0,53,Thursday
mouse_2,2025-09-04,,3,4,126,1420.6394155025482,False Alarm,,1,24,Thursday
mouse_2,2025-09-04,,3,4,127,1430.8356618881226,Miss,,0,2,Thursday
mouse_2,2025-09-04,,3,4,128,1442.2982103824615,False Alarm,,1,5,Thursday
mouse_2,2025-09-04,,3,4,129,1452.7565627098083,False Alarm,,1,7,Thursday
mouse_2,2025-09-04,,3,4,130,1466.475445985794,False Alarm,,1,4,Thursday
mouse_2,2025-09-04,,3,4,131,1478.1853713989258,Hit,1.1456789453065994,0,54,Thursday
mouse_2,2025-09-04,,3,4,132,1486.8987987041473,False Alarm,,1,27,Thursday
mouse_2,2025-09-04,,3,4,133,1497.0952105522156,False Alarm,,1,2,Thursday
mouse_2,2025-09-04,,3,4,134,1508.8051190376282,Miss,,0,4,Thursday
mouse_2,2025-09-04,,3,4,135,1520.5078625679016,False Alarm,,1,9,Thursday
mouse_2,2025-09-04,,3,4,136,1533.714672088623,False Alarm,,1,5,Thursday
mouse_2,2025-09-04,,3,4,137,1546.174572467804,False Alarm,,1,10,Thursday
mouse_2,2025-09-04,,3,4,138,1564.8853244781494,Hit,1.1548383913166163,0,57,Thursday
mouse_2,2025-09-04,,3,4,139,1574.3356659412384,False Alarm,,1,27,Thursday
mouse_2,2025-09-04,,3,4,140,1584.5343687534332,Hit,0.5725353692741919,0,46,Thursday
mouse_2,2025-09-04,,3,4,141,1592.498971939087,False Alarm,,1,16,Thursday
mouse_2,2025-09-04,,3,4,142,1602.6992609500885,Miss,,0,0,Thursday
mouse_2,2025-09-04,,3,4,143,1614.6472418308258,Hit,0.12237256352341319,0,8,Thursday
mouse_2,2025-09-04,,3,4,144,1623.3570628166199,Hit,1.563555892488921,0,60,Thursday
mouse_2,2025-09-04,,3,4,145,1633.0576150417328,False Alarm,,1,32,Thursday
mouse_2,2025-09-04,,3,4,146,1643.2636246681213,False Alarm,,1,4,Thursday
mouse_2,2025-09-04,,3,4,147,1655.4739062786102,Hit,0.9632275221026703,0,42,Thursday
mouse_2,2025-09-04,,3,4,148,1664.9268519878387,False Alarm,,1,11,Thursday
mouse_2,2025-09-04,,3,4,149,1675.1233732700348,Hit,0.8217798856080663,0,67,Thursday
mouse_2,2025-09-04,,3,4,150,1684.0870687961578,False Alarm,,1,40,Thursday
mouse_2,2025-09-04,,3,4,151,1694.276157617569,False Alarm,,1,4,Thursday
mouse_2,2025-09-04,,3,4,152,1705.4677782058716,Hit,0.9361798699719657,0,24,Thursday
mouse_2,2025-09-04,,3,4,153,1714.166750907898,Hit,1.0812575401430422,0,45,Thursday
mouse_2,2025-09-04,,3,4,154,1723.8664321899414,False Alarm,,1,14,Thursday
mouse_2,2025-09-04,,3,4,155,1734.0735800266266,Miss,,0,4,Thursday
mouse_2,2025-09-04,,3,4,156,1745.5362491607666,Miss,,0,6,Thursday
mouse_2,2025-09-04,,3,4,157,1756.485873222351,False Alarm,,1,3,Thursday
mouse_2,2025-09-04,,3,4,158,1770.443294763565,Hit,0.9810750222359275,0,29,Thursday
mouse_2,2025-09-04,,3,4,159,1780.1556646823883,False Alarm,,1,8,Thursday
mouse_2,2025-09-04,,3,4,160,1794.1028740406036,False Alarm,,1,6,Thursday
mouse_2,2025-09-04,,3,4,161,1805.815170764923,Miss,,0,0,Thursday
mouse_2,2025-09-05,1500.0,0,-1,-1,,No Trial,,0,0,Friday
mouse_2,2025-09-06,1500.0,0,-1,-1,,No Trial,,0,0,Saturday
mouse_2,2025-09-07,798.0,3,5,1,0.3638420104980469,Hit,0.08045767973524232,0,24,Sunday
mouse_2,2025-09-07,798.0,3,5,2,9.059038162231445,Hit,2.5884355007127713,0,59,Sunday
mouse_2,2025-09-07,798.0,3,5,3,19.25911545753479,False Alarm,,1,31,Sunday
mouse_2,2025-09-07,798.0,3,5,4,29.474526166915894,Hit,0.4185493227110868,0,27,Sunday
mouse_2,2025-09-07,798.0,3,5,5,37.687989234924316,Hit,1.492377724042413,0,53,Sunday
mouse_2,2025-09-07,798.0,3,5,6,48.149009704589844,False Alarm,,1,32,Sunday
mouse_2,2025-09-07,798.0,3,5,7,58.35452723503113,False Alarm,,1,5,Sunday
mouse_2,2025-09-07,798.0,3,5,8,70.0645501613617,Hit,0.060612936368272585,0,30,Sunday
mouse_2,2025-09-07,798.0,3,5,9,78.5197696685791,False Alarm,,1,22,Sunday
mouse_2,2025-09-07,798.0,3,5,10,88.71869921684265,False Alarm,,1,30,Sunday
mouse_2,2025-09-07,798.0,3,5,11,98.92437434196472,False Alarm,,1,22,Sunday
mouse_2,2025-09-07,798.0,3,5,12,113.13455319404602,Hit,0.6073661891058606,0,41,Sunday
mouse_2,2025-09-07,798.0,3,5,13,122.09714865684509,False Alarm,,1,21,Sunday
mouse_2,2025-09-07,798.0,3,5,14,132.30423831939697,False Alarm,,1,13,Sunday
mouse_2,2025-09-07,798.0,3,5,15,144.50597047805786,False Alarm,,1,19,Sunday
mouse_2,2025-09-07,798.0,3,5,16,155.20586323738098,False Alarm,,1,24,Sunday
mouse_2,2025-09-07,798.0,3,5,17,166.6637580394745,False Alarm,,1,8,Sunday
mouse_2,2025-09-07,798.0,3,5,18,179.87827801704407,Hit,1.7460817903003942,0,72,Sunday
mouse_2,2025-09-07,798.0,3,5,19,190.325443983078,False Alarm,,1,51,Sunday
mouse_2,2025-09-07,798.0,3,5,20,200.5337677001953,False Alarm,,1,3,Sunday
mouse_2,2025-09-07,798.0,3,5,21,212.2458348274231,Hit,0.9281669064557434,0,44,Sunday
mouse_2,2025-09-07,798.0,3,5,22,220.94763207435608,False Alarm,,1,16,Sunday
mouse_2,2025-09-07,798.0,3,5,23,231.15340161323547,Hit,1.7415880021125076,0,36,Sunday
mouse_2,2025-09-07,798.0,3,5,24,240.60599637031555,False Alarm,,1,11,Sunday
mouse_2,2025-09-07,798.0,3,5,25,250.81375980377197,Hit,1.119789774645426,0,41,Sunday
mouse_2,2025-09-07,798.0,3,5,26,260.51768469810486,False Alarm,,1,18,Sunday
mouse_2,2025-09-07,798.0,3,5,27,270.715744972229,False Alarm,,1,14,Sunday
mouse_2,2025-09-07,798.0,3,5,28,284.1656548976898,False Alarm,,1,9,Sunday
mouse_2,2025-09-07,798.0,3,5,29,297.633802652359,False Alarm,,1,5,Sunday
mouse_2,2025-09-07,798.0,3,5,30,309.0939259529114,False Alarm,,1,7,Sunday
mouse_2,2025-09-07,798.0,3,5,31,320.81376361846924,False Alarm,,1,7,Sunday
mouse_2,2025-09-07,798.0,3,5,32,331.7837462425232,False Alarm,,1,8,Sunday
mouse_2,2025-09-07,798.0,3,5,33,343.2442388534546,False Alarm,,1,3,Sunday
mouse_2,2025-09-07,798.0,3,5,34,357.20602536201477,Hit,1.3157945693439501,0,31,Sunday
mouse_2,2025-09-07,798.0,3,5,35,367.65475487709045,False Alarm,,1,1,Sunday
mouse_2,2025-09-07,798.0,3,5,36,377.8557643890381,Hit,0.34366810813321536,0,60,Sunday
mouse_2,2025-09-07,798.0,3,5,37,386.31556129455566,False Alarm,,1,32,Sunday
mouse_2,2025-09-07,798.0,3,5,38,396.5233428478241,False Alarm,,1,2,Sunday
mouse_2,2025-09-07,798.0,3,5,39,408.2437210083008,False Alarm,,1,16,Sunday
mouse_2,2025-09-07,798.0,3,5,40,423.7035539150238,False Alarm,,1,2,Sunday
mouse_2,2025-09-07,798.0,3,5,41,435.9133634567261,Hit,1.871957888722136,0,42,Sunday
mouse_2,2025-09-07,798.0,3,5,42,445.86712741851807,False Alarm,,1,18,Sunday
mouse_2,2025-09-07,798.0,3,5,43,456.073361158371,False Alarm,,1,13,Sunday
mouse_2,2025-09-07,798.0,3,5,44,467.0334966182709,False Alarm,,1,10,Sunday
mouse_2,2025-09-07,798.0,3,5,45,481.23569202423096,Miss,,0,0,Sunday
mouse_2,2025-09-07,798.0,3,5,46,491.6859407424927,Hit,0.16523414214805143,0,39,Sunday
mouse_2,2025-09-07,798.0,3,5,47,500.89543986320496,False Alarm,,1,18,Sunday
mouse_2,2025-09-07,798.0,3,5,48,511.10262727737427,False Alarm,,1,8,Sunday
mouse_2,2025-09-07,798.0,3,5,49,524.5557038784027,False Alarm,,1,11,Sunday
mouse_2,2025-09-07,798.0,3,5,50,540.2730236053467,Hit,0.08694145260130881,0,62,Sunday
mouse_2,2025-09-07,798.0,3,5,51,549.2355823516846,False Alarm,,1,35,Sunday
mouse_2,2025-09-07,798.0,3,5,52,559.4382622241974,False Alarm,,1,4,Sunday
mouse_2,2025-09-07,798.0,3,5,53,570.8857226371765,False Alarm,,1,7,Sunday
mouse_2,2025-09-07,798.0,3,5,54,583.6030385494232,Hit,0.07864758903986058,0,46,Sunday
mouse_2,2025-09-07,798.0,3,5,55,591.3055145740509,False Alarm,,1,27,Sunday
mouse_2,2025-09-07,798.0,3,5,56,601.5122089385986,False Alarm,,1,13,Sunday
mouse_2,2025-09-07,798.0,3,5,57,613.463457107544,False Alarm,,1,6,Sunday
mouse_2,2025-09-07,798.0,3,5,58,625.1669163703918,Hit,2.1268210920401316,0,74,Sunday
mouse_2,2025-09-07,798.0,3,5,59,634.615421295166,False Alarm,,1,48,Sunday
mouse_2,2025-09-07,798.0,3,5,60,644.8155705928802,False Alarm,,1,8,Sunday
mouse_2,2025-09-07,798.0,3,5,61,655.7821612358093,False Alarm,,1,7,Sunday
mouse_2,2025-09-07,798.0,3,5,62,669.7395763397217,False Alarm,,1,3,Sunday
mouse_2,2025-09-07,798.0,3,5,63,684.1992318630219,Hit,0.8103729314923385,0,54,Sunday
mouse_2,2025-09-07,798.0,3,5,64,693.4042847156525,False Alarm,,1,27,Sunday
mouse_2,2025-09-07,798.0,3,5,65,703.611184835434,False Alarm,,1,14,Sunday
mouse_2,2025-09-07,798.0,3,5,66,718.5652649402618,False Alarm,,1,5,Sunday
mouse_2,2025-09-07,798.0,3,5,67,729.5310001373291,False Alarm,,1,1,Sunday
mouse_2,2025-09-07,798.0,3,5,68,740.4989447593689,Hit,1.0381110732938623,0,41,Sunday
mouse_2,2025-09-07,798.0,3,5,69,750.2147250175476,False Alarm,,1,12,Sunday
mouse_2,2025-09-07,798.0,3,5,70,760.4206137657166,Hit,2.390091593727334,0,58,Sunday
mouse_2,2025-09-07,798.0,3,5,71,770.8742504119873,False Alarm,,1,30,Sunday
mouse_2,2025-09-07,798.0,3,5,72,781.0857622623444,False Alarm,,1,2,Sunday
mouse_2,2025-09-07,798.0,3,5,73,793.3006346225739,Hit,0.20174901689972558,0,23,Sunday
mouse_2,2025-09-07,798.0,3,5,74,801.9951946735382,Miss,,0,3,Sunday
mouse_2,2025-09-07,798.0,3,5,75,813.4454400539398,False Alarm,,1,8,Sunday
mouse_2,2025-09-07,798.0,3,5,76,824.9056127071381,False Alarm,,1,10,Sunday
mouse_2,2025-09-07,798.0,3,5,77,836.6110334396362,False Alarm,,1,12,Sunday
mouse_2,2025-09-07,798.0,3,5,78,847.8229887485504,False Alarm,,1,13,Sunday
mouse_2,2025-09-07,798.0,3,5,79,860.0309419631958,False Alarm,,1,17,Sunday
mouse_2,2025-09-07,798.0,3,5,80,872.4918656349182,False Alarm,,1,16,Sunday
mouse_2,2025-09-07,798.0,3,5,81,885.7014813423157,False Alarm,,1,11,Sunday
mouse_2,2025-09-07,798.0,3,5,82,898.9011788368225,False Alarm,,1,14,Sunday
mouse_2,2025-09-07,798.0,3,5,83,909.3601911067963,False Alarm,,1,9,Sunday
mouse_2,2025-09-07,798.0,3,5,84,922.5667948722839,Hit,1.5682193060157488,0,66,Sunday
mouse_2,2025-09-07,798.0,3,5,85,932.5237729549408,False Alarm,,1,37,Sunday
mouse_2,2025-09-07,798.0,3,5,86,942.7210540771484,Hit,1.5666590776507974,0,58,Sunday
mouse_2,2025-09-07,798.0,3,5,87,952.4328134059906,False Alarm,,1,38,Sunday
mouse_2,2025-09-07,798.0,3,5,88,962.6357102394104,False Alarm,,1,18,Sunday
mouse_2,2025-09-07,798.0,3,5,89,974.0856285095215,False Alarm,,1,13,Sunday
mouse_2,2025-09-07,798.0,3,5,90,988.2899959087372,Hit,0.21489052965500832,0,55,Sunday
mouse_2,2025-09-07,798.0,3,5,91,996.992828130722,False Alarm,,1,25,Sunday
mouse_2,2025-09-07,798.0,3,5,92,1007.2008965015411,Hit,1.4662910167249947,0,33,Sunday
mouse_2,2025-09-07,798.0,3,5,93,1016.9028794765472,False Alarm,,1,7,Sunday
mouse_2,2025-09-07,798.0,3,5,94,1027.1095957756042,False Alarm,,1,15,Sunday
mouse_2,2025-09-07,798.0,3,5,95,1038.3116018772125,False Alarm,,1,7,Sunday
mouse_2,2025-09-07,798.0,3,5,96,1053.0190114974976,Hit,0.6964776423242256,0,57,Sunday
mouse_2,2025-09-07,798.0,3,5,97,1061.4721529483795,False Alarm,,1,33,Sunday
mouse_2,2025-09-07,798.0,3,5,98,1071.67919921875,False Alarm,,1,18,Sunday
mouse_2,2025-09-07,798.0,3,5,99,1085.8989703655243,False Alarm,,1,13,Sunday
mouse_2,2025-09-07,798.0,3,5,100,1097.615719795227,False Alarm,,1,13,Sunday
mouse_2,2025-09-07,798.0,3,5,101,1111.8183867931366,False Alarm,,1,16,Sunday
mouse_2,2025-09-07,798.0,3,5,102,1125.268717288971,False Alarm,,1,10,Sunday
mouse_2,2025-09-07,798.0,3,5,103,1135.7155582904816,False Alarm,,1,10,Sunday
mouse_2,2025-09-07,798.0,3,5,104,1146.9261152744293,False Alarm,,1,8,Sunday
mouse_2,2025-09-07,798.0,3,5,105,1159.1286635398865,False Alarm,,1,5,Sunday
mouse_2,2025-09-07,798.0,3,5,106,1170.0956053733826,False Alarm,,1,2,Sunday
mouse_2,2025-09-07,798.0,3,5,107,1182.0487248897552,Miss,,0,0,Sunday
mouse_2,2025-09-07,798.0,3,5,108,1192.2615878582,Hit,1.0353926870520809,0,59,Sunday
mouse_2,2025-09-07,798.0,3,5,109,1202.2113308906555,False Alarm,,1,39,Sunday
mouse_2,2025-09-07,798.0,3,5,110,1212.4078614711761,Hit,0.9060757022937196,0,42,Sunday
mouse_2,2025-09-07,798.0,3,5,111,1221.3615176677704,False Alarm,,1,13,Sunday
mouse_2,2025-09-07,798.0,3,5,112,1231.5779225826263,Hit,0.963699637558193,0,67,Sunday
mouse_2,2025-09-07,798.0,3,5,113,1240.0317685604095,False Alarm,,1,37,Sunday
mouse_2,2025-09-07,798.0,3,5,114,1250.237098455429,Miss,,0,4,Sunday
mouse_2,2025-09-07,798.0,3,5,115,1261.7008287906647,False Alarm,,1,4,Sunday
mouse_2,2025-09-07,798.0,3,5,116,1272.905767440796,Miss,,0,12,Sunday
mouse_2,2025-09-07,798.0,3,5,117,1284.3605823516846,False Alarm,,1,11,Sunday
mouse_2,2025-09-07,798.0,3,5,118,1296.8258402347565,False Alarm,,1,2,Sunday
mouse_2,2025-09-07,798.0,3,5,119,1309.0356163978577,Hit,1.3369240964625533,0,46,Sunday
mouse_2,2025-09-07,798.0,3,5,120,1319.2310168743134,False Alarm,,1,16,Sunday
mouse_2,2025-09-07,798.0,3,5,121,1329.4372715950012,False Alarm,,1,6,Sunday
mouse_2,2025-09-07,798.0,3,5,122,1344.897741317749,Hit,0.6053027975892746,0,23,Sunday
mouse_2,2025-09-07,798.0,3,5,123,1353.6019685268402,Hit,1.0868820709986267,0,40,Sunday
mouse_2,2025-09-07,798.0,3,5,124,1362.3114099502563,False Alarm,,1,18,Sunday
mouse_2,2025-09-07,798.0,3,5,125,1372.5083017349243,False Alarm,,1,9,Sunday
mouse_2,2025-09-07,798.0,3,5,126,1385.7278561592102,Hit,2.9466118556645142,0,48,Sunday
mouse_2,2025-09-07,798.0,3,5,127,1396.1815836429596,False Alarm,,1,25,Sunday
mouse_2,2025-09-07,798.0,3,5,128,1406.3877980709076,False Alarm,,1,6,Sunday
mouse_2,2025-09-07,798.0,3,5,129,1420.5947444438934,False Alarm,,1,1,Sunday
mouse_2,2025-09-07,798.0,3,5,130,1433.5579085350037,Hit,1.485939105609532,0,74,Sunday
mouse_2,2025-09-07,798.0,3,5,131,1442.5113129615784,False Alarm,,1,44,Sunday
mouse_2,2025-09-07,798.0,3,5,132,1452.7256090641022,Hit,1.3624808872921221,0,71,Sunday
mouse_2,2025-09-07,798.0,3,5,133,1461.9305233955383,False Alarm,,1,61,Sunday
mouse_2,2025-09-07,798.0,3,5,134,1472.1269755363464,False Alarm,,1,9,Sunday
mouse_2,2025-09-07,798.0,3,5,135,1485.3356590270996,False Alarm,,1,6,Sunday
mouse_2,2025-09-07,798.0,3,5,136,1498.0416734218597,False Alarm,,1,10,Sunday
mouse_2,2025-09-07,798.0,3,5,137,1513.5068228244781,Hit,1.6512816942702102,0,72,Sunday
mouse_2,2025-09-07,798.0,3,5,138,1523.4705798625946,False Alarm,,1,107,Sunday
mouse_2,2025-09-07,798.0,3,5,139,1533.6766338348389,False Alarm,,1,17,Sunday
mouse_2,2025-09-07,798.0,3,5,140,1543.8865945339203,Hit,2.5677097949608196,0,78,Sunday
mouse_2,2025-09-07,798.0,3,5,141,1554.599380493164,False Alarm,,1,61,Sunday
mouse_2,2025-09-07,798.0,3,5,142,1564.8062782287598,Hit,0.42405946849999054,0,76,Sunday
mouse_2,2025-09-07,798.0,3,5,143,1574.0099499225616,False Alarm,,1,111,Sunday
mouse_2,2025-09-07,798.0,3,5,144,1584.2158269882202,False Alarm,,1,21,Sunday
mouse_2,2025-09-07,798.0,3,5,145,1594.4265592098236,False Alarm,,1,1,Sunday
mouse_2,2025-09-07,798.0,3,5,146,1607.3871896266937,Hit,0.7357917435019772,0,77,Sunday
mouse_2,2025-09-07,798.0,3,5,147,1615.839572429657,False Alarm,,1,87,Sunday
mouse_2,2025-09-07,798.0,3,5,148,1626.0460257530212,False Alarm,,1,13,Sunday
mouse_2,2025-09-07,798.0,3,5,149,1637.0159900188446,False Alarm,,1,16,Sunday
mouse_2,2025-09-07,798.0,3,5,150,1648.4764399528503,False Alarm,,1,20,Sunday
mouse_2,2025-09-07,798.0,3,5,151,1662.9310066699982,False Alarm,,1,18,Sunday
mouse_2,2025-09-07,798.0,3,5,152,1676.3857884407043,False Alarm,,1,17,Sunday
mouse_2,2025-09-07,798.0,3,5,153,1687.8515062332153,False Alarm,,1,15,Sunday
mouse_2,2025-09-07,798.0,3,5,154,1699.8160202503204,False Alarm,,1,2,Sunday
mouse_2,2025-09-07,798.0,3,5,155,1711.7856740951538,Hit,2.501843214768087,0,45,Sunday
mouse_2,2025-09-07,798.0,3,5,156,1721.7366678714752,False Alarm,,1,14,Sunday
mouse_2,2025-09-07,798.0,3,5,157,1731.9446811676025,Miss,,0,4,Sunday
mouse_2,2025-09-07,798.0,3,5,158,1743.648030757904,Miss,,0,0,Sunday
mouse_2,2025-09-07,798.0,3,5,159,1755.5992405414581,Hit,1.6008983342239844,0,61,Sunday
mouse_2,2025-09-07,798.0,3,5,160,1764.2987167835236,False Alarm,,1,31,Sunday
mouse_2,2025-09-07,798.0,3,5,161,1774.5047132968903,Hit,0.4874854815063827,0,75,Sunday
mouse_2,2025-09-07,798.0,3,5,162,1783.9573299884796,False Alarm,,1,47,Sunday
mouse_2,2025-09-07,798.0,3,5,163,1794.1548130512238,Miss,,0,0,Sunday
mouse_2,2025-09-07,798.0,3,6,1,0.3626523017883301,Miss,,0,3,Sunday
mouse_2,2025-09-07,798.0,3,6,2,10.818281412124634,Hit,1.6701794498799902,0,52,Sunday
mouse_2,2025-09-07,798.0,3,6,3,19.770653247833252,False Alarm,,1,28,Sunday
mouse_2,2025-09-07,798.0,3,6,4,29.97092080116272,False Alarm,,1,5,Sunday
mouse_2,2025-09-07,798.0,3,6,5,43.686442375183105,Hit,0.8597659228694212,0,76,Sunday
mouse_2,2025-09-07,798.0,3,6,6,53.38978672027588,False Alarm,,1,59,Sunday
mouse_2,2025-09-07,798.0,3,6,7,63.606109380722046,Hit,0.5909730345639019,0,38,Sunday
mouse_2,2025-09-07,798.0,3,6,8,73.30989646911621,False Alarm,,1,16,Sunday
mouse_2,2025-09-07,798.0,3,6,9,83.52612566947937,False Alarm,,1,6,Sunday
mouse_2,2025-09-07,798.0,3,6,10,97.22848057746887,Hit,2.405757726329881,0,29,Sunday
mouse_2,2025-09-07,798.0,3,6,11,107.43933176994324,False Alarm,,1,7,Sunday
mouse_2,2025-09-07,798.0,3,6,12,117.64605569839478,False Alarm,,1,7,Sunday
mouse_2,2025-09-07,798.0,3,6,13,128.85587668418884,False Alarm,,1,2,Sunday
mouse_2,2025-09-07,798.0,3,6,14,141.05826354026794,Hit,2.3953856622113676,0,39,Sunday
mouse_2,2025-09-07,798.0,3,6,15,150.75891733169556,False Alarm,,1,13,Sunday
mouse_2,2025-09-07,798.0,3,6,16,160.97548031806946,False Alarm,,1,8,Sunday
mouse_2,2025-09-07,798.0,3,6,17,175.68573904037476,False Alarm,,1,7,Sunday
mouse_2,2025-09-07,798.0,3,6,18,190.39538097381592,False Alarm,,1,3,Sunday
mouse_2,2025-09-07,798.0,3,6,19,202.1083791255951,Hit,1.9322663931816066,0,74,Sunday
mouse_2,2025-09-07,798.0,3,6,20,212.80968523025513,False Alarm,,1,62,Sunday
mouse_2,2025-09-07,798.0,3,6,21,223.0158290863037,False Alarm,,1,3,Sunday
mouse_2,2025-09-07,798.0,3,6,22,234.72456812858582,Hit,0.3278158074640771,0,77,Sunday
mouse_2,2025-09-07,798.0,3,6,23,243.68904900550842,False Alarm,,1,58,Sunday
mouse_2,2025-09-07,798.0,3,6,24,253.88822197914124,Hit,0.6367676512836056,0,75,Sunday
mouse_2,2025-09-07,798.0,3,6,25,261.8380711078644,False Alarm,,1,70,Sunday
mouse_2,2025-09-07,798.0,3,6,26,272.0442478656769,Hit,2.0302970236299416,0,76,Sunday
mouse_2,2025-09-07,798.0,3,6,27,282.50705122947693,False Alarm,,1,57,Sunday
mouse_2,2025-09-07,798.0,3,6,28,292.70065116882324,Hit,0.8180378947761255,0,69,Sunday
mouse_2,2025-09-07,798.0,3,6,29,300.8971035480499,False Alarm,,1,45,Sunday
mouse_2,2025-09-07,798.0,3,6,30,311.10037064552307,False Alarm,,1,8,Sunday
mouse_2,2025-09-07,798.0,3,6,31,323.79825353622437,Hit,0.13210562944209414,0,77,Sunday
mouse_2,2025-09-07,798.0,3,6,32,331.9972491264343,False Alarm,,1,51,Sunday
mouse_2,2025-09-07,798.0,3,6,33,342.20339369773865,Miss,,0,0,Sunday
mouse_2,2025-09-07,798.0,3,6,34,353.15622663497925,Miss,,0,14,Sunday
mouse_2,2025-09-07,798.0,3,6,35,363.36585664749146,Hit,0.5507504001134294,0,21,Sunday
mouse_2,2025-09-07,798.0,3,6,36,371.8264949321747,Hit,0.8843819513206199,0,74,Sunday
mouse_2,2025-09-07,798.0,3,6,37,380.02636766433716,False Alarm,,1,52,Sunday
mouse_2,2025-09-07,798.0,3,6,38,390.23228549957275,False Alarm,,1,13,Sunday
mouse_2,2025-09-07,798.0,3,6,39,403.1923522949219,False Alarm,,1,10,Sunday
mouse_2,2025-09-07,798.0,3,6,40,417.4083309173584,False Alarm,,1,15,Sunday
mouse_2,2025-09-07,798.0,3,6,41,430.86224246025085,False Alarm,,1,9,Sunday
mouse_2,2025-09-07,798.0,3,6,42,443.5736424922943,False Alarm,,1,7,Sunday
mouse_2,2025-09-07,798.0,3,6,43,457.53194093704224,False Alarm,,1,11,Sunday
mouse_2,2025-09-07,798.0,3,6,44,472.4982182979584,Hit,0.4080494349098558,0,31,Sunday
mouse_2,2025-09-07,798.0,3,6,45,480.69300985336304,False Alarm,,1,7,Sunday
mouse_2,2025-09-07,798.0,3,6,46,491.1610074043274,False Alarm,,1,5,Sunday
mouse_2,2025-09-07,798.0,3,6,47,503.62856578826904,Hit (Calc),2.852256130288879,0,8,Sunday
mouse_2,2025-09-07,798.0,3,6,48,514.3436024188995,Hit,1.1669418645044516,0,24,Sunday
mouse_2,2025-09-07,798.0,3,6,49,524.5448336601257,Miss,,0,0,Sunday
mouse_2,2025-09-07,798.0,3,6,50,534.9937717914581,Hit,1.420181756259126,0,77,Sunday
mouse_2,2025-09-07,798.0,3,6,51,544.9441430568695,False Alarm,,1,50,Sunday
mouse_2,2025-09-07,798.0,3,6,52,555.1505959033966,Hit,2.409359014499273,0,69,Sunday
mouse_2,2025-09-07,798.0,3,6,53,565.6148188114166,False Alarm,,1,40,Sunday
mouse_2,2025-09-07,798.0,3,6,54,575.818202495575,Hit,0.7649194336783012,0,35,Sunday
mouse_2,2025-09-07,798.0,3,6,55,584.0236692428589,False Alarm,,1,8,Sunday
mouse_2,2025-09-07,798.0,3,6,56,594.2238962650299,Hit,0.6886754430584006,0,73,Sunday
mouse_2,2025-09-07,798.0,3,6,57,602.9241364002228,False Alarm,,1,61,Sunday
mouse_2,2025-09-07,798.0,3,6,58,613.1281683444977,Hit,0.9638680083355666,0,39,Sunday
mouse_2,2025-09-07,798.0,3,6,59,621.3304798603058,False Alarm,,1,9,Sunday
mouse_2,2025-09-07,798.0,3,6,60,631.5281817913055,Hit,1.0856072357329367,0,75,Sunday
mouse_2,2025-09-07,798.0,3,6,61,641.2229025363922,False Alarm,,1,51,Sunday
mouse_2,2025-09-07,798.0,3,6,62,651.4251389503479,Hit,0.15113753320315482,0,49,Sunday
mouse_2,2025-09-07,798.0,3,6,63,658.8795340061188,False Alarm,,1,25,Sunday
mouse_2,2025-09-07,798.0,3,6,64,669.0889849662781,False Alarm,,1,10,Sunday
mouse_2,2025-09-07,798.0,3,6,65,681.2989127635956,False Alarm,,1,6,Sunday
mouse_2,2025-09-07,798.0,3,6,66,692.4982752799988,False Alarm,,1,4,Sunday
mouse_2,2025-09-07,798.0,3,6,67,703.2086200714111,False Alarm,,1,3,Sunday
mouse_2,2025-09-07,798.0,3,6,68,715.4190721511841,Hit,0.4626161442091643,0,70,Sunday
mouse_2,2025-09-07,798.0,3,6,69,724.1323182582855,False Alarm,,1,42,Sunday
mouse_2,2025-09-07,798.0,3,6,70,734.3384540081024,False Alarm,,1,3,Sunday
mouse_2,2025-09-07,798.0,3,6,71,746.5482304096222,False Alarm,,1,1,Sunday
mouse_2,2025-09-07,798.0,3,6,72,760.758159160614,Hit,0.17809561973399468,0,55,Sunday
mouse_2,2025-09-07,798.0,3,6,73,769.9715039730072,False Alarm,,1,31,Sunday
mouse_2,2025-09-07,798.0,3,6,74,780.1782290935516,False Alarm,,1,7,Sunday
mouse_2,2025-09-07,798.0,3,6,75,794.14826130867,Hit,1.0419059645169,0,61,Sunday
mouse_2,2025-09-07,798.0,3,6,76,802.6017956733704,False Alarm,,1,31,Sunday
mouse_2,2025-09-07,798.0,3,6,77,812.8075203895569,Hit,0.3237641560932616,0,42,Sunday
mouse_2,2025-09-07,798.0,3,6,78,821.2603545188904,False Alarm,,1,16,Sunday
mouse_2,2025-09-07,798.0,3,6,79,831.4678826332092,False Alarm,,1,4,Sunday
mouse_2,2025-09-07,798.0,3,6,80,844.9373700618744,Hit,1.3501131386051384,0,76,Sunday
mouse_2,2025-09-07,798.0,3,6,81,854.1389894485474,False Alarm,,1,81,Sunday
mouse_2,2025-09-07,798.0,3,6,82,864.3374311923981,Hit,0.4642833384068581,0,74,Sunday
mouse_2,2025-09-07,798.0,3,6,83,872.0414750576019,False Alarm,,1,49,Sunday
mouse_2,2025-09-07,798.0,3,6,84,882.2437057495117,Hit,0.8026681502165047,0,54,Sunday
mouse_2,2025-09-07,798.0,3,6,85,891.1914346218109,False Alarm,,1,25,Sunday
mouse_2,2025-09-07,798.0,3,6,86,901.4067606925964,Hit,0.978605054203058,0,64,Sunday
mouse_2,2025-09-07,798.0,3,6,87,910.1081523895264,False Alarm,,1,34,Sunday
mouse_2,2025-09-07,798.0,3,6,88,920.2991721630096,Hit,0.802722288374639,0,77,Sunday
mouse_2,2025-09-07,798.0,3,6,89,929.2479577064514,False Alarm,,1,114,Sunday
mouse_2,2025-09-07,798.0,3,6,90,939.4379842281342,False Alarm,,1,26,Sunday
mouse_2,2025-09-07,798.0,3,6,91,949.6366612911224,False Alarm,,1,6,Sunday
mouse_2,2025-09-07,798.0,3,6,92,964.091105222702,False Alarm,,1,7,Sunday
mouse_2,2025-09-07,798.0,3,6,93,975.0380892753601,Hit,0.1538558633815228,0,76,Sunday
mouse_2,2025-09-07,798.0,3,6,94,982.4879295825958,False Alarm,,1,106,Sunday
mouse_2,2025-09-07,798.0,3,6,95,992.6959331035614,False Alarm,,1,16,Sunday
mouse_2,2025-09-07,798.0,3,6,96,1002.8982932567596,False Alarm,,1,2,Sunday
mouse_2,2025-09-07,798.0,3,6,97,1016.107090473175,Hit,0.3548507914268839,0,40,Sunday
mouse_2,2025-09-07,798.0,3,6,98,1024.3179273605347,False Alarm,,1,13,Sunday
mouse_2,2025-09-07,798.0,3,6,99,1034.5259726047516,False Alarm,,1,7,Sunday
mouse_2,2025-09-07,798.0,3,6,100,1046.4859204292297,False Alarm,,1,7,Sunday
mouse_2,2025-09-07,798.0,3,6,101,1059.2077102661133,False Alarm,,1,9,Sunday
mouse_2,2025-09-07,798.0,3,6,102,1072.415943145752,Hit,0.06307708827489478,0,41,Sunday
mouse_2,2025-09-07,798.0,3,6,103,1080.1190164089203,False Alarm,,1,11,Sunday
mouse_2,2025-09-07,798.0,3,6,104,1090.3154821395874,Hit,0.5840734574219368,0,76,Sunday
mouse_2,2025-09-07,798.0,3,6,105,1098.7688312530518,False Alarm,,1,64,Sunday
mouse_2,2025-09-07,798.0,3,6,106,1108.9683136940002,Miss,,0,3,Sunday
mouse_2,2025-09-07,798.0,3,6,107,1119.6763288974762,False Alarm,,1,2,Sunday
mouse_2,2025-09-07,798.0,3,6,108,1130.140552997589,Hit,0.8123957530694952,0,49,Sunday
mouse_2,2025-09-07,798.0,3,6,109,1139.0881299972534,False Alarm,,1,22,Sunday
mouse_2,2025-09-07,798.0,3,6,110,1149.2846834659576,False Alarm,,1,9,Sunday
mouse_2,2025-09-07,798.0,3,6,111,1163.985544681549,Hit,0.5183433706272353,0,78,Sunday
mouse_2,2025-09-07,798.0,3,6,112,1172.187964439392,False Alarm,,1,61,Sunday
mouse_2,2025-09-07,798.0,3,6,113,1182.404833316803,Hit,1.1924229873400236,0,52,Sunday
mouse_2,2025-09-07,798.0,3,6,114,1190.858391046524,False Alarm,,1,23,Sunday
mouse_2,2025-09-07,798.0,3,6,115,1201.054617881775,Miss,,0,0,Sunday
mouse_2,2025-09-07,798.0,3,6,116,1212.5076053142548,Hit,1.9699320977658772,0,46,Sunday
mouse_2,2025-09-07,798.0,3,6,117,1221.7173550128937,False Alarm,,1,20,Sunday
mouse_2,2025-09-07,798.0,3,6,118,1231.9239175319672,False Alarm,,1,5,Sunday
mouse_2,2025-09-07,798.0,3,6,119,1243.8840172290802,Miss,,0,8,Sunday
mouse_2,2025-09-07,798.0,3,6,120,1255.3472163677216,False Alarm,,1,2,Sunday
mouse_2,2025-09-07,798.0,3,6,121,1266.2967138290405,Hit,2.478209712576927,0,49,Sunday
mouse_2,2025-09-07,798.0,3,6,122,1276.747695684433,False Alarm,,1,20,Sunday
mouse_2,2025-09-07,798.0,3,6,123,1286.9446697235107,Hit,0.8097188704125529,0,48,Sunday
mouse_2,2025-09-07,798.0,3,6,124,1295.6477301120758,False Alarm,,1,19,Sunday
mouse_2,2025-09-07,798.0,3,6,125,1305.8442163467407,False Alarm,,1,4,Sunday
mouse_2,2025-09-07,798.0,3,6,126,1321.063989162445,Hit,0.5425310727887336,0,35,Sunday
mouse_2,2025-09-07,798.0,3,6,127,1330.026463508606,False Alarm,,1,6,Sunday
mouse_2,2025-09-07,798.0,3,6,128,1340.2338762283325,Hit,0.04172163760586045,0,39,Sunday
mouse_2,2025-09-07,798.0,3,6,129,1348.9345684051514,False Alarm,,1,9,Sunday
mouse_2,2025-09-07,798.0,3,6,130,1359.1334023475647,Hit,0.17605250316455567,0,28,Sunday
mouse_2,2025-09-07,798.0,3,6,131,1367.8373718261719,Hit,2.576242352045483,0,49,Sunday
mouse_2,2025-09-07,798.0,3,6,132,1377.7962646484375,False Alarm,,1,23,Sunday
mouse_2,2025-09-07,798.0,3,6,133,1388.0031065940857,False Alarm,,1,10,Sunday
mouse_2,2025-09-07,798.0,3,6,134,1400.7082226276398,False Alarm,,1,11,Sunday
mouse_2,2025-09-07,798.0,3,6,135,1412.9232439994812,Hit,0.43001281215811105,0,77,Sunday
mouse_2,2025-09-07,798.0,3,6,136,1420.383764743805,False Alarm,,1,80,Sunday
mouse_2,2025-09-07,798.0,3,6,137,1430.5826952457428,False Alarm,,1,10,Sunday
mouse_2,2025-09-07,798.0,3,6,138,1444.0481510162354,False Alarm,,1,13,Sunday
mouse_2,2025-09-07,798.0,3,6,139,1458.502852678299,False Alarm,,1,11,Sunday
mouse_2,2025-09-07,798.0,3,6,140,1471.7226266860962,Hit,0.24665407751990642,0,33,Sunday
mouse_2,2025-09-07,798.0,3,6,141,1479.426409482956,False Alarm,,1,6,Sunday
mouse_2,2025-09-07,798.0,3,6,142,1489.626466035843,False Alarm,,1,5,Sunday
mouse_2,2025-09-07,798.0,3,6,143,1503.5779812335968,False Alarm,,1,8,Sunday
mouse_2,2025-09-07,798.0,3,6,144,1517.035810470581,False Alarm,,1,6,Sunday
mouse_2,2025-09-07,798.0,3,6,145,1531.2417435646057,False Alarm,,1,1,Sunday
mouse_2,2025-09-07,798.0,3,6,146,1543.6930968761444,False Alarm,,1,7,Sunday
mouse_2,2025-09-07,798.0,3,6,147,1559.4023866653442,False Alarm,,1,8,Sunday
mouse_2,2025-09-07,798.0,3,6,148,1572.1119883060455,False Alarm,,1,5,Sunday
mouse_2,2025-09-07,798.0,3,6,149,1584.3225753307343,Hit,1.1688011857650054,0,42,Sunday
mouse_2,2025-09-07,798.0,3,6,150,1593.0354216098785,False Alarm,,1,15,Sunday
mouse_2,2025-09-07,798.0,3,6,151,1603.241643190384,False Alarm,,1,4,Sunday
mouse_2,2025-09-07,798.0,3,6,152,1616.451554775238,Hit,1.3314618156175584,0,76,Sunday
mouse_2,2025-09-07,798.0,3,6,153,1625.4027752876282,False Alarm,,1,66,Sunday
mouse_2,2025-09-07,798.0,3,6,154,1635.6017241477966,Hit,0.9988381414734704,0,34,Sunday
mouse_2,2025-09-07,798.0,3,6,155,1644.5522384643555,False Alarm,,1,9,Sunday
mouse_2,2025-09-07,798.0,3,6,156,1654.7481474876404,False Alarm,,1,6,Sunday
mouse_2,2025-09-07,798.0,3,6,157,1670.201374053955,Hit,0.3527795650927601,0,75,Sunday
mouse_2,2025-09-07,798.0,3,6,158,1679.4047570228577,False Alarm,,1,88,Sunday
mouse_2,2025-09-07,798.0,3,6,159,1689.6055283546448,Hit,0.36336826941828804,0,28,Sunday
mouse_2,2025-09-07,798.0,3,6,160,1698.8148543834686,False Alarm,,1,1,Sunday
mouse_2,2025-09-07,798.0,3,6,161,1709.0206499099731,Hit,1.5617143902127282,0,76,Sunday
mouse_2,2025-09-07,798.0,3,6,162,1718.7343392372131,False Alarm,,1,63,Sunday
mouse_2,2025-09-07,798.0,3,6,163,1728.9404711723328,Hit,0.5564225468165205,0,52,Sunday
mouse_2,2025-09-07,798.0,3,6,164,1737.3934516906738,False Alarm,,1,22,Sunday
mouse_2,2025-09-07,798.0,3,6,165,1747.5904495716095,Hit,0.08770755332147928,0,43,Sunday
mouse_2,2025-09-07,798.0,3,6,166,1756.543797492981,False Alarm,,1,12,Sunday
mouse_2,2025-09-07,798.0,3,6,167,1766.7355008125305,Hit,0.3010126067113106,0,61,Sunday
mouse_2,2025-09-07,798.0,3,6,168,1775.1840224266052,False Alarm,,1,32,Sunday
mouse_2,2025-09-07,798.0,3,6,169,1785.380461215973,Hit,0.0024656609220983228,0,29,Sunday
mouse_2,2025-09-07,798.0,3,6,170,1793.3338463306427,Hit,0.1578146435083454,0,30,Sunday
mouse_2,2025-09-07,798.0,3,6,171,1802.523345708847,Miss,,0,0,Sunday
mouse_2,2025-09-08,960.0,3,7,1,0.3730323314666748,False Alarm,,1,9,Monday
mouse_2,2025-09-08,960.0,3,7,2,12.827900648117065,False Alarm,,1,13,Monday
mouse_2,2025-09-08,960.0,3,7,3,27.537745714187622,False Alarm,,1,9,Monday
mouse_2,2025-09-08,960.0,3,7,4,38.74198818206787,False Alarm,,1,9,Monday
mouse_2,2025-09-08,960.0,3,7,5,50.19703984260559,False Alarm,,1,11,Monday
mouse_2,2025-09-08,960.0,3,7,6,61.66797232627869,False Alarm,,1,7,Monday
mouse_2,2025-09-08,960.0,3,7,7,75.62807941436768,False Alarm,,1,7,Monday
mouse_2,2025-09-08,960.0,3,7,8,86.83730602264404,False Alarm,,1,9,Monday
mouse_2,2025-09-08,960.0,3,7,9,101.54732131958008,Hit,0.6299141195211035,0,72,Monday
mouse_2,2025-09-08,960.0,3,7,10,109.51097226142883,False Alarm,,1,44,Monday
mouse_2,2025-09-08,960.0,3,7,11,119.71716237068176,Hit,1.8823400461830886,0,51,Monday
mouse_2,2025-09-08,960.0,3,7,12,128.92045426368713,False Alarm,,1,24,Monday
mouse_2,2025-09-08,960.0,3,7,13,139.12080430984497,False Alarm,,1,4,Monday
mouse_2,2025-09-08,960.0,3,7,14,151.0890247821808,Hit,0.5094998807716706,0,50,Monday
mouse_2,2025-09-08,960.0,3,7,15,160.54358434677124,False Alarm,,1,26,Monday
mouse_2,2025-09-08,960.0,3,7,16,170.7472062110901,False Alarm,,1,7,Monday
mouse_2,2025-09-08,960.0,3,7,17,183.9683518409729,False Alarm,,1,3,Monday
mouse_2,2025-09-08,960.0,3,7,18,196.42735481262207,False Alarm,,1,7,Monday
mouse_2,2025-09-08,960.0,3,7,19,211.88189697265625,Miss,,0,2,Monday
mouse_2,2025-09-08,960.0,3,7,20,223.07985091209412,Hit,1.2365924503814938,0,6,Monday
mouse_2,2025-09-08,960.0,3,7,21,233.04040265083313,Hit,1.5254423441681126,0,24,Monday
mouse_2,2025-09-08,960.0,3,7,22,242.98984122276306,Miss,,0,1,Monday
mouse_2,2025-09-08,960.0,3,7,23,253.94152688980103,Hit,0.2297773138503203,0,42,Monday
mouse_2,2025-09-08,960.0,3,7,24,262.4001986980438,False Alarm,,1,13,Monday
mouse_2,2025-09-08,960.0,3,7,25,272.6027739048004,Hit,0.38082986883784997,0,37,Monday
mouse_2,2025-09-08,960.0,3,7,26,281.5502870082855,False Alarm,,1,8,Monday
mouse_2,2025-09-08,960.0,3,7,27,291.7661352157593,Hit,0.45601261440219787,0,35,Monday
mouse_2,2025-09-08,960.0,3,7,28,299.72035455703735,False Alarm,,1,6,Monday
mouse_2,2025-09-08,960.0,3,7,29,309.936975479126,Hit,0.01361822083856623,0,64,Monday
mouse_2,2025-09-08,960.0,3,7,30,318.39051938056946,False Alarm,,1,38,Monday
mouse_2,2025-09-08,960.0,3,7,31,328.5961203575134,False Alarm,,1,6,Monday
mouse_2,2025-09-08,960.0,3,7,32,340.80781602859497,False Alarm,,1,4,Monday
mouse_2,2025-09-08,960.0,3,7,33,352.76285457611084,False Alarm,,1,10,Monday
mouse_2,2025-09-08,960.0,3,7,34,365.72621631622314,False Alarm,,1,10,Monday
mouse_2,2025-09-08,960.0,3,7,35,377.18677735328674,False Alarm,,1,4,Monday
mouse_2,2025-09-08,960.0,3,7,36,392.15312457084656,Hit,0.07637010950128342,0,42,Monday
mouse_2,2025-09-08,960.0,3,7,37,401.1188848018646,False Alarm,,1,14,Monday
mouse_2,2025-09-08,960.0,3,7,38,411.32564902305603,False Alarm,,1,3,Monday
mouse_2,2025-09-08,960.0,3,7,39,425.28550386428833,False Alarm,,1,5,Monday
mouse_2,2025-09-08,960.0,3,7,40,440.49483275413513,Hit,0.7060706094721354,0,28,Monday
mouse_2,2025-09-08,960.0,3,7,41,449.9498782157898,Hit,2.0061894976455505,0,47,Monday
mouse_2,2025-09-08,960.0,3,7,42,460.90847611427307,False Alarm,,1,19,Monday
mouse_2,2025-09-08,960.0,3,7,43,471.1152355670929,False Alarm,,1,10,Monday
mouse_2,2025-09-08,960.0,3,7,44,485.07575845718384,False Alarm,,1,10,Monday
mouse_2,2025-09-08,960.0,3,7,45,497.5379047393799,False Alarm,,1,4,Monday
mouse_2,2025-09-08,960.0,3,7,46,508.9954926967621,Hit,0.6160082385318901,0,24,Monday
mouse_2,2025-09-08,960.0,3,7,47,517.2099356651306,Hit,0.6595553149613806,0,36,Monday
mouse_2,2025-09-08,960.0,3,7,48,525.6588504314423,False Alarm,,1,15,Monday
mouse_2,2025-09-08,960.0,3,7,49,535.8691792488098,False Alarm,,1,12,Monday
mouse_2,2025-09-08,960.0,3,7,50,548.0858154296875,Hit,0.0453473050509956,0,46,Monday
mouse_2,2025-09-08,960.0,3,7,51,555.2998559474945,False Alarm,,1,17,Monday
mouse_2,2025-09-08,960.0,3,7,52,565.5020318031311,False Alarm,,1,5,Monday
mouse_2,2025-09-08,960.0,3,7,53,581.216001033783,Hit,0.44538689534840614,0,8,Monday
mouse_2,2025-09-08,960.0,3,7,54,589.4194722175598,Miss,,0,0,Monday
mouse_2,2025-09-08,960.0,3,7,55,600.8693192005157,Hit,0.6882990879448698,0,60,Monday
mouse_2,2025-09-08,960.0,3,7,56,609.069016456604,False Alarm,,1,33,Monday
mouse_2,2025-09-08,960.0,3,7,57,619.2750971317291,Hit,1.6539924729449922,0,42,Monday
mouse_2,2025-09-08,960.0,3,7,58,629.229163646698,False Alarm,,1,18,Monday
mouse_2,2025-09-08,960.0,3,7,59,639.4350152015686,False Alarm,,1,3,Monday
mouse_2,2025-09-08,960.0,3,7,60,651.1548583507538,Hit,0.5727854969179589,0,38,Monday
mouse_2,2025-09-08,960.0,3,7,61,660.1182317733765,False Alarm,,1,8,Monday
mouse_2,2025-09-08,960.0,3,7,62,670.3248147964478,Miss,,0,4,Monday
mouse_2,2025-09-08,960.0,3,7,63,681.5275266170502,False Alarm,,1,7,Monday
mouse_2,2025-09-08,960.0,3,7,64,694.7346832752228,False Alarm,,1,3,Monday
mouse_2,2025-09-08,960.0,3,7,65,707.2043972015381,Hit,0.9641910416441988,0,40,Monday
mouse_2,2025-09-08,960.0,3,7,66,717.1654343605042,False Alarm,,1,11,Monday
mouse_2,2025-09-08,960.0,3,7,67,727.3743906021118,Hit,0.3618409276045895,0,29,Monday
mouse_2,2025-09-08,960.0,3,7,68,736.8283233642578,Hit,1.0620437985952549,0,23,Monday
mouse_2,2025-09-08,960.0,3,7,69,745.5271992683411,Hit,0.8899723291787041,0,40,Monday
mouse_2,2025-09-08,960.0,3,7,70,754.9872727394104,False Alarm,,1,16,Monday
mouse_2,2025-09-08,960.0,3,7,71,765.1943068504333,False Alarm,,1,4,Monday
mouse_2,2025-09-08,960.0,3,7,72,776.1537368297577,Hit,1.7773033029948238,0,17,Monday
mouse_2,2025-09-08,960.0,3,7,73,785.8570330142975,Hit,1.6185603951129224,0,41,Monday
mouse_2,2025-09-08,960.0,3,7,74,795.8070909976959,False Alarm,,1,12,Monday
mouse_2,2025-09-08,960.0,3,7,75,806.0231339931488,False Alarm,,1,2,Monday
mouse_2,2025-09-08,960.0,3,7,76,817.743280172348,Hit,0.16154258094161378,0,37,Monday
mouse_2,2025-09-08,960.0,3,7,77,825.956205368042,False Alarm,,1,13,Monday
mouse_2,2025-09-08,960.0,3,7,78,836.1618120670319,False Alarm,,1,6,Monday
mouse_2,2025-09-08,960.0,3,7,79,849.6134147644043,Hit,1.0519658549164888,0,65,Monday
mouse_2,2025-09-08,960.0,3,7,80,858.8161098957062,False Alarm,,1,34,Monday
mouse_2,2025-09-08,960.0,3,7,81,869.0119457244873,Hit,0.3903761832309556,0,74,Monday
mouse_2,2025-09-08,960.0,3,7,82,877.9565281867981,False Alarm,,1,44,Monday
mouse_2,2025-09-08,960.0,3,7,83,888.1528463363647,Hit,0.7043821922203506,0,75,Monday
mouse_2,2025-09-08,960.0,3,7,84,897.8662202358246,False Alarm,,1,55,Monday
mouse_2,2025-09-08,960.0,3,7,85,908.0727317333221,False Alarm,,1,6,Monday
mouse_2,2025-09-08,960.0,3,7,86,919.5299513339996,Hit,1.301323827160104,0,60,Monday
mouse_2,2025-09-08,960.0,3,7,87,928.22713971138,False Alarm,,1,31,Monday
mouse_2,2025-09-08,960.0,3,7,88,938.4419364929199,False Alarm,,1,2,Monday
mouse_2,2025-09-08,960.0,3,7,89,951.9125831127167,Hit,1.7926080240173405,0,72,Monday
mouse_2,2025-09-08,960.0,3,7,90,961.365562915802,False Alarm,,1,64,Monday
mouse_2,2025-09-08,960.0,3,7,91,971.561975479126,False Alarm,,1,4,Monday
mouse_2,2025-09-08,960.0,3,7,92,986.5131747722626,Hit,0.8023005964449794,0,71,Monday
mouse_2,2025-09-08,960.0,3,7,93,994.7242162227631,False Alarm,,1,48,Monday
mouse_2,2025-09-08,960.0,3,7,94,1004.9219360351562,Miss,,0,4,Monday
mouse_2,2025-09-08,960.0,3,7,95,1015.1250903606415,False Alarm,,1,12,Monday
mouse_2,2025-09-08,960.0,3,7,96,1028.3418853282928,Hit,0.1649519200236682,0,36,Monday
mouse_2,2025-09-08,960.0,3,7,97,1035.8037388324738,False Alarm,,1,6,Monday
mouse_2,2025-09-08,960.0,3,7,98,1046.001407623291,False Alarm,,1,1,Monday
mouse_2,2025-09-08,960.0,3,7,99,1059.7118463516235,Hit,2.02880187424239,0,74,Monday
mouse_2,2025-09-08,960.0,3,7,100,1070.1650981903076,False Alarm,,1,44,Monday
mouse_2,2025-09-08,960.0,3,7,101,1080.3712136745453,Hit,0.764427415111868,0,43,Monday
mouse_2,2025-09-08,960.0,3,7,102,1088.8272910118103,False Alarm,,1,14,Monday
mouse_2,2025-09-08,960.0,3,7,103,1099.0417380332947,Hit,1.9683943685886334,0,57,Monday
mouse_2,2025-09-08,960.0,3,7,104,1108.9848446846008,False Alarm,,1,27,Monday
mouse_2,2025-09-08,960.0,3,7,105,1119.1737201213837,Miss,,0,6,Monday
mouse_2,2025-09-08,960.0,3,7,106,1129.3852860927582,Hit,2.0092572404978455,0,30,Monday
mouse_2,2025-09-08,960.0,3,7,107,1139.8332109451294,False Alarm,,1,1,Monday
mouse_2,2025-09-08,960.0,3,7,108,1150.032954454422,Miss,,0,0,Monday
mouse_2,2025-09-08,960.0,3,7,109,1160.994843006134,Hit,1.3163754122901992,0,73,Monday
mouse_2,2025-09-08,960.0,3,7,110,1170.9415855407715,False Alarm,,1,42,Monday
mouse_2,2025-09-08,960.0,3,7,111,1181.1383016109467,Hit,1.0224426607692294,0,38,Monday
mouse_2,2025-09-08,960.0,3,7,112,1191.345198392868,False Alarm,,1,10,Monday
mouse_2,2025-09-08,960.0,3,7,113,1201.5512897968292,Miss,,0,0,Monday
mouse_2,2025-09-08,960.0,3,7,114,1212.7639000415802,Miss,,0,0,Monday
mouse_2,2025-09-08,960.0,3,7,115,1224.2237615585327,Hit,0.28836354074474,0,19,Monday
mouse_2,2025-09-08,960.0,3,7,116,1232.685983657837,Hit,2.3084353858832856,0,31,Monday
mouse_2,2025-09-08,960.0,3,7,117,1242.6346969604492,False Alarm,,1,5,Monday
mouse_2,2025-09-08,960.0,3,7,118,1252.8409657478333,False Alarm,,1,2,Monday
mouse_2,2025-09-08,960.0,3,7,119,1264.0518341064453,Miss,,0,0,Monday
mouse_2,2025-09-08,960.0,3,7,120,1274.2536079883575,Miss,,0,0,Monday
mouse_2,2025-09-08,960.0,3,7,121,1285.9534199237823,Hit,0.4543748894734563,0,20,Monday
mouse_2,2025-09-08,960.0,3,7,122,1294.9037413597107,Hit,0.8591132386529807,0,14,Monday
mouse_2,2025-09-08,960.0,3,7,123,1304.113811969757,Hit,1.9043042525142937,0,34,Monday
mouse_2,2025-09-08,960.0,3,7,124,1314.3140544891357,False Alarm,,1,10,Monday
mouse_2,2025-09-08,960.0,3,7,125,1324.5233705043793,Hit,0.4373906171058479,0,45,Monday
mouse_2,2025-09-08,960.0,3,7,126,1332.4716355800629,False Alarm,,1,14,Monday
mouse_2,2025-09-08,960.0,3,7,127,1342.6697707176208,Miss,,0,6,Monday
mouse_2,2025-09-08,960.0,3,7,128,1353.1238505840302,False Alarm,,1,6,Monday
mouse_2,2025-09-08,960.0,3,7,129,1364.8245029449463,Hit,1.0458385447427645,0,76,Monday
mouse_2,2025-09-08,960.0,3,7,130,1374.27494931221,False Alarm,,1,75,Monday
mouse_2,2025-09-08,960.0,3,7,131,1384.479947090149,Miss,,0,0,Monday
mouse_2,2025-09-08,960.0,3,7,132,1395.1832790374756,False Alarm,,1,4,Monday
mouse_2,2025-09-08,960.0,3,7,133,1410.389713525772,Miss,,0,3,Monday
mouse_2,2025-09-08,960.0,3,7,134,1420.352533340454,False Alarm,,1,8,Monday
mouse_2,2025-09-08,960.0,3,7,135,1432.56906914711,False Alarm,,1,10,Monday
mouse_2,2025-09-08,960.0,3,7,136,1447.2789633274078,Hit,0.43098278811180535,0,25,Monday
mouse_2,2025-09-08,960.0,3,7,137,1456.222454071045,Miss,,0,2,Monday
mouse_2,2025-09-08,960.0,3,7,138,1466.1719691753387,False Alarm,,1,2,Monday
mouse_2,2025-09-08,960.0,3,7,139,1477.1387231349945,False Alarm,,1,5,Monday
mouse_2,2025-09-08,960.0,3,7,140,1492.3499734401703,Hit,1.8278119379574491,0,43,Monday
mouse_2,2025-09-08,960.0,3,7,141,1502.3022813796997,False Alarm,,1,13,Monday
mouse_2,2025-09-08,960.0,3,7,142,1512.4992122650146,Hit,1.9562446292627556,0,73,Monday
mouse_2,2025-09-08,960.0,3,7,143,1522.7035505771637,False Alarm,,1,58,Monday
mouse_2,2025-09-08,960.0,3,7,144,1532.9019167423248,Miss,,0,3,Monday
mouse_2,2025-09-08,960.0,3,7,145,1543.8518528938293,Hit,0.3373419556535282,0,79,Monday
mouse_2,2025-09-08,960.0,3,7,146,1551.811650276184,False Alarm,,1,77,Monday
mouse_2,2025-09-08,960.0,3,7,147,1562.018319606781,Hit,0.30506540252667946,0,47,Monday
mouse_2,2025-09-08,960.0,3,7,148,1570.222175836563,False Alarm,,1,21,Monday
mouse_2,2025-09-08,960.0,3,7,149,1580.421900510788,Hit,0.9369690300081857,0,48,Monday
mouse_2,2025-09-08,960.0,3,7,150,1589.371728181839,False Alarm,,1,20,Monday
mouse_2,2025-09-08,960.0,3,7,151,1599.5681428909302,Hit,0.6547290275907471,0,46,Monday
mouse_2,2025-09-08,960.0,3,7,152,1607.532015323639,False Alarm,,1,18,Monday
mouse_2,2025-09-08,960.0,3,7,153,1617.7380621433258,Hit,0.9913697882448105,0,77,Monday
mouse_2,2025-09-08,960.0,3,7,154,1627.6878170967102,False Alarm,,1,72,Monday
mouse_2,2025-09-08,960.0,3,7,155,1637.878975868225,False Alarm,,1,2,Monday
mouse_2,2025-09-08,960.0,3,7,156,1649.5882778167725,Hit,1.2776629261879862,0,58,Monday
mouse_2,2025-09-08,960.0,3,7,157,1658.5315392017365,False Alarm,,1,30,Monday
mouse_2,2025-09-08,960.0,3,7,158,1668.7190914154053,Hit,0.16573363024826904,0,42,Monday
mouse_2,2025-09-08,960.0,3,7,159,1676.4223372936249,False Alarm,,1,13,Monday
mouse_2,2025-09-08,960.0,3,7,160,1686.619488477707,Miss,,0,4,Monday
mouse_2,2025-09-08,960.0,3,7,161,1697.3211815357208,Hit,1.2412494460065773,0,23,Monday
mouse_2,2025-09-08,960.0,3,7,162,1706.2717113494873,Miss,,0,0,Monday
mouse_2,2025-09-08,960.0,3,7,163,1717.4712567329407,Hit,0.7690653318154546,0,19,Monday
mouse_2,2025-09-08,960.0,3,7,164,1726.1810410022736,Hit,1.4929051247534062,0,36,Monday
mouse_2,2025-09-08,960.0,3,7,165,1736.3813467025757,False Alarm,,1,5,Monday
mouse_2,2025-09-08,960.0,3,7,166,1746.5696790218353,Hit,1.1023084439725608,0,75,Monday
mouse_2,2025-09-08,960.0,3,7,167,1755.0217463970184,False Alarm,,1,45,Monday
mouse_2,2025-09-08,960.0,3,7,168,1765.2277429103851,Hit,0.8723240480051118,0,29,Monday
mouse_2,2025-09-08,960.0,3,7,169,1774.4313135147095,Hit,0.9714200902008088,0,18,Monday
mouse_2,2025-09-08,960.0,3,7,170,1782.6310362815857,Hit,0.43987457977755184,0,70,Monday
mouse_2,2025-09-08,960.0,3,7,171,1790.341908454895,False Alarm,,1,41,Monday
mouse_2,2025-09-08,960.0,3,7,172,1800.5476503372192,Miss,,0,0,Monday
mouse_2,2025-09-09,1500.0,0,-1,-1,,No Trial,,0,0,Tuesday
mouse_2,2025-09-10,1476.0,0,-1,-1,,No Trial,,0,0,Wednesday
mouse_2,2025-09-11,960.0,0,-1,-1,,No Trial,,0,0,Thursday
mouse_2,2025-09-12,1500.0,0,-1,-1,,No Trial,,0,0,Friday
mouse_2,2025-09-13,1500.0,0,-1,-1,,No Trial,,0,0,Saturday
mouse_2,2025-09-14,960.0,3,8,1,0.4157733917236328,False Alarm,,1,4,Sunday
mouse_2,2025-09-14,960.0,3,8,2,12.868779182434082,Hit,0.5231464651591082,0,27,Sunday
mouse_2,2025-09-14,960.0,3,8,3,21.825016498565674,Miss,,0,0,Sunday
mouse_2,2025-09-14,960.0,3,8,4,33.27186346054077,Hit,0.7089136518119759,0,32,Sunday
mouse_2,2025-09-14,960.0,3,8,5,42.22202658653259,False Alarm,,1,12,Sunday
mouse_2,2025-09-14,960.0,3,8,6,52.42878842353821,False Alarm,,1,9,Sunday
mouse_2,2025-09-14,960.0,3,8,7,66.13893246650696,Hit,0.9903377028329032,0,24,Sunday
mouse_2,2025-09-14,960.0,3,8,8,75.10165500640869,Hit,1.5549740166182175,0,11,Sunday
mouse_2,2025-09-14,960.0,3,8,9,84.30385994911194,Hit,0.7848958763939322,0,37,Sunday
mouse_2,2025-09-14,960.0,3,8,10,93.7621476650238,False Alarm,,1,15,Sunday
mouse_2,2025-09-14,960.0,3,8,11,103.96829986572266,False Alarm,,1,7,Sunday
mouse_2,2025-09-14,960.0,3,8,12,115.68850111961365,Miss,,0,0,Sunday
mouse_2,2025-09-14,960.0,3,8,13,126.64067435264587,Miss,,0,2,Sunday
mouse_2,2025-09-14,960.0,3,8,14,136.8412435054779,False Alarm,,1,2,Sunday
mouse_2,2025-09-14,960.0,3,8,15,151.04819083213806,Miss,,0,0,Sunday
mouse_2,2025-09-14,960.0,3,8,16,160.75135231018066,Miss,,0,3,Sunday
mouse_2,2025-09-14,960.0,3,8,17,171.2121651172638,False Alarm,,1,3,Sunday
mouse_2,2025-09-14,960.0,3,8,18,183.16876006126404,Miss,,0,5,Sunday
mouse_2,2025-09-14,960.0,3,8,19,193.63059377670288,Hit,0.48163820526912104,0,21,Sunday
mouse_2,2025-09-14,960.0,3,8,20,201.32963013648987,Hit,1.6937236398516973,0,26,Sunday
mouse_2,2025-09-14,960.0,3,8,21,210.7815330028534,Miss,,0,0,Sunday
mouse_2,2025-09-14,960.0,3,8,22,221.73193073272705,Hit,0.18715342968317827,0,13,Sunday
mouse_2,2025-09-14,960.0,3,8,23,230.70056867599487,False Alarm,,1,5,Sunday
mouse_2,2025-09-14,960.0,3,8,24,245.65745043754578,Hit,0.7072933354743896,0,13,Sunday
mouse_2,2025-09-14,960.0,3,8,25,254.61162447929382,Hit,0.526855012616636,0,37,Sunday
mouse_2,2025-09-14,960.0,3,8,26,262.810827255249,False Alarm,,1,12,Sunday
mouse_2,2025-09-14,960.0,3,8,27,273.02682614326477,False Alarm,,1,8,Sunday
mouse_2,2025-09-14,960.0,3,8,28,287.2384810447693,False Alarm,,1,5,Sunday
mouse_2,2025-09-14,960.0,3,8,29,298.1973764896393,Hit (Calc),2.432764621682793,0,5,Sunday
mouse_2,2025-09-14,960.0,3,8,30,307.91018533706665,Hit,1.2359601679052048,0,32,Sunday
mouse_2,2025-09-14,960.0,3,8,31,317.62028646469116,False Alarm,,1,4,Sunday
mouse_2,2025-09-14,960.0,3,8,32,327.82482957839966,Miss,,0,0,Sunday
mouse_2,2025-09-14,960.0,3,8,33,339.0296380519867,Hit,0.8849676573744318,0,53,Sunday
mouse_2,2025-09-14,960.0,3,8,34,347.72973012924194,False Alarm,,1,23,Sunday
mouse_2,2025-09-14,960.0,3,8,35,357.93650698661804,Miss,,0,0,Sunday
mouse_2,2025-09-14,960.0,3,8,36,369.38941502571106,Hit,0.058254465677293865,0,11,Sunday
mouse_2,2025-09-14,960.0,3,8,37,378.3392493724823,Miss,,0,4,Sunday
mouse_2,2025-09-14,960.0,3,8,38,389.28924345970154,False Alarm,,1,7,Sunday
mouse_2,2025-09-14,960.0,3,8,39,402.49589467048645,Hit,0.5390651067169188,0,30,Sunday
mouse_2,2025-09-14,960.0,3,8,40,410.19998931884766,False Alarm,,1,6,Sunday
mouse_2,2025-09-14,960.0,3,8,41,421.9052073955536,Hit,0.09401669878877783,0,21,Sunday
mouse_2,2025-09-14,960.0,3,8,42,429.85951352119446,Miss,,0,4,Sunday
mouse_2,2025-09-14,960.0,3,8,43,440.818608045578,False Alarm,,1,7,Sunday
mouse_2,2025-09-14,960.0,3,8,44,452.02716636657715,False Alarm,,1,3,Sunday
mouse_2,2025-09-14,960.0,3,8,45,463.49519300460815,Hit,0.5879410587049279,0,33,Sunday
mouse_2,2025-09-14,960.0,3,8,46,472.69894099235535,False Alarm,,1,6,Sunday
mouse_2,2025-09-14,960.0,3,8,47,482.90533900260925,Hit,1.7443853039429769,0,45,Sunday
mouse_2,2025-09-14,960.0,3,8,48,493.8588252067566,False Alarm,,1,22,Sunday
mouse_2,2025-09-14,960.0,3,8,49,504.0648458003998,Hit,0.4652494333703885,0,24,Sunday
mouse_2,2025-09-14,960.0,3,8,50,511.7688236236572,Hit,1.1848815796295185,0,39,Sunday
mouse_2,2025-09-14,960.0,3,8,51,520.9783029556274,False Alarm,,1,14,Sunday
mouse_2,2025-09-14,960.0,3,8,52,531.1847033500671,False Alarm,,1,5,Sunday
mouse_2,2025-09-14,960.0,3,8,53,543.3950505256653,Hit,1.052693529840326,0,24,Sunday
mouse_2,2025-09-14,960.0,3,8,54,553.1082291603088,Miss,,0,0,Sunday
mouse_2,2025-09-14,960.0,3,8,55,564.3185799121857,Hit,0.6400011132799364,0,51,Sunday
mouse_2,2025-09-14,960.0,3,8,56,573.5381231307983,False Alarm,,1,23,Sunday
mouse_2,2025-09-14,960.0,3,8,57,583.7395858764648,Miss,,0,0,Sunday
mouse_2,2025-09-14,960.0,3,8,58,594.4378230571747,Miss,,0,0,Sunday
mouse_2,2025-09-14,960.0,3,8,59,605.3975667953491,Miss,,0,2,Sunday
mouse_2,2025-09-14,960.0,3,8,60,616.6051485538483,False Alarm,,1,8,Sunday
mouse_2,2025-09-14,960.0,3,8,61,631.5550134181976,Hit,0.8855055232940003,0,38,Sunday
mouse_2,2025-09-14,960.0,3,8,62,641.2586448192596,False Alarm,,1,17,Sunday
mouse_2,2025-09-14,960.0,3,8,63,651.9749393463135,False Alarm,,1,7,Sunday
mouse_2,2025-09-14,960.0,3,8,64,665.9347543716431,Miss,,0,4,Sunday
mouse_2,2025-09-14,960.0,3,8,65,676.8882095813751,False Alarm,,1,9,Sunday
mouse_2,2025-09-14,960.0,3,8,66,690.3345880508423,False Alarm,,1,5,Sunday
mouse_2,2025-09-14,960.0,3,8,67,704.2911849021912,Hit,0.08043979020590086,0,34,Sunday
mouse_2,2025-09-14,960.0,3,8,68,713.237532377243,False Alarm,,1,6,Sunday
mouse_2,2025-09-14,960.0,3,8,69,723.4511926174164,Hit,0.08036575213395736,0,44,Sunday
mouse_2,2025-09-14,960.0,3,8,70,731.6468982696533,False Alarm,,1,20,Sunday
mouse_2,2025-09-14,960.0,3,8,71,741.8530492782593,False Alarm,,1,4,Sunday
mouse_2,2025-09-14,960.0,3,8,72,753.0632889270782,Hit,0.4377789126041307,0,23,Sunday
mouse_2,2025-09-14,960.0,3,8,73,761.776132106781,Hit,0.8234450667811188,0,15,Sunday
mouse_2,2025-09-14,960.0,3,8,74,770.7268612384796,Hit,0.9037537686623409,0,21,Sunday
mouse_2,2025-09-14,960.0,3,8,75,780.1874163150787,Hit,1.602176872101154,0,35,Sunday
mouse_2,2025-09-14,960.0,3,8,76,789.1345477104187,False Alarm,,1,9,Sunday
mouse_2,2025-09-14,960.0,3,8,77,799.3436167240143,False Alarm,,1,3,Sunday
mouse_2,2025-09-14,960.0,3,8,78,811.5529737472534,Hit,0.628912392304187,0,30,Sunday
mouse_2,2025-09-14,960.0,3,8,79,819.7566108703613,False Alarm,,1,6,Sunday
mouse_2,2025-09-14,960.0,3,8,80,829.9625701904297,False Alarm,,1,5,Sunday
mouse_2,2025-09-14,960.0,3,8,81,842.1733529567719,False Alarm,,1,1,Sunday
mouse_2,2025-09-14,960.0,3,8,82,856.133841753006,Hit,0.7375472937294489,0,24,Sunday
mouse_2,2025-09-14,960.0,3,8,83,865.5963578224182,Hit,1.0583782476745682,0,39,Sunday
mouse_2,2025-09-14,960.0,3,8,84,874.3052849769592,False Alarm,,1,12,Sunday
mouse_2,2025-09-14,960.0,3,8,85,884.5060606002808,False Alarm,,1,9,Sunday
mouse_2,2025-09-14,960.0,3,8,86,896.2077255249023,False Alarm,,1,5,Sunday
mouse_2,2025-09-14,960.0,3,8,87,909.4138269424438,Hit,0.006120143305111014,0,22,Sunday
mouse_2,2025-09-14,960.0,3,8,88,917.3760149478912,Hit,0.6779208774298695,0,24,Sunday
mouse_2,2025-09-14,960.0,3,8,89,926.3253808021545,Hit,0.4808686827401516,0,34,Sunday
mouse_2,2025-09-14,960.0,3,8,90,934.2755720615387,False Alarm,,1,6,Sunday
mouse_2,2025-09-14,960.0,3,8,91,944.4821813106537,Hit,0.647778037048397,0,29,Sunday
mouse_2,2025-09-14,960.0,3,8,92,953.6848242282867,Hit,0.9427737668908094,0,19,Sunday
mouse_2,2025-09-14,960.0,3,8,93,962.1355879306793,Hit,0.2915183557572618,0,24,Sunday
mouse_2,2025-09-14,960.0,3,8,94,970.3355946540833,Hit,1.1748998468901846,0,16,Sunday
mouse_2,2025-09-14,960.0,3,8,95,979.7862281799316,Hit,1.2033897310865314,0,23,Sunday
mouse_2,2025-09-14,960.0,3,8,96,988.9852838516235,Hit,1.3295375411821624,0,33,Sunday
mouse_2,2025-09-14,960.0,3,8,97,997.4452397823334,False Alarm,,1,9,Sunday
mouse_2,2025-09-14,960.0,3,8,98,1007.6481738090515,False Alarm,,1,10,Sunday
mouse_2,2025-09-14,960.0,3,8,99,1020.3557159900665,Hit,0.09771518138904867,0,31,Sunday
mouse_2,2025-09-14,960.0,3,8,100,1028.0646674633026,False Alarm,,1,8,Sunday
mouse_2,2025-09-14,960.0,3,8,101,1038.2611882686615,False Alarm,,1,10,Sunday
mouse_2,2025-09-14,960.0,3,8,102,1049.7212450504303,False Alarm,,1,7,Sunday
mouse_2,2025-09-14,960.0,3,8,103,1062.1918394565582,False Alarm,,1,5,Sunday
mouse_2,2025-09-14,960.0,3,8,104,1076.151611328125,False Alarm,,1,5,Sunday
mouse_2,2025-09-14,960.0,3,8,105,1087.8713805675507,False Alarm,,1,7,Sunday
mouse_2,2025-09-14,960.0,3,8,106,1102.079965353012,Hit,0.20156431009786502,0,22,Sunday
mouse_2,2025-09-14,960.0,3,8,107,1109.795443058014,Hit,1.2353105177360248,0,10,Sunday
mouse_2,2025-09-14,960.0,3,8,108,1119.5044660568237,Hit,1.3716002556338935,0,29,Sunday
mouse_2,2025-09-14,960.0,3,8,109,1128.7047443389893,Hit,0.9346025776419538,0,23,Sunday
mouse_2,2025-09-14,960.0,3,8,110,1138.4059596061707,Hit,1.7774153762545666,0,20,Sunday
mouse_2,2025-09-14,960.0,3,8,111,1148.104736328125,Hit (Calc),2.8910978450899165,0,6,Sunday
mouse_2,2025-09-14,960.0,3,8,112,1157.804165840149,Hit,0.7562807343801978,0,40,Sunday
mouse_2,2025-09-14,960.0,3,8,113,1165.7645943164825,False Alarm,,1,12,Sunday
mouse_2,2025-09-14,960.0,3,8,114,1175.9656915664673,False Alarm,,1,2,Sunday
mouse_2,2025-09-14,960.0,3,8,115,1187.6807341575623,Hit,0.09486638149110149,0,28,Sunday
mouse_2,2025-09-14,960.0,3,8,116,1196.8946170806885,False Alarm,,1,1,Sunday
mouse_2,2025-09-14,960.0,3,8,117,1207.0911536216736,Hit,1.0046293030402467,0,27,Sunday
mouse_2,2025-09-14,960.0,3,8,118,1215.3027303218842,Miss,,0,2,Sunday
mouse_2,2025-09-14,960.0,3,8,119,1225.253717660904,False Alarm,,1,4,Sunday
mouse_2,2025-09-14,960.0,3,8,120,1239.201093673706,False Alarm,,1,2,Sunday
mouse_2,2025-09-14,960.0,3,8,121,1252.9104752540588,Hit,0.16332685749239317,0,32,Sunday
mouse_2,2025-09-14,960.0,3,8,122,1262.1137549877167,Hit,0.3472463340074228,0,23,Sunday
mouse_2,2025-09-14,960.0,3,8,123,1270.0636930465698,Hit,1.3430126148839463,0,26,Sunday
mouse_2,2025-09-14,960.0,3,8,124,1279.774427652359,Miss,,0,3,Sunday
mouse_2,2025-09-14,960.0,3,8,125,1290.2208361625671,False Alarm,,1,7,Sunday
mouse_2,2025-09-14,960.0,3,8,126,1302.430125951767,False Alarm,,1,5,Sunday
mouse_2,2025-09-14,960.0,3,8,127,1317.150107383728,Hit,0.42219601987108035,0,20,Sunday
mouse_2,2025-09-14,960.0,3,8,128,1326.3612427711487,False Alarm,,1,6,Sunday
mouse_2,2025-09-14,960.0,3,8,129,1342.3197402954102,False Alarm,,1,1,Sunday
mouse_2,2025-09-14,960.0,3,8,130,1353.5210947990417,Hit,0.7958114077723621,0,17,Sunday
mouse_2,2025-09-14,960.0,3,8,131,1362.4734082221985,Hit,1.0212551221973172,0,25,Sunday
mouse_2,2025-09-14,960.0,3,8,132,1370.673779964447,Miss,,0,0,Sunday
mouse_2,2025-09-14,960.0,3,8,133,1381.3727338314056,Hit,0.3587998133709789,0,19,Sunday
mouse_2,2025-09-14,960.0,3,8,134,1390.0731964111328,False Alarm,,1,5,Sunday
mouse_2,2025-09-14,960.0,3,8,135,1407.0294318199158,Miss,,0,0,Sunday
mouse_2,2025-09-14,960.0,3,8,136,1417.2330000400543,Miss,,0,0,Sunday
mouse_2,2025-09-14,960.0,3,8,137,1427.4401581287384,Hit,0.9681082533275003,0,14,Sunday
mouse_2,2025-09-14,960.0,3,8,138,1437.3927428722382,Hit,1.860194879303208,0,17,Sunday
mouse_2,2025-09-14,960.0,3,8,139,1447.603354692459,Hit,1.8931990868493358,0,24,Sunday
mouse_2,2025-09-14,960.0,3,8,140,1457.0620791912079,Hit,0.7099353686751328,0,46,Sunday
mouse_2,2025-09-14,960.0,3,8,141,1466.77214884758,False Alarm,,1,20,Sunday
mouse_2,2025-09-14,960.0,3,8,142,1476.9680321216583,False Alarm,,1,11,Sunday
mouse_2,2025-09-14,960.0,3,8,143,1488.1711807250977,False Alarm,,1,7,Sunday
mouse_2,2025-09-14,960.0,3,8,144,1501.888697385788,Hit,0.8747112487917548,0,31,Sunday
mouse_2,2025-09-14,960.0,3,8,145,1510.3433110713959,False Alarm,,1,4,Sunday
mouse_2,2025-09-14,960.0,3,8,146,1520.5410432815552,False Alarm,,1,4,Sunday
mouse_2,2025-09-14,960.0,3,8,147,1538.7430503368378,Miss,,0,6,Sunday
mouse_2,2025-09-14,960.0,3,8,148,1548.952442407608,Hit,0.483725568531554,0,11,Sunday
mouse_2,2025-09-14,960.0,3,8,149,1556.6535243988037,Hit,0.2538626173075045,0,18,Sunday
mouse_2,2025-09-14,960.0,3,8,150,1565.1021609306335,Hit,0.6453687354610338,0,14,Sunday
mouse_2,2025-09-14,960.0,3,8,151,1573.5525062084198,Hit,1.4033348923944686,0,14,Sunday
mouse_2,2025-09-14,960.0,3,8,152,1583.762723684311,Hit,0.46078715371413637,0,28,Sunday
mouse_2,2025-09-14,960.0,3,8,153,1592.9616754055023,Miss,,0,0,Sunday
mouse_2,2025-09-14,960.0,3,8,154,1603.4123656749725,Hit,0.9332977836515965,0,21,Sunday
mouse_2,2025-09-14,960.0,3,8,155,1611.8611273765564,Hit,1.0323956179931884,0,26,Sunday
mouse_2,2025-09-14,960.0,3,8,156,1621.561930656433,Hit,0.4862340735796806,0,22,Sunday
mouse_2,2025-09-14,960.0,3,8,157,1629.2723505496979,False Alarm,,1,4,Sunday
mouse_2,2025-09-14,960.0,3,8,158,1643.7212636470795,Hit,0.07582989941806773,0,76,Sunday
mouse_2,2025-09-14,960.0,3,8,159,1652.681247472763,False Alarm,,1,72,Sunday
mouse_2,2025-09-14,960.0,3,8,160,1662.8782074451447,False Alarm,,1,10,Sunday
mouse_2,2025-09-14,960.0,3,8,161,1677.087682723999,False Alarm,,1,4,Sunday
mouse_2,2025-09-14,960.0,3,8,162,1687.8085615634918,Hit,0.961714136447199,0,21,Sunday
mouse_2,2025-09-14,960.0,3,8,163,1696.2612686157227,Hit (Calc),2.593119544962292,0,4,Sunday
mouse_2,2025-09-14,960.0,3,8,164,1705.9716143608093,Miss,,0,0,Sunday
mouse_2,2025-09-14,960.0,3,8,165,1717.4223005771637,Hit,0.39168904068969823,0,75,Sunday
mouse_2,2025-09-14,960.0,3,8,166,1726.128255367279,False Alarm,,1,47,Sunday
mouse_2,2025-09-14,960.0,3,8,167,1736.3273978233337,Hit,0.9718578947670267,0,38,Sunday
mouse_2,2025-09-14,960.0,3,8,168,1746.290498971939,False Alarm,,1,10,Sunday
mouse_2,2025-09-14,960.0,3,8,169,1756.4872028827667,Miss,,0,0,Sunday
mouse_2,2025-09-14,960.0,3,8,170,1766.190640926361,Hit,0.4684134651176919,0,11,Sunday
mouse_2,2025-09-14,960.0,3,8,171,1775.4011204242706,Miss,,0,0,Sunday
mouse_2,2025-09-14,960.0,3,8,172,1785.6021139621735,Miss,,0,0,Sunday
mouse_2,2025-09-14,960.0,3,8,173,1795.5580959320068,Miss,,0,0,Sunday
mouse_2,2025-09-15,960.0,0,-1,-1,,No Trial,,0,0,Monday
mouse_2,2025-09-16,960.0,3,9,1,0.4018230438232422,Hit,0.49250066423349725,0,23,Tuesday
mouse_2,2025-09-16,960.0,3,9,2,9.101993322372437,Hit (Calc),2.35071609851072,0,10,Tuesday
mouse_2,2025-09-16,960.0,3,9,3,19.047564268112183,False Alarm,,1,6,Tuesday
mouse_2,2025-09-16,960.0,3,9,4,30.246055603027344,False Alarm,,1,3,Tuesday
mouse_2,2025-09-16,960.0,3,9,5,41.94895815849304,Hit,1.9693237652424358,0,19,Tuesday
mouse_2,2025-09-16,960.0,3,9,6,51.649940490722656,Hit,0.9611390609414912,0,30,Tuesday
mouse_2,2025-09-16,960.0,3,9,7,60.84854531288147,Miss,,0,8,Tuesday
mouse_2,2025-09-16,960.0,3,9,8,72.04952359199524,False Alarm,,1,1,Tuesday
mouse_2,2025-09-16,960.0,3,9,9,83.99889349937439,Hit,0.7691650875067211,0,39,Tuesday
mouse_2,2025-09-16,960.0,3,9,10,93.21007132530212,False Alarm,,1,13,Tuesday
mouse_2,2025-09-16,960.0,3,9,11,103.91754269599915,False Alarm,,1,8,Tuesday
mouse_2,2025-09-16,960.0,3,9,12,119.3771378993988,False Alarm,,1,3,Tuesday
mouse_2,2025-09-16,960.0,3,9,13,130.3388855457306,Miss,,0,0,Tuesday
mouse_2,2025-09-16,960.0,3,9,14,141.03927326202393,Miss,,0,4,Tuesday
mouse_2,2025-09-16,960.0,3,9,15,150.73912858963013,False Alarm,,1,3,Tuesday
mouse_2,2025-09-16,960.0,3,9,16,161.68876194953918,Hit,1.5625649315933572,0,37,Tuesday
mouse_2,2025-09-16,960.0,3,9,17,172.13945889472961,False Alarm,,1,10,Tuesday
mouse_2,2025-09-16,960.0,3,9,18,182.3389003276825,False Alarm,,1,8,Tuesday
mouse_2,2025-09-16,960.0,3,9,19,194.29894351959229,False Alarm,,1,5,Tuesday
mouse_2,2025-09-16,960.0,3,9,20,205.7563784122467,Hit,1.5116542211315789,0,31,Tuesday
mouse_2,2025-09-16,960.0,3,9,21,214.45870423316956,False Alarm,,1,6,Tuesday
mouse_2,2025-09-16,960.0,3,9,22,224.64895915985107,False Alarm,,1,7,Tuesday
mouse_2,2025-09-16,960.0,3,9,23,239.35634231567383,Miss,,0,0,Tuesday
mouse_2,2025-09-16,960.0,3,9,24,250.80904960632324,Hit,1.1439036249839774,0,23,Tuesday
mouse_2,2025-09-16,960.0,3,9,25,261.0088725090027,Hit,1.24095911191705,0,29,Tuesday
mouse_2,2025-09-16,960.0,3,9,26,269.7191689014435,Hit,1.045852989801233,0,31,Tuesday
mouse_2,2025-09-16,960.0,3,9,27,279.1794354915619,False Alarm,,1,5,Tuesday
mouse_2,2025-09-16,960.0,3,9,28,289.3856279850006,False Alarm,,1,5,Tuesday
mouse_2,2025-09-16,960.0,3,9,29,303.3456108570099,False Alarm,,1,2,Tuesday
mouse_2,2025-09-16,960.0,3,9,30,316.3054459095001,Hit (Calc),2.8024064132413855,0,8,Tuesday
mouse_2,2025-09-16,960.0,3,9,31,327.7696125507355,Hit,0.7589263897726255,0,32,Tuesday
mouse_2,2025-09-16,960.0,3,9,32,335.719441652298,False Alarm,,1,9,Tuesday
mouse_2,2025-09-16,960.0,3,9,33,350.1757016181946,Miss,,0,1,Tuesday
mouse_2,2025-09-16,960.0,3,9,34,359.8864541053772,False Alarm,,1,1,Tuesday
mouse_2,2025-09-16,960.0,3,9,35,371.08917260169983,Miss,,0,2,Tuesday
mouse_2,2025-09-16,960.0,3,9,36,380.7881066799164,False Alarm,,1,2,Tuesday
mouse_2,2025-09-16,960.0,3,9,37,392.49511766433716,False Alarm,,1,5,Tuesday
mouse_2,2025-09-16,960.0,3,9,38,407.69884419441223,Hit,0.7561006390129137,0,41,Tuesday
mouse_2,2025-09-16,960.0,3,9,39,417.3989567756653,False Alarm,,1,12,Tuesday
mouse_2,2025-09-16,960.0,3,9,40,427.6049098968506,Hit,0.6226884262623571,0,42,Tuesday
mouse_2,2025-09-16,960.0,3,9,41,436.05837392807007,False Alarm,,1,23,Tuesday
mouse_2,2025-09-16,960.0,3,9,42,447.5152049064636,False Alarm,,1,6,Tuesday
mouse_2,2025-09-16,960.0,3,9,43,461.4751965999603,False Alarm,,1,2,Tuesday
mouse_2,2025-09-16,960.0,3,9,44,474.688839673996,Hit,0.29210812396223673,0,43,Tuesday
mouse_2,2025-09-16,960.0,3,9,45,483.88778924942017,False Alarm,,1,13,Tuesday
mouse_2,2025-09-16,960.0,3,9,46,494.1041078567505,Miss,,0,0,Tuesday
mouse_2,2025-09-16,960.0,3,9,47,505.3075077533722,Hit,0.7667520481541032,0,73,Tuesday
mouse_2,2025-09-16,960.0,3,9,48,515.0078620910645,False Alarm,,1,49,Tuesday
mouse_2,2025-09-16,960.0,3,9,49,525.2142567634583,False Alarm,,1,5,Tuesday
mouse_2,2025-09-16,960.0,3,9,50,537.1747014522552,Hit,0.09320964018809264,0,42,Tuesday
mouse_2,2025-09-16,960.0,3,9,51,545.1373770236969,False Alarm,,1,14,Tuesday
mouse_2,2025-09-16,960.0,3,9,52,555.3388342857361,Hit,2.2246020914562905,0,42,Tuesday
mouse_2,2025-09-16,960.0,3,9,53,565.7881026268005,False Alarm,,1,11,Tuesday
mouse_2,2025-09-16,960.0,3,9,54,575.9901552200317,Hit,1.761581015388515,0,29,Tuesday
mouse_2,2025-09-16,960.0,3,9,55,585.9472408294678,False Alarm,,1,2,Tuesday
mouse_2,2025-09-16,960.0,3,9,56,596.9046046733856,Hit (Calc),2.9183540256012748,0,11,Tuesday
mouse_2,2025-09-16,960.0,3,9,57,608.6074810028076,False Alarm,,1,8,Tuesday
mouse_2,2025-09-16,960.0,3,9,58,619.8088643550873,False Alarm,,1,11,Tuesday
mouse_2,2025-09-16,960.0,3,9,59,632.0151469707489,False Alarm,,1,9,Tuesday
mouse_2,2025-09-16,960.0,3,9,60,645.4791779518127,False Alarm,,1,11,Tuesday
mouse_2,2025-09-16,960.0,3,9,61,661.1788663864136,Hit,0.8765635339238997,0,46,Tuesday
mouse_2,2025-09-16,960.0,3,9,62,669.8782548904419,False Alarm,,1,17,Tuesday
mouse_2,2025-09-16,960.0,3,9,63,680.0763468742371,Hit,1.263403163571752,0,35,Tuesday
mouse_2,2025-09-16,960.0,3,9,64,688.5365443229675,Hit,0.11048551731619227,0,49,Tuesday
mouse_2,2025-09-16,960.0,3,9,65,695.986368894577,False Alarm,,1,20,Tuesday
mouse_2,2025-09-16,960.0,3,9,66,706.190009355545,Hit,1.1908686964852677,0,44,Tuesday
mouse_2,2025-09-16,960.0,3,9,67,714.6368706226349,False Alarm,,1,21,Tuesday
mouse_2,2025-09-16,960.0,3,9,68,724.8422145843506,False Alarm,,1,12,Tuesday
mouse_2,2025-09-16,960.0,3,9,69,739.3031113147736,False Alarm,,1,7,Tuesday
mouse_2,2025-09-16,960.0,3,9,70,751.5133717060089,Miss,,0,0,Tuesday
mouse_2,2025-09-16,960.0,3,9,71,762.7139754295349,Hit,1.4218705184001692,0,19,Tuesday
mouse_2,2025-09-16,960.0,3,9,72,772.166276216507,Hit (Calc),2.725531029565218,0,6,Tuesday
mouse_2,2025-09-16,960.0,3,9,73,782.8657293319702,Miss,,0,7,Tuesday
mouse_2,2025-09-16,960.0,3,9,74,793.5643045902252,False Alarm,,1,12,Tuesday
mouse_2,2025-09-16,960.0,3,9,75,807.532678604126,Miss,,0,1,Tuesday
mouse_2,2025-09-16,960.0,3,9,76,817.486207485199,False Alarm,,1,1,Tuesday
mouse_2,2025-09-16,960.0,3,9,77,828.4337396621704,Miss,,0,0,Tuesday
mouse_2,2025-09-16,960.0,3,9,78,838.3833949565887,Hit,0.9580556264639881,0,33,Tuesday
mouse_2,2025-09-16,960.0,3,9,79,846.5856909751892,False Alarm,,1,24,Tuesday
mouse_2,2025-09-16,960.0,3,9,80,856.7994275093079,False Alarm,,1,17,Tuesday
mouse_2,2025-09-16,960.0,3,9,81,870.2689402103424,False Alarm,,1,10,Tuesday
mouse_2,2025-09-16,960.0,3,9,82,882.2217090129852,False Alarm,,1,4,Tuesday
mouse_2,2025-09-16,960.0,3,9,83,893.4317817687988,Hit,1.0928201583606096,0,52,Tuesday
mouse_2,2025-09-16,960.0,3,9,84,903.1322824954987,False Alarm,,1,25,Tuesday
mouse_2,2025-09-16,960.0,3,9,85,913.3410708904266,False Alarm,,1,7,Tuesday
mouse_2,2025-09-16,960.0,3,9,86,924.0488035678864,False Alarm,,1,5,Tuesday
mouse_2,2025-09-16,960.0,3,9,87,937.7614912986755,Hit,1.0183304580622234,0,48,Tuesday
mouse_2,2025-09-16,960.0,3,9,88,947.463832616806,False Alarm,,1,22,Tuesday
mouse_2,2025-09-16,960.0,3,9,89,957.6714749336243,False Alarm,,1,6,Tuesday
mouse_2,2025-09-16,960.0,3,9,90,972.6208946704865,Hit,0.6581553591979628,0,48,Tuesday
mouse_2,2025-09-16,960.0,3,9,91,982.3345665931702,False Alarm,,1,19,Tuesday
mouse_2,2025-09-16,960.0,3,9,92,992.5403723716736,Hit,0.7978304075733149,0,25,Tuesday
mouse_2,2025-09-16,960.0,3,9,93,1001.9937326908112,False Alarm,,1,1,Tuesday
mouse_2,2025-09-16,960.0,3,9,94,1013.7005934715271,Hit,0.6367298289319478,0,73,Tuesday
mouse_2,2025-09-16,960.0,3,9,95,1022.6630954742432,False Alarm,,1,50,Tuesday
mouse_2,2025-09-16,960.0,3,9,96,1032.8699798583984,False Alarm,,1,3,Tuesday
mouse_2,2025-09-16,960.0,3,9,97,1046.580510854721,Hit,0.34234328592992824,0,36,Tuesday
mouse_2,2025-09-16,960.0,3,9,98,1056.0336389541626,False Alarm,,1,13,Tuesday
mouse_2,2025-09-16,960.0,3,9,99,1066.2302720546722,False Alarm,,1,5,Tuesday
mouse_2,2025-09-16,960.0,3,9,100,1077.6898453235626,Hit,0.8286587813538517,0,37,Tuesday
mouse_2,2025-09-16,960.0,3,9,101,1086.4026050567627,False Alarm,,1,9,Tuesday
mouse_2,2025-09-16,960.0,3,9,102,1096.598816871643,Hit,1.0578017613188422,0,30,Tuesday
mouse_2,2025-09-16,960.0,3,9,103,1105.303005695343,False Alarm,,1,3,Tuesday
mouse_2,2025-09-16,960.0,3,9,104,1115.508719444275,Hit,0.715791846821503,0,45,Tuesday
mouse_2,2025-09-16,960.0,3,9,105,1123.962459564209,False Alarm,,1,16,Tuesday
mouse_2,2025-09-16,960.0,3,9,106,1134.1686835289001,False Alarm,,1,6,Tuesday
mouse_2,2025-09-16,960.0,3,9,107,1151.878905057907,Hit,0.7427968059175782,0,39,Tuesday
mouse_2,2025-09-16,960.0,3,9,108,1159.8404598236084,False Alarm,,1,15,Tuesday
mouse_2,2025-09-16,960.0,3,9,109,1170.028736591339,False Alarm,,1,11,Tuesday
mouse_2,2025-09-16,960.0,3,9,110,1182.4893040657043,False Alarm,,1,11,Tuesday
mouse_2,2025-09-16,960.0,3,9,111,1196.9584069252014,Miss,,0,0,Tuesday
mouse_2,2025-09-16,960.0,3,9,112,1208.418806552887,Hit,0.03457651160442765,0,55,Tuesday
mouse_2,2025-09-16,960.0,3,9,113,1217.1319715976715,False Alarm,,1,25,Tuesday
mouse_2,2025-09-16,960.0,3,9,114,1227.3381650447845,Miss,,0,1,Tuesday
mouse_2,2025-09-16,960.0,3,9,115,1237.051143169403,Hit,0.734650177137155,0,54,Tuesday
mouse_2,2025-09-16,960.0,3,9,116,1245.7599394321442,False Alarm,,1,29,Tuesday
mouse_2,2025-09-16,960.0,3,9,117,1255.9677987098694,False Alarm,,1,14,Tuesday
mouse_2,2025-09-16,960.0,3,9,118,1267.1687502861023,False Alarm,,1,10,Tuesday
mouse_2,2025-09-16,960.0,3,9,119,1279.8853034973145,Miss,,0,2,Tuesday
mouse_2,2025-09-16,960.0,3,9,120,1290.0907001495361,False Alarm,,1,2,Tuesday
mouse_2,2025-09-16,960.0,3,9,121,1301.55779671669,Hit,1.7396031145317465,0,40,Tuesday
mouse_2,2025-09-16,960.0,3,9,122,1310.7713570594788,False Alarm,,1,11,Tuesday
mouse_2,2025-09-16,960.0,3,9,123,1320.9775335788727,Miss,,0,0,Tuesday
mouse_2,2025-09-16,960.0,3,9,124,1331.929486989975,Hit,1.2276484429701213,0,45,Tuesday
mouse_2,2025-09-16,960.0,3,9,125,1341.1316378116608,False Alarm,,1,14,Tuesday
mouse_2,2025-09-16,960.0,3,9,126,1351.342691898346,Miss,,0,2,Tuesday
mouse_2,2025-09-16,960.0,3,9,127,1362.7901875972748,False Alarm,,1,2,Tuesday
mouse_2,2025-09-16,960.0,3,9,128,1375.2389311790466,Miss,,0,0,Tuesday
mouse_2,2025-09-16,960.0,3,9,129,1385.6887800693512,False Alarm,,1,2,Tuesday
mouse_2,2025-09-16,960.0,3,9,130,1403.6468796730042,Hit,1.5879920256718378,0,47,Tuesday
mouse_2,2025-09-16,960.0,3,9,131,1412.6004538536072,False Alarm,,1,19,Tuesday
mouse_2,2025-09-16,960.0,3,9,132,1422.806488275528,Miss,,0,9,Tuesday
mouse_2,2025-09-16,960.0,3,9,133,1432.7601611614227,Hit,0.06555747477818841,0,54,Tuesday
mouse_2,2025-09-16,960.0,3,9,134,1439.970133781433,False Alarm,,1,24,Tuesday
mouse_2,2025-09-16,960.0,3,9,135,1450.1764373779297,Miss,,0,2,Tuesday
mouse_2,2025-09-16,960.0,3,9,136,1460.3787434101105,Hit,1.625853491532098,0,49,Tuesday
mouse_2,2025-09-16,960.0,3,9,137,1470.8284838199615,False Alarm,,1,20,Tuesday
mouse_2,2025-09-16,960.0,3,9,138,1481.0262563228607,Hit (Calc),2.4265486083863834,0,4,Tuesday
mouse_2,2025-09-16,960.0,3,9,139,1490.7287442684174,Hit,1.2354503185829344,0,35,Tuesday
mouse_2,2025-09-16,960.0,3,9,140,1499.42715883255,False Alarm,,1,6,Tuesday
mouse_2,2025-09-16,960.0,3,9,141,1509.6266605854034,Hit,0.3272437643354351,0,36,Tuesday
mouse_2,2025-09-16,960.0,3,9,142,1518.5887324810028,False Alarm,,1,6,Tuesday
mouse_2,2025-09-16,960.0,3,9,143,1528.7960414886475,Hit,0.8677618305523538,0,45,Tuesday
mouse_2,2025-09-16,960.0,3,9,144,1537.2501237392426,False Alarm,,1,17,Tuesday
mouse_2,2025-09-16,960.0,3,9,145,1547.4559183120728,Hit,1.478357269646267,0,43,Tuesday
mouse_2,2025-09-16,960.0,3,9,146,1556.90966963768,False Alarm,,1,15,Tuesday
mouse_2,2025-09-16,960.0,3,9,147,1567.119483947754,Hit,0.07562969934997454,0,37,Tuesday
mouse_2,2025-09-16,960.0,3,9,148,1575.578495502472,False Alarm,,1,12,Tuesday
mouse_2,2025-09-16,960.0,3,9,149,1585.7853758335114,Hit,0.13986208431606428,0,64,Tuesday
mouse_2,2025-09-16,960.0,3,9,150,1593.7487862110138,False Alarm,,1,38,Tuesday
mouse_2,2025-09-16,960.0,3,9,151,1603.9562532901764,False Alarm,,1,3,Tuesday
mouse_2,2025-09-16,960.0,3,9,152,1615.4158535003662,Hit,0.9529842028762232,0,36,Tuesday
mouse_2,2025-09-16,960.0,3,9,153,1625.3684265613556,False Alarm,,1,14,Tuesday
mouse_2,2025-09-16,960.0,3,9,154,1635.565367937088,False Alarm,,1,8,Tuesday
mouse_2,2025-09-16,960.0,3,9,155,1646.769193649292,False Alarm,,1,2,Tuesday
mouse_2,2025-09-16,960.0,3,9,156,1658.7252187728882,Hit,0.41994551904599575,0,30,Tuesday
mouse_2,2025-09-16,960.0,3,9,157,1667.9291212558746,False Alarm,,1,1,Tuesday
mouse_2,2025-09-16,960.0,3,9,158,1678.134904384613,Hit,2.107992594158304,0,42,Tuesday
mouse_2,2025-09-16,960.0,3,9,159,1687.8392412662506,False Alarm,,1,21,Tuesday
mouse_2,2025-09-16,960.0,3,9,160,1698.0448756217957,False Alarm,,1,6,Tuesday
mouse_2,2025-09-16,960.0,3,9,161,1710.254777431488,Hit,0.12906449000774955,0,33,Tuesday
mouse_2,2025-09-16,960.0,3,9,162,1718.6986038684845,False Alarm,,1,3,Tuesday
mouse_2,2025-09-16,960.0,3,9,163,1728.9043037891388,Hit,0.6674970929200299,0,31,Tuesday
mouse_2,2025-09-16,960.0,3,9,164,1738.6156642436981,False Alarm,,1,2,Tuesday
mouse_2,2025-09-16,960.0,3,9,165,1748.8241069316864,Hit,2.076472642719409,0,48,Tuesday
mouse_2,2025-09-16,960.0,3,9,166,1759.5373086929321,False Alarm,,1,18,Tuesday
mouse_2,2025-09-16,960.0,3,9,167,1769.7287950515747,Hit,0.034001544179318444,0,31,Tuesday
mouse_2,2025-09-16,960.0,3,9,168,1777.9285016059875,False Alarm,,1,1,Tuesday
mouse_2,2025-09-16,960.0,3,9,169,1788.126161813736,Hit,1.350063849752587,0,26,Tuesday
mouse_2,2025-09-16,960.0,3,9,170,1797.3286616802216,Miss,,0,0,Tuesday
mouse_2,2025-09-17,960.0,3,10,1,0.37749600410461426,False Alarm,,1,3,Wednesday
mouse_2,2025-09-17,960.0,3,10,2,10.593506574630737,Hit,2.0956935251332602,0,29,Wednesday
mouse_2,2025-09-17,960.0,3,10,3,20.04701805114746,Miss,,0,9,Wednesday
mouse_2,2025-09-17,960.0,3,10,4,30.496612787246704,False Alarm,,1,15,Wednesday
mouse_2,2025-09-17,960.0,3,10,5,41.45313882827759,False Alarm,,1,11,Wednesday
mouse_2,2025-09-17,960.0,3,10,6,55.918503522872925,False Alarm,,1,4,Wednesday
mouse_2,2025-09-17,960.0,3,10,7,67.3733332157135,Hit,0.31741251989092234,0,44,Wednesday
mouse_2,2025-09-17,960.0,3,10,8,76.0772614479065,False Alarm,,1,17,Wednesday
mouse_2,2025-09-17,960.0,3,10,9,86.28329086303711,False Alarm,,1,4,Wednesday
mouse_2,2025-09-17,960.0,3,10,10,99.74311757087708,Hit,1.2460567200730708,0,29,Wednesday
mouse_2,2025-09-17,960.0,3,10,11,108.1967670917511,False Alarm,,1,1,Wednesday
mouse_2,2025-09-17,960.0,3,10,12,118.39717197418213,Miss,,0,4,Wednesday
mouse_2,2025-09-17,960.0,3,10,13,128.35638189315796,False Alarm,,1,5,Wednesday
mouse_2,2025-09-17,960.0,3,10,14,138.56349062919617,Hit,0.4324313520963585,0,36,Wednesday
mouse_2,2025-09-17,960.0,3,10,15,146.76710438728333,False Alarm,,1,5,Wednesday
mouse_2,2025-09-17,960.0,3,10,16,156.96855473518372,Hit,1.401116289314274,0,25,Wednesday
mouse_2,2025-09-17,960.0,3,10,17,166.1776306629181,Hit,0.8711037371085695,0,30,Wednesday
mouse_2,2025-09-17,960.0,3,10,18,175.8855586051941,False Alarm,,1,1,Wednesday
mouse_2,2025-09-17,960.0,3,10,19,186.0923092365265,Hit,1.5643019491746202,0,29,Wednesday
mouse_2,2025-09-17,960.0,3,10,20,196.04559087753296,Hit,0.3882324570597291,0,25,Wednesday
mouse_2,2025-09-17,960.0,3,10,21,204.24572730064392,Hit,1.4855562894617265,0,36,Wednesday
mouse_2,2025-09-17,960.0,3,10,22,213.19324707984924,False Alarm,,1,11,Wednesday
mouse_2,2025-09-17,960.0,3,10,23,227.65222811698914,False Alarm,,1,4,Wednesday
mouse_2,2025-09-17,960.0,3,10,24,238.8625464439392,Hit,1.150192616978444,0,69,Wednesday
mouse_2,2025-09-17,960.0,3,10,25,247.31508493423462,False Alarm,,1,41,Wednesday
mouse_2,2025-09-17,960.0,3,10,26,257.50865054130554,False Alarm,,1,2,Wednesday
mouse_2,2025-09-17,960.0,3,10,27,270.46216917037964,Hit,1.413997705565464,0,66,Wednesday
mouse_2,2025-09-17,960.0,3,10,28,280.91614747047424,False Alarm,,1,36,Wednesday
mouse_2,2025-09-17,960.0,3,10,29,291.1218385696411,Hit,1.5714529969397404,0,22,Wednesday
mouse_2,2025-09-17,960.0,3,10,30,300.5857982635498,Hit,1.1338812182093534,0,1,Wednesday
mouse_2,2025-09-17,960.0,3,10,31,309.53270173072815,Hit,1.2646605718664432,0,53,Wednesday
mouse_2,2025-09-17,960.0,3,10,32,317.98647451400757,False Alarm,,1,23,Wednesday
mouse_2,2025-09-17,960.0,3,10,33,328.1927287578583,Miss,,0,3,Wednesday
mouse_2,2025-09-17,960.0,3,10,34,337.89461851119995,False Alarm,,1,3,Wednesday
mouse_2,2025-09-17,960.0,3,10,35,348.85154914855957,Hit,0.7603491291901037,0,55,Wednesday
mouse_2,2025-09-17,960.0,3,10,36,357.3046407699585,False Alarm,,1,25,Wednesday
mouse_2,2025-09-17,960.0,3,10,37,367.50666069984436,False Alarm,,1,13,Wednesday
mouse_2,2025-09-17,960.0,3,10,38,383.21116161346436,Hit,0.12364729147031994,0,52,Wednesday
mouse_2,2025-09-17,960.0,3,10,39,390.9152991771698,False Alarm,,1,21,Wednesday
mouse_2,2025-09-17,960.0,3,10,40,401.11861300468445,Miss,,0,0,Wednesday
mouse_2,2025-09-17,960.0,3,10,41,411.3142976760864,Hit,0.6689884060720601,0,52,Wednesday
mouse_2,2025-09-17,960.0,3,10,42,419.76574325561523,False Alarm,,1,22,Wednesday
mouse_2,2025-09-17,960.0,3,10,43,429.98057293891907,Hit,0.1173793207935887,0,65,Wednesday
mouse_2,2025-09-17,960.0,3,10,44,439.1855640411377,False Alarm,,1,36,Wednesday
mouse_2,2025-09-17,960.0,3,10,45,449.3907332420349,Miss,,0,4,Wednesday
mouse_2,2025-09-17,960.0,3,10,46,459.59400057792664,False Alarm,,1,4,Wednesday
mouse_2,2025-09-17,960.0,3,10,47,470.5486741065979,Hit,0.7845271874181208,0,26,Wednesday
mouse_2,2025-09-17,960.0,3,10,48,479.99412751197815,Hit,1.2758171992952043,0,52,Wednesday
mouse_2,2025-09-17,960.0,3,10,49,489.69444465637207,False Alarm,,1,21,Wednesday
mouse_2,2025-09-17,960.0,3,10,50,499.9005947113037,Hit,0.16506430109376424,0,32,Wednesday
mouse_2,2025-09-17,960.0,3,10,51,509.10358786582947,False Alarm,,1,4,Wednesday
mouse_2,2025-09-17,960.0,3,10,52,519.3105053901672,Miss,,0,0,Wednesday
mouse_2,2025-09-17,960.0,3,10,53,530.2634143829346,Hit,2.2513345900702006,0,56,Wednesday
mouse_2,2025-09-17,960.0,3,10,54,540.4735808372498,False Alarm,,1,30,Wednesday
mouse_2,2025-09-17,960.0,3,10,55,550.6799736022949,False Alarm,,1,7,Wednesday
mouse_2,2025-09-17,960.0,3,10,56,563.6398205757141,False Alarm,,1,3,Wednesday
mouse_2,2025-09-17,960.0,3,10,57,577.855678319931,Hit,0.6187566152707404,0,28,Wednesday
mouse_2,2025-09-17,960.0,3,10,58,586.5540542602539,False Alarm,,1,6,Wednesday
mouse_2,2025-09-17,960.0,3,10,59,601.7594265937805,False Alarm,,1,3,Wednesday
mouse_2,2025-09-17,960.0,3,10,60,613.7295792102814,Miss,,0,0,Wednesday
mouse_2,2025-09-17,960.0,3,10,61,624.6837725639343,Hit,2.04772328817387,0,43,Wednesday
mouse_2,2025-09-17,960.0,3,10,62,635.3825964927673,False Alarm,,1,13,Wednesday
mouse_2,2025-09-17,960.0,3,10,63,645.5791335105896,Hit,1.2335161158243864,0,77,Wednesday
mouse_2,2025-09-17,960.0,3,10,64,655.2823712825775,False Alarm,,1,49,Wednesday
mouse_2,2025-09-17,960.0,3,10,65,665.4786081314087,Hit,0.32954892319150986,0,74,Wednesday
mouse_2,2025-09-17,960.0,3,10,66,674.4331896305084,False Alarm,,1,62,Wednesday
mouse_2,2025-09-17,960.0,3,10,67,684.63871717453,Hit,0.17830665385861266,0,75,Wednesday
mouse_2,2025-09-17,960.0,3,10,68,692.0929534435272,False Alarm,,1,51,Wednesday
mouse_2,2025-09-17,960.0,3,10,69,702.2985212802887,Hit,1.3736078399036842,0,34,Wednesday
mouse_2,2025-09-17,960.0,3,10,70,711.2621028423309,False Alarm,,1,6,Wednesday
mouse_2,2025-09-17,960.0,3,10,71,721.4685056209564,False Alarm,,1,5,Wednesday
mouse_2,2025-09-17,960.0,3,10,72,736.4386641979218,Hit,0.0326682645298888,0,49,Wednesday
mouse_2,2025-09-17,960.0,3,10,73,744.6517136096954,False Alarm,,1,19,Wednesday
mouse_2,2025-09-17,960.0,3,10,74,754.8572046756744,Hit,0.6055176123370529,0,47,Wednesday
mouse_2,2025-09-17,960.0,3,10,75,763.5616364479065,False Alarm,,1,17,Wednesday
mouse_2,2025-09-17,960.0,3,10,76,773.748603105545,Hit,0.46989097522441625,0,28,Wednesday
mouse_2,2025-09-17,960.0,3,10,77,783.2014682292938,Hit,0.34701105838632884,0,75,Wednesday
mouse_2,2025-09-17,960.0,3,10,78,791.6528799533844,False Alarm,,1,52,Wednesday
mouse_2,2025-09-17,960.0,3,10,79,801.8652875423431,Hit,1.3869358980571178,0,37,Wednesday
mouse_2,2025-09-17,960.0,3,10,80,811.5609495639801,False Alarm,,1,8,Wednesday
mouse_2,2025-09-17,960.0,3,10,81,821.7577345371246,Hit,0.46869851939879936,0,76,Wednesday
mouse_2,2025-09-17,960.0,3,10,82,830.2085659503937,False Alarm,,1,104,Wednesday
mouse_2,2025-09-17,960.0,3,10,83,840.4083824157715,False Alarm,,1,11,Wednesday
mouse_2,2025-09-17,960.0,3,10,84,850.6185758113861,Hit,0.9002171398274186,0,22,Wednesday
mouse_2,2025-09-17,960.0,3,10,85,859.0810935497284,False Alarm,,1,3,Wednesday
mouse_2,2025-09-17,960.0,3,10,86,869.2786660194397,Miss,,0,0,Wednesday
mouse_2,2025-09-17,960.0,3,10,87,880.4818403720856,Hit,1.9355125420753438,0,39,Wednesday
mouse_2,2025-09-17,960.0,3,10,88,891.4307413101196,False Alarm,,1,9,Wednesday
mouse_2,2025-09-17,960.0,3,10,89,901.6271867752075,Miss,,0,4,Wednesday
mouse_2,2025-09-17,960.0,3,10,90,912.8300497531891,False Alarm,,1,9,Wednesday
mouse_2,2025-09-17,960.0,3,10,91,923.027081489563,False Alarm,,1,8,Wednesday
mouse_2,2025-09-17,960.0,3,10,92,936.73717045784,Hit,1.0497551483424559,0,28,Wednesday
mouse_2,2025-09-17,960.0,3,10,93,946.4521815776825,False Alarm,,1,6,Wednesday
mouse_2,2025-09-17,960.0,3,10,94,956.6485617160797,False Alarm,,1,1,Wednesday
mouse_2,2025-09-17,960.0,3,10,95,969.5987906455994,Hit,1.7024982577546552,0,46,Wednesday
mouse_2,2025-09-17,960.0,3,10,96,980.3003833293915,False Alarm,,1,15,Wednesday
mouse_2,2025-09-17,960.0,3,10,97,990.5070204734802,Hit,1.4419992198480713,0,49,Wednesday
mouse_2,2025-09-17,960.0,3,10,98,1000.2202715873718,False Alarm,,1,20,Wednesday
mouse_2,2025-09-17,960.0,3,10,99,1010.4269404411316,Miss,,0,0,Wednesday
mouse_2,2025-09-17,960.0,3,10,100,1020.3800992965698,Miss,,0,0,Wednesday
mouse_2,2025-09-17,960.0,3,10,101,1030.8396275043488,False Alarm,,1,4,Wednesday
mouse_2,2025-09-17,960.0,3,10,102,1046.5559968948364,Miss,,0,0,Wednesday
mouse_2,2025-09-17,960.0,3,10,103,1057.269635438919,Hit,1.0747622173748823,0,69,Wednesday
mouse_2,2025-09-17,960.0,3,10,104,1065.729810476303,False Alarm,,1,38,Wednesday
mouse_2,2025-09-17,960.0,3,10,105,1075.9358179569244,Miss,,0,3,Wednesday
mouse_2,2025-09-17,960.0,3,10,106,1087.399171590805,False Alarm,,1,7,Wednesday
mouse_2,2025-09-17,960.0,3,10,107,1099.6062517166138,Hit,0.5420867249854382,0,38,Wednesday
mouse_2,2025-09-17,960.0,3,10,108,1107.3184657096863,False Alarm,,1,9,Wednesday
mouse_2,2025-09-17,960.0,3,10,109,1117.5258004665375,Miss,,0,2,Wednesday
mouse_2,2025-09-17,960.0,3,10,110,1128.4789881706238,False Alarm,,1,2,Wednesday
mouse_2,2025-09-17,960.0,3,10,111,1140.9360921382904,Miss,,0,0,Wednesday
mouse_2,2025-09-17,960.0,3,10,112,1152.1385192871094,False Alarm,,1,6,Wednesday
mouse_2,2025-09-17,960.0,3,10,113,1168.0860576629639,Miss,,0,0,Wednesday
mouse_2,2025-09-17,960.0,3,10,114,1179.2879164218903,Hit,1.0588818515823277,0,20,Wednesday
mouse_2,2025-09-17,960.0,3,10,115,1189.2385740280151,Hit,0.21542661596663493,0,23,Wednesday
mouse_2,2025-09-17,960.0,3,10,116,1197.4397702217102,Hit,1.1157045042525624,0,37,Wednesday
mouse_2,2025-09-17,960.0,3,10,117,1205.6383972167969,False Alarm,,1,8,Wednesday
mouse_2,2025-09-17,960.0,3,10,118,1215.8449914455414,Hit,1.2166959014814438,0,58,Wednesday
mouse_2,2025-09-17,960.0,3,10,119,1225.0483839511871,False Alarm,,1,26,Wednesday
mouse_2,2025-09-17,960.0,3,10,120,1235.244882106781,Miss,,0,28,Wednesday
mouse_2,2025-09-17,960.0,3,10,121,1245.7095091342926,False Alarm,,1,36,Wednesday
mouse_2,2025-09-17,960.0,3,10,122,1257.6648726463318,False Alarm,,1,4,Wednesday
mouse_2,2025-09-17,960.0,3,10,123,1268.6348180770874,Hit,0.7256388484365743,0,24,Wednesday
mouse_2,2025-09-17,960.0,3,10,124,1276.5987975597382,Hit,0.9593018095026764,0,28,Wednesday
mouse_2,2025-09-17,960.0,3,10,125,1285.557746887207,Hit,1.332943826598239,0,40,Wednesday
mouse_2,2025-09-17,960.0,3,10,126,1294.998365163803,False Alarm,,1,12,Wednesday
mouse_2,2025-09-17,960.0,3,10,127,1305.1944358348846,Hit,0.3163118018194382,0,78,Wednesday
mouse_2,2025-09-17,960.0,3,10,128,1313.1590633392334,False Alarm,,1,64,Wednesday
mouse_2,2025-09-17,960.0,3,10,129,1323.3635835647583,Hit,1.51180907196931,0,12,Wednesday
mouse_2,2025-09-17,960.0,3,10,130,1332.819313287735,Hit,0.5781479462432344,0,28,Wednesday
mouse_2,2025-09-17,960.0,3,10,131,1340.768004655838,Hit,0.2167045255425819,0,68,Wednesday
mouse_2,2025-09-17,960.0,3,10,132,1348.4788200855255,False Alarm,,1,38,Wednesday
mouse_2,2025-09-17,960.0,3,10,133,1358.6846477985382,Miss,,0,0,Wednesday
mouse_2,2025-09-17,960.0,3,10,134,1368.6376843452454,Hit,1.7147751658344532,0,39,Wednesday
mouse_2,2025-09-17,960.0,3,10,135,1378.5877149105072,False Alarm,,1,7,Wednesday
mouse_2,2025-09-17,960.0,3,10,136,1388.7842004299164,Miss,,0,0,Wednesday
mouse_2,2025-09-17,960.0,3,10,137,1399.9877347946167,Miss,,0,0,Wednesday
mouse_2,2025-09-17,960.0,3,10,138,1410.9377434253693,Miss,,0,0,Wednesday
mouse_2,2025-09-17,960.0,3,10,139,1421.8873431682587,Hit,0.7261335168120695,0,27,Wednesday
mouse_2,2025-09-17,960.0,3,10,140,1430.0876104831696,Miss,,0,0,Wednesday
mouse_2,2025-09-17,960.0,3,10,141,1441.2775526046753,Miss,,0,0,Wednesday
mouse_2,2025-09-17,960.0,3,10,142,1452.7274610996246,Miss,,0,0,Wednesday
mouse_2,2025-09-17,960.0,3,10,143,1464.1774735450745,Miss,,0,0,Wednesday
mouse_2,2025-09-17,960.0,3,10,144,1474.3872520923615,Hit,1.6119795265053654,0,49,Wednesday
mouse_2,2025-09-17,960.0,3,10,145,1484.0974023342133,False Alarm,,1,20,Wednesday
mouse_2,2025-09-17,960.0,3,10,146,1494.2939765453339,Hit,0.6703101355915351,0,16,Wednesday
mouse_2,2025-09-17,960.0,3,10,147,1502.489051580429,False Alarm,,1,5,Wednesday
mouse_2,2025-09-17,960.0,3,10,148,1516.6945571899414,False Alarm,,1,4,Wednesday
mouse_2,2025-09-17,960.0,3,10,149,1530.1645212173462,Hit,0.8180365917480685,0,22,Wednesday
mouse_2,2025-09-17,960.0,3,10,150,1538.1286180019379,Miss,,0,0,Wednesday
mouse_2,2025-09-17,960.0,3,10,151,1548.0783941745758,Hit,1.1655976459944668,0,19,Wednesday
mouse_2,2025-09-17,960.0,3,10,152,1557.5419707298279,Hit,1.6226374921034221,0,18,Wednesday
mouse_2,2025-09-17,960.0,3,10,153,1567.4880933761597,Hit,0.7024004197883187,0,44,Wednesday
mouse_2,2025-09-17,960.0,3,10,154,1576.4374601840973,False Alarm,,1,14,Wednesday
mouse_2,2025-09-17,960.0,3,10,155,1586.6286687850952,Hit,0.11382088228970133,0,24,Wednesday
mouse_2,2025-09-17,960.0,3,10,156,1594.8277173042297,Miss,,0,0,Wednesday
mouse_2,2025-09-17,960.0,3,10,157,1605.527194738388,Hit,0.6537997913212621,0,36,Wednesday
mouse_2,2025-09-17,960.0,3,10,158,1613.9843373298645,False Alarm,,1,6,Wednesday
mouse_2,2025-09-17,960.0,3,10,159,1624.1838495731354,Miss,,0,0,Wednesday
mouse_2,2025-09-17,960.0,3,10,160,1635.3869152069092,Miss,,0,0,Wednesday
mouse_2,2025-09-17,960.0,3,10,161,1645.087594985962,Miss,,0,0,Wednesday
mouse_2,2025-09-17,960.0,3,10,162,1655.036916732788,Hit,1.5113969994647505,0,4,Wednesday
mouse_2,2025-09-17,960.0,3,10,163,1663.7473676204681,Hit,0.6116594555130632,0,67,Wednesday
mouse_2,2025-09-17,960.0,3,10,164,1673.2074782848358,False Alarm,,1,43,Wednesday
mouse_2,2025-09-17,960.0,3,10,165,1683.4025475978851,Hit,0.23962916879531804,0,31,Wednesday
mouse_2,2025-09-17,960.0,3,10,166,1690.8674969673157,False Alarm,,1,2,Wednesday
mouse_2,2025-09-17,960.0,3,10,167,1701.075139760971,False Alarm,,1,3,Wednesday
mouse_2,2025-09-17,960.0,3,10,168,1719.284040927887,Miss,,0,0,Wednesday
mouse_2,2025-09-17,960.0,3,10,169,1729.4965007305145,Miss,,0,0,Wednesday
mouse_2,2025-09-17,960.0,3,10,170,1739.2078838348389,Hit,0.3924556427884909,0,25,Wednesday
mouse_2,2025-09-17,960.0,3,10,171,1747.9178698062897,Miss,,0,0,Wednesday
mouse_2,2025-09-17,960.0,3,10,172,1758.376792192459,Miss,,0,4,Wednesday
mouse_2,2025-09-17,960.0,3,10,173,1768.566575050354,Miss,,0,0,Wednesday
mouse_2,2025-09-17,960.0,3,10,174,1779.7664511203766,Miss,,0,0,Wednesday
mouse_2,2025-09-17,960.0,3,10,175,1790.7177183628082,Miss,,0,0,Wednesday
mouse_2,2025-09-17,960.0,3,10,176,1800.4163105487823,Miss,,0,0,Wednesday
mouse_2,2025-09-18,960.0,3,11,1,0.3181459903717041,False Alarm,,1,1,Thursday
mouse_2,2025-09-18,960.0,3,11,2,11.766355037689209,Hit,1.086690100205388,0,56,Thursday
mouse_2,2025-09-18,960.0,3,11,3,21.718756437301636,False Alarm,,1,29,Thursday
mouse_2,2025-09-18,960.0,3,11,4,31.926056146621704,Hit,0.24014963758355634,0,48,Thursday
mouse_2,2025-09-18,960.0,3,11,5,41.378671169281006,False Alarm,,1,25,Thursday
mouse_2,2025-09-18,960.0,3,11,6,51.57624888420105,False Alarm,,1,5,Thursday
mouse_2,2025-09-18,960.0,3,11,7,65.04581260681152,Hit,0.013905679930729775,0,30,Thursday
mouse_2,2025-09-18,960.0,3,11,8,73.75001311302185,Hit,1.5729020352744811,0,24,Thursday
mouse_2,2025-09-18,960.0,3,11,9,82.44974255561829,Hit,1.0785001743294913,0,37,Thursday
mouse_2,2025-09-18,960.0,3,11,10,91.15916681289673,False Alarm,,1,12,Thursday
mouse_2,2025-09-18,960.0,3,11,11,101.3653507232666,False Alarm,,1,6,Thursday
mouse_2,2025-09-18,960.0,3,11,12,112.83543252944946,Hit,1.0091625483061932,0,23,Thursday
mouse_2,2025-09-18,960.0,3,11,13,122.79912257194519,False Alarm,,1,8,Thursday
mouse_2,2025-09-18,960.0,3,11,14,136.50530815124512,False Alarm,,1,11,Thursday
mouse_2,2025-09-18,960.0,3,11,15,149.7255163192749,Hit,0.09609020790756517,0,33,Thursday
mouse_2,2025-09-18,960.0,3,11,16,157.18818640708923,False Alarm,,1,9,Thursday
mouse_2,2025-09-18,960.0,3,11,17,167.3846297264099,Hit,0.5589399524595251,0,28,Thursday
mouse_2,2025-09-18,960.0,3,11,18,175.32886290550232,False Alarm,,1,11,Thursday
mouse_2,2025-09-18,960.0,3,11,19,189.03634643554688,False Alarm,,1,9,Thursday
mouse_2,2025-09-18,960.0,3,11,20,203.24545288085938,Hit,1.560711125405959,0,24,Thursday
mouse_2,2025-09-18,960.0,3,11,21,212.1986210346222,Hit,1.2517707146017756,0,32,Thursday
mouse_2,2025-09-18,960.0,3,11,22,221.4080729484558,False Alarm,,1,2,Thursday
mouse_2,2025-09-18,960.0,3,11,23,231.60589265823364,Hit,0.26010768905953796,0,39,Thursday
mouse_2,2025-09-18,960.0,3,11,24,240.30946516990662,False Alarm,,1,13,Thursday
mouse_2,2025-09-18,960.0,3,11,25,250.51501774787903,False Alarm,,1,3,Thursday
mouse_2,2025-09-18,960.0,3,11,26,261.4750039577484,Hit,2.3734928512874376,0,32,Thursday
mouse_2,2025-09-18,960.0,3,11,27,271.6786093711853,False Alarm,,1,8,Thursday
mouse_2,2025-09-18,960.0,3,11,28,281.8693449497223,False Alarm,,1,8,Thursday
mouse_2,2025-09-18,960.0,3,11,29,292.07465958595276,False Alarm,,1,7,Thursday
mouse_2,2025-09-18,960.0,3,11,30,303.03436160087585,Hit,0.33728485197144664,0,30,Thursday
mouse_2,2025-09-18,960.0,3,11,31,310.73892045021057,False Alarm,,1,2,Thursday
mouse_2,2025-09-18,960.0,3,11,32,320.94434666633606,Hit,1.3647271665269614,0,28,Thursday
mouse_2,2025-09-18,960.0,3,11,33,331.1482994556427,Hit,0.561608379152517,0,52,Thursday
mouse_2,2025-09-18,960.0,3,11,34,339.8489627838135,False Alarm,,1,22,Thursday
mouse_2,2025-09-18,960.0,3,11,35,350.0453119277954,Hit,0.7168533212205261,0,33,Thursday
mouse_2,2025-09-18,960.0,3,11,36,359.74852108955383,False Alarm,,1,3,Thursday
mouse_2,2025-09-18,960.0,3,11,37,369.96458673477173,Hit,1.457665509547212,0,29,Thursday
mouse_2,2025-09-18,960.0,3,11,38,379.4187009334564,False Alarm,,1,8,Thursday
mouse_2,2025-09-18,960.0,3,11,39,389.6239848136902,False Alarm,,1,10,Thursday
mouse_2,2025-09-18,960.0,3,11,40,403.0845503807068,False Alarm,,1,8,Thursday
mouse_2,2025-09-18,960.0,3,11,41,417.545298576355,Hit,0.015165265999200983,0,38,Thursday
mouse_2,2025-09-18,960.0,3,11,42,426.24763917922974,False Alarm,,1,11,Thursday
mouse_2,2025-09-18,960.0,3,11,43,436.4541425704956,False Alarm,,1,8,Thursday
mouse_2,2025-09-18,960.0,3,11,44,449.65836930274963,Hit,0.30454138035918277,0,20,Thursday
mouse_2,2025-09-18,960.0,3,11,45,458.10750222206116,False Alarm,,1,2,Thursday
mouse_2,2025-09-18,960.0,3,11,46,469.80988025665283,False Alarm,,1,5,Thursday
mouse_2,2025-09-18,960.0,3,11,47,482.2552230358124,False Alarm,,1,8,Thursday
mouse_2,2025-09-18,960.0,3,11,48,493.70530366897583,False Alarm,,1,2,Thursday
mouse_2,2025-09-18,960.0,3,11,49,507.41521406173706,Hit,0.7649025004330952,0,16,Thursday
mouse_2,2025-09-18,960.0,3,11,50,515.8771629333496,Hit,0.5452641379097258,0,77,Thursday
mouse_2,2025-09-18,960.0,3,11,51,525.3375236988068,False Alarm,,1,55,Thursday
mouse_2,2025-09-18,960.0,3,11,52,535.5436511039734,Hit,1.0502678641229295,0,50,Thursday
mouse_2,2025-09-18,960.0,3,11,53,544.5073204040527,False Alarm,,1,23,Thursday
mouse_2,2025-09-18,960.0,3,11,54,554.7133140563965,False Alarm,,1,2,Thursday
mouse_2,2025-09-18,960.0,3,11,55,568.4233949184418,Hit,0.7720998263862384,0,73,Thursday
mouse_2,2025-09-18,960.0,3,11,56,576.8772053718567,False Alarm,,1,48,Thursday
mouse_2,2025-09-18,960.0,3,11,57,587.0815525054932,Miss,,0,0,Thursday
mouse_2,2025-09-18,960.0,3,11,58,598.2963502407074,Hit,2.3280086597758327,0,21,Thursday
mouse_2,2025-09-18,960.0,3,11,59,608.4972114562988,False Alarm,,1,10,Thursday
mouse_2,2025-09-18,960.0,3,11,60,622.4535183906555,False Alarm,,1,6,Thursday
mouse_2,2025-09-18,960.0,3,11,61,633.9129798412323,Hit,0.37918942662349764,0,51,Thursday
mouse_2,2025-09-18,960.0,3,11,62,641.8766124248505,False Alarm,,1,21,Thursday
mouse_2,2025-09-18,960.0,3,11,63,652.0826749801636,Hit,0.11129528174296865,0,43,Thursday
mouse_2,2025-09-18,960.0,3,11,64,660.7872502803802,False Alarm,,1,13,Thursday
mouse_2,2025-09-18,960.0,3,11,65,671.0023975372314,Hit,0.8130291928512179,0,36,Thursday
mouse_2,2025-09-18,960.0,3,11,66,679.9574592113495,False Alarm,,1,9,Thursday
mouse_2,2025-09-18,960.0,3,11,67,690.1652352809906,False Alarm,,1,5,Thursday
mouse_2,2025-09-18,960.0,3,11,68,702.6151921749115,False Alarm,,1,10,Thursday
mouse_2,2025-09-18,960.0,3,11,69,717.8138103485107,Miss,,0,1,Thursday
mouse_2,2025-09-18,960.0,3,11,70,729.2758572101593,False Alarm,,1,1,Thursday
mouse_2,2025-09-18,960.0,3,11,71,740.7352378368378,Hit,0.6499062199163745,0,38,Thursday
mouse_2,2025-09-18,960.0,3,11,72,749.9449419975281,False Alarm,,1,8,Thursday
mouse_2,2025-09-18,960.0,3,11,73,760.1516988277435,Hit,0.6458647604672478,0,72,Thursday
mouse_2,2025-09-18,960.0,3,11,74,769.3550455570221,False Alarm,,1,42,Thursday
mouse_2,2025-09-18,960.0,3,11,75,779.5616164207458,Miss,,0,10,Thursday
mouse_2,2025-09-18,960.0,3,11,76,791.0250754356384,False Alarm,,1,8,Thursday
mouse_2,2025-09-18,960.0,3,11,77,804.9916725158691,Hit,0.47053688818800765,0,27,Thursday
mouse_2,2025-09-18,960.0,3,11,78,812.9462428092957,Miss,,0,0,Thursday
mouse_2,2025-09-18,960.0,3,11,79,823.1559774875641,Hit,0.7459584119125111,0,61,Thursday
mouse_2,2025-09-18,960.0,3,11,80,833.1062300205231,False Alarm,,1,33,Thursday
mouse_2,2025-09-18,960.0,3,11,81,843.3113234043121,False Alarm,,1,5,Thursday
mouse_2,2025-09-18,960.0,3,11,82,856.2651400566101,Hit,0.5853352144445125,0,22,Thursday
mouse_2,2025-09-18,960.0,3,11,83,864.2251534461975,Hit,0.8328720511331085,0,68,Thursday
mouse_2,2025-09-18,960.0,3,11,84,872.9350078105927,False Alarm,,1,40,Thursday
mouse_2,2025-09-18,960.0,3,11,85,883.1416079998016,False Alarm,,1,1,Thursday
mouse_2,2025-09-18,960.0,3,11,86,896.347874879837,False Alarm,,1,12,Thursday
mouse_2,2025-09-18,960.0,3,11,87,912.3112871646881,False Alarm,,1,7,Thursday
mouse_2,2025-09-18,960.0,3,11,88,923.5212182998657,Hit,0.09219568431137759,0,45,Thursday
mouse_2,2025-09-18,960.0,3,11,89,931.2243051528931,False Alarm,,1,16,Thursday
mouse_2,2025-09-18,960.0,3,11,90,941.4309604167938,Hit,1.3495041734483948,0,39,Thursday
mouse_2,2025-09-18,960.0,3,11,91,950.884843826294,False Alarm,,1,10,Thursday
mouse_2,2025-09-18,960.0,3,11,92,961.1011772155762,Hit,2.386495438549673,0,75,Thursday
mouse_2,2025-09-18,960.0,3,11,93,970.5546946525574,False Alarm,,1,99,Thursday
mouse_2,2025-09-18,960.0,3,11,94,980.7605214118958,False Alarm,,1,8,Thursday
mouse_2,2025-09-18,960.0,3,11,95,990.9652709960938,False Alarm,,1,6,Thursday
mouse_2,2025-09-18,960.0,3,11,96,1004.4206762313843,False Alarm,,1,7,Thursday
mouse_2,2025-09-18,960.0,3,11,97,1017.6410179138184,False Alarm,,1,3,Thursday
mouse_2,2025-09-18,960.0,3,11,98,1029.0981814861298,False Alarm,,1,15,Thursday
mouse_2,2025-09-18,960.0,3,11,99,1044.545250415802,False Alarm,,1,3,Thursday
mouse_2,2025-09-18,960.0,3,11,100,1056.0115282535553,Hit,0.7881694241420973,0,16,Thursday
mouse_2,2025-09-18,960.0,3,11,101,1064.4650976657867,Hit,0.07104303725486716,0,75,Thursday
mouse_2,2025-09-18,960.0,3,11,102,1073.4150025844574,False Alarm,,1,69,Thursday
mouse_2,2025-09-18,960.0,3,11,103,1083.6207160949707,Hit,0.3482390343995121,0,37,Thursday
mouse_2,2025-09-18,960.0,3,11,104,1092.5648849010468,False Alarm,,1,9,Thursday
mouse_2,2025-09-18,960.0,3,11,105,1102.7601363658905,Hit,0.5809112406359418,0,34,Thursday
mouse_2,2025-09-18,960.0,3,11,106,1111.715542793274,False Alarm,,1,7,Thursday
mouse_2,2025-09-18,960.0,3,11,107,1121.9216413497925,False Alarm,,1,4,Thursday
mouse_2,2025-09-18,960.0,3,11,108,1132.6322355270386,False Alarm,,1,4,Thursday
mouse_2,2025-09-18,960.0,3,11,109,1145.59277677536,False Alarm,,1,3,Thursday
mouse_2,2025-09-18,960.0,3,11,110,1158.2956039905548,Miss,,0,2,Thursday
mouse_2,2025-09-18,960.0,3,11,111,1167.9948482513428,False Alarm,,1,2,Thursday
mouse_2,2025-09-18,960.0,3,11,112,1179.9608793258667,Hit,0.32951413130513174,0,77,Thursday
mouse_2,2025-09-18,960.0,3,11,113,1188.414046049118,False Alarm,,1,68,Thursday
mouse_2,2025-09-18,960.0,3,11,114,1198.621031999588,Hit,2.1726058018873573,0,70,Thursday
mouse_2,2025-09-18,960.0,3,11,115,1208.334422826767,False Alarm,,1,44,Thursday
mouse_2,2025-09-18,960.0,3,11,116,1218.5411462783813,False Alarm,,1,8,Thursday
mouse_2,2025-09-18,960.0,3,11,117,1232.2518441677094,Miss,,0,0,Thursday
mouse_2,2025-09-18,960.0,3,11,118,1243.4540042877197,Hit,0.5091739932388464,0,30,Thursday
mouse_2,2025-09-18,960.0,3,11,119,1252.6648290157318,Hit,0.7672421512195342,0,35,Thursday
mouse_2,2025-09-18,960.0,3,11,120,1260.6217784881592,False Alarm,,1,4,Thursday
mouse_2,2025-09-18,960.0,3,11,121,1270.8304951190948,Hit,0.2292171498118023,0,34,Thursday
mouse_2,2025-09-18,960.0,3,11,122,1279.2850210666656,False Alarm,,1,8,Thursday
mouse_2,2025-09-18,960.0,3,11,123,1289.4905905723572,False Alarm,,1,4,Thursday
mouse_2,2025-09-18,960.0,3,11,124,1300.9605736732483,Hit,0.6093255986354507,0,41,Thursday
mouse_2,2025-09-18,960.0,3,11,125,1310.4120922088623,False Alarm,,1,15,Thursday
mouse_2,2025-09-18,960.0,3,11,126,1320.6051199436188,False Alarm,,1,3,Thursday
mouse_2,2025-09-18,960.0,3,11,127,1332.055141210556,Hit,0.6687014192946208,0,20,Thursday
mouse_2,2025-09-18,960.0,3,11,128,1341.0033390522003,Miss,,0,5,Thursday
mouse_2,2025-09-18,960.0,3,11,129,1352.703473329544,Hit,0.2164878638996015,0,33,Thursday
mouse_2,2025-09-18,960.0,3,11,130,1360.653743982315,False Alarm,,1,6,Thursday
mouse_2,2025-09-18,960.0,3,11,131,1370.8552894592285,False Alarm,,1,6,Thursday
mouse_2,2025-09-18,960.0,3,11,132,1382.8112306594849,False Alarm,,1,6,Thursday
mouse_2,2025-09-18,960.0,3,11,133,1394.7780973911285,False Alarm,,1,7,Thursday
mouse_2,2025-09-18,960.0,3,11,134,1408.7396483421326,False Alarm,,1,4,Thursday
mouse_2,2025-09-18,960.0,3,11,135,1422.1996049880981,False Alarm,,1,1,Thursday
mouse_2,2025-09-18,960.0,3,11,136,1433.4041941165924,Hit,1.0973433553792802,0,55,Thursday
mouse_2,2025-09-18,960.0,3,11,137,1442.6003594398499,False Alarm,,1,27,Thursday
mouse_2,2025-09-18,960.0,3,11,138,1452.7991440296173,False Alarm,,1,3,Thursday
mouse_2,2025-09-18,960.0,3,11,139,1466.0197429656982,Hit,0.08180584523370271,0,41,Thursday
mouse_2,2025-09-18,960.0,3,11,140,1474.232083082199,False Alarm,,1,17,Thursday
mouse_2,2025-09-18,960.0,3,11,141,1484.435195684433,False Alarm,,1,7,Thursday
mouse_2,2025-09-18,960.0,3,11,142,1498.898985862732,False Alarm,,1,11,Thursday
mouse_2,2025-09-18,960.0,3,11,143,1514.3588395118713,False Alarm,,1,5,Thursday
mouse_2,2025-09-18,960.0,3,11,144,1527.8295757770538,False Alarm,,1,2,Thursday
mouse_2,2025-09-18,960.0,3,11,145,1539.529932975769,Hit,0.48238698916816247,0,26,Thursday
mouse_2,2025-09-18,960.0,3,11,146,1548.9820475578308,False Alarm,,1,5,Thursday
mouse_2,2025-09-18,960.0,3,11,147,1564.1697504520416,Hit,0.3724317947887812,0,30,Thursday
mouse_2,2025-09-18,960.0,3,11,148,1573.3809340000153,False Alarm,,1,5,Thursday
mouse_2,2025-09-18,960.0,3,11,149,1590.572110414505,False Alarm,,1,3,Thursday
mouse_2,2025-09-18,960.0,3,11,150,1608.5378830432892,Miss,,0,0,Thursday
mouse_2,2025-09-18,960.0,3,11,151,1619.4919078350067,Miss,,0,0,Thursday
mouse_2,2025-09-18,960.0,3,11,152,1629.6911833286285,Miss,,0,0,Thursday
mouse_2,2025-09-18,960.0,3,11,153,1640.6523411273956,Miss,,0,0,Thursday
mouse_2,2025-09-18,960.0,3,11,154,1651.6014053821564,Hit,1.333134249889099,0,34,Thursday
mouse_2,2025-09-18,960.0,3,11,155,1661.3024332523346,False Alarm,,1,6,Thursday
mouse_2,2025-09-18,960.0,3,11,156,1671.5083577632904,False Alarm,,1,2,Thursday
mouse_2,2025-09-18,960.0,3,11,157,1683.978304386139,Hit,1.3554615679322524,0,47,Thursday
mouse_2,2025-09-18,960.0,3,11,158,1693.4325201511383,False Alarm,,1,16,Thursday
mouse_2,2025-09-18,960.0,3,11,159,1703.635262966156,Hit,2.217684204307943,0,45,Thursday
mouse_2,2025-09-18,960.0,3,11,160,1714.8510773181915,False Alarm,,1,20,Thursday
mouse_2,2025-09-18,960.0,3,11,161,1725.0480456352234,False Alarm,,1,6,Thursday
mouse_2,2025-09-18,960.0,3,11,162,1738.7577803134918,Miss,,0,6,Thursday
mouse_2,2025-09-18,960.0,3,11,163,1749.4610862731934,False Alarm,,1,6,Thursday
mouse_2,2025-09-18,960.0,3,11,164,1762.6652700901031,Hit,0.9868887218865439,0,32,Thursday
mouse_2,2025-09-18,960.0,3,11,165,1772.111717224121,False Alarm,,1,2,Thursday
mouse_2,2025-09-18,960.0,3,11,166,1782.3128945827484,Hit,0.16333206412491563,0,53,Thursday
mouse_2,2025-09-18,960.0,3,11,167,1791.2606129646301,False Alarm,,1,22,Thursday
mouse_2,2025-09-18,960.0,3,11,168,1801.4575731754303,Miss,,0,0,Thursday
mouse_2,2025-09-19,1500.0,0,-1,-1,,No Trial,,0,0,Friday
mouse_2,2025-09-20,978.0,0,-1,-1,,No Trial,,0,0,Saturday
mouse_2,2025-09-21,960.0,3,12,1,0.393477201461792,False Alarm,,1,2,Sunday
mouse_2,2025-09-21,960.0,3,12,2,14.107254028320312,Hit,0.3490994699874008,0,32,Sunday
mouse_2,2025-09-21,960.0,3,12,3,22.564579963684082,Hit,0.5987491053160525,0,27,Sunday
mouse_2,2025-09-21,960.0,3,12,4,30.524112462997437,Miss,,0,5,Sunday
mouse_2,2025-09-21,960.0,3,12,5,41.22479319572449,False Alarm,,1,8,Sunday
mouse_2,2025-09-21,960.0,3,12,6,52.18077826499939,Hit,0.9757482861740243,0,37,Sunday
mouse_2,2025-09-21,960.0,3,12,7,61.38430380821228,False Alarm,,1,9,Sunday
mouse_2,2025-09-21,960.0,3,12,8,71.59034156799316,Miss,,0,9,Sunday
mouse_2,2025-09-21,960.0,3,12,9,82.54479384422302,Hit,0.5490553353293279,0,31,Sunday
mouse_2,2025-09-21,960.0,3,12,10,90.25456953048706,False Alarm,,1,7,Sunday
mouse_2,2025-09-21,960.0,3,12,11,100.46024584770203,False Alarm,,1,9,Sunday
mouse_2,2025-09-21,960.0,3,12,12,113.68044662475586,False Alarm,,1,11,Sunday
mouse_2,2025-09-21,960.0,3,12,13,124.88968658447266,False Alarm,,1,5,Sunday
mouse_2,2025-09-21,960.0,3,12,14,135.59276938438416,Miss,,0,0,Sunday
mouse_2,2025-09-21,960.0,3,12,15,146.5426902770996,Miss,,0,0,Sunday
mouse_2,2025-09-21,960.0,3,12,16,156.7436273097992,Hit,0.6756095996181841,0,50,Sunday
mouse_2,2025-09-21,960.0,3,12,17,165.4438955783844,False Alarm,,1,26,Sunday
mouse_2,2025-09-21,960.0,3,12,18,175.64962816238403,Hit,0.3791693327685266,0,20,Sunday
mouse_2,2025-09-21,960.0,3,12,19,183.35343098640442,False Alarm,,1,9,Sunday
mouse_2,2025-09-21,960.0,3,12,20,194.56275033950806,False Alarm,,1,6,Sunday
mouse_2,2025-09-21,960.0,3,12,21,206.51311707496643,False Alarm,,1,2,Sunday
mouse_2,2025-09-21,960.0,3,12,22,220.73013019561768,Hit,0.3066902989930611,0,38,Sunday
mouse_2,2025-09-21,960.0,3,12,23,229.1827871799469,False Alarm,,1,13,Sunday
mouse_2,2025-09-21,960.0,3,12,24,239.3892776966095,False Alarm,,1,6,Sunday
mouse_2,2025-09-21,960.0,3,12,25,251.83272242546082,Hit,0.3443298585048069,0,37,Sunday
mouse_2,2025-09-21,960.0,3,12,26,259.78337001800537,False Alarm,,1,13,Sunday
mouse_2,2025-09-21,960.0,3,12,27,269.99894642829895,False Alarm,,1,6,Sunday
mouse_2,2025-09-21,960.0,3,12,28,280.2191390991211,False Alarm,,1,8,Sunday
mouse_2,2025-09-21,960.0,3,12,29,291.4227764606476,False Alarm,,1,10,Sunday
mouse_2,2025-09-21,960.0,3,12,30,305.8735468387604,False Alarm,,1,3,Sunday
mouse_2,2025-09-21,960.0,3,12,31,316.0786302089691,Miss,,0,4,Sunday
mouse_2,2025-09-21,960.0,3,12,32,326.28185200691223,False Alarm,,1,4,Sunday
mouse_2,2025-09-21,960.0,3,12,33,339.7390377521515,False Alarm,,1,9,Sunday
mouse_2,2025-09-21,960.0,3,12,34,355.19852018356323,False Alarm,,1,6,Sunday
mouse_2,2025-09-21,960.0,3,12,35,365.90276885032654,False Alarm,,1,4,Sunday
mouse_2,2025-09-21,960.0,3,12,36,377.35918164253235,False Alarm,,1,2,Sunday
mouse_2,2025-09-21,960.0,3,12,37,389.56855964660645,Hit,0.16202726126249445,0,48,Sunday
mouse_2,2025-09-21,960.0,3,12,38,397.77272272109985,False Alarm,,1,20,Sunday
mouse_2,2025-09-21,960.0,3,12,39,407.9782409667969,False Alarm,,1,6,Sunday
mouse_2,2025-09-21,960.0,3,12,40,420.6890058517456,Hit,0.41030096525827275,0,36,Sunday
mouse_2,2025-09-21,960.0,3,12,41,428.39170145988464,False Alarm,,1,22,Sunday
mouse_2,2025-09-21,960.0,3,12,42,442.09861063957214,False Alarm,,1,4,Sunday
mouse_2,2025-09-21,960.0,3,12,43,455.31778287887573,Miss,,0,7,Sunday
mouse_2,2025-09-21,960.0,3,12,44,466.7814576625824,False Alarm,,1,10,Sunday
mouse_2,2025-09-21,960.0,3,12,45,480.9884760379791,False Alarm,,1,2,Sunday
mouse_2,2025-09-21,960.0,3,12,46,492.44797706604004,Hit,0.7964314714641887,0,39,Sunday
mouse_2,2025-09-21,960.0,3,12,47,501.151460647583,False Alarm,,1,11,Sunday
mouse_2,2025-09-21,960.0,3,12,48,511.3672995567322,False Alarm,,1,7,Sunday
mouse_2,2025-09-21,960.0,3,12,49,524.0877361297607,Hit,0.3165541585576648,0,30,Sunday
mouse_2,2025-09-21,960.0,3,12,50,531.7917063236237,Hit,0.6231401515377684,0,39,Sunday
mouse_2,2025-09-21,960.0,3,12,51,540.9913287162781,False Alarm,,1,16,Sunday
mouse_2,2025-09-21,960.0,3,12,52,551.2071263790131,False Alarm,,1,10,Sunday
mouse_2,2025-09-21,960.0,3,12,53,562.6676473617554,False Alarm,,1,9,Sunday
mouse_2,2025-09-21,960.0,3,12,54,573.3870959281921,False Alarm,,1,8,Sunday
mouse_2,2025-09-21,960.0,3,12,55,586.3472080230713,False Alarm,,1,7,Sunday
mouse_2,2025-09-21,960.0,3,12,56,599.8175854682922,Hit,0.34957890848102124,0,75,Sunday
mouse_2,2025-09-21,960.0,3,12,57,608.0303514003754,False Alarm,,1,46,Sunday
mouse_2,2025-09-21,960.0,3,12,58,618.2324175834656,False Alarm,,1,12,Sunday
mouse_2,2025-09-21,960.0,3,12,59,633.1828272342682,False Alarm,,1,5,Sunday
mouse_2,2025-09-21,960.0,3,12,60,647.3801288604736,Hit,0.8871058914659216,0,23,Sunday
mouse_2,2025-09-21,960.0,3,12,61,656.5800292491913,Hit,1.1080224245397403,0,43,Sunday
mouse_2,2025-09-21,960.0,3,12,62,666.0295453071594,False Alarm,,1,23,Sunday
mouse_2,2025-09-21,960.0,3,12,63,676.2169210910797,Hit,0.02812510975797977,0,38,Sunday
mouse_2,2025-09-21,960.0,3,12,64,683.4201290607452,False Alarm,,1,12,Sunday
mouse_2,2025-09-21,960.0,3,12,65,693.6356813907623,False Alarm,,1,7,Sunday
mouse_2,2025-09-21,960.0,3,12,66,707.5959887504578,Hit,1.6973194916434977,0,36,Sunday
mouse_2,2025-09-21,960.0,3,12,67,717.049250125885,False Alarm,,1,13,Sunday
mouse_2,2025-09-21,960.0,3,12,68,727.2430000305176,False Alarm,,1,12,Sunday
mouse_2,2025-09-21,960.0,3,12,69,739.4466595649719,False Alarm,,1,4,Sunday
mouse_2,2025-09-21,960.0,3,12,70,753.9156334400177,False Alarm,,1,15,Sunday
mouse_2,2025-09-21,960.0,3,12,71,769.3762059211731,False Alarm,,1,5,Sunday
mouse_2,2025-09-21,960.0,3,12,72,780.0952756404877,Hit,0.36259955951777556,0,28,Sunday
mouse_2,2025-09-21,960.0,3,12,73,789.5463061332703,False Alarm,,1,5,Sunday
mouse_2,2025-09-21,960.0,3,12,74,801.255627155304,False Alarm,,1,4,Sunday
mouse_2,2025-09-21,960.0,3,12,75,811.9655134677887,Hit,0.48305569288368133,0,35,Sunday
mouse_2,2025-09-21,960.0,3,12,76,820.4184970855713,False Alarm,,1,6,Sunday
mouse_2,2025-09-21,960.0,3,12,77,830.61514544487,Hit,0.542007466063751,0,29,Sunday
mouse_2,2025-09-21,960.0,3,12,78,838.5772624015808,False Alarm,,1,2,Sunday
mouse_2,2025-09-21,960.0,3,12,79,848.7829434871674,Hit,0.9082965775556886,0,37,Sunday
mouse_2,2025-09-21,960.0,3,12,80,857.2387602329254,False Alarm,,1,10,Sunday
mouse_2,2025-09-21,960.0,3,12,81,867.4382553100586,Hit,0.6902387161715069,0,35,Sunday
mouse_2,2025-09-21,960.0,3,12,82,877.1287379264832,False Alarm,,1,19,Sunday
mouse_2,2025-09-21,960.0,3,12,83,887.3345258235931,False Alarm,,1,15,Sunday
mouse_2,2025-09-21,960.0,3,12,84,899.8048663139343,False Alarm,,1,3,Sunday
mouse_2,2025-09-21,960.0,3,12,85,913.515177488327,False Alarm,,1,15,Sunday
mouse_2,2025-09-21,960.0,3,12,86,928.7347218990326,Hit,0.4069036088228586,0,33,Sunday
mouse_2,2025-09-21,960.0,3,12,87,937.9480466842651,False Alarm,,1,8,Sunday
mouse_2,2025-09-21,960.0,3,12,88,948.1544833183289,False Alarm,,1,5,Sunday
mouse_2,2025-09-21,960.0,3,12,89,958.6144814491272,Miss,,0,4,Sunday
mouse_2,2025-09-21,960.0,3,12,90,968.8173599243164,False Alarm,,1,8,Sunday
mouse_2,2025-09-21,960.0,3,12,91,983.5209922790527,False Alarm,,1,6,Sunday
mouse_2,2025-09-21,960.0,3,12,92,994.9725043773651,False Alarm,,1,6,Sunday
mouse_2,2025-09-21,960.0,3,12,93,1009.6836912631989,Hit,0.09381343526365526,0,22,Sunday
mouse_2,2025-09-21,960.0,3,12,94,1018.3876073360443,Hit,1.28512013761258,0,37,Sunday
mouse_2,2025-09-21,960.0,3,12,95,1028.0875182151794,False Alarm,,1,10,Sunday
mouse_2,2025-09-21,960.0,3,12,96,1038.2936453819275,False Alarm,,1,9,Sunday
mouse_2,2025-09-21,960.0,3,12,97,1053.003521680832,Hit,1.4130592829833404,0,36,Sunday
mouse_2,2025-09-21,960.0,3,12,98,1061.7166838645935,False Alarm,,1,9,Sunday
mouse_2,2025-09-21,960.0,3,12,99,1071.9127869606018,False Alarm,,1,13,Sunday
mouse_2,2025-09-21,960.0,3,12,100,1086.872765302658,False Alarm,,1,9,Sunday
mouse_2,2025-09-21,960.0,3,12,101,1101.5782527923584,False Alarm,,1,4,Sunday
mouse_2,2025-09-21,960.0,3,12,102,1112.7834641933441,Hit,1.4326986197281713,0,39,Sunday
mouse_2,2025-09-21,960.0,3,12,103,1122.496498823166,False Alarm,,1,9,Sunday
mouse_2,2025-09-21,960.0,3,12,104,1132.700603723526,False Alarm,,1,11,Sunday
mouse_2,2025-09-21,960.0,3,12,105,1147.9231679439545,False Alarm,,1,8,Sunday
mouse_2,2025-09-21,960.0,3,12,106,1162.3828105926514,Hit,0.032082742504144335,0,66,Sunday
mouse_2,2025-09-21,960.0,3,12,107,1171.0856153964996,False Alarm,,1,36,Sunday
mouse_2,2025-09-21,960.0,3,12,108,1181.2829146385193,Hit,0.581024339902342,0,37,Sunday
mouse_2,2025-09-21,960.0,3,12,109,1190.486662387848,False Alarm,,1,8,Sunday
mouse_2,2025-09-21,960.0,3,12,110,1200.9427354335785,Hit,0.996566968505249,0,73,Sunday
mouse_2,2025-09-21,960.0,3,12,111,1210.1475336551666,False Alarm,,1,50,Sunday
mouse_2,2025-09-21,960.0,3,12,112,1220.3525247573853,False Alarm,,1,7,Sunday
mouse_2,2025-09-21,960.0,3,12,113,1231.312700510025,False Alarm,,1,8,Sunday
mouse_2,2025-09-21,960.0,3,12,114,1244.0295929908752,False Alarm,,1,5,Sunday
mouse_2,2025-09-21,960.0,3,12,115,1256.482316493988,Hit,0.44449883108518407,0,32,Sunday
mouse_2,2025-09-21,960.0,3,12,116,1264.4469101428986,False Alarm,,1,3,Sunday
mouse_2,2025-09-21,960.0,3,12,117,1274.6521430015564,Hit,0.27587701648917573,0,78,Sunday
mouse_2,2025-09-21,960.0,3,12,118,1283.105961561203,False Alarm,,1,59,Sunday
mouse_2,2025-09-21,960.0,3,12,119,1293.312171459198,Hit,0.0895660435658101,0,21,Sunday
mouse_2,2025-09-21,960.0,3,12,120,1301.5162782669067,Hit,0.6494559459526954,0,47,Sunday
mouse_2,2025-09-21,960.0,3,12,121,1310.465022802353,False Alarm,,1,20,Sunday
mouse_2,2025-09-21,960.0,3,12,122,1320.6717586517334,False Alarm,,1,9,Sunday
mouse_2,2025-09-21,960.0,3,12,123,1335.1230671405792,False Alarm,,1,10,Sunday
mouse_2,2025-09-21,960.0,3,12,124,1346.8322100639343,Hit,0.14918057738191237,0,34,Sunday
mouse_2,2025-09-21,960.0,3,12,125,1354.5346870422363,False Alarm,,1,9,Sunday
mouse_2,2025-09-21,960.0,3,12,126,1364.724190711975,False Alarm,,1,8,Sunday
mouse_2,2025-09-21,960.0,3,12,127,1378.6811182498932,False Alarm,,1,4,Sunday
mouse_2,2025-09-21,960.0,3,12,128,1392.3910574913025,False Alarm,,1,1,Sunday
mouse_2,2025-09-21,960.0,3,12,129,1406.101838350296,False Alarm,,1,6,Sunday
mouse_2,2025-09-21,960.0,3,12,130,1421.3151834011078,False Alarm,,1,3,Sunday
mouse_2,2025-09-21,960.0,3,12,131,1432.5309555530548,Hit,0.06238008582022303,0,63,Sunday
mouse_2,2025-09-21,960.0,3,12,132,1440.7437975406647,False Alarm,,1,35,Sunday
mouse_2,2025-09-21,960.0,3,12,133,1450.950839996338,False Alarm,,1,8,Sunday
mouse_2,2025-09-21,960.0,3,12,134,1466.171317577362,Hit,0.42426386734996413,0,67,Sunday
mouse_2,2025-09-21,960.0,3,12,135,1475.6241948604584,False Alarm,,1,38,Sunday
mouse_2,2025-09-21,960.0,3,12,136,1485.8307838439941,False Alarm,,1,3,Sunday
mouse_2,2025-09-21,960.0,3,12,137,1496.551569223404,Hit,0.4905993356680938,0,77,Sunday
mouse_2,2025-09-21,960.0,3,12,138,1505.513526916504,False Alarm,,1,52,Sunday
mouse_2,2025-09-21,960.0,3,12,139,1515.7103533744812,Hit,0.2840644700536359,0,53,Sunday
mouse_2,2025-09-21,960.0,3,12,140,1523.9245517253876,False Alarm,,1,25,Sunday
mouse_2,2025-09-21,960.0,3,12,141,1534.1304335594177,Miss,,0,0,Sunday
mouse_2,2025-09-21,960.0,3,12,142,1544.5826706886292,Hit,1.1462546418317743,0,28,Sunday
mouse_2,2025-09-21,960.0,3,12,143,1553.0328743457794,Hit,0.500849202770496,0,66,Sunday
mouse_2,2025-09-21,960.0,3,12,144,1561.2342412471771,False Alarm,,1,37,Sunday
mouse_2,2025-09-21,960.0,3,12,145,1571.4400045871735,Miss,,0,0,Sunday
mouse_2,2025-09-21,960.0,3,12,146,1582.153644323349,Miss,,0,5,Sunday
mouse_2,2025-09-21,960.0,3,12,147,1593.6029841899872,False Alarm,,1,5,Sunday
mouse_2,2025-09-21,960.0,3,12,148,1607.8091177940369,Hit,0.20810436681858846,0,27,Sunday
mouse_2,2025-09-21,960.0,3,12,149,1616.7742660045624,False Alarm,,1,8,Sunday
mouse_2,2025-09-21,960.0,3,12,150,1632.2297189235687,False Alarm,,1,8,Sunday
mouse_2,2025-09-21,960.0,3,12,151,1645.689799785614,False Alarm,,1,7,Sunday
mouse_2,2025-09-21,960.0,3,12,152,1657.400330066681,False Alarm,,1,4,Sunday
mouse_2,2025-09-21,960.0,3,12,153,1671.609301328659,Hit,0.5617751870140637,0,43,Sunday
mouse_2,2025-09-21,960.0,3,12,154,1679.562924861908,False Alarm,,1,13,Sunday
mouse_2,2025-09-21,960.0,3,12,155,1689.7592606544495,Hit,0.6381542571527916,0,34,Sunday
mouse_2,2025-09-21,960.0,3,12,156,1699.2127068042755,False Alarm,,1,4,Sunday
mouse_2,2025-09-21,960.0,3,12,157,1709.4290034770966,False Alarm,,1,13,Sunday
mouse_2,2025-09-21,960.0,3,12,158,1724.888925075531,Hit,0.7479624607130972,0,35,Sunday
mouse_2,2025-09-21,960.0,3,12,159,1732.842785835266,Hit,0.0784061184199345,0,23,Sunday
mouse_2,2025-09-21,960.0,3,12,160,1740.2928907871246,Hit,1.287560085169389,0,46,Sunday
mouse_2,2025-09-21,960.0,3,12,161,1750.7421007156372,False Alarm,,1,16,Sunday
mouse_2,2025-09-21,960.0,3,12,162,1760.9423995018005,Hit,1.075737740255363,0,52,Sunday
mouse_2,2025-09-21,960.0,3,12,163,1769.1527087688446,False Alarm,,1,25,Sunday
mouse_2,2025-09-21,960.0,3,12,164,1779.3529307842255,Miss,,0,0,Sunday
mouse_2,2025-09-21,960.0,3,12,165,1789.3127927780151,Miss,,0,3,Sunday
mouse_2,2025-09-21,960.0,3,12,166,1800.7624535560608,Miss,,0,0,Sunday
mouse_2,2025-09-22,780.0,3,13,1,0.33753252029418945,False Alarm,,1,4,Monday
mouse_2,2025-09-22,780.0,3,13,2,14.28632640838623,Hit,0.24154893864722382,0,70,Monday
mouse_2,2025-09-22,780.0,3,13,3,22.249975442886353,False Alarm,,1,77,Monday
mouse_2,2025-09-22,780.0,3,13,4,32.45607328414917,False Alarm,,1,10,Monday
mouse_2,2025-09-22,780.0,3,13,5,42.89826321601868,Hit,1.0498121724938656,0,76,Monday
mouse_2,2025-09-22,780.0,3,13,6,51.359617710113525,False Alarm,,1,82,Monday
mouse_2,2025-09-22,780.0,3,13,7,61.55912518501282,False Alarm,,1,40,Monday
mouse_2,2025-09-22,780.0,3,13,8,72.7662000656128,False Alarm,,1,27,Monday
mouse_2,2025-09-22,780.0,3,13,9,83.23560285568237,False Alarm,,1,7,Monday
mouse_2,2025-09-22,780.0,3,13,10,93.43621134757996,Hit,0.17830877738963125,0,48,Monday
mouse_2,2025-09-22,780.0,3,13,11,101.63934421539307,False Alarm,,1,23,Monday
mouse_2,2025-09-22,780.0,3,13,12,111.84594416618347,False Alarm,,1,11,Monday
mouse_2,2025-09-22,780.0,3,13,13,123.55717658996582,False Alarm,,1,12,Monday
mouse_2,2025-09-22,780.0,3,13,14,134.01578211784363,False Alarm,,1,10,Monday
mouse_2,2025-09-22,780.0,3,13,15,145.47567200660706,False Alarm,,1,4,Monday
mouse_2,2025-09-22,780.0,3,13,16,157.6858479976654,Hit,0.6627435070287788,0,52,Monday
mouse_2,2025-09-22,780.0,3,13,17,167.14926934242249,False Alarm,,1,27,Monday
mouse_2,2025-09-22,780.0,3,13,18,177.3551652431488,Hit,0.38481104892281337,0,60,Monday
mouse_2,2025-09-22,780.0,3,13,19,186.3200602531433,False Alarm,,1,36,Monday
mouse_2,2025-09-22,780.0,3,13,20,196.51040887832642,False Alarm,,1,8,Monday
mouse_2,2025-09-22,780.0,3,13,21,209.96495246887207,False Alarm,,1,8,Monday
mouse_2,2025-09-22,780.0,3,13,22,224.41625022888184,False Alarm,,1,3,Monday
mouse_2,2025-09-22,780.0,3,13,23,235.39562344551086,Hit,0.92397489549802,0,39,Monday
mouse_2,2025-09-22,780.0,3,13,24,244.5986077785492,False Alarm,,1,14,Monday
mouse_2,2025-09-22,780.0,3,13,25,254.80510759353638,False Alarm,,1,2,Monday
mouse_2,2025-09-22,780.0,3,13,26,266.2627429962158,Hit,0.1706565988460511,0,63,Monday
mouse_2,2025-09-22,780.0,3,13,27,275.468380689621,False Alarm,,1,34,Monday
mouse_2,2025-09-22,780.0,3,13,28,285.674546957016,Hit,1.3254466121637165,0,73,Monday
mouse_2,2025-09-22,780.0,3,13,29,294.12855339050293,False Alarm,,1,65,Monday
mouse_2,2025-09-22,780.0,3,13,30,304.3442919254303,Hit,0.4528869777756199,0,40,Monday
mouse_2,2025-09-22,780.0,3,13,31,313.79908752441406,False Alarm,,1,19,Monday
mouse_2,2025-09-22,780.0,3,13,32,324.0046195983887,False Alarm,,1,4,Monday
mouse_2,2025-09-22,780.0,3,13,33,335.2145445346832,Hit (Calc),2.3847288605812196,0,8,Monday
mouse_2,2025-09-22,780.0,3,13,34,345.1692774295807,False Alarm,,1,7,Monday
mouse_2,2025-09-22,780.0,3,13,35,356.1243727207184,False Alarm,,1,3,Monday
mouse_2,2025-09-22,780.0,3,13,36,368.8440775871277,Hit,1.6441788159590374,0,67,Monday
mouse_2,2025-09-22,780.0,3,13,37,378.2980411052704,False Alarm,,1,39,Monday
mouse_2,2025-09-22,780.0,3,13,38,388.50385451316833,Hit (Calc),2.932447275530592,0,3,Monday
mouse_2,2025-09-22,780.0,3,13,39,398.70776748657227,Hit,1.898874693394248,0,37,Monday
mouse_2,2025-09-22,780.0,3,13,40,407.91602635383606,False Alarm,,1,7,Monday
mouse_2,2025-09-22,780.0,3,13,41,418.12553453445435,Hit,1.819931369964479,0,61,Monday
mouse_2,2025-09-22,780.0,3,13,42,428.32605719566345,False Alarm,,1,35,Monday
mouse_2,2025-09-22,780.0,3,13,43,438.5375032424927,Hit,0.9723892565934307,0,48,Monday
mouse_2,2025-09-22,780.0,3,13,44,447.7374668121338,False Alarm,,1,19,Monday
mouse_2,2025-09-22,780.0,3,13,45,457.9531834125519,Hit,0.7608045868616387,0,49,Monday
mouse_2,2025-09-22,780.0,3,13,46,466.90697026252747,False Alarm,,1,23,Monday
mouse_2,2025-09-22,780.0,3,13,47,477.1233320236206,False Alarm,,1,5,Monday
mouse_2,2025-09-22,780.0,3,13,48,489.83789706230164,False Alarm,,1,10,Monday
mouse_2,2025-09-22,780.0,3,13,49,501.0533936023712,False Alarm,,1,5,Monday
mouse_2,2025-09-22,780.0,3,13,50,512.2639553546906,Hit,0.9457305343116786,0,25,Monday
mouse_2,2025-09-22,780.0,3,13,51,520.4792604446411,Hit,0.9000378633294304,0,52,Monday
mouse_2,2025-09-22,780.0,3,13,52,530.1868426799774,False Alarm,,1,25,Monday
mouse_2,2025-09-22,780.0,3,13,53,540.3939516544342,False Alarm,,1,2,Monday
mouse_2,2025-09-22,780.0,3,13,54,551.865561246872,Hit,0.6261780859616692,0,31,Monday
mouse_2,2025-09-22,780.0,3,13,55,560.8275878429413,False Alarm,,1,7,Monday
mouse_2,2025-09-22,780.0,3,13,56,571.0334289073944,False Alarm,,1,7,Monday
mouse_2,2025-09-22,780.0,3,13,57,582.2441701889038,False Alarm,,1,5,Monday
mouse_2,2025-09-22,780.0,3,13,58,595.7133896350861,Hit,0.9962243866751805,0,16,Monday
mouse_2,2025-09-22,780.0,3,13,59,605.4170365333557,Hit,1.6237546542166683,0,43,Monday
mouse_2,2025-09-22,780.0,3,13,60,614.866126537323,False Alarm,,1,13,Monday
mouse_2,2025-09-22,780.0,3,13,61,625.0731155872345,Hit,0.6859742046677866,0,28,Monday
mouse_2,2025-09-22,780.0,3,13,62,634.2742624282837,Hit,0.9390859880402331,0,42,Monday
mouse_2,2025-09-22,780.0,3,13,63,643.716343164444,False Alarm,,1,11,Monday
mouse_2,2025-09-22,780.0,3,13,64,653.9226803779602,Hit,0.32788732848439395,0,72,Monday
mouse_2,2025-09-22,780.0,3,13,65,662.6358218193054,False Alarm,,1,56,Monday
mouse_2,2025-09-22,780.0,3,13,66,672.8364951610565,Hit,0.6799662820802723,0,39,Monday
mouse_2,2025-09-22,780.0,3,13,67,681.7858159542084,False Alarm,,1,15,Monday
mouse_2,2025-09-22,780.0,3,13,68,692.0020289421082,False Alarm,,1,13,Monday
mouse_2,2025-09-22,780.0,3,13,69,703.9621484279633,False Alarm,,1,7,Monday
mouse_2,2025-09-22,780.0,3,13,70,714.9122512340546,False Alarm,,1,4,Monday
mouse_2,2025-09-22,780.0,3,13,71,726.8723909854889,Hit,0.6017016909603399,0,57,Monday
mouse_2,2025-09-22,780.0,3,13,72,734.8257503509521,False Alarm,,1,32,Monday
mouse_2,2025-09-22,780.0,3,13,73,745.0218482017517,False Alarm,,1,9,Monday
mouse_2,2025-09-22,780.0,3,13,74,756.4894025325775,False Alarm,,1,7,Monday
mouse_2,2025-09-22,780.0,3,13,75,769.1921935081482,False Alarm,,1,4,Monday
mouse_2,2025-09-22,780.0,3,13,76,781.4020156860352,False Alarm,,1,2,Monday
mouse_2,2025-09-22,780.0,3,13,77,795.8618540763855,Hit,0.6667720514607254,0,50,Monday
mouse_2,2025-09-22,780.0,3,13,78,805.3151757717133,False Alarm,,1,22,Monday
mouse_2,2025-09-22,780.0,3,13,79,815.5315675735474,Hit,2.1501431336201904,0,74,Monday
mouse_2,2025-09-22,780.0,3,13,80,826.4852340221405,False Alarm,,1,52,Monday
mouse_2,2025-09-22,780.0,3,13,81,836.6909313201904,False Alarm,,1,5,Monday
mouse_2,2025-09-22,780.0,3,13,82,848.1514146327972,False Alarm,,1,1,Monday
mouse_2,2025-09-22,780.0,3,13,83,861.3707036972046,Hit,1.7568035812795415,0,75,Monday
mouse_2,2025-09-22,780.0,3,13,84,870.8240728378296,False Alarm,,1,52,Monday
mouse_2,2025-09-22,780.0,3,13,85,881.0271451473236,Miss,,0,0,Monday
mouse_2,2025-09-22,780.0,3,13,86,891.7340605258942,False Alarm,,1,6,Monday
mouse_2,2025-09-22,780.0,3,13,87,907.4509570598602,Hit,0.655126583315905,0,31,Monday
mouse_2,2025-09-22,780.0,3,13,88,915.6642563343048,False Alarm,,1,6,Monday
mouse_2,2025-09-22,780.0,3,13,89,925.870278596878,False Alarm,,1,7,Monday
mouse_2,2025-09-22,780.0,3,13,90,940.328281879425,False Alarm,,1,5,Monday
mouse_2,2025-09-22,780.0,3,13,91,951.7799687385559,False Alarm,,1,4,Monday
mouse_2,2025-09-22,780.0,3,13,92,963.7500154972076,False Alarm,,1,1,Monday
mouse_2,2025-09-22,780.0,3,13,93,975.44992852211,Hit (Calc),2.833824625787315,0,4,Monday
mouse_2,2025-09-22,780.0,3,13,94,985.4029014110565,Hit,0.861814628542561,0,33,Monday
mouse_2,2025-09-22,780.0,3,13,95,994.3534708023071,False Alarm,,1,4,Monday
mouse_2,2025-09-22,780.0,3,13,96,1004.5597643852234,Miss,,0,3,Monday
mouse_2,2025-09-22,780.0,3,13,97,1014.2740261554718,False Alarm,,1,3,Monday
mouse_2,2025-09-22,780.0,3,13,98,1027.726142168045,Miss,,0,0,Monday
mouse_2,2025-09-22,780.0,3,13,99,1038.42426943779,Miss,,0,0,Monday
mouse_2,2025-09-22,780.0,3,13,100,1048.383174419403,Miss,,0,3,Monday
mouse_2,2025-09-22,780.0,3,13,101,1059.3339564800262,False Alarm,,1,5,Monday
mouse_2,2025-09-22,780.0,3,13,102,1075.290514945984,Miss,,0,0,Monday
mouse_2,2025-09-22,780.0,3,13,103,1085.4941778182983,Miss,,0,0,Monday
mouse_2,2025-09-22,780.0,3,13,104,1095.444097518921,Hit,1.137729116282344,0,41,Monday
mouse_2,2025-09-22,780.0,3,13,105,1104.654381275177,False Alarm,,1,13,Monday
mouse_2,2025-09-22,780.0,3,13,106,1114.8605840206146,Hit,2.1427852062201964,0,35,Monday
mouse_2,2025-09-22,780.0,3,13,107,1126.0615088939667,False Alarm,,1,6,Monday
mouse_2,2025-09-22,780.0,3,13,108,1136.2604444026947,Miss,,0,0,Monday
mouse_2,2025-09-22,780.0,3,13,109,1147.4632823467255,Miss,,0,0,Monday
mouse_2,2025-09-22,780.0,3,13,110,1158.4231247901917,Miss,,0,0,Monday
mouse_2,2025-09-22,780.0,3,13,111,1168.1213912963867,Miss,,0,0,Monday
mouse_2,2025-09-22,780.0,3,13,112,1178.0719978809357,Hit,1.3800648053932036,0,61,Monday
mouse_2,2025-09-22,780.0,3,13,113,1187.7749328613281,False Alarm,,1,38,Monday
mouse_2,2025-09-22,780.0,3,13,114,1197.979549407959,Hit,1.9835621795803036,0,70,Monday
mouse_2,2025-09-22,780.0,3,13,115,1208.1710984706879,False Alarm,,1,42,Monday
mouse_2,2025-09-22,780.0,3,13,116,1218.3714063167572,Miss,,0,0,Monday
mouse_2,2025-09-22,780.0,3,13,117,1228.5728256702423,Miss,,0,2,Monday
mouse_2,2025-09-22,780.0,3,13,118,1239.5226216316223,False Alarm,,1,2,Monday
mouse_2,2025-09-22,780.0,3,13,119,1251.4801807403564,Hit,1.156016358253737,0,42,Monday
mouse_2,2025-09-22,780.0,3,13,120,1261.1829714775085,False Alarm,,1,15,Monday
mouse_2,2025-09-22,780.0,3,13,121,1271.3893876075745,Hit,1.1024471737030126,0,21,Monday
mouse_2,2025-09-22,780.0,3,13,122,1280.8431265354156,Hit,1.0517907001858475,0,28,Monday
mouse_2,2025-09-22,780.0,3,13,123,1290.3035020828247,Miss,,0,1,Monday
mouse_2,2025-09-22,780.0,3,13,124,1301.2622427940369,Hit,1.0290911226445587,0,23,Monday
mouse_2,2025-09-22,780.0,3,13,125,1309.4626264572144,Miss,,0,0,Monday
mouse_2,2025-09-22,780.0,3,13,126,1320.9119055271149,Miss,,0,0,Monday
mouse_2,2025-09-22,780.0,3,13,127,1332.3715543746948,Hit,1.0460698922670417,0,31,Monday
mouse_2,2025-09-22,780.0,3,13,128,1340.8316831588745,False Alarm,,1,6,Monday
mouse_2,2025-09-22,780.0,3,13,129,1351.038343667984,False Alarm,,1,4,Monday
mouse_2,2025-09-22,780.0,3,13,130,1363.2483253479004,Hit,0.017684806925899466,0,17,Monday
mouse_2,2025-09-22,780.0,3,13,131,1371.7018649578094,Miss,,0,1,Monday
mouse_2,2025-09-22,780.0,3,13,132,1381.6519043445587,Hit,1.0697333872174113,0,60,Monday
mouse_2,2025-09-22,780.0,3,13,133,1390.3514115810394,False Alarm,,1,29,Monday
mouse_2,2025-09-22,780.0,3,13,134,1400.5481724739075,Hit,1.2340654353758964,0,47,Monday
mouse_2,2025-09-22,780.0,3,13,135,1409.5014057159424,False Alarm,,1,22,Monday
mouse_2,2025-09-22,780.0,3,13,136,1419.6978380680084,False Alarm,,1,3,Monday
mouse_2,2025-09-22,780.0,3,13,137,1430.6580119132996,Hit,1.491617344897577,0,36,Monday
mouse_2,2025-09-22,780.0,3,13,138,1440.6208741664886,False Alarm,,1,6,Monday
mouse_2,2025-09-22,780.0,3,13,139,1450.8179309368134,Hit,0.6315054042829615,0,41,Monday
mouse_2,2025-09-22,780.0,3,13,140,1459.5254833698273,False Alarm,,1,11,Monday
mouse_2,2025-09-22,780.0,3,13,141,1469.7274627685547,Hit,0.4732690938296855,0,40,Monday
mouse_2,2025-09-22,780.0,3,13,142,1479.188125371933,False Alarm,,1,10,Monday
mouse_2,2025-09-22,780.0,3,13,143,1489.3973309993744,Hit,1.54893714986747,0,25,Monday
mouse_2,2025-09-22,780.0,3,13,144,1499.3607091903687,Hit,1.6678891064555046,0,41,Monday
mouse_2,2025-09-22,780.0,3,13,145,1508.5610275268555,False Alarm,,1,10,Monday
mouse_2,2025-09-22,780.0,3,13,146,1518.77734041214,Hit,1.9528095480063712,0,54,Monday
mouse_2,2025-09-22,780.0,3,13,147,1529.4879508018494,False Alarm,,1,25,Monday
mouse_2,2025-09-22,780.0,3,13,148,1539.6964781284332,Hit,1.1932545338327145,0,44,Monday
mouse_2,2025-09-22,780.0,3,13,149,1548.1502146720886,False Alarm,,1,14,Monday
mouse_2,2025-09-22,780.0,3,13,150,1558.3565065860748,Miss,,0,3,Monday
mouse_2,2025-09-22,780.0,3,13,151,1568.8193469047546,False Alarm,,1,3,Monday
mouse_2,2025-09-22,780.0,3,13,152,1580.026179075241,False Alarm,,1,2,Monday
mouse_2,2025-09-22,780.0,3,13,153,1597.4973502159119,Hit,0.8419380118652953,0,35,Monday
mouse_2,2025-09-22,780.0,3,13,154,1607.4594633579254,False Alarm,,1,3,Monday
mouse_2,2025-09-22,780.0,3,13,155,1617.6661744117737,Miss,,0,1,Monday
mouse_2,2025-09-22,780.0,3,13,156,1627.8671417236328,False Alarm,,1,1,Monday
mouse_2,2025-09-22,780.0,3,13,157,1638.8260612487793,Hit,2.397895234724956,0,42,Monday
mouse_2,2025-09-22,780.0,3,13,158,1649.7797496318817,False Alarm,,1,12,Monday
mouse_2,2025-09-22,780.0,3,13,159,1659.976472377777,Hit,1.8876020283321395,0,19,Monday
mouse_2,2025-09-22,780.0,3,13,160,1670.4206144809723,Hit (Calc),2.7920955921108543,0,7,Monday
mouse_2,2025-09-22,780.0,3,13,161,1680.369364976883,Miss,,0,0,Monday
mouse_2,2025-09-22,780.0,3,13,162,1691.5691847801208,Hit,2.0265130451455207,0,75,Monday
mouse_2,2025-09-22,780.0,3,13,163,1701.7687258720398,False Alarm,,1,57,Monday
mouse_2,2025-09-22,780.0,3,13,164,1711.9561836719513,Miss,,0,0,Monday
mouse_2,2025-09-22,780.0,3,13,165,1722.6708002090454,Hit,0.7109911075997388,0,26,Monday
mouse_2,2025-09-22,780.0,3,13,166,1732.1187291145325,Hit,0.8789544377436869,0,62,Monday
mouse_2,2025-09-22,780.0,3,13,167,1741.0582807064056,False Alarm,,1,31,Monday
mouse_2,2025-09-22,780.0,3,13,168,1751.26544547081,Miss,,0,12,Monday
mouse_2,2025-09-22,780.0,3,13,169,1761.4687876701355,False Alarm,,1,11,Monday
mouse_2,2025-09-22,780.0,3,13,170,1772.175081729889,False Alarm,,1,6,Monday
mouse_2,2025-09-22,780.0,3,13,171,1785.6359374523163,False Alarm,,1,2,Monday
mouse_2,2025-09-22,780.0,3,13,172,1799.5950815677643,Miss,,0,0,Monday
mouse_2,2025-09-23,780.0,3,14,1,0.35573697090148926,False Alarm,,1,5,Tuesday
mouse_2,2025-09-23,780.0,3,14,2,14.056513786315918,False Alarm,,1,2,Tuesday
mouse_2,2025-09-23,780.0,3,14,3,25.756787061691284,Miss,,0,3,Tuesday
mouse_2,2025-09-23,780.0,3,14,4,36.95820927619934,False Alarm,,1,8,Tuesday
mouse_2,2025-09-23,780.0,3,14,5,49.92323160171509,False Alarm,,1,3,Tuesday
mouse_2,2025-09-23,780.0,3,14,6,63.132848024368286,Miss,,0,0,Tuesday
mouse_2,2025-09-23,780.0,3,14,7,73.594069480896,Hit,1.3359958167595636,0,34,Tuesday
mouse_2,2025-09-23,780.0,3,14,8,83.04648041725159,False Alarm,,1,5,Tuesday
mouse_2,2025-09-23,780.0,3,14,9,93.26274824142456,Hit,1.0430935229577472,0,43,Tuesday
mouse_2,2025-09-23,780.0,3,14,10,102.71619439125061,False Alarm,,1,14,Tuesday
mouse_2,2025-09-23,780.0,3,14,11,113.18341708183289,Miss,,0,2,Tuesday
mouse_2,2025-09-23,780.0,3,14,12,122.8855836391449,False Alarm,,1,2,Tuesday
mouse_2,2025-09-23,780.0,3,14,13,136.09405732154846,Hit,1.0965166507149888,0,42,Tuesday
mouse_2,2025-09-23,780.0,3,14,14,144.79612684249878,False Alarm,,1,16,Tuesday
mouse_2,2025-09-23,780.0,3,14,15,155.01248860359192,Hit,0.025942838210880836,0,69,Tuesday
mouse_2,2025-09-23,780.0,3,14,16,163.97636222839355,False Alarm,,1,42,Tuesday
mouse_2,2025-09-23,780.0,3,14,17,174.18272876739502,False Alarm,,1,4,Tuesday
mouse_2,2025-09-23,780.0,3,14,18,187.14299416542053,False Alarm,,1,2,Tuesday
mouse_2,2025-09-23,780.0,3,14,19,200.61261415481567,Hit,0.2068449668381902,0,33,Tuesday
mouse_2,2025-09-23,780.0,3,14,20,209.06577563285828,False Alarm,,1,5,Tuesday
mouse_2,2025-09-23,780.0,3,14,21,219.27239394187927,Hit,0.9507300194456718,0,25,Tuesday
mouse_2,2025-09-23,780.0,3,14,22,227.47654747962952,Hit,0.5168780025159947,0,31,Tuesday
mouse_2,2025-09-23,780.0,3,14,23,236.92501592636108,False Alarm,,1,6,Tuesday
mouse_2,2025-09-23,780.0,3,14,24,247.12188601493835,False Alarm,,1,3,Tuesday
mouse_2,2025-09-23,780.0,3,14,25,259.08218336105347,Hit,0.842475547316667,0,28,Tuesday
mouse_2,2025-09-23,780.0,3,14,26,268.5354552268982,Hit,1.0710822462996816,0,28,Tuesday
mouse_2,2025-09-23,780.0,3,14,27,277.4861407279968,Hit,1.3427229748770628,0,20,Tuesday
mouse_2,2025-09-23,780.0,3,14,28,285.9463493824005,Miss,,0,1,Tuesday
mouse_2,2025-09-23,780.0,3,14,29,297.15482115745544,False Alarm,,1,6,Tuesday
mouse_2,2025-09-23,780.0,3,14,30,307.6114253997803,False Alarm,,1,9,Tuesday
mouse_2,2025-09-23,780.0,3,14,31,320.8278274536133,Hit,0.5540796881587084,0,49,Tuesday
mouse_2,2025-09-23,780.0,3,14,32,328.525705575943,False Alarm,,1,26,Tuesday
mouse_2,2025-09-23,780.0,3,14,33,338.73143458366394,False Alarm,,1,8,Tuesday
mouse_2,2025-09-23,780.0,3,14,34,350.9419937133789,Hit,0.2621072599479817,0,39,Tuesday
mouse_2,2025-09-23,780.0,3,14,35,358.9055600166321,False Alarm,,1,11,Tuesday
mouse_2,2025-09-23,780.0,3,14,36,369.1113977432251,Hit,0.5661015690993167,0,36,Tuesday
mouse_2,2025-09-23,780.0,3,14,37,378.31434392929077,False Alarm,,1,5,Tuesday
mouse_2,2025-09-23,780.0,3,14,38,388.52255845069885,Hit,0.13966675426394204,0,28,Tuesday
mouse_2,2025-09-23,780.0,3,14,39,396.72212171554565,Hit,0.7530126769811432,0,42,Tuesday
mouse_2,2025-09-23,780.0,3,14,40,404.92461919784546,False Alarm,,1,18,Tuesday
mouse_2,2025-09-23,780.0,3,14,41,415.1311659812927,False Alarm,,1,6,Tuesday
mouse_2,2025-09-23,780.0,3,14,42,428.34075951576233,Hit,0.1844619651095627,0,30,Tuesday
mouse_2,2025-09-23,780.0,3,14,43,436.297758102417,False Alarm,,1,1,Tuesday
mouse_2,2025-09-23,780.0,3,14,44,446.4927759170532,Hit,1.2322501369846464,0,29,Tuesday
mouse_2,2025-09-23,780.0,3,14,45,456.7040054798126,Hit,1.6907718574299793,0,57,Tuesday
mouse_2,2025-09-23,780.0,3,14,46,465.90441608428955,False Alarm,,1,30,Tuesday
mouse_2,2025-09-23,780.0,3,14,47,476.12049436569214,Hit,0.0933661064797775,0,33,Tuesday
mouse_2,2025-09-23,780.0,3,14,48,485.33535718917847,False Alarm,,1,4,Tuesday
mouse_2,2025-09-23,780.0,3,14,49,495.5305018424988,Miss,,0,5,Tuesday
mouse_2,2025-09-23,780.0,3,14,50,505.4936399459839,False Alarm,,1,8,Tuesday
mouse_2,2025-09-23,780.0,3,14,51,516.4509878158569,False Alarm,,1,3,Tuesday
mouse_2,2025-09-23,780.0,3,14,52,529.9199929237366,Hit,0.36115898974105676,0,18,Tuesday
mouse_2,2025-09-23,780.0,3,14,53,538.6239650249481,Hit,1.3168573100484764,0,26,Tuesday
mouse_2,2025-09-23,780.0,3,14,54,547.5746705532074,Hit,0.8849880589820032,0,31,Tuesday
mouse_2,2025-09-23,780.0,3,14,55,556.0349566936493,Hit,0.7875897542046459,0,17,Tuesday
mouse_2,2025-09-23,780.0,3,14,56,565.7338361740112,Hit,0.6763083332709812,0,44,Tuesday
mouse_2,2025-09-23,780.0,3,14,57,574.6836304664612,False Alarm,,1,19,Tuesday
mouse_2,2025-09-23,780.0,3,14,58,584.8897643089294,Hit,0.3278074610185513,0,33,Tuesday
mouse_2,2025-09-23,780.0,3,14,59,592.3435566425323,False Alarm,,1,15,Tuesday
mouse_2,2025-09-23,780.0,3,14,60,602.5503509044647,False Alarm,,1,11,Tuesday
mouse_2,2025-09-23,780.0,3,14,61,613.5198149681091,False Alarm,,1,11,Tuesday
mouse_2,2025-09-23,780.0,3,14,62,624.7236843109131,False Alarm,,1,9,Tuesday
mouse_2,2025-09-23,780.0,3,14,63,635.6794064044952,False Alarm,,1,9,Tuesday
mouse_2,2025-09-23,780.0,3,14,64,645.8792400360107,False Alarm,,1,8,Tuesday
mouse_2,2025-09-23,780.0,3,14,65,659.6002376079559,False Alarm,,1,6,Tuesday
mouse_2,2025-09-23,780.0,3,14,66,671.0548815727234,False Alarm,,1,3,Tuesday
mouse_2,2025-09-23,780.0,3,14,67,682.5066962242126,Miss,,0,5,Tuesday
mouse_2,2025-09-23,780.0,3,14,68,692.2021062374115,False Alarm,,1,5,Tuesday
mouse_2,2025-09-23,780.0,3,14,69,703.4162335395813,Hit,0.6023735368823964,0,57,Tuesday
mouse_2,2025-09-23,780.0,3,14,70,711.6339960098267,False Alarm,,1,29,Tuesday
mouse_2,2025-09-23,780.0,3,14,71,721.8387315273285,False Alarm,,1,3,Tuesday
mouse_2,2025-09-23,780.0,3,14,72,732.8001098632812,False Alarm,,1,5,Tuesday
mouse_2,2025-09-23,780.0,3,14,73,748.2566921710968,Hit,1.4867465174157815,0,31,Tuesday
mouse_2,2025-09-23,780.0,3,14,74,758.2223870754242,False Alarm,,1,5,Tuesday
mouse_2,2025-09-23,780.0,3,14,75,768.4287660121918,False Alarm,,1,3,Tuesday
mouse_2,2025-09-23,780.0,3,14,76,780.1467237472534,Hit,2.003171900039092,0,41,Tuesday
mouse_2,2025-09-23,780.0,3,14,77,790.8620266914368,False Alarm,,1,13,Tuesday
mouse_2,2025-09-23,780.0,3,14,78,801.068032503128,False Alarm,,1,1,Tuesday
mouse_2,2025-09-23,780.0,3,14,79,814.027866601944,Hit,0.3183872034575188,0,55,Tuesday
mouse_2,2025-09-23,780.0,3,14,80,822.9816088676453,False Alarm,,1,32,Tuesday
mouse_2,2025-09-23,780.0,3,14,81,833.1884152889252,False Alarm,,1,5,Tuesday
mouse_2,2025-09-23,780.0,3,14,82,846.3980453014374,Hit,0.23417633855410713,0,66,Tuesday
mouse_2,2025-09-23,780.0,3,14,83,854.8510453701019,False Alarm,,1,38,Tuesday
mouse_2,2025-09-23,780.0,3,14,84,865.047425031662,Hit,0.8548884065734228,0,49,Tuesday
mouse_2,2025-09-23,780.0,3,14,85,873.0113744735718,False Alarm,,1,23,Tuesday
mouse_2,2025-09-23,780.0,3,14,86,883.2173938751221,False Alarm,,1,3,Tuesday
mouse_2,2025-09-23,780.0,3,14,87,897.4376633167267,Hit,0.4177886764548475,0,58,Tuesday
mouse_2,2025-09-23,780.0,3,14,88,905.8910582065582,False Alarm,,1,33,Tuesday
mouse_2,2025-09-23,780.0,3,14,89,916.097336769104,False Alarm,,1,3,Tuesday
mouse_2,2025-09-23,780.0,3,14,90,927.5575819015503,Hit,0.48853770036328115,0,49,Tuesday
mouse_2,2025-09-23,780.0,3,14,91,936.511127948761,False Alarm,,1,24,Tuesday
mouse_2,2025-09-23,780.0,3,14,92,946.7168414592743,False Alarm,,1,4,Tuesday
mouse_2,2025-09-23,780.0,3,14,93,961.1771824359894,Hit,0.5670810011572485,0,57,Tuesday
mouse_2,2025-09-23,780.0,3,14,94,970.1407787799835,False Alarm,,1,28,Tuesday
mouse_2,2025-09-23,780.0,3,14,95,980.3404200077057,Hit,0.4596121039456875,0,55,Tuesday
mouse_2,2025-09-23,780.0,3,14,96,988.5502667427063,False Alarm,,1,29,Tuesday
mouse_2,2025-09-23,780.0,3,14,97,998.7563202381134,False Alarm,,1,7,Tuesday
mouse_2,2025-09-23,780.0,3,14,98,1010.7165501117706,False Alarm,,1,7,Tuesday
mouse_2,2025-09-23,780.0,3,14,99,1020.9378850460052,False Alarm,,1,13,Tuesday
mouse_2,2025-09-23,780.0,3,14,100,1032.3963282108307,False Alarm,,1,14,Tuesday
mouse_2,2025-09-23,780.0,3,14,101,1046.3562455177307,False Alarm,,1,6,Tuesday
mouse_2,2025-09-23,780.0,3,14,102,1058.5759720802307,False Alarm,,1,1,Tuesday
mouse_2,2025-09-23,780.0,3,14,103,1072.0461525917053,Hit,0.27567611093058986,0,58,Tuesday
mouse_2,2025-09-23,780.0,3,14,104,1080.4979288578033,False Alarm,,1,31,Tuesday
mouse_2,2025-09-23,780.0,3,14,105,1090.7013013362885,Hit,0.08040324102125851,0,32,Tuesday
mouse_2,2025-09-23,780.0,3,14,106,1098.6489334106445,False Alarm,,1,4,Tuesday
mouse_2,2025-09-23,780.0,3,14,107,1109.0963399410248,Hit,0.4019277036411495,0,48,Tuesday
mouse_2,2025-09-23,780.0,3,14,108,1117.2985985279083,False Alarm,,1,26,Tuesday
mouse_2,2025-09-23,780.0,3,14,109,1127.505695104599,False Alarm,,1,9,Tuesday
mouse_2,2025-09-23,780.0,3,14,110,1139.7180724143982,False Alarm,,1,5,Tuesday
mouse_2,2025-09-23,780.0,3,14,111,1152.926751613617,False Alarm,,1,3,Tuesday
mouse_2,2025-09-23,780.0,3,14,112,1164.1430282592773,Hit,0.9349681473570399,0,69,Tuesday
mouse_2,2025-09-23,780.0,3,14,113,1174.0864217281342,False Alarm,,1,39,Tuesday
mouse_2,2025-09-23,780.0,3,14,114,1184.2871057987213,Hit,0.33382432091980263,0,59,Tuesday
mouse_2,2025-09-23,780.0,3,14,115,1192.7365186214447,False Alarm,,1,30,Tuesday
mouse_2,2025-09-23,780.0,3,14,116,1202.936119556427,Hit,0.30263615374292385,0,75,Tuesday
mouse_2,2025-09-23,780.0,3,14,117,1211.8960146903992,False Alarm,,1,66,Tuesday
mouse_2,2025-09-23,780.0,3,14,118,1222.104965209961,Hit,0.8236964231041384,0,47,Tuesday
mouse_2,2025-09-23,780.0,3,14,119,1230.8095359802246,False Alarm,,1,17,Tuesday
mouse_2,2025-09-23,780.0,3,14,120,1241.019368171692,Miss,,0,2,Tuesday
mouse_2,2025-09-23,780.0,3,14,121,1252.4684731960297,Hit,0.36524805841349917,0,44,Tuesday
mouse_2,2025-09-23,780.0,3,14,122,1260.418463230133,False Alarm,,1,20,Tuesday
mouse_2,2025-09-23,780.0,3,14,123,1270.6245112419128,False Alarm,,1,2,Tuesday
mouse_2,2025-09-23,780.0,3,14,124,1281.5761642456055,False Alarm,,1,1,Tuesday
mouse_2,2025-09-23,780.0,3,14,125,1296.2958056926727,Miss,,0,6,Tuesday
mouse_2,2025-09-23,780.0,3,14,126,1306.7468247413635,Hit,0.5913471428948469,0,26,Tuesday
mouse_2,2025-09-23,780.0,3,14,127,1314.6987171173096,False Alarm,,1,5,Tuesday
mouse_2,2025-09-23,780.0,3,14,128,1325.6546680927277,False Alarm,,1,4,Tuesday
mouse_2,2025-09-23,780.0,3,14,129,1337.3742809295654,False Alarm,,1,4,Tuesday
mouse_2,2025-09-23,780.0,3,14,130,1349.0945599079132,False Alarm,,1,2,Tuesday
mouse_2,2025-09-23,780.0,3,14,131,1363.053694486618,Hit,2.2111267174821023,0,46,Tuesday
mouse_2,2025-09-23,780.0,3,14,132,1373.7676646709442,False Alarm,,1,23,Tuesday
mouse_2,2025-09-23,780.0,3,14,133,1383.974041223526,False Alarm,,1,11,Tuesday
mouse_2,2025-09-23,780.0,3,14,134,1395.18026304245,False Alarm,,1,9,Tuesday
mouse_2,2025-09-23,780.0,3,14,135,1406.3790316581726,Hit,0.09358741983282926,0,65,Tuesday
mouse_2,2025-09-23,780.0,3,14,136,1414.3266580104828,False Alarm,,1,35,Tuesday
mouse_2,2025-09-23,780.0,3,14,137,1424.5340416431427,Hit,0.38230271036468366,0,41,Tuesday
mouse_2,2025-09-23,780.0,3,14,138,1433.2373352050781,False Alarm,,1,11,Tuesday
mouse_2,2025-09-23,780.0,3,14,139,1443.4337549209595,Hit,0.9904023557842265,0,45,Tuesday
mouse_2,2025-09-23,780.0,3,14,140,1452.8840317726135,False Alarm,,1,14,Tuesday
mouse_2,2025-09-23,780.0,3,14,141,1463.0836732387543,Hit,0.33511545379587915,0,71,Tuesday
mouse_2,2025-09-23,780.0,3,14,142,1472.2876708507538,False Alarm,,1,45,Tuesday
mouse_2,2025-09-23,780.0,3,14,143,1482.494624376297,Hit,0.7746617966729445,0,34,Tuesday
mouse_2,2025-09-23,780.0,3,14,144,1490.6968863010406,False Alarm,,1,6,Tuesday
mouse_2,2025-09-23,780.0,3,14,145,1500.9031674861908,Miss,,0,2,Tuesday
mouse_2,2025-09-23,780.0,3,14,146,1512.367437362671,False Alarm,,1,2,Tuesday
mouse_2,2025-09-23,780.0,3,14,147,1523.3231840133667,Miss,,0,0,Tuesday
mouse_2,2025-09-23,780.0,3,14,148,1533.2758078575134,Hit,1.1287540623259247,0,75,Tuesday
mouse_2,2025-09-23,780.0,3,14,149,1541.7264320850372,False Alarm,,1,52,Tuesday
mouse_2,2025-09-23,780.0,3,14,150,1551.9328699111938,Miss,,0,0,Tuesday
mouse_2,2025-09-23,780.0,3,14,151,1562.14736866951,Miss,,0,0,Tuesday
mouse_2,2025-09-23,780.0,3,14,152,1572.0960137844086,Miss,,0,1,Tuesday
mouse_2,2025-09-23,780.0,3,14,153,1582.7964234352112,Hit,0.6750318216995765,0,43,Tuesday
mouse_2,2025-09-23,780.0,3,14,154,1591.9959695339203,False Alarm,,1,12,Tuesday
mouse_2,2025-09-23,780.0,3,14,155,1602.2024626731873,Hit,0.18130914160201428,0,43,Tuesday
mouse_2,2025-09-23,780.0,3,14,156,1610.6560881137848,False Alarm,,1,14,Tuesday
mouse_2,2025-09-23,780.0,3,14,157,1620.8524012565613,Hit,1.2188738909771928,0,43,Tuesday
mouse_2,2025-09-23,780.0,3,14,158,1630.566335439682,False Alarm,,1,14,Tuesday
mouse_2,2025-09-23,780.0,3,14,159,1640.7724173069,Hit,2.3120093911024924,0,21,Tuesday
mouse_2,2025-09-23,780.0,3,14,160,1650.7248680591583,Hit,1.2715416293010549,0,51,Tuesday
mouse_2,2025-09-23,780.0,3,14,161,1659.6756463050842,False Alarm,,1,21,Tuesday
mouse_2,2025-09-23,780.0,3,14,162,1669.8826591968536,Hit,1.095961738592223,0,45,Tuesday
mouse_2,2025-09-23,780.0,3,14,163,1680.08553981781,False Alarm,,1,15,Tuesday
mouse_2,2025-09-23,780.0,3,14,164,1690.2921481132507,Miss,,0,0,Tuesday
mouse_2,2025-09-23,780.0,3,14,165,1700.245262145996,Miss,,0,0,Tuesday
mouse_2,2025-09-23,780.0,3,14,166,1711.2063522338867,Miss,,0,0,Tuesday
mouse_2,2025-09-23,780.0,3,14,167,1721.1555643081665,Miss,,0,7,Tuesday
mouse_2,2025-09-23,780.0,3,14,168,1731.8650138378143,False Alarm,,1,7,Tuesday
mouse_2,2025-09-23,780.0,3,14,169,1744.3218741416931,Miss,,0,8,Tuesday
mouse_2,2025-09-23,780.0,3,14,170,1755.5246210098267,False Alarm,,1,3,Tuesday
mouse_2,2025-09-23,780.0,3,14,171,1766.9814438819885,Miss,,0,3,Tuesday
mouse_2,2025-09-23,780.0,3,14,172,1777.9355783462524,False Alarm,,1,3,Tuesday
mouse_2,2025-09-23,780.0,3,14,173,1791.3876662254333,Miss,,0,0,Tuesday
mouse_2,2025-09-23,780.0,3,14,174,1802.3437883853912,Miss,,0,0,Tuesday
mouse_2,2025-09-24,780.0,3,15,1,0.2988879680633545,False Alarm,,1,6,Wednesday
mouse_2,2025-09-24,780.0,3,15,2,13.261373043060303,False Alarm,,1,4,Wednesday
mouse_2,2025-09-24,780.0,3,15,3,27.48283815383911,False Alarm,,1,2,Wednesday
mouse_2,2025-09-24,780.0,3,15,4,40.94776701927185,Hit,0.5975957942742127,0,35,Wednesday
mouse_2,2025-09-24,780.0,3,15,5,50.14483404159546,False Alarm,,1,6,Wednesday
mouse_2,2025-09-24,780.0,3,15,6,60.34193968772888,Hit,0.7797513189152028,0,36,Wednesday
mouse_2,2025-09-24,780.0,3,15,7,69.29424142837524,False Alarm,,1,8,Wednesday
mouse_2,2025-09-24,780.0,3,15,8,79.5022189617157,False Alarm,,1,1,Wednesday
mouse_2,2025-09-24,780.0,3,15,9,92.7114508152008,Hit,0.31161824339220345,0,29,Wednesday
mouse_2,2025-09-24,780.0,3,15,10,102.17529559135437,Hit,2.2762269346391975,0,53,Wednesday
mouse_2,2025-09-24,780.0,3,15,11,111.88472080230713,False Alarm,,1,28,Wednesday
mouse_2,2025-09-24,780.0,3,15,12,122.09134531021118,Miss,,0,3,Wednesday
mouse_2,2025-09-24,780.0,3,15,13,132.7942488193512,False Alarm,,1,5,Wednesday
mouse_2,2025-09-24,780.0,3,15,14,143.99454379081726,Hit,0.5679876314558499,0,38,Wednesday
mouse_2,2025-09-24,780.0,3,15,15,151.943918466568,False Alarm,,1,11,Wednesday
mouse_2,2025-09-24,780.0,3,15,16,162.1407334804535,Hit,0.40637866560700786,0,66,Wednesday
mouse_2,2025-09-24,780.0,3,15,17,170.59534406661987,False Alarm,,1,69,Wednesday
mouse_2,2025-09-24,780.0,3,15,18,180.80066776275635,Hit,0.3412679786697481,0,24,Wednesday
mouse_2,2025-09-24,780.0,3,15,19,189.75459837913513,Hit,1.5426987369514507,0,50,Wednesday
mouse_2,2025-09-24,780.0,3,15,20,200.21382093429565,False Alarm,,1,23,Wednesday
mouse_2,2025-09-24,780.0,3,15,21,210.42072200775146,False Alarm,,1,2,Wednesday
mouse_2,2025-09-24,780.0,3,15,22,221.88057851791382,Miss,,0,0,Wednesday
mouse_2,2025-09-24,780.0,3,15,23,231.58390474319458,Hit,0.3270626607589122,0,35,Wednesday
mouse_2,2025-09-24,780.0,3,15,24,240.53445649147034,False Alarm,,1,5,Wednesday
mouse_2,2025-09-24,780.0,3,15,25,250.74150156974792,Hit,0.9853198086863131,0,44,Wednesday
mouse_2,2025-09-24,780.0,3,15,26,259.4441683292389,False Alarm,,1,21,Wednesday
mouse_2,2025-09-24,780.0,3,15,27,269.65130376815796,Hit,0.30247787702455753,0,32,Wednesday
mouse_2,2025-09-24,780.0,3,15,28,277.3642053604126,False Alarm,,1,4,Wednesday
mouse_2,2025-09-24,780.0,3,15,29,287.5700469017029,Hit,0.43977695324178967,0,24,Wednesday
mouse_2,2025-09-24,780.0,3,15,30,296.0247631072998,Hit,0.898463283843455,0,49,Wednesday
mouse_2,2025-09-24,780.0,3,15,31,305.48400926589966,False Alarm,,1,21,Wednesday
mouse_2,2025-09-24,780.0,3,15,32,315.68979930877686,Hit,0.382160115796637,0,25,Wednesday
mouse_2,2025-09-24,780.0,3,15,33,324.14332389831543,Hit,0.28901908420169775,0,18,Wednesday
mouse_2,2025-09-24,780.0,3,15,34,332.6035826206207,Hit,0.16232975705133867,0,24,Wednesday
mouse_2,2025-09-24,780.0,3,15,35,340.8035316467285,Miss,,0,0,Wednesday
mouse_2,2025-09-24,780.0,3,15,36,350.75255823135376,Hit,1.1458105777050491,0,37,Wednesday
mouse_2,2025-09-24,780.0,3,15,37,359.21279525756836,False Alarm,,1,13,Wednesday
mouse_2,2025-09-24,780.0,3,15,38,369.41924262046814,False Alarm,,1,4,Wednesday
mouse_2,2025-09-24,780.0,3,15,39,383.87972378730774,Hit,0.5171825418032654,0,29,Wednesday
mouse_2,2025-09-24,780.0,3,15,40,392.58308458328247,Hit,0.2988918918050558,0,38,Wednesday
mouse_2,2025-09-24,780.0,3,15,41,401.0434191226959,False Alarm,,1,14,Wednesday
mouse_2,2025-09-24,780.0,3,15,42,411.24921226501465,False Alarm,,1,4,Wednesday
mouse_2,2025-09-24,780.0,3,15,43,425.7091224193573,Hit,0.5236843198126735,0,32,Wednesday
mouse_2,2025-09-24,780.0,3,15,44,434.16290640830994,False Alarm,,1,2,Wednesday
mouse_2,2025-09-24,780.0,3,15,45,444.3629229068756,Hit,0.38314365014099394,0,65,Wednesday
mouse_2,2025-09-24,780.0,3,15,46,453.0632929801941,False Alarm,,1,36,Wednesday
mouse_2,2025-09-24,780.0,3,15,47,463.2688150405884,Hit,1.1717532879968644,0,38,Wednesday
mouse_2,2025-09-24,780.0,3,15,48,473.47300267219543,False Alarm,,1,9,Wednesday
mouse_2,2025-09-24,780.0,3,15,49,483.6805067062378,Hit,0.31995781465354867,0,60,Wednesday
mouse_2,2025-09-24,780.0,3,15,50,491.88228726387024,False Alarm,,1,30,Wednesday
mouse_2,2025-09-24,780.0,3,15,51,502.08540177345276,Hit,0.6712743488718615,0,20,Wednesday
mouse_2,2025-09-24,780.0,3,15,52,511.2924518585205,Hit,0.5861836486179755,0,18,Wednesday
mouse_2,2025-09-24,780.0,3,15,53,520.9917764663696,Hit,1.5928688237445385,0,66,Wednesday
mouse_2,2025-09-24,780.0,3,15,54,530.692146062851,False Alarm,,1,40,Wednesday
mouse_2,2025-09-24,780.0,3,15,55,540.8984003067017,False Alarm,,1,5,Wednesday
mouse_2,2025-09-24,780.0,3,15,56,554.8584084510803,Miss,,0,0,Wednesday
mouse_2,2025-09-24,780.0,3,15,57,565.563072681427,Hit,0.36485300439312596,0,74,Wednesday
mouse_2,2025-09-24,780.0,3,15,58,574.7613279819489,False Alarm,,1,51,Wednesday
mouse_2,2025-09-24,780.0,3,15,59,584.9681134223938,Miss,,0,0,Wednesday
mouse_2,2025-09-24,780.0,3,15,60,595.1710619926453,Hit,0.10556418096587095,0,40,Wednesday
mouse_2,2025-09-24,780.0,3,15,61,604.1220591068268,False Alarm,,1,10,Wednesday
mouse_2,2025-09-24,780.0,3,15,62,614.3381414413452,Hit,0.36070705600786823,0,76,Wednesday
mouse_2,2025-09-24,780.0,3,15,63,622.7914412021637,False Alarm,,1,92,Wednesday
mouse_2,2025-09-24,780.0,3,15,64,632.9980173110962,Hit,0.25998068256933493,0,60,Wednesday
mouse_2,2025-09-24,780.0,3,15,65,641.1911969184875,False Alarm,,1,30,Wednesday
mouse_2,2025-09-24,780.0,3,15,66,651.4070873260498,Hit,2.1828262085110737,0,38,Wednesday
mouse_2,2025-09-24,780.0,3,15,67,662.3608002662659,False Alarm,,1,14,Wednesday
mouse_2,2025-09-24,780.0,3,15,68,672.5671501159668,False Alarm,,1,10,Wednesday
mouse_2,2025-09-24,780.0,3,15,69,684.286958694458,False Alarm,,1,14,Wednesday
mouse_2,2025-09-24,780.0,3,15,70,698.9975600242615,Hit,0.255518956947526,0,53,Wednesday
mouse_2,2025-09-24,780.0,3,15,71,706.9510364532471,False Alarm,,1,24,Wednesday
mouse_2,2025-09-24,780.0,3,15,72,717.1666107177734,Hit,0.8570557365819695,0,43,Wednesday
mouse_2,2025-09-24,780.0,3,15,73,726.3708946704865,False Alarm,,1,19,Wednesday
mouse_2,2025-09-24,780.0,3,15,74,736.5770900249481,Miss,,0,0,Wednesday
mouse_2,2025-09-24,780.0,3,15,75,746.2800345420837,Hit,0.18925901824798075,0,34,Wednesday
mouse_2,2025-09-24,780.0,3,15,76,754.4900143146515,False Alarm,,1,8,Wednesday
mouse_2,2025-09-24,780.0,3,15,77,764.6964979171753,False Alarm,,1,6,Wednesday
mouse_2,2025-09-24,780.0,3,15,78,777.4062421321869,False Alarm,,1,3,Wednesday
mouse_2,2025-09-24,780.0,3,15,79,791.8762586116791,Hit,0.8156047429109776,0,49,Wednesday
mouse_2,2025-09-24,780.0,3,15,80,800.3290259838104,False Alarm,,1,22,Wednesday
mouse_2,2025-09-24,780.0,3,15,81,810.5263242721558,False Alarm,,1,2,Wednesday
mouse_2,2025-09-24,780.0,3,15,82,823.4861500263214,Hit,0.8051274555305099,0,53,Wednesday
mouse_2,2025-09-24,780.0,3,15,83,832.4366264343262,False Alarm,,1,23,Wednesday
mouse_2,2025-09-24,780.0,3,15,84,842.629234790802,Hit,0.18106078755613453,0,47,Wednesday
mouse_2,2025-09-24,780.0,3,15,85,851.8292417526245,False Alarm,,1,19,Wednesday
mouse_2,2025-09-24,780.0,3,15,86,862.0341637134552,Hit,0.2833185545974857,0,54,Wednesday
mouse_2,2025-09-24,780.0,3,15,87,870.7391684055328,False Alarm,,1,24,Wednesday
mouse_2,2025-09-24,780.0,3,15,88,880.9453315734863,Hit,1.3980330298641093,0,50,Wednesday
mouse_2,2025-09-24,780.0,3,15,89,889.8998942375183,False Alarm,,1,24,Wednesday
mouse_2,2025-09-24,780.0,3,15,90,900.1054353713989,Hit,0.02111207809798543,0,23,Wednesday
mouse_2,2025-09-24,780.0,3,15,91,908.0670552253723,Hit,0.41303842195645757,0,65,Wednesday
mouse_2,2025-09-24,780.0,3,15,92,915.7688753604889,False Alarm,,1,34,Wednesday
mouse_2,2025-09-24,780.0,3,15,93,925.9851226806641,Hit,0.18850011493270813,0,41,Wednesday
mouse_2,2025-09-24,780.0,3,15,94,935.189778804779,False Alarm,,1,11,Wednesday
mouse_2,2025-09-24,780.0,3,15,95,945.3956623077393,Hit,0.13918134731147802,0,26,Wednesday
mouse_2,2025-09-24,780.0,3,15,96,954.3584880828857,False Alarm,,1,10,Wednesday
mouse_2,2025-09-24,780.0,3,15,97,972.5753128528595,False Alarm,,1,5,Wednesday
mouse_2,2025-09-24,780.0,3,15,98,986.7851197719574,Hit,0.24229336999258066,0,65,Wednesday
mouse_2,2025-09-24,780.0,3,15,99,994.9856595993042,False Alarm,,1,39,Wednesday
mouse_2,2025-09-24,780.0,3,15,100,1005.1847195625305,Hit,0.07334611534383839,0,51,Wednesday
mouse_2,2025-09-24,780.0,3,15,101,1013.1361439228058,False Alarm,,1,21,Wednesday
mouse_2,2025-09-24,780.0,3,15,102,1023.334303855896,Hit,0.2557920735237076,0,72,Wednesday
mouse_2,2025-09-24,780.0,3,15,103,1032.5378859043121,False Alarm,,1,59,Wednesday
mouse_2,2025-09-24,780.0,3,15,104,1042.745733499527,Hit,1.0919567696050763,0,32,Wednesday
mouse_2,2025-09-24,780.0,3,15,105,1051.9494347572327,False Alarm,,1,3,Wednesday
mouse_2,2025-09-24,780.0,3,15,106,1062.1455435752869,Miss,,0,0,Wednesday
mouse_2,2025-09-24,780.0,3,15,107,1072.5976541042328,Miss,,0,0,Wednesday
mouse_2,2025-09-24,780.0,3,15,108,1083.2946753501892,Miss,,0,0,Wednesday
mouse_2,2025-09-24,780.0,3,15,109,1093.9975318908691,Miss,,0,0,Wednesday
mouse_2,2025-09-24,780.0,3,15,110,1104.697214603424,Miss,,0,0,Wednesday
mouse_2,2025-09-24,780.0,3,15,111,1114.6572213172913,Miss,,0,3,Wednesday
mouse_2,2025-09-24,780.0,3,15,112,1125.8685784339905,Hit,0.3963486106886194,0,39,Wednesday
mouse_2,2025-09-24,780.0,3,15,113,1133.567550420761,False Alarm,,1,10,Wednesday
mouse_2,2025-09-24,780.0,3,15,114,1143.7577548027039,Hit,0.8965700249066231,0,50,Wednesday
mouse_2,2025-09-24,780.0,3,15,115,1152.2077550888062,False Alarm,,1,20,Wednesday
mouse_2,2025-09-24,780.0,3,15,116,1162.413500070572,Hit,0.7189762537439037,0,30,Wednesday
mouse_2,2025-09-24,780.0,3,15,117,1171.8679745197296,False Alarm,,1,5,Wednesday
mouse_2,2025-09-24,780.0,3,15,118,1182.073354959488,False Alarm,,1,3,Wednesday
mouse_2,2025-09-24,780.0,3,15,119,1194.2931752204895,Hit,1.1936049333335177,0,33,Wednesday
mouse_2,2025-09-24,780.0,3,15,120,1203.7465884685516,False Alarm,,1,6,Wednesday
mouse_2,2025-09-24,780.0,3,15,121,1213.952305316925,Hit,0.4647665722993679,0,42,Wednesday
mouse_2,2025-09-24,780.0,3,15,122,1221.916335105896,False Alarm,,1,16,Wednesday
mouse_2,2025-09-24,780.0,3,15,123,1232.1229422092438,Hit,0.7292596565405347,0,74,Wednesday
mouse_2,2025-09-24,780.0,3,15,124,1240.0831401348114,False Alarm,,1,53,Wednesday
mouse_2,2025-09-24,780.0,3,15,125,1250.2853808403015,Hit,1.093042576711241,0,34,Wednesday
mouse_2,2025-09-24,780.0,3,15,126,1258.9859685897827,False Alarm,,1,7,Wednesday
mouse_2,2025-09-24,780.0,3,15,127,1269.1727023124695,Hit,1.6330959582776359,0,38,Wednesday
mouse_2,2025-09-24,780.0,3,15,128,1279.6257536411285,False Alarm,,1,11,Wednesday
mouse_2,2025-09-24,780.0,3,15,129,1289.8321726322174,False Alarm,,1,4,Wednesday
mouse_2,2025-09-24,780.0,3,15,130,1301.7917113304138,Hit,0.48366543057068156,0,31,Wednesday
mouse_2,2025-09-24,780.0,3,15,131,1310.7556619644165,False Alarm,,1,3,Wednesday
mouse_2,2025-09-24,780.0,3,15,132,1320.961776971817,Hit,0.12607381764178172,0,40,Wednesday
mouse_2,2025-09-24,780.0,3,15,133,1329.1748445034027,False Alarm,,1,10,Wednesday
mouse_2,2025-09-24,780.0,3,15,134,1339.371557712555,False Alarm,,1,8,Wednesday
mouse_2,2025-09-24,780.0,3,15,135,1354.5913610458374,False Alarm,,1,1,Wednesday
mouse_2,2025-09-24,780.0,3,15,136,1368.5515422821045,Hit,0.6690038628005368,0,40,Wednesday
mouse_2,2025-09-24,780.0,3,15,137,1377.2743804454803,False Alarm,,1,9,Wednesday
mouse_2,2025-09-24,780.0,3,15,138,1387.4710953235626,Hit,0.5662420751884838,0,47,Wednesday
mouse_2,2025-09-24,780.0,3,15,139,1395.6831812858582,False Alarm,,1,19,Wednesday
mouse_2,2025-09-24,780.0,3,15,140,1405.885205745697,Hit,2.291366670133584,0,41,Wednesday
mouse_2,2025-09-24,780.0,3,15,141,1416.5942792892456,False Alarm,,1,23,Wednesday
mouse_2,2025-09-24,780.0,3,15,142,1426.8007371425629,False Alarm,,1,4,Wednesday
mouse_2,2025-09-24,780.0,3,15,143,1438.0129289627075,False Alarm,,1,4,Wednesday
mouse_2,2025-09-24,780.0,3,15,144,1450.7313451766968,Hit,0.7912506429197492,0,77,Wednesday
mouse_2,2025-09-24,780.0,3,15,145,1458.683822631836,False Alarm,,1,60,Wednesday
mouse_2,2025-09-24,780.0,3,15,146,1468.8805379867554,Miss,,0,0,Wednesday
mouse_2,2025-09-24,780.0,3,15,147,1480.0949974060059,Hit,0.28580780680795215,0,66,Wednesday
mouse_2,2025-09-24,780.0,3,15,148,1489.2908818721771,False Alarm,,1,35,Wednesday
mouse_2,2025-09-24,780.0,3,15,149,1499.4902431964874,Miss,,0,0,Wednesday
mouse_2,2025-09-24,780.0,3,15,150,1509.6930091381073,Miss,,0,0,Wednesday
mouse_2,2025-09-24,780.0,3,15,151,1521.1430344581604,Miss,,0,0,Wednesday
mouse_2,2025-09-24,780.0,3,15,152,1532.0928702354431,Hit,1.3903268386700347,0,30,Wednesday
mouse_2,2025-09-24,780.0,3,15,153,1540.795182466507,False Alarm,,1,1,Wednesday
mouse_2,2025-09-24,780.0,3,15,154,1550.9999225139618,Hit,2.2226171962377066,0,29,Wednesday
mouse_2,2025-09-24,780.0,3,15,155,1560.453682422638,Miss,,0,0,Wednesday
mouse_2,2025-09-24,780.0,3,15,156,1570.1525177955627,Hit,0.28297719620877615,0,30,Wednesday
mouse_2,2025-09-24,780.0,3,15,157,1578.612563610077,False Alarm,,1,2,Wednesday
mouse_2,2025-09-24,780.0,3,15,158,1588.8192641735077,False Alarm,,1,3,Wednesday
mouse_2,2025-09-24,780.0,3,15,159,1603.7903168201447,Hit,1.047097564295882,0,27,Wednesday
mouse_2,2025-09-24,780.0,3,15,160,1612.2523245811462,Hit,0.6893742771019333,0,32,Wednesday
mouse_2,2025-09-24,780.0,3,15,161,1620.4422571659088,False Alarm,,1,2,Wednesday
mouse_2,2025-09-24,780.0,3,15,162,1630.6493339538574,Hit,0.752929597118964,0,33,Wednesday
mouse_2,2025-09-24,780.0,3,15,163,1639.1042251586914,False Alarm,,1,5,Wednesday
mouse_2,2025-09-24,780.0,3,15,164,1649.3090562820435,Hit,0.27666935660295167,0,17,Wednesday
mouse_2,2025-09-24,780.0,3,15,165,1658.0219705104828,Hit,0.8947314369640935,0,25,Wednesday
mouse_2,2025-09-24,780.0,3,15,166,1667.4722428321838,False Alarm,,1,5,Wednesday
mouse_2,2025-09-24,780.0,3,15,167,1684.1786997318268,Miss,,0,3,Wednesday
mouse_2,2025-09-24,780.0,3,15,168,1695.1296410560608,Hit,0.3050132816176756,0,69,Wednesday
mouse_2,2025-09-24,780.0,3,15,169,1703.0817019939423,False Alarm,,1,38,Wednesday
mouse_2,2025-09-24,780.0,3,15,170,1713.2780957221985,Hit,0.5168531874805922,0,20,Wednesday
mouse_2,2025-09-24,780.0,3,15,171,1722.7325356006622,Miss,,0,0,Wednesday
mouse_2,2025-09-24,780.0,3,15,172,1733.681155204773,Miss,,0,0,Wednesday
mouse_2,2025-09-24,780.0,3,15,173,1745.3909039497375,Hit,0.8629703696410616,0,32,Wednesday
mouse_2,2025-09-24,780.0,3,15,174,1754.099003314972,False Alarm,,1,2,Wednesday
mouse_2,2025-09-24,780.0,3,15,175,1764.2946820259094,Miss,,0,0,Wednesday
mouse_2,2025-09-24,780.0,3,15,176,1775.741171836853,Miss,,0,0,Wednesday
mouse_2,2025-09-24,780.0,3,15,177,1786.6909067630768,Hit,0.3863586843942812,0,41,Wednesday
mouse_2,2025-09-24,780.0,3,15,178,1796.1408092975616,False Alarm,,1,11,Wednesday
mouse_2,2025-09-24,780.0,3,15,179,1806.3475058078766,Miss,,0,0,Wednesday
mouse_2,2025-09-25,780.0,3,16,1,0.3424417972564697,False Alarm,,1,2,Thursday
mouse_2,2025-09-25,780.0,3,16,2,10.792617559432983,Hit,0.7912891537496165,0,26,Thursday
mouse_2,2025-09-25,780.0,3,16,3,19.742574453353882,Hit,2.2458440027771474,0,29,Thursday
mouse_2,2025-09-25,780.0,3,16,4,29.20694899559021,Hit (Calc),2.2709354161045496,0,6,Thursday
mouse_2,2025-09-25,780.0,3,16,5,40.41249966621399,Hit,0.8876681776846098,0,51,Thursday
mouse_2,2025-09-25,780.0,3,16,6,48.613608598709106,False Alarm,,1,22,Thursday
mouse_2,2025-09-25,780.0,3,16,7,58.819671869277954,Hit,0.1348889814238845,0,28,Thursday
mouse_2,2025-09-25,780.0,3,16,8,67.02415442466736,Hit,0.3750216441764138,0,24,Thursday
mouse_2,2025-09-25,780.0,3,16,9,76.48278832435608,False Alarm,,1,2,Thursday
mouse_2,2025-09-25,780.0,3,16,10,88.6911473274231,Miss,,0,0,Thursday
mouse_2,2025-09-25,780.0,3,16,11,99.90508365631104,Hit,1.3136703574160435,0,19,Thursday
mouse_2,2025-09-25,780.0,3,16,12,108.85678195953369,Hit,0.08735192193493901,0,62,Thursday
mouse_2,2025-09-25,780.0,3,16,13,118.0527994632721,False Alarm,,1,33,Thursday
mouse_2,2025-09-25,780.0,3,16,14,128.25199151039124,Hit,1.6298324847784045,0,20,Thursday
mouse_2,2025-09-25,780.0,3,16,15,137.21602940559387,Hit,0.3448134567360057,0,28,Thursday
mouse_2,2025-09-25,780.0,3,16,16,145.92641735076904,False Alarm,,1,8,Thursday
mouse_2,2025-09-25,780.0,3,16,17,160.12874484062195,False Alarm,,1,9,Thursday
mouse_2,2025-09-25,780.0,3,16,18,175.08335852622986,False Alarm,,1,2,Thursday
mouse_2,2025-09-25,780.0,3,16,19,187.0441119670868,Hit,0.27953551476485927,0,30,Thursday
mouse_2,2025-09-25,780.0,3,16,20,195.2581250667572,False Alarm,,1,2,Thursday
mouse_2,2025-09-25,780.0,3,16,21,205.71415495872498,Hit,0.5216529033210975,0,23,Thursday
mouse_2,2025-09-25,780.0,3,16,22,215.16840314865112,Hit,0.3335188491275005,0,15,Thursday
mouse_2,2025-09-25,780.0,3,16,23,224.37869691848755,Miss,,0,3,Thursday
mouse_2,2025-09-25,780.0,3,16,24,235.32873249053955,Miss,,0,0,Thursday
mouse_2,2025-09-25,780.0,3,16,25,246.03881096839905,Miss,,0,0,Thursday
mouse_2,2025-09-25,780.0,3,16,26,257.23884081840515,Miss,,0,0,Thursday
mouse_2,2025-09-25,780.0,3,16,27,266.93720984458923,Miss,,0,0,Thursday
mouse_2,2025-09-25,780.0,3,16,28,278.646856546402,Hit,0.6945918290833788,0,17,Thursday
mouse_2,2025-09-25,780.0,3,16,29,288.09988498687744,Hit,0.9917221987771541,0,12,Thursday
mouse_2,2025-09-25,780.0,3,16,30,296.800879240036,Miss,,0,0,Thursday
mouse_2,2025-09-25,780.0,3,16,31,307.74991965293884,Miss,,0,0,Thursday
mouse_2,2025-09-25,780.0,3,16,32,318.45760440826416,Hit,1.1963471086554023,0,60,Thursday
mouse_2,2025-09-25,780.0,3,16,33,326.90994453430176,False Alarm,,1,32,Thursday
mouse_2,2025-09-25,780.0,3,16,34,337.1038672924042,Miss,,0,0,Thursday
mouse_2,2025-09-25,780.0,3,16,35,346.8002882003784,Hit,0.8715936438717335,0,16,Thursday
mouse_2,2025-09-25,780.0,3,16,36,355.75134015083313,Miss,,0,2,Thursday
mouse_2,2025-09-25,780.0,3,16,37,367.20071029663086,False Alarm,,1,2,Thursday
mouse_2,2025-09-25,780.0,3,16,38,381.9177191257477,Miss,,0,1,Thursday
mouse_2,2025-09-25,780.0,3,16,39,392.6310713291168,Hit,0.1348047858564314,0,37,Thursday
mouse_2,2025-09-25,780.0,3,16,40,400.83210492134094,False Alarm,,1,10,Thursday
mouse_2,2025-09-25,780.0,3,16,41,411.0376296043396,Hit,0.661747283737725,0,23,Thursday
mouse_2,2025-09-25,780.0,3,16,42,419.0014705657959,Miss,,0,0,Thursday
mouse_2,2025-09-25,780.0,3,16,43,429.46107840538025,Hit,1.5821328199972413,0,73,Thursday
mouse_2,2025-09-25,780.0,3,16,44,438.9225435256958,False Alarm,,1,54,Thursday
mouse_2,2025-09-25,780.0,3,16,45,449.1283209323883,Hit,0.910350104929023,0,39,Thursday
mouse_2,2025-09-25,780.0,3,16,46,457.32229566574097,False Alarm,,1,13,Thursday
mouse_2,2025-09-25,780.0,3,16,47,467.5394208431244,Miss,,0,3,Thursday
mouse_2,2025-09-25,780.0,3,16,48,477.50220346450806,Hit,0.3973493396073877,0,60,Thursday
mouse_2,2025-09-25,780.0,3,16,49,485.215158700943,False Alarm,,1,32,Thursday
mouse_2,2025-09-25,780.0,3,16,50,495.41051030158997,Hit,1.9869557770263668,0,18,Thursday
mouse_2,2025-09-25,780.0,3,16,51,505.8631703853607,Hit,1.751014784273707,0,30,Thursday
mouse_2,2025-09-25,780.0,3,16,52,516.5624120235443,False Alarm,,1,6,Thursday
mouse_2,2025-09-25,780.0,3,16,53,526.7706210613251,False Alarm,,1,6,Thursday
mouse_2,2025-09-25,780.0,3,16,54,540.7301013469696,Hit,0.3295771506431038,0,23,Thursday
mouse_2,2025-09-25,780.0,3,16,55,548.6832354068756,Miss,,0,3,Thursday
mouse_2,2025-09-25,780.0,3,16,56,559.1436266899109,False Alarm,,1,3,Thursday
mouse_2,2025-09-25,780.0,3,16,57,571.0993845462799,Hit,0.3703044644214515,0,27,Thursday
mouse_2,2025-09-25,780.0,3,16,58,580.5535523891449,False Alarm,,1,5,Thursday
mouse_2,2025-09-25,780.0,3,16,59,595.7694523334503,Hit,1.4587619327805896,0,60,Thursday
mouse_2,2025-09-25,780.0,3,16,60,604.7230801582336,False Alarm,,1,32,Thursday
mouse_2,2025-09-25,780.0,3,16,61,614.9195673465729,Hit,1.0295125992220164,0,27,Thursday
mouse_2,2025-09-25,780.0,3,16,62,624.3733386993408,False Alarm,,1,1,Thursday
mouse_2,2025-09-25,780.0,3,16,63,634.5694365501404,Hit,0.017513938892534497,0,40,Thursday
mouse_2,2025-09-25,780.0,3,16,64,643.0248806476593,False Alarm,,1,11,Thursday
mouse_2,2025-09-25,780.0,3,16,65,653.2295789718628,Hit,1.0427087205819134,0,59,Thursday
mouse_2,2025-09-25,780.0,3,16,66,661.4324882030487,False Alarm,,1,30,Thursday
mouse_2,2025-09-25,780.0,3,16,67,671.6395633220673,Miss,,0,2,Thursday
mouse_2,2025-09-25,780.0,3,16,68,682.5929453372955,Hit,0.44911024061354965,0,60,Thursday
mouse_2,2025-09-25,780.0,3,16,69,690.5429589748383,False Alarm,,1,36,Thursday
mouse_2,2025-09-25,780.0,3,16,70,700.7475502490997,Hit,2.114135187787383,0,37,Thursday
mouse_2,2025-09-25,780.0,3,16,71,710.7034244537354,False Alarm,,1,14,Thursday
mouse_2,2025-09-25,780.0,3,16,72,720.8946046829224,False Alarm,,1,4,Thursday
mouse_2,2025-09-25,780.0,3,16,73,732.3594605922699,Miss,,0,3,Thursday
mouse_2,2025-09-25,780.0,3,16,74,742.5626966953278,False Alarm,,1,3,Thursday
mouse_2,2025-09-25,780.0,3,16,75,753.0293905735016,Hit,1.3227086134626234,0,77,Thursday
mouse_2,2025-09-25,780.0,3,16,76,762.9734313488007,False Alarm,,1,80,Thursday
mouse_2,2025-09-25,780.0,3,16,77,773.189953327179,Hit,0.9981663561183041,0,23,Thursday
mouse_2,2025-09-25,780.0,3,16,78,782.6429929733276,Hit,0.7976832915459227,0,30,Thursday
mouse_2,2025-09-25,780.0,3,16,79,790.8431231975555,False Alarm,,1,7,Thursday
mouse_2,2025-09-25,780.0,3,16,80,801.0496566295624,False Alarm,,1,3,Thursday
mouse_2,2025-09-25,780.0,3,16,81,815.2597336769104,Hit,1.0791043479385962,0,68,Thursday
mouse_2,2025-09-25,780.0,3,16,82,823.712385892868,False Alarm,,1,43,Thursday
mouse_2,2025-09-25,780.0,3,16,83,833.9189920425415,Hit (Calc),2.7476334962444753,0,4,Thursday
mouse_2,2025-09-25,780.0,3,16,84,845.1222279071808,Hit,2.0198804759907034,0,40,Thursday
mouse_2,2025-09-25,780.0,3,16,85,854.3331747055054,False Alarm,,1,16,Thursday
mouse_2,2025-09-25,780.0,3,16,86,864.539546251297,False Alarm,,1,2,Thursday
mouse_2,2025-09-25,780.0,3,16,87,875.9996480941772,Hit,0.07077815231923523,0,52,Thursday
mouse_2,2025-09-25,780.0,3,16,88,884.4527986049652,False Alarm,,1,22,Thursday
mouse_2,2025-09-25,780.0,3,16,89,894.6688871383667,Hit,1.7565235950316946,0,45,Thursday
mouse_2,2025-09-25,780.0,3,16,90,905.1222596168518,False Alarm,,1,19,Thursday
mouse_2,2025-09-25,780.0,3,16,91,915.3185939788818,False Alarm,,1,4,Thursday
mouse_2,2025-09-25,780.0,3,16,92,929.0300312042236,False Alarm,,1,9,Thursday
mouse_2,2025-09-25,780.0,3,16,93,944.4888007640839,False Alarm,,1,5,Thursday
mouse_2,2025-09-25,780.0,3,16,94,954.9489507675171,Hit,0.7898324896227678,0,31,Thursday
mouse_2,2025-09-25,780.0,3,16,95,964.1535625457764,False Alarm,,1,6,Thursday
mouse_2,2025-09-25,780.0,3,16,96,974.3500719070435,False Alarm,,1,3,Thursday
mouse_2,2025-09-25,780.0,3,16,97,985.3090724945068,Hit,0.5825137570019479,0,75,Thursday
mouse_2,2025-09-25,780.0,3,16,98,993.7597365379333,False Alarm,,1,58,Thursday
mouse_2,2025-09-25,780.0,3,16,99,1003.9589877128601,Hit,0.2753046418762324,0,71,Thursday
mouse_2,2025-09-25,780.0,3,16,100,1011.9226472377777,False Alarm,,1,41,Thursday
mouse_2,2025-09-25,780.0,3,16,101,1022.1290378570557,Hit,0.6615777479842109,0,70,Thursday
mouse_2,2025-09-25,780.0,3,16,102,1030.093504190445,False Alarm,,1,42,Thursday
mouse_2,2025-09-25,780.0,3,16,103,1040.299152135849,Hit,0.45253237730776164,0,61,Thursday
mouse_2,2025-09-25,780.0,3,16,104,1049.0039393901825,False Alarm,,1,34,Thursday
mouse_2,2025-09-25,780.0,3,16,105,1059.209941148758,False Alarm,,1,4,Thursday
mouse_2,2025-09-25,780.0,3,16,106,1072.1709940433502,Hit,0.6687881914731406,0,74,Thursday
mouse_2,2025-09-25,780.0,3,16,107,1080.1242079734802,False Alarm,,1,52,Thursday
mouse_2,2025-09-25,780.0,3,16,108,1090.3297653198242,Hit,0.6138939216639301,0,76,Thursday
mouse_2,2025-09-25,780.0,3,16,109,1098.7825708389282,False Alarm,,1,66,Thursday
mouse_2,2025-09-25,780.0,3,16,110,1108.9898386001587,False Alarm,,1,3,Thursday
mouse_2,2025-09-25,780.0,3,16,111,1123.952889919281,Hit,0.6337220732216338,0,45,Thursday
mouse_2,2025-09-25,780.0,3,16,112,1133.4130551815033,False Alarm,,1,15,Thursday
mouse_2,2025-09-25,780.0,3,16,113,1143.6201338768005,Hit,0.7293101376646973,0,21,Thursday
mouse_2,2025-09-25,780.0,3,16,114,1152.3348066806793,False Alarm,,1,10,Thursday
mouse_2,2025-09-25,780.0,3,16,115,1167.5325167179108,Hit,0.5537716755964084,0,24,Thursday
mouse_2,2025-09-25,780.0,3,16,116,1175.4825756549835,Hit,0.7362714094031162,0,38,Thursday
mouse_2,2025-09-25,780.0,3,16,117,1184.4321222305298,False Alarm,,1,9,Thursday
mouse_2,2025-09-25,780.0,3,16,118,1194.6388719081879,Miss,,0,5,Thursday
mouse_2,2025-09-25,780.0,3,16,119,1204.8423266410828,Hit,1.0788829348775835,0,43,Thursday
mouse_2,2025-09-25,780.0,3,16,120,1214.0525319576263,False Alarm,,1,13,Thursday
mouse_2,2025-09-25,780.0,3,16,121,1224.2589440345764,Hit,0.21562653622504513,0,31,Thursday
mouse_2,2025-09-25,780.0,3,16,122,1232.4731056690216,False Alarm,,1,2,Thursday
mouse_2,2025-09-25,780.0,3,16,123,1242.668730020523,Miss,,0,0,Thursday
mouse_2,2025-09-25,780.0,3,16,124,1252.3714413642883,Hit,0.4737764144049379,0,73,Thursday
mouse_2,2025-09-25,780.0,3,16,125,1261.8214049339294,False Alarm,,1,90,Thursday
mouse_2,2025-09-25,780.0,3,16,126,1272.0180208683014,False Alarm,,1,8,Thursday
mouse_2,2025-09-25,780.0,3,16,127,1282.216778755188,False Alarm,,1,7,Thursday
mouse_2,2025-09-25,780.0,3,16,128,1295.4352447986603,Hit,0.572115081770562,0,31,Thursday
mouse_2,2025-09-25,780.0,3,16,129,1303.1415617465973,False Alarm,,1,4,Thursday
mouse_2,2025-09-25,780.0,3,16,130,1313.34787607193,False Alarm,,1,5,Thursday
mouse_2,2025-09-25,780.0,3,16,131,1328.3178272247314,Hit,0.2017141070091384,0,56,Thursday
mouse_2,2025-09-25,780.0,3,16,132,1336.0210146903992,False Alarm,,1,29,Thursday
mouse_2,2025-09-25,780.0,3,16,133,1346.2273046970367,Hit,0.4702001010089134,0,34,Thursday
mouse_2,2025-09-25,780.0,3,16,134,1354.1909625530243,False Alarm,,1,5,Thursday
mouse_2,2025-09-25,780.0,3,16,135,1364.388816833496,Hit,0.12145401530165145,0,62,Thursday
mouse_2,2025-09-25,780.0,3,16,136,1372.3404421806335,False Alarm,,1,32,Thursday
mouse_2,2025-09-25,780.0,3,16,137,1382.5471839904785,Hit,0.0611902482635287,0,46,Thursday
mouse_2,2025-09-25,780.0,3,16,138,1391.2623727321625,False Alarm,,1,17,Thursday
mouse_2,2025-09-25,780.0,3,16,139,1401.4667963981628,False Alarm,,1,5,Thursday
mouse_2,2025-09-25,780.0,3,16,140,1417.187757730484,Hit,0.38167984801953025,0,28,Thursday
mouse_2,2025-09-25,780.0,3,16,141,1426.1402039527893,Hit,0.17850271891506964,0,43,Thursday
mouse_2,2025-09-25,780.0,3,16,142,1435.0806739330292,False Alarm,,1,14,Thursday
mouse_2,2025-09-25,780.0,3,16,143,1445.2776527404785,Hit,0.6001448586464448,0,74,Thursday
mouse_2,2025-09-25,780.0,3,16,144,1454.4799177646637,False Alarm,,1,49,Thursday
mouse_2,2025-09-25,780.0,3,16,145,1464.686077594757,Hit (Calc),2.942745513043292,0,4,Thursday
mouse_2,2025-09-25,780.0,3,16,146,1475.1391801834106,Miss,,0,3,Thursday
mouse_2,2025-09-25,780.0,3,16,147,1485.0992596149445,False Alarm,,1,7,Thursday
mouse_2,2025-09-25,780.0,3,16,148,1496.0559945106506,False Alarm,,1,7,Thursday
mouse_2,2025-09-25,780.0,3,16,149,1510.2626774311066,Hit,0.41438052223907107,0,18,Thursday
mouse_2,2025-09-25,780.0,3,16,150,1518.710749387741,Hit,0.6087042565868614,0,28,Thursday
mouse_2,2025-09-25,780.0,3,16,151,1527.1624989509583,False Alarm,,1,10,Thursday
mouse_2,2025-09-25,780.0,3,16,152,1542.865519285202,Hit,0.33748678054757875,0,39,Thursday
mouse_2,2025-09-25,780.0,3,16,153,1552.3183279037476,False Alarm,,1,11,Thursday
mouse_2,2025-09-25,780.0,3,16,154,1562.514839887619,Hit,0.4404933159680695,0,78,Thursday
mouse_2,2025-09-25,780.0,3,16,155,1570.477984905243,False Alarm,,1,50,Thursday
mouse_2,2025-09-25,780.0,3,16,156,1580.6759624481201,False Alarm,,1,2,Thursday
mouse_2,2025-09-25,780.0,3,16,157,1595.8850286006927,Hit,0.5463420254247922,0,75,Thursday
mouse_2,2025-09-25,780.0,3,16,158,1604.0888776779175,False Alarm,,1,76,Thursday
mouse_2,2025-09-25,780.0,3,16,159,1614.294641494751,Hit,0.6334004806763005,0,22,Thursday
mouse_2,2025-09-25,780.0,3,16,160,1622.2380511760712,Hit,0.3153643059542901,0,27,Thursday
mouse_2,2025-09-25,780.0,3,16,161,1631.6885161399841,Hit,2.0076964449917796,0,35,Thursday
mouse_2,2025-09-25,780.0,3,16,162,1641.6377630233765,False Alarm,,1,14,Thursday
mouse_2,2025-09-25,780.0,3,16,163,1651.8447909355164,False Alarm,,1,4,Thursday
mouse_2,2025-09-25,780.0,3,16,164,1663.0529618263245,Hit (Calc),2.9293100561951633,0,5,Thursday
mouse_2,2025-09-25,780.0,3,16,165,1673.516696214676,Hit,0.5644034290630771,0,72,Thursday
mouse_2,2025-09-25,780.0,3,16,166,1681.7168083190918,False Alarm,,1,54,Thursday
mouse_2,2025-09-25,780.0,3,16,167,1691.913411140442,Hit,0.7467439625183943,0,26,Thursday
mouse_2,2025-09-25,780.0,3,16,168,1701.6173481941223,Hit,0.43618244306412635,0,29,Thursday
mouse_2,2025-09-25,780.0,3,16,169,1710.3162777423859,Miss,,0,0,Thursday
mouse_2,2025-09-25,780.0,3,16,170,1720.7564432621002,Hit,0.8726261111357871,0,38,Thursday
mouse_2,2025-09-25,780.0,3,16,171,1729.2081632614136,False Alarm,,1,14,Thursday
mouse_2,2025-09-25,780.0,3,16,172,1739.4124822616577,False Alarm,,1,4,Thursday
mouse_2,2025-09-25,780.0,3,16,173,1754.1229484081268,Hit,1.2436655283318032,0,26,Thursday
mouse_2,2025-09-25,780.0,3,16,174,1762.8271539211273,Hit,0.1928788525199252,0,20,Thursday
mouse_2,2025-09-25,780.0,3,16,175,1771.7765696048737,Hit,0.646133838770993,0,48,Thursday
mouse_2,2025-09-25,780.0,3,16,176,1781.2258305549622,False Alarm,,1,18,Thursday
mouse_2,2025-09-25,780.0,3,16,177,1791.4161558151245,Miss,,0,0,Thursday
mouse_2,2025-09-25,780.0,3,16,178,1802.8657476902008,Miss,,0,0,Thursday
mouse_2,2025-09-26,1500.0,0,-1,-1,,No Trial,,0,0,Friday
mouse_2,2025-09-27,1500.0,0,-1,-1,,No Trial,,0,0,Saturday
mouse_2,2025-09-28,780.0,3,17,1,0.400745153427124,Hit,1.1258544146659162,0,34,Sunday
mouse_2,2025-09-28,780.0,3,17,2,9.093709945678711,False Alarm,,1,14,Sunday
mouse_2,2025-09-28,780.0,3,17,3,19.28229022026062,False Alarm,,1,6,Sunday
mouse_2,2025-09-28,780.0,3,17,4,33.99067234992981,Hit,0.7148262135354102,0,36,Sunday
mouse_2,2025-09-28,780.0,3,17,5,43.69408655166626,False Alarm,,1,7,Sunday
mouse_2,2025-09-28,780.0,3,17,6,53.910343647003174,Hit,0.8099387457376181,0,43,Sunday
mouse_2,2025-09-28,780.0,3,17,7,62.86388278007507,False Alarm,,1,18,Sunday
mouse_2,2025-09-28,780.0,3,17,8,73.07273650169373,Miss,,0,3,Sunday
mouse_2,2025-09-28,780.0,3,17,9,84.27567386627197,False Alarm,,1,3,Sunday
mouse_2,2025-09-28,780.0,3,17,10,97.48988676071167,Hit,1.574041381511762,0,18,Sunday
mouse_2,2025-09-28,780.0,3,17,11,107.45273876190186,Miss,,0,0,Sunday
mouse_2,2025-09-28,780.0,3,17,12,117.65445923805237,Hit,0.331450223535839,0,41,Sunday
mouse_2,2025-09-28,780.0,3,17,13,125.86278104782104,False Alarm,,1,11,Sunday
mouse_2,2025-09-28,780.0,3,17,14,136.0703206062317,Hit,0.9511223010173069,0,16,Sunday
mouse_2,2025-09-28,780.0,3,17,15,144.52396488189697,Hit,0.5255990992359898,0,22,Sunday
mouse_2,2025-09-28,780.0,3,17,16,154.22291231155396,Miss,,0,0,Sunday
mouse_2,2025-09-28,780.0,3,17,17,165.43329644203186,Hit,1.6824246565317367,0,5,Sunday
mouse_2,2025-09-28,780.0,3,17,18,175.63319492340088,Hit,1.5822311806818732,0,20,Sunday
mouse_2,2025-09-28,780.0,3,17,19,185.0837459564209,Miss,,0,3,Sunday
mouse_2,2025-09-28,780.0,3,17,20,195.0336880683899,False Alarm,,1,3,Sunday
mouse_2,2025-09-28,780.0,3,17,21,209.75064253807068,Miss,,0,0,Sunday
mouse_2,2025-09-28,780.0,3,17,22,221.20243525505066,Hit,0.24165377975899105,0,6,Sunday
mouse_2,2025-09-28,780.0,3,17,23,230.1545820236206,False Alarm,,1,3,Sunday
mouse_2,2025-09-28,780.0,3,17,24,247.35456490516663,Hit,1.4236293499464807,0,55,Sunday
mouse_2,2025-09-28,780.0,3,17,25,256.8118476867676,False Alarm,,1,26,Sunday
mouse_2,2025-09-28,780.0,3,17,26,267.00899505615234,Hit,1.014232666194232,0,28,Sunday
mouse_2,2025-09-28,780.0,3,17,27,276.22342348098755,False Alarm,,1,1,Sunday
mouse_2,2025-09-28,780.0,3,17,28,286.42907333374023,Hit,0.4856170510756783,0,55,Sunday
mouse_2,2025-09-28,780.0,3,17,29,295.1429088115692,False Alarm,,1,33,Sunday
mouse_2,2025-09-28,780.0,3,17,30,305.34880924224854,False Alarm,,1,4,Sunday
mouse_2,2025-09-28,780.0,3,17,31,319.56883549690247,Miss,,0,0,Sunday
mouse_2,2025-09-28,780.0,3,17,32,330.2824218273163,Hit,2.072765503193864,0,36,Sunday
mouse_2,2025-09-28,780.0,3,17,33,341.4817318916321,False Alarm,,1,7,Sunday
mouse_2,2025-09-28,780.0,3,17,34,351.6986839771271,Miss,,0,0,Sunday
mouse_2,2025-09-28,780.0,3,17,35,363.1624400615692,Hit,0.7510011729783628,0,7,Sunday
mouse_2,2025-09-28,780.0,3,17,36,372.8734529018402,Miss,,0,0,Sunday
mouse_2,2025-09-28,780.0,3,17,37,382.82177734375,Hit,1.5102871275764187,0,29,Sunday
mouse_2,2025-09-28,780.0,3,17,38,392.52233266830444,False Alarm,,1,3,Sunday
mouse_2,2025-09-28,780.0,3,17,39,402.72847723960876,Miss,,0,0,Sunday
mouse_2,2025-09-28,780.0,3,17,40,412.44158720970154,Miss,,0,3,Sunday
mouse_2,2025-09-28,780.0,3,17,41,423.1426272392273,False Alarm,,1,6,Sunday
mouse_2,2025-09-28,780.0,3,17,42,434.1021444797516,False Alarm,,1,9,Sunday
mouse_2,2025-09-28,780.0,3,17,43,448.0584101676941,Hit,0.2866682671066769,0,34,Sunday
mouse_2,2025-09-28,780.0,3,17,44,455.51202273368835,False Alarm,,1,6,Sunday
mouse_2,2025-09-28,780.0,3,17,45,465.7178866863251,Miss,,0,0,Sunday
mouse_2,2025-09-28,780.0,3,17,46,476.18085527420044,Hit,0.7984902594400864,0,17,Sunday
mouse_2,2025-09-28,780.0,3,17,47,484.38186407089233,Hit,0.6650311676572187,0,72,Sunday
mouse_2,2025-09-28,780.0,3,17,48,493.8397264480591,False Alarm,,1,50,Sunday
mouse_2,2025-09-28,780.0,3,17,49,504.03759765625,Hit,0.24204069603348444,0,34,Sunday
mouse_2,2025-09-28,780.0,3,17,50,512.7415943145752,False Alarm,,1,11,Sunday
mouse_2,2025-09-28,780.0,3,17,51,522.9474580287933,False Alarm,,1,7,Sunday
mouse_2,2025-09-28,780.0,3,17,52,533.4080774784088,False Alarm,,1,7,Sunday
mouse_2,2025-09-28,780.0,3,17,53,544.6177287101746,False Alarm,,1,3,Sunday
mouse_2,2025-09-28,780.0,3,17,54,557.3286488056183,Hit,1.5422816220828963,0,16,Sunday
mouse_2,2025-09-28,780.0,3,17,55,567.531247138977,Hit,0.9069177865727625,0,29,Sunday
mouse_2,2025-09-28,780.0,3,17,56,575.9880735874176,False Alarm,,1,16,Sunday
mouse_2,2025-09-28,780.0,3,17,57,590.4476351737976,False Alarm,,1,7,Sunday
mouse_2,2025-09-28,780.0,3,17,58,601.417483329773,False Alarm,,1,9,Sunday
mouse_2,2025-09-28,780.0,3,17,59,614.8874170780182,False Alarm,,1,6,Sunday
mouse_2,2025-09-28,780.0,3,17,60,628.8467483520508,Hit,0.8306398620004529,0,16,Sunday
mouse_2,2025-09-28,780.0,3,17,61,638.051869392395,False Alarm,,1,5,Sunday
mouse_2,2025-09-28,780.0,3,17,62,653.512609243393,Hit,0.6639850290553113,0,33,Sunday
mouse_2,2025-09-28,780.0,3,17,63,661.7104156017303,False Alarm,,1,5,Sunday
mouse_2,2025-09-28,780.0,3,17,64,671.9122564792633,Hit,0.2704403235662767,0,31,Sunday
mouse_2,2025-09-28,780.0,3,17,65,680.8704843521118,Hit,0.1407795627125097,0,46,Sunday
mouse_2,2025-09-28,780.0,3,17,66,688.5801684856415,False Alarm,,1,18,Sunday
mouse_2,2025-09-28,780.0,3,17,67,698.786051273346,Hit,0.49792936139601807,0,24,Sunday
mouse_2,2025-09-28,780.0,3,17,68,707.4897708892822,Hit,0.1400557880810993,0,25,Sunday
mouse_2,2025-09-28,780.0,3,17,69,715.4384047985077,Hit,1.5352352212486267,0,23,Sunday
mouse_2,2025-09-28,780.0,3,17,70,724.8798549175262,False Alarm,,1,4,Sunday
mouse_2,2025-09-28,780.0,3,17,71,738.5961198806763,Miss,,0,4,Sunday
mouse_2,2025-09-28,780.0,3,17,72,748.2986817359924,False Alarm,,1,4,Sunday
mouse_2,2025-09-28,780.0,3,17,73,761.50728058815,Hit,0.26573631794724406,0,13,Sunday
mouse_2,2025-09-28,780.0,3,17,74,769.9595565795898,Hit,0.5058724864386477,0,41,Sunday
mouse_2,2025-09-28,780.0,3,17,75,779.6588299274445,False Alarm,,1,10,Sunday
mouse_2,2025-09-28,780.0,3,17,76,789.8532147407532,Hit,0.7625424704150419,0,49,Sunday
mouse_2,2025-09-28,780.0,3,17,77,798.8091616630554,False Alarm,,1,20,Sunday
mouse_2,2025-09-28,780.0,3,17,78,809.0250630378723,Hit,1.093319333837485,0,44,Sunday
mouse_2,2025-09-28,780.0,3,17,79,819.2282032966614,False Alarm,,1,17,Sunday
mouse_2,2025-09-28,780.0,3,17,80,829.421737909317,Miss,,0,0,Sunday
mouse_2,2025-09-28,780.0,3,17,81,839.1175518035889,Miss,,0,0,Sunday
mouse_2,2025-09-28,780.0,3,17,82,848.8179957866669,Hit,1.851553290010429,0,47,Sunday
mouse_2,2025-09-28,780.0,3,17,83,859.0171530246735,False Alarm,,1,18,Sunday
mouse_2,2025-09-28,780.0,3,17,84,869.2283608913422,Hit,0.7814168950011435,0,11,Sunday
mouse_2,2025-09-28,780.0,3,17,85,878.4284765720367,Hit,1.1550207644332886,0,18,Sunday
mouse_2,2025-09-28,780.0,3,17,86,887.8784830570221,Hit,1.2760555180514075,0,41,Sunday
mouse_2,2025-09-28,780.0,3,17,87,896.5873656272888,False Alarm,,1,11,Sunday
mouse_2,2025-09-28,780.0,3,17,88,906.7943549156189,Miss,,0,0,Sunday
mouse_2,2025-09-28,780.0,3,17,89,917.2386412620544,Hit,1.1768316459740618,0,24,Sunday
mouse_2,2025-09-28,780.0,3,17,90,926.4376256465912,Hit,0.6815916196658236,0,20,Sunday
mouse_2,2025-09-28,780.0,3,17,91,935.1367073059082,Hit,1.623224009877731,0,27,Sunday
mouse_2,2025-09-28,780.0,3,17,92,944.8393578529358,Hit,0.7250710380844794,0,24,Sunday
mouse_2,2025-09-28,780.0,3,17,93,953.2873017787933,Hit,1.7699754612025345,0,26,Sunday
mouse_2,2025-09-28,780.0,3,17,94,962.227593421936,Hit,0.3947921000236647,0,17,Sunday
mouse_2,2025-09-28,780.0,3,17,95,970.1789226531982,False Alarm,,1,7,Sunday
mouse_2,2025-09-28,780.0,3,17,96,985.6337025165558,Hit,1.1418414439601747,0,37,Sunday
mouse_2,2025-09-28,780.0,3,17,97,994.347184419632,False Alarm,,1,8,Sunday
mouse_2,2025-09-28,780.0,3,17,98,1004.5538077354431,Miss,,0,0,Sunday
mouse_2,2025-09-28,780.0,3,17,99,1015.2668042182922,Hit,0.7015910412610538,0,38,Sunday
mouse_2,2025-09-28,780.0,3,17,100,1024.9671618938446,False Alarm,,1,8,Sunday
mouse_2,2025-09-28,780.0,3,17,101,1035.172131061554,Miss,,0,2,Sunday
mouse_2,2025-09-28,780.0,3,17,102,1046.366302728653,False Alarm,,1,2,Sunday
mouse_2,2025-09-28,780.0,3,17,103,1059.3226668834686,Hit,0.6767532631081394,0,33,Sunday
mouse_2,2025-09-28,780.0,3,17,104,1068.0370633602142,False Alarm,,1,4,Sunday
mouse_2,2025-09-28,780.0,3,17,105,1078.2426979541779,Hit,1.6407879446635434,0,10,Sunday
mouse_2,2025-09-28,780.0,3,17,106,1086.9468050003052,Hit,1.5274799087644624,0,19,Sunday
mouse_2,2025-09-28,780.0,3,17,107,1096.9063110351562,Miss,,0,0,Sunday
mouse_2,2025-09-28,780.0,3,17,108,1107.3659193515778,Miss,,0,0,Sunday
mouse_2,2025-09-28,780.0,3,17,109,1118.3164701461792,Hit,2.139421217236759,0,14,Sunday
mouse_2,2025-09-28,780.0,3,17,110,1129.016010761261,Hit,0.22716456474609004,0,21,Sunday
mouse_2,2025-09-28,780.0,3,17,111,1137.9648911952972,Hit,1.3240497078356839,0,24,Sunday
mouse_2,2025-09-28,780.0,3,17,112,1147.666895866394,Miss,,0,0,Sunday
mouse_2,2025-09-28,780.0,3,17,113,1158.865702867508,Miss,,0,5,Sunday
mouse_2,2025-09-28,780.0,3,17,114,1168.8153913021088,False Alarm,,1,5,Sunday
mouse_2,2025-09-28,780.0,3,17,115,1182.7731688022614,Hit (Calc),2.7109930551328034,0,3,Sunday
mouse_2,2025-09-28,780.0,3,17,116,1193.974859237671,Hit,1.24302062264519,0,10,Sunday
mouse_2,2025-09-28,780.0,3,17,117,1202.9227340221405,Miss,,0,0,Sunday
mouse_2,2025-09-28,780.0,3,17,118,1212.8723938465118,Miss,,0,0,Sunday
mouse_2,2025-09-28,780.0,3,17,119,1222.5746483802795,False Alarm,,1,5,Sunday
mouse_2,2025-09-28,780.0,3,17,120,1238.2919986248016,Hit,1.5825881505520556,0,30,Sunday
mouse_2,2025-09-28,780.0,3,17,121,1247.993458032608,False Alarm,,1,1,Sunday
mouse_2,2025-09-28,780.0,3,17,122,1258.2025563716888,Hit,0.11526155191131693,0,11,Sunday
mouse_2,2025-09-28,780.0,3,17,123,1267.15620303154,Hit,0.09064556988641925,0,14,Sunday
mouse_2,2025-09-28,780.0,3,17,124,1275.61541390419,Miss,,0,0,Sunday
mouse_2,2025-09-28,780.0,3,17,125,1287.072586774826,Miss,,0,0,Sunday
mouse_2,2025-09-28,780.0,3,17,126,1297.0248069763184,Miss,,0,0,Sunday
mouse_2,2025-09-28,780.0,3,17,127,1307.4745643138885,Miss,,0,0,Sunday
mouse_2,2025-09-28,780.0,3,17,128,1317.1758828163147,Miss,,0,5,Sunday
mouse_2,2025-09-28,780.0,3,17,129,1326.8854851722717,Hit,0.3948353181347102,0,16,Sunday
mouse_2,2025-09-28,780.0,3,17,130,1334.8355131149292,Miss,,0,0,Sunday
mouse_2,2025-09-28,780.0,3,17,131,1344.785697221756,Miss,,0,0,Sunday
mouse_2,2025-09-28,780.0,3,17,132,1355.7344093322754,Miss,,0,3,Sunday
mouse_2,2025-09-28,780.0,3,17,133,1366.1816396713257,False Alarm,,1,3,Sunday
mouse_2,2025-09-28,780.0,3,17,134,1380.3912522792816,Hit,1.20158082485068,0,22,Sunday
mouse_2,2025-09-28,780.0,3,17,135,1390.594346523285,Miss,,0,0,Sunday
mouse_2,2025-09-28,780.0,3,17,136,1401.293897151947,Miss,,0,0,Sunday
mouse_2,2025-09-28,780.0,3,17,137,1411.5045983791351,Miss,,0,0,Sunday
mouse_2,2025-09-28,780.0,3,17,138,1421.9637169837952,Hit,1.0794641332795436,0,10,Sunday
mouse_2,2025-09-28,780.0,3,17,139,1431.1645460128784,Hit,1.7996470782688903,0,54,Sunday
mouse_2,2025-09-28,780.0,3,17,140,1441.114419221878,False Alarm,,1,22,Sunday
mouse_2,2025-09-28,780.0,3,17,141,1451.3205516338348,Miss,,0,0,Sunday
mouse_2,2025-09-28,780.0,3,17,142,1462.2830419540405,Hit (Calc),2.870902533884191,0,3,Sunday
mouse_2,2025-09-28,780.0,3,17,143,1472.4834125041962,Miss,,0,0,Sunday
mouse_2,2025-09-28,780.0,3,17,144,1482.4444041252136,Miss,,0,0,Sunday
mouse_2,2025-09-28,780.0,3,17,145,1493.9027018547058,Hit,2.1318437871245806,0,28,Sunday
mouse_2,2025-09-28,780.0,3,17,146,1503.1023542881012,Hit,1.1490179092413655,0,17,Sunday
mouse_2,2025-09-28,780.0,3,17,147,1511.5435206890106,Miss,,0,0,Sunday
mouse_2,2025-09-28,780.0,3,17,148,1522.2401959896088,Hit (Calc),2.8996061237492086,0,5,Sunday
mouse_2,2025-09-28,780.0,3,17,149,1531.9423682689667,Miss,,0,0,Sunday
mouse_2,2025-09-28,780.0,3,17,150,1541.6332709789276,Miss,,0,0,Sunday
mouse_2,2025-09-28,780.0,3,17,151,1552.332052230835,Miss,,0,0,Sunday
mouse_2,2025-09-28,780.0,3,17,152,1563.0302379131317,Hit,0.36734059205605263,0,10,Sunday
mouse_2,2025-09-28,780.0,3,17,153,1571.7435970306396,Miss,,0,0,Sunday
mouse_2,2025-09-28,780.0,3,17,154,1582.9520592689514,Miss,,0,0,Sunday
mouse_2,2025-09-28,780.0,3,17,155,1593.4124760627747,Miss,,0,0,Sunday
mouse_2,2025-09-28,780.0,3,17,156,1603.612286567688,Miss,,0,0,Sunday
mouse_2,2025-09-28,780.0,3,17,157,1613.8136570453644,Miss,,0,0,Sunday
mouse_2,2025-09-28,780.0,3,17,158,1623.5221483707428,Hit,0.16309012801616518,0,7,Sunday
mouse_2,2025-09-28,780.0,3,17,159,1632.7240920066833,Miss,,0,5,Sunday
mouse_2,2025-09-28,780.0,3,17,160,1642.6831772327423,Hit,0.43473696671298967,0,15,Sunday
mouse_2,2025-09-28,780.0,3,17,161,1650.3825223445892,Hit,0.6234991420603819,0,11,Sunday
mouse_2,2025-09-28,780.0,3,17,162,1659.5912437438965,Hit,0.5564205134214717,0,15,Sunday
mouse_2,2025-09-28,780.0,3,17,163,1667.5527031421661,Miss,,0,0,Sunday
mouse_2,2025-09-28,780.0,3,17,164,1677.7610778808594,Hit,0.13091417867053678,0,11,Sunday
mouse_2,2025-09-28,780.0,3,17,165,1686.7130675315857,Miss,,0,0,Sunday
mouse_2,2025-09-28,780.0,3,17,166,1697.171375989914,Miss,,0,6,Sunday
mouse_2,2025-09-28,780.0,3,17,167,1706.8717157840729,Hit,0.37341894811765997,0,11,Sunday
mouse_2,2025-09-28,780.0,3,17,168,1714.5720927715302,Hit,0.6661621425930662,0,9,Sunday
mouse_2,2025-09-28,780.0,3,17,169,1722.2730214595795,Miss,,0,6,Sunday
mouse_2,2025-09-28,780.0,3,17,170,1733.4710531234741,False Alarm,,1,8,Sunday
mouse_2,2025-09-28,780.0,3,17,171,1747.9380202293396,Miss,,0,0,Sunday
mouse_2,2025-09-28,780.0,3,17,172,1758.8926861286163,Hit,0.25197988832178453,0,7,Sunday
mouse_2,2025-09-28,780.0,3,17,173,1767.3418390750885,Miss,,0,0,Sunday
mouse_2,2025-09-28,780.0,3,17,174,1779.0505456924438,Miss,,0,0,Sunday
mouse_2,2025-09-28,780.0,3,17,175,1789.2508435249329,Miss,,0,0,Sunday
mouse_2,2025-09-28,780.0,3,17,176,1800.2114610671997,Miss,,0,0,Sunday
mouse_2,2025-09-29,780.0,3,18,1,0.373291015625,False Alarm,,1,2,Monday
mouse_2,2025-09-29,780.0,3,18,2,14.323083639144897,Miss,,0,0,Monday
mouse_2,2025-09-29,780.0,3,18,3,24.530110836029053,Hit,1.7000531728157746,0,19,Monday
mouse_2,2025-09-29,780.0,3,18,4,33.729801654815674,Miss,,0,0,Monday
mouse_2,2025-09-29,780.0,3,18,5,43.68850111961365,Miss,,0,0,Monday
mouse_2,2025-09-29,780.0,3,18,6,53.63982152938843,Hit,0.4486056069743327,0,18,Monday
mouse_2,2025-09-29,780.0,3,18,7,61.83933782577515,Hit,2.1859126979751835,0,22,Monday
mouse_2,2025-09-29,780.0,3,18,8,71.78886198997498,False Alarm,,1,4,Monday
mouse_2,2025-09-29,780.0,3,18,9,85.9932451248169,Hit,0.3044874635890409,0,35,Monday
mouse_2,2025-09-29,780.0,3,18,10,95.19869947433472,False Alarm,,1,13,Monday
mouse_2,2025-09-29,780.0,3,18,11,105.40620446205139,False Alarm,,1,6,Monday
mouse_2,2025-09-29,780.0,3,18,12,119.86129426956177,Hit,0.6227131308700677,0,18,Monday
mouse_2,2025-09-29,780.0,3,18,13,128.31837058067322,Hit,0.6038615121815951,0,29,Monday
mouse_2,2025-09-29,780.0,3,18,14,137.26903200149536,Hit,0.7711624162793385,0,43,Monday
mouse_2,2025-09-29,780.0,3,18,15,145.7188286781311,False Alarm,,1,15,Monday
mouse_2,2025-09-29,780.0,3,18,16,155.93422031402588,Hit,1.3702913451573977,0,40,Monday
mouse_2,2025-09-29,780.0,3,18,17,165.14762139320374,False Alarm,,1,9,Monday
mouse_2,2025-09-29,780.0,3,18,18,175.3478763103485,Hit,0.41038816297214,0,28,Monday
mouse_2,2025-09-29,780.0,3,18,19,184.55844259262085,Hit,0.2989673455244315,0,10,Monday
mouse_2,2025-09-29,780.0,3,18,20,193.51033306121826,Hit,0.9996141376080061,0,31,Monday
mouse_2,2025-09-29,780.0,3,18,21,202.45720505714417,False Alarm,,1,4,Monday
mouse_2,2025-09-29,780.0,3,18,22,212.66362833976746,False Alarm,,1,3,Monday
mouse_2,2025-09-29,780.0,3,18,23,224.1135551929474,Hit,0.03355680461655197,0,49,Monday
mouse_2,2025-09-29,780.0,3,18,24,232.56951355934143,False Alarm,,1,19,Monday
mouse_2,2025-09-29,780.0,3,18,25,242.77308344841003,Hit,1.7548331831787607,0,33,Monday
mouse_2,2025-09-29,780.0,3,18,26,252.72813272476196,False Alarm,,1,6,Monday
mouse_2,2025-09-29,780.0,3,18,27,265.43367767333984,Miss,,0,0,Monday
mouse_2,2025-09-29,780.0,3,18,28,276.6463761329651,Hit,0.44110825392709785,0,20,Monday
mouse_2,2025-09-29,780.0,3,18,29,285.09733724594116,Hit,0.5962621142168132,0,17,Monday
mouse_2,2025-09-29,780.0,3,18,30,294.3064374923706,Miss,,0,0,Monday
mouse_2,2025-09-29,780.0,3,18,31,304.01640129089355,Miss,,0,0,Monday
mouse_2,2025-09-29,780.0,3,18,32,313.9676790237427,Hit,0.037338489717285483,0,15,Monday
mouse_2,2025-09-29,780.0,3,18,33,323.1673438549042,Hit,1.4461481899261912,0,48,Monday
mouse_2,2025-09-29,780.0,3,18,34,332.6174900531769,False Alarm,,1,24,Monday
mouse_2,2025-09-29,780.0,3,18,35,342.82315278053284,False Alarm,,1,4,Monday
mouse_2,2025-09-29,780.0,3,18,36,354.7853274345398,Miss,,0,0,Monday
mouse_2,2025-09-29,780.0,3,18,37,364.98581767082214,Miss,,0,0,Monday
mouse_2,2025-09-29,780.0,3,18,38,375.19587421417236,Hit,2.3266810918213423,0,15,Monday
mouse_2,2025-09-29,780.0,3,18,39,385.14686369895935,Miss,,0,0,Monday
mouse_2,2025-09-29,780.0,3,18,40,396.59550428390503,Hit,1.253662782720994,0,21,Monday
mouse_2,2025-09-29,780.0,3,18,41,405.79705595970154,Hit,1.3929124432475533,0,12,Monday
mouse_2,2025-09-29,780.0,3,18,42,414.74652218818665,Miss,,0,0,Monday
mouse_2,2025-09-29,780.0,3,18,43,424.95499324798584,Miss,,0,0,Monday
mouse_2,2025-09-29,780.0,3,18,44,434.65530276298523,Hit,1.2801488529722747,0,11,Monday
mouse_2,2025-09-29,780.0,3,18,45,443.1064102649689,Miss,,0,3,Monday
mouse_2,2025-09-29,780.0,3,18,46,453.55652046203613,Hit,0.4536295847339602,0,25,Monday
mouse_2,2025-09-29,780.0,3,18,47,461.5130684375763,Miss,,0,0,Monday
mouse_2,2025-09-29,780.0,3,18,48,471.7233364582062,False Alarm,,1,6,Monday
mouse_2,2025-09-29,780.0,3,18,49,488.44142746925354,Hit,0.5191787030942123,0,64,Monday
mouse_2,2025-09-29,780.0,3,18,50,496.4060776233673,False Alarm,,1,34,Monday
mouse_2,2025-09-29,780.0,3,18,51,506.6031732559204,Hit,0.8350569663772376,0,13,Monday
mouse_2,2025-09-29,780.0,3,18,52,514.8062319755554,Hit,1.6479546596926866,0,34,Monday
mouse_2,2025-09-29,780.0,3,18,53,524.0160417556763,False Alarm,,1,6,Monday
mouse_2,2025-09-29,780.0,3,18,54,534.2222950458527,Miss,,0,0,Monday
mouse_2,2025-09-29,780.0,3,18,55,545.174530506134,False Alarm,,1,5,Monday
mouse_2,2025-09-29,780.0,3,18,56,560.3814301490784,Hit,0.7933367526877646,0,63,Monday
mouse_2,2025-09-29,780.0,3,18,57,570.0981078147888,False Alarm,,1,33,Monday
mouse_2,2025-09-29,780.0,3,18,58,580.3009309768677,Hit,2.234792131369545,0,40,Monday
mouse_2,2025-09-29,780.0,3,18,59,590.0160899162292,False Alarm,,1,12,Monday
mouse_2,2025-09-29,780.0,3,18,60,600.220855474472,Hit,1.8622927342345292,0,13,Monday
mouse_2,2025-09-29,780.0,3,18,61,610.4241333007812,Hit,0.6495293607495114,0,28,Monday
mouse_2,2025-09-29,780.0,3,18,62,618.3741884231567,Hit,1.0674465539610765,0,47,Monday
mouse_2,2025-09-29,780.0,3,18,63,628.3216602802277,False Alarm,,1,17,Monday
mouse_2,2025-09-29,780.0,3,18,64,638.520477771759,Hit,1.0661368468946648,0,21,Monday
mouse_2,2025-09-29,780.0,3,18,65,647.4846994876862,False Alarm,,1,9,Monday
mouse_2,2025-09-29,780.0,3,18,66,661.4503824710846,False Alarm,,1,5,Monday
mouse_2,2025-09-29,780.0,3,18,67,675.9131269454956,Hit,0.29839889919367124,0,20,Monday
mouse_2,2025-09-29,780.0,3,18,68,684.1130146980286,False Alarm,,1,5,Monday
mouse_2,2025-09-29,780.0,3,18,69,697.8237483501434,Hit,1.1016755578164066,0,60,Monday
mouse_2,2025-09-29,780.0,3,18,70,707.0332119464874,False Alarm,,1,32,Monday
mouse_2,2025-09-29,780.0,3,18,71,717.239413022995,False Alarm,,1,6,Monday
mouse_2,2025-09-29,780.0,3,18,72,732.199964761734,Miss,,0,0,Monday
mouse_2,2025-09-29,780.0,3,18,73,743.1523995399475,Hit,1.2389443452649402,0,30,Monday
mouse_2,2025-09-29,780.0,3,18,74,752.1023614406586,False Alarm,,1,6,Monday
mouse_2,2025-09-29,780.0,3,18,75,762.2990212440491,Hit,0.48726383685914243,0,45,Monday
mouse_2,2025-09-29,780.0,3,18,76,770.0024862289429,False Alarm,,1,15,Monday
mouse_2,2025-09-29,780.0,3,18,77,780.1995120048523,Miss,,0,0,Monday
mouse_2,2025-09-29,780.0,3,18,78,791.1519310474396,Hit,0.829240919980748,0,40,Monday
mouse_2,2025-09-29,780.0,3,18,79,800.1023263931274,False Alarm,,1,11,Monday
mouse_2,2025-09-29,780.0,3,18,80,810.2988102436066,Miss,,0,2,Monday
mouse_2,2025-09-29,780.0,3,18,81,820.0017836093903,Hit,0.4177125815023146,0,28,Monday
mouse_2,2025-09-29,780.0,3,18,82,827.952579498291,Hit,0.9265921504737662,0,18,Monday
mouse_2,2025-09-29,780.0,3,18,83,837.1623146533966,Hit,0.6995658198568435,0,33,Monday
mouse_2,2025-09-29,780.0,3,18,84,846.6120495796204,Hit,0.03920632546930847,0,20,Monday
mouse_2,2025-09-29,780.0,3,18,85,854.073132276535,Miss,,0,3,Monday
mouse_2,2025-09-29,780.0,3,18,86,865.5215940475464,False Alarm,,1,3,Monday
mouse_2,2025-09-29,780.0,3,18,87,879.2285306453705,Hit,1.716308808011263,0,21,Monday
mouse_2,2025-09-29,780.0,3,18,88,888.942634344101,Hit,1.0607975843979602,0,19,Monday
mouse_2,2025-09-29,780.0,3,18,89,898.1419246196747,Hit,0.15058393595154485,0,14,Monday
mouse_2,2025-09-29,780.0,3,18,90,906.6021137237549,Hit,0.8164761057179248,0,17,Monday
mouse_2,2025-09-29,780.0,3,18,91,914.8016011714935,Hit,0.4955783040568349,0,25,Monday
mouse_2,2025-09-29,780.0,3,18,92,924.2596151828766,Hit,0.16512928899965118,0,17,Monday
mouse_2,2025-09-29,780.0,3,18,93,932.95103931427,False Alarm,,1,8,Monday
mouse_2,2025-09-29,780.0,3,18,94,946.4020273685455,False Alarm,,1,5,Monday
mouse_2,2025-09-29,780.0,3,18,95,961.108945608139,Miss,,0,0,Monday
mouse_2,2025-09-29,780.0,3,18,96,971.8205988407135,Hit,0.19416036711993456,0,9,Monday
mouse_2,2025-09-29,780.0,3,18,97,980.2707767486572,Miss,,0,0,Monday
mouse_2,2025-09-29,780.0,3,18,98,991.7204802036285,Miss,,0,0,Monday
mouse_2,2025-09-29,780.0,3,18,99,1003.170401096344,Hit,1.593332118077683,0,17,Monday
mouse_2,2025-09-29,780.0,3,18,100,1012.6210429668427,Hit,1.7044118430409299,0,14,Monday
mouse_2,2025-09-29,780.0,3,18,101,1021.5704548358917,Hit,1.385095967989173,0,14,Monday
mouse_2,2025-09-29,780.0,3,18,102,1031.7706344127655,Hit,0.27006250624981476,0,15,Monday
mouse_2,2025-09-29,780.0,3,18,103,1039.9704794883728,False Alarm,,1,3,Monday
mouse_2,2025-09-29,780.0,3,18,104,1053.4270188808441,Hit,1.6320980943671657,0,19,Monday
mouse_2,2025-09-29,780.0,3,18,105,1063.3801097869873,Hit,0.4847412689148314,0,16,Monday
mouse_2,2025-09-29,780.0,3,18,106,1071.5800211429596,Miss,,0,0,Monday
mouse_2,2025-09-29,780.0,3,18,107,1081.2793405056,Miss,,0,2,Monday
mouse_2,2025-09-29,780.0,3,18,108,1091.7293875217438,False Alarm,,1,2,Monday
mouse_2,2025-09-29,780.0,3,18,109,1103.1901133060455,Hit,1.7613071601892898,0,19,Monday
mouse_2,2025-09-29,780.0,3,18,110,1112.1398284435272,False Alarm,,1,4,Monday
mouse_2,2025-09-29,780.0,3,18,111,1123.8462452888489,Miss,,0,0,Monday
mouse_2,2025-09-29,780.0,3,18,112,1135.0460250377655,Miss,,0,0,Monday
mouse_2,2025-09-29,780.0,3,18,113,1146.0100500583649,Miss,,0,6,Monday
mouse_2,2025-09-29,780.0,3,18,114,1155.959858417511,Hit,0.22696671599715046,0,8,Monday
mouse_2,2025-09-29,780.0,3,18,115,1163.4105184078217,Hit,0.1765394902956814,0,9,Monday
mouse_2,2025-09-29,780.0,3,18,116,1171.8689391613007,Miss,,0,0,Monday
mouse_2,2025-09-29,780.0,3,18,117,1182.0795588493347,Miss,,0,0,Monday
mouse_2,2025-09-29,780.0,3,18,118,1193.0308656692505,Miss,,0,0,Monday
mouse_2,2025-09-29,780.0,3,18,119,1204.4987542629242,Miss,,0,0,Monday
mouse_2,2025-09-29,780.0,3,18,120,1214.9591298103333,Miss,,0,0,Monday
mouse_2,2025-09-29,780.0,3,18,121,1225.6580307483673,Miss,,0,0,Monday
mouse_2,2025-09-29,780.0,3,18,122,1237.1076755523682,Miss,,0,0,Monday
mouse_2,2025-09-29,780.0,3,18,123,1247.5675358772278,Hit,1.1781633541288556,0,16,Monday
mouse_2,2025-09-29,780.0,3,18,124,1257.7686231136322,Miss,,0,0,Monday
mouse_2,2025-09-29,780.0,3,18,125,1268.2176368236542,Miss,,0,0,Monday
mouse_2,2025-09-29,780.0,3,18,126,1278.1674211025238,Miss,,0,0,Monday
mouse_2,2025-09-29,780.0,3,18,127,1288.377109527588,Miss,,0,0,Monday
mouse_2,2025-09-29,780.0,3,18,128,1300.078432559967,Hit,1.558885081596145,0,10,Monday
mouse_2,2025-09-29,780.0,3,18,129,1308.7783408164978,Miss,,0,0,Monday
mouse_2,2025-09-29,780.0,3,18,130,1318.4757504463196,Miss,,0,4,Monday
mouse_2,2025-09-29,780.0,3,18,131,1329.1784057617188,Hit,0.5609994294470653,0,11,Monday
mouse_2,2025-09-29,780.0,3,18,132,1336.87739944458,Miss,,0,0,Monday
mouse_2,2025-09-29,780.0,3,18,133,1347.317384004593,Miss,,0,0,Monday
mouse_2,2025-09-29,780.0,3,18,134,1357.2688102722168,Hit,0.8734573602134788,0,10,Monday
mouse_2,2025-09-29,780.0,3,18,135,1365.7382326126099,Miss,,0,3,Monday
mouse_2,2025-09-29,780.0,3,18,136,1376.4368102550507,Hit,0.6823863997276476,0,15,Monday
mouse_2,2025-09-29,780.0,3,18,137,1384.3978888988495,Miss,,0,6,Monday
mouse_2,2025-09-29,780.0,3,18,138,1394.3470041751862,Hit,0.3508822847056763,0,9,Monday
mouse_2,2025-09-29,780.0,3,18,139,1401.8091728687286,Miss,,0,3,Monday
mouse_2,2025-09-29,780.0,3,18,140,1412.7581624984741,Hit,0.5260196258088854,0,8,Monday
mouse_2,2025-09-29,780.0,3,18,141,1420.708683013916,Miss,,0,0,Monday
mouse_2,2025-09-29,780.0,3,18,142,1431.917846918106,Miss,,0,0,Monday
mouse_2,2025-09-29,780.0,3,18,143,1442.3763446807861,Hit,0.44959474021766255,0,11,Monday
mouse_2,2025-09-29,780.0,3,18,144,1450.5769531726837,Hit,0.32751227959533935,0,10,Monday
mouse_2,2025-09-29,780.0,3,18,145,1458.7771871089935,Miss,,0,0,Monday
mouse_2,2025-09-29,780.0,3,18,146,1470.2263853549957,Miss,,0,0,Monday
mouse_2,2025-09-29,780.0,3,18,147,1481.1854255199432,Hit,0.18615688683644294,0,26,Monday
mouse_2,2025-09-29,780.0,3,18,148,1489.6369531154633,Hit,0.9243824091458919,0,11,Monday
mouse_2,2025-09-29,780.0,3,18,149,1499.3372869491577,False Alarm,,1,6,Monday
mouse_2,2025-09-29,780.0,3,18,150,1511.7939238548279,False Alarm,,1,2,Monday
mouse_2,2025-09-29,780.0,3,18,151,1524.504014492035,Hit,1.997729896971805,0,16,Monday
mouse_2,2025-09-29,780.0,3,18,152,1534.207243680954,Hit,0.5109967891305587,0,43,Monday
mouse_2,2025-09-29,780.0,3,18,153,1541.916139125824,False Alarm,,1,13,Monday
mouse_2,2025-09-29,780.0,3,18,154,1552.1222746372223,Miss,,0,0,Monday
mouse_2,2025-09-29,780.0,3,18,155,1563.565260887146,Miss,,0,0,Monday
mouse_2,2025-09-29,780.0,3,18,156,1573.7553033828735,Miss,,0,0,Monday
mouse_2,2025-09-29,780.0,3,18,157,1585.46532869339,Hit,1.4898324837758992,0,10,Monday
mouse_2,2025-09-29,780.0,3,18,158,1595.4131181240082,Hit,1.2279246865307414,0,19,Monday
mouse_2,2025-09-29,780.0,3,18,159,1604.1134147644043,False Alarm,,1,8,Monday
mouse_2,2025-09-29,780.0,3,18,160,1616.072143316269,Hit,2.240181378288753,0,9,Monday
mouse_2,2025-09-29,780.0,3,18,161,1626.786278963089,Hit,0.3370731765121491,0,13,Monday
mouse_2,2025-09-29,780.0,3,18,162,1636.245323896408,Hit (Calc),2.930625993847343,0,5,Monday
mouse_2,2025-09-29,780.0,3,18,163,1647.195246219635,Miss,,0,0,Monday
mouse_2,2025-09-29,780.0,3,18,164,1657.4043078422546,Hit,1.9869860354992852,0,7,Monday
mouse_2,2025-09-29,780.0,3,18,165,1668.1045191287994,Hit,2.0287901864026026,0,7,Monday
mouse_2,2025-09-29,780.0,3,18,166,1678.0548686981201,Hit,0.8049629578783879,0,11,Monday
mouse_2,2025-09-29,780.0,3,18,167,1686.7543420791626,Miss,,0,0,Monday
mouse_2,2025-09-29,780.0,3,18,168,1696.4542014598846,Hit,1.068370230290384,0,9,Monday
mouse_2,2025-09-29,780.0,3,18,169,1705.1641047000885,Miss,,0,0,Monday
mouse_2,2025-09-29,780.0,3,18,170,1715.863686323166,Miss,,0,2,Monday
mouse_2,2025-09-29,780.0,3,18,171,1726.8138010501862,Miss,,0,0,Monday
mouse_2,2025-09-29,780.0,3,18,172,1737.7748885154724,Miss,,0,0,Monday
mouse_2,2025-09-29,780.0,3,18,173,1748.7236952781677,Miss,,0,0,Monday
mouse_2,2025-09-29,780.0,3,18,174,1760.433232307434,Miss,,0,0,Monday
mouse_2,2025-09-29,780.0,3,18,175,1770.8931639194489,Miss,,0,0,Monday
mouse_2,2025-09-29,780.0,3,18,176,1781.5934839248657,Miss,,0,4,Monday
mouse_2,2025-09-29,780.0,3,18,177,1791.3037042617798,False Alarm,,1,4,Monday
mouse_2,2025-09-29,780.0,3,18,178,1806.2606580257416,Miss,,0,0,Monday
mouse_2,2025-09-30,900.0,3,19,1,0.3707120418548584,Miss,,0,4,Tuesday
mouse_2,2025-09-30,900.0,3,19,2,10.314056873321533,False Alarm,,1,4,Tuesday
mouse_2,2025-09-30,900.0,3,19,3,21.768437147140503,Hit,1.8178877807784914,0,54,Tuesday
mouse_2,2025-09-30,900.0,3,19,4,30.97422504425049,False Alarm,,1,29,Tuesday
mouse_2,2025-09-30,900.0,3,19,5,41.18050789833069,Miss,,0,8,Tuesday
mouse_2,2025-09-30,900.0,3,19,6,52.643149852752686,Hit,0.12566740802654408,0,26,Tuesday
mouse_2,2025-09-30,900.0,3,19,7,59.84622120857239,False Alarm,,1,9,Tuesday
mouse_2,2025-09-30,900.0,3,19,8,70.05039358139038,False Alarm,,1,5,Tuesday
mouse_2,2025-09-30,900.0,3,19,9,81.7699384689331,False Alarm,,1,8,Tuesday
mouse_2,2025-09-30,900.0,3,19,10,97.22966980934143,False Alarm,,1,2,Tuesday
mouse_2,2025-09-30,900.0,3,19,11,108.91975378990173,Hit,2.1533655250476755,0,42,Tuesday
mouse_2,2025-09-30,900.0,3,19,12,118.13324618339539,False Alarm,,1,19,Tuesday
mouse_2,2025-09-30,900.0,3,19,13,128.34091424942017,False Alarm,,1,8,Tuesday
mouse_2,2025-09-30,900.0,3,19,14,140.04304599761963,False Alarm,,1,12,Tuesday
mouse_2,2025-09-30,900.0,3,19,15,151.24443912506104,False Alarm,,1,7,Tuesday
mouse_2,2025-09-30,900.0,3,19,16,161.6988832950592,Miss,,0,0,Tuesday
mouse_2,2025-09-30,900.0,3,19,17,173.16285681724548,Hit,0.6438286559012738,0,43,Tuesday
mouse_2,2025-09-30,900.0,3,19,18,181.61305570602417,False Alarm,,1,14,Tuesday
mouse_2,2025-09-30,900.0,3,19,19,191.82843160629272,Hit,1.2501755962439915,0,33,Tuesday
mouse_2,2025-09-30,900.0,3,19,20,200.2821502685547,False Alarm,,1,5,Tuesday
mouse_2,2025-09-30,900.0,3,19,21,210.47907829284668,Hit,0.2179573332364555,0,35,Tuesday
mouse_2,2025-09-30,900.0,3,19,22,219.18152356147766,False Alarm,,1,8,Tuesday
mouse_2,2025-09-30,900.0,3,19,23,229.38806438446045,Hit,0.14195267254089572,0,34,Tuesday
mouse_2,2025-09-30,900.0,3,19,24,237.3497769832611,False Alarm,,1,10,Tuesday
mouse_2,2025-09-30,900.0,3,19,25,247.54423689842224,False Alarm,,1,3,Tuesday
mouse_2,2025-09-30,900.0,3,19,26,258.7479467391968,Hit,0.35677989705442315,0,37,Tuesday
mouse_2,2025-09-30,900.0,3,19,27,267.4603126049042,False Alarm,,1,7,Tuesday
mouse_2,2025-09-30,900.0,3,19,28,277.65910959243774,Hit,0.21512937500762064,0,31,Tuesday
mouse_2,2025-09-30,900.0,3,19,29,286.11135387420654,False Alarm,,1,7,Tuesday
mouse_2,2025-09-30,900.0,3,19,30,296.31722807884216,False Alarm,,1,5,Tuesday
mouse_2,2025-09-30,900.0,3,19,31,308.2767186164856,False Alarm,,1,3,Tuesday
mouse_2,2025-09-30,900.0,3,19,32,320.7346394062042,False Alarm,,1,2,Tuesday
mouse_2,2025-09-30,900.0,3,19,33,332.44644689559937,Hit,1.376037526648247,0,37,Tuesday
mouse_2,2025-09-30,900.0,3,19,34,341.41069626808167,False Alarm,,1,12,Tuesday
mouse_2,2025-09-30,900.0,3,19,35,351.61770486831665,Hit,0.043086903576750046,0,39,Tuesday
mouse_2,2025-09-30,900.0,3,19,36,359.56989336013794,False Alarm,,1,10,Tuesday
mouse_2,2025-09-30,900.0,3,19,37,369.7782998085022,False Alarm,,1,7,Tuesday
mouse_2,2025-09-30,900.0,3,19,38,383.23734068870544,False Alarm,,1,4,Tuesday
mouse_2,2025-09-30,900.0,3,19,39,394.4389998912811,Hit,0.19026847631027977,0,26,Tuesday
mouse_2,2025-09-30,900.0,3,19,40,403.13984298706055,False Alarm,,1,14,Tuesday
mouse_2,2025-09-30,900.0,3,19,41,417.58933305740356,False Alarm,,1,7,Tuesday
mouse_2,2025-09-30,900.0,3,19,42,429.0444049835205,False Alarm,,1,1,Tuesday
mouse_2,2025-09-30,900.0,3,19,43,442.26529002189636,Hit,0.6892949273437807,0,37,Tuesday
mouse_2,2025-09-30,900.0,3,19,44,450.47892785072327,False Alarm,,1,9,Tuesday
mouse_2,2025-09-30,900.0,3,19,45,460.6851444244385,Hit,0.08564761179826519,0,25,Tuesday
mouse_2,2025-09-30,900.0,3,19,46,469.1386649608612,Hit,0.771784101629521,0,43,Tuesday
mouse_2,2025-09-30,900.0,3,19,47,477.8502724170685,False Alarm,,1,18,Tuesday
mouse_2,2025-09-30,900.0,3,19,48,488.05520486831665,Hit,0.1480077974798064,0,46,Tuesday
mouse_2,2025-09-30,900.0,3,19,49,495.75922322273254,False Alarm,,1,15,Tuesday
mouse_2,2025-09-30,900.0,3,19,50,505.97492146492004,Hit,0.26321452673892054,0,32,Tuesday
mouse_2,2025-09-30,900.0,3,19,51,514.6789608001709,False Alarm,,1,10,Tuesday
mouse_2,2025-09-30,900.0,3,19,52,524.8854129314423,False Alarm,,1,12,Tuesday
mouse_2,2025-09-30,900.0,3,19,53,536.3558595180511,False Alarm,,1,8,Tuesday
mouse_2,2025-09-30,900.0,3,19,54,550.8112576007843,False Alarm,,1,3,Tuesday
mouse_2,2025-09-30,900.0,3,19,55,564.5147051811218,Hit,0.5645385429943417,0,23,Tuesday
mouse_2,2025-09-30,900.0,3,19,56,573.9778587818146,False Alarm,,1,3,Tuesday
mouse_2,2025-09-30,900.0,3,19,57,586.9343678951263,Hit,1.554155337311272,0,31,Tuesday
mouse_2,2025-09-30,900.0,3,19,58,597.1379249095917,False Alarm,,1,12,Tuesday
mouse_2,2025-09-30,900.0,3,19,59,607.3539083003998,False Alarm,,1,12,Tuesday
mouse_2,2025-09-30,900.0,3,19,60,621.5643587112427,False Alarm,,1,6,Tuesday
mouse_2,2025-09-30,900.0,3,19,61,635.0143539905548,False Alarm,,1,4,Tuesday
mouse_2,2025-09-30,900.0,3,19,62,645.7231137752533,False Alarm,,1,5,Tuesday
mouse_2,2025-09-30,900.0,3,19,63,658.4333198070526,False Alarm,,1,3,Tuesday
mouse_2,2025-09-30,900.0,3,19,64,669.892903804779,Hit,2.0829881166166615,0,58,Tuesday
mouse_2,2025-09-30,900.0,3,19,65,680.0941870212555,False Alarm,,1,34,Tuesday
mouse_2,2025-09-30,900.0,3,19,66,690.3025622367859,False Alarm,,1,8,Tuesday
mouse_2,2025-09-30,900.0,3,19,67,701.2625901699066,False Alarm,,1,3,Tuesday
mouse_2,2025-09-30,900.0,3,19,68,712.4725472927094,Hit,0.32588244391365606,0,40,Tuesday
mouse_2,2025-09-30,900.0,3,19,69,720.6666035652161,False Alarm,,1,11,Tuesday
mouse_2,2025-09-30,900.0,3,19,70,730.8819589614868,Hit,0.0433821310091389,0,51,Tuesday
mouse_2,2025-09-30,900.0,3,19,71,740.0941591262817,False Alarm,,1,23,Tuesday
mouse_2,2025-09-30,900.0,3,19,72,750.3019812107086,False Alarm,,1,11,Tuesday
mouse_2,2025-09-30,900.0,3,19,73,764.263852596283,Hit,0.08993098444943826,0,58,Tuesday
mouse_2,2025-09-30,900.0,3,19,74,771.7155115604401,False Alarm,,1,30,Tuesday
mouse_2,2025-09-30,900.0,3,19,75,781.9218142032623,False Alarm,,1,4,Tuesday
mouse_2,2025-09-30,900.0,3,19,76,795.1415226459503,False Alarm,,1,3,Tuesday
mouse_2,2025-09-30,900.0,3,19,77,806.1117141246796,Hit,1.4864422744077501,0,51,Tuesday
mouse_2,2025-09-30,900.0,3,19,78,815.0747787952423,False Alarm,,1,21,Tuesday
mouse_2,2025-09-30,900.0,3,19,79,825.2811870574951,Hit,0.2088352545977159,0,58,Tuesday
mouse_2,2025-09-30,900.0,3,19,80,833.484801530838,False Alarm,,1,32,Tuesday
mouse_2,2025-09-30,900.0,3,19,81,843.6894824504852,Hit,0.022496555892189463,0,44,Tuesday
mouse_2,2025-09-30,900.0,3,19,82,851.3845241069794,False Alarm,,1,21,Tuesday
mouse_2,2025-09-30,900.0,3,19,83,861.5903539657593,False Alarm,,1,11,Tuesday
mouse_2,2025-09-30,900.0,3,19,84,873.5505151748657,False Alarm,,1,11,Tuesday
mouse_2,2025-09-30,900.0,3,19,85,885.2608487606049,False Alarm,,1,5,Tuesday
mouse_2,2025-09-30,900.0,3,19,86,897.722067117691,Hit,0.059761199673175724,0,37,Tuesday
mouse_2,2025-09-30,900.0,3,19,87,906.9333546161652,False Alarm,,1,10,Tuesday
mouse_2,2025-09-30,900.0,3,19,88,917.1403079032898,False Alarm,,1,9,Tuesday
mouse_2,2025-09-30,900.0,3,19,89,928.6047246456146,False Alarm,,1,7,Tuesday
mouse_2,2025-09-30,900.0,3,19,90,942.310919046402,False Alarm,,1,4,Tuesday
mouse_2,2025-09-30,900.0,3,19,91,956.2806231975555,Hit,2.006359626722997,0,34,Tuesday
mouse_2,2025-09-30,900.0,3,19,92,966.2438726425171,False Alarm,,1,8,Tuesday
mouse_2,2025-09-30,900.0,3,19,93,976.444198846817,Hit,1.197704463600985,0,34,Tuesday
mouse_2,2025-09-30,900.0,3,19,94,985.6534032821655,False Alarm,,1,7,Tuesday
mouse_2,2025-09-30,900.0,3,19,95,995.860561132431,False Alarm,,1,7,Tuesday
mouse_2,2025-09-30,900.0,3,19,96,1007.0641894340515,False Alarm,,1,3,Tuesday
mouse_2,2025-09-30,900.0,3,19,97,1018.7704401016235,Hit,0.3876418599738827,0,55,Tuesday
mouse_2,2025-09-30,900.0,3,19,98,1027.4828367233276,False Alarm,,1,25,Tuesday
mouse_2,2025-09-30,900.0,3,19,99,1037.6894092559814,Hit,1.052479243123571,0,33,Tuesday
mouse_2,2025-09-30,900.0,3,19,100,1047.4021878242493,False Alarm,,1,7,Tuesday
mouse_2,2025-09-30,900.0,3,19,101,1060.0942413806915,False Alarm,,1,6,Tuesday
mouse_2,2025-09-30,900.0,3,19,102,1071.7987802028656,False Alarm,,1,6,Tuesday
mouse_2,2025-09-30,900.0,3,19,103,1085.0101146697998,False Alarm,,1,6,Tuesday
mouse_2,2025-09-30,900.0,3,19,104,1097.9742851257324,False Alarm,,1,10,Tuesday
mouse_2,2025-09-30,900.0,3,19,105,1111.4260394573212,False Alarm,,1,8,Tuesday
mouse_2,2025-09-30,900.0,3,19,106,1122.3883771896362,Hit,0.5916577467050956,0,47,Tuesday
mouse_2,2025-09-30,900.0,3,19,107,1130.3417625427246,False Alarm,,1,20,Tuesday
mouse_2,2025-09-30,900.0,3,19,108,1140.5483314990997,False Alarm,,1,8,Tuesday
mouse_2,2025-09-30,900.0,3,19,109,1152.768770456314,False Alarm,,1,5,Tuesday
mouse_2,2025-09-30,900.0,3,19,110,1163.9785461425781,Hit,0.6949066492225029,0,19,Tuesday
mouse_2,2025-09-30,900.0,3,19,111,1173.4321920871735,Hit,1.10214609385298,0,42,Tuesday
mouse_2,2025-09-30,900.0,3,19,112,1181.6314837932587,False Alarm,,1,15,Tuesday
mouse_2,2025-09-30,900.0,3,19,113,1191.8377149105072,False Alarm,,1,2,Tuesday
mouse_2,2025-09-30,900.0,3,19,114,1203.5578846931458,Hit,0.00681958206928357,0,54,Tuesday
mouse_2,2025-09-30,900.0,3,19,115,1212.2608499526978,False Alarm,,1,30,Tuesday
mouse_2,2025-09-30,900.0,3,19,116,1222.4773547649384,False Alarm,,1,6,Tuesday
mouse_2,2025-09-30,900.0,3,19,117,1235.938940525055,Hit,1.6282736628306793,0,30,Tuesday
mouse_2,2025-09-30,900.0,3,19,118,1244.8906779289246,Hit,0.13770594779725798,0,41,Tuesday
mouse_2,2025-09-30,900.0,3,19,119,1253.8302056789398,False Alarm,,1,18,Tuesday
mouse_2,2025-09-30,900.0,3,19,120,1264.036920785904,False Alarm,,1,10,Tuesday
mouse_2,2025-09-30,900.0,3,19,121,1278.2543234825134,False Alarm,,1,6,Tuesday
mouse_2,2025-09-30,900.0,3,19,122,1291.956907749176,False Alarm,,1,4,Tuesday
mouse_2,2025-09-30,900.0,3,19,123,1304.6685020923615,Hit,0.47215093228214755,0,75,Tuesday
mouse_2,2025-09-30,900.0,3,19,124,1313.8701655864716,False Alarm,,1,90,Tuesday
mouse_2,2025-09-30,900.0,3,19,125,1324.0675551891327,False Alarm,,1,6,Tuesday
mouse_2,2025-09-30,900.0,3,19,126,1334.2843389511108,Hit,0.1115999609469327,0,28,Tuesday
mouse_2,2025-09-30,900.0,3,19,127,1342.2294454574585,Hit,0.3963619139763068,0,18,Tuesday
mouse_2,2025-09-30,900.0,3,19,128,1350.1799411773682,False Alarm,,1,4,Tuesday
mouse_2,2025-09-30,900.0,3,19,129,1364.6369478702545,Miss,,0,2,Tuesday
mouse_2,2025-09-30,900.0,3,19,130,1376.0990996360779,Hit,0.3562427244864921,0,71,Tuesday
mouse_2,2025-09-30,900.0,3,19,131,1384.0597250461578,False Alarm,,1,44,Tuesday
mouse_2,2025-09-30,900.0,3,19,132,1394.26424574852,False Alarm,,1,3,Tuesday
mouse_2,2025-09-30,900.0,3,19,133,1406.7174582481384,Hit,1.8406652867674893,0,56,Tuesday
mouse_2,2025-09-30,900.0,3,19,134,1416.6691932678223,False Alarm,,1,28,Tuesday
mouse_2,2025-09-30,900.0,3,19,135,1426.8756322860718,False Alarm,,1,3,Tuesday
mouse_2,2025-09-30,900.0,3,19,136,1439.0863568782806,Hit,0.6606920041426747,0,29,Tuesday
mouse_2,2025-09-30,900.0,3,19,137,1448.0388815402985,False Alarm,,1,2,Tuesday
mouse_2,2025-09-30,900.0,3,19,138,1458.24462890625,Hit,0.6282498844288966,0,38,Tuesday
mouse_2,2025-09-30,900.0,3,19,139,1467.6987073421478,False Alarm,,1,8,Tuesday
mouse_2,2025-09-30,900.0,3,19,140,1477.8964323997498,Miss,,0,0,Tuesday
mouse_2,2025-09-30,900.0,3,19,141,1487.609403371811,Miss,,0,0,Tuesday
mouse_2,2025-09-30,900.0,3,19,142,1497.3080797195435,Hit,0.12081568295297984,0,43,Tuesday
mouse_2,2025-09-30,900.0,3,19,143,1506.2587869167328,False Alarm,,1,14,Tuesday
mouse_2,2025-09-30,900.0,3,19,144,1516.464332818985,Hit (Calc),2.6933578483019573,0,6,Tuesday
mouse_2,2025-09-30,900.0,3,19,145,1526.667864561081,Hit,0.47381577158375876,0,20,Tuesday
mouse_2,2025-09-30,900.0,3,19,146,1534.8681013584137,Hit,1.0876253861529221,0,33,Tuesday
mouse_2,2025-09-30,900.0,3,19,147,1543.8182699680328,False Alarm,,1,4,Tuesday
mouse_2,2025-09-30,900.0,3,19,148,1554.0244188308716,Hit,0.7321911890494448,0,77,Tuesday
mouse_2,2025-09-30,900.0,3,19,149,1562.7382082939148,False Alarm,,1,56,Tuesday
mouse_2,2025-09-30,900.0,3,19,150,1572.9443531036377,Hit,0.4635538544980591,0,19,Tuesday
mouse_2,2025-09-30,900.0,3,19,151,1581.398407459259,Hit,1.0844043131214676,0,31,Tuesday
mouse_2,2025-09-30,900.0,3,19,152,1589.5968079566956,Hit,0.0489967079388407,0,67,Tuesday
mouse_2,2025-09-30,900.0,3,19,153,1597.5477364063263,False Alarm,,1,36,Tuesday
mouse_2,2025-09-30,900.0,3,19,154,1607.7450699806213,Hit,0.3231635478643966,0,52,Tuesday
mouse_2,2025-09-30,900.0,3,19,155,1616.697961807251,False Alarm,,1,27,Tuesday
mouse_2,2025-09-30,900.0,3,19,156,1626.8940823078156,False Alarm,,1,3,Tuesday
mouse_2,2025-09-30,900.0,3,19,157,1639.3642218112946,Hit,1.4052722865469605,0,75,Tuesday
mouse_2,2025-09-30,900.0,3,19,158,1649.567174911499,False Alarm,,1,46,Tuesday
mouse_2,2025-09-30,900.0,3,19,159,1659.7640194892883,Miss,,0,0,Tuesday
mouse_2,2025-09-30,900.0,3,19,160,1670.2165975570679,Miss,,0,0,Tuesday
mouse_2,2025-09-30,900.0,3,19,161,1680.914344549179,Hit,0.9337317399499625,0,74,Tuesday
mouse_2,2025-09-30,900.0,3,19,162,1690.126526594162,False Alarm,,1,48,Tuesday
mouse_2,2025-09-30,900.0,3,19,163,1700.3331351280212,Hit,1.3454997892272331,0,18,Tuesday
mouse_2,2025-09-30,900.0,3,19,164,1709.297024488449,Hit,0.5399431037944851,0,34,Tuesday
mouse_2,2025-09-30,900.0,3,19,165,1718.4961485862732,False Alarm,,1,4,Tuesday
mouse_2,2025-09-30,900.0,3,19,166,1728.685341835022,Hit,0.5679490665452249,0,25,Tuesday
mouse_2,2025-09-30,900.0,3,19,167,1737.3871569633484,False Alarm,,1,4,Tuesday
mouse_2,2025-09-30,900.0,3,19,168,1750.8386075496674,Hit,0.09041564621088582,0,29,Tuesday
mouse_2,2025-09-30,900.0,3,19,169,1759.53649020195,False Alarm,,1,4,Tuesday
mouse_2,2025-09-30,900.0,3,19,170,1773.5025148391724,Miss,,0,0,Tuesday
mouse_2,2025-09-30,900.0,3,19,171,1783.4653260707855,Hit,0.6076630122045117,0,32,Tuesday
mouse_2,2025-09-30,900.0,3,19,172,1791.9271183013916,Hit,0.34017763535598533,0,49,Tuesday
mouse_2,2025-09-30,900.0,3,19,173,1799.6254179477692,False Alarm,,1,19,Tuesday
mouse_2,2025-09-30,900.0,3,19,174,1809.822271347046,Miss,,0,0,Tuesday
mouse_2,2025-10-01,834.0,3,20,1,0.3656432628631592,Miss,,0,2,Wednesday
mouse_2,2025-10-01,834.0,3,20,2,10.316352367401123,Miss,,0,0,Wednesday
mouse_2,2025-10-01,834.0,3,20,3,21.016568660736084,Miss,,0,1,Wednesday
mouse_2,2025-10-01,834.0,3,20,4,31.476572275161743,False Alarm,,1,1,Wednesday
mouse_2,2025-10-01,834.0,3,20,5,43.45319867134094,Hit,0.8357820833495424,0,22,Wednesday
mouse_2,2025-10-01,834.0,3,20,6,53.41645002365112,Miss,,0,0,Wednesday
mouse_2,2025-10-01,834.0,3,20,7,64.86595153808594,Hit,1.470530618842517,0,24,Wednesday
mouse_2,2025-10-01,834.0,3,20,8,73.81842613220215,Hit,0.05454856895521232,0,15,Wednesday
mouse_2,2025-10-01,834.0,3,20,9,81.76768136024475,False Alarm,,1,10,Wednesday
mouse_2,2025-10-01,834.0,3,20,10,96.73258996009827,False Alarm,,1,7,Wednesday
mouse_2,2025-10-01,834.0,3,20,11,108.19460439682007,False Alarm,,1,6,Wednesday
mouse_2,2025-10-01,834.0,3,20,12,121.90407180786133,False Alarm,,1,7,Wednesday
mouse_2,2025-10-01,834.0,3,20,13,133.3623809814453,False Alarm,,1,4,Wednesday
mouse_2,2025-10-01,834.0,3,20,14,143.82396006584167,Miss,,0,11,Wednesday
mouse_2,2025-10-01,834.0,3,20,15,155.27554321289062,False Alarm,,1,9,Wednesday
mouse_2,2025-10-01,834.0,3,20,16,168.7321002483368,False Alarm,,1,5,Wednesday
mouse_2,2025-10-01,834.0,3,20,17,182.6926827430725,Hit,0.7230498129377168,0,33,Wednesday
mouse_2,2025-10-01,834.0,3,20,18,191.14544343948364,False Alarm,,1,6,Wednesday
mouse_2,2025-10-01,834.0,3,20,19,201.35233283042908,False Alarm,,1,5,Wednesday
mouse_2,2025-10-01,834.0,3,20,20,211.5619113445282,Hit,0.9076323273154401,0,34,Wednesday
mouse_2,2025-10-01,834.0,3,20,21,221.01540851593018,False Alarm,,1,4,Wednesday
mouse_2,2025-10-01,834.0,3,20,22,231.23314690589905,Hit,0.776801327318168,0,72,Wednesday
mouse_2,2025-10-01,834.0,3,20,23,239.93561387062073,False Alarm,,1,48,Wednesday
mouse_2,2025-10-01,834.0,3,20,24,250.1418056488037,False Alarm,,1,5,Wednesday
mouse_2,2025-10-01,834.0,3,20,25,264.1112172603607,Hit,0.7927332948988806,0,20,Wednesday
mouse_2,2025-10-01,834.0,3,20,26,272.56670594215393,False Alarm,,1,3,Wednesday
mouse_2,2025-10-01,834.0,3,20,27,286.0217423439026,Hit,1.0495685386140394,0,68,Wednesday
mouse_2,2025-10-01,834.0,3,20,28,294.47498893737793,False Alarm,,1,40,Wednesday
mouse_2,2025-10-01,834.0,3,20,29,304.6811034679413,Hit,0.6563384043587348,0,40,Wednesday
mouse_2,2025-10-01,834.0,3,20,30,312.6357719898224,False Alarm,,1,11,Wednesday
mouse_2,2025-10-01,834.0,3,20,31,322.85132217407227,Hit,0.3955924315131938,0,73,Wednesday
mouse_2,2025-10-01,834.0,3,20,32,331.81570982933044,False Alarm,,1,56,Wednesday
mouse_2,2025-10-01,834.0,3,20,33,342.0210747718811,Hit,0.21959046190016807,0,33,Wednesday
mouse_2,2025-10-01,834.0,3,20,34,349.7252357006073,False Alarm,,1,9,Wednesday
mouse_2,2025-10-01,834.0,3,20,35,359.9313335418701,False Alarm,,1,3,Wednesday
mouse_2,2025-10-01,834.0,3,20,36,374.14174914360046,Hit,1.546815930255434,0,71,Wednesday
mouse_2,2025-10-01,834.0,3,20,37,382.84521412849426,False Alarm,,1,45,Wednesday
mouse_2,2025-10-01,834.0,3,20,38,393.0508916378021,False Alarm,,1,6,Wednesday
mouse_2,2025-10-01,834.0,3,20,39,407.0171871185303,False Alarm,,1,7,Wednesday
mouse_2,2025-10-01,834.0,3,20,40,418.2306718826294,Hit,0.22918496690579104,0,77,Wednesday
mouse_2,2025-10-01,834.0,3,20,41,425.9352447986603,False Alarm,,1,96,Wednesday
mouse_2,2025-10-01,834.0,3,20,42,436.14077043533325,False Alarm,,1,4,Wednesday
mouse_2,2025-10-01,834.0,3,20,43,446.3514413833618,False Alarm,,1,6,Wednesday
mouse_2,2025-10-01,834.0,3,20,44,459.56139755249023,False Alarm,,1,7,Wednesday
mouse_2,2025-10-01,834.0,3,20,45,474.2710967063904,False Alarm,,1,5,Wednesday
mouse_2,2025-10-01,834.0,3,20,46,487.9760196208954,False Alarm,,1,9,Wednesday
mouse_2,2025-10-01,834.0,3,20,47,501.6791305541992,Hit,0.041295512136457546,0,27,Wednesday
mouse_2,2025-10-01,834.0,3,20,48,509.1441857814789,False Alarm,,1,6,Wednesday
mouse_2,2025-10-01,834.0,3,20,49,524.1113250255585,False Alarm,,1,5,Wednesday
mouse_2,2025-10-01,834.0,3,20,50,538.8185710906982,Hit,0.7254914849073657,0,24,Wednesday
mouse_2,2025-10-01,834.0,3,20,51,548.2625288963318,Hit,1.1368278201732664,0,19,Wednesday
mouse_2,2025-10-01,834.0,3,20,52,556.9745149612427,Miss,,0,0,Wednesday
mouse_2,2025-10-01,834.0,3,20,53,566.9232771396637,Hit,2.0454810464407274,0,33,Wednesday
mouse_2,2025-10-01,834.0,3,20,54,576.8746500015259,False Alarm,,1,5,Wednesday
mouse_2,2025-10-01,834.0,3,20,55,587.0900745391846,Hit,0.9744431866447485,0,78,Wednesday
mouse_2,2025-10-01,834.0,3,20,56,596.3048412799835,False Alarm,,1,56,Wednesday
mouse_2,2025-10-01,834.0,3,20,57,606.5116314888,Hit,2.0106095235151997,0,66,Wednesday
mouse_2,2025-10-01,834.0,3,20,58,617.7231516838074,False Alarm,,1,38,Wednesday
mouse_2,2025-10-01,834.0,3,20,59,627.9273588657379,False Alarm,,1,3,Wednesday
mouse_2,2025-10-01,834.0,3,20,60,639.8899176120758,Hit,0.4721951537600262,0,17,Wednesday
mouse_2,2025-10-01,834.0,3,20,61,649.343621969223,Hit,0.5532979148425738,0,37,Wednesday
mouse_2,2025-10-01,834.0,3,20,62,658.5430982112885,False Alarm,,1,10,Wednesday
mouse_2,2025-10-01,834.0,3,20,63,668.759096622467,False Alarm,,1,2,Wednesday
mouse_2,2025-10-01,834.0,3,20,64,680.970908164978,Hit,0.33266929052444993,0,66,Wednesday
mouse_2,2025-10-01,834.0,3,20,65,690.1705396175385,False Alarm,,1,39,Wednesday
mouse_2,2025-10-01,834.0,3,20,66,700.3788006305695,False Alarm,,1,3,Wednesday
mouse_2,2025-10-01,834.0,3,20,67,711.3490762710571,Hit,1.7981553032013835,0,38,Wednesday
mouse_2,2025-10-01,834.0,3,20,68,721.060795545578,False Alarm,,1,9,Wednesday
mouse_2,2025-10-01,834.0,3,20,69,731.2610139846802,False Alarm,,1,6,Wednesday
mouse_2,2025-10-01,834.0,3,20,70,745.470052242279,False Alarm,,1,7,Wednesday
mouse_2,2025-10-01,834.0,3,20,71,756.1889450550079,False Alarm,,1,4,Wednesday
mouse_2,2025-10-01,834.0,3,20,72,769.398538351059,Miss,,0,2,Wednesday
mouse_2,2025-10-01,834.0,3,20,73,780.8614370822906,Hit,0.21773568016976697,0,73,Wednesday
mouse_2,2025-10-01,834.0,3,20,74,788.8106563091278,False Alarm,,1,46,Wednesday
mouse_2,2025-10-01,834.0,3,20,75,799.0183973312378,False Alarm,,1,6,Wednesday
mouse_2,2025-10-01,834.0,3,20,76,813.2386395931244,False Alarm,,1,5,Wednesday
mouse_2,2025-10-01,834.0,3,20,77,826.7080359458923,Hit,0.794172588757192,0,75,Wednesday
mouse_2,2025-10-01,834.0,3,20,78,834.6617496013641,False Alarm,,1,62,Wednesday
mouse_2,2025-10-01,834.0,3,20,79,844.8710262775421,Hit,0.2583446045465507,0,38,Wednesday
mouse_2,2025-10-01,834.0,3,20,80,852.8230276107788,False Alarm,,1,10,Wednesday
mouse_2,2025-10-01,834.0,3,20,81,863.0275630950928,False Alarm,,1,2,Wednesday
mouse_2,2025-10-01,834.0,3,20,82,876.7388055324554,Hit,1.4095395401445785,0,77,Wednesday
mouse_2,2025-10-01,834.0,3,20,83,886.1911814212799,False Alarm,,1,86,Wednesday
mouse_2,2025-10-01,834.0,3,20,84,896.3948788642883,Hit,1.6362897532534362,0,44,Wednesday
mouse_2,2025-10-01,834.0,3,20,85,905.3513333797455,False Alarm,,1,17,Wednesday
mouse_2,2025-10-01,834.0,3,20,86,915.5573768615723,Hit,0.28920003782445747,0,33,Wednesday
mouse_2,2025-10-01,834.0,3,20,87,923.7712912559509,False Alarm,,1,8,Wednesday
mouse_2,2025-10-01,834.0,3,20,88,934.237203836441,False Alarm,,1,5,Wednesday
mouse_2,2025-10-01,834.0,3,20,89,949.1977071762085,Hit,0.036145129138390075,0,14,Wednesday
mouse_2,2025-10-01,834.0,3,20,90,957.9113457202911,Hit,0.11924839835137391,0,70,Wednesday
mouse_2,2025-10-01,834.0,3,20,91,966.6214530467987,False Alarm,,1,43,Wednesday
mouse_2,2025-10-01,834.0,3,20,92,976.8177545070648,False Alarm,,1,5,Wednesday
mouse_2,2025-10-01,834.0,3,20,93,988.2746267318726,False Alarm,,1,2,Wednesday
mouse_2,2025-10-01,834.0,3,20,94,1001.727659702301,Hit,0.5232473153911315,0,20,Wednesday
mouse_2,2025-10-01,834.0,3,20,95,1009.6909265518188,False Alarm,,1,5,Wednesday
mouse_2,2025-10-01,834.0,3,20,96,1023.897629737854,False Alarm,,1,3,Wednesday
mouse_2,2025-10-01,834.0,3,20,97,1039.1109747886658,Hit,0.8337051549829084,0,39,Wednesday
mouse_2,2025-10-01,834.0,3,20,98,1048.0600607395172,False Alarm,,1,13,Wednesday
mouse_2,2025-10-01,834.0,3,20,99,1058.2569091320038,Hit,0.11284583669521453,0,18,Wednesday
mouse_2,2025-10-01,834.0,3,20,100,1065.9605603218079,Hit,0.5571501255283238,0,42,Wednesday
mouse_2,2025-10-01,834.0,3,20,101,1075.6603326797485,False Alarm,,1,11,Wednesday
mouse_2,2025-10-01,834.0,3,20,102,1085.8666269779205,Hit,0.7638774939775885,0,39,Wednesday
mouse_2,2025-10-01,834.0,3,20,103,1094.070291519165,False Alarm,,1,13,Wednesday
mouse_2,2025-10-01,834.0,3,20,104,1104.276244878769,False Alarm,,1,6,Wednesday
mouse_2,2025-10-01,834.0,3,20,105,1116.486515045166,Hit,0.6412339411542689,0,27,Wednesday
mouse_2,2025-10-01,834.0,3,20,106,1124.4496262073517,Hit,0.7040316356228686,0,31,Wednesday
mouse_2,2025-10-01,834.0,3,20,107,1133.1600654125214,False Alarm,,1,3,Wednesday
mouse_2,2025-10-01,834.0,3,20,108,1143.3621785640717,Miss,,0,3,Wednesday
mouse_2,2025-10-01,834.0,3,20,109,1154.8091592788696,False Alarm,,1,3,Wednesday
mouse_2,2025-10-01,834.0,3,20,110,1166.0256640911102,Hit,0.009897235810512939,0,33,Wednesday
mouse_2,2025-10-01,834.0,3,20,111,1174.7296447753906,False Alarm,,1,2,Wednesday
mouse_2,2025-10-01,834.0,3,20,112,1184.9456131458282,Hit,0.009756821368455348,0,61,Wednesday
mouse_2,2025-10-01,834.0,3,20,113,1193.650636434555,False Alarm,,1,35,Wednesday
mouse_2,2025-10-01,834.0,3,20,114,1203.8554303646088,Hit,0.25162470079749255,0,51,Wednesday
mouse_2,2025-10-01,834.0,3,20,115,1211.5596139431,False Alarm,,1,21,Wednesday
mouse_2,2025-10-01,834.0,3,20,116,1221.7752141952515,Hit,0.0393160454025292,0,56,Wednesday
mouse_2,2025-10-01,834.0,3,20,117,1230.229157447815,False Alarm,,1,27,Wednesday
mouse_2,2025-10-01,834.0,3,20,118,1240.4354634284973,Hit,0.6022939602391943,0,73,Wednesday
mouse_2,2025-10-01,834.0,3,20,119,1248.6386330127716,False Alarm,,1,61,Wednesday
mouse_2,2025-10-01,834.0,3,20,120,1258.8454084396362,Hit,0.09198961159859209,0,76,Wednesday
mouse_2,2025-10-01,834.0,3,20,121,1268.048453092575,False Alarm,,1,64,Wednesday
mouse_2,2025-10-01,834.0,3,20,122,1278.2550237178802,Hit,0.3607726078369069,0,22,Wednesday
mouse_2,2025-10-01,834.0,3,20,123,1286.958773612976,Hit,1.6284407585258123,0,42,Wednesday
mouse_2,2025-10-01,834.0,3,20,124,1296.8980433940887,False Alarm,,1,16,Wednesday
mouse_2,2025-10-01,834.0,3,20,125,1307.0946822166443,Hit,0.10003163653732372,0,33,Wednesday
mouse_2,2025-10-01,834.0,3,20,126,1314.7982304096222,False Alarm,,1,10,Wednesday
mouse_2,2025-10-01,834.0,3,20,127,1324.9980826377869,False Alarm,,1,9,Wednesday
mouse_2,2025-10-01,834.0,3,20,128,1335.9648079872131,False Alarm,,1,4,Wednesday
mouse_2,2025-10-01,834.0,3,20,129,1350.4244632720947,False Alarm,,1,1,Wednesday
mouse_2,2025-10-01,834.0,3,20,130,1363.1444141864777,Hit,1.5760662875986782,0,41,Wednesday
mouse_2,2025-10-01,834.0,3,20,131,1373.1083965301514,False Alarm,,1,13,Wednesday
mouse_2,2025-10-01,834.0,3,20,132,1383.3146600723267,False Alarm,,1,1,Wednesday
mouse_2,2025-10-01,834.0,3,20,133,1397.5339534282684,Hit,0.6254104218141947,0,42,Wednesday
mouse_2,2025-10-01,834.0,3,20,134,1406.4976179599762,False Alarm,,1,11,Wednesday
mouse_2,2025-10-01,834.0,3,20,135,1416.704021692276,Hit,0.6844749199119633,0,75,Wednesday
mouse_2,2025-10-01,834.0,3,20,136,1425.408085823059,False Alarm,,1,67,Wednesday
mouse_2,2025-10-01,834.0,3,20,137,1435.62095785141,Hit,0.14391072969874585,0,29,Wednesday
mouse_2,2025-10-01,834.0,3,20,138,1443.5675010681152,False Alarm,,1,6,Wednesday
mouse_2,2025-10-01,834.0,3,20,139,1459.2750663757324,Hit,0.586402807531158,0,77,Wednesday
mouse_2,2025-10-01,834.0,3,20,140,1467.7370121479034,False Alarm,,1,84,Wednesday
mouse_2,2025-10-01,834.0,3,20,141,1477.9437170028687,Hit,0.06668972791544547,0,25,Wednesday
mouse_2,2025-10-01,834.0,3,20,142,1485.9073431491852,Hit,0.9503378180158961,0,41,Wednesday
mouse_2,2025-10-01,834.0,3,20,143,1495.6176998615265,False Alarm,,1,12,Wednesday
mouse_2,2025-10-01,834.0,3,20,144,1505.8239154815674,Hit,1.3937735000208704,0,40,Wednesday
mouse_2,2025-10-01,834.0,3,20,145,1515.0283885002136,False Alarm,,1,16,Wednesday
mouse_2,2025-10-01,834.0,3,20,146,1525.233827829361,False Alarm,,1,5,Wednesday
mouse_2,2025-10-01,834.0,3,20,147,1538.6873655319214,Hit,1.8296175293278338,0,60,Wednesday
mouse_2,2025-10-01,834.0,3,20,148,1549.1370387077332,False Alarm,,1,34,Wednesday
mouse_2,2025-10-01,834.0,3,20,149,1559.3434147834778,Hit,0.32607736008867505,0,35,Wednesday
mouse_2,2025-10-01,834.0,3,20,150,1567.0471754074097,False Alarm,,1,13,Wednesday
mouse_2,2025-10-01,834.0,3,20,151,1577.2436165809631,Hit,0.170521077942567,0,78,Wednesday
mouse_2,2025-10-01,834.0,3,20,152,1584.9470405578613,False Alarm,,1,73,Wednesday
mouse_2,2025-10-01,834.0,3,20,153,1595.1534173488617,Hit,0.8586354617327743,0,34,Wednesday
mouse_2,2025-10-01,834.0,3,20,154,1603.356580734253,False Alarm,,1,9,Wednesday
mouse_2,2025-10-01,834.0,3,20,155,1613.5528590679169,False Alarm,,1,4,Wednesday
mouse_2,2025-10-01,834.0,3,20,156,1625.0130949020386,Hit,1.0431874930636695,0,16,Wednesday
mouse_2,2025-10-01,834.0,3,20,157,1633.7170650959015,Hit,0.5514322973140224,0,26,Wednesday
mouse_2,2025-10-01,834.0,3,20,158,1642.4162094593048,False Alarm,,1,8,Wednesday
mouse_2,2025-10-01,834.0,3,20,159,1657.3716342449188,Hit,0.10167753167570481,0,39,Wednesday
mouse_2,2025-10-01,834.0,3,20,160,1665.0767438411713,False Alarm,,1,8,Wednesday
mouse_2,2025-10-01,834.0,3,20,161,1675.2825968265533,Hit,0.5708220740068555,0,33,Wednesday
mouse_2,2025-10-01,834.0,3,20,162,1683.487102508545,False Alarm,,1,6,Wednesday
mouse_2,2025-10-01,834.0,3,20,163,1693.6924908161163,False Alarm,,1,5,Wednesday
mouse_2,2025-10-01,834.0,3,20,164,1707.1622734069824,False Alarm,,1,9,Wednesday
mouse_2,2025-10-01,834.0,3,20,165,1721.382627248764,False Alarm,,1,8,Wednesday
mouse_2,2025-10-01,834.0,3,20,166,1735.8530390262604,False Alarm,,1,3,Wednesday
mouse_2,2025-10-01,834.0,3,20,167,1749.317397594452,Hit,0.8862477982970631,0,31,Wednesday
mouse_2,2025-10-01,834.0,3,20,168,1757.7751023769379,False Alarm,,1,1,Wednesday
mouse_2,2025-10-01,834.0,3,20,169,1767.9831919670105,Hit,0.3886193346716027,0,33,Wednesday
mouse_2,2025-10-01,834.0,3,20,170,1776.6861412525177,False Alarm,,1,5,Wednesday
mouse_2,2025-10-01,834.0,3,20,171,1786.9020946025848,Hit (Calc),2.47940594006468,0,5,Wednesday
mouse_2,2025-10-01,834.0,3,20,172,1796.8664500713348,Miss,,0,0,Wednesday
mouse_2,2025-10-02,1500.0,0,-1,-1,,No Trial,,0,0,Thursday
mouse_2,2025-10-03,1500.0,0,-1,-1,,No Trial,,0,0,Friday
mouse_2,2025-10-04,1500.0,0,-1,-1,,No Trial,,0,0,Saturday
mouse_2,2025-10-05,1500.0,3,21,1,0.36241698265075684,Miss,,0,8,Sunday
mouse_2,2025-10-05,1500.0,3,21,2,11.563923120498657,False Alarm,,1,4,Sunday
mouse_2,2025-10-05,1500.0,3,21,3,21.78091835975647,Hit,1.3403936408903654,0,46,Sunday
mouse_2,2025-10-05,1500.0,3,21,4,32.234049797058105,False Alarm,,1,17,Sunday
mouse_2,2025-10-05,1500.0,3,21,5,42.4509551525116,Hit,0.7642078669130754,0,36,Sunday
mouse_2,2025-10-05,1500.0,3,21,6,50.66370368003845,False Alarm,,1,6,Sunday
mouse_2,2025-10-05,1500.0,3,21,7,60.870460987091064,Hit,0.6728117466284544,0,42,Sunday
mouse_2,2025-10-05,1500.0,3,21,8,69.08417749404907,False Alarm,,1,17,Sunday
mouse_2,2025-10-05,1500.0,3,21,9,79.28893494606018,False Alarm,,1,4,Sunday
mouse_2,2025-10-05,1500.0,3,21,10,92.5105836391449,Hit,0.5830698710506255,0,27,Sunday
mouse_2,2025-10-05,1500.0,3,21,11,101.72426223754883,Hit,1.2021223287381986,0,29,Sunday
mouse_2,2025-10-05,1500.0,3,21,12,110.92341136932373,Hit,1.7535883825212863,0,13,Sunday
mouse_2,2025-10-05,1500.0,3,21,13,121.12395763397217,Miss,,0,4,Sunday
mouse_2,2025-10-05,1500.0,3,21,14,131.3245587348938,Hit,0.4216845551847541,0,14,Sunday
mouse_2,2025-10-05,1500.0,3,21,15,139.0365653038025,Hit,0.03685417605581165,0,36,Sunday
mouse_2,2025-10-05,1500.0,3,21,16,147.98424744606018,False Alarm,,1,8,Sunday
mouse_2,2025-10-05,1500.0,3,21,17,158.18999028205872,Hit,2.037264898070106,0,18,Sunday
mouse_2,2025-10-05,1500.0,3,21,18,168.65396189689636,False Alarm,,1,6,Sunday
mouse_2,2025-10-05,1500.0,3,21,19,183.86125993728638,Miss,,0,0,Sunday
mouse_2,2025-10-05,1500.0,3,21,20,194.06386470794678,Miss,,0,0,Sunday
mouse_2,2025-10-05,1500.0,3,21,21,204.51269626617432,Hit,0.5686031352659882,0,16,Sunday
mouse_2,2025-10-05,1500.0,3,21,22,213.96312808990479,False Alarm,,1,4,Sunday
mouse_2,2025-10-05,1500.0,3,21,23,231.66093468666077,Hit,1.6570423395289708,0,19,Sunday
mouse_2,2025-10-05,1500.0,3,21,24,242.1130654811859,Hit,1.0222469074171556,0,22,Sunday
mouse_2,2025-10-05,1500.0,3,21,25,251.5632345676422,Hit,0.002179764085099123,0,14,Sunday
mouse_2,2025-10-05,1500.0,3,21,26,260.01349997520447,Hit,0.5931653121432419,0,34,Sunday
mouse_2,2025-10-05,1500.0,3,21,27,268.7133641242981,False Alarm,,1,10,Sunday
mouse_2,2025-10-05,1500.0,3,21,28,278.9195261001587,False Alarm,,1,7,Sunday
mouse_2,2025-10-05,1500.0,3,21,29,290.1292579174042,False Alarm,,1,3,Sunday
mouse_2,2025-10-05,1500.0,3,21,30,303.8388681411743,Miss,,0,3,Sunday
mouse_2,2025-10-05,1500.0,3,21,31,313.7922444343567,False Alarm,,1,6,Sunday
mouse_2,2025-10-05,1500.0,3,21,32,325.4992344379425,False Alarm,,1,3,Sunday
mouse_2,2025-10-05,1500.0,3,21,33,336.70896220207214,Hit,0.23983641569907377,0,66,Sunday
mouse_2,2025-10-05,1500.0,3,21,34,345.4124004840851,False Alarm,,1,39,Sunday
mouse_2,2025-10-05,1500.0,3,21,35,355.6188383102417,Hit,0.36355323048570654,0,7,Sunday
mouse_2,2025-10-05,1500.0,3,21,36,363.3228416442871,Hit (Calc),2.439535094808946,0,1,Sunday
mouse_2,2025-10-05,1500.0,3,21,37,374.7730646133423,Hit,0.7559639370475111,0,78,Sunday
mouse_2,2025-10-05,1500.0,3,21,38,383.2324962615967,False Alarm,,1,57,Sunday
mouse_2,2025-10-05,1500.0,3,21,39,393.438853263855,False Alarm,,1,3,Sunday
mouse_2,2025-10-05,1500.0,3,21,40,408.40848541259766,Hit,0.4998158375506705,0,38,Sunday
mouse_2,2025-10-05,1500.0,3,21,41,417.86189436912537,False Alarm,,1,9,Sunday
mouse_2,2025-10-05,1500.0,3,21,42,428.0684247016907,Hit,0.37522954932273933,0,19,Sunday
mouse_2,2025-10-05,1500.0,3,21,43,437.02280044555664,Hit,0.5381201888486089,0,78,Sunday
mouse_2,2025-10-05,1500.0,3,21,44,445.97236371040344,False Alarm,,1,64,Sunday
mouse_2,2025-10-05,1500.0,3,21,45,456.1736652851105,Hit,0.4846624252489278,0,20,Sunday
mouse_2,2025-10-05,1500.0,3,21,46,465.6230375766754,Hit,0.8571507569387791,0,26,Sunday
mouse_2,2025-10-05,1500.0,3,21,47,473.8227210044861,Hit,1.3844880183517034,0,75,Sunday
mouse_2,2025-10-05,1500.0,3,21,48,484.2820870876312,False Alarm,,1,77,Sunday
mouse_2,2025-10-05,1500.0,3,21,49,494.4887046813965,Hit,1.4096960024958776,0,14,Sunday
mouse_2,2025-10-05,1500.0,3,21,50,503.94247555732727,False Alarm,,1,12,Sunday
mouse_2,2025-10-05,1500.0,3,21,51,518.6491415500641,False Alarm,,1,17,Sunday
mouse_2,2025-10-05,1500.0,3,21,52,530.3581018447876,False Alarm,,1,14,Sunday
mouse_2,2025-10-05,1500.0,3,21,53,543.5785539150238,False Alarm,,1,5,Sunday
mouse_2,2025-10-05,1500.0,3,21,54,556.7889540195465,Hit,0.5234406704109915,0,78,Sunday
mouse_2,2025-10-05,1500.0,3,21,55,565.7408511638641,False Alarm,,1,56,Sunday
mouse_2,2025-10-05,1500.0,3,21,56,575.9388239383698,Hit,0.38779157096087147,0,36,Sunday
mouse_2,2025-10-05,1500.0,3,21,57,584.6417934894562,False Alarm,,1,10,Sunday
mouse_2,2025-10-05,1500.0,3,21,58,594.8478739261627,False Alarm,,1,7,Sunday
mouse_2,2025-10-05,1500.0,3,21,59,609.3079695701599,Miss,,0,0,Sunday
mouse_2,2025-10-05,1500.0,3,21,60,619.7702851295471,Hit,0.4508451090766812,0,73,Sunday
mouse_2,2025-10-05,1500.0,3,21,61,628.4804165363312,False Alarm,,1,43,Sunday
mouse_2,2025-10-05,1500.0,3,21,62,638.6877138614655,Hit,0.36723798350419656,0,78,Sunday
mouse_2,2025-10-05,1500.0,3,21,63,647.388710975647,False Alarm,,1,102,Sunday
mouse_2,2025-10-05,1500.0,3,21,64,657.5976386070251,False Alarm,,1,11,Sunday
mouse_2,2025-10-05,1500.0,3,21,65,667.7968864440918,Hit,0.420632731194587,0,31,Sunday
mouse_2,2025-10-05,1500.0,3,21,66,675.7507619857788,False Alarm,,1,6,Sunday
mouse_2,2025-10-05,1500.0,3,21,67,685.9670352935791,False Alarm,,1,3,Sunday
mouse_2,2025-10-05,1500.0,3,21,68,697.4189324378967,Hit,0.9221263420861305,0,11,Sunday
mouse_2,2025-10-05,1500.0,3,21,69,705.630984544754,Hit,0.2545358099907844,0,27,Sunday
mouse_2,2025-10-05,1500.0,3,21,70,713.8282134532928,Hit,0.1310511014411304,0,39,Sunday
mouse_2,2025-10-05,1500.0,3,21,71,722.0284824371338,False Alarm,,1,14,Sunday
mouse_2,2025-10-05,1500.0,3,21,72,732.226530790329,False Alarm,,1,4,Sunday
mouse_2,2025-10-05,1500.0,3,21,73,743.9366281032562,Hit,0.9022283687672825,0,11,Sunday
mouse_2,2025-10-05,1500.0,3,21,74,752.1403384208679,False Alarm,,1,5,Sunday
mouse_2,2025-10-05,1500.0,3,21,75,765.8442904949188,False Alarm,,1,6,Sunday
mouse_2,2025-10-05,1500.0,3,21,76,778.5469672679901,False Alarm,,1,7,Sunday
mouse_2,2025-10-05,1500.0,3,21,77,793.2522044181824,Hit,0.39741536883673234,0,52,Sunday
mouse_2,2025-10-05,1500.0,3,21,78,802.7100365161896,False Alarm,,1,23,Sunday
mouse_2,2025-10-05,1500.0,3,21,79,812.9159014225006,False Alarm,,1,3,Sunday
mouse_2,2025-10-05,1500.0,3,21,80,828.1261730194092,Hit (Calc),2.7838632253696005,0,3,Sunday
mouse_2,2025-10-05,1500.0,3,21,81,838.5800018310547,Hit,1.5073612140074601,0,48,Sunday
mouse_2,2025-10-05,1500.0,3,21,82,848.2786073684692,False Alarm,,1,18,Sunday
mouse_2,2025-10-05,1500.0,3,21,83,858.4855020046234,Hit,0.4344611152141624,0,76,Sunday
mouse_2,2025-10-05,1500.0,3,21,84,867.9486560821533,False Alarm,,1,56,Sunday
mouse_2,2025-10-05,1500.0,3,21,85,878.1555626392365,False Alarm,,1,7,Sunday
mouse_2,2025-10-05,1500.0,3,21,86,890.3664562702179,Hit,2.238594424908456,0,36,Sunday
mouse_2,2025-10-05,1500.0,3,21,87,901.3098895549774,False Alarm,,1,8,Sunday
mouse_2,2025-10-05,1500.0,3,21,88,911.5069649219513,Miss,,0,4,Sunday
mouse_2,2025-10-05,1500.0,3,21,89,921.9586923122406,Hit,0.5479308399100091,0,38,Sunday
mouse_2,2025-10-05,1500.0,3,21,90,930.4101009368896,False Alarm,,1,8,Sunday
mouse_2,2025-10-05,1500.0,3,21,91,940.6247961521149,False Alarm,,1,8,Sunday
mouse_2,2025-10-05,1500.0,3,21,92,956.3365592956543,Hit,0.7871931740987748,0,75,Sunday
mouse_2,2025-10-05,1500.0,3,21,93,965.2984051704407,False Alarm,,1,97,Sunday
mouse_2,2025-10-05,1500.0,3,21,94,975.5036146640778,False Alarm,,1,2,Sunday
mouse_2,2025-10-05,1500.0,3,21,95,985.716139793396,Hit,1.1961196895947523,0,46,Sunday
mouse_2,2025-10-05,1500.0,3,21,96,994.1683344841003,False Alarm,,1,20,Sunday
mouse_2,2025-10-05,1500.0,3,21,97,1004.3745498657227,Hit,0.28110775033735536,0,79,Sunday
mouse_2,2025-10-05,1500.0,3,21,98,1012.0784950256348,False Alarm,,1,57,Sunday
mouse_2,2025-10-05,1500.0,3,21,99,1022.2945215702057,Hit,1.5802004300885528,0,24,Sunday
mouse_2,2025-10-05,1500.0,3,21,100,1031.99870967865,Hit,0.7159133762272631,0,64,Sunday
mouse_2,2025-10-05,1500.0,3,21,101,1041.4483859539032,False Alarm,,1,33,Sunday
mouse_2,2025-10-05,1500.0,3,21,102,1051.6549932956696,Hit,0.42319389309091093,0,77,Sunday
mouse_2,2025-10-05,1500.0,3,21,103,1060.6190068721771,False Alarm,,1,76,Sunday
mouse_2,2025-10-05,1500.0,3,21,104,1070.8249485492706,Hit,1.8182118668537441,0,79,Sunday
mouse_2,2025-10-05,1500.0,3,21,105,1081.2879838943481,False Alarm,,1,47,Sunday
mouse_2,2025-10-05,1500.0,3,21,106,1091.4943852424622,Hit,1.5992702854302934,0,49,Sunday
mouse_2,2025-10-05,1500.0,3,21,107,1101.198667049408,False Alarm,,1,23,Sunday
mouse_2,2025-10-05,1500.0,3,21,108,1111.4049713611603,False Alarm,,1,3,Sunday
mouse_2,2025-10-05,1500.0,3,21,109,1122.6247572898865,Hit,0.39091612237325535,0,72,Sunday
mouse_2,2025-10-05,1500.0,3,21,110,1131.0773010253906,False Alarm,,1,44,Sunday
mouse_2,2025-10-05,1500.0,3,21,111,1141.2776622772217,Hit,0.47086439395093294,0,76,Sunday
mouse_2,2025-10-05,1500.0,3,21,112,1150.2289967536926,False Alarm,,1,99,Sunday
mouse_2,2025-10-05,1500.0,3,21,113,1160.4436316490173,False Alarm,,1,3,Sunday
mouse_2,2025-10-05,1500.0,3,21,114,1170.6443300247192,False Alarm,,1,5,Sunday
mouse_2,2025-10-05,1500.0,3,21,115,1185.84898519516,Hit,1.3743675858645474,0,26,Sunday
mouse_2,2025-10-05,1500.0,3,21,116,1194.307765007019,Hit,1.0479026244811394,0,78,Sunday
mouse_2,2025-10-05,1500.0,3,21,117,1202.50754570961,False Alarm,,1,84,Sunday
mouse_2,2025-10-05,1500.0,3,21,118,1212.7135753631592,Hit,0.6139935515670913,0,77,Sunday
mouse_2,2025-10-05,1500.0,3,21,119,1221.6667618751526,False Alarm,,1,48,Sunday
mouse_2,2025-10-05,1500.0,3,21,120,1231.867159128189,Hit,0.6757111934377917,0,28,Sunday
mouse_2,2025-10-05,1500.0,3,21,121,1240.5677030086517,False Alarm,,1,2,Sunday
mouse_2,2025-10-05,1500.0,3,21,122,1254.023722410202,Hit,0.32818158710665557,0,25,Sunday
mouse_2,2025-10-05,1500.0,3,21,123,1262.9873208999634,Hit,0.24849739327987663,0,21,Sunday
mouse_2,2025-10-05,1500.0,3,21,124,1271.696849346161,Hit,0.5884378091275266,0,77,Sunday
mouse_2,2025-10-05,1500.0,3,21,125,1280.1445083618164,False Alarm,,1,56,Sunday
mouse_2,2025-10-05,1500.0,3,21,126,1290.3430061340332,Miss,,0,0,Sunday
mouse_2,2025-10-05,1500.0,3,21,127,1301.8063962459564,Hit,0.6125485052746171,0,25,Sunday
mouse_2,2025-10-05,1500.0,3,21,128,1310.256897687912,Miss,,0,0,Sunday
mouse_2,2025-10-05,1500.0,3,21,129,1320.7058951854706,False Alarm,,1,7,Sunday
mouse_2,2025-10-05,1500.0,3,21,130,1336.662882566452,Hit,0.7236016614408527,0,73,Sunday
mouse_2,2025-10-05,1500.0,3,21,131,1344.6263494491577,False Alarm,,1,48,Sunday
mouse_2,2025-10-05,1500.0,3,21,132,1354.832204580307,Hit,0.46633985787048005,0,20,Sunday
mouse_2,2025-10-05,1500.0,3,21,133,1363.5366389751434,Hit,0.5349419768663211,0,37,Sunday
mouse_2,2025-10-05,1500.0,3,21,134,1372.7471380233765,False Alarm,,1,5,Sunday
mouse_2,2025-10-05,1500.0,3,21,135,1382.9535868167877,Hit,0.22335593311686353,0,32,Sunday
mouse_2,2025-10-05,1500.0,3,21,136,1391.1558530330658,False Alarm,,1,3,Sunday
mouse_2,2025-10-05,1500.0,3,21,137,1401.3619511127472,Hit,0.6423181210177518,0,23,Sunday
mouse_2,2025-10-05,1500.0,3,21,138,1409.3159430027008,Miss,,0,4,Sunday
mouse_2,2025-10-05,1500.0,3,21,139,1419.2754023075104,Hit,1.193643571706616,0,78,Sunday
mouse_2,2025-10-05,1500.0,3,21,140,1427.7260382175446,False Alarm,,1,47,Sunday
mouse_2,2025-10-05,1500.0,3,21,141,1437.9380025863647,Hit,0.2237760975119727,0,13,Sunday
mouse_2,2025-10-05,1500.0,3,21,142,1446.6476488113403,Hit,0.22310406298424823,0,57,Sunday
mouse_2,2025-10-05,1500.0,3,21,143,1456.105392217636,False Alarm,,1,25,Sunday
mouse_2,2025-10-05,1500.0,3,21,144,1466.2965409755707,Hit,1.864729264128755,0,15,Sunday
mouse_2,2025-10-05,1500.0,3,21,145,1476.5028157234192,Miss,,0,1,Sunday
mouse_2,2025-10-05,1500.0,3,21,146,1486.9650382995605,False Alarm,,1,1,Sunday
mouse_2,2025-10-05,1500.0,3,21,147,1500.1817619800568,Hit,1.436542160085537,0,48,Sunday
mouse_2,2025-10-05,1500.0,3,21,148,1510.1338810920715,False Alarm,,1,19,Sunday
mouse_2,2025-10-05,1500.0,3,21,149,1520.3415656089783,Hit,0.8235486744970331,0,29,Sunday
mouse_2,2025-10-05,1500.0,3,21,150,1529.548291683197,Hit,1.4045996760721664,0,26,Sunday
mouse_2,2025-10-05,1500.0,3,21,151,1539.4954495429993,Hit,0.6536732398012646,0,17,Sunday
mouse_2,2025-10-05,1500.0,3,21,152,1547.695247888565,False Alarm,,1,4,Sunday
mouse_2,2025-10-05,1500.0,3,21,153,1559.1615006923676,Hit,0.8281819322687625,0,68,Sunday
mouse_2,2025-10-05,1500.0,3,21,154,1568.875253200531,False Alarm,,1,41,Sunday
mouse_2,2025-10-05,1500.0,3,21,155,1579.0812728404999,Hit,0.5762338160895979,0,6,Sunday
mouse_2,2025-10-05,1500.0,3,21,156,1587.0365166664124,Miss,,0,0,Sunday
mouse_2,2025-10-05,1500.0,3,21,157,1596.7341439723969,Hit,0.22042150631727964,0,35,Sunday
mouse_2,2025-10-05,1500.0,3,21,158,1605.196625471115,False Alarm,,1,7,Sunday
mouse_2,2025-10-05,1500.0,3,21,159,1615.3990941047668,Hit,0.18181467979161425,0,32,Sunday
mouse_2,2025-10-05,1500.0,3,21,160,1624.0956389904022,False Alarm,,1,6,Sunday
mouse_2,2025-10-05,1500.0,3,21,161,1634.2987229824066,False Alarm,,1,3,Sunday
mouse_2,2025-10-05,1500.0,3,21,162,1645.751769542694,Hit,0.4259641325299981,0,31,Sunday
mouse_2,2025-10-05,1500.0,3,21,163,1654.9559848308563,False Alarm,,1,3,Sunday
mouse_2,2025-10-05,1500.0,3,21,164,1665.1611948013306,Hit,0.178735170963364,0,33,Sunday
mouse_2,2025-10-05,1500.0,3,21,165,1673.3645462989807,False Alarm,,1,1,Sunday
mouse_2,2025-10-05,1500.0,3,21,166,1683.5711460113525,False Alarm,,1,5,Sunday
mouse_2,2025-10-05,1500.0,3,21,167,1699.0312175750732,Hit,0.8325113878058801,0,31,Sunday
mouse_2,2025-10-05,1500.0,3,21,168,1707.2317695617676,False Alarm,,1,1,Sunday
mouse_2,2025-10-05,1500.0,3,21,169,1717.44105052948,False Alarm,,1,7,Sunday
mouse_2,2025-10-05,1500.0,3,21,170,1733.1509428024292,Hit,0.5223962017425947,0,30,Sunday
mouse_2,2025-10-05,1500.0,3,21,171,1742.3448116779327,Miss,,0,0,Sunday
mouse_2,2025-10-05,1500.0,3,21,172,1753.5536079406738,Miss,,0,0,Sunday
mouse_2,2025-10-05,1500.0,3,21,173,1764.2544915676117,Hit,0.19902132229162817,0,11,Sunday
mouse_2,2025-10-05,1500.0,3,21,174,1772.4548788070679,Miss,,0,0,Sunday
mouse_2,2025-10-05,1500.0,3,21,175,1782.6538391113281,Miss,,0,0,Sunday
mouse_2,2025-10-05,1500.0,3,21,176,1793.6134889125824,Miss,,0,0,Sunday
mouse_2,2025-10-06,900.0,0,-1,-1,,No Trial,,0,0,Monday
mouse_2,2025-10-07,1020.0,3,22,1,0.39399099349975586,False Alarm,,1,4,Tuesday
mouse_2,2025-10-07,1020.0,3,22,2,11.341776132583618,Hit,0.45960444598100025,0,28,Tuesday
mouse_2,2025-10-07,1020.0,3,22,3,19.551477193832397,False Alarm,,1,4,Tuesday
mouse_2,2025-10-07,1020.0,3,22,4,31.016643524169922,False Alarm,,1,3,Tuesday
mouse_2,2025-10-07,1020.0,3,22,5,41.98701596260071,False Alarm,,1,5,Tuesday
mouse_2,2025-10-07,1020.0,3,22,6,53.9434449672699,Hit,1.6331438742153281,0,24,Tuesday
mouse_2,2025-10-07,1020.0,3,22,7,63.89061188697815,Miss,,0,2,Tuesday
mouse_2,2025-10-07,1020.0,3,22,8,75.08949637413025,False Alarm,,1,2,Tuesday
mouse_2,2025-10-07,1020.0,3,22,9,89.28733444213867,Hit,0.44284425027645113,0,20,Tuesday
mouse_2,2025-10-07,1020.0,3,22,10,98.23993158340454,Hit,1.7565115972220866,0,24,Tuesday
mouse_2,2025-10-07,1020.0,3,22,11,108.19043302536011,Miss,,0,0,Tuesday
mouse_2,2025-10-07,1020.0,3,22,12,119.14916157722473,Hit,0.7676282858304404,0,24,Tuesday
mouse_2,2025-10-07,1020.0,3,22,13,128.09844088554382,Miss,,0,0,Tuesday
mouse_2,2025-10-07,1020.0,3,22,14,139.8010058403015,Hit,0.27911249649110914,0,15,Tuesday
mouse_2,2025-10-07,1020.0,3,22,15,148.5002098083496,Hit,0.13655368168920745,0,33,Tuesday
mouse_2,2025-10-07,1020.0,3,22,16,156.460027217865,False Alarm,,1,4,Tuesday
mouse_2,2025-10-07,1020.0,3,22,17,166.66643404960632,Hit,1.042895171923277,0,25,Tuesday
mouse_2,2025-10-07,1020.0,3,22,18,176.37968230247498,Hit,0.07936944989339167,0,27,Tuesday
mouse_2,2025-10-07,1020.0,3,22,19,184.3398141860962,False Alarm,,1,5,Tuesday
mouse_2,2025-10-07,1020.0,3,22,20,196.2961142063141,False Alarm,,1,3,Tuesday
mouse_2,2025-10-07,1020.0,3,22,21,210.00582218170166,Hit,0.8694227349685946,0,29,Tuesday
mouse_2,2025-10-07,1020.0,3,22,22,218.97027707099915,False Alarm,,1,5,Tuesday
mouse_2,2025-10-07,1020.0,3,22,23,232.67552852630615,Hit,0.5946418827604418,0,38,Tuesday
mouse_2,2025-10-07,1020.0,3,22,24,240.87931990623474,False Alarm,,1,13,Tuesday
mouse_2,2025-10-07,1020.0,3,22,25,251.0783247947693,False Alarm,,1,2,Tuesday
mouse_2,2025-10-07,1020.0,3,22,26,265.2960002422333,False Alarm,,1,4,Tuesday
mouse_2,2025-10-07,1020.0,3,22,27,279.76559233665466,False Alarm,,1,3,Tuesday
mouse_2,2025-10-07,1020.0,3,22,28,290.4770829677582,Hit,0.6012938051891297,0,19,Tuesday
mouse_2,2025-10-07,1020.0,3,22,29,299.93858885765076,Hit,0.45573912558984375,0,26,Tuesday
mouse_2,2025-10-07,1020.0,3,22,30,308.13907957077026,Hit,0.45451229170970464,0,25,Tuesday
mouse_2,2025-10-07,1020.0,3,22,31,316.5890865325928,Hit,0.32355675352647495,0,50,Tuesday
mouse_2,2025-10-07,1020.0,3,22,32,326.0376887321472,False Alarm,,1,21,Tuesday
mouse_2,2025-10-07,1020.0,3,22,33,336.2364857196808,False Alarm,,1,2,Tuesday
mouse_2,2025-10-07,1020.0,3,22,34,349.44688296318054,Hit,0.6227355665502046,0,49,Tuesday
mouse_2,2025-10-07,1020.0,3,22,35,357.6588168144226,False Alarm,,1,20,Tuesday
mouse_2,2025-10-07,1020.0,3,22,36,367.86269068717957,Hit,1.5144789680728081,0,43,Tuesday
mouse_2,2025-10-07,1020.0,3,22,37,378.3280727863312,False Alarm,,1,14,Tuesday
mouse_2,2025-10-07,1020.0,3,22,38,388.53449726104736,Miss,,0,0,Tuesday
mouse_2,2025-10-07,1020.0,3,22,39,398.2478084564209,Hit,0.15924639027218745,0,35,Tuesday
mouse_2,2025-10-07,1020.0,3,22,40,407.4482374191284,False Alarm,,1,12,Tuesday
mouse_2,2025-10-07,1020.0,3,22,41,417.9078481197357,Hit,0.7123440393416445,0,44,Tuesday
mouse_2,2025-10-07,1020.0,3,22,42,426.36842465400696,False Alarm,,1,14,Tuesday
mouse_2,2025-10-07,1020.0,3,22,43,436.5710406303406,Hit,0.43989720319626713,0,37,Tuesday
mouse_2,2025-10-07,1020.0,3,22,44,445.2679452896118,False Alarm,,1,9,Tuesday
mouse_2,2025-10-07,1020.0,3,22,45,455.4700038433075,False Alarm,,1,6,Tuesday
mouse_2,2025-10-07,1020.0,3,22,46,466.43449783325195,Hit,0.46809095728474404,0,74,Tuesday
mouse_2,2025-10-07,1020.0,3,22,47,474.13929319381714,False Alarm,,1,45,Tuesday
mouse_2,2025-10-07,1020.0,3,22,48,484.3442544937134,Hit,1.9901270763348862,0,53,Tuesday
mouse_2,2025-10-07,1020.0,3,22,49,495.298490524292,False Alarm,,1,24,Tuesday
mouse_2,2025-10-07,1020.0,3,22,50,505.5044994354248,Hit,0.9549570443838888,0,50,Tuesday
mouse_2,2025-10-07,1020.0,3,22,51,515.2087812423706,False Alarm,,1,22,Tuesday
mouse_2,2025-10-07,1020.0,3,22,52,525.4083490371704,False Alarm,,1,3,Tuesday
mouse_2,2025-10-07,1020.0,3,22,53,539.3625290393829,Miss,,0,0,Tuesday
mouse_2,2025-10-07,1020.0,3,22,54,550.5644700527191,Hit,1.913827815502259,0,55,Tuesday
mouse_2,2025-10-07,1020.0,3,22,55,560.267608165741,False Alarm,,1,27,Tuesday
mouse_2,2025-10-07,1020.0,3,22,56,570.4741930961609,False Alarm,,1,2,Tuesday
mouse_2,2025-10-07,1020.0,3,22,57,584.1785395145416,Hit,0.0014394182730939065,0,15,Tuesday
mouse_2,2025-10-07,1020.0,3,22,58,593.1288485527039,Hit,0.4537252266326277,0,67,Tuesday
mouse_2,2025-10-07,1020.0,3,22,59,600.8276283740997,False Alarm,,1,36,Tuesday
mouse_2,2025-10-07,1020.0,3,22,60,611.0252177715302,Hit,0.7013205052845706,0,22,Tuesday
mouse_2,2025-10-07,1020.0,3,22,61,620.2367608547211,Hit,1.1748186008805988,0,75,Tuesday
mouse_2,2025-10-07,1020.0,3,22,62,628.6764388084412,False Alarm,,1,68,Tuesday
mouse_2,2025-10-07,1020.0,3,22,63,638.8833808898926,Hit,0.606120168951179,0,14,Tuesday
mouse_2,2025-10-07,1020.0,3,22,64,648.3378171920776,Miss,,0,0,Tuesday
mouse_2,2025-10-07,1020.0,3,22,65,658.7862160205841,Hit,0.961292719267135,0,58,Tuesday
mouse_2,2025-10-07,1020.0,3,22,66,667.4943132400513,False Alarm,,1,30,Tuesday
mouse_2,2025-10-07,1020.0,3,22,67,677.6936860084534,False Alarm,,1,2,Tuesday
mouse_2,2025-10-07,1020.0,3,22,68,690.90278840065,False Alarm,,1,1,Tuesday
mouse_2,2025-10-07,1020.0,3,22,69,702.8622715473175,Hit,0.5271271760479976,0,39,Tuesday
mouse_2,2025-10-07,1020.0,3,22,70,711.8068857192993,False Alarm,,1,10,Tuesday
mouse_2,2025-10-07,1020.0,3,22,71,722.0226089954376,Miss,,0,0,Tuesday
mouse_2,2025-10-07,1020.0,3,22,72,731.7273561954498,Hit,0.4519446210942988,0,14,Tuesday
mouse_2,2025-10-07,1020.0,3,22,73,740.6762609481812,Hit,0.27437173017142413,0,35,Tuesday
mouse_2,2025-10-07,1020.0,3,22,74,748.8767919540405,False Alarm,,1,10,Tuesday
mouse_2,2025-10-07,1020.0,3,22,75,759.0925636291504,False Alarm,,1,3,Tuesday
mouse_2,2025-10-07,1020.0,3,22,76,770.812139749527,Hit,0.4593732101565138,0,18,Tuesday
mouse_2,2025-10-07,1020.0,3,22,77,779.2759525775909,Hit,0.2667724710258881,0,9,Tuesday
mouse_2,2025-10-07,1020.0,3,22,78,787.7358062267303,False Alarm,,1,4,Tuesday
mouse_2,2025-10-07,1020.0,3,22,79,801.9524414539337,Hit,2.0895217635883228,0,44,Tuesday
mouse_2,2025-10-07,1020.0,3,22,80,813.1555197238922,False Alarm,,1,18,Tuesday
mouse_2,2025-10-07,1020.0,3,22,81,823.3519520759583,Hit,0.3370800458105805,0,38,Tuesday
mouse_2,2025-10-07,1020.0,3,22,82,831.2951288223267,False Alarm,,1,8,Tuesday
mouse_2,2025-10-07,1020.0,3,22,83,841.4921910762787,Hit,0.22888413491432402,0,52,Tuesday
mouse_2,2025-10-07,1020.0,3,22,84,849.7062947750092,False Alarm,,1,23,Tuesday
mouse_2,2025-10-07,1020.0,3,22,85,859.913007736206,Hit,0.345570798555741,0,77,Tuesday
mouse_2,2025-10-07,1020.0,3,22,86,869.3748965263367,False Alarm,,1,58,Tuesday
mouse_2,2025-10-07,1020.0,3,22,87,879.5816738605499,Hit,0.3702132786385164,0,25,Tuesday
mouse_2,2025-10-07,1020.0,3,22,88,887.7952425479889,Hit,1.2255928533110136,0,37,Tuesday
mouse_2,2025-10-07,1020.0,3,22,89,896.7458777427673,False Alarm,,1,7,Tuesday
mouse_2,2025-10-07,1020.0,3,22,90,906.9514889717102,Hit,1.653712229871303,0,37,Tuesday
mouse_2,2025-10-07,1020.0,3,22,91,916.4055180549622,False Alarm,,1,8,Tuesday
mouse_2,2025-10-07,1020.0,3,22,92,926.62087225914,Hit,1.2440765349786034,0,79,Tuesday
mouse_2,2025-10-07,1020.0,3,22,93,935.3124339580536,False Alarm,,1,80,Tuesday
mouse_2,2025-10-07,1020.0,3,22,94,945.520975112915,Hit,0.02545811377569862,0,29,Tuesday
mouse_2,2025-10-07,1020.0,3,22,95,954.4857795238495,Hit,0.5925486858164959,0,79,Tuesday
mouse_2,2025-10-07,1020.0,3,22,96,962.934983253479,False Alarm,,1,72,Tuesday
mouse_2,2025-10-07,1020.0,3,22,97,973.1326425075531,Hit,0.39763972801267755,0,74,Tuesday
mouse_2,2025-10-07,1020.0,3,22,98,981.8320035934448,False Alarm,,1,65,Tuesday
mouse_2,2025-10-07,1020.0,3,22,99,992.0265862941742,False Alarm,,1,2,Tuesday
mouse_2,2025-10-07,1020.0,3,22,100,1005.7316873073578,Hit,1.0169059907292421,0,41,Tuesday
mouse_2,2025-10-07,1020.0,3,22,101,1014.1816854476929,False Alarm,,1,15,Tuesday
mouse_2,2025-10-07,1020.0,3,22,102,1024.3907959461212,False Alarm,,1,3,Tuesday
mouse_2,2025-10-07,1020.0,3,22,103,1036.1107423305511,Hit,0.14428637756122953,0,45,Tuesday
mouse_2,2025-10-07,1020.0,3,22,104,1045.3222603797913,False Alarm,,1,15,Tuesday
mouse_2,2025-10-07,1020.0,3,22,105,1055.5205097198486,Miss,,0,0,Tuesday
mouse_2,2025-10-07,1020.0,3,22,106,1065.9738233089447,Hit,1.1453216041516043,0,58,Tuesday
mouse_2,2025-10-07,1020.0,3,22,107,1075.923576116562,False Alarm,,1,27,Tuesday
mouse_2,2025-10-07,1020.0,3,22,108,1086.1203091144562,Miss,,0,0,Tuesday
mouse_2,2025-10-07,1020.0,3,22,109,1096.5835819244385,Hit,0.3742469203307337,0,24,Tuesday
mouse_2,2025-10-07,1020.0,3,22,110,1105.2940804958344,Hit,0.4497060295418578,0,40,Tuesday
mouse_2,2025-10-07,1020.0,3,22,111,1113.0037755966187,False Alarm,,1,12,Tuesday
mouse_2,2025-10-07,1020.0,3,22,112,1123.2023158073425,Miss,,0,2,Tuesday
mouse_2,2025-10-07,1020.0,3,22,113,1134.4026157855988,False Alarm,,1,6,Tuesday
mouse_2,2025-10-07,1020.0,3,22,114,1146.110283613205,False Alarm,,1,4,Tuesday
mouse_2,2025-10-07,1020.0,3,22,115,1159.3108525276184,Hit,1.0681123325139197,0,69,Tuesday
mouse_2,2025-10-07,1020.0,3,22,116,1169.014165878296,False Alarm,,1,39,Tuesday
mouse_2,2025-10-07,1020.0,3,22,117,1179.222600698471,Hit,0.32644709526948645,0,44,Tuesday
mouse_2,2025-10-07,1020.0,3,22,118,1188.1738364696503,False Alarm,,1,18,Tuesday
mouse_2,2025-10-07,1020.0,3,22,119,1198.3800988197327,False Alarm,,1,3,Tuesday
mouse_2,2025-10-07,1020.0,3,22,120,1211.5997405052185,Miss,,0,0,Tuesday
mouse_2,2025-10-07,1020.0,3,22,121,1222.313043832779,Miss,,0,0,Tuesday
mouse_2,2025-10-07,1020.0,3,22,122,1232.262469291687,Hit,1.5360578638506013,0,75,Tuesday
mouse_2,2025-10-07,1020.0,3,22,123,1242.2123503684998,False Alarm,,1,63,Tuesday
mouse_2,2025-10-07,1020.0,3,22,124,1252.4194121360779,Hit,0.40037808157376276,0,21,Tuesday
mouse_2,2025-10-07,1020.0,3,22,125,1261.882838010788,Hit (Calc),2.6701664690242524,0,4,Tuesday
mouse_2,2025-10-07,1020.0,3,22,126,1273.0927474498749,Hit,1.8060973095450663,0,43,Tuesday
mouse_2,2025-10-07,1020.0,3,22,127,1283.552356004715,False Alarm,,1,13,Tuesday
mouse_2,2025-10-07,1020.0,3,22,128,1293.7489731311798,Hit,0.5940869359938006,0,76,Tuesday
mouse_2,2025-10-07,1020.0,3,22,129,1302.9591708183289,False Alarm,,1,48,Tuesday
mouse_2,2025-10-07,1020.0,3,22,130,1313.1588654518127,Hit,0.6362552523612521,0,75,Tuesday
mouse_2,2025-10-07,1020.0,3,22,131,1321.372559785843,False Alarm,,1,56,Tuesday
mouse_2,2025-10-07,1020.0,3,22,132,1331.5790359973907,Hit,0.8119275923477289,0,39,Tuesday
mouse_2,2025-10-07,1020.0,3,22,133,1339.7920889854431,False Alarm,,1,12,Tuesday
mouse_2,2025-10-07,1020.0,3,22,134,1349.9826245307922,Hit,0.3631169059485728,0,45,Tuesday
mouse_2,2025-10-07,1020.0,3,22,135,1359.4423294067383,False Alarm,,1,14,Tuesday
mouse_2,2025-10-07,1020.0,3,22,136,1369.648515701294,Hit,0.6818268605497906,0,76,Tuesday
mouse_2,2025-10-07,1020.0,3,22,137,1378.8525772094727,False Alarm,,1,56,Tuesday
mouse_2,2025-10-07,1020.0,3,22,138,1389.0584344863892,Hit,0.7748450691383368,0,36,Tuesday
mouse_2,2025-10-07,1020.0,3,22,139,1397.2620882987976,False Alarm,,1,6,Tuesday
mouse_2,2025-10-07,1020.0,3,22,140,1407.4682593345642,Hit,0.4778618863745123,0,78,Tuesday
mouse_2,2025-10-07,1020.0,3,22,141,1416.4323456287384,False Alarm,,1,63,Tuesday
mouse_2,2025-10-07,1020.0,3,22,142,1426.638168811798,False Alarm,,1,5,Tuesday
mouse_2,2025-10-07,1020.0,3,22,143,1440.6082537174225,Hit,0.5800325228201473,0,26,Tuesday
mouse_2,2025-10-07,1020.0,3,22,144,1448.821670293808,Hit,2.1856714569050837,0,46,Tuesday
mouse_2,2025-10-07,1020.0,3,22,145,1458.7723107337952,False Alarm,,1,20,Tuesday
mouse_2,2025-10-07,1020.0,3,22,146,1468.9712550640106,False Alarm,,1,2,Tuesday
mouse_2,2025-10-07,1020.0,3,22,147,1482.6689314842224,Miss,,0,0,Tuesday
mouse_2,2025-10-07,1020.0,3,22,148,1492.6114857196808,Hit,0.18091336953557402,0,38,Tuesday
mouse_2,2025-10-07,1020.0,3,22,149,1501.5584437847137,False Alarm,,1,8,Tuesday
mouse_2,2025-10-07,1020.0,3,22,150,1511.761667728424,Miss,,0,0,Tuesday
mouse_2,2025-10-07,1020.0,3,22,151,1522.7207555770874,Miss,,0,0,Tuesday
mouse_2,2025-10-07,1020.0,3,22,152,1532.930631160736,Hit (Calc),2.7833966099635745,0,6,Tuesday
mouse_2,2025-10-07,1020.0,3,22,153,1544.6307880878448,Miss,,0,0,Tuesday
mouse_2,2025-10-07,1020.0,3,22,154,1555.0904831886292,Miss,,0,0,Tuesday
mouse_2,2025-10-07,1020.0,3,22,155,1565.5419902801514,Hit,0.9082855028827908,0,52,Tuesday
mouse_2,2025-10-07,1020.0,3,22,156,1574.9889380931854,False Alarm,,1,22,Tuesday
mouse_2,2025-10-07,1020.0,3,22,157,1585.1877839565277,Miss,,0,0,Tuesday
mouse_2,2025-10-07,1020.0,3,22,158,1595.6510214805603,Miss,,0,0,Tuesday
mouse_2,2025-10-07,1020.0,3,22,159,1605.8515419960022,Hit,2.09775487958359,0,50,Tuesday
mouse_2,2025-10-07,1020.0,3,22,160,1616.5517654418945,False Alarm,,1,20,Tuesday
mouse_2,2025-10-07,1020.0,3,22,161,1626.7478520870209,Hit,0.88357444712301,0,78,Tuesday
mouse_2,2025-10-07,1020.0,3,22,162,1636.698822259903,False Alarm,,1,64,Tuesday
mouse_2,2025-10-07,1020.0,3,22,163,1646.897979259491,Hit,0.4395352086201001,0,19,Tuesday
mouse_2,2025-10-07,1020.0,3,22,164,1654.852571964264,Hit,0.8219403036796393,0,33,Tuesday
mouse_2,2025-10-07,1020.0,3,22,165,1663.0518023967743,False Alarm,,1,9,Tuesday
mouse_2,2025-10-07,1020.0,3,22,166,1673.267748117447,False Alarm,,1,2,Tuesday
mouse_2,2025-10-07,1020.0,3,22,167,1684.9778525829315,Hit,1.718481529981318,0,42,Tuesday
mouse_2,2025-10-07,1020.0,3,22,168,1694.1811106204987,False Alarm,,1,12,Tuesday
mouse_2,2025-10-07,1020.0,3,22,169,1704.3975975513458,Hit,0.09836466182468939,0,56,Tuesday
mouse_2,2025-10-07,1020.0,3,22,170,1713.610722541809,False Alarm,,1,26,Tuesday
mouse_2,2025-10-07,1020.0,3,22,171,1723.8179445266724,Hit,0.8993161766418325,0,39,Tuesday
mouse_2,2025-10-07,1020.0,3,22,172,1733.2735805511475,False Alarm,,1,10,Tuesday
mouse_2,2025-10-07,1020.0,3,22,173,1743.4814538955688,Hit,0.836035266799172,0,60,Tuesday
mouse_2,2025-10-07,1020.0,3,22,174,1752.6813106536865,False Alarm,,1,35,Tuesday
mouse_2,2025-10-07,1020.0,3,22,175,1762.8973031044006,False Alarm,,1,7,Tuesday
mouse_2,2025-10-07,1020.0,3,22,176,1773.1126954555511,False Alarm,,1,6,Tuesday
mouse_2,2025-10-07,1020.0,3,22,177,1784.809231042862,False Alarm,,1,3,Tuesday
mouse_2,2025-10-07,1020.0,3,22,178,1796.0176978111267,Miss,,0,0,Tuesday
mouse_2,2025-10-08,1020.0,3,23,1,0.3860290050506592,Hit,0.5158684036115337,0,35,Wednesday
mouse_2,2025-10-08,1020.0,3,23,2,10.082960844039917,False Alarm,,1,14,Wednesday
mouse_2,2025-10-08,1020.0,3,23,3,20.289358615875244,False Alarm,,1,9,Wednesday
mouse_2,2025-10-08,1020.0,3,23,4,31.76017999649048,False Alarm,,1,8,Wednesday
mouse_2,2025-10-08,1020.0,3,23,5,42.96950674057007,False Alarm,,1,7,Wednesday
mouse_2,2025-10-08,1020.0,3,23,6,56.92204427719116,False Alarm,,1,2,Wednesday
mouse_2,2025-10-08,1020.0,3,23,7,68.14012885093689,Hit,0.3444210126213818,0,14,Wednesday
mouse_2,2025-10-08,1020.0,3,23,8,76.35510969161987,Hit,1.2060069247018106,0,38,Wednesday
mouse_2,2025-10-08,1020.0,3,23,9,86.30297470092773,False Alarm,,1,10,Wednesday
mouse_2,2025-10-08,1020.0,3,23,10,96.50311756134033,False Alarm,,1,2,Wednesday
mouse_2,2025-10-08,1020.0,3,23,11,109.45307326316833,Miss,,0,0,Wednesday
mouse_2,2025-10-08,1020.0,3,23,12,120.15258240699768,Hit,0.5077552108243992,0,65,Wednesday
mouse_2,2025-10-08,1020.0,3,23,13,128.60368490219116,False Alarm,,1,40,Wednesday
mouse_2,2025-10-08,1020.0,3,23,14,138.80907464027405,Hit,0.6078444470972499,0,37,Wednesday
mouse_2,2025-10-08,1020.0,3,23,15,146.7623209953308,False Alarm,,1,8,Wednesday
mouse_2,2025-10-08,1020.0,3,23,16,156.97440338134766,Hit,0.8064752986801409,0,53,Wednesday
mouse_2,2025-10-08,1020.0,3,23,17,165.17208766937256,False Alarm,,1,22,Wednesday
mouse_2,2025-10-08,1020.0,3,23,18,175.38635635375977,Hit,1.687596952309832,0,73,Wednesday
mouse_2,2025-10-08,1020.0,3,23,19,184.34265780448914,False Alarm,,1,56,Wednesday
mouse_2,2025-10-08,1020.0,3,23,20,194.55853509902954,Miss,,0,4,Wednesday
mouse_2,2025-10-08,1020.0,3,23,21,204.7616286277771,False Alarm,,1,10,Wednesday
mouse_2,2025-10-08,1020.0,3,23,22,219.46881699562073,False Alarm,,1,7,Wednesday
mouse_2,2025-10-08,1020.0,3,23,23,233.17836785316467,False Alarm,,1,4,Wednesday
mouse_2,2025-10-08,1020.0,3,23,24,243.89850068092346,Hit,1.2056279732562132,0,31,Wednesday
mouse_2,2025-10-08,1020.0,3,23,25,252.86166644096375,False Alarm,,1,8,Wednesday
mouse_2,2025-10-08,1020.0,3,23,26,263.0596959590912,Hit,0.2937159125116864,0,35,Wednesday
mouse_2,2025-10-08,1020.0,3,23,27,270.5212643146515,False Alarm,,1,7,Wednesday
mouse_2,2025-10-08,1020.0,3,23,28,280.72823882102966,False Alarm,,1,2,Wednesday
mouse_2,2025-10-08,1020.0,3,23,29,294.4389765262604,Hit,0.11987401164537914,0,36,Wednesday
mouse_2,2025-10-08,1020.0,3,23,30,303.14222407341003,False Alarm,,1,7,Wednesday
mouse_2,2025-10-08,1020.0,3,23,31,313.35764026641846,Miss,,0,4,Wednesday
mouse_2,2025-10-08,1020.0,3,23,32,323.5611083507538,Hit,0.6353395387531009,0,32,Wednesday
mouse_2,2025-10-08,1020.0,3,23,33,331.26177501678467,False Alarm,,1,3,Wednesday
mouse_2,2025-10-08,1020.0,3,23,34,341.47855496406555,Hit,0.448938928566065,0,6,Wednesday
mouse_2,2025-10-08,1020.0,3,23,35,350.44169211387634,Miss,,0,0,Wednesday
mouse_2,2025-10-08,1020.0,3,23,36,360.9012017250061,Hit,0.7724943495414323,0,41,Wednesday
mouse_2,2025-10-08,1020.0,3,23,37,369.6109211444855,False Alarm,,1,12,Wednesday
mouse_2,2025-10-08,1020.0,3,23,38,379.8092324733734,Hit,0.9479502794237646,0,71,Wednesday
mouse_2,2025-10-08,1020.0,3,23,39,389.51120471954346,False Alarm,,1,45,Wednesday
mouse_2,2025-10-08,1020.0,3,23,40,399.71772170066833,False Alarm,,1,5,Wednesday
mouse_2,2025-10-08,1020.0,3,23,41,411.9387547969818,Hit,0.4808224798717333,0,77,Wednesday
mouse_2,2025-10-08,1020.0,3,23,42,419.89123940467834,False Alarm,,1,64,Wednesday
mouse_2,2025-10-08,1020.0,3,23,43,430.1070673465729,False Alarm,,1,3,Wednesday
mouse_2,2025-10-08,1020.0,3,23,44,441.328200340271,Hit,0.023018465891027518,0,78,Wednesday
mouse_2,2025-10-08,1020.0,3,23,45,450.2915213108063,False Alarm,,1,67,Wednesday
mouse_2,2025-10-08,1020.0,3,23,46,460.49734234809875,False Alarm,,1,5,Wednesday
mouse_2,2025-10-08,1020.0,3,23,47,473.95786905288696,False Alarm,,1,3,Wednesday
mouse_2,2025-10-08,1020.0,3,23,48,486.16877722740173,False Alarm,,1,8,Wednesday
mouse_2,2025-10-08,1020.0,3,23,49,499.12735080718994,Hit,0.2375484337068201,0,23,Wednesday
mouse_2,2025-10-08,1020.0,3,23,50,506.5816025733948,False Alarm,,1,3,Wednesday
mouse_2,2025-10-08,1020.0,3,23,51,517.5372793674469,Hit,0.39098680116694595,0,75,Wednesday
mouse_2,2025-10-08,1020.0,3,23,52,526.2391028404236,False Alarm,,1,49,Wednesday
mouse_2,2025-10-08,1020.0,3,23,53,536.4331119060516,False Alarm,,1,1,Wednesday
mouse_2,2025-10-08,1020.0,3,23,54,549.3969714641571,Hit,0.9303679935948139,0,46,Wednesday
mouse_2,2025-10-08,1020.0,3,23,55,557.6105930805206,False Alarm,,1,21,Wednesday
mouse_2,2025-10-08,1020.0,3,23,56,567.8066844940186,Hit,0.27318126643444884,0,58,Wednesday
mouse_2,2025-10-08,1020.0,3,23,57,575.5109052658081,False Alarm,,1,29,Wednesday
mouse_2,2025-10-08,1020.0,3,23,58,585.7167899608612,Hit,0.14679709742961222,0,75,Wednesday
mouse_2,2025-10-08,1020.0,3,23,59,594.6802711486816,False Alarm,,1,45,Wednesday
mouse_2,2025-10-08,1020.0,3,23,60,604.8865280151367,Hit,0.7517499922468005,0,53,Wednesday
mouse_2,2025-10-08,1020.0,3,23,61,614.3498826026917,False Alarm,,1,25,Wednesday
mouse_2,2025-10-08,1020.0,3,23,62,624.556473493576,Hit,0.9494668841010707,0,42,Wednesday
mouse_2,2025-10-08,1020.0,3,23,63,633.009439945221,False Alarm,,1,14,Wednesday
mouse_2,2025-10-08,1020.0,3,23,64,643.2162704467773,False Alarm,,1,4,Wednesday
mouse_2,2025-10-08,1020.0,3,23,65,655.6865937709808,False Alarm,,1,2,Wednesday
mouse_2,2025-10-08,1020.0,3,23,66,667.896281003952,Miss,,0,0,Wednesday
mouse_2,2025-10-08,1020.0,3,23,67,678.6094555854797,Hit,1.996076175928124,0,45,Wednesday
mouse_2,2025-10-08,1020.0,3,23,68,689.5595464706421,False Alarm,,1,16,Wednesday
mouse_2,2025-10-08,1020.0,3,23,69,699.7757232189178,Miss,,0,0,Wednesday
mouse_2,2025-10-08,1020.0,3,23,70,709.4788162708282,Miss,,0,0,Wednesday
mouse_2,2025-10-08,1020.0,3,23,71,719.6802268028259,Hit,0.28551745132733686,0,78,Wednesday
mouse_2,2025-10-08,1020.0,3,23,72,728.1298968791962,False Alarm,,1,70,Wednesday
mouse_2,2025-10-08,1020.0,3,23,73,738.3353536128998,Miss,,0,0,Wednesday
mouse_2,2025-10-08,1020.0,3,23,74,748.8000254631042,Miss,,0,7,Wednesday
mouse_2,2025-10-08,1020.0,3,23,75,759.0080342292786,False Alarm,,1,3,Wednesday
mouse_2,2025-10-08,1020.0,3,23,76,769.4559576511383,Hit,2.1090159591866495,0,39,Wednesday
mouse_2,2025-10-08,1020.0,3,23,77,779.168622970581,False Alarm,,1,15,Wednesday
mouse_2,2025-10-08,1020.0,3,23,78,789.3749570846558,False Alarm,,1,5,Wednesday
mouse_2,2025-10-08,1020.0,3,23,79,802.3351981639862,Miss,,0,0,Wednesday
mouse_2,2025-10-08,1020.0,3,23,80,812.0475943088531,Hit,1.0086099332816048,0,80,Wednesday
mouse_2,2025-10-08,1020.0,3,23,81,820.7580206394196,False Alarm,,1,57,Wednesday
mouse_2,2025-10-08,1020.0,3,23,82,830.9645874500275,Hit,0.5084168030170986,0,28,Wednesday
mouse_2,2025-10-08,1020.0,3,23,83,839.1782169342041,Hit,2.2016143609465644,0,39,Wednesday
mouse_2,2025-10-08,1020.0,3,23,84,849.6277422904968,False Alarm,,1,12,Wednesday
mouse_2,2025-10-08,1020.0,3,23,85,859.8297972679138,False Alarm,,1,3,Wednesday
mouse_2,2025-10-08,1020.0,3,23,86,871.7862508296967,Hit,1.423889309798028,0,67,Wednesday
mouse_2,2025-10-08,1020.0,3,23,87,881.2485871315002,False Alarm,,1,44,Wednesday
mouse_2,2025-10-08,1020.0,3,23,88,891.4543995857239,False Alarm,,1,2,Wednesday
mouse_2,2025-10-08,1020.0,3,23,89,906.1642699241638,Hit,1.8575134533676874,0,51,Wednesday
mouse_2,2025-10-08,1020.0,3,23,90,915.877904176712,False Alarm,,1,21,Wednesday
mouse_2,2025-10-08,1020.0,3,23,91,926.0831813812256,Hit,0.28738932925864447,0,38,Wednesday
mouse_2,2025-10-08,1020.0,3,23,92,935.2872958183289,False Alarm,,1,10,Wednesday
mouse_2,2025-10-08,1020.0,3,23,93,945.4873843193054,False Alarm,,1,5,Wednesday
mouse_2,2025-10-08,1020.0,3,23,94,959.4440751075745,Hit,0.41587359210222985,0,66,Wednesday
mouse_2,2025-10-08,1020.0,3,23,95,967.4082932472229,False Alarm,,1,37,Wednesday
mouse_2,2025-10-08,1020.0,3,23,96,977.6132388114929,Hit,0.5881188878098556,0,64,Wednesday
mouse_2,2025-10-08,1020.0,3,23,97,985.8169691562653,False Alarm,,1,35,Wednesday
mouse_2,2025-10-08,1020.0,3,23,98,996.0160093307495,Hit,0.20143329708264446,0,34,Wednesday
mouse_2,2025-10-08,1020.0,3,23,99,1004.4769690036774,False Alarm,,1,5,Wednesday
mouse_2,2025-10-08,1020.0,3,23,100,1014.6841797828674,Hit,0.35255123369393004,0,71,Wednesday
mouse_2,2025-10-08,1020.0,3,23,101,1023.1372735500336,False Alarm,,1,71,Wednesday
mouse_2,2025-10-08,1020.0,3,23,102,1033.3333723545074,False Alarm,,1,13,Wednesday
mouse_2,2025-10-08,1020.0,3,23,103,1047.2935194969177,False Alarm,,1,7,Wednesday
mouse_2,2025-10-08,1020.0,3,23,104,1061.513664484024,Hit,0.5033849721733077,0,66,Wednesday
mouse_2,2025-10-08,1020.0,3,23,105,1069.4663910865784,False Alarm,,1,34,Wednesday
mouse_2,2025-10-08,1020.0,3,23,106,1079.663411140442,Hit,2.0645129034630827,0,33,Wednesday
mouse_2,2025-10-08,1020.0,3,23,107,1089.3761146068573,False Alarm,,1,3,Wednesday
mouse_2,2025-10-08,1020.0,3,23,108,1099.5730197429657,Hit,0.350380673919517,0,48,Wednesday
mouse_2,2025-10-08,1020.0,3,23,109,1108.0260560512543,False Alarm,,1,17,Wednesday
mouse_2,2025-10-08,1020.0,3,23,110,1118.232877254486,Hit,0.39001977655084374,0,73,Wednesday
mouse_2,2025-10-08,1020.0,3,23,111,1127.1984696388245,False Alarm,,1,45,Wednesday
mouse_2,2025-10-08,1020.0,3,23,112,1137.4028339385986,Miss,,0,0,Wednesday
mouse_2,2025-10-08,1020.0,3,23,113,1148.5972890853882,Hit,0.936162799740714,0,34,Wednesday
mouse_2,2025-10-08,1020.0,3,23,114,1158.2959101200104,False Alarm,,1,10,Wednesday
mouse_2,2025-10-08,1020.0,3,23,115,1168.502745628357,Hit,0.4202397978674526,0,77,Wednesday
mouse_2,2025-10-08,1020.0,3,23,116,1176.2065756320953,False Alarm,,1,51,Wednesday
mouse_2,2025-10-08,1020.0,3,23,117,1186.4059150218964,Hit,0.30840733264881237,0,36,Wednesday
mouse_2,2025-10-08,1020.0,3,23,118,1194.366376399994,False Alarm,,1,8,Wednesday
mouse_2,2025-10-08,1020.0,3,23,119,1204.572936296463,Hit,0.6018268753464326,0,22,Wednesday
mouse_2,2025-10-08,1020.0,3,23,120,1212.52619099617,Hit,1.1663378642124371,0,79,Wednesday
mouse_2,2025-10-08,1020.0,3,23,121,1220.9752655029297,False Alarm,,1,81,Wednesday
mouse_2,2025-10-08,1020.0,3,23,122,1231.1822214126587,Hit,0.39737406785229723,0,25,Wednesday
mouse_2,2025-10-08,1020.0,3,23,123,1239.3765752315521,False Alarm,,1,12,Wednesday
mouse_2,2025-10-08,1020.0,3,23,124,1253.5824012756348,False Alarm,,1,8,Wednesday
mouse_2,2025-10-08,1020.0,3,23,125,1267.2937805652618,Hit,1.5172151535412013,0,14,Wednesday
mouse_2,2025-10-08,1020.0,3,23,126,1276.7465982437134,Hit,0.5766743812498589,0,45,Wednesday
mouse_2,2025-10-08,1020.0,3,23,127,1284.692732334137,False Alarm,,1,19,Wednesday
mouse_2,2025-10-08,1020.0,3,23,128,1294.8855020999908,False Alarm,,1,3,Wednesday
mouse_2,2025-10-08,1020.0,3,23,129,1307.342717885971,Hit,1.0705427352734205,0,37,Wednesday
mouse_2,2025-10-08,1020.0,3,23,130,1317.5450134277344,False Alarm,,1,12,Wednesday
mouse_2,2025-10-08,1020.0,3,23,131,1327.741802930832,False Alarm,,1,5,Wednesday
mouse_2,2025-10-08,1020.0,3,23,132,1338.7063188552856,Hit,0.6780597266035784,0,54,Wednesday
mouse_2,2025-10-08,1020.0,3,23,133,1347.162188053131,False Alarm,,1,28,Wednesday
mouse_2,2025-10-08,1020.0,3,23,134,1357.357059955597,False Alarm,,1,5,Wednesday
mouse_2,2025-10-08,1020.0,3,23,135,1370.827335357666,Hit,0.5434557114738254,0,38,Wednesday
mouse_2,2025-10-08,1020.0,3,23,136,1380.0256960391998,False Alarm,,1,9,Wednesday
mouse_2,2025-10-08,1020.0,3,23,137,1390.242472410202,Hit,1.0054553019660943,0,47,Wednesday
mouse_2,2025-10-08,1020.0,3,23,138,1400.2046506404877,False Alarm,,1,19,Wednesday
mouse_2,2025-10-08,1020.0,3,23,139,1410.4112477302551,Hit,0.3618841209624861,0,49,Wednesday
mouse_2,2025-10-08,1020.0,3,23,140,1418.3743715286255,False Alarm,,1,22,Wednesday
mouse_2,2025-10-08,1020.0,3,23,141,1428.574367761612,False Alarm,,1,4,Wednesday
mouse_2,2025-10-08,1020.0,3,23,142,1441.2811415195465,Hit,0.2980104715152265,0,33,Wednesday
mouse_2,2025-10-08,1020.0,3,23,143,1450.4841539859772,False Alarm,,1,6,Wednesday
mouse_2,2025-10-08,1020.0,3,23,144,1460.6731407642365,False Alarm,,1,5,Wednesday
mouse_2,2025-10-08,1020.0,3,23,145,1472.3736102581024,False Alarm,,1,3,Wednesday
mouse_2,2025-10-08,1020.0,3,23,146,1485.8405423164368,Hit,1.2719180123340266,0,43,Wednesday
mouse_2,2025-10-08,1020.0,3,23,147,1494.5448696613312,False Alarm,,1,18,Wednesday
mouse_2,2025-10-08,1020.0,3,23,148,1504.7530896663666,False Alarm,,1,6,Wednesday
mouse_2,2025-10-08,1020.0,3,23,149,1518.2111756801605,False Alarm,,1,4,Wednesday
mouse_2,2025-10-08,1020.0,3,23,150,1532.172729730606,False Alarm,,1,2,Wednesday
mouse_2,2025-10-08,1020.0,3,23,151,1545.6309604644775,Hit,0.3913169622996975,0,33,Wednesday
mouse_2,2025-10-08,1020.0,3,23,152,1553.8447341918945,False Alarm,,1,7,Wednesday
mouse_2,2025-10-08,1020.0,3,23,153,1564.0430879592896,False Alarm,,1,6,Wednesday
mouse_2,2025-10-08,1020.0,3,23,154,1578.001378774643,False Alarm,,1,5,Wednesday
mouse_2,2025-10-08,1020.0,3,23,155,1590.9581234455109,False Alarm,,1,5,Wednesday
mouse_2,2025-10-08,1020.0,3,23,156,1602.6628544330597,False Alarm,,1,5,Wednesday
mouse_2,2025-10-08,1020.0,3,23,157,1616.1242599487305,False Alarm,,1,2,Wednesday
mouse_2,2025-10-08,1020.0,3,23,158,1629.8415257930756,Hit,1.8060168674262513,0,50,Wednesday
mouse_2,2025-10-08,1020.0,3,23,159,1638.8027272224426,False Alarm,,1,23,Wednesday
mouse_2,2025-10-08,1020.0,3,23,160,1649.001493692398,False Alarm,,1,4,Wednesday
mouse_2,2025-10-08,1020.0,3,23,161,1661.9616208076477,Hit,0.7481020390937374,0,40,Wednesday
mouse_2,2025-10-08,1020.0,3,23,162,1669.9130618572235,False Alarm,,1,13,Wednesday
mouse_2,2025-10-08,1020.0,3,23,163,1680.1110286712646,Hit,0.13504287662271963,0,74,Wednesday
mouse_2,2025-10-08,1020.0,3,23,164,1688.074455499649,False Alarm,,1,54,Wednesday
mouse_2,2025-10-08,1020.0,3,23,165,1698.280962228775,Hit,0.09590471366482234,0,31,Wednesday
mouse_2,2025-10-08,1020.0,3,23,166,1706.985379934311,False Alarm,,1,2,Wednesday
mouse_2,2025-10-08,1020.0,3,23,167,1717.200665473938,Hit,0.22541351100403517,0,64,Wednesday
mouse_2,2025-10-08,1020.0,3,23,168,1725.41090798378,False Alarm,,1,34,Wednesday
mouse_2,2025-10-08,1020.0,3,23,169,1735.620944261551,Hit,0.721525047803425,0,40,Wednesday
mouse_2,2025-10-08,1020.0,3,23,170,1745.07497382164,False Alarm,,1,16,Wednesday
mouse_2,2025-10-08,1020.0,3,23,171,1755.2807557582855,False Alarm,,1,5,Wednesday
mouse_2,2025-10-08,1020.0,3,23,172,1766.7463731765747,Hit,0.011787274559083016,0,65,Wednesday
mouse_2,2025-10-08,1020.0,3,23,173,1775.9539840221405,False Alarm,,1,33,Wednesday
mouse_2,2025-10-08,1020.0,3,23,174,1786.1601853370667,Hit,0.7840406567331684,0,54,Wednesday
mouse_2,2025-10-08,1020.0,3,23,175,1794.864272594452,False Alarm,,1,26,Wednesday
mouse_2,2025-10-08,1020.0,3,23,176,1805.079916715622,Miss,,0,0,Wednesday
mouse_2,2025-10-09,0.0,3,24,1,0.37865185737609863,Miss,,0,7,Thursday
mouse_2,2025-10-09,0.0,3,24,2,11.07802152633667,False Alarm,,1,3,Thursday
mouse_2,2025-10-09,0.0,3,24,3,21.52261996269226,Hit,0.32300278888779843,0,20,Thursday
mouse_2,2025-10-09,0.0,3,24,4,30.728780031204224,Hit,0.6547209456834437,0,44,Thursday
mouse_2,2025-10-09,0.0,3,24,5,40.43819212913513,False Alarm,,1,16,Thursday
mouse_2,2025-10-09,0.0,3,24,6,50.644672870635986,False Alarm,,1,2,Thursday
mouse_2,2025-10-09,0.0,3,24,7,62.35720229148865,Miss,,0,0,Thursday
mouse_2,2025-10-09,0.0,3,24,8,72.31661081314087,Miss,,0,0,Thursday
mouse_2,2025-10-09,0.0,3,24,9,83.01737141609192,Hit,0.7513780925160916,0,41,Thursday
mouse_2,2025-10-09,0.0,3,24,10,92.47752022743225,False Alarm,,1,16,Thursday
mouse_2,2025-10-09,0.0,3,24,11,102.6757423877716,False Alarm,,1,5,Thursday
mouse_2,2025-10-09,0.0,3,24,12,113.89486622810364,Hit,1.1408290311827187,0,35,Thursday
mouse_2,2025-10-09,0.0,3,24,13,122.85734105110168,False Alarm,,1,5,Thursday
mouse_2,2025-10-09,0.0,3,24,14,133.06384944915771,Miss,,0,1,Thursday
mouse_2,2025-10-09,0.0,3,24,15,142.77780723571777,False Alarm,,1,1,Thursday
mouse_2,2025-10-09,0.0,3,24,16,156.2343258857727,Miss,,0,0,Thursday
mouse_2,2025-10-09,0.0,3,24,17,167.19771790504456,Miss,,0,0,Thursday
mouse_2,2025-10-09,0.0,3,24,18,177.14817237854004,Hit,0.7678467660376782,0,35,Thursday
mouse_2,2025-10-09,0.0,3,24,19,185.3470287322998,False Alarm,,1,6,Thursday
mouse_2,2025-10-09,0.0,3,24,20,195.56276321411133,Hit,0.6813106223851548,0,33,Thursday
mouse_2,2025-10-09,0.0,3,24,21,204.26688027381897,False Alarm,,1,6,Thursday
mouse_2,2025-10-09,0.0,3,24,22,214.47332239151,Miss,,0,0,Thursday
mouse_2,2025-10-09,0.0,3,24,23,225.68754410743713,Miss,,0,0,Thursday
mouse_2,2025-10-09,0.0,3,24,24,235.6355414390564,Hit,0.45418761407034935,0,30,Thursday
mouse_2,2025-10-09,0.0,3,24,25,244.0966157913208,False Alarm,,1,4,Thursday
mouse_2,2025-10-09,0.0,3,24,26,254.29962515830994,Hit,0.05017675162969226,0,60,Thursday
mouse_2,2025-10-09,0.0,3,24,27,263.5057532787323,False Alarm,,1,29,Thursday
mouse_2,2025-10-09,0.0,3,24,28,273.71351766586304,Hit,0.19855481030896271,0,56,Thursday
mouse_2,2025-10-09,0.0,3,24,29,282.91761922836304,False Alarm,,1,29,Thursday
mouse_2,2025-10-09,0.0,3,24,30,293.12319684028625,Hit,0.5646504727824322,0,57,Thursday
mouse_2,2025-10-09,0.0,3,24,31,301.086314201355,False Alarm,,1,26,Thursday
mouse_2,2025-10-09,0.0,3,24,32,311.28529357910156,Hit,0.9097674368613298,0,50,Thursday
mouse_2,2025-10-09,0.0,3,24,33,320.2365357875824,False Alarm,,1,27,Thursday
mouse_2,2025-10-09,0.0,3,24,34,330.44293189048767,Hit,0.5278483232049211,0,32,Thursday
mouse_2,2025-10-09,0.0,3,24,35,338.3954541683197,False Alarm,,1,6,Thursday
mouse_2,2025-10-09,0.0,3,24,36,348.6019263267517,False Alarm,,1,4,Thursday
mouse_2,2025-10-09,0.0,3,24,37,360.5627043247223,Hit,0.1480725419367559,0,73,Thursday
mouse_2,2025-10-09,0.0,3,24,38,369.51555275917053,False Alarm,,1,56,Thursday
mouse_2,2025-10-09,0.0,3,24,39,379.7073986530304,Hit,1.3011555803515762,0,59,Thursday
mouse_2,2025-10-09,0.0,3,24,40,388.4060392379761,False Alarm,,1,30,Thursday
mouse_2,2025-10-09,0.0,3,24,41,398.61232566833496,Hit,0.36368230326166895,0,67,Thursday
mouse_2,2025-10-09,0.0,3,24,42,406.81693387031555,False Alarm,,1,58,Thursday
mouse_2,2025-10-09,0.0,3,24,43,417.0232071876526,Hit,0.5869066701428096,0,61,Thursday
mouse_2,2025-10-09,0.0,3,24,44,425.22666215896606,False Alarm,,1,34,Thursday
mouse_2,2025-10-09,0.0,3,24,45,435.4282195568085,Hit,1.126682716054063,0,40,Thursday
mouse_2,2025-10-09,0.0,3,24,46,444.3766920566559,False Alarm,,1,18,Thursday
mouse_2,2025-10-09,0.0,3,24,47,454.59309434890747,Hit,0.47113764497692046,0,62,Thursday
mouse_2,2025-10-09,0.0,3,24,48,462.29646348953247,False Alarm,,1,37,Thursday
mouse_2,2025-10-09,0.0,3,24,49,472.50310707092285,False Alarm,,1,6,Thursday
mouse_2,2025-10-09,0.0,3,24,50,483.71275997161865,False Alarm,,1,4,Thursday
mouse_2,2025-10-09,0.0,3,24,51,497.67280745506287,False Alarm,,1,3,Thursday
mouse_2,2025-10-09,0.0,3,24,52,508.8828139305115,Hit,0.5994724599597703,0,75,Thursday
mouse_2,2025-10-09,0.0,3,24,53,517.595386505127,False Alarm,,1,94,Thursday
mouse_2,2025-10-09,0.0,3,24,54,527.8020424842834,False Alarm,,1,9,Thursday
mouse_2,2025-10-09,0.0,3,24,55,538.0125539302826,Hit,1.1586363161158033,0,30,Thursday
mouse_2,2025-10-09,0.0,3,24,56,547.4653768539429,Hit,1.9156612418827308,0,56,Thursday
mouse_2,2025-10-09,0.0,3,24,57,557.415664434433,False Alarm,,1,31,Thursday
mouse_2,2025-10-09,0.0,3,24,58,567.621898651123,False Alarm,,1,4,Thursday
mouse_2,2025-10-09,0.0,3,24,59,581.3323962688446,Hit,0.8986397254832355,0,57,Thursday
mouse_2,2025-10-09,0.0,3,24,60,589.7856070995331,False Alarm,,1,29,Thursday
mouse_2,2025-10-09,0.0,3,24,61,599.9918420314789,Hit,1.0782052562893796,0,53,Thursday
mouse_2,2025-10-09,0.0,3,24,62,608.9425210952759,False Alarm,,1,23,Thursday
mouse_2,2025-10-09,0.0,3,24,63,619.1512606143951,Hit,1.109279819772837,0,33,Thursday
mouse_2,2025-10-09,0.0,3,24,64,627.3556041717529,False Alarm,,1,4,Thursday
mouse_2,2025-10-09,0.0,3,24,65,637.5614924430847,Hit,0.41054554519075737,0,53,Thursday
mouse_2,2025-10-09,0.0,3,24,66,646.7623627185822,False Alarm,,1,21,Thursday
mouse_2,2025-10-09,0.0,3,24,67,656.9613513946533,Hit,0.26928575099771024,0,40,Thursday
mouse_2,2025-10-09,0.0,3,24,68,665.1715323925018,False Alarm,,1,10,Thursday
mouse_2,2025-10-09,0.0,3,24,69,675.3725817203522,Hit,0.35442974396505633,0,56,Thursday
mouse_2,2025-10-09,0.0,3,24,70,684.0746598243713,False Alarm,,1,30,Thursday
mouse_2,2025-10-09,0.0,3,24,71,694.2704172134399,False Alarm,,1,3,Thursday
mouse_2,2025-10-09,0.0,3,24,72,705.4904584884644,Hit,0.01589322372967672,0,30,Thursday
mouse_2,2025-10-09,0.0,3,24,73,714.4531443119049,Hit,0.41553371809243345,0,24,Thursday
mouse_2,2025-10-09,0.0,3,24,74,722.4064176082611,Hit,0.3713343941280982,0,29,Thursday
mouse_2,2025-10-09,0.0,3,24,75,731.6040501594543,Hit,1.5893679732960209,0,49,Thursday
mouse_2,2025-10-09,0.0,3,24,76,740.8040509223938,False Alarm,,1,23,Thursday
mouse_2,2025-10-09,0.0,3,24,77,751.0200252532959,Hit,0.3739174325843351,0,47,Thursday
mouse_2,2025-10-09,0.0,3,24,78,758.972954750061,False Alarm,,1,17,Thursday
mouse_2,2025-10-09,0.0,3,24,79,769.169939994812,Hit,0.8720406113030776,0,61,Thursday
mouse_2,2025-10-09,0.0,3,24,80,778.6221067905426,False Alarm,,1,35,Thursday
mouse_2,2025-10-09,0.0,3,24,81,788.8196966648102,Hit,0.4307415640187173,0,33,Thursday
mouse_2,2025-10-09,0.0,3,24,82,796.7829451560974,False Alarm,,1,6,Thursday
mouse_2,2025-10-09,0.0,3,24,83,806.9896409511566,False Alarm,,1,3,Thursday
mouse_2,2025-10-09,0.0,3,24,84,820.9493193626404,Hit,0.8276640102129704,0,31,Thursday
mouse_2,2025-10-09,0.0,3,24,85,829.6600017547607,False Alarm,,1,3,Thursday
mouse_2,2025-10-09,0.0,3,24,86,839.8688974380493,False Alarm,,1,2,Thursday
mouse_2,2025-10-09,0.0,3,24,87,853.5791339874268,Hit,1.341232029374055,0,41,Thursday
mouse_2,2025-10-09,0.0,3,24,88,862.282012462616,False Alarm,,1,10,Thursday
mouse_2,2025-10-09,0.0,3,24,89,872.4903335571289,Hit,0.1369241984036762,0,75,Thursday
mouse_2,2025-10-09,0.0,3,24,90,881.6917657852173,False Alarm,,1,69,Thursday
mouse_2,2025-10-09,0.0,3,24,91,891.8887197971344,Hit,0.20577542899104628,0,32,Thursday
mouse_2,2025-10-09,0.0,3,24,92,900.602531671524,False Alarm,,1,5,Thursday
mouse_2,2025-10-09,0.0,3,24,93,910.8038942813873,Hit,0.7481311070694119,0,42,Thursday
mouse_2,2025-10-09,0.0,3,24,94,919.0212013721466,False Alarm,,1,10,Thursday
mouse_2,2025-10-09,0.0,3,24,95,929.218076467514,Miss,,0,0,Thursday
mouse_2,2025-10-09,0.0,3,24,96,939.6726040840149,Hit,0.525283324852694,0,74,Thursday
mouse_2,2025-10-09,0.0,3,24,97,948.6217813491821,False Alarm,,1,46,Thursday
mouse_2,2025-10-09,0.0,3,24,98,958.8285760879517,False Alarm,,1,5,Thursday
mouse_2,2025-10-09,0.0,3,24,99,971.0434982776642,False Alarm,,1,3,Thursday
mouse_2,2025-10-09,0.0,3,24,100,984.4924743175507,Hit,0.18965817363448423,0,53,Thursday
mouse_2,2025-10-09,0.0,3,24,101,992.9420936107635,False Alarm,,1,25,Thursday
mouse_2,2025-10-09,0.0,3,24,102,1003.1475460529327,Hit,0.18180313592688435,0,71,Thursday
mouse_2,2025-10-09,0.0,3,24,103,1011.3619527816772,False Alarm,,1,43,Thursday
mouse_2,2025-10-09,0.0,3,24,104,1021.5624544620514,Hit,0.04944574330170326,0,67,Thursday
mouse_2,2025-10-09,0.0,3,24,105,1029.771475315094,False Alarm,,1,47,Thursday
mouse_2,2025-10-09,0.0,3,24,106,1039.9741306304932,Hit,0.26393854958837437,0,22,Thursday
mouse_2,2025-10-09,0.0,3,24,107,1047.671385526657,Hit,0.4399347016365027,0,47,Thursday
mouse_2,2025-10-09,0.0,3,24,108,1055.871334552765,False Alarm,,1,20,Thursday
mouse_2,2025-10-09,0.0,3,24,109,1066.0771157741547,Hit,0.8134389795329753,0,48,Thursday
mouse_2,2025-10-09,0.0,3,24,110,1074.0414867401123,False Alarm,,1,19,Thursday
mouse_2,2025-10-09,0.0,3,24,111,1084.2476110458374,Hit,0.8401163663720581,0,50,Thursday
mouse_2,2025-10-09,0.0,3,24,112,1093.9597508907318,False Alarm,,1,23,Thursday
mouse_2,2025-10-09,0.0,3,24,113,1104.162879705429,False Alarm,,1,3,Thursday
mouse_2,2025-10-09,0.0,3,24,114,1115.862200975418,Hit,0.5347441640049055,0,71,Thursday
mouse_2,2025-10-09,0.0,3,24,115,1124.0698907375336,False Alarm,,1,44,Thursday
mouse_2,2025-10-09,0.0,3,24,116,1134.2761800289154,False Alarm,,1,3,Thursday
mouse_2,2025-10-09,0.0,3,24,117,1146.2364053726196,Hit,0.40907118426412126,0,63,Thursday
mouse_2,2025-10-09,0.0,3,24,118,1154.190670967102,False Alarm,,1,34,Thursday
mouse_2,2025-10-09,0.0,3,24,119,1164.398777961731,Hit,0.5351985037093527,0,75,Thursday
mouse_2,2025-10-09,0.0,3,24,120,1172.5898723602295,False Alarm,,1,47,Thursday
mouse_2,2025-10-09,0.0,3,24,121,1182.79252243042,False Alarm,,1,3,Thursday
mouse_2,2025-10-09,0.0,3,24,122,1201.246630191803,Hit,0.7830982631801362,0,69,Thursday
mouse_2,2025-10-09,0.0,3,24,123,1210.1997365951538,False Alarm,,1,40,Thursday
mouse_2,2025-10-09,0.0,3,24,124,1220.4053869247437,Miss,,0,3,Thursday
mouse_2,2025-10-09,0.0,3,24,125,1231.1184165477753,Hit,0.5768117487320978,0,49,Thursday
mouse_2,2025-10-09,0.0,3,24,126,1239.0684945583344,False Alarm,,1,20,Thursday
mouse_2,2025-10-09,0.0,3,24,127,1249.2750618457794,Hit,0.6533369133430824,0,78,Thursday
mouse_2,2025-10-09,0.0,3,24,128,1257.978614807129,False Alarm,,1,86,Thursday
mouse_2,2025-10-09,0.0,3,24,129,1268.1754748821259,False Alarm,,1,6,Thursday
mouse_2,2025-10-09,0.0,3,24,130,1282.1339585781097,Hit,0.4606575879092816,0,30,Thursday
mouse_2,2025-10-09,0.0,3,24,131,1290.0980472564697,Hit,1.2984897599560554,0,55,Thursday
mouse_2,2025-10-09,0.0,3,24,132,1300.0377912521362,False Alarm,,1,24,Thursday
mouse_2,2025-10-09,0.0,3,24,133,1310.23983335495,Hit,0.6791015067972239,0,44,Thursday
mouse_2,2025-10-09,0.0,3,24,134,1318.6978435516357,False Alarm,,1,15,Thursday
mouse_2,2025-10-09,0.0,3,24,135,1328.9043765068054,False Alarm,,1,2,Thursday
mouse_2,2025-10-09,0.0,3,24,136,1340.3713173866272,Hit,0.3594427341665778,0,33,Thursday
mouse_2,2025-10-09,0.0,3,24,137,1349.567747592926,False Alarm,,1,5,Thursday
mouse_2,2025-10-09,0.0,3,24,138,1359.7642459869385,Hit,0.47174139169601403,0,37,Thursday
mouse_2,2025-10-09,0.0,3,24,139,1367.7280869483948,False Alarm,,1,8,Thursday
mouse_2,2025-10-09,0.0,3,24,140,1377.933969259262,Hit,1.6273906283815904,0,36,Thursday
mouse_2,2025-10-09,0.0,3,24,141,1387.3868870735168,False Alarm,,1,10,Thursday
mouse_2,2025-10-09,0.0,3,24,142,1397.6032736301422,False Alarm,,1,6,Thursday
mouse_2,2025-10-09,0.0,3,24,143,1411.5630385875702,False Alarm,,1,5,Thursday
mouse_2,2025-10-09,0.0,3,24,144,1423.025251865387,Hit,2.143438927585521,0,51,Thursday
mouse_2,2025-10-09,0.0,3,24,145,1433.2270324230194,False Alarm,,1,21,Thursday
mouse_2,2025-10-09,0.0,3,24,146,1443.4424240589142,Hit,0.026498970192051274,0,46,Thursday
mouse_2,2025-10-09,0.0,3,24,147,1452.40678024292,False Alarm,,1,26,Thursday
mouse_2,2025-10-09,0.0,3,24,148,1462.6128566265106,Hit,0.06714864290893274,0,63,Thursday
mouse_2,2025-10-09,0.0,3,24,149,1469.8261725902557,False Alarm,,1,40,Thursday
mouse_2,2025-10-09,0.0,3,24,150,1480.033296585083,False Alarm,,1,13,Thursday
mouse_2,2025-10-09,0.0,3,24,151,1491.2434630393982,False Alarm,,1,6,Thursday
mouse_2,2025-10-09,0.0,3,24,152,1502.7045640945435,False Alarm,,1,9,Thursday
mouse_2,2025-10-09,0.0,3,24,153,1517.6747980117798,False Alarm,,1,6,Thursday
mouse_2,2025-10-09,0.0,3,24,154,1531.1436278820038,Hit,0.5044582677357994,0,52,Thursday
mouse_2,2025-10-09,0.0,3,24,155,1539.0972397327423,False Alarm,,1,26,Thursday
mouse_2,2025-10-09,0.0,3,24,156,1549.3126685619354,False Alarm,,1,6,Thursday
mouse_2,2025-10-09,0.0,3,24,157,1562.5206995010376,False Alarm,,1,5,Thursday
mouse_2,2025-10-09,0.0,3,24,158,1573.9742534160614,False Alarm,,1,4,Thursday
mouse_2,2025-10-09,0.0,3,24,159,1586.6853573322296,Hit,0.7238368227083356,0,57,Thursday
mouse_2,2025-10-09,0.0,3,24,160,1595.1478872299194,False Alarm,,1,30,Thursday
mouse_2,2025-10-09,0.0,3,24,161,1605.3526651859283,False Alarm,,1,3,Thursday
mouse_2,2025-10-09,0.0,3,24,162,1617.3125247955322,Hit,0.4538112967752568,0,19,Thursday
mouse_2,2025-10-09,0.0,3,24,163,1626.2763373851776,Hit,0.05087344041680808,0,68,Thursday
mouse_2,2025-10-09,0.0,3,24,164,1635.228551864624,False Alarm,,1,40,Thursday
mouse_2,2025-10-09,0.0,3,24,165,1645.4325001239777,False Alarm,,1,4,Thursday
mouse_2,2025-10-09,0.0,3,24,166,1659.1425218582153,False Alarm,,1,8,Thursday
mouse_2,2025-10-09,0.0,3,24,167,1671.6066884994507,False Alarm,,1,6,Thursday
mouse_2,2025-10-09,0.0,3,24,168,1684.5703823566437,Hit,0.37144243386615017,0,74,Thursday
mouse_2,2025-10-09,0.0,3,24,169,1692.786076784134,False Alarm,,1,47,Thursday
mouse_2,2025-10-09,0.0,3,24,170,1702.99156332016,Hit,0.39202962935041796,0,15,Thursday
mouse_2,2025-10-09,0.0,3,24,171,1711.1958577632904,Hit,0.7560950178485655,0,68,Thursday
mouse_2,2025-10-09,0.0,3,24,172,1719.6460769176483,False Alarm,,1,39,Thursday
mouse_2,2025-10-09,0.0,3,24,173,1729.8425686359406,False Alarm,,1,6,Thursday
mouse_2,2025-10-09,0.0,3,24,174,1744.8121819496155,Hit,0.33961536730566877,0,67,Thursday
mouse_2,2025-10-09,0.0,3,24,175,1753.514300107956,False Alarm,,1,40,Thursday
mouse_2,2025-10-09,0.0,3,24,176,1763.7024137973785,False Alarm,,1,4,Thursday
mouse_2,2025-10-09,0.0,3,24,177,1775.6625616550446,Hit,1.728385310145768,0,75,Thursday
mouse_2,2025-10-09,0.0,3,24,178,1785.6142537593842,False Alarm,,1,68,Thursday
mouse_2,2025-10-09,0.0,3,24,179,1795.813010931015,Miss,,0,0,Thursday
mouse_2,2025-10-10,1506.0,0,-1,-1,,No Trial,,0,0,Friday
mouse_2,2025-10-11,1500.0,0,-1,-1,,No Trial,,0,0,Saturday
mouse_2,2025-10-12,1098.0,0,-1,-1,,No Trial,,0,0,Sunday
mouse_2,2025-10-13,900.0,0,-1,-1,,No Trial,,0,0,Monday
mouse_2,2025-10-14,996.0,3,25,1,0.38118648529052734,False Alarm,,1,3,Tuesday
mouse_2,2025-10-14,996.0,3,25,2,11.833084106445312,Hit,0.8055101503819131,0,47,Tuesday
mouse_2,2025-10-14,996.0,3,25,3,20.286004304885864,False Alarm,,1,19,Tuesday
mouse_2,2025-10-14,996.0,3,25,4,30.482896089553833,Miss,,0,0,Tuesday
mouse_2,2025-10-14,996.0,3,25,5,41.94592094421387,Hit,0.24488058332818952,0,17,Tuesday
mouse_2,2025-10-14,996.0,3,25,6,51.14621376991272,Miss,,0,2,Tuesday
mouse_2,2025-10-14,996.0,3,25,7,62.59563946723938,Hit,1.6818425662637821,0,27,Tuesday
mouse_2,2025-10-14,996.0,3,25,8,72.29594802856445,False Alarm,,1,1,Tuesday
mouse_2,2025-10-14,996.0,3,25,9,82.49338603019714,Hit,0.9209690609310286,0,47,Tuesday
mouse_2,2025-10-14,996.0,3,25,10,90.95570492744446,False Alarm,,1,20,Tuesday
mouse_2,2025-10-14,996.0,3,25,11,101.15629935264587,Hit,0.4720676200129077,0,45,Tuesday
mouse_2,2025-10-14,996.0,3,25,12,110.35597562789917,False Alarm,,1,23,Tuesday
mouse_2,2025-10-14,996.0,3,25,13,120.56320834159851,False Alarm,,1,8,Tuesday
mouse_2,2025-10-14,996.0,3,25,14,131.771582365036,False Alarm,,1,5,Tuesday
mouse_2,2025-10-14,996.0,3,25,15,142.22411179542542,False Alarm,,1,2,Tuesday
mouse_2,2025-10-14,996.0,3,25,16,154.68264269828796,Hit,0.4927412451265809,0,69,Tuesday
mouse_2,2025-10-14,996.0,3,25,17,162.88510060310364,False Alarm,,1,40,Tuesday
mouse_2,2025-10-14,996.0,3,25,18,173.09177589416504,False Alarm,,1,2,Tuesday
mouse_2,2025-10-14,996.0,3,25,19,186.80377054214478,Hit,0.6452678134292569,0,62,Tuesday
mouse_2,2025-10-14,996.0,3,25,20,195.5065779685974,False Alarm,,1,54,Tuesday
mouse_2,2025-10-14,996.0,3,25,21,205.71142411231995,False Alarm,,1,20,Tuesday
mouse_2,2025-10-14,996.0,3,25,22,217.1817810535431,False Alarm,,1,5,Tuesday
mouse_2,2025-10-14,996.0,3,25,23,231.14122247695923,False Alarm,,1,2,Tuesday
mouse_2,2025-10-14,996.0,3,25,24,245.36247777938843,Hit,0.842083778708627,0,64,Tuesday
mouse_2,2025-10-14,996.0,3,25,25,254.81503796577454,False Alarm,,1,59,Tuesday
mouse_2,2025-10-14,996.0,3,25,26,265.0225045681,Hit,0.3429013084821122,0,40,Tuesday
mouse_2,2025-10-14,996.0,3,25,27,274.46455812454224,False Alarm,,1,21,Tuesday
mouse_2,2025-10-14,996.0,3,25,28,284.6711735725403,False Alarm,,1,7,Tuesday
mouse_2,2025-10-14,996.0,3,25,29,296.3778669834137,Miss,,0,8,Tuesday
mouse_2,2025-10-14,996.0,3,25,30,306.5836443901062,False Alarm,,1,10,Tuesday
mouse_2,2025-10-14,996.0,3,25,31,316.79103326797485,False Alarm,,1,4,Tuesday
mouse_2,2025-10-14,996.0,3,25,32,329.00105381011963,Miss,,0,6,Tuesday
mouse_2,2025-10-14,996.0,3,25,33,338.9539656639099,False Alarm,,1,6,Tuesday
mouse_2,2025-10-14,996.0,3,25,34,351.4106969833374,Hit,0.5695505551752831,0,58,Tuesday
mouse_2,2025-10-14,996.0,3,25,35,359.62482357025146,False Alarm,,1,30,Tuesday
mouse_2,2025-10-14,996.0,3,25,36,369.83154368400574,Hit,0.29219560572903447,0,61,Tuesday
mouse_2,2025-10-14,996.0,3,25,37,378.2848012447357,False Alarm,,1,37,Tuesday
mouse_2,2025-10-14,996.0,3,25,38,388.4911060333252,False Alarm,,1,3,Tuesday
mouse_2,2025-10-14,996.0,3,25,39,399.96004247665405,Miss,,0,8,Tuesday
mouse_2,2025-10-14,996.0,3,25,40,410.1647834777832,False Alarm,,1,9,Tuesday
mouse_2,2025-10-14,996.0,3,25,41,420.63042187690735,Hit,0.2688502811209901,0,44,Tuesday
mouse_2,2025-10-14,996.0,3,25,42,429.0842626094818,False Alarm,,1,15,Tuesday
mouse_2,2025-10-14,996.0,3,25,43,439.290655374527,Hit,1.7288307850557203,0,61,Tuesday
mouse_2,2025-10-14,996.0,3,25,44,449.49441289901733,False Alarm,,1,37,Tuesday
mouse_2,2025-10-14,996.0,3,25,45,459.69624757766724,False Alarm,,1,3,Tuesday
mouse_2,2025-10-14,996.0,3,25,46,471.65511178970337,Hit,0.605733168147367,0,47,Tuesday
mouse_2,2025-10-14,996.0,3,25,47,480.86393547058105,False Alarm,,1,22,Tuesday
mouse_2,2025-10-14,996.0,3,25,48,491.0698928833008,False Alarm,,1,4,Tuesday
mouse_2,2025-10-14,996.0,3,25,49,502.2808277606964,Hit,0.9456570624526535,0,25,Tuesday
mouse_2,2025-10-14,996.0,3,25,50,510.49506878852844,False Alarm,,1,1,Tuesday
mouse_2,2025-10-14,996.0,3,25,51,522.4495000839233,Hit,0.865454913444978,0,43,Tuesday
mouse_2,2025-10-14,996.0,3,25,52,531.1634893417358,False Alarm,,1,23,Tuesday
mouse_2,2025-10-14,996.0,3,25,53,541.3685448169708,False Alarm,,1,9,Tuesday
mouse_2,2025-10-14,996.0,3,25,54,555.8296020030975,Miss,,0,6,Tuesday
mouse_2,2025-10-14,996.0,3,25,55,567.2927985191345,Hit,0.772549294627197,0,62,Tuesday
mouse_2,2025-10-14,996.0,3,25,56,575.2516651153564,False Alarm,,1,32,Tuesday
mouse_2,2025-10-14,996.0,3,25,57,585.4492766857147,Hit,0.9427159158325367,0,48,Tuesday
mouse_2,2025-10-14,996.0,3,25,58,594.6627123355865,False Alarm,,1,18,Tuesday
mouse_2,2025-10-14,996.0,3,25,59,604.8695783615112,Miss,,0,0,Tuesday
mouse_2,2025-10-14,996.0,3,25,60,614.5834536552429,Hit,0.5701595004455839,0,73,Tuesday
mouse_2,2025-10-14,996.0,3,25,61,623.7828290462494,False Alarm,,1,52,Tuesday
mouse_2,2025-10-14,996.0,3,25,62,633.9839460849762,Miss,,0,0,Tuesday
mouse_2,2025-10-14,996.0,3,25,63,644.4418838024139,Hit,0.5230772652763562,0,25,Tuesday
mouse_2,2025-10-14,996.0,3,25,64,653.1498396396637,Hit,0.7605064519456164,0,19,Tuesday
mouse_2,2025-10-14,996.0,3,25,65,661.1126837730408,Hit,0.6756985069789607,0,78,Tuesday
mouse_2,2025-10-14,996.0,3,25,66,669.5624623298645,False Alarm,,1,88,Tuesday
mouse_2,2025-10-14,996.0,3,25,67,679.7780556678772,False Alarm,,1,3,Tuesday
mouse_2,2025-10-14,996.0,3,25,68,689.9782576560974,Hit,0.30504762051771195,0,31,Tuesday
mouse_2,2025-10-14,996.0,3,25,69,698.432300567627,False Alarm,,1,8,Tuesday
mouse_2,2025-10-14,996.0,3,25,70,708.642881155014,False Alarm,,1,3,Tuesday
mouse_2,2025-10-14,996.0,3,25,71,720.3478627204895,Miss,,0,9,Tuesday
mouse_2,2025-10-14,996.0,3,25,72,730.0611217021942,False Alarm,,1,8,Tuesday
mouse_2,2025-10-14,996.0,3,25,73,743.5151913166046,False Alarm,,1,6,Tuesday
mouse_2,2025-10-14,996.0,3,25,74,756.9898998737335,False Alarm,,1,7,Tuesday
mouse_2,2025-10-14,996.0,3,25,75,768.2094974517822,False Alarm,,1,4,Tuesday
mouse_2,2025-10-14,996.0,3,25,76,782.4262158870697,Hit,0.4598008422233306,0,61,Tuesday
mouse_2,2025-10-14,996.0,3,25,77,791.6318347454071,False Alarm,,1,32,Tuesday
mouse_2,2025-10-14,996.0,3,25,78,801.834091424942,Hit,0.14093425468627174,0,30,Tuesday
mouse_2,2025-10-14,996.0,3,25,79,810.7814421653748,False Alarm,,1,4,Tuesday
mouse_2,2025-10-14,996.0,3,25,80,820.9862265586853,Hit,0.2965056769860439,0,71,Tuesday
mouse_2,2025-10-14,996.0,3,25,81,830.1908686161041,False Alarm,,1,42,Tuesday
mouse_2,2025-10-14,996.0,3,25,82,840.3872449398041,Hit,0.5828559051470847,0,62,Tuesday
mouse_2,2025-10-14,996.0,3,25,83,849.0910978317261,False Alarm,,1,48,Tuesday
mouse_2,2025-10-14,996.0,3,25,84,859.3070895671844,Hit,0.4567833806464705,0,62,Tuesday
mouse_2,2025-10-14,996.0,3,25,85,867.2606379985809,False Alarm,,1,33,Tuesday
mouse_2,2025-10-14,996.0,3,25,86,877.4764714241028,Hit,0.21755386147651734,0,50,Tuesday
mouse_2,2025-10-14,996.0,3,25,87,886.6886658668518,False Alarm,,1,30,Tuesday
mouse_2,2025-10-14,996.0,3,25,88,896.8872179985046,False Alarm,,1,7,Tuesday
mouse_2,2025-10-14,996.0,3,25,89,908.0976662635803,Hit,0.7086828610999873,0,53,Tuesday
mouse_2,2025-10-14,996.0,3,25,90,916.5512473583221,False Alarm,,1,27,Tuesday
mouse_2,2025-10-14,996.0,3,25,91,926.7578175067902,False Alarm,,1,4,Tuesday
mouse_2,2025-10-14,996.0,3,25,92,938.2178456783295,Hit,0.9993543809400762,0,10,Tuesday
mouse_2,2025-10-14,996.0,3,25,93,947.4226956367493,Hit,0.5217541056359778,0,32,Tuesday
mouse_2,2025-10-14,996.0,3,25,94,955.6212270259857,False Alarm,,1,2,Tuesday
mouse_2,2025-10-14,996.0,3,25,95,965.8082709312439,Hit,0.532984724130074,0,45,Tuesday
mouse_2,2025-10-14,996.0,3,25,96,975.2619359493256,False Alarm,,1,18,Tuesday
mouse_2,2025-10-14,996.0,3,25,97,985.4672389030457,Hit,1.1322637226686538,0,43,Tuesday
mouse_2,2025-10-14,996.0,3,25,98,994.4115104675293,False Alarm,,1,15,Tuesday
mouse_2,2025-10-14,996.0,3,25,99,1004.6274333000183,Hit,0.7166085656518817,0,35,Tuesday
mouse_2,2025-10-14,996.0,3,25,100,1014.0810220241547,False Alarm,,1,6,Tuesday
mouse_2,2025-10-14,996.0,3,25,101,1024.277256011963,Hit,1.23662605233244,0,49,Tuesday
mouse_2,2025-10-14,996.0,3,25,102,1033.9818406105042,False Alarm,,1,21,Tuesday
mouse_2,2025-10-14,996.0,3,25,103,1044.1973085403442,Hit,0.6966628400443824,0,48,Tuesday
mouse_2,2025-10-14,996.0,3,25,104,1053.9006309509277,False Alarm,,1,19,Tuesday
mouse_2,2025-10-14,996.0,3,25,105,1064.0973970890045,Hit,0.36660103377312225,0,47,Tuesday
mouse_2,2025-10-14,996.0,3,25,106,1073.5482721328735,False Alarm,,1,28,Tuesday
mouse_2,2025-10-14,996.0,3,25,107,1083.7425525188446,False Alarm,,1,19,Tuesday
mouse_2,2025-10-14,996.0,3,25,108,1094.9548978805542,False Alarm,,1,4,Tuesday
mouse_2,2025-10-14,996.0,3,25,109,1106.6762313842773,Hit,0.7005930928169164,0,47,Tuesday
mouse_2,2025-10-14,996.0,3,25,110,1115.3773653507233,False Alarm,,1,23,Tuesday
mouse_2,2025-10-14,996.0,3,25,111,1125.5770816802979,False Alarm,,1,5,Tuesday
mouse_2,2025-10-14,996.0,3,25,112,1137.0364227294922,False Alarm,,1,7,Tuesday
mouse_2,2025-10-14,996.0,3,25,113,1147.9962043762207,False Alarm,,1,5,Tuesday
mouse_2,2025-10-14,996.0,3,25,114,1161.9565162658691,Hit,0.8088946729151303,0,62,Tuesday
mouse_2,2025-10-14,996.0,3,25,115,1170.4102442264557,False Alarm,,1,35,Tuesday
mouse_2,2025-10-14,996.0,3,25,116,1180.8759474754333,Hit,0.5248083157509882,0,50,Tuesday
mouse_2,2025-10-14,996.0,3,25,117,1189.0892717838287,False Alarm,,1,22,Tuesday
mouse_2,2025-10-14,996.0,3,25,118,1199.2976245880127,Hit,0.5741193106923674,0,70,Tuesday
mouse_2,2025-10-14,996.0,3,25,119,1207.499356508255,False Alarm,,1,88,Tuesday
mouse_2,2025-10-14,996.0,3,25,120,1217.6953258514404,False Alarm,,1,5,Tuesday
mouse_2,2025-10-14,996.0,3,25,121,1227.8963253498077,Hit,0.7758279325089461,0,68,Tuesday
mouse_2,2025-10-14,996.0,3,25,122,1236.6091358661652,False Alarm,,1,53,Tuesday
mouse_2,2025-10-14,996.0,3,25,123,1246.8153011798859,Hit,0.6088768883776083,0,23,Tuesday
mouse_2,2025-10-14,996.0,3,25,124,1255.7785580158234,Hit,0.578799850337191,0,40,Tuesday
mouse_2,2025-10-14,996.0,3,25,125,1263.7286083698273,False Alarm,,1,15,Tuesday
mouse_2,2025-10-14,996.0,3,25,126,1273.9349293708801,False Alarm,,1,8,Tuesday
mouse_2,2025-10-14,996.0,3,25,127,1285.3859453201294,False Alarm,,1,4,Tuesday
mouse_2,2025-10-14,996.0,3,25,128,1297.0850176811218,Hit,0.9810136078333471,0,59,Tuesday
mouse_2,2025-10-14,996.0,3,25,129,1305.78865981102,False Alarm,,1,38,Tuesday
mouse_2,2025-10-14,996.0,3,25,130,1316.004700422287,False Alarm,,1,7,Tuesday
mouse_2,2025-10-14,996.0,3,25,131,1330.2245676517487,Hit,2.2798628574735176,0,22,Tuesday
mouse_2,2025-10-14,996.0,3,25,132,1339.930503129959,Hit,0.8036901030445733,0,53,Tuesday
mouse_2,2025-10-14,996.0,3,25,133,1348.6259350776672,False Alarm,,1,25,Tuesday
mouse_2,2025-10-14,996.0,3,25,134,1358.8345034122467,Miss,,0,0,Tuesday
mouse_2,2025-10-14,996.0,3,25,135,1369.038629770279,Hit,0.5323709727936148,0,45,Tuesday
mouse_2,2025-10-14,996.0,3,25,136,1377.7384762763977,False Alarm,,1,18,Tuesday
mouse_2,2025-10-14,996.0,3,25,137,1387.9444375038147,False Alarm,,1,2,Tuesday
mouse_2,2025-10-14,996.0,3,25,138,1400.4141819477081,Hit,0.3063869697937207,0,56,Tuesday
mouse_2,2025-10-14,996.0,3,25,139,1409.117346048355,False Alarm,,1,28,Tuesday
mouse_2,2025-10-14,996.0,3,25,140,1419.3135347366333,Hit,0.22670310139551475,0,21,Tuesday
mouse_2,2025-10-14,996.0,3,25,141,1428.2771542072296,Hit,0.388757428721874,0,44,Tuesday
mouse_2,2025-10-14,996.0,3,25,142,1437.4768235683441,False Alarm,,1,14,Tuesday
mouse_2,2025-10-14,996.0,3,25,143,1447.673443555832,Hit,0.7006241269596103,0,48,Tuesday
mouse_2,2025-10-14,996.0,3,25,144,1456.3759233951569,False Alarm,,1,19,Tuesday
mouse_2,2025-10-14,996.0,3,25,145,1466.5734992027283,Hit,0.36347420240349493,0,73,Tuesday
mouse_2,2025-10-14,996.0,3,25,146,1475.2783200740814,False Alarm,,1,76,Tuesday
mouse_2,2025-10-14,996.0,3,25,147,1485.4937236309052,False Alarm,,1,8,Tuesday
mouse_2,2025-10-14,996.0,3,25,148,1496.460366010666,False Alarm,,1,4,Tuesday
mouse_2,2025-10-14,996.0,3,25,149,1510.6744966506958,Miss,,0,4,Tuesday
mouse_2,2025-10-14,996.0,3,25,150,1520.6279036998749,Miss,,0,0,Tuesday
mouse_2,2025-10-14,996.0,3,25,151,1531.0787835121155,Hit,0.9606016918849036,0,72,Tuesday
mouse_2,2025-10-14,996.0,3,25,152,1540.2773854732513,False Alarm,,1,43,Tuesday
mouse_2,2025-10-14,996.0,3,25,153,1550.4675590991974,Miss,,0,5,Tuesday
mouse_2,2025-10-14,996.0,3,25,154,1560.91699385643,Miss,,0,0,Tuesday
mouse_2,2025-10-14,996.0,3,25,155,1570.8662526607513,Hit,0.8489755843154398,0,69,Tuesday
mouse_2,2025-10-14,996.0,3,25,156,1580.8173575401306,False Alarm,,1,66,Tuesday
mouse_2,2025-10-14,996.0,3,25,157,1591.0283057689667,Hit,0.6186503525154876,0,39,Tuesday
mouse_2,2025-10-14,996.0,3,25,158,1599.228613615036,False Alarm,,1,14,Tuesday
mouse_2,2025-10-14,996.0,3,25,159,1609.4339532852173,Hit,0.9911421205335955,0,56,Tuesday
mouse_2,2025-10-14,996.0,3,25,160,1618.1440215110779,False Alarm,,1,26,Tuesday
mouse_2,2025-10-14,996.0,3,25,161,1628.3433058261871,Hit,0.5883639710925763,0,65,Tuesday
mouse_2,2025-10-14,996.0,3,25,162,1637.5540359020233,False Alarm,,1,39,Tuesday
mouse_2,2025-10-14,996.0,3,25,163,1647.7462306022644,False Alarm,,1,14,Tuesday
mouse_2,2025-10-14,996.0,3,25,164,1660.4533517360687,False Alarm,,1,7,Tuesday
mouse_2,2025-10-14,996.0,3,25,165,1671.92311835289,False Alarm,,1,9,Tuesday
mouse_2,2025-10-14,996.0,3,25,166,1683.1348955631256,False Alarm,,1,5,Tuesday
mouse_2,2025-10-14,996.0,3,25,167,1694.335375070572,Hit,0.44007443824784787,0,66,Tuesday
mouse_2,2025-10-14,996.0,3,25,168,1703.034945011139,False Alarm,,1,37,Tuesday
mouse_2,2025-10-14,996.0,3,25,169,1713.242359638214,Hit,0.7983395277990439,0,62,Tuesday
mouse_2,2025-10-14,996.0,3,25,170,1722.6960637569427,False Alarm,,1,31,Tuesday
mouse_2,2025-10-14,996.0,3,25,171,1732.9039165973663,Hit,0.23294330870135127,0,54,Tuesday
mouse_2,2025-10-14,996.0,3,25,172,1741.615967988968,False Alarm,,1,27,Tuesday
mouse_2,2025-10-14,996.0,3,25,173,1751.8226222991943,Hit,0.4303022737346964,0,62,Tuesday
mouse_2,2025-10-14,996.0,3,25,174,1760.7867648601532,False Alarm,,1,38,Tuesday
mouse_2,2025-10-14,996.0,3,25,175,1770.9921140670776,False Alarm,,1,4,Tuesday
mouse_2,2025-10-14,996.0,3,25,176,1785.2118828296661,Hit,1.9379433027684172,0,77,Tuesday
mouse_2,2025-10-14,996.0,3,25,177,1794.4156370162964,False Alarm,,1,51,Tuesday
mouse_2,2025-10-14,996.0,3,25,178,1804.621993780136,Miss,,0,0,Tuesday
mouse_2,2025-10-15,1200.0,0,-1,-1,,No Trial,,0,0,Wednesday
mouse_2,2025-10-16,1200.0,0,-1,-1,,No Trial,,0,0,Thursday
mouse_2,2025-10-17,1800.0,0,-1,-1,,No Trial,,0,0,Friday
mouse_2,2025-10-18,1800.0,0,-1,-1,,No Trial,,0,0,Saturday
mouse_2,2025-10-19,924.0,0,-1,-1,,No Trial,,0,0,Sunday
mouse_2,2025-10-20,1380.0,0,-1,-1,,No Trial,,0,0,Monday
mouse_2,2025-10-21,1380.0,0,-1,-1,,No Trial,,0,0,Tuesday
mouse_2,2025-10-22,1500.0,0,-1,-1,,No Trial,,0,0,Wednesday
mouse_2,2025-10-23,7536.0,3,26,1,0.3883655071258545,Hit,1.7151637329742506,0,53,Thursday
mouse_2,2025-10-23,7536.0,3,26,2,10.08305811882019,False Alarm,,1,46,Thursday
mouse_2,2025-10-23,7536.0,3,26,3,20.289509296417236,False Alarm,,1,3,Thursday
mouse_2,2025-10-23,7536.0,3,26,4,33.750128507614136,Hit,1.2152922332370082,0,46,Thursday
mouse_2,2025-10-23,7536.0,3,26,5,43.95299530029297,False Alarm,,1,21,Thursday
mouse_2,2025-10-23,7536.0,3,26,6,54.15733504295349,Hit,0.44962891202776945,0,51,Thursday
mouse_2,2025-10-23,7536.0,3,26,7,63.36305546760559,False Alarm,,1,54,Thursday
mouse_2,2025-10-23,7536.0,3,26,8,73.5698676109314,Hit,2.039092891776292,0,60,Thursday
mouse_2,2025-10-23,7536.0,3,26,9,84.52278399467468,False Alarm,,1,39,Thursday
mouse_2,2025-10-23,7536.0,3,26,10,94.72990107536316,Hit,0.6316611478411005,0,51,Thursday
mouse_2,2025-10-23,7536.0,3,26,11,104.19363355636597,False Alarm,,1,33,Thursday
mouse_2,2025-10-23,7536.0,3,26,12,114.39715123176575,False Alarm,,1,20,Thursday
mouse_2,2025-10-23,7536.0,3,26,13,128.61708998680115,False Alarm,,1,7,Thursday
mouse_2,2025-10-23,7536.0,3,26,14,142.57967948913574,Hit,0.730917446499177,0,50,Thursday
mouse_2,2025-10-23,7536.0,3,26,15,150.7929847240448,False Alarm,,1,30,Thursday
mouse_2,2025-10-23,7536.0,3,26,16,161.25892090797424,False Alarm,,1,5,Thursday
mouse_2,2025-10-23,7536.0,3,26,17,172.7095127105713,Hit,2.1927437656675295,0,53,Thursday
mouse_2,2025-10-23,7536.0,3,26,18,182.16384387016296,False Alarm,,1,28,Thursday
mouse_2,2025-10-23,7536.0,3,26,19,192.37072706222534,False Alarm,,1,14,Thursday
mouse_2,2025-10-23,7536.0,3,26,20,207.33879804611206,Hit,0.05723613978454978,0,57,Thursday
mouse_2,2025-10-23,7536.0,3,26,21,214.53212690353394,False Alarm,,1,46,Thursday
mouse_2,2025-10-23,7536.0,3,26,22,224.9988534450531,Hit,0.755261737748242,0,67,Thursday
mouse_2,2025-10-23,7536.0,3,26,23,233.19254350662231,False Alarm,,1,43,Thursday
mouse_2,2025-10-23,7536.0,3,26,24,243.39708971977234,False Alarm,,1,6,Thursday
mouse_2,2025-10-23,7536.0,3,26,25,254.59879732131958,False Alarm,,1,7,Thursday
mouse_2,2025-10-23,7536.0,3,26,26,271.31582736968994,Hit,1.1862848756023254,0,70,Thursday
mouse_2,2025-10-23,7536.0,3,26,27,279.7720649242401,False Alarm,,1,40,Thursday
mouse_2,2025-10-23,7536.0,3,26,28,289.97904348373413,Hit,0.9595278044107545,0,51,Thursday
mouse_2,2025-10-23,7536.0,3,26,29,299.43020462989807,False Alarm,,1,26,Thursday
mouse_2,2025-10-23,7536.0,3,26,30,309.6238605976105,Hit,1.1777885412229807,0,48,Thursday
mouse_2,2025-10-23,7536.0,3,26,31,318.3237738609314,False Alarm,,1,23,Thursday
mouse_2,2025-10-23,7536.0,3,26,32,328.52823758125305,Hit,0.8143517345609439,0,50,Thursday
mouse_2,2025-10-23,7536.0,3,26,33,337.9733827114105,False Alarm,,1,27,Thursday
mouse_2,2025-10-23,7536.0,3,26,34,348.17780232429504,False Alarm,,1,8,Thursday
mouse_2,2025-10-23,7536.0,3,26,35,359.37521529197693,False Alarm,,1,11,Thursday
mouse_2,2025-10-23,7536.0,3,26,36,372.57706212997437,False Alarm,,1,8,Thursday
mouse_2,2025-10-23,7536.0,3,26,37,386.0271372795105,Hit,0.9160353731282385,0,52,Thursday
mouse_2,2025-10-23,7536.0,3,26,38,394.2320010662079,False Alarm,,1,26,Thursday
mouse_2,2025-10-23,7536.0,3,26,39,404.4295446872711,Miss,,0,2,Thursday
mouse_2,2025-10-23,7536.0,3,26,40,414.8800790309906,False Alarm,,1,2,Thursday
mouse_2,2025-10-23,7536.0,3,26,41,428.3374853134155,Hit,0.460539616572305,0,39,Thursday
mouse_2,2025-10-23,7536.0,3,26,42,437.541316986084,False Alarm,,1,24,Thursday
mouse_2,2025-10-23,7536.0,3,26,43,447.74659514427185,Hit,0.7902300548613539,0,66,Thursday
mouse_2,2025-10-23,7536.0,3,26,44,456.44093012809753,False Alarm,,1,51,Thursday
mouse_2,2025-10-23,7536.0,3,26,45,466.6473476886749,Hit,0.7749119793245995,0,70,Thursday
mouse_2,2025-10-23,7536.0,3,26,46,474.8508644104004,False Alarm,,1,64,Thursday
mouse_2,2025-10-23,7536.0,3,26,47,485.04793548583984,False Alarm,,1,4,Thursday
mouse_2,2025-10-23,7536.0,3,26,48,499.00767755508423,Hit,1.0610143150345266,0,68,Thursday
mouse_2,2025-10-23,7536.0,3,26,49,508.9705259799957,False Alarm,,1,49,Thursday
mouse_2,2025-10-23,7536.0,3,26,50,519.1737096309662,Hit,0.499961206020771,0,53,Thursday
mouse_2,2025-10-23,7536.0,3,26,51,527.1200742721558,False Alarm,,1,38,Thursday
mouse_2,2025-10-23,7536.0,3,26,52,537.5673294067383,Hit,0.5605437419997088,0,63,Thursday
mouse_2,2025-10-23,7536.0,3,26,53,546.2583549022675,False Alarm,,1,40,Thursday
mouse_2,2025-10-23,7536.0,3,26,54,556.4473698139191,Hit,0.7967929355507977,0,58,Thursday
mouse_2,2025-10-23,7536.0,3,26,55,565.4082193374634,False Alarm,,1,29,Thursday
mouse_2,2025-10-23,7536.0,3,26,56,575.6167948246002,Hit,0.3305965240425621,0,46,Thursday
mouse_2,2025-10-23,7536.0,3,26,57,584.8278577327728,False Alarm,,1,24,Thursday
mouse_2,2025-10-23,7536.0,3,26,58,595.2782745361328,Hit,0.9864507899729915,0,69,Thursday
mouse_2,2025-10-23,7536.0,3,26,59,603.9903109073639,False Alarm,,1,47,Thursday
mouse_2,2025-10-23,7536.0,3,26,60,614.1870169639587,False Alarm,,1,5,Thursday
mouse_2,2025-10-23,7536.0,3,26,61,625.8867082595825,Miss,,0,0,Thursday
mouse_2,2025-10-23,7536.0,3,26,62,637.0783042907715,Hit,2.297136519428136,0,63,Thursday
mouse_2,2025-10-23,7536.0,3,26,63,646.5197491645813,False Alarm,,1,37,Thursday
mouse_2,2025-10-23,7536.0,3,26,64,656.7071890830994,Hit,2.2980181186300115,0,54,Thursday
mouse_2,2025-10-23,7536.0,3,26,65,667.1598651409149,False Alarm,,1,29,Thursday
mouse_2,2025-10-23,7536.0,3,26,66,677.3481328487396,Hit,0.7941705488968864,0,53,Thursday
mouse_2,2025-10-23,7536.0,3,26,67,687.287052154541,False Alarm,,1,26,Thursday
mouse_2,2025-10-23,7536.0,3,26,68,697.4860174655914,Hit,1.4135270478237771,0,62,Thursday
mouse_2,2025-10-23,7536.0,3,26,69,706.1770493984222,False Alarm,,1,35,Thursday
mouse_2,2025-10-23,7536.0,3,26,70,716.379789352417,Hit,0.8202593753064775,0,44,Thursday
mouse_2,2025-10-23,7536.0,3,26,71,724.3288402557373,False Alarm,,1,25,Thursday
mouse_2,2025-10-23,7536.0,3,26,72,734.5352733135223,False Alarm,,1,15,Thursday
mouse_2,2025-10-23,7536.0,3,26,73,748.9949462413788,False Alarm,,1,16,Thursday
mouse_2,2025-10-23,7536.0,3,26,74,763.4486198425293,Hit,0.6933729315703658,0,67,Thursday
mouse_2,2025-10-23,7536.0,3,26,75,772.1484742164612,False Alarm,,1,38,Thursday
mouse_2,2025-10-23,7536.0,3,26,76,782.3548676967621,Hit,1.073793554669578,0,59,Thursday
mouse_2,2025-10-23,7536.0,3,26,77,792.5570390224457,False Alarm,,1,31,Thursday
mouse_2,2025-10-23,7536.0,3,26,78,802.7476277351379,Hit,0.7066331918055084,0,64,Thursday
mouse_2,2025-10-23,7536.0,3,26,79,812.1956577301025,False Alarm,,1,42,Thursday
mouse_2,2025-10-23,7536.0,3,26,80,822.3951234817505,Hit,1.2603704930946833,0,62,Thursday
mouse_2,2025-10-23,7536.0,3,26,81,832.5882759094238,False Alarm,,1,35,Thursday
mouse_2,2025-10-23,7536.0,3,26,82,842.7770621776581,Hit,1.019265341689561,0,51,Thursday
mouse_2,2025-10-23,7536.0,3,26,83,850.9671096801758,False Alarm,,1,28,Thursday
mouse_2,2025-10-23,7536.0,3,26,84,861.167243719101,Hit,0.7954898799441708,0,70,Thursday
mouse_2,2025-10-23,7536.0,3,26,85,869.8670337200165,False Alarm,,1,46,Thursday
mouse_2,2025-10-23,7536.0,3,26,86,880.0763363838196,Hit,0.8626510472507789,0,46,Thursday
mouse_2,2025-10-23,7536.0,3,26,87,889.5171458721161,False Alarm,,1,27,Thursday
mouse_2,2025-10-23,7536.0,3,26,88,899.7324304580688,False Alarm,,1,12,Thursday
mouse_2,2025-10-23,7536.0,3,26,89,911.6839761734009,False Alarm,,1,5,Thursday
mouse_2,2025-10-23,7536.0,3,26,90,925.6354005336761,False Alarm,,1,2,Thursday
mouse_2,2025-10-23,7536.0,3,26,91,939.3450331687927,Hit,0.930430326870578,0,56,Thursday
mouse_2,2025-10-23,7536.0,3,26,92,948.0373773574829,False Alarm,,1,27,Thursday
mouse_2,2025-10-23,7536.0,3,26,93,958.2370166778564,Hit,1.2941084354501982,0,62,Thursday
mouse_2,2025-10-23,7536.0,3,26,94,967.4356615543365,False Alarm,,1,38,Thursday
mouse_2,2025-10-23,7536.0,3,26,95,977.6432774066925,False Alarm,,1,11,Thursday
mouse_2,2025-10-23,7536.0,3,26,96,989.5973017215729,False Alarm,,1,10,Thursday
mouse_2,2025-10-23,7536.0,3,26,97,1001.8132743835449,False Alarm,,1,4,Thursday
mouse_2,2025-10-23,7536.0,3,26,98,1014.7633144855499,Hit,0.700330965858484,0,42,Thursday
mouse_2,2025-10-23,7536.0,3,26,99,1024.456859588623,False Alarm,,1,14,Thursday
mouse_2,2025-10-23,7536.0,3,26,100,1034.6580810546875,Hit,1.2669131787870356,0,57,Thursday
mouse_2,2025-10-23,7536.0,3,26,101,1044.8576669692993,False Alarm,,1,28,Thursday
mouse_2,2025-10-23,7536.0,3,26,102,1055.057072877884,Miss,,0,0,Thursday
mouse_2,2025-10-23,7536.0,3,26,103,1066.2563548088074,Hit,1.1506810953126205,0,62,Thursday
mouse_2,2025-10-23,7536.0,3,26,104,1074.9665310382843,False Alarm,,1,33,Thursday
mouse_2,2025-10-23,7536.0,3,26,105,1085.1670441627502,Hit,0.8743409108703872,0,65,Thursday
mouse_2,2025-10-23,7536.0,3,26,106,1093.367399930954,False Alarm,,1,36,Thursday
mouse_2,2025-10-23,7536.0,3,26,107,1103.5831582546234,Hit,1.1087274264739335,0,51,Thursday
mouse_2,2025-10-23,7536.0,3,26,108,1112.7870645523071,False Alarm,,1,27,Thursday
mouse_2,2025-10-23,7536.0,3,26,109,1122.993707895279,Hit,0.8401763967615352,0,47,Thursday
mouse_2,2025-10-23,7536.0,3,26,110,1131.6884067058563,False Alarm,,1,31,Thursday
mouse_2,2025-10-23,7536.0,3,26,111,1141.893555879593,Hit,0.7772955615025694,0,58,Thursday
mouse_2,2025-10-23,7536.0,3,26,112,1150.8351290225983,False Alarm,,1,28,Thursday
mouse_2,2025-10-23,7536.0,3,26,113,1161.0533118247986,Hit,1.2832788449206873,0,40,Thursday
mouse_2,2025-10-23,7536.0,3,26,114,1170.2571806907654,False Alarm,,1,19,Thursday
mouse_2,2025-10-23,7536.0,3,26,115,1180.713252544403,Hit,1.5118712225221316,0,55,Thursday
mouse_2,2025-10-23,7536.0,3,26,116,1189.9165904521942,False Alarm,,1,26,Thursday
mouse_2,2025-10-23,7536.0,3,26,117,1200.107296705246,Hit,0.8344000023985245,0,44,Thursday
mouse_2,2025-10-23,7536.0,3,26,118,1209.8064243793488,False Alarm,,1,19,Thursday
mouse_2,2025-10-23,7536.0,3,26,119,1219.9972240924835,Hit,2.353179466038682,0,58,Thursday
mouse_2,2025-10-23,7536.0,3,26,120,1230.446908712387,False Alarm,,1,28,Thursday
mouse_2,2025-10-23,7536.0,3,26,121,1240.6509869098663,Hit,0.5790425478858197,0,65,Thursday
mouse_2,2025-10-23,7536.0,3,26,122,1249.0959808826447,False Alarm,,1,47,Thursday
mouse_2,2025-10-23,7536.0,3,26,123,1259.302591085434,Hit,1.8493750198415455,0,40,Thursday
mouse_2,2025-10-23,7536.0,3,26,124,1269.7469322681427,False Alarm,,1,18,Thursday
mouse_2,2025-10-23,7536.0,3,26,125,1279.9525179862976,False Alarm,,1,9,Thursday
mouse_2,2025-10-23,7536.0,3,26,126,1292.1527502536774,False Alarm,,1,2,Thursday
mouse_2,2025-10-23,7536.0,3,26,127,1305.8635783195496,Hit (Calc),2.695276058478612,0,5,Thursday
mouse_2,2025-10-23,7536.0,3,26,128,1315.5666403770447,Hit,1.8064983711544755,0,42,Thursday
mouse_2,2025-10-23,7536.0,3,26,129,1325.2660491466522,False Alarm,,1,16,Thursday
mouse_2,2025-10-23,7536.0,3,26,130,1335.4619979858398,Hit,0.8705099378018986,0,59,Thursday
mouse_2,2025-10-23,7536.0,3,26,131,1344.405641078949,False Alarm,,1,83,Thursday
mouse_2,2025-10-23,7536.0,3,26,132,1354.6121323108673,False Alarm,,1,16,Thursday
mouse_2,2025-10-23,7536.0,3,26,133,1364.8121454715729,False Alarm,,1,3,Thursday
mouse_2,2025-10-23,7536.0,3,26,134,1377.255431175232,False Alarm,,1,4,Thursday
mouse_2,2025-10-23,7536.0,3,26,135,1392.2070438861847,Miss,,0,0,Thursday
mouse_2,2025-10-23,7536.0,3,26,136,1402.6545832157135,Hit,1.1896286228509325,0,67,Thursday
mouse_2,2025-10-23,7536.0,3,26,137,1411.8458037376404,False Alarm,,1,40,Thursday
mouse_2,2025-10-23,7536.0,3,26,138,1422.0471022129059,Miss,,0,0,Thursday
mouse_2,2025-10-23,7536.0,3,26,139,1432.4957258701324,Hit,2.1579876600751504,0,54,Thursday
mouse_2,2025-10-23,7536.0,3,26,140,1443.1954882144928,False Alarm,,1,29,Thursday
mouse_2,2025-10-23,7536.0,3,26,141,1453.4030034542084,False Alarm,,1,4,Thursday
mouse_2,2025-10-23,7536.0,3,26,142,1465.8573257923126,Hit,1.8520806842327602,0,57,Thursday
mouse_2,2025-10-23,7536.0,3,26,143,1476.8147640228271,False Alarm,,1,29,Thursday
mouse_2,2025-10-23,7536.0,3,26,144,1487.0208077430725,Hit,0.9625883581643393,0,63,Thursday
mouse_2,2025-10-23,7536.0,3,26,145,1495.2247235774994,False Alarm,,1,36,Thursday
mouse_2,2025-10-23,7536.0,3,26,146,1505.4314143657684,Hit,0.8390523313980793,0,48,Thursday
mouse_2,2025-10-23,7536.0,3,26,147,1514.3748602867126,False Alarm,,1,20,Thursday
mouse_2,2025-10-23,7536.0,3,26,148,1524.5908794403076,Hit,0.75846639377869,0,44,Thursday
mouse_2,2025-10-23,7536.0,3,26,149,1533.0320391654968,False Alarm,,1,16,Thursday
mouse_2,2025-10-23,7536.0,3,26,150,1543.2314960956573,Hit,1.0849278110958949,0,67,Thursday
mouse_2,2025-10-23,7536.0,3,26,151,1552.9447209835052,False Alarm,,1,55,Thursday
mouse_2,2025-10-23,7536.0,3,26,152,1563.1508202552795,Hit,0.6295671183220293,0,49,Thursday
mouse_2,2025-10-23,7536.0,3,26,153,1572.104442358017,False Alarm,,1,20,Thursday
mouse_2,2025-10-23,7536.0,3,26,154,1582.306984424591,False Alarm,,1,2,Thursday
mouse_2,2025-10-23,7536.0,3,26,155,1594.2670550346375,Miss,,0,0,Thursday
mouse_2,2025-10-23,7536.0,3,26,156,1604.964029788971,Hit,1.411351900336058,0,44,Thursday
mouse_2,2025-10-23,7536.0,3,26,157,1613.6639657020569,False Alarm,,1,17,Thursday
mouse_2,2025-10-23,7536.0,3,26,158,1623.8670263290405,Hit,1.1066461746620462,0,53,Thursday
mouse_2,2025-10-23,7536.0,3,26,159,1633.314096212387,False Alarm,,1,27,Thursday
mouse_2,2025-10-23,7536.0,3,26,160,1643.5207569599152,Hit,1.1563372945947776,0,56,Thursday
mouse_2,2025-10-23,7536.0,3,26,161,1651.9747564792633,False Alarm,,1,29,Thursday
mouse_2,2025-10-23,7536.0,3,26,162,1662.1811842918396,Hit,0.7611683514689958,0,50,Thursday
mouse_2,2025-10-23,7536.0,3,26,163,1670.1438393592834,False Alarm,,1,23,Thursday
mouse_2,2025-10-23,7536.0,3,26,164,1680.3504700660706,Hit,0.3853020912138163,0,48,Thursday
mouse_2,2025-10-23,7536.0,3,26,165,1689.7945837974548,False Alarm,,1,22,Thursday
mouse_2,2025-10-23,7536.0,3,26,166,1699.997098684311,Hit,1.6782574888434283,0,72,Thursday
mouse_2,2025-10-23,7536.0,3,26,167,1709.9549629688263,False Alarm,,1,43,Thursday
mouse_2,2025-10-23,7536.0,3,26,168,1720.1603035926819,Hit,0.5847155770259178,0,34,Thursday
mouse_2,2025-10-23,7536.0,3,26,169,1729.1044619083405,False Alarm,,1,14,Thursday
mouse_2,2025-10-23,7536.0,3,26,170,1739.3177118301392,Hit,0.7660906191529193,0,54,Thursday
mouse_2,2025-10-23,7536.0,3,26,171,1748.0135035514832,False Alarm,,1,26,Thursday
mouse_2,2025-10-23,7536.0,3,26,172,1758.2149457931519,Hit,0.6367981064636297,0,47,Thursday
mouse_2,2025-10-23,7536.0,3,26,173,1767.6635675430298,False Alarm,,1,17,Thursday
mouse_2,2025-10-23,7536.0,3,26,174,1777.8703038692474,Miss,,0,0,Thursday
mouse_2,2025-10-23,7536.0,3,26,175,1788.32266163826,Hit,0.8476367449936788,0,43,Thursday
mouse_2,2025-10-23,7536.0,3,26,176,1796.513420343399,False Alarm,,1,15,Thursday
mouse_2,2025-10-23,7536.0,3,26,177,1806.719961643219,Miss,,0,0,Thursday
mouse_2,2025-10-24,5410.0,0,-1,-1,,No Trial,,0,0,Friday
mouse_2,2025-10-25,6100.0,0,-1,-1,,No Trial,,0,0,Saturday
mouse_2,2025-10-26,2350.0,0,-1,-1,,No Trial,,0,0,Sunday
mouse_2,2025-10-27,1500.0,3,27,1,0.40703845024108887,Miss,,0,2,Monday
mouse_2,2025-10-27,1500.0,3,27,2,10.353448152542114,Miss,,0,3,Monday
mouse_2,2025-10-27,1500.0,3,27,3,20.305280685424805,Miss,,0,2,Monday
mouse_2,2025-10-27,1500.0,3,27,4,31.265400171279907,False Alarm,,1,2,Monday
mouse_2,2025-10-27,1500.0,3,27,5,44.72353386878967,Hit,0.4178167066247127,0,36,Monday
mouse_2,2025-10-27,1500.0,3,27,6,53.177109718322754,False Alarm,,1,12,Monday
mouse_2,2025-10-27,1500.0,3,27,7,63.38189506530762,False Alarm,,1,4,Monday
mouse_2,2025-10-27,1500.0,3,27,8,76.34183621406555,Hit,0.37461049653826706,0,33,Monday
mouse_2,2025-10-27,1500.0,3,27,9,85.0459976196289,False Alarm,,1,5,Monday
mouse_2,2025-10-27,1500.0,3,27,10,95.26163697242737,False Alarm,,1,1,Monday
mouse_2,2025-10-27,1500.0,3,27,11,107.202791929245,Hit,0.6680204408077373,0,31,Monday
mouse_2,2025-10-27,1500.0,3,27,12,115.90492677688599,False Alarm,,1,2,Monday
mouse_2,2025-10-27,1500.0,3,27,13,126.12132406234741,Hit,0.10842345415647969,0,27,Monday
mouse_2,2025-10-27,1500.0,3,27,14,134.57454228401184,Hit,0.49082320603955054,0,22,Monday
mouse_2,2025-10-27,1500.0,3,27,15,143.2653124332428,Hit,0.6824717910588731,0,31,Monday
mouse_2,2025-10-27,1500.0,3,27,16,151.21496868133545,False Alarm,,1,5,Monday
mouse_2,2025-10-27,1500.0,3,27,17,161.422913312912,False Alarm,,1,2,Monday
mouse_2,2025-10-27,1500.0,3,27,18,174.89117312431335,False Alarm,,1,11,Monday
mouse_2,2025-10-27,1500.0,3,27,19,192.85210490226746,Miss,,0,0,Monday
mouse_2,2025-10-27,1500.0,3,27,20,203.05364227294922,Hit,0.6380759828037696,0,28,Monday
mouse_2,2025-10-27,1500.0,3,27,21,211.24482011795044,False Alarm,,1,1,Monday
mouse_2,2025-10-27,1500.0,3,27,22,221.4512860774994,Miss,,0,0,Monday
mouse_2,2025-10-27,1500.0,3,27,23,231.4038417339325,Hit,0.5972519495011852,0,32,Monday
mouse_2,2025-10-27,1500.0,3,27,24,239.6050670146942,False Alarm,,1,17,Monday
mouse_2,2025-10-27,1500.0,3,27,25,249.81016039848328,False Alarm,,1,16,Monday
mouse_2,2025-10-27,1500.0,3,27,26,264.0108206272125,Hit,0.5870821135463871,0,28,Monday
mouse_2,2025-10-27,1500.0,3,27,27,271.71932315826416,Hit,0.06917142959218836,0,35,Monday
mouse_2,2025-10-27,1500.0,3,27,28,280.4144353866577,False Alarm,,1,6,Monday
mouse_2,2025-10-27,1500.0,3,27,29,290.6210243701935,False Alarm,,1,7,Monday
mouse_2,2025-10-27,1500.0,3,27,30,306.070556640625,Hit,0.4378087595401894,0,31,Monday
mouse_2,2025-10-27,1500.0,3,27,31,314.7738161087036,False Alarm,,1,15,Monday
mouse_2,2025-10-27,1500.0,3,27,32,324.9798994064331,False Alarm,,1,5,Monday
mouse_2,2025-10-27,1500.0,3,27,33,335.6814501285553,Miss,,0,0,Monday
mouse_2,2025-10-27,1500.0,3,27,34,346.62323808670044,Hit,0.2802127807770489,0,62,Monday
mouse_2,2025-10-27,1500.0,3,27,35,355.8241539001465,False Alarm,,1,31,Monday
mouse_2,2025-10-27,1500.0,3,27,36,366.0302219390869,Hit,0.22825172085083523,0,18,Monday
mouse_2,2025-10-27,1500.0,3,27,37,374.9839310646057,Miss,,0,0,Monday
mouse_2,2025-10-27,1500.0,3,27,38,384.68374705314636,Hit,0.5524143514306843,0,24,Monday
mouse_2,2025-10-27,1500.0,3,27,39,393.1339747905731,Hit,1.7822375777698767,0,34,Monday
mouse_2,2025-10-27,1500.0,3,27,40,403.5842800140381,False Alarm,,1,4,Monday
mouse_2,2025-10-27,1500.0,3,27,41,413.7899627685547,Miss,,0,0,Monday
mouse_2,2025-10-27,1500.0,3,27,42,424.48977541923523,Hit,0.22073547619885403,0,41,Monday
mouse_2,2025-10-27,1500.0,3,27,43,433.442186832428,False Alarm,,1,14,Monday
mouse_2,2025-10-27,1500.0,3,27,44,443.64999651908875,False Alarm,,1,4,Monday
mouse_2,2025-10-27,1500.0,3,27,45,457.1196026802063,Miss,,0,0,Monday
mouse_2,2025-10-27,1500.0,3,27,46,466.8128707408905,Miss,,0,0,Monday
mouse_2,2025-10-27,1500.0,3,27,47,477.750036239624,Hit,0.9498628605581985,0,62,Monday
mouse_2,2025-10-27,1500.0,3,27,48,487.2126123905182,False Alarm,,1,32,Monday
mouse_2,2025-10-27,1500.0,3,27,49,497.4196181297302,Hit,1.8092750926196572,0,50,Monday
mouse_2,2025-10-27,1500.0,3,27,50,508.12341690063477,False Alarm,,1,20,Monday
mouse_2,2025-10-27,1500.0,3,27,51,518.3288078308105,Miss,,0,0,Monday
mouse_2,2025-10-27,1500.0,3,27,52,528.5317013263702,Hit,0.5973537892833747,0,57,Monday
mouse_2,2025-10-27,1500.0,3,27,53,537.2225565910339,False Alarm,,1,27,Monday
mouse_2,2025-10-27,1500.0,3,27,54,547.438713312149,Hit,0.35060268987149357,0,68,Monday
mouse_2,2025-10-27,1500.0,3,27,55,556.3800160884857,False Alarm,,1,42,Monday
mouse_2,2025-10-27,1500.0,3,27,56,566.589143037796,False Alarm,,1,3,Monday
mouse_2,2025-10-27,1500.0,3,27,57,580.52996301651,Miss,,0,0,Monday
mouse_2,2025-10-27,1500.0,3,27,58,591.2415060997009,Miss,,0,4,Monday
mouse_2,2025-10-27,1500.0,3,27,59,601.4315657615662,Hit,0.39703180416404393,0,38,Monday
mouse_2,2025-10-27,1500.0,3,27,60,609.1422193050385,False Alarm,,1,8,Monday
mouse_2,2025-10-27,1500.0,3,27,61,619.3397829532623,Hit,0.15109198770926469,0,25,Monday
mouse_2,2025-10-27,1500.0,3,27,62,628.2921915054321,Hit,1.8305937215253607,0,43,Monday
mouse_2,2025-10-27,1500.0,3,27,63,638.9917724132538,False Alarm,,1,12,Monday
mouse_2,2025-10-27,1500.0,3,27,64,649.2082438468933,Hit,0.41251685865086074,0,75,Monday
mouse_2,2025-10-27,1500.0,3,27,65,657.6622121334076,False Alarm,,1,74,Monday
mouse_2,2025-10-27,1500.0,3,27,66,667.8683481216431,False Alarm,,1,5,Monday
mouse_2,2025-10-27,1500.0,3,27,67,679.5599982738495,Hit,0.35124868660091124,0,39,Monday
mouse_2,2025-10-27,1500.0,3,27,68,687.2599046230316,False Alarm,,1,10,Monday
mouse_2,2025-10-27,1500.0,3,27,69,697.461275100708,Miss,,0,0,Monday
mouse_2,2025-10-27,1500.0,3,27,70,709.1500375270844,Miss,,0,0,Monday
mouse_2,2025-10-27,1500.0,3,27,71,719.850435256958,Hit,0.2541666331085253,0,72,Monday
mouse_2,2025-10-27,1500.0,3,27,72,728.7907564640045,False Alarm,,1,43,Monday
mouse_2,2025-10-27,1500.0,3,27,73,738.9876062870026,Hit,0.6963697565836355,0,33,Monday
mouse_2,2025-10-27,1500.0,3,27,74,747.4410169124603,False Alarm,,1,6,Monday
mouse_2,2025-10-27,1500.0,3,27,75,757.6470217704773,False Alarm,,1,4,Monday
mouse_2,2025-10-27,1500.0,3,27,76,772.5951607227325,Hit,1.8602334388034478,0,46,Monday
mouse_2,2025-10-27,1500.0,3,27,77,783.5509114265442,False Alarm,,1,18,Monday
mouse_2,2025-10-27,1500.0,3,27,78,793.7572886943817,Miss,,0,4,Monday
mouse_2,2025-10-27,1500.0,3,27,79,804.4597318172455,False Alarm,,1,4,Monday
mouse_2,2025-10-27,1500.0,3,27,80,815.926985502243,Miss,,0,0,Monday
mouse_2,2025-10-27,1500.0,3,27,81,827.1298291683197,Miss,,0,1,Monday
mouse_2,2025-10-27,1500.0,3,27,82,838.070351600647,Miss,,0,0,Monday
mouse_2,2025-10-27,1500.0,3,27,83,849.5202496051788,Miss,,0,0,Monday
mouse_2,2025-10-27,1500.0,3,27,84,860.2207822799683,Hit,0.20976706587123317,0,78,Monday
mouse_2,2025-10-27,1500.0,3,27,85,868.6708316802979,False Alarm,,1,56,Monday
mouse_2,2025-10-27,1500.0,3,27,86,878.886946439743,Miss,,0,4,Monday
mouse_2,2025-10-27,1500.0,3,27,87,889.0897614955902,False Alarm,,1,4,Monday
mouse_2,2025-10-27,1500.0,3,27,88,902.5399861335754,Hit,0.2000936081568625,0,51,Monday
mouse_2,2025-10-27,1500.0,3,27,89,910.7407157421112,False Alarm,,1,23,Monday
mouse_2,2025-10-27,1500.0,3,27,90,920.9374175071716,Hit,1.862857445708073,0,73,Monday
mouse_2,2025-10-27,1500.0,3,27,91,931.3791103363037,False Alarm,,1,64,Monday
mouse_2,2025-10-27,1500.0,3,27,92,941.5768043994904,Miss,,0,0,Monday
mouse_2,2025-10-27,1500.0,3,27,93,952.2674968242645,Hit,0.984803996429946,0,35,Monday
mouse_2,2025-10-27,1500.0,3,27,94,960.9602255821228,False Alarm,,1,6,Monday
mouse_2,2025-10-27,1500.0,3,27,95,971.1598947048187,Hit,0.7267635269996617,0,48,Monday
mouse_2,2025-10-27,1500.0,3,27,96,979.619601726532,False Alarm,,1,17,Monday
mouse_2,2025-10-27,1500.0,3,27,97,989.8103196620941,Hit,1.1778995094581433,0,71,Monday
mouse_2,2025-10-27,1500.0,3,27,98,999.5100264549255,False Alarm,,1,40,Monday
mouse_2,2025-10-27,1500.0,3,27,99,1009.716689825058,Hit,0.21301286974119193,0,26,Monday
mouse_2,2025-10-27,1500.0,3,27,100,1018.4202711582184,Hit,1.333194158910942,0,21,Monday
mouse_2,2025-10-27,1500.0,3,27,101,1027.3606095314026,Hit,1.439897130738018,0,32,Monday
mouse_2,2025-10-27,1500.0,3,27,102,1036.06982088089,Hit,0.3042399600205954,0,12,Monday
mouse_2,2025-10-27,1500.0,3,27,103,1043.7796709537506,Miss,,0,0,Monday
mouse_2,2025-10-27,1500.0,3,27,104,1053.4888162612915,Hit,0.31199448955339903,0,56,Monday
mouse_2,2025-10-27,1500.0,3,27,105,1061.9490575790405,False Alarm,,1,25,Monday
mouse_2,2025-10-27,1500.0,3,27,106,1072.155935049057,Hit,1.7945997253827954,0,34,Monday
mouse_2,2025-10-27,1500.0,3,27,107,1081.359453678131,False Alarm,,1,5,Monday
mouse_2,2025-10-27,1500.0,3,27,108,1091.566087961197,False Alarm,,1,1,Monday
mouse_2,2025-10-27,1500.0,3,27,109,1102.515691280365,Miss,,0,0,Monday
mouse_2,2025-10-27,1500.0,3,27,110,1113.2185192108154,Hit,0.38965421715056436,0,55,Monday
mouse_2,2025-10-27,1500.0,3,27,111,1121.9275603294373,False Alarm,,1,23,Monday
mouse_2,2025-10-27,1500.0,3,27,112,1132.1254982948303,Hit,2.042958973326222,0,29,Monday
mouse_2,2025-10-27,1500.0,3,27,113,1142.32710313797,Hit,1.3053612791222804,0,46,Monday
mouse_2,2025-10-27,1500.0,3,27,114,1151.2791788578033,False Alarm,,1,17,Monday
mouse_2,2025-10-27,1500.0,3,27,115,1161.479880809784,Hit,2.2607238275209056,0,75,Monday
mouse_2,2025-10-27,1500.0,3,27,116,1171.928863286972,False Alarm,,1,73,Monday
mouse_2,2025-10-27,1500.0,3,27,117,1182.1263403892517,False Alarm,,1,2,Monday
mouse_2,2025-10-27,1500.0,3,27,118,1195.08535695076,Hit,0.08322541217694379,0,15,Monday
mouse_2,2025-10-27,1500.0,3,27,119,1203.7897686958313,Hit,0.03107580019513989,0,77,Monday
mouse_2,2025-10-27,1500.0,3,27,120,1212.4891736507416,False Alarm,,1,54,Monday
mouse_2,2025-10-27,1500.0,3,27,121,1222.6899597644806,Hit,0.008537052226984088,0,71,Monday
mouse_2,2025-10-27,1500.0,3,27,122,1231.386929512024,False Alarm,,1,41,Monday
mouse_2,2025-10-27,1500.0,3,27,123,1241.5962209701538,Miss,,0,0,Monday
mouse_2,2025-10-27,1500.0,3,27,124,1252.8081653118134,Miss,,0,0,Monday
mouse_2,2025-10-27,1500.0,3,27,125,1264.018170118332,Miss,,0,4,Monday
mouse_2,2025-10-27,1500.0,3,27,126,1273.9680285453796,Miss,,0,5,Monday
mouse_2,2025-10-27,1500.0,3,27,127,1283.6676797866821,Hit,0.9202603124447251,0,36,Monday
mouse_2,2025-10-27,1500.0,3,27,128,1291.8677532672882,False Alarm,,1,6,Monday
mouse_2,2025-10-27,1500.0,3,27,129,1302.0599274635315,False Alarm,,1,7,Monday
mouse_2,2025-10-27,1500.0,3,27,130,1317.2645008563995,Miss,,0,0,Monday
mouse_2,2025-10-27,1500.0,3,27,131,1327.7073965072632,Hit,0.7203122493958745,0,53,Monday
mouse_2,2025-10-27,1500.0,3,27,132,1336.8978493213654,False Alarm,,1,27,Monday
mouse_2,2025-10-27,1500.0,3,27,133,1347.094135761261,Hit,0.533628550698495,0,48,Monday
mouse_2,2025-10-27,1500.0,3,27,134,1354.7975690364838,False Alarm,,1,18,Monday
mouse_2,2025-10-27,1500.0,3,27,135,1365.0044054985046,Hit,1.806732369013389,0,37,Monday
mouse_2,2025-10-27,1500.0,3,27,136,1374.7175369262695,False Alarm,,1,9,Monday
mouse_2,2025-10-27,1500.0,3,27,137,1384.9255287647247,Miss,,0,0,Monday
mouse_2,2025-10-27,1500.0,3,27,138,1395.6271007061005,Miss,,0,0,Monday
mouse_2,2025-10-27,1500.0,3,27,139,1406.0881044864655,Hit,0.8407663522334587,0,20,Monday
mouse_2,2025-10-27,1500.0,3,27,140,1415.5476353168488,Miss,,0,0,Monday
mouse_2,2025-10-27,1500.0,3,27,141,1426.0075817108154,Hit,0.7973581987553189,0,11,Monday
mouse_2,2025-10-27,1500.0,3,27,142,1435.9576179981232,Hit,1.51252630416775,0,21,Monday
mouse_2,2025-10-27,1500.0,3,27,143,1445.1576073169708,Miss,,0,0,Monday
mouse_2,2025-10-27,1500.0,3,27,144,1456.3566799163818,Miss,,0,0,Monday
mouse_2,2025-10-27,1500.0,3,27,145,1467.0565209388733,Hit,0.3246116276754947,0,19,Monday
mouse_2,2025-10-27,1500.0,3,27,146,1475.748412847519,Hit,1.5494141332549134,0,20,Monday
mouse_2,2025-10-27,1500.0,3,27,147,1486.4471113681793,Miss,,0,0,Monday
mouse_2,2025-10-27,1500.0,3,27,148,1497.6476438045502,Hit,0.41415133312125363,0,35,Monday
mouse_2,2025-10-27,1500.0,3,27,149,1506.3573868274689,False Alarm,,1,4,Monday
mouse_2,2025-10-27,1500.0,3,27,150,1516.56365442276,Hit,0.2738432222440679,0,9,Monday
mouse_2,2025-10-27,1500.0,3,27,151,1526.006824016571,Miss,,0,0,Monday
mouse_2,2025-10-27,1500.0,3,27,152,1536.706847667694,Miss,,0,0,Monday
mouse_2,2025-10-27,1500.0,3,27,153,1546.9159879684448,Hit,1.9598139437043756,0,25,Monday
mouse_2,2025-10-27,1500.0,3,27,154,1557.6164281368256,Miss,,0,0,Monday
mouse_2,2025-10-27,1500.0,3,27,155,1567.8059577941895,Miss,,0,6,Monday
mouse_2,2025-10-27,1500.0,3,27,156,1579.2562801837921,Hit,0.015231923916644519,0,19,Monday
mouse_2,2025-10-27,1500.0,3,27,157,1586.7057082653046,Miss,,0,0,Monday
mouse_2,2025-10-27,1500.0,3,27,158,1597.6457035541534,Miss,,0,0,Monday
mouse_2,2025-10-27,1500.0,3,27,159,1608.5859985351562,Hit,0.21775930936246368,0,12,Monday
mouse_2,2025-10-27,1500.0,3,27,160,1617.0459620952606,Hit,0.20583880545291322,0,12,Monday
mouse_2,2025-10-27,1500.0,3,27,161,1626.2364337444305,Miss,,0,0,Monday
mouse_2,2025-10-27,1500.0,3,27,162,1636.1857905387878,Hit,0.5018942210183468,0,9,Monday
mouse_2,2025-10-27,1500.0,3,27,163,1645.3867392539978,Miss,,0,0,Monday
mouse_2,2025-10-27,1500.0,3,27,164,1655.3263521194458,Hit,0.09040048693486824,0,10,Monday
mouse_2,2025-10-27,1500.0,3,27,165,1664.286215543747,Miss,,0,0,Monday
mouse_2,2025-10-27,1500.0,3,27,166,1674.2452416419983,Miss,,0,0,Monday
mouse_2,2025-10-27,1500.0,3,27,167,1684.9445633888245,Hit (Calc),2.8568164070150033,0,5,Monday
mouse_2,2025-10-27,1500.0,3,27,168,1694.8958175182343,Miss,,0,0,Monday
mouse_2,2025-10-27,1500.0,3,27,169,1705.8541052341461,Hit,2.0198181316529826,0,9,Monday
mouse_2,2025-10-27,1500.0,3,27,170,1716.5557599067688,Miss,,0,0,Monday
mouse_2,2025-10-27,1500.0,3,27,171,1726.2652583122253,Hit,2.3135833287360583,0,15,Monday
mouse_2,2025-10-27,1500.0,3,27,172,1736.2063665390015,Miss,,0,0,Monday
mouse_2,2025-10-27,1500.0,3,27,173,1745.9152073860168,Hit,0.2041743652164314,0,27,Monday
mouse_2,2025-10-27,1500.0,3,27,174,1755.1156899929047,Miss,,0,0,Monday
mouse_2,2025-10-27,1500.0,3,27,175,1766.0760657787323,Miss,,0,0,Monday
mouse_2,2025-10-27,1500.0,3,27,176,1776.5359497070312,Hit,1.4119924983363035,0,13,Monday
mouse_2,2025-10-27,1500.0,3,27,177,1785.9963805675507,False Alarm,,1,6,Monday
mouse_2,2025-10-27,1500.0,3,27,178,1797.2020845413208,Miss,,0,0,Monday
mouse_2,2025-10-28,1800.0,0,-1,-1,,No Trial,,0,0,Tuesday
mouse_2,2025-10-29,2000.0,3,28,1,0.35120677947998047,Hit,1.6505403618576109,0,6,Wednesday
mouse_2,2025-10-29,2000.0,3,28,2,11.04562520980835,Hit,1.081515432330633,0,10,Wednesday
mouse_2,2025-10-29,2000.0,3,28,3,21.255769968032837,Miss,,0,0,Wednesday
mouse_2,2025-10-29,2000.0,3,28,4,31.205831050872803,Miss,,0,6,Wednesday
mouse_2,2025-10-29,2000.0,3,28,5,41.415008306503296,False Alarm,,1,9,Wednesday
mouse_2,2025-10-29,2000.0,3,28,6,52.37147235870361,False Alarm,,1,3,Wednesday
mouse_2,2025-10-29,2000.0,3,28,7,65.33119225502014,Hit,0.7515726479117859,0,28,Wednesday
mouse_2,2025-10-29,2000.0,3,28,8,75.02551937103271,False Alarm,,1,3,Wednesday
mouse_2,2025-10-29,2000.0,3,28,9,85.23567795753479,Hit,0.7797588202106027,0,27,Wednesday
mouse_2,2025-10-29,2000.0,3,28,10,93.18541669845581,False Alarm,,1,4,Wednesday
mouse_2,2025-10-29,2000.0,3,28,11,103.39127469062805,Miss,,0,0,Wednesday
mouse_2,2025-10-29,2000.0,3,28,12,114.08479070663452,Miss,,0,6,Wednesday
mouse_2,2025-10-29,2000.0,3,28,13,125.77545857429504,Hit,0.31957818282069184,0,13,Wednesday
mouse_2,2025-10-29,2000.0,3,28,14,133.2356219291687,Miss,,0,0,Wednesday
mouse_2,2025-10-29,2000.0,3,28,15,144.4341266155243,Miss,,0,4,Wednesday
mouse_2,2025-10-29,2000.0,3,28,16,155.1436095237732,Miss,,0,0,Wednesday
mouse_2,2025-10-29,2000.0,3,28,17,165.84540629386902,Hit,1.7412866566828598,0,38,Wednesday
mouse_2,2025-10-29,2000.0,3,28,18,174.79493260383606,False Alarm,,1,17,Wednesday
mouse_2,2025-10-29,2000.0,3,28,19,184.99717783927917,False Alarm,,1,4,Wednesday
mouse_2,2025-10-29,2000.0,3,28,20,198.71093440055847,Hit,2.1814362759206745,0,26,Wednesday
mouse_2,2025-10-29,2000.0,3,28,21,208.91410303115845,False Alarm,,1,1,Wednesday
mouse_2,2025-10-29,2000.0,3,28,22,219.12064290046692,Hit,0.8551085221511414,0,13,Wednesday
mouse_2,2025-10-29,2000.0,3,28,23,227.81519484519958,Hit,1.0119602783582877,0,30,Wednesday
mouse_2,2025-10-29,2000.0,3,28,24,236.7651379108429,False Alarm,,1,4,Wednesday
mouse_2,2025-10-29,2000.0,3,28,25,246.97124457359314,Hit,0.8745937756364128,0,25,Wednesday
mouse_2,2025-10-29,2000.0,3,28,26,255.42387199401855,Hit,0.7853004227644078,0,34,Wednesday
mouse_2,2025-10-29,2000.0,3,28,27,265.1144344806671,False Alarm,,1,4,Wednesday
mouse_2,2025-10-29,2000.0,3,28,28,275.3204801082611,Miss,,0,0,Wednesday
mouse_2,2025-10-29,2000.0,3,28,29,286.01344108581543,Miss,,0,2,Wednesday
mouse_2,2025-10-29,2000.0,3,28,30,296.4634027481079,Miss,,0,4,Wednesday
mouse_2,2025-10-29,2000.0,3,28,31,307.4132447242737,False Alarm,,1,4,Wednesday
mouse_2,2025-10-29,2000.0,3,28,32,320.3702230453491,Hit,0.6017037354023387,0,19,Wednesday
mouse_2,2025-10-29,2000.0,3,28,33,329.824182510376,Hit,0.26258489392392903,0,30,Wednesday
mouse_2,2025-10-29,2000.0,3,28,34,339.0242509841919,False Alarm,,1,2,Wednesday
mouse_2,2025-10-29,2000.0,3,28,35,349.23004484176636,Hit,0.2545336518624026,0,26,Wednesday
mouse_2,2025-10-29,2000.0,3,28,36,357.4238395690918,Hit,0.8414369094210201,0,35,Wednesday
mouse_2,2025-10-29,2000.0,3,28,37,367.37109875679016,False Alarm,,1,4,Wednesday
mouse_2,2025-10-29,2000.0,3,28,38,377.56593775749207,Miss,,0,4,Wednesday
mouse_2,2025-10-29,2000.0,3,28,39,388.260924577713,False Alarm,,1,4,Wednesday
mouse_2,2025-10-29,2000.0,3,28,40,402.22999238967896,Miss,,0,0,Wednesday
mouse_2,2025-10-29,2000.0,3,28,41,412.9404022693634,Hit,0.37240367418962705,0,39,Wednesday
mouse_2,2025-10-29,2000.0,3,28,42,421.65328884124756,False Alarm,,1,9,Wednesday
mouse_2,2025-10-29,2000.0,3,28,43,431.8591058254242,Miss,,0,0,Wednesday
mouse_2,2025-10-29,2000.0,3,28,44,443.3014245033264,Hit,0.27891651049264965,0,58,Wednesday
mouse_2,2025-10-29,2000.0,3,28,45,452.0030732154846,False Alarm,,1,28,Wednesday
mouse_2,2025-10-29,2000.0,3,28,46,462.199823141098,Hit,0.5058858279983838,0,34,Wednesday
mouse_2,2025-10-29,2000.0,3,28,47,471.4014437198639,False Alarm,,1,5,Wednesday
mouse_2,2025-10-29,2000.0,3,28,48,481.60902070999146,Hit,0.5780260309252299,0,28,Wednesday
mouse_2,2025-10-29,2000.0,3,28,49,490.3136532306671,False Alarm,,1,1,Wednesday
mouse_2,2025-10-29,2000.0,3,28,50,501.2658944129944,Miss,,0,0,Wednesday
mouse_2,2025-10-29,2000.0,3,28,51,511.4615728855133,Hit,0.36488629344535184,0,42,Wednesday
mouse_2,2025-10-29,2000.0,3,28,52,519.9030389785767,False Alarm,,1,12,Wednesday
mouse_2,2025-10-29,2000.0,3,28,53,530.1017379760742,Hit,0.6794699249265932,0,41,Wednesday
mouse_2,2025-10-29,2000.0,3,28,54,538.3122386932373,False Alarm,,1,12,Wednesday
mouse_2,2025-10-29,2000.0,3,28,55,548.5187106132507,Hit,1.6456576565504974,0,53,Wednesday
mouse_2,2025-10-29,2000.0,3,28,56,558.7225451469421,False Alarm,,1,24,Wednesday
mouse_2,2025-10-29,2000.0,3,28,57,568.9284644126892,Miss,,0,6,Wednesday
mouse_2,2025-10-29,2000.0,3,28,58,578.8713750839233,False Alarm,,1,8,Wednesday
mouse_2,2025-10-29,2000.0,3,28,59,589.5885727405548,Miss,,0,4,Wednesday
mouse_2,2025-10-29,2000.0,3,28,60,599.2811954021454,False Alarm,,1,4,Wednesday
mouse_2,2025-10-29,2000.0,3,28,61,610.4788160324097,Hit,0.5521177401144541,0,26,Wednesday
mouse_2,2025-10-29,2000.0,3,28,62,618.6820156574249,Hit,0.865635372215479,0,48,Wednesday
mouse_2,2025-10-29,2000.0,3,28,63,627.3910574913025,False Alarm,,1,18,Wednesday
mouse_2,2025-10-29,2000.0,3,28,64,637.5976724624634,Hit,0.21104731807713506,0,37,Wednesday
mouse_2,2025-10-29,2000.0,3,28,65,646.0509753227234,False Alarm,,1,11,Wednesday
mouse_2,2025-10-29,2000.0,3,28,66,656.2479107379913,Hit,0.3716132548678388,0,53,Wednesday
mouse_2,2025-10-29,2000.0,3,28,67,663.9510753154755,False Alarm,,1,25,Wednesday
mouse_2,2025-10-29,2000.0,3,28,68,674.1579287052155,Hit,0.5192885816842363,0,43,Wednesday
mouse_2,2025-10-29,2000.0,3,28,69,682.1211698055267,False Alarm,,1,15,Wednesday
mouse_2,2025-10-29,2000.0,3,28,70,692.3272714614868,Hit,0.4912519502267969,0,76,Wednesday
mouse_2,2025-10-29,2000.0,3,28,71,701.5310914516449,False Alarm,,1,67,Wednesday
mouse_2,2025-10-29,2000.0,3,28,72,711.737286567688,Hit,0.4339981822364507,0,78,Wednesday
mouse_2,2025-10-29,2000.0,3,28,73,720.1912951469421,False Alarm,,1,74,Wednesday
mouse_2,2025-10-29,2000.0,3,28,74,730.3919780254364,Hit,0.4686822077042052,0,56,Wednesday
mouse_2,2025-10-29,2000.0,3,28,75,738.0912795066833,False Alarm,,1,28,Wednesday
mouse_2,2025-10-29,2000.0,3,28,76,748.2888624668121,Hit,0.5874998153517481,0,77,Wednesday
mouse_2,2025-10-29,2000.0,3,28,77,756.740885257721,False Alarm,,1,100,Wednesday
mouse_2,2025-10-29,2000.0,3,28,78,766.9414367675781,False Alarm,,1,5,Wednesday
mouse_2,2025-10-29,2000.0,3,28,79,777.1519584655762,Hit,0.5978894933803076,0,47,Wednesday
mouse_2,2025-10-29,2000.0,3,28,80,785.8511090278625,False Alarm,,1,17,Wednesday
mouse_2,2025-10-29,2000.0,3,28,81,796.0513505935669,Miss,,0,1,Wednesday
mouse_2,2025-10-29,2000.0,3,28,82,806.0002801418304,Hit,0.7582486916320477,0,75,Wednesday
mouse_2,2025-10-29,2000.0,3,28,83,814.2086322307587,False Alarm,,1,55,Wednesday
mouse_2,2025-10-29,2000.0,3,28,84,824.4171736240387,Hit,0.25837232036110436,0,35,Wednesday
mouse_2,2025-10-29,2000.0,3,28,85,832.874345779419,False Alarm,,1,8,Wednesday
mouse_2,2025-10-29,2000.0,3,28,86,843.0710773468018,False Alarm,,1,4,Wednesday
mouse_2,2025-10-29,2000.0,3,28,87,858.2625963687897,Miss,,0,2,Wednesday
mouse_2,2025-10-29,2000.0,3,28,88,868.7099270820618,False Alarm,,1,2,Wednesday
mouse_2,2025-10-29,2000.0,3,28,89,880.1666202545166,Hit,0.4904129954901464,0,77,Wednesday
mouse_2,2025-10-29,2000.0,3,28,90,888.6210842132568,False Alarm,,1,90,Wednesday
mouse_2,2025-10-29,2000.0,3,28,91,898.8273434638977,Hit,0.7809904045799385,0,33,Wednesday
mouse_2,2025-10-29,2000.0,3,28,92,907.7873468399048,False Alarm,,1,4,Wednesday
mouse_2,2025-10-29,2000.0,3,28,93,917.9865930080414,False Alarm,,1,1,Wednesday
mouse_2,2025-10-29,2000.0,3,28,94,929.1813294887543,Hit,0.4089201860591629,0,48,Wednesday
mouse_2,2025-10-29,2000.0,3,28,95,937.881712436676,False Alarm,,1,22,Wednesday
mouse_2,2025-10-29,2000.0,3,28,96,948.0967233181,False Alarm,,1,4,Wednesday
mouse_2,2025-10-29,2000.0,3,28,97,959.0468828678131,Miss,,0,0,Wednesday
mouse_2,2025-10-29,2000.0,3,28,98,969.2494471073151,Hit,0.9593457061712343,0,79,Wednesday
mouse_2,2025-10-29,2000.0,3,28,99,978.697925567627,False Alarm,,1,108,Wednesday
mouse_2,2025-10-29,2000.0,3,28,100,988.9003388881683,False Alarm,,1,17,Wednesday
mouse_2,2025-10-29,2000.0,3,28,101,999.1012988090515,Hit,0.4194918233781664,0,76,Wednesday
mouse_2,2025-10-29,2000.0,3,28,102,1006.5510864257812,False Alarm,,1,67,Wednesday
mouse_2,2025-10-29,2000.0,3,28,103,1016.7564105987549,Hit,1.0012786852690851,0,41,Wednesday
mouse_2,2025-10-29,2000.0,3,28,104,1026.2095549106598,False Alarm,,1,12,Wednesday
mouse_2,2025-10-29,2000.0,3,28,105,1036.4210016727448,Hit,0.8348203759126136,0,30,Wednesday
mouse_2,2025-10-29,2000.0,3,28,106,1046.119145154953,Hit,0.35611986994263134,0,72,Wednesday
mouse_2,2025-10-29,2000.0,3,28,107,1054.0598125457764,False Alarm,,1,41,Wednesday
mouse_2,2025-10-29,2000.0,3,28,108,1064.2758288383484,Hit,0.18418093809805214,0,33,Wednesday
mouse_2,2025-10-29,2000.0,3,28,109,1072.489589214325,False Alarm,,1,5,Wednesday
mouse_2,2025-10-29,2000.0,3,28,110,1082.6910190582275,Hit,0.2768960431378673,0,40,Wednesday
mouse_2,2025-10-29,2000.0,3,28,111,1090.8987247943878,False Alarm,,1,12,Wednesday
mouse_2,2025-10-29,2000.0,3,28,112,1101.1019554138184,Hit,0.26309624839541357,0,41,Wednesday
mouse_2,2025-10-29,2000.0,3,28,113,1109.5560805797577,False Alarm,,1,12,Wednesday
mouse_2,2025-10-29,2000.0,3,28,114,1119.75106716156,Hit,0.33986690568917766,0,37,Wednesday
mouse_2,2025-10-29,2000.0,3,28,115,1128.699203968048,False Alarm,,1,8,Wednesday
mouse_2,2025-10-29,2000.0,3,28,116,1138.9013125896454,False Alarm,,1,2,Wednesday
mouse_2,2025-10-29,2000.0,3,28,117,1150.3473749160767,Hit,0.33072104386496903,0,73,Wednesday
mouse_2,2025-10-29,2000.0,3,28,118,1159.0362203121185,False Alarm,,1,43,Wednesday
mouse_2,2025-10-29,2000.0,3,28,119,1169.2415299415588,Miss,,0,0,Wednesday
mouse_2,2025-10-29,2000.0,3,28,120,1178.9379680156708,Hit,0.22433565926371557,0,37,Wednesday
mouse_2,2025-10-29,2000.0,3,28,121,1188.1290123462677,Hit,0.020499564772080703,0,22,Wednesday
mouse_2,2025-10-29,2000.0,3,28,122,1195.5785331726074,False Alarm,,1,5,Wednesday
mouse_2,2025-10-29,2000.0,3,28,123,1210.274670124054,Miss,,0,0,Wednesday
mouse_2,2025-10-29,2000.0,3,28,124,1220.4874305725098,Hit,0.07213094328153602,0,71,Wednesday
mouse_2,2025-10-29,2000.0,3,28,125,1228.688292980194,False Alarm,,1,43,Wednesday
mouse_2,2025-10-29,2000.0,3,28,126,1238.8946282863617,Hit,1.4225450077631194,0,53,Wednesday
mouse_2,2025-10-29,2000.0,3,28,127,1247.83819937706,False Alarm,,1,22,Wednesday
mouse_2,2025-10-29,2000.0,3,28,128,1258.0543370246887,Miss,,0,0,Wednesday
mouse_2,2025-10-29,2000.0,3,28,129,1268.2572631835938,Miss,,0,5,Wednesday
mouse_2,2025-10-29,2000.0,3,28,130,1278.4578113555908,Hit,0.06820865224722183,0,57,Wednesday
mouse_2,2025-10-29,2000.0,3,28,131,1285.9152719974518,False Alarm,,1,29,Wednesday
mouse_2,2025-10-29,2000.0,3,28,132,1296.1210050582886,Hit,0.5796555832823742,0,80,Wednesday
mouse_2,2025-10-29,2000.0,3,28,133,1305.3275060653687,False Alarm,,1,57,Wednesday
mouse_2,2025-10-29,2000.0,3,28,134,1315.524198770523,Miss,,0,0,Wednesday
mouse_2,2025-10-29,2000.0,3,28,135,1325.4868400096893,Miss,,0,1,Wednesday
mouse_2,2025-10-29,2000.0,3,28,136,1335.4370698928833,Hit,0.18305243683062145,0,79,Wednesday
mouse_2,2025-10-29,2000.0,3,28,137,1344.1475462913513,False Alarm,,1,57,Wednesday
mouse_2,2025-10-29,2000.0,3,28,138,1354.35102725029,Hit,0.6120993154040661,0,32,Wednesday
mouse_2,2025-10-29,2000.0,3,28,139,1362.0477213859558,False Alarm,,1,4,Wednesday
mouse_2,2025-10-29,2000.0,3,28,140,1372.2452754974365,Miss,,0,0,Wednesday
mouse_2,2025-10-29,2000.0,3,28,141,1382.1871366500854,Miss,,0,0,Wednesday
mouse_2,2025-10-29,2000.0,3,28,142,1392.396348953247,Hit,0.5290064015484859,0,76,Wednesday
mouse_2,2025-10-29,2000.0,3,28,143,1401.5885965824127,False Alarm,,1,47,Wednesday
mouse_2,2025-10-29,2000.0,3,28,144,1411.7913193702698,Miss,,0,0,Wednesday
mouse_2,2025-10-29,2000.0,3,28,145,1422.9853591918945,Hit,1.6131526187675718,0,62,Wednesday
mouse_2,2025-10-29,2000.0,3,28,146,1431.937052488327,False Alarm,,1,30,Wednesday
mouse_2,2025-10-29,2000.0,3,28,147,1442.143649816513,Hit,0.3628010371885466,0,28,Wednesday
mouse_2,2025-10-29,2000.0,3,28,148,1451.3376054763794,False Alarm,,1,1,Wednesday
mouse_2,2025-10-29,2000.0,3,28,149,1463.0533406734467,Hit,0.30518845215101464,0,31,Wednesday
mouse_2,2025-10-29,2000.0,3,28,150,1471.7477259635925,False Alarm,,1,2,Wednesday
mouse_2,2025-10-29,2000.0,3,28,151,1481.9531931877136,Miss,,0,0,Wednesday
mouse_2,2025-10-29,2000.0,3,28,152,1492.3948767185211,Hit,1.3421151657366863,0,54,Wednesday
mouse_2,2025-10-29,2000.0,3,28,153,1501.586671113968,False Alarm,,1,27,Wednesday
mouse_2,2025-10-29,2000.0,3,28,154,1511.793123960495,Hit,0.03132715165020272,0,24,Wednesday
mouse_2,2025-10-29,2000.0,3,28,155,1519.7367179393768,Hit,1.21117717014954,0,43,Wednesday
mouse_2,2025-10-29,2000.0,3,28,156,1528.1837365627289,False Alarm,,1,17,Wednesday
mouse_2,2025-10-29,2000.0,3,28,157,1538.3928155899048,False Alarm,,1,4,Wednesday
mouse_2,2025-10-29,2000.0,3,28,158,1551.5933887958527,Miss,,0,0,Wednesday
mouse_2,2025-10-29,2000.0,3,28,159,1561.3059566020966,Hit,0.5263724694032135,0,22,Wednesday
mouse_2,2025-10-29,2000.0,3,28,160,1569.9966883659363,Miss,,0,0,Wednesday
mouse_2,2025-10-29,2000.0,3,28,161,1580.955483198166,Hit,0.32263542070472795,0,14,Wednesday
mouse_2,2025-10-29,2000.0,3,28,162,1589.665720462799,Hit,0.4349896916273792,0,34,Wednesday
mouse_2,2025-10-29,2000.0,3,28,163,1599.1061074733734,False Alarm,,1,4,Wednesday
mouse_2,2025-10-29,2000.0,3,28,164,1613.5532629489899,Miss,,0,0,Wednesday
mouse_2,2025-10-29,2000.0,3,28,165,1624.0052664279938,Miss,,0,0,Wednesday
mouse_2,2025-10-29,2000.0,3,28,166,1633.9429347515106,Hit,0.13234333214472827,0,51,Wednesday
mouse_2,2025-10-29,2000.0,3,28,167,1642.6460988521576,False Alarm,,1,21,Wednesday
mouse_2,2025-10-29,2000.0,3,28,168,1652.851059436798,Hit,1.2057315452568673,0,54,Wednesday
mouse_2,2025-10-29,2000.0,3,28,169,1662.0555548667908,False Alarm,,1,25,Wednesday
mouse_2,2025-10-29,2000.0,3,28,170,1672.2622129917145,Miss,,0,0,Wednesday
mouse_2,2025-10-29,2000.0,3,28,171,1683.724948644638,Hit,0.5392434593329654,0,16,Wednesday
mouse_2,2025-10-29,2000.0,3,28,172,1692.1755092144012,Hit,0.14360993649393095,0,53,Wednesday
mouse_2,2025-10-29,2000.0,3,28,173,1700.3636317253113,False Alarm,,1,23,Wednesday
mouse_2,2025-10-29,2000.0,3,28,174,1710.5615310668945,Miss,,0,2,Wednesday
mouse_2,2025-10-29,2000.0,3,28,175,1721.0046908855438,False Alarm,,1,2,Wednesday
mouse_2,2025-10-29,2000.0,3,28,176,1731.4516944885254,Hit,0.4125634089612049,0,9,Wednesday
mouse_2,2025-10-29,2000.0,3,28,177,1740.9053988456726,Hit,0.9145116748400142,0,66,Wednesday
mouse_2,2025-10-29,2000.0,3,28,178,1749.3625736236572,False Alarm,,1,36,Wednesday
mouse_2,2025-10-29,2000.0,3,28,179,1759.552580833435,Miss,,0,0,Wednesday
mouse_2,2025-10-29,2000.0,3,28,180,1770.0039768218994,Miss,,0,0,Wednesday
mouse_2,2025-10-29,2000.0,3,28,181,1779.6952114105225,Miss,,0,0,Wednesday
mouse_2,2025-10-29,2000.0,3,28,182,1790.3955562114716,Miss,,0,0,Wednesday
mouse_2,2025-10-29,2000.0,3,28,183,1801.0945734977722,Miss,,0,0,Wednesday
mouse_2,2025-10-30,2000.0,0,-1,-1,,No Trial,,0,0,Thursday
mouse_2,2025-10-31,610.0,0,-1,-1,,No Trial,,0,0,Friday
mouse_2,2025-11-01,1610.0,0,-1,-1,,No Trial,,0,0,Saturday
mouse_2,2025-11-02,2000.0,3,29,1,0.3679964542388916,Hit,1.60864775474061,0,24,Sunday
mouse_2,2025-11-02,2000.0,3,29,2,10.5590238571167,False Alarm,,1,7,Sunday
mouse_2,2025-11-02,2000.0,3,29,3,20.764028310775757,False Alarm,,1,8,Sunday
mouse_2,2025-11-02,2000.0,3,29,4,32.96384620666504,False Alarm,,1,2,Sunday
mouse_2,2025-11-02,2000.0,3,29,5,44.907700300216675,Miss,,0,1,Sunday
mouse_2,2025-11-02,2000.0,3,29,6,55.10780096054077,False Alarm,,1,1,Sunday
mouse_2,2025-11-02,2000.0,3,29,7,67.32520079612732,Hit,1.716561081658682,0,40,Sunday
mouse_2,2025-11-02,2000.0,3,29,8,77.28728604316711,False Alarm,,1,11,Sunday
mouse_2,2025-11-02,2000.0,3,29,9,87.49515676498413,Hit,0.9201271350178075,0,27,Sunday
mouse_2,2025-11-02,2000.0,3,29,10,96.18773937225342,False Alarm,,1,2,Sunday
mouse_2,2025-11-02,2000.0,3,29,11,106.39423298835754,Hit,2.289434602043059,0,35,Sunday
mouse_2,2025-11-02,2000.0,3,29,12,116.5874412059784,False Alarm,,1,14,Sunday
mouse_2,2025-11-02,2000.0,3,29,13,126.7881498336792,False Alarm,,1,2,Sunday
mouse_2,2025-11-02,2000.0,3,29,14,138.2440047264099,Hit,0.13887937937562356,0,43,Sunday
mouse_2,2025-11-02,2000.0,3,29,15,147.20696806907654,False Alarm,,1,17,Sunday
mouse_2,2025-11-02,2000.0,3,29,16,157.40808725357056,Hit,0.4638134187862306,0,19,Sunday
mouse_2,2025-11-02,2000.0,3,29,17,165.85692358016968,Hit,0.36364058142052613,0,33,Sunday
mouse_2,2025-11-02,2000.0,3,29,18,175.31651210784912,False Alarm,,1,8,Sunday
mouse_2,2025-11-02,2000.0,3,29,19,185.51799821853638,Hit,0.5462665281794443,0,49,Sunday
mouse_2,2025-11-02,2000.0,3,29,20,193.97646832466125,False Alarm,,1,21,Sunday
mouse_2,2025-11-02,2000.0,3,29,21,204.17774319648743,Miss,,0,5,Sunday
mouse_2,2025-11-02,2000.0,3,29,22,215.1252477169037,Hit,0.4886379102568128,0,39,Sunday
mouse_2,2025-11-02,2000.0,3,29,23,223.0669014453888,False Alarm,,1,12,Sunday
mouse_2,2025-11-02,2000.0,3,29,24,233.27773547172546,Hit,1.0492244681800003,0,28,Sunday
mouse_2,2025-11-02,2000.0,3,29,25,243.48548769950867,False Alarm,,1,4,Sunday
mouse_2,2025-11-02,2000.0,3,29,26,253.94190859794617,False Alarm,,1,14,Sunday
mouse_2,2025-11-02,2000.0,3,29,27,265.1421205997467,False Alarm,,1,11,Sunday
mouse_2,2025-11-02,2000.0,3,29,28,276.0879089832306,Hit,0.456343559445088,0,22,Sunday
mouse_2,2025-11-02,2000.0,3,29,29,284.8046295642853,False Alarm,,1,7,Sunday
mouse_2,2025-11-02,2000.0,3,29,30,300.0114166736603,Hit,0.23534454508410363,0,27,Sunday
mouse_2,2025-11-02,2000.0,3,29,31,308.71462750434875,False Alarm,,1,6,Sunday
mouse_2,2025-11-02,2000.0,3,29,32,318.9109477996826,Hit,0.2565422824685015,0,60,Sunday
mouse_2,2025-11-02,2000.0,3,29,33,326.60578870773315,False Alarm,,1,31,Sunday
mouse_2,2025-11-02,2000.0,3,29,34,336.8112459182739,Hit,0.33830356650258864,0,28,Sunday
mouse_2,2025-11-02,2000.0,3,29,35,344.75590682029724,False Alarm,,1,3,Sunday
mouse_2,2025-11-02,2000.0,3,29,36,354.9567515850067,Hit,1.4743815494384762,0,16,Sunday
mouse_2,2025-11-02,2000.0,3,29,37,364.91497802734375,False Alarm,,1,15,Sunday
mouse_2,2025-11-02,2000.0,3,29,38,377.8613450527191,Hit,0.3935458975069537,0,41,Sunday
mouse_2,2025-11-02,2000.0,3,29,39,386.0747821331024,False Alarm,,1,19,Sunday
mouse_2,2025-11-02,2000.0,3,29,40,396.2773175239563,False Alarm,,1,7,Sunday
mouse_2,2025-11-02,2000.0,3,29,41,408.9863443374634,Hit,0.030010766414534373,0,32,Sunday
mouse_2,2025-11-02,2000.0,3,29,42,417.93528175354004,False Alarm,,1,10,Sunday
mouse_2,2025-11-02,2000.0,3,29,43,431.89068627357483,False Alarm,,1,6,Sunday
mouse_2,2025-11-02,2000.0,3,29,44,443.58762311935425,False Alarm,,1,2,Sunday
mouse_2,2025-11-02,2000.0,3,29,45,458.5370020866394,Hit,2.032558430707468,0,46,Sunday
mouse_2,2025-11-02,2000.0,3,29,46,467.74306082725525,False Alarm,,1,19,Sunday
mouse_2,2025-11-02,2000.0,3,29,47,477.9476571083069,Hit,0.6658983833223715,0,46,Sunday
mouse_2,2025-11-02,2000.0,3,29,48,486.392906665802,False Alarm,,1,24,Sunday
mouse_2,2025-11-02,2000.0,3,29,49,496.5926275253296,False Alarm,,1,7,Sunday
mouse_2,2025-11-02,2000.0,3,29,50,510.03769540786743,Hit,0.01878510853384796,0,77,Sunday
mouse_2,2025-11-02,2000.0,3,29,51,517.7298905849457,False Alarm,,1,80,Sunday
mouse_2,2025-11-02,2000.0,3,29,52,527.9384968280792,False Alarm,,1,23,Sunday
mouse_2,2025-11-02,2000.0,3,29,53,539.1483075618744,False Alarm,,1,96,Sunday
mouse_2,2025-11-02,2000.0,3,29,54,551.1083714962006,False Alarm,,1,68,Sunday
mouse_2,2025-11-02,2000.0,3,29,55,561.3083491325378,False Alarm,,1,12,Sunday
mouse_2,2025-11-02,2000.0,3,29,56,575.0165932178497,Hit,0.2890196882131022,0,50,Sunday
mouse_2,2025-11-02,2000.0,3,29,57,583.4614250659943,False Alarm,,1,30,Sunday
mouse_2,2025-11-02,2000.0,3,29,58,593.6577005386353,False Alarm,,1,5,Sunday
mouse_2,2025-11-02,2000.0,3,29,59,604.6081027984619,Hit,0.6159771244056174,0,51,Sunday
mouse_2,2025-11-02,2000.0,3,29,60,613.0605249404907,False Alarm,,1,27,Sunday
mouse_2,2025-11-02,2000.0,3,29,61,623.2667894363403,Hit,0.5263008229735533,0,38,Sunday
mouse_2,2025-11-02,2000.0,3,29,62,631.9801681041718,False Alarm,,1,11,Sunday
mouse_2,2025-11-02,2000.0,3,29,63,642.1777920722961,Hit,0.17935878973901254,0,30,Sunday
mouse_2,2025-11-02,2000.0,3,29,64,651.3898859024048,False Alarm,,1,8,Sunday
mouse_2,2025-11-02,2000.0,3,29,65,661.5928757190704,False Alarm,,1,13,Sunday
mouse_2,2025-11-02,2000.0,3,29,66,673.0376131534576,False Alarm,,1,13,Sunday
mouse_2,2025-11-02,2000.0,3,29,67,685.4886121749878,Hit,0.4951034095081468,0,73,Sunday
mouse_2,2025-11-02,2000.0,3,29,68,693.4392290115356,False Alarm,,1,48,Sunday
mouse_2,2025-11-02,2000.0,3,29,69,703.6444926261902,Hit,0.777340710217004,0,46,Sunday
mouse_2,2025-11-02,2000.0,3,29,70,711.8476524353027,False Alarm,,1,24,Sunday
mouse_2,2025-11-02,2000.0,3,29,71,722.0542092323303,False Alarm,,1,9,Sunday
mouse_2,2025-11-02,2000.0,3,29,72,734.2537648677826,False Alarm,,1,3,Sunday
mouse_2,2025-11-02,2000.0,3,29,73,745.1954329013824,Hit,0.6150166383972646,0,77,Sunday
mouse_2,2025-11-02,2000.0,3,29,74,754.1575865745544,False Alarm,,1,83,Sunday
mouse_2,2025-11-02,2000.0,3,29,75,764.3630211353302,False Alarm,,1,3,Sunday
mouse_2,2025-11-02,2000.0,3,29,76,777.0638771057129,Hit,1.3788095257168607,0,69,Sunday
mouse_2,2025-11-02,2000.0,3,29,77,786.2766609191895,False Alarm,,1,88,Sunday
mouse_2,2025-11-02,2000.0,3,29,78,796.4830765724182,False Alarm,,1,4,Sunday
mouse_2,2025-11-02,2000.0,3,29,79,806.6822431087494,Hit,1.3806152503520934,0,61,Sunday
mouse_2,2025-11-02,2000.0,3,29,80,816.6252341270447,False Alarm,,1,32,Sunday
mouse_2,2025-11-02,2000.0,3,29,81,826.8314082622528,Hit,1.1114276660765654,0,52,Sunday
mouse_2,2025-11-02,2000.0,3,29,82,835.7726097106934,False Alarm,,1,23,Sunday
mouse_2,2025-11-02,2000.0,3,29,83,845.9712688922882,Hit,0.6687406496935182,0,37,Sunday
mouse_2,2025-11-02,2000.0,3,29,84,854.9347593784332,False Alarm,,1,11,Sunday
mouse_2,2025-11-02,2000.0,3,29,85,865.1410157680511,Hit,0.5084176422224118,0,52,Sunday
mouse_2,2025-11-02,2000.0,3,29,86,874.3447284698486,False Alarm,,1,27,Sunday
mouse_2,2025-11-02,2000.0,3,29,87,884.5505301952362,False Alarm,,1,6,Sunday
mouse_2,2025-11-02,2000.0,3,29,88,898.2522282600403,False Alarm,,1,5,Sunday
mouse_2,2025-11-02,2000.0,3,29,89,909.7102510929108,Hit,0.828671060496049,0,43,Sunday
mouse_2,2025-11-02,2000.0,3,29,90,917.6733837127686,False Alarm,,1,16,Sunday
mouse_2,2025-11-02,2000.0,3,29,91,927.8799011707306,False Alarm,,1,2,Sunday
mouse_2,2025-11-02,2000.0,3,29,92,941.5896954536438,Hit,0.8842673863332493,0,74,Sunday
mouse_2,2025-11-02,2000.0,3,29,93,950.2934174537659,False Alarm,,1,53,Sunday
mouse_2,2025-11-02,2000.0,3,29,94,960.4991428852081,Hit,0.754046043065614,0,36,Sunday
mouse_2,2025-11-02,2000.0,3,29,95,969.6918814182281,False Alarm,,1,11,Sunday
mouse_2,2025-11-02,2000.0,3,29,96,979.8978805541992,Hit,0.4171415208223834,0,75,Sunday
mouse_2,2025-11-02,2000.0,3,29,97,987.8399319648743,False Alarm,,1,48,Sunday
mouse_2,2025-11-02,2000.0,3,29,98,998.0378341674805,Hit,0.17783357607220296,0,49,Sunday
mouse_2,2025-11-02,2000.0,3,29,99,1006.2318134307861,False Alarm,,1,21,Sunday
mouse_2,2025-11-02,2000.0,3,29,100,1016.4193828105927,Hit,1.5252878506034904,0,74,Sunday
mouse_2,2025-11-02,2000.0,3,29,101,1025.11141705513,False Alarm,,1,61,Sunday
mouse_2,2025-11-02,2000.0,3,29,102,1035.3168075084686,Hit,0.6636757651538119,0,43,Sunday
mouse_2,2025-11-02,2000.0,3,29,103,1044.7603673934937,False Alarm,,1,14,Sunday
mouse_2,2025-11-02,2000.0,3,29,104,1054.9642474651337,Hit,1.3547634534438657,0,54,Sunday
mouse_2,2025-11-02,2000.0,3,29,105,1063.9078290462494,False Alarm,,1,27,Sunday
mouse_2,2025-11-02,2000.0,3,29,106,1074.0997052192688,False Alarm,,1,4,Sunday
mouse_2,2025-11-02,2000.0,3,29,107,1088.8055338859558,Hit,0.63525418718541,0,64,Sunday
mouse_2,2025-11-02,2000.0,3,29,108,1096.7492175102234,False Alarm,,1,36,Sunday
mouse_2,2025-11-02,2000.0,3,29,109,1106.9555735588074,False Alarm,,1,9,Sunday
mouse_2,2025-11-02,2000.0,3,29,110,1120.6563930511475,False Alarm,,1,8,Sunday
mouse_2,2025-11-02,2000.0,3,29,111,1132.3559865951538,Hit,0.6175321011344295,0,61,Sunday
mouse_2,2025-11-02,2000.0,3,29,112,1140.8075666427612,False Alarm,,1,35,Sunday
mouse_2,2025-11-02,2000.0,3,29,113,1151.01398396492,Hit,0.6008719864576051,0,75,Sunday
mouse_2,2025-11-02,2000.0,3,29,114,1158.7057266235352,False Alarm,,1,50,Sunday
mouse_2,2025-11-02,2000.0,3,29,115,1168.893534898758,Hit,0.5879582840270814,0,39,Sunday
mouse_2,2025-11-02,2000.0,3,29,116,1178.0965173244476,False Alarm,,1,15,Sunday
mouse_2,2025-11-02,2000.0,3,29,117,1188.3126590251923,False Alarm,,1,5,Sunday
mouse_2,2025-11-02,2000.0,3,29,118,1202.2640318870544,Hit,1.3632106411080258,0,37,Sunday
mouse_2,2025-11-02,2000.0,3,29,119,1211.215627670288,False Alarm,,1,11,Sunday
mouse_2,2025-11-02,2000.0,3,29,120,1221.4279263019562,False Alarm,,1,5,Sunday
mouse_2,2025-11-02,2000.0,3,29,121,1232.8920407295227,False Alarm,,1,2,Sunday
mouse_2,2025-11-02,2000.0,3,29,122,1247.3479046821594,Hit,0.6473091231534909,0,35,Sunday
mouse_2,2025-11-02,2000.0,3,29,123,1257.0438618659973,False Alarm,,1,5,Sunday
mouse_2,2025-11-02,2000.0,3,29,124,1267.239396572113,Hit,0.43229592787929505,0,25,Sunday
mouse_2,2025-11-02,2000.0,3,29,125,1276.4419260025024,Hit,1.0655749004795325,0,45,Sunday
mouse_2,2025-11-02,2000.0,3,29,126,1285.3838255405426,False Alarm,,1,18,Sunday
mouse_2,2025-11-02,2000.0,3,29,127,1295.6000514030457,False Alarm,,1,3,Sunday
mouse_2,2025-11-02,2000.0,3,29,128,1309.0655419826508,Hit,1.4983964684954572,0,72,Sunday
mouse_2,2025-11-02,2000.0,3,29,129,1318.0143415927887,False Alarm,,1,44,Sunday
mouse_2,2025-11-02,2000.0,3,29,130,1328.2190129756927,Hit,0.7557839306659844,0,29,Sunday
mouse_2,2025-11-02,2000.0,3,29,131,1336.660455942154,False Alarm,,1,3,Sunday
mouse_2,2025-11-02,2000.0,3,29,132,1346.8581421375275,Hit,0.850774242762327,0,54,Sunday
mouse_2,2025-11-02,2000.0,3,29,133,1354.8018798828125,False Alarm,,1,25,Sunday
mouse_2,2025-11-02,2000.0,3,29,134,1365.008220911026,Hit,0.5994855414489848,0,45,Sunday
mouse_2,2025-11-02,2000.0,3,29,135,1374.2107200622559,False Alarm,,1,19,Sunday
mouse_2,2025-11-02,2000.0,3,29,136,1384.4093976020813,False Alarm,,1,7,Sunday
mouse_2,2025-11-02,2000.0,3,29,137,1399.1170268058777,False Alarm,,1,2,Sunday
mouse_2,2025-11-02,2000.0,3,29,138,1410.0681540966034,Hit,1.7726009445341333,0,78,Sunday
mouse_2,2025-11-02,2000.0,3,29,139,1420.2566199302673,False Alarm,,1,52,Sunday
mouse_2,2025-11-02,2000.0,3,29,140,1430.4476811885834,Miss,,0,0,Sunday
mouse_2,2025-11-02,2000.0,3,29,141,1441.3895499706268,Hit,0.22545052005239086,0,28,Sunday
mouse_2,2025-11-02,2000.0,3,29,142,1449.848918914795,False Alarm,,1,1,Sunday
mouse_2,2025-11-02,2000.0,3,29,143,1460.049824476242,Hit,1.8874176854378675,0,48,Sunday
mouse_2,2025-11-02,2000.0,3,29,144,1469.2576718330383,False Alarm,,1,22,Sunday
mouse_2,2025-11-02,2000.0,3,29,145,1479.4648287296295,Hit,0.5407366559004458,0,39,Sunday
mouse_2,2025-11-02,2000.0,3,29,146,1487.1576828956604,False Alarm,,1,14,Sunday
mouse_2,2025-11-02,2000.0,3,29,147,1497.3560862541199,Hit,0.2644654843113585,0,59,Sunday
mouse_2,2025-11-02,2000.0,3,29,148,1505.04856467247,False Alarm,,1,30,Sunday
mouse_2,2025-11-02,2000.0,3,29,149,1515.2636857032776,Hit,0.32429488901993864,0,30,Sunday
mouse_2,2025-11-02,2000.0,3,29,150,1523.7175612449646,False Alarm,,1,5,Sunday
mouse_2,2025-11-02,2000.0,3,29,151,1533.9229962825775,Hit,0.48787967221051076,0,41,Sunday
mouse_2,2025-11-02,2000.0,3,29,152,1542.3661108016968,False Alarm,,1,20,Sunday
mouse_2,2025-11-02,2000.0,3,29,153,1552.572915315628,False Alarm,,1,7,Sunday
mouse_2,2025-11-02,2000.0,3,29,154,1564.7720832824707,Hit,0.3872505405281572,0,75,Sunday
mouse_2,2025-11-02,2000.0,3,29,155,1573.9652724266052,False Alarm,,1,114,Sunday
mouse_2,2025-11-02,2000.0,3,29,156,1584.1729259490967,False Alarm,,1,31,Sunday
mouse_2,2025-11-02,2000.0,3,29,157,1594.3676488399506,False Alarm,,1,9,Sunday
mouse_2,2025-11-02,2000.0,3,29,158,1608.3166761398315,Hit,0.5543816596359648,0,23,Sunday
mouse_2,2025-11-02,2000.0,3,29,159,1617.266434431076,Hit,0.039565147430266734,0,31,Sunday
mouse_2,2025-11-02,2000.0,3,29,160,1625.7259757518768,False Alarm,,1,6,Sunday
mouse_2,2025-11-02,2000.0,3,29,161,1635.9239382743835,False Alarm,,1,2,Sunday
mouse_2,2025-11-02,2000.0,3,29,162,1647.6223998069763,Hit,0.6606193075388092,0,43,Sunday
mouse_2,2025-11-02,2000.0,3,29,163,1655.8174531459808,False Alarm,,1,13,Sunday
mouse_2,2025-11-02,2000.0,3,29,164,1666.0149400234222,Hit,0.3149249458476788,0,34,Sunday
mouse_2,2025-11-02,2000.0,3,29,165,1675.2164678573608,False Alarm,,1,6,Sunday
mouse_2,2025-11-02,2000.0,3,29,166,1685.4077215194702,Hit,1.5640628685787306,0,61,Sunday
mouse_2,2025-11-02,2000.0,3,29,167,1695.600460767746,False Alarm,,1,32,Sunday
mouse_2,2025-11-02,2000.0,3,29,168,1705.7879440784454,Hit,0.7447966215656834,0,53,Sunday
mouse_2,2025-11-02,2000.0,3,29,169,1713.9817271232605,False Alarm,,1,26,Sunday
mouse_2,2025-11-02,2000.0,3,29,170,1724.1784753799438,False Alarm,,1,3,Sunday
mouse_2,2025-11-02,2000.0,3,29,171,1736.1376354694366,Hit,0.7051126641072187,0,73,Sunday
mouse_2,2025-11-02,2000.0,3,29,172,1744.8430876731873,False Alarm,,1,77,Sunday
mouse_2,2025-11-02,2000.0,3,29,173,1755.0396192073822,Hit,1.084051418480385,0,35,Sunday
mouse_2,2025-11-02,2000.0,3,29,174,1763.4927308559418,False Alarm,,1,7,Sunday
mouse_2,2025-11-02,2000.0,3,29,175,1773.701049566269,Hit,0.5193332161372837,0,25,Sunday
mouse_2,2025-11-02,2000.0,3,29,176,1781.904640674591,Hit,0.6623354584369281,0,42,Sunday
mouse_2,2025-11-02,2000.0,3,29,177,1789.8653848171234,False Alarm,,1,14,Sunday
mouse_2,2025-11-02,2000.0,3,29,178,1800.0623426437378,Miss,,0,0,Sunday
mouse_2,2025-11-03,1160.0,0,-1,-1,,No Trial,,0,0,Monday
mouse_2,2025-11-04,2000.0,3,30,1,0.37562108039855957,Hit,1.5757880956721007,0,31,Tuesday
mouse_2,2025-11-04,2000.0,3,30,2,10.576220035552979,False Alarm,,1,4,Tuesday
mouse_2,2025-11-04,2000.0,3,30,3,20.772583723068237,Hit,0.8165450750721064,0,40,Tuesday
mouse_2,2025-11-04,2000.0,3,30,4,29.715835094451904,False Alarm,,1,11,Tuesday
mouse_2,2025-11-04,2000.0,3,30,5,39.912962198257446,Hit,1.5097173663496122,0,29,Tuesday
mouse_2,2025-11-04,2000.0,3,30,6,48.87588310241699,False Alarm,,1,1,Tuesday
mouse_2,2025-11-04,2000.0,3,30,7,59.073647260665894,Hit,1.4979828625965936,0,25,Tuesday
mouse_2,2025-11-04,2000.0,3,30,8,68.28684735298157,Miss,,0,7,Tuesday
mouse_2,2025-11-04,2000.0,3,30,9,79.73545980453491,False Alarm,,1,7,Tuesday
mouse_2,2025-11-04,2000.0,3,30,10,91.68334746360779,Hit,1.8505474350353524,0,18,Tuesday
mouse_2,2025-11-04,2000.0,3,30,11,102.13587808609009,Hit,0.05614717826180993,0,33,Tuesday
mouse_2,2025-11-04,2000.0,3,30,12,111.34544920921326,False Alarm,,1,5,Tuesday
mouse_2,2025-11-04,2000.0,3,30,13,121.54737424850464,Miss,,0,8,Tuesday
mouse_2,2025-11-04,2000.0,3,30,14,131.99536418914795,Hit,0.1633808550661513,0,41,Tuesday
mouse_2,2025-11-04,2000.0,3,30,15,139.19562077522278,False Alarm,,1,16,Tuesday
mouse_2,2025-11-04,2000.0,3,30,16,149.39647912979126,Hit,0.1670104502485401,0,29,Tuesday
mouse_2,2025-11-04,2000.0,3,30,17,157.09332418441772,False Alarm,,1,11,Tuesday
mouse_2,2025-11-04,2000.0,3,30,18,167.2932140827179,False Alarm,,1,14,Tuesday
mouse_2,2025-11-04,2000.0,3,30,19,178.48314762115479,Hit,0.714496294183192,0,34,Tuesday
mouse_2,2025-11-04,2000.0,3,30,20,188.42551159858704,False Alarm,,1,8,Tuesday
mouse_2,2025-11-04,2000.0,3,30,21,198.63293480873108,False Alarm,,1,9,Tuesday
mouse_2,2025-11-04,2000.0,3,30,22,211.3334276676178,Hit,0.4045084092422826,0,29,Tuesday
mouse_2,2025-11-04,2000.0,3,30,23,219.03550148010254,False Alarm,,1,8,Tuesday
mouse_2,2025-11-04,2000.0,3,30,24,234.4931287765503,Hit,0.16479939136090138,0,30,Tuesday
mouse_2,2025-11-04,2000.0,3,30,25,243.68526673316956,False Alarm,,1,9,Tuesday
mouse_2,2025-11-04,2000.0,3,30,26,253.89180660247803,False Alarm,,1,7,Tuesday
mouse_2,2025-11-04,2000.0,3,30,27,264.8518817424774,Hit,0.19910010516866805,0,26,Tuesday
mouse_2,2025-11-04,2000.0,3,30,28,273.81532526016235,Miss,,0,12,Tuesday
mouse_2,2025-11-04,2000.0,3,30,29,283.7642328739166,False Alarm,,1,10,Tuesday
mouse_2,2025-11-04,2000.0,3,30,30,294.72202491760254,False Alarm,,1,4,Tuesday
mouse_2,2025-11-04,2000.0,3,30,31,305.43243885040283,False Alarm,,1,2,Tuesday
mouse_2,2025-11-04,2000.0,3,30,32,318.8917853832245,Miss,,0,0,Tuesday
mouse_2,2025-11-04,2000.0,3,30,33,329.3340425491333,Hit,0.2567662946927385,0,76,Tuesday
mouse_2,2025-11-04,2000.0,3,30,34,338.52454805374146,False Alarm,,1,59,Tuesday
mouse_2,2025-11-04,2000.0,3,30,35,348.7215003967285,False Alarm,,1,15,Tuesday
mouse_2,2025-11-04,2000.0,3,30,36,362.44107127189636,Hit,0.3052342816643545,0,45,Tuesday
mouse_2,2025-11-04,2000.0,3,30,37,370.1435043811798,False Alarm,,1,15,Tuesday
mouse_2,2025-11-04,2000.0,3,30,38,380.3470313549042,False Alarm,,1,4,Tuesday
mouse_2,2025-11-04,2000.0,3,30,39,392.0579037666321,Hit,1.0026062041964678,0,46,Tuesday
mouse_2,2025-11-04,2000.0,3,30,40,401.0039715766907,False Alarm,,1,17,Tuesday
mouse_2,2025-11-04,2000.0,3,30,41,411.2121260166168,Hit,0.3507164746048943,0,60,Tuesday
mouse_2,2025-11-04,2000.0,3,30,42,419.903244972229,False Alarm,,1,33,Tuesday
mouse_2,2025-11-04,2000.0,3,30,43,430.1008493900299,Miss,,0,0,Tuesday
mouse_2,2025-11-04,2000.0,3,30,44,440.05305886268616,Hit,0.6425967436734936,0,62,Tuesday
mouse_2,2025-11-04,2000.0,3,30,45,448.76096081733704,False Alarm,,1,31,Tuesday
mouse_2,2025-11-04,2000.0,3,30,46,458.95999240875244,Hit,0.6525861065597951,0,43,Tuesday
mouse_2,2025-11-04,2000.0,3,30,47,467.90343403816223,False Alarm,,1,13,Tuesday
mouse_2,2025-11-04,2000.0,3,30,48,478.1101508140564,Hit,0.3618726515657613,0,47,Tuesday
mouse_2,2025-11-04,2000.0,3,30,49,487.06363463401794,False Alarm,,1,18,Tuesday
mouse_2,2025-11-04,2000.0,3,30,50,497.27056550979614,Hit,0.627075293046687,0,48,Tuesday
mouse_2,2025-11-04,2000.0,3,30,51,506.2332100868225,False Alarm,,1,20,Tuesday
mouse_2,2025-11-04,2000.0,3,30,52,516.4401731491089,Hit,0.3319471067286486,0,57,Tuesday
mouse_2,2025-11-04,2000.0,3,30,53,525.3835651874542,False Alarm,,1,27,Tuesday
mouse_2,2025-11-04,2000.0,3,30,54,535.5980155467987,Hit,0.5353610543894547,0,31,Tuesday
mouse_2,2025-11-04,2000.0,3,30,55,544.553318977356,False Alarm,,1,2,Tuesday
mouse_2,2025-11-04,2000.0,3,30,56,554.7632758617401,Hit,0.6383946815171839,0,69,Tuesday
mouse_2,2025-11-04,2000.0,3,30,57,563.2226152420044,False Alarm,,1,60,Tuesday
mouse_2,2025-11-04,2000.0,3,30,58,573.4234292507172,Hit,0.9208739355053694,0,44,Tuesday
mouse_2,2025-11-04,2000.0,3,30,59,581.6333174705505,False Alarm,,1,21,Tuesday
mouse_2,2025-11-04,2000.0,3,30,60,591.8295021057129,False Alarm,,1,14,Tuesday
mouse_2,2025-11-04,2000.0,3,30,61,604.289829492569,False Alarm,,1,9,Tuesday
mouse_2,2025-11-04,2000.0,3,30,62,615.0031173229218,Hit,0.6690838842125686,0,39,Tuesday
mouse_2,2025-11-04,2000.0,3,30,63,624.2028799057007,False Alarm,,1,15,Tuesday
mouse_2,2025-11-04,2000.0,3,30,64,634.3994421958923,False Alarm,,1,4,Tuesday
mouse_2,2025-11-04,2000.0,3,30,65,645.3604061603546,Hit,1.619973721276665,0,75,Tuesday
mouse_2,2025-11-04,2000.0,3,30,66,654.3029561042786,False Alarm,,1,64,Tuesday
mouse_2,2025-11-04,2000.0,3,30,67,664.4903979301453,Hit,1.2285061121024228,0,33,Tuesday
mouse_2,2025-11-04,2000.0,3,30,68,674.4327387809753,False Alarm,,1,4,Tuesday
mouse_2,2025-11-04,2000.0,3,30,69,684.6294691562653,Hit,0.30832978995260873,0,61,Tuesday
mouse_2,2025-11-04,2000.0,3,30,70,692.8239951133728,False Alarm,,1,31,Tuesday
mouse_2,2025-11-04,2000.0,3,30,71,703.029096364975,Hit,0.8166804952645634,0,33,Tuesday
mouse_2,2025-11-04,2000.0,3,30,72,710.9825911521912,False Alarm,,1,13,Tuesday
mouse_2,2025-11-04,2000.0,3,30,73,721.1832513809204,False Alarm,,1,9,Tuesday
mouse_2,2025-11-04,2000.0,3,30,74,733.1487500667572,Miss,,0,0,Tuesday
mouse_2,2025-11-04,2000.0,3,30,75,744.591961145401,Hit,1.3299138085582172,0,35,Tuesday
mouse_2,2025-11-04,2000.0,3,30,76,753.792754650116,False Alarm,,1,9,Tuesday
mouse_2,2025-11-04,2000.0,3,30,77,764.0084178447723,False Alarm,,1,2,Tuesday
mouse_2,2025-11-04,2000.0,3,30,78,776.9631197452545,Hit,0.7191361066408035,0,20,Tuesday
mouse_2,2025-11-04,2000.0,3,30,79,785.4224319458008,Hit,0.48106362940541203,0,30,Tuesday
mouse_2,2025-11-04,2000.0,3,30,80,794.8719208240509,False Alarm,,1,2,Tuesday
mouse_2,2025-11-04,2000.0,3,30,81,805.0634412765503,Hit,0.45224862543727795,0,33,Tuesday
mouse_2,2025-11-04,2000.0,3,30,82,813.0118615627289,False Alarm,,1,4,Tuesday
mouse_2,2025-11-04,2000.0,3,30,83,823.2225918769836,Hit,0.7997644316907326,0,27,Tuesday
mouse_2,2025-11-04,2000.0,3,30,84,832.1717507839203,Hit,0.4928155346610765,0,40,Tuesday
mouse_2,2025-11-04,2000.0,3,30,85,840.3612358570099,False Alarm,,1,13,Tuesday
mouse_2,2025-11-04,2000.0,3,30,86,850.5632090568542,Hit,0.4473994024658623,0,33,Tuesday
mouse_2,2025-11-04,2000.0,3,30,87,858.5115730762482,False Alarm,,1,6,Tuesday
mouse_2,2025-11-04,2000.0,3,30,88,868.7076575756073,False Alarm,,1,3,Tuesday
mouse_2,2025-11-04,2000.0,3,30,89,882.6481993198395,Hit,1.3256826432394746,0,64,Tuesday
mouse_2,2025-11-04,2000.0,3,30,90,891.0914471149445,False Alarm,,1,36,Tuesday
mouse_2,2025-11-04,2000.0,3,30,91,901.2778725624084,Hit,0.5528837139635243,0,43,Tuesday
mouse_2,2025-11-04,2000.0,3,30,92,909.981632232666,False Alarm,,1,20,Tuesday
mouse_2,2025-11-04,2000.0,3,30,93,920.1713569164276,False Alarm,,1,4,Tuesday
mouse_2,2025-11-04,2000.0,3,30,94,931.6334974765778,False Alarm,,1,12,Tuesday
mouse_2,2025-11-04,2000.0,3,30,95,948.3371303081512,Hit,0.6692156190142668,0,51,Tuesday
mouse_2,2025-11-04,2000.0,3,30,96,958.0303268432617,False Alarm,,1,21,Tuesday
mouse_2,2025-11-04,2000.0,3,30,97,968.226902961731,Hit,0.7003311987664347,0,50,Tuesday
mouse_2,2025-11-04,2000.0,3,30,98,977.4309859275818,False Alarm,,1,23,Tuesday
mouse_2,2025-11-04,2000.0,3,30,99,987.6370475292206,Hit,0.2217060999947762,0,18,Tuesday
mouse_2,2025-11-04,2000.0,3,30,100,995.5989468097687,Hit,0.9473755682778346,0,48,Tuesday
mouse_2,2025-11-04,2000.0,3,30,101,1005.3010573387146,False Alarm,,1,22,Tuesday
mouse_2,2025-11-04,2000.0,3,30,102,1015.5068027973175,False Alarm,,1,2,Tuesday
mouse_2,2025-11-04,2000.0,3,30,103,1028.7163622379303,Miss,,0,0,Tuesday
mouse_2,2025-11-04,2000.0,3,30,104,1038.6697788238525,Hit,1.1543291099076214,0,71,Tuesday
mouse_2,2025-11-04,2000.0,3,30,105,1047.8696737289429,False Alarm,,1,45,Tuesday
mouse_2,2025-11-04,2000.0,3,30,106,1058.0644583702087,False Alarm,,1,4,Tuesday
mouse_2,2025-11-04,2000.0,3,30,107,1071.5271530151367,Hit,1.3568278678808383,0,37,Tuesday
mouse_2,2025-11-04,2000.0,3,30,108,1080.737458705902,False Alarm,,1,7,Tuesday
mouse_2,2025-11-04,2000.0,3,30,109,1090.9357931613922,Hit,0.39609637488842964,0,73,Tuesday
mouse_2,2025-11-04,2000.0,3,30,110,1100.139221906662,False Alarm,,1,100,Tuesday
mouse_2,2025-11-04,2000.0,3,30,111,1110.5973591804504,False Alarm,,1,8,Tuesday
mouse_2,2025-11-04,2000.0,3,30,112,1120.797026872635,Hit,1.2145079470533346,0,71,Tuesday
mouse_2,2025-11-04,2000.0,3,30,113,1129.2394948005676,False Alarm,,1,60,Tuesday
mouse_2,2025-11-04,2000.0,3,30,114,1139.455689907074,Hit,0.443978372746642,0,69,Tuesday
mouse_2,2025-11-04,2000.0,3,30,115,1148.3991386890411,False Alarm,,1,81,Tuesday
mouse_2,2025-11-04,2000.0,3,30,116,1158.596953868866,Miss,,0,0,Tuesday
mouse_2,2025-11-04,2000.0,3,30,117,1168.7989706993103,Hit,0.7477593826606608,0,45,Tuesday
mouse_2,2025-11-04,2000.0,3,30,118,1178.2589852809906,False Alarm,,1,17,Tuesday
mouse_2,2025-11-04,2000.0,3,30,119,1188.455708026886,Hit,0.6736487567545737,0,55,Tuesday
mouse_2,2025-11-04,2000.0,3,30,120,1197.6496386528015,False Alarm,,1,28,Tuesday
mouse_2,2025-11-04,2000.0,3,30,121,1207.8656346797943,Hit,0.9572617653288944,0,39,Tuesday
mouse_2,2025-11-04,2000.0,3,30,122,1216.318831205368,False Alarm,,1,11,Tuesday
mouse_2,2025-11-04,2000.0,3,30,123,1226.5211265087128,Hit,1.3078818880892413,0,32,Tuesday
mouse_2,2025-11-04,2000.0,3,30,124,1236.2192566394806,False Alarm,,1,7,Tuesday
mouse_2,2025-11-04,2000.0,3,30,125,1246.4253544807434,Hit,0.8352697931229613,0,52,Tuesday
mouse_2,2025-11-04,2000.0,3,30,126,1254.3887205123901,False Alarm,,1,22,Tuesday
mouse_2,2025-11-04,2000.0,3,30,127,1264.5956366062164,Hit,0.8521146853511254,0,44,Tuesday
mouse_2,2025-11-04,2000.0,3,30,128,1274.0486178398132,False Alarm,,1,15,Tuesday
mouse_2,2025-11-04,2000.0,3,30,129,1284.2561254501343,False Alarm,,1,4,Tuesday
mouse_2,2025-11-04,2000.0,3,30,130,1299.4547576904297,Hit,0.49723358757159986,0,33,Tuesday
mouse_2,2025-11-04,2000.0,3,30,131,1308.398505449295,False Alarm,,1,3,Tuesday
mouse_2,2025-11-04,2000.0,3,30,132,1318.5949821472168,Hit,0.7846951271401394,0,44,Tuesday
mouse_2,2025-11-04,2000.0,3,30,133,1327.2879827022552,False Alarm,,1,14,Tuesday
mouse_2,2025-11-04,2000.0,3,30,134,1337.4949145317078,Hit,0.869044603614384,0,29,Tuesday
mouse_2,2025-11-04,2000.0,3,30,135,1345.6956055164337,False Alarm,,1,4,Tuesday
mouse_2,2025-11-04,2000.0,3,30,136,1355.9033167362213,False Alarm,,1,4,Tuesday
mouse_2,2025-11-04,2000.0,3,30,137,1367.6041054725647,Hit,0.5457094558644258,0,49,Tuesday
mouse_2,2025-11-04,2000.0,3,30,138,1375.8078882694244,False Alarm,,1,18,Tuesday
mouse_2,2025-11-04,2000.0,3,30,139,1386.0038952827454,Hit,0.6990727537709063,0,68,Tuesday
mouse_2,2025-11-04,2000.0,3,30,140,1395.6972696781158,False Alarm,,1,37,Tuesday
mouse_2,2025-11-04,2000.0,3,30,141,1405.893065214157,Hit,1.085894113393124,0,61,Tuesday
mouse_2,2025-11-04,2000.0,3,30,142,1415.0877876281738,False Alarm,,1,30,Tuesday
mouse_2,2025-11-04,2000.0,3,30,143,1425.2838923931122,Hit,1.487164565842022,0,44,Tuesday
mouse_2,2025-11-04,2000.0,3,30,144,1434.2378067970276,False Alarm,,1,14,Tuesday
mouse_2,2025-11-04,2000.0,3,30,145,1444.4433300495148,Hit,0.545048207776972,0,37,Tuesday
mouse_2,2025-11-04,2000.0,3,30,146,1453.1370739936829,False Alarm,,1,8,Tuesday
mouse_2,2025-11-04,2000.0,3,30,147,1463.3436737060547,Hit,0.5141085665454739,0,37,Tuesday
mouse_2,2025-11-04,2000.0,3,30,148,1472.2868762016296,False Alarm,,1,9,Tuesday
mouse_2,2025-11-04,2000.0,3,30,149,1482.4833624362946,False Alarm,,1,1,Tuesday
mouse_2,2025-11-04,2000.0,3,30,150,1495.7045562267303,Miss,,0,0,Tuesday
mouse_2,2025-11-04,2000.0,3,30,151,1507.1566486358643,Hit,0.0906519652201041,0,38,Tuesday
mouse_2,2025-11-04,2000.0,3,30,152,1515.8583724498749,False Alarm,,1,8,Tuesday
mouse_2,2025-11-04,2000.0,3,30,153,1526.0629289150238,Hit,0.49548952050440676,0,32,Tuesday
mouse_2,2025-11-04,2000.0,3,30,154,1535.2560341358185,False Alarm,,1,2,Tuesday
mouse_2,2025-11-04,2000.0,3,30,155,1545.4624502658844,Hit,1.8609469531465948,0,16,Tuesday
mouse_2,2025-11-04,2000.0,3,30,156,1554.9059431552887,Hit,1.403661786845305,0,57,Tuesday
mouse_2,2025-11-04,2000.0,3,30,157,1563.3466410636902,False Alarm,,1,28,Tuesday
mouse_2,2025-11-04,2000.0,3,30,158,1573.5428013801575,Hit,0.6616535809441757,0,51,Tuesday
mouse_2,2025-11-04,2000.0,3,30,159,1581.7357857227325,False Alarm,,1,22,Tuesday
mouse_2,2025-11-04,2000.0,3,30,160,1591.9320998191833,Miss,,0,4,Tuesday
mouse_2,2025-11-04,2000.0,3,30,161,1603.3737456798553,Hit,1.4559343577593609,0,39,Tuesday
mouse_2,2025-11-04,2000.0,3,30,162,1612.3133132457733,False Alarm,,1,9,Tuesday
mouse_2,2025-11-04,2000.0,3,30,163,1622.5221984386444,Hit,0.08162207559485068,0,50,Tuesday
mouse_2,2025-11-04,2000.0,3,30,164,1631.4657988548279,False Alarm,,1,21,Tuesday
mouse_2,2025-11-04,2000.0,3,30,165,1641.661847114563,Hit,0.44497888478940695,0,38,Tuesday
mouse_2,2025-11-04,2000.0,3,30,166,1651.1053371429443,False Alarm,,1,10,Tuesday
mouse_2,2025-11-04,2000.0,3,30,167,1661.3018805980682,Miss,,0,0,Tuesday
mouse_2,2025-11-04,2000.0,3,30,168,1672.5048503875732,Hit,0.10884690878810943,0,43,Tuesday
mouse_2,2025-11-04,2000.0,3,30,169,1681.4561419487,False Alarm,,1,16,Tuesday
mouse_2,2025-11-04,2000.0,3,30,170,1691.6617374420166,False Alarm,,1,2,Tuesday
mouse_2,2025-11-04,2000.0,3,30,171,1703.6129903793335,Hit,0.1461531803302023,0,32,Tuesday
mouse_2,2025-11-04,2000.0,3,30,172,1712.3160197734833,False Alarm,,1,4,Tuesday
mouse_2,2025-11-04,2000.0,3,30,173,1722.5222842693329,Hit,0.6380267034776352,0,75,Tuesday
mouse_2,2025-11-04,2000.0,3,30,174,1730.4857425689697,False Alarm,,1,78,Tuesday
mouse_2,2025-11-04,2000.0,3,30,175,1740.6823902130127,Hit,0.818238613167523,0,58,Tuesday
mouse_2,2025-11-04,2000.0,3,30,176,1749.1257898807526,False Alarm,,1,28,Tuesday
mouse_2,2025-11-04,2000.0,3,30,177,1759.3415093421936,Hit,0.34410283981242173,0,19,Tuesday
mouse_2,2025-11-04,2000.0,3,30,178,1768.5462250709534,Hit,0.8961275243286764,0,77,Tuesday
mouse_2,2025-11-04,2000.0,3,30,179,1777.9931519031525,False Alarm,,1,55,Tuesday
mouse_2,2025-11-04,2000.0,3,30,180,1788.1915998458862,Hit,0.2718981673026519,0,18,Tuesday
mouse_2,2025-11-04,2000.0,3,30,181,1797.143499135971,Miss,,0,0,Tuesday
mouse_2,2025-11-05,2000.0,0,-1,-1,,No Trial,,0,0,Wednesday
mouse_2,2025-11-06,2000.0,3,31,1,0.35994744300842285,Hit,1.220179427359561,0,21,Thursday
mouse_2,2025-11-06,2000.0,3,31,2,9.318041801452637,Hit,0.6806823231640848,0,71,Thursday
mouse_2,2025-11-06,2000.0,3,31,3,17.28002142906189,False Alarm,,1,48,Thursday
mouse_2,2025-11-06,2000.0,3,31,4,27.4851975440979,False Alarm,,1,5,Thursday
mouse_2,2025-11-06,2000.0,3,31,5,40.944785356521606,False Alarm,,1,4,Thursday
mouse_2,2025-11-06,2000.0,3,31,6,54.144914627075195,Hit,0.2048436427303102,0,43,Thursday
mouse_2,2025-11-06,2000.0,3,31,7,63.09997367858887,False Alarm,,1,23,Thursday
mouse_2,2025-11-06,2000.0,3,31,8,73.31209707260132,False Alarm,,1,10,Thursday
mouse_2,2025-11-06,2000.0,3,31,9,85.27532577514648,False Alarm,,1,4,Thursday
mouse_2,2025-11-06,2000.0,3,31,10,97.2273519039154,False Alarm,,1,7,Thursday
mouse_2,2025-11-06,2000.0,3,31,11,115.42542123794556,Hit,0.8219753492843864,0,40,Thursday
mouse_2,2025-11-06,2000.0,3,31,12,123.62585926055908,False Alarm,,1,10,Thursday
mouse_2,2025-11-06,2000.0,3,31,13,133.8351948261261,Hit,1.305753824053454,0,46,Thursday
mouse_2,2025-11-06,2000.0,3,31,14,142.2884030342102,False Alarm,,1,20,Thursday
mouse_2,2025-11-06,2000.0,3,31,15,152.49486017227173,False Alarm,,1,2,Thursday
mouse_2,2025-11-06,2000.0,3,31,16,163.94241380691528,Hit,1.3683268110711424,0,24,Thursday
mouse_2,2025-11-06,2000.0,3,31,17,172.889301776886,False Alarm,,1,5,Thursday
mouse_2,2025-11-06,2000.0,3,31,18,183.10493755340576,Hit,0.6489760386857597,0,68,Thursday
mouse_2,2025-11-06,2000.0,3,31,19,192.30861568450928,False Alarm,,1,44,Thursday
mouse_2,2025-11-06,2000.0,3,31,20,202.50775742530823,Hit,1.0731022843280869,0,64,Thursday
mouse_2,2025-11-06,2000.0,3,31,21,211.71895122528076,False Alarm,,1,44,Thursday
mouse_2,2025-11-06,2000.0,3,31,22,221.92204475402832,Hit,0.1585031189103745,0,29,Thursday
mouse_2,2025-11-06,2000.0,3,31,23,230.11836552619934,False Alarm,,1,2,Thursday
mouse_2,2025-11-06,2000.0,3,31,24,240.33490324020386,Hit,0.7165462471803608,0,43,Thursday
mouse_2,2025-11-06,2000.0,3,31,25,249.5383427143097,False Alarm,,1,21,Thursday
mouse_2,2025-11-06,2000.0,3,31,26,259.73814249038696,False Alarm,,1,6,Thursday
mouse_2,2025-11-06,2000.0,3,31,27,273.45496940612793,Hit,0.014512780127290625,0,26,Thursday
mouse_2,2025-11-06,2000.0,3,31,28,281.9091124534607,Hit,0.4649592967364242,0,42,Thursday
mouse_2,2025-11-06,2000.0,3,31,29,290.85915637016296,False Alarm,,1,13,Thursday
mouse_2,2025-11-06,2000.0,3,31,30,301.0621337890625,Hit,1.8355751263852085,0,34,Thursday
mouse_2,2025-11-06,2000.0,3,31,31,311.50694584846497,False Alarm,,1,12,Thursday
mouse_2,2025-11-06,2000.0,3,31,32,321.69470024108887,False Alarm,,1,6,Thursday
mouse_2,2025-11-06,2000.0,3,31,33,334.1545207500458,False Alarm,,1,2,Thursday
mouse_2,2025-11-06,2000.0,3,31,34,345.59579706192017,Hit,1.556082360385517,0,70,Thursday
mouse_2,2025-11-06,2000.0,3,31,35,355.0482223033905,False Alarm,,1,46,Thursday
mouse_2,2025-11-06,2000.0,3,31,36,365.2549650669098,Hit,0.3890406562105113,0,31,Thursday
mouse_2,2025-11-06,2000.0,3,31,37,372.9579277038574,False Alarm,,1,7,Thursday
mouse_2,2025-11-06,2000.0,3,31,38,383.16211199760437,False Alarm,,1,5,Thursday
mouse_2,2025-11-06,2000.0,3,31,39,397.8648774623871,Hit,0.5153607904042588,0,40,Thursday
mouse_2,2025-11-06,2000.0,3,31,40,407.3193371295929,False Alarm,,1,15,Thursday
mouse_2,2025-11-06,2000.0,3,31,41,417.5246305465698,False Alarm,,1,4,Thursday
mouse_2,2025-11-06,2000.0,3,31,42,431.2247004508972,Hit,0.8133050871906562,0,47,Thursday
mouse_2,2025-11-06,2000.0,3,31,43,440.9382917881012,False Alarm,,1,18,Thursday
mouse_2,2025-11-06,2000.0,3,31,44,451.1445496082306,Hit,0.06810853221406887,0,28,Thursday
mouse_2,2025-11-06,2000.0,3,31,45,459.3582994937897,Hit,0.4712443873486336,0,63,Thursday
mouse_2,2025-11-06,2000.0,3,31,46,467.0686299800873,False Alarm,,1,34,Thursday
mouse_2,2025-11-06,2000.0,3,31,47,477.2720799446106,Hit,0.5318190280606245,0,69,Thursday
mouse_2,2025-11-06,2000.0,3,31,48,486.96841645240784,False Alarm,,1,44,Thursday
mouse_2,2025-11-06,2000.0,3,31,49,497.17420959472656,False Alarm,,1,7,Thursday
mouse_2,2025-11-06,2000.0,3,31,50,510.3724660873413,False Alarm,,1,6,Thursday
mouse_2,2025-11-06,2000.0,3,31,51,523.0842401981354,Hit,0.7155125360854981,0,49,Thursday
mouse_2,2025-11-06,2000.0,3,31,52,532.5277245044708,False Alarm,,1,19,Thursday
mouse_2,2025-11-06,2000.0,3,31,53,542.7343113422394,Hit,0.6042847986789184,0,43,Thursday
mouse_2,2025-11-06,2000.0,3,31,54,550.9286236763,False Alarm,,1,18,Thursday
mouse_2,2025-11-06,2000.0,3,31,55,561.1420617103577,False Alarm,,1,4,Thursday
mouse_2,2025-11-06,2000.0,3,31,56,572.3520715236664,Hit,1.8203098298694158,0,76,Thursday
mouse_2,2025-11-06,2000.0,3,31,57,582.2987167835236,False Alarm,,1,64,Thursday
mouse_2,2025-11-06,2000.0,3,31,58,592.5140097141266,Hit,0.26822512546414146,0,28,Thursday
mouse_2,2025-11-06,2000.0,3,31,59,600.7082006931305,False Alarm,,1,4,Thursday
mouse_2,2025-11-06,2000.0,3,31,60,610.9122080802917,False Alarm,,1,3,Thursday
mouse_2,2025-11-06,2000.0,3,31,61,624.6140630245209,Miss,,0,7,Thursday
mouse_2,2025-11-06,2000.0,3,31,62,635.0569641590118,False Alarm,,1,9,Thursday
mouse_2,2025-11-06,2000.0,3,31,63,649.0020289421082,Hit,0.05901066769058616,0,62,Thursday
mouse_2,2025-11-06,2000.0,3,31,64,657.9578957557678,False Alarm,,1,35,Thursday
mouse_2,2025-11-06,2000.0,3,31,65,668.163857460022,Miss,,0,0,Thursday
mouse_2,2025-11-06,2000.0,3,31,66,678.366466999054,Hit,0.595024645897638,0,41,Thursday
mouse_2,2025-11-06,2000.0,3,31,67,687.31796002388,False Alarm,,1,13,Thursday
mouse_2,2025-11-06,2000.0,3,31,68,697.5236451625824,Hit,0.8005148435972842,0,56,Thursday
mouse_2,2025-11-06,2000.0,3,31,69,705.724264383316,False Alarm,,1,29,Thursday
mouse_2,2025-11-06,2000.0,3,31,70,715.9168665409088,False Alarm,,1,3,Thursday
mouse_2,2025-11-06,2000.0,3,31,71,727.8641979694366,Miss,,0,3,Thursday
mouse_2,2025-11-06,2000.0,3,31,72,739.3061618804932,Hit,0.3690776670455307,0,54,Thursday
mouse_2,2025-11-06,2000.0,3,31,73,747.2569298744202,False Alarm,,1,26,Thursday
mouse_2,2025-11-06,2000.0,3,31,74,757.454026222229,False Alarm,,1,3,Thursday
mouse_2,2025-11-06,2000.0,3,31,75,769.1535198688507,Hit,0.8044217863201766,0,51,Thursday
mouse_2,2025-11-06,2000.0,3,31,76,778.097145318985,False Alarm,,1,23,Thursday
mouse_2,2025-11-06,2000.0,3,31,77,788.3095169067383,Hit,0.5863364701342562,0,48,Thursday
mouse_2,2025-11-06,2000.0,3,31,78,796.5065886974335,False Alarm,,1,19,Thursday
mouse_2,2025-11-06,2000.0,3,31,79,806.6931853294373,Hit,1.6451061497293722,0,49,Thursday
mouse_2,2025-11-06,2000.0,3,31,80,816.1470632553101,False Alarm,,1,18,Thursday
mouse_2,2025-11-06,2000.0,3,31,81,826.3524174690247,Hit,0.8231715218109912,0,39,Thursday
mouse_2,2025-11-06,2000.0,3,31,82,835.5566067695618,False Alarm,,1,15,Thursday
mouse_2,2025-11-06,2000.0,3,31,83,845.7627418041229,False Alarm,,1,3,Thursday
mouse_2,2025-11-06,2000.0,3,31,84,859.2044022083282,Hit,0.2006208936074927,0,68,Thursday
mouse_2,2025-11-06,2000.0,3,31,85,868.4057793617249,False Alarm,,1,43,Thursday
mouse_2,2025-11-06,2000.0,3,31,86,878.602409362793,False Alarm,,1,4,Thursday
mouse_2,2025-11-06,2000.0,3,31,87,890.3021087646484,Hit,0.6694315253309924,0,41,Thursday
mouse_2,2025-11-06,2000.0,3,31,88,899.5058526992798,False Alarm,,1,13,Thursday
mouse_2,2025-11-06,2000.0,3,31,89,909.7119836807251,False Alarm,,1,3,Thursday
mouse_2,2025-11-06,2000.0,3,31,90,923.4221270084381,Hit,0.4655789044799121,0,53,Thursday
mouse_2,2025-11-06,2000.0,3,31,91,931.3655960559845,False Alarm,,1,24,Thursday
mouse_2,2025-11-06,2000.0,3,31,92,941.5520536899567,Hit,0.5685053659751702,0,34,Thursday
mouse_2,2025-11-06,2000.0,3,31,93,951.2557103633881,False Alarm,,1,4,Thursday
mouse_2,2025-11-06,2000.0,3,31,94,961.4631209373474,Hit,2.314322950889732,0,53,Thursday
mouse_2,2025-11-06,2000.0,3,31,95,971.9057495594025,False Alarm,,1,28,Thursday
mouse_2,2025-11-06,2000.0,3,31,96,982.1214604377747,False Alarm,,1,5,Thursday
mouse_2,2025-11-06,2000.0,3,31,97,996.0757472515106,Miss,,0,3,Thursday
mouse_2,2025-11-06,2000.0,3,31,98,1007.7841553688049,Hit,1.657901905703966,0,66,Thursday
mouse_2,2025-11-06,2000.0,3,31,99,1017.475400686264,False Alarm,,1,44,Thursday
mouse_2,2025-11-06,2000.0,3,31,100,1027.6911494731903,False Alarm,,1,9,Thursday
mouse_2,2025-11-06,2000.0,3,31,101,1042.1359238624573,Hit,0.3270757324182796,0,33,Thursday
mouse_2,2025-11-06,2000.0,3,31,102,1050.3446035385132,False Alarm,,1,6,Thursday
mouse_2,2025-11-06,2000.0,3,31,103,1060.5415399074554,Hit,0.644549906922748,0,44,Thursday
mouse_2,2025-11-06,2000.0,3,31,104,1068.4820580482483,False Alarm,,1,15,Thursday
mouse_2,2025-11-06,2000.0,3,31,105,1078.6811258792877,Hit,0.943591826623333,0,53,Thursday
mouse_2,2025-11-06,2000.0,3,31,106,1086.89301943779,False Alarm,,1,23,Thursday
mouse_2,2025-11-06,2000.0,3,31,107,1097.1017668247223,Hit,0.34744707891172766,0,76,Thursday
mouse_2,2025-11-06,2000.0,3,31,108,1106.3043131828308,False Alarm,,1,49,Thursday
mouse_2,2025-11-06,2000.0,3,31,109,1116.5112504959106,False Alarm,,1,6,Thursday
mouse_2,2025-11-06,2000.0,3,31,110,1130.9712159633636,False Alarm,,1,5,Thursday
mouse_2,2025-11-06,2000.0,3,31,111,1144.6720049381256,Hit,0.5532248945421543,0,31,Thursday
mouse_2,2025-11-06,2000.0,3,31,112,1152.8741705417633,False Alarm,,1,9,Thursday
mouse_2,2025-11-06,2000.0,3,31,113,1163.0704309940338,False Alarm,,1,5,Thursday
mouse_2,2025-11-06,2000.0,3,31,114,1177.5244443416595,Hit,0.8965165600095588,0,73,Thursday
mouse_2,2025-11-06,2000.0,3,31,115,1187.4739320278168,False Alarm,,1,43,Thursday
mouse_2,2025-11-06,2000.0,3,31,116,1197.6710901260376,Hit,0.2329841279606626,0,53,Thursday
mouse_2,2025-11-06,2000.0,3,31,117,1206.6346685886383,False Alarm,,1,22,Thursday
mouse_2,2025-11-06,2000.0,3,31,118,1216.8402605056763,Hit,0.5146557986940934,0,56,Thursday
mouse_2,2025-11-06,2000.0,3,31,119,1225.2838778495789,False Alarm,,1,29,Thursday
mouse_2,2025-11-06,2000.0,3,31,120,1235.489953994751,Hit,0.5976643496660472,0,76,Thursday
mouse_2,2025-11-06,2000.0,3,31,121,1243.432110786438,False Alarm,,1,69,Thursday
mouse_2,2025-11-06,2000.0,3,31,122,1253.6299331188202,Hit,0.4966415825617787,0,38,Thursday
mouse_2,2025-11-06,2000.0,3,31,123,1261.5742502212524,False Alarm,,1,13,Thursday
mouse_2,2025-11-06,2000.0,3,31,124,1271.7700445652008,False Alarm,,1,1,Thursday
mouse_2,2025-11-06,2000.0,3,31,125,1281.9706733226776,Hit,1.0562035884568104,0,54,Thursday
mouse_2,2025-11-06,2000.0,3,31,126,1291.413284778595,False Alarm,,1,23,Thursday
mouse_2,2025-11-06,2000.0,3,31,127,1301.6102950572968,Hit,0.5818642074048057,0,48,Thursday
mouse_2,2025-11-06,2000.0,3,31,128,1309.8035371303558,False Alarm,,1,17,Thursday
mouse_2,2025-11-06,2000.0,3,31,129,1320.019520521164,Hit,0.8741788053775963,0,43,Thursday
mouse_2,2025-11-06,2000.0,3,31,130,1329.2112228870392,False Alarm,,1,23,Thursday
mouse_2,2025-11-06,2000.0,3,31,131,1339.4020555019379,False Alarm,,1,12,Thursday
mouse_2,2025-11-06,2000.0,3,31,132,1349.5982916355133,False Alarm,,1,3,Thursday
mouse_2,2025-11-06,2000.0,3,31,133,1360.3099176883698,Hit,2.123841632206222,0,44,Thursday
mouse_2,2025-11-06,2000.0,3,31,134,1370.512068271637,False Alarm,,1,15,Thursday
mouse_2,2025-11-06,2000.0,3,31,135,1380.7197370529175,Miss,,0,2,Thursday
mouse_2,2025-11-06,2000.0,3,31,136,1391.673352241516,False Alarm,,1,4,Thursday
mouse_2,2025-11-06,2000.0,3,31,137,1405.6398375034332,False Alarm,,1,2,Thursday
mouse_2,2025-11-06,2000.0,3,31,138,1419.8494703769684,Hit,0.44976651185788796,0,49,Thursday
mouse_2,2025-11-06,2000.0,3,31,139,1428.3031418323517,False Alarm,,1,18,Thursday
mouse_2,2025-11-06,2000.0,3,31,140,1438.511474609375,Hit,2.2791260805418005,0,45,Thursday
mouse_2,2025-11-06,2000.0,3,31,141,1448.2137732505798,False Alarm,,1,16,Thursday
mouse_2,2025-11-06,2000.0,3,31,142,1458.4190692901611,Miss,,0,6,Thursday
mouse_2,2025-11-06,2000.0,3,31,143,1468.1120076179504,Hit,0.36061223447018165,0,29,Thursday
mouse_2,2025-11-06,2000.0,3,31,144,1477.563307762146,Hit,1.672795082077755,0,70,Thursday
mouse_2,2025-11-06,2000.0,3,31,145,1486.752025604248,False Alarm,,1,46,Thursday
mouse_2,2025-11-06,2000.0,3,31,146,1496.9523677825928,False Alarm,,1,6,Thursday
mouse_2,2025-11-06,2000.0,3,31,147,1510.669293642044,False Alarm,,1,8,Thursday
mouse_2,2025-11-06,2000.0,3,31,148,1528.6194021701813,Hit,0.48638677703820576,0,38,Thursday
mouse_2,2025-11-06,2000.0,3,31,149,1537.8151042461395,False Alarm,,1,8,Thursday
mouse_2,2025-11-06,2000.0,3,31,150,1548.0199699401855,Hit,0.393175011219455,0,29,Thursday
mouse_2,2025-11-06,2000.0,3,31,151,1557.213050365448,Hit,0.7044206214789028,0,48,Thursday
mouse_2,2025-11-06,2000.0,3,31,152,1565.6521401405334,False Alarm,,1,22,Thursday
mouse_2,2025-11-06,2000.0,3,31,153,1575.8520603179932,False Alarm,,1,5,Thursday
mouse_2,2025-11-06,2000.0,3,31,154,1589.8021154403687,Hit,0.8191804152149871,0,47,Thursday
mouse_2,2025-11-06,2000.0,3,31,155,1598.7525577545166,False Alarm,,1,22,Thursday
mouse_2,2025-11-06,2000.0,3,31,156,1608.9484589099884,False Alarm,,1,4,Thursday
mouse_2,2025-11-06,2000.0,3,31,157,1620.1593525409698,Hit,0.9991923237612355,0,53,Thursday
mouse_2,2025-11-06,2000.0,3,31,158,1628.8620858192444,False Alarm,,1,25,Thursday
mouse_2,2025-11-06,2000.0,3,31,159,1639.0789942741394,Hit,0.1180838397685875,0,10,Thursday
mouse_2,2025-11-06,2000.0,3,31,160,1647.0234849452972,Miss,,0,3,Thursday
mouse_2,2025-11-06,2000.0,3,31,161,1657.221649646759,Hit,1.7340683934316985,0,35,Thursday
mouse_2,2025-11-06,2000.0,3,31,162,1667.1821360588074,False Alarm,,1,4,Thursday
mouse_2,2025-11-06,2000.0,3,31,163,1677.3823173046112,Hit,1.9782391657327025,0,10,Thursday
mouse_2,2025-11-06,2000.0,3,31,164,1688.0830025672913,Hit,0.7660442122296445,0,78,Thursday
mouse_2,2025-11-06,2000.0,3,31,165,1696.7826590538025,False Alarm,,1,80,Thursday
mouse_2,2025-11-06,2000.0,3,31,166,1706.9820852279663,False Alarm,,1,1,Thursday
mouse_2,2025-11-06,2000.0,3,31,167,1718.9484269618988,Hit,0.6574695194119613,0,47,Thursday
mouse_2,2025-11-06,2000.0,3,31,168,1727.889297246933,False Alarm,,1,16,Thursday
mouse_2,2025-11-06,2000.0,3,31,169,1738.088608264923,Miss,,0,0,Thursday
mouse_2,2025-11-06,2000.0,3,31,170,1748.2909965515137,Hit,0.9854604821155135,0,77,Thursday
mouse_2,2025-11-06,2000.0,3,31,171,1757.4917421340942,False Alarm,,1,57,Thursday
mouse_2,2025-11-06,2000.0,3,31,172,1767.707827091217,Hit,0.9687623032675674,0,17,Thursday
mouse_2,2025-11-06,2000.0,3,31,173,1777.4022471904755,Hit,0.5851855561465982,0,67,Thursday
mouse_2,2025-11-06,2000.0,3,31,174,1786.60204744339,False Alarm,,1,39,Thursday
mouse_2,2025-11-06,2000.0,3,31,175,1796.8176453113556,Miss,,0,0,Thursday
mouse_2,2025-11-07,2000.0,0,-1,-1,,No Trial,,0,0,Friday
mouse_2,2025-11-08,2000.0,0,-1,-1,,No Trial,,0,0,Saturday
mouse_2,2025-11-09,1500.0,3,32,1,0.3719491958618164,Hit,2.0831835929090268,0,76,Sunday
mouse_2,2025-11-09,1500.0,3,32,2,10.811976909637451,False Alarm,,1,63,Sunday
mouse_2,2025-11-09,1500.0,3,32,3,21.01084852218628,False Alarm,,1,9,Sunday
mouse_2,2025-11-09,1500.0,3,32,4,38.72052001953125,Hit,0.4400762889096086,0,41,Sunday
mouse_2,2025-11-09,1500.0,3,32,5,46.93345236778259,False Alarm,,1,12,Sunday
mouse_2,2025-11-09,1500.0,3,32,6,57.14155960083008,Hit,0.9940437950791292,0,60,Sunday
mouse_2,2025-11-09,1500.0,3,32,7,66.85426759719849,False Alarm,,1,32,Sunday
mouse_2,2025-11-09,1500.0,3,32,8,77.06011652946472,Hit,1.0873123466557075,0,44,Sunday
mouse_2,2025-11-09,1500.0,3,32,9,85.51312065124512,False Alarm,,1,14,Sunday
mouse_2,2025-11-09,1500.0,3,32,10,95.7096118927002,Hit,1.0498783735944528,0,32,Sunday
mouse_2,2025-11-09,1500.0,3,32,11,104.41388058662415,False Alarm,,1,8,Sunday
mouse_2,2025-11-09,1500.0,3,32,12,114.61981892585754,False Alarm,,1,8,Sunday
mouse_2,2025-11-09,1500.0,3,32,13,129.07931518554688,Hit,0.5028463182985661,0,44,Sunday
mouse_2,2025-11-09,1500.0,3,32,14,136.7733850479126,False Alarm,,1,18,Sunday
mouse_2,2025-11-09,1500.0,3,32,15,146.98010516166687,Hit,0.5561915104365482,0,65,Sunday
mouse_2,2025-11-09,1500.0,3,32,16,156.43221354484558,False Alarm,,1,37,Sunday
mouse_2,2025-11-09,1500.0,3,32,17,166.63949584960938,Hit,1.5439363556243961,0,29,Sunday
mouse_2,2025-11-09,1500.0,3,32,18,176.593190908432,False Alarm,,1,4,Sunday
mouse_2,2025-11-09,1500.0,3,32,19,186.79926204681396,Hit,0.5306293783598619,0,35,Sunday
mouse_2,2025-11-09,1500.0,3,32,20,194.76255130767822,Hit,0.30970229850919395,0,41,Sunday
mouse_2,2025-11-09,1500.0,3,32,21,202.20334935188293,False Alarm,,1,18,Sunday
mouse_2,2025-11-09,1500.0,3,32,22,212.40940976142883,False Alarm,,1,4,Sunday
mouse_2,2025-11-09,1500.0,3,32,23,223.6122465133667,Hit,0.32345557523558455,0,27,Sunday
mouse_2,2025-11-09,1500.0,3,32,24,232.56250023841858,False Alarm,,1,8,Sunday
mouse_2,2025-11-09,1500.0,3,32,25,246.27865767478943,False Alarm,,1,3,Sunday
mouse_2,2025-11-09,1500.0,3,32,26,259.4892666339874,Hit,0.381033332968002,0,35,Sunday
mouse_2,2025-11-09,1500.0,3,32,27,268.1823790073395,False Alarm,,1,10,Sunday
mouse_2,2025-11-09,1500.0,3,32,28,278.39853262901306,False Alarm,,1,4,Sunday
mouse_2,2025-11-09,1500.0,3,32,29,289.3459839820862,Hit,2.351667674117266,0,64,Sunday
mouse_2,2025-11-09,1500.0,3,32,30,300.54294872283936,False Alarm,,1,43,Sunday
mouse_2,2025-11-09,1500.0,3,32,31,310.74201130867004,Hit,0.24254825629253673,0,32,Sunday
mouse_2,2025-11-09,1500.0,3,32,32,319.19233083724976,False Alarm,,1,7,Sunday
mouse_2,2025-11-09,1500.0,3,32,33,329.39811754226685,Hit,0.45842308239764407,0,43,Sunday
mouse_2,2025-11-09,1500.0,3,32,34,337.6119155883789,False Alarm,,1,20,Sunday
mouse_2,2025-11-09,1500.0,3,32,35,347.8186933994293,False Alarm,,1,8,Sunday
mouse_2,2025-11-09,1500.0,3,32,36,360.7752106189728,False Alarm,,1,10,Sunday
mouse_2,2025-11-09,1500.0,3,32,37,373.22826862335205,False Alarm,,1,10,Sunday
mouse_2,2025-11-09,1500.0,3,32,38,386.1888587474823,False Alarm,,1,7,Sunday
mouse_2,2025-11-09,1500.0,3,32,39,397.89222383499146,False Alarm,,1,6,Sunday
mouse_2,2025-11-09,1500.0,3,32,40,410.8585238456726,False Alarm,,1,7,Sunday
mouse_2,2025-11-09,1500.0,3,32,41,424.5691730976105,False Alarm,,1,8,Sunday
mouse_2,2025-11-09,1500.0,3,32,42,436.2680883407593,False Alarm,,1,7,Sunday
mouse_2,2025-11-09,1500.0,3,32,43,448.9777002334595,False Alarm,,1,3,Sunday
mouse_2,2025-11-09,1500.0,3,32,44,462.42809009552,Hit,0.4299999956981537,0,69,Sunday
mouse_2,2025-11-09,1500.0,3,32,45,470.8722550868988,False Alarm,,1,44,Sunday
mouse_2,2025-11-09,1500.0,3,32,46,481.077867269516,False Alarm,,1,10,Sunday
mouse_2,2025-11-09,1500.0,3,32,47,494.0320065021515,False Alarm,,1,8,Sunday
mouse_2,2025-11-09,1500.0,3,32,48,505.73787236213684,False Alarm,,1,5,Sunday
mouse_2,2025-11-09,1500.0,3,32,49,519.9482629299164,False Alarm,,1,3,Sunday
mouse_2,2025-11-09,1500.0,3,32,50,534.1481311321259,Miss,,0,0,Sunday
mouse_2,2025-11-09,1500.0,3,32,51,544.5899577140808,Hit,0.21884267992345485,0,64,Sunday
mouse_2,2025-11-09,1500.0,3,32,52,553.0307235717773,False Alarm,,1,34,Sunday
mouse_2,2025-11-09,1500.0,3,32,53,563.2372207641602,Hit,0.8986047400237567,0,56,Sunday
mouse_2,2025-11-09,1500.0,3,32,54,572.4431266784668,False Alarm,,1,27,Sunday
mouse_2,2025-11-09,1500.0,3,32,55,582.6473069190979,Hit,0.4219179077578019,0,71,Sunday
mouse_2,2025-11-09,1500.0,3,32,56,590.8486866950989,False Alarm,,1,42,Sunday
mouse_2,2025-11-09,1500.0,3,32,57,601.0419886112213,Hit,0.29150233053849206,0,68,Sunday
mouse_2,2025-11-09,1500.0,3,32,58,609.2402820587158,False Alarm,,1,63,Sunday
mouse_2,2025-11-09,1500.0,3,32,59,619.4465222358704,Hit,0.5199881977106315,0,50,Sunday
mouse_2,2025-11-09,1500.0,3,32,60,627.6504149436951,False Alarm,,1,22,Sunday
mouse_2,2025-11-09,1500.0,3,32,61,637.8521747589111,Hit,0.5387819336291386,0,66,Sunday
mouse_2,2025-11-09,1500.0,3,32,62,646.0597949028015,False Alarm,,1,35,Sunday
mouse_2,2025-11-09,1500.0,3,32,63,656.2669448852539,Hit,0.5745691522768084,0,41,Sunday
mouse_2,2025-11-09,1500.0,3,32,64,664.7169630527496,False Alarm,,1,15,Sunday
mouse_2,2025-11-09,1500.0,3,32,65,674.9129214286804,False Alarm,,1,7,Sunday
mouse_2,2025-11-09,1500.0,3,32,66,686.1176030635834,Hit,0.6809362484016219,0,51,Sunday
mouse_2,2025-11-09,1500.0,3,32,67,694.0697629451752,False Alarm,,1,24,Sunday
mouse_2,2025-11-09,1500.0,3,32,68,704.276567697525,False Alarm,,1,6,Sunday
mouse_2,2025-11-09,1500.0,3,32,69,715.9760541915894,False Alarm,,1,3,Sunday
mouse_2,2025-11-09,1500.0,3,32,70,727.6860301494598,Hit,0.5791300677514073,0,75,Sunday
mouse_2,2025-11-09,1500.0,3,32,71,736.1395354270935,False Alarm,,1,87,Sunday
mouse_2,2025-11-09,1500.0,3,32,72,746.339519739151,False Alarm,,1,7,Sunday
mouse_2,2025-11-09,1500.0,3,32,73,757.3058960437775,False Alarm,,1,7,Sunday
mouse_2,2025-11-09,1500.0,3,32,74,770.5055954456329,False Alarm,,1,3,Sunday
mouse_2,2025-11-09,1500.0,3,32,75,781.9573316574097,Hit,1.6003827614000556,0,41,Sunday
mouse_2,2025-11-09,1500.0,3,32,76,791.1690034866333,False Alarm,,1,14,Sunday
mouse_2,2025-11-09,1500.0,3,32,77,801.3752770423889,False Alarm,,1,3,Sunday
mouse_2,2025-11-09,1500.0,3,32,78,812.3316867351532,Hit,0.3820259933415855,0,45,Sunday
mouse_2,2025-11-09,1500.0,3,32,79,821.5287280082703,False Alarm,,1,16,Sunday
mouse_2,2025-11-09,1500.0,3,32,80,831.7422444820404,Hit,0.5301394192765656,0,46,Sunday
mouse_2,2025-11-09,1500.0,3,32,81,840.9386813640594,False Alarm,,1,17,Sunday
mouse_2,2025-11-09,1500.0,3,32,82,851.1548976898193,Miss,,0,1,Sunday
mouse_2,2025-11-09,1500.0,3,32,83,861.3572316169739,Hit,0.28479393801069364,0,34,Sunday
mouse_2,2025-11-09,1500.0,3,32,84,869.5582818984985,False Alarm,,1,7,Sunday
mouse_2,2025-11-09,1500.0,3,32,85,879.765950679779,False Alarm,,1,4,Sunday
mouse_2,2025-11-09,1500.0,3,32,86,892.7151970863342,False Alarm,,1,5,Sunday
mouse_2,2025-11-09,1500.0,3,32,87,908.4262816905975,Hit,1.2414839984421633,0,50,Sunday
mouse_2,2025-11-09,1500.0,3,32,88,918.3789601325989,False Alarm,,1,20,Sunday
mouse_2,2025-11-09,1500.0,3,32,89,928.5852963924408,Hit,0.5844845472521456,0,59,Sunday
mouse_2,2025-11-09,1500.0,3,32,90,937.2789895534515,False Alarm,,1,29,Sunday
mouse_2,2025-11-09,1500.0,3,32,91,947.476240158081,Hit,0.4561986446924493,0,53,Sunday
mouse_2,2025-11-09,1500.0,3,32,92,956.9288048744202,False Alarm,,1,23,Sunday
mouse_2,2025-11-09,1500.0,3,32,93,967.1352598667145,Hit,0.2613307801332212,0,63,Sunday
mouse_2,2025-11-09,1500.0,3,32,94,975.8289868831635,False Alarm,,1,33,Sunday
mouse_2,2025-11-09,1500.0,3,32,95,986.0329835414886,Hit,1.0013983937245712,0,74,Sunday
mouse_2,2025-11-09,1500.0,3,32,96,994.9885036945343,False Alarm,,1,55,Sunday
mouse_2,2025-11-09,1500.0,3,32,97,1005.1912889480591,Hit,0.36926665030728145,0,38,Sunday
mouse_2,2025-11-09,1500.0,3,32,98,1014.3979671001434,False Alarm,,1,10,Sunday
mouse_2,2025-11-09,1500.0,3,32,99,1024.5947723388672,Hit,0.17512360139176053,0,38,Sunday
mouse_2,2025-11-09,1500.0,3,32,100,1033.0486061573029,False Alarm,,1,12,Sunday
mouse_2,2025-11-09,1500.0,3,32,101,1043.2450368404388,Hit,0.7041065044318202,0,76,Sunday
mouse_2,2025-11-09,1500.0,3,32,102,1051.4390189647675,False Alarm,,1,69,Sunday
mouse_2,2025-11-09,1500.0,3,32,103,1061.6460530757904,False Alarm,,1,8,Sunday
mouse_2,2025-11-09,1500.0,3,32,104,1077.1046524047852,Hit,0.6761634264680652,0,58,Sunday
mouse_2,2025-11-09,1500.0,3,32,105,1085.307538509369,False Alarm,,1,31,Sunday
mouse_2,2025-11-09,1500.0,3,32,106,1095.5142056941986,Hit,0.6173554501631315,0,71,Sunday
mouse_2,2025-11-09,1500.0,3,32,107,1103.475063085556,False Alarm,,1,44,Sunday
mouse_2,2025-11-09,1500.0,3,32,108,1113.684276342392,False Alarm,,1,6,Sunday
mouse_2,2025-11-09,1500.0,3,32,109,1125.6443223953247,False Alarm,,1,3,Sunday
mouse_2,2025-11-09,1500.0,3,32,110,1139.0942463874817,Hit,2.212168561055705,0,65,Sunday
mouse_2,2025-11-09,1500.0,3,32,111,1150.0480964183807,False Alarm,,1,36,Sunday
mouse_2,2025-11-09,1500.0,3,32,112,1160.2536075115204,Hit,0.6413823759676234,0,41,Sunday
mouse_2,2025-11-09,1500.0,3,32,113,1168.4572587013245,False Alarm,,1,12,Sunday
mouse_2,2025-11-09,1500.0,3,32,114,1178.6636912822723,Hit,0.5552392641211554,0,35,Sunday
mouse_2,2025-11-09,1500.0,3,32,115,1187.377117395401,False Alarm,,1,7,Sunday
mouse_2,2025-11-09,1500.0,3,32,116,1197.5832285881042,Hit,0.6619443518579828,0,65,Sunday
mouse_2,2025-11-09,1500.0,3,32,117,1207.2862915992737,False Alarm,,1,35,Sunday
mouse_2,2025-11-09,1500.0,3,32,118,1217.4747941493988,Hit,0.6082807948062054,0,48,Sunday
mouse_2,2025-11-09,1500.0,3,32,119,1226.1764957904816,False Alarm,,1,23,Sunday
mouse_2,2025-11-09,1500.0,3,32,120,1236.3848383426666,False Alarm,,1,8,Sunday
mouse_2,2025-11-09,1500.0,3,32,121,1247.8528351783752,Hit,0.34340771964662054,0,44,Sunday
mouse_2,2025-11-09,1500.0,3,32,122,1255.5538980960846,False Alarm,,1,14,Sunday
mouse_2,2025-11-09,1500.0,3,32,123,1265.7524373531342,Hit,0.6984298340430541,0,43,Sunday
mouse_2,2025-11-09,1500.0,3,32,124,1274.6973056793213,False Alarm,,1,14,Sunday
mouse_2,2025-11-09,1500.0,3,32,125,1284.902325630188,Hit,0.7980133468554413,0,55,Sunday
mouse_2,2025-11-09,1500.0,3,32,126,1294.366473197937,False Alarm,,1,26,Sunday
mouse_2,2025-11-09,1500.0,3,32,127,1304.5720818042755,Hit,0.3162793648132265,0,45,Sunday
mouse_2,2025-11-09,1500.0,3,32,128,1313.7775809764862,False Alarm,,1,18,Sunday
mouse_2,2025-11-09,1500.0,3,32,129,1323.9789681434631,Hit,0.5684182249367495,0,75,Sunday
mouse_2,2025-11-09,1500.0,3,32,130,1332.425526857376,False Alarm,,1,65,Sunday
mouse_2,2025-11-09,1500.0,3,32,131,1342.6323730945587,False Alarm,,1,18,Sunday
mouse_2,2025-11-09,1500.0,3,32,132,1355.5918953418732,Hit,0.39359824374059826,0,75,Sunday
mouse_2,2025-11-09,1500.0,3,32,133,1364.7953708171844,False Alarm,,1,82,Sunday
mouse_2,2025-11-09,1500.0,3,32,134,1374.9921510219574,False Alarm,,1,2,Sunday
mouse_2,2025-11-09,1500.0,3,32,135,1388.1921088695526,Hit,0.8605554226037384,0,74,Sunday
mouse_2,2025-11-09,1500.0,3,32,136,1397.8846786022186,False Alarm,,1,53,Sunday
mouse_2,2025-11-09,1500.0,3,32,137,1408.0915625095367,Miss,,0,0,Sunday
mouse_2,2025-11-09,1500.0,3,32,138,1419.2850577831268,Hit,0.7085970242840176,0,50,Sunday
mouse_2,2025-11-09,1500.0,3,32,139,1427.482117652893,False Alarm,,1,25,Sunday
mouse_2,2025-11-09,1500.0,3,32,140,1437.6722059249878,False Alarm,,1,4,Sunday
mouse_2,2025-11-09,1500.0,3,32,141,1451.1292221546173,Hit,0.2790027738203662,0,57,Sunday
mouse_2,2025-11-09,1500.0,3,32,142,1460.331990480423,False Alarm,,1,28,Sunday
mouse_2,2025-11-09,1500.0,3,32,143,1470.521985054016,Miss,,0,3,Sunday
mouse_2,2025-11-09,1500.0,3,32,144,1481.7246494293213,Hit,0.14426859495483768,0,68,Sunday
mouse_2,2025-11-09,1500.0,3,32,145,1489.6847341060638,False Alarm,,1,41,Sunday
mouse_2,2025-11-09,1500.0,3,32,146,1499.8912138938904,Hit,0.15412155675653594,0,41,Sunday
mouse_2,2025-11-09,1500.0,3,32,147,1507.5825986862183,False Alarm,,1,11,Sunday
mouse_2,2025-11-09,1500.0,3,32,148,1517.7915971279144,Hit,0.5178251051063398,0,29,Sunday
mouse_2,2025-11-09,1500.0,3,32,149,1526.7558043003082,Hit,0.36606471875552415,0,63,Sunday
mouse_2,2025-11-09,1500.0,3,32,150,1535.2045712471008,False Alarm,,1,33,Sunday
mouse_2,2025-11-09,1500.0,3,32,151,1545.392294883728,False Alarm,,1,17,Sunday
mouse_2,2025-11-09,1500.0,3,32,152,1562.102063179016,Miss,,0,0,Sunday
mouse_2,2025-11-09,1500.0,3,32,153,1572.5624001026154,Hit,0.5864634663107609,0,37,Sunday
mouse_2,2025-11-09,1500.0,3,32,154,1580.764809846878,False Alarm,,1,7,Sunday
mouse_2,2025-11-09,1500.0,3,32,155,1590.9653112888336,Hit,1.573029876442888,0,46,Sunday
mouse_2,2025-11-09,1500.0,3,32,156,1600.9246385097504,False Alarm,,1,23,Sunday
mouse_2,2025-11-09,1500.0,3,32,157,1611.1308994293213,Hit,0.2983014721407926,0,44,Sunday
mouse_2,2025-11-09,1500.0,3,32,158,1618.5829536914825,False Alarm,,1,15,Sunday
mouse_2,2025-11-09,1500.0,3,32,159,1628.7908544540405,Hit,0.45281361396655484,0,76,Sunday
mouse_2,2025-11-09,1500.0,3,32,160,1637.7417397499084,False Alarm,,1,54,Sunday
mouse_2,2025-11-09,1500.0,3,32,161,1647.950325012207,False Alarm,,1,4,Sunday
mouse_2,2025-11-09,1500.0,3,32,162,1661.6601612567902,Hit,0.41795461291030733,0,79,Sunday
mouse_2,2025-11-09,1500.0,3,32,163,1670.111973285675,False Alarm,,1,100,Sunday
mouse_2,2025-11-09,1500.0,3,32,164,1680.3198671340942,False Alarm,,1,17,Sunday
mouse_2,2025-11-09,1500.0,3,32,165,1691.0123348236084,Hit,1.3525997118249506,0,56,Sunday
mouse_2,2025-11-09,1500.0,3,32,166,1701.2119817733765,False Alarm,,1,32,Sunday
mouse_2,2025-11-09,1500.0,3,32,167,1711.4193670749664,False Alarm,,1,7,Sunday
mouse_2,2025-11-09,1500.0,3,32,168,1723.6196720600128,False Alarm,,1,3,Sunday
mouse_2,2025-11-09,1500.0,3,32,169,1737.5797936916351,Hit,0.5167209531089156,0,77,Sunday
mouse_2,2025-11-09,1500.0,3,32,170,1746.0330593585968,False Alarm,,1,78,Sunday
mouse_2,2025-11-09,1500.0,3,32,171,1756.2292602062225,False Alarm,,1,3,Sunday
mouse_2,2025-11-09,1500.0,3,32,172,1768.679634809494,Hit,0.1749887270993895,0,48,Sunday
mouse_2,2025-11-09,1500.0,3,32,173,1776.8729012012482,False Alarm,,1,19,Sunday
mouse_2,2025-11-09,1500.0,3,32,174,1787.0890588760376,Hit,0.4906099328459277,0,58,Sunday
mouse_2,2025-11-09,1500.0,3,32,175,1796.0525274276733,False Alarm,,1,26,Sunday
mouse_2,2025-11-09,1500.0,3,32,176,1806.2593183517456,Miss,,0,0,Sunday
mouse_2,2025-11-10,1350.0,3,33,1,0.35506701469421387,False Alarm,,1,4,Monday
mouse_2,2025-11-10,1350.0,3,33,2,12.802751779556274,False Alarm,,1,5,Monday
mouse_2,2025-11-10,1350.0,3,33,3,24.021974086761475,False Alarm,,1,2,Monday
mouse_2,2025-11-10,1350.0,3,33,4,36.981964111328125,Hit,0.2108796884202988,0,49,Monday
mouse_2,2025-11-10,1350.0,3,33,5,45.9264132976532,False Alarm,,1,21,Monday
mouse_2,2025-11-10,1350.0,3,33,6,56.13225746154785,Hit,1.005873838076191,0,32,Monday
mouse_2,2025-11-10,1350.0,3,33,7,65.08635210990906,False Alarm,,1,11,Monday
mouse_2,2025-11-10,1350.0,3,33,8,78.53301787376404,False Alarm,,1,7,Monday
mouse_2,2025-11-10,1350.0,3,33,9,91.22953724861145,False Alarm,,1,3,Monday
mouse_2,2025-11-10,1350.0,3,33,10,102.19238758087158,Hit,0.849845509224437,0,24,Monday
mouse_2,2025-11-10,1350.0,3,33,11,111.6430184841156,Hit,0.2292237284512879,0,43,Monday
mouse_2,2025-11-10,1350.0,3,33,12,120.83297562599182,False Alarm,,1,14,Monday
mouse_2,2025-11-10,1350.0,3,33,13,131.022855758667,Hit,0.6668762511274338,0,30,Monday
mouse_2,2025-11-10,1350.0,3,33,14,140.72309684753418,False Alarm,,1,4,Monday
mouse_2,2025-11-10,1350.0,3,33,15,150.91221523284912,False Alarm,,1,6,Monday
mouse_2,2025-11-10,1350.0,3,33,16,163.36317801475525,Hit,0.6365551417504491,0,30,Monday
mouse_2,2025-11-10,1350.0,3,33,17,171.3152687549591,False Alarm,,1,4,Monday
mouse_2,2025-11-10,1350.0,3,33,18,184.5312397480011,Hit,0.051411174493068756,0,53,Monday
mouse_2,2025-11-10,1350.0,3,33,19,192.72309041023254,False Alarm,,1,25,Monday
mouse_2,2025-11-10,1350.0,3,33,20,202.92137718200684,Hit,0.2573333996993483,0,30,Monday
mouse_2,2025-11-10,1350.0,3,33,21,211.3651406764984,False Alarm,,1,1,Monday
mouse_2,2025-11-10,1350.0,3,33,22,221.57135605812073,Miss,,0,0,Monday
mouse_2,2025-11-10,1350.0,3,33,23,232.28379797935486,Hit,0.6406820350828184,0,49,Monday
mouse_2,2025-11-10,1350.0,3,33,24,241.98486638069153,False Alarm,,1,19,Monday
mouse_2,2025-11-10,1350.0,3,33,25,252.19106817245483,Miss,,0,3,Monday
mouse_2,2025-11-10,1350.0,3,33,26,262.1436221599579,Hit,0.5673697904449,0,47,Monday
mouse_2,2025-11-10,1350.0,3,33,27,270.0829746723175,False Alarm,,1,21,Monday
mouse_2,2025-11-10,1350.0,3,33,28,280.27962017059326,False Alarm,,1,4,Monday
mouse_2,2025-11-10,1350.0,3,33,29,293.48099279403687,Hit,1.07142792773692,0,23,Monday
mouse_2,2025-11-10,1350.0,3,33,30,302.9242823123932,Hit,0.22360116152498222,0,51,Monday
mouse_2,2025-11-10,1350.0,3,33,31,312.12451553344727,False Alarm,,1,23,Monday
mouse_2,2025-11-10,1350.0,3,33,32,322.31299209594727,False Alarm,,1,2,Monday
mouse_2,2025-11-10,1350.0,3,33,33,334.00425243377686,Hit,0.6112204103310432,0,57,Monday
mouse_2,2025-11-10,1350.0,3,33,34,343.45471239089966,False Alarm,,1,33,Monday
mouse_2,2025-11-10,1350.0,3,33,35,353.65860247612,False Alarm,,1,5,Monday
mouse_2,2025-11-10,1350.0,3,33,36,366.8605613708496,Miss,,0,0,Monday
mouse_2,2025-11-10,1350.0,3,33,37,377.0632870197296,Hit,0.16548338643229954,0,77,Monday
mouse_2,2025-11-10,1350.0,3,33,38,385.77423763275146,False Alarm,,1,102,Monday
mouse_2,2025-11-10,1350.0,3,33,39,395.9803946018219,False Alarm,,1,10,Monday
mouse_2,2025-11-10,1350.0,3,33,40,406.19073390960693,False Alarm,,1,5,Monday
mouse_2,2025-11-10,1350.0,3,33,41,417.6330511569977,Hit,0.3968847832135225,0,44,Monday
mouse_2,2025-11-10,1350.0,3,33,42,425.5831935405731,False Alarm,,1,18,Monday
mouse_2,2025-11-10,1350.0,3,33,43,435.7903220653534,False Alarm,,1,2,Monday
mouse_2,2025-11-10,1350.0,3,33,44,447.2406783103943,Hit,0.3004069279109558,0,71,Monday
mouse_2,2025-11-10,1350.0,3,33,45,456.4437255859375,False Alarm,,1,47,Monday
mouse_2,2025-11-10,1350.0,3,33,46,466.6506276130676,False Alarm,,1,2,Monday
mouse_2,2025-11-10,1350.0,3,33,47,480.8502538204193,Miss,,0,2,Monday
mouse_2,2025-11-10,1350.0,3,33,48,491.0429768562317,Hit,0.2952108056853149,0,44,Monday
mouse_2,2025-11-10,1350.0,3,33,49,498.9936420917511,False Alarm,,1,15,Monday
mouse_2,2025-11-10,1350.0,3,33,50,509.19301414489746,Hit,0.11843638182301675,0,77,Monday
mouse_2,2025-11-10,1350.0,3,33,51,517.8912811279297,False Alarm,,1,60,Monday
mouse_2,2025-11-10,1350.0,3,33,52,528.0932545661926,False Alarm,,1,1,Monday
mouse_2,2025-11-10,1350.0,3,33,53,541.7997558116913,Hit,1.048048049812678,0,51,Monday
mouse_2,2025-11-10,1350.0,3,33,54,550.7433578968048,False Alarm,,1,21,Monday
mouse_2,2025-11-10,1350.0,3,33,55,560.9499135017395,Hit,0.549996123998767,0,68,Monday
mouse_2,2025-11-10,1350.0,3,33,56,569.903258562088,False Alarm,,1,38,Monday
mouse_2,2025-11-10,1350.0,3,33,57,580.1098835468292,Hit,0.5232856444596337,0,55,Monday
mouse_2,2025-11-10,1350.0,3,33,58,589.0740973949432,False Alarm,,1,26,Monday
mouse_2,2025-11-10,1350.0,3,33,59,599.2810435295105,Hit,0.4715464030326757,0,37,Monday
mouse_2,2025-11-10,1350.0,3,33,60,608.9929316043854,False Alarm,,1,6,Monday
mouse_2,2025-11-10,1350.0,3,33,61,619.1995103359222,Hit,0.3216931047077196,0,45,Monday
mouse_2,2025-11-10,1350.0,3,33,62,628.4026606082916,False Alarm,,1,15,Monday
mouse_2,2025-11-10,1350.0,3,33,63,638.5992276668549,Hit,0.44767496137012586,0,60,Monday
mouse_2,2025-11-10,1350.0,3,33,64,647.7927899360657,False Alarm,,1,32,Monday
mouse_2,2025-11-10,1350.0,3,33,65,658.0088176727295,Hit,0.42036382461844823,0,59,Monday
mouse_2,2025-11-10,1350.0,3,33,66,665.9531998634338,False Alarm,,1,30,Monday
mouse_2,2025-11-10,1350.0,3,33,67,676.1592588424683,Miss,,0,3,Monday
mouse_2,2025-11-10,1350.0,3,33,68,687.1123666763306,Hit,0.5119210377840773,0,41,Monday
mouse_2,2025-11-10,1350.0,3,33,69,695.8226597309113,False Alarm,,1,15,Monday
mouse_2,2025-11-10,1350.0,3,33,70,706.0229408740997,False Alarm,,1,4,Monday
mouse_2,2025-11-10,1350.0,3,33,71,717.4792194366455,Hit,0.48051012177370467,0,67,Monday
mouse_2,2025-11-10,1350.0,3,33,72,726.4415402412415,False Alarm,,1,40,Monday
mouse_2,2025-11-10,1350.0,3,33,73,736.6390047073364,Hit,0.6720034437971663,0,32,Monday
mouse_2,2025-11-10,1350.0,3,33,74,744.5921628475189,False Alarm,,1,5,Monday
mouse_2,2025-11-10,1350.0,3,33,75,754.8086409568787,Hit,0.627234839134303,0,55,Monday
mouse_2,2025-11-10,1350.0,3,33,76,763.5133500099182,False Alarm,,1,26,Monday
mouse_2,2025-11-10,1350.0,3,33,77,773.7148962020874,Hit,0.45618149214942605,0,37,Monday
mouse_2,2025-11-10,1350.0,3,33,78,782.1623392105103,False Alarm,,1,12,Monday
mouse_2,2025-11-10,1350.0,3,33,79,792.3681540489197,Hit,0.22039167063599052,0,75,Monday
mouse_2,2025-11-10,1350.0,3,33,80,800.061422586441,False Alarm,,1,71,Monday
mouse_2,2025-11-10,1350.0,3,33,81,810.252968788147,False Alarm,,1,1,Monday
mouse_2,2025-11-10,1350.0,3,33,82,824.2180156707764,Hit,0.3763512280750092,0,77,Monday
mouse_2,2025-11-10,1350.0,3,33,83,832.6689035892487,False Alarm,,1,81,Monday
mouse_2,2025-11-10,1350.0,3,33,84,842.8779573440552,False Alarm,,1,7,Monday
mouse_2,2025-11-10,1350.0,3,33,85,855.8278715610504,False Alarm,,1,7,Monday
mouse_2,2025-11-10,1350.0,3,33,86,866.7776782512665,False Alarm,,1,5,Monday
mouse_2,2025-11-10,1350.0,3,33,87,880.9776663780212,False Alarm,,1,2,Monday
mouse_2,2025-11-10,1350.0,3,33,88,893.6817193031311,Hit,0.30356149744466165,0,70,Monday
mouse_2,2025-11-10,1350.0,3,33,89,902.889487028122,False Alarm,,1,41,Monday
mouse_2,2025-11-10,1350.0,3,33,90,913.0873835086823,Hit,0.3701842222567393,0,64,Monday
mouse_2,2025-11-10,1350.0,3,33,91,922.2829482555389,False Alarm,,1,35,Monday
mouse_2,2025-11-10,1350.0,3,33,92,932.4880828857422,Hit,0.43297501155757345,0,56,Monday
mouse_2,2025-11-10,1350.0,3,33,93,940.6814231872559,False Alarm,,1,30,Monday
mouse_2,2025-11-10,1350.0,3,33,94,950.8871970176697,False Alarm,,1,3,Monday
mouse_2,2025-11-10,1350.0,3,33,95,962.0931384563446,Hit,0.40624349637755586,0,42,Monday
mouse_2,2025-11-10,1350.0,3,33,96,970.3011348247528,False Alarm,,1,19,Monday
mouse_2,2025-11-10,1350.0,3,33,97,980.5071346759796,False Alarm,,1,5,Monday
mouse_2,2025-11-10,1350.0,3,33,98,993.948858499527,Hit,0.2876904067770738,0,45,Monday
mouse_2,2025-11-10,1350.0,3,33,99,1002.640255689621,False Alarm,,1,17,Monday
mouse_2,2025-11-10,1350.0,3,33,100,1012.8379473686218,Hit,0.6231596098401724,0,66,Monday
mouse_2,2025-11-10,1350.0,3,33,101,1021.7803304195404,False Alarm,,1,39,Monday
mouse_2,2025-11-10,1350.0,3,33,102,1031.986728668213,False Alarm,,1,4,Monday
mouse_2,2025-11-10,1350.0,3,33,103,1046.9369831085205,Hit,0.32482797334046154,0,50,Monday
mouse_2,2025-11-10,1350.0,3,33,104,1054.8970787525177,False Alarm,,1,26,Monday
mouse_2,2025-11-10,1350.0,3,33,105,1065.0972945690155,Hit,0.7012351996586403,0,56,Monday
mouse_2,2025-11-10,1350.0,3,33,106,1074.3102023601532,False Alarm,,1,28,Monday
mouse_2,2025-11-10,1350.0,3,33,107,1084.5166292190552,Hit,0.37185928006806535,0,76,Monday
mouse_2,2025-11-10,1350.0,3,33,108,1092.960443496704,False Alarm,,1,65,Monday
mouse_2,2025-11-10,1350.0,3,33,109,1103.166480064392,Hit,0.12289728101814035,0,75,Monday
mouse_2,2025-11-10,1350.0,3,33,110,1111.6168694496155,False Alarm,,1,63,Monday
mouse_2,2025-11-10,1350.0,3,33,111,1121.816411972046,Hit,0.15266307721617522,0,73,Monday
mouse_2,2025-11-10,1350.0,3,33,112,1131.010179758072,False Alarm,,1,86,Monday
mouse_2,2025-11-10,1350.0,3,33,113,1141.2262516021729,Hit,0.2780623495648342,0,42,Monday
mouse_2,2025-11-10,1350.0,3,33,114,1150.1893799304962,False Alarm,,1,15,Monday
mouse_2,2025-11-10,1350.0,3,33,115,1160.396169424057,Hit,0.5082298701033778,0,73,Monday
mouse_2,2025-11-10,1350.0,3,33,116,1169.6014366149902,False Alarm,,1,54,Monday
mouse_2,2025-11-10,1350.0,3,33,117,1179.8061337471008,False Alarm,,1,4,Monday
mouse_2,2025-11-10,1350.0,3,33,118,1193.7558200359344,Hit,0.2715304840960471,0,71,Monday
mouse_2,2025-11-10,1350.0,3,33,119,1202.6976454257965,False Alarm,,1,43,Monday
mouse_2,2025-11-10,1350.0,3,33,120,1212.8961067199707,False Alarm,,1,2,Monday
mouse_2,2025-11-10,1350.0,3,33,121,1226.8568139076233,Hit,2.1294166312359266,0,35,Monday
mouse_2,2025-11-10,1350.0,3,33,122,1237.3191611766815,False Alarm,,1,8,Monday
mouse_2,2025-11-10,1350.0,3,33,123,1247.5207924842834,False Alarm,,1,3,Monday
mouse_2,2025-11-10,1350.0,3,33,124,1259.725171327591,Hit,1.4180564481882811,0,59,Monday
mouse_2,2025-11-10,1350.0,3,33,125,1268.4186494350433,False Alarm,,1,31,Monday
mouse_2,2025-11-10,1350.0,3,33,126,1278.6230919361115,False Alarm,,1,7,Monday
mouse_2,2025-11-10,1350.0,3,33,127,1293.8231449127197,Hit,0.2774564663147885,0,53,Monday
mouse_2,2025-11-10,1350.0,3,33,128,1302.2690420150757,False Alarm,,1,24,Monday
mouse_2,2025-11-10,1350.0,3,33,129,1312.472755432129,Hit,0.3758096314782051,0,64,Monday
mouse_2,2025-11-10,1350.0,3,33,130,1321.667785167694,False Alarm,,1,36,Monday
mouse_2,2025-11-10,1350.0,3,33,131,1331.8729300498962,Hit,0.6924338171431828,0,68,Monday
mouse_2,2025-11-10,1350.0,3,33,132,1340.0682334899902,False Alarm,,1,39,Monday
mouse_2,2025-11-10,1350.0,3,33,133,1350.2639248371124,Hit,0.7735021706600946,0,61,Monday
mouse_2,2025-11-10,1350.0,3,33,134,1358.7175166606903,False Alarm,,1,31,Monday
mouse_2,2025-11-10,1350.0,3,33,135,1368.913727760315,Hit,0.43569151245014837,0,61,Monday
mouse_2,2025-11-10,1350.0,3,33,136,1378.3570437431335,False Alarm,,1,32,Monday
mouse_2,2025-11-10,1350.0,3,33,137,1388.5635595321655,Hit,0.6061687187936968,0,64,Monday
mouse_2,2025-11-10,1350.0,3,33,138,1397.5071203708649,False Alarm,,1,33,Monday
mouse_2,2025-11-10,1350.0,3,33,139,1407.7037920951843,Hit,0.29186851631720856,0,31,Monday
mouse_2,2025-11-10,1350.0,3,33,140,1416.1571786403656,False Alarm,,1,3,Monday
mouse_2,2025-11-10,1350.0,3,33,141,1429.6046917438507,Hit,1.1667301438612867,0,58,Monday
mouse_2,2025-11-10,1350.0,3,33,142,1439.307207584381,False Alarm,,1,27,Monday
mouse_2,2025-11-10,1350.0,3,33,143,1449.523009300232,Miss,,0,0,Monday
mouse_2,2025-11-10,1350.0,3,33,144,1459.2168414592743,Miss,,0,3,Monday
mouse_2,2025-11-10,1350.0,3,33,145,1469.9162559509277,Hit,0.6112564000795828,0,64,Monday
mouse_2,2025-11-10,1350.0,3,33,146,1477.8670444488525,False Alarm,,1,33,Monday
mouse_2,2025-11-10,1350.0,3,33,147,1488.0734560489655,Hit,1.268018525543539,0,42,Monday
mouse_2,2025-11-10,1350.0,3,33,148,1498.5166432857513,False Alarm,,1,13,Monday
mouse_2,2025-11-10,1350.0,3,33,149,1508.7148523330688,False Alarm,,1,2,Monday
mouse_2,2025-11-10,1350.0,3,33,150,1520.413542509079,Hit,0.6177282789230958,0,47,Monday
mouse_2,2025-11-10,1350.0,3,33,151,1529.8567960262299,False Alarm,,1,17,Monday
mouse_2,2025-11-10,1350.0,3,33,152,1540.0529301166534,Hit,0.22124584813445836,0,56,Monday
mouse_2,2025-11-10,1350.0,3,33,153,1549.2465438842773,False Alarm,,1,27,Monday
mouse_2,2025-11-10,1350.0,3,33,154,1559.4620757102966,False Alarm,,1,4,Monday
mouse_2,2025-11-10,1350.0,3,33,155,1574.9226429462433,Hit,0.3714054603401564,0,31,Monday
mouse_2,2025-11-10,1350.0,3,33,156,1583.625548839569,False Alarm,,1,5,Monday
mouse_2,2025-11-10,1350.0,3,33,157,1597.331600189209,Miss,,0,2,Monday
mouse_2,2025-11-10,1350.0,3,33,158,1607.2744989395142,Hit,0.5182223265335324,0,33,Monday
mouse_2,2025-11-10,1350.0,3,33,159,1615.2161130905151,False Alarm,,1,4,Monday
mouse_2,2025-11-10,1350.0,3,33,160,1626.6722712516785,Hit,0.90872761680248,0,44,Monday
mouse_2,2025-11-10,1350.0,3,33,161,1635.1252717971802,False Alarm,,1,16,Monday
mouse_2,2025-11-10,1350.0,3,33,162,1645.3314735889435,False Alarm,,1,2,Monday
mouse_2,2025-11-10,1350.0,3,33,163,1658.2835268974304,Miss,,0,0,Monday
mouse_2,2025-11-10,1350.0,3,33,164,1667.9743382930756,Hit,0.5370403382273707,0,49,Monday
mouse_2,2025-11-10,1350.0,3,33,165,1677.1629710197449,False Alarm,,1,20,Monday
mouse_2,2025-11-10,1350.0,3,33,166,1687.3708233833313,Hit,0.10856768607595768,0,42,Monday
mouse_2,2025-11-10,1350.0,3,33,167,1696.5742635726929,False Alarm,,1,12,Monday
mouse_2,2025-11-10,1350.0,3,33,168,1706.7706570625305,Hit,1.6989115546411995,0,44,Monday
mouse_2,2025-11-10,1350.0,3,33,169,1716.711582183838,False Alarm,,1,13,Monday
mouse_2,2025-11-10,1350.0,3,33,170,1726.9011933803558,Hit,2.03881586877219,0,56,Monday
mouse_2,2025-11-10,1350.0,3,33,171,1736.8440911769867,False Alarm,,1,28,Monday
mouse_2,2025-11-10,1350.0,3,33,172,1747.0429475307465,Hit,1.2127574329865638,0,75,Monday
mouse_2,2025-11-10,1350.0,3,33,173,1755.4929950237274,False Alarm,,1,55,Monday
mouse_2,2025-11-10,1350.0,3,33,174,1765.6808412075043,Hit,0.5267446116531573,0,41,Monday
mouse_2,2025-11-10,1350.0,3,33,175,1773.8734657764435,False Alarm,,1,17,Monday
mouse_2,2025-11-10,1350.0,3,33,176,1784.0801100730896,False Alarm,,1,4,Monday
mouse_2,2025-11-10,1350.0,3,33,177,1798.0329813957214,Miss,,0,0,Monday
mouse_2,2025-11-11,1200.0,4,1,1,0.4215068817138672,Hit,0.563517471973908,0,27,Tuesday
mouse_2,2025-11-11,1200.0,4,1,2,10.383223295211792,Hit,0.403703271927462,0,23,Tuesday
mouse_2,2025-11-11,1200.0,4,1,3,21.580629110336304,Hit,0.1531915805765891,0,48,Tuesday
mouse_2,2025-11-11,1200.0,4,1,4,32.53986954689026,Hit,0.6976109160904471,0,37,Tuesday
mouse_2,2025-11-11,1200.0,4,1,5,43.729817628860474,Hit (Calc),4.62351569260656,0,3,Tuesday
mouse_2,2025-11-11,1200.0,4,1,6,52.93010449409485,Miss,,0,0,Tuesday
mouse_2,2025-11-11,1200.0,4,1,7,63.87952947616577,Hit,0.38686670809676116,0,38,Tuesday
mouse_2,2025-11-11,1200.0,4,1,8,75.33231711387634,Hit,0.5774593516748041,0,28,Tuesday
mouse_2,2025-11-11,1200.0,4,1,9,85.79268789291382,Hit,0.6881090971064054,0,42,Tuesday
mouse_2,2025-11-11,1200.0,4,1,10,96.00164294242859,Hit,0.541459507009165,0,78,Tuesday
mouse_2,2025-11-11,1200.0,4,1,11,107.45992684364319,False Alarm,,1,32,Tuesday
mouse_2,2025-11-11,1200.0,4,1,12,117.67032122612,Miss,,0,0,Tuesday
mouse_2,2025-11-11,1200.0,4,1,13,128.6275713443756,Hit,0.5146931839535114,0,29,Tuesday
mouse_2,2025-11-11,1200.0,4,1,14,139.08190774917603,False Alarm,,1,3,Tuesday
mouse_2,2025-11-11,1200.0,4,1,15,149.77766489982605,Hit,0.5034101369093662,0,29,Tuesday
mouse_2,2025-11-11,1200.0,4,1,16,159.99116563796997,Hit,0.28553639493219407,0,42,Tuesday
mouse_2,2025-11-11,1200.0,4,1,17,170.2002568244934,Hit,0.5391114992536927,0,50,Tuesday
mouse_2,2025-11-11,1200.0,4,1,18,180.15019607543945,False Alarm,,1,1,Tuesday
mouse_2,2025-11-11,1200.0,4,1,19,190.36544179916382,Hit,0.45847927648236464,0,34,Tuesday
mouse_2,2025-11-11,1200.0,4,1,20,201.8215787410736,Hit,0.23720204641784903,0,37,Tuesday
mouse_2,2025-11-11,1200.0,4,1,21,212.77107882499695,Hit,1.361851162261047,0,26,Tuesday
mouse_2,2025-11-11,1200.0,4,1,22,223.73127031326294,Hit,0.8032280086826802,0,38,Tuesday
mouse_2,2025-11-11,1200.0,4,1,23,234.68113827705383,Hit,0.07406640835790768,0,26,Tuesday
mouse_2,2025-11-11,1200.0,4,1,24,245.39156293869019,Hit,0.7396973416782373,0,45,Tuesday
mouse_2,2025-11-11,1200.0,4,1,25,255.85116934776306,Hit,0.019076350489115157,0,18,Tuesday
mouse_2,2025-11-11,1200.0,4,1,26,265.3128638267517,False Alarm,,1,6,Tuesday
mouse_2,2025-11-11,1200.0,4,1,27,281.7700080871582,Miss,,0,0,Tuesday
mouse_2,2025-11-11,1200.0,4,1,28,292.2184512615204,Hit,0.9320817336200093,0,20,Tuesday
mouse_2,2025-11-11,1200.0,4,1,29,302.93023467063904,Hit,0.739726180527839,0,24,Tuesday
mouse_2,2025-11-11,1200.0,4,1,30,313.14070296287537,Miss,,0,0,Tuesday
mouse_2,2025-11-11,1200.0,4,1,31,322.3478157520294,Hit,1.4578831309039515,0,93,Tuesday
mouse_2,2025-11-11,1200.0,4,1,32,333.80060386657715,False Alarm,,1,44,Tuesday
mouse_2,2025-11-11,1200.0,4,1,33,344.0048851966858,Hit,1.417223149592587,0,24,Tuesday
mouse_2,2025-11-11,1200.0,4,1,34,354.9708344936371,Hit,0.4126005496097491,0,36,Tuesday
mouse_2,2025-11-11,1200.0,4,1,35,365.43028140068054,Hit,0.5189452309527383,0,92,Tuesday
mouse_2,2025-11-11,1200.0,4,1,36,375.63088846206665,False Alarm,,1,67,Tuesday
mouse_2,2025-11-11,1200.0,4,1,37,385.83464908599854,Miss,,0,0,Tuesday
mouse_2,2025-11-11,1200.0,4,1,38,395.5383331775665,Hit,0.30643956099913794,0,26,Tuesday
mouse_2,2025-11-11,1200.0,4,1,39,406.24010848999023,Hit,1.4813610629670393,0,60,Tuesday
mouse_2,2025-11-11,1200.0,4,1,40,417.4501242637634,False Alarm,,1,12,Tuesday
mouse_2,2025-11-11,1200.0,4,1,41,427.6641368865967,Hit,0.4382328361145369,0,89,Tuesday
mouse_2,2025-11-11,1200.0,4,1,42,438.1199300289154,False Alarm,,1,42,Tuesday
mouse_2,2025-11-11,1200.0,4,1,43,448.3340833187103,Hit,0.788818544692333,0,49,Tuesday
mouse_2,2025-11-11,1200.0,4,1,44,458.7999963760376,False Alarm,,1,6,Tuesday
mouse_2,2025-11-11,1200.0,4,1,45,469.0140793323517,Hit,0.027451172748442332,0,94,Tuesday
mouse_2,2025-11-11,1200.0,4,1,46,479.9608418941498,False Alarm,,1,62,Tuesday
mouse_2,2025-11-11,1200.0,4,1,47,490.17375659942627,Hit,1.5964605309425792,0,31,Tuesday
mouse_2,2025-11-11,1200.0,4,1,48,501.6198513507843,Miss,,0,3,Tuesday
mouse_2,2025-11-11,1200.0,4,1,49,511.31674242019653,False Alarm,,1,3,Tuesday
mouse_2,2025-11-11,1200.0,4,1,50,523.0235216617584,Miss,,0,2,Tuesday
mouse_2,2025-11-11,1200.0,4,1,51,533.2267458438873,False Alarm,,1,8,Tuesday
mouse_2,2025-11-11,1200.0,4,1,52,544.6828365325928,False Alarm,,1,14,Tuesday
mouse_2,2025-11-11,1200.0,4,1,53,558.6401610374451,False Alarm,,1,7,Tuesday
mouse_2,2025-11-11,1200.0,4,1,54,569.8485925197601,False Alarm,,1,2,Tuesday
mouse_2,2025-11-11,1200.0,4,1,55,582.0540449619293,Hit,0.23052900521975062,0,64,Tuesday
mouse_2,2025-11-11,1200.0,4,1,56,593.2683923244476,False Alarm,,1,21,Tuesday
mouse_2,2025-11-11,1200.0,4,1,57,603.4832026958466,False Alarm,,1,5,Tuesday
mouse_2,2025-11-11,1200.0,4,1,58,616.6802203655243,Miss,,0,2,Tuesday
mouse_2,2025-11-11,1200.0,4,1,59,626.1363744735718,False Alarm,,1,2,Tuesday
mouse_2,2025-11-11,1200.0,4,1,60,636.8432152271271,Hit,0.8591872322723475,0,40,Tuesday
mouse_2,2025-11-11,1200.0,4,1,61,647.5489914417267,False Alarm,,1,6,Tuesday
mouse_2,2025-11-11,1200.0,4,1,62,661.5032362937927,Miss,,0,0,Tuesday
mouse_2,2025-11-11,1200.0,4,1,63,670.9461772441864,Hit,0.2012670275491928,0,39,Tuesday
mouse_2,2025-11-11,1200.0,4,1,64,681.3994340896606,False Alarm,,1,2,Tuesday
mouse_2,2025-11-11,1200.0,4,1,65,696.1028833389282,Hit,0.44883788406059466,0,96,Tuesday
mouse_2,2025-11-11,1200.0,4,1,66,706.3080539703369,False Alarm,,1,49,Tuesday
mouse_2,2025-11-11,1200.0,4,1,67,716.5095989704132,Hit,0.07859381034688795,0,36,Tuesday
mouse_2,2025-11-11,1200.0,4,1,68,726.7185764312744,Hit,0.40867054103955525,0,39,Tuesday
mouse_2,2025-11-11,1200.0,4,1,69,736.6681320667267,False Alarm,,1,5,Tuesday
mouse_2,2025-11-11,1200.0,4,1,70,751.8831026554108,Hit,0.5699894500035043,0,60,Tuesday
mouse_2,2025-11-11,1200.0,4,1,71,762.3383467197418,False Alarm,,1,13,Tuesday
mouse_2,2025-11-11,1200.0,4,1,72,772.5498814582825,Hit,0.024859669982788546,0,51,Tuesday
mouse_2,2025-11-11,1200.0,4,1,73,783.4977583885193,False Alarm,,1,6,Tuesday
mouse_2,2025-11-11,1200.0,4,1,74,793.7119166851044,False Alarm,,1,4,Tuesday
mouse_2,2025-11-11,1200.0,4,1,75,805.1623728275299,Hit,0.4624259086743905,0,79,Tuesday
mouse_2,2025-11-11,1200.0,4,1,76,816.1076049804688,False Alarm,,1,30,Tuesday
mouse_2,2025-11-11,1200.0,4,1,77,826.3219616413116,Hit,0.8344087957955253,0,58,Tuesday
mouse_2,2025-11-11,1200.0,4,1,78,836.5281143188477,False Alarm,,1,12,Tuesday
mouse_2,2025-11-11,1200.0,4,1,79,846.7320988178253,Hit,0.6463102173423749,0,72,Tuesday
mouse_2,2025-11-11,1200.0,4,1,80,857.6874461174011,False Alarm,,1,25,Tuesday
mouse_2,2025-11-11,1200.0,4,1,81,867.901784658432,Hit,0.6899367954891886,0,63,Tuesday
mouse_2,2025-11-11,1200.0,4,1,82,879.1168599128723,False Alarm,,1,19,Tuesday
mouse_2,2025-11-11,1200.0,4,1,83,889.3311610221863,False Alarm,,1,7,Tuesday
mouse_2,2025-11-11,1200.0,4,1,84,902.7885329723358,False Alarm,,1,5,Tuesday
mouse_2,2025-11-11,1200.0,4,1,85,916.4900624752045,Hit,0.37985974177263415,0,43,Tuesday
mouse_2,2025-11-11,1200.0,4,1,86,926.4368677139282,False Alarm,,1,4,Tuesday
mouse_2,2025-11-11,1200.0,4,1,87,941.3824484348297,Miss,,0,0,Tuesday
mouse_2,2025-11-11,1200.0,4,1,88,950.5837965011597,Hit (Calc),4.34671263354528,0,2,Tuesday
mouse_2,2025-11-11,1200.0,4,1,89,960.0237691402435,Hit,0.42619742143119765,0,43,Tuesday
mouse_2,2025-11-11,1200.0,4,1,90,970.7367906570435,False Alarm,,1,6,Tuesday
mouse_2,2025-11-11,1200.0,4,1,91,982.190929889679,Hit,0.7844979487343835,0,28,Tuesday
mouse_2,2025-11-11,1200.0,4,1,92,992.8821506500244,Hit (Calc),2.1221792656398293,0,4,Tuesday
mouse_2,2025-11-11,1200.0,4,1,93,1002.3345317840576,Hit (Calc),2.1373441256388332,0,6,Tuesday
mouse_2,2025-11-11,1200.0,4,1,94,1012.2836892604828,False Alarm,,1,5,Tuesday
mouse_2,2025-11-11,1200.0,4,1,95,1024.4905676841736,False Alarm,,1,3,Tuesday
mouse_2,2025-11-11,1200.0,4,1,96,1037.9400823116302,Hit,0.5886734825141957,0,40,Tuesday
mouse_2,2025-11-11,1200.0,4,1,97,1048.6364350318909,False Alarm,,1,1,Tuesday
mouse_2,2025-11-11,1200.0,4,1,98,1062.0900411605835,Hit,1.6699127972863153,0,49,Tuesday
mouse_2,2025-11-11,1200.0,4,1,99,1073.7954540252686,Miss,,0,3,Tuesday
mouse_2,2025-11-11,1200.0,4,1,100,1083.0032482147217,False Alarm,,1,3,Tuesday
mouse_2,2025-11-11,1200.0,4,1,101,1093.9603369235992,Miss,,0,0,Tuesday
mouse_2,2025-11-11,1200.0,4,1,102,1103.9019649028778,Hit,0.10724673445952249,0,91,Tuesday
mouse_2,2025-11-11,1200.0,4,1,103,1114.8451306819916,False Alarm,,1,59,Tuesday
mouse_2,2025-11-11,1200.0,4,1,104,1125.0588562488556,Hit,1.3718348617067022,0,39,Tuesday
mouse_2,2025-11-11,1200.0,4,1,105,1136.515738248825,Hit,0.45743691714937995,0,42,Tuesday
mouse_2,2025-11-11,1200.0,4,1,106,1146.9752011299133,Hit,0.5018987739535987,0,25,Tuesday
mouse_2,2025-11-11,1200.0,4,1,107,1158.1831159591675,Hit,0.9281355304285626,0,43,Tuesday
mouse_2,2025-11-11,1200.0,4,1,108,1168.8852038383484,False Alarm,,1,4,Tuesday
mouse_2,2025-11-11,1200.0,4,1,109,1180.3398568630219,False Alarm,,1,3,Tuesday
mouse_2,2025-11-11,1200.0,4,1,110,1193.2902827262878,Hit,1.0930909453136337,0,43,Tuesday
mouse_2,2025-11-11,1200.0,4,1,111,1204.2467024326324,Hit,0.4035668009937581,0,34,Tuesday
mouse_2,2025-11-11,1200.0,4,1,112,1214.4457504749298,Hit,0.7016539982294034,0,39,Tuesday
mouse_2,2025-11-11,1200.0,4,1,113,1224.6411328315735,Hit,1.0683862343469173,0,90,Tuesday
mouse_2,2025-11-11,1200.0,4,1,114,1234.8359920978546,False Alarm,,1,41,Tuesday
mouse_2,2025-11-11,1200.0,4,1,115,1245.040046930313,Hit,0.4998545916225794,0,29,Tuesday
mouse_2,2025-11-11,1200.0,4,1,116,1255.2552134990692,Hit,0.22910198535123527,0,32,Tuesday
mouse_2,2025-11-11,1200.0,4,1,117,1265.9548790454865,Hit,0.6320447007851726,0,95,Tuesday
mouse_2,2025-11-11,1200.0,4,1,118,1277.1649506092072,False Alarm,,1,50,Tuesday
mouse_2,2025-11-11,1200.0,4,1,119,1287.3730313777924,Hit,0.09813176101056342,0,37,Tuesday
mouse_2,2025-11-11,1200.0,4,1,120,1298.3247792720795,Hit,0.2329162750506839,0,42,Tuesday
mouse_2,2025-11-11,1200.0,4,1,121,1309.2752723693848,Hit,0.15828609189748022,0,22,Tuesday
mouse_2,2025-11-11,1200.0,4,1,122,1319.2351746559143,Hit,0.2649445484271382,0,35,Tuesday
mouse_2,2025-11-11,1200.0,4,1,123,1330.4440548419952,False Alarm,,1,2,Tuesday
mouse_2,2025-11-11,1200.0,4,1,124,1344.9000089168549,Miss,,0,0,Tuesday
mouse_2,2025-11-11,1200.0,4,1,125,1354.851797580719,Hit,0.271081608251734,0,92,Tuesday
mouse_2,2025-11-11,1200.0,4,1,126,1365.5498831272125,False Alarm,,1,58,Tuesday
mouse_2,2025-11-11,1200.0,4,1,127,1375.748652935028,Hit,1.238734385497537,0,36,Tuesday
mouse_2,2025-11-11,1200.0,4,1,128,1387.4421513080597,Hit,0.49015284925280866,0,40,Tuesday
mouse_2,2025-11-11,1200.0,4,1,129,1398.4042932987213,Hit,0.08670682831166232,0,48,Tuesday
mouse_2,2025-11-11,1200.0,4,1,130,1409.114119052887,False Alarm,,1,7,Tuesday
mouse_2,2025-11-11,1200.0,4,1,131,1419.310148715973,False Alarm,,1,3,Tuesday
mouse_2,2025-11-11,1200.0,4,1,132,1430.7792394161224,Hit,0.2758001268946373,0,53,Tuesday
mouse_2,2025-11-11,1200.0,4,1,133,1442.2336864471436,False Alarm,,1,3,Tuesday
mouse_2,2025-11-11,1200.0,4,1,134,1452.437822341919,Hit,0.41424944402911024,0,70,Tuesday
mouse_2,2025-11-11,1200.0,4,1,135,1463.634630203247,False Alarm,,1,21,Tuesday
mouse_2,2025-11-11,1200.0,4,1,136,1473.8301770687103,Hit,0.04962906627997654,0,68,Tuesday
mouse_2,2025-11-11,1200.0,4,1,137,1484.5299561023712,False Alarm,,1,23,Tuesday
mouse_2,2025-11-11,1200.0,4,1,138,1494.7187163829803,Hit,0.3286988298425513,0,16,Tuesday
mouse_2,2025-11-11,1200.0,4,1,139,1505.1839711666107,Hit,0.07810794312922553,0,76,Tuesday
mouse_2,2025-11-11,1200.0,4,1,140,1516.1337478160858,False Alarm,,1,30,Tuesday
mouse_2,2025-11-11,1200.0,4,1,141,1526.3376460075378,Hit,0.44687521418836695,0,31,Tuesday
mouse_2,2025-11-11,1200.0,4,1,142,1536.2932059764862,Hit,0.42491381639229076,0,44,Tuesday
mouse_2,2025-11-11,1200.0,4,1,143,1546.7430198192596,Hit,0.17533168222848872,0,93,Tuesday
mouse_2,2025-11-11,1200.0,4,1,144,1557.18985080719,False Alarm,,1,71,Tuesday
mouse_2,2025-11-11,1200.0,4,1,145,1567.387680530548,Hit (Calc),2.1455332720665865,0,5,Tuesday
mouse_2,2025-11-11,1200.0,4,1,146,1576.5900430679321,Miss,,0,0,Tuesday
mouse_2,2025-11-11,1200.0,4,1,147,1586.7908799648285,Miss,,0,0,Tuesday
mouse_2,2025-11-11,1200.0,4,1,148,1597.7501027584076,Miss,,0,0,Tuesday
mouse_2,2025-11-11,1200.0,4,1,149,1608.2004671096802,Miss,,0,0,Tuesday
mouse_2,2025-11-11,1200.0,4,1,150,1618.150782585144,Miss,,0,0,Tuesday
mouse_2,2025-11-11,1200.0,4,1,151,1628.850038766861,Miss,,0,0,Tuesday
mouse_2,2025-11-11,1200.0,4,1,152,1639.5497703552246,Miss,,0,2,Tuesday
mouse_2,2025-11-11,1200.0,4,1,153,1650.2497618198395,Hit,0.610540709896668,0,22,Tuesday
mouse_2,2025-11-11,1200.0,4,1,154,1660.2017271518707,Hit,1.2975149485528163,0,29,Tuesday
mouse_2,2025-11-11,1200.0,4,1,155,1670.901644229889,Hit,0.7493293781019474,0,44,Tuesday
mouse_2,2025-11-11,1200.0,4,1,156,1681.3621807098389,Hit,0.13978027573284635,0,38,Tuesday
mouse_2,2025-11-11,1200.0,4,1,157,1692.571611881256,False Alarm,,1,4,Tuesday
mouse_2,2025-11-11,1200.0,4,1,158,1705.768429517746,Hit,0.8075362172585301,0,31,Tuesday
mouse_2,2025-11-11,1200.0,4,1,159,1716.7173988819122,Miss,,0,0,Tuesday
mouse_2,2025-11-11,1200.0,4,1,160,1726.909253835678,Miss,,0,0,Tuesday
mouse_2,2025-11-11,1200.0,4,1,161,1736.1103041172028,Miss,,0,0,Tuesday
mouse_2,2025-11-11,1200.0,4,1,162,1746.0588192939758,Miss,,0,0,Tuesday
mouse_2,2025-11-11,1200.0,4,1,163,1756.5101568698883,Hit,0.9829326201786444,0,43,Tuesday
mouse_2,2025-11-11,1200.0,4,1,164,1767.9708013534546,Hit,0.21683183697336972,0,32,Tuesday
mouse_2,2025-11-11,1200.0,4,1,165,1778.671760559082,False Alarm,,1,5,Tuesday
mouse_2,2025-11-11,1200.0,4,1,166,1792.385684967041,Miss,,0,0,Tuesday
mouse_2,2025-11-12,1200.0,4,2,1,0.35068225860595703,Hit,0.20224881289674457,0,66,Wednesday
mouse_2,2025-11-12,1200.0,4,2,2,11.29867148399353,False Alarm,,1,25,Wednesday
mouse_2,2025-11-12,1200.0,4,2,3,22.260522603988647,False Alarm,,1,4,Wednesday
mouse_2,2025-11-12,1200.0,4,2,4,33.70596647262573,Hit,0.09896297628608863,0,31,Wednesday
mouse_2,2025-11-12,1200.0,4,2,5,44.408201456069946,Hit,0.6325957252340899,0,58,Wednesday
mouse_2,2025-11-12,1200.0,4,2,6,56.1079843044281,False Alarm,,1,15,Wednesday
mouse_2,2025-11-12,1200.0,4,2,7,66.32182693481445,False Alarm,,1,7,Wednesday
mouse_2,2025-11-12,1200.0,4,2,8,76.78235960006714,False Alarm,,1,4,Wednesday
mouse_2,2025-11-12,1200.0,4,2,9,91.23625421524048,Hit,0.6189588032535909,0,45,Wednesday
mouse_2,2025-11-12,1200.0,4,2,10,101.43846487998962,False Alarm,,1,2,Wednesday
mouse_2,2025-11-12,1200.0,4,2,11,111.64183259010315,Hit,0.6807705209790953,0,36,Wednesday
mouse_2,2025-11-12,1200.0,4,2,12,121.83784294128418,Hit,0.29958011713571864,0,51,Wednesday
mouse_2,2025-11-12,1200.0,4,2,13,132.04784226417542,False Alarm,,1,8,Wednesday
mouse_2,2025-11-12,1200.0,4,2,14,142.26112508773804,False Alarm,,1,7,Wednesday
mouse_2,2025-11-12,1200.0,4,2,15,156.21337151527405,False Alarm,,1,3,Wednesday
mouse_2,2025-11-12,1200.0,4,2,16,167.67201113700867,Hit,1.16713347395671,0,44,Wednesday
mouse_2,2025-11-12,1200.0,4,2,17,178.12375903129578,Hit,0.944202104532593,0,43,Wednesday
mouse_2,2025-11-12,1200.0,4,2,18,188.31711649894714,Hit,0.17076034463428869,0,49,Wednesday
mouse_2,2025-11-12,1200.0,4,2,19,199.0179626941681,False Alarm,,1,4,Wednesday
mouse_2,2025-11-12,1200.0,4,2,20,209.2273678779602,Hit,1.4202285183377512,0,47,Wednesday
mouse_2,2025-11-12,1200.0,4,2,21,221.1863453388214,False Alarm,,1,4,Wednesday
mouse_2,2025-11-12,1200.0,4,2,22,232.14208030700684,False Alarm,,1,4,Wednesday
mouse_2,2025-11-12,1200.0,4,2,23,245.60144901275635,False Alarm,,1,3,Wednesday
mouse_2,2025-11-12,1200.0,4,2,24,258.3027491569519,Hit,0.8561603891176333,0,30,Wednesday
mouse_2,2025-11-12,1200.0,4,2,25,268.7528040409088,Hit,0.4874200512658149,0,26,Wednesday
mouse_2,2025-11-12,1200.0,4,2,26,278.70681500434875,Hit,1.4547501286716056,0,44,Wednesday
mouse_2,2025-11-12,1200.0,4,2,27,289.40727519989014,Hit,1.7970779045422205,0,38,Wednesday
mouse_2,2025-11-12,1200.0,4,2,28,302.35842537879944,Hit,0.381443185164585,0,28,Wednesday
mouse_2,2025-11-12,1200.0,4,2,29,313.56658244132996,Hit,0.444557039976587,0,36,Wednesday
mouse_2,2025-11-12,1200.0,4,2,30,324.0165898799896,Hit,1.198291191100168,0,30,Wednesday
mouse_2,2025-11-12,1200.0,4,2,31,334.9662148952484,Hit,0.5988401496778692,0,53,Wednesday
mouse_2,2025-11-12,1200.0,4,2,32,346.16599583625793,False Alarm,,1,11,Wednesday
mouse_2,2025-11-12,1200.0,4,2,33,356.87006402015686,Miss,,0,3,Wednesday
mouse_2,2025-11-12,1200.0,4,2,34,367.82169675827026,Hit,0.28279268298774696,0,35,Wednesday
mouse_2,2025-11-12,1200.0,4,2,35,377.76611375808716,False Alarm,,1,5,Wednesday
mouse_2,2025-11-12,1200.0,4,2,36,391.4703187942505,Hit,0.2996243490263737,0,33,Wednesday
mouse_2,2025-11-12,1200.0,4,2,37,402.16417598724365,Hit,0.3616777624769725,0,36,Wednesday
mouse_2,2025-11-12,1200.0,4,2,38,412.36404037475586,Hit,0.8183577921095093,0,41,Wednesday
mouse_2,2025-11-12,1200.0,4,2,39,422.5658988952637,False Alarm,,1,2,Wednesday
mouse_2,2025-11-12,1200.0,4,2,40,435.01932859420776,Hit,0.7518906232039058,0,32,Wednesday
mouse_2,2025-11-12,1200.0,4,2,41,444.9647169113159,Hit,0.5906319173581664,0,50,Wednesday
mouse_2,2025-11-12,1200.0,4,2,42,455.4156448841095,False Alarm,,1,2,Wednesday
mouse_2,2025-11-12,1200.0,4,2,43,465.6096112728119,Hit,0.8806677222322605,0,35,Wednesday
mouse_2,2025-11-12,1200.0,4,2,44,475.8026933670044,Hit,0.6218486989973826,0,40,Wednesday
mouse_2,2025-11-12,1200.0,4,2,45,486.25473499298096,Hit,0.45067881983777625,0,48,Wednesday
mouse_2,2025-11-12,1200.0,4,2,46,496.4639663696289,Hit,0.48203667009750006,0,41,Wednesday
mouse_2,2025-11-12,1200.0,4,2,47,506.4140923023224,Hit,0.30774034848741394,0,33,Wednesday
mouse_2,2025-11-12,1200.0,4,2,48,517.6141331195831,Hit,0.4390938524639978,0,23,Wednesday
mouse_2,2025-11-12,1200.0,4,2,49,528.3134195804596,Hit,1.1474845337612578,0,37,Wednesday
mouse_2,2025-11-12,1200.0,4,2,50,540.26420545578,Hit,0.7028507412273939,0,38,Wednesday
mouse_2,2025-11-12,1200.0,4,2,51,550.464679479599,Hit,0.4562706335528901,0,23,Wednesday
mouse_2,2025-11-12,1200.0,4,2,52,560.9238812923431,Hit,0.44104803105437895,0,33,Wednesday
mouse_2,2025-11-12,1200.0,4,2,53,570.8716568946838,Hit,1.0713011407113981,0,29,Wednesday
mouse_2,2025-11-12,1200.0,4,2,54,581.5738189220428,Hit,0.3405087808356484,0,37,Wednesday
mouse_2,2025-11-12,1200.0,4,2,55,592.0235493183136,Hit,0.05241569369388799,0,30,Wednesday
mouse_2,2025-11-12,1200.0,4,2,56,601.9745349884033,Hit,0.6970431199048335,0,35,Wednesday
mouse_2,2025-11-12,1200.0,4,2,57,613.182758808136,Hit,1.7126537929501637,0,43,Wednesday
mouse_2,2025-11-12,1200.0,4,2,58,625.3825783729553,Hit,0.4459153931562696,0,47,Wednesday
mouse_2,2025-11-12,1200.0,4,2,59,636.8418636322021,Miss,,0,0,Wednesday
mouse_2,2025-11-12,1200.0,4,2,60,647.2901923656464,Miss,,0,0,Wednesday
mouse_2,2025-11-12,1200.0,4,2,61,657.7407298088074,Hit,0.7815213547685289,0,29,Wednesday
mouse_2,2025-11-12,1200.0,4,2,62,668.9435842037201,Hit,0.09086982099302077,0,33,Wednesday
mouse_2,2025-11-12,1200.0,4,2,63,679.6427865028381,Hit,0.06774457983169668,0,30,Wednesday
mouse_2,2025-11-12,1200.0,4,2,64,690.3432593345642,False Alarm,,1,6,Wednesday
mouse_2,2025-11-12,1200.0,4,2,65,704.5475969314575,Hit,0.400634988838533,0,31,Wednesday
mouse_2,2025-11-12,1200.0,4,2,66,714.5042297840118,Miss,,0,0,Wednesday
mouse_2,2025-11-12,1200.0,4,2,67,724.4519181251526,Hit,0.31871960384523845,0,27,Wednesday
mouse_2,2025-11-12,1200.0,4,2,68,735.4036393165588,Hit,0.6080435563584388,0,36,Wednesday
mouse_2,2025-11-12,1200.0,4,2,69,746.6016170978546,Hit,0.3769968212212689,0,20,Wednesday
mouse_2,2025-11-12,1200.0,4,2,70,757.5530529022217,Hit,0.21591336380242865,0,37,Wednesday
mouse_2,2025-11-12,1200.0,4,2,71,768.2527859210968,Hit,0.0836424399705038,0,23,Wednesday
mouse_2,2025-11-12,1200.0,4,2,72,779.2126777172089,Miss,,0,0,Wednesday
mouse_2,2025-11-12,1200.0,4,2,73,789.170182466507,Hit,0.3997622248718926,0,31,Wednesday
mouse_2,2025-11-12,1200.0,4,2,74,799.8625993728638,Hit,0.20460253683449992,0,26,Wednesday
mouse_2,2025-11-12,1200.0,4,2,75,809.5622239112854,Hit,0.664207371030443,0,28,Wednesday
mouse_2,2025-11-12,1200.0,4,2,76,820.2631011009216,Hit,0.4471458866719331,0,30,Wednesday
mouse_2,2025-11-12,1200.0,4,2,77,830.4717538356781,Hit,0.09648031315362005,0,21,Wednesday
mouse_2,2025-11-12,1200.0,4,2,78,841.4217128753662,Hit,0.3932348811350721,0,32,Wednesday
mouse_2,2025-11-12,1200.0,4,2,79,852.6222651004791,Hit,0.06664430818921119,0,18,Wednesday
mouse_2,2025-11-12,1200.0,4,2,80,863.3225162029266,Hit,0.47359514292145377,0,36,Wednesday
mouse_2,2025-11-12,1200.0,4,2,81,874.2718379497528,Hit (Calc),2.0898103092397378,0,3,Wednesday
mouse_2,2025-11-12,1200.0,4,2,82,883.9790050983429,Hit,0.16417991942932986,0,34,Wednesday
mouse_2,2025-11-12,1200.0,4,2,83,894.9310388565063,False Alarm,,1,3,Wednesday
mouse_2,2025-11-12,1200.0,4,2,84,908.6455748081207,Hit,0.16798422113345168,0,27,Wednesday
mouse_2,2025-11-12,1200.0,4,2,85,919.8418717384338,Hit,0.2632738380675619,0,39,Wednesday
mouse_2,2025-11-12,1200.0,4,2,86,930.8013164997101,False Alarm,,1,2,Wednesday
mouse_2,2025-11-12,1200.0,4,2,87,945.2654182910919,Hit,0.6843292432549788,0,23,Wednesday
mouse_2,2025-11-12,1200.0,4,2,88,955.4565556049347,Hit,1.067273673180921,0,24,Wednesday
mouse_2,2025-11-12,1200.0,4,2,89,965.910612821579,Hit,1.0708611028065889,0,24,Wednesday
mouse_2,2025-11-12,1200.0,4,2,90,976.6115691661835,Hit (Calc),2.1017157897680363,0,13,Wednesday
mouse_2,2025-11-12,1200.0,4,2,91,986.307781457901,Hit,0.2893192261361719,0,26,Wednesday
mouse_2,2025-11-12,1200.0,4,2,92,996.7702875137329,Miss,,0,0,Wednesday
mouse_2,2025-11-12,1200.0,4,2,93,1006.968067407608,Hit,0.5685716442266084,0,63,Wednesday
mouse_2,2025-11-12,1200.0,4,2,94,1018.680181980133,False Alarm,,1,16,Wednesday
mouse_2,2025-11-12,1200.0,4,2,95,1028.8937718868256,Hit,0.4836322565624869,0,13,Wednesday
mouse_2,2025-11-12,1200.0,4,2,96,1038.8405809402466,Hit (Calc),1.8962655179157082,0,5,Wednesday
mouse_2,2025-11-12,1200.0,4,2,97,1049.2871594429016,Miss,,0,0,Wednesday
mouse_2,2025-11-12,1200.0,4,2,98,1058.4878015518188,Hit,1.1965482913944925,0,21,Wednesday
mouse_2,2025-11-12,1200.0,4,2,99,1070.1898818016052,Hit,1.4657297514625043,0,43,Wednesday
mouse_2,2025-11-12,1200.0,4,2,100,1081.899338722229,Hit,0.7561088326842764,0,19,Wednesday
mouse_2,2025-11-12,1200.0,4,2,101,1092.099193096161,Hit,0.3429625474580007,0,20,Wednesday
mouse_2,2025-11-12,1200.0,4,2,102,1102.309411764145,Hit,0.281987879405051,0,14,Wednesday
mouse_2,2025-11-12,1200.0,4,2,103,1113.2595388889313,Hit,1.730766940921967,0,18,Wednesday
mouse_2,2025-11-12,1200.0,4,2,104,1125.2097895145416,Miss,,0,0,Wednesday
mouse_2,2025-11-12,1200.0,4,2,105,1134.9063453674316,Hit,0.4186420821276897,0,15,Wednesday
mouse_2,2025-11-12,1200.0,4,2,106,1145.3686664104462,Hit,0.05678387245779959,0,10,Wednesday
mouse_2,2025-11-12,1200.0,4,2,107,1155.3185272216797,Miss,,0,0,Wednesday
mouse_2,2025-11-12,1200.0,4,2,108,1165.2762727737427,Miss,,0,0,Wednesday
mouse_2,2025-11-12,1200.0,4,2,109,1175.9763054847717,Miss,,0,0,Wednesday
mouse_2,2025-11-12,1200.0,4,2,110,1186.926179409027,Hit (Calc),3.7574390800855326,0,4,Wednesday
mouse_2,2025-11-12,1200.0,4,2,111,1196.6258492469788,Hit,0.20854829195536695,0,11,Wednesday
mouse_2,2025-11-12,1200.0,4,2,112,1207.5777599811554,Miss,,0,0,Wednesday
mouse_2,2025-11-12,1200.0,4,2,113,1218.2854409217834,Miss,,0,0,Wednesday
mouse_2,2025-11-12,1200.0,4,2,114,1229.2255954742432,Miss,,0,0,Wednesday
mouse_2,2025-11-12,1200.0,4,2,115,1239.925404548645,Miss,,0,0,Wednesday
mouse_2,2025-11-12,1200.0,4,2,116,1249.3750457763672,Miss,,0,0,Wednesday
mouse_2,2025-11-12,1200.0,4,2,117,1258.824975013733,Hit,0.26181090131422025,0,11,Wednesday
mouse_2,2025-11-12,1200.0,4,2,118,1269.7775275707245,Miss,,0,0,Wednesday
mouse_2,2025-11-12,1200.0,4,2,119,1278.9828634262085,Hit,0.43572463959139895,0,10,Wednesday
mouse_2,2025-11-12,1200.0,4,2,120,1289.1873688697815,Hit,0.4583182499211489,0,23,Wednesday
mouse_2,2025-11-12,1200.0,4,2,121,1300.1377453804016,Miss,,0,0,Wednesday
mouse_2,2025-11-12,1200.0,4,2,122,1310.3347482681274,Miss,,0,0,Wednesday
mouse_2,2025-11-12,1200.0,4,2,123,1321.5356845855713,Hit,0.48417456726133423,0,12,Wednesday
mouse_2,2025-11-12,1200.0,4,2,124,1332.9858717918396,Hit,0.709295639876018,0,7,Wednesday
mouse_2,2025-11-12,1200.0,4,2,125,1344.438515663147,Miss,,0,0,Wednesday
mouse_2,2025-11-12,1200.0,4,2,126,1354.1453669071198,Miss,,0,0,Wednesday
mouse_2,2025-11-12,1200.0,4,2,127,1363.3423039913177,Hit,1.641825923437409,0,9,Wednesday
mouse_2,2025-11-12,1200.0,4,2,128,1376.047227859497,Hit,0.4621419857408,0,10,Wednesday
mouse_2,2025-11-12,1200.0,4,2,129,1386.496571302414,Miss,,0,0,Wednesday
mouse_2,2025-11-12,1200.0,4,2,130,1395.9414899349213,Miss,,0,0,Wednesday
mouse_2,2025-11-12,1200.0,4,2,131,1406.1337518692017,Miss,,0,2,Wednesday
mouse_2,2025-11-12,1200.0,4,2,132,1415.8335626125336,Hit,0.4633598820350926,0,7,Wednesday
mouse_2,2025-11-12,1200.0,4,2,133,1425.7971704006195,Hit,0.6523764694886722,0,6,Wednesday
mouse_2,2025-11-12,1200.0,4,2,134,1436.5031445026398,Hit,0.4195299405196238,0,5,Wednesday
mouse_2,2025-11-12,1200.0,4,2,135,1446.7072396278381,Miss,,0,0,Wednesday
mouse_2,2025-11-12,1200.0,4,2,136,1456.6507246494293,Miss,,0,0,Wednesday
mouse_2,2025-11-12,1200.0,4,2,137,1466.8616938591003,Miss,,0,0,Wednesday
mouse_2,2025-11-12,1200.0,4,2,138,1476.5631821155548,Miss,,0,0,Wednesday
mouse_2,2025-11-12,1200.0,4,2,139,1487.513221025467,Miss,,0,0,Wednesday
mouse_2,2025-11-12,1200.0,4,2,140,1498.4733912944794,Miss,,0,0,Wednesday
mouse_2,2025-11-12,1200.0,4,2,141,1508.6624586582184,Miss,,0,0,Wednesday
mouse_2,2025-11-12,1200.0,4,2,142,1517.8627831935883,Miss,,0,0,Wednesday
mouse_2,2025-11-12,1200.0,4,2,143,1528.8225710391998,Miss,,0,0,Wednesday
mouse_2,2025-11-12,1200.0,4,2,144,1538.5221621990204,Miss,,0,5,Wednesday
mouse_2,2025-11-12,1200.0,4,2,145,1548.472165107727,Hit,0.41819898068297334,0,7,Wednesday
mouse_2,2025-11-12,1200.0,4,2,146,1558.1852424144745,Miss,,0,0,Wednesday
mouse_2,2025-11-12,1200.0,4,2,147,1567.3921537399292,Miss,,0,0,Wednesday
mouse_2,2025-11-12,1200.0,4,2,148,1577.0834004878998,Miss,,0,0,Wednesday
mouse_2,2025-11-12,1200.0,4,2,149,1586.5316019058228,Miss,,0,0,Wednesday
mouse_2,2025-11-12,1200.0,4,2,150,1597.4724678993225,Miss,,0,0,Wednesday
mouse_2,2025-11-12,1200.0,4,2,151,1608.4227404594421,Miss,,0,0,Wednesday
mouse_2,2025-11-12,1200.0,4,2,152,1618.8717002868652,Miss,,0,0,Wednesday
mouse_2,2025-11-12,1200.0,4,2,153,1629.322015762329,Miss,,0,0,Wednesday
mouse_2,2025-11-12,1200.0,4,2,154,1639.5216572284698,Miss,,0,0,Wednesday
mouse_2,2025-11-12,1200.0,4,2,155,1649.9713191986084,Miss,,0,0,Wednesday
mouse_2,2025-11-12,1200.0,4,2,156,1659.4139811992645,Miss,,0,0,Wednesday
mouse_2,2025-11-12,1200.0,4,2,157,1669.3722984790802,Miss,,0,0,Wednesday
mouse_2,2025-11-12,1200.0,4,2,158,1679.0814282894135,Hit (Calc),1.8527449637790596,0,4,Wednesday
mouse_2,2025-11-12,1200.0,4,2,159,1688.781877040863,Miss,,0,0,Wednesday
mouse_2,2025-11-12,1200.0,4,2,160,1699.9712290763855,Miss,,0,0,Wednesday
mouse_2,2025-11-12,1200.0,4,2,161,1710.9110407829285,Hit,0.5955011876246772,0,8,Wednesday
mouse_2,2025-11-12,1200.0,4,2,162,1721.6137986183167,Miss,,0,0,Wednesday
mouse_2,2025-11-12,1200.0,4,2,163,1731.8216576576233,Miss,,0,0,Wednesday
mouse_2,2025-11-12,1200.0,4,2,164,1742.5213704109192,Miss,,0,0,Wednesday
mouse_2,2025-11-12,1200.0,4,2,165,1752.2205646038055,Miss,,0,0,Wednesday
mouse_2,2025-11-12,1200.0,4,2,166,1761.6612248420715,Miss,,0,0,Wednesday
mouse_2,2025-11-12,1200.0,4,2,167,1771.3607048988342,Miss,,0,0,Wednesday
mouse_2,2025-11-12,1200.0,4,2,168,1781.560611963272,Miss,,0,0,Wednesday
mouse_2,2025-11-12,1200.0,4,2,169,1792.0103702545166,Miss,,0,0,Wednesday
mouse_2,2025-11-12,1200.0,4,2,170,1801.1989107131958,Miss,,0,0,Wednesday
mouse_2,2025-11-13,660.0,0,-1,-1,,No Trial,,0,0,Thursday
mouse_2,2025-11-14,2000.0,0,-1,-1,,No Trial,,0,0,Friday
mouse_2,2025-11-15,2000.0,0,-1,-1,,No Trial,,0,0,Saturday
mouse_2,2025-11-16,1480.0,4,3,1,0.33614182472229004,Hit,0.40772171161806003,0,27,Sunday
mouse_2,2025-11-16,1480.0,4,3,2,10.797613143920898,Hit,0.9028464390087052,0,50,Sunday
mouse_2,2025-11-16,1480.0,4,3,3,22.49890446662903,False Alarm,,1,9,Sunday
mouse_2,2025-11-16,1480.0,4,3,4,32.71251106262207,False Alarm,,1,9,Sunday
mouse_2,2025-11-16,1480.0,4,3,5,44.92204809188843,False Alarm,,1,4,Sunday
mouse_2,2025-11-16,1480.0,4,3,6,59.381205320358276,Hit,0.6599074378348746,0,38,Sunday
mouse_2,2025-11-16,1480.0,4,3,7,69.83430767059326,Hit,0.16364782724843963,0,38,Sunday
mouse_2,2025-11-16,1480.0,4,3,8,80.78769969940186,False Alarm,,1,3,Sunday
mouse_2,2025-11-16,1480.0,4,3,9,94.4880747795105,Hit,1.1520000347218513,0,23,Sunday
mouse_2,2025-11-16,1480.0,4,3,10,104.94348859786987,Hit,0.1332360116884388,0,39,Sunday
mouse_2,2025-11-16,1480.0,4,3,11,114.64741468429565,False Alarm,,1,4,Sunday
mouse_2,2025-11-16,1480.0,4,3,12,128.85186910629272,Miss,,0,3,Sunday
mouse_2,2025-11-16,1480.0,4,3,13,139.8055157661438,Hit,0.38321295113388487,0,26,Sunday
mouse_2,2025-11-16,1480.0,4,3,14,149.75572228431702,Hit,0.3875787287430512,0,43,Sunday
mouse_2,2025-11-16,1480.0,4,3,15,159.70732998847961,Hit,0.6220169034433525,0,31,Sunday
mouse_2,2025-11-16,1480.0,4,3,16,170.15746474266052,Hit,0.5174282087824906,0,47,Sunday
mouse_2,2025-11-16,1480.0,4,3,17,180.35706567764282,Miss,,0,0,Sunday
mouse_2,2025-11-16,1480.0,4,3,18,189.8037109375,Hit,1.7963521593837868,0,28,Sunday
mouse_2,2025-11-16,1480.0,4,3,19,201.7468764781952,Hit,0.026263052276760845,0,20,Sunday
mouse_2,2025-11-16,1480.0,4,3,20,212.69750022888184,Hit,0.9745597717081296,0,32,Sunday
mouse_2,2025-11-16,1480.0,4,3,21,223.1455488204956,Hit,0.4401779977745264,0,35,Sunday
mouse_2,2025-11-16,1480.0,4,3,22,234.09853267669678,Hit,0.28977945083533996,0,35,Sunday
mouse_2,2025-11-16,1480.0,4,3,23,245.05621552467346,Hit,0.5593558168421566,0,47,Sunday
mouse_2,2025-11-16,1480.0,4,3,24,256.00713777542114,False Alarm,,1,7,Sunday
mouse_2,2025-11-16,1480.0,4,3,25,269.961932182312,False Alarm,,1,6,Sunday
mouse_2,2025-11-16,1480.0,4,3,26,283.421186208725,False Alarm,,1,6,Sunday
mouse_2,2025-11-16,1480.0,4,3,27,296.86847019195557,False Alarm,,1,6,Sunday
mouse_2,2025-11-16,1480.0,4,3,28,311.3142924308777,Hit,0.6152769503427749,0,51,Sunday
mouse_2,2025-11-16,1480.0,4,3,29,323.0174140930176,False Alarm,,1,3,Sunday
mouse_2,2025-11-16,1480.0,4,3,30,333.2278325557709,Hit,0.6977887790378077,0,38,Sunday
mouse_2,2025-11-16,1480.0,4,3,31,343.18740606307983,Hit,0.33280472005554884,0,52,Sunday
mouse_2,2025-11-16,1480.0,4,3,32,353.13356471061707,False Alarm,,1,8,Sunday
mouse_2,2025-11-16,1480.0,4,3,33,363.34085297584534,False Alarm,,1,6,Sunday
mouse_2,2025-11-16,1480.0,4,3,34,374.80109786987305,Hit,0.45463318670891795,0,39,Sunday
mouse_2,2025-11-16,1480.0,4,3,35,385.0015368461609,Hit,0.7121226653784447,0,47,Sunday
mouse_2,2025-11-16,1480.0,4,3,36,394.9561712741852,Miss,,0,4,Sunday
mouse_2,2025-11-16,1480.0,4,3,37,404.1615698337555,False Alarm,,1,7,Sunday
mouse_2,2025-11-16,1480.0,4,3,38,415.8706519603729,Hit,1.3925542523211902,0,42,Sunday
mouse_2,2025-11-16,1480.0,4,3,39,427.0789122581482,Hit,0.5502382351905908,0,93,Sunday
mouse_2,2025-11-16,1480.0,4,3,40,437.2765905857086,False Alarm,,1,53,Sunday
mouse_2,2025-11-16,1480.0,4,3,41,447.48869824409485,Hit,0.6745049362307896,0,38,Sunday
mouse_2,2025-11-16,1480.0,4,3,42,457.4560956954956,Hit,0.648593714682022,0,40,Sunday
mouse_2,2025-11-16,1480.0,4,3,43,467.4056189060211,Hit,0.520519568289501,0,47,Sunday
mouse_2,2025-11-16,1480.0,4,3,44,477.61578011512756,Hit,0.5125616787095169,0,46,Sunday
mouse_2,2025-11-16,1480.0,4,3,45,488.07553148269653,Miss,,0,0,Sunday
mouse_2,2025-11-16,1480.0,4,3,46,498.5234971046448,Hit,0.4513026291538722,0,63,Sunday
mouse_2,2025-11-16,1480.0,4,3,47,509.23520851135254,False Alarm,,1,16,Sunday
mouse_2,2025-11-16,1480.0,4,3,48,519.4499411582947,Hit,0.0509205968344304,0,10,Sunday
mouse_2,2025-11-16,1480.0,4,3,49,530.3908934593201,Hit,0.25879469013898415,0,46,Sunday
mouse_2,2025-11-16,1480.0,4,3,50,541.5852131843567,Miss,,0,0,Sunday
mouse_2,2025-11-16,1480.0,4,3,51,551.7825102806091,Hit,0.4125504254344605,0,53,Sunday
mouse_2,2025-11-16,1480.0,4,3,52,562.2204177379608,False Alarm,,1,6,Sunday
mouse_2,2025-11-16,1480.0,4,3,53,572.4298841953278,Hit,0.042675457399354855,0,47,Sunday
mouse_2,2025-11-16,1480.0,4,3,54,582.6412618160248,Hit,0.3607531128136543,0,26,Sunday
mouse_2,2025-11-16,1480.0,4,3,55,592.3548548221588,Hit,1.6297705402896554,0,94,Sunday
mouse_2,2025-11-16,1480.0,4,3,56,603.5622844696045,False Alarm,,1,85,Sunday
mouse_2,2025-11-16,1480.0,4,3,57,613.7691414356232,Hit,0.48803879812226114,0,65,Sunday
mouse_2,2025-11-16,1480.0,4,3,58,623.4616858959198,False Alarm,,1,21,Sunday
mouse_2,2025-11-16,1480.0,4,3,59,633.6678123474121,False Alarm,,1,3,Sunday
mouse_2,2025-11-16,1480.0,4,3,60,644.6204454898834,Hit,0.2243354919248759,0,77,Sunday
mouse_2,2025-11-16,1480.0,4,3,61,655.0744476318359,False Alarm,,1,28,Sunday
mouse_2,2025-11-16,1480.0,4,3,62,665.289386510849,Hit,0.28882475763066395,0,52,Sunday
mouse_2,2025-11-16,1480.0,4,3,63,676.4939591884613,False Alarm,,1,8,Sunday
mouse_2,2025-11-16,1480.0,4,3,64,686.7083070278168,Hit,0.12960687812017113,0,52,Sunday
mouse_2,2025-11-16,1480.0,4,3,65,696.4161093235016,False Alarm,,1,7,Sunday
mouse_2,2025-11-16,1480.0,4,3,66,706.6281592845917,Hit,0.4956907525765928,0,49,Sunday
mouse_2,2025-11-16,1480.0,4,3,67,717.0837962627411,False Alarm,,1,2,Sunday
mouse_2,2025-11-16,1480.0,4,3,68,727.2812576293945,Hit,0.19913950302020567,0,62,Sunday
mouse_2,2025-11-16,1480.0,4,3,69,737.4937520027161,False Alarm,,1,13,Sunday
mouse_2,2025-11-16,1480.0,4,3,70,747.7077834606171,Hit,1.4851675229843977,0,55,Sunday
mouse_2,2025-11-16,1480.0,4,3,71,758.6533041000366,False Alarm,,1,11,Sunday
mouse_2,2025-11-16,1480.0,4,3,72,768.8679428100586,Hit,0.41236135070516866,0,49,Sunday
mouse_2,2025-11-16,1480.0,4,3,73,778.5735220909119,Hit,0.5631645232416531,0,52,Sunday
mouse_2,2025-11-16,1480.0,4,3,74,788.2731328010559,False Alarm,,1,5,Sunday
mouse_2,2025-11-16,1480.0,4,3,75,798.4875304698944,Hit,0.4085483224411064,0,71,Sunday
mouse_2,2025-11-16,1480.0,4,3,76,809.4330637454987,False Alarm,,1,22,Sunday
mouse_2,2025-11-16,1480.0,4,3,77,819.6472671031952,Hit,0.18452017730930947,0,44,Sunday
mouse_2,2025-11-16,1480.0,4,3,78,829.8445732593536,Hit,0.1492791321927598,0,56,Sunday
mouse_2,2025-11-16,1480.0,4,3,79,840.8036925792694,False Alarm,,1,13,Sunday
mouse_2,2025-11-16,1480.0,4,3,80,851.0110495090485,False Alarm,,1,6,Sunday
mouse_2,2025-11-16,1480.0,4,3,81,864.7274050712585,Hit,0.3323758010421898,0,84,Sunday
mouse_2,2025-11-16,1480.0,4,3,82,874.6727020740509,False Alarm,,1,37,Sunday
mouse_2,2025-11-16,1480.0,4,3,83,884.8874967098236,Hit,0.39233423128621325,0,49,Sunday
mouse_2,2025-11-16,1480.0,4,3,84,895.5925040245056,Hit,0.32901850783036934,0,75,Sunday
mouse_2,2025-11-16,1480.0,4,3,85,906.2929248809814,False Alarm,,1,27,Sunday
mouse_2,2025-11-16,1480.0,4,3,86,916.5072686672211,Hit,0.22746928595722693,0,29,Sunday
mouse_2,2025-11-16,1480.0,4,3,87,926.9618682861328,Hit (Calc),2.099771286156283,0,7,Sunday
mouse_2,2025-11-16,1480.0,4,3,88,937.9193940162659,False Alarm,,1,3,Sunday
mouse_2,2025-11-16,1480.0,4,3,89,951.6268720626831,Hit,0.8360750885916559,0,60,Sunday
mouse_2,2025-11-16,1480.0,4,3,90,962.3409762382507,False Alarm,,1,14,Sunday
mouse_2,2025-11-16,1480.0,4,3,91,972.5517189502716,Hit,0.32019178742064014,0,39,Sunday
mouse_2,2025-11-16,1480.0,4,3,92,983.0127711296082,Miss,,0,6,Sunday
mouse_2,2025-11-16,1480.0,4,3,93,993.2194731235504,False Alarm,,1,10,Sunday
mouse_2,2025-11-16,1480.0,4,3,94,1005.6765081882477,False Alarm,,1,5,Sunday
mouse_2,2025-11-16,1480.0,4,3,95,1019.1462399959564,Hit,0.7900702513511533,0,89,Sunday
mouse_2,2025-11-16,1480.0,4,3,96,1029.337616443634,False Alarm,,1,43,Sunday
mouse_2,2025-11-16,1480.0,4,3,97,1039.5312674045563,False Alarm,,1,4,Sunday
mouse_2,2025-11-16,1480.0,4,3,98,1052.732694387436,Hit,0.563517357273895,0,73,Sunday
mouse_2,2025-11-16,1480.0,4,3,99,1062.6780188083649,False Alarm,,1,29,Sunday
mouse_2,2025-11-16,1480.0,4,3,100,1072.885436296463,Hit,0.529215145343187,0,77,Sunday
mouse_2,2025-11-16,1480.0,4,3,101,1082.8310470581055,False Alarm,,1,30,Sunday
mouse_2,2025-11-16,1480.0,4,3,102,1093.0376710891724,Hit,0.06483134961717951,0,38,Sunday
mouse_2,2025-11-16,1480.0,4,3,103,1103.7412810325623,Hit,0.6564253601725341,0,71,Sunday
mouse_2,2025-11-16,1480.0,4,3,104,1113.6923344135284,False Alarm,,1,25,Sunday
mouse_2,2025-11-16,1480.0,4,3,105,1123.905470609665,Hit,0.4659849738320645,0,44,Sunday
mouse_2,2025-11-16,1480.0,4,3,106,1135.6009485721588,Hit,0.5309920228471583,0,64,Sunday
mouse_2,2025-11-16,1480.0,4,3,107,1147.050823688507,False Alarm,,1,15,Sunday
mouse_2,2025-11-16,1480.0,4,3,108,1157.261494398117,Miss,,0,0,Sunday
mouse_2,2025-11-16,1480.0,4,3,109,1167.9585738182068,Hit,1.0564572507303183,0,47,Sunday
mouse_2,2025-11-16,1480.0,4,3,110,1178.1610033512115,False Alarm,,1,4,Sunday
mouse_2,2025-11-16,1480.0,4,3,111,1188.364990234375,False Alarm,,1,1,Sunday
mouse_2,2025-11-16,1480.0,4,3,112,1199.307708978653,Hit,0.44611386484461946,0,46,Sunday
mouse_2,2025-11-16,1480.0,4,3,113,1210.7609589099884,Hit,0.2921223402918258,0,48,Sunday
mouse_2,2025-11-16,1480.0,4,3,114,1221.220128774643,False Alarm,,1,1,Sunday
mouse_2,2025-11-16,1480.0,4,3,115,1231.4349105358124,Hit,0.16889293441818154,0,42,Sunday
mouse_2,2025-11-16,1480.0,4,3,116,1241.8907780647278,Hit,0.824631623824871,0,38,Sunday
mouse_2,2025-11-16,1480.0,4,3,117,1251.8412592411041,Hit,0.4745257804581797,0,45,Sunday
mouse_2,2025-11-16,1480.0,4,3,118,1263.050788640976,Hit,0.5156653032197482,0,31,Sunday
mouse_2,2025-11-16,1480.0,4,3,119,1273.5112142562866,Hit,0.4838847355570124,0,37,Sunday
mouse_2,2025-11-16,1480.0,4,3,120,1284.4562125205994,Hit,0.10283787805747124,0,32,Sunday
mouse_2,2025-11-16,1480.0,4,3,121,1295.1708371639252,Hit,0.41600642828575474,0,52,Sunday
mouse_2,2025-11-16,1480.0,4,3,122,1305.3665425777435,Hit,0.2195417334319245,0,32,Sunday
mouse_2,2025-11-16,1480.0,4,3,123,1315.0556056499481,Hit,0.29005804681446534,0,33,Sunday
mouse_2,2025-11-16,1480.0,4,3,124,1326.0105690956116,Hit,0.41478764897715337,0,41,Sunday
mouse_2,2025-11-16,1480.0,4,3,125,1337.2211847305298,Hit,0.23608000876265578,0,43,Sunday
mouse_2,2025-11-16,1480.0,4,3,126,1346.920176267624,Hit,0.9750553331255105,0,47,Sunday
mouse_2,2025-11-16,1480.0,4,3,127,1357.3758540153503,Hit,0.13330576140151607,0,36,Sunday
mouse_2,2025-11-16,1480.0,4,3,128,1367.319955587387,False Alarm,,1,7,Sunday
mouse_2,2025-11-16,1480.0,4,3,129,1382.0314133167267,Hit,0.18514762596578294,0,30,Sunday
mouse_2,2025-11-16,1480.0,4,3,130,1392.7312240600586,Hit,0.19052152261997435,0,92,Sunday
mouse_2,2025-11-16,1480.0,4,3,131,1403.429224729538,False Alarm,,1,76,Sunday
mouse_2,2025-11-16,1480.0,4,3,132,1413.643811225891,Hit,0.7249723580016507,0,58,Sunday
mouse_2,2025-11-16,1480.0,4,3,133,1424.0996115207672,False Alarm,,1,12,Sunday
mouse_2,2025-11-16,1480.0,4,3,134,1434.3134651184082,Hit,0.18443664327378428,0,16,Sunday
mouse_2,2025-11-16,1480.0,4,3,135,1444.7703249454498,Hit,0.5343869387234008,0,42,Sunday
mouse_2,2025-11-16,1480.0,4,3,136,1454.4788377285004,Hit,0.03053859929605096,0,41,Sunday
mouse_2,2025-11-16,1480.0,4,3,137,1465.4289457798004,Hit,0.19856402714003707,0,20,Sunday
mouse_2,2025-11-16,1480.0,4,3,138,1475.389144897461,Hit,0.27452571710432494,0,41,Sunday
mouse_2,2025-11-16,1480.0,4,3,139,1485.8452289104462,Hit,0.12450023207088634,0,59,Sunday
mouse_2,2025-11-16,1480.0,4,3,140,1496.2874073982239,False Alarm,,1,11,Sunday
mouse_2,2025-11-16,1480.0,4,3,141,1506.4920642375946,Hit,0.5630541928585444,0,49,Sunday
mouse_2,2025-11-16,1480.0,4,3,142,1516.694658279419,Hit,0.22162310613725822,0,32,Sunday
mouse_2,2025-11-16,1480.0,4,3,143,1526.4003205299377,Hit,1.6917469633253859,0,43,Sunday
mouse_2,2025-11-16,1480.0,4,3,144,1538.1068742275238,Hit,0.02109098155369793,0,11,Sunday
mouse_2,2025-11-16,1480.0,4,3,145,1548.8086569309235,Hit,0.18889472856335487,0,34,Sunday
mouse_2,2025-11-16,1480.0,4,3,146,1559.0190041065216,Hit,0.5034729774156403,0,44,Sunday
mouse_2,2025-11-16,1480.0,4,3,147,1570.478526353836,Miss,,0,2,Sunday
mouse_2,2025-11-16,1480.0,4,3,148,1581.435699224472,False Alarm,,1,2,Sunday
mouse_2,2025-11-16,1480.0,4,3,149,1594.6412119865417,Miss,,0,0,Sunday
mouse_2,2025-11-16,1480.0,4,3,150,1605.5875544548035,Miss,,0,0,Sunday
mouse_2,2025-11-16,1480.0,4,3,151,1616.5466477870941,Miss,,0,5,Sunday
mouse_2,2025-11-16,1480.0,4,3,152,1627.2461187839508,Hit,0.5181999930553047,0,28,Sunday
mouse_2,2025-11-16,1480.0,4,3,153,1636.9586398601532,Hit,1.5562406779331468,0,47,Sunday
mouse_2,2025-11-16,1480.0,4,3,154,1647.9086418151855,Hit,0.5489263085451057,0,64,Sunday
mouse_2,2025-11-16,1480.0,4,3,155,1658.868520975113,False Alarm,,1,15,Sunday
mouse_2,2025-11-16,1480.0,4,3,156,1669.0825927257538,Hit,0.6994015166428653,0,79,Sunday
mouse_2,2025-11-16,1480.0,4,3,157,1679.028487443924,False Alarm,,1,31,Sunday
mouse_2,2025-11-16,1480.0,4,3,158,1689.2409842014313,Hit,0.2437251326052774,0,19,Sunday
mouse_2,2025-11-16,1480.0,4,3,159,1699.4463517665863,Hit,0.14595704587190994,0,36,Sunday
mouse_2,2025-11-16,1480.0,4,3,160,1710.3982038497925,Hit,1.5947866912272275,0,24,Sunday
mouse_2,2025-11-16,1480.0,4,3,161,1722.850845336914,False Alarm,,1,4,Sunday
mouse_2,2025-11-16,1480.0,4,3,162,1740.802631855011,Hit,0.08121291174848011,0,66,Sunday
mouse_2,2025-11-16,1480.0,4,3,163,1751.750167131424,False Alarm,,1,19,Sunday
mouse_2,2025-11-16,1480.0,4,3,164,1761.9512076377869,Hit,0.5197648807832138,0,53,Sunday
mouse_2,2025-11-16,1480.0,4,3,165,1773.1480145454407,False Alarm,,1,4,Sunday
mouse_2,2025-11-16,1480.0,4,3,166,1783.3612096309662,Hit,0.4471442092367397,0,35,Sunday
mouse_2,2025-11-16,1480.0,4,3,167,1793.817601442337,Miss,,0,0,Sunday
mouse_2,2025-11-17,0.0,0,-1,-1,,No Trial,,0,0,Monday
mouse_2,2025-11-18,0.0,0,-1,-1,,No Trial,,0,0,Tuesday
mouse_2,2025-11-19,0.0,0,-1,-1,,No Trial,,0,0,Wednesday
mouse_2,2025-11-20,0.0,0,-1,-1,,No Trial,,0,0,Thursday
mouse_2,2025-11-21,0.0,0,-1,-1,,No Trial,,0,0,Friday
mouse_2,2025-11-22,0.0,0,-1,-1,,No Trial,,0,0,Saturday
mouse_2,2025-11-23,0.0,0,-1,-1,,No Trial,,0,0,Sunday
mouse_2,2025-11-24,0.0,0,-1,-1,,No Trial,,0,0,Monday
mouse_2,2025-11-25,0.0,0,-1,-1,,No Trial,,0,0,Tuesday
