candidate_id,source_file,start_ms,end_ms,duration_ms,context_start_ms,context_end_ms,peak_freq_hz,peak_energy_db,interference_flag,spectrogram_path
2024-09-30_11-18-17_0000001_00000788,2024-09-30_11-18-17_0000001.wav,787.6266666666667,808.9599999999999,21.333333333333258,737.6266666666667,858.9599999999999,66210.9375,4.899174612616947,False,spectrograms_labeling\2024-09-30_11-18-17_0000001_00000788.png
2024-09-30_11-18-17_0000001_00000932,2024-09-30_11-18-17_0000001.wav,931.8399999999999,950.6133333333332,18.773333333333312,881.8399999999999,1000.6133333333332,85546.875,7.10094091061218,False,spectrograms_labeling\2024-09-30_11-18-17_0000001_00000932.png
2024-09-30_11-18-17_0000001_00001014,2024-09-30_11-18-17_0000001.wav,1013.7599999999999,1050.8799999999999,37.120000000000005,963.7599999999999,1100.8799999999999,94335.9375,10.875385978975967,False,spectrograms_labeling\2024-09-30_11-18-17_0000001_00001014.png
2024-09-30_11-18-17_0000001_00001076,2024-09-30_11-18-17_0000001.wav,1076.48,1111.04,34.559999999999945,1026.48,1161.04,62695.3125,14.026841694274134,False,spectrograms_labeling\2024-09-30_11-18-17_0000001_00001076.png
2024-09-30_11-18-17_0000001_00001204,2024-09-30_11-18-17_0000001.wav,1204.48,1239.04,34.559999999999945,1154.48,1289.04,62695.3125,14.026841694274134,False,spectrograms_labeling\2024-09-30_11-18-17_0000001_00001204.png
2024-09-30_11-18-17_0000001_00001332,2024-09-30_11-18-17_0000001.wav,1332.48,1367.04,34.559999999999945,1282.48,1417.04,62695.3125,14.026841694274134,False,spectrograms_labeling\2024-09-30_11-18-17_0000001_00001332.png
2024-09-30_11-18-17_0000001_00001460,2024-09-30_11-18-17_0000001.wav,1460.4799999999998,1495.04,34.56000000000017,1410.4799999999998,1545.04,62695.3125,14.027378786307194,False,spectrograms_labeling\2024-09-30_11-18-17_0000001_00001460.png
2024-09-30_11-18-17_0000001_00001588,2024-09-30_11-18-17_0000001.wav,1588.4799999999998,1623.04,34.56000000000017,1538.4799999999998,1673.04,62695.3125,14.027378786307192,False,spectrograms_labeling\2024-09-30_11-18-17_0000001_00001588.png
2024-09-30_11-18-17_0000001_00001716,2024-09-30_11-18-17_0000001.wav,1716.4799999999998,1751.04,34.56000000000017,1666.4799999999998,1801.04,62695.3125,14.026841694274134,False,spectrograms_labeling\2024-09-30_11-18-17_0000001_00001716.png
2024-09-30_11-18-17_0000001_00001844,2024-09-30_11-18-17_0000001.wav,1844.4799999999998,1879.04,34.56000000000017,1794.4799999999998,1929.04,62695.3125,14.027378786307194,False,spectrograms_labeling\2024-09-30_11-18-17_0000001_00001844.png
2024-09-30_11-18-17_0000001_00002042,2024-09-30_11-18-17_0000001.wav,2041.6,2089.3866666666663,47.786666666666406,1991.6,2139.3866666666663,72070.3125,11.313691332355845,False,spectrograms_labeling\2024-09-30_11-18-17_0000001_00002042.png
2024-09-30_11-18-17_0000001_00002458,2024-09-30_11-18-17_0000001.wav,2458.4533333333334,2468.693333333333,10.239999999999782,2408.4533333333334,2518.693333333333,62695.3125,5.737405619184576,False,spectrograms_labeling\2024-09-30_11-18-17_0000001_00002458.png
2024-09-30_11-18-17_0000001_00002571,2024-09-30_11-18-17_0000001.wav,2571.0933333333332,2593.7066666666665,22.61333333333323,2521.0933333333332,2643.7066666666665,60937.5,8.945485477444148,False,spectrograms_labeling\2024-09-30_11-18-17_0000001_00002571.png
2024-09-30_11-18-17_0000001_00002766,2024-09-30_11-18-17_0000001.wav,2765.653333333333,2779.3066666666664,13.653333333333194,2715.653333333333,2829.3066666666664,65039.0625,6.082587669096173,False,spectrograms_labeling\2024-09-30_11-18-17_0000001_00002766.png
2024-09-30_11-18-17_0000001_00002828,2024-09-30_11-18-17_0000001.wav,2827.52,2862.08,34.559999999999945,2777.52,2912.08,55664.0625,9.336816971985796,False,spectrograms_labeling\2024-09-30_11-18-17_0000001_00002828.png
2024-09-30_11-18-17_0000001_00002973,2024-09-30_11-18-17_0000001.wav,2973.0133333333333,3010.56,37.546666666666624,2923.0133333333333,3060.56,65039.0625,13.398394139558787,False,spectrograms_labeling\2024-09-30_11-18-17_0000001_00002973.png
2024-09-30_11-18-17_0000001_00003075,2024-09-30_11-18-17_0000001.wav,3074.56,3099.733333333333,25.173333333333176,3024.56,3149.733333333333,70898.4375,9.628591302775035,False,spectrograms_labeling\2024-09-30_11-18-17_0000001_00003075.png
2024-09-30_11-18-17_0000001_00003106,2024-09-30_11-18-17_0000001.wav,3106.133333333333,3120.213333333333,14.079999999999927,3056.133333333333,3170.213333333333,73242.1875,8.249640937070344,False,spectrograms_labeling\2024-09-30_11-18-17_0000001_00003106.png
2024-09-30_11-18-17_0000001_00003200,2024-09-30_11-18-17_0000001.wav,3199.5733333333333,3211.0933333333332,11.519999999999982,3149.5733333333333,3261.0933333333332,27539.0625,5.65609035304281,False,spectrograms_labeling\2024-09-30_11-18-17_0000001_00003200.png
2024-09-30_11-18-17_0000001_00003440,2024-09-30_11-18-17_0000001.wav,3439.7866666666664,3459.413333333333,19.62666666666655,3389.7866666666664,3509.413333333333,69726.5625,13.189640768206692,False,spectrograms_labeling\2024-09-30_11-18-17_0000001_00003440.png
2024-09-30_11-18-17_0000001_00003548,2024-09-30_11-18-17_0000001.wav,3548.16,3571.2,23.039999999999964,3498.16,3621.2,69140.625,12.859236697364151,False,spectrograms_labeling\2024-09-30_11-18-17_0000001_00003548.png
2024-09-30_11-18-17_0000001_00003662,2024-09-30_11-18-17_0000001.wav,3662.08,3672.3199999999997,10.239999999999782,3612.08,3722.3199999999997,66796.875,8.676125577184706,False,spectrograms_labeling\2024-09-30_11-18-17_0000001_00003662.png
2024-09-30_11-18-17_0000001_00003799,2024-09-30_11-18-17_0000001.wav,3799.04,3819.5199999999995,20.479999999999563,3749.04,3869.5199999999995,70898.4375,8.391615867829877,False,spectrograms_labeling\2024-09-30_11-18-17_0000001_00003799.png
2024-09-30_11-18-17_0000001_00004192,2024-09-30_11-18-17_0000001.wav,4192.0,4209.493333333333,17.493333333332885,4142.0,4259.493333333333,63281.25,6.557310387801969,False,spectrograms_labeling\2024-09-30_11-18-17_0000001_00004192.png
2024-09-30_11-18-17_0000001_00004305,2024-09-30_11-18-17_0000001.wav,4305.066666666667,4336.639999999999,31.573333333332812,4255.066666666667,4386.639999999999,68554.6875,11.165613467781387,False,spectrograms_labeling\2024-09-30_11-18-17_0000001_00004305.png
2024-09-30_11-18-17_0000001_00004535,2024-09-30_11-18-17_0000001.wav,4535.04,4574.719999999999,39.67999999999938,4485.04,4624.719999999999,92578.125,12.977997895541636,False,spectrograms_labeling\2024-09-30_11-18-17_0000001_00004535.png
2024-09-30_11-18-17_0000001_00004648,2024-09-30_11-18-17_0000001.wav,4647.679999999999,4699.733333333333,52.053333333333285,4597.679999999999,4749.733333333333,69140.625,14.894663470716807,False,spectrograms_labeling\2024-09-30_11-18-17_0000001_00004648.png
2024-09-30_11-18-17_0000001_00004777,2024-09-30_11-18-17_0000001.wav,4776.533333333333,4808.533333333333,32.0,4726.533333333333,4858.533333333333,62695.3125,12.329620589132551,False,spectrograms_labeling\2024-09-30_11-18-17_0000001_00004777.png
2024-09-30_11-18-17_0000001_00004893,2024-09-30_11-18-17_0000001.wav,4893.013333333333,4919.04,26.026666666666642,4843.013333333333,4969.04,63281.25,9.570352576081916,False,spectrograms_labeling\2024-09-30_11-18-17_0000001_00004893.png
2024-09-30_11-18-17_0000001_00005004,2024-09-30_11-18-17_0000001.wav,5004.373333333333,5022.293333333333,17.920000000000073,4954.373333333333,5072.293333333333,61523.4375,5.8640225979017,False,spectrograms_labeling\2024-09-30_11-18-17_0000001_00005004.png
2024-09-30_11-18-17_0000001_00005119,2024-09-30_11-18-17_0000001.wav,5118.719999999999,5156.266666666666,37.54666666666708,5068.719999999999,5206.266666666666,65039.0625,12.820966586979507,False,spectrograms_labeling\2024-09-30_11-18-17_0000001_00005119.png
2024-09-30_11-18-17_0000001_00005332,2024-09-30_11-18-17_0000001.wav,5332.053333333333,5360.639999999999,28.586666666666133,5282.053333333333,5410.639999999999,64453.125,14.482924674971244,False,spectrograms_labeling\2024-09-30_11-18-17_0000001_00005332.png
2024-09-30_11-18-17_0000001_00005439,2024-09-30_11-18-17_0000001.wav,5439.1466666666665,5463.04,23.89333333333343,5389.1466666666665,5513.04,69726.5625,6.35915454783003,False,spectrograms_labeling\2024-09-30_11-18-17_0000001_00005439.png
2024-09-30_11-18-17_0000001_00005662,2024-09-30_11-18-17_0000001.wav,5662.293333333333,5690.453333333333,28.159999999999854,5612.293333333333,5740.453333333333,25195.3125,8.1668675303688,False,spectrograms_labeling\2024-09-30_11-18-17_0000001_00005662.png
2024-09-30_11-18-17_0000001_00005792,2024-09-30_11-18-17_0000001.wav,5792.426666666666,5807.36,14.933333333333394,5742.426666666666,5857.36,69140.625,10.530202294147674,False,spectrograms_labeling\2024-09-30_11-18-17_0000001_00005792.png
2024-09-30_11-18-17_0000001_00006688,2024-09-30_11-18-17_0000001.wav,6687.573333333333,6732.373333333333,44.80000000000018,6637.573333333333,6782.373333333333,82031.25,12.059924798303228,False,spectrograms_labeling\2024-09-30_11-18-17_0000001_00006688.png
2024-09-30_11-18-17_0000001_00006868,2024-09-30_11-18-17_0000001.wav,6867.626666666666,6926.506666666666,58.88000000000011,6817.626666666666,6976.506666666666,72656.25,18.46804887991388,False,spectrograms_labeling\2024-09-30_11-18-17_0000001_00006868.png
2024-09-30_11-18-17_0000001_00007117,2024-09-30_11-18-17_0000001.wav,7116.799999999999,7135.573333333333,18.77333333333354,7066.799999999999,7185.573333333333,66210.9375,4.478528138413036,False,spectrograms_labeling\2024-09-30_11-18-17_0000001_00007117.png
2024-09-30_11-18-25_0000002_00001038,2024-09-30_11-18-25_0000002.wav,1038.08,1073.4933333333333,35.41333333333341,988.0799999999999,1123.4933333333333,28125.0,11.192285497562285,False,spectrograms_labeling\2024-09-30_11-18-25_0000002_00001038.png
2024-09-30_11-18-25_0000002_00001103,2024-09-30_11-18-25_0000002.wav,1102.9333333333332,1136.2133333333334,33.2800000000002,1052.9333333333332,1186.2133333333334,27539.0625,9.170444320112273,False,spectrograms_labeling\2024-09-30_11-18-25_0000002_00001103.png
2024-09-30_11-18-27_0000003_00001816,2024-09-30_11-18-27_0000003.wav,1816.32,1831.6799999999998,15.3599999999999,1766.32,1881.6799999999998,69726.5625,3.2365996979410365,False,spectrograms_labeling\2024-09-30_11-18-27_0000003_00001816.png
2024-09-30_11-18-27_0000003_00001918,2024-09-30_11-18-27_0000003.wav,1918.2933333333333,1940.0533333333333,21.75999999999999,1868.2933333333333,1990.0533333333333,71484.375,8.833744914983907,False,spectrograms_labeling\2024-09-30_11-18-27_0000003_00001918.png
2024-09-30_11-18-27_0000003_00002505,2024-09-30_11-18-27_0000003.wav,2505.3866666666663,2531.8399999999997,26.453333333333376,2455.3866666666663,2581.8399999999997,65625.0,5.319548069845615,False,spectrograms_labeling\2024-09-30_11-18-27_0000003_00002505.png
2024-09-30_11-18-27_0000003_00002874,2024-09-30_11-18-27_0000003.wav,2874.0266666666666,2891.0933333333332,17.066666666666606,2824.0266666666666,2941.0933333333332,96093.75,7.090793943166032,False,spectrograms_labeling\2024-09-30_11-18-27_0000003_00002874.png
2024-09-30_11-18-27_0000003_00003431,2024-09-30_11-18-27_0000003.wav,3431.253333333333,3465.3866666666663,34.13333333333321,3381.253333333333,3515.3866666666663,86132.8125,7.50995953040932,False,spectrograms_labeling\2024-09-30_11-18-27_0000003_00003431.png
2024-09-30_11-18-27_0000003_00003588,2024-09-30_11-18-27_0000003.wav,3587.8399999999997,3622.8266666666664,34.98666666666668,3537.8399999999997,3672.8266666666664,65625.0,13.051485741736897,False,spectrograms_labeling\2024-09-30_11-18-27_0000003_00003588.png
2024-09-30_11-18-27_0000003_00003761,2024-09-30_11-18-27_0000003.wav,3761.493333333333,3784.1066666666666,22.613333333333685,3711.493333333333,3834.1066666666666,73828.125,5.52905525820432,False,spectrograms_labeling\2024-09-30_11-18-27_0000003_00003761.png
2024-09-30_11-18-27_0000003_00003852,2024-09-30_11-18-27_0000003.wav,3851.9466666666663,3878.3999999999996,26.453333333333376,3801.9466666666663,3928.3999999999996,63867.1875,6.315324955207292,False,spectrograms_labeling\2024-09-30_11-18-27_0000003_00003852.png
2024-09-30_11-18-27_0000003_00003959,2024-09-30_11-18-27_0000003.wav,3958.6133333333332,4016.213333333333,57.59999999999991,3908.6133333333332,4066.213333333333,72656.25,10.722673690006362,False,spectrograms_labeling\2024-09-30_11-18-27_0000003_00003959.png
2024-09-30_11-18-27_0000003_00004091,2024-09-30_11-18-27_0000003.wav,4090.8799999999997,4148.053333333333,57.17333333333363,4040.8799999999997,4198.053333333333,82617.1875,18.030352665532735,False,spectrograms_labeling\2024-09-30_11-18-27_0000003_00004091.png
2024-09-30_11-18-27_0000003_00004177,2024-09-30_11-18-27_0000003.wav,4177.493333333333,4247.04,69.54666666666708,4127.493333333333,4297.04,66210.9375,7.284719159968999,False,spectrograms_labeling\2024-09-30_11-18-27_0000003_00004177.png
2024-09-30_11-18-27_0000003_00004259,2024-09-30_11-18-27_0000003.wav,4258.5599999999995,4272.639999999999,14.079999999999927,4208.5599999999995,4322.639999999999,28125.0,3.1029240027490808,False,spectrograms_labeling\2024-09-30_11-18-27_0000003_00004259.png
2024-09-30_11-18-27_0000003_00004401,2024-09-30_11-18-27_0000003.wav,4401.493333333333,4413.013333333333,11.520000000000437,4351.493333333333,4463.013333333333,28710.9375,10.99484231689091,False,spectrograms_labeling\2024-09-30_11-18-27_0000003_00004401.png
2024-09-30_11-18-27_0000003_00004450,2024-09-30_11-18-27_0000003.wav,4449.706666666666,4560.639999999999,110.9333333333334,4399.706666666666,4610.639999999999,26953.125,9.955157532724904,False,spectrograms_labeling\2024-09-30_11-18-27_0000003_00004450.png
2024-09-30_11-18-27_0000003_00004787,2024-09-30_11-18-27_0000003.wav,4787.2,4850.346666666666,63.14666666666653,4737.2,4900.346666666666,26367.1875,15.242119050588709,False,spectrograms_labeling\2024-09-30_11-18-27_0000003_00004787.png
2024-09-30_11-18-27_0000003_00004962,2024-09-30_11-18-27_0000003.wav,4962.133333333333,4998.826666666666,36.6933333333327,4912.133333333333,5048.826666666666,25781.25,7.237644308004345,False,spectrograms_labeling\2024-09-30_11-18-27_0000003_00004962.png
2024-09-30_11-18-27_0000003_00005026,2024-09-30_11-18-27_0000003.wav,5026.133333333333,5069.2266666666665,43.09333333333325,4976.133333333333,5119.2266666666665,29296.875,13.615113616020189,False,spectrograms_labeling\2024-09-30_11-18-27_0000003_00005026.png
2024-09-30_11-18-27_0000003_00005078,2024-09-30_11-18-27_0000003.wav,5077.759999999999,5120.853333333333,43.09333333333325,5027.759999999999,5170.853333333333,65039.0625,11.038551163499534,False,spectrograms_labeling\2024-09-30_11-18-27_0000003_00005078.png
2024-09-30_11-18-27_0000003_00005136,2024-09-30_11-18-27_0000003.wav,5136.213333333333,5155.413333333333,19.199999999999818,5086.213333333333,5205.413333333333,31640.625,7.05726369419402,False,spectrograms_labeling\2024-09-30_11-18-27_0000003_00005136.png
2024-09-30_11-18-27_0000003_00005310,2024-09-30_11-18-27_0000003.wav,5309.866666666666,5349.546666666666,39.68000000000029,5259.866666666666,5399.546666666666,84375.0,10.671910307270796,False,spectrograms_labeling\2024-09-30_11-18-27_0000003_00005310.png
2024-09-30_11-18-27_0000003_00005424,2024-09-30_11-18-27_0000003.wav,5424.213333333333,5455.36,31.146666666666533,5374.213333333333,5505.36,86132.8125,8.008961661485767,False,spectrograms_labeling\2024-09-30_11-18-27_0000003_00005424.png
2024-09-30_11-18-34_0000004_00000165,2024-09-30_11-18-34_0000004.wav,164.69333333333333,183.04,18.346666666666664,114.69333333333333,233.04,83789.0625,7.689498637411011,False,spectrograms_labeling\2024-09-30_11-18-34_0000004_00000165.png
2024-09-30_11-18-34_0000004_00000840,2024-09-30_11-18-34_0000004.wav,839.68,855.04,15.360000000000014,789.68,905.04,70312.5,9.257276879871178,False,spectrograms_labeling\2024-09-30_11-18-34_0000004_00000840.png
2024-09-30_11-18-34_0000004_00001037,2024-09-30_11-18-34_0000004.wav,1036.8,1054.2933333333333,17.49333333333334,986.8,1104.2933333333333,70898.4375,8.516233526682328,False,spectrograms_labeling\2024-09-30_11-18-34_0000004_00001037.png
2024-09-30_11-18-34_0000004_00001432,2024-09-30_11-18-34_0000004.wav,1432.32,1464.7466666666667,32.42666666666673,1382.32,1514.7466666666667,67382.8125,9.83136290607973,False,spectrograms_labeling\2024-09-30_11-18-34_0000004_00001432.png
2024-09-30_11-18-34_0000004_00001546,2024-09-30_11-18-34_0000004.wav,1545.8133333333333,1583.36,37.546666666666624,1495.8133333333333,1633.36,69726.5625,16.0561280872803,False,spectrograms_labeling\2024-09-30_11-18-34_0000004_00001546.png
2024-09-30_11-18-34_0000004_00001746,2024-09-30_11-18-34_0000004.wav,1746.3466666666666,1773.6533333333332,27.306666666666615,1696.3466666666666,1823.6533333333332,65039.0625,10.512888353511535,False,spectrograms_labeling\2024-09-30_11-18-34_0000004_00001746.png
2024-09-30_11-18-34_0000004_00001850,2024-09-30_11-18-34_0000004.wav,1850.0266666666666,1902.5066666666664,52.47999999999979,1800.0266666666666,1952.5066666666664,66210.9375,18.24563107455735,False,spectrograms_labeling\2024-09-30_11-18-34_0000004_00001850.png
2024-09-30_11-18-34_0000004_00001967,2024-09-30_11-18-34_0000004.wav,1966.5066666666664,1981.4399999999998,14.933333333333394,1916.5066666666664,2031.4399999999998,96093.75,8.480757783650951,False,spectrograms_labeling\2024-09-30_11-18-34_0000004_00001967.png
2024-09-30_11-18-34_0000004_00002079,2024-09-30_11-18-34_0000004.wav,2079.1466666666665,2103.893333333333,24.746666666666442,2029.1466666666665,2153.893333333333,65039.0625,5.613718786102906,False,spectrograms_labeling\2024-09-30_11-18-34_0000004_00002079.png
2024-09-30_11-18-34_0000004_00002632,2024-09-30_11-18-34_0000004.wav,2632.1066666666666,2643.2,11.093333333333248,2582.1066666666666,2693.2,62695.3125,9.469650314750504,False,spectrograms_labeling\2024-09-30_11-18-34_0000004_00002632.png
2024-09-30_11-18-34_0000004_00002724,2024-09-30_11-18-34_0000004.wav,2723.8399999999997,2748.16,24.320000000000164,2673.8399999999997,2798.16,72070.3125,11.081641408495955,False,spectrograms_labeling\2024-09-30_11-18-34_0000004_00002724.png
2024-09-30_11-18-34_0000004_00002827,2024-09-30_11-18-34_0000004.wav,2826.6666666666665,2856.96,30.29333333333352,2776.6666666666665,2906.96,65039.0625,12.37685473684748,False,spectrograms_labeling\2024-09-30_11-18-34_0000004_00002827.png
2024-09-30_11-18-34_0000004_00002929,2024-09-30_11-18-34_0000004.wav,2928.64,2941.0133333333333,12.373333333333449,2878.64,2991.0133333333333,63281.25,6.568332989782202,False,spectrograms_labeling\2024-09-30_11-18-34_0000004_00002929.png
2024-09-30_11-18-34_0000004_00003019,2024-09-30_11-18-34_0000004.wav,3018.6666666666665,3040.853333333333,22.186666666666497,2968.6666666666665,3090.853333333333,66210.9375,12.322082622280758,False,spectrograms_labeling\2024-09-30_11-18-34_0000004_00003019.png
2024-09-30_11-18-34_0000004_00003119,2024-09-30_11-18-34_0000004.wav,3118.5066666666667,3144.5333333333333,26.026666666666642,3068.5066666666667,3194.5333333333333,66796.875,11.755382568129264,False,spectrograms_labeling\2024-09-30_11-18-34_0000004_00003119.png
2024-09-30_11-18-34_0000004_00003222,2024-09-30_11-18-34_0000004.wav,3221.7599999999998,3234.56,12.800000000000182,3171.7599999999998,3284.56,65039.0625,6.085654200666636,False,spectrograms_labeling\2024-09-30_11-18-34_0000004_00003222.png
2024-09-30_11-18-34_0000004_00003942,2024-09-30_11-18-34_0000004.wav,3941.973333333333,3972.2666666666664,30.29333333333352,3891.973333333333,4022.2666666666664,80859.375,11.908562272377871,False,spectrograms_labeling\2024-09-30_11-18-34_0000004_00003942.png
2024-09-30_11-18-34_0000004_00003987,2024-09-30_11-18-34_0000004.wav,3987.2,4002.56,15.360000000000127,3937.2,4052.56,26367.1875,15.480613384606691,False,spectrograms_labeling\2024-09-30_11-18-34_0000004_00003987.png
2024-09-30_11-18-34_0000004_00004481,2024-09-30_11-18-34_0000004.wav,4480.8533333333335,4517.12,36.266666666666424,4430.8533333333335,4567.12,66210.9375,10.04847706856408,False,spectrograms_labeling\2024-09-30_11-18-34_0000004_00004481.png
2024-09-30_11-18-34_0000004_00004925,2024-09-30_11-18-34_0000004.wav,4925.44,4936.533333333333,11.093333333333248,4875.44,4986.533333333333,66796.875,5.669812872156335,False,spectrograms_labeling\2024-09-30_11-18-34_0000004_00004925.png
2024-09-30_11-18-34_0000004_00005154,2024-09-30_11-18-34_0000004.wav,5154.133333333333,5172.053333333333,17.920000000000073,5104.133333333333,5222.053333333333,64453.125,11.716443901596376,False,spectrograms_labeling\2024-09-30_11-18-34_0000004_00005154.png
2024-09-30_11-18-34_0000004_00005179,2024-09-30_11-18-34_0000004.wav,5179.306666666666,5195.946666666667,16.640000000000327,5129.306666666666,5245.946666666667,78515.625,7.078164013879662,False,spectrograms_labeling\2024-09-30_11-18-34_0000004_00005179.png
2024-09-30_11-18-34_0000004_00005278,2024-09-30_11-18-34_0000004.wav,5278.293333333333,5294.08,15.78666666666686,5228.293333333333,5344.08,60351.5625,5.485123769475562,True,spectrograms_labeling\2024-09-30_11-18-34_0000004_00005278.png
2024-09-30_11-18-34_0000004_00005398,2024-09-30_11-18-34_0000004.wav,5398.1866666666665,5420.373333333333,22.186666666666497,5348.1866666666665,5470.373333333333,67382.8125,8.348564083535221,False,spectrograms_labeling\2024-09-30_11-18-34_0000004_00005398.png
2024-09-30_11-18-34_0000004_00005529,2024-09-30_11-18-34_0000004.wav,5528.746666666666,5541.12,12.373333333333903,5478.746666666666,5591.12,78515.625,5.109590712599705,False,spectrograms_labeling\2024-09-30_11-18-34_0000004_00005529.png
2024-09-30_11-18-34_0000004_00005614,2024-09-30_11-18-34_0000004.wav,5613.653333333333,5673.386666666666,59.733333333333576,5563.653333333333,5723.386666666666,63867.1875,20.768668954518535,False,spectrograms_labeling\2024-09-30_11-18-34_0000004_00005614.png
2024-09-30_11-18-34_0000004_00005707,2024-09-30_11-18-34_0000004.wav,5707.093333333333,5764.266666666666,57.173333333333176,5657.093333333333,5814.266666666666,64453.125,13.41150985884515,False,spectrograms_labeling\2024-09-30_11-18-34_0000004_00005707.png
2024-09-30_11-18-34_0000004_00005935,2024-09-30_11-18-34_0000004.wav,5935.36,5958.826666666666,23.466666666666242,5885.36,6008.826666666666,58007.8125,13.91217363176722,False,spectrograms_labeling\2024-09-30_11-18-34_0000004_00005935.png
2024-09-30_11-18-34_0000004_00006043,2024-09-30_11-18-34_0000004.wav,6042.879999999999,6061.2266666666665,18.34666666666726,5992.879999999999,6111.2266666666665,60351.5625,10.18224976455922,True,spectrograms_labeling\2024-09-30_11-18-34_0000004_00006043.png
2024-09-30_11-18-34_0000004_00006128,2024-09-30_11-18-34_0000004.wav,6127.786666666666,6159.786666666666,32.0,6077.786666666666,6209.786666666666,64453.125,15.01736646388653,False,spectrograms_labeling\2024-09-30_11-18-34_0000004_00006128.png
2024-09-30_11-18-34_0000004_00006231,2024-09-30_11-18-34_0000004.wav,6230.613333333333,6255.36,24.746666666666897,6180.613333333333,6305.36,61523.4375,14.775674684039986,False,spectrograms_labeling\2024-09-30_11-18-34_0000004_00006231.png
2024-09-30_11-18-34_0000004_00006324,2024-09-30_11-18-34_0000004.wav,6324.48,6355.2,30.720000000000255,6274.48,6405.2,60351.5625,15.487642563971892,True,spectrograms_labeling\2024-09-30_11-18-34_0000004_00006324.png
2024-09-30_11-18-34_0000004_00006503,2024-09-30_11-18-34_0000004.wav,6503.253333333333,6523.733333333333,20.479999999999563,6453.253333333333,6573.733333333333,66210.9375,13.162180805190015,False,spectrograms_labeling\2024-09-30_11-18-34_0000004_00006503.png
2024-09-30_11-18-34_0000004_00006599,2024-09-30_11-18-34_0000004.wav,6598.826666666666,6634.24,35.41333333333387,6548.826666666666,6684.24,66210.9375,24.262425132638658,False,spectrograms_labeling\2024-09-30_11-18-34_0000004_00006599.png
2024-09-30_11-18-34_0000004_00007085,2024-09-30_11-18-34_0000004.wav,7084.799999999999,7104.853333333333,20.053333333333285,7034.799999999999,7154.853333333333,70312.5,11.500231430340106,False,spectrograms_labeling\2024-09-30_11-18-34_0000004_00007085.png
2024-09-30_11-18-34_0000004_00007466,2024-09-30_11-18-34_0000004.wav,7465.813333333333,7494.826666666666,29.01333333333332,7415.813333333333,7544.826666666666,70898.4375,16.703316454822218,False,spectrograms_labeling\2024-09-30_11-18-34_0000004_00007466.png
2024-09-30_11-18-34_0000004_00007589,2024-09-30_11-18-34_0000004.wav,7589.12,7632.213333333333,43.09333333333325,7539.12,7682.213333333333,67968.75,22.891123287237065,False,spectrograms_labeling\2024-09-30_11-18-34_0000004_00007589.png
2024-09-30_11-18-34_0000004_00007734,2024-09-30_11-18-34_0000004.wav,7733.759999999999,7764.48,30.720000000000255,7683.759999999999,7814.48,68554.6875,19.529352009487123,False,spectrograms_labeling\2024-09-30_11-18-34_0000004_00007734.png
2024-09-30_11-18-34_0000004_00007937,2024-09-30_11-18-34_0000004.wav,7937.28,7973.546666666666,36.266666666666424,7887.28,8023.546666666666,65625.0,14.14376788967202,False,spectrograms_labeling\2024-09-30_11-18-34_0000004_00007937.png
2024-09-30_11-18-34_0000004_00008151,2024-09-30_11-18-34_0000004.wav,8151.039999999999,8183.8933333333325,32.85333333333347,8101.039999999999,8233.893333333333,69140.625,16.82820892057441,False,spectrograms_labeling\2024-09-30_11-18-34_0000004_00008151.png
2024-09-30_11-18-34_0000004_00008259,2024-09-30_11-18-34_0000004.wav,8258.986666666666,8290.133333333333,31.146666666667443,8208.986666666666,8340.133333333333,71484.375,17.28024731614957,False,spectrograms_labeling\2024-09-30_11-18-34_0000004_00008259.png
2024-09-30_11-18-34_0000004_00008983,2024-09-30_11-18-34_0000004.wav,8983.039999999999,9032.96,49.92000000000007,8933.039999999999,9082.96,72070.3125,29.010006618748335,False,spectrograms_labeling\2024-09-30_11-18-34_0000004_00008983.png
2024-09-30_11-18-34_0000004_00009211,2024-09-30_11-18-34_0000004.wav,9210.88,9278.293333333333,67.41333333333387,9160.88,9328.293333333333,72656.25,18.65249689630974,False,spectrograms_labeling\2024-09-30_11-18-34_0000004_00009211.png
2024-09-30_11-18-52_0000005_00001079,2024-09-30_11-18-52_0000005.wav,1079.04,1089.28,10.240000000000009,1029.04,1139.28,70312.5,5.533828104674953,False,spectrograms_labeling\2024-09-30_11-18-52_0000005_00001079.png
2024-09-30_11-18-52_0000005_00001207,2024-09-30_11-18-52_0000005.wav,1207.04,1217.28,10.240000000000009,1157.04,1267.28,70312.5,5.533828104674953,False,spectrograms_labeling\2024-09-30_11-18-52_0000005_00001207.png
2024-09-30_11-18-52_0000005_00001335,2024-09-30_11-18-52_0000005.wav,1335.04,1345.28,10.240000000000009,1285.04,1395.28,70312.5,5.533828104674953,False,spectrograms_labeling\2024-09-30_11-18-52_0000005_00001335.png
2024-09-30_11-18-52_0000005_00002123,2024-09-30_11-18-52_0000005.wav,2123.0933333333332,2154.24,31.146666666666533,2073.0933333333332,2204.24,89648.4375,13.418332817594873,False,spectrograms_labeling\2024-09-30_11-18-52_0000005_00002123.png
2024-09-30_11-18-52_0000005_00002263,2024-09-30_11-18-52_0000005.wav,2263.04,2276.2666666666664,13.22666666666646,2213.04,2326.2666666666664,56250.0,7.9748648758399,False,spectrograms_labeling\2024-09-30_11-18-52_0000005_00002263.png
2024-09-30_11-18-52_0000005_00002774,2024-09-30_11-18-52_0000005.wav,2773.7599999999998,2817.2799999999997,43.51999999999998,2723.7599999999998,2867.2799999999997,99023.4375,20.485395844390148,False,spectrograms_labeling\2024-09-30_11-18-52_0000005_00002774.png
2024-09-30_11-18-52_0000005_00002929,2024-09-30_11-18-52_0000005.wav,2929.0666666666666,3015.68,86.61333333333323,2879.0666666666666,3065.68,73828.125,27.65725316624749,False,spectrograms_labeling\2024-09-30_11-18-52_0000005_00002929.png
2024-09-30_11-18-52_0000005_00003042,2024-09-30_11-18-52_0000005.wav,3042.133333333333,3061.7599999999998,19.62666666666655,2992.133333333333,3111.7599999999998,58593.75,8.768139150642044,False,spectrograms_labeling\2024-09-30_11-18-52_0000005_00003042.png
2024-09-30_11-18-52_0000005_00003110,2024-09-30_11-18-52_0000005.wav,3109.973333333333,3134.72,24.746666666666897,3059.973333333333,3184.72,55078.125,12.060743352768588,False,spectrograms_labeling\2024-09-30_11-18-52_0000005_00003110.png
2024-09-30_11-18-52_0000005_00003145,2024-09-30_11-18-52_0000005.wav,3145.3866666666663,3170.133333333333,24.746666666666897,3095.3866666666663,3220.133333333333,54492.1875,14.316470520758209,False,spectrograms_labeling\2024-09-30_11-18-52_0000005_00003145.png
2024-09-30_11-18-52_0000005_00003255,2024-09-30_11-18-52_0000005.wav,3254.6133333333332,3274.6666666666665,20.053333333333285,3204.6133333333332,3324.6666666666665,74414.0625,12.168283944493837,False,spectrograms_labeling\2024-09-30_11-18-52_0000005_00003255.png
2024-09-30_11-18-52_0000005_00003280,2024-09-30_11-18-52_0000005.wav,3280.213333333333,3310.5066666666667,30.29333333333352,3230.213333333333,3360.5066666666667,98437.5,21.082246305502412,False,spectrograms_labeling\2024-09-30_11-18-52_0000005_00003280.png
2024-09-30_11-18-52_0000005_00003379,2024-09-30_11-18-52_0000005.wav,3379.2,3427.413333333333,48.21333333333314,3329.2,3477.413333333333,74414.0625,13.73214947109779,False,spectrograms_labeling\2024-09-30_11-18-52_0000005_00003379.png
2024-09-30_11-18-52_0000005_00003487,2024-09-30_11-18-52_0000005.wav,3487.1466666666665,3509.333333333333,22.186666666666497,3437.1466666666665,3559.333333333333,65625.0,17.181513770841338,False,spectrograms_labeling\2024-09-30_11-18-52_0000005_00003487.png
2024-09-30_11-18-52_0000005_00003694,2024-09-30_11-18-52_0000005.wav,3694.08,3712.853333333333,18.773333333333085,3644.08,3762.853333333333,66210.9375,14.99399073991895,False,spectrograms_labeling\2024-09-30_11-18-52_0000005_00003694.png
2024-09-30_11-18-52_0000005_00003789,2024-09-30_11-18-52_0000005.wav,3788.7999999999997,3804.16,15.360000000000127,3738.7999999999997,3854.16,63281.25,14.09056828825323,False,spectrograms_labeling\2024-09-30_11-18-52_0000005_00003789.png
2024-09-30_11-18-52_0000005_00003810,2024-09-30_11-18-52_0000005.wav,3809.7066666666665,3837.4399999999996,27.73333333333312,3759.7066666666665,3887.4399999999996,92578.125,19.053492765966578,False,spectrograms_labeling\2024-09-30_11-18-52_0000005_00003810.png
2024-09-30_11-18-52_0000005_00003898,2024-09-30_11-18-52_0000005.wav,3898.026666666666,3985.0666666666666,87.04000000000042,3848.026666666666,4035.0666666666666,63867.1875,24.02939167249171,False,spectrograms_labeling\2024-09-30_11-18-52_0000005_00003898.png
2024-09-30_11-18-52_0000005_00004028,2024-09-30_11-18-52_0000005.wav,4027.733333333333,4043.0933333333332,15.360000000000127,3977.733333333333,4093.0933333333332,31640.625,12.686218240183456,False,spectrograms_labeling\2024-09-30_11-18-52_0000005_00004028.png
2024-09-30_11-18-52_0000005_00004126,2024-09-30_11-18-52_0000005.wav,4126.293333333333,4137.386666666666,11.093333333333248,4076.293333333333,4187.386666666666,66210.9375,13.197787832067364,False,spectrograms_labeling\2024-09-30_11-18-52_0000005_00004126.png
2024-09-30_11-18-52_0000005_00004256,2024-09-30_11-18-52_0000005.wav,4256.426666666666,4313.173333333333,56.7466666666669,4206.426666666666,4363.173333333333,66210.9375,15.237826539081283,False,spectrograms_labeling\2024-09-30_11-18-52_0000005_00004256.png
2024-09-30_11-18-52_0000005_00004580,2024-09-30_11-18-52_0000005.wav,4579.84,4590.933333333333,11.093333333333248,4529.84,4640.933333333333,83203.125,5.836624075407032,False,spectrograms_labeling\2024-09-30_11-18-52_0000005_00004580.png
2024-09-30_11-18-52_0000005_00004702,2024-09-30_11-18-52_0000005.wav,4701.866666666667,4717.653333333333,15.786666666665951,4651.866666666667,4767.653333333333,84375.0,7.083266938536222,False,spectrograms_labeling\2024-09-30_11-18-52_0000005_00004702.png
2024-09-30_11-18-57_0000006_00000117,2024-09-30_11-18-57_0000006.wav,117.33333333333333,130.13333333333333,12.799999999999997,67.33333333333333,180.13333333333333,84375.0,7.083266938536222,False,spectrograms_labeling\2024-09-30_11-18-57_0000006_00000117.png
2024-09-30_11-18-57_0000006_00001076,2024-09-30_11-18-57_0000006.wav,1076.48,1088.0,11.519999999999982,1026.48,1138.0,79101.5625,7.538710384079153,False,spectrograms_labeling\2024-09-30_11-18-57_0000006_00001076.png
2024-09-30_11-18-57_0000006_00001171,2024-09-30_11-18-57_0000006.wav,1171.1999999999998,1235.6266666666666,64.42666666666673,1121.1999999999998,1285.6266666666666,36914.0625,14.249143022287768,False,spectrograms_labeling\2024-09-30_11-18-57_0000006_00001171.png
2024-09-30_11-18-57_0000006_00001298,2024-09-30_11-18-57_0000006.wav,1297.9199999999998,1325.2266666666667,27.306666666666843,1247.9199999999998,1375.2266666666667,90820.3125,15.850796973397944,False,spectrograms_labeling\2024-09-30_11-18-57_0000006_00001298.png
2024-09-30_11-18-57_0000006_00001343,2024-09-30_11-18-57_0000006.wav,1343.1466666666665,1414.3999999999999,71.25333333333333,1293.1466666666665,1464.3999999999999,67382.8125,21.51359327582049,False,spectrograms_labeling\2024-09-30_11-18-57_0000006_00001343.png
2024-09-30_11-18-57_0000006_00001451,2024-09-30_11-18-57_0000006.wav,1450.6666666666665,1555.1999999999998,104.5333333333333,1400.6666666666665,1605.1999999999998,25781.25,20.881453900590476,False,spectrograms_labeling\2024-09-30_11-18-57_0000006_00001451.png
2024-09-30_11-18-57_0000006_00001618,2024-09-30_11-18-57_0000006.wav,1618.3466666666666,1690.8799999999999,72.5333333333333,1568.3466666666666,1740.8799999999999,77929.6875,15.685891270774565,False,spectrograms_labeling\2024-09-30_11-18-57_0000006_00001618.png
2024-09-30_11-19-00_0000007_00001009,2024-09-30_11-19-00_0000007.wav,1009.4933333333332,1026.9866666666667,17.493333333333453,959.4933333333332,1076.9866666666667,85546.875,14.500468642501756,False,spectrograms_labeling\2024-09-30_11-19-00_0000007_00001009.png
2024-09-30_11-19-00_0000007_00001972,2024-09-30_11-19-00_0000007.wav,1972.4799999999998,1991.253333333333,18.773333333333312,1922.4799999999998,2041.253333333333,68554.6875,12.929614759123762,False,spectrograms_labeling\2024-09-30_11-19-00_0000007_00001972.png
2024-09-30_11-19-00_0000007_00002393,2024-09-30_11-19-00_0000007.wav,2392.7466666666664,2443.52,50.77333333333354,2342.7466666666664,2493.52,69140.625,17.801345251518043,False,spectrograms_labeling\2024-09-30_11-19-00_0000007_00002393.png
2024-09-30_11-19-00_0000007_00002569,2024-09-30_11-19-00_0000007.wav,2569.3866666666663,2583.04,13.653333333333649,2519.3866666666663,2633.04,72070.3125,11.497739922801067,False,spectrograms_labeling\2024-09-30_11-19-00_0000007_00002569.png
2024-09-30_11-19-00_0000007_00003107,2024-09-30_11-19-00_0000007.wav,3107.413333333333,3165.0133333333333,57.600000000000364,3057.413333333333,3215.0133333333333,66210.9375,18.429888865076126,False,spectrograms_labeling\2024-09-30_11-19-00_0000007_00003107.png
2024-09-30_11-19-00_0000007_00003277,2024-09-30_11-19-00_0000007.wav,3277.2266666666665,3288.3199999999997,11.093333333333248,3227.2266666666665,3338.3199999999997,73242.1875,13.977631752237667,False,spectrograms_labeling\2024-09-30_11-19-00_0000007_00003277.png
2024-09-30_11-19-00_0000007_00003824,2024-09-30_11-19-00_0000007.wav,3823.7866666666664,3837.013333333333,13.22666666666646,3773.7866666666664,3887.013333333333,60351.5625,15.625867361658033,True,spectrograms_labeling\2024-09-30_11-19-00_0000007_00003824.png
2024-09-30_11-19-00_0000007_00003943,2024-09-30_11-19-00_0000007.wav,3942.8266666666664,3958.1866666666665,15.360000000000127,3892.8266666666664,4008.1866666666665,65039.0625,11.714545294871977,False,spectrograms_labeling\2024-09-30_11-19-00_0000007_00003943.png
2024-09-30_11-19-00_0000007_00004433,2024-09-30_11-19-00_0000007.wav,4433.066666666667,4450.5599999999995,17.493333333332885,4383.066666666667,4500.5599999999995,69726.5625,12.53482349877169,False,spectrograms_labeling\2024-09-30_11-19-00_0000007_00004433.png
2024-09-30_11-19-00_0000007_00004698,2024-09-30_11-19-00_0000007.wav,4697.599999999999,4770.986666666667,73.38666666666722,4647.599999999999,4820.986666666667,86718.75,18.51448922040753,False,spectrograms_labeling\2024-09-30_11-19-00_0000007_00004698.png
2024-09-30_11-19-00_0000007_00004836,2024-09-30_11-19-00_0000007.wav,4835.839999999999,4883.2,47.36000000000058,4785.839999999999,4933.2,63281.25,17.386664718396815,False,spectrograms_labeling\2024-09-30_11-19-00_0000007_00004836.png
2024-09-30_11-19-00_0000007_00004892,2024-09-30_11-19-00_0000007.wav,4892.16,4940.799999999999,48.63999999999942,4842.16,4990.799999999999,69140.625,24.63852296272706,False,spectrograms_labeling\2024-09-30_11-19-00_0000007_00004892.png
2024-09-30_11-19-00_0000007_00004993,2024-09-30_11-19-00_0000007.wav,4993.28,5008.639999999999,15.359999999999673,4943.28,5058.639999999999,62109.375,14.095442487563066,False,spectrograms_labeling\2024-09-30_11-19-00_0000007_00004993.png
2024-09-30_11-19-00_0000007_00005022,2024-09-30_11-19-00_0000007.wav,5021.866666666667,5096.96,75.09333333333325,4971.866666666667,5146.96,56835.9375,25.787702930223134,False,spectrograms_labeling\2024-09-30_11-19-00_0000007_00005022.png
2024-09-30_11-19-00_0000007_00005174,2024-09-30_11-19-00_0000007.wav,5173.759999999999,5189.973333333333,16.21333333333405,5123.759999999999,5239.973333333333,66210.9375,13.341789174721988,False,spectrograms_labeling\2024-09-30_11-19-00_0000007_00005174.png
2024-09-30_11-19-00_0000007_00005199,2024-09-30_11-19-00_0000007.wav,5198.506666666666,5213.013333333333,14.506666666667115,5148.506666666666,5263.013333333333,79687.5,14.912409480487934,False,spectrograms_labeling\2024-09-30_11-19-00_0000007_00005199.png
2024-09-30_11-19-00_0000007_00005280,2024-09-30_11-19-00_0000007.wav,5279.573333333333,5296.639999999999,17.066666666666606,5229.573333333333,5346.639999999999,61523.4375,20.05470402283703,False,spectrograms_labeling\2024-09-30_11-19-00_0000007_00005280.png
2024-09-30_11-19-00_0000007_00005374,2024-09-30_11-19-00_0000007.wav,5374.293333333333,5391.786666666666,17.493333333332885,5324.293333333333,5441.786666666666,63281.25,14.370875861990513,False,spectrograms_labeling\2024-09-30_11-19-00_0000007_00005374.png
2024-09-30_11-19-00_0000007_00005399,2024-09-30_11-19-00_0000007.wav,5398.613333333333,5437.44,38.826666666666824,5348.613333333333,5487.44,83203.125,22.11899445917533,False,spectrograms_labeling\2024-09-30_11-19-00_0000007_00005399.png
2024-09-30_11-19-00_0000007_00005488,2024-09-30_11-19-00_0000007.wav,5488.213333333333,5502.293333333333,14.079999999999927,5438.213333333333,5552.293333333333,62695.3125,16.123151317180806,False,spectrograms_labeling\2024-09-30_11-19-00_0000007_00005488.png
2024-09-30_11-19-00_0000007_00005586,2024-09-30_11-19-00_0000007.wav,5586.346666666666,5610.24,23.89333333333343,5536.346666666666,5660.24,61523.4375,21.518717541049128,False,spectrograms_labeling\2024-09-30_11-19-00_0000007_00005586.png
2024-09-30_11-19-00_0000007_00005775,2024-09-30_11-19-00_0000007.wav,5774.506666666666,5796.266666666666,21.76000000000022,5724.506666666666,5846.266666666666,62109.375,22.361175008050527,False,spectrograms_labeling\2024-09-30_11-19-00_0000007_00005775.png
2024-09-30_11-19-00_0000007_00005871,2024-09-30_11-19-00_0000007.wav,5871.36,5891.839999999999,20.479999999999563,5821.36,5941.839999999999,58593.75,23.312306025489427,False,spectrograms_labeling\2024-09-30_11-19-00_0000007_00005871.png
2024-09-30_11-19-00_0000007_00006065,2024-09-30_11-19-00_0000007.wav,6064.639999999999,6083.413333333333,18.77333333333354,6014.639999999999,6133.413333333333,65625.0,23.374092011925654,False,spectrograms_labeling\2024-09-30_11-19-00_0000007_00006065.png
2024-09-30_11-19-00_0000007_00006167,2024-09-30_11-19-00_0000007.wav,6166.613333333333,6177.706666666666,11.093333333333248,6116.613333333333,6227.706666666666,58007.8125,18.76030878349345,False,spectrograms_labeling\2024-09-30_11-19-00_0000007_00006167.png
2024-09-30_11-19-00_0000007_00006280,2024-09-30_11-19-00_0000007.wav,6279.679999999999,6306.986666666667,27.306666666667297,6229.679999999999,6356.986666666667,59765.625,20.439162769693997,True,spectrograms_labeling\2024-09-30_11-19-00_0000007_00006280.png
2024-09-30_11-19-00_0000007_00006508,2024-09-30_11-19-00_0000007.wav,6508.373333333333,6522.453333333333,14.079999999999927,6458.373333333333,6572.453333333333,85546.875,20.670842825212187,False,spectrograms_labeling\2024-09-30_11-19-00_0000007_00006508.png
2024-09-30_11-19-00_0000007_00006819,2024-09-30_11-19-00_0000007.wav,6818.986666666666,6838.1866666666665,19.200000000000728,6768.986666666666,6888.1866666666665,86132.8125,14.538788026033941,False,spectrograms_labeling\2024-09-30_11-19-00_0000007_00006819.png
2024-09-30_11-19-00_0000007_00007107,2024-09-30_11-19-00_0000007.wav,7107.413333333333,7118.506666666666,11.093333333333248,7057.413333333333,7168.506666666666,83789.0625,8.90405066556948,False,spectrograms_labeling\2024-09-30_11-19-00_0000007_00007107.png
2024-09-30_11-19-00_0000007_00007439,2024-09-30_11-19-00_0000007.wav,7438.9333333333325,7450.453333333333,11.520000000000437,7388.9333333333325,7500.453333333333,83789.0625,10.257694886299493,False,spectrograms_labeling\2024-09-30_11-19-00_0000007_00007439.png
2024-09-30_11-19-09_0000008_00001861,2024-09-30_11-19-09_0000008.wav,1861.12,1882.4533333333331,21.333333333333258,1811.12,1932.4533333333331,61523.4375,20.888537818546844,False,spectrograms_labeling\2024-09-30_11-19-09_0000008_00001861.png
2024-09-30_11-19-09_0000008_00001888,2024-09-30_11-19-09_0000008.wav,1887.5733333333333,1903.36,15.786666666666633,1837.5733333333333,1953.36,58007.8125,23.686904174075746,False,spectrograms_labeling\2024-09-30_11-19-09_0000008_00001888.png
2024-09-30_11-19-09_0000008_00001978,2024-09-30_11-19-09_0000008.wav,1977.6,2044.5866666666666,66.98666666666668,1927.6,2094.5866666666666,70898.4375,23.59585946439731,False,spectrograms_labeling\2024-09-30_11-19-09_0000008_00001978.png
2024-09-30_11-19-09_0000008_00002115,2024-09-30_11-19-09_0000008.wav,2114.9866666666667,2187.9466666666667,72.96000000000004,2064.9866666666667,2237.9466666666667,65625.0,23.8315865030255,False,spectrograms_labeling\2024-09-30_11-19-09_0000008_00002115.png
2024-09-30_11-19-09_0000008_00002272,2024-09-30_11-19-09_0000008.wav,2272.0,2315.9466666666667,43.946666666666715,2222.0,2365.9466666666667,64453.125,21.627231712912085,False,spectrograms_labeling\2024-09-30_11-19-09_0000008_00002272.png
2024-09-30_11-19-09_0000008_00002397,2024-09-30_11-19-09_0000008.wav,2397.44,2431.5733333333333,34.13333333333321,2347.44,2481.5733333333333,82031.25,16.735729325061506,False,spectrograms_labeling\2024-09-30_11-19-09_0000008_00002397.png
2024-09-30_11-19-09_0000008_00002624,2024-09-30_11-19-09_0000008.wav,2624.4266666666663,2652.5866666666666,28.16000000000031,2574.4266666666663,2702.5866666666666,65625.0,15.185229511939832,False,spectrograms_labeling\2024-09-30_11-19-09_0000008_00002624.png
2024-09-30_11-19-09_0000008_00003107,2024-09-30_11-19-09_0000008.wav,3106.56,3170.133333333333,63.57333333333327,3056.56,3220.133333333333,67968.75,22.142035220987765,False,spectrograms_labeling\2024-09-30_11-19-09_0000008_00003107.png
2024-09-30_11-19-09_0000008_00003252,2024-09-30_11-19-09_0000008.wav,3252.0533333333333,3269.973333333333,17.919999999999618,3202.0533333333333,3319.973333333333,64453.125,18.367692988549624,False,spectrograms_labeling\2024-09-30_11-19-09_0000008_00003252.png
2024-09-30_11-19-12_0000009_00000012,2024-09-30_11-19-12_0000009.wav,12.373333333333333,34.559999999999995,22.18666666666666,0.0,84.56,25781.25,5.144447709617921,False,spectrograms_labeling\2024-09-30_11-19-12_0000009_00000012.png
2024-09-30_11-19-12_0000009_00000207,2024-09-30_11-19-12_0000009.wav,207.35999999999999,220.58666666666664,13.22666666666666,157.35999999999999,270.58666666666664,86718.75,3.2627307219291,False,spectrograms_labeling\2024-09-30_11-19-12_0000009_00000207.png
2024-09-30_11-19-12_0000009_00000380,2024-09-30_11-19-12_0000009.wav,379.7333333333333,394.23999999999995,14.50666666666666,329.7333333333333,444.23999999999995,80859.375,4.034564474683443,False,spectrograms_labeling\2024-09-30_11-19-12_0000009_00000380.png
2024-09-30_11-19-12_0000009_00001033,2024-09-30_11-19-12_0000009.wav,1032.96,1085.8666666666666,52.906666666666524,982.96,1135.8666666666666,28710.9375,26.31274215747045,False,spectrograms_labeling\2024-09-30_11-19-12_0000009_00001033.png
2024-09-30_11-19-12_0000009_00001185,2024-09-30_11-19-12_0000009.wav,1184.8533333333332,1236.9066666666665,52.053333333333285,1134.8533333333332,1286.9066666666665,72070.3125,11.752025699584456,False,spectrograms_labeling\2024-09-30_11-19-12_0000009_00001185.png
2024-09-30_11-19-12_0000009_00001293,2024-09-30_11-19-12_0000009.wav,1292.8,1380.6933333333332,87.8933333333332,1242.8,1430.6933333333332,42773.4375,16.3159314033876,False,spectrograms_labeling\2024-09-30_11-19-12_0000009_00001293.png
2024-09-30_11-19-12_0000009_00001557,2024-09-30_11-19-12_0000009.wav,1557.3333333333333,1570.9866666666665,13.653333333333194,1507.3333333333333,1620.9866666666665,26953.125,4.2303084484390965,False,spectrograms_labeling\2024-09-30_11-19-12_0000009_00001557.png
2024-09-30_11-19-12_0000009_00001612,2024-09-30_11-19-12_0000009.wav,1611.52,1632.0,20.480000000000018,1561.52,1682.0,29882.8125,11.502670996439939,False,spectrograms_labeling\2024-09-30_11-19-12_0000009_00001612.png
2024-09-30_11-19-12_0000009_00001638,2024-09-30_11-19-12_0000009.wav,1637.5466666666666,1654.6133333333332,17.066666666666606,1587.5466666666666,1704.6133333333332,33984.375,7.442805829038112,False,spectrograms_labeling\2024-09-30_11-19-12_0000009_00001638.png
2024-09-30_11-19-15_0000010_00000452,2024-09-30_11-19-15_0000010.wav,452.26666666666665,467.2,14.933333333333337,402.26666666666665,517.2,66210.9375,2.0900978930918286,False,spectrograms_labeling\2024-09-30_11-19-15_0000010_00000452.png
2024-09-30_11-19-15_0000010_00001007,2024-09-30_11-19-15_0000010.wav,1006.9333333333333,1108.0533333333333,101.12,956.9333333333333,1158.0533333333333,70312.5,13.046221582192212,False,spectrograms_labeling\2024-09-30_11-19-15_0000010_00001007.png
2024-09-30_11-19-15_0000010_00001198,2024-09-30_11-19-15_0000010.wav,1198.08,1236.0533333333333,37.97333333333336,1148.08,1286.0533333333333,70312.5,13.045500415207112,False,spectrograms_labeling\2024-09-30_11-19-15_0000010_00001198.png
2024-09-30_11-19-15_0000010_00001326,2024-09-30_11-19-15_0000010.wav,1326.08,1364.0533333333333,37.97333333333336,1276.08,1414.0533333333333,70312.5,13.045500415207112,False,spectrograms_labeling\2024-09-30_11-19-15_0000010_00001326.png
2024-09-30_11-19-15_0000010_00001501,2024-09-30_11-19-15_0000010.wav,1501.0133333333333,1541.9733333333331,40.95999999999981,1451.0133333333333,1591.9733333333331,25781.25,4.318734624857706,False,spectrograms_labeling\2024-09-30_11-19-15_0000010_00001501.png
2024-09-30_11-19-15_0000010_00001915,2024-09-30_11-19-15_0000010.wav,1914.8799999999999,1942.6133333333332,27.73333333333335,1864.8799999999999,1992.6133333333332,25195.3125,4.194189751728433,False,spectrograms_labeling\2024-09-30_11-19-15_0000010_00001915.png
2024-09-30_11-19-15_0000010_00002071,2024-09-30_11-19-15_0000010.wav,2070.6133333333332,2088.5333333333333,17.920000000000073,2020.6133333333332,2138.5333333333333,83203.125,6.615038348848746,False,spectrograms_labeling\2024-09-30_11-19-15_0000010_00002071.png
2024-09-30_11-19-15_0000010_00002128,2024-09-30_11-19-15_0000010.wav,2128.213333333333,2141.44,13.226666666666915,2078.213333333333,2191.44,27539.0625,4.1230045625498555,False,spectrograms_labeling\2024-09-30_11-19-15_0000010_00002128.png
2024-09-30_11-19-16_0000011_00000222,2024-09-30_11-19-16_0000011.wav,221.86666666666665,249.6,27.73333333333335,171.86666666666665,299.6,25195.3125,4.194189751728433,False,spectrograms_labeling\2024-09-30_11-19-16_0000011_00000222.png
2024-09-30_11-19-16_0000011_00000378,2024-09-30_11-19-16_0000011.wav,377.59999999999997,395.52,17.920000000000016,327.59999999999997,445.52,83203.125,6.615038348848746,False,spectrograms_labeling\2024-09-30_11-19-16_0000011_00000378.png
2024-09-30_11-19-16_0000011_00000435,2024-09-30_11-19-16_0000011.wav,435.2,448.4266666666666,13.226666666666631,385.2,498.4266666666666,27539.0625,4.1230045625498555,False,spectrograms_labeling\2024-09-30_11-19-16_0000011_00000435.png
2024-09-30_11-19-16_0000011_00001021,2024-09-30_11-19-16_0000011.wav,1021.0133333333333,1042.3466666666666,21.333333333333258,971.0133333333333,1092.3466666666666,58593.75,3.943646941407573,False,spectrograms_labeling\2024-09-30_11-19-16_0000011_00001021.png
2024-09-30_11-19-16_0000011_00001049,2024-09-30_11-19-16_0000011.wav,1049.1733333333332,1080.32,31.14666666666676,999.1733333333332,1130.32,83203.125,12.654736832124293,False,spectrograms_labeling\2024-09-30_11-19-16_0000011_00001049.png
2024-09-30_11-19-16_0000011_00001155,2024-09-30_11-19-16_0000011.wav,1155.4133333333332,1186.9866666666667,31.573333333333494,1105.4133333333332,1236.9866666666667,60351.5625,6.990603665687161,True,spectrograms_labeling\2024-09-30_11-19-16_0000011_00001155.png
2024-09-30_11-19-16_0000011_00001634,2024-09-30_11-19-16_0000011.wav,1634.1333333333332,1664.0,29.866666666666788,1584.1333333333332,1714.0,65039.0625,9.378102704769754,False,spectrograms_labeling\2024-09-30_11-19-16_0000011_00001634.png
2024-09-30_11-19-16_0000011_00001856,2024-09-30_11-19-16_0000011.wav,1856.4266666666665,1876.9066666666665,20.480000000000018,1806.4266666666665,1926.9066666666665,25195.3125,4.258518060040135,False,spectrograms_labeling\2024-09-30_11-19-16_0000011_00001856.png
2024-09-30_11-19-16_0000011_00001978,2024-09-30_11-19-16_0000011.wav,1977.6,2005.7599999999998,28.159999999999854,1927.6,2055.7599999999998,29882.8125,9.300252146717586,False,spectrograms_labeling\2024-09-30_11-19-16_0000011_00001978.png
2024-09-30_11-19-16_0000011_00002056,2024-09-30_11-19-16_0000011.wav,2056.1066666666666,2088.1066666666666,32.0,2006.1066666666666,2138.1066666666666,59765.625,6.52298819564844,True,spectrograms_labeling\2024-09-30_11-19-16_0000011_00002056.png
2024-09-30_11-19-16_0000011_00002106,2024-09-30_11-19-16_0000011.wav,2106.0266666666666,2179.4133333333334,73.38666666666677,2056.0266666666666,2229.4133333333334,55664.0625,5.788134001744254,False,spectrograms_labeling\2024-09-30_11-19-16_0000011_00002106.png
2024-09-30_11-19-16_0000011_00002287,2024-09-30_11-19-16_0000011.wav,2286.9333333333334,2308.2666666666664,21.33333333333303,2236.9333333333334,2358.2666666666664,25781.25,4.524480399262457,False,spectrograms_labeling\2024-09-30_11-19-16_0000011_00002287.png
2024-09-30_11-19-16_0000011_00002514,2024-09-30_11-19-16_0000011.wav,2513.9199999999996,2531.413333333333,17.49333333333334,2463.9199999999996,2581.413333333333,40429.6875,1.7558695586669382,False,spectrograms_labeling\2024-09-30_11-19-16_0000011_00002514.png
2024-09-30_11-19-19_0000012_00000561,2024-09-30_11-19-19_0000012.wav,561.4933333333333,580.2666666666667,18.773333333333312,511.49333333333334,630.2666666666667,67382.8125,7.602443117934267,False,spectrograms_labeling\2024-09-30_11-19-19_0000012_00000561.png
2024-09-30_11-19-19_0000012_00000783,2024-09-30_11-19-19_0000012.wav,782.5066666666667,818.7733333333333,36.26666666666665,732.5066666666667,868.7733333333333,25781.25,7.507269519266914,False,spectrograms_labeling\2024-09-30_11-19-19_0000012_00000783.png
2024-09-30_11-19-19_0000012_00001009,2024-09-30_11-19-19_0000012.wav,1009.0666666666666,1025.7066666666667,16.6400000000001,959.0666666666666,1075.7066666666667,27539.0625,10.834726170527848,False,spectrograms_labeling\2024-09-30_11-19-19_0000012_00001009.png
2024-09-30_11-19-19_0000012_00001247,2024-09-30_11-19-19_0000012.wav,1246.72,1288.5333333333333,41.813333333333276,1196.72,1338.5333333333333,77929.6875,9.383256915429772,False,spectrograms_labeling\2024-09-30_11-19-19_0000012_00001247.png
2024-09-30_11-19-19_0000012_00001358,2024-09-30_11-19-19_0000012.wav,1357.6533333333332,1379.4133333333332,21.75999999999999,1307.6533333333332,1429.4133333333332,61523.4375,11.82038535554085,False,spectrograms_labeling\2024-09-30_11-19-19_0000012_00001358.png
2024-09-30_11-19-19_0000012_00001450,2024-09-30_11-19-19_0000012.wav,1449.8133333333333,1463.04,13.226666666666688,1399.8133333333333,1513.04,61523.4375,5.151168465256441,False,spectrograms_labeling\2024-09-30_11-19-19_0000012_00001450.png
2024-09-30_11-19-19_0000012_00001553,2024-09-30_11-19-19_0000012.wav,1552.6399999999999,1581.6533333333332,29.01333333333332,1502.6399999999999,1631.6533333333332,63281.25,16.050541687874233,False,spectrograms_labeling\2024-09-30_11-19-19_0000012_00001553.png
2024-09-30_11-19-19_0000012_00001740,2024-09-30_11-19-19_0000012.wav,1739.52,1752.32,12.799999999999955,1689.52,1802.32,59179.6875,9.927646902773354,False,spectrograms_labeling\2024-09-30_11-19-19_0000012_00001740.png
2024-09-30_11-19-19_0000012_00001843,2024-09-30_11-19-19_0000012.wav,1842.7733333333333,1879.04,36.26666666666665,1792.7733333333333,1929.04,63867.1875,11.144832219982332,False,spectrograms_labeling\2024-09-30_11-19-19_0000012_00001843.png
2024-09-30_11-19-19_0000012_00001958,2024-09-30_11-19-19_0000012.wav,1957.5466666666666,1989.12,31.573333333333267,1907.5466666666666,2039.12,63867.1875,8.74221637901089,False,spectrograms_labeling\2024-09-30_11-19-19_0000012_00001958.png
2024-09-30_11-19-19_0000012_00002066,2024-09-30_11-19-19_0000012.wav,2066.3466666666664,2092.373333333333,26.026666666666642,2016.3466666666664,2142.373333333333,56835.9375,7.389244077139599,False,spectrograms_labeling\2024-09-30_11-19-19_0000012_00002066.png
2024-09-30_11-19-19_0000012_00002749,2024-09-30_11-19-19_0000012.wav,2749.0133333333333,2764.373333333333,15.359999999999673,2699.0133333333333,2814.373333333333,58007.8125,7.59642168587321,False,spectrograms_labeling\2024-09-30_11-19-19_0000012_00002749.png
2024-09-30_11-19-19_0000012_00002940,2024-09-30_11-19-19_0000012.wav,2940.16,2961.9199999999996,21.759999999999764,2890.16,3011.9199999999996,65039.0625,8.781830285822206,False,spectrograms_labeling\2024-09-30_11-19-19_0000012_00002940.png
2024-09-30_11-19-19_0000012_00003446,2024-09-30_11-19-19_0000012.wav,3446.1866666666665,3464.9599999999996,18.773333333333085,3396.1866666666665,3514.9599999999996,66210.9375,4.874129564510272,False,spectrograms_labeling\2024-09-30_11-19-19_0000012_00003446.png
2024-09-30_11-19-19_0000012_00003475,2024-09-30_11-19-19_0000012.wav,3475.2,3491.8399999999997,16.639999999999873,3425.2,3541.8399999999997,80859.375,11.835357073421097,False,spectrograms_labeling\2024-09-30_11-19-19_0000012_00003475.png
2024-09-30_11-19-19_0000012_00004084,2024-09-30_11-19-19_0000012.wav,4083.6266666666666,4120.32,36.69333333333316,4033.6266666666666,4170.32,64453.125,9.547239406008588,False,spectrograms_labeling\2024-09-30_11-19-19_0000012_00004084.png
2024-09-30_11-19-19_0000012_00004193,2024-09-30_11-19-19_0000012.wav,4193.28,4205.2266666666665,11.946666666666715,4143.28,4255.2266666666665,54492.1875,4.06170394622604,False,spectrograms_labeling\2024-09-30_11-19-19_0000012_00004193.png
2024-09-30_11-19-19_0000012_00004324,2024-09-30_11-19-19_0000012.wav,4324.266666666666,4340.053333333333,15.78666666666686,4274.266666666666,4390.053333333333,66796.875,8.353361616641415,False,spectrograms_labeling\2024-09-30_11-19-19_0000012_00004324.png
2024-09-30_11-19-19_0000012_00004557,2024-09-30_11-19-19_0000012.wav,4557.2266666666665,4607.573333333333,50.34666666666635,4507.2266666666665,4657.573333333333,57421.875,16.298849137014837,False,spectrograms_labeling\2024-09-30_11-19-19_0000012_00004557.png
2024-09-30_11-19-19_0000012_00004660,2024-09-30_11-19-19_0000012.wav,4660.053333333333,4718.506666666666,58.45333333333292,4610.053333333333,4768.506666666666,68554.6875,19.179085610643202,False,spectrograms_labeling\2024-09-30_11-19-19_0000012_00004660.png
2024-09-30_11-19-19_0000012_00004790,2024-09-30_11-19-19_0000012.wav,4790.1866666666665,4845.2266666666665,55.039999999999964,4740.1866666666665,4895.2266666666665,60351.5625,17.450684836443827,True,spectrograms_labeling\2024-09-30_11-19-19_0000012_00004790.png
2024-09-30_11-19-19_0000012_00005652,2024-09-30_11-19-19_0000012.wav,5651.626666666666,5678.506666666666,26.88000000000011,5601.626666666666,5728.506666666666,66796.875,10.510943330878959,False,spectrograms_labeling\2024-09-30_11-19-19_0000012_00005652.png
2024-09-30_11-19-19_0000012_00005840,2024-09-30_11-19-19_0000012.wav,5840.213333333333,5876.053333333333,35.840000000000146,5790.213333333333,5926.053333333333,58007.8125,17.63139592455016,False,spectrograms_labeling\2024-09-30_11-19-19_0000012_00005840.png
2024-09-30_11-19-19_0000012_00005958,2024-09-30_11-19-19_0000012.wav,5958.4,5978.453333333333,20.053333333333285,5908.4,6028.453333333333,58007.8125,15.6292888282785,False,spectrograms_labeling\2024-09-30_11-19-19_0000012_00005958.png
2024-09-30_11-19-19_0000012_00006061,2024-09-30_11-19-19_0000012.wav,6060.799999999999,6086.4,25.600000000000364,6010.799999999999,6136.4,63867.1875,8.327076876454495,False,spectrograms_labeling\2024-09-30_11-19-19_0000012_00006061.png
2024-09-30_11-19-19_0000012_00006165,2024-09-30_11-19-19_0000012.wav,6165.333333333333,6193.066666666667,27.733333333333576,6115.333333333333,6243.066666666667,62695.3125,14.857712213313688,False,spectrograms_labeling\2024-09-30_11-19-19_0000012_00006165.png
2024-09-30_11-19-19_0000012_00006262,2024-09-30_11-19-19_0000012.wav,6261.759999999999,6286.08,24.32000000000062,6211.759999999999,6336.08,69140.625,14.900121847136994,False,spectrograms_labeling\2024-09-30_11-19-19_0000012_00006262.png
2024-09-30_11-19-19_0000012_00006722,2024-09-30_11-19-19_0000012.wav,6721.706666666666,6752.853333333333,31.146666666666533,6671.706666666666,6802.853333333333,71484.375,18.096778034623487,False,spectrograms_labeling\2024-09-30_11-19-19_0000012_00006722.png
2024-09-30_11-19-19_0000012_00006811,2024-09-30_11-19-19_0000012.wav,6811.306666666666,6821.546666666666,10.239999999999782,6761.306666666666,6871.546666666666,48046.875,13.803439403139187,False,spectrograms_labeling\2024-09-30_11-19-19_0000012_00006811.png
2024-09-30_11-19-19_0000012_00006941,2024-09-30_11-19-19_0000012.wav,6940.586666666666,6991.36,50.77333333333354,6890.586666666666,7041.36,63281.25,20.18124886247046,False,spectrograms_labeling\2024-09-30_11-19-19_0000012_00006941.png
2024-09-30_11-19-19_0000012_00007045,2024-09-30_11-19-19_0000012.wav,7044.693333333333,7097.599999999999,52.90666666666675,6994.693333333333,7147.599999999999,63867.1875,17.328608974411146,False,spectrograms_labeling\2024-09-30_11-19-19_0000012_00007045.png
2024-09-30_11-19-31_0000013_00001012,2024-09-30_11-19-31_0000013.wav,1012.4799999999999,1098.6666666666665,86.18666666666661,962.4799999999999,1148.6666666666665,25195.3125,17.92302531812904,False,spectrograms_labeling\2024-09-30_11-19-31_0000013_00001012.png
2024-09-30_11-19-31_0000013_00001550,2024-09-30_11-19-31_0000013.wav,1550.08,1614.08,64.0,1500.08,1664.08,25195.3125,7.091247041839841,False,spectrograms_labeling\2024-09-30_11-19-31_0000013_00001550.png
2024-09-30_11-19-31_0000013_00001617,2024-09-30_11-19-31_0000013.wav,1617.0666666666666,1690.0266666666666,72.96000000000004,1567.0666666666666,1740.0266666666666,25195.3125,8.888583253095506,False,spectrograms_labeling\2024-09-30_11-19-31_0000013_00001617.png
2024-09-30_11-19-34_0000014_00000413,2024-09-30_11-19-34_0000014.wav,413.44,424.96,11.519999999999982,363.44,474.96,65039.0625,7.500495745024346,False,spectrograms_labeling\2024-09-30_11-19-34_0000014_00000413.png
2024-09-30_11-19-34_0000014_00000984,2024-09-30_11-19-34_0000014.wav,984.3199999999999,1041.0666666666666,56.74666666666667,934.3199999999999,1091.0666666666666,65625.0,18.193103242419284,False,spectrograms_labeling\2024-09-30_11-19-34_0000014_00000984.png
2024-09-30_11-19-34_0000014_00001202,2024-09-30_11-19-34_0000014.wav,1201.9199999999998,1215.5733333333333,13.653333333333421,1151.9199999999998,1265.5733333333333,87304.6875,9.328637729391666,False,spectrograms_labeling\2024-09-30_11-19-34_0000014_00001202.png
2024-09-30_11-19-34_0000014_00001402,2024-09-30_11-19-34_0000014.wav,1401.6,1428.48,26.88000000000011,1351.6,1478.48,76757.8125,7.132135126017691,False,spectrograms_labeling\2024-09-30_11-19-34_0000014_00001402.png
2024-09-30_11-19-34_0000014_00001498,2024-09-30_11-19-34_0000014.wav,1497.6,1510.3999999999999,12.799999999999955,1447.6,1560.3999999999999,66796.875,5.602774833899675,False,spectrograms_labeling\2024-09-30_11-19-34_0000014_00001498.png
2024-09-30_11-19-34_0000014_00001518,2024-09-30_11-19-34_0000014.wav,1518.08,1533.0133333333333,14.933333333333394,1468.08,1583.0133333333333,85546.875,9.307595119377499,False,spectrograms_labeling\2024-09-30_11-19-34_0000014_00001518.png
2024-09-30_11-19-34_0000014_00001620,2024-09-30_11-19-34_0000014.wav,1620.4799999999998,1653.76,33.2800000000002,1570.4799999999998,1703.76,84960.9375,12.602097771483631,False,spectrograms_labeling\2024-09-30_11-19-34_0000014_00001620.png
2024-09-30_11-19-34_0000014_00001711,2024-09-30_11-19-34_0000014.wav,1710.9333333333332,1722.0266666666666,11.093333333333476,1660.9333333333332,1772.0266666666666,64453.125,6.080218416024597,False,spectrograms_labeling\2024-09-30_11-19-34_0000014_00001711.png
2024-09-30_11-19-34_0000014_00001731,2024-09-30_11-19-34_0000014.wav,1730.56,1759.1466666666665,28.586666666666588,1680.56,1809.1466666666665,82617.1875,10.892324696825384,False,spectrograms_labeling\2024-09-30_11-19-34_0000014_00001731.png
2024-09-30_11-19-34_0000014_00001820,2024-09-30_11-19-34_0000014.wav,1820.1599999999999,1834.2399999999998,14.079999999999927,1770.1599999999999,1884.2399999999998,63281.25,3.745584015596646,False,spectrograms_labeling\2024-09-30_11-19-34_0000014_00001820.png
2024-09-30_11-19-34_0000014_00001938,2024-09-30_11-19-34_0000014.wav,1938.3466666666666,1949.8666666666666,11.519999999999982,1888.3466666666666,1999.8666666666666,83203.125,5.498557953013138,False,spectrograms_labeling\2024-09-30_11-19-34_0000014_00001938.png
2024-09-30_11-19-34_0000014_00002114,2024-09-30_11-19-34_0000014.wav,2113.7066666666665,2163.6266666666666,49.92000000000007,2063.7066666666665,2213.6266666666666,82031.25,15.15189270429396,False,spectrograms_labeling\2024-09-30_11-19-34_0000014_00002114.png
2024-09-30_11-19-34_0000014_00002333,2024-09-30_11-19-34_0000014.wav,2332.5866666666666,2354.773333333333,22.186666666666497,2282.5866666666666,2404.773333333333,66210.9375,5.3564869682374505,False,spectrograms_labeling\2024-09-30_11-19-34_0000014_00002333.png
2024-09-30_11-19-34_0000014_00002423,2024-09-30_11-19-34_0000014.wav,2422.6133333333332,2453.7599999999998,31.146666666666533,2372.6133333333332,2503.7599999999998,63281.25,11.86317538590204,False,spectrograms_labeling\2024-09-30_11-19-34_0000014_00002423.png
2024-09-30_11-19-34_0000014_00002513,2024-09-30_11-19-34_0000014.wav,2513.0666666666666,2526.72,13.653333333333194,2463.0666666666666,2576.72,65625.0,12.239375958378796,False,spectrograms_labeling\2024-09-30_11-19-34_0000014_00002513.png
2024-09-30_11-19-34_0000014_00002615,2024-09-30_11-19-34_0000014.wav,2614.6133333333332,2638.08,23.466666666666697,2564.6133333333332,2688.08,66796.875,10.116611559018727,False,spectrograms_labeling\2024-09-30_11-19-34_0000014_00002615.png
2024-09-30_11-19-34_0000014_00002712,2024-09-30_11-19-34_0000014.wav,2711.893333333333,2730.24,18.346666666666806,2661.893333333333,2780.24,65039.0625,8.136928475436223,False,spectrograms_labeling\2024-09-30_11-19-34_0000014_00002712.png
2024-09-30_11-19-34_0000014_00002808,2024-09-30_11-19-34_0000014.wav,2807.893333333333,2855.253333333333,47.36000000000013,2757.893333333333,2905.253333333333,64453.125,16.371898543136464,False,spectrograms_labeling\2024-09-30_11-19-34_0000014_00002808.png
2024-09-30_11-19-34_0000014_00002913,2024-09-30_11-19-34_0000014.wav,2913.2799999999997,2959.3599999999997,46.07999999999993,2863.2799999999997,3009.3599999999997,79687.5,15.944408808967692,False,spectrograms_labeling\2024-09-30_11-19-34_0000014_00002913.png
2024-09-30_11-19-34_0000014_00003031,2024-09-30_11-19-34_0000014.wav,3030.6133333333332,3054.933333333333,24.31999999999971,2980.6133333333332,3104.933333333333,66210.9375,7.4742432304599635,False,spectrograms_labeling\2024-09-30_11-19-34_0000014_00003031.png
2024-09-30_11-19-34_0000014_00003129,2024-09-30_11-19-34_0000014.wav,3128.7466666666664,3159.04,30.29333333333352,3078.7466666666664,3209.04,78515.625,12.786761562103255,False,spectrograms_labeling\2024-09-30_11-19-34_0000014_00003129.png
2024-09-30_11-19-34_0000014_00003235,2024-09-30_11-19-34_0000014.wav,3234.9866666666667,3258.453333333333,23.466666666666242,3184.9866666666667,3308.453333333333,97265.625,10.860257983469072,False,spectrograms_labeling\2024-09-30_11-19-34_0000014_00003235.png
2024-09-30_11-19-34_0000014_00003335,2024-09-30_11-19-34_0000014.wav,3335.253333333333,3360.0,24.746666666666897,3285.253333333333,3410.0,77929.6875,13.09100042226187,False,spectrograms_labeling\2024-09-30_11-19-34_0000014_00003335.png
2024-09-30_11-19-34_0000014_00003436,2024-09-30_11-19-34_0000014.wav,3435.52,3446.1866666666665,10.666666666666515,3385.52,3496.1866666666665,74414.0625,14.313267212465572,False,spectrograms_labeling\2024-09-30_11-19-34_0000014_00003436.png
2024-09-30_11-19-34_0000014_00003721,2024-09-30_11-19-34_0000014.wav,3720.9599999999996,3760.213333333333,39.25333333333356,3670.9599999999996,3810.213333333333,78515.625,15.769174386468103,False,spectrograms_labeling\2024-09-30_11-19-34_0000014_00003721.png
2024-09-30_11-19-34_0000014_00003837,2024-09-30_11-19-34_0000014.wav,3837.4399999999996,3856.213333333333,18.77333333333354,3787.4399999999996,3906.213333333333,69140.625,11.429358693576631,False,spectrograms_labeling\2024-09-30_11-19-34_0000014_00003837.png
2024-09-30_11-19-34_0000014_00003932,2024-09-30_11-19-34_0000014.wav,3931.733333333333,3947.0933333333332,15.360000000000127,3881.733333333333,3997.0933333333332,63281.25,7.710518515053369,False,spectrograms_labeling\2024-09-30_11-19-34_0000014_00003932.png
2024-09-30_11-19-34_0000014_00004032,2024-09-30_11-19-34_0000014.wav,4032.4266666666663,4046.933333333333,14.50666666666666,3982.4266666666663,4096.9333333333325,62695.3125,8.549231323130421,False,spectrograms_labeling\2024-09-30_11-19-34_0000014_00004032.png
2024-09-30_11-19-34_0000014_00004053,2024-09-30_11-19-34_0000014.wav,4052.9066666666663,4066.986666666666,14.079999999999927,4002.9066666666663,4116.986666666666,79101.5625,7.820378675149904,False,spectrograms_labeling\2024-09-30_11-19-34_0000014_00004053.png
2024-09-30_11-19-34_0000014_00004308,2024-09-30_11-19-34_0000014.wav,4308.053333333333,4322.986666666667,14.933333333333394,4258.053333333333,4372.986666666667,25781.25,6.617537617061208,False,spectrograms_labeling\2024-09-30_11-19-34_0000014_00004308.png
2024-09-30_11-19-34_0000014_00004826,2024-09-30_11-19-34_0000014.wav,4826.026666666667,4847.786666666666,21.75999999999931,4776.026666666667,4897.786666666666,69726.5625,4.636680292411009,False,spectrograms_labeling\2024-09-30_11-19-34_0000014_00004826.png
2024-09-30_11-19-38_0000015_00000046,2024-09-30_11-19-38_0000015.wav,45.65333333333333,58.026666666666664,12.373333333333335,0.0,108.02666666666667,62695.3125,8.549231323130421,False,spectrograms_labeling\2024-09-30_11-19-38_0000015_00000046.png
2024-09-30_11-19-38_0000015_00000323,2024-09-30_11-19-38_0000015.wav,322.9866666666666,333.6533333333333,10.666666666666686,272.9866666666666,383.6533333333333,25781.25,6.617537617061208,False,spectrograms_labeling\2024-09-30_11-19-38_0000015_00000323.png
2024-09-30_11-19-38_0000015_00000998,2024-09-30_11-19-38_0000015.wav,997.5466666666666,1026.9866666666667,29.440000000000055,947.5466666666666,1076.9866666666667,65039.0625,13.372539024205603,False,spectrograms_labeling\2024-09-30_11-19-38_0000015_00000998.png
2024-09-30_11-19-38_0000015_00001443,2024-09-30_11-19-38_0000015.wav,1442.56,1452.8,10.240000000000009,1392.56,1502.8,57421.875,9.765249324722783,False,spectrograms_labeling\2024-09-30_11-19-38_0000015_00001443.png
2024-09-30_11-19-38_0000015_00001561,2024-09-30_11-19-38_0000015.wav,1561.1733333333332,1597.4399999999998,36.26666666666665,1511.1733333333332,1647.4399999999998,83789.0625,15.122744013022903,False,spectrograms_labeling\2024-09-30_11-19-38_0000015_00001561.png
2024-09-30_11-19-38_0000015_00001891,2024-09-30_11-19-38_0000015.wav,1890.9866666666665,1940.0533333333333,49.06666666666683,1840.9866666666665,1990.0533333333333,60937.5,19.36606160965915,False,spectrograms_labeling\2024-09-30_11-19-38_0000015_00001891.png
2024-09-30_11-19-38_0000015_00002583,2024-09-30_11-19-38_0000015.wav,2583.04,2617.6,34.559999999999945,2533.04,2667.6,25195.3125,15.426032945416706,False,spectrograms_labeling\2024-09-30_11-19-38_0000015_00002583.png
2024-09-30_11-19-38_0000015_00002632,2024-09-30_11-19-38_0000015.wav,2632.1066666666666,2647.04,14.933333333333394,2582.1066666666666,2697.04,31640.625,12.698232492110526,False,spectrograms_labeling\2024-09-30_11-19-38_0000015_00002632.png
2024-09-30_11-19-38_0000015_00002912,2024-09-30_11-19-38_0000015.wav,2911.5733333333333,2958.933333333333,47.35999999999967,2861.5733333333333,3008.933333333333,28125.0,17.20050915294426,False,spectrograms_labeling\2024-09-30_11-19-38_0000015_00002912.png
2024-09-30_11-19-38_0000015_00003153,2024-09-30_11-19-38_0000015.wav,3153.4933333333333,3186.3466666666664,32.85333333333301,3103.4933333333333,3236.3466666666664,86132.8125,13.727473841390694,False,spectrograms_labeling\2024-09-30_11-19-38_0000015_00003153.png
2024-09-30_11-19-38_0000015_00003260,2024-09-30_11-19-38_0000015.wav,3259.733333333333,3281.0666666666666,21.333333333333485,3209.733333333333,3331.0666666666666,66210.9375,12.630479347122595,False,spectrograms_labeling\2024-09-30_11-19-38_0000015_00003260.png
2024-09-30_11-19-38_0000015_00003325,2024-09-30_11-19-38_0000015.wav,3325.4399999999996,3342.5066666666667,17.06666666666706,3275.4399999999996,3392.5066666666667,26367.1875,16.381116070270057,False,spectrograms_labeling\2024-09-30_11-19-38_0000015_00003325.png
2024-09-30_11-19-38_0000015_00003352,2024-09-30_11-19-38_0000015.wav,3352.3199999999997,3380.4799999999996,28.159999999999854,3302.3199999999997,3430.4799999999996,75585.9375,11.447024925275187,False,spectrograms_labeling\2024-09-30_11-19-38_0000015_00003352.png
2024-09-30_11-19-38_0000015_00003390,2024-09-30_11-19-38_0000015.wav,3389.8666666666663,3403.0933333333332,13.226666666666915,3339.8666666666663,3453.0933333333332,25195.3125,9.243269251628394,False,spectrograms_labeling\2024-09-30_11-19-38_0000015_00003390.png
2024-09-30_11-19-38_0000015_00003467,2024-09-30_11-19-38_0000015.wav,3466.6666666666665,3489.7066666666665,23.039999999999964,3416.6666666666665,3539.7066666666665,65039.0625,11.195905756318892,False,spectrograms_labeling\2024-09-30_11-19-38_0000015_00003467.png
2024-09-30_11-19-38_0000015_00004377,2024-09-30_11-19-38_0000015.wav,4376.746666666666,4395.946666666667,19.200000000000728,4326.746666666666,4445.946666666667,33984.375,9.807520119484463,False,spectrograms_labeling\2024-09-30_11-19-38_0000015_00004377.png
2024-09-30_11-19-38_0000015_00004544,2024-09-30_11-19-38_0000015.wav,4544.426666666666,4561.92,17.493333333333794,4494.426666666666,4611.92,72070.3125,10.891418035724772,False,spectrograms_labeling\2024-09-30_11-19-38_0000015_00004544.png
2024-09-30_11-19-38_0000015_00004758,2024-09-30_11-19-38_0000015.wav,4758.1866666666665,4785.493333333333,27.306666666666388,4708.1866666666665,4835.493333333333,82617.1875,8.748738248682177,False,spectrograms_labeling\2024-09-30_11-19-38_0000015_00004758.png
2024-09-30_11-19-38_0000015_00005095,2024-09-30_11-19-38_0000015.wav,5095.253333333333,5114.88,19.626666666667006,5045.253333333333,5164.88,82031.25,13.02313397374663,False,spectrograms_labeling\2024-09-30_11-19-38_0000015_00005095.png
2024-09-30_11-19-38_0000015_00005329,2024-09-30_11-19-38_0000015.wav,5329.493333333333,5340.586666666666,11.093333333333248,5279.493333333333,5390.586666666666,62109.375,8.466628292150363,False,spectrograms_labeling\2024-09-30_11-19-38_0000015_00005329.png
2024-09-30_11-19-38_0000015_00005586,2024-09-30_11-19-38_0000015.wav,5586.346666666666,5598.293333333333,11.946666666666715,5536.346666666666,5648.293333333333,64453.125,9.461366832331525,False,spectrograms_labeling\2024-09-30_11-19-38_0000015_00005586.png
2024-09-30_11-19-38_0000015_00006506,2024-09-30_11-19-38_0000015.wav,6506.24,6539.5199999999995,33.279999999999745,6456.24,6589.5199999999995,80859.375,11.567572981015994,False,spectrograms_labeling\2024-09-30_11-19-38_0000015_00006506.png
2024-09-30_11-19-38_0000015_00006622,2024-09-30_11-19-38_0000015.wav,6622.293333333333,6658.5599999999995,36.266666666666424,6572.293333333333,6708.5599999999995,73828.125,15.910377961996717,False,spectrograms_labeling\2024-09-30_11-19-38_0000015_00006622.png
2024-09-30_11-19-38_0000015_00006763,2024-09-30_11-19-38_0000015.wav,6762.666666666666,6786.133333333333,23.46666666666715,6712.666666666666,6836.133333333333,66796.875,7.251468739085084,False,spectrograms_labeling\2024-09-30_11-19-38_0000015_00006763.png
2024-09-30_11-19-38_0000015_00006879,2024-09-30_11-19-38_0000015.wav,6878.719999999999,6905.173333333333,26.45333333333383,6828.719999999999,6955.173333333333,66796.875,18.766300086640918,False,spectrograms_labeling\2024-09-30_11-19-38_0000015_00006879.png
2024-09-30_11-19-38_0000015_00007010,2024-09-30_11-19-38_0000015.wav,7009.706666666666,7025.066666666667,15.360000000000582,6959.706666666666,7075.066666666667,66210.9375,11.320069916414543,False,spectrograms_labeling\2024-09-30_11-19-38_0000015_00007010.png
2024-09-30_11-19-38_0000015_00007102,2024-09-30_11-19-38_0000015.wav,7102.293333333333,7124.906666666666,22.613333333332776,7052.293333333333,7174.906666666666,65625.0,15.306710415755614,False,spectrograms_labeling\2024-09-30_11-19-38_0000015_00007102.png
2024-09-30_11-19-38_0000015_00007219,2024-09-30_11-19-38_0000015.wav,7219.2,7241.386666666666,22.186666666666497,7169.2,7291.386666666666,76171.875,11.37590145281866,False,spectrograms_labeling\2024-09-30_11-19-38_0000015_00007219.png
2024-09-30_11-19-38_0000015_00007431,2024-09-30_11-19-38_0000015.wav,7431.253333333333,7450.453333333333,19.199999999999818,7381.253333333333,7500.453333333333,67382.8125,14.141001264978875,False,spectrograms_labeling\2024-09-30_11-19-38_0000015_00007431.png
2024-09-30_11-19-38_0000015_00007932,2024-09-30_11-19-38_0000015.wav,7931.733333333333,7960.32,28.586666666667043,7881.733333333333,8010.32,84375.0,16.75165620329768,False,spectrograms_labeling\2024-09-30_11-19-38_0000015_00007932.png
2024-09-30_11-19-38_0000015_00008044,2024-09-30_11-19-38_0000015.wav,8044.373333333333,8068.693333333333,24.31999999999971,7994.373333333333,8118.693333333333,64453.125,13.088463987594295,False,spectrograms_labeling\2024-09-30_11-19-38_0000015_00008044.png
2024-09-30_11-19-38_0000015_00008146,2024-09-30_11-19-38_0000015.wav,8146.346666666666,8180.053333333332,33.706666666666024,8096.346666666666,8230.053333333333,77929.6875,13.369755434557371,False,spectrograms_labeling\2024-09-30_11-19-38_0000015_00008146.png
2024-09-30_11-19-38_0000015_00008618,2024-09-30_11-19-38_0000015.wav,8618.24,8636.586666666666,18.34666666666635,8568.24,8686.586666666666,64453.125,10.437103958835243,False,spectrograms_labeling\2024-09-30_11-19-38_0000015_00008618.png
2024-09-30_11-19-38_0000015_00008766,2024-09-30_11-19-38_0000015.wav,8765.866666666667,8805.546666666665,39.67999999999847,8715.866666666667,8855.546666666665,70312.5,16.104383883480445,False,spectrograms_labeling\2024-09-30_11-19-38_0000015_00008766.png
2024-09-30_11-19-38_0000015_00009411,2024-09-30_11-19-38_0000015.wav,9410.56,9428.48,17.920000000000073,9360.56,9478.48,72656.25,9.69853492312156,False,spectrograms_labeling\2024-09-30_11-19-38_0000015_00009411.png
2024-09-30_11-19-38_0000015_00009641,2024-09-30_11-19-38_0000015.wav,9640.533333333333,9667.84,27.306666666667297,9590.533333333333,9717.84,74414.0625,14.015480156394752,False,spectrograms_labeling\2024-09-30_11-19-38_0000015_00009641.png
2024-09-30_11-19-38_0000015_00009747,2024-09-30_11-19-38_0000015.wav,9747.199999999999,9818.453333333333,71.25333333333401,9697.199999999999,9868.453333333333,75585.9375,15.649172919574665,False,spectrograms_labeling\2024-09-30_11-19-38_0000015_00009747.png
2024-09-30_11-19-38_0000015_00009876,2024-09-30_11-19-38_0000015.wav,9875.626666666665,9919.573333333332,43.946666666666715,9825.626666666665,9969.573333333332,65625.0,14.153633149692379,False,spectrograms_labeling\2024-09-30_11-19-38_0000015_00009876.png
2024-09-30_11-19-38_0000015_00009998,2024-09-30_11-19-38_0000015.wav,9997.653333333332,10033.066666666666,35.41333333333387,9947.653333333332,10083.066666666666,63281.25,13.676564317650568,False,spectrograms_labeling\2024-09-30_11-19-38_0000015_00009998.png
2024-09-30_11-19-38_0000015_00010108,2024-09-30_11-19-38_0000015.wav,10108.16,10140.16,32.0,10058.16,10190.16,66796.875,21.0449491711137,False,spectrograms_labeling\2024-09-30_11-19-38_0000015_00010108.png
2024-09-30_11-19-38_0000015_00010221,2024-09-30_11-19-38_0000015.wav,10220.8,10258.346666666666,37.54666666666708,10170.8,10308.346666666666,59179.6875,20.559416316737327,False,spectrograms_labeling\2024-09-30_11-19-38_0000015_00010221.png
2024-09-30_11-19-38_0000015_00010333,2024-09-30_11-19-38_0000015.wav,10332.586666666666,10378.24,45.65333333333365,10282.586666666666,10428.24,63867.1875,20.004339392937432,False,spectrograms_labeling\2024-09-30_11-19-38_0000015_00010333.png
2024-09-30_11-19-38_0000015_00010559,2024-09-30_11-19-38_0000015.wav,10559.146666666666,10584.746666666666,25.600000000000364,10509.146666666666,10634.746666666666,62695.3125,16.40452700600938,False,spectrograms_labeling\2024-09-30_11-19-38_0000015_00010559.png
2024-09-30_11-19-38_0000015_00010659,2024-09-30_11-19-38_0000015.wav,10658.986666666666,10702.506666666666,43.52000000000044,10608.986666666666,10752.506666666666,62109.375,21.32282349245429,False,spectrograms_labeling\2024-09-30_11-19-38_0000015_00010659.png
2024-09-30_11-19-38_0000015_00010789,2024-09-30_11-19-38_0000015.wav,10789.119999999999,10837.759999999998,48.63999999999942,10739.119999999999,10887.759999999998,66796.875,18.896640795116635,False,spectrograms_labeling\2024-09-30_11-19-38_0000015_00010789.png
2024-09-30_11-19-38_0000015_00010918,2024-09-30_11-19-38_0000015.wav,10918.4,10949.973333333333,31.57333333333372,10868.4,10999.973333333333,60351.5625,20.849335368856764,True,spectrograms_labeling\2024-09-30_11-19-38_0000015_00010918.png
2024-09-30_11-19-38_0000015_00011028,2024-09-30_11-19-38_0000015.wav,11028.053333333333,11041.706666666665,13.65333333333183,10978.053333333333,11091.706666666665,57421.875,9.851664664910066,False,spectrograms_labeling\2024-09-30_11-19-38_0000015_00011028.png
2024-09-30_11-19-38_0000015_00011144,2024-09-30_11-19-38_0000015.wav,11143.679999999998,11182.933333333332,39.25333333333401,11093.679999999998,11232.933333333332,70312.5,14.408221371839309,False,spectrograms_labeling\2024-09-30_11-19-38_0000015_00011144.png
2024-09-30_11-19-38_0000015_00011270,2024-09-30_11-19-38_0000015.wav,11269.973333333333,11288.746666666666,18.77333333333263,11219.973333333333,11338.746666666666,63867.1875,14.389875883649472,False,spectrograms_labeling\2024-09-30_11-19-38_0000015_00011270.png
2024-09-30_11-19-38_0000015_00011383,2024-09-30_11-19-38_0000015.wav,11383.039999999999,11426.986666666666,43.946666666666715,11333.039999999999,11476.986666666666,66210.9375,22.05129413311341,False,spectrograms_labeling\2024-09-30_11-19-38_0000015_00011383.png
2024-09-30_11-19-38_0000015_00011483,2024-09-30_11-19-38_0000015.wav,11483.306666666665,11514.453333333333,31.146666666667443,11433.306666666665,11564.453333333333,63867.1875,14.830228360286561,False,spectrograms_labeling\2024-09-30_11-19-38_0000015_00011483.png
2024-09-30_11-19-38_0000015_00011523,2024-09-30_11-19-38_0000015.wav,11522.56,11539.199999999999,16.639999999999418,11472.56,11589.199999999999,72070.3125,18.451855758833172,False,spectrograms_labeling\2024-09-30_11-19-38_0000015_00011523.png
2024-09-30_11-19-38_0000015_00011618,2024-09-30_11-19-38_0000015.wav,11618.133333333333,11664.64,46.506666666666206,11568.133333333333,11714.64,70312.5,22.664539265964102,False,spectrograms_labeling\2024-09-30_11-19-38_0000015_00011618.png
2024-09-30_11-19-38_0000015_00011841,2024-09-30_11-19-38_0000015.wav,11841.279999999999,11875.413333333332,34.13333333333321,11791.279999999999,11925.413333333332,67968.75,13.36454240722558,False,spectrograms_labeling\2024-09-30_11-19-38_0000015_00011841.png
2024-09-30_11-19-38_0000015_00011954,2024-09-30_11-19-38_0000015.wav,11953.92,11982.933333333332,29.01333333333241,11903.92,12032.933333333332,64453.125,20.596136340417157,False,spectrograms_labeling\2024-09-30_11-19-38_0000015_00011954.png
2024-09-30_11-19-38_0000015_00012064,2024-09-30_11-19-38_0000015.wav,12064.0,12098.56,34.55999999999949,12014.0,12148.56,66796.875,17.753999639111587,False,spectrograms_labeling\2024-09-30_11-19-38_0000015_00012064.png
2024-09-30_11-19-38_0000015_00012275,2024-09-30_11-19-38_0000015.wav,12275.199999999999,12288.426666666666,13.22666666666737,12225.199999999999,12338.426666666666,60937.5,13.58645648733718,False,spectrograms_labeling\2024-09-30_11-19-38_0000015_00012275.png
2024-09-30_11-19-38_0000015_00012456,2024-09-30_11-19-38_0000015.wav,12455.679999999998,12472.746666666666,17.066666666667516,12405.679999999998,12522.746666666666,65625.0,17.948943417386307,False,spectrograms_labeling\2024-09-30_11-19-38_0000015_00012456.png
2024-09-30_11-19-38_0000015_00012742,2024-09-30_11-19-38_0000015.wav,12741.973333333333,12758.186666666666,16.21333333333314,12691.973333333333,12808.186666666666,76171.875,15.367866658724,False,spectrograms_labeling\2024-09-30_11-19-38_0000015_00012742.png
2024-09-30_11-19-38_0000015_00013114,2024-09-30_11-19-38_0000015.wav,13113.599999999999,13130.666666666666,17.066666666667516,13063.599999999999,13180.666666666666,74414.0625,9.95204775983341,False,spectrograms_labeling\2024-09-30_11-19-38_0000015_00013114.png
2024-09-30_11-19-38_0000015_00013327,2024-09-30_11-19-38_0000015.wav,13326.933333333332,13355.946666666665,29.01333333333241,13276.933333333332,13405.946666666665,62695.3125,17.85635559790442,False,spectrograms_labeling\2024-09-30_11-19-38_0000015_00013327.png
2024-09-30_11-19-38_0000015_00013543,2024-09-30_11-19-38_0000015.wav,13542.826666666666,13559.039999999999,16.21333333333314,13492.826666666666,13609.039999999999,63867.1875,12.641428231673697,False,spectrograms_labeling\2024-09-30_11-19-38_0000015_00013543.png
2024-09-30_11-19-38_0000015_00013656,2024-09-30_11-19-38_0000015.wav,13655.893333333332,13677.653333333332,21.76000000000022,13605.893333333332,13727.653333333332,58007.8125,21.163408645139015,False,spectrograms_labeling\2024-09-30_11-19-38_0000015_00013656.png
2024-09-30_11-19-38_0000015_00013749,2024-09-30_11-19-38_0000015.wav,13749.333333333332,13790.293333333333,40.960000000000946,13699.333333333332,13840.293333333333,64453.125,15.373588161417473,False,spectrograms_labeling\2024-09-30_11-19-38_0000015_00013749.png
2024-09-30_11-19-38_0000015_00013970,2024-09-30_11-19-38_0000015.wav,13970.346666666666,13989.546666666665,19.19999999999891,13920.346666666666,14039.546666666665,67382.8125,17.94007385649303,False,spectrograms_labeling\2024-09-30_11-19-38_0000015_00013970.png
2024-09-30_11-19-38_0000015_00014001,2024-09-30_11-19-38_0000015.wav,14001.066666666666,14068.48,67.41333333333387,13951.066666666666,14118.48,59179.6875,27.913458681231194,False,spectrograms_labeling\2024-09-30_11-19-38_0000015_00014001.png
2024-09-30_11-19-38_0000015_00014116,2024-09-30_11-19-38_0000015.wav,14116.266666666666,14202.453333333333,86.1866666666665,14066.266666666666,14252.453333333333,68554.6875,24.852832053492353,False,spectrograms_labeling\2024-09-30_11-19-38_0000015_00014116.png
2024-09-30_11-19-38_0000015_00014550,2024-09-30_11-19-38_0000015.wav,14550.186666666666,14565.119999999999,14.933333333332484,14500.186666666666,14615.119999999999,85546.875,6.805784194258387,False,spectrograms_labeling\2024-09-30_11-19-38_0000015_00014550.png
2024-09-30_11-19-38_0000015_00015073,2024-09-30_11-19-38_0000015.wav,15073.279999999999,15118.933333333332,45.65333333333365,15023.279999999999,15168.933333333332,72656.25,11.195983188882694,False,spectrograms_labeling\2024-09-30_11-19-38_0000015_00015073.png
2024-09-30_11-19-38_0000015_00015134,2024-09-30_11-19-38_0000015.wav,15134.293333333333,15198.293333333333,64.0,15084.293333333333,15248.293333333333,26367.1875,28.255234943410265,False,spectrograms_labeling\2024-09-30_11-19-38_0000015_00015134.png
2024-09-30_11-19-54_0000016_00000928,2024-09-30_11-19-54_0000016.wav,927.9999999999999,948.9066666666666,20.90666666666675,877.9999999999999,998.9066666666666,81445.3125,4.603616952604101,False,spectrograms_labeling\2024-09-30_11-19-54_0000016_00000928.png
2024-09-30_11-19-54_0000016_00001018,2024-09-30_11-19-54_0000016.wav,1018.4533333333333,1062.8266666666666,44.373333333333335,968.4533333333333,1112.8266666666666,76171.875,11.646700766784013,False,spectrograms_labeling\2024-09-30_11-19-54_0000016_00001018.png
2024-09-30_11-19-54_0000016_00001078,2024-09-30_11-19-54_0000016.wav,1078.1866666666665,1114.4533333333331,36.26666666666665,1028.1866666666665,1164.4533333333331,30468.75,7.525720524695626,False,spectrograms_labeling\2024-09-30_11-19-54_0000016_00001078.png
2024-09-30_11-19-54_0000016_00001439,2024-09-30_11-19-54_0000016.wav,1439.1466666666665,1457.4933333333333,18.346666666666806,1389.1466666666665,1507.4933333333333,56250.0,6.890697716117221,False,spectrograms_labeling\2024-09-30_11-19-54_0000016_00001439.png
2024-09-30_11-19-54_0000016_00001763,2024-09-30_11-19-54_0000016.wav,1763.4133333333332,1782.1866666666665,18.773333333333312,1713.4133333333332,1832.1866666666665,62109.375,6.041952565050658,False,spectrograms_labeling\2024-09-30_11-19-54_0000016_00001763.png
2024-09-30_11-19-54_0000016_00002121,2024-09-30_11-19-54_0000016.wav,2121.3866666666663,2145.2799999999997,23.89333333333343,2071.3866666666663,2195.2799999999997,76171.875,7.256919416080945,False,spectrograms_labeling\2024-09-30_11-19-54_0000016_00002121.png
2024-09-30_11-19-55_0000017_00000292,2024-09-30_11-19-55_0000017.wav,292.26666666666665,310.6133333333333,18.346666666666636,242.26666666666665,360.6133333333333,56250.0,6.890697716117221,False,spectrograms_labeling\2024-09-30_11-19-55_0000017_00000292.png
2024-09-30_11-19-55_0000017_00000623,2024-09-30_11-19-55_0000017.wav,622.9333333333333,635.3066666666666,12.373333333333335,572.9333333333333,685.3066666666666,62109.375,6.041952565050658,False,spectrograms_labeling\2024-09-30_11-19-55_0000017_00000623.png
2024-09-30_11-19-55_0000017_00000975,2024-09-30_11-19-55_0000017.wav,974.5066666666665,1016.3199999999999,41.81333333333339,924.5066666666665,1066.32,84960.9375,11.634843115458198,False,spectrograms_labeling\2024-09-30_11-19-55_0000017_00000975.png
2024-09-30_11-19-55_0000017_00001090,2024-09-30_11-19-55_0000017.wav,1090.1333333333332,1100.8,10.666666666666742,1040.1333333333332,1150.8,25781.25,4.842165218403378,False,spectrograms_labeling\2024-09-30_11-19-55_0000017_00001090.png
2024-09-30_11-19-55_0000017_00001716,2024-09-30_11-19-55_0000017.wav,1716.0533333333333,1778.7733333333333,62.72000000000003,1666.0533333333333,1828.7733333333333,66210.9375,10.248458513404682,False,spectrograms_labeling\2024-09-30_11-19-55_0000017_00001716.png
2024-09-30_11-19-55_0000017_00002376,2024-09-30_11-19-55_0000017.wav,2376.1066666666666,2459.3066666666664,83.19999999999982,2326.1066666666666,2509.3066666666664,62695.3125,11.870058255500206,False,spectrograms_labeling\2024-09-30_11-19-55_0000017_00002376.png
2024-09-30_11-19-55_0000017_00002566,2024-09-30_11-19-55_0000017.wav,2566.3999999999996,2615.04,48.64000000000033,2516.3999999999996,2665.04,69140.625,8.724265313926608,False,spectrograms_labeling\2024-09-30_11-19-55_0000017_00002566.png
2024-09-30_11-19-55_0000017_00003452,2024-09-30_11-19-55_0000017.wav,3452.16,3492.2666666666664,40.10666666666657,3402.16,3542.2666666666664,71484.375,8.776369121510779,False,spectrograms_labeling\2024-09-30_11-19-55_0000017_00003452.png
2024-09-30_11-19-55_0000017_00003532,2024-09-30_11-19-55_0000017.wav,3532.373333333333,3565.2266666666665,32.85333333333347,3482.373333333333,3615.2266666666665,25195.3125,5.5545295353559645,False,spectrograms_labeling\2024-09-30_11-19-55_0000017_00003532.png
2024-09-30_11-19-58_0000018_00000149,2024-09-30_11-19-58_0000018.wav,149.33333333333331,188.58666666666664,39.25333333333333,99.33333333333331,238.58666666666664,67382.8125,6.01115696475018,False,spectrograms_labeling\2024-09-30_11-19-58_0000018_00000149.png
2024-09-30_11-19-58_0000018_00000892,2024-09-30_11-19-58_0000018.wav,891.7333333333332,901.9733333333332,10.240000000000009,841.7333333333332,951.9733333333332,60937.5,3.4896476785144745,False,spectrograms_labeling\2024-09-30_11-19-58_0000018_00000892.png
2024-09-30_11-19-58_0000018_00001032,2024-09-30_11-19-58_0000018.wav,1031.6799999999998,1043.1999999999998,11.519999999999982,981.6799999999998,1093.1999999999998,26953.125,8.843059960768931,False,spectrograms_labeling\2024-09-30_11-19-58_0000018_00001032.png
2024-09-30_11-19-58_0000018_00001932,2024-09-30_11-19-58_0000018.wav,1932.3733333333332,1952.4266666666665,20.053333333333285,1882.3733333333332,2002.4266666666665,66210.9375,8.099831908609369,False,spectrograms_labeling\2024-09-30_11-19-58_0000018_00001932.png
2024-09-30_11-19-58_0000018_00002045,2024-09-30_11-19-58_0000018.wav,2044.5866666666666,2071.893333333333,27.306666666666388,1994.5866666666666,2121.893333333333,70898.4375,8.316714766587289,False,spectrograms_labeling\2024-09-30_11-19-58_0000018_00002045.png
2024-09-30_11-19-58_0000018_00002367,2024-09-30_11-19-58_0000018.wav,2366.72,2391.893333333333,25.173333333333176,2316.72,2441.893333333333,70898.4375,5.546864220191577,False,spectrograms_labeling\2024-09-30_11-19-58_0000018_00002367.png
2024-09-30_11-19-58_0000018_00002494,2024-09-30_11-19-58_0000018.wav,2494.293333333333,2510.08,15.78666666666686,2444.293333333333,2560.08,65039.0625,7.622266680473841,False,spectrograms_labeling\2024-09-30_11-19-58_0000018_00002494.png
2024-09-30_11-19-58_0000018_00002654,2024-09-30_11-19-58_0000018.wav,2653.8666666666663,2830.08,176.2133333333336,2603.8666666666663,2880.08,66796.875,12.54404984614245,False,spectrograms_labeling\2024-09-30_11-19-58_0000018_00002654.png
2024-09-30_11-19-58_0000018_00003526,2024-09-30_11-19-58_0000018.wav,3526.3999999999996,3543.4666666666662,17.066666666666606,3476.3999999999996,3593.4666666666662,66210.9375,4.1675930697026855,False,spectrograms_labeling\2024-09-30_11-19-58_0000018_00003526.png
2024-09-30_11-20-03_0000019_00000037,2024-09-30_11-20-03_0000019.wav,36.69333333333333,133.54666666666665,96.85333333333332,0.0,183.54666666666665,26367.1875,7.2829381568519835,False,spectrograms_labeling\2024-09-30_11-20-03_0000019_00000037.png
2024-09-30_11-20-03_0000019_00000893,2024-09-30_11-20-03_0000019.wav,892.5866666666666,913.4933333333332,20.906666666666638,842.5866666666666,963.4933333333332,70312.5,4.628937730057804,False,spectrograms_labeling\2024-09-30_11-20-03_0000019_00000893.png
2024-09-30_11-20-03_0000019_00001007,2024-09-30_11-20-03_0000019.wav,1007.3599999999999,1063.2533333333333,55.89333333333343,957.3599999999999,1113.2533333333333,67968.75,12.106152610589602,False,spectrograms_labeling\2024-09-30_11-20-03_0000019_00001007.png
2024-09-30_11-20-03_0000019_00001132,2024-09-30_11-20-03_0000019.wav,1131.52,1180.1599999999999,48.63999999999987,1081.52,1230.1599999999999,70898.4375,13.235937926454014,False,spectrograms_labeling\2024-09-30_11-20-03_0000019_00001132.png
2024-09-30_11-20-03_0000019_00001260,2024-09-30_11-20-03_0000019.wav,1259.52,1308.1599999999999,48.63999999999987,1209.52,1358.1599999999999,70898.4375,13.235937926454014,False,spectrograms_labeling\2024-09-30_11-20-03_0000019_00001260.png
2024-09-30_11-20-03_0000019_00001387,2024-09-30_11-20-03_0000019.wav,1387.0933333333332,1427.6266666666666,40.5333333333333,1337.0933333333332,1477.6266666666666,63281.25,9.709159440582368,False,spectrograms_labeling\2024-09-30_11-20-03_0000019_00001387.png
2024-09-30_11-20-03_0000019_00001481,2024-09-30_11-20-03_0000019.wav,1481.3866666666665,1524.9066666666665,43.51999999999998,1431.3866666666665,1574.9066666666665,63281.25,9.3652164861067,False,spectrograms_labeling\2024-09-30_11-20-03_0000019_00001481.png
2024-09-30_11-20-03_0000019_00001619,2024-09-30_11-20-03_0000019.wav,1618.7733333333333,1642.6666666666665,23.893333333333203,1568.7733333333333,1692.6666666666665,61523.4375,7.973064745516476,False,spectrograms_labeling\2024-09-30_11-20-03_0000019_00001619.png
2024-09-30_11-20-03_0000019_00002076,2024-09-30_11-20-03_0000019.wav,2076.16,2099.6266666666666,23.466666666666697,2026.1599999999999,2149.6266666666666,64453.125,7.0065809504592025,False,spectrograms_labeling\2024-09-30_11-20-03_0000019_00002076.png
2024-09-30_11-20-03_0000019_00002268,2024-09-30_11-20-03_0000019.wav,2267.733333333333,2291.6266666666666,23.89333333333343,2217.733333333333,2341.6266666666666,66210.9375,10.717375866697594,False,spectrograms_labeling\2024-09-30_11-20-03_0000019_00002268.png
2024-09-30_11-20-03_0000019_00002425,2024-09-30_11-20-03_0000019.wav,2425.173333333333,2457.6,32.42666666666673,2375.173333333333,2507.6,30468.75,8.512053805927971,False,spectrograms_labeling\2024-09-30_11-20-03_0000019_00002425.png
2024-09-30_11-20-03_0000019_00002474,2024-09-30_11-20-03_0000019.wav,2474.24,2496.4266666666663,22.186666666666497,2424.24,2546.4266666666663,34570.3125,8.07241775240252,False,spectrograms_labeling\2024-09-30_11-20-03_0000019_00002474.png
2024-09-30_11-20-03_0000019_00002504,2024-09-30_11-20-03_0000019.wav,2503.68,2514.3466666666664,10.666666666666515,2453.68,2564.3466666666664,26367.1875,8.110969534619407,False,spectrograms_labeling\2024-09-30_11-20-03_0000019_00002504.png
2024-09-30_11-20-03_0000019_00002807,2024-09-30_11-20-03_0000019.wav,2807.4666666666667,2828.373333333333,20.906666666666297,2757.4666666666667,2878.373333333333,68554.6875,8.714830350991756,False,spectrograms_labeling\2024-09-30_11-20-03_0000019_00002807.png
2024-09-30_11-20-07_0000020_00001046,2024-09-30_11-20-07_0000020.wav,1045.76,1070.08,24.319999999999936,995.76,1120.08,65039.0625,12.760318328833327,False,spectrograms_labeling\2024-09-30_11-20-07_0000020_00001046.png
2024-09-30_11-20-07_0000020_00001449,2024-09-30_11-20-07_0000020.wav,1448.9599999999998,1480.9599999999998,32.0,1398.9599999999998,1530.9599999999998,58593.75,7.779701223949676,False,spectrograms_labeling\2024-09-30_11-20-07_0000020_00001449.png
2024-09-30_11-20-07_0000020_00001585,2024-09-30_11-20-07_0000020.wav,1584.6399999999999,1634.1333333333332,49.49333333333334,1534.6399999999999,1684.1333333333332,60351.5625,8.729371776451915,True,spectrograms_labeling\2024-09-30_11-20-07_0000020_00001585.png
2024-09-30_11-20-07_0000020_00001696,2024-09-30_11-20-07_0000020.wav,1696.4266666666665,1726.2933333333333,29.866666666666788,1646.4266666666665,1776.2933333333333,60937.5,6.664203800398951,False,spectrograms_labeling\2024-09-30_11-20-07_0000020_00001696.png
2024-09-30_11-20-07_0000020_00001790,2024-09-30_11-20-07_0000020.wav,1790.2933333333333,1820.1599999999999,29.86666666666656,1740.2933333333333,1870.1599999999999,66210.9375,6.586879843206081,False,spectrograms_labeling\2024-09-30_11-20-07_0000020_00001790.png
2024-09-30_11-20-07_0000020_00002019,2024-09-30_11-20-07_0000020.wav,2019.4133333333332,2045.013333333333,25.59999999999991,1969.4133333333332,2095.0133333333333,70898.4375,6.974585772892445,False,spectrograms_labeling\2024-09-30_11-20-07_0000020_00002019.png
2024-09-30_11-20-07_0000020_00002621,2024-09-30_11-20-07_0000020.wav,2621.4399999999996,2640.64,19.200000000000273,2571.4399999999996,2690.64,95507.8125,7.58642416552921,False,spectrograms_labeling\2024-09-30_11-20-07_0000020_00002621.png
2024-09-30_11-20-09_0000021_00001060,2024-09-30_11-20-09_0000021.wav,1060.2666666666667,1098.6666666666665,38.399999999999864,1010.2666666666667,1148.6666666666665,25195.3125,18.640179920186398,False,spectrograms_labeling\2024-09-30_11-20-09_0000021_00001060.png
2024-09-30_11-20-09_0000021_00001243,2024-09-30_11-20-09_0000021.wav,1242.8799999999999,1292.8,49.92000000000007,1192.8799999999999,1342.8,25195.3125,25.13723904930614,False,spectrograms_labeling\2024-09-30_11-20-09_0000021_00001243.png
2024-09-30_11-20-09_0000021_00001350,2024-09-30_11-20-09_0000021.wav,1349.9733333333334,1370.0266666666666,20.053333333333285,1299.9733333333334,1420.0266666666666,26367.1875,15.554675720143978,False,spectrograms_labeling\2024-09-30_11-20-09_0000021_00001350.png
2024-09-30_11-20-09_0000021_00001580,2024-09-30_11-20-09_0000021.wav,1579.52,1632.0,52.48000000000002,1529.52,1682.0,33984.375,16.430216221956176,False,spectrograms_labeling\2024-09-30_11-20-09_0000021_00001580.png
2024-09-30_11-20-09_0000021_00001899,2024-09-30_11-20-09_0000021.wav,1899.0933333333332,1920.4266666666665,21.333333333333258,1849.0933333333332,1970.4266666666665,29296.875,17.81278869246519,False,spectrograms_labeling\2024-09-30_11-20-09_0000021_00001899.png
2024-09-30_11-20-14_0000022_00000706,2024-09-30_11-20-14_0000022.wav,706.1333333333333,721.4933333333333,15.360000000000014,656.1333333333333,771.4933333333333,66796.875,6.976677357459852,False,spectrograms_labeling\2024-09-30_11-20-14_0000022_00000706.png
2024-09-30_11-20-14_0000022_00000794,2024-09-30_11-20-14_0000022.wav,794.4533333333333,826.0266666666666,31.57333333333338,744.4533333333333,876.0266666666666,69726.5625,7.247704459608669,False,spectrograms_labeling\2024-09-30_11-20-14_0000022_00000794.png
2024-09-30_11-20-14_0000022_00000980,2024-09-30_11-20-14_0000022.wav,980.4799999999999,1029.12,48.639999999999986,930.4799999999999,1079.12,84960.9375,12.843563676843502,False,spectrograms_labeling\2024-09-30_11-20-14_0000022_00000980.png
2024-09-30_11-20-14_0000022_00001115,2024-09-30_11-20-14_0000022.wav,1114.8799999999999,1163.9466666666665,49.066666666666606,1064.8799999999999,1213.9466666666665,65039.0625,14.806944869507257,False,spectrograms_labeling\2024-09-30_11-20-14_0000022_00001115.png
2024-09-30_11-20-14_0000022_00001244,2024-09-30_11-20-14_0000022.wav,1243.7333333333333,1292.8,49.066666666666606,1193.7333333333333,1342.8,65039.0625,14.806944869507257,False,spectrograms_labeling\2024-09-30_11-20-14_0000022_00001244.png
2024-09-30_11-20-14_0000022_00001402,2024-09-30_11-20-14_0000022.wav,1402.4533333333331,1439.5733333333333,37.12000000000012,1352.4533333333331,1489.5733333333333,70312.5,8.130014002849181,False,spectrograms_labeling\2024-09-30_11-20-14_0000022_00001402.png
2024-09-30_11-20-14_0000022_00001527,2024-09-30_11-20-14_0000022.wav,1527.04,1550.9333333333332,23.893333333333203,1477.04,1600.9333333333332,82031.25,10.206264589493298,False,spectrograms_labeling\2024-09-30_11-20-14_0000022_00001527.png
2024-09-30_11-20-14_0000022_00001602,2024-09-30_11-20-14_0000022.wav,1602.1333333333332,1659.7333333333331,57.59999999999991,1552.1333333333332,1709.7333333333331,82031.25,13.011799939794242,False,spectrograms_labeling\2024-09-30_11-20-14_0000022_00001602.png
2024-09-30_11-20-14_0000022_00001731,2024-09-30_11-20-14_0000022.wav,1730.9866666666665,1777.9199999999998,46.933333333333394,1680.9866666666665,1827.9199999999998,79687.5,13.946592547409573,False,spectrograms_labeling\2024-09-30_11-20-14_0000022_00001731.png
2024-09-30_11-20-14_0000022_00001868,2024-09-30_11-20-14_0000022.wav,1867.9466666666665,1887.1466666666665,19.200000000000045,1817.9466666666665,1937.1466666666665,85546.875,10.263925515016465,False,spectrograms_labeling\2024-09-30_11-20-14_0000022_00001868.png
2024-09-30_11-20-14_0000022_00002080,2024-09-30_11-20-14_0000022.wav,2079.5733333333333,2093.653333333333,14.079999999999927,2029.5733333333333,2143.653333333333,73242.1875,7.898352856420797,False,spectrograms_labeling\2024-09-30_11-20-14_0000022_00002080.png
2024-09-30_11-20-14_0000022_00002159,2024-09-30_11-20-14_0000022.wav,2158.5066666666667,2191.7866666666664,33.279999999999745,2108.5066666666667,2241.7866666666664,72656.25,11.008299499753182,False,spectrograms_labeling\2024-09-30_11-20-14_0000022_00002159.png
2024-09-30_11-20-14_0000022_00002256,2024-09-30_11-20-14_0000022.wav,2255.7866666666664,2270.72,14.933333333333394,2205.7866666666664,2320.72,65039.0625,7.922849302599601,False,spectrograms_labeling\2024-09-30_11-20-14_0000022_00002256.png
2024-09-30_11-20-14_0000022_00002362,2024-09-30_11-20-14_0000022.wav,2361.6,2372.2666666666664,10.666666666666515,2311.6,2422.2666666666664,65625.0,5.4158272164488865,False,spectrograms_labeling\2024-09-30_11-20-14_0000022_00002362.png
2024-09-30_11-20-14_0000022_00002534,2024-09-30_11-20-14_0000022.wav,2534.3999999999996,2559.1466666666665,24.746666666666897,2484.3999999999996,2609.1466666666665,62695.3125,11.12908727126742,False,spectrograms_labeling\2024-09-30_11-20-14_0000022_00002534.png
2024-09-30_11-20-14_0000022_00002642,2024-09-30_11-20-14_0000022.wav,2642.3466666666664,2670.5066666666667,28.16000000000031,2592.3466666666664,2720.5066666666667,64453.125,6.033793278906254,False,spectrograms_labeling\2024-09-30_11-20-14_0000022_00002642.png
2024-09-30_11-20-14_0000022_00002832,2024-09-30_11-20-14_0000022.wav,2832.213333333333,2870.6133333333332,38.40000000000009,2782.213333333333,2920.6133333333332,63867.1875,10.440293934902583,False,spectrograms_labeling\2024-09-30_11-20-14_0000022_00002832.png
2024-09-30_11-20-14_0000022_00002945,2024-09-30_11-20-14_0000022.wav,2945.2799999999997,2964.9066666666663,19.62666666666655,2895.2799999999997,3014.9066666666663,66210.9375,11.256898546993646,False,spectrograms_labeling\2024-09-30_11-20-14_0000022_00002945.png
2024-09-30_11-20-14_0000022_00003053,2024-09-30_11-20-14_0000022.wav,3053.2266666666665,3089.0666666666666,35.840000000000146,3003.2266666666665,3139.0666666666666,62109.375,19.226507015992244,False,spectrograms_labeling\2024-09-30_11-20-14_0000022_00003053.png
2024-09-30_11-20-14_0000022_00003549,2024-09-30_11-20-14_0000022.wav,3549.0133333333333,3563.9466666666663,14.93333333333294,3499.0133333333333,3613.9466666666663,69726.5625,5.494893851296662,False,spectrograms_labeling\2024-09-30_11-20-14_0000022_00003549.png
2024-09-30_11-20-14_0000022_00003965,2024-09-30_11-20-14_0000022.wav,3965.4399999999996,4008.9599999999996,43.51999999999998,3915.4399999999996,4058.9599999999996,70898.4375,19.854303748552535,False,spectrograms_labeling\2024-09-30_11-20-14_0000022_00003965.png
2024-09-30_11-20-14_0000022_00004358,2024-09-30_11-20-14_0000022.wav,4358.4,4383.1466666666665,24.746666666666897,4308.4,4433.1466666666665,66210.9375,14.86901871598037,False,spectrograms_labeling\2024-09-30_11-20-14_0000022_00004358.png
2024-09-30_11-20-14_0000022_00004596,2024-09-30_11-20-14_0000022.wav,4596.48,4629.333333333333,32.85333333333347,4546.48,4679.333333333333,72656.25,8.81153406670168,False,spectrograms_labeling\2024-09-30_11-20-14_0000022_00004596.png
2024-09-30_11-20-14_0000022_00005165,2024-09-30_11-20-14_0000022.wav,5165.2266666666665,5184.853333333333,19.626666666666097,5115.2266666666665,5234.853333333333,62695.3125,11.174160086786673,False,spectrograms_labeling\2024-09-30_11-20-14_0000022_00005165.png
2024-09-30_11-20-14_0000022_00005254,2024-09-30_11-20-14_0000022.wav,5254.4,5273.599999999999,19.199999999999818,5204.4,5323.599999999999,63281.25,7.700000483159236,False,spectrograms_labeling\2024-09-30_11-20-14_0000022_00005254.png
2024-09-30_11-20-14_0000022_00005351,2024-09-30_11-20-14_0000022.wav,5351.253333333333,5394.346666666666,43.09333333333325,5301.253333333333,5444.346666666666,72656.25,13.444017467934673,False,spectrograms_labeling\2024-09-30_11-20-14_0000022_00005351.png
2024-09-30_11-20-14_0000022_00005473,2024-09-30_11-20-14_0000022.wav,5473.28,5517.2266666666665,43.946666666666715,5423.28,5567.2266666666665,72070.3125,13.987912283221146,False,spectrograms_labeling\2024-09-30_11-20-14_0000022_00005473.png
2024-09-30_11-20-14_0000022_00005597,2024-09-30_11-20-14_0000022.wav,5597.44,5644.373333333333,46.933333333333394,5547.44,5694.373333333333,68554.6875,17.765579720368947,False,spectrograms_labeling\2024-09-30_11-20-14_0000022_00005597.png
2024-09-30_11-20-14_0000022_00005714,2024-09-30_11-20-14_0000022.wav,5714.346666666666,5755.306666666666,40.960000000000036,5664.346666666666,5805.306666666666,72656.25,12.585321936869489,False,spectrograms_labeling\2024-09-30_11-20-14_0000022_00005714.png
2024-09-30_11-20-14_0000022_00005830,2024-09-30_11-20-14_0000022.wav,5829.973333333333,5922.133333333333,92.15999999999985,5779.973333333333,5972.133333333333,56835.9375,18.199939741542043,False,spectrograms_labeling\2024-09-30_11-20-14_0000022_00005830.png
2024-09-30_11-20-14_0000022_00005992,2024-09-30_11-20-14_0000022.wav,5991.679999999999,6045.866666666666,54.1866666666665,5941.679999999999,6095.866666666666,68554.6875,18.082263551054865,False,spectrograms_labeling\2024-09-30_11-20-14_0000022_00005992.png
2024-09-30_11-20-14_0000022_00006109,2024-09-30_11-20-14_0000022.wav,6108.586666666666,6152.533333333333,43.946666666666715,6058.586666666666,6202.533333333333,83789.0625,13.70868693805151,False,spectrograms_labeling\2024-09-30_11-20-14_0000022_00006109.png
2024-09-30_11-20-14_0000022_00006217,2024-09-30_11-20-14_0000022.wav,6217.386666666666,6264.746666666666,47.35999999999967,6167.386666666666,6314.746666666666,60937.5,17.586506222544557,False,spectrograms_labeling\2024-09-30_11-20-14_0000022_00006217.png
2024-09-30_11-20-14_0000022_00006331,2024-09-30_11-20-14_0000022.wav,6330.879999999999,6379.946666666666,49.066666666666606,6280.879999999999,6429.946666666666,80273.4375,19.32848463288886,False,spectrograms_labeling\2024-09-30_11-20-14_0000022_00006331.png
2024-09-30_11-20-14_0000022_00006610,2024-09-30_11-20-14_0000022.wav,6609.919999999999,6641.919999999999,32.0,6559.919999999999,6691.919999999999,72070.3125,11.584393722459383,False,spectrograms_labeling\2024-09-30_11-20-14_0000022_00006610.png
2024-09-30_11-20-14_0000022_00006705,2024-09-30_11-20-14_0000022.wav,6704.639999999999,6715.306666666666,10.66666666666697,6654.639999999999,6765.306666666666,58007.8125,11.641787484370107,False,spectrograms_labeling\2024-09-30_11-20-14_0000022_00006705.png
2024-09-30_11-20-14_0000022_00007259,2024-09-30_11-20-14_0000022.wav,7259.306666666666,7272.959999999999,13.65333333333274,7209.306666666666,7322.959999999999,57421.875,8.818765795708911,False,spectrograms_labeling\2024-09-30_11-20-14_0000022_00007259.png
2024-09-30_11-20-14_0000022_00007284,2024-09-30_11-20-14_0000022.wav,7284.48,7321.599999999999,37.11999999999989,7234.48,7371.599999999999,70312.5,15.95840746523719,False,spectrograms_labeling\2024-09-30_11-20-14_0000022_00007284.png
2024-09-30_11-20-14_0000022_00007588,2024-09-30_11-20-14_0000022.wav,7587.839999999999,7610.453333333333,22.613333333333685,7537.839999999999,7660.453333333333,65039.0625,13.03167120689606,False,spectrograms_labeling\2024-09-30_11-20-14_0000022_00007588.png
2024-09-30_11-20-14_0000022_00007687,2024-09-30_11-20-14_0000022.wav,7686.826666666666,7717.973333333332,31.146666666666533,7636.826666666666,7767.973333333332,58593.75,11.823088658279637,False,spectrograms_labeling\2024-09-30_11-20-14_0000022_00007687.png
2024-09-30_11-20-14_0000022_00007780,2024-09-30_11-20-14_0000022.wav,7779.839999999999,7793.919999999999,14.079999999999927,7729.839999999999,7843.919999999999,59765.625,10.619484322773703,True,spectrograms_labeling\2024-09-30_11-20-14_0000022_00007780.png
2024-09-30_11-20-14_0000022_00007807,2024-09-30_11-20-14_0000022.wav,7806.719999999999,7841.28,34.5600000000004,7756.719999999999,7891.28,82031.25,12.13794684865984,False,spectrograms_labeling\2024-09-30_11-20-14_0000022_00007807.png
2024-09-30_11-20-14_0000022_00007898,2024-09-30_11-20-14_0000022.wav,7898.026666666666,7921.493333333333,23.46666666666715,7848.026666666666,7971.493333333333,63867.1875,12.088164792671346,False,spectrograms_labeling\2024-09-30_11-20-14_0000022_00007898.png
2024-09-30_11-20-14_0000022_00008093,2024-09-30_11-20-14_0000022.wav,8093.44,8113.493333333333,20.053333333333285,8043.44,8163.493333333333,62109.375,11.93806913940919,False,spectrograms_labeling\2024-09-30_11-20-14_0000022_00008093.png
2024-09-30_11-20-14_0000022_00008188,2024-09-30_11-20-14_0000022.wav,8188.16,8210.773333333333,22.613333333332776,8138.16,8260.773333333333,71484.375,9.508852622144188,False,spectrograms_labeling\2024-09-30_11-20-14_0000022_00008188.png
2024-09-30_11-20-14_0000022_00008443,2024-09-30_11-20-14_0000022.wav,8443.306666666665,8455.68,12.373333333334813,8393.306666666665,8505.68,63281.25,7.937077987193599,False,spectrograms_labeling\2024-09-30_11-20-14_0000022_00008443.png
2024-09-30_11-20-14_0000022_00009017,2024-09-30_11-20-14_0000022.wav,9016.746666666666,9041.493333333332,24.746666666665988,8966.746666666666,9091.493333333332,77929.6875,5.715754145997861,False,spectrograms_labeling\2024-09-30_11-20-14_0000022_00009017.png
2024-09-30_11-20-14_0000022_00009263,2024-09-30_11-20-14_0000022.wav,9262.506666666666,9314.56,52.053333333333285,9212.506666666666,9364.56,98437.5,14.440193130232524,False,spectrograms_labeling\2024-09-30_11-20-14_0000022_00009263.png
2024-09-30_11-20-14_0000022_00009886,2024-09-30_11-20-14_0000022.wav,9885.866666666667,9896.96,11.093333333332339,9835.866666666667,9946.96,83789.0625,6.901759861041706,False,spectrograms_labeling\2024-09-30_11-20-14_0000022_00009886.png
2024-09-30_11-20-14_0000022_00010456,2024-09-30_11-20-14_0000022.wav,10455.893333333333,10469.546666666665,13.65333333333183,10405.893333333333,10519.546666666665,82031.25,8.032565362956213,False,spectrograms_labeling\2024-09-30_11-20-14_0000022_00010456.png
2024-09-30_11-20-14_0000022_00010604,2024-09-30_11-20-14_0000022.wav,10603.946666666667,10639.786666666667,35.840000000000146,10553.946666666667,10689.786666666667,58007.8125,9.27290422961773,False,spectrograms_labeling\2024-09-30_11-20-14_0000022_00010604.png
2024-09-30_11-20-14_0000022_00010755,2024-09-30_11-20-14_0000022.wav,10755.413333333332,10792.96,37.54666666666708,10705.413333333332,10842.96,87890.625,15.677979536200944,False,spectrograms_labeling\2024-09-30_11-20-14_0000022_00010755.png
2024-09-30_11-20-14_0000022_00010810,2024-09-30_11-20-14_0000022.wav,10810.026666666667,10835.626666666665,25.599999999998545,10760.026666666667,10885.626666666665,70898.4375,21.905078934225408,False,spectrograms_labeling\2024-09-30_11-20-14_0000022_00010810.png
2024-09-30_11-20-14_0000022_00012718,2024-09-30_11-20-14_0000022.wav,12718.08,12730.453333333333,12.373333333332994,12668.08,12780.453333333333,65625.0,6.454062207025487,False,spectrograms_labeling\2024-09-30_11-20-14_0000022_00012718.png
2024-09-30_11-20-14_0000022_00012743,2024-09-30_11-20-14_0000022.wav,12742.826666666666,12764.586666666666,21.76000000000022,12692.826666666666,12814.586666666666,29296.875,9.958666483773827,False,spectrograms_labeling\2024-09-30_11-20-14_0000022_00012743.png
2024-09-30_11-20-14_0000022_00012829,2024-09-30_11-20-14_0000022.wav,12829.013333333332,12840.533333333333,11.520000000000437,12779.013333333332,12890.533333333333,25781.25,5.919851320965185,False,spectrograms_labeling\2024-09-30_11-20-14_0000022_00012829.png
2024-09-30_11-20-26_0000023_00000087,2024-09-30_11-20-26_0000023.wav,87.46666666666665,156.16,68.69333333333334,37.466666666666654,206.16,29296.875,9.958666483773827,False,spectrograms_labeling\2024-09-30_11-20-26_0000023_00000087.png
2024-09-30_11-20-26_0000023_00000212,2024-09-30_11-20-26_0000023.wav,212.48,239.78666666666666,27.306666666666672,162.48,289.78666666666663,25781.25,5.919851320965185,False,spectrograms_labeling\2024-09-30_11-20-26_0000023_00000212.png
2024-09-30_11-20-26_0000023_00000428,2024-09-30_11-20-26_0000023.wav,427.52,453.5466666666666,26.026666666666642,377.52,503.5466666666666,65039.0625,5.270270737835334,False,spectrograms_labeling\2024-09-30_11-20-26_0000023_00000428.png
2024-09-30_11-20-26_0000023_00000462,2024-09-30_11-20-26_0000023.wav,462.08,477.8666666666666,15.786666666666633,412.08,527.8666666666666,65625.0,4.591560603566011,False,spectrograms_labeling\2024-09-30_11-20-26_0000023_00000462.png
2024-09-30_11-20-26_0000023_00000799,2024-09-30_11-20-26_0000023.wav,799.1466666666666,825.1733333333333,26.026666666666642,749.1466666666666,875.1733333333333,63867.1875,7.092695153243009,False,spectrograms_labeling\2024-09-30_11-20-26_0000023_00000799.png
2024-09-30_11-20-26_0000023_00000919,2024-09-30_11-20-26_0000023.wav,919.04,929.28,10.240000000000009,869.04,979.28,58593.75,3.544441994630417,False,spectrograms_labeling\2024-09-30_11-20-26_0000023_00000919.png
2024-09-30_11-20-26_0000023_00001032,2024-09-30_11-20-26_0000023.wav,1032.1066666666666,1060.6933333333332,28.586666666666588,982.1066666666666,1110.6933333333332,67382.8125,8.955322511965417,False,spectrograms_labeling\2024-09-30_11-20-26_0000023_00001032.png
2024-09-30_11-20-26_0000023_00001175,2024-09-30_11-20-26_0000023.wav,1175.04,1203.1999999999998,28.159999999999854,1125.04,1253.1999999999998,61523.4375,18.194553867804704,False,spectrograms_labeling\2024-09-30_11-20-26_0000023_00001175.png
2024-09-30_11-20-26_0000023_00001284,2024-09-30_11-20-26_0000023.wav,1283.84,1299.1999999999998,15.3599999999999,1233.84,1349.1999999999998,61523.4375,9.914940410193369,False,spectrograms_labeling\2024-09-30_11-20-26_0000023_00001284.png
2024-09-30_11-20-26_0000023_00001379,2024-09-30_11-20-26_0000023.wav,1379.4133333333332,1394.7733333333333,15.360000000000127,1329.4133333333332,1444.7733333333333,65625.0,3.6765740749081677,False,spectrograms_labeling\2024-09-30_11-20-26_0000023_00001379.png
2024-09-30_11-20-26_0000023_00001586,2024-09-30_11-20-26_0000023.wav,1586.3466666666666,1683.1999999999998,96.85333333333324,1536.3466666666666,1733.1999999999998,60351.5625,12.480009525877895,True,spectrograms_labeling\2024-09-30_11-20-26_0000023_00001586.png
2024-09-30_11-20-26_0000023_00001783,2024-09-30_11-20-26_0000023.wav,1782.6133333333332,1797.12,14.50666666666666,1732.6133333333332,1847.12,59179.6875,4.948410405620357,False,spectrograms_labeling\2024-09-30_11-20-26_0000023_00001783.png
2024-09-30_11-20-29_0000024_00001005,2024-09-30_11-20-29_0000024.wav,1005.2266666666666,1025.7066666666667,20.480000000000132,955.2266666666666,1075.7066666666667,67382.8125,9.361119533373072,False,spectrograms_labeling\2024-09-30_11-20-29_0000024_00001005.png
2024-09-30_11-20-29_0000024_00001294,2024-09-30_11-20-29_0000024.wav,1294.08,1315.84,21.75999999999999,1244.08,1365.84,65625.0,6.599980354103536,False,spectrograms_labeling\2024-09-30_11-20-29_0000024_00001294.png
2024-09-30_11-20-29_0000024_00001592,2024-09-30_11-20-29_0000024.wav,1592.32,1643.52,51.200000000000045,1542.32,1693.52,70898.4375,11.928620003613572,False,spectrograms_labeling\2024-09-30_11-20-29_0000024_00001592.png
2024-09-30_11-20-29_0000024_00001746,2024-09-30_11-20-29_0000024.wav,1745.9199999999998,1802.6666666666665,56.74666666666667,1695.9199999999998,1852.6666666666665,65039.0625,12.035254519859048,False,spectrograms_labeling\2024-09-30_11-20-29_0000024_00001746.png
2024-09-30_11-20-29_0000024_00002079,2024-09-30_11-20-29_0000024.wav,2078.72,2107.3066666666664,28.586666666666588,2028.7199999999998,2157.3066666666664,69726.5625,4.6908025985676876,False,spectrograms_labeling\2024-09-30_11-20-29_0000024_00002079.png
2024-09-30_11-20-29_0000024_00002181,2024-09-30_11-20-29_0000024.wav,2180.693333333333,2208.4266666666667,27.733333333333576,2130.693333333333,2258.4266666666667,64453.125,5.463106942856035,False,spectrograms_labeling\2024-09-30_11-20-29_0000024_00002181.png
2024-09-30_11-20-29_0000024_00002299,2024-09-30_11-20-29_0000024.wav,2298.8799999999997,2338.9866666666667,40.106666666667024,2248.8799999999997,2388.9866666666667,60351.5625,6.529447405233872,True,spectrograms_labeling\2024-09-30_11-20-29_0000024_00002299.png
2024-09-30_11-20-29_0000024_00002674,2024-09-30_11-20-29_0000024.wav,2673.9199999999996,2685.8666666666663,11.946666666666715,2623.9199999999996,2735.8666666666663,67968.75,2.9793089583009684,False,spectrograms_labeling\2024-09-30_11-20-29_0000024_00002674.png
2024-09-30_11-20-29_0000024_00002777,2024-09-30_11-20-29_0000024.wav,2777.173333333333,2816.853333333333,39.679999999999836,2727.173333333333,2866.853333333333,60351.5625,5.817253188838326,True,spectrograms_labeling\2024-09-30_11-20-29_0000024_00002777.png
2024-09-30_11-20-32_0000025_00000807,2024-09-30_11-20-32_0000025.wav,806.8266666666666,826.88,20.0533333333334,756.8266666666666,876.88,69140.625,8.497638875324915,False,spectrograms_labeling\2024-09-30_11-20-32_0000025_00000807.png
2024-09-30_11-20-32_0000025_00000904,2024-09-30_11-20-32_0000025.wav,904.1066666666666,925.0133333333333,20.90666666666675,854.1066666666666,975.0133333333333,70312.5,8.858887401532453,False,spectrograms_labeling\2024-09-30_11-20-32_0000025_00000904.png
2024-09-30_11-20-32_0000025_00001016,2024-09-30_11-20-32_0000025.wav,1015.8933333333333,1059.84,43.9466666666666,965.8933333333333,1109.84,65039.0625,15.075068588013616,False,spectrograms_labeling\2024-09-30_11-20-32_0000025_00001016.png
2024-09-30_11-20-32_0000025_00001136,2024-09-30_11-20-32_0000025.wav,1136.2133333333334,1177.1733333333332,40.95999999999981,1086.2133333333334,1227.1733333333332,60937.5,15.772845067762969,False,spectrograms_labeling\2024-09-30_11-20-32_0000025_00001136.png
2024-09-30_11-20-32_0000025_00001264,2024-09-30_11-20-32_0000025.wav,1264.2133333333331,1305.1733333333332,40.960000000000036,1214.2133333333331,1355.1733333333332,60937.5,15.772845067762969,False,spectrograms_labeling\2024-09-30_11-20-32_0000025_00001264.png
2024-09-30_11-20-32_0000025_00001382,2024-09-30_11-20-32_0000025.wav,1381.5466666666666,1404.5866666666666,23.039999999999964,1331.5466666666666,1454.5866666666666,63867.1875,6.964077960185739,False,spectrograms_labeling\2024-09-30_11-20-32_0000025_00001382.png
2024-09-30_11-20-32_0000025_00001742,2024-09-30_11-20-32_0000025.wav,1741.6533333333332,1768.1066666666666,26.453333333333376,1691.6533333333332,1818.1066666666666,61523.4375,14.048558933772268,False,spectrograms_labeling\2024-09-30_11-20-32_0000025_00001742.png
2024-09-30_11-20-32_0000025_00001843,2024-09-30_11-20-32_0000025.wav,1843.1999999999998,1858.9866666666665,15.786666666666633,1793.1999999999998,1908.9866666666665,63867.1875,4.561014728157943,False,spectrograms_labeling\2024-09-30_11-20-32_0000025_00001843.png
2024-09-30_11-20-32_0000025_00001884,2024-09-30_11-20-32_0000025.wav,1883.7333333333331,1902.9333333333332,19.200000000000045,1833.7333333333331,1952.9333333333332,26953.125,10.861585213716083,False,spectrograms_labeling\2024-09-30_11-20-32_0000025_00001884.png
2024-09-30_11-20-32_0000025_00002025,2024-09-30_11-20-32_0000025.wav,2024.5333333333333,2041.6,17.066666666666606,1974.5333333333333,2091.6,66796.875,6.450548748102629,False,spectrograms_labeling\2024-09-30_11-20-32_0000025_00002025.png
2024-09-30_11-20-32_0000025_00002199,2024-09-30_11-20-32_0000025.wav,2199.4666666666667,2213.5466666666666,14.079999999999927,2149.4666666666667,2263.5466666666666,29882.8125,6.960962728737957,False,spectrograms_labeling\2024-09-30_11-20-32_0000025_00002199.png
2024-09-30_11-20-32_0000025_00002402,2024-09-30_11-20-32_0000025.wav,2402.133333333333,2426.8799999999997,24.746666666666442,2352.133333333333,2476.8799999999997,63867.1875,8.728196771368832,False,spectrograms_labeling\2024-09-30_11-20-32_0000025_00002402.png
2024-09-30_11-20-32_0000025_00002505,2024-09-30_11-20-32_0000025.wav,2504.96,2523.733333333333,18.773333333333085,2454.96,2573.733333333333,65625.0,6.427391118388243,False,spectrograms_labeling\2024-09-30_11-20-32_0000025_00002505.png
2024-09-30_11-20-32_0000025_00002605,2024-09-30_11-20-32_0000025.wav,2605.2266666666665,2615.4666666666667,10.240000000000236,2555.2266666666665,2665.4666666666667,63281.25,5.629766227459791,False,spectrograms_labeling\2024-09-30_11-20-32_0000025_00002605.png
2024-09-30_11-20-32_0000025_00002834,2024-09-30_11-20-32_0000025.wav,2834.3466666666664,2853.12,18.77333333333354,2784.3466666666664,2903.12,26367.1875,3.7939835896199985,False,spectrograms_labeling\2024-09-30_11-20-32_0000025_00002834.png
2024-09-30_11-20-34_0000026_00000111,2024-09-30_11-20-34_0000026.wav,110.93333333333332,130.13333333333333,19.200000000000003,60.93333333333332,180.13333333333333,66796.875,6.450548748102629,False,spectrograms_labeling\2024-09-30_11-20-34_0000026_00000111.png
2024-09-30_11-20-34_0000026_00000287,2024-09-30_11-20-34_0000026.wav,287.14666666666665,302.08,14.933333333333337,237.14666666666665,352.08,29882.8125,6.960962728737957,False,spectrograms_labeling\2024-09-30_11-20-34_0000026_00000287.png
2024-09-30_11-20-34_0000026_00000491,2024-09-30_11-20-34_0000026.wav,490.66666666666663,515.4133333333333,24.74666666666667,440.66666666666663,565.4133333333333,63867.1875,8.728196771368832,False,spectrograms_labeling\2024-09-30_11-20-34_0000026_00000491.png
2024-09-30_11-20-34_0000026_00000593,2024-09-30_11-20-34_0000026.wav,593.4933333333333,612.2666666666667,18.773333333333312,543.4933333333333,662.2666666666667,65625.0,6.427391118388243,False,spectrograms_labeling\2024-09-30_11-20-34_0000026_00000593.png
2024-09-30_11-20-34_0000026_00000694,2024-09-30_11-20-34_0000026.wav,693.76,704.0,10.240000000000009,643.76,754.0,63281.25,5.629766227459791,False,spectrograms_labeling\2024-09-30_11-20-34_0000026_00000694.png
2024-09-30_11-20-34_0000026_00000923,2024-09-30_11-20-34_0000026.wav,922.88,941.6533333333333,18.773333333333312,872.88,991.6533333333333,26367.1875,3.7939835896199985,False,spectrograms_labeling\2024-09-30_11-20-34_0000026_00000923.png
2024-09-30_11-20-34_0000026_00000996,2024-09-30_11-20-34_0000026.wav,996.2666666666667,1019.3066666666666,23.039999999999964,946.2666666666667,1069.3066666666666,30468.75,12.432480245838214,False,spectrograms_labeling\2024-09-30_11-20-34_0000026_00000996.png
2024-09-30_11-20-34_0000026_00001105,2024-09-30_11-20-34_0000026.wav,1105.0666666666666,1141.76,36.693333333333385,1055.0666666666666,1191.76,73242.1875,7.570544560868938,False,spectrograms_labeling\2024-09-30_11-20-34_0000026_00001105.png
2024-09-30_11-20-34_0000026_00001388,2024-09-30_11-20-34_0000026.wav,1387.52,1408.0,20.480000000000018,1337.52,1458.0,26367.1875,4.8519862420756485,False,spectrograms_labeling\2024-09-30_11-20-34_0000026_00001388.png
2024-09-30_11-20-34_0000026_00001472,2024-09-30_11-20-34_0000026.wav,1471.5733333333333,1519.36,47.78666666666663,1421.5733333333333,1569.36,64453.125,11.283967844539827,False,spectrograms_labeling\2024-09-30_11-20-34_0000026_00001472.png
2024-09-30_11-20-34_0000026_00001719,2024-09-30_11-20-34_0000026.wav,1719.04,1740.8,21.75999999999999,1669.04,1790.8,65625.0,4.363263956466355,False,spectrograms_labeling\2024-09-30_11-20-34_0000026_00001719.png
2024-09-30_11-20-34_0000026_00001770,2024-09-30_11-20-34_0000026.wav,1770.2399999999998,1780.4799999999998,10.240000000000009,1720.2399999999998,1830.4799999999998,25195.3125,12.58187640475895,False,spectrograms_labeling\2024-09-30_11-20-34_0000026_00001770.png
2024-09-30_11-20-34_0000026_00002172,2024-09-30_11-20-34_0000026.wav,2171.733333333333,2182.8266666666664,11.093333333333248,2121.733333333333,2232.8266666666664,84960.9375,4.094659209590887,False,spectrograms_labeling\2024-09-30_11-20-34_0000026_00002172.png
2024-09-30_11-20-35_0000027_00001003,2024-09-30_11-20-35_0000027.wav,1003.0933333333332,1060.2666666666667,57.1733333333334,953.0933333333332,1110.2666666666667,70898.4375,14.120165809858076,False,spectrograms_labeling\2024-09-30_11-20-35_0000027_00001003.png
2024-09-30_11-20-35_0000027_00001084,2024-09-30_11-20-35_0000027.wav,1083.7333333333333,1112.7466666666667,29.01333333333332,1033.7333333333333,1162.7466666666667,32226.5625,14.175104454331947,False,spectrograms_labeling\2024-09-30_11-20-35_0000027_00001084.png
2024-09-30_11-20-35_0000027_00001124,2024-09-30_11-20-35_0000027.wav,1124.2666666666667,1148.1599999999999,23.893333333333203,1074.2666666666667,1198.1599999999999,25781.25,11.898360102297254,False,spectrograms_labeling\2024-09-30_11-20-35_0000027_00001124.png
2024-09-30_11-20-35_0000027_00001430,2024-09-30_11-20-35_0000027.wav,1429.76,1442.56,12.799999999999955,1379.76,1492.56,28710.9375,10.401301253395268,False,spectrograms_labeling\2024-09-30_11-20-35_0000027_00001430.png
2024-09-30_11-20-38_0000028_00000936,2024-09-30_11-20-38_0000028.wav,936.1066666666666,971.0933333333332,34.98666666666668,886.1066666666666,1021.0933333333332,63281.25,6.357971427374922,False,spectrograms_labeling\2024-09-30_11-20-38_0000028_00000936.png
2024-09-30_11-20-38_0000028_00001034,2024-09-30_11-20-38_0000028.wav,1034.24,1059.84,25.59999999999991,984.24,1109.84,59179.6875,12.081674494817818,False,spectrograms_labeling\2024-09-30_11-20-38_0000028_00001034.png
2024-09-30_11-20-38_0000028_00001341,2024-09-30_11-20-38_0000028.wav,1341.0133333333333,1352.5333333333333,11.519999999999982,1291.0133333333333,1402.5333333333333,58007.8125,10.658722392755273,False,spectrograms_labeling\2024-09-30_11-20-38_0000028_00001341.png
2024-09-30_11-20-38_0000028_00001358,2024-09-30_11-20-38_0000028.wav,1358.08,1411.4133333333332,53.33333333333326,1308.08,1461.4133333333332,87304.6875,13.82993505607436,False,spectrograms_labeling\2024-09-30_11-20-38_0000028_00001358.png
2024-09-30_11-20-38_0000028_00001679,2024-09-30_11-20-38_0000028.wav,1678.5066666666667,1700.2666666666667,21.75999999999999,1628.5066666666667,1750.2666666666667,65625.0,10.608821969141378,False,spectrograms_labeling\2024-09-30_11-20-38_0000028_00001679.png
2024-09-30_11-20-38_0000028_00001798,2024-09-30_11-20-38_0000028.wav,1797.5466666666666,1851.3066666666666,53.75999999999999,1747.5466666666666,1901.3066666666666,68554.6875,16.10833387634017,False,spectrograms_labeling\2024-09-30_11-20-38_0000028_00001798.png
2024-09-30_11-20-38_0000028_00001923,2024-09-30_11-20-38_0000028.wav,1923.4133333333332,1972.9066666666665,49.49333333333334,1873.4133333333332,2022.9066666666665,71484.375,16.1215389357449,False,spectrograms_labeling\2024-09-30_11-20-38_0000028_00001923.png
2024-09-30_11-20-38_0000028_00001987,2024-09-30_11-20-38_0000028.wav,1986.9866666666665,2041.1733333333332,54.186666666666724,1936.9866666666665,2091.173333333333,64453.125,17.367001465055363,False,spectrograms_labeling\2024-09-30_11-20-38_0000028_00001987.png
2024-09-30_11-20-38_0000028_00002112,2024-09-30_11-20-38_0000028.wav,2112.4266666666667,2131.2,18.773333333333085,2062.4266666666667,2181.2,66210.9375,6.915315461573993,False,spectrograms_labeling\2024-09-30_11-20-38_0000028_00002112.png
2024-09-30_11-20-38_0000028_00002237,2024-09-30_11-20-38_0000028.wav,2237.0133333333333,2259.2,22.186666666666497,2187.0133333333333,2309.2,72070.3125,11.732193470155101,False,spectrograms_labeling\2024-09-30_11-20-38_0000028_00002237.png
2024-09-30_11-20-38_0000028_00002325,2024-09-30_11-20-38_0000028.wav,2324.9066666666663,2353.9199999999996,29.01333333333332,2274.9066666666663,2403.9199999999996,64453.125,16.736659718646273,False,spectrograms_labeling\2024-09-30_11-20-38_0000028_00002325.png
2024-09-30_11-20-38_0000028_00002439,2024-09-30_11-20-38_0000028.wav,2438.8266666666664,2458.8799999999997,20.053333333333285,2388.8266666666664,2508.8799999999997,59765.625,7.913238192407965,True,spectrograms_labeling\2024-09-30_11-20-38_0000028_00002439.png
2024-09-30_11-20-38_0000028_00002548,2024-09-30_11-20-38_0000028.wav,2547.6266666666666,2563.8399999999997,16.21333333333314,2497.6266666666666,2613.8399999999997,63281.25,11.433467424158437,False,spectrograms_labeling\2024-09-30_11-20-38_0000028_00002548.png
2024-09-30_11-20-38_0000028_00002612,2024-09-30_11-20-38_0000028.wav,2612.48,2625.2799999999997,12.799999999999727,2562.48,2675.2799999999997,39257.8125,10.040317917775463,False,spectrograms_labeling\2024-09-30_11-20-38_0000028_00002612.png
2024-09-30_11-20-38_0000028_00002649,2024-09-30_11-20-38_0000028.wav,2649.173333333333,2668.7999999999997,19.62666666666655,2599.173333333333,2718.7999999999997,65625.0,13.75234781698756,False,spectrograms_labeling\2024-09-30_11-20-38_0000028_00002649.png
2024-09-30_11-20-41_0000029_00001027,2024-09-30_11-20-41_0000029.wav,1026.56,1046.6133333333332,20.053333333333285,976.56,1096.6133333333332,60351.5625,10.995141907962536,True,spectrograms_labeling\2024-09-30_11-20-41_0000029_00001027.png
2024-09-30_11-20-41_0000029_00001450,2024-09-30_11-20-41_0000029.wav,1450.24,1480.5333333333333,30.293333333333294,1400.24,1530.5333333333333,60937.5,19.245716854328684,False,spectrograms_labeling\2024-09-30_11-20-41_0000029_00001450.png
2024-09-30_11-20-41_0000029_00001696,2024-09-30_11-20-41_0000029.wav,1696.4266666666665,1708.8,12.373333333333449,1646.4266666666665,1758.8,70312.5,16.5945839233388,False,spectrograms_labeling\2024-09-30_11-20-41_0000029_00001696.png
2024-09-30_11-20-41_0000029_00001716,2024-09-30_11-20-41_0000029.wav,1715.6266666666666,1732.2666666666667,16.6400000000001,1665.6266666666666,1782.2666666666667,69140.625,13.61346662153833,False,spectrograms_labeling\2024-09-30_11-20-41_0000029_00001716.png
2024-09-30_11-20-41_0000029_00001811,2024-09-30_11-20-41_0000029.wav,1811.1999999999998,1829.5466666666666,18.346666666666806,1761.1999999999998,1879.5466666666666,59765.625,14.057494562905648,True,spectrograms_labeling\2024-09-30_11-20-41_0000029_00001811.png
2024-09-30_11-20-41_0000029_00001923,2024-09-30_11-20-41_0000029.wav,1922.56,1946.0266666666666,23.466666666666697,1872.56,1996.0266666666666,59765.625,18.123021233007155,True,spectrograms_labeling\2024-09-30_11-20-41_0000029_00001923.png
2024-09-30_11-20-41_0000029_00001965,2024-09-30_11-20-41_0000029.wav,1965.2266666666665,2009.6,44.37333333333345,1915.2266666666665,2059.6,65039.0625,23.674529371402315,False,spectrograms_labeling\2024-09-30_11-20-41_0000029_00001965.png
2024-09-30_11-20-41_0000029_00002093,2024-09-30_11-20-41_0000029.wav,2093.2266666666665,2110.72,17.49333333333334,2043.2266666666665,2160.72,65625.0,16.37681721623916,False,spectrograms_labeling\2024-09-30_11-20-41_0000029_00002093.png
2024-09-30_11-20-41_0000029_00002206,2024-09-30_11-20-41_0000029.wav,2206.293333333333,2218.6666666666665,12.373333333333449,2156.293333333333,2268.6666666666665,67382.8125,16.23048251095778,False,spectrograms_labeling\2024-09-30_11-20-41_0000029_00002206.png
2024-09-30_11-20-41_0000029_00002342,2024-09-30_11-20-41_0000029.wav,2342.3999999999996,2354.3466666666664,11.946666666666715,2292.3999999999996,2404.3466666666664,71484.375,19.39865041100452,False,spectrograms_labeling\2024-09-30_11-20-41_0000029_00002342.png
2024-09-30_11-20-41_0000029_00002438,2024-09-30_11-20-41_0000029.wav,2437.9733333333334,2469.9733333333334,32.0,2387.9733333333334,2519.9733333333334,70898.4375,26.495037639051784,False,spectrograms_labeling\2024-09-30_11-20-41_0000029_00002438.png
2024-09-30_11-20-41_0000029_00002656,2024-09-30_11-20-41_0000029.wav,2655.5733333333333,2673.0666666666666,17.49333333333334,2605.5733333333333,2723.0666666666666,65039.0625,15.67005495003816,False,spectrograms_labeling\2024-09-30_11-20-41_0000029_00002656.png
2024-09-30_11-20-41_0000029_00002865,2024-09-30_11-20-41_0000029.wav,2865.0666666666666,2883.8399999999997,18.773333333333085,2815.0666666666666,2933.8399999999997,65625.0,18.324282979848913,False,spectrograms_labeling\2024-09-30_11-20-41_0000029_00002865.png
2024-09-30_11-20-41_0000029_00002986,2024-09-30_11-20-41_0000029.wav,2986.24,3000.3199999999997,14.079999999999927,2936.24,3050.3199999999997,71484.375,15.710280453762795,False,spectrograms_labeling\2024-09-30_11-20-41_0000029_00002986.png
2024-09-30_11-20-41_0000029_00003011,2024-09-30_11-20-41_0000029.wav,3010.56,3092.48,81.92000000000007,2960.56,3142.48,68554.6875,18.87213124639123,False,spectrograms_labeling\2024-09-30_11-20-41_0000029_00003011.png
2024-09-30_11-20-41_0000029_00003184,2024-09-30_11-20-41_0000029.wav,3183.7866666666664,3217.0666666666666,33.2800000000002,3133.7866666666664,3267.0666666666666,71484.375,25.900200853539804,False,spectrograms_labeling\2024-09-30_11-20-41_0000029_00003184.png
2024-09-30_11-20-45_0000030_00001005,2024-09-30_11-20-45_0000030.wav,1005.2266666666666,1029.5466666666666,24.32000000000005,955.2266666666666,1079.5466666666666,72656.25,15.460465774451691,False,spectrograms_labeling\2024-09-30_11-20-45_0000030_00001005.png
2024-09-30_11-20-45_0000030_00001114,2024-09-30_11-20-45_0000030.wav,1114.0266666666666,1136.6399999999999,22.61333333333323,1064.0266666666666,1186.6399999999999,70898.4375,11.14659873683921,False,spectrograms_labeling\2024-09-30_11-20-45_0000030_00001114.png
2024-09-30_11-20-45_0000030_00001226,2024-09-30_11-20-45_0000030.wav,1225.8133333333333,1253.9733333333334,28.160000000000082,1175.8133333333333,1303.9733333333334,69726.5625,16.422116993334747,False,spectrograms_labeling\2024-09-30_11-20-45_0000030_00001226.png
2024-09-30_11-20-45_0000030_00001342,2024-09-30_11-20-45_0000030.wav,1341.8666666666666,1367.4666666666665,25.59999999999991,1291.8666666666666,1417.4666666666665,67968.75,14.065516752043246,False,spectrograms_labeling\2024-09-30_11-20-45_0000030_00001342.png
2024-09-30_11-20-45_0000030_00001448,2024-09-30_11-20-45_0000030.wav,1447.6799999999998,1477.9733333333331,30.293333333333294,1397.6799999999998,1527.9733333333331,62695.3125,20.607026658517324,False,spectrograms_labeling\2024-09-30_11-20-45_0000030_00001448.png
2024-09-30_11-20-45_0000030_00001559,2024-09-30_11-20-45_0000030.wav,1559.4666666666665,1585.0666666666666,25.600000000000136,1509.4666666666665,1635.0666666666666,63281.25,17.647035777043122,False,spectrograms_labeling\2024-09-30_11-20-45_0000030_00001559.png
2024-09-30_11-20-45_0000030_00001662,2024-09-30_11-20-45_0000030.wav,1662.2933333333333,1684.0533333333333,21.75999999999999,1612.2933333333333,1734.0533333333333,65625.0,13.98860982205453,False,spectrograms_labeling\2024-09-30_11-20-45_0000030_00001662.png
2024-09-30_11-20-45_0000030_00001765,2024-09-30_11-20-45_0000030.wav,1764.6933333333332,1794.56,29.866666666666788,1714.6933333333332,1844.56,71484.375,13.801242284571764,False,spectrograms_labeling\2024-09-30_11-20-45_0000030_00001765.png
2024-09-30_11-20-45_0000030_00001890,2024-09-30_11-20-45_0000030.wav,1890.1333333333332,1918.2933333333333,28.160000000000082,1840.1333333333332,1968.2933333333333,63281.25,9.65410637196007,False,spectrograms_labeling\2024-09-30_11-20-45_0000030_00001890.png
2024-09-30_11-20-45_0000030_00002419,2024-09-30_11-20-45_0000030.wav,2418.773333333333,2429.8666666666663,11.093333333333248,2368.773333333333,2479.8666666666663,84375.0,7.600828703894045,False,spectrograms_labeling\2024-09-30_11-20-45_0000030_00002419.png
2024-09-30_11-20-45_0000030_00002618,2024-09-30_11-20-45_0000030.wav,2618.0266666666666,2630.8266666666664,12.799999999999727,2568.0266666666666,2680.8266666666664,41015.625,8.672137335928431,False,spectrograms_labeling\2024-09-30_11-20-45_0000030_00002618.png
2024-09-30_11-20-45_0000030_00002959,2024-09-30_11-20-45_0000030.wav,2959.3599999999997,2984.5333333333333,25.17333333333363,2909.3599999999997,3034.5333333333333,84960.9375,11.892534981894698,False,spectrograms_labeling\2024-09-30_11-20-45_0000030_00002959.png
2024-09-30_11-20-45_0000030_00003157,2024-09-30_11-20-45_0000030.wav,3157.333333333333,3170.133333333333,12.800000000000182,3107.333333333333,3220.133333333333,66796.875,12.066586433263202,False,spectrograms_labeling\2024-09-30_11-20-45_0000030_00003157.png
2024-09-30_11-20-45_0000030_00003399,2024-09-30_11-20-45_0000030.wav,3398.8266666666664,3409.9199999999996,11.093333333333248,3348.8266666666664,3459.9199999999996,31054.6875,7.352235288754749,False,spectrograms_labeling\2024-09-30_11-20-45_0000030_00003399.png
2024-09-30_11-20-45_0000030_00004172,2024-09-30_11-20-45_0000030.wav,4171.5199999999995,4195.413333333333,23.89333333333343,4121.5199999999995,4245.413333333333,37500.0,6.211982848345013,False,spectrograms_labeling\2024-09-30_11-20-45_0000030_00004172.png
2024-09-30_11-20-48_0000031_00000093,2024-09-30_11-20-48_0000031.wav,92.58666666666666,111.78666666666666,19.200000000000003,42.58666666666666,161.78666666666666,35742.1875,3.4901508738844433,False,spectrograms_labeling\2024-09-30_11-20-48_0000031_00000093.png
2024-09-30_11-20-48_0000031_00000643,2024-09-30_11-20-48_0000031.wav,642.56,654.0799999999999,11.519999999999982,592.56,704.0799999999999,25195.3125,3.9839593032768805,False,spectrograms_labeling\2024-09-30_11-20-48_0000031_00000643.png
2024-09-30_11-20-48_0000031_00000838,2024-09-30_11-20-48_0000031.wav,837.9733333333332,868.6933333333333,30.720000000000027,787.9733333333332,918.6933333333333,37500.0,6.211982848345013,False,spectrograms_labeling\2024-09-30_11-20-48_0000031_00000838.png
2024-09-30_11-20-48_0000031_00000989,2024-09-30_11-20-48_0000031.wav,988.5866666666666,1018.4533333333333,29.866666666666674,938.5866666666666,1068.4533333333334,37500.0,12.732466926084527,False,spectrograms_labeling\2024-09-30_11-20-48_0000031_00000989.png
2024-09-30_11-20-48_0000031_00001468,2024-09-30_11-20-48_0000031.wav,1468.1599999999999,1480.5333333333333,12.373333333333449,1418.1599999999999,1530.5333333333333,33984.375,6.254347292087638,False,spectrograms_labeling\2024-09-30_11-20-48_0000031_00001468.png
2024-09-30_11-20-48_0000031_00002019,2024-09-30_11-20-48_0000031.wav,2019.4133333333332,2055.68,36.26666666666665,1969.4133333333332,2105.68,59765.625,4.8271477700281915,True,spectrograms_labeling\2024-09-30_11-20-48_0000031_00002019.png
2024-09-30_11-20-53_0000032_00000638,2024-09-30_11-20-53_0000032.wav,637.8666666666667,689.0666666666666,51.19999999999993,587.8666666666667,739.0666666666666,25781.25,12.765696339533694,False,spectrograms_labeling\2024-09-30_11-20-53_0000032_00000638.png
2024-09-30_11-20-53_0000032_00000782,2024-09-30_11-20-53_0000032.wav,781.6533333333333,793.5999999999999,11.946666666666601,731.6533333333333,843.5999999999999,76757.8125,5.072014010676787,False,spectrograms_labeling\2024-09-30_11-20-53_0000032_00000782.png
2024-09-30_11-20-53_0000032_00000893,2024-09-30_11-20-53_0000032.wav,893.0133333333333,910.9333333333333,17.91999999999996,843.0133333333333,960.9333333333333,95507.8125,7.092824478850206,False,spectrograms_labeling\2024-09-30_11-20-53_0000032_00000893.png
2024-09-30_11-20-53_0000032_00000983,2024-09-30_11-20-53_0000032.wav,983.4666666666666,1052.1599999999999,68.69333333333327,933.4666666666666,1102.1599999999999,94921.875,14.48910211999265,False,spectrograms_labeling\2024-09-30_11-20-53_0000032_00000983.png
2024-09-30_11-20-53_0000032_00002151,2024-09-30_11-20-53_0000032.wav,2151.253333333333,2163.6266666666666,12.373333333333449,2101.253333333333,2213.6266666666666,65625.0,4.946574141932406,False,spectrograms_labeling\2024-09-30_11-20-53_0000032_00002151.png
2024-09-30_11-20-53_0000032_00002252,2024-09-30_11-20-53_0000032.wav,2251.9466666666667,2268.16,16.21333333333314,2201.9466666666667,2318.16,58007.8125,8.298615832032736,False,spectrograms_labeling\2024-09-30_11-20-53_0000032_00002252.png
2024-09-30_11-20-53_0000032_00002444,2024-09-30_11-20-53_0000032.wav,2443.9466666666667,2454.6133333333332,10.666666666666515,2393.9466666666667,2504.6133333333332,68554.6875,8.942486628275269,False,spectrograms_labeling\2024-09-30_11-20-53_0000032_00002444.png
2024-09-30_11-20-53_0000032_00002557,2024-09-30_11-20-53_0000032.wav,2557.0133333333333,2575.3599999999997,18.34666666666635,2507.0133333333333,2625.3599999999997,60937.5,6.8381537022327255,False,spectrograms_labeling\2024-09-30_11-20-53_0000032_00002557.png
2024-09-30_11-20-53_0000032_00002752,2024-09-30_11-20-53_0000032.wav,2751.5733333333333,2761.813333333333,10.239999999999782,2701.5733333333333,2811.813333333333,28125.0,11.542478834876576,False,spectrograms_labeling\2024-09-30_11-20-53_0000032_00002752.png
2024-09-30_11-20-53_0000032_00002787,2024-09-30_11-20-53_0000032.wav,2787.413333333333,2810.0266666666666,22.613333333333685,2737.413333333333,2860.0266666666666,57421.875,9.45170967539424,False,spectrograms_labeling\2024-09-30_11-20-53_0000032_00002787.png
2024-09-30_11-20-53_0000032_00002900,2024-09-30_11-20-53_0000032.wav,2900.48,2914.56,14.079999999999927,2850.48,2964.56,60351.5625,4.73785614565279,True,spectrograms_labeling\2024-09-30_11-20-53_0000032_00002900.png
2024-09-30_11-20-53_0000032_00002923,2024-09-30_11-20-53_0000032.wav,2923.0933333333332,2938.8799999999997,15.786666666666406,2873.0933333333332,2988.8799999999997,70312.5,5.046460452221526,False,spectrograms_labeling\2024-09-30_11-20-53_0000032_00002923.png
2024-09-30_11-20-53_0000032_00003014,2024-09-30_11-20-53_0000032.wav,3013.5466666666666,3035.733333333333,22.186666666666497,2963.5466666666666,3085.733333333333,60937.5,8.985083005788457,False,spectrograms_labeling\2024-09-30_11-20-53_0000032_00003014.png
2024-09-30_11-20-53_0000032_00003046,2024-09-30_11-20-53_0000032.wav,3045.9733333333334,3069.8666666666663,23.893333333332976,2995.9733333333334,3119.8666666666663,82031.25,13.308749188705338,False,spectrograms_labeling\2024-09-30_11-20-53_0000032_00003046.png
2024-09-30_11-20-53_0000032_00003764,2024-09-30_11-20-53_0000032.wav,3763.6266666666666,3775.1466666666665,11.519999999999982,3713.6266666666666,3825.1466666666665,60351.5625,3.440833307930102,True,spectrograms_labeling\2024-09-30_11-20-53_0000032_00003764.png
2024-09-30_11-20-56_0000033_00000266,2024-09-30_11-20-56_0000033.wav,265.81333333333333,280.74666666666667,14.933333333333337,215.81333333333333,330.74666666666667,60351.5625,3.440833307930102,True,spectrograms_labeling\2024-09-30_11-20-56_0000033_00000266.png
2024-09-30_11-20-56_0000033_00000376,2024-09-30_11-20-56_0000033.wav,376.32,398.9333333333333,22.613333333333287,326.32,448.9333333333333,57421.875,5.799111377600902,False,spectrograms_labeling\2024-09-30_11-20-56_0000033_00000376.png
2024-09-30_11-20-56_0000033_00001033,2024-09-30_11-20-56_0000033.wav,1032.5333333333333,1119.5733333333333,87.03999999999996,982.5333333333333,1169.5733333333333,66210.9375,17.815154720586616,False,spectrograms_labeling\2024-09-30_11-20-56_0000033_00001033.png
2024-09-30_11-20-56_0000033_00001187,2024-09-30_11-20-56_0000033.wav,1186.9866666666667,1247.5733333333333,60.58666666666659,1136.9866666666667,1297.5733333333333,60937.5,12.195454924919035,False,spectrograms_labeling\2024-09-30_11-20-56_0000033_00001187.png
2024-09-30_11-20-56_0000033_00001315,2024-09-30_11-20-56_0000033.wav,1314.9866666666667,1375.5733333333333,60.58666666666659,1264.9866666666667,1425.5733333333333,60937.5,12.195454924919035,False,spectrograms_labeling\2024-09-30_11-20-56_0000033_00001315.png
2024-09-30_11-20-56_0000033_00001443,2024-09-30_11-20-56_0000033.wav,1442.9866666666667,1463.04,20.053333333333285,1392.9866666666667,1513.04,86132.8125,5.252100845182967,False,spectrograms_labeling\2024-09-30_11-20-56_0000033_00001443.png
2024-09-30_11-21-01_0000034_00001135,2024-09-30_11-21-01_0000034.wav,1135.36,1168.2133333333334,32.85333333333347,1085.36,1218.2133333333334,59765.625,11.2465027015522,True,spectrograms_labeling\2024-09-30_11-21-01_0000034_00001135.png
2024-09-30_11-21-01_0000034_00001248,2024-09-30_11-21-01_0000034.wav,1248.0,1285.12,37.11999999999989,1198.0,1335.12,65625.0,17.99024756747668,False,spectrograms_labeling\2024-09-30_11-21-01_0000034_00001248.png
2024-09-30_11-21-01_0000034_00001350,2024-09-30_11-21-01_0000034.wav,1350.3999999999999,1370.8799999999999,20.480000000000018,1300.3999999999999,1420.8799999999999,68554.6875,13.409897241467357,False,spectrograms_labeling\2024-09-30_11-21-01_0000034_00001350.png
2024-09-30_11-21-01_0000034_00001460,2024-09-30_11-21-01_0000034.wav,1460.4799999999998,1482.24,21.76000000000022,1410.4799999999998,1532.24,62695.3125,15.585133219652151,False,spectrograms_labeling\2024-09-30_11-21-01_0000034_00001460.png
2024-09-30_11-21-01_0000034_00001565,2024-09-30_11-21-01_0000034.wav,1564.5866666666666,1589.76,25.173333333333403,1514.5866666666666,1639.76,66796.875,12.326756483114533,False,spectrograms_labeling\2024-09-30_11-21-01_0000034_00001565.png
2024-09-30_11-21-01_0000034_00001676,2024-09-30_11-21-01_0000034.wav,1675.9466666666665,1698.56,22.613333333333458,1625.9466666666665,1748.56,66796.875,13.982390203509063,False,spectrograms_labeling\2024-09-30_11-21-01_0000034_00001676.png
2024-09-30_11-21-01_0000034_00001764,2024-09-30_11-21-01_0000034.wav,1764.2666666666667,1776.2133333333331,11.946666666666488,1714.2666666666667,1826.2133333333331,29882.8125,12.321059356209322,False,spectrograms_labeling\2024-09-30_11-21-01_0000034_00001764.png
2024-09-30_11-21-01_0000034_00001781,2024-09-30_11-21-01_0000034.wav,1781.3333333333333,1799.6799999999998,18.34666666666658,1731.3333333333333,1849.6799999999998,84375.0,7.624047618012511,False,spectrograms_labeling\2024-09-30_11-21-01_0000034_00001781.png
2024-09-30_11-21-01_0000034_00001870,2024-09-30_11-21-01_0000034.wav,1869.6533333333332,1884.1599999999999,14.50666666666666,1819.6533333333332,1934.1599999999999,60351.5625,10.21200474780239,True,spectrograms_labeling\2024-09-30_11-21-01_0000034_00001870.png
2024-09-30_11-21-01_0000034_00001976,2024-09-30_11-21-01_0000034.wav,1976.32,2006.6133333333332,30.293333333333294,1926.32,2056.6133333333332,60937.5,14.982339739720912,False,spectrograms_labeling\2024-09-30_11-21-01_0000034_00001976.png
2024-09-30_11-21-01_0000034_00002177,2024-09-30_11-21-01_0000034.wav,2176.853333333333,2187.0933333333332,10.240000000000236,2126.853333333333,2237.0933333333332,55078.125,13.640705127721212,False,spectrograms_labeling\2024-09-30_11-21-01_0000034_00002177.png
2024-09-30_11-21-01_0000034_00002288,2024-09-30_11-21-01_0000034.wav,2287.7866666666664,2338.56,50.77333333333354,2237.7866666666664,2388.56,56835.9375,21.272152281095487,False,spectrograms_labeling\2024-09-30_11-21-01_0000034_00002288.png
2024-09-30_11-21-01_0000034_00002388,2024-09-30_11-21-01_0000034.wav,2388.0533333333333,2415.7866666666664,27.73333333333312,2338.0533333333333,2465.7866666666664,32812.5,11.041401195911396,False,spectrograms_labeling\2024-09-30_11-21-01_0000034_00002388.png
2024-09-30_11-21-01_0000034_00002797,2024-09-30_11-21-01_0000034.wav,2796.7999999999997,2825.813333333333,29.01333333333332,2746.7999999999997,2875.813333333333,82031.25,17.18572478581125,False,spectrograms_labeling\2024-09-30_11-21-01_0000034_00002797.png
2024-09-30_11-21-01_0000034_00003226,2024-09-30_11-21-01_0000034.wav,3225.6,3241.3866666666663,15.786666666666406,3175.6,3291.3866666666663,82617.1875,13.783120027232819,False,spectrograms_labeling\2024-09-30_11-21-01_0000034_00003226.png
2024-09-30_11-21-01_0000034_00003514,2024-09-30_11-21-01_0000034.wav,3513.6,3525.12,11.519999999999982,3463.6,3575.12,82031.25,14.932507121291245,False,spectrograms_labeling\2024-09-30_11-21-01_0000034_00003514.png
2024-09-30_11-21-01_0000034_00003747,2024-09-30_11-21-01_0000034.wav,3747.413333333333,3824.213333333333,76.80000000000018,3697.413333333333,3874.213333333333,33398.4375,27.107742184495454,False,spectrograms_labeling\2024-09-30_11-21-01_0000034_00003747.png
2024-09-30_11-21-01_0000034_00003977,2024-09-30_11-21-01_0000034.wav,3976.533333333333,4034.56,58.0266666666671,3926.533333333333,4084.56,81445.3125,21.884256941247052,False,spectrograms_labeling\2024-09-30_11-21-01_0000034_00003977.png
2024-09-30_11-21-01_0000034_00004042,2024-09-30_11-21-01_0000034.wav,4041.813333333333,4128.8533333333335,87.04000000000042,3991.813333333333,4178.8533333333335,72656.25,24.376217864074036,False,spectrograms_labeling\2024-09-30_11-21-01_0000034_00004042.png
2024-09-30_11-21-01_0000034_00004815,2024-09-30_11-21-01_0000034.wav,4815.36,4861.44,46.07999999999993,4765.36,4911.44,80273.4375,16.074389727393267,False,spectrograms_labeling\2024-09-30_11-21-01_0000034_00004815.png
2024-09-30_11-21-01_0000034_00004955,2024-09-30_11-21-01_0000034.wav,4954.88,4977.493333333333,22.613333333332776,4904.88,5027.493333333333,82617.1875,13.084775656869237,False,spectrograms_labeling\2024-09-30_11-21-01_0000034_00004955.png
2024-09-30_11-21-07_0000035_00001038,2024-09-30_11-21-07_0000035.wav,1037.6533333333332,1096.96,59.30666666666684,987.6533333333332,1146.96,78515.625,11.363807035942946,False,spectrograms_labeling\2024-09-30_11-21-07_0000035_00001038.png
2024-09-30_11-21-07_0000035_00001128,2024-09-30_11-21-07_0000035.wav,1128.1066666666666,1224.9599999999998,96.85333333333324,1078.1066666666666,1274.9599999999998,26953.125,22.97221444360143,False,spectrograms_labeling\2024-09-30_11-21-07_0000035_00001128.png
2024-09-30_11-21-07_0000035_00001256,2024-09-30_11-21-07_0000035.wav,1256.1066666666666,1352.9599999999998,96.85333333333324,1206.1066666666666,1402.9599999999998,26953.125,22.972262005732233,False,spectrograms_labeling\2024-09-30_11-21-07_0000035_00001256.png
2024-09-30_11-21-07_0000035_00001386,2024-09-30_11-21-07_0000035.wav,1386.24,1398.1866666666665,11.946666666666488,1336.24,1448.1866666666665,25781.25,10.4472830455638,False,spectrograms_labeling\2024-09-30_11-21-07_0000035_00001386.png
2024-09-30_11-21-07_0000035_00002306,2024-09-30_11-21-07_0000035.wav,2306.133333333333,2362.4533333333334,56.320000000000164,2256.133333333333,2412.4533333333334,70312.5,13.307958135532491,False,spectrograms_labeling\2024-09-30_11-21-07_0000035_00002306.png
2024-09-30_11-21-07_0000035_00002817,2024-09-30_11-21-07_0000035.wav,2816.853333333333,2831.3599999999997,14.50666666666666,2766.853333333333,2881.3599999999997,68554.6875,5.849059462099531,False,spectrograms_labeling\2024-09-30_11-21-07_0000035_00002817.png
2024-09-30_11-21-07_0000035_00003102,2024-09-30_11-21-07_0000035.wav,3102.293333333333,3124.0533333333333,21.76000000000022,3052.293333333333,3174.0533333333333,65039.0625,7.663629639440432,False,spectrograms_labeling\2024-09-30_11-21-07_0000035_00003102.png
2024-09-30_11-21-07_0000035_00003213,2024-09-30_11-21-07_0000035.wav,3212.7999999999997,3230.293333333333,17.49333333333334,3162.7999999999997,3280.293333333333,68554.6875,16.050391066673285,False,spectrograms_labeling\2024-09-30_11-21-07_0000035_00003213.png
2024-09-30_11-21-07_0000035_00003322,2024-09-30_11-21-07_0000035.wav,3321.6,3343.7866666666664,22.186666666666497,3271.6,3393.7866666666664,66210.9375,10.274473479689046,False,spectrograms_labeling\2024-09-30_11-21-07_0000035_00003322.png
2024-09-30_11-21-07_0000035_00003422,2024-09-30_11-21-07_0000035.wav,3422.293333333333,3442.773333333333,20.480000000000018,3372.293333333333,3492.773333333333,65625.0,8.910804450417869,False,spectrograms_labeling\2024-09-30_11-21-07_0000035_00003422.png
2024-09-30_11-21-07_0000035_00003520,2024-09-30_11-21-07_0000035.wav,3519.9999999999995,3532.7999999999997,12.800000000000182,3469.9999999999995,3582.7999999999997,63867.1875,7.586646276280411,False,spectrograms_labeling\2024-09-30_11-21-07_0000035_00003520.png
2024-09-30_11-21-07_0000035_00003616,2024-09-30_11-21-07_0000035.wav,3616.4266666666663,3633.493333333333,17.066666666666606,3566.4266666666663,3683.493333333333,62695.3125,7.454307430536598,False,spectrograms_labeling\2024-09-30_11-21-07_0000035_00003616.png
2024-09-30_11-21-07_0000035_00003739,2024-09-30_11-21-07_0000035.wav,3738.8799999999997,3760.64,21.76000000000022,3688.8799999999997,3810.64,61523.4375,9.191618631865628,False,spectrograms_labeling\2024-09-30_11-21-07_0000035_00003739.png
2024-09-30_11-21-07_0000035_00003856,2024-09-30_11-21-07_0000035.wav,3856.213333333333,3876.2666666666664,20.053333333333285,3806.213333333333,3926.2666666666664,65039.0625,5.794536794937814,False,spectrograms_labeling\2024-09-30_11-21-07_0000035_00003856.png
2024-09-30_11-21-07_0000035_00003959,2024-09-30_11-21-07_0000035.wav,3959.04,3983.3599999999997,24.31999999999971,3909.04,4033.3599999999997,62695.3125,10.324934287403654,False,spectrograms_labeling\2024-09-30_11-21-07_0000035_00003959.png
2024-09-30_11-21-07_0000035_00004448,2024-09-30_11-21-07_0000035.wav,4447.573333333333,4470.613333333333,23.039999999999964,4397.573333333333,4520.613333333333,65039.0625,15.51221198988246,False,spectrograms_labeling\2024-09-30_11-21-07_0000035_00004448.png
2024-09-30_11-21-07_0000035_00004722,2024-09-30_11-21-07_0000035.wav,4722.346666666666,4747.093333333333,24.746666666666897,4672.346666666666,4797.093333333333,56250.0,10.888869320384313,False,spectrograms_labeling\2024-09-30_11-21-07_0000035_00004722.png
2024-09-30_11-21-07_0000035_00004837,2024-09-30_11-21-07_0000035.wav,4836.693333333333,4862.719999999999,26.026666666666642,4786.693333333333,4912.719999999999,64453.125,10.760566609293374,False,spectrograms_labeling\2024-09-30_11-21-07_0000035_00004837.png
2024-09-30_11-21-07_0000035_00004957,2024-09-30_11-21-07_0000035.wav,4956.586666666666,4977.066666666667,20.480000000000473,4906.586666666666,5027.066666666667,61523.4375,11.128882850590674,False,spectrograms_labeling\2024-09-30_11-21-07_0000035_00004957.png
2024-09-30_11-21-07_0000035_00005199,2024-09-30_11-21-07_0000035.wav,5198.506666666666,5233.493333333333,34.98666666666668,5148.506666666666,5283.493333333333,63281.25,13.341821891867289,False,spectrograms_labeling\2024-09-30_11-21-07_0000035_00005199.png
2024-09-30_11-21-07_0000035_00005339,2024-09-30_11-21-07_0000035.wav,5338.879999999999,5395.2,56.32000000000062,5288.879999999999,5445.2,69726.5625,15.42276449625372,False,spectrograms_labeling\2024-09-30_11-21-07_0000035_00005339.png
2024-09-30_11-21-07_0000035_00005594,2024-09-30_11-21-07_0000035.wav,5594.026666666667,5670.4,76.373333333333,5544.026666666667,5720.4,63867.1875,20.834363229804765,False,spectrograms_labeling\2024-09-30_11-21-07_0000035_00005594.png
2024-09-30_11-21-07_0000035_00005761,2024-09-30_11-21-07_0000035.wav,5760.853333333333,5808.639999999999,47.78666666666686,5710.853333333333,5858.639999999999,81445.3125,21.389115993360118,False,spectrograms_labeling\2024-09-30_11-21-07_0000035_00005761.png
2024-09-30_11-21-07_0000035_00005914,2024-09-30_11-21-07_0000035.wav,5914.026666666667,5951.1466666666665,37.11999999999989,5864.026666666667,6001.1466666666665,70312.5,25.59316644732929,False,spectrograms_labeling\2024-09-30_11-21-07_0000035_00005914.png
2024-09-30_11-21-07_0000035_00006040,2024-09-30_11-21-07_0000035.wav,6040.32,6069.759999999999,29.4399999999996,5990.32,6119.759999999999,78515.625,16.864829086221107,False,spectrograms_labeling\2024-09-30_11-21-07_0000035_00006040.png
2024-09-30_11-21-07_0000035_00006140,2024-09-30_11-21-07_0000035.wav,6139.733333333333,6170.026666666667,30.293333333333976,6089.733333333333,6220.026666666667,58007.8125,14.088589550128765,False,spectrograms_labeling\2024-09-30_11-21-07_0000035_00006140.png
2024-09-30_11-21-07_0000035_00006702,2024-09-30_11-21-07_0000035.wav,6701.653333333333,6746.453333333333,44.80000000000018,6651.653333333333,6796.453333333333,63281.25,11.397007653157502,False,spectrograms_labeling\2024-09-30_11-21-07_0000035_00006702.png
2024-09-30_11-21-07_0000035_00006908,2024-09-30_11-21-07_0000035.wav,6908.16,6918.4,10.239999999999782,6858.16,6968.4,65625.0,10.108615155240981,False,spectrograms_labeling\2024-09-30_11-21-07_0000035_00006908.png
2024-09-30_11-21-14_0000036_00000203,2024-09-30_11-21-14_0000036.wav,202.66666666666666,247.46666666666664,44.79999999999998,152.66666666666666,297.46666666666664,63281.25,11.397007653157502,False,spectrograms_labeling\2024-09-30_11-21-14_0000036_00000203.png
2024-09-30_11-21-14_0000036_00000407,2024-09-30_11-21-14_0000036.wav,407.46666666666664,421.5466666666666,14.079999999999984,357.46666666666664,471.5466666666666,65625.0,10.108615155240981,False,spectrograms_labeling\2024-09-30_11-21-14_0000036_00000407.png
2024-09-30_11-21-14_0000036_00000889,2024-09-30_11-21-14_0000036.wav,889.1733333333333,899.8399999999999,10.666666666666629,839.1733333333333,949.8399999999999,60351.5625,2.8626119760487,True,spectrograms_labeling\2024-09-30_11-21-14_0000036_00000889.png
2024-09-30_11-21-14_0000036_00001046,2024-09-30_11-21-14_0000036.wav,1045.76,1062.8266666666666,17.066666666666606,995.76,1112.8266666666666,63867.1875,9.681199713835035,False,spectrograms_labeling\2024-09-30_11-21-14_0000036_00001046.png
2024-09-30_11-21-14_0000036_00001102,2024-09-30_11-21-14_0000036.wav,1102.08,1113.1733333333332,11.093333333333248,1052.08,1163.1733333333332,33398.4375,9.268369289727453,False,spectrograms_labeling\2024-09-30_11-21-14_0000036_00001102.png
2024-09-30_11-21-14_0000036_00001437,2024-09-30_11-21-14_0000036.wav,1437.4399999999998,1467.3066666666666,29.866666666666788,1387.4399999999998,1517.3066666666666,81445.3125,14.654436057866757,False,spectrograms_labeling\2024-09-30_11-21-14_0000036_00001437.png
2024-09-30_11-21-14_0000036_00001606,2024-09-30_11-21-14_0000036.wav,1606.3999999999999,1616.6399999999999,10.240000000000009,1556.3999999999999,1666.6399999999999,83203.125,8.891916636150246,False,spectrograms_labeling\2024-09-30_11-21-14_0000036_00001606.png
2024-09-30_11-21-14_0000036_00003092,2024-09-30_11-21-14_0000036.wav,3092.0533333333333,3114.24,22.186666666666497,3042.0533333333333,3164.24,25195.3125,8.814720993610758,False,spectrograms_labeling\2024-09-30_11-21-14_0000036_00003092.png
2024-09-30_11-21-14_0000036_00003126,2024-09-30_11-21-14_0000036.wav,3125.7599999999998,3136.0,10.240000000000236,3075.7599999999998,3186.0,36914.0625,16.41745419170253,False,spectrograms_labeling\2024-09-30_11-21-14_0000036_00003126.png
2024-09-30_11-21-18_0000037_00000676,2024-09-30_11-21-18_0000037.wav,676.2666666666667,701.0133333333333,24.74666666666667,626.2666666666667,751.0133333333333,28710.9375,10.0124369657626,False,spectrograms_labeling\2024-09-30_11-21-18_0000037_00000676.png
2024-09-30_11-21-18_0000037_00000902,2024-09-30_11-21-18_0000037.wav,902.4,938.6666666666666,36.26666666666665,852.4,988.6666666666666,63867.1875,7.980589331880749,False,spectrograms_labeling\2024-09-30_11-21-18_0000037_00000902.png
2024-09-30_11-21-18_0000037_00000960,2024-09-30_11-21-18_0000037.wav,959.9999999999999,991.9999999999999,32.0,909.9999999999999,1042.0,25195.3125,4.15684965935727,False,spectrograms_labeling\2024-09-30_11-21-18_0000037_00000960.png
2024-09-30_11-21-18_0000037_00001002,2024-09-30_11-21-18_0000037.wav,1002.2399999999999,1048.7466666666667,46.506666666666774,952.2399999999999,1098.7466666666667,65625.0,12.036644820420863,False,spectrograms_labeling\2024-09-30_11-21-18_0000037_00001002.png
2024-09-30_11-21-18_0000037_00001083,2024-09-30_11-21-18_0000037.wav,1083.3066666666666,1149.0133333333333,65.7066666666667,1033.3066666666666,1199.0133333333333,64453.125,7.688521908904882,False,spectrograms_labeling\2024-09-30_11-21-18_0000037_00001083.png
2024-09-30_11-21-18_0000037_00001244,2024-09-30_11-21-18_0000037.wav,1244.1599999999999,1258.24,14.080000000000155,1194.1599999999999,1308.24,66796.875,6.423467879826516,False,spectrograms_labeling\2024-09-30_11-21-18_0000037_00001244.png
2024-09-30_11-21-18_0000037_00001529,2024-09-30_11-21-18_0000037.wav,1529.1733333333332,1576.5333333333333,47.36000000000013,1479.1733333333332,1626.5333333333333,69140.625,6.200329125961491,False,spectrograms_labeling\2024-09-30_11-21-18_0000037_00001529.png
2024-09-30_11-21-22_0000038_00000890,2024-09-30_11-21-22_0000038.wav,890.0266666666666,919.04,29.01333333333332,840.0266666666666,969.04,64453.125,2.762070013620751,False,spectrograms_labeling\2024-09-30_11-21-22_0000038_00000890.png
2024-09-30_11-21-22_0000038_00001003,2024-09-30_11-21-22_0000038.wav,1002.6666666666666,1074.3466666666666,71.67999999999995,952.6666666666666,1124.3466666666666,61523.4375,9.244735409674059,False,spectrograms_labeling\2024-09-30_11-21-22_0000038_00001003.png
2024-09-30_11-21-22_0000038_00001395,2024-09-30_11-21-22_0000038.wav,1394.7733333333333,1415.2533333333333,20.480000000000018,1344.7733333333333,1465.2533333333333,29296.875,5.3138424442022,False,spectrograms_labeling\2024-09-30_11-21-22_0000038_00001395.png
2024-09-30_11-21-22_0000038_00001455,2024-09-30_11-21-22_0000038.wav,1454.5066666666667,1476.6933333333332,22.186666666666497,1404.5066666666667,1526.6933333333332,58593.75,3.093444651790414,False,spectrograms_labeling\2024-09-30_11-21-22_0000038_00001455.png
2024-09-30_11-21-22_0000038_00001642,2024-09-30_11-21-22_0000038.wav,1641.8133333333333,1666.56,24.74666666666667,1591.8133333333333,1716.56,31054.6875,8.70046321636433,False,spectrograms_labeling\2024-09-30_11-21-22_0000038_00001642.png
2024-09-30_11-21-22_0000038_00001740,2024-09-30_11-21-22_0000038.wav,1740.3733333333332,1767.6799999999998,27.306666666666615,1690.3733333333332,1817.6799999999998,25195.3125,4.665801536632039,False,spectrograms_labeling\2024-09-30_11-21-22_0000038_00001740.png
2024-09-30_11-21-22_0000038_00001940,2024-09-30_11-21-22_0000038.wav,1940.0533333333333,1977.6,37.546666666666624,1890.0533333333333,2027.6,25195.3125,4.609527414165118,False,spectrograms_labeling\2024-09-30_11-21-22_0000038_00001940.png
2024-09-30_11-21-24_0000039_00000947,2024-09-30_11-21-24_0000039.wav,947.1999999999999,977.4933333333332,30.293333333333294,897.1999999999999,1027.4933333333333,70898.4375,9.056936631695264,False,spectrograms_labeling\2024-09-30_11-21-24_0000039_00000947.png
2024-09-30_11-21-24_0000039_00001070,2024-09-30_11-21-24_0000039.wav,1070.08,1109.76,39.680000000000064,1020.0799999999999,1159.76,68554.6875,9.065872761620396,False,spectrograms_labeling\2024-09-30_11-21-24_0000039_00001070.png
2024-09-30_11-21-24_0000039_00001196,2024-09-30_11-21-24_0000039.wav,1195.52,1224.1066666666666,28.586666666666588,1145.52,1274.1066666666666,65039.0625,5.256171335857331,False,spectrograms_labeling\2024-09-30_11-21-24_0000039_00001196.png
2024-09-30_11-21-24_0000039_00001295,2024-09-30_11-21-24_0000039.wav,1294.5066666666667,1323.0933333333332,28.586666666666588,1244.5066666666667,1373.0933333333332,82617.1875,6.070223022234149,False,spectrograms_labeling\2024-09-30_11-21-24_0000039_00001295.png
2024-09-30_11-21-24_0000039_00001570,2024-09-30_11-21-24_0000039.wav,1570.1333333333332,1589.3333333333333,19.200000000000045,1520.1333333333332,1639.3333333333333,69140.625,4.418091134831999,False,spectrograms_labeling\2024-09-30_11-21-24_0000039_00001570.png
2024-09-30_11-21-24_0000039_00001966,2024-09-30_11-21-24_0000039.wav,1965.6533333333332,1977.1733333333332,11.519999999999982,1915.6533333333332,2027.1733333333332,65039.0625,4.327973748913402,False,spectrograms_labeling\2024-09-30_11-21-24_0000039_00001966.png
2024-09-30_11-21-24_0000039_00002105,2024-09-30_11-21-24_0000039.wav,2104.7466666666664,2117.5466666666666,12.800000000000182,2054.7466666666664,2167.5466666666666,26953.125,8.160667135679866,False,spectrograms_labeling\2024-09-30_11-21-24_0000039_00002105.png
2024-09-30_11-21-26_0000040_00000218,2024-09-30_11-21-26_0000040.wav,218.02666666666664,229.54666666666665,11.52000000000001,168.02666666666664,279.5466666666666,65039.0625,4.327973748913402,False,spectrograms_labeling\2024-09-30_11-21-26_0000040_00000218.png
2024-09-30_11-21-26_0000040_00000357,2024-09-30_11-21-26_0000040.wav,357.12,369.91999999999996,12.799999999999955,307.12,419.91999999999996,26953.125,8.160667135679866,False,spectrograms_labeling\2024-09-30_11-21-26_0000040_00000357.png
2024-09-30_11-21-26_0000040_00000823,2024-09-30_11-21-26_0000040.wav,823.4666666666666,876.3733333333332,52.90666666666664,773.4666666666666,926.3733333333332,29296.875,9.529375367961613,False,spectrograms_labeling\2024-09-30_11-21-26_0000040_00000823.png
2024-09-30_11-21-26_0000040_00000898,2024-09-30_11-21-26_0000040.wav,897.7066666666666,907.9466666666666,10.240000000000009,847.7066666666666,957.9466666666666,27539.0625,3.0887803798617974,False,spectrograms_labeling\2024-09-30_11-21-26_0000040_00000898.png
2024-09-30_11-21-26_0000040_00000930,2024-09-30_11-21-26_0000040.wav,930.1333333333333,976.64,46.50666666666666,880.1333333333333,1026.6399999999999,29882.8125,8.537460072234731,False,spectrograms_labeling\2024-09-30_11-21-26_0000040_00000930.png
2024-09-30_11-21-26_0000040_00000990,2024-09-30_11-21-26_0000040.wav,989.8666666666666,1017.1733333333333,27.30666666666673,939.8666666666666,1067.1733333333332,28710.9375,10.719502584292645,False,spectrograms_labeling\2024-09-30_11-21-26_0000040_00000990.png
2024-09-30_11-21-26_0000040_00001097,2024-09-30_11-21-26_0000040.wav,1097.3866666666665,1115.7333333333333,18.346666666666806,1047.3866666666665,1165.7333333333333,25781.25,6.125447174284351,False,spectrograms_labeling\2024-09-30_11-21-26_0000040_00001097.png
2024-09-30_11-21-26_0000040_00001125,2024-09-30_11-21-26_0000040.wav,1124.6933333333332,1143.8933333333332,19.200000000000045,1074.6933333333332,1193.8933333333332,25781.25,3.2701521291321627,False,spectrograms_labeling\2024-09-30_11-21-26_0000040_00001125.png
2024-09-30_11-21-26_0000040_00001156,2024-09-30_11-21-26_0000040.wav,1155.84,1211.7333333333333,55.89333333333343,1105.84,1261.7333333333333,65039.0625,15.229940507809657,False,spectrograms_labeling\2024-09-30_11-21-26_0000040_00001156.png
2024-09-30_11-21-26_0000040_00001225,2024-09-30_11-21-26_0000040.wav,1225.3866666666665,1243.7333333333333,18.346666666666806,1175.3866666666665,1293.7333333333333,25781.25,6.125447174284351,False,spectrograms_labeling\2024-09-30_11-21-26_0000040_00001225.png
2024-09-30_11-21-26_0000040_00001253,2024-09-30_11-21-26_0000040.wav,1252.6933333333332,1271.8933333333332,19.200000000000045,1202.6933333333332,1321.8933333333332,25781.25,3.2701521291321627,False,spectrograms_labeling\2024-09-30_11-21-26_0000040_00001253.png
2024-09-30_11-21-26_0000040_00001284,2024-09-30_11-21-26_0000040.wav,1283.84,1339.7333333333333,55.89333333333343,1233.84,1389.7333333333333,65039.0625,15.229564262756469,False,spectrograms_labeling\2024-09-30_11-21-26_0000040_00001284.png
2024-09-30_11-21-26_0000040_00001353,2024-09-30_11-21-26_0000040.wav,1353.3866666666665,1422.5066666666667,69.12000000000012,1303.3866666666665,1472.5066666666667,27539.0625,7.736643513062177,False,spectrograms_labeling\2024-09-30_11-21-26_0000040_00001353.png
2024-09-30_11-21-26_0000040_00001440,2024-09-30_11-21-26_0000040.wav,1439.5733333333333,1459.1999999999998,19.62666666666655,1389.5733333333333,1509.1999999999998,27539.0625,5.579142726284142,False,spectrograms_labeling\2024-09-30_11-21-26_0000040_00001440.png
2024-09-30_11-21-28_0000041_00001034,2024-09-30_11-21-28_0000041.wav,1034.24,1083.3066666666666,49.066666666666606,984.24,1133.3066666666666,26367.1875,9.019287484009771,False,spectrograms_labeling\2024-09-30_11-21-28_0000041_00001034.png
2024-09-30_11-21-28_0000041_00001089,2024-09-30_11-21-28_0000041.wav,1088.8533333333332,1118.72,29.866666666666788,1038.8533333333332,1168.72,28125.0,9.613968118529232,False,spectrograms_labeling\2024-09-30_11-21-28_0000041_00001089.png
2024-09-30_11-21-30_0000042_00000994,2024-09-30_11-21-30_0000042.wav,993.7066666666666,1066.24,72.53333333333342,943.7066666666666,1116.24,26953.125,16.98465824358928,False,spectrograms_labeling\2024-09-30_11-21-30_0000042_00000994.png
2024-09-30_11-21-30_0000042_00001072,2024-09-30_11-21-30_0000042.wav,1071.7866666666666,1096.96,25.173333333333403,1021.7866666666666,1146.96,25195.3125,7.5118391360255865,False,spectrograms_labeling\2024-09-30_11-21-30_0000042_00001072.png
2024-09-30_11-21-30_0000042_00001363,2024-09-30_11-21-30_0000042.wav,1363.1999999999998,1377.28,14.080000000000155,1313.1999999999998,1427.28,27539.0625,10.580189100485388,False,spectrograms_labeling\2024-09-30_11-21-30_0000042_00001363.png
2024-09-30_11-21-30_0000042_00001506,2024-09-30_11-21-30_0000042.wav,1506.1333333333332,1520.2133333333331,14.079999999999927,1456.1333333333332,1570.2133333333331,25195.3125,4.896350099666271,False,spectrograms_labeling\2024-09-30_11-21-30_0000042_00001506.png
2024-09-30_11-21-30_0000042_00001899,2024-09-30_11-21-30_0000042.wav,1899.0933333333332,1945.1733333333332,46.07999999999993,1849.0933333333332,1995.1733333333332,65625.0,15.185328546067929,False,spectrograms_labeling\2024-09-30_11-21-30_0000042_00001899.png
2024-09-30_11-21-30_0000042_00002034,2024-09-30_11-21-30_0000042.wav,2034.3466666666666,2064.64,30.293333333333294,1984.3466666666666,2114.64,65039.0625,6.94209778736064,False,spectrograms_labeling\2024-09-30_11-21-30_0000042_00002034.png
2024-09-30_11-21-30_0000042_00002135,2024-09-30_11-21-30_0000042.wav,2135.04,2166.1866666666665,31.146666666666533,2085.04,2216.1866666666665,87304.6875,10.742061572540482,False,spectrograms_labeling\2024-09-30_11-21-30_0000042_00002135.png
2024-09-30_11-21-30_0000042_00002254,2024-09-30_11-21-30_0000042.wav,2254.08,2275.413333333333,21.33333333333303,2204.08,2325.413333333333,86132.8125,8.261598438129331,False,spectrograms_labeling\2024-09-30_11-21-30_0000042_00002254.png
2024-09-30_11-21-30_0000042_00002641,2024-09-30_11-21-30_0000042.wav,2640.64,2661.5466666666666,20.90666666666675,2590.64,2711.5466666666666,65625.0,6.928081344243027,False,spectrograms_labeling\2024-09-30_11-21-30_0000042_00002641.png
2024-09-30_11-21-34_0000043_00001029,2024-09-30_11-21-34_0000043.wav,1028.6933333333332,1084.5866666666666,55.89333333333343,978.6933333333332,1134.5866666666666,70898.4375,18.643571026826894,False,spectrograms_labeling\2024-09-30_11-21-34_0000043_00001029.png
2024-09-30_11-21-34_0000043_00001130,2024-09-30_11-21-34_0000043.wav,1130.24,1175.8933333333332,45.653333333333194,1080.24,1225.8933333333332,99609.375,23.161404143966937,True,spectrograms_labeling\2024-09-30_11-21-34_0000043_00001130.png
2024-09-30_11-21-34_0000043_00001181,2024-09-30_11-21-34_0000043.wav,1181.4399999999998,1212.5866666666666,31.14666666666676,1131.4399999999998,1262.5866666666666,65039.0625,24.077349468492308,False,spectrograms_labeling\2024-09-30_11-21-34_0000043_00001181.png
2024-09-30_11-21-34_0000043_00001258,2024-09-30_11-21-34_0000043.wav,1258.24,1303.8933333333332,45.653333333333194,1208.24,1353.8933333333332,99609.375,23.161404143966937,True,spectrograms_labeling\2024-09-30_11-21-34_0000043_00001258.png
2024-09-30_11-21-34_0000043_00001309,2024-09-30_11-21-34_0000043.wav,1309.4399999999998,1340.5866666666666,31.14666666666676,1259.4399999999998,1390.5866666666666,65039.0625,24.077349468492308,False,spectrograms_labeling\2024-09-30_11-21-34_0000043_00001309.png
2024-09-30_11-21-34_0000043_00001413,2024-09-30_11-21-34_0000043.wav,1412.6933333333332,1450.24,37.54666666666685,1362.6933333333332,1500.24,72070.3125,16.08074872500692,False,spectrograms_labeling\2024-09-30_11-21-34_0000043_00001413.png
2024-09-30_11-21-34_0000043_00001780,2024-09-30_11-21-34_0000043.wav,1780.0533333333333,1800.5333333333333,20.480000000000018,1730.0533333333333,1850.5333333333333,84375.0,13.98414620365903,False,spectrograms_labeling\2024-09-30_11-21-34_0000043_00001780.png
2024-09-30_11-21-34_0000043_00001907,2024-09-30_11-21-34_0000043.wav,1906.7733333333333,1927.253333333333,20.47999999999979,1856.7733333333333,1977.253333333333,92578.125,12.450346219122256,False,spectrograms_labeling\2024-09-30_11-21-34_0000043_00001907.png
2024-09-30_11-21-34_0000043_00002054,2024-09-30_11-21-34_0000043.wav,2053.9733333333334,2106.0266666666666,52.053333333333285,2003.9733333333334,2156.0266666666666,93750.0,19.411872484630504,False,spectrograms_labeling\2024-09-30_11-21-34_0000043_00002054.png
2024-09-30_11-21-34_0000043_00002414,2024-09-30_11-21-34_0000043.wav,2413.653333333333,2605.2266666666665,191.57333333333327,2363.653333333333,2655.2266666666665,48046.875,31.586951802359714,False,spectrograms_labeling\2024-09-30_11-21-34_0000043_00002414.png
2024-09-30_11-21-34_0000043_00003034,2024-09-30_11-21-34_0000043.wav,3033.6,3044.693333333333,11.093333333333248,2983.6,3094.693333333333,84375.0,12.91656350035251,False,spectrograms_labeling\2024-09-30_11-21-34_0000043_00003034.png
2024-09-30_11-21-34_0000043_00003117,2024-09-30_11-21-34_0000043.wav,3117.2266666666665,3139.8399999999997,22.61333333333323,3067.2266666666665,3189.8399999999997,74414.0625,12.593722311631383,False,spectrograms_labeling\2024-09-30_11-21-34_0000043_00003117.png
2024-09-30_11-21-34_0000043_00003912,2024-09-30_11-21-34_0000043.wav,3911.68,3925.333333333333,13.653333333333194,3861.68,3975.333333333333,62109.375,10.617149941199667,False,spectrograms_labeling\2024-09-30_11-21-34_0000043_00003912.png
2024-09-30_11-21-34_0000043_00004026,2024-09-30_11-21-34_0000043.wav,4025.6,4044.7999999999997,19.199999999999818,3975.6,4094.7999999999997,66210.9375,11.060396060465456,False,spectrograms_labeling\2024-09-30_11-21-34_0000043_00004026.png
2024-09-30_11-21-34_0000043_00004423,2024-09-30_11-21-34_0000043.wav,4422.826666666667,4446.719999999999,23.89333333333252,4372.826666666667,4496.719999999999,64453.125,17.351021571314856,False,spectrograms_labeling\2024-09-30_11-21-34_0000043_00004423.png
2024-09-30_11-21-40_0000044_00000801,2024-09-30_11-21-40_0000044.wav,801.28,820.0533333333333,18.773333333333312,751.28,870.0533333333333,68554.6875,5.36805929799012,False,spectrograms_labeling\2024-09-30_11-21-40_0000044_00000801.png
2024-09-30_11-21-40_0000044_00000995,2024-09-30_11-21-40_0000044.wav,994.9866666666666,1021.0133333333333,26.026666666666756,944.9866666666666,1071.0133333333333,66210.9375,12.203119249046326,False,spectrograms_labeling\2024-09-30_11-21-40_0000044_00000995.png
2024-09-30_11-21-40_0000044_00001123,2024-09-30_11-21-40_0000044.wav,1123.4133333333332,1172.48,49.06666666666683,1073.4133333333332,1222.48,64453.125,7.146269536827123,False,spectrograms_labeling\2024-09-30_11-21-40_0000044_00001123.png
2024-09-30_11-21-40_0000044_00001626,2024-09-30_11-21-40_0000044.wav,1625.6,1663.1466666666665,37.546666666666624,1575.6,1713.1466666666665,70312.5,4.0799798652611585,False,spectrograms_labeling\2024-09-30_11-21-40_0000044_00001626.png
2024-09-30_11-21-40_0000044_00001748,2024-09-30_11-21-40_0000044.wav,1748.4799999999998,1796.2666666666667,47.78666666666686,1698.4799999999998,1846.2666666666667,93750.0,9.963008115230796,False,spectrograms_labeling\2024-09-30_11-21-40_0000044_00001748.png
2024-09-30_11-21-40_0000044_00001962,2024-09-30_11-21-40_0000044.wav,1962.2399999999998,2007.8933333333332,45.65333333333342,1912.2399999999998,2057.8933333333334,89062.5,10.857503334530183,False,spectrograms_labeling\2024-09-30_11-21-40_0000044_00001962.png
2024-09-30_11-21-40_0000044_00002076,2024-09-30_11-21-40_0000044.wav,2076.16,2097.4933333333333,21.333333333333485,2026.1599999999999,2147.4933333333333,25195.3125,3.679437496277394,False,spectrograms_labeling\2024-09-30_11-21-40_0000044_00002076.png
2024-09-30_11-21-40_0000044_00002905,2024-09-30_11-21-40_0000044.wav,2905.173333333333,2923.9466666666663,18.773333333333085,2855.173333333333,2973.9466666666663,71484.375,3.4134782758760096,False,spectrograms_labeling\2024-09-30_11-21-40_0000044_00002905.png
2024-09-30_11-21-40_0000044_00003001,2024-09-30_11-21-40_0000044.wav,3001.173333333333,3019.0933333333332,17.920000000000073,2951.173333333333,3069.0933333333332,63867.1875,0.7446815390679644,False,spectrograms_labeling\2024-09-30_11-21-40_0000044_00003001.png
2024-09-30_11-21-44_0000045_00000808,2024-09-30_11-21-44_0000045.wav,808.1066666666666,819.1999999999999,11.093333333333362,758.1066666666666,869.1999999999999,29296.875,7.903362556127785,False,spectrograms_labeling\2024-09-30_11-21-44_0000045_00000808.png
2024-09-30_11-21-44_0000045_00001024,2024-09-30_11-21-44_0000045.wav,1023.9999999999999,1038.08,14.080000000000041,973.9999999999999,1088.08,94335.9375,7.868909590849579,False,spectrograms_labeling\2024-09-30_11-21-44_0000045_00001024.png
2024-09-30_11-21-44_0000045_00001060,2024-09-30_11-21-44_0000045.wav,1059.84,1073.4933333333333,13.653333333333421,1009.8399999999999,1123.4933333333333,70898.4375,8.503344953751848,False,spectrograms_labeling\2024-09-30_11-21-44_0000045_00001060.png
2024-09-30_11-21-44_0000045_00001184,2024-09-30_11-21-44_0000045.wav,1184.0,1196.8,12.799999999999955,1134.0,1246.8,91992.1875,9.938940178439873,False,spectrograms_labeling\2024-09-30_11-21-44_0000045_00001184.png
2024-09-30_11-21-44_0000045_00001295,2024-09-30_11-21-44_0000045.wav,1295.36,1322.6666666666665,27.306666666666615,1245.36,1372.6666666666665,26953.125,14.612504630477716,False,spectrograms_labeling\2024-09-30_11-21-44_0000045_00001295.png
2024-09-30_11-21-44_0000045_00001341,2024-09-30_11-21-44_0000045.wav,1340.5866666666666,1360.2133333333331,19.62666666666655,1290.5866666666666,1410.2133333333331,28125.0,13.747372437649016,False,spectrograms_labeling\2024-09-30_11-21-44_0000045_00001341.png
2024-09-30_11-21-44_0000045_00001379,2024-09-30_11-21-44_0000045.wav,1378.56,1416.9599999999998,38.399999999999864,1328.56,1466.9599999999998,71484.375,21.973269745705316,False,spectrograms_labeling\2024-09-30_11-21-44_0000045_00001379.png
2024-09-30_11-21-44_0000045_00001428,2024-09-30_11-21-44_0000045.wav,1428.0533333333333,1473.7066666666665,45.653333333333194,1378.0533333333333,1523.7066666666665,26953.125,11.0042450429592,False,spectrograms_labeling\2024-09-30_11-21-44_0000045_00001428.png
2024-09-30_11-21-44_0000045_00001675,2024-09-30_11-21-44_0000045.wav,1674.6666666666665,1685.76,11.093333333333476,1624.6666666666665,1735.76,26367.1875,9.56732306457123,False,spectrograms_labeling\2024-09-30_11-21-44_0000045_00001675.png
2024-09-30_11-21-44_0000045_00002311,2024-09-30_11-21-44_0000045.wav,2310.8266666666664,2321.0666666666666,10.240000000000236,2260.8266666666664,2371.0666666666666,25195.3125,12.168945176613695,False,spectrograms_labeling\2024-09-30_11-21-44_0000045_00002311.png
2024-09-30_11-21-44_0000045_00003093,2024-09-30_11-21-44_0000045.wav,3092.9066666666663,3187.6266666666666,94.72000000000025,3042.9066666666663,3237.6266666666666,35742.1875,29.402516201240687,False,spectrograms_labeling\2024-09-30_11-21-44_0000045_00003093.png
2024-09-30_11-21-48_0000046_00000669,2024-09-30_11-21-48_0000046.wav,669.4399999999999,698.4533333333333,29.01333333333332,619.4399999999999,748.4533333333333,25195.3125,6.982348438673806,False,spectrograms_labeling\2024-09-30_11-21-48_0000046_00000669.png
2024-09-30_11-21-48_0000046_00000915,2024-09-30_11-21-48_0000046.wav,915.1999999999999,938.2399999999999,23.039999999999964,865.1999999999999,988.2399999999999,29296.875,7.732602904621877,False,spectrograms_labeling\2024-09-30_11-21-48_0000046_00000915.png
2024-09-30_11-21-48_0000046_00000952,2024-09-30_11-21-48_0000046.wav,952.3199999999999,967.2533333333332,14.93333333333328,902.3199999999999,1017.2533333333332,28125.0,7.725500445044052,False,spectrograms_labeling\2024-09-30_11-21-48_0000046_00000952.png
2024-09-30_11-21-50_0000047_00003140,2024-09-30_11-21-50_0000047.wav,3140.2666666666664,3156.48,16.213333333333594,3090.2666666666664,3206.48,44531.25,16.70770472749915,False,spectrograms_labeling\2024-09-30_11-21-50_0000047_00003140.png
2024-09-30_11-21-50_0000047_00004242,2024-09-30_11-21-50_0000047.wav,4242.346666666666,4253.013333333333,10.66666666666697,4192.346666666666,4303.013333333333,25781.25,9.964708055341085,False,spectrograms_labeling\2024-09-30_11-21-50_0000047_00004242.png
2024-09-30_11-21-50_0000047_00004340,2024-09-30_11-21-50_0000047.wav,4339.626666666666,4410.88,71.25333333333401,4289.626666666666,4460.88,25781.25,16.117434867435463,False,spectrograms_labeling\2024-09-30_11-21-50_0000047_00004340.png
2024-09-30_11-21-50_0000047_00004524,2024-09-30_11-21-50_0000047.wav,4524.373333333333,4538.453333333333,14.079999999999927,4474.373333333333,4588.453333333333,25195.3125,11.196566518471133,False,spectrograms_labeling\2024-09-30_11-21-50_0000047_00004524.png
2024-09-30_11-21-50_0000047_00004653,2024-09-30_11-21-50_0000047.wav,4653.2266666666665,4669.013333333333,15.78666666666686,4603.2266666666665,4719.013333333333,26367.1875,9.924260554918545,False,spectrograms_labeling\2024-09-30_11-21-50_0000047_00004653.png
2024-09-30_11-21-50_0000047_00004678,2024-09-30_11-21-50_0000047.wav,4677.973333333333,4711.679999999999,33.706666666666024,4627.973333333333,4761.679999999999,25781.25,14.85561982278995,False,spectrograms_labeling\2024-09-30_11-21-50_0000047_00004678.png
2024-09-30_11-21-50_0000047_00004722,2024-09-30_11-21-50_0000047.wav,4721.92,4732.16,10.239999999999782,4671.92,4782.16,25781.25,10.1154857888827,False,spectrograms_labeling\2024-09-30_11-21-50_0000047_00004722.png
2024-09-30_11-21-57_0000048_00000518,2024-09-30_11-21-57_0000048.wav,517.9733333333332,528.2133333333333,10.240000000000009,467.97333333333324,578.2133333333333,25781.25,3.0352571885642163,False,spectrograms_labeling\2024-09-30_11-21-57_0000048_00000518.png
2024-09-30_11-21-57_0000048_00000803,2024-09-30_11-21-57_0000048.wav,802.56,823.8933333333333,21.33333333333337,752.56,873.8933333333333,27539.0625,5.54713605999389,False,spectrograms_labeling\2024-09-30_11-21-57_0000048_00000803.png
2024-09-30_11-21-57_0000048_00000989,2024-09-30_11-21-57_0000048.wav,989.0133333333333,1009.92,20.906666666666638,939.0133333333333,1059.92,26953.125,9.997889620834599,False,spectrograms_labeling\2024-09-30_11-21-57_0000048_00000989.png
2024-09-30_11-21-57_0000048_00001046,2024-09-30_11-21-57_0000048.wav,1045.76,1070.08,24.319999999999936,995.76,1120.08,31054.6875,11.796651121459131,False,spectrograms_labeling\2024-09-30_11-21-57_0000048_00001046.png
2024-09-30_11-21-57_0000048_00001551,2024-09-30_11-21-57_0000048.wav,1550.5066666666667,1597.4399999999998,46.93333333333317,1500.5066666666667,1647.4399999999998,42187.5,8.223790681018208,False,spectrograms_labeling\2024-09-30_11-21-57_0000048_00001551.png
2024-09-30_11-21-57_0000048_00001817,2024-09-30_11-21-57_0000048.wav,1817.1733333333332,1827.4133333333332,10.240000000000009,1767.1733333333332,1877.4133333333332,36914.0625,9.142014943123387,False,spectrograms_labeling\2024-09-30_11-21-57_0000048_00001817.png
2024-09-30_11-21-58_0000049_00000294,2024-09-30_11-21-58_0000049.wav,294.4,308.90666666666664,14.50666666666666,244.39999999999998,358.90666666666664,42187.5,8.223790681018208,False,spectrograms_labeling\2024-09-30_11-21-58_0000049_00000294.png
2024-09-30_11-21-58_0000049_00000561,2024-09-30_11-21-58_0000049.wav,561.0666666666666,571.3066666666666,10.240000000000009,511.0666666666666,621.3066666666666,36914.0625,9.142014943123387,False,spectrograms_labeling\2024-09-30_11-21-58_0000049_00000561.png
2024-09-30_11-21-58_0000049_00001010,2024-09-30_11-21-58_0000049.wav,1009.92,1035.9466666666665,26.02666666666653,959.92,1085.9466666666665,36328.125,18.16006532892178,False,spectrograms_labeling\2024-09-30_11-21-58_0000049_00001010.png
2024-09-30_11-21-58_0000049_00002537,2024-09-30_11-21-58_0000049.wav,2536.5333333333333,2548.48,11.946666666666715,2486.5333333333333,2598.48,48046.875,13.936106708460647,False,spectrograms_labeling\2024-09-30_11-21-58_0000049_00002537.png
