candidate_id,final_label,labeled_at,source
2024-09-30_11-18-17_0000001_00000788,USV,2026-01-24T19:11:15.323857,candidates
2024-09-30_11-18-17_0000001_00000932,USV,2026-01-24T18:37:25.803023,candidates
2024-09-30_11-18-17_0000001_00001014,USV,2026-01-24T19:11:24.972802,candidates
2024-09-30_11-18-17_0000001_00001076,USV,2026-01-24T19:11:27.762429,candidates
2024-09-30_11-18-17_0000001_00001204,USV,2026-01-24T19:11:29.818794,candidates
2024-09-30_11-18-17_0000001_00001332,USV,2026-01-24T19:11:31.528183,candidates
2024-09-30_11-18-17_0000001_00001460,USV,2026-01-24T19:11:32.126000,candidates
2024-09-30_11-18-17_0000001_00001588,USV,2026-01-24T19:11:32.732139,candidates
2024-09-30_11-18-17_0000001_00001716,USV,2026-01-24T19:11:33.284071,candidates
2024-09-30_11-18-17_0000001_00001844,USV,2026-01-24T19:11:33.813184,candidates
2024-09-30_11-18-17_0000001_00002042,USV,2026-01-24T19:11:34.587374,candidates
2024-09-30_11-18-17_0000001_00002458,USV,2026-01-24T19:11:54.961923,candidates
2024-09-30_11-18-17_0000001_00002571,USV,2026-01-24T19:12:04.384560,candidates
2024-09-30_11-18-17_0000001_00002766,USV,2026-01-24T19:12:25.620620,candidates
2024-09-30_11-18-17_0000001_00002828,USV,2026-01-24T19:12:42.016384,candidates
2024-09-30_11-18-17_0000001_00002973,USV,2026-01-24T19:12:47.000505,candidates
2024-09-30_11-18-17_0000001_00003075,USV,2026-01-24T19:12:48.884047,candidates
2024-09-30_11-18-17_0000001_00003106,USV,2026-01-24T19:13:04.868951,candidates
2024-09-30_11-18-17_0000001_00003200,USV,2026-01-24T19:13:16.873310,candidates
2024-09-30_11-18-17_0000001_00003440,USV,2026-01-24T19:13:17.673533,candidates
2024-09-30_11-18-17_0000001_00003548,USV,2026-01-24T19:13:18.348726,candidates
2024-09-30_11-18-17_0000001_00003662,USV,2026-01-24T19:13:30.276978,candidates
2024-09-30_11-18-17_0000001_00003799,USV,2026-01-24T19:13:31.155849,candidates
2024-09-30_11-18-17_0000001_00004192,USV,2026-01-24T19:13:33.827769,candidates
2024-09-30_11-18-17_0000001_00004305,USV,2026-01-24T19:13:34.512400,candidates
2024-09-30_11-18-17_0000001_00004535,USV,2026-01-24T19:13:35.422303,candidates
2024-09-30_11-18-17_0000001_00004648,USV,2026-01-24T19:13:36.151303,candidates
2024-09-30_11-18-17_0000001_00004777,USV,2026-01-24T19:13:36.960691,candidates
2024-09-30_11-18-17_0000001_00004893,USV,2026-01-24T19:13:37.585944,candidates
2024-09-30_11-18-17_0000001_00005004,USV,2026-01-24T19:13:38.209399,candidates
2024-09-30_11-18-17_0000001_00005119,USV,2026-01-24T19:13:38.956442,candidates
2024-09-30_11-18-17_0000001_00005332,USV,2026-01-24T19:13:39.628252,candidates
2024-09-30_11-18-17_0000001_00005439,USV,2026-01-24T19:13:40.238380,candidates
2024-09-30_11-18-17_0000001_00005662,USV,2026-01-24T19:13:40.870810,candidates
2024-09-30_11-18-17_0000001_00005792,USV,2026-01-24T19:13:41.466698,candidates
2024-09-30_11-18-17_0000001_00006688,USV,2026-01-24T19:13:42.188692,candidates
2024-09-30_11-18-17_0000001_00006868,USV,2026-01-24T19:13:42.876639,candidates
2024-09-30_11-18-17_0000001_00007117,USV,2026-01-24T19:13:45.034310,candidates
2024-09-30_11-18-25_0000002_00001038,noise,2026-01-24T19:13:46.395445,candidates
2024-09-30_11-18-25_0000002_00001103,noise,2026-01-24T19:13:47.281939,candidates
2024-09-30_11-18-27_0000003_00001816,USV,2026-01-24T19:13:48.216224,candidates
2024-09-30_11-18-27_0000003_00001918,USV,2026-01-24T19:13:48.856792,candidates
2024-09-30_11-18-27_0000003_00002505,USV,2026-01-24T19:13:49.763415,candidates
2024-09-30_11-18-27_0000003_00002874,USV,2026-01-24T19:13:50.848319,candidates
2024-09-30_11-18-27_0000003_00003431,USV,2026-01-24T19:13:51.648643,candidates
2024-09-30_11-18-27_0000003_00003588,USV,2026-01-24T19:13:52.797813,candidates
2024-09-30_11-18-27_0000003_00003761,USV,2026-01-24T19:13:53.638710,candidates
2024-09-30_11-18-27_0000003_00003852,USV,2026-01-24T19:13:54.362152,candidates
2024-09-30_11-18-27_0000003_00003959,USV,2026-01-24T19:13:55.139798,candidates
2024-09-30_11-18-27_0000003_00004091,USV,2026-01-24T19:13:55.808670,candidates
2024-09-30_11-18-27_0000003_00004177,USV,2026-01-24T19:13:56.854422,candidates
2024-09-30_11-18-27_0000003_00004259,noise,2026-01-24T19:13:58.394565,candidates
2024-09-30_11-18-27_0000003_00004401,noise,2026-01-24T19:13:59.333749,candidates
2024-09-30_11-18-27_0000003_00004450,noise,2026-01-24T19:14:05.777032,candidates
2024-09-30_11-18-27_0000003_00004787,noise,2026-01-24T19:14:06.863607,candidates
2024-09-30_11-18-27_0000003_00004962,noise,2026-01-24T19:14:07.516101,candidates
2024-09-30_11-18-27_0000003_00005026,noise,2026-01-24T19:14:08.328676,candidates
2024-09-30_11-18-27_0000003_00005078,USV,2026-01-24T19:14:09.094975,candidates
2024-09-30_11-18-27_0000003_00005136,noise,2026-01-24T19:14:10.326661,candidates
2024-09-30_11-18-27_0000003_00005310,USV,2026-01-24T19:14:11.618976,candidates
2024-09-30_11-18-27_0000003_00005424,USV,2026-01-24T19:14:12.354791,candidates
2024-09-30_11-18-34_0000004_00000165,USV,2026-01-24T19:14:21.020864,candidates
2024-09-30_11-18-34_0000004_00000840,USV,2026-01-24T19:14:32.269670,candidates
2024-09-30_11-18-34_0000004_00001037,USV,2026-01-24T19:14:33.521650,candidates
2024-09-30_11-18-34_0000004_00001432,USV,2026-01-24T19:14:34.239556,candidates
2024-09-30_11-18-34_0000004_00001546,USV,2026-01-24T19:14:35.022524,candidates
2024-09-30_11-18-34_0000004_00001746,USV,2026-01-24T19:14:35.757303,candidates
2024-09-30_11-18-34_0000004_00001850,USV,2026-01-24T19:14:44.189868,candidates
2024-09-30_11-18-34_0000004_00001967,USV,2026-01-24T19:14:54.770459,candidates
2024-09-30_11-18-34_0000004_00002079,USV,2026-01-24T19:15:00.903194,candidates
2024-09-30_11-18-34_0000004_00002632,USV,2026-01-24T19:15:10.703728,candidates
2024-09-30_11-18-34_0000004_00002724,USV,2026-01-24T19:15:12.843750,candidates
2024-09-30_11-18-34_0000004_00002827,USV,2026-01-24T19:15:13.548409,candidates
2024-09-30_11-18-34_0000004_00002929,USV,2026-01-24T19:15:14.296589,candidates
2024-09-30_11-18-34_0000004_00003019,USV,2026-01-24T19:15:14.988183,candidates
2024-09-30_11-18-34_0000004_00003119,USV,2026-01-24T19:15:15.707129,candidates
2024-09-30_11-18-34_0000004_00003222,USV,2026-01-24T19:15:16.418160,candidates
2024-09-30_11-18-34_0000004_00003942,USV,2026-01-24T19:15:17.162127,candidates
2024-09-30_11-18-34_0000004_00003987,noise,2026-01-24T19:15:18.431248,candidates
2024-09-30_11-18-34_0000004_00004481,USV,2026-01-24T19:15:19.531829,candidates
2024-09-30_11-18-34_0000004_00004925,USV,2026-01-24T19:15:29.550597,candidates
2024-09-30_11-18-34_0000004_00005154,USV,2026-01-24T19:15:36.897477,candidates
2024-09-30_11-18-34_0000004_00005179,USV,2026-01-24T19:15:44.608515,candidates
2024-09-30_11-18-34_0000004_00005278,USV,2026-01-24T19:15:47.657801,candidates
2024-09-30_11-18-34_0000004_00005398,USV,2026-01-24T19:15:48.491565,candidates
2024-09-30_11-18-34_0000004_00005529,USV,2026-01-24T19:15:49.480610,candidates
2024-09-30_11-18-34_0000004_00005614,USV,2026-01-24T19:15:50.460135,candidates
2024-09-30_11-18-34_0000004_00005707,USV,2026-01-24T19:15:51.584591,candidates
2024-09-30_11-18-34_0000004_00005935,USV,2026-01-24T19:15:52.501369,candidates
2024-09-30_11-18-34_0000004_00006043,USV,2026-01-24T19:15:53.222051,candidates
2024-09-30_11-18-34_0000004_00006128,USV,2026-01-24T19:15:53.909274,candidates
2024-09-30_11-18-34_0000004_00006231,USV,2026-01-24T19:15:54.548403,candidates
2024-09-30_11-18-34_0000004_00006324,USV,2026-01-24T19:15:55.194887,candidates
2024-09-30_11-18-34_0000004_00006503,USV,2026-01-24T19:15:55.904168,candidates
2024-09-30_11-18-34_0000004_00006599,USV,2026-01-24T19:15:56.654881,candidates
2024-09-30_11-18-34_0000004_00007085,USV,2026-01-24T19:15:57.819974,candidates
2024-09-30_11-18-34_0000004_00007466,USV,2026-01-24T19:15:59.457823,candidates
2024-09-30_11-18-34_0000004_00007589,USV,2026-01-24T19:16:00.590562,candidates
2024-09-30_11-18-34_0000004_00007734,USV,2026-01-24T19:16:01.295757,candidates
2024-09-30_11-18-34_0000004_00007937,USV,2026-01-24T19:16:01.955370,candidates
2024-09-30_11-18-34_0000004_00008151,USV,2026-01-24T19:16:02.746467,candidates
2024-09-30_11-18-34_0000004_00008259,USV,2026-01-24T19:16:03.410393,candidates
2024-09-30_11-18-34_0000004_00008983,USV,2026-01-24T19:16:04.318102,candidates
2024-09-30_11-18-34_0000004_00009211,USV,2026-01-24T19:16:05.043894,candidates
2024-09-30_11-18-52_0000005_00001079,USV,2026-01-24T19:16:13.255567,candidates
2024-09-30_11-18-52_0000005_00001207,USV,2026-01-24T19:16:21.866176,candidates
2024-09-30_11-18-52_0000005_00001335,USV,2026-01-24T19:16:40.910440,candidates
2024-09-30_11-18-52_0000005_00002123,USV,2026-01-24T19:16:42.352250,candidates
2024-09-30_11-18-52_0000005_00002263,USV,2026-01-24T19:16:43.400183,candidates
2024-09-30_11-18-52_0000005_00002774,USV,2026-01-24T19:16:44.604190,candidates
2024-09-30_11-18-52_0000005_00002929,USV,2026-01-24T19:16:46.481756,candidates
2024-09-30_11-18-52_0000005_00003042,USV,2026-01-24T19:16:47.923132,candidates
2024-09-30_11-18-52_0000005_00003110,USV,2026-01-24T19:16:49.920859,candidates
2024-09-30_11-18-52_0000005_00003145,USV,2026-01-24T19:16:50.882029,candidates
2024-09-30_11-18-52_0000005_00003255,USV,2026-01-24T19:16:51.644470,candidates
2024-09-30_11-18-52_0000005_00003280,USV,2026-01-24T19:16:52.345251,candidates
2024-09-30_11-18-52_0000005_00003379,USV,2026-01-24T19:16:53.092355,candidates
2024-09-30_11-18-52_0000005_00003487,USV,2026-01-24T19:16:53.963703,candidates
2024-09-30_11-18-52_0000005_00003694,USV,2026-01-24T19:16:54.622580,candidates
2024-09-30_11-18-52_0000005_00003789,USV,2026-01-24T19:16:56.377254,candidates
2024-09-30_11-18-52_0000005_00003810,USV,2026-01-24T19:16:57.347923,candidates
2024-09-30_11-18-52_0000005_00003898,USV,2026-01-24T19:16:58.179118,candidates
2024-09-30_11-18-52_0000005_00004028,noise,2026-01-24T19:17:01.928018,candidates
2024-09-30_11-18-52_0000005_00004126,USV,2026-01-24T19:17:03.121382,candidates
2024-09-30_11-18-52_0000005_00004256,USV,2026-01-24T19:17:03.962361,candidates
2024-09-30_11-18-52_0000005_00004580,USV,2026-01-24T19:17:14.702747,candidates
2024-09-30_11-18-52_0000005_00004702,noise,2026-01-24T19:17:27.279185,candidates
2024-09-30_11-18-57_0000006_00000117,USV,2026-01-24T19:17:42.569977,candidates
2024-09-30_11-18-57_0000006_00001076,USV,2026-01-24T19:17:50.881669,candidates
2024-09-30_11-18-57_0000006_00001171,USV,2026-01-24T19:17:55.153158,candidates
2024-09-30_11-18-57_0000006_00001298,USV,2026-01-24T19:17:56.165975,candidates
2024-09-30_11-18-57_0000006_00001343,USV,2026-01-24T19:17:57.163472,candidates
2024-09-30_11-18-57_0000006_00001451,USV,2026-01-24T19:17:58.062713,candidates
2024-09-30_11-18-57_0000006_00001618,USV,2026-01-24T19:17:58.910988,candidates
2024-09-30_11-19-00_0000007_00001009,USV,2026-01-24T19:17:59.630672,candidates
2024-09-30_11-19-00_0000007_00001972,USV,2026-01-24T19:18:00.493746,candidates
2024-09-30_11-19-00_0000007_00002393,USV,2026-01-24T19:18:01.469212,candidates
2024-09-30_11-19-00_0000007_00002569,USV,2026-01-24T19:18:11.470799,candidates
2024-09-30_11-19-00_0000007_00003107,USV,2026-01-24T19:18:12.696708,candidates
2024-09-30_11-19-00_0000007_00003277,USV,2026-01-24T19:18:14.341370,candidates
2024-09-30_11-19-00_0000007_00003824,USV,2026-01-24T19:18:21.395806,candidates
2024-09-30_11-19-00_0000007_00003943,USV,2026-01-24T19:18:29.173191,candidates
2024-09-30_11-19-00_0000007_00004433,USV,2026-01-24T19:18:30.319134,candidates
2024-09-30_11-19-00_0000007_00004698,USV,2026-01-24T19:18:31.428963,candidates
2024-09-30_11-19-00_0000007_00004836,USV,2026-01-24T19:18:32.729289,candidates
2024-09-30_11-19-00_0000007_00004892,USV,2026-01-24T19:18:33.434750,candidates
2024-09-30_11-19-00_0000007_00004993,USV,2026-01-24T19:18:43.881004,candidates
2024-09-30_11-19-00_0000007_00005022,USV,2026-01-24T19:18:45.045832,candidates
2024-09-30_11-19-00_0000007_00005174,USV,2026-01-24T19:18:46.151151,candidates
2024-09-30_11-19-00_0000007_00005199,USV,2026-01-24T19:18:47.058775,candidates
2024-09-30_11-19-00_0000007_00005280,USV,2026-01-24T19:18:47.812400,candidates
2024-09-30_11-19-00_0000007_00005374,USV,2026-01-24T19:18:48.590669,candidates
2024-09-30_11-19-00_0000007_00005399,USV,2026-01-24T19:18:49.358508,candidates
2024-09-30_11-19-00_0000007_00005488,USV,2026-01-24T19:18:50.149858,candidates
2024-09-30_11-19-00_0000007_00005586,USV,2026-01-24T19:18:50.824428,candidates
2024-09-30_11-19-00_0000007_00005775,USV,2026-01-24T19:18:51.487757,candidates
2024-09-30_11-19-00_0000007_00005871,USV,2026-01-24T19:18:52.157177,candidates
2024-09-30_11-19-00_0000007_00006065,USV,2026-01-24T19:18:53.132641,candidates
2024-09-30_11-19-00_0000007_00006167,USV,2026-01-24T19:18:53.942533,candidates
2024-09-30_11-19-00_0000007_00006280,USV,2026-01-24T19:18:54.652808,candidates
2024-09-30_11-19-00_0000007_00006508,USV,2026-01-24T19:18:55.495870,candidates
2024-09-30_11-19-00_0000007_00006819,USV,2026-01-24T19:18:56.224179,candidates
2024-09-30_11-19-00_0000007_00007107,USV,2026-01-24T19:19:20.013288,candidates
2024-09-30_11-19-00_0000007_00007439,USV,2026-01-24T19:19:24.398221,candidates
2024-09-30_11-19-09_0000008_00001861,USV,2026-01-24T19:19:38.302697,candidates
2024-09-30_11-19-09_0000008_00001978,USV,2026-01-24T19:19:44.151923,candidates
2024-09-30_11-19-09_0000008_00002115,USV,2026-01-24T19:19:44.955058,candidates
2024-09-30_11-19-09_0000008_00002272,USV,2026-01-24T19:19:45.653698,candidates
2024-09-30_11-19-09_0000008_00002397,USV,2026-01-24T19:19:46.585440,candidates
2024-09-30_11-19-09_0000008_00002624,USV,2026-01-24T19:19:47.241934,candidates
2024-09-30_11-19-09_0000008_00003107,USV,2026-01-24T19:19:47.959288,candidates
2024-09-30_11-19-09_0000008_00003252,USV,2026-01-24T19:19:48.853855,candidates
2024-09-30_11-19-12_0000009_00000012,noise,2026-01-24T19:19:50.705705,candidates
2024-09-30_11-19-12_0000009_00000207,USV,2026-01-24T19:19:52.034754,candidates
2024-09-30_11-19-12_0000009_00000380,USV,2026-01-24T19:20:08.563250,candidates
2024-09-30_11-19-12_0000009_00001033,noise,2026-01-24T19:20:09.747229,candidates
2024-09-30_11-19-12_0000009_00001185,USV,2026-01-24T19:20:10.536482,candidates
2024-09-30_11-19-12_0000009_00001293,USV,2026-01-24T19:20:11.561189,candidates
2024-09-30_11-19-12_0000009_00001557,noise,2026-01-24T19:20:12.589409,candidates
2024-09-30_11-19-12_0000009_00001612,noise,2026-01-24T19:20:13.356386,candidates
2024-09-30_11-19-12_0000009_00001638,noise,2026-01-24T19:20:14.103355,candidates
2024-09-30_11-19-15_0000010_00000452,USV,2026-01-24T19:20:15.026062,candidates
2024-09-30_11-19-15_0000010_00001007,USV,2026-01-24T19:20:16.110407,candidates
2024-09-30_11-19-15_0000010_00001198,USV,2026-01-24T19:20:16.905824,candidates
2024-09-30_11-19-15_0000010_00001326,USV,2026-01-24T19:20:17.582185,candidates
2024-09-30_11-19-15_0000010_00001501,noise,2026-01-24T19:20:19.157024,candidates
2024-09-30_11-19-15_0000010_00001915,noise,2026-01-24T19:20:20.514357,candidates
2024-09-30_11-19-15_0000010_00002071,USV,2026-01-24T19:20:21.394083,candidates
2024-09-30_11-19-15_0000010_00002128,noise,2026-01-24T19:20:22.295273,candidates
2024-09-30_11-19-16_0000011_00000222,noise,2026-01-24T19:20:23.406774,candidates
2024-09-30_11-19-16_0000011_00000378,USV,2026-01-24T19:20:24.333101,candidates
2024-09-30_11-19-16_0000011_00000435,noise,2026-01-24T19:20:25.373829,candidates
2024-09-30_11-19-16_0000011_00001021,USV,2026-01-24T19:20:28.049238,candidates
2024-09-30_11-19-16_0000011_00001049,USV,2026-01-24T19:20:29.358635,candidates
2024-09-30_11-19-16_0000011_00001155,USV,2026-01-24T19:20:30.225971,candidates
2024-09-30_11-19-16_0000011_00001634,USV,2026-01-24T19:20:30.958554,candidates
2024-09-30_11-19-16_0000011_00001856,noise,2026-01-24T19:20:32.373124,candidates
2024-09-30_11-19-16_0000011_00001978,noise,2026-01-24T19:20:33.538478,candidates
2024-09-30_11-19-16_0000011_00002056,USV,2026-01-24T19:20:34.439723,candidates
2024-09-30_11-19-16_0000011_00002106,USV,2026-01-24T19:20:35.240479,candidates
2024-09-30_11-19-16_0000011_00002287,USV,2026-01-24T19:20:37.610490,candidates
2024-09-30_11-19-16_0000011_00002514,noise,2026-01-24T19:20:40.065554,candidates
2024-09-30_11-19-19_0000012_00000561,USV,2026-01-24T19:20:41.056270,candidates
2024-09-30_11-19-19_0000012_00000783,noise,2026-01-24T19:20:42.200264,candidates
2024-09-30_11-19-19_0000012_00001009,noise,2026-01-24T19:20:43.244555,candidates
2024-09-30_11-19-19_0000012_00001247,USV,2026-01-24T19:20:44.105326,candidates
2024-09-30_11-19-19_0000012_00001358,USV,2026-01-24T19:20:44.830308,candidates
2024-09-30_11-19-19_0000012_00001450,USV,2026-01-24T19:20:50.922489,candidates
2024-09-30_11-19-19_0000012_00001553,USV,2026-01-24T19:20:52.365061,candidates
2024-09-30_11-19-19_0000012_00001740,USV,2026-01-24T19:20:58.569597,candidates
2024-09-30_11-19-19_0000012_00001843,USV,2026-01-24T19:20:59.439534,candidates
2024-09-30_11-19-19_0000012_00001958,USV,2026-01-24T19:21:00.039573,candidates
2024-09-30_11-19-19_0000012_00002066,USV,2026-01-24T19:21:00.656611,candidates
2024-09-30_11-19-19_0000012_00002749,USV,2026-01-24T19:21:09.803372,candidates
2024-09-30_11-19-19_0000012_00002940,USV,2026-01-24T19:21:10.658960,candidates
2024-09-30_11-19-19_0000012_00003446,USV,2026-01-24T19:21:15.706508,candidates
2024-09-30_11-19-19_0000012_00003475,USV,2026-01-24T19:21:16.337695,candidates
2024-09-30_11-19-19_0000012_00004084,USV,2026-01-24T19:21:17.061322,candidates
2024-09-30_11-19-19_0000012_00004193,USV,2026-01-24T19:21:30.586023,candidates
2024-09-30_11-19-19_0000012_00004324,USV,2026-01-24T19:21:37.866655,candidates
2024-09-30_11-19-19_0000012_00004557,USV,2026-01-24T19:21:39.233230,candidates
2024-09-30_11-19-19_0000012_00004660,USV,2026-01-24T19:21:39.901386,candidates
2024-09-30_11-19-19_0000012_00004790,USV,2026-01-24T19:21:40.673898,candidates
2024-09-30_11-19-19_0000012_00005652,USV,2026-01-24T19:21:41.336325,candidates
2024-09-30_11-19-19_0000012_00005840,USV,2026-01-24T19:21:42.002219,candidates
2024-09-30_11-19-19_0000012_00005958,USV,2026-01-24T19:21:42.731721,candidates
2024-09-30_11-19-19_0000012_00006061,USV,2026-01-24T19:21:43.421088,candidates
2024-09-30_11-19-19_0000012_00006165,USV,2026-01-24T19:21:44.043775,candidates
2024-09-30_11-19-19_0000012_00006262,USV,2026-01-24T19:21:44.952679,candidates
2024-09-30_11-19-19_0000012_00006722,USV,2026-01-24T19:21:45.629681,candidates
2024-09-30_11-19-19_0000012_00006811,noise,2026-01-24T19:21:46.498827,candidates
2024-09-30_11-19-19_0000012_00006941,USV,2026-01-24T19:21:47.373739,candidates
2024-09-30_11-19-19_0000012_00007045,USV,2026-01-24T19:21:48.100681,candidates
2024-09-30_11-19-31_0000013_00001012,noise,2026-01-24T19:21:49.892572,candidates
2024-09-30_11-19-31_0000013_00001550,noise,2026-01-24T19:21:51.973943,candidates
2024-09-30_11-19-31_0000013_00001617,noise,2026-01-24T19:21:54.254438,candidates
2024-09-30_11-19-34_0000014_00000413,USV,2026-01-24T19:21:55.324393,candidates
2024-09-30_11-19-34_0000014_00000984,USV,2026-01-24T19:21:56.590145,candidates
2024-09-30_11-19-34_0000014_00001202,USV,2026-01-24T19:21:57.315990,candidates
2024-09-30_11-19-34_0000014_00001402,USV,2026-01-24T19:21:58.032948,candidates
2024-09-30_11-19-34_0000014_00001498,USV,2026-01-24T19:22:05.289135,candidates
2024-09-30_11-19-34_0000014_00001518,USV,2026-01-24T19:22:16.615349,candidates
2024-09-30_11-19-34_0000014_00001620,USV,2026-01-24T19:22:18.575297,candidates
2024-09-30_11-19-34_0000014_00001711,USV,2026-01-24T19:22:20.233618,candidates
2024-09-30_11-19-34_0000014_00001731,USV,2026-01-24T19:22:21.308795,candidates
2024-09-30_11-19-34_0000014_00001820,USV,2026-01-24T19:22:22.187400,candidates
2024-09-30_11-19-34_0000014_00001938,USV,2026-01-24T19:22:31.477457,candidates
2024-09-30_11-19-34_0000014_00002114,USV,2026-01-24T19:22:32.858955,candidates
2024-09-30_11-19-34_0000014_00002333,USV,2026-01-24T19:22:33.589958,candidates
2024-09-30_11-19-34_0000014_00002423,USV,2026-01-24T19:22:34.326955,candidates
2024-09-30_11-19-34_0000014_00002513,USV,2026-01-24T19:22:35.155957,candidates
2024-09-30_11-19-34_0000014_00002615,USV,2026-01-24T19:22:35.881570,candidates
2024-09-30_11-19-34_0000014_00002712,USV,2026-01-24T19:22:36.688570,candidates
2024-09-30_11-19-34_0000014_00002808,USV,2026-01-24T19:22:37.481082,candidates
2024-09-30_11-19-34_0000014_00002913,USV,2026-01-24T19:22:38.175080,candidates
2024-09-30_11-19-34_0000014_00003031,USV,2026-01-24T19:22:39.027238,candidates
2024-09-30_11-19-34_0000014_00003129,USV,2026-01-24T19:22:39.996743,candidates
2024-09-30_11-19-34_0000014_00003235,USV,2026-01-24T19:22:40.811218,candidates
2024-09-30_11-19-34_0000014_00003335,USV,2026-01-24T19:22:48.713039,candidates
2024-09-30_11-19-34_0000014_00003436,USV,2026-01-24T19:22:51.034509,candidates
2024-09-30_11-19-34_0000014_00003721,USV,2026-01-24T19:22:51.762009,candidates
2024-09-30_11-19-34_0000014_00003837,USV,2026-01-24T19:22:57.911467,candidates
2024-09-30_11-19-34_0000014_00003932,USV,2026-01-24T19:22:59.120996,candidates
2024-09-30_11-19-34_0000014_00004032,USV,2026-01-24T19:23:06.524020,candidates
2024-09-30_11-19-34_0000014_00004308,noise,2026-01-24T19:23:18.551255,candidates
2024-09-30_11-19-34_0000014_00004826,USV,2026-01-24T19:23:26.214187,candidates
2024-09-30_11-19-38_0000015_00000046,USV,2026-01-24T19:23:36.469039,candidates
2024-09-30_11-19-38_0000015_00000323,noise,2026-01-24T19:23:37.719690,candidates
2024-09-30_11-19-38_0000015_00000998,USV,2026-01-24T19:23:44.185915,candidates
2024-09-30_11-19-38_0000015_00001443,USV,2026-01-24T19:23:55.865489,candidates
2024-09-30_11-19-38_0000015_00001561,USV,2026-01-24T19:24:04.777660,candidates
2024-09-30_11-19-38_0000015_00001891,USV,2026-01-24T19:24:11.399973,candidates
2024-09-30_11-19-38_0000015_00002583,USV,2026-01-24T19:24:15.487549,candidates
2024-09-30_11-19-38_0000015_00002632,noise,2026-01-24T19:24:16.540941,candidates
2024-09-30_11-19-38_0000015_00002912,noise,2026-01-24T19:24:17.209977,candidates
2024-09-30_11-19-38_0000015_00003153,USV,2026-01-24T19:24:23.375603,candidates
2024-09-30_11-19-38_0000015_00003260,USV,2026-01-24T19:24:24.269723,candidates
2024-09-30_11-19-38_0000015_00003325,noise,2026-01-24T19:24:25.282768,candidates
2024-09-30_11-19-38_0000015_00003352,USV,2026-01-24T19:24:25.940045,candidates
2024-09-30_11-19-38_0000015_00003390,noise,2026-01-24T19:24:26.895273,candidates
2024-09-30_11-19-38_0000015_00003467,USV,2026-01-24T19:24:27.651559,candidates
2024-09-30_11-19-38_0000015_00004377,noise,2026-01-24T19:24:28.622284,candidates
2024-09-30_11-19-38_0000015_00004544,USV,2026-01-24T19:24:29.552456,candidates
2024-09-30_11-19-38_0000015_00004758,USV,2026-01-24T19:24:30.353621,candidates
2024-09-30_11-19-38_0000015_00005095,USV,2026-01-24T19:24:31.026019,candidates
2024-09-30_11-19-38_0000015_00005329,USV,2026-01-24T19:24:39.432265,candidates
2024-09-30_11-19-38_0000015_00005586,USV,2026-01-24T19:24:52.508906,candidates
2024-09-30_11-19-38_0000015_00006506,USV,2026-01-24T19:24:58.608661,candidates
2024-09-30_11-19-38_0000015_00006622,USV,2026-01-24T19:25:04.165075,candidates
2024-09-30_11-19-38_0000015_00006763,USV,2026-01-24T19:25:08.585945,candidates
2024-09-30_11-19-38_0000015_00006879,USV,2026-01-24T19:25:09.424469,candidates
2024-09-30_11-19-38_0000015_00007010,USV,2026-01-24T19:25:10.776868,candidates
2024-09-30_11-19-38_0000015_00007102,USV,2026-01-24T19:25:11.648518,candidates
2024-09-30_11-19-38_0000015_00007219,USV,2026-01-24T19:25:12.369232,candidates
2024-09-30_11-19-38_0000015_00007431,USV,2026-01-24T19:25:13.186221,candidates
2024-09-30_11-19-38_0000015_00007932,USV,2026-01-24T19:25:13.890979,candidates
2024-09-30_11-19-38_0000015_00008044,USV,2026-01-24T19:25:14.603509,candidates
2024-09-30_11-19-38_0000015_00008146,USV,2026-01-24T19:25:15.324911,candidates
2024-09-30_11-19-38_0000015_00008618,USV,2026-01-24T19:25:16.262484,candidates
2024-09-30_11-19-38_0000015_00008766,USV,2026-01-24T19:25:25.093686,candidates
2024-09-30_11-19-38_0000015_00009411,USV,2026-01-24T19:25:31.288179,candidates
2024-09-30_11-19-38_0000015_00009641,USV,2026-01-24T19:25:38.324820,candidates
2024-09-30_11-19-38_0000015_00009747,USV,2026-01-24T19:25:39.376839,candidates
2024-09-30_11-19-38_0000015_00009876,USV,2026-01-24T19:25:40.019384,candidates
2024-09-30_11-19-38_0000015_00009998,USV,2026-01-24T19:25:40.656686,candidates
2024-09-30_11-19-38_0000015_00010108,USV,2026-01-24T19:25:41.384314,candidates
2024-09-30_11-19-38_0000015_00010221,USV,2026-01-24T19:25:42.012447,candidates
2024-09-30_11-19-38_0000015_00010333,USV,2026-01-24T19:25:42.879147,candidates
2024-09-30_11-19-38_0000015_00010559,USV,2026-01-24T19:25:43.558136,candidates
2024-09-30_11-19-38_0000015_00010659,USV,2026-01-24T19:25:44.306869,candidates
2024-09-30_11-19-38_0000015_00010789,USV,2026-01-24T19:25:45.345139,candidates
2024-09-30_11-19-38_0000015_00010918,USV,2026-01-24T19:25:46.143374,candidates
2024-09-30_11-19-38_0000015_00011028,USV,2026-01-24T19:25:47.361865,candidates
2024-09-30_11-19-38_0000015_00011144,USV,2026-01-24T19:25:48.296358,candidates
2024-09-30_11-19-38_0000015_00011270,USV,2026-01-24T19:25:49.002934,candidates
2024-09-30_11-19-38_0000015_00011383,USV,2026-01-24T19:25:49.670981,candidates
2024-09-30_11-19-38_0000015_00011483,USV,2026-01-24T19:25:58.133951,candidates
2024-09-30_11-19-38_0000015_00011523,USV,2026-01-24T19:26:05.659139,candidates
2024-09-30_11-19-38_0000015_00011618,USV,2026-01-24T19:26:06.733014,candidates
2024-09-30_11-19-38_0000015_00011841,USV,2026-01-24T19:26:08.096657,candidates
2024-09-30_11-19-38_0000015_00011954,USV,2026-01-24T19:26:12.906270,candidates
2024-09-30_11-19-38_0000015_00012064,USV,2026-01-24T19:26:17.309633,candidates
2024-09-30_11-19-38_0000015_00012275,USV,2026-01-24T19:26:22.471354,candidates
2024-09-30_11-19-38_0000015_00012456,USV,2026-01-24T19:26:27.334076,candidates
2024-09-30_11-19-38_0000015_00012742,USV,2026-01-24T19:26:28.418048,candidates
2024-09-30_11-19-38_0000015_00013114,USV,2026-01-24T19:26:31.192280,candidates
2024-09-30_11-19-38_0000015_00013327,USV,2026-01-24T19:26:31.885616,candidates
2024-09-30_11-19-38_0000015_00013543,USV,2026-01-24T19:26:32.586505,candidates
2024-09-30_11-19-38_0000015_00013656,USV,2026-01-24T19:26:33.555721,candidates
2024-09-30_11-19-38_0000015_00013749,USV,2026-01-24T19:26:34.195900,candidates
2024-09-30_11-19-38_0000015_00013970,USV,2026-01-24T19:26:36.147924,candidates
2024-09-30_11-19-38_0000015_00014001,USV,2026-01-24T19:26:36.897888,candidates
2024-09-30_11-19-38_0000015_00014116,USV,2026-01-24T19:26:37.829927,candidates
2024-09-30_11-19-38_0000015_00014550,USV,2026-01-24T19:26:43.203105,candidates
2024-09-30_11-19-38_0000015_00015073,USV,2026-01-24T19:26:44.637292,candidates
2024-09-30_11-19-38_0000015_00015134,noise,2026-01-24T19:26:45.626333,candidates
2024-09-30_11-19-54_0000016_00000928,USV,2026-01-24T19:26:46.513314,candidates
2024-09-30_11-19-54_0000016_00001018,USV,2026-01-24T19:26:47.406794,candidates
2024-09-30_11-19-54_0000016_00001078,noise,2026-01-24T19:26:48.305457,candidates
2024-09-30_11-19-54_0000016_00001439,USV,2026-01-24T19:26:49.045141,candidates
2024-09-30_11-19-54_0000016_00001763,USV,2026-01-24T19:26:49.664878,candidates
2024-09-30_11-19-54_0000016_00002121,USV,2026-01-24T19:26:50.813403,candidates
2024-09-30_11-19-55_0000017_00000292,USV,2026-01-24T19:26:51.627817,candidates
2024-09-30_11-19-55_0000017_00000623,USV,2026-01-24T19:26:53.189987,candidates
2024-09-30_11-19-55_0000017_00000975,USV,2026-01-24T19:26:54.043838,candidates
2024-09-30_11-19-55_0000017_00001090,noise,2026-01-24T19:26:55.719899,candidates
2024-09-30_11-19-55_0000017_00001716,USV,2026-01-24T19:26:56.566174,candidates
2024-09-30_11-19-55_0000017_00002376,USV,2026-01-24T19:26:57.436135,candidates
2024-09-30_11-19-55_0000017_00002566,USV,2026-01-24T19:26:58.165394,candidates
2024-09-30_11-19-55_0000017_00003452,USV,2026-01-24T19:26:59.031950,candidates
2024-09-30_11-19-55_0000017_00003532,noise,2026-01-24T19:27:01.015589,candidates
2024-09-30_11-19-58_0000018_00000149,USV,2026-01-24T19:27:02.048601,candidates
2024-09-30_11-19-58_0000018_00000892,USV,2026-01-24T19:27:03.126445,candidates
2024-09-30_11-19-58_0000018_00001032,noise,2026-01-24T19:27:04.821076,candidates
2024-09-30_11-19-58_0000018_00001932,USV,2026-01-24T19:27:11.526406,candidates
2024-09-30_11-19-58_0000018_00002045,USV,2026-01-24T19:27:12.553830,candidates
2024-09-30_11-19-58_0000018_00002367,USV,2026-01-24T19:27:13.439656,candidates
2024-09-30_11-19-58_0000018_00002494,USV,2026-01-24T19:27:26.674175,candidates
2024-09-30_11-19-58_0000018_00002654,USV,2026-01-24T19:27:32.365294,candidates
2024-09-30_11-19-58_0000018_00003526,USV,2026-01-24T19:27:41.032091,candidates
2024-09-30_11-20-03_0000019_00000037,USV,2026-01-24T19:27:42.471758,candidates
2024-09-30_11-20-03_0000019_00000893,USV,2026-01-24T19:27:43.204336,candidates
2024-09-30_11-20-03_0000019_00001007,USV,2026-01-24T19:27:43.834947,candidates
2024-09-30_11-20-03_0000019_00001132,USV,2026-01-24T19:27:44.387153,candidates
2024-09-30_11-20-03_0000019_00001260,USV,2026-01-24T19:27:47.273192,candidates
2024-09-30_11-20-03_0000019_00001387,USV,2026-01-24T19:27:48.181290,candidates
2024-09-30_11-20-03_0000019_00001481,USV,2026-01-24T19:27:48.910357,candidates
2024-09-30_11-20-03_0000019_00001619,USV,2026-01-24T19:27:49.634289,candidates
2024-09-30_11-20-03_0000019_00002076,USV,2026-01-24T19:27:50.178287,candidates
2024-09-30_11-20-03_0000019_00002268,USV,2026-01-24T19:27:50.757278,candidates
2024-09-30_11-20-03_0000019_00002425,noise,2026-01-24T19:27:51.918219,candidates
2024-09-30_11-20-03_0000019_00002474,noise,2026-01-24T19:27:52.841838,candidates
2024-09-30_11-20-03_0000019_00002504,noise,2026-01-24T19:27:53.881789,candidates
2024-09-30_11-20-03_0000019_00002807,USV,2026-01-24T19:27:54.618809,candidates
2024-09-30_11-20-07_0000020_00001046,USV,2026-01-24T19:27:55.243112,candidates
2024-09-30_11-20-07_0000020_00001449,USV,2026-01-24T19:27:55.896246,candidates
2024-09-30_11-20-07_0000020_00001585,USV,2026-01-24T19:27:56.571286,candidates
2024-09-30_11-20-07_0000020_00001696,USV,2026-01-24T19:27:57.356744,candidates
2024-09-30_11-20-07_0000020_00001790,USV,2026-01-24T19:27:57.997576,candidates
2024-09-30_11-20-07_0000020_00002019,USV,2026-01-24T19:27:58.627582,candidates
2024-09-30_11-20-07_0000020_00002621,USV,2026-01-24T19:27:59.328430,candidates
2024-09-30_11-20-09_0000021_00001060,noise,2026-01-24T19:28:00.186463,candidates
2024-09-30_11-20-09_0000021_00001243,noise,2026-01-24T19:28:01.072184,candidates
2024-09-30_11-20-09_0000021_00001350,noise,2026-01-24T19:28:01.995839,candidates
2024-09-30_11-20-09_0000021_00001580,noise,2026-01-24T19:28:02.691791,candidates
2024-09-30_11-20-09_0000021_00001899,noise,2026-01-24T19:28:03.439645,candidates
2024-09-30_11-20-14_0000022_00000706,USV,2026-01-24T19:28:11.815255,candidates
2024-09-30_11-20-14_0000022_00000794,USV,2026-01-24T19:28:12.922450,candidates
2024-09-30_11-20-14_0000022_00000980,USV,2026-01-24T19:28:13.550963,candidates
2024-09-30_11-20-14_0000022_00001115,USV,2026-01-24T19:28:24.413746,candidates
2024-09-30_11-20-14_0000022_00001244,USV,2026-01-24T19:28:31.489015,candidates
2024-09-30_11-20-14_0000022_00001402,USV,2026-01-24T19:28:32.483959,candidates
2024-09-30_11-20-14_0000022_00001527,USV,2026-01-24T19:28:41.666531,candidates
2024-09-30_11-20-14_0000022_00001602,USV,2026-01-24T19:28:42.776759,candidates
2024-09-30_11-20-14_0000022_00001731,USV,2026-01-24T19:28:43.426205,candidates
2024-09-30_11-20-14_0000022_00001868,USV,2026-01-24T19:28:50.541909,candidates
2024-09-30_11-20-14_0000022_00002080,USV,2026-01-24T19:28:54.891311,candidates
2024-09-30_11-20-14_0000022_00002159,USV,2026-01-24T19:28:55.634872,candidates
2024-09-30_11-20-14_0000022_00002256,USV,2026-01-24T19:29:01.236101,candidates
2024-09-30_11-20-14_0000022_00002362,USV,2026-01-24T19:29:04.535852,candidates
2024-09-30_11-20-14_0000022_00002534,USV,2026-01-24T19:29:13.261024,candidates
2024-09-30_11-20-14_0000022_00002642,USV,2026-01-24T19:29:13.949257,candidates
2024-09-30_11-20-14_0000022_00002832,USV,2026-01-24T19:29:14.621965,candidates
2024-09-30_11-20-14_0000022_00002945,USV,2026-01-24T19:29:20.827207,candidates
2024-09-30_11-20-14_0000022_00003053,USV,2026-01-24T19:29:21.981520,candidates
2024-09-30_11-20-14_0000022_00003549,USV,2026-01-24T19:29:28.973982,candidates
2024-09-30_11-20-14_0000022_00003965,USV,2026-01-24T19:29:30.059792,candidates
2024-09-30_11-20-14_0000022_00004358,USV,2026-01-24T19:29:36.705861,candidates
2024-09-30_11-20-14_0000022_00004596,USV,2026-01-24T19:29:37.833742,candidates
2024-09-30_11-20-14_0000022_00005165,USV,2026-01-24T19:29:44.767250,candidates
2024-09-30_11-20-14_0000022_00005254,USV,2026-01-24T19:29:45.888901,candidates
2024-09-30_11-20-14_0000022_00005351,USV,2026-01-24T19:29:46.500355,candidates
2024-09-30_11-20-14_0000022_00005473,USV,2026-01-24T19:29:47.033972,candidates
2024-09-30_11-20-14_0000022_00005597,USV,2026-01-24T19:29:47.629324,candidates
2024-09-30_11-20-14_0000022_00005714,USV,2026-01-24T19:29:48.212414,candidates
2024-09-30_11-20-14_0000022_00005830,USV,2026-01-24T19:29:48.938989,candidates
2024-09-30_11-20-14_0000022_00005992,USV,2026-01-24T19:29:49.563260,candidates
2024-09-30_11-20-14_0000022_00006109,USV,2026-01-24T19:29:50.174757,candidates
2024-09-30_11-20-14_0000022_00006217,USV,2026-01-24T19:29:50.812430,candidates
2024-09-30_11-20-14_0000022_00006331,USV,2026-01-24T19:29:51.419763,candidates
2024-09-30_11-20-14_0000022_00006610,USV,2026-01-24T19:29:52.096463,candidates
2024-09-30_11-20-14_0000022_00006705,USV,2026-01-24T19:29:52.797963,candidates
2024-09-30_11-20-14_0000022_00007259,USV,2026-01-24T19:29:53.447664,candidates
2024-09-30_11-20-14_0000022_00007284,USV,2026-01-24T19:29:54.285405,candidates
2024-09-30_11-20-14_0000022_00007588,USV,2026-01-24T19:29:54.906815,candidates
2024-09-30_11-20-14_0000022_00007687,USV,2026-01-24T19:29:55.564734,candidates
2024-09-30_11-20-14_0000022_00007780,USV,2026-01-24T19:29:56.791650,candidates
2024-09-30_11-20-14_0000022_00007807,USV,2026-01-24T19:29:57.623107,candidates
2024-09-30_11-20-14_0000022_00007898,USV,2026-01-24T19:29:58.221958,candidates
2024-09-30_11-20-14_0000022_00008093,USV,2026-01-24T19:29:58.837214,candidates
2024-09-30_11-20-14_0000022_00008188,USV,2026-01-24T19:29:59.608951,candidates
2024-09-30_11-20-14_0000022_00008443,USV,2026-01-24T19:30:00.257662,candidates
2024-09-30_11-20-14_0000022_00009017,USV,2026-01-24T19:30:09.049757,candidates
2024-09-30_11-20-14_0000022_00009263,USV,2026-01-24T19:30:10.369847,candidates
2024-09-30_11-20-14_0000022_00009886,USV,2026-01-24T19:30:17.721709,candidates
2024-09-30_11-20-14_0000022_00010456,USV,2026-01-24T19:30:19.022342,candidates
2024-09-30_11-20-14_0000022_00010604,USV,2026-01-24T19:30:19.667036,candidates
2024-09-30_11-20-14_0000022_00010755,USV,2026-01-24T19:30:20.861547,candidates
2024-09-30_11-20-14_0000022_00010810,USV,2026-01-24T19:30:21.622160,candidates
2024-09-30_11-20-14_0000022_00012718,USV,2026-01-24T19:30:27.590792,candidates
2024-09-30_11-20-14_0000022_00012743,noise,2026-01-24T19:30:28.618756,candidates
2024-09-30_11-20-14_0000022_00012829,noise,2026-01-24T19:30:30.890562,candidates
2024-09-30_11-20-26_0000023_00000087,USV,2026-01-24T19:30:31.661742,candidates
2024-09-30_11-20-26_0000023_00000212,USV,2026-01-24T19:30:32.355995,candidates
2024-09-30_11-20-26_0000023_00000428,USV,2026-01-24T19:30:38.399240,candidates
2024-09-30_11-20-26_0000023_00000799,USV,2026-01-24T19:30:41.457193,candidates
2024-09-30_11-20-26_0000023_00000919,USV,2026-01-24T19:30:42.769590,candidates
2024-09-30_11-20-26_0000023_00001032,USV,2026-01-24T19:30:43.410160,candidates
2024-09-30_11-20-26_0000023_00001175,USV,2026-01-24T19:30:44.104349,candidates
2024-09-30_11-20-26_0000023_00001284,USV,2026-01-24T19:30:45.037781,candidates
2024-09-30_11-20-26_0000023_00001379,USV,2026-01-24T19:30:45.905336,candidates
2024-09-30_11-20-26_0000023_00001586,USV,2026-01-24T19:30:46.869096,candidates
2024-09-30_11-20-26_0000023_00001783,USV,2026-01-24T19:30:47.645354,candidates
2024-09-30_11-20-29_0000024_00001005,USV,2026-01-24T19:30:48.286962,candidates
2024-09-30_11-20-29_0000024_00001294,USV,2026-01-24T19:30:48.904429,candidates
2024-09-30_11-20-29_0000024_00001592,USV,2026-01-24T19:30:49.561662,candidates
2024-09-30_11-20-29_0000024_00001746,USV,2026-01-24T19:30:50.292996,candidates
2024-09-30_11-20-29_0000024_00002079,USV,2026-01-24T19:30:50.968281,candidates
2024-09-30_11-20-29_0000024_00002181,USV,2026-01-24T19:30:51.542051,candidates
2024-09-30_11-20-29_0000024_00002299,USV,2026-01-24T19:30:52.132518,candidates
2024-09-30_11-20-29_0000024_00002674,USV,2026-01-24T19:30:52.744446,candidates
2024-09-30_11-20-29_0000024_00002777,USV,2026-01-24T19:30:53.304941,candidates
2024-09-30_11-20-32_0000025_00000807,USV,2026-01-24T19:30:54.075926,candidates
2024-09-30_11-20-32_0000025_00000904,USV,2026-01-24T19:30:55.264093,candidates
2024-09-30_11-20-32_0000025_00001016,USV,2026-01-24T19:30:55.909916,candidates
2024-09-30_11-20-32_0000025_00001136,USV,2026-01-24T19:30:56.519914,candidates
2024-09-30_11-20-32_0000025_00001264,USV,2026-01-24T19:30:57.513251,candidates
2024-09-30_11-20-32_0000025_00001382,USV,2026-01-24T19:30:58.264566,candidates
2024-09-30_11-20-32_0000025_00001742,USV,2026-01-24T19:30:58.930910,candidates
2024-09-30_11-20-32_0000025_00001843,USV,2026-01-24T19:30:59.494748,candidates
2024-09-30_11-20-32_0000025_00001884,noise,2026-01-24T19:31:00.389767,candidates
2024-09-30_11-20-32_0000025_00002025,USV,2026-01-24T19:31:01.379057,candidates
2024-09-30_11-20-32_0000025_00002199,noise,2026-01-24T19:31:02.466431,candidates
2024-09-30_11-20-32_0000025_00002402,USV,2026-01-24T19:31:03.227979,candidates
2024-09-30_11-20-32_0000025_00002505,USV,2026-01-24T19:31:04.120189,candidates
2024-09-30_11-20-32_0000025_00002605,USV,2026-01-24T19:31:10.510499,candidates
2024-09-30_11-20-32_0000025_00002834,noise,2026-01-24T19:31:11.514226,candidates
2024-09-30_11-20-34_0000026_00000111,USV,2026-01-24T19:31:12.257476,candidates
2024-09-30_11-20-34_0000026_00000287,noise,2026-01-24T19:31:13.702327,candidates
2024-09-30_11-20-34_0000026_00000491,USV,2026-01-24T19:31:14.391574,candidates
2024-09-30_11-20-34_0000026_00000593,USV,2026-01-24T19:31:15.099019,candidates
2024-09-30_11-20-34_0000026_00000694,USV,2026-01-24T19:31:19.542658,candidates
2024-09-30_11-20-34_0000026_00000923,noise,2026-01-24T19:31:20.646724,candidates
2024-09-30_11-20-34_0000026_00000996,USV,2026-01-24T19:31:21.368652,candidates
2024-09-30_11-20-34_0000026_00001105,USV,2026-01-24T19:31:22.110028,candidates
2024-09-30_11-20-34_0000026_00001388,noise,2026-01-24T19:31:22.975132,candidates
2024-09-30_11-20-34_0000026_00001472,USV,2026-01-24T19:31:23.694708,candidates
2024-09-30_11-20-34_0000026_00001719,USV,2026-01-24T19:31:24.391331,candidates
2024-09-30_11-20-34_0000026_00001770,noise,2026-01-24T19:31:25.240008,candidates
2024-09-30_11-20-34_0000026_00002172,USV,2026-01-24T19:31:26.101098,candidates
2024-09-30_11-20-35_0000027_00001003,USV,2026-01-24T19:31:26.873116,candidates
2024-09-30_11-20-35_0000027_00001084,noise,2026-01-24T19:31:27.706928,candidates
2024-09-30_11-20-35_0000027_00001124,noise,2026-01-24T19:31:28.645240,candidates
2024-09-30_11-20-35_0000027_00001430,noise,2026-01-24T19:31:29.709909,candidates
2024-09-30_11-20-38_0000028_00000936,USV,2026-01-24T19:31:30.603971,candidates
2024-09-30_11-20-38_0000028_00001034,USV,2026-01-24T19:31:31.556310,candidates
2024-09-30_11-20-38_0000028_00001341,USV,2026-01-24T19:31:33.023796,candidates
2024-09-30_11-20-38_0000028_00001358,USV,2026-01-24T19:31:33.703815,candidates
2024-09-30_11-20-38_0000028_00001679,USV,2026-01-24T19:31:34.625493,candidates
2024-09-30_11-20-38_0000028_00001798,USV,2026-01-24T19:31:35.463142,candidates
2024-09-30_11-20-38_0000028_00001923,USV,2026-01-24T19:31:36.231446,candidates
2024-09-30_11-20-38_0000028_00001987,USV,2026-01-24T19:31:36.928505,candidates
2024-09-30_11-20-38_0000028_00002112,USV,2026-01-24T19:31:37.722264,candidates
2024-09-30_11-20-38_0000028_00002237,USV,2026-01-24T19:31:38.468594,candidates
2024-09-30_11-20-38_0000028_00002325,USV,2026-01-24T19:31:39.219291,candidates
2024-09-30_11-20-38_0000028_00002439,USV,2026-01-24T19:31:40.089583,candidates
2024-09-30_11-20-38_0000028_00002548,USV,2026-01-24T19:31:40.726377,candidates
2024-09-30_11-20-38_0000028_00002612,noise,2026-01-24T19:31:41.736894,candidates
2024-09-30_11-20-38_0000028_00002649,USV,2026-01-24T19:31:42.410422,candidates
2024-09-30_11-20-41_0000029_00001027,USV,2026-01-24T19:31:44.245029,candidates
2024-09-30_11-20-41_0000029_00001450,USV,2026-01-24T19:31:44.972900,candidates
2024-09-30_11-20-41_0000029_00001696,USV,2026-01-24T19:31:52.091223,candidates
2024-09-30_11-20-41_0000029_00001716,USV,2026-01-24T19:31:54.720332,candidates
2024-09-30_11-20-41_0000029_00001811,USV,2026-01-24T19:31:55.387905,candidates
2024-09-30_11-20-41_0000029_00001923,USV,2026-01-24T19:31:56.429413,candidates
2024-09-30_11-20-41_0000029_00001965,USV,2026-01-24T19:31:57.065173,candidates
2024-09-30_11-20-41_0000029_00002093,USV,2026-01-24T19:31:57.806390,candidates
2024-09-30_11-20-41_0000029_00002206,USV,2026-01-24T19:31:58.552711,candidates
2024-09-30_11-20-41_0000029_00002342,USV,2026-01-24T19:31:59.248717,candidates
2024-09-30_11-20-41_0000029_00002438,USV,2026-01-24T19:31:59.918004,candidates
2024-09-30_11-20-41_0000029_00002656,USV,2026-01-24T19:32:00.612708,candidates
2024-09-30_11-20-41_0000029_00002865,USV,2026-01-24T19:32:01.227792,candidates
2024-09-30_11-20-41_0000029_00002986,USV,2026-01-24T19:32:02.516841,candidates
2024-09-30_11-20-41_0000029_00003011,USV,2026-01-24T19:32:03.433800,candidates
2024-09-30_11-20-41_0000029_00003184,USV,2026-01-24T19:32:04.128198,candidates
2024-09-30_11-20-45_0000030_00001005,USV,2026-01-24T19:32:05.913488,candidates
2024-09-30_11-20-45_0000030_00001114,USV,2026-01-24T19:32:06.669105,candidates
2024-09-30_11-20-45_0000030_00001226,USV,2026-01-24T19:32:07.350897,candidates
2024-09-30_11-20-45_0000030_00001342,USV,2026-01-24T19:32:08.016324,candidates
2024-09-30_11-20-45_0000030_00001448,USV,2026-01-24T19:32:08.660914,candidates
2024-09-30_11-20-45_0000030_00001559,USV,2026-01-24T19:32:09.292091,candidates
2024-09-30_11-20-45_0000030_00001662,USV,2026-01-24T19:32:09.925490,candidates
2024-09-30_11-20-45_0000030_00001765,USV,2026-01-24T19:32:10.520840,candidates
2024-09-30_11-20-45_0000030_00001890,USV,2026-01-24T19:32:11.088511,candidates
2024-09-30_11-20-45_0000030_00002419,USV,2026-01-24T19:32:11.946297,candidates
2024-09-30_11-20-45_0000030_00002618,noise,2026-01-24T19:32:12.908392,candidates
2024-09-30_11-20-45_0000030_00002959,USV,2026-01-24T19:32:13.670461,candidates
2024-09-30_11-20-45_0000030_00003157,USV,2026-01-24T19:32:14.620899,candidates
2024-09-30_11-20-45_0000030_00003399,noise,2026-01-24T19:32:15.436892,candidates
2024-09-30_11-20-45_0000030_00004172,noise,2026-01-24T19:32:16.176792,candidates
2024-09-30_11-20-48_0000031_00000093,noise,2026-01-24T19:32:16.846710,candidates
2024-09-30_11-20-48_0000031_00000643,noise,2026-01-24T19:32:17.432176,candidates
2024-09-30_11-20-48_0000031_00000838,noise,2026-01-24T19:32:18.072656,candidates
2024-09-30_11-20-48_0000031_00000989,noise,2026-01-24T19:32:18.665770,candidates
2024-09-30_11-20-48_0000031_00001468,noise,2026-01-24T19:32:19.326807,candidates
2024-09-30_11-20-48_0000031_00002019,USV,2026-01-24T19:32:20.257804,candidates
2024-09-30_11-20-53_0000032_00000638,noise,2026-01-24T19:32:21.199952,candidates
2024-09-30_11-20-53_0000032_00000782,USV,2026-01-24T19:32:27.964472,candidates
2024-09-30_11-20-53_0000032_00000893,USV,2026-01-24T19:32:29.925517,candidates
2024-09-30_11-20-53_0000032_00000983,USV,2026-01-24T19:32:30.898423,candidates
2024-09-30_11-20-53_0000032_00002151,USV,2026-01-24T19:32:31.992859,candidates
2024-09-30_11-20-53_0000032_00002252,USV,2026-01-24T19:32:32.819255,candidates
2024-09-30_11-20-53_0000032_00002444,USV,2026-01-24T19:32:38.930307,candidates
2024-09-30_11-20-53_0000032_00002557,USV,2026-01-24T19:32:49.659563,candidates
2024-09-30_11-20-53_0000032_00002752,noise,2026-01-24T19:32:53.819601,candidates
2024-09-30_11-20-53_0000032_00002787,USV,2026-01-24T19:32:54.567573,candidates
2024-09-30_11-20-53_0000032_00002900,USV,2026-01-24T19:32:55.908777,candidates
2024-09-30_11-20-53_0000032_00002923,USV,2026-01-24T19:32:56.751275,candidates
2024-09-30_11-20-53_0000032_00003014,USV,2026-01-24T19:32:57.918774,candidates
2024-09-30_11-20-53_0000032_00003046,USV,2026-01-24T19:32:58.512629,candidates
2024-09-30_11-20-53_0000032_00003764,USV,2026-01-24T19:32:59.502477,candidates
2024-09-30_11-20-56_0000033_00000266,USV,2026-01-24T19:33:00.194710,candidates
2024-09-30_11-20-56_0000033_00000376,USV,2026-01-24T19:33:00.869145,candidates
2024-09-30_11-20-56_0000033_00001033,USV,2026-01-24T19:33:01.588292,candidates
2024-09-30_11-20-56_0000033_00001187,USV,2026-01-24T19:33:02.319698,candidates
2024-09-30_11-20-56_0000033_00001315,USV,2026-01-24T19:33:03.737727,candidates
2024-09-30_11-20-56_0000033_00001443,USV,2026-01-24T19:33:04.559776,candidates
2024-09-30_11-21-01_0000034_00001135,USV,2026-01-24T19:33:05.186776,candidates
2024-09-30_11-21-01_0000034_00001248,USV,2026-01-24T19:33:05.828394,candidates
2024-09-30_11-21-01_0000034_00001350,USV,2026-01-24T19:33:15.981276,candidates
2024-09-30_11-21-01_0000034_00001460,USV,2026-01-24T19:33:18.083385,candidates
2024-09-30_11-21-01_0000034_00001565,USV,2026-01-24T19:33:19.268475,candidates
2024-09-30_11-21-01_0000034_00001676,USV,2026-01-24T19:33:19.918089,candidates
2024-09-30_11-21-01_0000034_00001764,USV,2026-01-24T19:33:21.928996,candidates
2024-09-30_11-21-01_0000034_00001781,USV,2026-01-24T19:33:22.592976,candidates
2024-09-30_11-21-01_0000034_00001870,USV,2026-01-24T19:33:23.565734,candidates
2024-09-30_11-21-01_0000034_00001976,USV,2026-01-24T19:33:24.181691,candidates
2024-09-30_11-21-01_0000034_00002177,USV,2026-01-24T19:33:33.614325,candidates
2024-09-30_11-21-01_0000034_00002288,USV,2026-01-24T19:33:35.003057,candidates
2024-09-30_11-21-01_0000034_00002388,USV,2026-01-24T19:33:45.240062,candidates
2024-09-30_11-21-01_0000034_00002797,USV,2026-01-24T19:33:45.977234,candidates
2024-09-30_11-21-01_0000034_00003226,USV,2026-01-24T19:33:46.593565,candidates
2024-09-30_11-21-01_0000034_00003514,USV,2026-01-24T19:33:48.252311,candidates
2024-09-30_11-21-01_0000034_00003747,noise,2026-01-24T19:33:49.428971,candidates
2024-09-30_11-21-01_0000034_00003977,USV,2026-01-24T19:33:50.315162,candidates
2024-09-30_11-21-01_0000034_00004042,USV,2026-01-24T19:33:51.654353,candidates
2024-09-30_11-21-01_0000034_00004815,USV,2026-01-24T19:33:52.375184,candidates
2024-09-30_11-21-01_0000034_00004955,USV,2026-01-24T19:33:53.031985,candidates
2024-09-30_11-21-07_0000035_00001038,USV,2026-01-24T19:33:53.748890,candidates
2024-09-30_11-21-07_0000035_00001128,USV,2026-01-24T19:33:54.627837,candidates
2024-09-30_11-21-07_0000035_00001256,USV,2026-01-24T19:33:55.359591,candidates
2024-09-30_11-21-07_0000035_00001386,noise,2026-01-24T19:33:56.328506,candidates
2024-09-30_11-21-07_0000035_00002306,USV,2026-01-24T19:33:57.030661,candidates
2024-09-30_11-21-07_0000035_00002817,USV,2026-01-24T19:33:57.855677,candidates
2024-09-30_11-21-07_0000035_00003102,USV,2026-01-24T19:33:58.558081,candidates
2024-09-30_11-21-07_0000035_00003213,USV,2026-01-24T19:33:59.155240,candidates
2024-09-30_11-21-07_0000035_00003322,USV,2026-01-24T19:33:59.760914,candidates
2024-09-30_11-21-07_0000035_00003422,USV,2026-01-24T19:34:00.380058,candidates
2024-09-30_11-21-07_0000035_00003520,USV,2026-01-24T19:34:01.258480,candidates
2024-09-30_11-21-07_0000035_00003616,USV,2026-01-24T19:34:01.863250,candidates
2024-09-30_11-21-07_0000035_00003739,USV,2026-01-24T19:34:02.400485,candidates
2024-09-30_11-21-07_0000035_00003856,USV,2026-01-24T19:34:02.924157,candidates
2024-09-30_11-21-07_0000035_00003959,USV,2026-01-24T19:34:03.452405,candidates
2024-09-30_11-21-07_0000035_00004448,USV,2026-01-24T19:34:03.979511,candidates
2024-09-30_11-21-07_0000035_00004722,USV,2026-01-24T19:34:04.523764,candidates
2024-09-30_11-21-07_0000035_00004837,USV,2026-01-24T19:34:05.118741,candidates
2024-09-30_11-21-07_0000035_00004957,USV,2026-01-24T19:34:05.659971,candidates
2024-09-30_11-21-07_0000035_00005199,USV,2026-01-24T19:34:06.228585,candidates
2024-09-30_11-21-07_0000035_00005339,USV,2026-01-24T19:34:06.797837,candidates
2024-09-30_11-21-07_0000035_00005594,USV,2026-01-24T19:34:07.352217,candidates
2024-09-30_11-21-07_0000035_00005761,USV,2026-01-24T19:34:07.889345,candidates
2024-09-30_11-21-07_0000035_00005914,USV,2026-01-24T19:34:08.436272,candidates
2024-09-30_11-21-07_0000035_00006040,USV,2026-01-24T19:34:09.423269,candidates
2024-09-30_11-21-07_0000035_00006140,USV,2026-01-24T19:34:09.990871,candidates
2024-09-30_11-21-07_0000035_00006702,USV,2026-01-24T19:34:10.636346,candidates
2024-09-30_11-21-07_0000035_00006908,noise,2026-01-24T19:34:12.270320,candidates
2024-09-30_11-21-14_0000036_00000203,USV,2026-01-24T19:34:13.060619,candidates
2024-09-30_11-21-14_0000036_00000407,noise,2026-01-24T19:34:14.305573,candidates
2024-09-30_11-21-14_0000036_00000889,USV,2026-01-24T19:34:15.188112,candidates
2024-09-30_11-21-14_0000036_00001046,USV,2026-01-24T19:34:15.881298,candidates
2024-09-30_11-21-14_0000036_00001102,noise,2026-01-24T19:34:16.847406,candidates
2024-09-30_11-21-14_0000036_00001437,USV,2026-01-24T19:34:17.599600,candidates
2024-09-30_11-21-14_0000036_00001606,USV,2026-01-24T19:34:18.331485,candidates
2024-09-30_11-21-14_0000036_00003092,noise,2026-01-24T19:34:19.265762,candidates
2024-09-30_11-21-14_0000036_00003126,noise,2026-01-24T19:34:19.977390,candidates
2024-09-30_11-21-18_0000037_00000676,USV,2026-01-24T19:34:20.876186,candidates
2024-09-30_11-21-18_0000037_00000902,USV,2026-01-24T19:34:21.666253,candidates
2024-09-30_11-21-18_0000037_00000960,noise,2026-01-24T19:34:22.521642,candidates
2024-09-30_11-21-18_0000037_00001002,USV,2026-01-24T19:34:23.222272,candidates
2024-09-30_11-21-18_0000037_00001083,USV,2026-01-24T19:34:24.040129,candidates
2024-09-30_11-21-18_0000037_00001244,noise,2026-01-24T19:34:25.825657,candidates
2024-09-30_11-21-18_0000037_00001529,USV,2026-01-24T19:34:26.522716,candidates
2024-09-30_11-21-22_0000038_00000890,USV,2026-01-24T19:34:27.219963,candidates
2024-09-30_11-21-22_0000038_00001003,USV,2026-01-24T19:34:28.182961,candidates
2024-09-30_11-21-22_0000038_00001395,noise,2026-01-24T19:34:29.083542,candidates
2024-09-30_11-21-22_0000038_00001455,USV,2026-01-24T19:34:30.022561,candidates
2024-09-30_11-21-22_0000038_00001642,noise,2026-01-24T19:34:30.950051,candidates
2024-09-30_11-21-22_0000038_00001740,noise,2026-01-24T19:34:32.425099,candidates
2024-09-30_11-21-22_0000038_00001940,noise,2026-01-24T19:34:33.622430,candidates
2024-09-30_11-21-24_0000039_00000947,USV,2026-01-24T19:34:34.365348,candidates
2024-09-30_11-21-24_0000039_00001070,USV,2026-01-24T19:34:35.002217,candidates
2024-09-30_11-21-24_0000039_00001196,USV,2026-01-24T19:34:35.596993,candidates
2024-09-30_11-21-24_0000039_00001295,USV,2026-01-24T19:34:36.303528,candidates
2024-09-30_11-21-24_0000039_00001570,USV,2026-01-24T19:34:37.014230,candidates
2024-09-30_11-21-24_0000039_00001966,USV,2026-01-24T19:34:37.636491,candidates
2024-09-30_11-21-24_0000039_00002105,noise,2026-01-24T19:34:39.159600,candidates
2024-09-30_11-21-26_0000040_00000218,USV,2026-01-24T19:34:40.416030,candidates
2024-09-30_11-21-26_0000040_00000357,noise,2026-01-24T19:34:41.414766,candidates
2024-09-30_11-21-26_0000040_00000823,USV,2026-01-24T19:34:42.111494,candidates
2024-09-30_11-21-26_0000040_00000898,noise,2026-01-24T19:34:43.159753,candidates
2024-09-30_11-21-26_0000040_00000930,USV,2026-01-24T19:34:44.249449,candidates
2024-09-30_11-21-26_0000040_00000990,noise,2026-01-24T19:34:45.206059,candidates
2024-09-30_11-21-26_0000040_00001097,noise,2026-01-24T19:34:46.180098,candidates
2024-09-30_11-21-26_0000040_00001125,noise,2026-01-24T19:34:47.081831,candidates
2024-09-30_11-21-26_0000040_00001156,USV,2026-01-24T19:34:47.880656,candidates
2024-09-30_11-21-26_0000040_00001225,noise,2026-01-24T19:34:48.807527,candidates
2024-09-30_11-21-26_0000040_00001253,noise,2026-01-24T19:34:49.445679,candidates
2024-09-30_11-21-26_0000040_00001284,USV,2026-01-24T19:34:50.077657,candidates
2024-09-30_11-21-26_0000040_00001353,USV,2026-01-24T19:34:51.161208,candidates
2024-09-30_11-21-26_0000040_00001440,noise,2026-01-24T19:34:52.085372,candidates
2024-09-30_11-21-28_0000041_00001034,noise,2026-01-24T19:34:52.825745,candidates
2024-09-30_11-21-28_0000041_00001089,noise,2026-01-24T19:34:53.554922,candidates
2024-09-30_11-21-30_0000042_00000994,noise,2026-01-24T19:34:54.231673,candidates
2024-09-30_11-21-30_0000042_00001072,noise,2026-01-24T19:34:54.966004,candidates
2024-09-30_11-21-30_0000042_00001363,noise,2026-01-24T19:34:56.033217,candidates
2024-09-30_11-21-30_0000042_00001506,noise,2026-01-24T19:34:56.721136,candidates
2024-09-30_11-21-30_0000042_00001899,USV,2026-01-24T19:34:57.459676,candidates
2024-09-30_11-21-30_0000042_00002034,USV,2026-01-24T19:34:58.193948,candidates
2024-09-30_11-21-30_0000042_00002135,USV,2026-01-24T19:34:58.852954,candidates
2024-09-30_11-21-30_0000042_00002254,USV,2026-01-24T19:34:59.463569,candidates
2024-09-30_11-21-30_0000042_00002641,USV,2026-01-24T19:35:00.040035,candidates
2024-09-30_11-21-34_0000043_00001029,USV,2026-01-24T19:35:00.722727,candidates
2024-09-30_11-21-34_0000043_00001130,USV,2026-01-24T19:35:01.431591,candidates
2024-09-30_11-21-34_0000043_00001181,USV,2026-01-24T19:35:02.051374,candidates
2024-09-30_11-21-34_0000043_00001258,USV,2026-01-24T19:35:02.902592,candidates
2024-09-30_11-21-34_0000043_00001309,USV,2026-01-24T19:35:03.573100,candidates
2024-09-30_11-21-34_0000043_00001413,USV,2026-01-24T19:35:04.248263,candidates
2024-09-30_11-21-34_0000043_00001780,USV,2026-01-24T19:35:04.852841,candidates
2024-09-30_11-21-34_0000043_00001907,USV,2026-01-24T19:35:05.482753,candidates
2024-09-30_11-21-34_0000043_00002054,USV,2026-01-24T19:35:06.169470,candidates
2024-09-30_11-21-34_0000043_00002414,USV,2026-01-24T19:35:07.123892,candidates
2024-09-30_11-21-34_0000043_00003034,USV,2026-01-24T19:35:13.748451,candidates
2024-09-30_11-21-34_0000043_00003117,USV,2026-01-24T19:35:14.796540,candidates
2024-09-30_11-21-34_0000043_00003912,USV,2026-01-24T19:35:15.668126,candidates
2024-09-30_11-21-34_0000043_00004026,USV,2026-01-24T19:35:16.237513,candidates
2024-09-30_11-21-34_0000043_00004423,USV,2026-01-24T19:35:16.877113,candidates
2024-09-30_11-21-40_0000044_00000801,USV,2026-01-24T19:35:17.502805,candidates
2024-09-30_11-21-40_0000044_00000995,USV,2026-01-24T19:35:18.252919,candidates
2024-09-30_11-21-40_0000044_00001123,USV,2026-01-24T19:35:18.909490,candidates
2024-09-30_11-21-40_0000044_00001626,USV,2026-01-24T19:35:19.560994,candidates
2024-09-30_11-21-40_0000044_00001748,USV,2026-01-24T19:35:20.299454,candidates
2024-09-30_11-21-40_0000044_00001962,USV,2026-01-24T19:35:20.971298,candidates
2024-09-30_11-21-40_0000044_00002076,noise,2026-01-24T19:35:21.889577,candidates
2024-09-30_11-21-40_0000044_00002905,USV,2026-01-24T19:35:26.578910,candidates
2024-09-30_11-21-40_0000044_00003001,USV,2026-01-24T19:35:27.886130,candidates
2024-09-30_11-21-44_0000045_00000808,noise,2026-01-24T19:35:28.945868,candidates
2024-09-30_11-21-44_0000045_00001024,USV,2026-01-24T19:35:38.270193,candidates
2024-09-30_11-21-44_0000045_00001060,USV,2026-01-24T19:35:39.844987,candidates
2024-09-30_11-21-44_0000045_00001184,USV,2026-01-24T19:35:45.927955,candidates
2024-09-30_11-21-44_0000045_00001295,noise,2026-01-24T19:35:47.082716,candidates
2024-09-30_11-21-44_0000045_00001341,noise,2026-01-24T19:35:47.952846,candidates
2024-09-30_11-21-44_0000045_00001379,USV,2026-01-24T19:35:48.566646,candidates
2024-09-30_11-21-44_0000045_00001428,noise,2026-01-24T19:35:49.360181,candidates
2024-09-30_11-21-44_0000045_00001675,noise,2026-01-24T19:35:50.131706,candidates
2024-09-30_11-21-44_0000045_00002311,noise,2026-01-24T19:35:50.742940,candidates
2024-09-30_11-21-44_0000045_00003093,noise,2026-01-24T19:35:51.468786,candidates
2024-09-30_11-21-48_0000046_00000669,noise,2026-01-24T19:35:52.270036,candidates
2024-09-30_11-21-48_0000046_00000915,noise,2026-01-24T19:35:52.866824,candidates
2024-09-30_11-21-48_0000046_00000952,noise,2026-01-24T19:35:53.527509,candidates
2024-09-30_11-21-50_0000047_00003140,noise,2026-01-24T19:35:54.138641,candidates
2024-09-30_11-21-50_0000047_00004242,noise,2026-01-24T19:35:55.083391,candidates
2024-09-30_11-21-50_0000047_00004340,noise,2026-01-24T19:35:55.863856,candidates
2024-09-30_11-21-50_0000047_00004524,noise,2026-01-24T19:35:56.546576,candidates
2024-09-30_11-21-50_0000047_00004653,noise,2026-01-24T19:35:57.209272,candidates
2024-09-30_11-21-50_0000047_00004678,noise,2026-01-24T19:35:57.905361,candidates
2024-09-30_11-21-50_0000047_00004722,noise,2026-01-24T19:35:58.590338,candidates
2024-09-30_11-21-57_0000048_00000518,noise,2026-01-24T19:35:59.157267,candidates
2024-09-30_11-21-57_0000048_00000803,noise,2026-01-24T19:35:59.750674,candidates
2024-09-30_11-21-57_0000048_00000989,noise,2026-01-24T19:36:00.311939,candidates
2024-09-30_11-21-57_0000048_00001046,noise,2026-01-24T19:36:00.865940,candidates
2024-09-30_11-21-57_0000048_00001551,noise,2026-01-24T19:36:01.448604,candidates
2024-09-30_11-21-57_0000048_00001817,noise,2026-01-24T19:36:02.013469,candidates
2024-09-30_11-21-58_0000049_00000294,noise,2026-01-24T19:36:02.589891,candidates
2024-09-30_11-21-58_0000049_00000561,noise,2026-01-24T19:36:03.173011,candidates
2024-09-30_11-21-58_0000049_00001010,noise,2026-01-24T19:36:03.742309,candidates
2024-09-30_11-21-58_0000049_00002537,noise,2026-01-24T19:36:05.056506,candidates
2024-09-30_11-18-17_0000001_noise_3b6bd41a,noise,2026-01-22T17:27:11.670363,noise_samples
2024-09-30_11-18-17_0000001_noise_57c82955,noise,2026-01-22T17:27:18.664153,noise_samples
2024-09-30_11-18-17_0000001_noise_66261061,noise,2026-01-22T17:27:19.336052,noise_samples
2024-09-30_11-18-17_0000001_noise_79f3132c,noise,2026-01-22T17:27:19.900142,noise_samples
2024-09-30_11-18-17_0000001_noise_ca4f71d5,noise,2026-01-22T17:27:21.420282,noise_samples
2024-09-30_11-18-25_0000002_noise_2d5fb8e6,noise,2026-01-22T17:27:22.947000,noise_samples
2024-09-30_11-18-25_0000002_noise_3027324b,noise,2026-01-22T17:27:23.556772,noise_samples
2024-09-30_11-18-25_0000002_noise_8cfc4138,noise,2026-01-22T17:27:24.191247,noise_samples
2024-09-30_11-18-25_0000002_noise_b1d84e4f,noise,2026-01-22T17:27:24.803465,noise_samples
2024-09-30_11-18-27_0000003_noise_0311b479,noise,2026-01-22T17:27:25.367043,noise_samples
2024-09-30_11-18-27_0000003_noise_514429f0,noise,2026-01-22T17:27:35.496958,noise_samples
2024-09-30_11-18-27_0000003_noise_58624ae7,noise,2026-01-22T17:27:37.360293,noise_samples
2024-09-30_11-18-27_0000003_noise_87d7561b,noise,2026-01-22T17:27:37.896953,noise_samples
2024-09-30_11-18-27_0000003_noise_c960e61f,noise,2026-01-22T17:27:38.986489,noise_samples
2024-09-30_11-18-27_0000003_noise_e1567e4e,noise,2026-01-22T17:27:39.941439,noise_samples
2024-09-30_11-18-27_0000003_noise_f34e4eeb,noise,2026-01-22T17:27:40.782069,noise_samples
2024-09-30_11-18-34_0000004_noise_01742422,noise,2026-01-22T17:27:41.384601,noise_samples
2024-09-30_11-18-34_0000004_noise_05044801,noise,2026-01-22T17:27:42.880560,noise_samples
2024-09-30_11-18-34_0000004_noise_56112103,noise,2026-01-22T17:27:44.692243,noise_samples
2024-09-30_11-18-34_0000004_noise_73939e11,noise,2026-01-22T17:27:45.279210,noise_samples
2024-09-30_11-18-34_0000004_noise_9a8c3fcc,noise,2026-01-22T17:27:45.847172,noise_samples
2024-09-30_11-18-34_0000004_noise_a5cf1bc5,noise,2026-01-22T17:27:46.355114,noise_samples
2024-09-30_11-18-34_0000004_noise_b29d5880,noise,2026-01-22T17:27:46.948295,noise_samples
2024-09-30_11-18-34_0000004_noise_b9ada7d9,noise,2026-01-22T17:27:47.558381,noise_samples
2024-09-30_11-18-34_0000004_noise_bbd13e3f,noise,2026-01-22T17:27:48.034974,noise_samples
2024-09-30_11-18-52_0000005_noise_3e2715b8,noise,2026-01-22T17:27:52.000838,noise_samples
2024-09-30_11-18-52_0000005_noise_6313c75a,noise,2026-01-22T17:27:52.532121,noise_samples
2024-09-30_11-18-52_0000005_noise_693b9fa4,noise,2026-01-22T17:27:53.109363,noise_samples
2024-09-30_11-18-52_0000005_noise_84a4c955,noise,2026-01-22T17:27:53.655638,noise_samples
2024-09-30_11-18-52_0000005_noise_996187ca,noise,2026-01-22T17:27:54.309135,noise_samples
2024-09-30_11-18-52_0000005_noise_b4ff7646,noise,2026-01-22T17:27:55.488035,noise_samples
2024-09-30_11-18-57_0000006_noise_2f355263,noise,2026-01-22T17:27:56.284214,noise_samples
2024-09-30_11-18-57_0000006_noise_56bf1c43,noise,2026-01-22T17:27:56.927208,noise_samples
2024-09-30_11-18-57_0000006_noise_5d7b1295,noise,2026-01-22T17:27:58.457916,noise_samples
2024-09-30_11-18-57_0000006_noise_f16b2fbb,noise,2026-01-22T17:27:59.290005,noise_samples
2024-09-30_11-19-00_0000007_noise_22942aca,noise,2026-01-22T17:27:59.963453,noise_samples
2024-09-30_11-19-00_0000007_noise_2a380230,noise,2026-01-22T17:28:00.645388,noise_samples
2024-09-30_11-19-00_0000007_noise_3e5ae455,noise,2026-01-22T17:28:01.770456,noise_samples
2024-09-30_11-19-00_0000007_noise_47446209,noise,2026-01-22T17:28:02.445088,noise_samples
2024-09-30_11-19-00_0000007_noise_59072935,noise,2026-01-22T17:28:03.598641,noise_samples
2024-09-30_11-19-00_0000007_noise_5c4ebc84,noise,2026-01-22T17:28:04.800818,noise_samples
2024-09-30_11-19-00_0000007_noise_6e029c81,noise,2026-01-22T17:28:05.643697,noise_samples
2024-09-30_11-19-00_0000007_noise_7c0f80ad,noise,2026-01-22T17:28:06.460605,noise_samples
2024-09-30_11-19-00_0000007_noise_a4962c1f,noise,2026-01-22T17:28:07.423701,noise_samples
2024-09-30_11-19-00_0000007_noise_aefe6222,noise,2026-01-22T17:28:08.226853,noise_samples
2024-09-30_11-19-00_0000007_noise_b1330e5a,noise,2026-01-22T17:28:09.225667,noise_samples
2024-09-30_11-19-00_0000007_noise_b169a437,noise,2026-01-22T17:28:10.017084,noise_samples
2024-09-30_11-19-00_0000007_noise_b344d001,noise,2026-01-22T17:28:10.752615,noise_samples
2024-09-30_11-19-00_0000007_noise_bd9d8061,noise,2026-01-22T17:28:11.818890,noise_samples
2024-09-30_11-19-00_0000007_noise_da3b1956,noise,2026-01-22T17:28:12.738591,noise_samples
2024-09-30_11-19-00_0000007_noise_daa120ed,noise,2026-01-22T17:28:13.415010,noise_samples
2024-09-30_11-19-09_0000008_noise_0ee37d49,noise,2026-01-22T17:28:13.949103,noise_samples
2024-09-30_11-19-09_0000008_noise_21b4c901,noise,2026-01-22T17:28:14.614507,noise_samples
2024-09-30_11-19-09_0000008_noise_5dc1db89,noise,2026-01-22T17:28:15.232310,noise_samples
2024-09-30_11-19-09_0000008_noise_6f535677,noise,2026-01-22T17:28:15.948388,noise_samples
2024-09-30_11-19-09_0000008_noise_a0150faf,noise,2026-01-22T17:28:16.689742,noise_samples
2024-09-30_11-19-09_0000008_noise_bec13e21,noise,2026-01-22T17:28:17.351202,noise_samples
2024-09-30_11-19-09_0000008_noise_ed39f09e,noise,2026-01-22T17:28:18.048924,noise_samples
2024-09-30_11-19-12_0000009_noise_0f11f964,noise,2026-01-22T17:28:18.681227,noise_samples
2024-09-30_11-19-12_0000009_noise_11f364ef,noise,2026-01-22T17:28:19.291175,noise_samples
2024-09-30_11-19-12_0000009_noise_1971d2a4,noise,2026-01-22T17:28:19.887834,noise_samples
2024-09-30_11-19-12_0000009_noise_59499839,noise,2026-01-22T17:28:20.503554,noise_samples
2024-09-30_11-19-12_0000009_noise_8123de46,noise,2026-01-22T17:28:21.002801,noise_samples
2024-09-30_11-19-12_0000009_noise_c854da87,noise,2026-01-22T17:28:21.658534,noise_samples
2024-09-30_11-19-12_0000009_noise_e48173fe,noise,2026-01-22T17:28:22.225338,noise_samples
2024-09-30_11-19-12_0000009_noise_f5e8aa2c,noise,2026-01-22T17:28:22.757312,noise_samples
2024-09-30_11-19-16_0000011_noise_3a61a6c7,noise,2026-01-22T17:28:23.294328,noise_samples
2024-09-30_11-19-16_0000011_noise_3c91eb30,noise,2026-01-22T17:28:23.895274,noise_samples
2024-09-30_11-19-16_0000011_noise_8f3dd792,noise,2026-01-22T17:28:24.493374,noise_samples
2024-09-30_11-19-16_0000011_noise_95dcc5d7,noise,2026-01-22T17:28:25.070050,noise_samples
2024-09-30_11-19-16_0000011_noise_c5305bf9,noise,2026-01-22T17:28:25.641542,noise_samples
2024-09-30_11-19-19_0000012_noise_13654f7d,noise,2026-01-22T17:28:28.317651,noise_samples
2024-09-30_11-19-19_0000012_noise_1632eb89,noise,2026-01-22T17:28:29.222909,noise_samples
2024-09-30_11-19-19_0000012_noise_2112fd94,noise,2026-01-22T17:28:29.860024,noise_samples
2024-09-30_11-19-19_0000012_noise_2ad0c308,noise,2026-01-22T17:28:30.431842,noise_samples
2024-09-30_11-19-19_0000012_noise_3e9e8170,noise,2026-01-22T17:28:30.942886,noise_samples
2024-09-30_11-19-19_0000012_noise_4d032330,noise,2026-01-22T17:28:31.464530,noise_samples
2024-09-30_11-19-19_0000012_noise_51605560,noise,2026-01-22T17:28:31.988897,noise_samples
2024-09-30_11-19-19_0000012_noise_55f08ace,noise,2026-01-22T17:28:32.454397,noise_samples
2024-09-30_11-19-19_0000012_noise_5ff12103,noise,2026-01-22T17:28:32.934404,noise_samples
2024-09-30_11-19-19_0000012_noise_6456e69a,noise,2026-01-22T17:28:33.407897,noise_samples
2024-09-30_11-19-19_0000012_noise_7095e40e,noise,2026-01-22T17:28:33.910896,noise_samples
2024-09-30_11-19-19_0000012_noise_7869e875,noise,2026-01-22T17:28:34.428925,noise_samples
2024-09-30_11-19-19_0000012_noise_882a2515,noise,2026-01-22T17:28:35.129897,noise_samples
2024-09-30_11-19-19_0000012_noise_a148340e,noise,2026-01-22T17:28:36.085604,noise_samples
2024-09-30_11-19-19_0000012_noise_c7abc494,noise,2026-01-22T17:28:36.819374,noise_samples
2024-09-30_11-19-19_0000012_noise_ce5de4e8,noise,2026-01-22T17:28:37.448899,noise_samples
2024-09-30_11-19-19_0000012_noise_e4b9c9fb,noise,2026-01-22T17:28:38.040054,noise_samples
2024-09-30_11-19-19_0000012_noise_fead725e,noise,2026-01-22T17:28:38.620556,noise_samples
2024-09-30_11-19-31_0000013_noise_2371b439,noise,2026-01-22T17:28:39.139771,noise_samples
2024-09-30_11-19-31_0000013_noise_3984225a,noise,2026-01-22T17:28:39.652970,noise_samples
2024-09-30_11-19-31_0000013_noise_54b8e091,noise,2026-01-22T17:28:40.183934,noise_samples
2024-09-30_11-19-31_0000013_noise_dd0d7cc6,noise,2026-01-22T17:28:40.671966,noise_samples
2024-09-30_11-19-34_0000014_noise_22743f79,noise,2026-01-22T17:28:41.496977,noise_samples
2024-09-30_11-19-34_0000014_noise_2843d2dc,noise,2026-01-22T17:28:42.560918,noise_samples
2024-09-30_11-19-34_0000014_noise_7192332b,noise,2026-01-22T17:28:43.122968,noise_samples
2024-09-30_11-19-34_0000014_noise_740ba4a0,noise,2026-01-22T17:28:43.709987,noise_samples
2024-09-30_11-19-34_0000014_noise_8ad32bc2,noise,2026-01-22T17:28:45.021557,noise_samples
2024-09-30_11-19-34_0000014_noise_b824c25d,noise,2026-01-22T17:28:45.607186,noise_samples
2024-09-30_11-19-34_0000014_noise_e162f806,noise,2026-01-22T17:28:46.261332,noise_samples
2024-09-30_11-19-38_0000015_noise_02cc6784,noise,2026-01-22T17:28:46.917600,noise_samples
2024-09-30_11-19-38_0000015_noise_09aa3cfa,noise,2026-01-22T17:28:47.553978,noise_samples
2024-09-30_11-19-38_0000015_noise_1d7d7ffd,noise,2026-01-22T17:28:48.149981,noise_samples
2024-09-30_11-19-38_0000015_noise_245e3dbe,noise,2026-01-22T17:28:48.735427,noise_samples
2024-09-30_11-19-38_0000015_noise_28d94449,noise,2026-01-22T17:28:49.553306,noise_samples
2024-09-30_11-19-38_0000015_noise_35f9e604,noise,2026-01-22T17:28:50.121673,noise_samples
2024-09-30_11-19-38_0000015_noise_4703efcf,noise,2026-01-22T17:28:50.793491,noise_samples
2024-09-30_11-19-38_0000015_noise_515f7832,noise,2026-01-22T17:28:51.400387,noise_samples
2024-09-30_11-19-38_0000015_noise_5e0abde2,noise,2026-01-22T17:28:52.433108,noise_samples
2024-09-30_11-19-38_0000015_noise_5fda03fd,noise,2026-01-22T17:30:45.856411,noise_samples
2024-09-30_11-19-38_0000015_noise_62dc377a,noise,2026-01-22T17:30:49.380975,noise_samples
2024-09-30_11-19-38_0000015_noise_69aa7ed0,noise,2026-01-22T17:30:50.077855,noise_samples
2024-09-30_11-19-38_0000015_noise_842e629a,noise,2026-01-22T17:30:50.886170,noise_samples
2024-09-30_11-19-38_0000015_noise_994b5ccb,noise,2026-01-22T17:30:51.593447,noise_samples
2024-09-30_11-19-38_0000015_noise_9e46febd,noise,2026-01-22T17:30:52.183260,noise_samples
2024-09-30_11-19-38_0000015_noise_a19a90ae,noise,2026-01-22T17:30:53.955468,noise_samples
2024-09-30_11-19-38_0000015_noise_a7124819,noise,2026-01-22T17:30:54.541102,noise_samples
2024-09-30_11-19-38_0000015_noise_adb95f56,noise,2026-01-22T17:30:55.346438,noise_samples
2024-09-30_11-19-38_0000015_noise_bb46e377,noise,2026-01-22T17:30:55.926614,noise_samples
2024-09-30_11-19-38_0000015_noise_bbd66716,noise,2026-01-22T17:30:56.494797,noise_samples
2024-09-30_11-19-38_0000015_noise_c81f2bf2,noise,2026-01-22T17:30:57.041699,noise_samples
2024-09-30_11-19-38_0000015_noise_cc923269,noise,2026-01-22T17:30:57.606193,noise_samples
2024-09-30_11-19-38_0000015_noise_ce9cd02c,noise,2026-01-22T17:30:58.159526,noise_samples
2024-09-30_11-19-38_0000015_noise_cf14c35a,noise,2026-01-22T17:30:58.779981,noise_samples
2024-09-30_11-19-38_0000015_noise_d5cf35d6,noise,2026-01-22T17:30:59.502867,noise_samples
2024-09-30_11-19-38_0000015_noise_d6f8412f,noise,2026-01-22T17:31:00.060868,noise_samples
2024-09-30_11-19-38_0000015_noise_d7992ed7,noise,2026-01-22T17:31:00.662868,noise_samples
2024-09-30_11-19-54_0000016_noise_80f3b3a1,noise,2026-01-22T17:31:08.430613,noise_samples
2024-09-30_11-19-54_0000016_noise_895b0a33,noise,2026-01-22T17:31:09.229657,noise_samples
2024-09-30_11-19-54_0000016_noise_a36a420e,noise,2026-01-22T17:31:36.589159,noise_samples
2024-09-30_11-19-54_0000016_noise_a38e8134,noise,2026-01-22T17:31:38.581134,noise_samples
2024-09-30_11-19-54_0000016_noise_f058d9ba,noise,2026-01-22T17:32:02.535379,noise_samples
2024-09-30_11-19-55_0000017_noise_5a919fe3,noise,2026-01-22T17:32:07.198378,noise_samples
2024-09-30_11-19-55_0000017_noise_83b3c6dd,noise,2026-01-22T17:32:07.853488,noise_samples
2024-09-30_11-19-55_0000017_noise_bc45442b,noise,2026-01-22T17:32:08.412595,noise_samples
2024-09-30_11-19-58_0000018_noise_06ad020e,noise,2026-01-22T17:32:10.802286,noise_samples
2024-09-30_11-19-58_0000018_noise_16befa5f,noise,2026-01-22T17:32:11.335010,noise_samples
2024-09-30_11-19-58_0000018_noise_b97c8c6b,noise,2026-01-22T17:32:11.823966,noise_samples
2024-09-30_11-19-58_0000018_noise_d949c4d7,noise,2026-01-22T17:32:12.339717,noise_samples
2024-09-30_11-19-58_0000018_noise_e1279753,noise,2026-01-22T17:32:12.867377,noise_samples
2024-09-30_11-20-03_0000019_noise_364214a1,noise,2026-01-22T17:32:13.372368,noise_samples
2024-09-30_11-20-03_0000019_noise_3cd42874,noise,2026-01-22T17:32:13.814367,noise_samples
2024-09-30_11-20-03_0000019_noise_6a70d98f,noise,2026-01-22T17:32:14.305297,noise_samples
2024-09-30_11-20-03_0000019_noise_7759fcd5,noise,2026-01-22T17:32:14.797821,noise_samples
2024-09-30_11-20-03_0000019_noise_84f237ac,noise,2026-01-22T17:32:15.290154,noise_samples
2024-09-30_11-20-03_0000019_noise_bcf7eae4,noise,2026-01-22T17:32:15.788983,noise_samples
2024-09-30_11-20-03_0000019_noise_f05a0739,noise,2026-01-22T17:32:16.240813,noise_samples
2024-09-30_11-20-07_0000020_noise_4b466f7c,noise,2026-01-22T17:32:16.698608,noise_samples
2024-09-30_11-20-07_0000020_noise_553bbb8a,noise,2026-01-22T17:32:17.202979,noise_samples
2024-09-30_11-20-07_0000020_noise_5a449623,noise,2026-01-22T17:32:17.679892,noise_samples
2024-09-30_11-20-07_0000020_noise_90c14c94,noise,2026-01-22T17:32:23.280064,noise_samples
2024-09-30_11-20-07_0000020_noise_a44a536f,noise,2026-01-22T17:32:23.799843,noise_samples
2024-09-30_11-20-07_0000020_noise_fa92037c,noise,2026-01-22T17:32:32.074783,noise_samples
2024-09-30_11-20-09_0000021_noise_ea054ad6,noise,2026-01-22T17:32:37.805844,noise_samples
2024-09-30_11-20-14_0000022_noise_0847b70a,noise,2026-01-22T17:32:38.470891,noise_samples
2024-09-30_11-20-14_0000022_noise_0b4019dd,noise,2026-01-22T17:32:39.073249,noise_samples
2024-09-30_11-20-14_0000022_noise_0c6694e1,noise,2026-01-22T17:32:39.604372,noise_samples
2024-09-30_11-20-14_0000022_noise_191ddeed,noise,2026-01-22T17:32:40.086082,noise_samples
2024-09-30_11-20-14_0000022_noise_23044f46,noise,2026-01-22T17:32:40.613011,noise_samples
2024-09-30_11-20-14_0000022_noise_2ff07bd1,noise,2026-01-22T17:32:41.141699,noise_samples
2024-09-30_11-20-14_0000022_noise_4fb7bfb1,noise,2026-01-22T17:32:41.676221,noise_samples
2024-09-30_11-20-14_0000022_noise_58422717,noise,2026-01-22T17:32:42.158726,noise_samples
2024-09-30_11-20-14_0000022_noise_5dff4e3f,noise,2026-01-22T17:32:42.673969,noise_samples
2024-09-30_11-20-14_0000022_noise_6d1d15b8,noise,2026-01-22T17:32:43.212090,noise_samples
2024-09-30_11-20-14_0000022_noise_6d726355,noise,2026-01-22T17:32:43.686263,noise_samples
2024-09-30_11-20-14_0000022_noise_8f0ef6d3,noise,2026-01-22T17:32:44.345863,noise_samples
2024-09-30_11-20-14_0000022_noise_9d1f658e,noise,2026-01-22T17:32:44.905675,noise_samples
2024-09-30_11-20-14_0000022_noise_9e174dca,noise,2026-01-22T17:32:45.517283,noise_samples
2024-09-30_11-20-14_0000022_noise_d0ada703,noise,2026-01-22T17:32:46.195884,noise_samples
2024-09-30_11-20-14_0000022_noise_d63b9fda,noise,2026-01-22T17:32:46.708436,noise_samples
2024-09-30_11-20-14_0000022_noise_eef9d9fc,noise,2026-01-22T17:32:47.679505,noise_samples
2024-09-30_11-20-14_0000022_noise_f0b8f2ef,noise,2026-01-22T17:32:48.252393,noise_samples
2024-09-30_11-20-14_0000022_noise_f55217b4,noise,2026-01-22T17:32:48.871022,noise_samples
2024-09-30_11-20-26_0000023_noise_46fece6b,noise,2026-01-22T17:32:49.448970,noise_samples
2024-09-30_11-20-26_0000023_noise_4c43f361,noise,2026-01-22T17:32:50.086650,noise_samples
2024-09-30_11-20-26_0000023_noise_82a55151,noise,2026-01-22T17:32:50.705323,noise_samples
2024-09-30_11-20-26_0000023_noise_a39c7f6a,noise,2026-01-22T17:32:51.514664,noise_samples
2024-09-30_11-20-26_0000023_noise_e58fba79,noise,2026-01-22T17:32:52.086192,noise_samples
2024-09-30_11-20-26_0000023_noise_ee6f438f,noise,2026-01-22T17:32:53.593020,noise_samples
2024-09-30_11-20-29_0000024_noise_65271d20,noise,2026-01-22T17:32:54.285860,noise_samples
2024-09-30_11-20-29_0000024_noise_688349b3,noise,2026-01-22T17:32:55.044811,noise_samples
2024-09-30_11-20-29_0000024_noise_6dc542e0,noise,2026-01-22T17:32:55.624735,noise_samples
2024-09-30_11-20-29_0000024_noise_9d1689b6,noise,2026-01-22T17:32:56.289485,noise_samples
2024-09-30_11-20-29_0000024_noise_b2b83723,noise,2026-01-22T17:32:58.639665,noise_samples
2024-09-30_11-20-29_0000024_noise_c85c1fe6,noise,2026-01-22T17:32:59.283349,noise_samples
2024-09-30_11-20-34_0000026_noise_112334b9,noise,2026-01-22T17:32:59.923870,noise_samples
2024-09-30_11-20-34_0000026_noise_b4b75e0f,noise,2026-01-22T17:33:00.508848,noise_samples
2024-09-30_11-20-35_0000027_noise_2304933d,noise,2026-01-22T17:33:01.069349,noise_samples
2024-09-30_11-20-35_0000027_noise_7a9f3aa9,noise,2026-01-22T17:33:01.595087,noise_samples
2024-09-30_11-20-35_0000027_noise_90427911,noise,2026-01-22T17:33:02.089753,noise_samples
2024-09-30_11-20-35_0000027_noise_e24a8737,noise,2026-01-22T17:33:02.596375,noise_samples
2024-09-30_11-20-35_0000027_noise_f2e2b327,noise,2026-01-22T17:33:03.134812,noise_samples
2024-09-30_11-20-38_0000028_noise_ac5b9601,noise,2026-01-22T17:33:03.699880,noise_samples
2024-09-30_11-20-38_0000028_noise_b4747a04,noise,2026-01-22T17:33:04.675413,noise_samples
2024-09-30_11-20-38_0000028_noise_eb433e27,noise,2026-01-22T17:33:05.179628,noise_samples
2024-09-30_11-20-41_0000029_noise_1ee1a9f6,noise,2026-01-22T17:33:05.682471,noise_samples
2024-09-30_11-20-41_0000029_noise_47e02c1d,noise,2026-01-22T17:33:06.204538,noise_samples
2024-09-30_11-20-41_0000029_noise_62c63bb9,noise,2026-01-22T17:33:07.288015,noise_samples
2024-09-30_11-20-41_0000029_noise_91b3b774,noise,2026-01-22T17:33:08.210645,noise_samples
2024-09-30_11-20-41_0000029_noise_c1aead10,noise,2026-01-22T17:33:08.748064,noise_samples
2024-09-30_11-20-45_0000030_noise_04c73a3a,noise,2026-01-22T17:33:09.310503,noise_samples
2024-09-30_11-20-45_0000030_noise_1d2f2b99,noise,2026-01-22T17:33:11.452686,noise_samples
2024-09-30_11-20-45_0000030_noise_36de4db7,noise,2026-01-22T17:33:12.094642,noise_samples
2024-09-30_11-20-45_0000030_noise_488472b6,noise,2026-01-22T17:33:12.650317,noise_samples
2024-09-30_11-20-45_0000030_noise_51ec3bb1,noise,2026-01-22T17:33:13.161828,noise_samples
2024-09-30_11-20-45_0000030_noise_9c3a4d38,noise,2026-01-22T17:33:13.706169,noise_samples
2024-09-30_11-20-45_0000030_noise_a6fa8596,noise,2026-01-22T17:33:14.238322,noise_samples
2024-09-30_11-20-45_0000030_noise_a972115f,noise,2026-01-22T17:33:14.752880,noise_samples
2024-09-30_11-20-45_0000030_noise_adbbe344,noise,2026-01-22T17:33:15.312227,noise_samples
2024-09-30_11-20-45_0000030_noise_afbeec64,noise,2026-01-22T17:33:16.119927,noise_samples
2024-09-30_11-20-45_0000030_noise_c64dd37f,noise,2026-01-22T17:33:25.266532,noise_samples
2024-09-30_11-20-48_0000031_noise_145a021f,noise,2026-01-22T17:33:29.757808,noise_samples
2024-09-30_11-20-48_0000031_noise_7a349f92,noise,2026-01-22T17:33:30.426283,noise_samples
2024-09-30_11-20-48_0000031_noise_8c1a453b,noise,2026-01-22T17:33:30.947427,noise_samples
2024-09-30_11-20-48_0000031_noise_9125809a,noise,2026-01-22T17:33:31.431961,noise_samples
2024-09-30_11-20-48_0000031_noise_d478ea4e,noise,2026-01-22T17:33:45.290726,noise_samples
2024-09-30_11-20-48_0000031_noise_dce98fae,noise,2026-01-22T17:33:46.788405,noise_samples
2024-09-30_11-20-53_0000032_noise_0df0b92d,noise,2026-01-22T17:33:47.704982,noise_samples
2024-09-30_11-20-53_0000032_noise_28724e24,noise,2026-01-22T17:33:49.103235,noise_samples
2024-09-30_11-20-53_0000032_noise_29b24615,noise,2026-01-22T17:33:49.801160,noise_samples
2024-09-30_11-20-53_0000032_noise_487239eb,noise,2026-01-22T17:33:50.464352,noise_samples
2024-09-30_11-20-53_0000032_noise_6314a3a0,noise,2026-01-22T17:33:51.174804,noise_samples
2024-09-30_11-20-53_0000032_noise_a0b7e1b1,noise,2026-01-22T17:33:54.504607,noise_samples
2024-09-30_11-20-53_0000032_noise_b457f7bc,noise,2026-01-22T17:33:55.153673,noise_samples
2024-09-30_11-20-53_0000032_noise_ba09b299,noise,2026-01-22T17:33:55.732610,noise_samples
2024-09-30_11-20-53_0000032_noise_bab7e49c,noise,2026-01-22T17:33:56.395706,noise_samples
2024-09-30_11-20-53_0000032_noise_db1f341f,noise,2026-01-22T17:33:56.990918,noise_samples
2024-09-30_11-20-53_0000032_noise_de494231,noise,2026-01-22T17:33:57.945780,noise_samples
2024-09-30_11-20-56_0000033_noise_012bf969,noise,2026-01-22T17:33:59.799171,noise_samples
2024-09-30_11-20-56_0000033_noise_26fbe79e,noise,2026-01-22T17:34:00.950745,noise_samples
2024-09-30_11-21-01_0000034_noise_004f82dd,noise,2026-01-22T17:34:01.681692,noise_samples
2024-09-30_11-21-01_0000034_noise_127e0656,noise,2026-01-22T17:34:02.820596,noise_samples
2024-09-30_11-21-01_0000034_noise_2a415bd0,noise,2026-01-22T17:34:04.882321,noise_samples
2024-09-30_11-21-01_0000034_noise_6caa2e4b,noise,2026-01-22T17:34:07.516499,noise_samples
2024-09-30_11-21-01_0000034_noise_818c0f0d,noise,2026-01-22T17:34:13.756407,noise_samples
2024-09-30_11-21-01_0000034_noise_cccc84ce,noise,2026-01-22T17:34:16.243735,noise_samples
2024-09-30_11-21-01_0000034_noise_ddc4c6b1,noise,2026-01-22T17:34:17.226837,noise_samples
2024-09-30_11-21-07_0000035_noise_0f73db2e,noise,2026-01-22T17:34:17.872612,noise_samples
2024-09-30_11-21-07_0000035_noise_3d66dbc5,noise,2026-01-22T17:34:18.413864,noise_samples
2024-09-30_11-21-07_0000035_noise_4d25da19,noise,2026-01-22T17:34:19.021386,noise_samples
2024-09-30_11-21-07_0000035_noise_7da267e1,noise,2026-01-22T17:34:19.611708,noise_samples
2024-09-30_11-21-07_0000035_noise_8b414062,noise,2026-01-22T17:34:20.127993,noise_samples
2024-09-30_11-21-07_0000035_noise_98c49b06,noise,2026-01-22T17:34:20.983560,noise_samples
2024-09-30_11-21-07_0000035_noise_a5d1fd16,noise,2026-01-22T17:34:21.564822,noise_samples
2024-09-30_11-21-07_0000035_noise_b663f4ab,noise,2026-01-22T17:34:23.289446,noise_samples
2024-09-30_11-21-07_0000035_noise_d5e6e097,noise,2026-01-22T17:34:24.143237,noise_samples
2024-09-30_11-21-07_0000035_noise_f5e3708b,noise,2026-01-22T17:34:27.495975,noise_samples
2024-09-30_11-21-14_0000036_noise_57ff7c46,noise,2026-01-22T17:34:28.260053,noise_samples
2024-09-30_11-21-14_0000036_noise_59c94578,noise,2026-01-22T17:34:28.897349,noise_samples
2024-09-30_11-21-14_0000036_noise_8f40d0bd,noise,2026-01-22T17:34:29.446619,noise_samples
2024-09-30_11-21-14_0000036_noise_8fff0d9b,noise,2026-01-22T17:34:30.022377,noise_samples
2024-09-30_11-21-14_0000036_noise_b0259fc8,noise,2026-01-22T17:34:30.798862,noise_samples
2024-09-30_11-21-18_0000037_noise_64c38a9a,noise,2026-01-22T17:34:31.392576,noise_samples
2024-09-30_11-21-18_0000037_noise_8118b7b9,noise,2026-01-22T17:34:31.965460,noise_samples
2024-09-30_11-21-18_0000037_noise_b4e86e51,noise,2026-01-22T17:34:32.552090,noise_samples
2024-09-30_11-21-18_0000037_noise_ffe03ff6,noise,2026-01-22T17:34:33.134253,noise_samples
2024-09-30_11-21-22_0000038_noise_4bc64e4c,noise,2026-01-22T17:34:33.638873,noise_samples
2024-09-30_11-21-22_0000038_noise_5521d6d0,noise,2026-01-22T17:34:34.200158,noise_samples
2024-09-30_11-21-22_0000038_noise_8930c2e7,noise,2026-01-22T17:34:34.884392,noise_samples
2024-09-30_11-21-24_0000039_noise_64f42ce5,noise,2026-01-22T17:34:41.428652,noise_samples
2024-09-30_11-21-24_0000039_noise_a2cf4893,noise,2026-01-22T17:34:42.432785,noise_samples
2024-09-30_11-21-24_0000039_noise_f771c515,noise,2026-01-22T17:34:43.214321,noise_samples
2024-09-30_11-21-26_0000040_noise_2442ee53,noise,2026-01-22T17:34:49.194399,noise_samples
2024-09-30_11-21-26_0000040_noise_5e7cb651,noise,2026-01-22T17:34:49.796433,noise_samples
2024-09-30_11-21-26_0000040_noise_9653e237,noise,2026-01-22T17:34:50.634148,noise_samples
2024-09-30_11-21-26_0000040_noise_cdbca5f1,noise,2026-01-22T17:34:51.321835,noise_samples
2024-09-30_11-21-26_0000040_noise_f926fbe3,noise,2026-01-22T17:34:52.067280,noise_samples
2024-09-30_11-21-28_0000041_noise_04c408c7,noise,2026-01-22T17:34:52.876728,noise_samples
2024-09-30_11-21-28_0000041_noise_6374d8f0,noise,2026-01-22T17:34:53.583337,noise_samples
2024-09-30_11-21-28_0000041_noise_a47a5b05,noise,2026-01-22T17:34:54.335622,noise_samples
2024-09-30_11-21-30_0000042_noise_2cedb5ba,noise,2026-01-22T17:34:55.026952,noise_samples
2024-09-30_11-21-30_0000042_noise_5c4710c6,noise,2026-01-22T17:35:07.911820,noise_samples
2024-09-30_11-21-30_0000042_noise_6e8ca4d0,noise,2026-01-22T17:35:09.330040,noise_samples
2024-09-30_11-21-30_0000042_noise_73570aea,noise,2026-01-22T17:35:10.020723,noise_samples
2024-09-30_11-21-30_0000042_noise_875407ad,noise,2026-01-22T17:35:10.648879,noise_samples
2024-09-30_11-21-30_0000042_noise_90fe8b5f,noise,2026-01-22T17:35:11.264044,noise_samples
2024-09-30_11-21-30_0000042_noise_9b8e8a7d,noise,2026-01-22T17:35:11.844444,noise_samples
2024-09-30_11-21-30_0000042_noise_af5bb916,noise,2026-01-22T17:35:12.385853,noise_samples
2024-09-30_11-21-30_0000042_noise_d1c3532a,noise,2026-01-22T17:35:13.000371,noise_samples
2024-09-30_11-21-34_0000043_noise_0a2095e2,noise,2026-01-22T17:35:13.566581,noise_samples
2024-09-30_11-21-34_0000043_noise_1a15fe18,noise,2026-01-22T17:35:14.495381,noise_samples
2024-09-30_11-21-34_0000043_noise_1fec7a1e,noise,2026-01-22T17:35:15.151327,noise_samples
2024-09-30_11-21-34_0000043_noise_37150bb1,noise,2026-01-22T17:35:15.830601,noise_samples
2024-09-30_11-21-34_0000043_noise_779f433d,noise,2026-01-22T17:35:16.755923,noise_samples
2024-09-30_11-21-34_0000043_noise_88aa26dd,noise,2026-01-22T17:35:17.560605,noise_samples
2024-09-30_11-21-34_0000043_noise_c60ccdb0,noise,2026-01-22T17:35:18.210484,noise_samples
2024-09-30_11-21-34_0000043_noise_ec221234,noise,2026-01-22T17:35:18.923559,noise_samples
2024-09-30_11-21-34_0000043_noise_f1d094d6,noise,2026-01-22T17:35:19.493321,noise_samples
2024-09-30_11-21-40_0000044_noise_87ab41e0,noise,2026-01-22T17:35:22.182200,noise_samples
2024-09-30_11-21-40_0000044_noise_8c0aab73,noise,2026-01-22T17:35:22.753853,noise_samples
2024-09-30_11-21-40_0000044_noise_8f81641e,noise,2026-01-22T17:35:23.315837,noise_samples
2024-09-30_11-21-40_0000044_noise_987ab09e,noise,2026-01-22T17:35:23.833829,noise_samples
2024-09-30_11-21-40_0000044_noise_d1c025fb,noise,2026-01-22T17:35:24.356530,noise_samples
2024-09-30_11-21-40_0000044_noise_dffecb25,noise,2026-01-22T17:35:24.905489,noise_samples
2024-09-30_11-21-44_0000045_noise_009f2416,noise,2026-01-22T17:35:25.619087,noise_samples
2024-09-30_11-21-44_0000045_noise_1b0ad4d6,noise,2026-01-22T17:35:26.670232,noise_samples
2024-09-30_11-21-44_0000045_noise_5c5cbd75,noise,2026-01-22T17:35:27.259482,noise_samples
2024-09-30_11-21-44_0000045_noise_770e62fd,noise,2026-01-22T17:35:27.864549,noise_samples
2024-09-30_11-21-44_0000045_noise_7eb5363b,noise,2026-01-22T17:35:28.708694,noise_samples
2024-09-30_11-21-48_0000046_noise_02fb22ce,noise,2026-01-22T17:35:29.362502,noise_samples
2024-09-30_11-21-48_0000046_noise_603524c7,noise,2026-01-22T17:35:29.967975,noise_samples
2024-09-30_11-21-48_0000046_noise_8ab882d4,noise,2026-01-22T17:35:30.517740,noise_samples
2024-09-30_11-21-48_0000046_noise_8bfe03cc,noise,2026-01-22T17:35:31.372569,noise_samples
2024-09-30_11-21-48_0000046_noise_b1b50add,noise,2026-01-22T17:35:31.896924,noise_samples
2024-09-30_11-21-48_0000046_noise_e44215e3,noise,2026-01-22T17:35:32.500765,noise_samples
2024-09-30_11-21-48_0000046_noise_ee126570,noise,2026-01-22T17:35:33.093560,noise_samples
2024-09-30_11-21-50_0000047_noise_02f51165,noise,2026-01-22T17:35:33.765910,noise_samples
2024-09-30_11-21-50_0000047_noise_0521ffff,noise,2026-01-22T17:35:34.344000,noise_samples
2024-09-30_11-21-50_0000047_noise_09a2ef1f,noise,2026-01-22T17:35:34.984693,noise_samples
2024-09-30_11-21-50_0000047_noise_1167e7e4,noise,2026-01-22T17:35:35.625689,noise_samples
2024-09-30_11-21-50_0000047_noise_2c831444,noise,2026-01-22T17:35:36.302230,noise_samples
2024-09-30_11-21-50_0000047_noise_385d3ac8,noise,2026-01-22T17:35:36.931231,noise_samples
2024-09-30_11-21-50_0000047_noise_548f548d,noise,2026-01-22T17:35:37.938344,noise_samples
2024-09-30_11-21-50_0000047_noise_774ab394,noise,2026-01-22T17:35:38.592469,noise_samples
2024-09-30_11-21-50_0000047_noise_7ec5af42,noise,2026-01-22T17:35:39.462995,noise_samples
2024-09-30_11-21-50_0000047_noise_828a84b1,noise,2026-01-22T17:35:40.253301,noise_samples
2024-09-30_11-21-50_0000047_noise_93ea1ce6,noise,2026-01-22T17:35:41.089348,noise_samples
2024-09-30_11-21-50_0000047_noise_b1d756f7,noise,2026-01-22T17:35:42.021653,noise_samples
2024-09-30_11-21-50_0000047_noise_deb5ab5e,noise,2026-01-22T17:35:42.632857,noise_samples
2024-09-30_11-21-57_0000048_noise_23cf569d,noise,2026-01-22T17:35:43.284281,noise_samples
2024-09-30_11-21-57_0000048_noise_8c5b3c92,noise,2026-01-22T17:35:43.891715,noise_samples
2024-09-30_11-21-57_0000048_noise_991e9e86,noise,2026-01-22T17:35:44.503886,noise_samples
2024-09-30_11-21-57_0000048_noise_cb7cae56,noise,2026-01-22T17:35:45.091114,noise_samples
2024-09-30_11-21-58_0000049_noise_01b534f7,noise,2026-01-22T17:35:45.667909,noise_samples
2024-09-30_11-21-58_0000049_noise_05d43130,noise,2026-01-22T17:35:46.274416,noise_samples
2024-09-30_11-21-58_0000049_noise_4330aa93,noise,2026-01-22T17:35:47.222671,noise_samples
2024-09-30_11-21-58_0000049_noise_82e93df9,noise,2026-01-22T17:35:48.032978,noise_samples
2024-09-30_11-21-58_0000049_noise_dd9498e0,noise,2026-01-22T17:35:48.787926,noise_samples
2024-09-30_11-18-17_0000001_noise_13227a6f,noise,2026-01-24T20:09:41.372666,noise_samples
2024-09-30_11-18-17_0000001_noise_291e28aa,noise,2026-01-24T20:09:46.460584,noise_samples
2024-09-30_11-18-17_0000001_noise_38034989,noise,2026-01-24T20:09:47.524777,noise_samples
2024-09-30_11-18-17_0000001_noise_40c354f6,noise,2026-01-24T20:10:02.592270,noise_samples
2024-09-30_11-18-17_0000001_noise_4b2f801c,noise,2026-01-24T20:10:03.439377,noise_samples
2024-09-30_11-18-17_0000001_noise_7372822e,noise,2026-01-24T20:10:04.264015,noise_samples
2024-09-30_11-18-17_0000001_noise_8f11a5f8,noise,2026-01-24T20:10:04.770918,noise_samples
2024-09-30_11-18-17_0000001_noise_942ed8fd,noise,2026-01-24T20:10:05.445313,noise_samples
2024-09-30_11-18-17_0000001_noise_c39777a7,noise,2026-01-24T20:10:11.223098,noise_samples
2024-09-30_11-18-17_0000001_noise_d2ada32a,noise,2026-01-24T20:10:11.916466,noise_samples
2024-09-30_11-18-25_0000002_noise_8e44df63,noise,2026-01-24T20:10:12.413581,noise_samples
2024-09-30_11-18-25_0000002_noise_aa118388,noise,2026-01-24T20:10:12.858626,noise_samples
2024-09-30_11-18-27_0000003_noise_2b97e070,noise,2026-01-24T20:10:13.393185,noise_samples
2024-09-30_11-18-27_0000003_noise_50782a60,noise,2026-01-24T20:10:13.827888,noise_samples
2024-09-30_11-18-27_0000003_noise_58d81933,noise,2026-01-24T20:10:18.959470,noise_samples
2024-09-30_11-18-27_0000003_noise_b46a9589,noise,2026-01-24T20:10:19.586335,noise_samples
2024-09-30_11-18-27_0000003_noise_da00411c,noise,2026-01-24T20:10:20.182913,noise_samples
2024-09-30_11-18-27_0000003_noise_e67e8077,noise,2026-01-24T20:10:32.080535,noise_samples
2024-09-30_11-18-27_0000003_noise_fae1069d,noise,2026-01-24T20:10:34.482362,noise_samples
2024-09-30_11-18-27_0000003_noise_ff6fa076,noise,2026-01-24T20:10:35.311751,noise_samples
2024-09-30_11-18-34_0000004_noise_093264af,noise,2026-01-24T20:10:44.034582,noise_samples
2024-09-30_11-18-34_0000004_noise_098b5644,noise,2026-01-24T20:10:45.639425,noise_samples
2024-09-30_11-18-34_0000004_noise_36830166,noise,2026-01-24T20:10:46.443596,noise_samples
2024-09-30_11-18-34_0000004_noise_76c1783b,noise,2026-01-24T20:10:47.600667,noise_samples
2024-09-30_11-18-34_0000004_noise_7cff98ef,noise,2026-01-24T20:11:01.272480,noise_samples
2024-09-30_11-18-34_0000004_noise_7fc4b08c,noise,2026-01-24T20:11:02.834347,noise_samples
2024-09-30_11-18-34_0000004_noise_a346d26a,noise,2026-01-24T20:11:06.910023,noise_samples
2024-09-30_11-18-34_0000004_noise_baa24adb,noise,2026-01-24T20:11:07.679647,noise_samples
2024-09-30_11-18-34_0000004_noise_c2b134ee,noise,2026-01-24T20:11:08.348597,noise_samples
2024-09-30_11-18-34_0000004_noise_d1dbea0e,noise,2026-01-24T20:11:09.028239,noise_samples
2024-09-30_11-18-34_0000004_noise_f6d38125,noise,2026-01-24T20:11:09.665771,noise_samples
2024-09-30_11-18-52_0000005_noise_1830c80d,noise,2026-01-24T20:11:10.230961,noise_samples
2024-09-30_11-18-52_0000005_noise_491c9be5,noise,2026-01-24T20:11:10.821561,noise_samples
2024-09-30_11-18-52_0000005_noise_4c60d9d8,noise,2026-01-24T20:11:11.510110,noise_samples
2024-09-30_11-18-52_0000005_noise_5ceeca0d,noise,2026-01-24T20:11:12.118150,noise_samples
2024-09-30_11-18-52_0000005_noise_774b5534,noise,2026-01-24T20:11:28.702265,noise_samples
2024-09-30_11-18-52_0000005_noise_7bae70b8,noise,2026-01-24T20:11:37.267151,noise_samples
2024-09-30_11-18-52_0000005_noise_e56b7a1a,noise,2026-01-24T20:11:41.652325,noise_samples
2024-09-30_11-18-52_0000005_noise_f3fef0f8,noise,2026-01-24T20:11:42.444920,noise_samples
2024-09-30_11-18-52_0000005_noise_f4d8657a,noise,2026-01-24T20:11:43.186462,noise_samples
2024-09-30_11-18-57_0000006_noise_368d855e,noise,2026-01-24T20:11:43.905460,noise_samples
2024-09-30_11-18-57_0000006_noise_6a47e9e8,noise,2026-01-24T20:11:45.035245,noise_samples
2024-09-30_11-18-57_0000006_noise_81081742,noise,2026-01-24T20:11:45.955010,noise_samples
2024-09-30_11-18-57_0000006_noise_92f33cf4,noise,2026-01-24T20:11:46.802170,noise_samples
2024-09-30_11-18-57_0000006_noise_c8d2f3ac,noise,2026-01-24T20:11:47.383707,noise_samples
2024-09-30_11-18-57_0000006_noise_d4f7c94c,noise,2026-01-24T20:11:56.357743,noise_samples
2024-09-30_11-19-00_0000007_noise_03cacfd2,noise,2026-01-24T20:11:58.040358,noise_samples
2024-09-30_11-19-00_0000007_noise_05163efc,noise,2026-01-24T20:12:06.972057,noise_samples
2024-09-30_11-19-00_0000007_noise_0b8186b6,noise,2026-01-24T20:12:09.306478,noise_samples
2024-09-30_11-19-00_0000007_noise_1a793862,noise,2026-01-24T20:12:17.162286,noise_samples
2024-09-30_11-19-00_0000007_noise_1f69f91e,noise,2026-01-24T20:12:18.417631,noise_samples
2024-09-30_11-19-00_0000007_noise_31f1780e,noise,2026-01-24T20:12:24.377310,noise_samples
2024-09-30_11-19-00_0000007_noise_39379685,noise,2026-01-24T20:12:26.028260,noise_samples
2024-09-30_11-19-00_0000007_noise_582fc7ff,noise,2026-01-24T20:12:28.027377,noise_samples
2024-09-30_11-19-00_0000007_noise_584daed6,noise,2026-01-24T20:12:28.985845,noise_samples
2024-09-30_11-19-00_0000007_noise_8473ebda,noise,2026-01-24T20:12:44.136759,noise_samples
2024-09-30_11-19-00_0000007_noise_d83eb118,noise,2026-01-24T20:12:48.203515,noise_samples
2024-09-30_11-19-00_0000007_noise_f21fde5a,noise,2026-01-24T20:12:50.651424,noise_samples
2024-09-30_11-19-09_0000008_noise_31a7cdfe,noise,2026-01-24T20:12:51.343580,noise_samples
2024-09-30_11-19-09_0000008_noise_37365c4a,noise,2026-01-24T20:12:51.989498,noise_samples
2024-09-30_11-19-09_0000008_noise_3c91e0d2,noise,2026-01-24T20:12:52.553934,noise_samples
2024-09-30_11-19-09_0000008_noise_3d4ba3d1,noise,2026-01-24T20:12:53.205095,noise_samples
2024-09-30_11-19-09_0000008_noise_6ba7a375,noise,2026-01-24T20:12:53.839399,noise_samples
2024-09-30_11-19-09_0000008_noise_8eae33dd,noise,2026-01-24T20:12:54.484956,noise_samples
2024-09-30_11-19-09_0000008_noise_b5e5f7e8,noise,2026-01-24T20:12:55.158035,noise_samples
2024-09-30_11-19-09_0000008_noise_c043d485,noise,2026-01-24T20:12:55.788386,noise_samples
2024-09-30_11-19-09_0000008_noise_cc224a41,noise,2026-01-24T20:12:56.405883,noise_samples
2024-09-30_11-19-12_0000009_noise_02f89287,noise,2026-01-24T20:12:56.963670,noise_samples
2024-09-30_11-19-12_0000009_noise_161c424f,noise,2026-01-24T20:12:57.506608,noise_samples
2024-09-30_11-19-12_0000009_noise_89ad5e57,noise,2026-01-24T20:12:58.030029,noise_samples
2024-09-30_11-19-12_0000009_noise_9df62c18,noise,2026-01-24T20:12:58.589328,noise_samples
2024-09-30_11-19-12_0000009_noise_d8c08f15,noise,2026-01-24T20:12:59.426171,noise_samples
2024-09-30_11-19-12_0000009_noise_de5a4e61,noise,2026-01-24T20:13:00.186831,noise_samples
2024-09-30_11-19-15_0000010_noise_62fa8641,noise,2026-01-24T20:13:00.822464,noise_samples
2024-09-30_11-19-15_0000010_noise_7ba701c5,noise,2026-01-24T20:13:01.403400,noise_samples
2024-09-30_11-19-15_0000010_noise_9377a9ef,noise,2026-01-24T20:13:01.958378,noise_samples
2024-09-30_11-19-15_0000010_noise_f7f8fc08,noise,2026-01-24T20:13:02.469384,noise_samples
2024-09-30_11-19-16_0000011_noise_05be9b28,noise,2026-01-24T20:13:02.974383,noise_samples
2024-09-30_11-19-16_0000011_noise_16813d2b,noise,2026-01-24T20:13:03.541019,noise_samples
2024-09-30_11-19-16_0000011_noise_16b804b0,noise,2026-01-24T20:13:04.013405,noise_samples
2024-09-30_11-19-16_0000011_noise_3affccaf,noise,2026-01-24T20:13:04.535086,noise_samples
2024-09-30_11-19-19_0000012_noise_046269f1,noise,2026-01-24T20:13:05.102730,noise_samples
2024-09-30_11-19-19_0000012_noise_1302887b,noise,2026-01-24T20:13:05.634770,noise_samples
2024-09-30_11-19-19_0000012_noise_163eeb01,noise,2026-01-24T20:13:06.395014,noise_samples
2024-09-30_11-19-19_0000012_noise_7cf7e498,noise,2026-01-24T20:13:08.715601,noise_samples
2024-09-30_11-19-19_0000012_noise_8616d35d,noise,2026-01-24T20:13:09.356583,noise_samples
2024-09-30_11-19-19_0000012_noise_928a2a4d,noise,2026-01-24T20:13:11.035271,noise_samples
2024-09-30_11-19-19_0000012_noise_9e66a6e8,noise,2026-01-24T20:13:11.579560,noise_samples
2024-09-30_11-19-19_0000012_noise_a608cc39,noise,2026-01-24T20:13:12.102537,noise_samples
2024-09-30_11-19-19_0000012_noise_b68dac18,noise,2026-01-24T20:13:12.628899,noise_samples
2024-09-30_11-19-19_0000012_noise_bd1a6255,noise,2026-01-24T20:13:13.183909,noise_samples
2024-09-30_11-19-19_0000012_noise_d1d58157,noise,2026-01-24T20:13:14.008567,noise_samples
2024-09-30_11-19-31_0000013_noise_2247941a,noise,2026-01-24T20:13:14.596196,noise_samples
2024-09-30_11-19-31_0000013_noise_2c5eda03,noise,2026-01-24T20:13:15.179729,noise_samples
2024-09-30_11-19-31_0000013_noise_8f04f66b,noise,2026-01-24T20:13:15.742806,noise_samples
2024-09-30_11-19-31_0000013_noise_e2a0c900,noise,2026-01-24T20:13:16.241089,noise_samples
2024-09-30_11-19-34_0000014_noise_fb99bc60,noise,2026-01-24T20:13:18.377197,noise_samples
2024-09-30_11-19-38_0000015_noise_01b7133f,noise,2026-01-24T20:13:25.789572,noise_samples
2024-09-30_11-19-38_0000015_noise_03877ce3,noise,2026-01-24T20:13:26.909340,noise_samples
2024-09-30_11-19-38_0000015_noise_0f0d5bce,noise,2026-01-24T20:13:36.174039,noise_samples
2024-09-30_11-19-38_0000015_noise_241c10cb,noise,2026-01-24T20:13:37.486576,noise_samples
2024-09-30_11-19-38_0000015_noise_4212f39b,noise,2026-01-24T20:13:39.646863,noise_samples
2024-09-30_11-19-38_0000015_noise_43e6a01d,noise,2026-01-24T20:13:40.248383,noise_samples
2024-09-30_11-19-38_0000015_noise_46a27e98,noise,2026-01-24T20:13:40.832940,noise_samples
2024-09-30_11-19-38_0000015_noise_474f1f42,noise,2026-01-24T20:13:49.233649,noise_samples
2024-09-30_11-19-38_0000015_noise_5751cd2d,noise,2026-01-24T20:13:50.769607,noise_samples
2024-09-30_11-19-38_0000015_noise_7b96a953,noise,2026-01-24T20:13:51.703455,noise_samples
2024-09-30_11-19-38_0000015_noise_94432413,noise,2026-01-24T20:13:52.466589,noise_samples
2024-09-30_11-19-38_0000015_noise_970e62c3,noise,2026-01-24T20:13:59.302953,noise_samples
2024-09-30_11-19-38_0000015_noise_9c93887f,noise,2026-01-24T20:14:02.042706,noise_samples
2024-09-30_11-19-38_0000015_noise_a6b888e6,noise,2026-01-24T20:14:02.759728,noise_samples
2024-09-30_11-19-38_0000015_noise_c158879b,noise,2026-01-24T20:14:04.546455,noise_samples
2024-09-30_11-19-38_0000015_noise_d387c758,noise,2026-01-24T20:14:05.160291,noise_samples
2024-09-30_11-19-38_0000015_noise_d4a4d48c,noise,2026-01-24T20:14:05.715509,noise_samples
2024-09-30_11-19-38_0000015_noise_e8dfc225,noise,2026-01-24T20:14:06.305282,noise_samples
2024-09-30_11-19-54_0000016_noise_007bb63b,noise,2026-01-24T20:14:19.132929,noise_samples
2024-09-30_11-19-54_0000016_noise_1d2f2ed6,noise,2026-01-24T20:14:21.226455,noise_samples
2024-09-30_11-19-54_0000016_noise_2ac124ad,noise,2026-01-24T20:14:21.786761,noise_samples
2024-09-30_11-19-54_0000016_noise_dd9f94b7,noise,2026-01-24T20:14:30.029697,noise_samples
2024-09-30_11-19-55_0000017_noise_130ad604,noise,2026-01-24T20:14:31.153261,noise_samples
2024-09-30_11-19-55_0000017_noise_ee8036b4,noise,2026-01-24T20:14:31.756152,noise_samples
2024-09-30_11-19-58_0000018_noise_2feee470,noise,2026-01-24T20:14:32.356209,noise_samples
2024-09-30_11-19-58_0000018_noise_36ad6445,noise,2026-01-24T20:14:32.960043,noise_samples
2024-09-30_11-19-58_0000018_noise_7618ac18,noise,2026-01-24T20:14:33.584579,noise_samples
2024-09-30_11-19-58_0000018_noise_e1293f3c,noise,2026-01-24T20:14:37.448685,noise_samples
2024-09-30_11-19-58_0000018_noise_f640ff9a,noise,2026-01-24T20:14:38.198106,noise_samples
2024-09-30_11-20-03_0000019_noise_4d80a6db,noise,2026-01-24T20:14:45.116123,noise_samples
2024-09-30_11-20-03_0000019_noise_924eb410,noise,2026-01-24T20:14:46.500693,noise_samples
2024-09-30_11-20-03_0000019_noise_cb3235a3,noise,2026-01-24T20:14:47.066769,noise_samples
2024-09-30_11-20-07_0000020_noise_0e3e83f1,noise,2026-01-24T20:14:57.003969,noise_samples
2024-09-30_11-20-07_0000020_noise_209ec246,noise,2026-01-24T20:14:58.298546,noise_samples
2024-09-30_11-20-07_0000020_noise_786a28d0,noise,2026-01-24T20:14:59.236963,noise_samples
2024-09-30_11-20-07_0000020_noise_826459b8,noise,2026-01-24T20:15:09.272013,noise_samples
2024-09-30_11-20-09_0000021_noise_0a75e7f3,noise,2026-01-24T20:15:10.532521,noise_samples
2024-09-30_11-20-09_0000021_noise_0f8d23b2,noise,2026-01-24T20:15:11.270698,noise_samples
2024-09-30_11-20-09_0000021_noise_2d530956,noise,2026-01-24T20:15:11.910866,noise_samples
2024-09-30_11-20-09_0000021_noise_3b14c105,noise,2026-01-24T20:15:12.631515,noise_samples
2024-09-30_11-20-09_0000021_noise_410a1e74,noise,2026-01-24T20:15:13.320612,noise_samples
2024-09-30_11-20-09_0000021_noise_4b01af33,noise,2026-01-24T20:15:14.106306,noise_samples
2024-09-30_11-20-09_0000021_noise_798dd330,noise,2026-01-24T20:15:15.066906,noise_samples
2024-09-30_11-20-09_0000021_noise_acab87ba,noise,2026-01-24T20:15:15.880866,noise_samples
2024-09-30_11-20-09_0000021_noise_eeff87e5,noise,2026-01-24T20:15:16.645492,noise_samples
2024-09-30_11-20-09_0000021_noise_ef825b56,noise,2026-01-24T20:15:17.211115,noise_samples
2024-09-30_11-20-14_0000022_noise_05a8b486,noise,2026-01-24T20:15:17.755589,noise_samples
2024-09-30_11-20-14_0000022_noise_082cd7c8,noise,2026-01-24T20:15:18.293838,noise_samples
2024-09-30_11-20-14_0000022_noise_143d79a4,noise,2026-01-24T20:15:18.798252,noise_samples
2024-09-30_11-20-14_0000022_noise_240795a0,noise,2026-01-24T20:15:19.360924,noise_samples
2024-09-30_11-20-14_0000022_noise_453bac80,noise,2026-01-24T20:15:20.181479,noise_samples
2024-09-30_11-20-14_0000022_noise_45b71fd9,noise,2026-01-24T20:15:20.785794,noise_samples
2024-09-30_11-20-14_0000022_noise_4762f19f,noise,2026-01-24T20:15:31.118368,noise_samples
2024-09-30_11-20-14_0000022_noise_4c2617f1,noise,2026-01-24T20:15:32.189489,noise_samples
2024-09-30_11-20-14_0000022_noise_56e10b9d,noise,2026-01-24T20:15:32.809681,noise_samples
2024-09-30_11-20-14_0000022_noise_5ae46aaa,noise,2026-01-24T20:15:33.358061,noise_samples
2024-09-30_11-20-14_0000022_noise_5efc1786,noise,2026-01-24T20:15:33.947860,noise_samples
2024-09-30_11-20-14_0000022_noise_5f166637,noise,2026-01-24T20:15:34.484011,noise_samples
2024-09-30_11-20-14_0000022_noise_5f280cb4,noise,2026-01-24T20:15:35.037198,noise_samples
2024-09-30_11-20-14_0000022_noise_7a79c0af,noise,2026-01-24T20:15:35.545849,noise_samples
2024-09-30_11-20-14_0000022_noise_988c22b1,noise,2026-01-24T20:15:36.069930,noise_samples
2024-09-30_11-20-14_0000022_noise_9e46d759,noise,2026-01-24T20:15:36.562699,noise_samples
2024-09-30_11-20-14_0000022_noise_a6a385e6,noise,2026-01-24T20:15:37.250323,noise_samples
2024-09-30_11-20-14_0000022_noise_c04aafa8,noise,2026-01-24T20:15:39.934476,noise_samples
2024-09-30_11-20-14_0000022_noise_d1634749,noise,2026-01-24T20:15:46.166141,noise_samples
2024-09-30_11-20-14_0000022_noise_f9c22f70,noise,2026-01-24T20:15:47.049619,noise_samples
2024-09-30_11-20-14_0000022_noise_fdda46e1,noise,2026-01-24T20:15:47.682936,noise_samples
2024-09-30_11-20-26_0000023_noise_0521dd95,noise,2026-01-24T20:15:48.238225,noise_samples
2024-09-30_11-20-26_0000023_noise_0f6eb31d,noise,2026-01-24T20:15:48.861353,noise_samples
2024-09-30_11-20-26_0000023_noise_3ba43ecc,noise,2026-01-24T20:15:49.515564,noise_samples
2024-09-30_11-20-26_0000023_noise_89d7081e,noise,2026-01-24T20:15:50.425678,noise_samples
2024-09-30_11-20-26_0000023_noise_ca4f6023,noise,2026-01-24T20:15:51.124924,noise_samples
2024-09-30_11-20-26_0000023_noise_da49f55f,noise,2026-01-24T20:15:51.783949,noise_samples
2024-09-30_11-20-29_0000024_noise_1c8bac50,noise,2026-01-24T20:15:52.496608,noise_samples
2024-09-30_11-20-29_0000024_noise_20fb201e,noise,2026-01-24T20:15:53.062258,noise_samples
2024-09-30_11-20-29_0000024_noise_8ad27c65,noise,2026-01-24T20:15:53.684263,noise_samples
2024-09-30_11-20-29_0000024_noise_e60dfefa,noise,2026-01-24T20:15:54.298431,noise_samples
2024-09-30_11-20-29_0000024_noise_fc755109,noise,2026-01-24T20:15:54.835251,noise_samples
2024-09-30_11-20-32_0000025_noise_0780f9b2,noise,2026-01-24T20:15:55.443417,noise_samples
2024-09-30_11-20-32_0000025_noise_582ddc41,noise,2026-01-24T20:15:55.967297,noise_samples
2024-09-30_11-20-32_0000025_noise_748325bd,noise,2026-01-24T20:15:56.505836,noise_samples
2024-09-30_11-20-32_0000025_noise_7c721604,noise,2026-01-24T20:15:57.085104,noise_samples
2024-09-30_11-20-34_0000026_noise_1da0e795,noise,2026-01-24T20:15:57.749958,noise_samples
2024-09-30_11-20-34_0000026_noise_c7f84111,noise,2026-01-24T20:15:58.712845,noise_samples
2024-09-30_11-20-35_0000027_noise_4c9b23e1,noise,2026-01-24T20:15:59.477592,noise_samples
2024-09-30_11-20-35_0000027_noise_57d481f9,noise,2026-01-24T20:16:00.248706,noise_samples
2024-09-30_11-20-35_0000027_noise_7d2b6261,noise,2026-01-24T20:16:01.219963,noise_samples
2024-09-30_11-20-35_0000027_noise_bd1e06a2,noise,2026-01-24T20:16:02.369943,noise_samples
2024-09-30_11-20-38_0000028_noise_2989dd8e,noise,2026-01-24T20:16:03.507675,noise_samples
2024-09-30_11-20-38_0000028_noise_63872bfa,noise,2026-01-24T20:16:04.273178,noise_samples
2024-09-30_11-20-38_0000028_noise_80fc0705,noise,2026-01-24T20:16:05.228534,noise_samples
2024-09-30_11-20-38_0000028_noise_9d75241c,noise,2026-01-24T20:16:06.143857,noise_samples
2024-09-30_11-20-38_0000028_noise_c727973b,noise,2026-01-24T20:16:07.093970,noise_samples
2024-09-30_11-20-38_0000028_noise_d4c408e1,noise,2026-01-24T20:16:07.921027,noise_samples
2024-09-30_11-20-38_0000028_noise_fd9528df,noise,2026-01-24T20:16:08.584875,noise_samples
2024-09-30_11-20-41_0000029_noise_351ddc6a,noise,2026-01-24T20:16:10.451919,noise_samples
2024-09-30_11-20-41_0000029_noise_3e2d9389,noise,2026-01-24T20:16:11.221711,noise_samples
2024-09-30_11-20-41_0000029_noise_63935c14,noise,2026-01-24T20:16:14.646419,noise_samples
2024-09-30_11-20-41_0000029_noise_6d1d5fe3,noise,2026-01-24T20:16:15.444443,noise_samples
2024-09-30_11-20-41_0000029_noise_91ecf04c,noise,2026-01-24T20:16:16.174584,noise_samples
2024-09-30_11-20-41_0000029_noise_a05703fd,noise,2026-01-24T20:16:17.194217,noise_samples
2024-09-30_11-20-41_0000029_noise_d4c7051d,noise,2026-01-24T20:16:18.091023,noise_samples
2024-09-30_11-20-41_0000029_noise_e6a2184b,noise,2026-01-24T20:16:27.113291,noise_samples
2024-09-30_11-20-45_0000030_noise_065734c7,noise,2026-01-24T20:16:28.508618,noise_samples
2024-09-30_11-20-45_0000030_noise_18f82796,noise,2026-01-24T20:16:29.115877,noise_samples
2024-09-30_11-20-45_0000030_noise_2338f4b8,noise,2026-01-24T20:16:29.628523,noise_samples
2024-09-30_11-20-45_0000030_noise_4cedcceb,noise,2026-01-24T20:16:30.277906,noise_samples
2024-09-30_11-20-45_0000030_noise_841436b7,noise,2026-01-24T20:16:30.846211,noise_samples
2024-09-30_11-20-45_0000030_noise_bbebb0ea,noise,2026-01-24T20:16:31.372763,noise_samples
2024-09-30_11-20-45_0000030_noise_ee6ed2b2,noise,2026-01-24T20:16:31.890359,noise_samples
2024-09-30_11-20-45_0000030_noise_efbf18d5,noise,2026-01-24T20:16:32.420409,noise_samples
2024-09-30_11-20-48_0000031_noise_1e8d3c9f,noise,2026-01-24T20:16:32.972921,noise_samples
2024-09-30_11-20-48_0000031_noise_32d37903,noise,2026-01-24T20:16:33.622941,noise_samples
2024-09-30_11-20-48_0000031_noise_6d1b7d39,noise,2026-01-24T20:16:34.261444,noise_samples
2024-09-30_11-20-48_0000031_noise_99547894,noise,2026-01-24T20:16:34.812177,noise_samples
2024-09-30_11-20-48_0000031_noise_e272d7fd,noise,2026-01-24T20:16:35.313286,noise_samples
2024-09-30_11-20-53_0000032_noise_47a31ee3,noise,2026-01-24T20:16:35.807650,noise_samples
2024-09-30_11-20-53_0000032_noise_983040f1,noise,2026-01-24T20:16:36.305561,noise_samples
2024-09-30_11-20-53_0000032_noise_a31926f1,noise,2026-01-24T20:16:36.778005,noise_samples
2024-09-30_11-20-53_0000032_noise_c96ca020,noise,2026-01-24T20:16:53.600030,noise_samples
2024-09-30_11-20-53_0000032_noise_d20cc3f0,noise,2026-01-24T20:16:54.813608,noise_samples
2024-09-30_11-20-53_0000032_noise_df8219bf,noise,2026-01-24T20:16:55.531472,noise_samples
2024-09-30_11-20-56_0000033_noise_292bde04,noise,2026-01-24T20:16:57.997396,noise_samples
2024-09-30_11-20-56_0000033_noise_3cc26847,noise,2026-01-24T20:16:58.601843,noise_samples
2024-09-30_11-20-56_0000033_noise_6285ccbe,noise,2026-01-24T20:16:59.251889,noise_samples
2024-09-30_11-20-56_0000033_noise_68d9a642,noise,2026-01-24T20:16:59.882362,noise_samples
2024-09-30_11-20-56_0000033_noise_69834143,noise,2026-01-24T20:17:00.500363,noise_samples
2024-09-30_11-20-56_0000033_noise_98021428,noise,2026-01-24T20:17:01.056224,noise_samples
2024-09-30_11-20-56_0000033_noise_e49ac95f,noise,2026-01-24T20:17:01.628709,noise_samples
2024-09-30_11-21-01_0000034_noise_03404759,noise,2026-01-24T20:17:02.312051,noise_samples
2024-09-30_11-21-01_0000034_noise_2862af09,noise,2026-01-24T20:17:16.093381,noise_samples
2024-09-30_11-21-01_0000034_noise_3906d96e,noise,2026-01-24T20:17:17.282211,noise_samples
2024-09-30_11-21-01_0000034_noise_503f3aa1,noise,2026-01-24T20:17:18.124853,noise_samples
2024-09-30_11-21-01_0000034_noise_5f9d2086,noise,2026-01-24T20:17:18.869602,noise_samples
2024-09-30_11-21-01_0000034_noise_7695a51d,noise,2026-01-24T20:17:19.551689,noise_samples
2024-09-30_11-21-01_0000034_noise_8a59f2d2,noise,2026-01-24T20:17:20.210003,noise_samples
2024-09-30_11-21-01_0000034_noise_9da2185c,noise,2026-01-24T20:17:20.797926,noise_samples
2024-09-30_11-21-01_0000034_noise_a4a6c96d,noise,2026-01-24T20:17:21.471811,noise_samples
2024-09-30_11-21-01_0000034_noise_ad3e104e,noise,2026-01-24T20:17:22.143192,noise_samples
2024-09-30_11-21-01_0000034_noise_c7c315c8,noise,2026-01-24T20:17:22.768347,noise_samples
2024-09-30_11-21-01_0000034_noise_d79979de,noise,2026-01-24T20:17:23.436007,noise_samples
2024-09-30_11-21-01_0000034_noise_f0eece76,noise,2026-01-24T20:17:24.335427,noise_samples
2024-09-30_11-21-07_0000035_noise_018940cc,noise,2026-01-24T20:17:24.988342,noise_samples
2024-09-30_11-21-07_0000035_noise_16966d69,noise,2026-01-24T20:17:25.790339,noise_samples
2024-09-30_11-21-07_0000035_noise_3359784a,noise,2026-01-24T20:17:26.388313,noise_samples
2024-09-30_11-21-07_0000035_noise_3af8d08b,noise,2026-01-24T20:17:38.737044,noise_samples
2024-09-30_11-21-07_0000035_noise_415bad95,noise,2026-01-24T20:17:39.514733,noise_samples
2024-09-30_11-21-07_0000035_noise_4bff9991,noise,2026-01-24T20:17:40.079904,noise_samples
2024-09-30_11-21-07_0000035_noise_4c60d320,noise,2026-01-24T20:17:40.755522,noise_samples
2024-09-30_11-21-07_0000035_noise_4ca74f0e,noise,2026-01-24T20:17:41.267131,noise_samples
2024-09-30_11-21-07_0000035_noise_5c09eea0,noise,2026-01-24T20:17:41.760848,noise_samples
2024-09-30_11-21-07_0000035_noise_7218cc47,noise,2026-01-24T20:17:42.391657,noise_samples
2024-09-30_11-21-07_0000035_noise_bb63a2d4,noise,2026-01-24T20:17:42.798688,noise_samples
2024-09-30_11-21-07_0000035_noise_d0cf6a34,noise,2026-01-24T20:17:43.417072,noise_samples
2024-09-30_11-21-14_0000036_noise_112e7e31,noise,2026-01-24T20:17:44.295705,noise_samples
2024-09-30_11-21-14_0000036_noise_15046f54,noise,2026-01-24T20:17:45.147279,noise_samples
2024-09-30_11-21-14_0000036_noise_5121a403,noise,2026-01-24T20:17:45.841645,noise_samples
2024-09-30_11-21-14_0000036_noise_51f46ca5,noise,2026-01-24T20:17:46.500194,noise_samples
2024-09-30_11-21-14_0000036_noise_620e3b9f,noise,2026-01-24T20:17:47.060925,noise_samples
2024-09-30_11-21-14_0000036_noise_859d209d,noise,2026-01-24T20:17:47.631058,noise_samples
2024-09-30_11-21-14_0000036_noise_9043259a,noise,2026-01-24T20:17:48.373763,noise_samples
2024-09-30_11-21-14_0000036_noise_f75a172f,noise,2026-01-24T20:17:49.022841,noise_samples
2024-09-30_11-21-18_0000037_noise_59b1567f,noise,2026-01-24T20:17:49.581252,noise_samples
2024-09-30_11-21-18_0000037_noise_5f4e3df9,noise,2026-01-24T20:17:50.126417,noise_samples
2024-09-30_11-21-18_0000037_noise_89425dfd,noise,2026-01-24T20:17:50.670760,noise_samples
2024-09-30_11-21-18_0000037_noise_d4affc93,noise,2026-01-24T20:17:51.263595,noise_samples
2024-09-30_11-21-22_0000038_noise_43bad5a7,noise,2026-01-24T20:17:51.806193,noise_samples
2024-09-30_11-21-22_0000038_noise_584ce3f8,noise,2026-01-24T20:17:52.420017,noise_samples
2024-09-30_11-21-22_0000038_noise_59f2263a,noise,2026-01-24T20:17:52.913517,noise_samples
2024-09-30_11-21-22_0000038_noise_ba619481,noise,2026-01-24T20:17:53.518733,noise_samples
2024-09-30_11-21-22_0000038_noise_e317343b,noise,2026-01-24T20:17:54.000490,noise_samples
2024-09-30_11-21-24_0000039_noise_1da7cba3,noise,2026-01-24T20:17:54.515446,noise_samples
2024-09-30_11-21-24_0000039_noise_7c6302ef,noise,2026-01-24T20:17:55.258087,noise_samples
2024-09-30_11-21-24_0000039_noise_86da27ad,noise,2026-01-24T20:17:55.773412,noise_samples
2024-09-30_11-21-24_0000039_noise_8c7a711f,noise,2026-01-24T20:17:56.297564,noise_samples
2024-09-30_11-21-24_0000039_noise_b2a87002,noise,2026-01-24T20:17:56.865988,noise_samples
2024-09-30_11-21-24_0000039_noise_e84e1dd8,noise,2026-01-24T20:17:57.358836,noise_samples
2024-09-30_11-21-26_0000040_noise_7551c490,noise,2026-01-24T20:17:57.869474,noise_samples
2024-09-30_11-21-26_0000040_noise_a163c2ea,noise,2026-01-24T20:17:58.347316,noise_samples
2024-09-30_11-21-26_0000040_noise_ca6b3e2b,noise,2026-01-24T20:17:58.911380,noise_samples
2024-09-30_11-21-28_0000041_noise_09b49f7a,noise,2026-01-24T20:17:59.456393,noise_samples
2024-09-30_11-21-28_0000041_noise_f6f87fc0,noise,2026-01-24T20:17:59.935584,noise_samples
2024-09-30_11-21-30_0000042_noise_2c970a8e,noise,2026-01-24T20:18:00.409396,noise_samples
2024-09-30_11-21-30_0000042_noise_332b470a,noise,2026-01-24T20:18:00.908044,noise_samples
2024-09-30_11-21-30_0000042_noise_45810ae7,noise,2026-01-24T20:18:01.373632,noise_samples
2024-09-30_11-21-30_0000042_noise_4a7dd213,noise,2026-01-24T20:18:01.826307,noise_samples
2024-09-30_11-21-30_0000042_noise_a7408a46,noise,2026-01-24T20:18:02.367415,noise_samples
2024-09-30_11-21-30_0000042_noise_c91d1237,noise,2026-01-24T20:18:03.022647,noise_samples
2024-09-30_11-21-34_0000043_noise_2bd2dd66,noise,2026-01-24T20:18:07.066024,noise_samples
2024-09-30_11-21-34_0000043_noise_3c45ac19,noise,2026-01-24T20:18:07.627445,noise_samples
2024-09-30_11-21-34_0000043_noise_6048320d,noise,2026-01-24T20:18:08.270902,noise_samples
2024-09-30_11-21-34_0000043_noise_857114c0,noise,2026-01-24T20:18:08.790563,noise_samples
2024-09-30_11-21-34_0000043_noise_99817f9c,noise,2026-01-24T20:18:09.638884,noise_samples
2024-09-30_11-21-34_0000043_noise_a2fe137f,noise,2026-01-24T20:18:10.220014,noise_samples
2024-09-30_11-21-34_0000043_noise_bdc2196a,noise,2026-01-24T20:18:10.990220,noise_samples
2024-09-30_11-21-40_0000044_noise_00e3feb3,noise,2026-01-24T20:18:17.528091,noise_samples
2024-09-30_11-21-40_0000044_noise_0b1af1c8,noise,2026-01-24T20:18:18.185936,noise_samples
2024-09-30_11-21-40_0000044_noise_215c5d76,noise,2026-01-24T20:18:18.800161,noise_samples
2024-09-30_11-21-40_0000044_noise_3cd44a1e,noise,2026-01-24T20:18:19.387678,noise_samples
2024-09-30_11-21-40_0000044_noise_76c25a00,noise,2026-01-24T20:18:19.936422,noise_samples
2024-09-30_11-21-40_0000044_noise_8019af73,noise,2026-01-24T20:18:29.086405,noise_samples
2024-09-30_11-21-44_0000045_noise_0b8d1354,noise,2026-01-24T20:18:30.005433,noise_samples
2024-09-30_11-21-44_0000045_noise_12322183,noise,2026-01-24T20:18:30.565140,noise_samples
2024-09-30_11-21-44_0000045_noise_583195da,noise,2026-01-24T20:18:31.125641,noise_samples
2024-09-30_11-21-44_0000045_noise_76f6597f,noise,2026-01-24T20:18:31.685900,noise_samples
2024-09-30_11-21-44_0000045_noise_7aa3018d,noise,2026-01-24T20:18:32.389477,noise_samples
2024-09-30_11-21-44_0000045_noise_bfabe7cd,noise,2026-01-24T20:18:33.014003,noise_samples
2024-09-30_11-21-44_0000045_noise_c11f5823,noise,2026-01-24T20:18:33.561135,noise_samples
2024-09-30_11-21-44_0000045_noise_f2966437,noise,2026-01-24T20:18:34.140002,noise_samples
2024-09-30_11-21-44_0000045_noise_f9fc3abb,noise,2026-01-24T20:18:34.746812,noise_samples
2024-09-30_11-21-44_0000045_noise_fbbe986d,noise,2026-01-24T20:18:35.220292,noise_samples
2024-09-30_11-21-48_0000046_noise_9f697051,noise,2026-01-24T20:18:35.752959,noise_samples
2024-09-30_11-21-48_0000046_noise_c026208f,noise,2026-01-24T20:18:36.267039,noise_samples
2024-09-30_11-21-48_0000046_noise_f17e8f48,noise,2026-01-24T20:18:36.791985,noise_samples
2024-09-30_11-21-50_0000047_noise_2387a604,noise,2026-01-24T20:18:37.321438,noise_samples
2024-09-30_11-21-50_0000047_noise_33ed3aab,noise,2026-01-24T20:18:38.014014,noise_samples
2024-09-30_11-21-50_0000047_noise_628863ba,noise,2026-01-24T20:18:38.524945,noise_samples
2024-09-30_11-21-50_0000047_noise_8f74e080,noise,2026-01-24T20:18:39.071758,noise_samples
2024-09-30_11-21-50_0000047_noise_97cb0957,noise,2026-01-24T20:18:39.774389,noise_samples
2024-09-30_11-21-50_0000047_noise_ad497280,noise,2026-01-24T20:18:40.436006,noise_samples
2024-09-30_11-21-50_0000047_noise_c5743a07,noise,2026-01-24T20:18:41.075015,noise_samples
2024-09-30_11-21-50_0000047_noise_f5ad5b08,noise,2026-01-24T20:18:41.673799,noise_samples
2024-09-30_11-21-57_0000048_noise_fa4ece18,noise,2026-01-24T20:18:42.227332,noise_samples
2024-09-30_11-21-58_0000049_noise_02c564c1,noise,2026-01-24T20:18:43.058545,noise_samples
2024-09-30_11-21-58_0000049_noise_12416ba3,noise,2026-01-24T20:18:43.693116,noise_samples
2024-09-30_11-21-58_0000049_noise_176b2745,noise,2026-01-24T20:18:44.267485,noise_samples
2024-09-30_11-21-58_0000049_noise_d2b65eb8,noise,2026-01-24T20:18:44.868085,noise_samples
2024-09-30_11-21-58_0000049_noise_f46dae7b,noise,2026-01-24T20:18:46.128973,noise_samples
