"time_of_day","avg_size","num_recordings","line_thickness"
0.00555555555555556,1289122,1,1
0.0075,1289122,1,1
0.00777777777777778,1289122,1,1
0.00888888888888889,1289122,1,1
0.0294444444444444,1289122,1,1
0.0311111111111111,1289122,1,1
0.0316666666666667,1289122,1,1
0.0347222222222222,1289122,1,1
0.0366666666666667,1289122,1,1
0.0397222222222222,1289122,1,1
0.0408333333333333,2894754,1,1
0.0419444444444444,1289122,1,1
0.0441666666666667,1289122,1,1
0.0463888888888889,1551266,1,1
0.0469444444444444,1289122,1,1
0.0486111111111111,1289122,1,1
0.110833333333333,1289122,1,1
0.126944444444444,1289122,1,1
0.148611111111111,1289122,1,1
0.190833333333333,1289122,1,1
0.243055555555556,1289122,1,1
0.253611111111111,1289122,1,1
0.258888888888889,1289122,1,1
0.261111111111111,1289122,1,1
0.266111111111111,1780642,1,1
0.267222222222222,1289122,1,1
0.267777777777778,1289122,1,1
0.274444444444444,1780642,1,1
0.285,1289122,1,1
0.287222222222222,1289122,1,1
0.294444444444444,1289122,1,1
0.296388888888889,1289122,1,1
0.300555555555556,1289122,1,1
0.302777777777778,1289122,2,10
0.315555555555556,1289122,1,1
0.317777777777778,1289122,1,1
0.3275,1289122,1,1
0.33,1289122,1,1
0.331111111111111,1289122,1,1
0.339722222222222,1289122,1,1
0.341666666666667,1289122,1,1
0.342222222222222,1289122,1,1
0.343055555555556,1289122,1,1
0.345555555555556,1682338,1,1
0.346944444444444,1289122,1,1
0.348888888888889,1289122,1,1
0.352222222222222,1289122,2,10
0.352777777777778,1289122,1,1
0.361388888888889,1289122,1,1
0.361666666666667,1289122,1,1
0.361944444444444,1289122,1,1
0.364166666666667,1289122,1,1
0.364444444444444,1616802,1,1
0.366944444444444,1289122,1,1
0.371944444444444,1289122,1,1
0.373611111111111,1289122,1,1
0.375,1289122,1,1
0.375277777777778,1289122,1,1
0.379444444444444,1289122,1,1
0.38,1289122,1,1
0.380833333333333,1289122,1,1
0.381388888888889,1289122,1,1
0.388333333333333,1289122,1,1
0.389722222222222,1289122,1,1
0.391666666666667,1289122,1,1
0.392777777777778,1289122,1,1
0.393888888888889,1289122,1,1
0.404722222222222,1289122,1,1
0.411388888888889,1289122,1,1
0.414444444444444,1289122,1,1
0.435,1289122,1,1
0.437222222222222,1289122,1,1
0.443611111111111,1289122,2,10
0.445277777777778,1289122,1,1
0.446111111111111,1289122,1,1
0.449166666666667,1289122,1,1
0.45,1289122,1,1
0.452222222222222,1289122,1,1
0.461388888888889,1289122,1,1
0.467777777777778,1649570,1,1
0.468611111111111,1289122,1,1
0.471944444444444,2108322,1,1
0.472777777777778,1289122,1,1
0.473333333333333,1289122,1,1
0.475833333333333,1289122,1,1
0.477777777777778,1289122,1,1
0.480277777777778,1289122,1,1
0.482222222222222,1289122,1,1
0.488888888888889,1289122,1,1
0.49,1289122,1,1
0.493888888888889,1289122,1,1
0.508888888888889,1289122,1,1
0.510555555555556,1813410,1,1
0.515555555555556,1289122,1,1
0.52,1289122,1,1
0.529166666666667,1289122,1,1
0.555833333333333,1289122,1,1
0.556111111111111,1289122,1,1
0.556666666666667,1289122,1,1
0.558055555555556,1289122,1,1
0.558888888888889,1846178,1,1
0.560277777777778,1289122,1,1
0.563055555555556,1289122,1,1
0.575555555555555,1289122,1,1
0.577777777777778,1289122,1,1
0.582222222222222,1452962,1,1
0.584722222222222,1977250,1,1
0.585833333333333,2468770,1,1
0.59,1289122,1,1
0.590555555555556,1289122,1,1
0.591111111111111,1747874,1,1
0.591666666666667,1616802,1,1
0.592777777777778,1289122,1,1
0.593611111111111,1321890,1,1
0.594722222222222,1289122,1,1
0.595277777777778,2206626,1,1
0.596111111111111,1616802,1,1
0.598611111111111,1289122,1,1
0.608333333333333,1354658,1,1
0.610833333333333,1289122,1,1
0.621111111111111,1289122,1,1
0.623333333333333,1289122,1,1
0.624444444444444,1289122,1,1
0.626944444444445,1289122,1,1
0.634166666666667,1289122,1,1
0.634722222222222,1420194,1,1
0.636111111111111,1289122,1,1
0.636666666666667,1715106,1,1
0.639722222222222,1354658,1,1
0.640833333333333,1289122,1,1
0.641944444444444,1289122,1,1
0.6475,1289122,1,1
0.656666666666667,1289122,1,1
0.665555555555556,1289122,1,1
0.669166666666667,1289122,1,1
0.670833333333333,1289122,1,1
0.691666666666667,1289122,1,1
0.6925,1289122,1,1
0.697777777777778,1289122,1,1
0.698888888888889,1354658,1,1
0.7025,1289122,1,1
0.704444444444444,1289122,1,1
0.727222222222222,1289122,1,1
0.733333333333333,1289122,1,1
0.742222222222222,1289122,1,1
0.746388888888889,1584034,1,1
0.748888888888889,1289122,1,1
0.755,1289122,1,1
0.763611111111111,3713954,1,1
0.765277777777778,1977250,1,1
0.765833333333333,1289122,1,1
0.776666666666667,1289122,1,1
0.778611111111111,1321890,1,1
0.783055555555556,1289122,1,1
0.785277777777778,1289122,1,1
0.799166666666667,1289122,1,1
0.806388888888889,1289122,1,1
0.806944444444444,1289122,1,1
0.809722222222222,1289122,1,1
0.810833333333333,1289122,1,1
0.819166666666667,1289122,1,1
0.8225,1289122,1,1
0.825,1289122,1,1
0.8275,1289122,1,1
0.834166666666667,1289122,1,1
0.836388888888889,1289122,1,1
0.846388888888889,1289122,1,1
0.854166666666667,1289122,1,1
0.861666666666667,1289122,1,1
0.865,1289122,1,1
0.866388888888889,1289122,1,1
0.866666666666667,1321890,1,1
0.868888888888889,1289122,1,1
0.869722222222222,1289122,1,1
0.870833333333333,1289122,1,1
0.873055555555556,1289122,1,1
0.874166666666667,1289122,1,1
0.879722222222222,1289122,1,1
0.889722222222222,1289122,1,1
0.890277777777778,1289122,2,10
0.892222222222222,1289122,1,1
0.903888888888889,1289122,1,1
0.904722222222222,1289122,1,1
0.906388888888889,1289122,1,1
0.908611111111111,1518498,1,1
0.915277777777778,1289122,1,1
0.916388888888889,1289122,1,1
0.916666666666667,1289122,1,1
0.923333333333333,1616802,1,1
0.924722222222222,1289122,1,1
0.928055555555556,1584034,1,1
0.930555555555555,1289122,1,1
0.936944444444444,1289122,1,1
0.938888888888889,1289122,1,1
0.946111111111111,1289122,1,1
0.949722222222222,1289122,1,1
0.9525,1289122,1,1
0.954166666666667,1485730,1,1
0.963611111111111,1289122,1,1
0.964444444444444,1289122,1,1
0.965833333333333,1289122,1,1
0.966666666666667,1289122,1,1
0.977222222222222,1289122,1,1
0.979722222222222,1289122,1,1
0.981666666666667,2370466,1,1
0.985555555555556,1289122,1,1
0.986111111111111,1289122,1,1
0.986388888888889,1452962,1,1
0.987777777777778,1289122,1,1
0.988055555555555,1289122,1,1
0.99,1289122,1,1
0.991388888888889,1289122,1,1
0.991666666666667,1289122,1,1
0.995833333333333,1289122,1,1
1,1289122,1,1
1.00527777777778,1289122,1,1
1.01277777777778,1289122,1,1
1.01583333333333,1289122,1,1
1.01638888888889,1289122,1,1
1.02166666666667,1289122,1,1
1.02388888888889,1452962,2,10
1.02472222222222,1289122,1,1
1.02555555555556,1289122,1,1
1.02583333333333,1289122,1,1
1.03,1289122,1,1
1.03111111111111,1289122,1,1
1.03277777777778,1289122,1,1
1.03583333333333,1289122,1,1
1.03805555555556,1289122,1,1
1.04555555555556,1289122,1,1
1.04777777777778,1289122,1,1
1.04805555555556,1289122,1,1
1.04833333333333,1289122,1,1
1.05138888888889,1289122,1,1
1.05166666666667,1289122,2,10
1.06222222222222,1289122,1,1
1.06416666666667,1289122,1,1
1.06555555555556,1846178,1,1
1.07111111111111,1747874,1,1
1.0725,1289122,1,1
1.07444444444444,1289122,1,1
1.08361111111111,1289122,1,1
1.09111111111111,1289122,1,1
1.09361111111111,1289122,1,1
1.10111111111111,1289122,1,1
1.10388888888889,1289122,1,1
1.10527777777778,1289122,1,1
1.10805555555556,2075554,1,1
1.11055555555556,1289122,1,1
1.11305555555556,1289122,1,1
1.11694444444444,1289122,1,1
1.11777777777778,1682338,1,1
1.11916666666667,1338274,2,10
1.11972222222222,1289122,1,1
1.12083333333333,1289122,1,1
1.12111111111111,1289122,1,1
1.12194444444444,1289122,1,1
1.1225,2403234,1,1
1.12416666666667,1289122,1,1
1.12472222222222,1289122,1,1
1.1325,1485730,1,1
1.13416666666667,1518498,1,1
1.13611111111111,1387426,2,10
1.1375,1289122,1,1
1.13833333333333,1289122,1,1
1.14111111111111,1616802,1,1
1.14194444444444,2141090,1,1
1.14222222222222,1289122,1,1
1.14277777777778,1289122,2,10
1.14361111111111,1289122,1,1
1.1475,1289122,1,1
1.15277777777778,1289122,1,1
1.15694444444444,1518498,1,1
1.1575,1289122,1,1
1.16,1289122,1,1
1.16388888888889,1289122,1,1
1.165,2501538,1,1
1.16888888888889,1289122,1,1
1.16944444444444,1289122,1,1
1.17305555555556,1289122,1,1
1.17444444444444,1289122,1,1
1.18361111111111,1289122,1,1
1.18666666666667,1289122,1,1
1.18722222222222,1289122,1,1
1.18805555555556,1289122,1,1
1.18972222222222,1878946,1,1
1.19055555555556,1289122,1,1
1.19222222222222,1289122,1,1
1.19277777777778,1289122,1,1
1.19305555555556,1289122,1,1
1.19777777777778,1289122,1,1
1.19861111111111,1289122,1,1
1.20083333333333,1289122,1,1
1.20222222222222,1289122,1,1
1.20305555555556,1551266,1,1
1.20527777777778,1387426,1,1
1.20694444444444,1289122,1,1
1.20861111111111,1551266,1,1
1.20888888888889,1715106,1,1
1.21305555555556,1289122,1,1
1.21444444444444,1289122,2,10
1.21555555555556,2075554,1,1
1.21722222222222,1289122,1,1
1.21972222222222,1289122,1,1
1.22111111111111,1289122,1,1
1.22138888888889,1289122,1,1
1.2225,1289122,1,1
1.22916666666667,1649570,1,1
1.22972222222222,1289122,1,1
1.23055555555556,1289122,1,1
1.23111111111111,1289122,1,1
1.23166666666667,1387426,1,1
1.23222222222222,2763682,1,1
1.23722222222222,1616802,1,1
1.23777777777778,1649570,1,1
1.24027777777778,1289122,1,1
1.24055555555556,1289122,1,1
1.24666666666667,1289122,1,1
1.24861111111111,1289122,1,1
1.25194444444444,1289122,1,1
1.25277777777778,1289122,1,1
1.25388888888889,1780642,1,1
1.25583333333333,1289122,1,1
1.25611111111111,1289122,1,1
1.25722222222222,1747874,1,1
1.25888888888889,1747874,1,1
1.27111111111111,1485730,1,1
1.27722222222222,1289122,1,1
1.28305555555556,1289122,1,1
1.28638888888889,1289122,1,1
1.28694444444444,1289122,1,1
1.28833333333333,2304930,1,1
1.29055555555556,1289122,1,1
1.29194444444444,1289122,1,1
1.29583333333333,2632610,1,1
1.30083333333333,1289122,1,1
1.3025,1289122,1,1
1.31222222222222,1289122,1,1
1.31861111111111,1289122,1,1
1.32277777777778,1518498,1,1
1.32333333333333,1289122,1,1
1.32416666666667,1289122,1,1
1.32472222222222,1747874,1,1
1.32583333333333,1289122,1,1
1.32805555555556,3484578,1,1
1.32944444444444,1682338,1,1
1.33027777777778,1485730,1,1
1.33222222222222,1289122,1,1
1.34555555555556,1289122,1,1
1.35444444444444,1289122,1,1
1.36138888888889,1289122,1,1
1.36305555555556,1289122,1,1
1.36555555555556,1289122,1,1
1.37333333333333,1715106,1,1
1.38055555555556,1289122,1,1
1.38222222222222,1289122,1,1
1.3825,1616802,1,1
1.38361111111111,1452962,1,1
1.38805555555556,1649570,1,1
1.38888888888889,1289122,1,1
1.39083333333333,1289122,1,1
1.40277777777778,1289122,1,1
1.40305555555556,1289122,1,1
1.40805555555556,1354658,1,1
1.41194444444444,1289122,1,1
1.41305555555556,1420194,1,1
1.41527777777778,1289122,1,1
1.41638888888889,1289122,1,1
1.41666666666667,1289122,1,1
1.42222222222222,1289122,1,1
1.42305555555556,1289122,1,1
1.42916666666667,1289122,1,1
1.43055555555556,1289122,1,1
1.43277777777778,1289122,1,1
1.43361111111111,1321890,1,1
1.43527777777778,1289122,1,1
1.43555555555556,1289122,1,1
1.44055555555556,1289122,1,1
1.44111111111111,1289122,1,1
1.44138888888889,1289122,1,1
1.445,1846178,1,1
1.47722222222222,1289122,1,1
1.48333333333333,1289122,1,1
1.48833333333333,1289122,1,1
1.49166666666667,1289122,1,1
1.49277777777778,1289122,1,1
1.49361111111111,2829218,1,1
1.49472222222222,1452962,1,1
1.49694444444444,1649570,1,1
1.49861111111111,2108322,1,1
1.505,2665378,1,1
1.50638888888889,1289122,1,1
1.50916666666667,1289122,1,1
1.51305555555556,1321890,1,1
1.51444444444444,1289122,1,1
1.52583333333333,1289122,1,1
1.52638888888889,1289122,1,1
1.52972222222222,1289122,1,1
1.53166666666667,1289122,1,1
1.53361111111111,1289122,1,1
1.53666666666667,1289122,1,1
1.54083333333333,1911714,1,1
1.54277777777778,1321890,1,1
1.54916666666667,1289122,1,1
1.55111111111111,1289122,1,1
1.5525,1289122,1,1
1.55305555555556,1289122,1,1
1.55972222222222,1289122,1,1
1.56,1518498,1,1
1.56055555555556,1289122,1,1
1.56111111111111,1289122,1,1
1.56611111111111,1518498,1,1
1.57166666666667,1289122,1,1
1.57194444444444,1289122,1,1
1.57222222222222,1289122,1,1
1.57361111111111,1616802,1,1
1.57722222222222,1289122,1,1
1.58305555555556,1289122,1,1
1.58361111111111,1289122,1,1
1.58555555555556,1289122,1,1
1.58611111111111,1289122,1,1
1.58666666666667,1485730,1,1
1.58722222222222,1289122,1,1
1.59055555555556,1289122,1,1
1.59194444444444,1289122,1,1
1.59305555555556,1289122,1,1
1.59416666666667,1911714,1,1
1.59555555555556,1289122,1,1
1.59666666666667,1289122,1,1
1.59861111111111,1289122,1,1
1.59888888888889,1289122,1,1
1.59972222222222,1289122,1,1
1.60166666666667,1289122,1,1
1.60194444444444,1289122,1,1
1.60444444444444,1289122,1,1
1.60805555555556,1846178,1,1
1.60944444444444,1289122,1,1
1.61138888888889,1518498,1,1
1.61194444444444,1878946,1,1
1.6125,2026402,2,10
1.61305555555556,1289122,1,1
1.6175,1289122,1,1
1.61777777777778,1452962,1,1
1.61833333333333,1289122,1,1
1.61888888888889,1289122,1,1
1.61916666666667,2010018,1,1
1.62055555555556,1813410,1,1
1.6225,1289122,1,1
1.62305555555556,1813410,1,1
1.62444444444444,1289122,1,1
1.62555555555556,1551266,1,1
1.62583333333333,1289122,1,1
1.62611111111111,1289122,1,1
1.62694444444444,1289122,1,1
1.62722222222222,1518498,1,1
1.62944444444444,1289122,1,1
1.63027777777778,1289122,1,1
1.63055555555556,1289122,1,1
1.63138888888889,1289122,1,1
1.63472222222222,1649570,1,1
1.63555555555556,1289122,1,1
1.63611111111111,1518498,1,1
1.63833333333333,1289122,1,1
1.63972222222222,1289122,1,1
1.64083333333333,1289122,1,1
1.64111111111111,1289122,1,1
1.64194444444444,1289122,1,1
1.64361111111111,1289122,1,1
1.64416666666667,1289122,1,1
1.64638888888889,1289122,1,1
1.64805555555556,1289122,1,1
1.64861111111111,1944482,1,1
1.65055555555556,1289122,1,1
1.65555555555556,1485730,1,1
1.65611111111111,1846178,1,1
1.65694444444444,1289122,1,1
1.65777777777778,1289122,1,1
1.66,1289122,1,1
1.66194444444444,1289122,1,1
1.66777777777778,2665378,1,1
1.67666666666667,1289122,1,1
1.6775,1289122,1,1
1.68361111111111,1289122,1,1
1.68416666666667,1289122,1,1
1.68666666666667,1289122,1,1
1.68861111111111,1289122,1,1
1.68944444444444,1289122,1,1
1.69,1289122,1,1
1.6925,1289122,1,1
1.69388888888889,1289122,1,1
1.69861111111111,1289122,1,1
1.7,1780642,1,1
1.70027777777778,1289122,1,1
1.7075,1289122,1,1
1.70916666666667,1289122,1,1
1.71083333333333,1518498,1,1
1.71277777777778,1321890,1,1
1.71472222222222,1289122,1,1
1.71555555555556,1289122,1,1
1.71694444444444,1289122,1,1
1.71722222222222,1289122,1,1
1.72055555555556,1289122,1,1
1.72138888888889,1289122,1,1
1.72583333333333,1289122,1,1
1.72805555555556,1289122,1,1
1.73166666666667,1289122,1,1
1.7375,2436002,1,1
1.73833333333333,1354658,1,1
1.73916666666667,2894754,1,1
1.74138888888889,1289122,1,1
1.74222222222222,1289122,1,1
1.74277777777778,1289122,1,1
1.74527777777778,1289122,1,1
1.74611111111111,1289122,1,1
1.7475,1289122,1,1
1.74944444444444,1289122,1,1
1.75138888888889,1289122,1,1
1.7525,1289122,1,1
1.75388888888889,1289122,1,1
1.75555555555556,1289122,1,1
1.75638888888889,1289122,1,1
1.76083333333333,1813410,1,1
1.76138888888889,1289122,1,1
1.7625,2894754,1,1
1.76305555555556,1289122,1,1
1.76666666666667,1289122,1,1
1.76888888888889,1289122,1,1
1.76944444444444,1354658,1,1
1.775,1289122,1,1
1.77638888888889,1289122,1,1
1.7775,1289122,1,1
1.78166666666667,1289122,1,1
1.78333333333333,1289122,1,1
1.78666666666667,1289122,1,1
1.80111111111111,1289122,1,1
1.805,1289122,1,1
1.80722222222222,1289122,1,1
1.8075,1289122,1,1
1.81083333333333,1289122,1,1
1.81138888888889,1551266,1,1
1.81444444444444,1289122,1,1
1.81527777777778,1780642,1,1
1.81805555555556,1289122,1,1
1.82,1289122,1,1
1.8225,1289122,1,1
1.82333333333333,1616802,1,1
1.82527777777778,1289122,1,1
1.82722222222222,3025826,1,1
1.82944444444444,1878946,1,1
1.83083333333333,1289122,1,1
1.83138888888889,1289122,1,1
1.8325,1387426,1,1
1.83277777777778,1289122,1,1
1.83305555555556,2370466,1,1
1.83472222222222,1289122,1,1
1.83611111111111,1289122,1,1
1.8375,1289122,1,1
1.84083333333333,1289122,1,1
1.84138888888889,1616802,1,1
1.84305555555556,1289122,1,1
1.84416666666667,1289122,1,1
1.845,1289122,1,1
1.84527777777778,1715106,1,1
1.84611111111111,1289122,1,1
1.84638888888889,1289122,1,1
1.84805555555556,1289122,1,1
1.84888888888889,2010018,1,1
1.85055555555556,1289122,1,1
1.85111111111111,1289122,1,1
1.8525,1289122,1,1
1.85527777777778,1584034,1,1
1.8575,1289122,1,1
1.85916666666667,1289122,1,1
1.86111111111111,1289122,1,1
1.86305555555556,1289122,1,1
1.86361111111111,1551266,1,1
1.86472222222222,1321890,1,1
1.86666666666667,1289122,1,1
1.87222222222222,1289122,1,1
1.8725,1289122,1,1
1.87416666666667,1289122,1,1
1.87583333333333,1289122,1,1
1.87694444444444,1911714,1,1
1.87777777777778,1289122,1,1
1.87833333333333,1649570,1,1
1.87916666666667,1289122,1,1
1.87972222222222,1289122,1,1
1.88,1289122,1,1
1.88166666666667,1289122,1,1
1.88222222222222,1289122,1,1
1.88472222222222,1944482,1,1
1.88666666666667,1289122,1,1
1.88888888888889,6237090,1,1
1.89277777777778,1289122,1,1
1.89638888888889,1289122,1,1
1.89694444444444,1616802,1,1
1.89861111111111,1289122,1,1
1.90138888888889,1584034,1,1
1.90222222222222,2632610,1,1
1.90416666666667,1289122,1,1
1.90472222222222,1485730,1,1
1.90583333333333,1289122,1,1
1.90611111111111,1289122,1,1
1.90666666666667,1289122,1,1
1.9075,1911714,1,1
1.91111111111111,1551266,1,1
1.92888888888889,1289122,1,1
1.93083333333333,1289122,1,1
1.94694444444444,1289122,1,1
1.9875,1289122,1,1
2.02083333333333,1289122,1,1
2.02555555555556,1289122,1,1
2.03388888888889,1452962,1,1
2.04277777777778,1420194,1,1
2.0475,1289122,1,1
2.05944444444444,1289122,1,1
2.06083333333333,1289122,1,1
2.06333333333333,1289122,1,1
2.06361111111111,1289122,1,1
2.07027777777778,1289122,1,1
2.07138888888889,1289122,1,1
2.07388888888889,1289122,1,1
2.07444444444444,1289122,1,1
2.07527777777778,1289122,1,1
2.07611111111111,1289122,1,1
2.08333333333333,1289122,1,1
2.08388888888889,1289122,1,1
2.08416666666667,1289122,1,1
2.085,1911714,1,1
2.08694444444444,1289122,1,1
2.0875,1551266,1,1
2.0925,1289122,1,1
2.09361111111111,1289122,1,1
2.09638888888889,1289122,1,1
2.10611111111111,1289122,1,1
2.1075,1289122,1,1
2.1225,1289122,1,1
2.12277777777778,1289122,1,1
2.12527777777778,1289122,1,1
2.13222222222222,1321890,1,1
2.13388888888889,1289122,1,1
2.13555555555556,1289122,1,1
2.13638888888889,1289122,1,1
2.13777777777778,1289122,1,1
2.14,1289122,1,1
2.14361111111111,1289122,1,1
2.14555555555556,1289122,1,1
2.15694444444444,1289122,1,1
2.16083333333333,1289122,1,1
2.16166666666667,1289122,1,1
2.16611111111111,1289122,1,1
2.17194444444444,1289122,1,1
2.17277777777778,1289122,1,1
2.17361111111111,1944482,1,1
2.17694444444444,1289122,1,1
2.18527777777778,1289122,1,1
2.18555555555556,1289122,1,1
2.18861111111111,1289122,1,1
2.18944444444444,1289122,1,1
2.19111111111111,1289122,1,1
2.1925,1289122,1,1
2.20388888888889,1289122,1,1
2.2075,1289122,1,1
2.20861111111111,1289122,1,1
2.21055555555556,1387426,1,1
2.21166666666667,1289122,1,1
2.21361111111111,1878946,1,1
2.21472222222222,1354658,1,1
2.21527777777778,1780642,1,1
2.21777777777778,1289122,2,10
2.22055555555556,1289122,1,1
2.22611111111111,1289122,1,1
2.23194444444444,1289122,1,1
2.23361111111111,1289122,1,1
2.23472222222222,1289122,1,1
2.23638888888889,1289122,1,1
2.23694444444444,1289122,1,1
2.23833333333333,1289122,1,1
2.24,1289122,2,10
2.24138888888889,1289122,1,1
2.24388888888889,1387426,1,1
2.24833333333333,1289122,1,1
2.24916666666667,1321890,1,1
2.24972222222222,1518498,1,1
2.25083333333333,1289122,1,1
2.25194444444444,1289122,1,1
2.2525,1289122,1,1
2.25361111111111,1452962,1,1
2.25416666666667,1289122,1,1
2.25527777777778,1289122,1,1
2.25583333333333,1289122,1,1
2.25611111111111,1289122,1,1
2.26166666666667,1584034,1,1
2.26583333333333,1289122,1,1
2.27222222222222,1354658,2,10
2.27388888888889,1289122,1,1
2.28472222222222,1289122,1,1
2.29027777777778,1289122,1,1
2.29777777777778,1289122,1,1
2.29805555555556,1289122,1,1
2.29833333333333,1289122,1,1
2.29916666666667,1289122,1,1
2.30055555555556,1289122,1,1
2.30194444444444,1289122,1,1
2.30472222222222,1289122,1,1
2.30638888888889,1289122,1,1
2.3075,1289122,1,1
2.30861111111111,1289122,1,1
2.31333333333333,1289122,1,1
2.31361111111111,1485730,1,1
2.31472222222222,1289122,1,1
2.31555555555556,1289122,1,1
2.31805555555556,1289122,1,1
2.32194444444444,1289122,1,1
2.32638888888889,1289122,1,1
2.32805555555556,1289122,1,1
2.33777777777778,1289122,1,1
2.3475,1289122,1,1
2.34916666666667,1289122,1,1
2.35138888888889,1289122,1,1
2.35166666666667,1289122,1,1
2.35277777777778,1289122,1,1
2.35333333333333,1289122,1,1
2.35472222222222,1289122,1,1
2.35555555555556,1780642,1,1
2.35611111111111,1289122,1,1
2.35888888888889,1289122,1,1
2.37388888888889,1289122,1,1
2.37972222222222,1289122,1,1
2.38361111111111,1289122,1,1
2.39388888888889,1289122,1,1
2.39527777777778,1289122,1,1
2.40138888888889,1289122,1,1
2.41861111111111,1911714,1,1
2.42444444444444,2567074,1,1
2.42833333333333,1289122,1,1
2.43083333333333,1289122,1,1
2.43166666666667,1485730,1,1
2.43527777777778,1289122,1,1
2.43805555555556,1289122,1,1
2.455,1289122,1,1
2.45694444444444,1813410,1,1
2.46138888888889,1289122,1,1
2.46305555555556,1289122,1,1
2.46833333333333,1289122,1,1
2.46861111111111,1846178,1,1
2.47027777777778,1387426,1,1
2.47111111111111,1289122,1,1
2.47166666666667,1289122,1,1
2.4725,1289122,1,1
2.47388888888889,1485730,1,1
2.47555555555556,1289122,1,1
2.4775,1289122,1,1
2.48333333333333,1289122,1,1
2.48611111111111,1289122,1,1
2.49083333333333,1289122,1,1
2.49277777777778,1289122,1,1
2.49444444444444,1289122,1,1
2.49777777777778,1289122,1,1
2.50194444444444,1289122,1,1
2.50611111111111,1289122,1,1
2.50694444444444,1289122,1,1
2.51222222222222,1289122,1,1
2.52833333333333,1289122,1,1
2.5375,1289122,1,1
2.54138888888889,1289122,1,1
2.54388888888889,1289122,1,1
2.54722222222222,1371042,2,10
2.55333333333333,1682338,1,1
2.55416666666667,1289122,1,1
2.55472222222222,1289122,1,1
2.55527777777778,1289122,1,1
2.55888888888889,1813410,1,1
2.56416666666667,1289122,1,1
2.56611111111111,1289122,1,1
2.57138888888889,1289122,1,1
2.5775,1289122,1,1
2.57972222222222,1387426,1,1
2.58444444444444,1289122,1,1
2.58805555555556,1289122,1,1
2.59027777777778,1878946,1,1
2.59944444444444,1289122,1,1
2.60555555555556,1289122,1,1
2.60666666666667,1289122,1,1
2.61277777777778,1289122,1,1
2.61638888888889,1452962,1,1
2.61694444444444,3419042,1,1
2.61805555555556,1289122,1,1
2.62388888888889,1289122,1,1
2.62611111111111,1289122,1,1
2.62722222222222,2796450,1,1
2.62833333333333,1518498,1,1
2.62888888888889,1354658,1,1
2.62916666666667,1682338,1,1
2.63527777777778,1289122,1,1
2.63666666666667,1289122,1,1
2.64527777777778,1289122,1,1
2.64861111111111,1289122,1,1
2.65055555555556,1289122,1,1
2.65388888888889,1485730,1,1
2.65666666666667,1911714,1,1
2.65888888888889,1289122,1,1
2.65944444444444,1289122,1,1
2.65972222222222,1289122,1,1
2.66083333333333,1289122,1,1
2.66916666666667,1289122,1,1
2.66972222222222,1289122,1,1
2.67083333333333,1289122,1,1
2.6725,1289122,1,1
2.67333333333333,1289122,1,1
2.685,1289122,1,1
2.68666666666667,1289122,1,1
2.68916666666667,1289122,1,1
2.69361111111111,1289122,1,1
2.69416666666667,1289122,1,1
2.69638888888889,1289122,1,1
2.7075,1289122,1,1
2.71583333333333,1289122,1,1
2.71972222222222,1715106,1,1
2.72111111111111,1289122,1,1
2.72805555555556,1289122,1,1
2.72861111111111,1289122,1,1
2.74416666666667,1289122,1,1
2.7475,1289122,1,1
2.74972222222222,1289122,1,1
2.76,1289122,1,1
2.76527777777778,1289122,1,1
2.76583333333333,1289122,1,1
2.7675,1289122,1,1
2.77166666666667,1289122,1,1
2.77222222222222,1289122,1,1
2.77638888888889,1289122,1,1
2.78638888888889,1289122,1,1
2.79555555555556,1289122,1,1
2.79611111111111,1289122,1,1
2.80111111111111,1289122,1,1
2.80166666666667,1289122,1,1
2.80916666666667,1289122,1,1
2.81027777777778,1289122,1,1
2.8275,1387426,1,1
2.82944444444444,1289122,1,1
2.83055555555556,1289122,1,1
2.83194444444444,3156898,1,1
2.83527777777778,1289122,1,1
2.83722222222222,1289122,1,1
2.83833333333333,1321890,1,1
2.84888888888889,1289122,1,1
2.85111111111111,1649570,1,1
2.85361111111111,1911714,1,1
2.85722222222222,1289122,1,1
2.85777777777778,1289122,1,1
2.85861111111111,1289122,1,1
2.86,1584034,1,1
2.86055555555556,1944482,1,1
2.86194444444444,1289122,1,1
2.86777777777778,1878946,1,1
2.87305555555556,2796450,1,1
2.87555555555556,1289122,1,1
2.87944444444444,1289122,1,1
2.88027777777778,1289122,1,1
2.88055555555556,1289122,1,1
2.88111111111111,1289122,1,1
2.88305555555556,1289122,1,1
2.885,1551266,1,1
2.88555555555556,1289122,1,1
2.88583333333333,1289122,1,1
2.88611111111111,1289122,1,1
2.88666666666667,1715106,1,1
2.88777777777778,2501538,1,1
2.88916666666667,1878946,1,1
2.89,1289122,1,1
2.89055555555556,1420194,1,1
2.89111111111111,1387426,1,1
2.89305555555556,1289122,1,1
2.89694444444444,1289122,1,1
2.89916666666667,1289122,1,1
2.90055555555556,1289122,1,1
2.90111111111111,1715106,1,1
2.90972222222222,1649570,1,1
2.91111111111111,1289122,1,1
2.91166666666667,1289122,1,1
2.91444444444444,1289122,1,1
2.91527777777778,1289122,1,1
2.91694444444444,1289122,1,1
2.9175,1289122,1,1
2.92194444444444,1289122,1,1
2.92638888888889,2010018,1,1
2.93166666666667,2796450,1,1
2.935,1289122,1,1
2.93722222222222,1485730,1,1
2.93805555555556,1289122,1,1
2.93861111111111,1780642,1,1
2.93916666666667,1289122,1,1
2.94888888888889,1452962,1,1
2.95055555555556,1289122,1,1
2.95833333333333,1551266,1,1
2.95916666666667,1289122,1,1
2.95972222222222,1321890,1,1
2.96166666666667,1485730,1,1
2.97,2075554,1,1
2.97083333333333,1387426,1,1
2.97138888888889,1289122,1,1
2.97305555555556,1289122,1,1
2.97472222222222,1289122,1,1
2.97555555555556,1289122,1,1
2.97777777777778,1289122,1,1
2.97944444444444,1289122,1,1
2.98138888888889,1682338,1,1
2.98388888888889,1813410,1,1
2.9875,1289122,1,1
2.98944444444444,1420194,1,1
2.99138888888889,1289122,1,1
2.9925,1289122,1,1
2.99694444444444,1289122,1,1
2.99805555555556,1289122,1,1
2.99833333333333,1289122,1,1
3,1289122,1,1
3.00222222222222,1813410,1,1
3.00388888888889,1813410,1,1
3.00444444444444,1289122,1,1
3.00583333333333,1911714,1,1
3.00666666666667,1289122,1,1
3.0075,1289122,1,1
3.00833333333333,1289122,1,1
3.01138888888889,1289122,1,1
3.01305555555556,1289122,1,1
3.01611111111111,1289122,1,1
3.0325,1289122,1,1
3.03472222222222,1289122,1,1
3.04472222222222,1289122,1,1
3.04944444444444,1289122,1,1
3.05055555555556,1289122,1,1
3.06583333333333,1289122,1,1
3.07222222222222,1289122,1,1
3.075,1289122,1,1
3.08277777777778,1289122,1,1
3.08444444444444,1289122,1,1
3.10361111111111,1289122,1,1
3.10444444444444,1289122,1,1
3.11,1289122,1,1
3.11111111111111,1289122,1,1
3.12083333333333,1289122,1,1
3.1225,1289122,1,1
3.12861111111111,1289122,1,1
3.12944444444444,1289122,1,1
3.12972222222222,1289122,1,1
3.13166666666667,1289122,1,1
3.1325,1289122,1,1
3.13472222222222,1289122,1,1
3.135,1289122,1,1
3.13861111111111,1289122,1,1
3.13916666666667,1289122,1,1
3.13972222222222,1289122,1,1
3.14138888888889,1289122,1,1
3.14444444444444,1289122,1,1
3.14638888888889,1518498,1,1
3.14777777777778,1289122,1,1
3.14972222222222,1518498,1,1
3.15916666666667,1289122,1,1
3.15944444444444,1289122,1,1
3.16166666666667,1289122,1,1
3.16333333333333,1289122,1,1
3.16638888888889,1289122,1,1
3.16916666666667,1289122,1,1
3.17194444444444,1289122,1,1
3.17333333333333,1289122,1,1
3.17527777777778,1813410,1,1
3.17805555555556,1289122,1,1
3.18194444444444,2403234,1,1
3.18305555555556,1321890,1,1
3.18583333333333,1289122,1,1
3.18638888888889,1289122,1,1
3.18805555555556,1289122,1,1
3.19194444444444,1289122,1,1
3.1925,1289122,1,1
3.195,1289122,1,1
3.19888888888889,1289122,1,1
3.20055555555556,1289122,1,1
3.20527777777778,1289122,1,1
3.20722222222222,1289122,1,1
3.21555555555556,1649570,1,1
3.22333333333333,1289122,1,1
3.23388888888889,1289122,1,1
3.23472222222222,1289122,1,1
3.2375,1289122,1,1
3.25138888888889,1321890,1,1
3.25777777777778,1289122,1,1
3.26083333333333,1289122,1,1
3.26166666666667,1289122,1,1
3.28416666666667,1289122,1,1
3.28472222222222,1289122,1,1
3.28555555555556,1551266,1,1
3.28861111111111,1452962,1,1
3.29,1289122,1,1
3.31388888888889,1289122,1,1
3.32388888888889,1289122,1,1
3.325,1289122,1,1
3.32555555555556,1289122,1,1
3.32638888888889,1289122,1,1
3.33,1289122,1,1
3.33611111111111,1289122,1,1
3.34361111111111,1289122,1,1
3.34416666666667,1289122,1,1
3.34444444444444,1289122,1,1
3.34638888888889,1289122,1,1
3.34722222222222,1289122,1,1
3.35,1813410,1,1
3.355,1944482,1,1
3.35666666666667,1289122,1,1
3.35944444444444,1289122,1,1
3.36,1289122,1,1
3.36083333333333,1911714,1,1
3.36166666666667,1289122,1,1
3.36666666666667,1452962,1,1
3.38305555555556,1289122,1,1
3.38805555555556,1813410,1,1
3.38944444444444,1289122,1,1
3.425,1289122,1,1
3.42833333333333,1289122,1,1
3.42861111111111,1289122,1,1
3.42916666666667,1289122,1,1
3.42944444444444,1289122,1,1
3.43472222222222,1289122,1,1
3.43527777777778,1289122,1,1
3.44027777777778,1289122,1,1
3.44527777777778,1289122,1,1
3.45166666666667,1289122,1,1
3.45472222222222,1289122,1,1
3.51138888888889,1289122,1,1
3.52805555555556,1289122,1,1
3.52833333333333,1289122,1,1
3.53083333333333,1289122,1,1
3.53138888888889,1289122,1,1
3.53194444444444,1289122,1,1
3.53472222222222,1289122,1,1
3.53555555555556,1289122,1,1
3.53611111111111,1289122,1,1
3.55777777777778,1649570,1,1
3.6575,1289122,1,1
3.93888888888889,1289122,1,1
3.9975,1289122,1,1
4.00111111111111,1289122,1,1
4.00583333333333,1289122,1,1
4.03444444444444,1289122,1,1
4.03805555555556,1289122,1,1
4.04944444444444,1289122,1,1
4.08611111111111,1289122,1,1
4.08722222222222,1289122,1,1
4.09055555555556,1485730,1,1
4.10388888888889,1289122,1,1
4.1075,1289122,1,1
4.10972222222222,1289122,1,1
4.11083333333333,1289122,1,1
4.11222222222222,1715106,1,1
4.11361111111111,1911714,1,1
4.11694444444444,1289122,1,1
4.11722222222222,1289122,1,1
4.11972222222222,1289122,1,1
4.12,1289122,1,1
4.12027777777778,2468770,1,1
4.1225,1289122,1,1
4.12888888888889,1289122,1,1
4.13388888888889,1584034,1,1
4.135,1289122,1,1
4.13638888888889,1289122,1,1
4.13666666666667,1289122,1,1
4.13972222222222,1289122,1,1
4.14222222222222,1289122,1,1
4.14583333333333,1289122,1,1
4.15166666666667,1289122,1,1
4.15722222222222,1289122,1,1
4.16027777777778,1289122,1,1
4.16055555555556,1289122,1,1
4.16111111111111,1289122,1,1
4.16944444444445,1584034,1,1
4.17055555555556,1289122,1,1
4.17166666666667,1289122,1,1
4.17333333333333,1289122,1,1
4.175,1289122,1,1
4.17555555555556,1518498,1,1
4.17611111111111,1289122,1,1
4.18055555555556,1878946,1,1
4.18361111111111,1289122,1,1
4.18472222222222,1452962,1,1
4.19083333333333,1289122,1,1
4.19305555555556,1289122,1,1
4.19444444444444,1289122,1,1
4.19694444444445,1289122,1,1
4.2125,1289122,1,1
4.21305555555556,1289122,1,1
4.21361111111111,1289122,1,1
4.21444444444444,1289122,1,1
4.21527777777778,1289122,1,1
4.21611111111111,1878946,1,1
4.21916666666667,1813410,1,1
4.21972222222222,1289122,1,1
4.22027777777778,1289122,1,1
4.22055555555556,1289122,1,1
4.2225,1289122,2,10
4.22305555555556,1518498,1,1
4.22611111111111,1551266,1,1
4.22694444444444,1485730,2,10
4.22722222222222,1289122,1,1
4.22777777777778,1387426,1,1
4.22805555555556,1289122,1,1
4.22916666666667,1289122,1,1
4.22944444444444,1321890,1,1
4.23083333333333,1289122,1,1
4.23138888888889,1289122,1,1
4.23194444444444,1289122,1,1
4.23277777777778,1452962,1,1
4.23388888888889,1289122,1,1
4.23666666666667,1289122,1,1
4.23777777777778,1289122,1,1
4.23888888888889,1289122,1,1
4.24527777777778,1289122,1,1
4.25277777777778,1289122,1,1
4.25583333333333,1420194,1,1
4.25972222222222,1289122,1,1
4.26111111111111,1485730,1,1
4.26361111111111,1289122,1,1
4.26861111111111,1289122,1,1
4.26944444444444,1354658,1,1
4.27388888888889,1289122,1,1
4.27444444444444,1289122,1,1
4.27472222222222,3091362,1,1
4.27944444444444,1289122,1,1
4.28277777777778,1485730,1,1
4.28388888888889,1289122,1,1
4.28638888888889,1289122,1,1
4.2875,1289122,1,1
4.28944444444444,1289122,1,1
4.29166666666667,1289122,1,1
4.29777777777778,1289122,1,1
4.29916666666667,1289122,1,1
4.3025,1616802,1,1
4.30805555555556,1289122,1,1
4.30861111111111,1944482,1,1
4.30972222222222,1289122,1,1
4.31527777777778,1289122,1,1
4.31805555555556,1551266,1,1
4.32194444444444,1485730,1,1
4.3225,1551266,1,1
4.32277777777778,1289122,1,1
4.32555555555555,1485730,1,1
4.33166666666667,1289122,1,1
4.33444444444444,1289122,1,1
4.33555555555556,1289122,1,1
4.33694444444444,1289122,1,1
4.33805555555556,1584034,1,1
4.34083333333333,1289122,1,1
4.3425,1846178,1,1
4.35,1289122,1,1
4.35222222222222,1289122,1,1
4.36055555555556,1289122,1,1
4.36277777777778,1813410,1,1
4.36583333333333,1289122,1,1
4.3675,1289122,1,1
4.36888888888889,1289122,1,1
4.37083333333333,2403234,1,1
4.37388888888889,1289122,1,1
4.37694444444444,1289122,1,1
4.37833333333333,1911714,1,1
4.37972222222222,1420194,1,1
4.3825,1289122,1,1
4.38388888888889,1289122,1,1
4.38916666666667,1289122,1,1
4.39111111111111,1289122,1,1
4.39416666666667,1289122,1,1
4.40083333333333,1289122,1,1
4.40222222222222,1289122,1,1
4.40416666666667,1289122,1,1
4.41805555555556,1289122,1,1
4.44444444444444,1289122,1,1
4.45527777777778,1289122,1,1
4.46611111111111,1289122,1,1
4.47277777777778,1289122,1,1
4.47555555555556,1289122,1,1
4.47888888888889,1289122,1,1
4.48194444444444,1813410,1,1
4.48388888888889,1289122,1,1
4.48472222222222,1289122,1,1
4.4925,1289122,1,1
4.50166666666667,1289122,1,1
4.505,1289122,1,1
4.51694444444444,1289122,1,1
4.51805555555556,1289122,1,1
4.51861111111111,1289122,1,1
4.52194444444444,1289122,1,1
4.72194444444444,1289122,1,1
4.77722222222222,1289122,1,1
4.77805555555556,1289122,1,1
4.78027777777778,1289122,1,1
4.7825,1289122,1,1
4.78611111111111,1289122,1,1
4.78777777777778,1289122,1,1
4.78916666666667,1289122,1,1
4.79027777777778,1649570,1,1
4.79138888888889,1289122,1,1
4.81833333333333,1289122,1,1
4.82138888888889,1485730,1,1
4.82305555555556,1518498,1,1
4.83027777777778,1649570,1,1
4.83194444444444,1289122,1,1
4.84333333333333,2075554,1,1
4.85555555555556,1289122,1,1
4.85583333333333,1551266,1,1
4.86666666666667,1289122,1,1
4.86861111111111,1289122,1,1
4.87166666666667,1289122,1,1
4.87416666666667,1289122,1,1
4.87583333333333,2337698,1,1
4.87694444444444,1649570,1,1
4.87833333333333,1289122,1,1
4.87861111111111,1289122,1,1
4.88,1289122,1,1
4.88361111111111,1289122,1,1
4.88444444444444,1289122,1,1
4.885,1289122,1,1
4.88833333333333,1289122,1,1
4.89055555555556,1289122,1,1
4.89305555555555,1289122,1,1
4.90555555555556,1289122,1,1
4.91555555555556,1289122,1,1
4.91888888888889,1682338,1,1
4.91944444444445,1682338,1,1
4.92138888888889,1289122,1,1
4.92305555555556,1289122,1,1
4.92611111111111,1289122,1,1
4.92694444444444,1289122,1,1
4.9275,1289122,1,1
4.92805555555556,1289122,1,1
4.93444444444444,1289122,1,1
4.93638888888889,1289122,1,1
4.94083333333333,2075554,1,1
4.94194444444444,1289122,1,1
4.94333333333333,1289122,1,1
4.94416666666667,1289122,1,1
4.94444444444444,1518498,1,1
4.945,1289122,1,1
4.94694444444445,1289122,1,1
4.94861111111111,1289122,1,1
4.94888888888889,1321890,1,1
4.95,1649570,1,1
4.95083333333333,1289122,1,1
4.95138888888889,1289122,1,1
4.95388888888889,1289122,1,1
4.95444444444444,1452962,1,1
4.95555555555556,1485730,1,1
4.95777777777778,1289122,1,1
4.95861111111111,1289122,1,1
4.95972222222222,1289122,1,1
4.96027777777778,1682338,1,1
4.9625,1289122,1,1
4.96444444444444,2141090,1,1
4.96666666666667,1289122,1,1
4.97,1616802,1,1
4.97444444444444,1289122,1,1
4.97722222222222,1780642,1,1
4.97833333333333,1289122,1,1
4.97944444444444,1289122,1,1
4.98,1289122,1,1
4.98027777777778,1420194,1,1
4.98111111111111,1682338,1,1
4.98611111111111,1289122,1,1
4.98833333333333,1289122,1,1
4.99166666666667,1289122,1,1
5.00944444444444,1289122,1,1
5.01222222222222,1289122,1,1
5.01305555555556,1289122,1,1
5.01805555555556,1289122,1,1
5.01861111111111,1289122,1,1
5.02916666666667,1289122,1,1
5.03027777777778,1289122,1,1
5.03333333333333,1289122,1,1
5.03666666666667,1289122,1,1
5.03805555555556,1289122,1,1
5.03916666666667,1289122,1,1
5.04166666666667,1289122,1,1
5.04638888888889,1289122,1,1
5.0475,1289122,1,1
5.05333333333333,1289122,1,1
5.08944444444444,1289122,1,1
5.09722222222222,1289122,1,1
5.2425,1518498,1,1
5.24333333333333,1289122,1,1
5.24472222222222,1289122,1,1
5.24583333333333,1289122,1,1
5.25722222222222,1289122,1,1
5.25833333333333,1289122,1,1
5.26138888888889,1289122,1,1
5.26527777777778,1747874,1,1
5.26583333333333,1289122,1,1
5.26972222222222,1289122,1,1
5.27027777777778,1289122,1,1
5.2775,1289122,1,1
5.27777777777778,1289122,1,1
5.28083333333333,1289122,1,1
5.28611111111111,1289122,1,1
5.29583333333333,1289122,1,1
5.31972222222222,1289122,1,1
5.35138888888889,1289122,1,1
5.35305555555555,1289122,1,1
5.37083333333333,1911714,1,1
5.38055555555556,1289122,1,1
5.38555555555556,1289122,1,1
5.38888888888889,1289122,1,1
5.40833333333333,1289122,1,1
5.41,1715106,1,1
5.41111111111111,1289122,1,1
5.42666666666667,1878946,1,1
5.42777777777778,1289122,1,1
5.43055555555556,1289122,1,1
5.43333333333333,1289122,1,1
5.45694444444444,1289122,1,1
5.46361111111111,1289122,1,1
5.46444444444444,1289122,1,1
5.465,1289122,1,1
5.46611111111111,1289122,1,1
5.47527777777778,1289122,1,1
5.54361111111111,1289122,1,1
5.56,1289122,1,1
5.56444444444444,1289122,1,1
5.59972222222222,1289122,1,1
5.6,1289122,1,1
5.60444444444444,1289122,1,1
5.60805555555556,1944482,1,1
5.62361111111111,1289122,1,1
5.6275,1452962,1,1
5.62833333333333,1289122,1,1
5.62861111111111,1289122,1,1
5.62916666666667,1289122,1,1
5.63777777777778,1289122,1,1
5.63805555555555,1420194,1,1
5.64361111111111,1354658,1,1
5.64416666666667,1289122,1,1
5.645,1616802,1,1
5.65138888888889,1289122,1,1
5.65361111111111,1944482,1,1
5.65805555555556,1289122,1,1
5.68805555555556,1289122,1,1
5.695,1289122,1,1
5.70083333333333,1289122,1,1
5.865,1289122,1,1
5.8925,1289122,1,1
5.93083333333333,1289122,1,1
6.06222222222222,1289122,1,1
6.06388888888889,1289122,1,1
6.075,1289122,1,1
6.08333333333333,1289122,1,1
6.09166666666667,1289122,1,1
6.09583333333333,1289122,1,1
6.09666666666667,1289122,1,1
6.09694444444444,1289122,1,1
6.09861111111111,1321890,1,1
6.10138888888889,1289122,1,1
6.10222222222222,1354658,1,1
6.10361111111111,1289122,1,1
6.1075,1289122,1,1
6.10888888888889,1289122,1,1
6.10944444444444,1780642,1,1
6.11472222222222,1289122,1,1
6.11916666666667,1715106,1,1
6.11972222222222,1289122,1,1
6.12166666666667,1289122,1,1
6.13083333333333,1321890,1,1
6.13194444444444,1289122,1,1
6.13777777777778,1289122,1,1
6.13972222222222,1289122,1,1
6.14805555555556,1289122,1,1
6.16972222222222,1289122,1,1
6.19583333333333,1518498,1,1
6.20583333333333,1289122,1,1
6.24055555555556,1551266,1,1
6.24666666666667,1387426,1,1
6.24916666666667,1289122,1,1
6.25222222222222,1289122,1,1
6.2525,1289122,1,1
6.25722222222222,1289122,1,1
6.26027777777778,1289122,1,1
6.26111111111111,1289122,1,1
6.26333333333333,1878946,1,1
6.28916666666667,1289122,1,1
6.29,1813410,1,1
6.29222222222222,1289122,1,1
6.3075,1289122,1,1
6.32027777777778,1289122,1,1
6.32916666666667,1289122,1,1
6.3325,1289122,1,1
6.33444444444444,1289122,1,1
6.33555555555556,1289122,1,1
6.33722222222222,1289122,1,1
6.34722222222222,1289122,1,1
6.35027777777778,1289122,1,1
6.35083333333333,1289122,1,1
6.35138888888889,1715106,1,1
6.35416666666667,1289122,1,1
6.3575,1289122,1,1
6.35916666666667,1289122,1,1
6.36138888888889,2239394,1,1
6.36222222222222,1420194,1,1
6.36305555555556,3451810,1,1
6.36444444444444,1911714,1,1
6.36527777777778,1289122,1,1
6.36611111111111,1289122,1,1
6.36861111111111,1289122,1,1
6.36916666666667,1289122,1,1
6.36972222222222,1289122,1,1
6.37,1289122,1,1
6.37222222222222,2206626,1,1
6.37361111111111,1321890,1,1
6.37388888888889,1715106,1,1
6.37611111111111,1289122,1,1
6.37805555555556,1289122,1,1
6.38361111111111,1289122,1,1
6.38416666666667,1321890,1,1
6.385,1289122,1,1
6.38583333333333,1289122,1,1
6.39166666666667,1289122,1,1
6.39527777777778,1289122,1,1
6.39666666666667,1289122,1,1
6.39722222222222,1289122,1,1
6.3975,1289122,1,1
6.39833333333333,1289122,1,1
6.39861111111111,1289122,1,1
6.39944444444444,1289122,1,1
6.40444444444444,1354658,1,1
6.40555555555556,1289122,1,1
6.40694444444444,1289122,1,1
6.40722222222222,1944482,1,1
6.40805555555556,1289122,1,1
6.41194444444444,1289122,1,1
6.41416666666667,1289122,1,1
6.42527777777778,1289122,1,1
6.42861111111111,1289122,1,1
6.43111111111111,1289122,1,1
6.43388888888889,1289122,1,1
6.43833333333333,1944482,1,1
6.49333333333333,1289122,1,1
6.51388888888889,1289122,1,1
6.52222222222222,1289122,1,1
6.52472222222222,1616802,1,1
6.52777777777778,1289122,1,1
6.53055555555556,1289122,1,1
6.53277777777778,1289122,1,1
6.53472222222222,1289122,1,1
6.53638888888889,1289122,1,1
6.53972222222222,1289122,1,1
6.54027777777778,1289122,1,1
6.54083333333333,1289122,1,1
6.57777777777778,1289122,1,1
6.61472222222222,1289122,1,1
6.68444444444444,1289122,1,1
6.68805555555556,1289122,1,1
6.69638888888889,1289122,1,1
6.70805555555556,1289122,1,1
6.71361111111111,1289122,1,1
6.72916666666667,1289122,1,1
6.72944444444444,2403234,1,1
6.73027777777778,1289122,1,1
6.74111111111111,1289122,1,1
6.75305555555556,1289122,1,1
6.75944444444444,1289122,1,1
6.75972222222222,1289122,1,1
6.76194444444444,1289122,1,1
6.76333333333333,1289122,1,1
6.76388888888889,1289122,1,1
6.76833333333333,1289122,1,1
6.76861111111111,1452962,1,1
6.76888888888889,1354658,1,1
6.77,1289122,1,1
6.77027777777778,1289122,1,1
6.77388888888889,1289122,1,1
6.77694444444444,1289122,1,1
6.77722222222222,1289122,1,1
6.77777777777778,1452962,1,1
6.77833333333333,1780642,1,1
6.78138888888889,1289122,1,1
6.78416666666667,1289122,1,1
6.78444444444444,1289122,1,1
6.78555555555556,1289122,1,1
6.7875,1289122,1,1
6.78805555555556,1911714,1,1
6.78916666666667,1485730,1,1
6.78944444444444,1305506,2,10
6.79,1289122,1,1
6.79083333333333,2108322,1,1
6.79111111111111,1452962,1,1
6.79194444444444,1289122,1,1
6.79305555555556,1289122,1,1
6.79444444444444,1944482,1,1
6.79694444444444,1715106,1,1
6.79861111111111,1321890,1,1
6.79944444444444,1289122,1,1
6.82555555555555,1485730,1,1
6.82611111111111,2534306,1,1
6.82833333333333,1289122,1,1
6.82972222222222,1289122,1,1
6.83527777777778,1289122,1,1
6.83777777777778,1289122,1,1
6.83861111111111,1354658,1,1
6.83972222222222,1813410,1,1
6.84027777777778,1289122,1,1
6.8425,1289122,1,1
6.84361111111111,1289122,1,1
6.84583333333333,1780642,1,1
6.84638888888889,1289122,1,1
6.84916666666667,1289122,1,1
6.85111111111111,1289122,1,1
6.85666666666667,1289122,1,1
6.86527777777778,1289122,1,1
6.86555555555555,1289122,1,1
6.86638888888889,1485730,1,1
6.87361111111111,1289122,1,1
6.87583333333333,1289122,1,1
6.87638888888889,1289122,1,1
6.87694444444444,1289122,1,1
6.8775,1289122,1,1
6.87916666666667,1289122,1,1
6.88166666666667,1289122,1,1
6.88916666666667,1289122,1,1
6.89333333333333,1289122,1,1
6.89361111111111,1911714,1,1
6.895,1485730,1,1
6.89638888888889,1289122,1,1
6.89861111111111,1846178,1,1
6.9,1518498,1,1
6.90277777777778,1289122,1,1
6.90444444444444,1485730,1,1
6.915,1289122,1,1
6.91527777777778,1289122,1,1
6.91694444444444,1289122,1,1
6.91916666666667,1452962,1,1
6.91972222222222,1616802,1,1
6.9225,1289122,1,1
6.92472222222222,1485730,1,1
6.92722222222222,1289122,1,1
6.92805555555556,2173858,1,1
6.93055555555556,1289122,1,1
6.93166666666667,1289122,1,1
6.93194444444444,1289122,1,1
6.93305555555556,1289122,1,1
6.93361111111111,1747874,1,1
6.93444444444444,1289122,1,1
6.935,1289122,1,1
6.93583333333333,1289122,1,1
6.93666666666667,1289122,1,1
6.93722222222222,1289122,1,1
6.93944444444444,1289122,1,1
6.94305555555556,1289122,1,1
6.94444444444444,1289122,1,1
6.94555555555556,1289122,1,1
6.94861111111111,2239394,1,1
6.95055555555556,1289122,1,1
6.9525,1289122,1,1
6.95333333333333,1289122,1,1
6.95416666666667,1780642,1,1
6.955,1387426,1,1
6.95611111111111,1289122,1,1
6.95694444444444,1289122,1,1
6.96,1289122,1,1
6.96111111111111,1289122,1,1
6.96194444444444,1289122,1,1
6.96305555555556,1289122,1,1
6.96611111111111,1289122,1,1
6.96694444444444,1289122,1,1
6.97722222222222,1289122,1,1
6.98027777777778,1289122,1,1
6.98166666666667,1289122,1,1
6.98333333333333,1911714,1,1
6.98638888888889,1551266,1,1
6.98805555555556,1289122,1,1
7.02527777777778,1289122,1,1
7.12805555555556,1289122,1,1
7.21138888888889,1289122,1,1
7.23055555555556,1289122,1,1
7.23555555555556,1289122,1,1
7.44333333333333,1289122,1,1
7.565,1289122,1,1
7.57472222222222,1289122,1,1
7.57805555555556,1289122,1,1
7.60194444444444,1289122,1,1
7.62138888888889,1289122,1,1
7.62361111111111,1289122,1,1
7.62611111111111,1289122,1,1
7.63333333333333,1289122,1,1
7.64222222222222,1289122,1,1
7.65083333333333,1289122,1,1
7.66833333333333,1289122,1,1
7.69416666666667,1289122,1,1
7.70111111111111,1289122,1,1
7.705,1289122,1,1
7.70583333333333,1289122,1,1
7.70777777777778,1289122,1,1
7.70805555555556,1289122,1,1
7.71305555555556,1289122,1,1
7.71527777777778,1289122,1,1
7.7175,1289122,1,1
7.71972222222222,1289122,1,1
7.72166666666667,1289122,1,1
7.72472222222222,1289122,1,1
7.72527777777778,1289122,1,1
7.72583333333333,1289122,1,1
7.72638888888889,1289122,1,1
7.72833333333333,2894754,1,1
7.72888888888889,1289122,1,1
7.73194444444444,1289122,1,1
7.73222222222222,1289122,1,1
7.73472222222222,1289122,1,1
7.73694444444444,1289122,1,1
7.74083333333333,1289122,1,1
7.74361111111111,1289122,1,1
7.75027777777778,1289122,1,1
7.75416666666667,1584034,1,1
7.77583333333333,1289122,1,1
7.77972222222222,1289122,1,1
7.78138888888889,1289122,1,1
7.82555555555555,1289122,1,1
7.89666666666667,1289122,1,1
8.05666666666667,1289122,1,1
8.07555555555555,1289122,1,1
8.08,1289122,1,1
8.08555555555556,1289122,1,1
8.12388888888889,1354658,1,1
8.13055555555556,1289122,1,1
8.13111111111111,1289122,1,1
8.1325,1354658,1,1
8.20972222222222,1289122,1,1
8.25194444444444,1289122,1,1
8.27777777777778,1289122,1,1
8.36361111111111,1289122,1,1
8.44083333333333,1289122,1,1
8.55111111111111,1289122,1,1
8.64166666666667,1289122,1,1
8.6475,1289122,1,1
8.65888888888889,1289122,1,1
8.67,1289122,1,1
8.67055555555556,1289122,1,1
8.67166666666667,1289122,1,1
8.67583333333333,1289122,1,1
8.75,1289122,1,1
8.75722222222222,1289122,1,1
8.75944444444444,1289122,1,1
8.76944444444445,1289122,1,1
8.78416666666667,1289122,1,1
8.78777777777778,1289122,1,1
8.79527777777778,1289122,1,1
8.79972222222222,1289122,1,1
8.82527777777778,1289122,1,1
8.83055555555556,1354658,1,1
8.83777777777778,1289122,1,1
8.84472222222222,1289122,1,1
8.85583333333333,1289122,1,1
8.85666666666667,1289122,1,1
8.85805555555556,1289122,1,1
8.88972222222222,1289122,1,1
8.90361111111111,1289122,1,1
8.90694444444444,1289122,1,1
8.9075,1289122,1,1
8.90805555555556,1289122,1,1
8.90944444444444,1289122,2,10
8.91,1289122,1,1
8.91416666666667,1485730,1,1
8.91472222222222,1289122,1,1
8.915,1289122,1,1
8.91666666666667,1289122,1,1
8.91694444444444,1289122,1,1
8.91916666666667,1289122,1,1
8.92472222222222,1289122,1,1
8.92833333333333,1289122,1,1
8.94166666666667,1289122,1,1
8.94222222222222,1289122,1,1
8.96333333333333,1289122,1,1
8.98277777777778,1289122,1,1
9.04666666666667,1289122,1,1
9.06416666666667,1289122,1,1
9.07361111111111,1289122,1,1
9.07972222222222,1289122,1,1
9.08666666666667,1289122,1,1
9.09861111111111,1289122,1,1
9.10138888888889,1289122,1,1
9.10388888888889,1289122,1,1
9.10611111111111,1289122,1,1
9.10777777777778,1289122,1,1
9.12805555555556,1354658,1,1
9.12861111111111,1289122,1,1
9.14805555555555,1289122,1,1
9.15277777777778,2206626,1,1
9.15555555555556,1289122,1,1
9.15694444444444,1289122,1,1
9.16305555555556,3091362,1,1
9.165,1289122,1,1
9.16583333333333,1289122,1,1
9.17194444444444,1289122,1,1
9.17277777777778,1420194,1,1
9.17472222222222,1289122,1,1
9.17722222222222,1289122,1,1
9.17833333333333,1420194,1,1
9.17888888888889,2599842,1,1
9.18138888888889,1289122,1,1
9.18361111111111,1551266,1,1
9.18694444444444,1289122,1,1
9.18722222222222,1813410,1,1
9.20083333333333,1289122,1,1
9.20166666666667,1518498,1,1
9.20361111111111,1289122,1,1
9.20416666666667,1584034,1,1
9.20555555555556,1289122,1,1
9.20638888888889,1289122,1,1
9.20694444444444,1289122,1,1
9.20972222222222,1747874,1,1
9.21027777777778,1289122,1,1
9.21138888888889,1878946,1,1
9.21527777777778,2075554,1,1
9.2175,1289122,1,1
9.2225,2632610,1,1
9.22416666666667,1289122,1,1
9.22583333333333,1289122,1,1
9.22666666666667,1289122,1,1
9.22722222222222,1485730,1,1
9.22916666666667,1289122,1,1
9.23,1289122,1,1
9.23083333333333,1289122,1,1
9.23138888888889,1584034,1,1
9.23583333333333,1289122,1,1
9.24666666666667,1289122,1,1
9.28666666666667,1289122,1,1
9.29694444444444,1289122,1,1
9.3225,1289122,1,1
9.3275,1289122,1,1
9.32888888888889,1682338,1,1
9.33861111111111,1289122,1,1
9.36916666666667,1289122,1,1
9.37055555555556,1289122,1,1
9.37111111111111,1289122,1,1
9.37722222222222,1289122,1,1
9.37861111111111,1289122,1,1
9.38083333333333,1289122,1,1
9.38638888888889,1289122,1,1
9.39805555555555,1289122,1,1
9.39916666666667,1289122,1,1
9.41611111111111,1289122,1,1
9.50333333333333,1289122,1,1
9.55527777777778,1289122,1,1
9.64055555555555,1289122,1,1
9.81888888888889,1289122,1,1
9.81944444444444,1321890,1,1
9.83138888888889,1289122,1,1
9.83277777777778,1289122,1,1
9.83361111111111,1289122,1,1
9.83527777777778,2534306,1,1
9.83666666666667,1452962,1,1
9.83777777777778,1289122,1,1
9.83833333333333,1289122,1,1
9.83916666666667,1289122,1,1
9.84,1289122,1,1
9.84055555555556,1551266,1,1
9.84111111111111,1977250,1,1
9.84416666666667,2796450,1,1
9.84611111111111,1289122,1,1
9.84944444444445,1911714,1,1
9.85,1321890,1,1
9.8525,1289122,1,1
9.85305555555555,1944482,1,1
9.85472222222222,1551266,1,1
9.85583333333333,1289122,1,1
9.85638888888889,1289122,1,1
9.8575,1584034,1,1
9.85777777777778,2206626,1,1
9.86,1289122,1,1
9.87416666666667,1649570,1,1
9.88027777777778,1289122,1,1
9.88083333333333,1289122,1,1
9.88194444444444,1485730,1,1
9.88444444444444,1289122,1,1
9.885,1289122,1,1
9.88611111111111,1289122,1,1
9.88694444444444,1747874,1,1
9.8875,1485730,1,1
9.88777777777778,1289122,1,1
9.88861111111111,1289122,1,1
9.89083333333333,1289122,1,1
9.89222222222222,1321890,1,1
9.89333333333333,1289122,1,1
9.89527777777778,1289122,1,1
9.89666666666667,1289122,1,1
9.89888888888889,1289122,1,1
9.89944444444444,1911714,1,1
9.90361111111111,1518498,1,1
9.90611111111111,1289122,1,1
9.9125,1289122,1,1
9.91388888888889,1289122,1,1
9.91416666666667,1289122,1,1
9.91555555555556,1584034,1,1
9.91916666666667,1289122,1,1
9.91972222222222,1354658,1,1
9.92138888888889,1780642,1,1
9.92194444444444,1289122,1,1
9.92277777777778,1289122,1,1
9.92361111111111,1289122,1,1
9.92555555555555,1289122,1,1
9.92916666666667,1846178,1,1
9.93166666666667,1289122,1,1
9.93388888888889,1289122,1,1
9.93472222222222,1452962,1,1
9.93527777777778,1289122,1,1
9.93833333333333,1289122,1,1
9.93916666666667,1289122,1,1
9.93944444444444,1354658,1,1
9.94055555555556,1289122,1,1
9.94194444444445,2468770,1,1
9.94277777777778,1289122,1,1
9.94416666666667,1682338,1,1
9.94472222222222,1289122,1,1
9.94555555555556,1321890,1,1
9.94666666666667,1289122,1,1
9.94861111111111,1452962,1,1
9.95027777777778,1289122,1,1
9.95083333333333,1289122,1,1
9.95194444444444,1289122,1,1
9.95333333333333,1289122,1,1
9.95472222222222,1289122,1,1
9.9575,1584034,1,1
9.95916666666667,1289122,1,1
9.96,1715106,1,1
9.96083333333333,1452962,1,1
9.9625,1289122,1,1
9.96333333333333,1289122,1,1
9.96361111111111,1289122,1,1
9.96444444444444,1584034,1,1
9.96611111111111,1584034,1,1
9.96694444444444,1289122,1,1
9.97388888888889,1289122,1,1
9.97527777777778,1289122,1,1
9.97916666666667,1289122,1,1
9.97944444444444,1354658,1,1
9.98472222222222,1289122,1,1
9.98555555555556,1452962,1,1
9.98638888888889,1289122,1,1
9.9875,1289122,1,1
9.99222222222222,1747874,1,1
9.99277777777778,1747874,1,1
9.99527777777778,1551266,1,1
9.99555555555555,2337698,1,1
9.99666666666667,2075554,1,1
9.99777777777778,1289122,1,1
9.99888888888889,1289122,1,1
10.005,1289122,1,1
10.0058333333333,1289122,1,1
10.0083333333333,1289122,1,1
10.0088888888889,2010018,1,1
10.0094444444444,1485730,1,1
10.0133333333333,1289122,1,1
10.0147222222222,1420194,1,1
10.0152777777778,2599842,1,1
10.0213888888889,1846178,1,1
10.0222222222222,1289122,1,1
10.0233333333333,2173858,1,1
10.0272222222222,1289122,1,1
10.0297222222222,1551266,1,1
10.0308333333333,1321890,1,1
10.0325,1289122,1,1
10.0361111111111,1289122,1,1
10.0438888888889,1289122,1,1
10.0458333333333,1289122,1,1
10.0486111111111,1289122,1,1
10.0502777777778,1289122,1,1
10.0538888888889,1289122,1,1
10.0544444444444,1289122,1,1
10.0547222222222,1289122,1,1
10.0552777777778,1289122,1,1
10.0558333333333,1289122,1,1
10.0580555555556,1289122,1,1
10.0611111111111,1485730,1,1
10.0638888888889,1289122,1,1
10.0652777777778,1289122,1,1
10.0661111111111,1944482,1,1
10.0663888888889,1289122,1,1
10.0697222222222,1289122,1,1
10.0716666666667,1289122,1,1
10.0758333333333,1321890,1,1
10.0769444444444,1289122,1,1
10.0775,1289122,2,10
10.0780555555556,1289122,1,1
10.0813888888889,1289122,1,1
10.0858333333333,1387426,1,1
10.0866666666667,1289122,1,1
10.0913888888889,1289122,1,1
10.0925,1289122,1,1
10.0927777777778,1780642,1,1
10.0936111111111,1289122,1,1
10.0947222222222,1420194,1,1
10.0994444444444,1289122,1,1
10.1,1321890,2,10
10.1002777777778,1485730,1,1
10.1013888888889,1616802,1,1
10.1025,1715106,1,1
10.1027777777778,1289122,1,1
10.1033333333333,1289122,1,1
10.1047222222222,1289122,1,1
10.1052777777778,1289122,1,1
10.1061111111111,1289122,1,1
10.1083333333333,1289122,1,1
10.1088888888889,1289122,1,1
10.1113888888889,1289122,1,1
10.1119444444444,1289122,1,1
10.115,1289122,1,1
10.1152777777778,1289122,1,1
10.1230555555556,1289122,1,1
10.1236111111111,1682338,1,1
10.1247222222222,1289122,1,1
10.1252777777778,1289122,2,10
10.1266666666667,1289122,1,1
10.1280555555556,1289122,1,1
10.13,1289122,1,1
10.1361111111111,1289122,1,1
10.1372222222222,1289122,1,1
10.1394444444444,1485730,1,1
10.1422222222222,1289122,1,1
10.1433333333333,1551266,1,1
10.1444444444444,2632610,1,1
10.1486111111111,1584034,1,1
10.1544444444444,1289122,1,1
10.1627777777778,1878946,1,1
10.1663888888889,1289122,1,1
10.1741666666667,1289122,1,1
10.1761111111111,1289122,1,1
10.1763888888889,1289122,1,1
10.1772222222222,2370466,1,1
10.1808333333333,2075554,1,1
10.1816666666667,1289122,1,1
10.1827777777778,1289122,1,1
10.1838888888889,1878946,1,1
10.1844444444444,1289122,1,1
10.185,1289122,1,1
10.1858333333333,1289122,1,1
10.1880555555556,1289122,1,1
10.1894444444444,1289122,1,1
10.1902777777778,1289122,1,1
10.1911111111111,1289122,1,1
10.1916666666667,1289122,2,10
10.1927777777778,1289122,1,1
10.1933333333333,1747874,1,1
10.1958333333333,1289122,1,1
10.1963888888889,1420194,1,1
10.1972222222222,1485730,1,1
10.1988888888889,1289122,1,1
10.1991666666667,1289122,1,1
10.2,1813410,1,1
10.2019444444444,1289122,1,1
10.2027777777778,1289122,1,1
10.2072222222222,1551266,1,1
10.2080555555556,1387426,1,1
10.2097222222222,1289122,1,1
10.21,1289122,1,1
10.2108333333333,1289122,1,1
10.2144444444444,1289122,1,1
10.2175,1289122,1,1
10.2208333333333,1289122,1,1
10.2211111111111,1289122,1,1
10.2219444444444,1289122,1,1
10.2222222222222,1452962,1,1
10.2261111111111,1289122,1,1
10.2266666666667,1289122,1,1
10.2272222222222,1289122,1,1
10.2308333333333,1289122,1,1
10.2313888888889,1289122,1,1
10.2325,1289122,1,1
10.2336111111111,1289122,1,1
10.2344444444444,1289122,1,1
10.235,1289122,1,1
10.2358333333333,1289122,1,1
10.2375,1846178,1,1
10.2383333333333,1289122,1,1
10.2391666666667,1354658,1,1
10.2397222222222,1289122,1,1
10.2486111111111,1289122,1,1
10.2491666666667,1289122,1,1
10.2513888888889,1551266,1,1
10.2525,1551266,1,1
10.2586111111111,1289122,1,1
10.2613888888889,1289122,1,1
10.2641666666667,1289122,1,1
10.2677777777778,1911714,1,1
10.2694444444444,1289122,1,1
10.2727777777778,1289122,1,1
10.2738888888889,1289122,1,1
10.2752777777778,1452962,1,1
10.28,1682338,1,1
10.2813888888889,1944482,1,1
10.2827777777778,1289122,1,1
10.2833333333333,1780642,1,1
10.2844444444444,1289122,1,1
10.2891666666667,1289122,1,1
10.2897222222222,1289122,1,1
10.2902777777778,1551266,1,1
10.2908333333333,1551266,1,1
10.2913888888889,1289122,1,1
10.2966666666667,1289122,1,1
10.2977777777778,1518498,1,1
10.2997222222222,1289122,1,1
10.3011111111111,1289122,1,1
10.3038888888889,1715106,1,1
10.3047222222222,1289122,1,1
10.3069444444444,1289122,1,1
10.3075,1289122,1,1
10.3094444444444,1289122,1,1
10.3108333333333,1289122,1,1
10.3119444444444,1289122,1,1
10.3125,1289122,1,1
10.3197222222222,1289122,1,1
10.3375,1289122,1,1
10.3377777777778,1911714,1,1
10.3380555555556,1289122,1,1
10.3397222222222,1289122,1,1
10.34,1289122,1,1
10.3425,1289122,1,1
10.3430555555556,1289122,1,1
10.3444444444444,1289122,1,1
10.3455555555556,1682338,1,1
10.3486111111111,2010018,1,1
10.3505555555556,1846178,1,1
10.3588888888889,1289122,1,1
10.36,1289122,1,1
10.3608333333333,1289122,1,1
10.3616666666667,1289122,1,1
10.3655555555556,1289122,1,1
10.3702777777778,1289122,1,1
10.3722222222222,1420194,1,1
10.3733333333333,1289122,1,1
10.3738888888889,1289122,1,1
10.3744444444444,1289122,1,1
10.3755555555556,1682338,1,1
10.3763888888889,1289122,1,1
10.3766666666667,1289122,1,1
10.3794444444444,1452962,1,1
10.3908333333333,1289122,1,1
10.3938888888889,1289122,1,1
10.3944444444444,1289122,1,1
10.395,1289122,1,1
10.3977777777778,1289122,1,1
10.3983333333333,1289122,1,1
10.3988888888889,1649570,1,1
10.4,1354658,1,1
10.4019444444444,1289122,1,1
10.4047222222222,1289122,1,1
10.4105555555556,1289122,1,1
10.4113888888889,1518498,1,1
10.4119444444444,1289122,1,1
10.4125,1289122,1,1
10.4133333333333,1289122,1,1
10.4138888888889,1289122,1,1
10.4172222222222,1289122,1,1
10.4183333333333,1289122,1,1
10.4202777777778,1289122,1,1
10.4208333333333,1289122,1,1
10.4213888888889,1289122,1,1
10.4222222222222,1518498,1,1
10.4230555555556,1485730,1,1
10.4236111111111,1289122,1,1
10.4244444444444,1911714,1,1
10.4252777777778,1354658,1,1
10.4255555555556,1289122,1,1
10.4263888888889,1289122,1,1
10.4266666666667,1420194,1,1
10.4305555555556,1289122,1,1
10.4316666666667,1289122,1,1
10.4319444444444,1289122,1,1
10.4333333333333,1289122,1,1
10.4402777777778,1485730,1,1
10.4411111111111,1649570,1,1
10.4416666666667,1485730,1,1
10.4427777777778,2599842,1,1
10.4436111111111,1289122,1,1
10.4444444444444,1485730,1,1
10.4458333333333,1289122,1,1
10.4466666666667,1289122,1,1
10.4475,1551266,1,1
10.4483333333333,1485730,1,1
10.4486111111111,1289122,1,1
10.4497222222222,1289122,1,1
10.4511111111111,1289122,1,1
10.4513888888889,1911714,1,1
10.4533333333333,1289122,1,1
10.4547222222222,1289122,1,1
10.4616666666667,1289122,1,1
10.4625,1289122,1,1
10.4630555555556,1420194,1,1
10.4638888888889,1289122,1,1
10.4647222222222,1616802,1,1
10.4652777777778,1289122,1,1
10.4672222222222,1289122,1,1
10.4716666666667,1289122,1,1
10.4719444444444,1289122,1,1
10.4725,1289122,1,1
10.4736111111111,1289122,1,1
10.4755555555556,1289122,1,1
10.4766666666667,1649570,1,1
10.48,1289122,1,1
10.4866666666667,1289122,1,1
10.4872222222222,1289122,1,1
10.4941666666667,1518498,1,1
10.5008333333333,1289122,1,1
10.5047222222222,1289122,1,1
10.5147222222222,1289122,1,1
10.5205555555556,1289122,1,1
10.5222222222222,1289122,1,1
10.5255555555556,1289122,1,1
10.5316666666667,1289122,1,1
10.5358333333333,1452962,1,1
10.5363888888889,1387426,1,1
10.5416666666667,1289122,1,1
10.5472222222222,1289122,1,1
10.5477777777778,1321890,1,1
10.5519444444444,1321890,1,1
10.5572222222222,1289122,1,1
10.5691666666667,1289122,1,1
10.5763888888889,1289122,1,1
10.5980555555556,1289122,1,1
10.6025,1485730,1,1
10.6044444444444,1289122,1,1
10.605,1289122,1,1
10.6094444444444,1289122,1,1
10.6127777777778,1780642,1,1
10.6136111111111,1289122,1,1
10.6141666666667,1321890,1,1
10.6194444444444,1289122,1,1
10.62,1354658,1,1
10.6233333333333,1289122,1,1
10.6238888888889,1289122,1,1
10.6308333333333,1289122,1,1
10.6319444444444,1780642,1,1
10.6327777777778,2272162,1,1
10.6363888888889,1289122,1,1
10.6408333333333,1420194,1,1
10.6641666666667,1289122,1,1
10.6658333333333,1289122,1,1
10.6666666666667,1289122,1,1
10.6677777777778,1911714,1,1
10.6691666666667,1289122,1,1
10.6694444444444,1289122,1,1
10.6711111111111,1289122,1,1
10.6736111111111,1289122,1,1
10.6822222222222,1289122,1,1
10.6844444444444,1289122,1,1
10.6877777777778,1289122,1,1
10.7233333333333,1289122,1,1
10.7283333333333,1452962,1,1
10.7402777777778,1289122,1,1
10.7405555555556,1682338,1,1
10.7408333333333,1289122,1,1
10.7463888888889,1289122,1,1
10.7472222222222,1682338,1,1
10.7533333333333,1289122,1,1
10.7544444444444,1289122,1,1
10.7558333333333,1289122,1,1
10.7575,1911714,1,1
10.7586111111111,1289122,1,1
10.7619444444444,1289122,1,1
10.7633333333333,1289122,1,1
10.7636111111111,1289122,1,1
10.7641666666667,1289122,1,1
10.7680555555556,1289122,1,1
10.7686111111111,1289122,1,1
10.7766666666667,1813410,1,1
10.7963888888889,1289122,1,1
10.7991666666667,1289122,1,1
10.8080555555556,1289122,1,1
10.8094444444444,1289122,1,1
10.8208333333333,1485730,1,1
10.825,1289122,1,1
10.8308333333333,1289122,1,1
10.8325,1289122,1,1
10.8341666666667,1289122,1,1
10.8344444444444,1289122,1,1
10.8380555555556,1289122,1,1
10.8388888888889,1813410,1,1
10.8402777777778,1616802,1,1
10.8408333333333,1289122,1,1
10.8422222222222,1289122,1,1
10.8458333333333,1518498,1,1
10.8480555555556,1289122,1,1
10.8494444444444,1289122,1,1
10.8497222222222,1289122,1,1
10.855,1649570,1,1
10.8563888888889,1289122,1,1
10.8566666666667,1289122,1,1
10.8569444444444,1289122,1,1
10.8586111111111,1289122,1,1
10.86,1289122,1,1
10.8602777777778,1289122,1,1
10.8666666666667,1289122,1,1
10.8758333333333,1289122,1,1
10.8766666666667,1289122,1,1
10.8772222222222,1420194,1,1
10.8775,1616802,1,1
10.8788888888889,1289122,1,1
10.8797222222222,1289122,2,10
10.8808333333333,1289122,1,1
10.8816666666667,2796450,1,1
10.8838888888889,1289122,1,1
10.885,1289122,1,1
10.8855555555556,1289122,1,1
10.8858333333333,1289122,1,1
10.8877777777778,1289122,1,1
10.8886111111111,1289122,1,1
10.8894444444444,1289122,1,1
10.89,1289122,1,1
10.8902777777778,1289122,1,1
10.8908333333333,1485730,1,1
10.8955555555556,1354658,1,1
10.8963888888889,1551266,1,1
10.8994444444444,1289122,1,1
10.9002777777778,1289122,1,1
10.9008333333333,2894754,1,1
10.9030555555556,1289122,1,1
10.9047222222222,2436002,1,1
10.9091666666667,1289122,1,1
10.91,1616802,1,1
10.9175,1289122,1,1
10.9230555555556,1289122,1,1
10.925,1289122,1,1
10.9255555555556,1289122,1,1
10.9261111111111,1813410,1,1
10.9266666666667,1289122,1,1
10.9283333333333,1289122,1,1
10.9286111111111,1289122,1,1
10.9297222222222,1289122,1,1
10.93,1289122,1,1
10.9313888888889,1289122,1,1
10.9319444444444,1289122,1,1
10.9352777777778,1289122,1,1
10.9372222222222,1780642,1,1
10.9380555555556,1289122,1,1
10.9394444444444,1420194,1,1
10.9447222222222,1289122,1,1
10.9452777777778,1354658,1,1
10.9466666666667,1289122,1,1
10.9519444444444,1289122,1,1
10.9527777777778,1289122,1,1
10.9561111111111,1289122,1,1
10.9575,1289122,1,1
10.96,1289122,1,1
10.9616666666667,1354658,1,1
10.9658333333333,1289122,1,1
10.9669444444444,1289122,1,1
10.9677777777778,1289122,1,1
10.9705555555556,1289122,1,1
10.9733333333333,1289122,1,1
10.9755555555556,1289122,1,1
10.9769444444444,1289122,1,1
10.9855555555556,1452962,2,10
10.9861111111111,1813410,1,1
10.9897222222222,1289122,1,1
10.9916666666667,1289122,1,1
10.9958333333333,1289122,1,1
10.9966666666667,1289122,1,1
10.9975,1289122,1,1
11,1289122,1,1
11.0022222222222,1289122,1,1
11.0044444444444,1289122,1,1
11.005,1551266,1,1
11.0063888888889,2075554,1,1
11.0075,2632610,1,1
11.0097222222222,1289122,1,1
11.01,1289122,1,1
11.0102777777778,1649570,1,1
11.0119444444444,1289122,1,1
11.0125,1289122,1,1
11.0166666666667,1289122,1,1
11.0191666666667,1289122,1,1
11.0313888888889,1289122,1,1
11.0430555555556,1289122,1,1
11.0486111111111,1289122,1,1
11.0525,1289122,1,1
11.0530555555556,1289122,1,1
11.0547222222222,1813410,1,1
11.0558333333333,1518498,1,1
11.0566666666667,1289122,1,1
11.0591666666667,1289122,1,1
11.0622222222222,1289122,2,10
11.065,1289122,1,1
11.0663888888889,1289122,1,1
11.0672222222222,1289122,1,1
11.0686111111111,1289122,1,1
11.07,1289122,1,1
11.0708333333333,1911714,1,1
11.0716666666667,1289122,1,1
11.0733333333333,1289122,1,1
11.0780555555556,1289122,1,1
11.0805555555556,1289122,1,1
11.0813888888889,1289122,1,1
11.0888888888889,2304930,1,1
11.09,1289122,1,1
11.0969444444444,1289122,1,1
11.0994444444444,1289122,1,1
11.1036111111111,1289122,1,1
11.1044444444444,1289122,1,1
11.1252777777778,1289122,1,1
11.1275,1289122,1,1
11.1405555555556,1289122,1,1
11.1411111111111,1289122,1,1
11.1516666666667,1289122,1,1
11.1525,1289122,1,1
11.1552777777778,1289122,1,1
11.1661111111111,1289122,1,1
11.1688888888889,1289122,1,1
11.1797222222222,1289122,1,1
11.1813888888889,1289122,1,1
11.1872222222222,1289122,1,1
11.1916666666667,1289122,1,1
11.2066666666667,1289122,1,1
11.2144444444444,1289122,1,1
11.215,1289122,1,1
11.2186111111111,1289122,1,1
11.2205555555556,1649570,1,1
11.2211111111111,1289122,1,1
11.2213888888889,1289122,1,1
11.2219444444444,1289122,1,1
11.2222222222222,1289122,1,1
11.2230555555556,1289122,1,1
11.2252777777778,1289122,1,1
11.2261111111111,1354658,1,1
11.2275,1289122,1,1
11.2280555555556,1289122,1,1
11.2286111111111,1289122,1,1
11.2294444444444,1289122,1,1
11.2355555555556,1289122,1,1
11.2363888888889,1289122,1,1
11.2366666666667,1715106,1,1
11.2377777777778,1289122,1,1
11.2391666666667,1289122,1,1
11.24,1289122,1,1
11.2405555555556,1289122,1,1
11.2408333333333,1289122,1,1
11.2461111111111,1289122,1,1
11.2463888888889,1616802,1,1
11.2472222222222,1289122,1,1
11.2483333333333,1289122,1,1
11.2497222222222,1289122,1,1
11.2508333333333,1289122,1,1
11.2513888888889,1289122,1,1
11.2522222222222,1289122,1,1
11.2536111111111,1289122,1,1
11.2577777777778,1289122,1,1
11.2675,1289122,1,1
11.2716666666667,1354658,1,1
11.2719444444444,1289122,1,1
11.2780555555556,1289122,1,1
11.2797222222222,1289122,1,1
11.2869444444444,1371042,2,10
11.2880555555556,1289122,1,1
11.2886111111111,1289122,1,1
11.2902777777778,1289122,1,1
11.2913888888889,1289122,1,1
11.2919444444444,1289122,1,1
11.2922222222222,1289122,1,1
11.2941666666667,1289122,1,1
11.3002777777778,1289122,1,1
11.3011111111111,1289122,1,1
11.3022222222222,1289122,1,1
11.3033333333333,1289122,1,1
11.3047222222222,2108322,2,10
11.3075,1289122,1,1
11.3125,1289122,1,1
11.3127777777778,1911714,1,1
11.3161111111111,1289122,1,1
11.3172222222222,1485730,1,1
11.3205555555556,1289122,1,1
11.3366666666667,1289122,1,1
11.3425,1289122,1,1
11.3458333333333,1289122,1,1
11.3525,1289122,1,1
11.3552777777778,1289122,1,1
11.3561111111111,1289122,1,1
11.3697222222222,1289122,1,1
11.3716666666667,1289122,1,1
11.3725,1289122,1,1
11.3777777777778,1289122,1,1
11.3791666666667,1485730,1,1
11.3797222222222,2206626,1,1
11.3808333333333,1289122,1,1
11.3825,1289122,1,1
11.3830555555556,1289122,1,1
11.3875,1289122,1,1
11.3925,1289122,1,1
11.4266666666667,1289122,1,1
11.435,1584034,1,1
11.4369444444444,1289122,1,1
11.4388888888889,1289122,1,1
11.4394444444444,1289122,1,1
11.4402777777778,1289122,1,1
11.4458333333333,1289122,1,1
11.4472222222222,1289122,1,1
11.4480555555556,1289122,1,1
11.4538888888889,1485730,1,1
11.455,1289122,1,1
11.4586111111111,1289122,1,1
11.4591666666667,1289122,1,1
11.4605555555556,1289122,1,1
11.4669444444444,1289122,1,1
11.4677777777778,1289122,1,1
11.4702777777778,1289122,1,1
11.4711111111111,1289122,1,1
11.4725,1289122,1,1
11.4777777777778,1584034,1,1
11.4791666666667,1289122,1,1
11.4811111111111,1289122,1,1
11.4863888888889,1846178,1,1
11.4875,1289122,1,1
11.4877777777778,1289122,1,1
11.4880555555556,1289122,1,1
11.4905555555556,1289122,1,1
11.4958333333333,1289122,1,1
11.4983333333333,1289122,1,1
11.4986111111111,1289122,1,1
11.4994444444444,1289122,1,1
11.5038888888889,1289122,1,1
11.5044444444444,1289122,1,1
11.5066666666667,1289122,1,1
11.5094444444444,1289122,1,1
11.5233333333333,1289122,1,1
11.5311111111111,1518498,1,1
11.5375,1289122,1,1
11.5736111111111,1289122,1,1
11.5772222222222,1289122,1,1
11.5872222222222,1289122,1,1
11.5886111111111,1518498,1,1
11.59,1289122,1,1
11.5911111111111,1452962,1,1
11.5941666666667,1289122,1,1
11.5958333333333,1289122,1,1
11.5983333333333,1420194,1,1
11.5997222222222,1289122,1,1
11.6013888888889,1289122,1,1
11.6016666666667,1289122,2,10
11.6030555555556,1289122,1,1
11.6094444444444,1289122,1,1
11.61,1616802,1,1
11.6113888888889,1977250,1,1
11.6152777777778,1289122,1,1
11.6158333333333,1289122,1,1
11.6169444444444,1289122,1,1
11.6202777777778,1878946,1,1
11.6213888888889,1289122,1,1
11.6216666666667,1420194,1,1
11.6230555555556,1551266,1,1
11.6241666666667,1321890,1,1
11.6263888888889,1289122,1,1
11.6269444444444,1289122,1,1
11.6275,1289122,1,1
11.6444444444444,1289122,1,1
11.6447222222222,1289122,1,1
11.6475,1289122,1,1
11.6488888888889,1289122,1,1
11.6497222222222,1813410,1,1
11.6505555555556,1289122,1,1
11.6533333333333,1682338,1,1
11.6547222222222,1682338,1,1
11.6569444444444,1452962,1,1
11.6580555555556,1584034,1,1
11.6602777777778,1420194,1,1
11.6633333333333,1289122,1,1
11.6638888888889,1551266,1,1
11.665,1944482,1,1
11.6658333333333,1289122,1,1
11.6666666666667,1289122,1,1
11.6697222222222,1289122,1,1
11.6705555555556,1289122,1,1
11.6716666666667,1289122,1,1
11.6744444444444,1289122,2,10
11.6786111111111,1289122,1,1
11.6808333333333,1289122,1,1
11.6816666666667,1289122,1,1
11.6827777777778,1518498,1,1
11.6836111111111,1289122,1,1
11.6844444444444,1289122,1,1
11.6852777777778,1289122,1,1
11.6855555555556,1354658,1,1
11.6872222222222,1289122,1,1
11.6883333333333,1289122,1,1
11.6888888888889,1289122,1,1
11.6894444444444,1321890,1,1
11.6938888888889,1289122,1,1
11.6958333333333,1485730,1,1
11.6961111111111,1584034,1,1
11.7036111111111,1321890,1,1
11.7052777777778,1289122,1,1
11.7077777777778,1289122,1,1
11.7094444444444,1289122,1,1
11.7155555555556,1354658,1,1
11.72,1289122,1,1
11.7225,1289122,1,1
11.7233333333333,1289122,1,1
11.7280555555556,1289122,1,1
11.7302777777778,1289122,1,1
11.7327777777778,1289122,1,1
11.735,1289122,1,1
11.7405555555556,1289122,1,1
11.7408333333333,1289122,1,1
11.7422222222222,1289122,1,1
11.7461111111111,1289122,1,1
11.755,1289122,1,1
11.7711111111111,1289122,1,1
11.7716666666667,1289122,1,1
11.7741666666667,1289122,1,1
11.7786111111111,2141090,1,1
11.78,1289122,1,1
11.7802777777778,1289122,1,1
11.7891666666667,1289122,1,1
11.79,1289122,1,1
11.7911111111111,1289122,1,1
11.7922222222222,1289122,1,1
11.7925,1289122,1,1
11.7933333333333,1289122,1,1
11.7941666666667,1846178,1,1
11.795,1289122,1,1
11.7969444444444,1289122,1,1
11.7986111111111,1289122,1,1
11.7991666666667,1289122,1,1
11.8002777777778,1452962,1,1
11.8011111111111,1780642,1,1
11.8022222222222,1616802,1,1
11.8044444444444,1289122,1,1
11.805,1289122,1,1
11.8052777777778,1289122,1,1
11.8069444444444,1289122,1,1
11.8080555555556,1289122,1,1
11.8108333333333,1289122,1,1
11.8122222222222,1289122,2,10
11.8130555555556,1289122,1,1
11.8141666666667,1813410,1,1
11.8152777777778,1289122,1,1
11.8175,1289122,1,1
11.8205555555556,1321890,1,1
11.8213888888889,1289122,1,1
11.8233333333333,1289122,1,1
11.8283333333333,1649570,1,1
11.8327777777778,1289122,1,1
11.835,1305506,2,10
11.8352777777778,1289122,1,1
11.8358333333333,1289122,1,1
11.8366666666667,1289122,1,1
11.8377777777778,1289122,1,1
11.84,1289122,1,1
11.845,1289122,1,1
11.8455555555556,1944482,1,1
11.8502777777778,1289122,2,10
11.8519444444444,1289122,1,1
11.8558333333333,1289122,1,1
11.8566666666667,1289122,1,1
11.8577777777778,1289122,1,1
11.8619444444444,1289122,1,1
11.8630555555556,1354658,1,1
11.8638888888889,1289122,1,1
11.8666666666667,1289122,1,1
11.8680555555556,1289122,1,1
11.8686111111111,1289122,1,1
11.8694444444444,1289122,1,1
11.8708333333333,1289122,1,1
11.8805555555556,1289122,1,1
11.8811111111111,3222434,1,1
11.8891666666667,1289122,1,1
11.8894444444444,1387426,1,1
11.8908333333333,1289122,1,1
11.8925,1289122,1,1
11.8938888888889,1289122,1,1
11.8944444444444,1452962,1,1
11.8961111111111,1289122,1,1
11.9011111111111,1289122,1,1
11.9013888888889,1289122,1,1
11.9038888888889,1289122,1,1
11.9047222222222,1289122,1,1
11.9066666666667,1289122,1,1
11.9230555555556,1289122,1,1
11.9288888888889,1289122,1,1
11.945,1289122,1,1
11.9486111111111,1289122,1,1
11.9527777777778,1289122,1,1
11.955,1289122,1,1
11.9569444444444,1289122,1,1
11.9744444444444,1289122,1,1
11.9797222222222,1747874,1,1
11.9833333333333,1289122,1,1
11.9838888888889,1289122,1,1
12.0077777777778,1289122,1,1
12.0227777777778,1289122,1,1
12.0244444444444,1289122,1,1
12.0263888888889,1289122,1,1
12.0294444444444,1289122,1,1
12.0319444444444,1289122,1,1
12.035,1289122,1,1
12.0458333333333,1289122,1,1
12.0488888888889,1289122,1,1
12.0747222222222,1289122,1,1
12.0847222222222,1289122,1,1
12.0855555555556,1289122,1,1
12.0913888888889,1289122,1,1
12.0925,1289122,1,1
12.0952777777778,1289122,1,1
12.0975,1289122,1,1
12.1094444444444,1289122,1,1
12.1305555555556,1289122,1,1
12.1444444444444,1289122,1,1
12.2016666666667,1289122,1,1
12.2033333333333,1289122,1,1
12.215,1485730,1,1
12.2686111111111,1289122,1,1
12.3122222222222,1289122,1,1
12.3263888888889,1289122,1,1
12.3322222222222,1289122,1,1
12.3325,1289122,1,1
12.3327777777778,1289122,1,1
12.3341666666667,1289122,1,1
12.345,1649570,1,1
12.3475,1289122,1,1
12.3480555555556,1289122,1,1
12.35,1485730,1,1
12.3511111111111,1289122,1,1
12.3552777777778,1289122,1,1
12.3580555555556,1289122,1,1
12.3586111111111,1289122,1,1
12.3594444444444,1289122,1,1
12.3602777777778,1452962,1,1
12.3633333333333,1289122,1,1
12.365,1289122,1,1
12.3669444444444,1289122,1,1
12.3688888888889,1354658,1,1
12.3702777777778,1289122,1,1
12.3738888888889,1289122,1,1
12.3772222222222,1452962,1,1
12.3827777777778,1289122,1,1
12.3836111111111,1452962,1,1
12.3902777777778,1551266,1,1
12.3927777777778,1289122,1,1
12.3977777777778,1289122,1,1
12.4044444444444,1289122,1,1
12.4055555555556,1289122,1,1
12.4122222222222,1289122,1,1
12.4141666666667,2239394,1,1
12.4183333333333,1289122,1,1
12.4208333333333,1289122,1,1
12.4222222222222,1289122,1,1
12.4269444444444,1289122,1,1
12.4272222222222,1289122,1,1
12.4283333333333,1289122,1,1
12.4288888888889,1289122,1,1
12.4302777777778,1289122,1,1
12.4313888888889,1387426,1,1
12.4327777777778,1289122,1,1
12.4338888888889,1682338,1,1
12.4366666666667,1289122,1,1
12.4380555555556,1289122,1,1
12.4411111111111,1289122,1,1
12.4422222222222,1289122,1,1
12.4433333333333,1289122,1,1
12.4466666666667,1289122,1,1
12.4494444444444,1289122,1,1
12.4502777777778,1289122,1,1
12.4505555555556,1289122,1,1
12.4530555555556,1911714,1,1
12.4547222222222,1289122,1,1
12.4555555555556,1420194,1,1
12.4569444444444,1289122,1,1
12.4572222222222,1452962,1,1
12.4577777777778,1420194,1,1
12.4586111111111,1977250,1,1
12.46,1747874,1,1
12.4605555555556,1387426,1,1
12.4636111111111,1289122,1,1
12.4672222222222,1289122,1,1
12.4677777777778,1289122,1,1
12.4686111111111,1289122,1,1
12.4708333333333,2239394,1,1
12.4719444444444,1289122,1,1
12.4722222222222,1289122,1,1
12.4797222222222,1846178,1,1
12.4819444444444,1289122,1,1
12.4827777777778,1289122,1,1
12.4852777777778,1289122,1,1
12.4877777777778,1289122,1,1
12.4897222222222,1289122,1,1
12.4913888888889,1289122,1,1
12.4925,3550114,1,1
12.4958333333333,1289122,1,1
12.4977777777778,1289122,1,1
12.5533333333333,1289122,1,1
12.5583333333333,1289122,1,1
12.5697222222222,1289122,1,1
12.5752777777778,1289122,1,1
12.5830555555556,1354658,1,1
12.5833333333333,1289122,1,1
12.5855555555556,1289122,1,1
12.5872222222222,1452962,1,1
12.5880555555556,1289122,1,1
12.5886111111111,1289122,1,1
12.5922222222222,1289122,1,1
12.5933333333333,1289122,1,1
12.595,1289122,1,1
12.6063888888889,1289122,1,1
12.6125,1289122,1,1
12.6166666666667,1289122,1,1
12.6830555555556,1289122,1,1
12.6847222222222,1289122,1,1
12.7047222222222,1289122,1,1
12.7175,1289122,1,1
12.7188888888889,1289122,1,1
12.72,1289122,1,1
12.7266666666667,1289122,1,1
12.7363888888889,1289122,1,1
12.7522222222222,1289122,1,1
12.7558333333333,1289122,1,1
12.7647222222222,1289122,2,10
12.7883333333333,1518498,1,1
12.7925,1289122,1,1
12.7927777777778,1289122,1,1
12.8147222222222,1289122,1,1
12.8222222222222,1289122,1,1
12.8261111111111,1289122,1,1
12.84,1289122,1,1
12.8425,1289122,1,1
12.8511111111111,1289122,1,1
12.8525,1289122,1,1
12.8630555555556,1289122,1,1
12.8669444444444,1289122,1,1
12.8683333333333,1649570,2,10
12.8688888888889,1289122,1,1
12.8708333333333,1289122,1,1
12.8727777777778,1289122,1,1
12.8752777777778,1289122,1,1
12.8791666666667,1616802,1,1
12.8838888888889,1289122,1,1
12.8883333333333,1289122,1,1
12.89,2468770,1,1
12.8922222222222,1747874,1,1
12.8930555555556,1289122,1,1
12.8944444444444,1682338,1,1
12.8983333333333,1715106,1,1
12.8991666666667,1682338,1,1
12.9013888888889,1289122,1,1
12.9033333333333,1289122,1,1
12.9125,1289122,1,1
12.9130555555556,1289122,1,1
12.915,1289122,2,10
12.9152777777778,1551266,1,1
12.9169444444444,1289122,1,1
12.9172222222222,1289122,1,1
12.9183333333333,2206626,1,1
12.9219444444444,1289122,1,1
12.9230555555556,1289122,2,10
12.9263888888889,1289122,1,1
12.93,1321890,1,1
12.9302777777778,5221282,1,1
12.9330555555556,1452962,1,1
12.9336111111111,1846178,1,1
12.9347222222222,1289122,1,1
12.9358333333333,1289122,1,1
12.9375,1289122,1,1
12.9388888888889,1813410,1,1
12.9394444444444,1289122,1,1
12.9416666666667,1289122,1,1
12.9466666666667,1715106,1,1
12.9475,1485730,1,1
12.9497222222222,2304930,1,1
12.9547222222222,1289122,1,1
12.9555555555556,1289122,1,1
12.9608333333333,1321890,1,1
12.9627777777778,1911714,1,1
12.9677777777778,1321890,1,1
12.9680555555556,1289122,1,1
12.9688888888889,1289122,1,1
12.9727777777778,1289122,1,1
12.9738888888889,1289122,1,1
12.9775,1289122,1,1
12.9783333333333,1551266,1,1
12.9788888888889,2075554,1,1
12.98,1551266,1,1
12.9833333333333,1289122,1,1
12.9847222222222,1289122,1,1
12.9936111111111,1289122,1,1
13.0119444444444,1780642,1,1
13.0125,1289122,2,10
13.0136111111111,1878946,1,1
13.0141666666667,2370466,1,1
13.0163888888889,1289122,1,1
13.0169444444444,2534306,1,1
13.0233333333333,1485730,1,1
13.0238888888889,1289122,1,1
13.0258333333333,1289122,1,1
13.0269444444444,1518498,1,1
13.0277777777778,1289122,1,1
13.0280555555556,1289122,1,1
13.0283333333333,1289122,1,1
13.0286111111111,1289122,1,1
13.0288888888889,1289122,1,1
13.0305555555556,1403810,2,10
13.0316666666667,1289122,1,1
13.0325,1289122,1,1
13.0377777777778,1289122,1,1
13.0386111111111,1747874,1,1
13.0419444444444,1485730,1,1
13.0441666666667,1289122,1,1
13.0444444444444,1289122,1,1
13.0455555555556,1289122,1,1
13.0469444444444,1682338,1,1
13.0480555555556,1977250,1,1
13.0488888888889,1289122,1,1
13.0505555555556,1289122,1,1
13.0558333333333,1289122,1,1
13.0566666666667,1289122,1,1
13.0572222222222,1420194,1,1
13.0575,1289122,1,1
13.0577777777778,1289122,1,1
13.0583333333333,1289122,1,1
13.0588888888889,1452962,1,1
13.06,1551266,1,1
13.0605555555556,1321890,1,1
13.0636111111111,1289122,1,1
13.0638888888889,1518498,1,1
13.0675,1289122,1,1
13.0680555555556,1289122,1,1
13.0686111111111,1289122,1,1
13.0691666666667,1289122,1,1
13.0713888888889,1289122,1,1
13.0719444444444,1485730,1,1
13.0727777777778,1289122,1,1
13.0758333333333,1289122,1,1
13.0763888888889,1420194,1,1
13.0808333333333,1780642,1,1
13.0877777777778,1289122,1,1
13.1052777777778,1289122,1,1
13.1072222222222,1289122,1,1
13.1111111111111,1289122,1,1
13.1175,1289122,1,1
13.1261111111111,1289122,1,1
13.1286111111111,1289122,1,1
13.1316666666667,1289122,1,1
13.1361111111111,1682338,1,1
13.1402777777778,1289122,1,1
13.1422222222222,1944482,1,1
13.1430555555556,1289122,1,1
13.1480555555556,1289122,1,1
13.1486111111111,1289122,1,1
13.1513888888889,1289122,1,1
13.1797222222222,1289122,1,1
13.1811111111111,1289122,1,1
13.1883333333333,1289122,1,1
13.1977777777778,1289122,1,1
13.1983333333333,1289122,1,1
13.2238888888889,1289122,1,1
13.2283333333333,1289122,1,1
13.2355555555556,1289122,1,1
13.2372222222222,1289122,1,1
13.2383333333333,1289122,1,1
13.2425,1289122,1,1
13.2438888888889,1289122,2,10
13.2441666666667,1289122,1,1
13.2461111111111,1289122,1,1
13.2663888888889,1289122,1,1
13.2672222222222,1289122,1,1
13.2722222222222,1289122,1,1
13.2736111111111,1289122,1,1
13.2755555555556,1289122,1,1
13.2763888888889,1289122,2,10
13.2766666666667,1387426,1,1
13.2825,1289122,1,1
13.2836111111111,1289122,1,1
13.2858333333333,1289122,1,1
13.2863888888889,1289122,1,1
13.2897222222222,1289122,1,1
13.3094444444444,1289122,1,1
13.31,1289122,1,1
13.3119444444444,1289122,1,1
13.3125,1289122,1,1
13.3225,1289122,1,1
13.3230555555556,1289122,1,1
13.3236111111111,1289122,1,1
13.3272222222222,1289122,1,1
13.3291666666667,1289122,1,1
13.3297222222222,1289122,1,1
13.3302777777778,1289122,1,1
13.3308333333333,1289122,1,1
13.3336111111111,1289122,1,1
13.3341666666667,2108322,1,1
13.3358333333333,1289122,1,1
13.3363888888889,1289122,1,1
13.3372222222222,1780642,1,1
13.34,2010018,1,1
13.3533333333333,1289122,1,1
13.3552777777778,1289122,1,1
13.3633333333333,1289122,1,1
13.3636111111111,1289122,1,1
13.3658333333333,1289122,1,1
13.3788888888889,1289122,1,1
13.3852777777778,1289122,1,1
13.3866666666667,1289122,1,1
13.3952777777778,1289122,1,1
13.3966666666667,1289122,1,1
13.4011111111111,1289122,1,1
13.4025,1289122,1,1
13.4041666666667,1289122,1,1
13.4047222222222,1289122,1,1
13.4091666666667,1289122,1,1
13.4125,1289122,1,1
13.4158333333333,1289122,1,1
13.4188888888889,1289122,1,1
13.42,1289122,1,1
13.4261111111111,1289122,1,1
13.4341666666667,1289122,1,1
13.45,1289122,1,1
13.4516666666667,1289122,1,1
13.4602777777778,1420194,1,1
13.4722222222222,1289122,1,1
13.4758333333333,1289122,1,1
13.4772222222222,1289122,1,1
13.4841666666667,1289122,1,1
13.5383333333333,1289122,1,1
13.5394444444444,1289122,1,1
13.54,1289122,1,1
13.5497222222222,1289122,1,1
13.5505555555556,1289122,1,1
13.5536111111111,1289122,1,1
13.5572222222222,1289122,1,1
13.5944444444444,1289122,1,1
13.6227777777778,1289122,1,1
13.6280555555556,1289122,1,1
13.6322222222222,1289122,1,1
13.6547222222222,1289122,1,1
13.6761111111111,1289122,1,1
13.6788888888889,1289122,1,1
13.7027777777778,1289122,1,1
13.7105555555556,1289122,1,1
13.7172222222222,1289122,1,1
13.7283333333333,1289122,1,1
13.8066666666667,1289122,1,1
13.8077777777778,1289122,1,1
13.825,1518498,1,1
13.8255555555556,1289122,1,1
13.8261111111111,1289122,1,1
13.8263888888889,1289122,1,1
13.8472222222222,1289122,1,1
13.8502777777778,1289122,1,1
13.8577777777778,1289122,1,1
13.8713888888889,1289122,1,1
13.8722222222222,1289122,1,1
13.8933333333333,1289122,1,1
13.9130555555556,1289122,1,1
13.9144444444444,1289122,2,10
13.9161111111111,1289122,1,1
13.9166666666667,1289122,1,1
13.9236111111111,1289122,1,1
13.9261111111111,1289122,1,1
13.9313888888889,1289122,1,1
13.9408333333333,1289122,1,1
13.9452777777778,1289122,1,1
13.9469444444444,1289122,1,1
13.9538888888889,1289122,1,1
14.0138888888889,1289122,1,1
14.0147222222222,1780642,1,1
14.0161111111111,1289122,1,1
14.0177777777778,1289122,1,1
14.0372222222222,1321890,1,1
14.0383333333333,1289122,1,1
14.04,1289122,1,1
14.0477777777778,1289122,1,1
14.0619444444444,1289122,1,1
14.0622222222222,1289122,1,1
14.0716666666667,1289122,1,1
14.0780555555556,1289122,1,1
14.0788888888889,1289122,1,1
14.0802777777778,1289122,1,1
14.0827777777778,1551266,1,1
14.0844444444444,1289122,1,1
14.0883333333333,1289122,1,1
14.0886111111111,1289122,1,1
14.0930555555556,1289122,1,1
14.0941666666667,1289122,1,1
14.0947222222222,1289122,1,1
14.0952777777778,1289122,1,1
14.0991666666667,1289122,1,1
14.1,1289122,1,1
14.1005555555556,2010018,1,1
14.1027777777778,1289122,1,1
14.1036111111111,1289122,1,1
14.1038888888889,1289122,1,1
14.1041666666667,1354658,1,1
14.1061111111111,1289122,1,1
14.1119444444444,1289122,1,1
14.115,1289122,1,1
14.1158333333333,1289122,1,1
14.1177777777778,1289122,1,1
14.12,1289122,1,1
14.1208333333333,1289122,1,1
14.1213888888889,1289122,1,1
14.1238888888889,1289122,1,1
14.1244444444444,1289122,1,1
14.1255555555556,1289122,1,1
14.1258333333333,1289122,1,1
14.1261111111111,1289122,1,1
14.1283333333333,1289122,1,1
14.1341666666667,1289122,1,1
14.135,1289122,1,1
14.1469444444444,1289122,1,1
14.1483333333333,1289122,1,1
14.1511111111111,1289122,1,1
14.1619444444444,1289122,1,1
14.1627777777778,1289122,1,1
14.1697222222222,1682338,1,1
14.1727777777778,1289122,1,1
14.1813888888889,1289122,1,1
14.1836111111111,1289122,1,1
14.1838888888889,1289122,1,1
14.1861111111111,1289122,1,1
14.1869444444444,1289122,1,1
14.1875,1289122,1,1
14.1888888888889,1813410,1,1
14.1897222222222,1289122,1,1
14.1925,2239394,1,1
14.1936111111111,1354658,1,1
14.1941666666667,1289122,1,1
14.1947222222222,1551266,1,1
14.1980555555556,1289122,1,1
14.2083333333333,1289122,1,1
14.215,1289122,1,1
14.2163888888889,1289122,1,1
14.2313888888889,1289122,1,1
14.2494444444444,1289122,1,1
14.2511111111111,1452962,1,1
14.2525,1289122,1,1
14.2569444444444,1289122,1,1
14.2644444444444,1289122,1,1
14.2694444444444,1289122,1,1
14.2705555555556,1289122,1,1
14.2722222222222,1289122,1,1
14.275,1289122,1,1
14.2755555555556,1289122,1,1
14.2763888888889,1289122,1,1
14.2838888888889,1289122,1,1
14.2913888888889,1289122,1,1
14.2955555555556,1289122,1,1
14.2975,1289122,1,1
14.2977777777778,1289122,1,1
14.3044444444444,1289122,1,1
14.3127777777778,1289122,1,1
14.3497222222222,1289122,1,1
14.3661111111111,1616802,1,1
14.37,1289122,1,1
14.3775,1289122,1,1
14.3788888888889,1289122,1,1
14.3811111111111,1289122,1,1
14.3861111111111,2010018,1,1
14.3880555555556,1747874,1,1
14.3902777777778,1846178,1,1
14.3916666666667,1289122,1,1
14.3936111111111,1289122,1,1
14.4011111111111,1289122,1,1
14.4030555555556,1289122,1,1
14.4041666666667,1289122,1,1
14.4044444444444,1289122,1,1
14.4091666666667,1289122,1,1
14.41,1354658,1,1
14.4113888888889,1289122,1,1
14.4197222222222,1289122,1,1
14.4236111111111,1289122,1,1
14.4247222222222,1289122,1,1
14.4291666666667,1452962,1,1
14.4305555555556,1289122,1,1
14.4311111111111,1289122,1,1
14.4375,1289122,1,1
14.4391666666667,1518498,1,1
14.4430555555556,1420194,1,1
14.4447222222222,1289122,1,1
14.4452777777778,1289122,1,1
14.4469444444444,1911714,1,1
14.4475,1289122,1,1
14.4502777777778,1977250,1,1
14.4511111111111,1289122,1,1
14.4516666666667,1289122,1,1
14.4525,1289122,1,1
14.4547222222222,1289122,1,1
14.4647222222222,1911714,1,1
14.4669444444444,1289122,1,1
14.4677777777778,1911714,1,1
14.4686111111111,1289122,1,1
14.4697222222222,1944482,1,1
14.4719444444444,1289122,1,1
14.4725,1878946,1,1
14.4733333333333,1289122,1,1
14.475,1321890,1,1
14.4766666666667,1944482,1,1
14.4811111111111,1289122,1,1
14.4816666666667,1780642,1,1
14.4827777777778,1289122,1,1
14.4858333333333,1289122,1,1
14.4872222222222,1289122,1,1
14.4908333333333,1289122,1,1
14.4916666666667,1289122,1,1
14.4927777777778,1289122,1,1
14.4936111111111,1289122,1,1
14.4944444444444,1649570,1,1
14.4977777777778,1289122,1,1
14.5,2436002,1,1
14.5011111111111,1289122,1,1
14.5097222222222,1289122,1,1
14.5108333333333,1289122,1,1
14.5138888888889,4598690,1,1
14.5161111111111,1289122,1,1
14.5241666666667,1289122,1,1
14.5263888888889,1289122,1,1
14.5294444444444,1289122,1,1
14.5302777777778,1878946,1,1
14.5308333333333,1289122,1,1
14.5313888888889,1289122,1,1
14.5316666666667,1289122,1,1
14.5319444444444,1551266,1,1
14.5330555555556,2468770,1,1
14.5341666666667,1289122,1,1
14.5358333333333,1289122,1,1
14.5394444444444,2403234,1,1
14.5402777777778,2730914,1,1
14.5408333333333,1289122,1,1
14.5416666666667,1289122,1,1
14.5427777777778,1289122,1,1
14.5444444444444,1911714,1,1
14.545,1289122,1,1
14.5455555555556,1289122,1,1
14.5711111111111,1289122,1,1
14.5716666666667,1911714,1,1
14.5730555555556,1289122,1,1
14.5858333333333,1485730,1,1
14.5991666666667,1289122,1,1
14.6041666666667,1289122,1,1
14.6066666666667,1289122,1,1
14.6119444444444,1289122,1,1
14.6277777777778,1289122,1,1
14.6594444444444,1289122,1,1
14.6644444444444,1289122,1,1
14.6788888888889,1289122,1,1
14.6847222222222,1289122,1,1
14.6852777777778,1354658,1,1
14.6888888888889,1289122,1,1
14.7538888888889,1289122,1,1
14.7941666666667,1289122,1,1
14.7958333333333,1289122,1,1
14.7963888888889,1289122,1,1
14.8541666666667,1289122,1,1
14.8552777777778,1289122,1,1
14.8602777777778,1289122,1,1
14.8772222222222,1289122,1,1
14.8811111111111,1289122,1,1
14.8819444444444,1289122,1,1
14.8844444444444,1518498,1,1
14.8869444444444,1289122,1,1
14.8883333333333,1289122,1,1
14.8888888888889,1289122,1,1
14.8922222222222,1289122,1,1
14.8983333333333,1944482,1,1
14.9002777777778,1944482,1,1
14.9091666666667,1289122,1,1
14.9105555555556,1289122,1,1
14.9113888888889,1289122,1,1
14.9175,1813410,1,1
14.9180555555556,1289122,1,1
14.9183333333333,1780642,1,1
14.9225,1485730,1,1
14.9230555555556,1321890,1,1
14.9236111111111,1584034,1,1
14.9263888888889,1289122,1,1
14.9297222222222,1551266,1,1
14.9319444444444,1289122,1,1
14.9336111111111,1321890,1,1
14.9355555555556,1289122,1,1
14.9419444444444,2599842,1,1
14.9469444444444,1289122,1,1
14.9513888888889,1289122,1,1
14.9538888888889,1289122,1,1
14.9619444444444,1289122,1,1
14.9727777777778,1289122,1,1
14.9802777777778,1289122,1,1
14.9833333333333,1289122,1,1
14.9880555555556,1289122,1,1
14.9916666666667,1289122,1,1
15,1289122,1,1
15.0944444444444,1289122,1,1
15.1286111111111,1289122,1,1
15.6,1289122,1,1
15.6016666666667,1289122,1,1
15.6125,1289122,1,1
15.6847222222222,1289122,1,1
15.7819444444444,1289122,1,1
15.7825,1289122,1,1
15.7922222222222,1289122,1,1
15.7947222222222,1289122,1,1
15.795,1289122,1,1
15.7969444444444,1289122,1,1
15.8005555555556,1289122,1,1
15.8058333333333,1289122,1,1
15.8166666666667,1289122,1,1
15.8213888888889,1289122,1,1
15.8219444444444,1289122,1,1
15.8225,1944482,1,1
15.8236111111111,1289122,1,1
15.8241666666667,1289122,1,1
15.825,1289122,1,1
15.8280555555556,1289122,1,1
15.8302777777778,1289122,1,1
15.8355555555556,1911714,1,1
15.8388888888889,1813410,1,1
15.8405555555556,1289122,1,1
15.8411111111111,1289122,1,1
15.8427777777778,1289122,1,1
15.8436111111111,1485730,1,1
15.8452777777778,1289122,1,1
15.8463888888889,1289122,1,1
15.8466666666667,1289122,1,1
15.8483333333333,1289122,1,1
15.85,1551266,1,1
15.8527777777778,1289122,1,1
15.8552777777778,1289122,1,1
15.8569444444444,1289122,1,1
15.8580555555556,1289122,1,1
15.8611111111111,1289122,1,1
15.8627777777778,1289122,1,1
15.8633333333333,1469346,2,10
15.865,1289122,1,1
15.8652777777778,1747874,1,1
15.8663888888889,2272162,1,1
15.8705555555556,1289122,1,1
15.8713888888889,1289122,1,1
15.8725,1289122,1,1
15.8730555555556,1289122,1,1
15.8736111111111,1289122,1,1
15.8811111111111,1289122,1,1
15.8847222222222,1289122,1,1
15.8852777777778,1289122,1,1
15.9008333333333,1289122,1,1
15.9038888888889,1289122,1,1
15.9133333333333,1289122,1,1
15.9155555555556,1289122,1,1
15.9161111111111,1289122,1,1
15.9191666666667,1289122,1,1
15.9197222222222,1289122,1,1
15.92,1289122,1,1
15.9238888888889,1518498,1,1
15.9241666666667,1289122,1,1
15.9247222222222,1289122,1,1
15.9252777777778,1289122,1,1
15.9258333333333,1289122,1,1
15.9266666666667,1289122,1,1
15.9283333333333,1289122,1,1
15.93,2370466,1,1
15.9319444444444,1289122,1,1
15.9327777777778,1289122,1,1
15.935,1452962,1,1
15.9355555555556,1289122,1,1
15.9361111111111,1289122,1,1
15.9366666666667,1289122,1,1
15.9380555555556,1289122,1,1
15.9391666666667,1518498,1,1
15.9416666666667,1289122,1,1
15.9422222222222,1289122,1,1
15.9425,1289122,1,1
15.9427777777778,1289122,1,1
15.9433333333333,1289122,1,1
15.9447222222222,1452962,1,1
15.945,1289122,1,1
15.9488888888889,1289122,1,1
15.9511111111111,1485730,1,1
15.9525,1289122,1,1
15.9536111111111,1289122,1,1
15.9575,1289122,1,1
15.9630555555556,1289122,1,1
15.9661111111111,1289122,1,1
15.9691666666667,1289122,1,1
15.9722222222222,1289122,1,1
15.9744444444444,1289122,1,1
15.9761111111111,1289122,1,1
15.9783333333333,1289122,1,1
15.9786111111111,1584034,1,1
15.98,1289122,1,1
15.9811111111111,1649570,1,1
15.9825,1289122,1,1
15.9858333333333,1715106,1,1
15.9866666666667,1289122,1,1
15.9963888888889,1289122,1,1
16.0022222222222,1289122,1,1
16.0047222222222,1289122,1,1
16.02,1289122,1,1
16.0211111111111,1289122,1,1
16.025,1289122,1,1
16.0252777777778,1387426,1,1
16.0263888888889,1289122,1,1
16.0272222222222,1289122,1,1
16.0280555555556,1289122,1,1
16.0294444444444,1289122,1,1
16.03,1289122,1,1
16.0363888888889,1289122,2,10
16.0369444444444,1813410,1,1
16.0372222222222,1551266,1,1
16.0394444444444,1289122,1,1
16.0397222222222,1289122,1,1
16.04,1289122,1,1
16.0408333333333,1289122,1,1
16.0413888888889,1584034,1,1
16.0433333333333,2010018,1,1
16.0466666666667,1289122,1,1
16.0497222222222,1387426,1,1
16.0505555555556,1289122,1,1
16.0508333333333,1289122,1,1
16.0522222222222,1813410,1,1
16.0527777777778,1289122,1,1
16.0538888888889,1420194,1,1
16.0547222222222,1289122,1,1
16.0552777777778,1289122,1,1
16.0563888888889,1911714,1,1
16.0586111111111,1289122,1,1
16.0647222222222,1289122,1,1
16.0655555555556,1616802,1,1
16.0680555555556,1289122,1,1
16.0697222222222,1289122,1,1
16.0711111111111,1289122,1,1
16.0716666666667,2141090,1,1
16.0744444444444,1289122,1,1
16.0755555555556,1289122,1,1
16.0777777777778,1289122,1,1
16.0791666666667,1289122,1,1
16.0797222222222,1289122,1,1
16.08,1289122,1,1
16.0805555555556,1289122,1,1
16.0811111111111,1289122,1,1
16.0813888888889,2042786,1,1
16.0833333333333,1485730,1,1
16.0841666666667,1289122,2,10
16.0844444444444,1289122,1,1
16.0847222222222,1289122,1,1
16.085,1289122,1,1
16.0852777777778,1321890,1,1
16.0855555555556,1289122,1,1
16.0861111111111,1289122,1,1
16.0863888888889,1747874,1,1
16.0880555555556,1584034,2,10
16.0897222222222,1289122,1,1
16.0902777777778,1289122,1,1
16.0908333333333,1289122,2,10
16.0927777777778,1371042,2,10
16.0933333333333,1289122,1,1
16.0936111111111,1289122,1,1
16.0944444444444,1518498,1,1
16.095,1289122,2,10
16.0955555555556,1289122,1,1
16.0961111111111,1911714,1,1
16.0972222222222,4533154,1,1
16.0975,1878946,1,1
16.0994444444444,1289122,1,1
16.1002777777778,1289122,1,1
16.1008333333333,1289122,1,1
16.1016666666667,1551266,2,10
16.1033333333333,1289122,1,1
16.1041666666667,1289122,1,1
16.1063888888889,1289122,1,1
16.1066666666667,2436002,1,1
16.1077777777778,1289122,1,1
16.1094444444444,1289122,1,1
16.11,1289122,1,1
16.1111111111111,1452962,1,1
16.1122222222222,1289122,1,1
16.1155555555556,1289122,1,1
16.1263888888889,1289122,1,1
16.1297222222222,1289122,1,1
16.1330555555556,1289122,1,1
16.1341666666667,1289122,1,1
16.1363888888889,1289122,1,1
16.1383333333333,1289122,1,1
16.1402777777778,1584034,1,1
16.1416666666667,1289122,1,1
16.1425,1289122,1,1
16.1441666666667,1289122,2,10
16.1463888888889,1289122,1,1
16.1466666666667,1289122,1,1
16.1486111111111,1485730,1,1
16.1497222222222,1289122,1,1
16.15,1289122,1,1
16.1675,1321890,1,1
16.1694444444444,1289122,1,1
16.1730555555556,1289122,1,1
16.1769444444444,1289122,1,1
16.1825,1289122,1,1
16.1833333333333,1289122,1,1
16.1847222222222,1420194,1,1
16.1861111111111,1289122,1,1
16.1880555555556,1289122,1,1
16.1886111111111,1289122,1,1
16.1908333333333,1289122,1,1
16.1938888888889,1289122,1,1
16.1952777777778,1289122,1,1
16.1969444444444,1289122,1,1
16.2055555555556,1289122,1,1
16.2080555555556,1289122,1,1
16.2102777777778,1289122,1,1
16.2147222222222,1289122,1,1
16.2227777777778,1289122,1,1
16.2233333333333,1289122,1,1
16.225,1584034,1,1
16.2275,1289122,1,1
16.2338888888889,1321890,1,1
16.2366666666667,1289122,1,1
16.2375,1289122,1,1
16.2408333333333,1289122,1,1
16.2477777777778,1289122,1,1
16.2591666666667,1289122,1,1
16.3083333333333,1289122,1,1
16.3644444444444,1289122,1,1
16.3833333333333,1289122,1,1
16.3844444444444,1289122,1,1
16.4888888888889,1289122,1,1
16.5175,1289122,1,1
16.5286111111111,1289122,1,1
16.5558333333333,1289122,1,1
16.5691666666667,1321890,1,1
16.5697222222222,1289122,1,1
16.5788888888889,1289122,1,1
16.5816666666667,1289122,1,1
16.5847222222222,1551266,1,1
16.5875,1289122,1,1
16.5944444444444,1289122,1,1
16.5975,1289122,1,1
16.6047222222222,1289122,1,1
16.6052777777778,1289122,1,1
16.6083333333333,1289122,1,1
16.6086111111111,1289122,1,1
16.6091666666667,1452962,1,1
16.6097222222222,1878946,1,1
16.6108333333333,1289122,1,1
16.6116666666667,1289122,1,1
16.6127777777778,1289122,1,1
16.6138888888889,1289122,1,1
16.6222222222222,1289122,1,1
16.6225,1289122,1,1
16.6233333333333,1289122,1,1
16.6244444444444,1289122,1,1
16.6269444444444,1289122,1,1
16.6277777777778,1518498,1,1
16.6305555555556,1289122,1,1
16.6311111111111,1289122,1,1
16.6316666666667,1289122,1,1
16.6327777777778,1289122,1,1
16.6333333333333,1682338,1,1
16.6352777777778,1289122,1,1
16.6436111111111,1289122,1,1
16.6441666666667,1289122,1,1
16.6447222222222,1289122,1,1
16.6541666666667,1289122,1,1
16.6580555555556,1747874,1,1
16.67,1289122,1,1
16.6711111111111,1977250,1,1
16.6725,1289122,1,1
16.6808333333333,1289122,1,1
16.6980555555556,1289122,1,1
16.7002777777778,1289122,1,1
16.7011111111111,1289122,1,1
16.7066666666667,1289122,1,1
16.7077777777778,1289122,1,1
16.7083333333333,1289122,1,1
16.7088888888889,1289122,1,1
16.7091666666667,1289122,1,1
16.7111111111111,1289122,1,1
16.7125,1518498,1,1
16.7147222222222,1289122,1,1
16.7158333333333,1747874,1,1
16.7172222222222,1289122,1,1
16.7177777777778,1289122,1,1
16.7191666666667,1289122,1,1
16.7197222222222,1289122,1,1
16.7216666666667,1289122,1,1
16.7219444444444,1289122,1,1
16.7227777777778,1289122,1,1
16.7233333333333,2567074,1,1
16.7241666666667,1289122,1,1
16.7247222222222,1584034,1,1
16.7255555555556,1289122,1,1
16.7277777777778,1289122,1,1
16.7305555555556,1616802,1,1
16.7327777777778,1289122,1,1
16.7330555555556,1289122,1,1
16.7336111111111,1289122,1,1
16.7344444444444,1420194,1,1
16.7361111111111,1289122,1,1
16.7372222222222,1813410,1,1
16.7380555555556,3189666,1,1
16.7394444444444,1387426,1,1
16.7436111111111,1289122,1,1
16.7438888888889,1289122,1,1
16.745,1485730,1,1
16.7452777777778,1289122,1,1
16.7458333333333,1289122,1,1
16.7477777777778,1485730,1,1
16.7555555555556,1289122,1,1
16.7569444444444,1289122,1,1
16.7575,1289122,1,1
16.7636111111111,1289122,1,1
16.7672222222222,1289122,1,1
16.7686111111111,1289122,1,1
16.77,1616802,1,1
16.7705555555556,1452962,1,1
16.775,1289122,1,1
16.7775,1289122,1,1
16.7811111111111,1289122,1,1
16.7822222222222,1289122,1,1
16.7827777777778,1289122,1,1
16.7833333333333,1289122,1,1
16.7847222222222,1289122,1,1
16.7855555555556,2337698,1,1
16.7866666666667,1846178,1,1
16.7875,1321890,1,1
16.7897222222222,1289122,1,1
16.7952777777778,1289122,1,1
16.7958333333333,1289122,1,1
16.8363888888889,1289122,1,1
16.8383333333333,1289122,1,1
16.8388888888889,1289122,1,1
16.8397222222222,1289122,1,1
16.8425,1289122,1,1
16.8427777777778,1289122,1,1
16.865,1518498,1,1
16.8675,1289122,1,1
16.8741666666667,1289122,1,1
16.875,1780642,1,1
16.8877777777778,1289122,1,1
16.8905555555556,1289122,1,1
16.9008333333333,1289122,1,1
16.9183333333333,1289122,1,1
16.9191666666667,1289122,1,1
16.9258333333333,1321890,1,1
16.9269444444444,1289122,1,1
16.9297222222222,1289122,1,1
16.9305555555556,1289122,1,1
16.9311111111111,1780642,1,1
16.9325,1682338,1,1
16.9330555555556,1289122,1,1
16.9338888888889,1289122,1,1
16.9344444444444,1944482,1,1
16.9352777777778,1289122,1,1
16.9380555555556,1715106,1,1
16.9388888888889,1289122,1,1
16.9411111111111,1289122,1,1
16.9419444444444,1289122,1,1
16.9425,1289122,1,1
16.9433333333333,1289122,1,1
16.9441666666667,1289122,1,1
16.9447222222222,1289122,1,1
16.945,1289122,1,1
16.9458333333333,1289122,1,1
16.9466666666667,1289122,1,1
16.9472222222222,1387426,1,1
16.9480555555556,1747874,1,1
16.9511111111111,1289122,1,1
16.9513888888889,1289122,1,1
16.9519444444444,1289122,1,1
16.9525,1289122,1,1
16.9536111111111,1289122,1,1
16.9555555555556,1289122,1,1
16.9563888888889,1289122,1,1
16.9594444444444,1289122,1,1
16.96,1289122,1,1
16.9630555555556,1289122,1,1
16.9644444444444,1289122,1,1
16.9686111111111,2042786,1,1
16.9702777777778,1289122,1,1
16.975,1289122,1,1
16.9758333333333,1289122,1,1
16.9769444444444,1289122,1,1
16.9791666666667,1289122,1,1
16.98,1289122,1,1
16.9822222222222,1289122,1,1
16.9847222222222,1387426,1,1
16.9855555555556,1289122,1,1
16.9861111111111,1747874,1,1
16.9869444444444,1289122,1,1
16.9880555555556,1911714,1,1
16.9886111111111,1452962,1,1
16.9894444444444,1289122,1,1
16.99,1452962,1,1
16.9925,1289122,1,1
16.9933333333333,1289122,1,1
16.9941666666667,1289122,1,1
16.995,1289122,1,1
16.9955555555556,1289122,1,1
16.9977777777778,1387426,1,1
16.9991666666667,1321890,2,10
16.9997222222222,1878946,1,1
17,1289122,1,1
17.0005555555556,2010018,1,1
17.0019444444444,1354658,1,1
17.0022222222222,1289122,1,1
17.0025,1289122,1,1
17.0036111111111,1321890,1,1
17.0041666666667,1289122,1,1
17.005,1485730,2,10
17.0052777777778,1289122,1,1
17.0055555555556,2141090,1,1
17.0063888888889,1289122,1,1
17.0069444444444,1780642,1,1
17.0083333333333,1452962,1,1
17.0086111111111,1289122,1,1
17.0102777777778,1289122,1,1
17.0111111111111,1289122,1,1
17.0116666666667,1289122,1,1
17.0133333333333,1289122,1,1
17.015,1289122,1,1
17.0155555555556,1289122,1,1
17.0172222222222,1289122,1,1
17.0180555555556,1289122,1,1
17.0197222222222,1289122,1,1
17.02,1289122,1,1
17.0213888888889,1289122,1,1
17.0219444444444,1452962,1,1
17.0225,1289122,1,1
17.0236111111111,1289122,1,1
17.0247222222222,1289122,1,1
17.0263888888889,1747874,1,1
17.0266666666667,1846178,1,1
17.0297222222222,1289122,1,1
17.0302777777778,2403234,1,1
17.0308333333333,1289122,1,1
17.0316666666667,1518498,2,10
17.0322222222222,1289122,1,1
17.0341666666667,1289122,1,1
17.0352777777778,1289122,1,1
17.0369444444444,1289122,1,1
17.0402777777778,1289122,1,1
17.0413888888889,1289122,1,1
17.0416666666667,1452962,1,1
17.0430555555556,1289122,1,1
17.0447222222222,1289122,1,1
17.0477777777778,1289122,1,1
17.0483333333333,1846178,1,1
17.0494444444444,1289122,1,1
17.0497222222222,1289122,1,1
17.0522222222222,1289122,1,1
17.0541666666667,1289122,1,1
17.0544444444444,1289122,2,10
17.055,1289122,1,1
17.0561111111111,1452962,1,1
17.0572222222222,1289122,1,1
17.0602777777778,1289122,1,1
17.0616666666667,1289122,1,1
17.0630555555556,2534306,1,1
17.0638888888889,1289122,1,1
17.0666666666667,1289122,1,1
17.0691666666667,1289122,1,1
17.0705555555556,2042786,1,1
17.0713888888889,1289122,1,1
17.0769444444444,1420194,1,1
17.0775,1289122,1,1
17.0786111111111,1485730,1,1
17.0802777777778,1354658,1,1
17.0827777777778,1289122,1,1
17.0838888888889,1518498,1,1
17.0844444444444,1747874,1,1
17.085,1289122,1,1
17.0858333333333,1649570,2,10
17.0863888888889,1289122,1,1
17.0894444444444,2010018,1,1
17.0911111111111,1289122,1,1
17.0919444444444,1944482,1,1
17.0930555555556,1289122,1,1
17.0952777777778,1289122,1,1
17.0963888888889,1289122,1,1
17.0977777777778,1289122,1,1
17.1063888888889,1289122,1,1
17.1080555555556,1289122,1,1
17.1083333333333,1289122,1,1
17.1091666666667,1289122,1,1
17.11,1289122,1,1
17.1125,1944482,1,1
17.1130555555556,1944482,1,1
17.1136111111111,1387426,2,10
17.1141666666667,1289122,1,1
17.115,1289122,2,10
17.1155555555556,1387426,1,1
17.1166666666667,1289122,1,1
17.1177777777778,1289122,1,1
17.1183333333333,1289122,2,10
17.1191666666667,1289122,1,1
17.1202777777778,1289122,1,1
17.1205555555556,1289122,1,1
17.1216666666667,1321890,1,1
17.1225,1321890,1,1
17.1227777777778,1289122,1,1
17.1233333333333,1518498,1,1
17.1263888888889,1485730,1,1
17.1272222222222,1289122,1,1
17.1283333333333,1289122,1,1
17.1291666666667,1878946,1,1
17.13,1715106,1,1
17.1313888888889,1289122,1,1
17.1352777777778,1289122,1,1
17.1416666666667,1289122,1,1
17.1422222222222,1289122,1,1
17.1427777777778,1387426,1,1
17.1441666666667,1289122,1,1
17.145,1289122,1,1
17.1480555555556,1289122,1,1
17.1547222222222,1289122,1,1
17.1638888888889,1289122,1,1
17.1747222222222,1289122,1,1
17.1755555555556,1289122,1,1
17.1763888888889,1452962,1,1
17.1777777777778,1289122,1,1
17.1841666666667,1616802,1,1
17.1933333333333,1289122,1,1
17.1936111111111,1289122,1,1
17.1941666666667,1289122,1,1
17.1961111111111,1289122,1,1
17.1983333333333,1289122,1,1
17.1986111111111,1289122,1,1
17.2011111111111,1289122,1,1
17.2080555555556,1289122,1,1
17.2158333333333,1289122,1,1
17.2161111111111,1289122,1,1
17.2180555555556,1289122,1,1
17.2188888888889,1289122,1,1
17.2191666666667,1289122,1,1
17.2213888888889,1289122,1,1
17.2233333333333,1518498,1,1
17.2244444444444,1289122,1,1
17.2247222222222,1289122,1,1
17.2269444444444,1289122,1,1
17.2325,1616802,1,1
17.2330555555556,1289122,1,1
17.2333333333333,1289122,1,1
17.2347222222222,1289122,1,1
17.2355555555556,1289122,1,1
17.2361111111111,1289122,1,1
17.2380555555556,1289122,1,1
17.2386111111111,1387426,1,1
17.2405555555556,1289122,1,1
17.2419444444444,1289122,1,1
17.2422222222222,1289122,2,10
17.2430555555556,1289122,1,1
17.2461111111111,1403810,2,10
17.2472222222222,1289122,1,1
17.2483333333333,1289122,1,1
17.2494444444444,1289122,1,1
17.2497222222222,1289122,1,1
17.2516666666667,1911714,1,1
17.2519444444444,1289122,1,1
17.2522222222222,1289122,1,1
17.2527777777778,1289122,1,1
17.2536111111111,1289122,1,1
17.2563888888889,1321890,1,1
17.2566666666667,1584034,1,1
17.2575,1289122,1,1
17.2583333333333,1518498,1,1
17.2594444444444,1551266,1,1
17.26,1289122,1,1
17.2602777777778,1289122,1,1
17.2605555555556,1289122,1,1
17.2616666666667,1289122,1,1
17.2619444444444,1289122,1,1
17.2627777777778,1289122,1,1
17.2630555555556,1289122,1,1
17.2636111111111,1289122,1,1
17.2641666666667,1878946,1,1
17.265,1289122,1,1
17.2677777777778,1452962,1,1
17.2683333333333,1289122,1,1
17.2686111111111,1518498,1,1
17.2705555555556,1289122,1,1
17.2708333333333,1289122,2,10
17.2719444444444,1289122,1,1
17.2725,1289122,1,1
17.2741666666667,1403810,2,10
17.2755555555556,1289122,1,1
17.2772222222222,1289122,1,1
17.2819444444444,1289122,1,1
17.3091666666667,1289122,1,1
17.3097222222222,1289122,1,1
17.3105555555556,1584034,1,1
17.3144444444444,1420194,1,1
17.3155555555556,1289122,1,1
17.3175,1289122,1,1
17.3205555555556,1289122,1,1
17.3222222222222,1289122,1,1
17.3225,1289122,1,1
17.3247222222222,1289122,1,1
17.3261111111111,1846178,1,1
17.3294444444444,1289122,1,1
17.3311111111111,1551266,1,1
17.3325,1289122,1,1
17.3341666666667,1289122,1,1
17.3344444444444,1289122,1,1
17.3361111111111,1289122,1,1
17.3377777777778,1289122,1,1
17.3386111111111,1289122,1,1
17.3408333333333,1289122,1,1
17.3436111111111,2075554,1,1
17.3458333333333,1289122,1,1
17.3525,1682338,1,1
17.3530555555556,1354658,1,1
17.3538888888889,1485730,1,1
17.3547222222222,1977250,1,1
17.3552777777778,1878946,1,1
17.3569444444444,1289122,1,1
17.3588888888889,1289122,1,1
17.3644444444444,1289122,1,1
17.3658333333333,1420194,1,1
17.3661111111111,1682338,1,1
17.3672222222222,1780642,1,1
17.3680555555556,1584034,1,1
17.3697222222222,1289122,1,1
17.3702777777778,1289122,1,1
17.3708333333333,1289122,1,1
17.3713888888889,1289122,1,1
17.3791666666667,1289122,1,1
17.3797222222222,1289122,1,1
17.3913888888889,1289122,1,1
17.3919444444444,1289122,1,1
17.3941666666667,1289122,1,1
17.3958333333333,1289122,1,1
17.3961111111111,1289122,1,1
17.3980555555556,1289122,1,1
17.3988888888889,1289122,1,1
17.4005555555556,1289122,1,1
17.4011111111111,1289122,1,1
17.4025,1452962,1,1
17.4036111111111,1289122,1,1
17.4055555555556,1289122,1,1
17.4108333333333,1289122,1,1
17.4127777777778,1289122,1,1
17.415,1289122,1,1
17.4161111111111,1289122,1,1
17.4177777777778,1289122,1,1
17.4302777777778,1289122,1,1
17.4394444444444,1977250,1,1
17.4408333333333,1289122,1,1
17.4525,1289122,1,1
17.4561111111111,1289122,1,1
17.4577777777778,1289122,1,1
17.46,1289122,1,1
17.4605555555556,1289122,1,1
17.4616666666667,1289122,1,1
17.4625,1567650,2,10
17.4633333333333,1289122,1,1
17.4672222222222,1289122,1,1
17.4686111111111,1289122,1,1
17.4694444444444,1420194,1,1
17.4697222222222,1993634,2,10
17.4705555555556,1289122,1,1
17.4713888888889,1289122,2,10
17.4727777777778,1387426,1,1
17.4738888888889,1289122,1,1
17.4741666666667,1289122,1,1
17.4775,2632610,1,1
17.4780555555556,1420194,1,1
17.4802777777778,1289122,1,1
17.4808333333333,1289122,1,1
17.4811111111111,1289122,1,1
17.4825,1387426,2,10
17.4863888888889,1289122,1,1
17.4875,1649570,1,1
17.4891666666667,1452962,2,10
17.49,1289122,1,1
17.4908333333333,1354658,1,1
17.4913888888889,2010018,1,1
17.4963888888889,1289122,1,1
17.4980555555556,1321890,1,1
17.4986111111111,1584034,1,1
17.5002777777778,1289122,1,1
17.5008333333333,1289122,1,1
17.51,1289122,1,1
17.5236111111111,1354658,1,1
17.5286111111111,1289122,1,1
17.5383333333333,1584034,1,1
17.5408333333333,1289122,1,1
17.5413888888889,2206626,1,1
17.5436111111111,1911714,1,1
17.5469444444444,1289122,1,1
17.5477777777778,1649570,1,1
17.5488888888889,1518498,1,1
17.55,1289122,1,1
17.5525,1289122,1,1
17.5533333333333,1420194,1,1
17.5544444444444,1289122,1,1
17.5572222222222,1289122,2,10
17.5580555555556,1289122,1,1
17.5583333333333,1485730,1,1
17.5586111111111,1289122,1,1
17.5588888888889,1289122,1,1
17.5622222222222,1485730,1,1
17.5627777777778,1715106,1,1
17.5675,1289122,1,1
17.5677777777778,1289122,1,1
17.5688888888889,1289122,1,1
17.5697222222222,1289122,1,1
17.5733333333333,1289122,1,1
17.5761111111111,1289122,1,1
17.5777777777778,1289122,1,1
17.5802777777778,1485730,1,1
17.5811111111111,1289122,1,1
17.5816666666667,1289122,1,1
17.5822222222222,1289122,1,1
17.5833333333333,1289122,1,1
17.5841666666667,1289122,1,1
17.5847222222222,1584034,1,1
17.5855555555556,1567650,2,10
17.5911111111111,1289122,1,1
17.5941666666667,1289122,1,1
17.5966666666667,1289122,1,1
17.5983333333333,1289122,1,1
17.6008333333333,1289122,1,1
17.6016666666667,1878946,1,1
17.6022222222222,1289122,1,1
17.6030555555556,1518498,1,1
17.6061111111111,1289122,1,1
17.6075,1289122,1,1
17.6094444444444,1289122,1,1
17.6097222222222,1518498,1,1
17.6125,1289122,1,1
17.6136111111111,1584034,1,1
17.6141666666667,1649570,1,1
17.6163888888889,2436002,1,1
17.6166666666667,1289122,1,1
17.6180555555556,1289122,1,1
17.6186111111111,1616802,1,1
17.6219444444444,1289122,1,1
17.6241666666667,1289122,1,1
17.6247222222222,1289122,1,1
17.6263888888889,1289122,1,1
17.6277777777778,1616802,1,1
17.6286111111111,1420194,1,1
17.6291666666667,1289122,1,1
17.6333333333333,1911714,1,1
17.6361111111111,1289122,1,1
17.6377777777778,1289122,1,1
17.6380555555556,1289122,1,1
17.6397222222222,1289122,1,1
17.6425,1289122,1,1
17.6430555555556,1289122,1,1
17.6438888888889,1289122,1,1
17.6463888888889,1289122,1,1
17.6477777777778,1289122,1,1
17.6486111111111,1289122,1,1
17.6516666666667,1289122,1,1
17.6519444444444,1485730,1,1
17.6522222222222,1289122,1,1
17.6583333333333,1289122,1,1
17.6594444444444,1289122,1,1
17.66,1289122,1,1
17.6619444444444,1289122,1,1
17.6627777777778,1878946,1,1
17.6638888888889,1289122,1,1
17.6644444444444,1289122,1,1
17.665,1715106,1,1
17.6672222222222,1289122,1,1
17.6675,1485730,1,1
17.6686111111111,1633186,2,10
17.6694444444444,1584034,1,1
17.6702777777778,1600418,2,10
17.6725,1878946,1,1
17.6736111111111,1878946,1,1
17.6741666666667,1289122,1,1
17.675,1289122,1,1
17.6841666666667,1289122,1,1
17.6863888888889,1289122,1,1
17.6883333333333,1289122,1,1
17.6888888888889,1289122,1,1
17.6911111111111,1289122,1,1
17.6988888888889,1289122,1,1
17.6991666666667,1289122,1,1
17.7,1289122,1,1
17.7055555555556,1289122,1,1
17.7072222222222,1289122,1,1
17.7080555555556,1289122,1,1
17.7108333333333,1289122,1,1
17.7197222222222,1289122,1,1
17.7222222222222,1354658,1,1
17.7230555555556,1289122,2,10
17.725,1354658,1,1
17.7258333333333,1289122,1,1
17.7275,1289122,1,1
17.7277777777778,2796450,1,1
17.7291666666667,1485730,1,1
17.7297222222222,4074402,1,1
17.7319444444444,1289122,1,1
17.7322222222222,1289122,1,1
17.7327777777778,1289122,1,1
17.7352777777778,1813410,1,1
17.7366666666667,1289122,1,1
17.7375,1387426,1,1
17.7377777777778,1321890,1,1
17.7425,1289122,1,1
17.7444444444444,1747874,1,1
17.7455555555556,1780642,1,1
17.7463888888889,1289122,1,1
17.7475,1289122,1,1
17.7522222222222,1289122,1,1
17.7575,1452962,1,1
17.7583333333333,1846178,1,1
17.7591666666667,2468770,1,1
17.7708333333333,1289122,1,1
17.7727777777778,1289122,1,1
17.7744444444444,1289122,1,1
17.7827777777778,1289122,1,1
17.7838888888889,1289122,1,1
17.7844444444444,1485730,1,1
17.7852777777778,1289122,1,1
17.7888888888889,1584034,1,1
17.7894444444444,1289122,1,1
17.7905555555556,1289122,1,1
17.7908333333333,1289122,1,1
17.7913888888889,1289122,1,1
17.7916666666667,1289122,1,1
17.7933333333333,1289122,1,1
17.7941666666667,1289122,1,1
17.7986111111111,1289122,1,1
17.7988888888889,1321890,1,1
17.7997222222222,1436578,2,10
17.8027777777778,1289122,1,1
17.8033333333333,1289122,1,1
17.8083333333333,1289122,1,1
17.8116666666667,1289122,1,1
17.8125,1289122,1,1
17.8141666666667,1289122,1,1
17.8175,1289122,1,1
17.8186111111111,1289122,1,1
17.8230555555556,1289122,1,1
17.8286111111111,1289122,1,1
17.8319444444444,1289122,1,1
17.8338888888889,1289122,1,1
17.8355555555556,1289122,1,1
17.8369444444444,1289122,1,1
17.8397222222222,1289122,1,1
17.84,1518498,1,1
17.8408333333333,1289122,1,1
17.8413888888889,1289122,1,1
17.8416666666667,1682338,1,1
17.8427777777778,1289122,1,1
17.8461111111111,1289122,1,1
17.8469444444444,1289122,1,1
17.8475,1485730,1,1
17.8491666666667,1289122,1,1
17.8519444444444,1289122,1,1
17.8525,1289122,1,1
17.8530555555556,1289122,1,1
17.8536111111111,1420194,2,10
17.8538888888889,1616802,1,1
17.855,1289122,1,1
17.8572222222222,1551266,1,1
17.8580555555556,1289122,1,1
17.8586111111111,2370466,1,1
17.8602777777778,1289122,1,1
17.8605555555556,1289122,1,1
17.8611111111111,1387426,1,1
17.8613888888889,1289122,1,1
17.8616666666667,1485730,1,1
17.8633333333333,1289122,1,1
17.8641666666667,1682338,1,1
17.8697222222222,1289122,1,1
17.8780555555556,1289122,1,1
17.8797222222222,1682338,1,1
17.8802777777778,1289122,1,1
17.8811111111111,1289122,1,1
17.8819444444444,1289122,1,1
17.8825,1551266,1,1
17.8830555555556,1289122,1,1
17.8836111111111,1289122,1,1
17.8858333333333,1289122,1,1
17.8891666666667,1682338,1,1
17.8905555555556,1289122,1,1
17.8994444444444,1289122,1,1
17.9011111111111,1289122,1,1
17.9119444444444,1289122,1,1
17.9136111111111,1813410,1,1
17.9147222222222,1289122,1,1
17.9163888888889,1289122,1,1
17.9186111111111,1289122,1,1
17.9188888888889,1551266,1,1
17.9197222222222,1289122,1,1
17.9205555555556,1289122,1,1
17.9208333333333,1911714,1,1
17.9216666666667,2599842,1,1
17.9244444444444,1289122,1,1
17.9252777777778,1289122,1,1
17.9261111111111,1289122,1,1
17.9269444444444,1551266,1,1
17.9275,1289122,1,1
17.9291666666667,1289122,1,1
17.9302777777778,2042786,1,1
17.9319444444444,1289122,1,1
17.9322222222222,1420194,1,1
17.9366666666667,1289122,1,1
17.9377777777778,1289122,1,1
17.9383333333333,1289122,1,1
17.9438888888889,1289122,1,1
17.9447222222222,1289122,1,1
17.945,1289122,1,1
17.9461111111111,1289122,1,1
17.9466666666667,1289122,1,1
17.9519444444444,1289122,1,1
17.9525,1289122,1,1
17.9544444444444,1289122,1,1
17.9641666666667,1289122,1,1
17.9644444444444,1321890,1,1
17.9661111111111,1846178,1,1
17.9686111111111,1289122,1,1
17.9722222222222,1289122,1,1
17.9741666666667,1289122,1,1
17.9747222222222,1289122,1,1
17.9786111111111,1878946,1,1
17.98,1289122,1,1
17.9802777777778,1289122,1,1
17.9841666666667,1584034,1,1
17.9869444444444,1289122,1,1
17.9888888888889,1518498,1,1
17.9894444444444,1289122,1,1
17.9922222222222,1780642,1,1
17.9930555555556,1289122,1,1
17.9936111111111,1354658,2,10
17.9986111111111,1289122,1,1
18.0002777777778,1289122,2,10
18.0008333333333,1289122,1,1
18.0013888888889,1354658,1,1
18.0016666666667,1289122,1,1
18.0030555555556,1289122,1,1
18.0036111111111,1289122,1,1
18.005,1485730,1,1
18.0075,1420194,1,1
18.0080555555556,1321890,1,1
18.0094444444444,1747874,1,1
18.0108333333333,1452962,1,1
18.015,1321890,1,1
18.0161111111111,1289122,1,1
18.0172222222222,1289122,1,1
18.0186111111111,1289122,1,1
18.0227777777778,1289122,1,1
18.0286111111111,1289122,1,1
18.0297222222222,1289122,2,10
18.0313888888889,1289122,1,1
18.0325,1289122,1,1
18.0330555555556,1289122,1,1
18.0341666666667,1289122,1,1
18.0344444444444,1584034,2,10
18.0358333333333,1452962,1,1
18.0363888888889,1551266,1,1
18.0366666666667,1289122,1,1
18.0380555555556,1289122,1,1
18.0402777777778,1289122,1,1
18.0433333333333,1289122,1,1
18.0447222222222,1289122,1,1
18.0458333333333,1289122,1,1
18.0463888888889,1289122,1,1
18.0472222222222,1387426,1,1
18.0483333333333,1289122,2,10
18.0488888888889,1289122,1,1
18.0494444444444,1289122,1,1
18.0525,1289122,1,1
18.0544444444444,1289122,1,1
18.055,1616802,1,1
18.0555555555556,1289122,1,1
18.0572222222222,1289122,1,1
18.0583333333333,1289122,1,1
18.0588888888889,2304930,1,1
18.0619444444444,1289122,1,1
18.0622222222222,1289122,1,1
18.0627777777778,1452962,1,1
18.0647222222222,1289122,1,1
18.0652777777778,1289122,1,1
18.0658333333333,1289122,1,1
18.0663888888889,1289122,1,1
18.0705555555556,1289122,1,1
18.0725,1289122,1,1
18.075,1289122,1,1
18.0752777777778,1289122,1,1
18.08,1911714,1,1
18.0805555555556,1977250,1,1
18.0813888888889,1289122,1,1
18.0816666666667,1289122,1,1
18.0838888888889,1289122,1,1
18.0847222222222,1420194,2,10
18.0855555555556,1944482,1,1
18.0869444444444,1289122,1,1
18.0875,1289122,1,1
18.0877777777778,1289122,1,1
18.0897222222222,1289122,1,1
18.0902777777778,1813410,1,1
18.0913888888889,1289122,1,1
18.0944444444444,1289122,1,1
18.0955555555556,1354658,1,1
18.0994444444444,1289122,1,1
18.1011111111111,1289122,1,1
18.1030555555556,1289122,1,1
18.1055555555556,1289122,1,1
18.1072222222222,1682338,1,1
18.1077777777778,1289122,1,1
18.1097222222222,1715106,1,1
18.1130555555556,1289122,1,1
18.1152777777778,1289122,1,1
18.1163888888889,1289122,1,1
18.1188888888889,1289122,1,1
18.1255555555556,1289122,1,1
18.1263888888889,1289122,1,1
18.1275,1289122,1,1
18.1277777777778,1289122,1,1
18.1283333333333,1289122,1,1
18.1286111111111,1485730,1,1
18.1294444444444,1289122,1,1
18.1302777777778,1289122,1,1
18.1308333333333,2075554,1,1
18.1344444444444,1289122,1,1
18.1375,1452962,1,1
18.1416666666667,1289122,1,1
18.1425,1289122,1,1
18.1433333333333,1289122,1,1
18.1452777777778,1289122,1,1
18.1502777777778,1289122,1,1
18.1511111111111,1289122,1,1
18.1547222222222,1289122,1,1
18.1563888888889,1289122,1,1
18.1586111111111,1485730,1,1
18.1597222222222,1354658,1,1
18.1602777777778,1289122,1,1
18.1608333333333,1289122,1,1
18.1613888888889,1289122,1,1
18.1627777777778,1289122,1,1
18.1633333333333,2010018,1,1
18.165,1289122,1,1
18.1711111111111,1289122,1,1
18.1716666666667,1289122,1,1
18.1730555555556,1289122,1,1
18.1736111111111,1289122,1,1
18.1741666666667,1289122,1,1
18.1761111111111,1289122,1,1
18.1772222222222,1289122,1,1
18.1775,1780642,1,1
18.1786111111111,1289122,1,1
18.1794444444444,1289122,1,1
18.1802777777778,1551266,1,1
18.1819444444444,1289122,1,1
18.1830555555556,1518498,1,1
18.1838888888889,1289122,1,1
18.1852777777778,1600418,2,10
18.1866666666667,1289122,1,1
18.1911111111111,1289122,1,1
18.1919444444444,1387426,1,1
18.1927777777778,1846178,1,1
18.1933333333333,1289122,1,1
18.1938888888889,1518498,1,1
18.1944444444444,1289122,1,1
18.1994444444444,1289122,1,1
18.2011111111111,1289122,1,1
18.2033333333333,1387426,1,1
18.2047222222222,1518498,1,1
18.205,1289122,1,1
18.2077777777778,1289122,1,1
18.2091666666667,2304930,1,1
18.21,1289122,1,1
18.2127777777778,1354658,1,1
18.2133333333333,1289122,1,1
18.2144444444444,1289122,1,1
18.2147222222222,1289122,1,1
18.2155555555556,1289122,1,1
18.2161111111111,1616802,1,1
18.2177777777778,1289122,1,1
18.2213888888889,1289122,1,1
18.2275,1289122,1,1
18.2294444444444,1289122,1,1
18.2336111111111,1289122,1,1
18.2411111111111,1289122,1,1
18.2416666666667,1682338,1,1
18.2425,1289122,1,1
18.2438888888889,1534882,2,10
18.245,1305506,2,10
18.2458333333333,1485730,1,1
18.2463888888889,1780642,1,1
18.2472222222222,1584034,1,1
18.2477777777778,1846178,1,1
18.2497222222222,1289122,1,1
18.2502777777778,1289122,1,1
18.2522222222222,1551266,1,1
18.2527777777778,1780642,1,1
18.2541666666667,1289122,1,1
18.2644444444444,1289122,1,1
18.265,1289122,1,1
18.2666666666667,1846178,1,1
18.2677777777778,1289122,1,1
18.2694444444444,1551266,1,1
18.27,1289122,1,1
18.2725,1289122,1,1
18.2741666666667,1420194,1,1
18.2747222222222,1616802,2,10
18.2761111111111,1289122,1,1
18.2788888888889,1289122,1,1
18.2797222222222,1289122,1,1
18.28,4959138,1,1
18.2883333333333,1289122,1,1
18.2958333333333,1289122,1,1
18.2980555555556,1289122,1,1
18.2988888888889,1731490,2,10
18.3027777777778,1846178,1,1
18.3036111111111,1289122,1,1
18.3038888888889,1682338,1,1
18.3044444444444,1289122,1,1
18.3061111111111,1289122,1,1
18.3086111111111,1289122,1,1
18.3091666666667,1289122,1,1
18.31,1289122,1,1
18.3127777777778,1780642,1,1
18.3130555555556,1289122,1,1
18.3133333333333,1289122,1,1
18.3136111111111,1289122,1,1
18.3138888888889,1452962,1,1
18.3144444444444,1616802,1,1
18.3152777777778,1780642,1,1
18.3166666666667,1289122,2,10
18.3177777777778,1289122,1,1
18.3180555555556,1289122,1,1
18.3183333333333,1584034,1,1
18.3191666666667,1485730,1,1
18.3197222222222,1289122,1,1
18.3213888888889,1289122,1,1
18.3233333333333,1977250,1,1
18.325,1354658,1,1
18.3269444444444,1289122,1,1
18.3275,1289122,1,1
18.3283333333333,1289122,1,1
18.33,1289122,1,1
18.3308333333333,1289122,1,1
18.3322222222222,1289122,1,1
18.3327777777778,1289122,1,1
18.3363888888889,1289122,1,1
18.3375,1289122,1,1
18.3422222222222,1289122,1,1
18.3433333333333,1289122,1,1
18.3436111111111,1387426,1,1
18.3477777777778,1289122,1,1
18.3511111111111,1649570,1,1
18.355,1289122,1,1
18.3563888888889,1289122,1,1
18.3572222222222,1289122,1,1
18.3580555555556,1780642,1,1
18.3630555555556,1289122,1,1
18.3644444444444,1780642,1,1
18.3652777777778,1289122,1,1
18.3661111111111,1289122,1,1
18.3663888888889,1944482,1,1
18.3713888888889,1289122,1,1
18.3730555555556,1289122,1,1
18.3736111111111,1289122,1,1
18.3741666666667,1715106,1,1
18.3772222222222,1289122,1,1
18.3786111111111,1289122,1,1
18.3797222222222,1321890,1,1
18.3811111111111,1354658,1,1
18.3836111111111,1289122,1,1
18.3847222222222,2272162,1,1
18.3861111111111,1289122,1,1
18.3869444444444,1289122,1,1
18.3872222222222,1289122,1,1
18.3877777777778,1321890,1,1
18.3888888888889,1289122,1,1
18.3894444444444,1616802,1,1
18.3902777777778,1289122,1,1
18.3919444444444,1289122,1,1
18.3947222222222,1682338,1,1
18.3972222222222,1289122,1,1
18.4041666666667,1289122,1,1
18.4047222222222,2173858,1,1
18.4055555555556,1354658,1,1
18.4063888888889,2763682,1,1
18.4072222222222,1780642,1,1
18.4091666666667,1518498,1,1
18.41,1289122,1,1
18.4116666666667,1846178,1,1
18.4125,1289122,1,1
18.415,1289122,1,1
18.4172222222222,1289122,1,1
18.4188888888889,1289122,1,1
18.4208333333333,1911714,1,1
18.4238888888889,1289122,1,1
18.4244444444444,1289122,1,1
18.425,1289122,1,1
18.4266666666667,1289122,1,1
18.4275,1452962,1,1
18.4297222222222,1452962,1,1
18.4308333333333,1289122,1,1
18.4311111111111,1289122,1,1
18.4330555555556,1289122,1,1
18.4363888888889,1518498,1,1
18.4391666666667,1452962,1,1
18.44,1289122,1,1
18.4413888888889,1289122,1,1
18.4458333333333,1289122,1,1
18.4505555555556,1289122,1,1
18.4508333333333,1289122,1,1
18.4661111111111,1289122,1,1
18.4791666666667,1289122,1,1
18.4988888888889,1289122,1,1
18.5005555555556,1289122,1,1
18.5177777777778,1289122,1,1
18.5211111111111,1289122,1,1
18.5222222222222,1289122,1,1
18.5297222222222,1289122,1,1
18.5533333333333,1485730,1,1
18.5541666666667,1289122,1,1
18.5561111111111,1289122,1,1
18.5566666666667,1289122,1,1
18.5577777777778,1289122,1,1
18.5583333333333,1289122,1,1
18.5594444444444,1289122,1,1
18.5605555555556,1289122,1,1
18.5619444444444,1649570,1,1
18.5652777777778,1289122,2,10
18.5658333333333,1289122,1,1
18.5683333333333,1289122,1,1
18.5686111111111,1813410,1,1
18.5708333333333,1289122,1,1
18.5725,1551266,1,1
18.5786111111111,1289122,1,1
18.5805555555556,1289122,1,1
18.5813888888889,1289122,1,1
18.5833333333333,1289122,1,1
18.5838888888889,1289122,1,1
18.5855555555556,1289122,1,1
18.5902777777778,1289122,1,1
18.5913888888889,1289122,1,1
18.5916666666667,1289122,1,1
18.5933333333333,1289122,1,1
18.5983333333333,1289122,1,1
18.6,1289122,1,1
18.6019444444444,1289122,1,1
18.6052777777778,1452962,1,1
18.6066666666667,1289122,1,1
18.61,1289122,1,1
18.6116666666667,1289122,1,1
18.6133333333333,1289122,1,1
18.615,1289122,1,1
18.6155555555556,1485730,1,1
18.6227777777778,1616802,1,1
18.6233333333333,1289122,1,1
18.6244444444444,1289122,1,1
18.6252777777778,1289122,1,1
18.6263888888889,1289122,1,1
18.6269444444444,1289122,1,1
18.6272222222222,1289122,1,1
18.6288888888889,1289122,1,1
18.6297222222222,1289122,1,1
18.6366666666667,1289122,1,1
18.6397222222222,1289122,1,1
18.6441666666667,1289122,1,1
18.6466666666667,1616802,1,1
18.6475,1289122,1,1
18.6488888888889,1289122,1,1
18.6544444444444,1289122,1,1
18.6580555555556,1289122,1,1
18.6588888888889,1289122,1,1
18.6605555555556,1289122,1,1
18.6611111111111,1289122,1,1
18.6647222222222,1354658,1,1
18.6675,1289122,1,1
18.6736111111111,1485730,1,1
18.675,1289122,1,1
18.6755555555556,1321890,1,1
18.6758333333333,1780642,1,1
18.6788888888889,1289122,1,1
18.6941666666667,1289122,1,1
18.6983333333333,1289122,1,1
18.7008333333333,1289122,1,1
18.7022222222222,1289122,1,1
18.7138888888889,1289122,1,1
18.7141666666667,1289122,1,1
18.7147222222222,1289122,1,1
18.7155555555556,1289122,1,1
18.7172222222222,1289122,1,1
18.7202777777778,1289122,1,1
18.7261111111111,1289122,1,1
18.7272222222222,1371042,2,10
18.7427777777778,1289122,1,1
18.7847222222222,1289122,1,1
18.7858333333333,1289122,1,1
18.7933333333333,1616802,1,1
18.7977777777778,1715106,1,1
18.8,1289122,1,1
18.8008333333333,1616802,1,1
18.8088888888889,1518498,1,1
18.8125,1715106,1,1
18.8136111111111,1289122,1,1
18.8141666666667,1289122,1,1
18.8163888888889,1289122,1,1
18.8169444444444,1289122,1,1
18.8216666666667,1289122,1,1
18.8325,1289122,1,1
18.8352777777778,1289122,1,1
18.8380555555556,1289122,1,1
18.8391666666667,1289122,1,1
18.8416666666667,1846178,1,1
18.8438888888889,2665378,1,1
18.8461111111111,1289122,1,1
18.8497222222222,1846178,1,1
18.8516666666667,1321890,1,1
18.8533333333333,2304930,1,1
18.8555555555556,1387426,1,1
18.8558333333333,1289122,1,1
18.8566666666667,1289122,1,1
18.8569444444444,1485730,1,1
18.8647222222222,1289122,1,1
18.8716666666667,1289122,1,1
18.8838888888889,1289122,1,1
18.8847222222222,1289122,1,1
18.8897222222222,1289122,1,1
18.89,2698146,1,1
18.8911111111111,1289122,1,1
18.8919444444444,1289122,1,1
18.8944444444444,1354658,1,1
18.895,1289122,1,1
18.8983333333333,1518498,1,1
18.8994444444444,2337698,1,1
18.9008333333333,1289122,1,1
18.9013888888889,1715106,1,1
18.9019444444444,1289122,1,1
18.9027777777778,1289122,1,1
18.9038888888889,1289122,1,1
18.9052777777778,1289122,1,1
18.9058333333333,1944482,1,1
18.9075,1387426,2,10
18.9080555555556,1289122,1,1
18.9111111111111,1289122,1,1
18.9147222222222,1289122,1,1
18.9152777777778,1289122,2,10
18.9180555555556,1289122,1,1
18.9208333333333,1289122,1,1
18.9222222222222,1289122,1,1
18.9225,1780642,1,1
18.9252777777778,1747874,1,1
18.9263888888889,1289122,1,1
18.9280555555556,1289122,1,1
18.9297222222222,1289122,1,1
18.9344444444444,1354658,1,1
18.9361111111111,1289122,1,1
18.9372222222222,1289122,1,1
18.9380555555556,1289122,1,1
18.9383333333333,1289122,1,1
18.94,1289122,1,1
18.9413888888889,1289122,1,1
18.9416666666667,1485730,1,1
18.9425,1420194,1,1
18.9430555555556,1977250,1,1
18.9436111111111,2075554,1,1
18.9452777777778,1289122,1,1
18.9461111111111,1813410,1,1
18.9475,1289122,1,1
18.9477777777778,1813410,1,1
18.9497222222222,1354658,1,1
18.9627777777778,1289122,1,1
18.9705555555556,1289122,1,1
18.9725,1289122,1,1
18.9758333333333,1289122,1,1
18.9791666666667,1289122,2,10
18.9794444444444,1289122,1,1
18.9808333333333,1289122,1,1
18.9830555555556,1289122,1,1
18.9863888888889,1289122,1,1
18.9869444444444,1289122,1,1
18.9877777777778,1289122,1,1
18.9905555555556,1289122,1,1
18.9908333333333,1289122,1,1
18.9919444444444,1616802,2,10
18.9936111111111,1289122,1,1
18.9941666666667,1289122,1,1
19.0005555555556,1289122,1,1
19.0019444444444,1289122,1,1
19.0025,1289122,1,1
19.0080555555556,1289122,1,1
19.0119444444444,1289122,1,1
19.0147222222222,1289122,1,1
19.0158333333333,1289122,2,10
19.0236111111111,1289122,1,1
19.0244444444444,1289122,1,1
19.025,1420194,1,1
19.0277777777778,1289122,1,1
19.0311111111111,1289122,1,1
19.0325,1289122,1,1
19.0475,1387426,2,10
19.0516666666667,1289122,1,1
19.0580555555556,1289122,1,1
19.0641666666667,1289122,1,1
19.0655555555556,1289122,1,1
19.0663888888889,1289122,1,1
19.0669444444444,1747874,1,1
19.0672222222222,1289122,1,1
19.0677777777778,1289122,1,1
19.0744444444444,1289122,1,1
19.0766666666667,1289122,1,1
19.0769444444444,1289122,1,1
19.0855555555556,1977250,1,1
19.0877777777778,1289122,1,1
19.0883333333333,1289122,1,1
19.0955555555556,1289122,1,1
19.0961111111111,1289122,1,1
19.1008333333333,1289122,1,1
19.1011111111111,1289122,1,1
19.1022222222222,1289122,1,1
19.1033333333333,1715106,1,1
19.1038888888889,1289122,1,1
19.105,1289122,1,1
19.1055555555556,1747874,1,1
19.1077777777778,1289122,1,1
19.1080555555556,1289122,2,10
19.1091666666667,1289122,1,1
19.1097222222222,1289122,1,1
19.1102777777778,1289122,1,1
19.1108333333333,1289122,1,1
19.1113888888889,1289122,1,1
19.1116666666667,1813410,1,1
19.1133333333333,1289122,1,1
19.1138888888889,1289122,1,1
19.1147222222222,1682338,1,1
19.1180555555556,1289122,1,1
19.1213888888889,1289122,1,1
19.1294444444444,1289122,1,1
19.1344444444444,1289122,1,1
19.1355555555556,1289122,1,1
19.14,1289122,1,1
19.145,1289122,1,1
19.1475,1289122,1,1
19.16,1289122,1,1
19.1672222222222,1289122,1,1
19.1791666666667,1289122,1,1
19.1841666666667,1289122,1,1
19.1886111111111,1289122,1,1
19.1902777777778,1289122,1,1
19.1986111111111,1289122,1,1
19.2011111111111,1289122,1,1
19.2019444444444,1289122,1,1
19.2022222222222,1289122,1,1
19.2033333333333,1289122,1,1
19.2047222222222,1289122,1,1
19.2097222222222,1289122,1,1
19.2127777777778,1289122,1,1
19.2138888888889,1289122,1,1
19.2169444444444,1289122,1,1
19.2175,2927522,1,1
19.2188888888889,2239394,1,1
19.2202777777778,1289122,1,1
19.2205555555556,1289122,1,1
19.2211111111111,1321890,1,1
19.2247222222222,1289122,1,1
19.2422222222222,1289122,1,1
19.2455555555556,1289122,1,1
19.2466666666667,1289122,1,1
19.2497222222222,1289122,1,1
19.2536111111111,1649570,1,1
19.2552777777778,1289122,1,1
19.2577777777778,1682338,1,1
19.2588888888889,1289122,1,1
19.2608333333333,1289122,1,1
19.2611111111111,1780642,1,1
19.2655555555556,1289122,1,1
19.2666666666667,1289122,1,1
19.2783333333333,1289122,1,1
19.2838888888889,1321890,1,1
19.2841666666667,1289122,1,1
19.2875,1289122,1,1
19.2936111111111,1289122,1,1
19.2941666666667,1551266,1,1
19.2944444444444,1289122,1,1
19.2952777777778,1289122,1,1
19.2955555555556,1289122,1,1
19.2961111111111,1289122,1,1
19.2963888888889,1289122,1,1
19.2975,1289122,1,1
19.2983333333333,2436002,1,1
19.2986111111111,1289122,1,1
19.3,1813410,1,1
19.3011111111111,1289122,1,1
19.3025,1289122,1,1
19.3033333333333,1289122,1,1
19.3047222222222,1289122,2,10
19.3127777777778,1289122,1,1
19.3177777777778,1289122,1,1
19.3197222222222,1911714,1,1
19.3202777777778,1289122,1,1
19.3219444444444,1289122,1,1
19.3222222222222,1289122,1,1
19.3225,1289122,1,1
19.3236111111111,1289122,1,1
19.3261111111111,1289122,1,1
19.3275,1649570,1,1
19.3316666666667,1289122,1,1
19.3333333333333,1289122,1,1
19.3344444444444,1289122,1,1
19.3380555555556,1420194,1,1
19.3388888888889,1420194,1,1
19.3419444444444,1289122,1,1
19.3461111111111,1289122,1,1
19.3511111111111,1289122,1,1
19.3552777777778,1289122,1,1
19.3561111111111,1289122,1,1
19.3666666666667,1289122,1,1
19.3738888888889,1289122,1,1
19.3955555555556,1289122,1,1
19.3994444444444,1289122,1,1
19.4088888888889,1289122,1,1
19.41,1289122,1,1
19.4113888888889,1289122,1,1
19.4144444444444,1485730,1,1
19.4186111111111,1289122,1,1
19.4288888888889,1289122,1,1
19.4291666666667,1289122,1,1
19.4297222222222,1289122,1,1
19.43,1289122,1,1
19.4302777777778,1289122,1,1
19.4305555555556,1289122,1,1
19.4313888888889,1289122,1,1
19.435,1289122,1,1
19.4355555555556,2108322,1,1
19.4363888888889,1289122,2,10
19.4375,1289122,1,1
19.4377777777778,1289122,1,1
19.4388888888889,1289122,1,1
19.4391666666667,1289122,1,1
19.44,1289122,1,1
19.4405555555556,1289122,1,1
19.4430555555556,1289122,1,1
19.4433333333333,1289122,1,1
19.4491666666667,1289122,1,1
19.4502777777778,1289122,1,1
19.4505555555556,1289122,1,1
19.455,1289122,1,1
19.4561111111111,1289122,1,1
19.4563888888889,1420194,1,1
19.4572222222222,1289122,1,1
19.4580555555556,1289122,1,1
19.4594444444444,1289122,1,1
19.4616666666667,1289122,1,1
19.4622222222222,1321890,1,1
19.4627777777778,1289122,1,1
19.4647222222222,1289122,1,1
19.4652777777778,1289122,1,1
19.4683333333333,1289122,1,1
19.47,1289122,1,1
19.4808333333333,1289122,1,1
19.4825,1354658,1,1
19.4836111111111,1289122,1,1
19.4841666666667,1387426,1,1
19.4938888888889,1289122,1,1
19.4972222222222,1289122,1,1
19.4994444444444,1289122,1,1
19.5022222222222,1289122,1,1
19.5077777777778,1289122,1,1
19.5144444444444,1289122,1,1
19.5163888888889,1289122,1,1
19.5175,1289122,1,1
19.5183333333333,1289122,1,1
19.5191666666667,1289122,1,1
19.5197222222222,1289122,1,1
19.5213888888889,1289122,1,1
19.5333333333333,1289122,1,1
19.5352777777778,1289122,1,1
19.5358333333333,1452962,1,1
19.5363888888889,1452962,1,1
19.5377777777778,1289122,1,1
19.5394444444444,1289122,1,1
19.5402777777778,1289122,1,1
19.5405555555556,1289122,1,1
19.5441666666667,1289122,1,1
19.5472222222222,1289122,1,1
19.5497222222222,1289122,1,1
19.5508333333333,1289122,1,1
19.5516666666667,1289122,1,1
19.5538888888889,1289122,1,1
19.5563888888889,1551266,1,1
19.5575,1780642,1,1
19.5586111111111,1289122,1,1
19.5613888888889,1289122,1,1
19.5647222222222,1289122,1,1
19.565,1289122,1,1
19.5683333333333,1289122,1,1
19.5758333333333,1289122,2,10
19.5783333333333,1289122,1,1
19.5836111111111,1289122,1,1
19.5894444444444,2173858,1,1
19.5902777777778,1289122,1,1
19.5919444444444,2304930,1,1
19.5927777777778,1289122,1,1
19.5938888888889,1289122,1,1
19.5961111111111,1289122,1,1
19.5966666666667,1289122,1,1
19.5975,1289122,1,1
19.5994444444444,1289122,1,1
19.6002777777778,1289122,1,1
19.6013888888889,2501538,1,1
19.6016666666667,1846178,1,1
19.6027777777778,1289122,1,1
19.6033333333333,1813410,1,1
19.6041666666667,1289122,1,1
19.6047222222222,1289122,1,1
19.6083333333333,1518498,1,1
19.6102777777778,1289122,1,1
19.6138888888889,1616802,1,1
19.6147222222222,1354658,1,1
19.6152777777778,1289122,1,1
19.6161111111111,1289122,1,1
19.6166666666667,1289122,1,1
19.6175,1289122,1,1
19.6180555555556,1289122,1,1
19.6186111111111,2108322,1,1
19.6205555555556,2075554,1,1
19.6208333333333,1289122,1,1
19.6213888888889,1289122,2,10
19.6219444444444,1289122,1,1
19.6225,2501538,1,1
19.6238888888889,3058594,1,1
19.6316666666667,1289122,1,1
19.6425,1289122,1,1
19.6427777777778,1715106,1,1
19.6447222222222,1289122,1,1
19.6463888888889,1289122,1,1
19.6475,1289122,1,1
19.6497222222222,1289122,1,1
19.6505555555556,1289122,1,1
19.6527777777778,1289122,1,1
19.6547222222222,1715106,1,1
19.6566666666667,1289122,1,1
19.6611111111111,1289122,1,1
19.6613888888889,1289122,1,1
19.6627777777778,1289122,1,1
19.6636111111111,1289122,1,1
19.6647222222222,1289122,1,1
19.6669444444444,1289122,1,1
19.6691666666667,1289122,1,1
19.6722222222222,1289122,1,1
19.6763888888889,1289122,1,1
19.6766666666667,1289122,1,1
19.6783333333333,1911714,1,1
19.6791666666667,1289122,1,1
19.6861111111111,1289122,1,1
19.6947222222222,1289122,1,1
19.6980555555556,1289122,1,1
19.6994444444444,1747874,1,1
19.7008333333333,1289122,1,1
19.7016666666667,1289122,1,1
19.7058333333333,2206626,1,1
19.7069444444444,1452962,1,1
19.7075,1289122,1,1
19.7086111111111,1289122,1,1
19.71,1584034,1,1
19.7108333333333,1289122,1,1
19.7116666666667,1452962,1,1
19.7122222222222,1289122,1,1
19.7130555555556,1289122,1,1
19.7138888888889,1289122,1,1
19.7163888888889,1682338,1,1
19.7180555555556,1289122,1,1
19.7236111111111,1289122,1,1
19.7258333333333,1452962,1,1
19.7266666666667,1289122,1,1
19.7277777777778,1551266,1,1
19.7288888888889,1289122,1,1
19.7294444444444,1485730,1,1
19.7333333333333,1289122,1,1
19.7358333333333,1289122,1,1
19.7386111111111,1289122,1,1
19.7419444444444,1289122,1,1
19.7436111111111,1289122,1,1
19.7438888888889,2861986,1,1
19.7441666666667,1289122,1,1
19.7447222222222,1289122,1,1
19.745,1289122,1,1
19.7477777777778,1878946,1,1
19.7508333333333,1289122,1,1
19.7522222222222,1289122,1,1
19.7527777777778,1289122,1,1
19.7630555555556,1289122,1,1
19.7638888888889,1289122,1,1
19.7702777777778,1289122,1,1
19.7730555555556,1289122,1,1
19.7744444444444,1289122,1,1
19.7769444444444,1813410,1,1
19.7786111111111,1387426,1,1
19.7802777777778,1289122,1,1
19.7819444444444,1289122,1,1
19.7847222222222,1289122,1,1
19.8019444444444,1289122,1,1
19.8030555555556,1289122,1,1
19.8116666666667,1289122,1,1
19.8127777777778,1289122,1,1
19.8241666666667,1289122,1,1
19.8555555555556,1289122,1,1
19.8591666666667,1289122,1,1
19.8952777777778,1289122,1,1
19.8997222222222,1289122,1,1
19.9069444444444,1289122,1,1
19.9097222222222,1846178,1,1
19.9119444444444,1289122,1,1
19.9122222222222,1289122,1,1
19.9141666666667,1551266,1,1
19.9163888888889,1289122,1,1
19.9205555555556,1289122,1,1
19.925,1289122,1,1
19.9277777777778,1289122,1,1
19.9283333333333,1289122,1,1
19.93,1289122,1,1
19.9311111111111,1452962,1,1
19.9316666666667,1289122,1,1
19.9327777777778,2993058,1,1
19.9369444444444,1289122,1,1
19.9377777777778,1289122,1,1
19.9380555555556,1289122,1,1
19.9388888888889,1289122,1,1
19.9433333333333,1289122,1,1
19.9444444444444,1289122,1,1
19.945,1289122,1,1
19.9488888888889,1289122,1,1
19.9502777777778,1289122,1,1
19.9508333333333,1387426,1,1
19.9519444444444,1878946,1,1
19.9536111111111,1289122,1,1
19.9552777777778,1878946,1,1
19.9558333333333,1289122,1,1
19.9572222222222,1289122,2,10
19.9577777777778,1780642,1,1
19.9583333333333,1289122,1,1
19.9588888888889,1289122,1,1
19.9627777777778,1289122,1,1
19.9644444444444,1289122,1,1
19.9647222222222,1387426,1,1
19.9663888888889,1289122,1,1
19.9711111111111,1289122,1,1
19.9725,1289122,1,1
20.0194444444444,1289122,1,1
20.0327777777778,1289122,1,1
20.0347222222222,1289122,1,1
20.0375,1289122,1,1
20.0422222222222,1518498,1,1
20.0427777777778,1289122,1,1
20.1027777777778,1289122,1,1
20.1061111111111,1289122,1,1
20.1544444444444,1289122,1,1
20.1547222222222,1289122,1,1
20.155,1289122,1,1
20.1558333333333,1289122,1,1
20.1563888888889,1289122,1,1
20.1586111111111,1289122,1,1
20.1602777777778,1289122,1,1
20.1625,1420194,2,10
20.1633333333333,1878946,1,1
20.1641666666667,1289122,1,1
20.1647222222222,1289122,2,10
20.1694444444444,1289122,1,1
20.1716666666667,1289122,1,1
20.1727777777778,1289122,1,1
20.1733333333333,1289122,1,1
20.1747222222222,1289122,1,1
20.1769444444444,1289122,1,1
20.1777777777778,1289122,1,1
20.1791666666667,1289122,1,1
20.1808333333333,1289122,1,1
20.1819444444444,1289122,1,1
20.1847222222222,2141090,1,1
20.1855555555556,1551266,1,1
20.1894444444444,1289122,1,1
20.19,1289122,1,1
20.1905555555556,1289122,1,1
20.1913888888889,1289122,1,1
20.1958333333333,1289122,1,1
20.1963888888889,2894754,1,1
20.1997222222222,1289122,1,1
20.2027777777778,1289122,1,1
20.2080555555556,1289122,1,1
20.2083333333333,1289122,1,1
20.2105555555556,1387426,2,10
20.2122222222222,1289122,1,1
20.2141666666667,1289122,1,1
20.2144444444444,1289122,1,1
20.2175,1289122,1,1
20.2180555555556,3681186,1,1
20.2188888888889,1289122,1,1
20.2205555555556,1289122,1,1
20.2213888888889,1485730,1,1
20.2219444444444,1354658,1,1
20.2238888888889,1289122,1,1
20.2452777777778,1289122,1,1
20.2572222222222,1289122,1,1
20.2577777777778,1289122,1,1
20.2608333333333,1289122,1,1
20.2669444444444,1289122,1,1
20.2711111111111,1289122,1,1
20.2719444444444,1289122,1,1
20.295,1289122,1,1
20.2952777777778,1715106,1,1
20.2986111111111,1289122,1,1
20.2994444444444,1289122,1,1
20.3033333333333,1813410,1,1
20.3052777777778,1289122,1,1
20.3058333333333,1289122,1,1
20.315,1387426,1,1
20.3155555555556,1289122,1,1
20.3158333333333,4598690,1,1
20.3194444444444,1354658,1,1
20.3197222222222,1289122,1,1
20.3222222222222,1289122,1,1
20.3236111111111,1289122,1,1
20.3247222222222,1354658,1,1
20.3258333333333,1289122,1,1
20.3302777777778,1289122,1,1
20.3316666666667,1289122,1,1
20.3322222222222,1289122,1,1
20.3352777777778,1289122,1,1
20.3386111111111,1289122,1,1
20.3397222222222,1420194,1,1
20.3411111111111,1289122,1,1
20.3438888888889,1420194,1,1
20.3452777777778,1289122,1,1
20.3463888888889,1289122,1,1
20.3488888888889,1289122,1,1
20.3511111111111,1289122,1,1
20.3516666666667,1289122,1,1
20.3538888888889,1289122,1,1
20.3566666666667,1289122,1,1
20.3588888888889,1289122,1,1
20.3625,1289122,1,1
20.3630555555556,1485730,1,1
20.3638888888889,1616802,1,1
20.3647222222222,1289122,1,1
20.3655555555556,1321890,1,1
20.3658333333333,1321890,1,1
20.3666666666667,1289122,1,1
20.3677777777778,1289122,1,1
20.3725,1289122,1,1
20.3738888888889,1289122,1,1
20.3752777777778,1289122,1,1
20.3758333333333,1289122,1,1
20.3833333333333,1354658,1,1
20.3844444444444,1321890,1,1
20.3908333333333,1813410,1,1
20.4008333333333,1289122,1,1
20.4033333333333,1289122,1,1
20.4080555555556,1289122,1,1
20.4094444444444,1289122,1,1
20.4158333333333,1289122,1,1
20.4163888888889,1289122,1,1
20.4175,1747874,1,1
20.4186111111111,1289122,1,1
20.4197222222222,1747874,1,1
20.4208333333333,2403234,2,10
20.4230555555556,1289122,1,1
20.4330555555556,1289122,1,1
20.4352777777778,1289122,1,1
20.4469444444444,1289122,1,1
20.4738888888889,1289122,1,1
20.4811111111111,1289122,1,1
20.485,1289122,1,1
20.4930555555556,1289122,1,1
20.4980555555556,1289122,1,1
20.5002777777778,1289122,1,1
20.5058333333333,1584034,1,1
20.5069444444444,1289122,1,1
20.5191666666667,1289122,1,1
20.5338888888889,1289122,1,1
20.5386111111111,1289122,1,1
20.5605555555556,1289122,1,1
20.5808333333333,1682338,1,1
20.5847222222222,1289122,1,1
20.5869444444444,1289122,1,1
20.5875,1289122,1,1
20.5886111111111,1289122,1,1
20.5897222222222,1289122,1,1
20.5919444444444,1289122,1,1
20.5947222222222,1289122,1,1
20.5969444444444,1289122,1,1
20.5991666666667,1289122,1,1
20.6111111111111,1289122,1,1
20.6127777777778,1452962,1,1
20.6147222222222,1289122,1,1
20.6155555555556,1452962,1,1
20.6183333333333,1289122,1,1
20.6269444444444,1289122,1,1
20.6291666666667,1289122,1,1
20.6294444444444,1289122,1,1
20.6313888888889,1485730,1,1
20.6316666666667,1813410,1,1
20.6330555555556,1649570,1,1
20.6338888888889,2763682,1,1
20.6402777777778,1846178,1,1
20.6436111111111,1289122,1,1
20.6511111111111,1289122,1,1
20.6533333333333,1289122,1,1
20.6541666666667,1289122,1,1
20.6547222222222,1289122,1,1
20.6566666666667,2665378,1,1
20.6580555555556,1289122,1,1
20.6619444444444,1289122,1,1
20.6627777777778,1289122,1,1
20.6691666666667,1289122,1,1
20.6836111111111,1289122,1,1
20.6866666666667,1289122,1,1
20.6916666666667,1584034,1,1
20.6972222222222,1289122,1,1
20.7030555555556,1289122,2,10
20.7052777777778,1289122,1,1
20.7055555555556,3255202,1,1
20.7119444444444,1289122,1,1
20.7130555555556,1289122,1,1
20.7213888888889,1289122,1,1
20.7238888888889,1289122,1,1
20.725,1289122,1,1
20.7255555555556,1944482,1,1
20.7286111111111,1289122,1,1
20.7294444444444,1289122,1,1
20.7425,1289122,1,1
20.7530555555556,1289122,1,1
20.7558333333333,1485730,1,1
20.7597222222222,1289122,1,1
20.7605555555556,1354658,1,1
20.7655555555556,1289122,1,1
20.7663888888889,1289122,1,1
20.77,1289122,1,1
20.7711111111111,1289122,1,1
20.7733333333333,1289122,1,1
20.7813888888889,2501538,1,1
20.7827777777778,1289122,1,1
20.7836111111111,1289122,1,1
20.7841666666667,1289122,1,1
20.7913888888889,1846178,1,1
20.7947222222222,1289122,1,1
20.7955555555556,1289122,1,1
20.7966666666667,1289122,1,1
20.7969444444444,1289122,1,1
20.7975,1387426,1,1
20.8175,2141090,1,1
20.8394444444444,1289122,1,1
20.8463888888889,1289122,1,1
20.8480555555556,1289122,1,1
20.8488888888889,1289122,1,1
20.8502777777778,1289122,1,1
20.8511111111111,1289122,1,1
20.8519444444444,1289122,1,1
20.8527777777778,1289122,1,1
20.8577777777778,1289122,1,1
20.8611111111111,1289122,1,1
20.8711111111111,1289122,1,1
20.8719444444444,1289122,1,1
20.8722222222222,1289122,1,1
20.8727777777778,1289122,1,1
20.8758333333333,1289122,1,1
20.8766666666667,1289122,1,1
20.8886111111111,1387426,1,1
20.8897222222222,1289122,1,1
20.8908333333333,2108322,1,1
20.8919444444444,1715106,1,1
20.8938888888889,1289122,1,1
20.8966666666667,1420194,1,1
20.8983333333333,2534306,1,1
20.8991666666667,2075554,1,1
20.9016666666667,1289122,1,1
20.9061111111111,1289122,1,1
20.9072222222222,1878946,1,1
20.9191666666667,1289122,1,1
20.9197222222222,1289122,1,1
20.9252777777778,1387426,1,1
20.9258333333333,1289122,1,1
20.9272222222222,1289122,1,1
20.9283333333333,1289122,1,1
20.9291666666667,1289122,1,1
20.9308333333333,1289122,1,1
20.9355555555556,1289122,1,1
20.9375,1289122,1,1
20.9394444444444,2665378,1,1
20.9405555555556,2829218,1,1
20.9416666666667,1289122,1,1
20.9444444444444,2403234,1,1
20.9452777777778,1289122,1,1
20.95,1289122,1,1
20.9530555555556,1289122,1,1
20.9855555555556,1289122,1,1
21.0105555555556,1289122,1,1
21.0108333333333,1289122,1,1
21.02,1289122,1,1
21.0216666666667,1518498,1,1
21.0352777777778,1289122,1,1
21.0377777777778,1289122,1,1
21.0533333333333,1354658,1,1
21.0536111111111,1289122,1,1
21.0541666666667,1289122,1,1
21.0588888888889,1289122,1,1
21.0666666666667,1289122,1,1
21.0791666666667,1289122,1,1
21.0905555555556,1289122,1,1
21.0936111111111,1289122,1,1
21.1083333333333,1289122,1,1
21.1255555555556,1289122,1,1
21.1325,1289122,1,1
21.1436111111111,1289122,1,1
21.1525,1289122,1,1
21.1530555555556,1289122,1,1
21.1561111111111,2403234,1,1
21.1605555555556,3517346,1,1
21.1669444444444,1747874,1,1
21.1675,2501538,1,1
21.1755555555556,1289122,1,1
21.1775,1289122,1,1
21.1833333333333,1289122,1,1
21.1897222222222,1289122,1,1
21.1905555555556,1289122,1,1
21.1930555555556,1289122,1,1
21.1952777777778,1289122,1,1
21.1963888888889,1289122,1,1
21.1986111111111,1289122,1,1
21.1994444444444,1518498,1,1
21.2030555555556,1354658,1,1
21.2038888888889,2010018,1,1
21.2058333333333,1452962,1,1
21.2094444444444,1289122,1,1
21.2111111111111,1682338,1,1
21.2122222222222,1452962,1,1
21.2186111111111,2665378,1,1
21.2236111111111,1289122,1,1
21.2319444444444,1289122,1,1
21.2355555555556,1289122,1,1
21.2358333333333,1289122,1,1
21.2397222222222,1289122,1,1
21.2472222222222,1289122,1,1
21.2558333333333,1289122,1,1
21.2591666666667,1289122,1,1
21.2625,1289122,1,1
21.2680555555556,1289122,1,1
21.2705555555556,1846178,1,1
21.2772222222222,1289122,1,1
21.2791666666667,1289122,1,1
21.2813888888889,1518498,1,1
21.2819444444444,1649570,1,1
21.285,1289122,1,1
21.2861111111111,1289122,1,1
21.2886111111111,1289122,1,1
21.2905555555556,1289122,1,1
21.2922222222222,1387426,1,1
21.2955555555556,1289122,1,1
21.2966666666667,1289122,1,1
21.3013888888889,1289122,1,1
21.3052777777778,1289122,1,1
21.3061111111111,1289122,1,1
21.3066666666667,1289122,1,1
21.3069444444444,1551266,1,1
21.3152777777778,1289122,1,1
21.32,1289122,1,1
21.3202777777778,1289122,1,1
21.3247222222222,1289122,1,1
21.3275,1289122,1,1
21.3283333333333,1289122,1,1
21.33,1289122,1,1
21.3316666666667,1289122,1,1
21.3322222222222,1289122,1,1
21.3394444444444,1289122,1,1
21.3463888888889,1289122,1,1
21.3488888888889,1452962,1,1
21.3497222222222,1289122,1,1
21.3505555555556,1289122,1,1
21.3511111111111,1878946,1,1
21.3519444444444,1289122,1,1
21.3577777777778,1289122,1,1
21.36,1289122,1,1
21.3605555555556,1289122,1,1
21.3608333333333,1289122,1,1
21.3611111111111,1289122,1,1
21.3619444444444,1289122,1,1
21.3938888888889,1289122,1,1
21.3966666666667,1289122,1,1
21.3975,1911714,1,1
21.3983333333333,1289122,1,1
21.3986111111111,1846178,1,1
21.3994444444444,1715106,2,10
21.4002777777778,1289122,1,1
21.4030555555556,1289122,1,1
21.4038888888889,1289122,1,1
21.4058333333333,1289122,1,1
21.4080555555556,1289122,1,1
21.4088888888889,1289122,1,1
21.4125,1289122,1,1
21.4138888888889,1289122,1,1
21.4180555555556,1289122,1,1
21.4241666666667,1289122,1,1
21.4486111111111,1289122,1,1
21.4513888888889,1289122,1,1
21.4536111111111,1289122,1,1
21.4538888888889,1289122,1,1
21.4547222222222,1452962,1,1
21.4555555555556,1289122,2,10
21.4577777777778,1289122,1,1
21.4608333333333,1289122,1,1
21.4613888888889,1289122,1,1
21.4625,1289122,1,1
21.4644444444444,1289122,1,1
21.4680555555556,1289122,1,1
21.4688888888889,1420194,1,1
21.4736111111111,1289122,1,1
21.4738888888889,1289122,1,1
21.4741666666667,1289122,1,1
21.4797222222222,1289122,1,1
21.4844444444444,1354658,1,1
21.4875,1289122,1,1
21.4908333333333,1289122,1,1
21.4986111111111,1813410,1,1
21.5008333333333,1289122,1,1
21.5019444444444,1354658,1,1
21.5030555555556,1878946,1,1
21.5038888888889,1289122,1,1
21.5075,1289122,1,1
21.5083333333333,1682338,1,1
21.5136111111111,1289122,1,1
21.5183333333333,1518498,1,1
21.5188888888889,1354658,1,1
21.5213888888889,1518498,1,1
21.5244444444444,1289122,1,1
21.525,1584034,1,1
21.5263888888889,1289122,1,1
21.5275,1289122,1,1
21.5294444444444,1387426,1,1
21.5297222222222,1289122,1,1
21.5311111111111,1289122,1,1
21.5316666666667,1289122,1,1
21.5322222222222,1944482,1,1
21.5325,1289122,1,1
21.5330555555556,1387426,1,1
21.5336111111111,1305506,2,10
21.5344444444444,1289122,1,1
21.535,1747874,1,1
21.5358333333333,1289122,1,1
21.5363888888889,1289122,1,1
21.5461111111111,1387426,1,1
21.5469444444444,1289122,1,1
21.5491666666667,1289122,1,1
21.5494444444444,1289122,1,1
21.5513888888889,1289122,1,1
21.5519444444444,1289122,1,1
21.5541666666667,1289122,1,1
21.5555555555556,1289122,1,1
21.5563888888889,1518498,1,1
21.5569444444444,1387426,1,1
21.5580555555556,1289122,1,1
21.5591666666667,1289122,1,1
21.5602777777778,1289122,2,10
21.5625,1289122,1,1
21.5638888888889,1289122,1,1
21.5661111111111,1289122,1,1
21.5663888888889,1289122,1,1
21.5675,2927522,1,1
21.5686111111111,2370466,1,1
21.5694444444444,1616802,1,1
21.5697222222222,1649570,1,1
21.5708333333333,1420194,1,1
21.5711111111111,1846178,1,1
21.5716666666667,1289122,1,1
21.5719444444444,1289122,1,1
21.5730555555556,1289122,1,1
21.5747222222222,1289122,1,1
21.575,1289122,1,1
21.5755555555556,1289122,1,1
21.5766666666667,1452962,1,1
21.5822222222222,1289122,1,1
21.5825,1289122,1,1
21.5830555555556,1289122,1,1
21.5847222222222,1289122,1,1
21.5880555555556,1911714,1,1
21.5908333333333,2206626,1,1
21.5941666666667,1420194,1,1
21.5961111111111,1289122,1,1
21.6019444444444,1289122,1,1
21.6025,1289122,1,1
21.6438888888889,1289122,1,1
21.6461111111111,1289122,1,1
21.6480555555556,1289122,1,1
21.6772222222222,1289122,1,1
21.7369444444444,1289122,1,1
21.7377777777778,1289122,1,1
21.7466666666667,1289122,1,1
21.7494444444444,1289122,1,1
21.7530555555556,1289122,1,1
21.7558333333333,1289122,1,1
21.7577777777778,2042786,1,1
21.7608333333333,1289122,1,1
21.7636111111111,1354658,1,1
21.7641666666667,1289122,1,1
21.7647222222222,1289122,1,1
21.7669444444444,1911714,1,1
21.7675,1813410,1,1
21.77,1289122,1,1
21.7705555555556,1289122,1,1
21.7716666666667,1289122,1,1
21.7736111111111,1452962,1,1
21.775,1289122,1,1
21.7775,1518498,1,1
21.7816666666667,1747874,1,1
21.7841666666667,1846178,1,1
21.7861111111111,1289122,1,1
21.7872222222222,1321890,1,1
21.7883333333333,1289122,1,1
21.7919444444444,1289122,1,1
21.7947222222222,1321890,1,1
21.7952777777778,1387426,1,1
21.8177777777778,1289122,1,1
21.8183333333333,1289122,1,1
21.8197222222222,1289122,1,1
21.8205555555556,1747874,1,1
21.8311111111111,1780642,1,1
21.8355555555556,2239394,1,1
21.8375,1289122,1,1
21.8380555555556,1289122,1,1
21.8488888888889,1289122,1,1
21.8533333333333,1289122,1,1
21.8580555555556,1289122,1,1
21.8594444444444,1289122,1,1
21.8613888888889,1289122,1,1
21.8616666666667,1289122,1,1
21.8619444444444,1354658,1,1
21.8652777777778,1289122,1,1
21.8661111111111,1289122,1,1
21.8713888888889,1289122,1,1
21.8775,1289122,1,1
21.885,1289122,1,1
21.8858333333333,1911714,1,1
21.8911111111111,1289122,1,1
21.8925,1305506,2,10
21.8933333333333,1289122,1,1
21.8936111111111,1289122,1,1
21.8972222222222,1321890,1,1
21.9047222222222,1420194,1,1
21.91,1289122,1,1
21.9136111111111,1944482,1,1
21.9152777777778,3582882,1,1
21.9177777777778,1289122,1,1
21.9241666666667,1289122,1,1
21.9338888888889,1289122,1,1
21.9363888888889,1289122,1,1
21.9383333333333,1289122,1,1
21.9405555555556,1289122,1,1
21.9419444444444,1289122,1,1
21.9458333333333,1289122,1,1
21.9463888888889,1289122,1,1
21.9466666666667,1289122,1,1
21.9475,1321890,1,1
21.9502777777778,1485730,1,1
21.9525,1289122,1,1
21.9558333333333,2010018,1,1
21.9566666666667,1289122,1,1
21.9586111111111,1289122,1,1
21.9641666666667,1289122,1,1
21.9655555555556,1289122,1,1
21.9713888888889,1289122,1,1
22.0013888888889,1289122,1,1
22.0091666666667,1846178,1,1
22.0144444444444,1289122,2,10
22.0147222222222,1289122,1,1
22.0166666666667,1289122,1,1
22.0177777777778,1289122,1,1
22.0186111111111,2206626,1,1
22.0216666666667,1289122,1,1
22.0233333333333,1289122,1,1
22.0325,1289122,1,1
22.0463888888889,1289122,1,1
22.0697222222222,1289122,1,1
22.0738888888889,1289122,1,1
22.0744444444444,1289122,1,1
22.0808333333333,1289122,1,1
22.0958333333333,1289122,1,1
22.0977777777778,1289122,1,1
22.0980555555556,1420194,1,1
22.1086111111111,1289122,1,1
22.1186111111111,1289122,1,1
22.1305555555556,1289122,1,1
22.1447222222222,1289122,1,1
22.1458333333333,1584034,1,1
22.1466666666667,1485730,1,1
22.1483333333333,1289122,1,1
22.1522222222222,1289122,1,1
22.1619444444444,1289122,1,1
22.1633333333333,2534306,1,1
22.1644444444444,1289122,1,1
22.1658333333333,1289122,1,1
22.1669444444444,1289122,1,1
22.1680555555556,1289122,1,1
22.1713888888889,1289122,1,1
22.1716666666667,1780642,1,1
22.1761111111111,1747874,1,1
22.1775,1289122,1,1
22.1813888888889,1289122,1,1
22.1833333333333,1289122,1,1
22.1836111111111,1403810,2,10
22.1869444444444,1289122,1,1
22.1877777777778,1289122,1,1
22.1902777777778,1584034,1,1
22.1938888888889,1289122,1,1
22.1977777777778,1289122,1,1
22.2022222222222,1289122,1,1
22.2063888888889,1354658,1,1
22.2080555555556,1289122,1,1
22.21,1485730,1,1
22.2105555555556,1878946,1,1
22.2130555555556,1289122,1,1
22.2141666666667,1911714,1,1
22.2238888888889,1289122,1,1
22.2338888888889,1289122,1,1
22.2416666666667,1289122,1,1
22.2427777777778,1551266,1,1
22.2541666666667,1289122,1,1
22.2586111111111,1289122,1,1
22.2605555555556,1289122,1,1
22.2622222222222,1387426,2,10
22.2627777777778,1289122,1,1
22.2641666666667,1977250,1,1
22.2669444444444,1289122,1,1
22.2855555555556,1289122,1,1
22.2861111111111,1289122,1,1
22.3091666666667,1387426,1,1
22.3097222222222,1551266,1,1
22.3136111111111,1518498,1,1
22.3138888888889,1289122,1,1
22.3177777777778,1878946,1,1
22.3258333333333,1289122,1,1
22.3266666666667,1289122,1,1
22.3269444444444,1289122,1,1
22.3327777777778,1289122,1,1
22.3383333333333,1289122,1,1
22.3425,1289122,1,1
22.3458333333333,1289122,1,1
22.3475,1289122,1,1
22.3583333333333,1289122,1,1
22.3711111111111,1289122,1,1
22.3780555555556,1289122,1,1
22.4033333333333,1289122,1,1
22.4047222222222,1321890,1,1
22.4336111111111,1289122,1,1
22.4358333333333,1289122,1,1
22.4411111111111,1485730,1,1
22.4430555555556,1518498,1,1
22.4444444444444,1289122,1,1
22.4619444444444,1289122,1,1
22.4722222222222,1289122,1,1
22.4766666666667,1289122,1,1
22.4788888888889,1289122,1,1
22.48,1289122,1,1
22.4877777777778,1289122,1,1
22.495,1289122,1,1
22.4952777777778,1289122,1,1
22.4955555555556,1289122,1,1
22.4963888888889,1289122,1,1
22.4972222222222,1551266,1,1
22.4991666666667,1289122,1,1
22.4997222222222,1289122,1,1
22.5044444444444,1289122,1,1
22.505,1289122,1,1
22.5063888888889,1289122,1,1
22.5172222222222,1518498,1,1
22.5177777777778,1289122,1,1
22.5211111111111,1289122,1,1
22.5275,1289122,1,1
22.5402777777778,1289122,1,1
22.5405555555556,1289122,1,1
22.5419444444444,1452962,1,1
22.5441666666667,1289122,1,1
22.5472222222222,1289122,1,1
22.5508333333333,1289122,1,1
22.5522222222222,1289122,1,1
22.5536111111111,1452962,1,1
22.5591666666667,1289122,1,1
22.5616666666667,1321890,1,1
22.5669444444444,1289122,1,1
22.5808333333333,1649570,1,1
22.5813888888889,1289122,1,1
22.5827777777778,1289122,1,1
22.5855555555556,1551266,1,1
22.5880555555556,1977250,1,1
22.5894444444444,1289122,1,1
22.5927777777778,1289122,1,1
22.5966666666667,1289122,1,1
22.5986111111111,1289122,1,1
22.5997222222222,1289122,1,1
22.6002777777778,1289122,1,1
22.6022222222222,1289122,1,1
22.6027777777778,1813410,1,1
22.6061111111111,1289122,1,1
22.6127777777778,1289122,1,1
22.6158333333333,1289122,1,1
22.6197222222222,1289122,1,1
22.6205555555556,1289122,1,1
22.6261111111111,1289122,1,1
22.6263888888889,1289122,2,10
22.6358333333333,1289122,1,1
22.64,1289122,1,1
22.6402777777778,1911714,1,1
22.6413888888889,1289122,1,1
22.6444444444444,1289122,1,1
22.6447222222222,1321890,1,1
22.6461111111111,1289122,1,1
22.6477777777778,1289122,1,1
22.6494444444444,1289122,1,1
22.6502777777778,1289122,1,1
22.6505555555556,1289122,1,1
22.6538888888889,1289122,1,1
22.6575,1289122,1,1
22.6616666666667,1289122,1,1
22.6641666666667,1289122,1,1
22.6647222222222,1289122,1,1
22.6658333333333,1452962,1,1
22.6675,1649570,1,1
22.6683333333333,1289122,1,1
22.6711111111111,1289122,1,1
22.6733333333333,1584034,1,1
22.6794444444444,1289122,1,1
22.6816666666667,1305506,2,10
22.6841666666667,1289122,1,1
22.7027777777778,1289122,1,1
22.7086111111111,1289122,1,1
22.7088888888889,1289122,1,1
22.7102777777778,1452962,1,1
22.7125,1289122,1,1
22.7136111111111,1289122,1,1
22.7141666666667,1289122,1,1
22.72,1289122,1,1
22.7241666666667,1289122,1,1
22.7277777777778,1289122,1,1
22.7333333333333,1289122,1,1
22.7358333333333,1289122,1,1
22.7363888888889,1321890,1,1
22.7383333333333,1584034,1,1
22.7388888888889,1289122,1,1
22.7411111111111,1289122,1,1
22.7572222222222,1289122,1,1
22.7608333333333,2173858,1,1
22.7622222222222,1289122,1,1
22.7661111111111,1289122,1,1
22.7672222222222,1289122,1,1
22.7733333333333,1289122,1,1
22.7780555555556,1289122,1,1
22.7797222222222,1452962,1,1
22.7841666666667,1321890,1,1
22.7847222222222,2223010,2,10
22.7861111111111,1715106,1,1
22.7863888888889,1289122,1,1
22.7930555555556,1289122,1,1
22.7972222222222,1289122,1,1
22.8005555555556,1289122,1,1
22.8047222222222,1289122,1,1
22.8069444444444,1289122,1,1
22.8083333333333,1289122,1,1
22.8088888888889,1518498,1,1
22.8133333333333,1289122,1,1
22.8216666666667,1289122,1,1
22.8258333333333,1289122,1,1
22.8297222222222,1289122,1,1
22.8311111111111,1289122,1,1
22.8316666666667,1289122,1,1
22.8325,1289122,1,1
22.8355555555556,1649570,1,1
22.8361111111111,1354658,1,1
22.8377777777778,1289122,1,1
22.8391666666667,1289122,1,1
22.8397222222222,1289122,1,1
22.8433333333333,1289122,1,1
22.8458333333333,1420194,1,1
22.8480555555556,1289122,1,1
22.8491666666667,1878946,1,1
22.8505555555556,1289122,1,1
22.8519444444444,1747874,1,1
22.8561111111111,1289122,1,1
22.8588888888889,1780642,1,1
22.8627777777778,1649570,1,1
22.8633333333333,1289122,1,1
22.8641666666667,1420194,1,1
22.8708333333333,1616802,1,1
22.8711111111111,1289122,1,1
22.8719444444444,1354658,1,1
22.8730555555556,1452962,1,1
22.8752777777778,1289122,1,1
22.8780555555556,1289122,1,1
22.8863888888889,1289122,1,1
22.8869444444444,1289122,1,1
22.8883333333333,1289122,1,1
22.8888888888889,1289122,1,1
22.8897222222222,1289122,1,1
22.8913888888889,1289122,1,1
22.8988888888889,1289122,1,1
22.8991666666667,1289122,1,1
22.9016666666667,1289122,1,1
22.9027777777778,1289122,1,1
22.9038888888889,1289122,1,1
22.9047222222222,1387426,1,1
22.9061111111111,1649570,1,1
22.9069444444444,1289122,1,1
22.9072222222222,1289122,1,1
22.9077777777778,1289122,1,1
22.9105555555556,1289122,1,1
22.9175,1289122,1,1
22.9177777777778,1420194,1,1
22.9238888888889,1289122,1,1
22.9241666666667,1289122,1,1
22.9255555555556,1289122,1,1
22.9258333333333,1289122,1,1
22.9280555555556,1289122,1,1
22.9311111111111,1551266,1,1
22.9316666666667,1289122,1,1
22.9352777777778,1289122,1,1
22.9366666666667,1321890,1,1
22.9380555555556,1289122,1,1
22.94,1911714,1,1
22.9408333333333,1289122,1,1
22.9425,1289122,1,1
22.9444444444444,1289122,1,1
22.9455555555556,1289122,1,1
22.9477777777778,1289122,1,1
22.9480555555556,1289122,1,1
22.9508333333333,1616802,2,10
22.9527777777778,1289122,1,1
22.9544444444444,1551266,1,1
22.9547222222222,1452962,1,1
22.9555555555556,1289122,1,1
22.9558333333333,1289122,1,1
22.9566666666667,1764258,2,10
22.9580555555556,1289122,1,1
22.9630555555556,1289122,1,1
22.9633333333333,1289122,1,1
22.9638888888889,1289122,1,1
22.9658333333333,1289122,1,1
22.9688888888889,1289122,1,1
22.97,1289122,1,1
22.9705555555556,1289122,1,1
22.9711111111111,1387426,1,1
22.9719444444444,1289122,1,1
22.9744444444444,1289122,1,1
22.9788888888889,1715106,1,1
22.9827777777778,1813410,1,1
22.9841666666667,1289122,1,1
22.9877777777778,1289122,1,1
22.9888888888889,1289122,1,1
22.99,1289122,1,1
22.9905555555556,1289122,1,1
22.9911111111111,1289122,1,1
22.9947222222222,1289122,1,1
22.9991666666667,1289122,1,1
23.0002777777778,1289122,1,1
23.0016666666667,1289122,1,1
23.0036111111111,1289122,1,1
23.0105555555556,1289122,1,1
23.0116666666667,1289122,1,1
23.0122222222222,1289122,1,1
23.0130555555556,1485730,1,1
23.0138888888889,1289122,1,1
23.0147222222222,1452962,1,1
23.0152777777778,1289122,1,1
23.0361111111111,1289122,1,1
23.0427777777778,1289122,1,1
23.0477777777778,1289122,1,1
23.0491666666667,1289122,1,1
23.0530555555556,1289122,1,1
23.0572222222222,1289122,1,1
23.0605555555556,1289122,1,1
23.0658333333333,1289122,1,1
23.0663888888889,2239394,1,1
23.0683333333333,1911714,1,1
23.0716666666667,1289122,1,1
23.0744444444444,1682338,1,1
23.0894444444444,1289122,1,1
23.0902777777778,2370466,1,1
23.0913888888889,1321890,1,1
23.0944444444444,1289122,1,1
23.0966666666667,1289122,1,1
23.0969444444444,1289122,1,1
23.1094444444444,1878946,1,1
23.1102777777778,1878946,1,1
23.1111111111111,1584034,1,1
23.1138888888889,1289122,1,1
23.1180555555556,1289122,1,1
23.1197222222222,1846178,1,1
23.1213888888889,1289122,1,1
23.1238888888889,1289122,1,1
23.1305555555556,1289122,1,1
23.1333333333333,1387426,1,1
23.1383333333333,1289122,1,1
23.1394444444444,3713954,1,1
23.1491666666667,1289122,1,1
23.1508333333333,1485730,1,1
23.1513888888889,1485730,1,1
23.1536111111111,1289122,1,1
23.1561111111111,1289122,1,1
23.1577777777778,1289122,1,1
23.1655555555556,1420194,1,1
23.1663888888889,1387426,1,1
23.1755555555556,1289122,1,1
23.1819444444444,1289122,1,1
23.1869444444444,1289122,1,1
23.2119444444444,1289122,1,1
23.2130555555556,1289122,1,1
23.2161111111111,1289122,1,1
23.2166666666667,1289122,1,1
23.2283333333333,1747874,1,1
23.2333333333333,1289122,1,1
23.2372222222222,2206626,1,1
23.2397222222222,1289122,1,1
23.2466666666667,1289122,1,1
23.2472222222222,1289122,1,1
23.2488888888889,1289122,1,1
23.2505555555556,1289122,1,1
23.2508333333333,1289122,1,1
23.2516666666667,1289122,1,1
23.2611111111111,1289122,1,1
23.2622222222222,1305506,2,10
23.2630555555556,1321890,1,1
23.2633333333333,1289122,1,1
23.2638888888889,1682338,1,1
23.2644444444444,1289122,1,1
23.2686111111111,1616802,1,1
23.2708333333333,1289122,1,1
23.2744444444444,1780642,1,1
23.2830555555556,1289122,1,1
23.2836111111111,1289122,1,1
23.2897222222222,1289122,1,1
23.2925,1911714,1,1
23.2936111111111,1289122,1,1
23.2938888888889,2304930,1,1
23.2961111111111,1469346,2,10
23.3011111111111,1289122,1,1
23.3027777777778,1289122,1,1
23.3066666666667,1289122,1,1
23.3075,1289122,2,10
23.3077777777778,1321890,1,1
23.3083333333333,3910562,1,1
23.31,1846178,2,10
23.3102777777778,1289122,1,1
23.3113888888889,1289122,1,1
23.3119444444444,1633186,2,10
23.3125,1289122,1,1
23.3155555555556,1289122,1,1
23.3163888888889,1289122,1,1
23.3177777777778,1813410,1,1
23.3225,1289122,1,1
23.3227777777778,1682338,1,1
23.3236111111111,1715106,1,1
23.3241666666667,1387426,1,1
23.3244444444444,1289122,1,1
23.3258333333333,1584034,1,1
23.3263888888889,1731490,2,10
23.3269444444444,1289122,1,1
23.3277777777778,1354658,2,10
23.3286111111111,1289122,2,10
23.3311111111111,1289122,1,1
23.3344444444444,1289122,1,1
23.3366666666667,1289122,1,1
23.34,1289122,1,1
23.3408333333333,1289122,1,1
23.3472222222222,1289122,2,10
23.3477777777778,1354658,1,1
23.3486111111111,1289122,1,1
23.3494444444444,1289122,1,1
23.3505555555556,1289122,1,1
23.3511111111111,1289122,1,1
23.3530555555556,1289122,1,1
23.3538888888889,1387426,1,1
23.3561111111111,1289122,1,1
23.3572222222222,1289122,1,1
23.3586111111111,1289122,1,1
23.3588888888889,1289122,1,1
23.3602777777778,1289122,1,1
23.3672222222222,1518498,1,1
23.3708333333333,1289122,1,1
23.3725,1289122,1,1
23.3738888888889,1289122,1,1
23.3761111111111,1289122,1,1
23.3766666666667,1387426,1,1
23.3788888888889,1289122,1,1
23.3813888888889,1289122,1,1
23.3975,1289122,1,1
23.3988888888889,1289122,1,1
23.4025,1289122,1,1
23.4038888888889,1289122,1,1
23.4041666666667,1289122,1,1
23.4111111111111,1289122,1,1
23.4133333333333,1289122,1,1
23.4138888888889,1584034,1,1
23.4177777777778,1289122,1,1
23.4213888888889,1289122,1,1
23.4244444444444,1518498,1,1
23.4319444444444,1387426,1,1
23.4355555555556,1289122,1,1
23.4358333333333,1289122,1,1
23.4422222222222,1551266,1,1
23.4447222222222,1289122,1,1
23.4455555555556,1289122,1,1
23.4622222222222,1289122,1,1
23.4625,1289122,1,1
23.4775,1289122,1,1
23.4805555555556,1289122,1,1
23.4808333333333,1289122,1,1
23.4825,1289122,1,1
23.4880555555556,1289122,1,1
23.4897222222222,1289122,1,1
23.4938888888889,1289122,1,1
23.4991666666667,1289122,1,1
23.5013888888889,1289122,1,1
23.5111111111111,1289122,1,1
23.5155555555556,1584034,1,1
23.5175,1289122,1,1
23.5211111111111,1289122,1,1
23.5255555555556,1289122,1,1
23.5261111111111,1289122,1,1
23.5266666666667,1354658,1,1
23.5269444444444,1289122,1,1
23.5272222222222,1485730,1,1
23.5372222222222,1289122,1,1
23.5452777777778,1289122,1,1
23.5472222222222,1682338,1,1
23.5483333333333,1289122,1,1
23.5536111111111,1616802,1,1
23.5547222222222,1289122,1,1
23.5558333333333,1289122,1,1
23.5616666666667,1289122,1,1
23.5633333333333,1289122,1,1
23.5666666666667,1289122,1,1
23.5669444444444,1289122,1,1
23.5858333333333,1289122,1,1
23.5869444444444,1289122,1,1
23.5947222222222,1289122,1,1
23.5955555555556,1420194,1,1
23.6091666666667,1289122,1,1
23.6475,1420194,1,1
23.6483333333333,1289122,1,1
23.6511111111111,1289122,1,1
23.6552777777778,1289122,1,1
23.6577777777778,1371042,2,10
23.6583333333333,1289122,1,1
23.6591666666667,1649570,1,1
23.6597222222222,1321890,1,1
23.6602777777778,1289122,1,1
23.6605555555556,1289122,1,1
23.6611111111111,1289122,2,10
23.6616666666667,1289122,1,1
23.6622222222222,1289122,1,1
23.6627777777778,1289122,1,1
23.6636111111111,1584034,1,1
23.6663888888889,1747874,1,1
23.6686111111111,1289122,1,1
23.6727777777778,1289122,1,1
23.6741666666667,1289122,1,1
23.6761111111111,1289122,1,1
23.6763888888889,1289122,1,1
23.6775,1747874,1,1
23.6777777777778,1289122,1,1
23.6786111111111,1289122,1,1
23.6788888888889,1289122,1,1
23.6791666666667,1289122,1,1
23.6794444444444,1289122,1,1
23.6822222222222,1289122,1,1
23.6847222222222,1289122,1,1
23.6855555555556,1289122,1,1
23.6877777777778,1289122,1,1
23.6888888888889,1289122,1,1
23.6916666666667,2010018,1,1
23.6963888888889,1289122,1,1
23.6980555555556,1289122,1,1
23.6988888888889,1289122,1,1
23.6994444444444,1584034,1,1
23.7002777777778,1289122,2,10
23.7030555555556,1289122,1,1
23.7038888888889,1452962,1,1
23.7055555555556,1321890,1,1
23.7061111111111,1289122,2,10
23.7069444444444,1354658,1,1
23.7075,2665378,1,1
23.7080555555556,1289122,1,1
23.7094444444444,1289122,1,1
23.7102777777778,1289122,1,1
23.7122222222222,1289122,1,1
23.7136111111111,1321890,1,1
23.7147222222222,1289122,1,1
23.7166666666667,1289122,1,1
23.7191666666667,1354658,2,10
23.7202777777778,1584034,1,1
23.7222222222222,1289122,1,1
23.7261111111111,1780642,1,1
23.7269444444444,1289122,1,1
23.7280555555556,2501538,1,1
23.7288888888889,1289122,1,1
23.7297222222222,1289122,1,1
23.7316666666667,1289122,1,1
23.7319444444444,1289122,1,1
23.7344444444444,1387426,1,1
23.7402777777778,1518498,1,1
23.7419444444444,1289122,1,1
23.7475,1485730,1,1
23.7536111111111,1289122,1,1
23.7561111111111,1911714,2,10
23.7608333333333,1289122,1,1
23.7625,1289122,1,1
23.7636111111111,1289122,1,1
23.7683333333333,1289122,1,1
23.7686111111111,1289122,1,1
23.7711111111111,1289122,1,1
23.7719444444444,1289122,1,1
23.7727777777778,1289122,1,1
23.7738888888889,1584034,2,10
23.7811111111111,1289122,1,1
23.7813888888889,1289122,1,1
23.7833333333333,1813410,1,1
23.7841666666667,1289122,1,1
23.7852777777778,1584034,2,10
23.7863888888889,1289122,1,1
23.7877777777778,2436002,1,1
23.7905555555556,1289122,1,1
23.7911111111111,1518498,1,1
23.7919444444444,1616802,1,1
23.7930555555556,1387426,1,1
23.7941666666667,1485730,1,1
23.7963888888889,1616802,1,1
23.7972222222222,1289122,1,1
23.7983333333333,1289122,1,1
23.7997222222222,1780642,1,1
23.8,1911714,1,1
23.8030555555556,1518498,1,1
23.8041666666667,1289122,1,1
23.8047222222222,1289122,1,1
23.8055555555556,1289122,1,1
23.8063888888889,1289122,1,1
23.8072222222222,1289122,1,1
23.8083333333333,1944482,1,1
23.8111111111111,1289122,1,1
23.8122222222222,1715106,1,1
23.8133333333333,1289122,1,1
23.8138888888889,1584034,1,1
23.815,1289122,1,1
23.8152777777778,1289122,1,1
23.8161111111111,1289122,1,1
23.8186111111111,1289122,1,1
23.8202777777778,1289122,1,1
23.8216666666667,1289122,1,1
23.8219444444444,1289122,1,1
23.8227777777778,1289122,1,1
23.8230555555556,1289122,1,1
23.8311111111111,1289122,1,1
23.8597222222222,1289122,1,1
23.8638888888889,1289122,1,1
23.8655555555556,1289122,1,1
23.8661111111111,1616802,1,1
23.8694444444444,1289122,1,1
23.8702777777778,1289122,1,1
23.8716666666667,1289122,1,1
23.8719444444444,2239394,1,1
23.8925,1289122,1,1
23.8963888888889,1289122,1,1
23.9002777777778,1420194,1,1
23.9136111111111,1289122,1,1
23.9286111111111,1321890,1,1
23.9313888888889,1289122,1,1
23.9341666666667,2173858,1,1
23.9358333333333,1289122,1,1
23.9361111111111,1518498,1,1
23.9366666666667,2960290,1,1
23.9383333333333,1715106,1,1
23.9388888888889,1289122,2,10
23.9397222222222,1518498,1,1
23.9408333333333,1289122,1,1
23.9411111111111,1289122,1,1
23.9416666666667,1289122,1,1
23.9430555555556,1289122,1,1
23.9452777777778,1289122,1,1
23.9466666666667,1289122,1,1
23.9472222222222,1518498,1,1
23.9483333333333,2010018,1,1
23.9491666666667,1289122,1,1
23.9497222222222,1846178,1,1
23.9544444444444,1289122,1,1
23.9616666666667,1289122,1,1
23.9633333333333,1452962,1,1
23.9688888888889,1289122,1,1
23.9697222222222,1485730,1,1
23.9711111111111,1747874,1,1
23.9897222222222,1289122,1,1
