make,model
אאודי,'אוט 1600 A4 אודי
אאודי,'אוט 1800 A6 אודי
אאודי,'אוט 2000 A6 אודי
אאודי,'אוט 2600 A4 אודי
אאודי,'אוט 2600 A6 אודי
אאודי,'אוט 3700 A8 אודי
אאודי,'כ2_AUDI-A4 8D20LK
אאודי,'כ2_AUDI-A4 8D20Y4
אאודי,'כ2_AUDI-A4 8D20Y8
אאודי,'כר2 8D2064
אאודי,'כר2 8D2068
אאודי,'כר2_8D20C4
אאודי,'כר2_8D20HK
אאודי,'כר2_8D50HK
אאודי,'כר2_8D50Y4
אאודי,'כר2_8D50Y8
אאודי,'כר6+_4D2G6A
אאודי,1600 A4 אודי
אאודי,1800 A4 אודי
אאודי,2B20QK
אאודי,35CFU
אאודי,42-4S30AE
אאודי,42301B
אאודי,42301T
אאודי,42302B
אאודי,42302T
אאודי,4230NE
אאודי,4230NT
אאודי,4A2AIG
אאודי,4A2C2Y
אאודי,4A2C3Y
אאודי,4A2C7Y
אאודי,4A2CMY
אאודי,4A5RCA
אאודי,4A5RRA
אאודי,4B202H
אאודי,4B202L
אאודי,4B206H
אאודי,4B207Z
אאודי,4B20AH
אאודי,4B20BH
אאודי,4B20CH
אאודי,4B20HK
אאודי,4B20LK
אאודי,4B20QH
אאודי,4B20QK
אאודי,4B20QZ
אאודי,4B20RK
אאודי,4B20SH
אאודי,4B20TK
אאודי,4B20TZ
אאודי,4B20XK
אאודי,4B20Y4
אאודי,4B20YH
אאודי,4B2OQZ
אאודי,4B401Z
אאודי,4B50Y4
אאודי,4BH0FZ
אאודי,4BH0XZ
אאודי,4BHO7Z
אאודי,4BHOXZ
אאודי,4D26MK
אאודי,4D2G2A
אאודי,4D2G2K
אאודי,4D2G6K
אאודי,4D2G6Z
אאודי,4D2GFZ
אאודי,4D2GGZ
אאודי,4D2GHK
אאודי,4D2GHZ
אאודי,4D8GGZ
אאודי,4E201L
אאודי,4E202L
אאודי,4E204L
אאודי,4E205H
אאודי,4E205L
אאודי,4E208H
אאודי,4E20FL
אאודי,4E2SSL
אאודי,4E801L
אאודי,4E805H
אאודי,4E808H
אאודי,4E80CL
אאודי,4E80FL
אאודי,4E8OCL
אאודי,4F201L
אאודי,4F203L
אאודי,4F205L
אאודי,4F206H
אאודי,4F208H
אאודי,4F20DL
אאודי,4F20FH
אאודי,4F20NH
אאודי,4F20NL
אאודי,4F20QH
אאודי,4F20RH
אאודי,4F20TH
אאודי,4F20VL
אאודי,4F20WH
אאודי,4F20WL
אאודי,4F20YL
אאודי,4F2RUL
אאודי,4F2SSL
אאודי,4F5RUL
אאודי,4G201Y
אאודי,4G205H
אאודי,4G205Y
אאודי,4G206Y
אאודי,4G207H
אאודי,4G20JY
אאודי,4G2S3Y
אאודי,4G5RRA
אאודי,4GA01Y
אאודי,4GA05Y
אאודי,4GA06Y
אאודי,4GARRA
אאודי,4GAS3Y
אאודי,4GC02Y
אאודי,4GC06G
אאודי,4GC08G
אאודי,4GC08Y
אאודי,4GCSFY
אאודי,4GDRAA
אאודי,4GF02Y
אאודי,4GF06G
אאודי,4GF08G
אאודי,4GF08Y
אאודי,4GFRAA
אאודי,4GFSFY
אאודי,4H20AA
אאודי,4H20CA
אאודי,4H20VA
אאודי,4H2SSA
אאודי,4H80AA
אאודי,4H80CA
אאודי,4H80GA
אאודי,4H80VA
אאודי,4HC01A
אאודי,4HC06G
אאודי,4HC0CA
אאודי,4HCS5A
אאודי,4HCSSA
אאודי,4HL01A
אאודי,4HL0CA
אאודי,4HLPCA
אאודי,4KA02Y
אאודי,4KA07Y
אאודי,4KA0MY
אאודי,4KA0QY
אאודי,4KARCA
אאודי,4KARRA
אאודי,4LB0EL
אאודי,4LB0GA
אאודי,4LB0ML
אאודי,4LBODL
אאודי,4LBOEL
אאודי,4LBOML
אאודי,4LBOPL
אאודי,4MGSW1
אאודי,4MTRR2
אאודי,4N20DA
אאודי,4N20HA
אאודי,4N2SSA
אאודי,4N80DA
אאודי,4NC0DA
אאודי,4NC0HA
אאודי,4NCSSA
אאודי,4NL0HA
אאודי,4S30AE
אאודי,4S90AE
אאודי,4SPRAF
אאודי,4SPRDE
אאודי,4SPREE
אאודי,4SPREF
אאודי,4SRREF
אאודי,8 D 20 HA
אאודי,8B-F53CAY
אאודי,8D204K
אאודי,8D204Z
אאודי,8D2064
אאודי,8D2068
אאודי,8D20C4
אאודי,8D20C8
אאודי,8D20F4
אאודי,8D20FK
אאודי,8D20H4
אאודי,8D20HK
אאודי,8D20LK
אאודי,8D20UZ
אאודי,8D20Y4
אאודי,8D20Y8
אאודי,8D2OUK
אאודי,8D504K
אאודי,8D50C4
אאודי,8D50C8
אאודי,8D50F4
אאודי,8D50FK
אאודי,8D50H4
אאודי,8D50HK
אאודי,8D50LK
אאודי,8D50UZ
אאודי,8D50Y4
אאודי,8D50Y8
אאודי,8D5OFK
אאודי,8E2014
אאודי,8E201H
אאודי,8E20A4
אאודי,8E20AH
אאודי,8E20BH
אאודי,8E20DH
אאודי,8E20F4
אאודי,8E20FH
אאודי,8E20FZ
אאודי,8E20HH
אאודי,8E20N4
אאודי,8E20NC
אאודי,8E20NH
אאודי,8E2ODH
אאודי,8E2ONH
אאודי,8E2S49
אאודי,8E2S4L
אאודי,8E501H
אאודי,8E50BH
אאודי,8EC05C
אאודי,8EC0A4
אאודי,8EC0AH
אאודי,8EC0BH
אאודי,8EC0EC
אאודי,8EC0EH
אאודי,8EC0JH
אאודי,8EC0PH
אאודי,8EC0PL
אאודי,8ECOEH
אאודי,8ECOQC
אאודי,8ECOQH
אאודי,8ECS49
אאודי,8ECS4L
אאודי,8F703H
אאודי,8F706Y
אאודי,8F7S4Y
אאודי,8H70AH
אאודי,8H70FH
אאודי,8H70HH
אאודי,8HE0AH
אאודי,8HE0EH
אאודי,8HE0PH
אאודי,8J902C
אאודי,8J902X
אאודי,8K201H
אאודי,8K202H
אאודי,8K203H
אאודי,8K206H
אאודי,8K206Y
אאודי,8K20AY
אאודי,8K20DH
אאודי,8K20FL
אאודי,8K20QC
אאודי,8K20QH
אאודי,8K2S4Y
אאודי,8L1048
אאודי,8L1A48
אאודי,8L1A54
אאודי,8L1A58
אאודי,8L1AA4
אאודי,8L1AA8
אאודי,8L1AC8
אאודי,8L1AD4
אאודי,8L1AD8
אאודי,8L1B94
אאודי,8L1B9K
אאודי,8L1BI4
אאודי,8L1BI8
אאודי,8L1BIK
אאודי,8L1CC8
אאודי,8L1CD4
אאודי,8L1CD8
אאודי,8L1S29
אאודי,8LICI8
אאודי,8P1A5C
אאודי,8P1A5X
אאודי,8P1A6G
אאודי,8P1A7C
אאודי,8P1A7U
אאודי,8P1AA4
אאודי,8P1AAG
אאודי,8P1AAU
אאודי,8P1ABG
אאודי,8P1AFX
אאודי,8P1AIG
אאודי,8P1ALX
אאודי,8P1B19
אאודי,8P1B1L
אאודי,8P1B29
אאודי,8P1B2X
אאודי,8P1B9X
אאודי,8P1BDX
אאודי,8P1S49
אאודי,8P1S4L
אאודי,8P7A5X
אאודי,8P7A6G
אאודי,8P7B9X
אאודי,8P7BDX
אאודי,8PAA5X
אאודי,8PAA6G
אאודי,8PAA7C
אאודי,8PAA7U
אאודי,8PAAAG
אאודי,8PAABG
אאודי,8PAAFX
אאודי,8PAAIG
אאודי,8PAALX
אאודי,8PAB19
אאודי,8PAB1L
אאודי,8PAB29
אאודי,8PAB2X
אאודי,8PAB9X
אאודי,8PABDX
אאודי,8PABL9
אאודי,8PAS49
אאודי,8PAS4L
אאודי,8RB01A
אאודי,8RB063
אאודי,8RB06A
אאודי,8RB06Y
אאודי,8RB07A
אאודי,8RB0AA
אאודי,8RB0EY
אאודי,8RB0MY
אאודי,8RB0NA
אאודי,8RB0RY
אאודי,8RBO6Y
אאודי,8RBOAA
אאודי,8RBOEY
אאודי,8RBOMY
אאודי,8RBSCA
אאודי,8T303H
אאודי,8T306H
אאודי,8T306Y
אאודי,8T307Y
אאודי,8T30AY
אאודי,8T30FH
אאודי,8T30FL
אאודי,8T3RXY
אאודי,8T3S4Y
אאודי,8T3SB9
אאודי,8T3SBL
אאודי,8TA02H
אאודי,8TA03H
אאודי,8TA06Y
אאודי,8TA0AY
אאודי,8TA0FY
אאודי,8TAS4Y
אאודי,8V1A6G
אאודי,8V1AAG
אאודי,8V1ABG
אאודי,8V1S2L
אאודי,8V1S4L
אאודי,8VAA6G
אאודי,8VAA6L
אאודי,8VAAAG
אאודי,8VAABG
אאודי,8VARSY
אאודי,8VAS2L
אאודי,8VAS4L
אאודי,8VEACG
אאודי,8VFACG
אאודי,8VFAZG
אאודי,8VFBGG
אאודי,8VFCGG
אאודי,8VFCPX
אאודי,8VFRWY
אאודי,8VFS2Y
אאודי,8VFS5Y
אאודי,8VKACG
אאודי,8VKAZG
אאודי,8VKBGG
אאודי,8VKCGG
אאודי,8VKS2Y
אאודי,8VMCGG
אאודי,8VMCZG
אאודי,8VMS5Y
אאודי,8VSAAG
אאודי,8W2BAY
אאודי,8W2C3Y
אאודי,8W2CAY
אאודי,8W2CEG
אאודי,8W2CPG
אאודי,8W2CSG
אאודי,8W5S4A
אאודי,8WCB7G
אאודי,8WCBPG
אאודי,8WCBSG
אאודי,8WCBZG
אאודי,8WCC3Y
אאודי,8WCCAY
אאודי,8WDRXA
אאודי,8YAAZG
אאודי,8YABPX
אאודי,8YACGY
אאודי,8YACPX
אאודי,8YACZG
אאודי,8YARWY
אאודי,8YAS3Y
אאודי,8YFBNG
אאודי,8YFCUY
אאודי,8YFCYG
אאודי,8YFRWY
אאודי,8YFS5Y
אאודי,8YMCUY
אאודי,8YMCYG
אאודי,8YMRWY
אאודי,8YMS5Y
אאודי,8YSBGY
אאודי,8YSBZG
אאודי,8YSRWY
אאודי,8YSS3Y
אאודי,AABA
אאודי,ALBODL
אאודי,AUDI A3 8L1 OC4
אאודי,AUDI A3 8L1 OC8
אאודי,AUDI A3 8L10H8
אאודי,AUDI-A3 8L1 0H4
אאודי,AUDI-A3 8L1-0D4
אאודי,AUDI-A3 8L1054
אאודי,AUDI-A3 8L10I4
אאודי,AUDI-A3 8L10I8
אאודי,AUDI-A4 8D20H4
אאודי,AUDI-A6 4B20LA
אאודי,AUDI-A6 4B20QA
אאודי,AUDI-A8 4D2 G7A
אאודי,AUDI-A8 4D2G3B
אאודי,AUDIA-3 8L1044
אאודי,B8-8F703H
אאודי,B8-8K201H
אאודי,B8-8K203H
אאודי,B8-8K20AY
אאודי,B8-8T303H
אאודי,B8-8T30AY
אאודי,B8-8T30MY
אאודי,B8-8T3RXY
אאודי,B8-8T3SCY
אאודי,B8-8TA03H
אאודי,B8-8TA0AY
אאודי,B8-8TA0FH
אאודי,B8-8TA0UH
אאודי,B8-8W2BAY
אאודי,B8-8W2BDG
אאודי,B8-8W2BEG
אאודי,B8-8W2CAY
אאודי,B8-8W2CDG
אאודי,B8-8W2CEG
אאודי,B8-8W2S4A
אאודי,B8-8WCB7G
אאודי,B8-8WCCAY
אאודי,B8-F53CAY
אאודי,B8-F53CDG
אאודי,B8-F53S4A
אאודי,B8-F5AS4A
אאודי,B8-F5FRXA
אאודי,B8-F5PBZG
אאודי,BE206H
אאודי,BECOA4
אאודי,C5AG
אאודי,F2-4KA0WY
אאודי,F3BBZG
אאודי,F3NAZG
אאודי,F4BA23
אאודי,F4BA53
אאודי,F4BAC3
אאודי,F4BAE3
אאודי,F4BAI1
אאודי,F4NA23
אאודי,F4NA53
אאודי,F4NAC3
אאודי,F4NAI1
אאודי,F4NAU3
אאודי,F5
אאודי,F53CAY
אאודי,F53CDG
אאודי,F53CSG
אאודי,F53RXA
אאודי,F5ACAY
אאודי,F5ACDG
אאודי,F5ACEG
אאודי,F5ACPG
אאודי,F5ACSG
אאודי,F5EA7G
אאודי,F5EAZG
אאודי,F5ECZG
אאודי,F5ES4A
אאודי,F5FB7G
אאודי,F5FBZG
אאודי,F5FRXA
אאודי,F5PRXA
אאודי,F8-4N2SSA
אאודי,F83RH7
אאודי,F83RJ7
אאודי,F8PR9D
אאודי,FJNAZG
אאודי,FN2A1Y
אאודי,FN2A2Y
אאודי,FN2AZG
אאודי,FU2A1Y
אאודי,FU2A2Y
אאודי,FU2AZG
אאודי,FU2S5Y
אאודי,FW
אאודי,FW- F8PR8D
אאודי,FYBCAY
אאודי,FZ
אאודי,GABACG
אאודי,GABANG
אאודי,GABAZG
אאודי,GABCCG
אאודי,GABCZG
אאודי,GABS2Y
אאודי,GAGAKG
אאודי,GAGAZG
אאודי,GAGCHY
אאודי,GFBA1A
אאודי,GFBA28
אאודי,GFBA38
אאודי,GFBA48
אאודי,GFBS58
אאודי,GFNA1A
אאודי,GFNA28
אאודי,GFNA38
אאודי,GHAABA
אאודי,GHAAC8
אאודי,GUBS5Y
אאודי,GY
אאודי,GY-8YAAZG
אאודי,GY-8YAS3Y
אאודי,GY-8YSBZG
אאודי,GY-8YSS3Y
אאודי,TDIA4 אודי
אאודי,XBL1EH1
אאודי,ZZZF8
אאודי,ZZZG
אאודי,ZZZGE6
אאודי,דיזל A4 אודי
אאודי,דיזל A6 אודי
אאודי,טורבו 1800 A4 אודי
אאודי,כר 2_8D50C8
אאודי בלגיה,8X1ABC
אאודי בלגיה,8X1ADG
אאודי בלגיה,8X1ASC
אאודי בלגיה,8XAABC
אאודי בלגיה,8XAADG
אאודי בלגיה,8XFAJC
אאודי בלגיה,8XFAJG
אאודי בלגיה,8XFASG
אאודי בלגיה,8XFBLG
אאודי בלגיה,8XFSF9
אאודי בלגיה,8XKAJC
אאודי בלגיה,8XKAJG
אאודי בלגיה,8XKASG
אאודי בלגיה,8XKBLG
אאודי בלגיה,8XKSF9
אאודי בלגיה,B8-8W2CDG
אאודי בלגיה,GE
אאודי בלגיה,GEABAE
אאודי בלגיה,GEABBE
אאודי בלגיה,GEACAE
אאודי בלגיה,GEACBE
אאודי בלגיה,GEASCE
אאודי בלגיה,GEGBVC
אאודי בלגיה,GENABE
אאודי בלגיה,GENBAE
אאודי בלגיה,GENCAE
אאודי בלגיה,GENCBE
אאודי בלגיה,GETBUB
אאודי בלגיה,GETBVC
אאודי בלגיה,GETCUB
אאודי בלגיה,GETCVC
אאודי בלגיה,GETSWC
אאודי בלגיה,WAUZZZ
אאודי בלגיה,ZZZGE
אאודי הונגריה,8J-FV306G
אאודי הונגריה,8J-FV307L
אאודי הונגריה,8J-FV307X
אאודי הונגריה,8J-FV3S2L
אאודי הונגריה,8J-FV906G
אאודי הונגריה,8J-FV907L
אאודי הונגריה,8J-FVPRSY
אאודי הונגריה,8J301L
אאודי הונגריה,8J302C
אאודי הונגריה,8J302X
אאודי הונגריה,8J306G
אאודי הונגריה,8J30VX
אאודי הונגריה,8J3S3L
אאודי הונגריה,8J902C
אאודי הונגריה,8J902X
אאודי הונגריה,8J906G
אאודי הונגריה,8J90VX
אאודי הונגריה,8N3054
אאודי הונגריה,8N305N
אאודי הונגריה,8N3069
אאודי הונגריה,8N3O5U
אאודי הונגריה,8N9054
אאודי הונגריה,8N9069
אאודי הונגריה,8N9O5U
אאודי הונגריה,8P7A5X
אאודי הונגריה,8P7A6G
אאודי הונגריה,8P7B9X
אאודי הונגריה,8P7BDX
אאודי הונגריה,8TA02H
אאודי הונגריה,8V7A6G
אאודי הונגריה,8V7AAG
אאודי הונגריה,8V7S2L
אאודי הונגריה,8VEACG
אאודי הונגריה,8VEAZG
אאודי הונגריה,8VEBGG
אאודי הונגריה,8VES2Y
אאודי הונגריה,8VKACG
אאודי הונגריה,8VMBCG
אאודי הונגריה,8VMBGG
אאודי הונגריה,8VMCCG
אאודי הונגריה,8VMCGG
אאודי הונגריה,8VMCZG
אאודי הונגריה,8VMRWY
אאודי הונגריה,8VMS2Y
אאודי הונגריה,8VSA6G
אאודי הונגריה,8VSAAG
אאודי הונגריה,8VSABG
אאודי הונגריה,8VSS2L
אאודי הונגריה,8VSS4L
אאודי הונגריה,F3
אאודי הונגריה,F3BBGY
אאודי הונגריה,F3BBHY
אאודי הונגריה,F3BBYG
אאודי הונגריה,F3BBZG
אאודי הונגריה,F3BCHY
אאודי הונגריה,F3BCPX
אאודי הונגריה,F3BCZG
אאודי הונגריה,F3BRWY
אאודי הונגריה,F3NAPX
אאודי הונגריה,F3NAYG
אאודי הונגריה,F3NAZG
אאודי הונגריה,F3NCHY
אאודי הונגריה,F3NCKY
אאודי הונגריה,F3NCLY
אאודי הונגריה,F3NCPX
אאודי הונגריה,F3NCZG
אאודי הונגריה,F3NRWY
אאודי הונגריה,FJBAEY
אאודי הונגריה,FJBAUY
אאודי הונגריה,FJBAZG
אאודי הונגריה,FJNAEY
אאודי הונגריה,FJNAQX
אאודי הונגריה,FJNAUY
אאודי הונגריה,FJNAZG
אאודי הונגריה,FN3CPX
אאודי הונגריה,FV306G
אאודי הונגריה,FV307L
אאודי הונגריה,FV3S2L
אאודי הונגריה,FV906G
אאודי הונגריה,FVP08Y
אאודי הונגריה,FVP09Y
אאודי הונגריה,FVP0CG
אאודי הונגריה,FVP0DG
אאודי הונגריה,FVPRSY
אאודי הונגריה,FVPSKY
אאודי הונגריה,FVR09G
אאודי הונגריה,FVR0CG
אאודי הונגריה,FVR0DG
אאודי הונגריה,XCV
אאודי הונגריה,XDFYAF1
אאודי סלובקיה,4L
אאודי סלובקיה,4L-4MB0A1
אאודי סלובקיה,4L-4MB0E1
אאודי סלובקיה,4L-4MB0F1
אאודי סלובקיה,4L-4MBSU1
אאודי סלובקיה,4L-4MN0N2
אאודי סלובקיה,4L-4MN0X2
אאודי סלובקיה,4LB0DL
אאודי סלובקיה,4LB0EL
אאודי סלובקיה,4LB0GA
אאודי סלובקיה,4LB0PL
אאודי סלובקיה,4LB0QA
אאודי סלובקיה,4LB0WA
אאודי סלובקיה,4LB0XA
אאודי סלובקיה,4LB0ZA
אאודי סלובקיה,4LBODL
אאודי סלובקיה,4LBOPL
אאודי סלובקיה,4LBOWA
אאודי סלובקיה,4MB0A1
אאודי סלובקיה,4MB0E1
אאודי סלובקיה,4MB0E3
אאודי סלובקיה,4MB0F1
אאודי סלובקיה,4MB0L2
אאודי סלובקיה,4MBOL2
אאודי סלובקיה,4MGAL2
אאודי סלובקיה,4MGAN2
אאודי סלובקיה,4MGAX2
אאודי סלובקיה,4MGCL2
אאודי סלובקיה,4MGCN2
אאודי סלובקיה,4MGCX2
אאודי סלובקיה,4MGCY3
אאודי סלובקיה,4MGCZ3
אאודי סלובקיה,4MGSU1
אאודי סלובקיה,4MGSW1
אאודי סלובקיה,4MN0B2
אאודי סלובקיה,4MN0L2
אאודי סלובקיה,4MN0N2
אאודי סלובקיה,4MN0X2
אאודי סלובקיה,4MN0Y3
אאודי סלובקיה,4MN0Z3
אאודי סלובקיה,4MNOL2
אאודי סלובקיה,4MNRV2
אאודי סלובקיה,4MNSW1
אאודי סלובקיה,4MQAX2
אאודי סלובקיה,4MQC23
אאודי סלובקיה,4MQCN2
אאודי סלובקיה,4MQCP3
אאודי סלובקיה,4MQSW1
אאודי סלובקיה,4MQXX2
אאודי סלובקיה,4MT023
אאודי סלובקיה,4MT0N2
אאודי סלובקיה,4MT0P3
אאודי סלובקיה,4MT5W1
אאודי סלובקיה,4MT5X2
אאודי סלובקיה,4MTRR2
אאודי סלובקיה,4MTRV2
אאודי סלובקיה,4MTSW1
אאודי סלובקיה,8RB06Y
אאודי סלובקיה,8RB0EY
אאודי סלובקיה,ALB0QA
אאודי סלובקיה,KF12D3
אאודי סלובקיה,XDPXAQ2
אאודי ספרד,8UB08Y
אאודי ספרד,8UB0EY
אאודי ספרד,8UB0KX
אאודי ספרד,8UBR7Y
אאודי ספרד,8UGA8Y
אאודי ספרד,8UGAKX
אאודי ספרד,8UGB8Y
אאודי ספרד,8UGR7Y
אאודי ספרד,8UGRWY
אאודי ספרד,GBAAHG
אאודי ספרד,GBAAKG
אאודי ספרד,GBAAMG
אאודי ספרד,GBAANG
אאודי ספרד,GBAAPG
אאודי ספרד,GBAATG
אודי מכסיקו,AY5EYL
אודי מכסיקו,FYBC3Y
אודי מכסיקו,FYBC6Y
אודי מכסיקו,FYBCAY
אודי מכסיקו,FYBCFY
אודי מכסיקו,FYBS4A
אודי מכסיקו,FYBSTA
אודי מכסיקו,FYGBAY
אודי מכסיקו,FYGC1Y
אודי מכסיקו,FYGC9Y
אודי מכסיקו,FYGCAY
אודי מכסיקו,FYGS4A
אודי מכסיקו,FYTBAY
אודי מכסיקו,FYTBUY
אודי מכסיקו,FYTC1Y
אודי מכסיקו,FYTC9Y
אודי מכסיקו,FYTCAY
אודי מכסיקו,FYTS4A
אודי מכסיקו,GU
אודי מכסיקו,GUBA1Y
אודי מכסיקו,GUBA2Y
אודי מכסיקו,GUBAAY
אודי מכסיקו,GUBAZY
אודי מכסיקו,GUBS5Y
אודי מכסיקו,GUNA1Y
אודי מכסיקו,GUNA2Y
אודי מכסיקו,GUNAAY
אודי מכסיקו,GUNAUY
אודי מכסיקו,GUNAZY
אודי מכסיקו,GUNS5Y
אודי מכסיקו,GUXS21
אודי מכסיקו,RCB
אודי מכסיקו,XDTPAQ1
אוואטר סין,AVATR11
אומודה סין,BDDE
אומודה סין,GTBCD
אופל אנגליה,3F7012
אופל אנגליה,55SUD2
אופל אנגליה,BD8EC
אופל אנגליה,BE8EC
אופל אנגליה,F7ACA
אופל אנגליה,F7B1A
אופל אנגליה,F7BCB
אופל אנגליה,F7BDB
אופל אנגליה,F7G60
אופל אנגליה,FD6ED
אופל אנגליה,J7ACA
אופל אנגליה,JBF68
אופל אנגליה,PC8ED
אופל אנגליה,PD6ED
אופל אנגליה,PD8EC
אופל אנגליה,PD8ED
אופל אנגליה,PD8EN
אופל אנגליה,ZCF68
אופל ד.קוריאה,JC7E8
אופל ד.קוריאה,JC7EM
אופל ד.קוריאה,JD7E8
אופל ד.קוריאה,JD7EM
אופל סלובקיה,CSHPY
אופל פולין,BD6EC
אופל פולין,BE6EC
אופל פולין,PC6ED
אופל פולין,PD2EC
אופל פולין,PD5E3
אופל פולין,PD5EC
אופל פולין,PD5ED
אופל פולין,PD5EH
אופל פולין,PD5EJ
אופל פולין,PD6EC
אופל פולין,PD6ED
אופל פולין,PD6EN
אופל פולין,PF2E9
אופל פולין,PF2EC
אופל פולין,PF2EZ
אופל פולין,WT3D3
אופל פולין,WT3D9
אופל פורטוגל,EBYHZ
אופל פורטוגל,ERHNS
אופל פורטוגל,ERHNS3
אופל פורטוגל,XGFO6
אופל צרפת,EHZ7
אופל צרפת,MRFES
אופל צרפת,UKZKX
אופל צרפת,UKZKXZ
אופל צרפת,USHNS
אופל צרפת,USHNSS
אופל צרפת,USHPY
אופל צרפת,VEEHZ
אופל צרפת,Z45GB
אופל צרפת,Z4DGZ
אופל צרפת,ZCBHZ
אופל צרפת,ZCYHZ
אופל צרפת,ZRHNS
אופל צרפת,ZRHNY
אופל-בלגיה,AHL 48
אופל-בלגיה,AHL48
אופל-בלגיה,"ASTRA F"""""
אופל-בלגיה,ASTRA TDI TGF 48
אופל-בלגיה,ASTRA TDI TGF48
אופל-בלגיה,ASTRA TGF 48
אופל-בלגיה,ASTRA TGF 69
אופל-בלגיה,ASTRA TGF69
אופל-בלגיה,ASTRA-FGL TFF19
אופל-בלגיה,B וקטרה JBF 19
אופל-בלגיה,B-ווקטרה JBF-19
אופל-בלגיה,"GL - F"" אסטרה"""
אופל-בלגיה,TGF08
אופל-בלגיה,TGF48
אופל-בלגיה,TGF69
אופל-בלגיה,VECTRA-B JBF 19
אופל-בלגיה,VECTRA-B-CC JBF68
אופל-בלגיה,VECTRA-B-CC-38
אופל-גרמניה,(C) GL אסטרה
אופל-גרמניה,AHL 48
אופל-גרמניה,AHL48
אופל-גרמניה,ASTRA IDI TGF 48
אופל-גרמניה,ASTRA TDI TGF 35
אופל-גרמניה,ASTRA TDI TGF 48
אופל-גרמניה,ASTRA TDI TGF 69
אופל-גרמניה,ASTRA TDI TGF48
אופל-גרמניה,ASTRA TGF 48
אופל-גרמניה,ASTRA TGF 69
אופל-גרמניה,B וקטרה JBF 19
אופל-גרמניה,CARAVAN ASTRA F GL
אופל-גרמניה,F3DGXT
אופל-גרמניה,FMZKW
אופל-גרמניה,FPHNS
אופל-גרמניה,FPHNST
אופל-גרמניה,"GL - F"" אסטרה"""
אופל-גרמניה,"GL -F"" אסטרה"""
אופל-גרמניה,GL-F קרוואן אסטרה
אופל-גרמניה,GM5EE
אופל-גרמניה,GM5EM
אופל-גרמניה,GM5ET
אופל-גרמניה,GM6E1
אופל-גרמניה,GM6ED
אופל-גרמניה,GM6EE
אופל-גרמניה,GM6EM
אופל-גרמניה,GM6ET
אופל-גרמניה,GM6EU
אופל-גרמניה,GM8EE
אופל-גרמניה,GM8ET
אופל-גרמניה,GS6ED
אופל-גרמניה,GS6ET
אופל-גרמניה,GS6EU
אופל-גרמניה,GS6GU
אופל-גרמניה,GT6ET
אופל-גרמניה,GT6EU
אופל-גרמניה,GX6EG
אופל-גרמניה,JBF19
אופל-גרמניה,JBF19 VECTRAB
אופל-גרמניה,KAHPY
אופל-גרמניה,KCZKZ
אופל-גרמניה,MAP08
אופל-גרמניה,OMEGAB CD
אופל-גרמניה,OMEGAB GL
אופל-גרמניה,PD9EC
אופל-גרמניה,PD9EZ
אופל-גרמניה,SDL08
אופל-גרמניה,TGF 48
אופל-גרמניה,TGF 75
אופל-גרמניה,TGF 75 ZAFIRA-A
אופל-גרמניה,TGF 75_ZAFIRA-A
אופל-גרמניה,TGF35
אופל-גרמניה,TGF48
אופל-גרמניה,TGF75
אופל-גרמניה,VBF69
אופל-גרמניה,VBM69
אופל-גרמניה,VBP69
אופל-גרמניה,VECTRA B JBF68
אופל-גרמניה,VECTRA-B36
אופל-גרמניה,XEP08
אופל-גרמניה,Z4DGZ
אופל-גרמניה,ZAFIRA A
אופל-גרמניה,ZCF69
אופל-גרמניה,ZCYHZ
אופל-גרמניה,ZM6
אופל-גרמניה,ZRHNS
אופל-גרמניה,ZT6
אופל-ספרד,'כר2_CORSA B SBF68
אופל-ספרד,7D9
אופל-ספרד,7D9EB
אופל-ספרד,7D9ED
אופל-ספרד,7D9EL
אופל-ספרד,7H9
אופל-ספרד,7H9EB
אופל-ספרד,7H9ED
אופל-ספרד,7H9EL
אופל-ספרד,"B"" קורסה"""
אופל-ספרד,CORSA B
אופל-ספרד,CORSA B SBF68
אופל-ספרד,CORSA-B SBF 68
אופל-ספרד,EBYHZ
אופל-ספרד,ECYHZ
אופל-ספרד,ECYHZ3
אופל-ספרד,ECYHZR
אופל-ספרד,ERHNS
אופל-ספרד,ERHNS3
אופל-ספרד,F7BCD
אופל-ספרד,F7BDD
אופל-ספרד,MCYHZU
אופל-ספרד,SAF-O7 TIGRAA
אופל-ספרד,SAF07
אופל-ספרד,SAFO7 TIGRAA
אופל-ספרד,SBF68
אופל-ספרד,SBF68 CORSAB
אופל-ספרד,SBP68
אופל-ספרד,SD9EC
אופל-ספרד,SD9EH
אופל-ספרד,SD9EM
אופל-ספרד,SDL08
אופל-ספרד,SDL68
אופל-ספרד,TIGRA-A 75
אופל-ספרד,TIGRA_A SAF 07
אופל-ספרד,UHZKX
אופל-ספרד,UHZKXZ
אופל-ספרד,UPHNK
אופל-ספרד,UPHNKS
אופל-ספרד,UPHNS
אופל-ספרד,UPHNSS
אופל-ספרד,UPHPX
אופל-ספרד,UPHPY
אופל-ספרד,XCF08
אופל-ספרד,XCF68
אופל-ספרד,XEP08
אופל-ספרד,XEP68
אורה סין,EEUA5
אורה סין,EFUK6
אורה סין,FFVK6
איווייס סין,PREMIUM
איווייס סין,U5-PREMIUM
איווייס סין,U5-PRIME
איווייס סין,U5-STANDARD
איווייס סין,U5-STANDART
איווייס סין,U5-XCITE
איווייס סין,U6-63KWH
איווקו איטליה,35C15
איווקו איטליה,IS35SC2AA
איווקו ספרד,PAS41V
איויאיסי סין,CA7GG
איון סין,AY5-G-1A2E3KP
איי אם סין,WR40
איי אם סין,WT40
אינאוס צרפת,GM1AA
אינאוס צרפת,GM1CA
אינאוס צרפת,GM1DA
"איסוזו ארהב""",DF58X
"איסוזו ארהב""",DM58W
איסוזו יפן,NLR87
איסוזו יפן,TFR54
איסוזו יפן,TFR69
איסוזו יפן,TFS54
איסוזו יפן,TFS69
איסוזו יפן,UBS25
איסוזו יפן,UBS26
איסוזו יפן,UBS69
איסוזו יפן,UBS73
איסוזו תאילנד,TFR 86
איסוזו תאילנד,TFR77
איסוזו תאילנד,TFR85
איסוזו תאילנד,TFR86
איסוזו תאילנד,TFR87
איסוזו תאילנד,TFS77
איסוזו תאילנד,TFS85
איסוזו תאילנד,TFS86
איסוזו תאילנד,TFS87
אל אי וי סי,ET34K
אל אי וי סי,ET45H
אל.טי.איי.,TXI
אלפא רומיאו,163 ספיידר אלפא
אלפא רומיאו,3.0 ספיידר אלפא
אלפא רומיאו,916C10
אלפא רומיאו,916C2
אלפא רומיאו,916C2A
אלפא רומיאו,916S1
אלפא רומיאו,916S2
אלפא רומיאו,930A1
אלפא רומיאו,930A2
אלפא רומיאו,930A5
אלפא רומיאו,930B1
אלפא רומיאו,930B2
אלפא רומיאו,930B5
אלפא רומיאו,932A1000
אלפא רומיאו,932A1001
אלפא רומיאו,932A1100
אלפא רומיאו,932A1101
אלפא רומיאו,932A2000
אלפא רומיאו,932A2001
אלפא רומיאו,932A2100
אלפא רומיאו,932A2101
אלפא רומיאו,932AXA00
אלפא רומיאו,932AXA01
אלפא רומיאו,932BXB00
אלפא רומיאו,932BXB01
אלפא רומיאו,936A1000
אלפא רומיאו,936A1001
אלפא רומיאו,936A1100
אלפא רומיאו,936A1101
אלפא רומיאו,936AXB00
אלפא רומיאו,937AXA1A
אלפא רומיאו,937AXB1A
אלפא רומיאו,937AXC11
אלפא רומיאו,937AXC1A
אלפא רומיאו,937AXCIA
אלפא רומיאו,937AXL1B
אלפא רומיאו,937BXA1A
אלפא רומיאו,937BXB1A
אלפא רומיאו,937BXC11
אלפא רומיאו,937BXC1A
אלפא רומיאו,937CXH11
אלפא רומיאו,937CXH1A
אלפא רומיאו,937CXP1B
אלפא רומיאו,939AXAIB
אלפא רומיאו,939AXB11
אלפא רומיאו,939AXB1B
אלפא רומיאו,939AXD12
אלפא רומיאו,939AXG22
אלפא רומיאו,939AXG2B
אלפא רומיאו,939AXN1B
אלפא רומיאו,939AXNIB
אלפא רומיאו,939BXB11
אלפא רומיאו,939BXG22
אלפא רומיאו,939BXG2B
אלפא רומיאו,939BXN1B
אלפא רומיאו,939DXB11
אלפא רומיאו,939DXB1B
אלפא רומיאו,939DXG22
אלפא רומיאו,939DXG2B
אלפא רומיאו,939EXB11
אלפא רומיאו,939EXB1B
אלפא רומיאו,939EXG22
אלפא רומיאו,939EXG2B
אלפא רומיאו,940FXAIA
אלפא רומיאו,940FXB11
אלפא רומיאו,940FXB1A
אלפא רומיאו,940FXC1A
אלפא רומיאו,940FXR11
אלפא רומיאו,940FXT1A
אלפא רומיאו,940FYA1A
אלפא רומיאו,949AXA2A
אלפא רומיאו,949AXF2A
אלפא רומיאו,949AXG2A
אלפא רומיאו,949AXH2A
אלפא רומיאו,949AXS2A
אלפא רומיאו,952AAA2
אלפא רומיאו,952AAM2
אלפא רומיאו,952ABA2
אלפא רומיאו,952ACA2
אלפא רומיאו,952ACA4
אלפא רומיאו,952ATA2
אלפא רומיאו,952AXA2
אלפא רומיאו,955AXA1B
אלפא רומיאו,955AXG1A
אלפא רומיאו,955AXL1B
אלפא רומיאו,955AXM1A
אלפא רומיאו,955AXN11
אלפא רומיאו,955AXN1B
אלפא רומיאו,955AXR11
אלפא רומיאו,955AXY1B
אלפא רומיאו,955AYB11
אלפא רומיאו,960CXB1A
אלפא רומיאו,961DXB1A
אלפא רומיאו,AV10AGT415AA4
אלפא רומיאו,FH13AEA0000A0
אלפא רומיאו,FH13AEB0000A0
אלפא רומיאו,FH13AGT312AA3
אלפין צרפת,AEFD0
אלפין צרפת,P01A0
אמ.סי.סי.,MC01
אס דאבל יו אמ,G01
אס דאבל יו אמ,G01F
אס דאבל יו אמ,X30LEV
אס דאבל יו אמ,X30LEV-M1
אסטון מרטין,AM5
אסטון מרטין,AM5SS
אסטון מרטין,AM6
אסטון מרטין,AM7
אסטון מרטין,AM7V
אסטון מרטין,AM8
אסטון מרטין,AM8SS
אסטון מרטין,AMSP
אסטון מרטין,VH1
אסטון מרטין,VH1 SAS
אסטון מרטין,VH1 SBS
אסטון מרטין,VH1 SG
אסטון מרטין,VH2 SB
אסטון מרטין,VH2 SC
אסטון מרטין,VH2 SE
אף אי דאבל יו,E00110002002123
אף אי דאבל יו,E00110002102120
אף אי דאבל יו,E00110102022122
אף אי דאבל יו,E0071000
אף אי דאבל יו,E0071010
אף אי דאבל יו,E115115E02
אף אי דאבל יו,E115115E03
אף אי דאבל יו,E115115E04
אף אי דאבל יו,E115E115E01
אף אי דאבל יו,E115E115E02
אף אי דאבל יו,E115E115E03
אף אי דאבל יו,E20210002102120
אף אי דאבל יו,E20210102002123
אף אי דאבל יו,E20210102022122
אף אי דאבל יו,E20210102102122
אקס אי וי סין,A0
אקסלנטיקס סין,ACDDX
אקסלנטיקס סין,AJDES
אקסלנטיקס סין,BBDDX
אקסלנטיקס סין,BDDES
אקספנג סין,NSGHA
אקספנג סין,NSGHB
אקספנג סין,SPGHB
ארקפוקס סין,1C509
ארקפוקס סין,2C509
ב מ וו אוסטריה,HF11
ב מ וו אוסטריה,HF31
ב מ וו אוסטריה,HF3C
ב מ וו אוסטריה,HF51
ב מ וו אוסטריה,HF9C
ב מ וו אוסטריה,JA11
ב מ וו אוסטריה,JA51
ב מ וו אוסטריה,JB31
ב מ וו אוסטריה,JS31
ב מ וו אוסטריה,PA71
ב מ וו אוסטריה,PA91
ב מ וו אוסטריה,PB51
ב מ וו אוסטריה,PC71
ב מ וו אוסטריה,PC91
ב מ וו אוסטריה,PD51
ב מ וו אוסטריה,PD91
ב מ וו אוסטריה,SS11
ב מ וו אוסטריה,SS51
ב מ וו אוסטריה,SS91
ב מ וו אוסטריה,XD11
ב מ וו אוסטריה,XX31
ב מ וו אוסטריה,ZB31
ב מ וו אוסטריה,ZC31
ב מ וו אוסטריה,ZC51
"ב מ וו ארהב""",11CS
"ב מ וו ארהב""",11DT
"ב מ וו ארהב""",11EV
"ב מ וו ארהב""",11EY
"ב מ וו ארהב""",1234
"ב מ וו ארהב""",123AA
"ב מ וו ארהב""",13EC
"ב מ וו ארהב""",13ET
"ב מ וו ארהב""",13EU
"ב מ וו ארהב""",21CS
"ב מ וו ארהב""",21DP
"ב מ וו ארהב""",21EC
"ב מ וו ארהב""",21EN
"ב מ וו ארהב""",21ET
"ב מ וו ארהב""",21EV
"ב מ וו ארהב""",21EY
"ב מ וו ארהב""",23CS
"ב מ וו ארהב""",23EC
"ב מ וו ארהב""",23EM
"ב מ וו ארהב""",23ET
"ב מ וו ארהב""",23EU
"ב מ וו ארהב""",2V11
"ב מ וו ארהב""",2V1C
"ב מ וו ארהב""",2V51
"ב מ וו ארהב""",31CA
"ב מ וו ארהב""",31CS
"ב מ וו ארהב""",31DT
"ב מ וו ארהב""",31EM
"ב מ וו ארהב""",31EU
"ב מ וו ארהב""",31EX
"ב מ וו ארהב""",31GP
"ב מ וו ארהב""",33CS
"ב מ וו ארהב""",33DT
"ב מ וו ארהב""",33EM
"ב מ וו ארהב""",33EU
"ב מ וו ארהב""",33EX
"ב מ וו ארהב""",41DT
"ב מ וו ארהב""",41EU
"ב מ וו ארהב""",43DP
"ב מ וו ארהב""",43DT
"ב מ וו ארהב""",43EU
"ב מ וו ארהב""",43EX
"ב מ וו ארהב""",4S31
"ב מ וו ארהב""",51CM
"ב מ וו ארהב""",53GP
"ב מ וו ארהב""",55DP
"ב מ וו ארהב""",5P7C
"ב מ וו ארהב""",6
"ב מ וו ארהב""",61DP
"ב מ וו ארהב""",63DP
"ב מ וו ארהב""",71GP
"ב מ וו ארהב""",73GP
"ב מ וו ארהב""",81CA
"ב מ וו ארהב""",81DP
"ב מ וו ארהב""",A6C
"ב מ וו ארהב""",BT11
"ב מ וו ארהב""",BT31
"ב מ וו ארהב""",BT51
"ב מ וו ארהב""",BT91
"ב מ וו ארהב""",BU11
"ב מ וו ארהב""",BU31
"ב מ וו ארהב""",BU51
"ב מ וו ארהב""",CH31
"ב מ וו ארהב""",CM11
"ב מ וו ארהב""",CN11
"ב מ וו ארהב""",CR4C
"ב מ וו ארהב""",CR61
"ב מ וו ארהב""",CR6C
"ב מ וו ארהב""",CV01
"ב מ וו ארהב""",CV41
"ב מ וו ארהב""",CV61
"ב מ וו ארהב""",CW01
"ב מ וו ארהב""",CW21
"ב מ וו ארהב""",CW23
"ב מ וו ארהב""",CW2C
"ב מ וו ארהב""",CW81
"ב מ וו ארהב""",CX6C
"ב מ וו ארהב""",CY01
"ב מ וו ארהב""",CY0C
"ב מ וו ארהב""",CY4C
"ב מ וו ארהב""",CY61
"ב מ וו ארהב""",CY6C
"ב מ וו ארהב""",CY81
"ב מ וו ארהב""",CY8C
"ב מ וו ארהב""",DU51
"ב מ וו ארהב""",EU33
"ב מ וו ארהב""",FA11
"ב מ וו ארהב""",FA51
"ב מ וו ארהב""",FB1RS
"ב מ וו ארהב""",FB31
"ב מ וו ארהב""",FB51
"ב מ וו ארהב""",FB71
"ב מ וו ארהב""",FE41
"ב מ וו ארהב""",FE81
"ב מ וו ארהב""",FF01
"ב מ וו ארהב""",FF41
"ב מ וו ארהב""",FG01
"ב מ וו ארהב""",FG21
"ב מ וו ארהב""",FG41
"ב מ וו ארהב""",FG61
"ב מ וו ארהב""",FG81
"ב מ וו ארהב""",FH01
"ב מ וו ארהב""",FH61
"ב מ וו ארהב""",GT21
"ב מ וו ארהב""",GT61
"ב מ וו ארהב""",GT81
"ב מ וו ארהב""",JU01
"ב מ וו ארהב""",JU0C
"ב מ וו ארהב""",JU41
"ב מ וו ארהב""",JU4C
"ב מ וו ארהב""",JU81
"ב מ וו ארהב""",K8F
"ב מ וו ארהב""",KLS41
"ב מ וו ארהב""",KR01
"ב מ וו ארהב""",KR61
"ב מ וו ארהב""",KS01
"ב מ וו ארהב""",KS41
"ב מ וו ארהב""",KS61
"ב מ וו ארהב""",KS81
"ב מ וו ארהב""",KT01
"ב מ וו ארהב""",KT03
"ב מ וו ארהב""",KT0C
"ב מ וו ארהב""",KT41
"ב מ וו ארהב""",KT61
"ב מ וו ארהב""",KTO1
"ב מ וו ארהב""",KU21
"ב מ וו ארהב""",KU61
"ב מ וו ארהב""",KV21
"ב מ וו ארהב""",KV61
"ב מ וו ארהב""",KW81
"ב מ וו ארהב""",SA11
"ב מ וו ארהב""",TA61
"ב מ וו ארהב""",TA6C
"ב מ וו ארהב""",TB41
"ב מ וו ארהב""",TC61
"ב מ וו ארהב""",TH41
"ב מ וו ארהב""",TR51
"ב מ וו ארהב""",TR91
"ב מ וו ארהב""",TS11
"ב מ וו ארהב""",TS1C
"ב מ וו ארהב""",TS31
"ב מ וו ארהב""",TX31
"ב מ וו ארהב""",TY11
"ב מ וו ארהב""",TY51
"ב מ וו ארהב""",TY5C
"ב מ וו ארהב""",TY91
"ב מ וו ארהב""",UJ01
"ב מ וו ארהב""",UJ11
"ב מ וו ארהב""",UJ31
"ב מ וו ארהב""",UJ51
"ב מ וו ארהב""",UJ71
"ב מ וו ארהב""",UZ31
"ב מ וו ארהב""",VJ11
"ב מ וו ארהב""",VJ91
"ב מ וו ארהב""",WX31
"ב מ וו ארהב""",WX51
"ב מ וו ארהב""",WX91
"ב מ וו ארהב""",WY31
"ב מ וו ארהב""",WZ51
"ב מ וו ארהב""",X5 3.0I FA51
"ב מ וו ארהב""",X5 3.OD FA71
"ב מ וו ארהב""",X5 4.4I FB31
"ב מ וו ארהב""",X5 4.6I FB91
"ב מ וו ארהב""",XW11
"ב מ וו ארהב""",XW31
"ב מ וו ארהב""",XW51
"ב מ וו ארהב""",XX11
"ב מ וו ארהב""",XX31
"ב מ וו ארהב""",ZB31
"ב מ וו ארהב""",ZV41
"ב מ וו ארהב""",ZV81
"ב מ וו ארהב""",ZW41
"ב מ וו ארהב""",ZW61
"ב מ וו ארהב""",ZW81
ב מ וו בריטניה,11DJ
ב מ וו בריטניה,11GD
ב מ וו בריטניה,11GX
ב מ וו בריטניה,21DH
ב מ וו בריטניה,21DK
ב מ וו בריטניה,21DL
ב מ וו בריטניה,21GD
ב מ וו בריטניה,21GX
ב מ וו בריטניה,23GD
ב מ וו בריטניה,23GX
ב מ וו בריטניה,31DH
ב מ וו בריטניה,31DK
ב מ וו בריטניה,31GD
ב מ וו בריטניה,31GX
ב מ וו בריטניה,41GD
ב מ וו בריטניה,51DH
ב מ וו בריטניה,51DK
ב מ וו בריטניה,51GD
ב מ וו בריטניה,71DH
ב מ וו בריטניה,7W21
ב מ וו בריטניה,81FK
ב מ וו בריטניה,JZ31
ב מ וו בריטניה,JZ51
ב מ וו בריטניה,LN31
ב מ וו בריטניה,LN71
ב מ וו בריטניה,LV31
ב מ וו בריטניה,MF31
ב מ וו בריטניה,MF71
ב מ וו בריטניה,ML31
ב מ וו בריטניה,MR31
ב מ וו בריטניה,MR91
ב מ וו בריטניה,MS31
ב מ וו בריטניה,MXM71
ב מ וו בריטניה,RA31
ב מ וו בריטניה,RC31
ב מ וו בריטניה,RE31
ב מ וו בריטניה,RF31
ב מ וו בריטניה,RH31
ב מ וו בריטניה,SR31
ב מ וו בריטניה,SU31
ב מ וו בריטניה,SU91
ב מ וו בריטניה,SV31
ב מ וו בריטניה,SV91
ב מ וו בריטניה,SX11
ב מ וו בריטניה,SX31
ב מ וו בריטניה,SX91
ב מ וו בריטניה,SY11
ב מ וו בריטניה,SY31
ב מ וו בריטניה,SY91
ב מ וו בריטניה,WJ31
ב מ וו בריטניה,XM51
ב מ וו בריטניה,XM71
ב מ וו בריטניה,XM91
ב מ וו בריטניה,XN71
ב מ וו בריטניה,XP31
ב מ וו בריטניה,XR11
ב מ וו בריטניה,XR31
ב מ וו בריטניה,XR51
ב מ וו בריטניה,XR91
ב מ וו בריטניה,XS11
ב מ וו בריטניה,XS51
ב מ וו בריטניה,XS71
ב מ וו בריטניה,XU51
ב מ וו בריטניה,XU71
ב מ וו בריטניה,XU91
ב מ וו בריטניה,XX91
ב מ וו בריטניה,ZN31
ב מ וו בריטניה,ZP31
ב מ וו גרמניה,11AG
ב מ וו גרמניה,11AK
ב מ וו גרמניה,11AL
ב מ וו גרמניה,11AP
ב מ וו גרמניה,11AR
ב מ וו גרמניה,11AT
ב מ וו גרמניה,11AU
ב מ וו גרמניה,11AV
ב מ וו גרמניה,11AW
ב מ וו גרמניה,11BK
ב מ וו גרמניה,11CF
ב מ וו גרמניה,11CH
ב מ וו גרמניה,11DM
ב מ וו גרמניה,11DY
ב מ וו גרמניה,11EE
ב מ וו גרמניה,11EF
ב מ וו גרמניה,11EY
ב מ וו גרמניה,11FJ
ב מ וו גרמניה,11FK
ב מ וו גרמניה,11FL
ב מ וו גרמניה,11FS
ב מ וו גרמניה,11GA
ב מ וו גרמניה,11HB
ב מ וו גרמניה,11HC
ב מ וו גרמניה,11HD
ב מ וו גרמניה,11HG
ב מ וו גרמניה,13AG
ב מ וו גרמניה,13AR
ב מ וו גרמניה,13AW
ב מ וו גרמניה,13FK
ב מ וו גרמניה,13HD
ב מ וו גרמניה,13HG
ב מ וו גרמניה,1A11
ב מ וו גרמניה,1A31
ב מ וו גרמניה,1B71
ב מ וו גרמניה,1D11
ב מ וו גרמניה,1D31
ב מ וו גרמניה,1H91
ב מ וו גרמניה,1J11
ב מ וו גרמניה,1J31
ב מ וו גרמניה,1J51
ב מ וו גרמניה,1J71
ב מ וו גרמניה,1L71
ב מ וו גרמניה,1M11
ב מ וו גרמניה,1N71
ב מ וו גרמניה,1P51
ב מ וו גרמניה,1R51
ב מ וו גרמניה,1S11
ב מ וו גרמניה,1S31
ב מ וו גרמניה,1S91
ב מ וו גרמניה,1U71
ב מ וו גרמניה,1U91
ב מ וו גרמניה,1V11
ב מ וו גרמניה,1W91
ב מ וו גרמניה,1Y11
ב מ וו גרמניה,1Y71
ב מ וו גרמניה,1Z61
ב מ וו גרמניה,21AG
ב מ וו גרמניה,21AT
ב מ וו גרמניה,21AX
ב מ וו גרמניה,21CF
ב מ וו גרמניה,21EJ
ב מ וו גרמניה,21ET
ב מ וו גרמניה,21FF
ב מ וו גרמניה,21FS
ב מ וו גרמניה,21GB
ב מ וו גרמניה,21GE
ב מ וו גרמניה,21GM
ב מ וו גרמניה,21HD
ב מ וו גרמניה,21HJ
ב מ וו גרמניה,21HK
ב מ וו גרמניה,23AT
ב מ וו גרמניה,23CF
ב מ וו גרמניה,23EH
ב מ וו גרמניה,23HD
ב מ וו גרמניה,23HK
ב מ וו גרמניה,28FS
ב מ וו גרמניה,290.661
ב מ וו גרמניה,2D51
ב מ וו גרמניה,2F11
ב מ וו גרמניה,2F31
ב מ וו גרמניה,2G11
ב מ וו גרמניה,2H31
ב מ וו גרמניה,2H51
ב מ וו גרמניה,2J51
ב מ וו גרמניה,2K31
ב מ וו גרמניה,2L11
ב מ וו גרמניה,2M31
ב מ וו גרמניה,2N11
ב מ וו גרמניה,2R31
ב מ וו גרמניה,2U71
ב מ וו גרמניה,2U73
ב מ וו גרמניה,2Z21
ב מ וו גרמניה,2Z41
ב מ וו גרמניה,2Z61
ב מ וו גרמניה,316 I-4 A CA81
ב מ וו גרמניה,316 I-4 CA71
ב מ וו גרמניה,316I A COM  CG21
ב מ וו גרמניה,316I A COM CG21
ב מ וו גרמניה,316I COM  CG11
ב מ וו גרמניה,316I COM CG11
ב מ וו גרמניה,318 I-4 A CA01
ב מ וו גרמניה,318 I-4 CA91
ב מ וו גרמניה,318I CAB BH31
ב מ וו גרמניה,318IS  BE51
ב מ וו גרמניה,318IS A BE61
ב מ וו גרמניה,318IS-2A_BE 81
ב מ וו גרמניה,31AA
ב מ וו גרמניה,31AK
ב מ וו גרמניה,31AW
ב מ וו גרמניה,31AY
ב מ וו גרמניה,31AZ
ב מ וו גרמניה,31BA
ב מ וו גרמניה,31BK
ב מ וו גרמניה,31CF
ב מ וו גרמניה,31CH
ב מ וו גרמניה,31FK
ב מ וו גרמניה,31FP
ב מ וו גרמניה,31FS
ב מ וו גרמניה,31GA
ב מ וו גרמניה,31GE
ב מ וו גרמניה,31GG
ב מ וו גרמניה,31GH
ב מ וו גרמניה,31HD
ב מ וו גרמניה,31HG
ב מ וו גרמניה,31HJ
ב מ וו גרמניה,31HK
ב מ וו גרמניה,320 I CAB BJ31
ב מ וו גרמניה,320 I-2 A BF61
ב מ וו גרמניה,320 I-2 BF51
ב מ וו גרמניה,320 I-4 A CB61
ב מ וו גרמניה,320 I-4 CB51
ב מ וו גרמניה,320 IA CAB BJ41
ב מ וו גרמניה,320 TDS AL71
ב מ וו גרמניה,320I-4 AM11
ב מ וו גרמניה,323 I-2 A BF81
ב מ וו גרמניה,323 I-2 BF71
ב מ וו גרמניה,323 I-4 A CB81
ב מ וו גרמניה,323 I-4 CB71
ב מ וו גרמניה,323/A CAB BJ81
ב מ וו גרמניה,323I 2 BF71
ב מ וו גרמניה,323I2A BF81
ב מ וו גרמניה,323I4 AM31
ב מ וו גרמניה,328 I CAB BK71
ב מ וו גרמניה,328 I-2 A BG21
ב מ וו גרמניה,328 I-2 BG11
ב מ וו גרמניה,328 I-4 A CD21
ב מ וו גרמניה,328 I-4 CD11
ב מ וו גרמניה,328I 2A BG21
ב מ וו גרמניה,328I 4 AM51
ב מ וו גרמניה,328I2 BG11
ב מ וו גרמניה,33AG
ב מ וו גרמניה,33AW
ב מ וו גרמניה,33AY
ב מ וו גרמניה,33AZ
ב מ וו גרמניה,33BA
ב מ וו גרמניה,33CF
ב מ וו גרמניה,33DB
ב מ וו גרמניה,33EH
ב מ וו גרמניה,33EJ
ב מ וו גרמניה,33FK
ב מ וו גרמניה,33HJ
ב מ וו גרמניה,33HK
ב מ וו גרמניה,39FF
ב מ וו גרמניה,3A11
ב מ וו גרמניה,3A51
ב מ וו גרמניה,3A91
ב מ וו גרמניה,3B11
ב מ וו גרמניה,3C91
ב מ וו גרמניה,3F91
ב מ וו גרמניה,3G51
ב מ וו גרמניה,3N11
ב מ וו גרמניה,3N31
ב מ וו גרמניה,3R11
ב מ וו גרמניה,3R91
ב מ וו גרמניה,3T31
ב מ וו גרמניה,3U91
ב מ וו גרמניה,3V11
ב מ וו גרמניה,3V31
ב מ וו גרמניה,3X11
ב מ וו גרמניה,3X31
ב מ וו גרמניה,41AP
ב מ וו גרמניה,41AT
ב מ וו גרמניה,41AW
ב מ וו גרמניה,41AY
ב מ וו גרמניה,41AZ
ב מ וו גרמניה,41BA
ב מ וו גרמניה,41CF
ב מ וו גרמניה,41EH
ב מ וו גרמניה,41EJ
ב מ וו גרמניה,41FB
ב מ וו גרמניה,41FF
ב מ וו גרמניה,41FK
ב מ וו גרמניה,41FP
ב מ וו גרמניה,41GA
ב מ וו גרמניה,41GG
ב מ וו גרמניה,41GK
ב מ וו גרמניה,41HB
ב מ וו גרמניה,41HG
ב מ וו גרמניה,41HK
ב מ וו גרמניה,43AT
ב מ וו גרמניה,43AW
ב מ וו גרמניה,43AY
ב מ וו גרמניה,43AZ
ב מ וו גרמניה,43BA
ב מ וו גרמניה,43EH
ב מ וו גרמניה,43EJ
ב מ וו גרמניה,43FJ
ב מ וו גרמניה,43FK
ב מ וו גרמניה,4A11
ב מ וו גרמניה,4A51
ב מ וו גרמניה,4B11
ב מ וו גרמניה,4D31
ב מ וו גרמניה,4D91
ב מ וו גרמניה,4E31
ב מ וו גרמניה,4H31
ב מ וו גרמניה,4H71
ב מ וו גרמניה,4J51
ב מ וו גרמניה,4N31
ב מ וו גרמניה,4N71
ב מ וו גרמניה,4P11
ב מ וו גרמניה,4S31
ב מ וו גרמניה,4S71
ב מ וו גרמניה,4T31
ב מ וו גרמניה,4T51
ב מ וו גרמניה,4T91
ב מ וו גרמניה,4V11
ב מ וו גרמניה,4V31
ב מ וו גרמניה,4W71
ב מ וו גרמניה,4Y91
ב מ וו גרמניה,4Z51
ב מ וו גרמניה,4Z71
ב מ וו גרמניה,4Z91
ב מ וו גרמניה,51AP
ב מ וו גרמניה,51AT
ב מ וו גרמניה,51BJ
ב מ וו גרמניה,51BL
ב מ וו גרמניה,51CF
ב מ וו גרמניה,51CM
ב מ וו גרמניה,51EH
ב מ וו גרמניה,51EJ
ב מ וו גרמניה,51GM
ב מ וו גרמניה,51HB
ב מ וו גרמניה,520 IA DD21
ב מ וו גרמניה,520 IA HB61
ב מ וו גרמניה,523 IA DD41
ב מ וו גרמניה,525 IA HD61
ב מ וו גרמניה,528 I DD51
ב מ וו גרמניה,528 IA DD61
ב מ וו גרמניה,535I DE11
ב מ וו גרמניה,535I.A DE21
ב מ וו גרמניה,53AP
ב מ וו גרמניה,53AY
ב מ וו גרמניה,53EJ
ב מ וו גרמניה,53FJ
ב מ וו גרמניה,540I DE51
ב מ וו גרמניה,540I.A DE61
ב מ וו גרמניה,58GK
ב מ וו גרמניה,5A31
ב מ וו גרמניה,5A51
ב מ וו גרמניה,5B11
ב מ וו גרמניה,5F71
ב מ וו גרמניה,5G51
ב מ וו גרמניה,5M21
ב מ וו גרמניה,5P51
ב מ וו גרמניה,5P58
ב מ וו גרמניה,5P7C
ב מ וו גרמניה,5P7J
ב מ וו גרמניה,5P91
ב מ וו גרמניה,5P9C
ב מ וו גרמניה,5R11
ב מ וו גרמניה,5U91
ב מ וו גרמניה,5U9C
ב מ וו גרמניה,5X71
ב מ וו גרמניה,5Y91
ב מ וו גרמניה,61AT
ב מ וו גרמניה,61AV
ב מ וו גרמניה,61AW
ב מ וו גרמניה,61AY
ב מ וו גרמניה,61AZ
ב מ וו גרמניה,61EF
ב מ וו גרמניה,61FP
ב מ וו גרמניה,61HC
ב מ וו גרמניה,61HD
ב מ וו גרמניה,61HG
ב מ וו גרמניה,63AT
ב מ וו גרמניה,63AV
ב מ וו גרמניה,63AZ
ב מ וו גרמניה,63DA
ב מ וו גרמניה,63FJ
ב מ וו גרמניה,63GM
ב מ וו גרמניה,6A01
ב מ וו גרמניה,6B21
ב מ וו גרמניה,6D01
ב מ וו גרמניה,6E91
ב מ וו גרמניה,6F11
ב מ וו גרמניה,6G91
ב מ וו גרמניה,6H11
ב מ וו גרמניה,6J91
ב מ וו גרמניה,6N31
ב מ וו גרמניה,71AA
ב מ וו גרמניה,71AB
ב מ וו גרמניה,71AP
ב מ וו גרמניה,71AV
ב מ וו גרמניה,71AW
ב מ וו גרמניה,71BJ
ב מ וו גרמניה,71BM
ב מ וו גרמניה,71CH
ב מ וו גרמניה,71DY
ב מ וו גרמניה,71EG
ב מ וו גרמניה,71FJ
ב מ וו גרמניה,71GM
ב מ וו גרמניה,71HB
ב מ וו גרמניה,71HD
ב מ וו גרמניה,728 IA GE21
ב מ וו גרמניה,728IAL GH21
ב מ וו גרמניה,730 IA GF21
ב מ וו גרמניה,730 IA L GJ21
ב מ וו גרמניה,735I GF31
ב מ וו גרמניה,735I.A GF 41
ב מ וו גרמניה,735I.AL GJ41
ב מ וו גרמניה,73AP
ב מ וו גרמניה,73AW
ב מ וו גרמניה,73DB
ב מ וו גרמניה,73EF
ב מ וו גרמניה,740 IA L GJ61
ב מ וו גרמניה,740I.AGF 81
ב מ וו גרמניה,740I.AL GJ81
ב מ וו גרמניה,740IA_GF61
ב מ וו גרמניה,740IGF71
ב מ וו גרמניה,750 IA GG01
ב מ וו גרמניה,750I.A 21GG
ב מ וו גרמניה,750I.AL GK21
ב מ וו גרמניה,7A21
ב מ וו גרמניה,7A81
ב מ וו גרמניה,7B01
ב מ וו גרמניה,7D01
ב מ וו גרמניה,7D61
ב מ וו גרמניה,7D610
ב מ וו גרמניה,7E21
ב מ וו גרמניה,7F01
ב מ וו גרמניה,7F21
ב מ וו גרמניה,7H61
ב מ וו גרמניה,7J01
ב מ וו גרמניה,7J21
ב מ וו גרמניה,7K31
ב מ וו גרמניה,7L11
ב מ וו גרמניה,7L51
ב מ וו גרמניה,7R81
ב מ וו גרמניה,7T2C
ב מ וו גרמניה,7U21
ב מ וו גרמניה,7W21
ב מ וו גרמניה,7W41
ב מ וו גרמניה,7Z21
ב מ וו גרמניה,7Z61
ב מ וו גרמניה,81AP
ב מ וו גרמניה,81CH
ב מ וו גרמניה,81DB
ב מ וו גרמניה,81EH
ב מ וו גרמניה,81FJ
ב מ וו גרמניה,81FK
ב מ וו גרמניה,81GE
ב מ וו גרמניה,81GM
ב מ וו גרמניה,81GV
ב מ וו גרמניה,83AP
ב מ וו גרמניה,83CH
ב מ וו גרמניה,83DA
ב מ וו גרמניה,83EH
ב מ וו גרמניה,83FB
ב מ וו גרמניה,83FK
ב מ וו גרמניה,83GM
ב מ וו גרמניה,840I CA EF81
ב מ וו גרמניה,8A11
ב מ וו גרמניה,8A71
ב מ וו גרמניה,8B31
ב מ וו גרמניה,8E11
ב מ וו גרמניה,8E31
ב מ וו גרמניה,8M91
ב מ וו גרמניה,8P21
ב מ וו גרמניה,8P610
ב מ וו גרמניה,8X31
ב מ וו גרמניה,8X71
ב מ וו גרמניה,AE01
ב מ וו גרמניה,AE0C
ב מ וו גרמניה,AE21
ב מ וו גרמניה,AE2C
ב מ וו גרמניה,AL31
ב מ וו גרמניה,AL71
ב מ וו גרמניה,AM11
ב מ וו גרמניה,AM31
ב מ וו גרמניה,AM51
ב מ וו גרמניה,AP73
ב מ וו גרמניה,AR51
ב מ וו גרמניה,AS71
ב מ וו גרמניה,AT51
ב מ וו גרמניה,AU51
ב מ וו גרמניה,AV11
ב מ וו גרמניה,AV31
ב מ וו גרמניה,AV51
ב מ וו גרמניה,AY31
ב מ וו גרמניה,AY71
ב מ וו גרמניה,BC21
ב מ וו גרמניה,BC41
ב מ וו גרמניה,BC4C
ב מ וו גרמניה,BD11
ב מ וו גרמניה,BD31
ב מ וו גרמניה,BD51
ב מ וו גרמניה,BD91
ב מ וו גרמניה,BE71-318IS2
ב מ וו גרמניה,BE81
ב מ וו גרמניה,BF81
ב מ וו גרמניה,BG21
ב מ וו גרמניה,BH41
ב מ וו גרמניה,BK81
ב מ וו גרמניה,BL31
ב מ וו גרמניה,BL91
ב מ וו גרמניה,BM11
ב מ וו גרמניה,BM31
ב מ וו גרמניה,BM51
ב מ וו גרמניה,BN11
ב מ וו גרמניה,BN31
ב מ וו גרמניה,BN51
ב מ וו גרמניה,BP71
ב מ וו גרמניה,BR31
ב מ וו גרמניה,BR91
ב מ וו גרמניה,BS11
ב מ וו גרמניה,BS31
ב מ וו גרמניה,BS51
ב מ וו גרמניה,BV71
ב מ וו גרמניה,BW11
ב מ וו גרמניה,BW31
ב מ וו גרמניה,BW51
ב מ וו גרמניה,BW71
ב מ וו גרמניה,BX91
ב מ וו גרמניה,BY71
ב מ וו גרמניה,CA01
ב מ וו גרמניה,CB81
ב מ וו גרמניה,CG21
ב מ וו גרמניה,CH31
ב מ וו גרמניה,CL31
ב מ וו גרמניה,CN51
ב מ וו גרמניה,CS21
ב מ וו גרמניה,CV41
ב מ וו גרמניה,DAW50000
ב מ וו גרמניה,DD3I-523I
ב מ וו גרמניה,DD41
ב מ וו גרמניה,DD61
ב מ וו גרמניה,DD91
ב מ וו גרמניה,DL81
ב מ וו גרמניה,DM21
ב מ וו גרמניה,DM31
ב מ וו גרמניה,DM41
ב מ וו גרמניה,DM61
ב מ וו גרמניה,DN21
ב מ וו גרמניה,DN61
ב מ וו גרמניה,DN81
ב מ וו גרמניה,DP01
ב מ וו גרמניה,DT21
ב מ וו גרמניה,DT41
ב מ וו גרמניה,DT51
ב מ וו גרמניה,DT61
ב מ וו גרמניה,DV31
ב מ וו גרמניה,DW31
ב מ וו גרמניה,DX31
ב מ וו גרמניה,DX71
ב מ וו גרמניה,DZ01
ב מ וו גרמניה,DZ21
ב מ וו גרמניה,DZ2C
ב מ וו גרמניה,DZ41
ב מ וו גרמניה,EA11
ב מ וו גרמניה,EA51
ב מ וו גרמניה,EB51
ב מ וו גרמניה,EH11
ב מ וו גרמניה,EH31
ב מ וו גרמניה,EH71
ב מ וו גרמניה,EK11
ב מ וו גרמניה,EK31
ב מ וו גרמניה,EK71
ב מ וו גרמניה,EV11
ב מ וו גרמניה,EV31
ב מ וו גרמניה,EV51
ב מ וו גרמניה,EY71
ב מ וו גרמניה,FP31
ב מ וו גרמניה,FR11
ב מ וו גרמניה,FR71
ב מ וו גרמניה,FR91
ב מ וו גרמניה,FV91
ב מ וו גרמניה,FW11
ב מ וו גרמניה,FW51
ב מ וו גרמניה,FY41
ב מ וו גרמניה,G4C41AW
ב מ וו גרמניה,G5L
ב מ וו גרמניה,G6E
ב מ וו גרמניה,G9M
ב מ וו גרמניה,GA91
ב מ וו גרמניה,GE41
ב מ וו גרמניה,GF41
ב מ וו גרמניה,GG01
ב מ וו גרמניה,GG41
ב מ וו גרמניה,GG81
ב מ וו גרמניה,GH41
ב מ וו גרמניה,GH61
ב מ וו גרמניה,GH81
ב מ וו גרמניה,GJ01
ב מ וו גרמניה,GL21
ב מ וו גרמניה,GL41
ב מ וו גרמניה,GL61
ב מ וו גרמניה,GL81
ב מ וו גרמניה,GM21
ב מ וו גרמניה,GN21
ב מ וו גרמניה,GN41
ב מ וו גרמניה,GN61
ב מ וו גרמניה,GN81
ב מ וו גרמניה,GP61
ב מ וו גרמניה,GP81
ב מ וו גרמניה,GV01
ב מ וו גרמניה,GV0C
ב מ וו גרמניה,GV21
ב מ וו גרמניה,GV2C
ב מ וו גרמניה,GV41
ב מ וו גרמניה,GV81
ב מ וו גרמניה,GV8C
ב מ וו גרמניה,HF31
ב מ וו גרמניה,HL01
ב מ וו גרמניה,HL21
ב מ וו גרמניה,HL61
ב מ וו גרמניה,HL81
ב מ וו גרמניה,HN01
ב מ וו גרמניה,HN21
ב מ וו גרמניה,HN61
ב מ וו גרמניה,HN81
ב מ וו גרמניה,HS11
ב מ וו גרמניה,HS71
ב מ וו גרמניה,HS91
ב מ וו גרמניה,HU11
ב מ וו גרמניה,IB71
ב מ וו גרמניה,IN71
ב מ וו גרמניה,JA11
ב מ וו גרמניה,JA51
ב מ וו גרמניה,JA91
ב מ וו גרמניה,JA910
ב מ וו גרמניה,JA9C
ב מ וו גרמניה,JB31
ב מ וו גרמניה,JF01
ב מ וו גרמניה,JF31
ב מ וו גרמניה,JG11
ב מ וו גרמניה,JG31
ב מ וו גרמניה,JG51
ב מ וו גרמניה,JH91
ב מ וו גרמניה,JHH
ב מ וו גרמניה,JP91
ב מ וו גרמניה,JS71
ב מ וו גרמניה,JV41
ב מ וו גרמניה,KA01
ב מ וו גרמניה,KA21
ב מ וו גרמניה,KA41
ב מ וו גרמניה,KA81
ב מ וו גרמניה,KB01
ב מ וו גרמניה,KB21
ב מ וו גרמניה,KB41
ב מ וו גרמניה,KB81
ב מ וו גרמניה,KD51
ב מ וו גרמניה,KE31
ב מ וו גרמניה,KG31
ב מ וו גרמניה,KG71
ב מ וו גרמניה,KG91
ב מ וו גרמניה,KN91
ב מ וו גרמניה,KT01
ב מ וו גרמניה,LL31
ב מ וו גרמניה,LL51
ב מ וו גרמניה,LM31
ב מ וו גרמניה,LM51
ב מ וו גרמניה,LM71
ב מ וו גרמניה,LW31
ב מ וו גרמניה,LW71
ב מ וו גרמניה,LX31
ב מ וו גרמניה,LX91
ב מ וו גרמניה,LZ31
ב מ וו גרמניה,M3-COUPE_BG_91
ב מ וו גרמניה,MU71
ב מ וו גרמניה,NA31
ב מ וו גרמניה,NA51
ב מ וו גרמניה,NA71
ב מ וו גרמניה,NB11
ב מ וו גרמניה,NB31
ב מ וו גרמניה,NB51
ב מ וו גרמניה,NB91
ב מ וו גרמניה,NC71
ב מ וו גרמניה,NC91
ב מ וו גרמניה,NE31
ב מ וו גרמניה,NE51
ב מ וו גרמניה,NE71
ב מ וו גרמניה,NT11
ב מ וו גרמניה,NU11
ב מ וו גרמניה,NU51
ב מ וו גרמניה,NU91
ב מ וו גרמניה,NW31
ב מ וו גרמניה,NW51
ב מ וו גרמניה,NX51
ב מ וו גרמניה,NX71
ב מ וו גרמניה,NX91
ב מ וו גרמניה,PF71
ב מ וו גרמניה,PG51
ב מ וו גרמניה,PH11
ב מ וו גרמניה,PM31
ב מ וו גרמניה,PM71
ב מ וו גרמניה,PX31
ב מ וו גרמניה,SN21
ב מ וו גרמניה,SN41
ב מ וו גרמניה,SN61
ב מ וו גרמניה,SP7C
ב מ וו גרמניה,UA31
ב מ וו גרמניה,UA51
ב מ וו גרמניה,UC31
ב מ וו גרמניה,UD31
ב מ וו גרמניה,UE71
ב מ וו גרמניה,UF31
ב מ וו גרמניה,UF51
ב מ וו גרמניה,UJ01
ב מ וו גרמניה,UL51
ב מ וו גרמניה,UL91
ב מ וו גרמניה,UN91
ב מ וו גרמניה,UR91
ב מ וו גרמניה,VA71
ב מ וו גרמניה,VB11
ב מ וו גרמניה,VB31
ב מ וו גרמניה,VC31
ב מ וו גרמניה,VG51
ב מ וו גרמניה,VG71
ב מ וו גרמניה,VH31
ב מ וו גרמניה,VH51
ב מ וו גרמניה,VL31
ב מ וו גרמניה,VL91
ב מ וו גרמניה,VM31
ב מ וו גרמניה,VN31
ב מ וו גרמניה,VN91
ב מ וו גרמניה,VP3+
ב מ וו גרמניה,VP31
ב מ וו גרמניה,VP51
ב מ וו גרמניה,WA51
ב מ וו גרמניה,WB31
ב מ וו גרמניה,WB51
ב מ וו גרמניה,WB71
ב מ וו גרמניה,WD91
ב מ וו גרמניה,WK51
ב מ וו גרמניה,WL11
ב מ וו גרמניה,WL51
ב מ וו גרמניה,WL71
ב מ וו גרמניה,WL91
ב מ וו גרמניה,XG11
ב מ וו גרמניה,XG31
ב מ וו גרמניה,YA21
ב מ וו גרמניה,YA61
ב מ וו גרמניה,YA81
ב מ וו גרמניה,YE41
ב מ וו גרמניה,YE81
ב מ וו גרמניה,YG01
ב מ וו גרמניה,YH11
ב מ וו גרמניה,YH31
ב מ וו גרמניה,YK11
ב מ וו גרמניה,YN91
ב מ וו גרמניה,YP91
ב מ וו גרמניה,YU71
ב מ וו גרמניה,Z 3 1.8 CM11
ב מ וו גרמניה,Z3 1.8 CM11
ב מ וו גרמניה,Z3 1.9 אוט CH 71
ב מ וו גרמניה,Z3 CH71
ב מ וו גרמניה,Z3 CJ 11
ב מ וו גרמניה,Z32.8 CJ31
ב מ וו גרמניה,רגיל 318I-4 AL31
ב מ וו ד. אפר,65GP
ב מ וו הולנד,11DJ0
ב מ וו הולנד,21BR0
ב מ וו הולנד,21BS
ב מ וו הולנד,21BS0
ב מ וו הולנד,21DL
ב מ וו הולנד,31AA
ב מ וו הולנד,31DH
ב מ וו הולנד,31DK
ב מ וו הולנד,41DL
ב מ וו הולנד,51DK
ב מ וו הולנד,61DL
ב מ וו הולנד,71AA
ב מ וו הולנד,83BR
ב מ וו הולנד,JG11
ב מ וו הולנד,JG31
ב מ וו הולנד,JG51
ב מ וו הולנד,WG31
ב מ וו הולנד,WG71
ב מ וו הולנד,WH91
ב מ וו הולנד,WJ31
ב מ וו הולנד,WJ51
ב מ וו הולנד,WJ91
ב מ וו הולנד,XM51
ב מ וו הולנד,XM71
ב מ וו הולנד,XN71
ב מ וו הולנד,YS31
ב מ וו הולנד,YS91
ב מ וו הולנד,YU71
ב מ וו הולנד,YV71
ב מ וו הולנד,YW11
ב מ וו הולנד,YW31
ב מ וו מקסיקו,11CM
ב מ וו מקסיקו,11DM
ב מ וו מקסיקו,13DM
ב מ וו מקסיקו,21DM
ב מ וו מקסיקו,23DM
ב מ וו מקסיקו,28FS
ב מ וו מקסיקו,31DM
ב מ וו מקסיקו,33DM
ב מ וו מקסיקו,38FS
ב מ וו מקסיקו,39FF
ב מ וו מקסיקו,41CM
ב מ וו מקסיקו,48FF
ב מ וו מקסיקו,48GK
ב מ וו מקסיקו,49FF
ב מ וו מקסיקו,51CM
ב מ וו מקסיקו,53CM
ב מ וו מקסיקו,58GK
ב מ וו מקסיקו,5P7J
ב מ וו מקסיקו,61CM
ב מ וו מקסיקו,69FT
ב מ וו מקסיקו,NS-NS749Z
ב מ וו סין,11GC
ב מ וו סין,21GC
ב מ וו סין,31GC
ב מ וו סין,41DU
ב מ וו סין,7X41
ב מ וו סין,81GC
באייק סין,LNBMCU
באייק סין,LNBSC2G
בורג הולנד,447.815
בי ווי די,4CB
בי ווי די,CH6C
בי ווי די,E4DC1P
בי ווי די,EK
בי ווי די,EKE-EKE01
בי ווי די,EKE-EKE011
בי ווי די,EM2E-1
בי ווי די,EM2E-EM2E
בי ווי די,EM2E-EM2E01
בי ווי די,EQE-EQE0B
בי ווי די,EQE-EQE0C
בי ווי די,ETP-ETP3
בי ווי די,H6CD
בי ווי די,HAD-HA6
בי ווי די,HC-HC01
בי ווי די,HC-HC011
בי ווי די,SA2-SA2H0C
בי ווי די,SA2-SA2H0D
בי ווי די,SA3-SA3
בי ווי די,SA3-SA301
בי ווי די,SA3-SA3E
בי ווי די,SA3-SA3E0
בי ווי די,SA3-SA3E01
בי ווי די,SC2E-SC2E
בי ווי די,SC2E-SC2E01
בי ווי די,SC2E-SC2E2
בי ווי די,SC2E-SC2E21
בי ווי די,SC3E-SC3E0C
בי ווי די,SC3E-SC3H0B
בי ווי די,STE-STE
בי ווי די,STE2-STE2
בי ווי די,UK-UKE0B
בי ווי די,UK-UKE0C
בי ווי די,UK-UKE0D
בי ווי די,UK-UKE0D1
בי ווי די,UK-UKE0E
ביואיק ארהב,4GM69
ביואיק ארהב,4HP69
ביואיק ארהב,4HR69
ביואיק ארהב,G95G3
ביואיק ארהב,G95GC
ביואיק ארהב,G95GD
ביואיק ארהב,GA5GC
ביואיק ארהב,GB5GG
ביואיק ארהב,GC5GG
ביואיק ארהב,H95EM
ביואיק ארהב,HC5EM
ביואיק ארהב,HD572
ביואיק ארהב,HD57M
ביואיק ארהב,HR57Y
ביואיק ארהב,LE SABRE__4HP69
ביואיק ארהב,LIMITED 4HR69
ביואיק קנדה,WC582
ביואיק קנדה,WC_582
ביואיק קנדה,WD582
ביואיק קנדה,WE587
ביואיק_מקסיקו,4BK26
ביואיק_מקסיקו,4BT26
ביואיק_מקסיקו,BT26
בנטלי בריטניה,33S
בנטלי בריטניה,3S
בנטלי בריטניה,4V
בנטלי בריטניה,AH14V
בנטלי בריטניה,FLYING SPUR V8S
בנטלי בריטניה,Z241AB
"ג'.מ ארהב""",KNUL4
"ג'.מ ארהב""",RD6E4
"ג'.מ ארהב""",YA2D4
ג'אק סין,EEA2R
ג'אק סין,EEKSP
ג'אק סין,EPABR
ג'אקו סין,BBDE
ג'אקו סין,BDDE
ג'אקו סין,DB21
ג'אקו סין,DD21
ג'אקו סין,GTB22
ג'אקו סין,GTBAD
ג'י.אמ.סי,B0RDC
ג'י.אמ.סי,ENPRS
ג'י.אמ.סי,HUMMER EV SUV
ג'י.אמ.סי,S2DKL
ג'י.אמ.סי,S2DRL
ג'י.אמ.סי,TK10706
ג'י.אמ.סי,TK10906
ג'י.אמ.סי,TM11006
ג'י.אמ.סי,TM11OO6
ג'י.אמ.סי,TS10653
ג'י.אמ.סי,TS10803
ג'י.אמ.סי,TT10506
ג'י.אמ.סי,TT10803
ג'י.אמ.סי,TT1O653
ג'י.אמ.סי,TT355226
ג'י.אמ.סי,TT35526
ג'יי.אמ.סי מקס,AL8EG
ג'יפ איטליה,BUAXV11
ג'יפ איטליה,FA10AEA0000A0
ג'יפ איטליה,JDBW
ג'יפ איטליה,JDDW
ג'יפ איטליה,JDEW
ג'יפ איטליה,JEC1
ג'יפ איטליה,JEEA
ג'יפ איטליה,JFBW
ג'יפ איטליה,JFCW
ג'יפ איטליה,JFDW
ג'יפ איטליה,JFEW
ג'יפ איטליה,MP-JH7FA-MN1EBHRB
ג'יפ איטליה,MP-JH7FA-MN1EBHSB
ג'יפ איטליה,MPJHDFCMN1BABD
ג'יפ איטליה,MPJHDFCMN1BABE
ג'יפ איטליה,MPJHDFCMN2BABAA
ג'יפ איטליה,MPJHDFCMN2BABAC
ג'יפ איטליה,MPJHDFCMN2BABAD
ג'יפ איטליה,MPJHDFCMN2BAC
ג'יפ איטליה,MPJHDFTNN1BABB
ג'יפ איטליה,MPJHPFPML1BBH1
ג'יפ איטליה,MPJHPFPMN1BBH1
ג'יפ איטליה,MPJHPFPNL1BAH1
ג'יפ איטליה,MPJHPFPNN1BAH1
ג'יפ איטליה,MPJHPFPNNBAH1
"ג'יפ ארהב""",ANGLER RUBICON 392
"ג'יפ ארהב""",GJX.ANX
"ג'יפ ארהב""",GJXA
"ג'יפ ארהב""",HJXE
"ג'יפ ארהב""",HJXFN8
"ג'יפ ארהב""",JACB
"ג'יפ ארהב""",JEAG
"ג'יפ ארהב""",JFAG
"ג'יפ ארהב""",JFBG
"ג'יפ ארהב""",JFBM
"ג'יפ ארהב""",JFCG
"ג'יפ ארהב""",JFDJ
"ג'יפ ארהב""",JFJM
"ג'יפ ארהב""",JFLG
"ג'יפ ארהב""",JGBG
"ג'יפ ארהב""",JHAG
"ג'יפ ארהב""",JHBG
"ג'יפ ארהב""",JHCG
"ג'יפ ארהב""",JHDG
"ג'יפ ארהב""",JHEG
"ג'יפ ארהב""",JJX.SJ8
"ג'יפ ארהב""",JK-JTAFG-M5H61A
"ג'יפ ארהב""",JK-JTAFG-M5H62A
"ג'יפ ארהב""",JKAG
"ג'יפ ארהב""",JKBG
"ג'יפ ארהב""",JKDG
"ג'יפ ארהב""",JKEG
"ג'יפ ארהב""",JKET
"ג'יפ ארהב""",JKJTAFGM5H61A
"ג'יפ ארהב""",JLCB
"ג'יפ ארהב""",JMCU
"ג'יפ ארהב""",JMDN
"ג'יפ ארהב""",JSGP
"ג'יפ ארהב""",JTAFG
"ג'יפ ארהב""",JTAG
"ג'יפ ארהב""",JTAM
"ג'יפ ארהב""",JTBG
"ג'יפ ארהב""",JTEG
"ג'יפ ארהב""",JTFM
"ג'יפ ארהב""",JVBT
"ג'יפ ארהב""",JVDT
"ג'יפ ארהב""",JVEJ
"ג'יפ ארהב""",JXA.N4M
"ג'יפ ארהב""",JXAG
"ג'יפ ארהב""",JXAN
"ג'יפ ארהב""",JXCG
"ג'יפ ארהב""",JXCN
"ג'יפ ארהב""",JXDG
"ג'יפ ארהב""",JXDM
"ג'יפ ארהב""",JXDN
"ג'יפ ארהב""",JXEG
"ג'יפ ארהב""",JXEM
"ג'יפ ארהב""",JXEN
"ג'יפ ארהב""",JXFG
"ג'יפ ארהב""",JXFM
"ג'יפ ארהב""",JXFN
"ג'יפ ארהב""",JXP6
"ג'יפ ארהב""",JXR6
"ג'יפ ארהב""",JXSJ
"ג'יפ ארהב""",JYB6
"ג'יפ ארהב""",JYC6
"ג'יפ ארהב""",JYD6
"ג'יפ ארהב""",JYE6
"ג'יפ ארהב""",LAREDO
"ג'יפ ארהב""",PJXA
"ג'יפ ארהב""",RANGLER UNLIMITED
"ג'יפ ארהב""",RJFBG
"ג'יפ ארהב""",RJFL
"ג'יפ ארהב""",RJHA
"ג'יפ ארהב""",RJHB
"ג'יפ ארהב""",RJKBG2
"ג'יפ ארהב""",RUBICON
"ג'יפ ארהב""",SAHARA
"ג'יפ ארהב""",UNLIMITED
"ג'יפ ארהב""",WRANGLER
ג'יפ מכסיקו,JDCH
ג'יפ פולין,FH11AEA0000A0
ג'יפ פולין,FH11AEA0000A02DAAN
ג'יפ פולין,FH11AGT312AA3
ג'יפ פולין,FH11AGT312AB3
ג'יפ פולין,JAC5
גופל,GWMZZ
גי.אי.סי סין,A19-G1-2A2G3HM
גי.אי.סי סין,A21-G-1A2E5AB
גי.אי.סי סין,AY5-G-1A2E3KP
גי.אי.סי סין,GAH7000BEVH0B
גיאיוואן סין,KOMI
גיי.איי.סי סין,EEA2R
גיי.איי.סי סין,EEASR
גיי.איי.סי סין,EEKRP
גיי.איי.סי סין,EFATR
גילי סין,5S0AB
גילי סין,5S0BA
גילי סין,5S0CA
גילי סין,5S6AA
גילי סין,5S6BA
גילי סין,HP5SEE
גילי סין,LP5SEF
גיפ-ישראל,CYJ-L
גיפ-ישראל,CYJ-L-ממוגן
גיפ-ישראל,ברזנט CYJ-L
גיפ-ישראל,ברזנט CYJ-S
גיפ-ישראל,ברזנטCYJ-L
גיפ-ישראל,ברזנטCYJ-S
גיפ-ישראל,ברזנט_CYJ-L
גיפ-ישראל,ברזנט_CYJ-S
גיפ-ישראל,סגור CYJ-L
גיפ-ישראל,סגור CYJ-S
גיפ-ישראל,סגור_CYJ-L
גיפ-ישראל,סגור_CYJ-S
גמס,TT35526
גרייט וול סין,CB31
גרייט וול סין,CB33
גרייט וול סין,CBE1
גרייט וול סין,CC713OSMO1
גרייט וול סין,CC7150AMO1
גרייט וול סין,CC7150SMO1
גרייט וול סין,DB31
גרייט וול סין,DBE1
גרייט וול סין,ED2A
גרייט וול סין,EEUA5
גרייט וול סין,EFEA
גרייט וול סין,FFEA
דאבל יו אם איי,27409
דאיון סין,LG9Z
דאיון סין,LR6Y
דאציה מרוקו,0SDCJ5
דאציה מרוקו,0SDCY5
דאציה מרוקו,5SDAAC
דאציה מרוקו,DJF00
דאציה מרוקו,J9220
דאציה מרוקו,JSDAC7
דאציה מרוקו,JSDB04
דאציה מרוקו,JSDBC7
דאציה מרוקו,JSDCL5
דאציה מרוקו,JSDDL5
דאציה מרוקו,JSDDY5
דאציה מרוקו,JSDE96
דאציה מרוקו,JSDF96
דאציה מרוקו,K6720
דאציה מרוקו,OSDA05
דאציה מרוקו,OSDCJ5
דאציה מרוקו,OSDCL4
דאציה מרוקו,OSDCL5
דאציה סין,BV6
דאציה סין,DBG
דאציה סין,DBG00
דאציה רומניה,4SDA14
דאציה רומניה,4SDA1E
דאציה רומניה,4SDCJ4
דאציה רומניה,4SDKJ5
דאציה רומניה,4SDL15
דאציה רומניה,4SDL1F
דאציה רומניה,5SDA1A
דאציה רומניה,5SDA1C
דאציה רומניה,5SDAAC
דאציה רומניה,5SDCJC
דאציה רומניה,5SDCLC
דאציה רומניה,5SDE33
דאציה רומניה,5SDKJC
דאציה רומניה,5SDL1A
דאציה רומניה,5SDL1C
דאציה רומניה,5SDL1F
דאציה רומניה,5SDMC5
דאציה רומניה,7SDA1E
דאציה רומניה,7SDCJ4
דאציה רומניה,7SDCJJ
דאציה רומניה,7SDKJ5
דאציה רומניה,7SDKJK
דאציה רומניה,7SDL15
דאציה רומניה,7SDL1A
דאציה רומניה,7SDL1F
דאציה רומניה,B5220
דאציה רומניה,DBG
דאציה רומניה,DBG00
דאציה רומניה,DJF00
דאציה רומניה,DJF01
דאציה רומניה,DJF02
דאציה רומניה,HJD20
דאציה רומניה,HJD40
דאציה רומניה,HSDA26
דאציה רומניה,HSDADF
דאציה רומניה,HSDADG
דאציה רומניה,HSDCL6
דאציה רומניה,HSDCUN
דאציה רומניה,HSDCW6
דאציה רומניה,HSDJ9F
דאציה רומניה,HSDJ9G
דאציה רומניה,HSDJ9P
דאציה רומניה,J9220
דאציה רומניה,K5220
דאציה רומניה,K6720
דה טומאסו,INZKZZ
"דודג' ארהב""",DJCT
"דודג' ארהב""",RFLT
דודג' קנדה,CDXL
דודג' קנדה,CDZA
דודג' קנדה,CDZF
דודג' קנדה,CLX9
דודג' קנדה,DBCK
דודג' קנדה,DGBG
דודג' קנדה,DGCG
דודג' קנדה,DXCT
דודג' קנדה,DXGJ
דודג' קנדה,DXHG
דודג' קנדה,DXL9
דודג' קנדה,DZAG
דודג' קנדה,DZBT
דודג' קנדה,DZC9
דודג' קנדה,DZFG
דודג' קנדה,DZFJ
דודג' קנדה,DZJG
דודג' קנדה,DZKG
דונגפנג,N1217
דונגפנג,T1217
דונגפנג סין,H97Z
דונגפנג סין,M18-2
דונגפנג סין,S31-00
דונגפנג סין,S31/SM-00
די אס גרמניה,F45GFT
די אס גרמניה,F45GGT
די אס גרמניה,F4DGY
די אס גרמניה,F4DGYT
די.אס צרפת,J45GB
די.אס צרפת,J45GBU
די.אס צרפת,J45GFR/C1B000
די.אס צרפת,J45GFU
די.אס צרפת,J45GFU/C1D000
די.אס צרפת,J45GFU/C1D100
די.אס צרפת,J4DGZ
די.אס צרפת,J4DGZU
די.אס צרפת,JJEHZR
די.אס צרפת,JJEHZR/C2B000
די.אס צרפת,JJEHZR/C2F000
די.אס צרפת,KF5GZT/S
די.אס צרפת,SA5GZM/S
די.אס צרפת,SAHNVT/S
די.אס צרפת,SAHNZT/S
די.אס צרפת,SBHNVT/S
די.אס צרפת,UJZKW
די.אס צרפת,UJZKXZ
די.אס צרפת,URHNNS
די.אס צרפת,URHNNS/C1B000
די.אס צרפת,URHNSS
די.אף.אס.קיי,A53P9
די.אף.אס.קיי,BN219
די.אף.אס.קיי,BR21B
די.אף.אס.קיי,DR21B
די.אף.אס.קיי,MR2AB
דייהו קוריאה ד,-VA69Z
דייהו קוריאה ד,3511BD TICO-SX
דייהו קוריאה ד,4M11BD
דייהו קוריאה ד,E0B
דייהו קוריאה ד,JA 486
דייהו קוריאה ד,JA356
דייהו קוריאה ד,JA35Z נובירה
דייהו קוריאה ד,JA486
דייהו קוריאה ד,JA696
דייהו קוריאה ד,JA69Z נובירה
דייהו קוריאה ד,JE 486
דייהו קוריאה ד,JF 696
דייהו קוריאה ד,JF486
דייהו קוריאה ד,JF696
דייהו קוריאה ד,L2B
דייהו קוריאה ד,LANOS-TAO8Y
דייהו קוריאה ד,LANOS-TFO8Y
דייהו קוריאה ד,LEGANZA-VA69Z
דייהו קוריאה ד,NUBIRA A16DMS
דייהו קוריאה ד,NUBIRA-JA486
דייהו קוריאה ד,NUBIRA-JA696
דייהו קוריאה ד,NUBIRA-JA69Z
דייהו קוריאה ד,NUBIRA-JF486
דייהו קוריאה ד,NUBIRA-JF696
דייהו קוריאה ד,P1C19
דייהו קוריאה ד,TA 08V
דייהו קוריאה ד,TA48Y
דייהו קוריאה ד,TA68V
דייהו קוריאה ד,TA69Y
דייהו קוריאה ד,TA_696_לאנוס
דייהו קוריאה ד,TF 198 1.8
דייהו קוריאה ד,TF48Y
דייהו קוריאה ד,TF68Y
דייהו קוריאה ד,TF69Y
דייהו קוריאה ד,UA75Z
דייהו קוריאה ד,אספרו JA189
דייהו קוריאה ד,אספרו- JA19W
דייהו קוריאה ד,אספרו-JF 189
דייהו קוריאה ד,נקסיה  TA08V
דייהו קוריאה ד,נקסיה-TA68Y
דייהו קוריאה ד,נקסיה-TF68Y
דייהו קוריאה ד,סלון סופר NR192
דייהו קוריאה ד,פרינסER19W
דייהו קוריאה ד,רייסר סופר TA19Y
דייהו קוריאה ד,רייסר סופר TF19Y
דייהו קוריאה ד,רייסר סופר-TA19Y
דייהו קוריאה ד,רייסר סופר-TF19Y
דייהו קוריאה ד,רייסר סןפר-TA19Y
דייהטסו-יפן,A101 LS GMME
דייהטסו-יפן,A101LS GMME
דייהטסו-יפן,A101LS GPDE
דייהטסו-יפן,A101LS-GMDE
דייהטסו-יפן,A101LS-GMME
דייהטסו-יפן,A101LS-GPDE
דייהטסו-יפן,ABS+A101LS-GMDE
דייהטסו-יפן,ABS+A101LS-GPDE
דייהטסו-יפן,CUORE L7011S-GHDFW
דייהטסו-יפן,F300LG-BMHS
דייהטסו-יפן,G200 LS FMGE
דייהטסו-יפן,G200 LS FPDE
דייהטסו-יפן,G200LS-GMDE
דייהטסו-יפן,G200LS-GPDE
דייהטסו-יפן,G203LS EPDE
דייהטסו-יפן,G203LS GMDE
דייהטסו-יפן,G203LS-EMDE
דייהטסו-יפן,G203LS-EPDE
דייהטסו-יפן,G301L-GMNEW
דייהטסו-יפן,G301L-GPNEW
דייהטסו-יפן,G303LG-GMNEW
דייהטסו-יפן,G303LG-GPNEW
דייהטסו-יפן,H1OOLG-GMXEW
דייהטסו-יפן,J100LG-GMXEW
דייהטסו-יפן,J100LG-GPXEW
דייהטסו-יפן,J1020L6-GMDFW
דייהטסו-יפן,J102LG-GPDFW
דייהטסו-יפן,J102LG-JMXFW
דייהטסו-יפן,J102LG-JPXFW
דייהטסו-יפן,J1O2LG-GPXFW
דייהטסו-יפן,J210LG-GQXFW
דייהטסו-יפן,J21OLG-GQXFW
דייהטסו-יפן,JP20LG-GMXFW
דייהטסו-יפן,L701LS  GHDFW
דייהטסו-יפן,L701LS FMDFW
דייהטסו-יפן,L701LSFHDFW
דייהטסו-יפן,L70ILS FMDFW
דייהטסו-יפן,M100LS GMNFW
דייהטסו-יפן,M100LS GPNEW
דייהטסו-יפן,M101LS GPSAW
דייהטסו-יפן,M101LS GQSAW
דייהטסו-יפן,M201LG-GPGEW
דייהטסו-יפן,M201LG-JQGEW
דייהטסו-יפן,M301LS-GQGEW
דייהטסו-יפן,M30ILS-GQGEW
דייהטסו-יפן,M402LS-GQGEW
דייהטסו-יפן,M4O2LS-GQGEW
דייהטסו-יפן,MI00LS GMNFW
דייהטסו-יפן,NIOOLS GPNEW
דייהטסו-יפן,אפלאוז-A101LS-GHDE
דייהטסו-יפן,אפלאוז-A101LS-GMDE
דייהטסו-יפן,אפלאוז-A101LS-GPDE
דייהטסו-יפן,אפלאוז-A101LS-GPME
דייהטסו-יפן,מ גרן G301LG-GMNEW
דייהטסו-יפן,מ גרן G301LG-GPNEW
דייהטסו-יפן,סיריוןM100LS-GMNFW
דייהטסו-יפן,סיריוןM100LS-GPNFW
דייהטסו-יפן,פרוזה F300L6-BMK
דייהטסו-יפן,שרייד G200LS FMGE
דייהטסו-יפן,שרייד G200LS FPDE
דייהטסו-יפן,שרייד G200LS-FMGE
דייהטסו-יפן,שרייד G200LS-FPDE
דייהטסו-יפן,שריידG200LS-FPDE
דייהטסו-יפן,שריידG202LS-FMDE
דייהטסו-יפן,שרייד_G200LS-GMDE
דייהטסו-יפן,שרייד_G200LS-GPDE
דימלרקריזלר-אס,463.248
דימלרקריזלר-אר,163-128
דימלרקריזלר-אר,163113
דימלרקריזלר-אר,163128
דימלרקריזלר-אר,163157
דימלרקריזלר-אר,164.120
דימלרקריזלר-אר,164.122
דימלרקריזלר-אר,164.172
דימלרקריזלר-אר,164.175
דימלרקריזלר-אר,164.177
דימלרקריזלר-אר,164.186
דימלרקריזלר-אר,164.822
דימלרקריזלר-אר,164.828
דימלרקריזלר-אר,164.871
דימלרקריזלר-אר,164.886
דימלרקריזלר-אר,ML 270 CDI
דימלרקריזלר-אר,ML 320
דימלרקריזלר-אר,ML 500
דימלרקריזלר-גר,168.109
דימלרקריזלר-גר,168.132
דימלרקריזלר-גר,168.133
דימלרקריזלר-גר,170.465
דימלרקריזלר-גר,171.442
דימלרקריזלר-גר,171.454
דימלרקריזלר-גר,171.456
דימלרקריזלר-גר,171.473
דימלרקריזלר-גר,203.006
דימלרקריזלר-גר,203.007
דימלרקריזלר-גר,203.008
דימלרקריזלר-גר,203.016
דימלרקריזלר-גר,203.040
דימלרקריזלר-גר,203.042
דימלרקריזלר-גר,203.045
דימלרקריזלר-גר,203.046
דימלרקריזלר-גר,203.052
דימלרקריזלר-גר,203.061
דימלרקריזלר-גר,203.064
דימלרקריזלר-גר,203.740
דימלרקריזלר-גר,203.742
דימלרקריזלר-גר,203.746
דימלרקריזלר-גר,203.752
דימלרקריזלר-גר,204.007
דימלרקריזלר-גר,204.041
דימלרקריזלר-גר,204.054
דימלרקריזלר-גר,204.056
דימלרקריזלר-גר,208 CDI
דימלרקריזלר-גר,209.354
דימלרקריזלר-גר,209.356
דימלרקריזלר-גר,209.361
דימלרקריזלר-גר,209.365
דימלרקריזלר-גר,209.375
דימלרקריזלר-גר,209.454
דימלרקריזלר-גר,209.456
דימלרקריזלר-גר,209.465
דימלרקריזלר-גר,209.476
דימלרקריזלר-גר,210.006
דימלרקריזלר-גר,210.016
דימלרקריזלר-גר,210.062
דימלרקריזלר-גר,210.065
דימלרקריזלר-גר,211 CDI
דימלרקריזלר-גר,"211,006"
דימלרקריזלר-גר,"211,023"
דימלרקריזלר-גר,"211,026"
דימלרקריזלר-גר,211.006
דימלרקריזלר-גר,211.007
דימלרקריזלר-גר,211.008
דימלרקריזלר-גר,211.016
דימלרקריזלר-גר,211.020
דימלרקריזלר-גר,211.022
דימלרקריזלר-גר,211.023
דימלרקריזלר-גר,211.026
דימלרקריזלר-גר,211.041
דימלרקריזלר-גר,211.042
דימלרקריזלר-גר,211.052
דימלרקריזלר-גר,211.054
דימלרקריזלר-גר,211.056
דימלרקריזלר-גר,211.061
דימלרקריזלר-גר,211.065
דימלרקריזלר-גר,211.070
דימלרקריזלר-גר,211.072
דימלרקריזלר-גר,211.076
דימלרקריזלר-גר,211.082
דימלרקריזלר-גר,211.083
דימלרקריזלר-גר,211.220
דימלרקריזלר-גר,211.265
דימלרקריזלר-גר,215.374
דימלרקריזלר-גר,216.371
דימלרקריזלר-גר,216.377
דימלרקריזלר-גר,219.356
דימלרקריזלר-גר,219.372
דימלרקריזלר-גר,219.375
דימלרקריזלר-גר,219.376
דימלרקריזלר-גר,219.377
דימלרקריזלר-גר,220.070
דימלרקריזלר-גר,220.075
דימלרקריזלר-גר,220.125
דימלרקריזלר-גר,220.167
דימלרקריזלר-גר,220.170
דימלרקריזלר-גר,220.175
דימלרקריזלר-גר,220.176
דימלרקריזלר-גר,221.056
דימלרקריזלר-גר,221.071
דימלרקריזלר-גר,221.122
דימלרקריזלר-גר,221.156
דימלרקריזלר-גר,221.171
דימלרקריזלר-גר,221.176
דימלרקריזלר-גר,221.177
דימלרקריזלר-גר,221.187
דימלרקריזלר-גר,"230,475"
דימלרקריזלר-גר,230.456
דימלרקריזלר-גר,230.467
דימלרקריזלר-גר,230.471
דימלרקריזלר-גר,230.472
דימלרקריזלר-גר,230.474
דימלרקריזלר-גר,230.477
דימלרקריזלר-גר,245.233
דימלרקריזלר-גר,245.234
דימלרקריזלר-גר,903.622
דימלרקריזלר-גר,903.662
דימלרקריזלר-גר,906.631
דימלרקריזלר-גר,906.633
דימלרקריזלר-גר,A 160
דימלרקריזלר-גר,A-160
דימלרקריזלר-גר,A-190 LONG
דימלרקריזלר-גר,A190 LONG
דימלרקריזלר-גר,C 200K
דימלרקריזלר-גר,C 240
דימלרקריזלר-גר,C-220 CDI
דימלרקריזלר-גר,C-240
דימלרקריזלר-גר,C320
דימלרקריזלר-גר,CLK 240
דימלרקריזלר-גר,CLK-430
דימלרקריזלר-גר,C_200K
דימלרקריזלר-גר,E 220 CDI
דימלרקריזלר-גר,E 270 CDI
דימלרקריזלר-גר,E-220 CDI
דימלרקריזלר-גר,E-240
דימלרקריזלר-גר,E-320
דימלרקריזלר-גר,KOMPRCSSOR C-200
דימלרקריזלר-גר,KOMPRESSOR
דימלרקריזלר-גר,KOMPRESSOR C-200
דימלרקריזלר-גר,KOMPRESSOR CLK 200
דימלרקריזלר-גר,L0NG A 190
דימלרקריזלר-גר,LONG S 320
דימלרקריזלר-גר,NE9L
דימלרקריזלר-גר,S 320
דימלרקריזלר-גר,S-320
דימלרקריזלר-גר,S-320 LONG
דימלרקריזלר-גר,S-350
דימלרקריזלר-גר,S-430
דימלרקריזלר-גר,S-430 LONG
דימלרקריזלר-גר,S-500
דימלרקריזלר-גר,S-500 LONG
דימלרקריזלר-גר,S-600
דימלרקריזלר-גר,SL55AMG
דימלרקריזלר-גר,SPRINTER 313 CDI
דימלרקריזלר-ספ,639.603
דימלרקריזלר-ספ,639.605
דימלרקריזלר-ספ,639.701
דימלרקריזלר-ספ,639.703
דימלרקריזלר-ספ,639.705
דימלרקריזלר-ספ,639.713
דימלרקריזלר-ספ,639.813
דימלרקריזלר-ספ,639.815
דיפאל סין,C673
דיפאל סין,C857
האמר ג.מ. דרום,N 15306
האמר ג.מ. דרום,N15306
"האמר-ארהב""",RN 15306
הונדה בריטניה,ACCORD 2.2I CE968
הונדה בריטניה,CG86
הונדה בריטניה,CG96
הונדה בריטניה,CH15
הונדה בריטניה,CH86
הונדה בריטניה,EP24
הונדה בריטניה,EP33
הונדה בריטניה,EU88
הונדה בריטניה,FK27
הונדה בריטניה,FK28
הונדה בריטניה,FK37
הונדה בריטניה,FK67
הונדה בריטניה,FK68
הונדה בריטניה,FK77
הונדה בריטניה,FK78
הונדה בריטניה,FK87
הונדה בריטניה,FN23
הונדה בריטניה,GG57
הונדה בריטניה,GG68
הונדה בריטניה,LS אוטו'דל5 סיוויק
הונדה בריטניה,RD88
הונדה בריטניה,RE57
הונדה בריטניה,RE58
הונדה בריטניה,RE68
הונדה בריטניה,RE78
הונדה בריטניה,RW28
הונדה בריטניה,אוט LS  דל5 סיויק
הונדה בריטניה,ידנ LS דל 5 סיויק
הונדה בריטניה,ידני LS דל5 סיויק
הונדה בריטניה,סיוויק ES MB486
הונדה בריטניה,סיוויק LS MB485
הונדה הודו,GN2
הונדה הודו,GN26
הונדה טורקיה,ES75
הונדה טורקיה,ES76
הונדה טורקיה,FB86
הונדה טורקיה,FC16
הונדה טורקיה,FC56
הונדה טורקיה,FD75
הונדה טורקיה,FD76
הונדה מקסיקו,RU18
הונדה סין,RS1
הונדה סין,RZ
הונדה תאילנד,FE1
הונדה תאילנד,FE16
"הונדה-ארהב""",2.0 LX אקורד
"הונדה-ארהב""",ACCORD 3.0I CG165
"הונדה-ארהב""",AXLH40L-PPXEHA
"הונדה-ארהב""",CF965
"הונדה-ארהב""",CG22
"הונדה-ארהב""",CG42
"הונדה-ארהב""",COUPE אקורד
"הונדה-ארהב""",CR6F3EEW
"הונדה-ארהב""",CV3
"הונדה-ארהב""",CV3F
"הונדה-ארהב""",CY2F
"הונדה-ארהב""",DE4
"הונדה-ארהב""",EJ81
"הונדה-ארהב""",EJ82
"הונדה-ארהב""",EX 2.2 אקורד
"הונדה-ארהב""",FB2F
"הונדה-ארהב""",JJJAA
"הונדה-ארהב""",LX 2.0 אקורד
"הונדה-ארהב""",RL5H
"הונדה-ארהב""",RL6
"הונדה-ארהב""",RL6H
"הונדה-ארהב""",RT6
"הונדה-ארהב""",YD8
"הונדה-ארהב""",YE1
"הונדה-ארהב""",YF68
"הונדה-ארהב""",YF6H
"הונדה-ארהב""",YG1
"הונדה-ארהב""",YG1H
"הונדה-ארהב""",ZE4F
"הונדה-ארהב""",סק 2.2 אקורד
הונדה-יפן,2.3I שאטל
הונדה-יפן,AP11
הונדה-יפן,BB6
הונדה-יפן,BB8
הונדה-יפן,BB9
הונדה-יפן,BE17
הונדה-יפן,BE18
הונדה-יפן,BE37
הונדה-יפן,CH36
הונדה-יפן,CH46
הונדה-יפן,CL76
הונדה-יפן,CL96
הונדה-יפן,CM18
הונדה-יפן,CM28
הונדה-יפן,CN15
הונדה-יפן,CU1
הונדה-יפן,CU16
הונדה-יפן,CU2
הונדה-יפן,CU26
הונדה-יפן,CU3
הונדה-יפן,CU35
הונדה-יפן,CU36
הונדה-יפן,CW18
הונדה-יפן,CW28
הונדה-יפן,EJ93
הונדה-יפן,EJ94
הונדה-יפן,EJ95
הונדה-יפן,EJ96
הונדה-יפן,EJ964 CIVIC 1400IF
הונדה-יפן,EK15
הונדה-יפן,EK16
הונדה-יפן,ES55
הונדה-יפן,ES56
הונדה-יפן,ES95
הונדה-יפן,EX  אקורד
הונדה-יפן,EX אקורד
הונדה-יפן,FD15
הונדה-יפן,FD16
הונדה-יפן,FD36
הונדה-יפן,FL4
הונדה-יפן,FL5
הונדה-יפן,GD17
הונדה-יפן,GD18
הונדה-יפן,GE67
הונדה-יפן,GE68
הונדה-יפן,GG17
הונדה-יפן,GH13
הונדה-יפן,GH14
הונדה-יפן,GH23
הונדה-יפן,GH24
הונדה-יפן,GH37
הונדה-יפן,GH38
הונדה-יפן,GH47
הונדה-יפן,GH48
הונדה-יפן,GK37
הונדה-יפן,GK38
הונדה-יפן,GP18
הונדה-יפן,GR38
הונדה-יפן,GR68
הונדה-יפן,KA96
הונדה-יפן,KA962TJT50
הונדה-יפן,KB16
הונדה-יפן,KB26
הונדה-יפן,PRELUDE2.2VTI BB8
הונדה-יפן,RD18
הונדה-יפן,RN38
הונדה-יפן,RT5
הונדה-יפן,RT58
הונדה-יפן,RT6
הונדה-יפן,RU18
הונדה-יפן,RV
הונדה-יפן,RV58
הונדה-יפן,RW28
הונדה-יפן,SHUTTLE-2.3IES
הונדה-יפן,SHUTTLE-2.3ILS
הונדה-יפן,ZE28
הונדה-יפן,ZF13
הונדה-יפן,אוט 16SR דל4 סיויק
הונדה-יפן,אוט ES 2.2 שאטל
הונדה-יפן,אוט LS 2.2 שאטל
הונדה-יפן,ידנ 1.4S דל4 סיויק
הונדה-יפן,סיוויק1.6I SR EK16
הונדה-קנדה,FB2F
הונדה-קנדה,FC3A58
הונדה-קנדה,FG3B
הונדה-קנדה,HONDA
הונדה-קנדה,RM3H
הונדה-קנדה,RW1H2
ואז,21080
ואז,2109
ואז,21090
ואז,21093
ואז,21099
ואז,21214
ואז,212141
וואי סין,V611F2HKL4M25DL0
וואי סין,V611F2HKL4MN5DL0
וואי סין,V611F2HKLUM25DL0
וואי סין,V611F4HKL3M25DL0
וואי סין,V71V61MF4HKL2M15DL
וויה סין,H37Z
וויה סין,H37Z-SM
וויה סין,H56Z
וויה סין,H92Z
וויה סין,H97Z
"וולבו ארהב""",ABB3
"וולבו ארהב""",TFEE
"וולבו ארהב""",TFEV
"וולבו ארהב""",ZS25
"וולבו ארהב""",ZSAK
"וולבו ארהב""",ZSBM
"וולבו ארהב""",ZSK9
וולבו בלגיה,854 T5 TURBO
וולבו בלגיה,854GLE 2000
וולבו בלגיה,854GLT 2500
וולבו בלגיה,855 T5 TURBO
וולבו בלגיה,855GLE  2500
וולבו בלגיה,855GLE 2000
וולבו בלגיה,DZ40
וולבו בלגיה,DZ44
וולבו בלגיה,DZ47
וולבו בלגיה,DZ61
וולבו בלגיה,DZ70
וולבו בלגיה,DZ71
וולבו בלגיה,DZ73
וולבו בלגיה,DZ82
וולבו בלגיה,DZ90
וולבו בלגיה,DZ99
וולבו בלגיה,DZA5
וולבו בלגיה,FS40
וולבו בלגיה,FS41
וולבו בלגיה,FS44
וולבו בלגיה,FS47
וולבו בלגיה,FS48
וולבו בלגיה,FS49
וולבו בלגיה,FS52
וולבו בלגיה,FS88
וולבו בלגיה,FS90
וולבו בלגיה,FSA0
וולבו בלגיה,FW40
וולבו בלגיה,GLE LS510-850
וולבו בלגיה,GLE LW510-850
וולבו בלגיה,LS51
וולבו בלגיה,LS53
וולבו בלגיה,LS55
וולבו בלגיה,LS56
וולבו בלגיה,LS57
וולבו בלגיה,LS61
וולבו בלגיה,LS65
וולבו בלגיה,LW53
וולבו בלגיה,LW55
וולבו בלגיה,LW57
וולבו בלגיה,LW61
וולבו בלגיה,LW65
וולבו בלגיה,MK20
וולבו בלגיה,MK38
וולבו בלגיה,MK43
וולבו בלגיה,MK67
וולבו בלגיה,MK68
וולבו בלגיה,MK76H2
וולבו בלגיה,MS38
וולבו בלגיה,MS43
וולבו בלגיה,MS43B
וולבו בלגיה,MS58
וולבו בלגיה,MS66
וולבו בלגיה,MS67
וולבו בלגיה,MS68
וולבו בלגיה,MS75B
וולבו בלגיה,MS76E2
וולבו בלגיה,MS84E
וולבו בלגיה,MV29
וולבו בלגיה,MV32
וולבו בלגיה,MV37
וולבו בלגיה,MV40
וולבו בלגיה,MV41
וולבו בלגיה,MV48
וולבו בלגיה,MV51
וולבו בלגיה,MV63
וולבו בלגיה,MW38
וולבו בלגיה,MW43B
וולבו בלגיה,MW58
וולבו בלגיה,MW66
וולבו בלגיה,MW67
וולבו בלגיה,MW68
וולבו בלגיה,MW7551
וולבו בלגיה,MW76E2
וולבו בלגיה,MW84E
וולבו בלגיה,MZ32
וולבו בלגיה,MZ37
וולבו בלגיה,MZ40
וולבו בלגיה,MZ41
וולבו בלגיה,MZ48
וולבו בלגיה,MZ63
וולבו בלגיה,RS49
וולבו בלגיה,RS52
וולבו בלגיה,RS53
וולבו בלגיה,RS54
וולבו בלגיה,RS58
וולבו בלגיה,RS61
וולבו בלגיה,RS65
וולבו בלגיה,S 70 GLE
וולבו בלגיה,S60 D3
וולבו בלגיה,S70 GLT LS55
וולבו בלגיה,S70 SE LS51
וולבו בלגיה,S70T LS56
וולבו בלגיה,SW52
וולבו בלגיה,SW53
וולבו בלגיה,SW54
וולבו בלגיה,SW61
וולבו בלגיה,SW65
וולבו בלגיה,UZ10
וולבו בלגיה,UZ68
וולבו בלגיה,V70 AWD-LW52
וולבו בלגיה,V70 GLE
וולבו בלגיה,V70 GLT LW55
וולבו בלגיה,V70 SE LW51
וולבו בלגיה,V707 LW56
וולבו בלגיה,XKED
וולבו בלגיה,XKEF
וולבו בלגיה,XKEH
וולבו בלגיה,XKER
וולבו בלגיה,XZ13
וולבו בלגיה,XZ15
וולבו בלגיה,XZAC
וולבו בלגיה,XZBB
וולבו בלגיה,XZBB-PHEV
וולבו בלגיה,XZBW
וולבו בלגיה,XZED
וולבו בלגיה,XZEF
וולבו בלגיה,XZEH
וולבו בלגיה,XZER
וולבו בלגיה,XZK7
וולבו בלגיה,XZK8
וולבו בלגיה,XZL4
וולבו בלגיה,ZS25
וולבו בלגיה,ZWBM
וולבו בלגיה,ZX13
וולבו הולנד,S40 1.8 VS12
וולבו הולנד,S40 2.0 VS16
וולבו הולנד,S40 SE VS16
וולבו הולנד,S40 T VS19
וולבו הולנד,S40 T4 VS18
וולבו הולנד,V40 1.8 VW12
וולבו הולנד,V40 2.0 VW16
וולבו הולנד,V40 SE VW16
וולבו הולנד,V40 T VW19
וולבו הולנד,V40 T4 VW18
וולבו הולנד,VS16
וולבו הולנד,VS17
וולבו הולנד,VS18
וולבו הולנד,VS24
וולבו הולנד,VS25
וולבו הולנד,VS29
וולבו הולנד,VS37
וולבו הולנד,VS70
וולבו הולנד,VW16
וולבו הולנד,VW17
וולבו הולנד,VW18
וולבו הולנד,VW24
וולבו הולנד,VW25
וולבו הולנד,VW29
וולבו הולנד,VW37
וולבו הולנד,VW70
וולבו סין,1SDD
וולבו סין,2ZEK
וולבו סין,2ZEL
וולבו סין,2ZEM
וולבו סין,CX11
וולבו סין,PS10
וולבו סין,PS25
וולבו סין,PSA2
וולבו סין,PSA3
וולבו סין,PSBA
וולבו סין,PSBM
וולבו סין,PSH5
וולבו סין,PSH5-PHEV
וולבו סין,PSL1
וולבו סין,UZAK
וולבו סין,ZSBM
וולבו סין,ZSH5
וולבו סין,ZSL1
וולבו שוודיה,940 GL
וולבו שוודיה,940 GLE
וולבו שוודיה,944-21
וולבו שוודיה,944-81
וולבו שוודיה,944GL TURBO 2000
וולבו שוודיה,944GLE  LPT   2300
וולבו שוודיה,944GLE LPT 2300
וולבו שוודיה,944GLE TURBO 2000
וולבו שוודיה,945-81
וולבו שוודיה,945GL TURBO 2000
וולבו שוודיה,945GLE   LPT  2300
וולבו שוודיה,960      2500
וולבו שוודיה,960      3000
וולבו שוודיה,964-95
וולבו שוודיה,964-96
וולבו שוודיה,AR85
וולבו שוודיה,AR90
וולבו שוודיה,AR99
וולבו שוודיה,AS40
וולבו שוודיה,AS44
וולבו שוודיה,AS47
וולבו שוודיה,AS48
וולבו שוודיה,AS56
וולבו שוודיה,AS60
וולבו שוודיה,AS71
וולבו שוודיה,AS85
וולבו שוודיה,AS88
וולבו שוודיה,AS90
וולבו שוודיה,AS98
וולבו שוודיה,AS99
וולבו שוודיה,BW98
וולבו שוודיה,BW99
וולבו שוודיה,BZ82
וולבו שוודיה,BZ95
וולבו שוודיה,BZ98
וולבו שוודיה,CM59
וולבו שוודיה,CM71
וולבו שוודיה,CM79
וולבו שוודיה,CM85
וולבו שוודיה,CM91
וולבו שוודיה,CM98
וולבו שוודיה,CR85
וולבו שוודיה,CR91
וולבו שוודיה,CT85
וולבו שוודיה,CT91
וולבו שוודיה,CT95
וולבו שוודיה,CT98
וולבו שוודיה,CZ30
וולבו שוודיה,CZ59
וולבו שוודיה,CZ71
וולבו שוודיה,CZ79
וולבו שוודיה,CZ85
וולבו שוודיה,CZ91
וולבו שוודיה,CZ98
וולבו שוודיה,FS40
וולבו שוודיה,FSA0
וולבו שוודיה,FW40
וולבו שוודיה,FW44
וולבו שוודיה,FW47
וולבו שוודיה,H60C
וולבו שוודיה,H60P
וולבו שוודיה,LC68
וולבו שוודיה,LCA2
וולבו שוודיה,LCA4
וולבו שוודיה,LF68
וולבו שוודיה,LFA2
וולבו שוודיה,LFA3
וולבו שוודיה,LFA4
וולבו שוודיה,LFBA
וולבו שוודיה,LFBM
וולבו שוודיה,LFH5
וולבו שוודיה,LFH7
וולבו שוודיה,LFK2
וולבו שוודיה,LFL1
וולבו שוודיה,LFM1
וולבו שוודיה,LTBA
וולבו שוודיה,MC38
וולבו שוודיה,MC67
וולבו שוודיה,MC68
וולבו שוודיה,NK53
וולבו שוודיה,PE92
וולבו שוודיה,PS10
וולבו שוודיה,PSA2
וולבו שוודיה,PZA2
וולבו שוודיה,S 90_3.0
וולבו שוודיה,S80 2.9 TS97
וולבו שוודיה,S90 2.5
וולבו שוודיה,S90 30 LIMO 96495
וולבו שוודיה,S90 96496
וולבו שוודיה,SW53
וולבו שוודיה,SZ58
וולבו שוודיה,SZ59
וולבו שוודיה,SZ79
וולבו שוודיה,TR91
וולבו שוודיה,TR92
וולבו שוודיה,TS49
וולבו שוודיה,TS61
וולבו שוודיה,TS79
וולבו שוודיה,TS90
וולבו שוודיה,TS91
וולבו שוודיה,TS92
וולבו שוודיה,TS94
וולבו שוודיה,TS97
וולבו שוודיה,UZ10
וולבו שוודיה,UZ25
וולבו שוודיה,UZ68
וולבו שוודיה,UZAK
וולבו שוודיה,UZBA
וולבו שוודיה,UZBF
וולבו שוודיה,UZBM
וולבו שוודיה,UZBT
וולבו שוודיה,UZH1
וולבו שוודיה,UZH5
וולבו שוודיה,UZH5-PHEV
וולבו שוודיה,UZH7
וולבו שוודיה,UZK2
וולבו שוודיה,UZL1
וולבו שוודיה,UZM1
וולבו שוודיה,XZ13
וולבו שוודיה,ZWBM
וולבו שוודיה,ZWH5
וולבו שוודיה,ZWH7
וולבו שוודיה,ZZL1
זיקר,27E1A
זיקר,27E1R
זיקר,BX2X1
זיקר,BX2X3
זיקר,DC2X1
זיקר,DC2X2
ט אי סי,KDJ120L-GKAEYW
טויוטה אוסטריה,B48B20B
טויוטה אוסטריה,DB0C
טויוטה אוסטריה,DB0C0X
טויוטה אוסטריה,DB0G
טויוטה אוסטריה,DB21L
טויוטה אוסטריה,DB2C
טויוטה אוסטריה,DB4C
טויוטה אנגליה,AZT220L-AEPEHW
טויוטה אנגליה,AZT250L-AEPEHW
טויוטה אנגליה,BEPNKW-ST191L
טויוטה אנגליה,CDT220L-AEMNYW
טויוטה אנגליה,DEL-ZWE186L-DHXNBW
טויוטה אנגליה,MZEH12L DWXNBW
טויוטה אנגליה,MZEH19L DWXNBW
טויוטה אנגליה,NHP130L-CHXSBW
טויוטה אנגליה,NRE210L-DHFDZW
טויוטה אנגליה,NRE210L-DHXNZW
טויוטה אנגליה,ST220L-AEPEKW
טויוטה אנגליה,ZRE185L-DHXNPW
טויוטה אנגליה,ZRE185L-DHXSPW
טויוטה אנגליה,ZRE185L-DWXSPW
טויוטה אנגליה,ZRT271L-AEXEPW
טויוטה אנגליה,ZRT272L-AEXEPW
טויוטה אנגליה,ZRT272L-AWXEPW
טויוטה אנגליה,ZW219L DWXNBW
טויוטה אנגליה,ZWE150L-DHXNBW
טויוטה אנגליה,ZWE186L-DHXGBW
טויוטה אנגליה,ZWE186L-DHXNBW
טויוטה אנגליה,ZWE186L-DHXSBW
טויוטה אנגליה,ZWE186L-DWXDBW
טויוטה אנגליה,ZWE186L-DWXGBW
טויוטה אנגליה,ZWE186L-DWXNBW
טויוטה אנגליה,ZWE186L-DWXSBW
טויוטה אנגליה,ZWE211
טויוטה אנגליה,ZWE211L DHXNBW
טויוטה אנגליה,ZWE211L DWXNBW
טויוטה אנגליה,ZWE211L-DHXDBW
טויוטה אנגליה,ZWE211L-DHXGBW
טויוטה אנגליה,ZWE211L-DHXNBW
טויוטה אנגליה,ZWE211L-DWXDBW
טויוטה אנגליה,ZWE211L-DWXNBW
טויוטה אנגליה,ZWE219-DWXNBW
טויוטה אנגליה,ZWE219L
טויוטה אנגליה,ZWE219L DWXNBW
טויוטה אנגליה,ZWE219L-DWXDBW
טויוטה אנגליה,ZWE219L-DWXNBW
טויוטה אנגליה,ZXE219L DWXNBW
טויוטה אנגליה,ZZE121L-DHMNKW
טויוטה אנגליה,ZZE121L-DHPDKW
טויוטה אנגליה,ZZE121L-DHPNKW
"טויוטה ארהב""",AASH10L AWXMBA
"טויוטה ארהב""",AASH15L AWXGBA
"טויוטה ארהב""",AASH15L AWXMBA
"טויוטה ארהב""",AASH15L-AWXGBA
"טויוטה ארהב""",AASH15L-AWXMBA
"טויוטה ארהב""",AASH15LAWGBA
"טויוטה ארהב""",ASU50L-ARTNKA
"טויוטה ארהב""",ASV50L-CETGKA
"טויוטה ארהב""",AVV50L-CEXGBA
"טויוטה ארהב""",AVV50L-CEXNBA
"טויוטה ארהב""",AVX40L
"טויוטה ארהב""",AXAH54L
"טויוטה ארהב""",AXAH54L CNXMBA
"טויוטה ארהב""",AXAH54L CNXXBA
"טויוטה ארהב""",AXAH54L- CNXGBA
"טויוטה ארהב""",AXAH54L- CNXMBA
"טויוטה ארהב""",AXAH54L-CNXMBA
"טויוטה ארהב""",AXAH54L-CNXMBK
"טויוטה ארהב""",AXAL54L CNXGBA
"טויוטה ארהב""",AXH54L-CNXMBA
"טויוטה ארהב""",AXLH40 PNXSHA
"טויוטה ארהב""",AXLH40L
"טויוטה ארהב""",AXLH40L - PPXEHA
"טויוטה ארהב""",AXLH40L PNXLHA
"טויוטה ארהב""",AXLH40L PNXSHA
"טויוטה ארהב""",AXLH40L PNXXHA
"טויוטה ארהב""",AXLH40L PPXEHA
"טויוטה ארהב""",AXLH40L PPXXHA
"טויוטה ארהב""",AXLH40L- PNXLHA
"טויוטה ארהב""",AXLH40L- PNXSHA
"טויוטה ארהב""",AXLH40L- PNXXHA
"טויוטה ארהב""",AXLH40L- PPXEHA
"טויוטה ארהב""",AXLH40L- PPXXHA
"טויוטה ארהב""",AXLH40L-PNXLHA
"טויוטה ארהב""",AXLH40L-PNXSHA
"טויוטה ארהב""",AXLH40L-PNXXHA
"טויוטה ארהב""",AXLH40L-PPXEHA
"טויוטה ארהב""",AXLH40L-PPXRHA
"טויוטה ארהב""",AXLH40L-PPXXHA
"טויוטה ארהב""",AXLH40LPPXEHA
"טויוטה ארהב""",AXLH40LPPXXHA
"טויוטה ארהב""",AXLH45-PPXEHA
"טויוטה ארהב""",AXLH45L - PPXEHA
"טויוטה ארהב""",AXLH45L PNXLHA
"טויוטה ארהב""",AXLH45L PNXSHA
"טויוטה ארהב""",AXLH45L PNXXHA
"טויוטה ארהב""",AXLH45L PPXEHA
"טויוטה ארהב""",AXLH45L PPXXHA
"טויוטה ארהב""",AXLH45L- PNXLHA
"טויוטה ארהב""",AXLH45L- PNXSHA
"טויוטה ארהב""",AXLH45L- PNXXHA
"טויוטה ארהב""",AXLH45L- PPXEHA
"טויוטה ארהב""",AXLH45L-PNXLHA
"טויוטה ארהב""",AXLH45L-PNXSHA
"טויוטה ארהב""",AXLH45L-PNXXHA
"טויוטה ארהב""",AXLH45L-PPXEHA
"טויוטה ארהב""",AXLH45LPNXSHA
"טויוטה ארהב""",AXU78L-ARXMHA
"טויוטה ארהב""",AXUH70L ARXMHA
"טויוטה ארהב""",AXUH70L ARXNHA
"טויוטה ארהב""",AXUH70L-ARXMHA
"טויוטה ארהב""",AXUH70L-ARXNHA
"טויוטה ארהב""",AXUH78L
"טויוטה ארהב""",AXUH78L ARXGHA
"טויוטה ארהב""",AXUH78L ARXGHW
"טויוטה ארהב""",AXUH78L ARXMHA
"טויוטה ארהב""",AXUH78L ARXNHA
"טויוטה ארהב""",AXUH78L-ARX
"טויוטה ארהב""",AXUH78L-ARXGHA
"טויוטה ארהב""",AXUH78L-ARXGHW
"טויוטה ארהב""",AXUH78L-ARXMHA
"טויוטה ארהב""",AXUH78L-ARXMHW
"טויוטה ארהב""",AXUH78L-ARXNHA
"טויוטה ארהב""",AXVA70L CEZNBA
"טויוטה ארהב""",AXVA70L-CEZNBA
"טויוטה ארהב""",AXVA75L-CEZSBA
"טויוטה ארהב""",AXVH7
"טויוטה ארהב""",AXVH70-CEXNBA
"טויוטה ארהב""",AXVH70L CEXGBA
"טויוטה ארהב""",AXVH70L CEXNBA
"טויוטה ארהב""",AXVH70L CEXPBA
"טויוטה ארהב""",AXVH70L CEXSBA
"טויוטה ארהב""",AXVH70L-CEXGBA
"טויוטה ארהב""",AXVH70L-CEXNBA
"טויוטה ארהב""",AXVH70L-CEXPBA
"טויוטה ארהב""",AXVH70L-CEXSBA
"טויוטה ארהב""",AXVH70LCEXNBA
"טויוטה ארהב""",AXVH71L CEXGBA
"טויוטה ארהב""",AXVH71L CEXSBA
"טויוטה ארהב""",AXVH71L-CEXGBA
"טויוטה ארהב""",AXVH71L-CEXNBA
"טויוטה ארהב""",AXVH71L-CEXSBA
"טויוטה ארהב""",AXVH80L CEXPBA
"טויוטה ארהב""",AXVH80L CEXSBA
"טויוטה ארהב""",AXVH80L-CEXNBA
"טויוטה ארהב""",AXVH80L-CEXSBA
"טויוטה ארהב""",AXVH80LCEXSBA
"טויוטה ארהב""",AXVH85 CEXPBA
"טויוטה ארהב""",AXVH85L CEXGBA
"טויוטה ארהב""",AXVH85L CEXPBA
"טויוטה ארהב""",AXVH85L CEXSBA
"טויוטה ארהב""",AXVH85L-CEXGBA
"טויוטה ארהב""",AXVH85L-CEXPBA
"טויוטה ארהב""",AXVH85L-CEXSBA
"טויוטה ארהב""",AXXH50L
"טויוטה ארהב""",AXXH50L AEXGBA
"טויוטה ארהב""",AXXH50L AEXPBA
"טויוטה ארהב""",AXXH51L AEXGBA
"טויוטה ארהב""",AXXH51L AEXPBA
"טויוטה ארהב""",AXXH51L AEXQBA
"טויוטה ארהב""",AXXH51L-AEXQBA
"טויוטה ארהב""",B21HK2
"טויוטה ארהב""",B21HK4
"טויוטה ארהב""",BRKEC4
"טויוטה ארהב""",C31AK5
"טויוטה ארהב""",CZ5ANX
"טויוטה ארהב""",GRN285L-GKAGKA
"טויוטה ארהב""",GRN305L PRTSHA
"טויוטה ארהב""",GRN305L-PRTSHA
"טויוטה ארהב""",GRN310L
"טויוטה ארהב""",GSL30-PRTEKA
"טויוטה ארהב""",GSL30L
"טויוטה ארהב""",GSL30L PRZEHA
"טויוטה ארהב""",GSL30L PRZQHA
"טויוטה ארהב""",GSL30L PRZSHA
"טויוטה ארהב""",GSL30L-PFZQHA
"טויוטה ארהב""",GSL30L-PRTEKA
"טויוטה ארהב""",GSL30L-PRTQKA
"טויוטה ארהב""",GSL30L-PRZEHA
"טויוטה ארהב""",GSL30L-PRZQHA
"טויוטה ארהב""",GSL30L-PRZSHA
"טויוטה ארהב""",GSL35L-PFZQHA
"טויוטה ארהב""",GSL35L-PFZSHA
"טויוטה ארהב""",GSU55L ARZNHA
"טויוטה ארהב""",GSU55L-ARTMKA
"טויוטה ארהב""",GSU55L-ARZMHA
"טויוטה ארהב""",GSU55L-ARZNHA
"טויוטה ארהב""",GSU70L ARZMHA
"טויוטה ארהב""",GSU70L-ARZGHA
"טויוטה ארהב""",GSU70L-ARZMHA
"טויוטה ארהב""",GSU70L-ARZNHA
"טויוטה ארהב""",GSU75L
"טויוטה ארהב""",GSU75L ARZMHA
"טויוטה ארהב""",GSU75L-ARZ
"טויוטה ארהב""",GSU75L-ARZGHA
"טויוטה ארהב""",GSU75L-ARZMHA
"טויוטה ארהב""",GSX50L
"טויוטה ארהב""",GSX50L-AEZPBA
"טויוטה ארהב""",GVU58L
"טויוטה ארהב""",GVU58L-ARXGHA
"טויוטה ארהב""",GVU58L-ARXMHA
"טויוטה ארהב""",GVU85L-ARX
"טויוטה ארהב""",HIGHLANDER HYBRID
"טויוטה ארהב""",J31AK3
"טויוטה ארהב""",MXGA10L AHXGHA
"טויוטה ארהב""",MXGA10L-AHXGHA
"טויוטה ארהב""",MXGH15L AHXSBA
"טויוטה ארהב""",TACOMA
"טויוטה ארהב""",TASA15L AWZMTA
"טויוטה ארהב""",TASA15L-AWZGTA
"טויוטה ארהב""",TASA15L-AWZMTA
"טויוטה ארהב""",TASH15L AWTZTA
"טויוטה ארהב""",TASH15L-AWTVTA
"טויוטה ארהב""",TASH15L-AWTZTA
"טויוטה ארהב""",TOYOTA
"טויוטה ארהב""",TOYOTA RAV 4
"טויוטה ארהב""",TRN265L-PRPDKA
"טויוטה ארהב""",TXUA75L ARZMTA
"טויוטה ארהב""",TXUA75L-ARZGTA
"טויוטה ארהב""",USK65L
"טויוטה ארהב""",USK65L GKTSKA
"טויוטה ארהב""",USK65L-GKTLKA
"טויוטה ארהב""",VXKH75L-PSVLZA
"טויוטה ארהב""",VXKH80L-GKVLZA
"טויוטה ארהב""",VXKH85L GKVLZA
"טויוטה ארהב""",VXKH85L GKVSZA
"טויוטה ארהב""",VXKH85L GKVZZA
"טויוטה ארהב""",VXKH85L-GKVLZA
"טויוטה ארהב""",VXKH85L-GKVZZA
"טויוטה ארהב""",XLH40L-PNXSHA
"טויוטה ארהב""",YRK.EC0
"טויוטה ארהב""",ZVW51L-AHXEBA
טויוטה ב מ וו,DB2.C00
טויוטה בלגיה,AHKH-B2B01E
טויוטה בלגיה,BHXH-B2B01C
טויוטה בלגיה,NHP130L-CHXNBW
טויוטה בלגיה,ZWE186-DWXNBW
טויוטה בלגיה,ZWE186L-DHXDBW
טויוטה בלגיה,ZWE186L-DHXNBW
טויוטה בלגיה,ZWE186L-DWXDBW
טויוטה בלגיה,ZWE186L-DWXNBW
טויוטה דרום אפ,GUN125L BNF5XW
טויוטה דרום אפ,KUN15L-PRMDYW
טויוטה דרום אפ,KUN15L-PRPSHW
טויוטה דרום אפ,KUN15L-TRMDYW
טויוטה דרום אפ,KUN25L-PRMSHW
טויוטה דרום אפ,KUN25L-TRMDHW
טויוטה דרום אפ,KUN26L PRPSYW
טויוטה דרום אפ,ZRE151L-DEGDKW
טויוטה דרום אפ,ZRE151L-DEGNKW
טויוטה דרום אפ,ZVW51L-AHXEBA
טויוטה טורקיה,AXAH54L-CNXMBA
טויוטה טורקיה,C-HR
טויוטה טורקיה,CDE120L-DEMNXW
טויוטה טורקיה,CDE120L-DEMNYW
טויוטה טורקיה,DEL-ZRE181L-DEXGPW
טויוטה טורקיה,DEL-ZRE181L-DEXNPW
טויוטה טורקיה,MAXH10L AHXKBW
טויוטה טורקיה,MAXH20L-AHXGBW
טויוטה טורקיה,MAXH21L-AHXKBW
טויוטה טורקיה,MZEA11L-DEXNBW
טויוטה טורקיה,NGX10L-AHXNXW
טויוטה טורקיה,ZGR20L-GWFDPW
טויוטה טורקיה,ZGR21L-GRXEPW
טויוטה טורקיה,ZGR21L-GWXEPW
טויוטה טורקיה,ZNR11L-GRGDKW
טויוטה טורקיה,ZNR11L-GRGEKW
טויוטה טורקיה,ZRE151L-DHGDKW
טויוטה טורקיה,ZRE151L-DHGNKW
טויוטה טורקיה,ZRE151L-DHLDPW
טויוטה טורקיה,ZRE151L-DHLNPW
טויוטה טורקיה,ZRE151L-DHPDKW
טויוטה טורקיה,ZRE151L-DHPNKW
טויוטה טורקיה,ZRE181L-DEFNPW
טויוטה טורקיה,ZRE181L-DEXGPW
טויוטה טורקיה,ZRE181L-DEXNPW
טויוטה טורקיה,ZRE210L-DEXNPW
טויוטה טורקיה,ZVW51L
טויוטה טורקיה,ZWE-211
טויוטה טורקיה,ZWE186L-DHXSBW
טויוטה טורקיה,ZWE211
טויוטה טורקיה,ZWE211L DEXGBW
טויוטה טורקיה,ZWE211L DEXNBW
טויוטה טורקיה,ZWE211L-DEXGBW
טויוטה טורקיה,ZWE211L-DEXNBW
טויוטה טורקיה,ZWE211L-DHXNBW
טויוטה טורקיה,ZWE219-DEXNBW
טויוטה טורקיה,ZWE219L
טויוטה טורקיה,ZWE219L DEXNBW
טויוטה טורקיה,ZWE219L-DEXNBB
טויוטה טורקיה,ZWE219L-DEXNBW
טויוטה טורקיה,ZYEX11L AHXNBW
טויוטה טורקיה,ZYX10L-AHXEBW
טויוטה טורקיה,ZYX10L-AHXGBW
טויוטה טורקיה,ZYX10L-AHXNBW
טויוטה טורקיה,ZYX11
טויוטה טורקיה,ZYX11-AHXNBW
טויוטה טורקיה,ZYX11L AHXEBW
טויוטה טורקיה,ZYX11L AHXNBW
טויוטה טורקיה,ZYX11L-AHXEBW
טויוטה טורקיה,ZYX11L-AHXGBW
טויוטה טורקיה,ZYX11L-AHXKBW
טויוטה טורקיה,ZYX11L-AHXNBW
טויוטה טורקיה,ZYX20L
טויוטה טורקיה,ZYX20L AHXNBW
טויוטה טורקיה,ZYX20L-AHXEBB
טויוטה טורקיה,ZYX20L-AHXKBB
טויוטה טורקיה,ZYX20L-AHXKBW
טויוטה טורקיה,ZYX20L-AHXNBW
טויוטה טורקיה,ZZE121L-DEMNKW
טויוטה טורקיה,ZZE121L-DEPDKW
טויוטה טורקיה,ZZE121L-DEPNKW
טויוטה יפן,A25A-FXS
טויוטה יפן,ABS EP91L-AHHNKW
טויוטה יפן,ACA20L-AZPNKW
טויוטה יפן,ACA21L-AWPNKW
טויוטה יפן,ACA30L-AWPGKW
טויוטה יפן,ACA30L-AWPXKW
טויוטה יפן,ACM20L-ARSDKW
טויוטה יפן,ACV30L-AEPNKW
טויוטה יפן,ACV40L-AEANKW
טויוטה יפן,AE101L - AEMNKW
טויוטה יפן,AE101L - AEPDKW
טויוטה יפן,AE101L - AEPNKW
טויוטה יפן,AE101L AEPDKW
טויוטה יפן,AE101L- AEMNKW
טויוטה יפן,AE101L-AEMDKW
טויוטה יפן,AE101L-AEMNKW
טויוטה יפן,AE101L-AEPDKW
טויוטה יפן,AE101L-AEPNKW
טויוטה יפן,AE101L-AWMDKW
טויוטה יפן,AE111L-AEMNKW
טויוטה יפן,AE111L-AEPDKW
טויוטה יפן,AE111L-AEPNKW
טויוטה יפן,AE111L-ALPNKW
טויוטה יפן,AEDKW AE111L
טויוטה יפן,AEMDKW AE111L
טויוטה יפן,AEMDKW-AE111L
טויוטה יפן,AEPDKW-AE111L
טויוטה יפן,ATCHBACK SIGNATURE
טויוטה יפן,AVA42L-ANXGBW
טויוטה יפן,AVA42L-ANXMBW
טויוטה יפן,AWMDKW-AE111L
טויוטה יפן,AWPDKW-AE111L
טויוטה יפן,AXAA54L-ANZVB
טויוטה יפן,AXAH52
טויוטה יפן,AXAH52L ANXMBW
טויוטה יפן,AXAH52L-ANXMBW
טויוטה יפן,AXAH52L-ANXXBW
טויוטה יפן,AXAH54L ANXMBA
טויוטה יפן,AXAH54L ANXXBA
טויוטה יפן,AXAH54L-ANXGBW
טויוטה יפן,AXAH54L-ANXMBA
טויוטה יפן,AXAH54L-ANXMBW
טויוטה יפן,AXAH54L-ANXSBA
טויוטה יפן,AXAH54L-ANXXBA
טויוטה יפן,AXAH54L-CNXMBK
טויוטה יפן,AXAL52
טויוטה יפן,AXAL52L ANXGBW
טויוטה יפן,AXAL52L ANXMBW
טויוטה יפן,AXAL52L ANXPBW
טויוטה יפן,AXAL52L ANXXBW
טויוטה יפן,AXAL52L-ANXGBW
טויוטה יפן,AXAL52L-ANXMBW
טויוטה יפן,AXAL52L-ANXPBW
טויוטה יפן,AXAL52L-ANXXBW
טויוטה יפן,AXAL54L ANXGBW
טויוטה יפן,AXAL54L ANXMBA
טויוטה יפן,AXAL54L ANXMBW
טויוטה יפן,AXAL54L ANXPBW
טויוטה יפן,AXAL54L CNXPBK
טויוטה יפן,AXAL54L-ANXGBW
טויוטה יפן,AXAL54L-ANXMBW
טויוטה יפן,AXAP54L ANXMBK
טויוטה יפן,AXAP54L-ANXGBA
טויוטה יפן,AXAP54L-ANXGBW
טויוטה יפן,AXAP54L-ANXMBW
טויוטה יפן,AXUH85L ANXGBK
טויוטה יפן,AXUH85L ANXSBK
טויוטה יפן,AXUH85L-ANXGBK
טויוטה יפן,AXUH85L-ANXMBA
טויוטה יפן,AXUH85L-ANXSBK
טויוטה יפן,AXVH71-AEXDBW
טויוטה יפן,AXVH71L AEXDBW
טויוטה יפן,AXVH71L-AEXDBW
טויוטה יפן,AXVH80L AEXGBW
טויוטה יפן,AXVH80L AEXNBW
טויוטה יפן,AXVH80L-AEXGBW
טויוטה יפן,AXVH80L-AEXNBW
טויוטה יפן,AZSH35L AEXMBA
טויוטה יפן,AZSH35L-AEXMBA
טויוטה יפן,AZSH38L-CNXGBA
טויוטה יפן,CDE110L-AEMNYW
טויוטה יפן,CE110L-AEMDEW
טויוטה יפן,EAM1
טויוטה יפן,EP91L - AHHNKW
טויוטה יפן,EP91L-AHHNKW
טויוטה יפן,EP91L-AHMNKW
טויוטה יפן,GDJ150L GKTEYW
טויוטה יפן,GDJ150L-GKTEYW
טויוטה יפן,GDJ150L-GXTEYW
טויוטה יפן,GDJ155L-GJTEYW
טויוטה יפן,GDJ250L GNZAYW
טויוטה יפן,GDJ250L-GNZAYW
טויוטה יפן,GDJ250L-GNZRYW
טויוטה יפן,GDJ250L-GNZUYW
טויוטה יפן,GDJ251L-GNZAYW
טויוטה יפן,GDJ251L-GNZRYW
טויוטה יפן,GDJ251L-GNZUYW
טויוטה יפן,GG3WXDHHZLCS
טויוטה יפן,GGL15L-AWTGKW
טויוטה יפן,GR125L-GJAEKW
טויוטה יפן,GRJ120L-GKAEKW
טויוטה יפן,GRJ120L-GKPEKW
טויוטה יפן,GRJ125L-GJAEKW
טויוטה יפן,GRJ125L-GJPEKW
טויוטה יפן,GRJ150L-GKAEKW
טויוטה יפן,GRJ150L-GKTEKW
טויוטה יפן,GRN285L
טויוטה יפן,GRN285L GKAGKA
טויוטה יפן,GRN285L-GKAGKA
טויוטה יפן,GRS190L-BETQHW
טויוטה יפן,GSE20L-AETLHW
טויוטה יפן,GSE20L-AKTLHW
טויוטה יפן,GSJ15L-GDASKA
טויוטה יפן,GSU35L-AWAGKW
טויוטה יפן,GSV40L-AETGKW
טויוטה יפן,GWS191L-BEXQHW
טויוטה יפן,GXPA16L AGFGZW
טויוטה יפן,GXPA16L AGZGZW
טויוטה יפן,GYL10L-AWXGKW
טויוטה יפן,GYL15L-AWXGKW
טויוטה יפן,KDJ 150L GKAEYW
טויוטה יפן,KDJ120L GKAEYW
טויוטה יפן,KDJ120L-GKAEYW
טויוטה יפן,KDJ120L-GKPEYW
טויוטה יפן,KDJ125L-GJAEYW
טויוטה יפן,KDJ125L-GJPEYW
טויוטה יפן,KDJ150L- GKAEYW
טויוטה יפן,KDJ150L-GKAEYW
טויוטה יפן,KDJ150L=GKAEYW
טויוטה יפן,KDJ155L-GJAEYW
טויוטה יפן,KDJ90L-GJPNYW
טויוטה יפן,KDJ95L-GKPNYW
טויוטה יפן,KDN145L-PRMSYW
טויוטה יפן,KDN145L-TRMDYW
טויוטה יפן,KDN165L-PRMSYW
טויוטה יפן,KDN165L-TRMDYW
טויוטה יפן,KDN190L-PRPSYW
טויוטה יפן,KLH12L-SBMRHW
טויוטה יפן,KLH12L-SBSRHW
טויוטה יפן,KLH22L-SBMRHW
טויוטה יפן,KLH22L-SBSRHW
טויוטה יפן,KZJ90L-GJPNTW
טויוטה יפן,KZJ95L-GKPNTW
טויוטה יפן,LN145L - PRMDSW
טויוטה יפן,LN145L - TRMDSW
טויוטה יפן,LN145L-PRMDSW
טויוטה יפן,LN145L-PRMSSW
טויוטה יפן,LN165L - PRMDXW
טויוטה יפן,LN165L - TRMDXW
טויוטה יפן,LN165L PRMSXW
טויוטה יפן,LN165L-PRMSXW
טויוטה יפן,LN190L-PRPSXW
טויוטה יפן,LXH12L - SBSRXW
טויוטה יפן,LXH22L - SBSRXW
טויוטה יפן,MHU38L-AWXGKW
טויוטה יפן,MNW HZJ73LV
טויוטה יפן,MRW HZJ75LV
טויוטה יפן,MXAA52L-ANXMBW
טויוטה יפן,MXAA52L-ANXXBW
טויוטה יפן,MXAA54L-ANXMBW
טויוטה יפן,MXGH12L
טויוטה יפן,MXGH12L - RHXNHW
טויוטה יפן,MXGH12L KHXEHW
טויוטה יפן,MXGH12L KHXGHW
טויוטה יפן,MXGH12L KHXNHW
טויוטה יפן,MXGH12L RHXNHW
טויוטה יפן,MXGH12L-KHXGHW
טויוטה יפן,MXGH12L-KHXNHW
טויוטה יפן,MXGH12L-RHXNHW
טויוטה יפן,MXGH15L KHXEHW
טויוטה יפן,MXGH15L-KHXGHW
טויוטה יפן,MXWH61L-AHXHBW
טויוטה יפן,NCP10L-AHMGKW
טויוטה יפן,NCP10L-AHPGKW
טויוטה יפן,NCP13L-AGMVKW
טויוטה יפן,NCP20L-CHPGKW
טויוטה יפן,NCP20L-CHPNKW
טויוטה יפן,NGJ10L-BGXNGW
טויוטה יפן,NHP10L-AHXVBA
טויוטה יפן,NHW20L-AHEEBW
טויוטה יפן,NSP120L-CHXGKW
טויוטה יפן,SCP10L-AHMGKW
טויוטה יפן,ST191L - AEPNKW
טויוטה יפן,SXA10L-AZPGKW
טויוטה יפן,SXA11L - AWPGKW
טויוטה יפן,SXA11L-AWPGKW
טויוטה יפן,SXA1OL-AZPGKW
טויוטה יפן,SXV20L-AEPNKW
טויוטה יפן,TCR11L- RRSGKW
טויוטה יפן,TJH250L GNZAZA
טויוטה יפן,TJH250L GNZUZA
טויוטה יפן,TJH250L-GNZAZA
טויוטה יפן,TJH250L-GNZUZA
טויוטה יפן,TZNA50L GKZSZA
טויוטה יפן,TZNA55L GKZSZA
טויוטה יפן,TZNA55L-GKZSZA
טויוטה יפן,TZNH55L GKVSZA
טויוטה יפן,TZNH55L-GKVSZA
טויוטה יפן,TZSH35L AETATA
טויוטה יפן,UCF20L-AEAGKW
טויוטה יפן,UCF30L-AEAGKW
טויוטה יפן,UCF30L-AETGKW
טויוטה יפן,USF40L-AEZGHW
טויוטה יפן,UVF46L-AEXGHW
טויוטה יפן,UZJ200L GNAEKW
טויוטה יפן,UZJ200L-GNAEKW
טויוטה יפן,UZZ40L-DKTQKW
טויוטה יפן,VDJ200L-GNTEZW
טויוטה יפן,VIA252L GNUZZA
טויוטה יפן,VZJ90L-GJPNKW
טויוטה יפן,VZJ95L-GKPNKW
טויוטה יפן,XEAM10L MWDMSA
טויוטה יפן,XEAM10L MWDPSW
טויוטה יפן,XEAM10L-MWDHSW
טויוטה יפן,XEAM10L-MWDMSW
טויוטה יפן,XEAM10L-MWDPSW
טויוטה יפן,XV7
טויוטה יפן,XWAM10L MWDPSW
טויוטה יפן,YEAM15L MWDMSA
טויוטה יפן,YEAM15L-MWDHSW
טויוטה יפן,YEAM15L-MWDPSW
טויוטה יפן,ZN6-ALE7
טויוטה יפן,ZN6-ALE8
טויוטה יפן,ZNBE18N
טויוטה יפן,ZRE151L-AEFNKW
טויוטה יפן,ZRE151L-AEGDKW
טויוטה יפן,ZRE151L-AEGNKW
טויוטה יפן,ZRE151L-AEMNKW
טויוטה יפן,ZRE151L-AEPDKW
טויוטה יפן,ZRE151L-AEPNKW
טויוטה יפן,ZSA30L-AWXGPW
טויוטה יפן,ZSA30L-AWXXPW
טויוטה יפן,ZSA30L-BWXGPW
טויוטה יפן,ZSA30L-BWXXPW
טויוטה יפן,ZSA44L-ANXMPW
טויוטה יפן,ZSA44L-ANXXPW
טויוטה יפן,ZVG12L-KHXEBW
טויוטה יפן,ZVG12L-KHXGBW
טויוטה יפן,ZVG12L-KHXNBW
טויוטה יפן,ZVG13
טויוטה יפן,ZVG13L KHXNBW
טויוטה יפן,ZVG13L RHXGBW
טויוטה יפן,ZVG13L RHXNBW
טויוטה יפן,ZVG13L-KHXGBW
טויוטה יפן,ZVG13L-KHXNBW
טויוטה יפן,ZVG13L-RHXGBB
טויוטה יפן,ZVG13L-RHXNBB
טויוטה יפן,ZVG13L-RHXNBW
טויוטה יפן,ZVG13LKHXGBW
טויוטה יפן,ZVG13LKHXNBW
טויוטה יפן,ZVW30L-AHXEBA
טויוטה יפן,ZVW30L-AHXEBW
טויוטה יפן,ZVW35L-BHXEBW
טויוטה יפן,ZVW40L-AWXEBW
טויוטה יפן,ZVW41L-AXXEBA
טויוטה יפן,ZVW50L-AHXEBW
טויוטה יפן,ZVW51L-AHXEBA
טויוטה יפן,ZVW51L-AHXEBS
טויוטה יפן,ZVW52L-AHXEBW
טויוטה יפן,ZW51L-AHXEBA
טויוטה יפן,ZW51LAHXEBA
טויוטה יפן,ZWE211L AEXLBK
טויוטה יפן,ZWE219L AEXBLK
טויוטה יפן,ZWE219L AEXLBA
טויוטה יפן,ZWE219L-AEXLBK
טויוטה יפן,ZZE112L-AEMDKW
טויוטה יפן,ZZE112L-AEMNKW
טויוטה יפן,ZZE112L-AEPDKW
טויוטה יפן,ZZE112L-AEPNKW
טויוטה יפן,ZZE112L-ALPNKW
טויוטה יפן,ZZE121L-AEMNKW
טויוטה יפן,ZZE121L-AEPDKW
טויוטה יפן,ZZE121L-AEPNKW
טויוטה יפן,ZZW30L-AKGQHW
טויוטה יפן,ZZW30L-AKMQHW
טויוטה יפן,ZZW3OL-AKLQHW
טויוטה יפן,מהודר_AP91L-AHMNKW
טויוטה יפן,מפואר_EP91L-AHMNKW
טויוטה מקסיקו,GRN305L PRTSHA
טויוטה מקסיקו,GRN310L PRTSHA
טויוטה מקסיקו,GRN325L
טויוטה מקסיקו,GRN325L-PRTSHA
טויוטה מקסיקו,GRN325L-PRTSKA
טויוטה מקסיקו,TRN265L
טויוטה מקסיקו,TRN265L-PRTSKA
טויוטה מקסיקו,TZNA45L PRZSZA
טויוטה מקסיקו,TZNA45L-PRZSZA
טויוטה מקסיקו,TZNH47L PRVSZA
טויוטה מקסיקו,TZNH47L-PRVSZA
טויוטה ספרד,BKYMA21LLMTMDW
טויוטה ספרד,BKYMA21LLMTRDW
טויוטה ספרד,BKYMA21LLNTRDW
טויוטה ספרד,BKYMA41LLMTMDW
טויוטה ספרד,BKYNP41LLMTMDW
טויוטה ספרד,BPZMA22LLNTDSW
טויוטה ספרד,BPZMA42LLNTDDW
טויוטה ספרד,BPZMA42LLNTDSW
טויוטה ספרד,BPZMD22LLNJDSW
טויוטה ספרד,EFYHZR
טויוטה ספרד,YHT2 H2F021
טויוטה ספרד,YHZR-E2F020
טויוטה צ'כיה,KGB10L-AHGGKW
טויוטה צ'כיה,KGB10L-AHMGKW
טויוטה צ'כיה,KGB10L-AHMRKW
טויוטה צ'כיה,KGB40L-AHGGKW
טויוטה צ'כיה,KGB40L-AHMGKW
טויוטה צ'כיה,KGB40L-AHMRKW
טויוטה צ'כיה,KGB70L-AHXGKW
טויוטה צ'כיה,KGB70L-AHXKKW
טויוטה צ'כיה,KGB70L-AHXNKW
טויוטה צ'כיה,KSP211L-CHMRKW
טויוטה צ'כיה,MABH10L-AHXKBW
טויוטה צ'כיה,MABH10L-AHXNBW
טויוטה צ'כיה,MXPH11L CHXNBW
טויוטה צ'כיה,MXPH11L-CHXGBW
טויוטה צ'כיה,MXPH11L-CHXNBW
טויוטה צ'כיה,MXPH11L-CHXSBW
טויוטה צרפת,AHHW-P2B00L
טויוטה צרפת,AHHW-P2B00N
טויוטה צרפת,AHK8-P2200L
טויוטה צרפת,AHK8-P2200N
טויוטה צרפת,AHKK-B2F01E
טויוטה צרפת,EHZ8-M2200N
טויוטה צרפת,KSP130L-CHMRKW
טויוטה צרפת,MDX631L-LPADGW
טויוטה צרפת,MDZ342L-LBZDGW
טויוטה צרפת,MDZ362L-LBZDGW
טויוטה צרפת,MDZ442L-LBZDGW
טויוטה צרפת,MDZ442L-LBZSGW
טויוטה צרפת,MDZ542L-LBTDGW
טויוטה צרפת,MDZ542L-LBTDNW
טויוטה צרפת,MDZ542L-LBTSGW
טויוטה צרפת,MDZ562L-LBTDGW
טויוטה צרפת,MDZ562L-LBTSGW
טויוטה צרפת,MDZ642L-LBADGW
טויוטה צרפת,MDZ662L-LBADGW
טויוטה צרפת,MPY661L-LBADTW
טויוטה צרפת,MXPA11L-BHXGBW
טויוטה צרפת,MXPA11L-BHXNBW
טויוטה צרפת,MXPB10L-BHXNBW
טויוטה צרפת,MXPH11L BHXRBW
טויוטה צרפת,MXPH11L CHXNBW
טויוטה צרפת,MXPH11L-BHXNBW
טויוטה צרפת,MXPH11L-BHXSBW
טויוטה צרפת,MXPH11L-CHXNBW
טויוטה צרפת,MXPJ10L
טויוטה צרפת,MXPJ10L BHXNBW
טויוטה צרפת,MXPJ10L BHXRBW
טויוטה צרפת,MXPJ10L-BHXGBW
טויוטה צרפת,MXPJ10L-BHXNBW
טויוטה צרפת,MXPJ11-BHXNBW
טויוטה צרפת,MXPJ11L-BHXNBW
טויוטה צרפת,MXPJ15L-BHXNBW
טויוטה צרפת,NHP130L-CHXGBW
טויוטה צרפת,NHP130L-CHXNBW
טויוטה צרפת,NHP130L-CHXSBW
טויוטה צרפת,NSP130L-CHFNKW
טויוטה צרפת,NSP130L-CHFRKW
טויוטה צרפת,NSP130L-CHXGKW
טויוטה צרפת,NSP130L-CHXNKW
טויוטה צרפת,NSP131L-CHFNBW
טויוטה צרפת,NSP131L-CHXNBW
טויוטה צרפת,NSP131L-CHXSBW
טויוטה צרפת,NSP90L-CHFRKW
טויוטה צרפת,NSP90L-CHLGKW
טויוטה צרפת,SCP12L-CHMNKW
טויוטה צרפת,SCP12L-CHMRKW
טויוטה צרפת,SCP12L-CHPGKW
טויוטה צרפת,SCP90L-CHGGKW
טויוטה צרפת,SCP90L-CHMRKW
טויוטה צרפת,ZKXZ-A7U000
טויוטה צרפת,ZKXZ-N7700L
טויוטה קנדה,A25A-FXF
טויוטה קנדה,AXAA52L CNZMBA
טויוטה קנדה,AXAA52L CNZXBA
טויוטה קנדה,AXAA54L-CNZGBK
טויוטה קנדה,AXAA54L-CNZVBA
טויוטה קנדה,AXAH54L CNXMBK
טויוטה קנדה,AXAH54L CNXPBK
טויוטה קנדה,AXAH54L-CNXBK
טויוטה קנדה,AXAH54L-CNXGBK
טויוטה קנדה,AXAH54L-CNXMBA
טויוטה קנדה,AXAH54L-CNXMBK
טויוטה קנדה,AXAH54L-CNXXBK
טויוטה קנדה,AXAL54L-CNXSBK
טויוטה קנדה,GYL25L-CWXGBA
טויוטה קנדה,TALH17L CWTGTA
טויוטה קנדה,TJH250L GNZAZA
טויוטה תאילנד,GUN125L-DTFSHW
טויוטה תאילנד,GUN125L-DTFSXW
טויוטה תאילנד,GUN125L-DTTMHW
טויוטה תאילנד,GUN125L-DTTMXW
טויוטה תאילנד,GUN125L-DTTSHW
טויוטה תאילנד,GUN125L-DTTSXW
טויוטה תאילנד,GUN126
טויוטה תאילנד,GUN126L-DTTHXW
טויוטה תאילנד,GUN126L-DTTSXW
טויוטה תאילנד,GUN135L-DTFSHW
טויוטה תאילנד,GUN135L-DTTMHW
טויוטה תאילנד,GUN135L-DTTMXW
טויוטה תאילנד,GUN135L-DTTSXW
טויוטה תאילנד,KUN15L-BRMDHW
טויוטה תאילנד,KUN15L-DRMDHW
טויוטה תאילנד,KUN25L-BRMDHW
טויוטה תאילנד,KUN25L-DRMDHW
טויוטה תאילנד,KUN25L-DRMSHW
טויוטה תאילנד,KUN26L-DRASYW
טויוטה תאילנד,KUN26L-DRPSYW
טויוטה תאילנד,ZVW51L-AHXEBA
טלקו הודו,207/28
טלקו הודו,207/31
טלקו הודו,374005
טלקו הודו,374010 טנדר טאטה
טלקו הודו,374011 טלקוליין
טלקו הודו,374052 טלקוליין
טלקו הודו,374054 טנדר טאטה
טלקו הודו,374057
טלקו הודו,374552
טלקו הודו,374582
טלקו הודו,377008 סיירה טאטה
טלקו הודו,377108 סיירה טאטה
טלקו הודו,414001
טלקו הודו,414002 SAFARI
טלקו הודו,EX סומו טאטא
טלקו הודו,TATA 374075 TENDER
טלקו הודו,TATA SUMOEX 413021
טלקו הודו,טלקולי טאטא 374057
טלקו הודו,סיירה טאטה 377003
טסלה ארה''ב,3E1E
טסלה ארה''ב,3E7E
טסלה ארה''ב,PERFORMANCE
טסלה ארה''ב,SA7E
טסלה ארה''ב,XCCE
טסלה ארה''ב,YGAE
טסלה ארה''ב,YGDE
טסלה ארה''ב,YGDEE
טסלה גרמניה,YGCE
טסלה גרמניה,YGCF
טסלה סין,3E7E
טסלה סין,3E7EK
טסלה סין,3E7F
טסלה סין,YGCE
טסלה סין,YGCF
יגואר,A01E
יגואר,A01F
יגואר,A01L
יגואר,A01M
יגואר,A01N
יגואר,A01P
יגואר,A01R
יגואר,A02E
יגואר,A02L
יגואר,A02M
יגואר,A02N
יגואר,A02P
יגואר,A03N
יגואר,A03P
יגואר,A03R
יגואר,A03S
יגואר,A04M
יגואר,A056
יגואר,A058
יגואר,A05H
יגואר,A05M
יגואר,A064
יגואר,A066
יגואר,A06H
יגואר,A06M
יגואר,A06P
יגואר,A07P
יגואר,A07R
יגואר,A08R
יגואר,A091
יגואר,A102
יגואר,A10M
יגואר,A122
יגואר,A128
יגואר,A12P
יגואר,A13E
יגואר,A13M
יגואר,A14E
יגואר,A14M
יגואר,A15J
יגואר,A15N
יגואר,A168
יגואר,A16P
יגואר,A228
יגואר,A22E
יגואר,A22H
יגואר,A22M
יגואר,A23E
יגואר,A23M
יגואר,A24E
יגואר,A24M
יגואר,A25J
יגואר,A25N
יגואר,A262
יגואר,A268
יגואר,A26P
יגואר,A28R
יגואר,A292
יגואר,A2BK
יגואר,A2BN
יגואר,A33E
יגואר,A33M
יגואר,A34J
יגואר,A34N
יגואר,A41E
יגואר,A41J
יגואר,A41M
יגואר,A41N
יגואר,A41P
יגואר,A41R
יגואר,A42E
יגואר,A42J
יגואר,A42M
יגואר,A42N
יגואר,A42P
יגואר,A42R
יגואר,A43P
יגואר,A43R
יגואר,A44P
יגואר,A44R
יגואר,A47S
יגואר,A51L
יגואר,A51M
יגואר,A52L
יגואר,A52M
יגואר,A53L
יגואר,A53M
יגואר,A608
יגואר,A60F
יגואר,A61B
יגואר,A61R
יגואר,A63H
יגואר,A64F
יגואר,A65R
יגואר,A71M
יגואר,A72M
יגואר,A72N
יגואר,A72P
יגואר,A73R
יגואר,A74R
יגואר,A80N
יגואר,A80P
יגואר,A82R
יגואר,A87N
יגואר,A87P
יגואר,A89N
יגואר,A89P
יגואר,AA4BX
יגואר,AB4BG
יגואר,AB4BV
יגואר,AB4BX
יגואר,B5BX
יגואר,BB4BG
יגואר,BB4BV
יגואר,BB4BX
יגואר,CA2BE
יגואר,CA2BK
יגואר,CA2BN
יגואר,CA2BX
יגואר,CA2BY
יגואר,CB2BN
יגואר,DAIMLER DOUBLE-SIX
יגואר,DAIMLER SIX DK
יגואר,DAIMLER-8
יגואר,DAIMLER-SIX
יגואר,DB1BV
יגואר,DB1BX
יגואר,DB5BV
יגואר,DB5BX
יגואר,FA2BX
יגואר,FB2BS
יגואר,HA2B1
יגואר,J26H
יגואר,JAGUAR SOVEREIGH
יגואר,JAGUAR XJ8
יגואר,JAGUAR-XJ6
יגואר,JAGUAR-XJR
יגואר,JAGUAR-XJR-JP
יגואר,JG__XKR COUPE
יגואר,SOVEREIGN
יגואר,SUPER V 8 DAIMLER
יגואר,V 8 DAIMLER
יגואר,WA2FK
יגואר,XJ6 יגואר
יגואר,XK8 CONVERTIBLE
יגואר,יגואר SOVEREIGN
יגואר,יגואר XK8COUPE
יגואר אוסטריה,F82BS
יגואר אוסטריה,FA2BX
יגואר אוסטריה,FB2BS
יגואר אוסטריה,HA2B1
יודו סין,A2A30
יודו סין,A2B80
"יונדאי ארהב""",EK4JC
"יונדאי ארהב""",S23AD
"יונדאי ארהב""",S2CAD
"יונדאי ארהב""",S3CAA
"יונדאי ארהב""",S3DAJ
"יונדאי ארהב""",S5DA1
יונדאי הודו,AM51B
יונדאי הודו,AM51C
יונדאי הודו,AN51B
יונדאי הודו,AN51C
יונדאי הודו,BA51B
יונדאי הודו,BB31C
יונדאי הודו,BB51C
יונדאי הודו,BB51S
יונדאי הודו,BC31D
יונדאי הודו,BC51C
יונדאי הודו,BC51D
יונדאי הודו,BC51U
יונדאי הודו,C741B
יונדאי הודו,C741C
יונדאי טורקיה,A751A
יונדאי טורקיה,A751C
יונדאי טורקיה,A851A
יונדאי טורקיה,A851C
יונדאי טורקיה,B151B
יונדאי טורקיה,B351A
יונדאי טורקיה,B351C
יונדאי טורקיה,BA51B
יונדאי טורקיה,BB51C
יונדאי טורקיה,BC51C
יונדאי טורקיה,BC51D
יונדאי טורקיה,BM81G
יונדאי טורקיה,BN51G
יונדאי טורקיה,BN81G
יונדאי טורקיה,BU51F
יונדאי טורקיה,CM41A
יונדאי טורקיה,CM41C
יונדאי טורקיה,CN41A
יונדאי טורקיה,CN41C
יונדאי טורקיה,DN51A
יונדאי טורקיה,DN51E
יונדאי טורקיה,DN51F
יונדאי טורקיה,PM81C
יונדאי טורקיה,PN81C
יונדאי טורקיה,WVH7H
יונדאי טורקיה,WVH7J
יונדאי טורקיה,WWH7H
יונדאי טורקיה,WWH7J
יונדאי סלובקיה,ZT81B
יונדאי סלובקיה,ZU81B
יונדאי סלובקיה,ZU81V
יונדאי צ'כיה,B5P61
יונדאי צ'כיה,D2516
יונדאי צ'כיה,D251A
יונדאי צ'כיה,D251C
יונדאי צ'כיה,D2816
יונדאי צ'כיה,D281A
יונדאי צ'כיה,D281C
יונדאי צ'כיה,D351C
יונדאי צ'כיה,DB51C
יונדאי צ'כיה,DB51D
יונדאי צ'כיה,DB81C
יונדאי צ'כיה,DB81D
יונדאי צ'כיה,DC51D
יונדאי צ'כיה,DC51E
יונדאי צ'כיה,DC51U
יונדאי צ'כיה,DC81D
יונדאי צ'כיה,DC81E
יונדאי צ'כיה,DC81S
יונדאי צ'כיה,DN51F
יונדאי צ'כיה,F5P74
יונדאי צ'כיה,H3513
יונדאי צ'כיה,HC51A
יונדאי צ'כיה,HCH1A
יונדאי צ'כיה,J2813
יונדאי צ'כיה,J3811
יונדאי צ'כיה,J3812
יונדאי צ'כיה,J3813
יונדאי צ'כיה,J381A
יונדאי צ'כיה,JB8
יונדאי צ'כיה,JB81A
יונדאי צ'כיה,JB81B
יונדאי צ'כיה,JB81D
יונדאי צ'כיה,JC811
יונדאי צ'כיה,JD8
יונדאי צ'כיה,JD812D
יונדאי צ'כיה,JE8
יונדאי צ'כיה,JE812D
יונדאי צ'כיה,K381G
יונדאי צ'כיה,PT81D
יונדאי צ'כיה,PT81R
יונדאי צ'כיה,PU81D
יונדאי קוריאה,1 כרית WWH7F H-1
יונדאי קוריאה,AB51G
יונדאי קוריאה,ACCENT VD21N
יונדאי קוריאה,ACCENT-VA21N
יונדאי קוריאה,ACCENT-VD21N
יונדאי קוריאה,AG51G
יונדאי קוריאה,B5P11
יונדאי קוריאה,BT51B
יונדאי קוריאה,BT51D
יונדאי קוריאה,BT51H
יונדאי קוריאה,BT51V
יונדאי קוריאה,BU31B
יונדאי קוריאה,BU51B
יונדאי קוריאה,BU51D
יונדאי קוריאה,BU51H
יונדאי קוריאה,C751C
יונדאי קוריאה,C751H
יונדאי קוריאה,C75L
יונדאי קוריאה,C75LC
יונדאי קוריאה,C851C
יונדאי קוריאה,C851CG
יונדאי קוריאה,C851H
יונדאי קוריאה,C851J
יונדאי קוריאה,C851JF
יונדאי קוריאה,C85LC
יונדאי קוריאה,CF31F סונטה
יונדאי קוריאה,CF31G
יונדאי קוריאה,CF31T סונטה
יונדאי קוריאה,CG41F
יונדאי קוריאה,CG41G
יונדאי קוריאה,CG51G
יונדאי קוריאה,CT41B
יונדאי קוריאה,CT41C
יונדאי קוריאה,CT41D
יונדאי קוריאה,CT41U
יונדאי קוריאה,CU41C
יונדאי קוריאה,CU41D
יונדאי קוריאה,CU41U
יונדאי קוריאה,D841C
יונדאי קוריאה,DB51D
יונדאי קוריאה,DB51T
יונדאי קוריאה,DC51D
יונדאי קוריאה,DC51E
יונדאי קוריאה,DC51U
יונדאי קוריאה,DC81E
יונדאי קוריאה,DG41C
יונדאי קוריאה,DH41C
יונדאי קוריאה,DM41B
יונדאי קוריאה,DN41B
יונדאי קוריאה,DN41C
יונדאי קוריאה,DN41D
יונדאי קוריאה,DN41V
יונדאי קוריאה,DN51B
יונדאי קוריאה,E24L1
יונדאי קוריאה,E3413
יונדאי קוריאה,E34L1
יונדאי קוריאה,EC4A4
יונדאי קוריאה,EM41B
יונדאי קוריאה,EN41B
יונדאי קוריאה,EN41B סונטה
יונדאי קוריאה,EN41E
יונדאי קוריאה,EN41F
יונדאי קוריאה,ET41A
יונדאי קוריאה,ET41V
יונדאי קוריאה,EU41A
יונדאי קוריאה,EU41B
יונדאי קוריאה,EU41C
יונדאי קוריאה,EU41D
יונדאי קוריאה,EU41F
יונדאי קוריאה,F54PH
יונדאי קוריאה,FC4SD
יונדאי קוריאה,FD27AP  H-100
יונדאי קוריאה,FD27AP H 100
יונדאי קוריאה,FD27FP H-100
יונדאי קוריאה,FD27GP  H-100
יונדאי קוריאה,FF4SD
יונדאי קוריאה,G341A
יונדאי קוריאה,G341H
יונדאי קוריאה,G3G1A
יונדאי קוריאה,G4EK ACCENT VA21N
יונדאי קוריאה,GB41C
יונדאי קוריאה,GB4SC
יונדאי קוריאה,GC4DD
יונדאי קוריאה,GC4DF
יונדאי קוריאה,GC4DH
יונדאי קוריאה,GC4SC
יונדאי קוריאה,GD4SC
יונדאי קוריאה,GE4
יונדאי קוריאה,GE411
יונדאי קוריאה,GF4SC
יונדאי קוריאה,GN41E
יונדאי קוריאה,GN4JF
יונדאי קוריאה,H-1 WWH7F
יונדאי קוריאה,H-1 WWH7H
יונדאי קוריאה,H-1 YKN7H
יונדאי קוריאה,H-100 FD27G
יונדאי קוריאה,H100 FD27FP
יונדאי קוריאה,HB811
יונדאי קוריאה,HB812
יונדאי קוריאה,HB81B
יונדאי קוריאה,HC811
יונדאי קוריאה,HC813
יונדאי קוריאה,HC81D
יונדאי קוריאה,HCESC
יונדאי קוריאה,HE811
יונדאי קוריאה,HE813
יונדאי קוריאה,HN61D
יונדאי קוריאה,HN61F
יונדאי קוריאה,HT6KD
יונדאי קוריאה,HU6KJ
יונדאי קוריאה,J1442F65
יונדאי קוריאה,J2813
יונדאי קוריאה,J281A
יונדאי קוריאה,J3813
יונדאי קוריאה,JADD1
יונדאי קוריאה,JBESC
יונדאי קוריאה,JCCA1
יונדאי קוריאה,JF21R
יונדאי קוריאה,JF31F לנטרה
יונדאי קוריאה,JF31M
יונדאי קוריאה,JF31R לנטרה
יונדאי קוריאה,JFG31F קופה
יונדאי קוריאה,JG31F קופה
יונדאי קוריאה,JM81D
יונדאי קוריאה,JM81V
יונדאי קוריאה,JN81D
יונדאי קוריאה,JN81V
יונדאי קוריאה,JT81
יונדאי קוריאה,JT81B
יונדאי קוריאה,JT81C
יונדאי קוריאה,JT81E
יונדאי קוריאה,JT81V
יונדאי קוריאה,JU81B
יונדאי קוריאה,JU81C
יונדאי קוריאה,JU81E
יונדאי קוריאה,JU81V
יונדאי קוריאה,JW21R
יונדאי קוריאה,JW31R סטיישן לנטרה
יונדאי קוריאה,K2813
יונדאי קוריאה,K281E
יונדאי קוריאה,K281G
יונדאי קוריאה,K281H
יונדאי קוריאה,K3815
יונדאי קוריאה,K381E
יונדאי קוריאה,KB81A
יונדאי קוריאה,KC81C
יונדאי קוריאה,KE81B
יונדאי קוריאה,KM81A
יונדאי קוריאה,KM81B
יונדאי קוריאה,KM81C
יונדאי קוריאה,KN81BF
יונדאי קוריאה,KN81EF
יונדאי קוריאה,KNE1C  GALLOPER
יונדאי קוריאה,KPE1C  GALLOPER
יונדאי קוריאה,KR818
יונדאי קוריאה,L34JJ
יונדאי קוריאה,L54AJ
יונדאי קוריאה,L54J2
יונדאי קוריאה,L54JJ
יונדאי קוריאה,LANTRA JF21Z
יונדאי קוריאה,LANTRA JW21Z
יונדאי קוריאה,LB41D
יונדאי קוריאה,LB41U
יונדאי קוריאה,LB81D
יונדאי קוריאה,LB81U
יונדאי קוריאה,LC41D
יונדאי קוריאה,LC81A
יונדאי קוריאה,LC81D
יונדאי קוריאה,LC81U
יונדאי קוריאה,LM4AJ
יונדאי קוריאה,LN4
יונדאי קוריאה,LN4AJ
יונדאי קוריאה,LR4AF
יונדאי קוריאה,LS4AJ
יונדאי קוריאה,LS4DJ
יונדאי קוריאה,LW4DK
יונדאי קוריאה,M241A
יונדאי קוריאה,M241B
יונדאי קוריאה,M241C
יונדאי קוריאה,M341C
יונדאי קוריאה,M541A
יונדאי קוריאה,MA811
יונדאי קוריאה,MA81B
יונדאי קוריאה,MB81A
יונדאי קוריאה,MDB
יונדאי קוריאה,MDC
יונדאי קוריאה,MH81A
יונדאי קוריאה,MH81C
יונדאי קוריאה,MH81V
יונדאי קוריאה,NB4
יונדאי קוריאה,NM81C
יונדאי קוריאה,NM81W
יונדאי קוריאה,NM81X
יונדאי קוריאה,NN81X
יונדאי קוריאה,NU81W
יונדאי קוריאה,P2811
יונדאי קוריאה,P2DG1
יונדאי קוריאה,P3811
יונדאי קוריאה,P3D
יונדאי קוריאה,P3DG1
יונדאי קוריאה,P5DG1
יונדאי קוריאה,R3DGE
יונדאי קוריאה,R64HE
יונדאי קוריאה,R6DHE
יונדאי קוריאה,RB8A3
יונדאי קוריאה,RC813
יונדאי קוריאה,RH5SA
יונדאי קוריאה,RKES
יונדאי קוריאה,S3811
יונדאי קוריאה,S381C
יונדאי קוריאה,S381D
יונדאי קוריאה,S381H
יונדאי קוריאה,S3D
יונדאי קוריאה,S4812D
יונדאי קוריאה,S5DA1
יונדאי קוריאה,SC81D
יונדאי קוריאה,SC81V
יונדאי קוריאה,SD6
יונדאי קוריאה,SENTA FE
יונדאי קוריאה,SH81B
יונדאי קוריאה,SH81D
יונדאי קוריאה,SH81W
יונדאי קוריאה,SH81X
יונדאי קוריאה,SM81X
יונדאי קוריאה,SN81X
יונדאי קוריאה,SONATA EN41E
יונדאי קוריאה,ST81B
יונדאי קוריאה,ST81X
יונדאי קוריאה,SU81B
יונדאי קוריאה,SU81X
יונדאי קוריאה,TC61C
יונדאי קוריאה,TC61D
יונדאי קוריאה,TC61E
יונדאי קוריאה,VA21L
יונדאי קוריאה,VA21N
יונדאי קוריאה,VA31N
יונדאי קוריאה,VA31N אקסנט
יונדאי קוריאה,VD21L
יונדאי קוריאה,VD21N
יונדאי קוריאה,VD31N אקסנט
יונדאי קוריאה,VF21L
יונדאי קוריאה,VF21N
יונדאי קוריאה,VF31N אקסנט
יונדאי קוריאה,WBH7J
יונדאי קוריאה,WBX7J
יונדאי קוריאה,WBX7K
יונדאי קוריאה,WH81
יונדאי קוריאה,WH81J
יונדאי קוריאה,WH81K
יונדאי קוריאה,WVH7FP  H-1
יונדאי קוריאה,WVH7H
יונדאי קוריאה,WVH7H H-1
יונדאי קוריאה,WWH7F  H-1
יונדאי קוריאה,WWH7F H-1
יונדאי קוריאה,WWH7S  H-1
יונדאי קוריאה,XG30 FU41D
יונדאי קוריאה,XKN7AP  H-100
יונדאי קוריאה,XKN7AP H-100
יונדאי קוריאה,XKN7FP H-100
יונדאי קוריאה,YC811
יונדאי קוריאה,YC81A
יונדאי קוריאה,YF811
יונדאי קוריאה,YFX71
יונדאי קוריאה,YFX7A
יונדאי קוריאה,ט'טרג MH81V
יונדאי קוריאה,טרגט MH81C
לוטוס,LEKK
לינק אנד קו,CX11
לינק אנד קו,CX2E7
לינק אנד קו,DX11
לינק אנד קו,E335
לינק אנד קו,GX6
לינקולן,J2A
לינקולן,J2J
לינקולן,J7W
לינקולן,LD9
לינקסיס סין,B1KD0
לינקסיס סין,LLW
ליפמוטור סין,71AK
ליפמוטור סין,A12AB2EE
ליפמוטור סין,B110000
ליפמוטור סין,B110010
ליפמוטור סין,B110100
ליפמוטור סין,T03
ליפמוטור סין,T03D0010
למבורגיני,EA1Z
למבורגיני,EA6Z
למבורגיני,EB3Z
למבורגיני,EB6Z
למבורגיני,EC1Z
למבורגיני,EC3Z
למבורגיני,ED5Z
למבורגיני,EF5
למבורגיני,ET4Z
למבורגיני,ET5Z
למבורגיני,UA1Z
למבורגיני,UC3Z
לנדרובר אנגליה,119E9
לנדרובר אנגליה,119F
לנדרובר אנגליה,119F4
לנדרובר אנגליה,1A2B
לנדרובר אנגליה,1A2B4
לנדרובר אנגליה,1A2B9
לנדרובר אנגליה,1A2BW
לנדרובר אנגליה,1A2BY
לנדרובר אנגליה,1IL9FU
לנדרובר אנגליה,1J9EU
לנדרובר אנגליה,1L9E
לנדרובר אנגליה,1L9E4
לנדרובר אנגליה,1L9E9
לנדרובר אנגליה,1L9FU
לנדרובר אנגליה,1M9FU
לנדרובר אנגליה,1P9E
לנדרובר אנגליה,1P9EU
לנדרובר אנגליה,1Z9F9
לנדרובר אנגליה,5XAA030
לנדרובר אנגליה,CA2BN
לנדרובר אנגליה,CA2BT
לנדרובר אנגליה,CA2BX
לנדרובר אנגליה,EA6BU
לנדרובר אנגליה,EK6RX
לנדרובר אנגליה,K19F4
לנדרובר אנגליה,K1BE9
לנדרובר אנגליה,KA9B
לנדרובר אנגליה,KA9B4
לנדרובר אנגליה,KA9B7
לנדרובר אנגליה,KA9B9
לנדרובר אנגליה,KA9BW
לנדרובר אנגליה,KABB4
לנדרובר אנגליה,KABB7
לנדרובר אנגליה,KABB9
לנדרובר אנגליה,KABBW
לנדרובר אנגליה,KP9E9
לנדרובר אנגליה,KP9F4
לנדרובר אנגליה,KP9FU
לנדרובר אנגליה,KPBE9
לנדרובר אנגליה,KPBFU
לנדרובר אנגליה,RM4EU
לנדרובר אנגליה,WA2BW
לנדרובר אנגליה,Y12F
לנדרובר אנגליה,YA2BU
לנדרובר אנגליה,YA2BW
לנדרובר אנגליה,YA2BX
לנדרובר אנגליה,YA2BY
לנדרובר אנגליה,ZA2BN
לנדרובר אנגליה,ZA2BT
לנדרובר אנגליה,ZA2BX
לנדרובר אנגליה,ZB2BS
לנדרובר אנגליה,ZJ2FX
לנדרובר אנגליה,ZM2FX
לנדרובר סלובקי,E26EU
לנדרובר סלובקי,E27EU
לנדרובר סלובקי,E2EEU
לנדרובר סלובקי,E2EFE
לנדרובר סלובקי,E2FEU
לנדרובר סלובקי,E37RU
לנדרובר סלובקי,EA6BE
לנדרובר סלובקי,EA6BU
לנדרובר סלובקי,EA6BW
לנדרובר סלובקי,EA7B
לנדרובר סלובקי,EA7B9
לנדרובר סלובקי,EA7BE
לנדרובר סלובקי,EA7BN
לנדרובר סלובקי,EA7BU
לנדרובר סלובקי,EA7BW
לנדרובר סלובקי,EA7BY
לנדרובר סלובקי,EA8BW
לנדרובר סלובקי,EBEEE
לנדרובר סלובקי,EE2EU
לנדרובר סלובקי,EJ6EX
לנדרובר סלובקי,EJ7E
לנדרובר סלובקי,EJ7EU
לנדרובר סלובקי,EJ7EX
לנדרובר סלובקי,EJEEX
לנדרובר סלובקי,EK6RX
לנדרובר סלובקי,EK7RX
לנדרובר סלובקי,EL2EU
לנדרובר סלובקי,EP7EU
לנדרובר סלובקי,EW6EE
לנדרובר סלובקי,EWEE
לנדרובר סלובקי,EWEEE
לנדרובר סלובקי,EWERE
לנדרובר סלובקי,EX7EU
לנדרובר סלובקי,EXEEU
לנדרובר סלובקי,EXFEU
לנדרובר סלובקי,EZEE9
לנדרובר סלובקי,KF9F
לנדרובר סלובקי,RA2BW
לנדרובר סלובקי,RM4EU
לנדרובר סלובקי,RW4EU
לנצ'יה,312YXG11
לנצ'יה,835EB54A
לנצ'יה,835EC44A
לנצ'יה,835FG54A
לנצ'יה,838AA11A
לנצ'יה,838AB1AA
לנצ'יה,838AC11A
לנצ'יה,838AC1AA
לנצ'יה,838AD11A
לנצ'יה,838ADIIA
לנצ'יה,838AG11A
לנצ'יה,838AG1AA
לנצ'יה,838AM1AA
לנצ'יה,843AXCIA
לנצ'יה,844AXH12
לנצ'יה,TBLS_קאפה
לנציה פולין,312YXA1A
לנציה פולין,312YXG11
לנציה פולין,312YXG1A
לקסוס ארהב,TAUA15L BWZGTA
לקסוס ארהב,TAUA15L BWZMTA
לקסוס ארהב,TAUA15L-BWZGTA
לקסוס ארהב,TAUA15L-BWZNTA
לקסוס ארהב,TAUH15L BWTSTA
לקסוס ארהב,TAUH15L-BWTGBA
לקסוס ארהב,TAUH15L-BWTSTA
לקסוס יפן,AALH15L-AWXGBW
לקסוס יפן,AALH16L-AWXGBW
לקסוס יפן,AAWH15L-LFXVBW
לקסוס יפן,AAWH15L-LNXXBW
לקסוס יפן,AAZH20L-AWXLBW
לקסוס יפן,AAZH25L-AWXLBW
לקסוס יפן,AAZH26L-AWXLBW
לקסוס יפן,AGL25L-AWTGZW
לקסוס יפן,AGZ10L-AWTLTW
לקסוס יפן,AGZ15L-AWTLTW
לקסוס יפן,ASC10L-RCZLZW
לקסוס יפן,ASE30L-BEZLZA
לקסוס יפן,AVE30L-AEXLHW
לקסוס יפן,AVV60L-BEXGBA
לקסוס יפן,AWL10L-BEXQHW
לקסוס יפן,AXZH10L
לקסוס יפן,AXZH10L AEXGBW
לקסוס יפן,AXZH10L-AEXGBW
לקסוס יפן,AYZ10L-AWXLBW
לקסוס יפן,AYZ15L-AWXLBW
לקסוס יפן,GGL15L-AWTGKW
לקסוס יפן,GGL25L-AWZGBW
לקסוס יפן,GRL11L-BETQHW
לקסוס יפן,GRS190L-BETQHW
לקסוס יפן,GSC15L-RCTLHA
לקסוס יפן,GSE20L-AETLHW
לקסוס יפן,GSE20L-AKTLHW
לקסוס יפן,GVF50L-AEVGHW
לקסוס יפן,GVF55L-AEVGHW
לקסוס יפן,GWL10L-BEXQBW
לקסוס יפן,GWS191L-BEXQHW
לקסוס יפן,GWZ100L-ACVBBW
לקסוס יפן,GYL10L-AWXGKW
לקסוס יפן,GYL10L-CWXGKA
לקסוס יפן,GYL15L-AWXGKW
לקסוס יפן,GYL25L-AWXGBW
לקסוס יפן,GYL26L -ARXGBW
לקסוס יפן,GYL26L-ARXGBW
לקסוס יפן,KMA10L AWDBSW
לקסוס יפן,KMA10L-AWDBSW
לקסוס יפן,MAYH10L-AWXMBW
לקסוס יפן,MZAA10L-AWXBBW
לקסוס יפן,MZAH10L-AWXBBW
לקסוס יפן,MZAH11L-AWXBBW
לקסוס יפן,TALH17L-AWTGTW
לקסוס יפן,URJ150L GKTGKA
לקסוס יפן,URJ150L GKTZKA
לקסוס יפן,URJ150L-GKTZKA
לקסוס יפן,URJ201L GNZGKA
לקסוס יפן,URZ100L-ACUBHW
לקסוס יפן,URZ100L-AKUBHW
לקסוס יפן,USC10L-FCZRHW
לקסוס יפן,USF40L-AEZGHW
לקסוס יפן,UVF46L-AEXGHW
לקסוס יפן,UZZ40L-DKTQKW
לקסוס יפן,VJA252L GNUZZA
לקסוס יפן,VJA252L-GNUZZA
לקסוס יפן,VJA310L GKULZA
לקסוס יפן,VJA310L-GKULZA
לקסוס יפן,VXFA55L-AEUGTW
לקסוס יפן,XEBM10L-AWDCSW
לקסוס יפן,XEBM10L-AWDLSW
לקסוס יפן,XEBM15L-AWDCSW
לקסוס יפן,XEBM15L-AWDLSW
לקסוס יפן,XEBM20L-AWDCSW
לקסוס יפן,XEBM25L-AWDLSW
לקסוס יפן,XEBM25L-AWDSSW
לקסוס יפן,ZWA10L-AHXBBW
לקסוס יפן,ZWA10L-AHXEBW
לקסוס קנדה,AALH15L CWXGBA
לקסוס קנדה,GGL25L CWZGBA
לקסוס קנדה,GYL10L-CWXGKA
לקסוס קנדה,GYL25L
לקסוס קנדה,GYL25L CWXGBA
לקסוס קנדה,GYL25L-CWXGBA
מ א ן גרמניה,L35VEC03
מ.ג סין,2222
מ.ג סין,A16E
מ.ג סין,A16U
מ.ג סין,A240
מ.ג סין,A243
מ.ג סין,A247
מ.ג סין,A24U
מ.ג סין,E240
מ.ג סין,G5GC1
מ.ג סין,SV6C
מ.ג סין,SV6C-1
מ.ג סין,W26G
מ.ג סין,W740
מ.ג סין,W74C
מ.ג סין,W943
מ.ג סין,W94U
מ.ג סין,W94U9
מ.ג סין,WC43
מ.ג סין,WH40
מ.ג סין,WH409
מ.ג סין,WN50
מ.ג סין,WP43
מ.ג סין,WP4U
מ.ג סין,WS40
מ.ג סין,WS43
מ.ג סין,WS4U
מ.ג סין,WX40
מ.ג סין,Z14E
מ.ג סין,Z14U
מאן פולין,SYN1E
מאן פולין,SYN1Z
מאן פולין,SZN1E
מובימטיק,8RB01A
מודרן סין,M5 AAFC
מורגן,P58A
מזארטי איטליה,M145 GCA
מזארטי איטליה,M145 GDA
מזארטי איטליה,M145BCA5
מזארטי איטליה,M145FCE1
מזארטי איטליה,M145GCA
מזארטי איטליה,M145GDA
מזארטי איטליה,M145GDA1
מזארטי איטליה,M156 1E45AG
מזארטי איטליה,M156 1E45W
מזארטי איטליה,M156 1F45AG
מזארטי איטליה,M156 1F45AP
מזארטי איטליה,M156 1F45APD
מזארטי איטליה,M156 1F45APD1
מזארטי איטליה,M156 1F45W
מזארטי איטליה,M156 1FA5W
מזארטי איטליה,M156 1G45HAD
מזארטי איטליה,M156 1G45HW
מזארטי איטליה,M156 1G45HWS
מזארטי איטליה,M156 1L45AP
מזארטי איטליה,M156 1L45AP1L
מזארטי איטליה,M156 6B25W
מזארטי איטליה,M156 6E25AP1L
מזארטי איטליה,M156 6E25W
מזארטי איטליה,M156 6E45AG
מזארטי איטליה,M156 6E45W
מזארטי איטליה,M156 6H25HAP
מזארטי איטליה,M156 6H25HAPB
מזארטי איטליה,M156 7B25W
מזארטי איטליה,M156 7E25W
מזארטי איטליה,M156 7E45AG
מזארטי איטליה,M156 7E45W
מזארטי איטליה,M156 7F25AG
מזארטי איטליה,M156 7F25AP
מזארטי איטליה,M156 7F25AP1
מזארטי איטליה,M156 7F25W
מזארטי איטליה,M156 7H25HAP
מזארטי איטליה,M156 7L25AP
מזארטי איטליה,M156 7L25APD1
מזארטי איטליה,M1561F45AP
מזארטי איטליה,M1561F45APD
מזארטי איטליה,M1561F45APD1
מזארטי איטליה,M1561F45DG
מזארטי איטליה,M1561G45HDG
מזארטי איטליה,M1561H45HAP
מזארטי איטליה,M1561L45AP1
מזארטי איטליה,M1566A25
מזארטי איטליה,M1566B25
מזארטי איטליה,M1566B25W
מזארטי איטליה,M1566B45
מזארטי איטליה,M1567B25
מזארטי איטליה,M1567B45
מזארטי איטליה,M1567C25
מזארטי איטליה,M1567C25W
מזארטי איטליה,M1567D25H
מזארטי איטליה,M1567D25HW
מזארטי איטליה,M1567F25DG
מזארטי איטליה,M1820AGT420AC8
מזארטי איטליה,M1820AGT420AC82DAA
מזארטי איטליה,M1820AGT420AC83DAA
מזארטי איטליה,M1820AGT630BC85DAA
מזארטי איטליה,M1820AGT630BC85EAA
מזארטי איטליה,M1891AGT630CC8
מזארטי איטליה,M240 CAE2AP
"מזדה ארהב""",CU 081
"מזדה ארהב""",VA
"מזדה ארהב""",VABCM
מזדה יפן,121LX-DB12D
מזדה יפן,323-BG12E
מזדה יפן,323-LANTIS-BA12P
מזדה יפן,323BJ14P LANTIS F
מזדה יפן,323F LANTIS-BA14P
מזדה יפן,323F-LANTIS-BA14P
מזדה יפן,6 קסדוס CA12B
מזדה יפן,626 GF14S
מזדה יפן,626 GW69S
מזדה יפן,626-EG14J
מזדה יפן,626-GE12J
מזדה יפן,626-GE14J
מזדה יפן,6HV
מזדה יפן,B 2500-UF1YL
מזדה יפן,B2500-UF1EL
מזדה יפן,B2500-UF8EL
מזדה יפן,BA12P
מזדה יפן,BJ12M
מזדה יפן,BJ12M LANTIS 323
מזדה יפן,BJ12P
מזדה יפן,BJ12P LANTIS 323
מזדה יפן,BJ14M
מזדה יפן,BJ14P LANTIS F 323
מזדה יפן,BJI2M LANTIS 323
מזדה יפן,BJI2S
מזדה יפן,BK12F
מזדה יפן,BK12Z
מזדה יפן,BK14F
מזדה יפן,BK14Z
מזדה יפן,BL12F
מזדה יפן,BL12Z
מזדה יפן,BL14F
מזדה יפן,BL14Z
מזדה יפן,BLA2F
מזדה יפן,BLA2Z
מזדה יפן,BLA4F
מזדה יפן,BLA4Z
מזדה יפן,BLB2F
מזדה יפן,BLB2Z
מזדה יפן,BLB4F
מזדה יפן,BM527
מזדה יפן,BM52A
מזדה יפן,BM547
מזדה יפן,BM54A
מזדה יפן,BM627
מזדה יפן,BM62A
מזדה יפן,BM647
מזדה יפן,BM64A
מזדה יפן,BN627
מזדה יפן,BN62A
מזדה יפן,BN647
מזדה יפן,BN64A
מזדה יפן,BP
מזדה יפן,BP6H7
מזדה יפן,BP6S7
מזדה יפן,CP19S
מזדה יפן,CR19F
מזדה יפן,CWA9F
מזדה יפן,DE145
מזדה יפן,DEA45
מזדה יפן,DEMIO DW-195
מזדה יפן,DJ6HA
מזדה יפן,DJ6HV
מזדה יפן,DK6W7
מזדה יפן,DK6WA
מזדה יפן,DM6W7
מזדה יפן,DM6WM
מזדה יפן,DR
מזדה יפן,DR1WB
מזדה יפן,GF12S
מזדה יפן,GG123
מזדה יפן,GG12F
מזדה יפן,GG143
מזדה יפן,GG14F
מזדה יפן,GH12F
מזדה יפן,GH12L
מזדה יפן,GH14F
מזדה יפן,GH14L
מזדה יפן,GHA2E
מזדה יפן,GHA2L
מזדה יפן,GHA4E
מזדה יפן,GHA4L
מזדה יפן,GJ523
מזדה יפן,GJ527
מזדה יפן,GJ597
מזדה יפן,GJ623
מזדה יפן,GJ627
מזדה יפן,GJ697
מזדה יפן,GL623
מזדה יפן,GL627
מזדה יפן,GL62M
מזדה יפן,GL697
מזדה יפן,HATCHBACK SIG
מזדה יפן,HATCHBAI626-GF 14S
מזדה יפן,KEC97
מזדה יפן,KEF97
מזדה יפן,KEK93
מזדה יפן,KEK97
מזדה יפן,KEN93
מזדה יפן,KF
מזדה יפן,KF6W7
מזדה יפן,KF6WM
מזדה יפן,KFGW7
מזדה יפן,KFGWL
מזדה יפן,KFGWM
מזדה יפן,KH0HB
מזדה יפן,KK
מזדה יפן,LANTI 323 BJ12P
מזדה יפן,LANTIS F-323 BJ14P
מזדה יפן,LANTIS GLX  BA126
מזדה יפן,LANTIS GLX BA126
מזדה יפן,LANTIS LX AT BA126
מזדה יפן,LANTIS LX BA126
מזדה יפן,LANTIS-F-323 BJ14S
מזדה יפן,LW19G
מזדה יפן,LW19J
מזדה יפן,MPV-LV12J
מזדה יפן,MX5-NA-18P
מזדה יפן,NB18P
מזדה יפן,NC18F
מזדה יפן,NCA8F
מזדה יפן,ND
מזדה יפן,ND6E7
מזדה יפן,ND6EA
מזדה יפן,NDAA7
מזדה יפן,NDAC7
מזדה יפן,NDAD7
מזדה יפן,NDAM7
מזדה יפן,PREMACY_CP19P
מזדה יפן,SEDAN_626-GF 12S
מזדה יפן,TA12L 9-קסדוס
מזדה יפן,TCBCY
מזדה יפן,WAGON 626 - GW69S
מזדה יפן,XEDOS-TA12L
מזדה מקסיקו,CX30 IGT
מזדה מקסיקו,CX30 IS MHEV
מזדה מקסיקו,M3S I SPORT
מזדה מקסיקו,M3S ISP MHEV
מזדה מקסיקו,M3S SG XAM
מזדה צרפת,MXPH11L-MHXNBW
מזדה צרפת,MXPH11L-MHXRBW
מזדה תאילנד,DEA25
מזדה תאילנד,DJ6HV
מזדה תאילנד,DK6W7
מזדה תאילנד,DK6WA
מזדה תאילנד,DL6SV
מזדה תאילנד,UN1F12
מזדה תאילנד,UN1F17
מזדה תאילנד,UN1F2
מזדה תאילנד,UN1F3
מזדה תאילנד,UN8F12
מזדה תאילנד,UN8F17
מזדה תאילנד,UN8F3
מזדה תאילנד,UN8F4
מזדה תאילנד,UN8F97
מיני אנגליה,11GD
מיני אנגליה,21GD
מיני אנגליה,31DH
מיני אנגליה,COOPER S
מיני הולנד,41DL
מיצובישי הולנד,CARISMA DA1ASNDVL6
מיצובישי הולנד,CARISMA DA1ASNJVL6
מיצובישי הולנד,CARISMA DA1ASRDVL6
מיצובישי הולנד,CARISMA DA1ASRJVL6
מיצובישי הולנד,CARISMA DA4ASNJFL6
מיצובישי הולנד,CARISMA_D1ASRDVL6
מיצובישי הולנד,CW4WXTHHLA
מיצובישי הולנד,DA1ASRUEL6
מיצובישי הולנד,DA2ALRHCL6
מיצובישי הולנד,Z31AMNLML6
מיצובישי הולנד,Z31AXNLML6
מיצובישי הולנד,Z33AMNLHL6
מיצובישי הולנד,Z33AXNLHL6
מיצובישי הולנד,Z34A
מיצובישי הולנד,Z34AXJLHL6
מיצובישי הולנד,Z36A
מיצובישי הולנד,Z37AMNMFL6
מיצובישי יפן,2VA7
מיצובישי יפן,CB4ASNDEQL6 לנסר
מיצובישי יפן,CB4ASRDEQL6
מיצובישי יפן,CB4ASRDEQL6 לנסר
מיצובישי יפן,CB4ASRJQL6 לנסר
מיצובישי יפן,CB4WLNDEQL6
מיצובישי יפן,CB4WLRJEQL6
מיצובישי יפן,CB8ASNJLG לנסר
מיצובישי יפן,CJ4AMNJEL6
מיצובישי יפן,CJ4AMRJEL6
מיצובישי יפן,CS3ASNJEL6
מיצובישי יפן,CS3ASRJEL6
מיצובישי יפן,CS9ASNHML6
מיצובישי יפן,CT9ASJGFZL6
מיצובישי יפן,CT9ASJGFZLG
מיצובישי יפן,CT9ASNGFZL6
מיצובישי יפן,CU2W
מיצובישי יפן,CU5W
מיצובישי יפן,CW4WXNHHL6
מיצובישי יפן,CW4WXTHHL6
מיצובישי יפן,CW5W
מיצובישי יפן,CW5WXTHH2L6
מיצובישי יפן,CW5WXTHHZL6
מיצובישי יפן,CW5WXTXHZL6
מיצובישי יפן,CX3ALTSHL6
מיצובישי יפן,CX3ALTSPL6
מיצובישי יפן,CX3ALTXHL6
מיצובישי יפן,CX3ALTXPL6
מיצובישי יפן,CX4ALMUFZL6
מיצובישי יפן,CX6ALTSPL6
מיצובישי יפן,CY1ASRSPL6
מיצובישי יפן,CY2ASRSHL6
מיצובישי יפן,CY3ASNSPL6
מיצובישי יפן,CY3ASTSHL6
מיצובישי יפן,CY3ASTSPL6
מיצובישי יפן,CY3ASTXHL6
מיצובישי יפן,CY3ASTXPL6
מיצובישי יפן,CZ4ASMPFZL6
מיצובישי יפן,CZ4ASNGFZL6
מיצובישי יפן,EA2ASRHEQL6
מיצובישי יפן,EA2ASRJESL6
מיצובישי יפן,ES2A גאלנט
מיצובישי יפן,ES5A גאלנט
מיצובישי יפן,GA1WXNHXL6
מיצובישי יפן,GA2WXTMHL2B
מיצובישי יפן,GA9WXTHXL6
מיצובישי יפן,GF6WXLXFZL6
מיצובישי יפן,GF7WXNSXL6
מיצובישי יפן,GF7WXTHXL6
מיצובישי יפן,GF7WXTSXL6
מיצובישי יפן,GF7WXTXXL6
מיצובישי יפן,GF7WXTXXZL6
מיצובישי יפן,GG2WXDHHZL6
מיצובישי יפן,GG3WXDHHZL6
מיצובישי יפן,GG3WXDHHZLCS
מיצובישי יפן,GG3WXDPHZL6
מיצובישי יפן,GK1WXTFUL2B
מיצובישי יפן,GK1WXTFUZL2B
מיצובישי יפן,GK1WXTHXL6
מיצובישי יפן,GK1WXTHXZL6
מיצובישי יפן,GK1WXTMXL6
מיצובישי יפן,GK1WXTSXL6
מיצובישי יפן,GK1WXTXUL2B
מיצובישי יפן,GK1WXTXXL6
מיצובישי יפן,GK1WXTXXZL6
מיצובישי יפן,GL3W
מיצובישי יפן,GL3WXDHHZL6
מיצובישי יפן,GL3WXDMHZL6
מיצובישי יפן,GM4WXTMCL2B
מיצובישי יפן,GM4WXTUCL2B
מיצובישי יפן,GM4WXTUCZL2B
מיצובישי יפן,GM4WXTXCL2B
מיצובישי יפן,HA3WLDDL6
מיצובישי יפן,K94W
מיצובישי יפן,K96W
מיצובישי יפן,L-400  PA3W
מיצובישי יפן,N33WLRUEL6
מיצובישי יפן,N43WLNUEL6
מיצובישי יפן,N43WLRUEL6
מיצובישי יפן,N84WLRUCL6
מיצובישי יפן,NA4W
מיצובישי יפן,P15V
מיצובישי יפן,P15V L-300
מיצובישי יפן,PA5W
מיצובישי יפן,PB5V
מיצובישי יפן,PB5V L-400
מיצובישי יפן,PO5W L-300
מיצובישי יפן,T5UA
מיצובישי יפן,V23W
מיצובישי יפן,V23W רו'פג
מיצובישי יפן,V24C
מיצובישי יפן,V24W רו'פג
מיצובישי יפן,V26W
מיצובישי יפן,V45W
מיצובישי יפן,V45W רו'פג
מיצובישי יפן,V46W
מיצובישי יפן,V46W רו'פג
מיצובישי יפן,V65W
מיצובישי יפן,V68W
מיצובישי יפן,V75W
מיצובישי יפן,V78W
מיצובישי יפן,V87W
מיצובישי יפן,V88W
מיצובישי יפן,V88WMYHJL6
מיצובישי יפן,V88WMYXGL6
מיצובישי יפן,V97W
מיצובישי יפן,V97WLYXYL6
מיצובישי יפן,V98W
מיצובישי יפן,V98WLYHGL6
מיצובישי יפן,V98WLYHJL6
מיצובישי יפן,V98WLYJL6
מיצובישי יפן,V98WLYXGL6
מיצובישי יפן,ואגון N43WLRUEL6
מיצובישי יפן,ראנר N21WSNUEL6
מיצובישי פורט',FB631
מיצובישי פורט',FB634
מיצובישי תאילנ,A13ASNHHL6
מיצובישי תאילנ,A13ASNMHL6
מיצובישי תאילנ,A13ASTHHL6
מיצובישי תאילנ,A13ASTMHL6
מיצובישי תאילנ,CK4ASRDVL6U
מיצובישי תאילנ,CK4ASRJVL6U
מיצובישי תאילנ,CK4ASRMVL6U
מיצובישי תאילנ,CK4ASRUVL6U
מיצובישי תאילנ,GK1WXTXXZL6
מיצובישי תאילנ,K62T
מיצובישי תאילנ,K64T
מיצובישי תאילנ,K74T
מיצובישי תאילנ,K74T L-200
מיצובישי תאילנ,K74TL
מיצובישי תאילנ,KA4THJNUZL6
מיצובישי תאילנ,KA4THJRUZL6
מיצובישי תאילנ,KA4TXJNUZL6
מיצובישי תאילנ,KA4TXJRUZL6
מיצובישי תאילנ,KB4
מיצובישי תאילנ,KB4TGJYXZPL6
מיצובישי תאילנ,KB4TNJNUZL6
מיצובישי תאילנ,KB4TNJRUZL6
מיצובישי תאילנ,KK1TJYUFL6
מיצובישי תאילנ,KK2TJJUFL6
מיצובישי תאילנ,KK6TJJFFL6
מיצובישי תאילנ,KK6TJLFFL6
מיצובישי תאילנ,KL1TJLHFPLCS
מיצובישי תאילנ,KL1TJYHFPL6
מיצובישי תאילנ,KL1TJYHPL6
מיצובישי תאילנ,KL1TJYUFL6
מיצובישי תאילנ,KL2TJJUFL6
מיצובישי תאילנ,KL6TJLFFL6
מיצובישי תאילנ,KL6TJLHFL6
מיצובישי תאילנ,KS5WGUPMCLS
מיצובישי תאילנ,L200 K74T
מיצובישי תאילנ,NKA4
מיצובישי תאילנ,NKB4
מיצובישי תאילנ,RKA4
מיצובישי תאילנ,RKB4
מיצובישי תאילנ,XNA05
מיצובישי תאילנ,XTA03
מקלארין,14BC
מקסוס סין,14C4C
מקסוס סין,14J4C
מקסוס סין,14K4C
מקסוס סין,48C1
מקסוס סין,AL110
מקסוס סין,AL160
מקסוס סין,AM110
מקסוס סין,G48C1
מקסוס סין,SV3C
מקסוס סין,SV5A
מקסוס סין,SV6C
מקסוס סין,SV6C-1
מרוטי-סוזוקי,B32S
מרוטי-סוזוקי,EWB32S
מרוטי-סוזוקי,FWB32S
מרוטי-סוזוקי,GFC31S
מרצדס בנץ ארהב,163157
מרצדס בנץ ארהב,164.120
מרצדס בנץ ארהב,164.121
מרצדס בנץ ארהב,164.122
מרצדס בנץ ארהב,164.125
מרצדס בנץ ארהב,164.172
מרצדס בנץ ארהב,164.186
מרצדס בנץ ארהב,164.822
מרצדס בנץ ארהב,164.823
מרצדס בנץ ארהב,164.886
מרצדס בנץ ארהב,166.004
מרצדס בנץ ארהב,166.024
מרצדס בנץ ארהב,166.056
מרצדס בנץ ארהב,166.057
מרצדס בנץ ארהב,166.063
מרצדס בנץ ארהב,166.073
מרצדס בנץ ארהב,166.074
מרצדס בנץ ארהב,166.824
מרצדס בנץ ארהב,166.856
מרצדס בנץ ארהב,166.873
מרצדס בנץ ארהב,166.875
מרצדס בנץ ארהב,167.
מרצדס בנץ ארהב,167.109
מרצדס בנץ ארהב,167.117
מרצדס בנץ ארהב,167.119
מרצדס בנץ ארהב,167.121
מרצדס בנץ ארהב,167.123
מרצדס בנץ ארהב,167.149
מרצדס בנץ ארהב,167.154
מרצדס בנץ ארהב,167.159
מרצדס בנץ ארהב,167.161
מרצדס בנץ ארהב,167.186
מרצדס בנץ ארהב,167.317
מרצדס בנץ ארהב,167.321
מרצדס בנץ ארהב,167.323
מרצדס בנץ ארהב,167.345
מרצדס בנץ ארהב,167.354
מרצדס בנץ ארהב,167.361
מרצדס בנץ ארהב,167.388
מרצדס בנץ ארהב,167.389
מרצדס בנץ ארהב,167.921
מרצדס בנץ ארהב,167.923
מרצדס בנץ ארהב,167.986
מרצדס בנץ ארהב,167.987
מרצדס בנץ ארהב,167.989
מרצדס בנץ ארהב,167117
מרצדס בנץ ארהב,167317
מרצדס בנץ ארהב,167323
מרצדס בנץ ארהב,251.123
מרצדס בנץ ארהב,251.157
מרצדס בנץ ארהב,251.165
מרצדס בנץ ארהב,292.324
מרצדס בנץ ארהב,292.356
מרצדס בנץ ארהב,292.364
מרצדס בנץ ארהב,292.373
מרצדס בנץ ארהב,292.374
מרצדס בנץ ארהב,292.375
מרצדס בנץ ארהב,444.770
מרצדס בנץ ארהב,4JGDM2
מרצדס בנץ ארהב,6G8C
מרצדס בנץ ארהב,B4KB8N
מרצדס בנץ ארהב,CMCXUZ
מרצדס בנץ ארהב,D4ME
מרצדס בנץ ארהב,DA6.DB7
מרצדס בנץ ארהב,DM2D
מרצדס בנץ ארהב,DM2DB
מרצדס בנץ ארהב,DM2E
מרצדס בנץ ארהב,DM2E E2EQSX
מרצדס בנץ ארהב,DM2EB
מרצדס בנץ ארהב,DM4E
מרצדס בנץ ארהב,DM4E E2EQSX
מרצדס בנץ ארהב,DM4EB
מרצדס בנץ ארהב,DM4EB0
מרצדס בנץ ארהב,DX5F
מרצדס בנץ ארהב,EQE 350 SUV 4MATIC
מרצדס בנץ ארהב,FB0G H1GLE
מרצדס בנץ ארהב,FB0G HIGLE
מרצדס בנץ ארהב,FB1H H1GLE
מרצדס בנץ ארהב,FB1HB
מרצדס בנץ ארהב,FB2D H1GLE
מרצדס בנץ ארהב,FB2DE0
מרצדס בנץ ארהב,FB3D
מרצדס בנץ ארהב,FB3D H1GLE
מרצדס בנץ ארהב,FB4E
מרצדס בנץ ארהב,FB4F
מרצדס בנץ ארהב,FB4G
מרצדס בנץ ארהב,FB4JB0
מרצדס בנץ ארהב,FB4JB1
מרצדס בנץ ארהב,FB4JB2
מרצדס בנץ ארהב,FB4JB3
מרצדס בנץ ארהב,FB4JB4
מרצדס בנץ ארהב,FB4JB5
מרצדס בנץ ארהב,FB4JB6
מרצדס בנץ ארהב,FB4JB8
מרצדס בנץ ארהב,FB4JB9
מרצדס בנץ ארהב,FB4JBX
מרצדס בנץ ארהב,FB4JE0
מרצדס בנץ ארהב,FB4JE2
מרצדס בנץ ארהב,FB4JE3
מרצדס בנץ ארהב,FB4JE6
מרצדס בנץ ארהב,FB4K
מרצדס בנץ ארהב,FB4KB
מרצדס בנץ ארהב,FB4KB0
מרצדס בנץ ארהב,FB4KB1
מרצדס בנץ ארהב,FB4KB2
מרצדס בנץ ארהב,FB4KB3
מרצדס בנץ ארהב,FB4KB4
מרצדס בנץ ארהב,FB4KB5
מרצדס בנץ ארהב,FB4KB6
מרצדס בנץ ארהב,FB4KB7
מרצדס בנץ ארהב,FB4KB8
מרצדס בנץ ארהב,FB4KB9
מרצדס בנץ ארהב,FB4KBX
מרצדס בנץ ארהב,FB4KE
מרצדס בנץ ארהב,FB4KE0
מרצדס בנץ ארהב,FB4KE4
מרצדס בנץ ארהב,FB4KE6
מרצדס בנץ ארהב,FB4KE7
מרצדס בנץ ארהב,FB4KE8
מרצדס בנץ ארהב,FB4KE9
מרצדס בנץ ארהב,FB4KEX
מרצדס בנץ ארהב,FB5E
מרצדס בנץ ארהב,FB5K
מרצדס בנץ ארהב,FB5K H1GLE
מרצדס בנץ ארהב,FB5KB1
מרצדס בנץ ארהב,FB5KB2
מרצדס בנץ ארהב,FB5KB3
מרצדס בנץ ארהב,FB5KB4
מרצדס בנץ ארהב,FB5KB5
מרצדס בנץ ארהב,FB5KB6
מרצדס בנץ ארהב,FB5KB7
מרצדס בנץ ארהב,FB5KB9
מרצדס בנץ ארהב,FB5KBX
מרצדס בנץ ארהב,FB5KE1
מרצדס בנץ ארהב,FB5KE3
מרצדס בנץ ארהב,FB5KE4
מרצדס בנץ ארהב,FB5KE7
מרצדס בנץ ארהב,FB6B
מרצדס בנץ ארהב,FB6B 167161
מרצדס בנץ ארהב,FB6B H1GLE
מרצדס בנץ ארהב,FB6BB0
מרצדס בנץ ארהב,FB6BB1
מרצדס בנץ ארהב,FB6BB2
מרצדס בנץ ארהב,FB6BB3
מרצדס בנץ ארהב,FB6BB4
מרצדס בנץ ארהב,FB6BB5
מרצדס בנץ ארהב,FB6BB6
מרצדס בנץ ארהב,FB6BB7
מרצדס בנץ ארהב,FB6BB8
מרצדס בנץ ארהב,FB6BEX
מרצדס בנץ ארהב,FB8K
מרצדס בנץ ארהב,FB8KB2
מרצדס בנץ ארהב,FD0G
מרצדס בנץ ארהב,FD0G H1GLE
מרצדס בנץ ארהב,FD2DB
מרצדס בנץ ארהב,FD3D
מרצדס בנץ ארהב,FD3D H1GLE
מרצדס בנץ ארהב,FD4G
מרצדס בנץ ארהב,FD5K
מרצדס בנץ ארהב,FD5KB
מרצדס בנץ ארהב,FD5KB1
מרצדס בנץ ארהב,FD5KB2
מרצדס בנץ ארהב,FD5KB4
מרצדס בנץ ארהב,FD5KB5
מרצדס בנץ ארהב,FD5KB8
מרצדס בנץ ארהב,FD6.BB0
מרצדס בנץ ארהב,FD6.BB1
מרצדס בנץ ארהב,FD6.BB6
מרצדס בנץ ארהב,FD6.BB8
מרצדס בנץ ארהב,FD6B
מרצדס בנץ ארהב,FD6B H1GLE
מרצדס בנץ ארהב,FD6BB
מרצדס בנץ ארהב,FD6BB0
מרצדס בנץ ארהב,FD6BB1
מרצדס בנץ ארהב,FD6BB2
מרצדס בנץ ארהב,FD6BB3
מרצדס בנץ ארהב,FD6BB4
מרצדס בנץ ארהב,FD6BB5
מרצדס בנץ ארהב,FD6BB6
מרצדס בנץ ארהב,FD6BB7
מרצדס בנץ ארהב,FD6BB8
מרצדס בנץ ארהב,FD6BB9
מרצדס בנץ ארהב,FD6BBX
מרצדס בנץ ארהב,FD6E
מרצדס בנץ ארהב,FD8.KB1
מרצדס בנץ ארהב,FD8JB6
מרצדס בנץ ארהב,FD8K
מרצדס בנץ ארהב,FD8K H1GLE
מרצדס בנץ ארהב,FD8KB
מרצדס בנץ ארהב,FD8KB4
מרצדס בנץ ארהב,FD8KB5
מרצדס בנץ ארהב,FD8KB7
מרצדס בנץ ארהב,FD8KB8
מרצדס בנץ ארהב,FD8KB9
מרצדס בנץ ארהב,FD8KBX
מרצדס בנץ ארהב,FF2D H1GLE
מרצדס בנץ ארהב,FF3B H1GLE
מרצדס בנץ ארהב,FF3D
מרצדס בנץ ארהב,FF3D H1GLE
מרצדס בנץ ארהב,FF5K
מרצדס בנץ ארהב,FF5KE
מרצדס בנץ ארהב,FF5KE0
מרצדס בנץ ארהב,FF5KE1
מרצדס בנץ ארהב,FF5KE3
מרצדס בנץ ארהב,FF5KE4
מרצדס בנץ ארהב,FF5KE5
מרצדס בנץ ארהב,FF5KE6
מרצדס בנץ ארהב,FF5KE7
מרצדס בנץ ארהב,FF5KEX
מרצדס בנץ ארהב,FF8F
מרצדס בנץ ארהב,FF8F H1GLE
מרצדס בנץ ארהב,FF8G H1GLE
מרצדס בנץ ארהב,FF8GE5
מרצדס בנץ ארהב,FF8H
מרצדס בנץ ארהב,FF8H H1GLE
מרצדס בנץ ארהב,FF8HB7
מרצדס בנץ ארהב,FF8K
מרצדס בנץ ארהב,FJ1H H1GLE
מרצדס בנץ ארהב,FJ2D H1GLE
מרצדס בנץ ארהב,GM1B
מרצדס בנץ ארהב,GM1C
מרצדס בנץ ארהב,GM1C E2EQEX
מרצדס בנץ ארהב,GM2B
מרצדס בנץ ארהב,GM2C
מרצדס בנץ ארהב,GM3C
מרצדס בנץ ארהב,GM5D
מרצדס בנץ ארהב,ML270CDI
מרצדס בנץ ארהב,ML320
מרצדס בנץ ארהב,ML430
מרצדס בנץ ארהב,ML500
מרצדס בנץ גרמנ,'כר4+_E 200
מרצדס בנץ גרמנ,'כר4_S 320 מרצדס
מרצדס בנץ גרמנ,(מקומות 7) 110D
מרצדס בנץ גרמנ,0G8EB6
מרצדס בנץ גרמנ,0J1BB
מרצדס בנץ גרמנ,0J1BB8
מרצדס בנץ גרמנ,0J5D
מרצדס בנץ גרמנ,0J5D 204 X
מרצדס בנץ גרמנ,0J5DB
מרצדס בנץ גרמנ,0J5DB1
מרצדס בנץ גרמנ,0J5DB2
מרצדס בנץ גרמנ,0J5DB3
מרצדס בנץ גרמנ,0J5DB6
מרצדס בנץ גרמנ,0J5DB7
מרצדס בנץ גרמנ,0J5DB8
מרצדס בנץ גרמנ,0J5DB9
מרצדס בנץ גרמנ,0J5DBX
מרצדס בנץ גרמנ,0J8B 204 X
מרצדס בנץ גרמנ,0J8EB
מרצדס בנץ גרמנ,110D
מרצדס בנץ גרמנ,118.351
מרצדס בנץ גרמנ,118.386
מרצדס בנץ גרמנ,118.387
מרצדס בנץ גרמנ,11CH
מרצדס בנץ גרמנ,156.902
מרצדס בנץ גרמנ,156.943
מרצדס בנץ גרמנ,156.946
מרצדס בנץ גרמנ,156.947
מרצדס בנץ גרמנ,156.952
מרצדס בנץ גרמנ,166.063
מרצדס בנץ גרמנ,166.631
מרצדס בנץ גרמנ,167.117
מרצדס בנץ גרמנ,167.121
מרצדס בנץ גרמנ,167.161
מרצדס בנץ גרמנ,167.317
מרצדס בנץ גרמנ,167.323
מרצדס בנץ גרמנ,167.361
מרצדס בנץ גרמנ,171.442
מרצדס בנץ גרמנ,171.445
מרצדס בנץ גרמנ,171.454
מרצדס בנץ גרמנ,171.456
מרצדס בנץ גרמנ,171.458
מרצדס בנץ גרמנ,171.473
מרצדס בנץ גרמנ,172.431
מרצדס בנץ גרמנ,172.434
מרצדס בנץ גרמנ,172.438
מרצדס בנץ גרמנ,172.447
מרצדס בנץ גרמנ,172.448
מרצדס בנץ גרמנ,172.457
מרצדס בנץ גרמנ,172.466
מרצדס בנץ גרמנ,176.042
מרצדס בנץ גרמנ,176.043
מרצדס בנץ גרמנ,176.044
מרצדס בנץ גרמנ,176.050
מרצדס בנץ גרמנ,176.052
מרצדס בנץ גרמנ,177.003
מרצדס בנץ גרמנ,177.046
מרצדס בנץ גרמנ,177.051
מרצדס בנץ גרמנ,177.084
מרצדס בנץ גרמנ,177.086
מרצדס בנץ גרמנ,177.087
מרצדס בנץ גרמנ,177.146
מרצדס בנץ גרמנ,177.151
מרצדס בנץ גרמנ,177.184
מרצדס בנץ גרמנ,177.185
מרצדס בנץ גרמנ,177.186
מרצדס בנץ גרמנ,177.187
מרצדס בנץ גרמנ,177186
מרצדס בנץ גרמנ,190.377
מרצדס בנץ גרמנ,190.378
מרצדס בנץ גרמנ,190.379
מרצדס בנץ גרמנ,190.381
מרצדס בנץ גרמנ,190.480
מרצדס בנץ גרמנ,197.377
מרצדס בנץ גרמנ,197.378
מרצדס בנץ גרמנ,197.477
מרצדס בנץ גרמנ,1J5JB0
מרצדס בנץ גרמנ,1J5JB1
מרצדס בנץ גרמנ,1J5JB3
מרצדס בנץ גרמנ,1J5KB0
מרצדס בנץ גרמנ,1J6B
מרצדס בנץ גרמנ,1J8D
מרצדס בנץ גרמנ,1J8DB0
מרצדס בנץ גרמנ,1J8DB9
מרצדס בנץ גרמנ,1J8F
מרצדס בנץ גרמנ,1JBDB2
מרצדס בנץ גרמנ,1K5K R1EC
מרצדס בנץ גרמנ,1K6BB
מרצדס בנץ גרמנ,1K8A
מרצדס בנץ גרמנ,1K8D
מרצדס בנץ גרמנ,202.121
מרצדס בנץ גרמנ,202.188
מרצדס בנץ גרמנ,203.006
מרצדס בנץ גרמנ,203.741
מרצדס בנץ גרמנ,203.752
מרצדס בנץ גרמנ,203X
מרצדס בנץ גרמנ,204.000
מרצדס בנץ גרמנ,204.001
מרצדס בנץ גרמנ,204.007
מרצדס בנץ גרמנ,204.008
מרצדס בנץ גרמנ,204.031
מרצדס בנץ גרמנ,204.041
מרצדס בנץ גרמנ,204.047
מרצדס בנץ גרמנ,204.048
מרצדס בנץ גרמנ,204.049
מרצדס בנץ גרמנ,204.054
מרצדס בנץ גרמנ,204.056
מרצדס בנץ גרמנ,204.057
מרצדס בנץ גרמנ,204.077
מרצדס בנץ גרמנ,204.331
מרצדס בנץ גרמנ,204.343
מרצדס בנץ גרמנ,204.347
מרצדס בנץ גרמנ,204.349
מרצדס בנץ גרמנ,204.357
מרצדס בנץ גרמנ,204.377
מרצדס בנץ גרמנ,204.937
מרצדס בנץ גרמנ,204.981
מרצדס בנץ גרמנ,204.983
מרצדס בנץ גרמנ,204.984
מרצדס בנץ גרמנ,204.987
מרצדס בנץ גרמנ,204.988
מרצדס בנץ גרמנ,204.993
מרצדס בנץ גרמנ,204X
מרצדס בנץ גרמנ,205.000
מרצדס בנץ גרמנ,205.001
מרצדס בנץ גרמנ,205.004
מרצדס בנץ גרמנ,205.007
מרצדס בנץ גרמנ,205.011
מרצדס בנץ גרמנ,205.012
מרצדס בנץ גרמנ,205.014
מרצדס בנץ גרמנ,205.040
מרצדס בנץ גרמנ,205.042
מרצדס בנץ גרמנ,205.045
מרצדס בנץ גרמנ,205.047
מרצדס בנץ גרמנ,205.048
מרצדס בנץ גרמנ,205.054
מרצדס בנץ גרמנ,205.064
מרצדס בנץ גרמנ,205.066
מרצדס בנץ גרמנ,205.076
מרצדס בנץ גרמנ,205.086
מרצדס בנץ גרמנ,205.087
מרצדס בנץ גרמנ,205.201
מרצדס בנץ גרמנ,205.247
מרצדס בנץ גרמנ,205.340
מרצדס בנץ גרמנ,205.342
מרצדס בנץ גרמנ,205.345
מרצדס בנץ גרמנ,205.348
מרצדס בנץ גרמנ,205.364
מרצדס בנץ גרמנ,205.376
מרצדס בנץ גרמנ,205.377
מרצדס בנץ גרמנ,205.378
מרצדס בנץ גרמנ,205.383
מרצדס בנץ גרמנ,205.384
מרצדס בנץ גרמנ,205.386
מרצדס בנץ גרמנ,205.387
מרצדס בנץ גרמנ,205.442
מרצדס בנץ גרמנ,205.448
מרצדס בנץ גרמנ,205.464
מרצדס בנץ גרמנ,205.467
מרצדס בנץ גרמנ,205.476
מרצדס בנץ גרמנ,205.477
מרצדס בנץ גרמנ,205.478
מרצדס בנץ גרמנ,205.483
מרצדס בנץ גרמנ,205.487
מרצדס בנץ גרמנ,206.003
מרצדס בנץ גרמנ,206.004
מרצדס בנץ גרמנ,206.016
מרצדס בנץ גרמנ,206.041
מרצדס בנץ גרמנ,206.042
מרצדס בנץ גרמנ,206.043
מרצדס בנץ גרמנ,206.046
מרצדס בנץ גרמנ,206.054
מרצדס בנץ גרמנ,206054
מרצדס בנץ גרמנ,207.336
מרצדס בנץ גרמנ,207.347
מרצדס בנץ גרמנ,207.356
מרצדס בנץ גרמנ,207.359
מרצדס בנץ גרמנ,207.361
מרצדס בנץ גרמנ,207.362
מרצדס בנץ גרמנ,207.365
מרצדס בנץ גרמנ,207.436
מרצדס בנץ גרמנ,207.447
מרצדס בנץ גרמנ,207.456
מרצדס בנץ גרמנ,207.459
מרצדס בנץ גרמנ,207.461
מרצדס בנץ גרמנ,207.462
מרצדס בנץ גרמנ,207.465
מרצדס בנץ גרמנ,207.473
מרצדס בנץ גרמנ,208.365
מרצדס בנץ גרמנ,208.465
מרצדס בנץ גרמנ,210.016
מרצדס בנץ גרמנ,210.062
מרצדס בנץ גרמנ,210.065
מרצדס בנץ גרמנ,211.007
מרצדס בנץ גרמנ,211.008
מרצדס בנץ גרמנ,211.020
מרצדס בנץ גרמנ,211.052
מרצדס בנץ גרמנ,211.054
מרצדס בנץ גרמנ,211.056
מרצדס בנץ גרמנ,211.072
מרצדס בנץ גרמנ,211.208
מרצדס בנץ גרמנ,211.220
מרצדס בנץ גרמנ,212
מרצדס בנץ גרמנ,212.001
מרצדס בנץ גרמנ,212.002
מרצדס בנץ גרמנ,212.003
מרצדס בנץ גרמנ,212.005
מרצדס בנץ גרמנ,212.006
מרצדס בנץ גרמנ,212.021
מרצדס בנץ גרמנ,212.023
מרצדס בנץ גרמנ,212.025
מרצדס בנץ גרמנ,212.026
מרצדס בנץ גרמנ,212.027
מרצדס בנץ גרמנ,212.034
מרצדס בנץ גרמנ,212.036
מרצדס בנץ גרמנ,212.047
מרצדס בנץ גרמנ,212.054
מרצדס בנץ גרמנ,212.055
מרצדס בנץ גרמנ,212.056
מרצדס בנץ גרמנ,212.059
מרצדס בנץ גרמנ,212.061
מרצדס בנץ גרמנ,212.065
מרצדס בנץ גרמנ,212.073
מרצדס בנץ גרמנ,212.074
מרצדס בנץ גרמנ,212.076
מרצדס בנץ גרמנ,212.077
מרצדס בנץ גרמנ,212.098
מרצדס בנץ גרמנ,212.201
מרצדס בנץ גרמנ,212.202
מרצדס בנץ גרמנ,212.203
מרצדס בנץ גרמנ,212.205
מרצדס בנץ גרמנ,212.225
מרצדס בנץ גרמנ,213.004
מרצדס בנץ גרמנ,213.005
מרצדס בנץ גרמנ,213.008
מרצדס בנץ גרמנ,213.011
מרצדס בנץ גרמנ,213.012
מרצדס בנץ גרמנ,213.013
מרצדס בנץ גרמנ,213.014
מרצדס בנץ גרמנ,213.016
מרצדס בנץ גרמנ,213.022
מרצדס בנץ גרמנ,213.033
מרצדס בנץ גרמנ,213.042
מרצדס בנץ גרמנ,213.045
מרצדס בנץ גרמנ,213.048
מרצדס בנץ גרמנ,213.050
מרצדס בנץ גרמנ,213.053
מרצדס בנץ גרמנ,213.054
מרצדס בנץ גרמנ,213.061
מרצדס בנץ גרמנ,213.064
מרצדס בנץ גרמנ,213.071
מרצדס בנץ גרמנ,213.080
מרצדס בנץ גרמנ,213.085
מרצדס בנץ גרמנ,213.088
מרצדס בנץ גרמנ,213.089
מרצדס בנץ גרמנ,213.161
מרצדס בנץ גרמנ,213.204
מרצדס בנץ גרמנ,213.205
מרצדס בנץ גרמנ,213.213
מרצדס בנץ גרמנ,213.216
מרצדס בנץ גרמנ,213.253
מרצדס בנץ גרמנ,213.531
מרצדס בנץ גרמנ,213004
מרצדס בנץ גרמנ,213053
מרצדס בנץ גרמנ,216.371
מרצדס בנץ גרמנ,216.373
מרצדס בנץ גרמנ,216.374
מרצדס בנץ גרמנ,216.377
מרצדס בנץ גרמנ,217.364
מרצדס בנץ גרמנ,217.378
מרצדס בנץ גרמנ,217.379
מרצדס בנץ גרמנ,217.382
מרצדס בנץ גרמנ,217.385
מרצדס בנץ גרמנ,217.386
מרצדס בנץ גרמנ,217.388
מרצדס בנץ גרמנ,217.478
מרצדס בנץ גרמנ,217.482
מרצדס בנץ גרמנ,217.483
מרצדס בנץ גרמנ,217.488
מרצדס בנץ גרמנ,218.326
מרצדס בנץ גרמנ,218.359
מרצדס בנץ גרמנ,218.361
מרצדס בנץ גרמנ,218.373
מרצדס בנץ גרמנ,218.374
מרצדס בנץ גרמנ,218.376
מרצדס בנץ גרמנ,218.959
מרצדס בנץ גרמנ,219.354
מרצדס בנץ גרמנ,219.356
מרצדס בנץ גרמנ,219.372
מרצדס בנץ גרמנ,221.054
מרצדס בנץ גרמנ,221.056
מרצדס בנץ גרמנ,221.057
מרצדס בנץ גרמנ,221.071
מרצדס בנץ גרמנ,221.073
מרצדס בנץ גרמנ,221.095
מרצדס בנץ גרמנ,221.122
מרצדס בנץ גרמנ,221.126
מרצדס בנץ גרמנ,221.154
מרצדס בנץ גרמנ,221.156
מרצדס בנץ גרמנ,221.157
מרצדס בנץ גרמנ,221.171
מרצדס בנץ גרמנ,221.173
מרצדס בנץ גרמנ,221.174
מרצדס בנץ גרמנ,221.176
מרצדס בנץ גרמנ,221.177
מרצדס בנץ גרמנ,221.179
מרצדס בנץ גרמנ,221.195
מרצדס בנץ גרמנ,222.021
מרצדס בנץ גרמנ,222.032
מרצדס בנץ גרמנ,222.035
מרצדס בנץ גרמנ,222.057
מרצדס בנץ גרמנ,222.082
מרצדס בנץ גרמנ,222.086
מרצדס בנץ גרמנ,222.120
מרצדס בנץ גרמנ,222.121
מרצדס בנץ גרמנ,222.130
מרצדס בנץ גרמנ,222.132
מרצדס בנץ גרמנ,222.133
מרצדס בנץ גרמנ,222.135
מרצדס בנץ גרמנ,222.157
מרצדס בנץ גרמנ,222.158
מרצדס בנץ גרמנ,222.160
מרצדס בנץ גרמנ,222.163
מרצדס בנץ גרמנ,222.165
מרצדס בנץ גרמנ,222.166
מרצדס בנץ גרמנ,222.173
מרצדס בנץ גרמנ,222.176
מרצדס בנץ גרמנ,222.178
מרצדס בנץ גרמנ,222.179
מרצדס בנץ גרמנ,222.182
מרצדס בנץ גרמנ,222.186
מרצדס בנץ גרמנ,222.188
מרצדס בנץ גרמנ,222.731
מרצדס בנץ גרמנ,222.976
מרצדס בנץ גרמנ,222.980
מרצדס בנץ גרמנ,222.982
מרצדס בנץ גרמנ,222.986
מרצדס בנץ גרמנ,222021
מרצדס בנץ גרמנ,223.030
מרצדס בנץ גרמנ,223.031
מרצדס בנץ גרמנ,223.033
מרצדס בנץ גרמנ,223.068
מרצדס בנץ גרמנ,223.069
מרצדס בנץ גרמנ,223.130
מרצדס בנץ גרמנ,223.131
מרצדס בנץ גרמנ,223.133
מרצדס בנץ גרמנ,223.161
מרצדס בנץ גרמנ,223.163
מרצדס בנץ גרמנ,223.168
מרצדס בנץ גרמנ,223.169
מרצדס בנץ גרמנ,223.176
מרצדס בנץ גרמנ,223.976
מרצדס בנץ גרמנ,223.979
מרצדס בנץ גרמנ,223163
מרצדס בנץ גרמנ,2231631A0
מרצדס בנץ גרמנ,223168
מרצדס בנץ גרמנ,223976
מרצדס בנץ גרמנ,230.458
מרצדס בנץ גרמנ,230.470
מרצדס בנץ גרמנ,230.471
מרצדס בנץ גרמנ,231.457
מרצדס בנץ גרמנ,231.465
מרצדס בנץ גרמנ,231.466
מרצדס בנץ גרמנ,231.473
מרצדס בנץ גרמנ,232.450
מרצדס בנץ גרמנ,232480
מרצדס בנץ גרמנ,233.161
מרצדס בנץ גרמנ,235.353
מרצדס בנץ גרמנ,238.342
מרצדס בנץ גרמנ,238.348
מרצדס בנץ גרמנ,238.359
מרצדס בנץ גרמנ,238.361
מרצדס בנץ גרמנ,238.366
מרצדס בנץ גרמנ,238.368
מרצדס בנץ גרמנ,238.380
מרצדס בנץ גרמנ,238.383
מרצדס בנץ גרמנ,238.385
מרצדס בנץ גרמנ,238.387
מרצדס בנץ גרמנ,238.414
מרצדס בנץ גרמנ,238.418
מרצדס בנץ גרמנ,238.442
מרצדס בנץ גרמנ,238.448
מרצדס בנץ גרמנ,238.459
מרצדס בנץ גרמנ,238.461
מרצדס בנץ גרמנ,238.466
מרצדס בנץ גרמנ,238.468
מרצדס בנץ גרמנ,238.480
מרצדס בנץ גרמנ,238.483
מרצדס בנץ גרמנ,238.487
מרצדס בנץ גרמנ,243.601
מרצדס בנץ גרמנ,243.701
מרצדס בנץ גרמנ,243.702
מרצדס בנץ גרמנ,243.708
מרצדס בנץ גרמנ,243608
מרצדס בנץ גרמנ,243701
מרצדס בנץ גרמנ,243708
מרצדס בנץ גרמנ,245.233
מרצדס בנץ גרמנ,245.234
מרצדס בנץ גרמנ,246.201
מרצדס בנץ גרמנ,246.208
מרצדס בנץ גרמנ,246.24
מרצדס בנץ גרמנ,246.242
מרצדס בנץ גרמנ,246.243
מרצדס בנץ גרמנ,246.244
מרצדס בנץ גרמנ,247.012
מרצדס בנץ גרמנ,247.084
מרצדס בנץ גרמנ,247.087
מרצדס בנץ גרמנ,247.746
מרצדס בנץ גרמנ,247.751
מרצדס בנץ גרמנ,247.754
מרצדס בנץ גרמנ,247.784
מרצדס בנץ גרמנ,247.786
מרצדס בנץ גרמנ,247.787
מרצדס בנץ גרמנ,247.788
מרצדס בנץ גרמנ,247786
מרצדס בנץ גרמנ,253.305
מרצדס בנץ גרמנ,253.311
מרצדס בנץ גרמנ,253.319
מרצדס בנץ גרמנ,253.346
מרצדס בנץ גרמנ,253.353
מרצדס בנץ גרמנ,253.354
מרצדס בנץ גרמנ,253.364
מרצדס בנץ גרמנ,253.380
מרצדס בנץ גרמנ,253.381
מרצדס בנץ גרמנ,253.384
מרצדס בנץ גרמנ,253.389
מרצדס בנץ גרמנ,253.905
מרצדס בנץ גרמנ,253.909
מרצדס בנץ גרמנ,253.911
מרצדס בנץ גרמנ,253.915
מרצדס בנץ גרמנ,253.946
מרצדס בנץ גרמנ,253.953
מרצדס בנץ גרמנ,253.954
מרצדס בנץ גרמנ,253.964
מרצדס בנץ גרמנ,253.980
מרצדס בנץ גרמנ,253.981
מרצדס בנץ גרמנ,253.984
מרצדס בנץ גרמנ,253353
מרצדס בנץ גרמנ,253380
מרצדס בנץ גרמנ,253381
מרצדס בנץ גרמנ,254.605
מרצדס בנץ גרמנ,254.651
מרצדס בנץ גרמנ,257.314
מרצדס בנץ גרמנ,257.321
מרצדס בנץ גרמנ,257.350
מרצדס בנץ גרמנ,257.359
מרצדס בנץ גרמנ,257.361
מרצדס בנץ גרמנ,274.531
מרצדס בנץ גרמנ,2800 משקל_212D
מרצדס בנץ גרמנ,2800 משקל__212D
מרצדס בנץ גרמנ,283.359
מרצדס בנץ גרמנ,290.658
מרצדס בנץ גרמנ,290.659
מרצדס בנץ גרמנ,290.661
מרצדס בנץ גרמנ,290.688
מרצדס בנץ גרמנ,290.6881
מרצדס בנץ גרמנ,290.689
מרצדס בנץ גרמנ,290661
מרצדס בנץ גרמנ,290689
מרצדס בנץ גרמנ,292.324
מרצדס בנץ גרמנ,293.890
מרצדס בנץ גרמנ,293890
מרצדס בנץ גרמנ,295.111
מרצדס בנץ גרמנ,295.121
מרצדס בנץ גרמנ,295.125
מרצדס בנץ גרמנ,295.132
מרצדס בנץ גרמנ,2950 משקל 212D
מרצדס בנץ גרמנ,295132
מרצדס בנץ גרמנ,297.121
מרצדס בנץ גרמנ,297.123
מרצדס בנץ גרמנ,297.144
מרצדס בנץ גרמנ,297.155
מרצדס בנץ גרמנ,297123
מרצדס בנץ גרמנ,297144
מרצדס בנץ גרמנ,2J5A R1ECLS
מרצדס בנץ גרמנ,2J6BB0
מרצדס בנץ גרמנ,2KFF
מרצדס בנץ גרמנ,312D
מרצדס בנץ גרמנ,320 מרצדס
מרצדס בנץ גרמנ,3F5BB2
מרצדס בנץ גרמנ,3F8E
מרצדס בנץ גרמנ,3F8F
מרצדס בנץ גרמנ,3F8G
מרצדס בנץ גרמנ,3F8GB
מרצדס בנץ גרמנ,3F8GB0
מרצדס בנץ גרמנ,3G3C
מרצדס בנץ גרמנ,3G4FB1
מרצדס בנץ גרמנ,3G4FB3
מרצדס בנץ גרמנ,3G5BB3
מרצדס בנץ גרמנ,3G8F
מרצדס בנץ גרמנ,3G8FB
מרצדס בנץ גרמנ,3G8GB
מרצדס בנץ גרמנ,3G8GB1
מרצדס בנץ גרמנ,3G8GB2
מרצדס בנץ גרמנ,3G8GB6
מרצדס בנץ גרמנ,3G8GB8
מרצדס בנץ גרמנ,3G8GBX
מרצדס בנץ גרמנ,3KBF
מרצדס בנץ גרמנ,3KCF
מרצדס בנץ גרמנ,3KFF
מרצדס בנץ גרמנ,3MBF
מרצדס בנץ גרמנ,447.705
מרצדס בנץ גרמנ,447.813
מרצדס בנץ גרמנ,447.815
מרצדס בנץ גרמנ,463.276
מרצדס בנץ גרמנ,4F1C F2B
מרצדס בנץ גרמנ,4N4G F2B
מרצדס בנץ גרמנ,4N5B
מרצדס בנץ גרמנ,4N8E F2B
מרצדס בנץ גרמנ,4N8F
מרצדס בנץ גרמנ,4N8F F2B
מרצדס בנץ גרמנ,4N8G
מרצדס בנץ גרמנ,4N8G F2B
מרצדס בנץ גרמנ,4N8GB
מרצדס בנץ גרמנ,4N8GB0
מרצדס בנץ גרמנ,4N8GB2
מרצדס בנץ גרמנ,4N8GB3
מרצדס בנץ גרמנ,4N8GB4
מרצדס בנץ גרמנ,4N8GB6
מרצדס בנץ גרמנ,4N8GB8
מרצדס בנץ גרמנ,4N8GB9
מרצדס בנץ גרמנ,4N8H F2B
מרצדס בנץ גרמנ,5J8GB
מרצדס בנץ גרמנ,6C6K
מרצדס בנץ גרמנ,6F2A
מרצדס בנץ גרמנ,6F6G R2S
מרצדס בנץ גרמנ,6F6JB1
מרצדס בנץ גרמנ,6F6K
מרצדס בנץ גרמנ,6G2A R2S
מרצדס בנץ גרמנ,6G2B
מרצדס בנץ גרמנ,6G2D
מרצדס בנץ גרמנ,6G3AB2
מרצדס בנץ גרמנ,6G3BB
מרצדס בנץ גרמנ,6G3DB
מרצדס בנץ גרמנ,6G6D
מרצדס בנץ גרמנ,6G6D R2S
מרצדס בנץ גרמנ,6G6DB9
מרצדס בנץ גרמנ,6G6G R2S
מרצדס בנץ גרמנ,6G6J
מרצדס בנץ גרמנ,6G6JB
מרצדס בנץ גרמנ,6G6JB4
מרצדס בנץ גרמנ,6G6JB5
מרצדס בנץ גרמנ,6G6JB8
מרצדס בנץ גרמנ,6G6JB9
מרצדס בנץ גרמנ,6G6K
מרצדס בנץ גרמנ,6G6K R2S
מרצדס בנץ גרמנ,6G6KB
מרצדס בנץ גרמנ,6G6KB5
מרצדס בנץ גרמנ,6G6KB9
מרצדס בנץ גרמנ,6G6KBX
מרצדס בנץ גרמנ,6G7G
מרצדס בנץ גרמנ,6G7G R2S
מרצדס בנץ גרמנ,6G7GB
מרצדס בנץ גרמנ,6G7GB0
מרצדס בנץ גרמנ,6G7GB1
מרצדס בנץ גרמנ,6G7GB2
מרצדס בנץ גרמנ,6G7GB4
מרצדס בנץ גרמנ,6G7GB5
מרצדס בנץ גרמנ,6G7GB6
מרצדס בנץ גרמנ,6G7GB7
מרצדס בנץ גרמנ,6G7GBX
מרצדס בנץ גרמנ,6G8C
מרצדס בנץ גרמנ,6G8C R2S
מרצדס בנץ גרמנ,6X6K
מרצדס בנץ גרמנ,6X7G
מרצדס בנץ גרמנ,6X7GB
מרצדס בנץ גרמנ,6X7GB9
מרצדס בנץ גרמנ,7X5.KB8
מרצדס בנץ גרמנ,7X5J
מרצדס בנץ גרמנ,7X5JB5
מרצדס בנץ גרמנ,7X5K
מרצדס בנץ גרמנ,7X5K R1EAMG
מרצדס בנץ גרמנ,7X5KB5
מרצדס בנץ גרמנ,7X6B
מרצדס בנץ גרמנ,7X6BB0
מרצדס בנץ גרמנ,7X6BB3
מרצדס בנץ גרמנ,7X6BB4
מרצדס בנץ גרמנ,7X6BB7
מרצדס בנץ גרמנ,7X6BB8
מרצדס בנץ גרמנ,7X6BBX
מרצדס בנץ גרמנ,7X8KB5
מרצדס בנץ גרמנ,8P9A
מרצדס בנץ גרמנ,8P9AB
מרצדס בנץ גרמנ,8P9AB0
מרצדס בנץ גרמנ,8P9AB1
מרצדס בנץ גרמנ,8P9AB3
מרצדס בנץ גרמנ,8P9AB4
מרצדס בנץ גרמנ,8P9AB8
מרצדס בנץ גרמנ,906.231
מרצדס בנץ גרמנ,906.633
מרצדס בנץ גרמנ,906.713
מרצדס בנץ גרמנ,906.731
מרצדס בנץ גרמנ,906.733
מרצדס בנץ גרמנ,907.233
מרצדס בנץ גרמנ,907.621
מרצדס בנץ גרמנ,907.623
מרצדס בנץ גרמנ,907.631
מרצדס בנץ גרמנ,907.633
מרצדס בנץ גרמנ,907.635
מרצדס בנץ גרמנ,907.721
מרצדס בנץ גרמנ,907.723
מרצדס בנץ גרמנ,907.733
מרצדס בנץ גרמנ,907.735
מרצדס בנץ גרמנ,907633
מרצדס בנץ גרמנ,9N0B
מרצדס בנץ גרמנ,9N0B F2B
מרצדס בנץ גרמנ,9N0BB
מרצדס בנץ גרמנ,9N0BB0
מרצדס בנץ גרמנ,9N0BB4
מרצדס בנץ גרמנ,9N0BB6
מרצדס בנץ גרמנ,9N0C
מרצדס בנץ גרמנ,9N0C F2B
מרצדס בנץ גרמנ,9N0CB
מרצדס בנץ גרמנ,9N0CBX
מרצדס בנץ גרמנ,9N0J
מרצדס בנץ גרמנ,9N0JB4
מרצדס בנץ גרמנ,9N1C
מרצדס בנץ גרמנ,A 170 CDI
מרצדס בנץ גרמנ,A-160
מרצדס בנץ גרמנ,A-190
מרצדס בנץ גרמנ,A170CDI
מרצדס בנץ גרמנ,AF0D R2CW
מרצדס בנץ גרמנ,AF0E R2CW
מרצדס בנץ גרמנ,AF4B R2CW
מרצדס בנץ גרמנ,AF4G R2CW
מרצדס בנץ גרמנ,AF5E
מרצדס בנץ גרמנ,AF5E R2CW
מרצדס בנץ גרמנ,AF8A
מרצדס בנץ גרמנ,AF8A R2CW
מרצדס בנץ גרמנ,AF8H R2CW
מרצדס בנץ גרמנ,C 200
מרצדס בנץ גרמנ,C 200CDI
מרצדס בנץ גרמנ,C 220 מרצדס
מרצדס בנץ גרמנ,C 240
מרצדס בנץ גרמנ,C 250 TD
מרצדס בנץ גרמנ,C-220 DT
מרצדס בנץ גרמנ,C-240
מרצדס בנץ גרמנ,C200
מרצדס בנץ גרמנ,C200T
מרצדס בנץ גרמנ,C220CDI
מרצדס בנץ גרמנ,C220D מרצדס
מרצדס בנץ גרמנ,C240
מרצדס בנץ גרמנ,C280 מרצדס
מרצדס בנץ גרמנ,CG2B
מרצדס בנץ גרמנ,CG2D
מרצדס בנץ גרמנ,CG2DB1
מרצדס בנץ גרמנ,CG2DB2
מרצדס בנץ גרמנ,CG2DB3
מרצדס בנץ גרמנ,CG2DB9
מרצדס בנץ גרמנ,CG4E
מרצדס בנץ גרמנ,CG4EB
מרצדס בנץ גרמנ,CG4EB1
מרצדס בנץ גרמנ,CG5F
מרצדס בנץ גרמנ,CG5FB8
מרצדס בנץ גרמנ,CLE450
מרצדס בנץ גרמנ,CLK 200
מרצדס בנץ גרמנ,CLK 430
מרצדס בנץ גרמנ,CLK200
מרצדס בנץ גרמנ,DB5J0
מרצדס בנץ גרמנ,DM2E
מרצדס בנץ גרמנ,E 230 מרצדס
מרצדס בנץ גרמנ,E 240
מרצדס בנץ גרמנ,E 250 D
מרצדס בנץ גרמנ,E 250 D אלגנס
מרצדס בנץ גרמנ,E 320
מרצדס בנץ גרמנ,E-220CDI
מרצדס בנץ גרמנ,E-280
מרצדס בנץ גרמנ,E200 CABRIO
מרצדס בנץ גרמנ,E220D
מרצדס בנץ גרמנ,E240
מרצדס בנץ גרמנ,E250D
מרצדס בנץ גרמנ,E320
מרצדס בנץ גרמנ,E420
מרצדס בנץ גרמנ,EG1B
מרצדס בנץ גרמנ,EG1B E2EQEW
מרצדס בנץ גרמנ,EG1BB
מרצדס בנץ גרמנ,EG1BB0
מרצדס בנץ גרמנ,EG1BB2
מרצדס בנץ גרמנ,EG1C
מרצדס בנץ גרמנ,EG2B
מרצדס בנץ גרמנ,EG2B E2EQEW
מרצדס בנץ גרמנ,EG2C
מרצדס בנץ גרמנ,EG2CB6
מרצדס בנץ גרמנ,EG2F
מרצדס בנץ גרמנ,EG2F E2EQEW
מרצדס בנץ גרמנ,EG2FB
מרצדס בנץ גרמנ,EG2FB8
מרצדס בנץ גרמנ,EG2FB9
מרצדס בנץ גרמנ,EG2FBX
מרצדס בנץ גרמנ,EG3C
מרצדס בנץ גרמנ,EG3CB
מרצדס בנץ גרמנ,EG3CB1
מרצדס בנץ גרמנ,EG5D
מרצדס בנץ גרמנ,EG5DB1
מרצדס בנץ גרמנ,EQA 250
מרצדס בנץ גרמנ,EQE 350
מרצדס בנץ גרמנ,FD6B
מרצדס בנץ גרמנ,FJ1B MMCLAE
מרצדס בנץ גרמנ,FJ1D
מרצדס בנץ גרמנ,FJ1D MMCLAE
מרצדס בנץ גרמנ,FJ4E MMCLAE
מרצדס בנץ גרמנ,G2B6
מרצדס בנץ גרמנ,GM1B
מרצדס בנץ גרמנ,JK6GA8
מרצדס בנץ גרמנ,JK6GA9
מרצדס בנץ גרמנ,KJ0F
מרצדס בנץ גרמנ,KJ0K
מרצדס בנץ גרמנ,KJ4H
מרצדס בנץ גרמנ,KJ4H R2CGLC
מרצדס בנץ גרמנ,KJ5B
מרצדס בנץ גרמנ,KJ5B R2CGLC
מרצדס בנץ גרמנ,KJ5F
מרצדס בנץ גרמנ,KJ5F R2CGLC
מרצדס בנץ גרמנ,KJ5G
מרצדס בנץ גרמנ,KJ5G R2CGLC
מרצדס בנץ גרמנ,KJ5GB
מרצדס בנץ גרמנ,KJ8A
מרצדס בנץ גרמנ,KJ8H
מרצדס בנץ גרמנ,KJ8H R2CGLC
מרצדס בנץ גרמנ,KM0FB1
מרצדס בנץ גרמנ,KM0K
מרצדס בנץ גרמנ,KM4G
מרצדס בנץ גרמנ,KM4H
מרצדס בנץ גרמנ,KM4H R2CGLC
מרצדס בנץ גרמנ,KM5.BB3
מרצדס בנץ גרמנ,KM5B
מרצדס בנץ גרמנ,KM5B R2CGLC
מרצדס בנץ גרמנ,KM5BB
מרצדס בנץ גרמנ,KM5BB3
מרצדס בנץ גרמנ,KM5G
מרצדס בנץ גרמנ,KM5G R2CGLC
מרצדס בנץ גרמנ,KM5GB
מרצדס בנץ גרמנ,KM8A
מרצדס בנץ גרמנ,KM8H
מרצדס בנץ גרמנ,KOMPRESSOR C-200
מרצדס בנץ גרמנ,KOMPRSSOR C-200
מרצדס בנץ גרמנ,KOMPRSSOR CLK-200
מרצדס בנץ גרמנ,KOMPRSSOR E-200
מרצדס בנץ גרמנ,L5FE
מרצדס בנץ גרמנ,L5FG
מרצדס בנץ גרמנ,LF0D
מרצדס בנץ גרמנ,LF0E
מרצדס בנץ גרמנ,LF0E R2EW
מרצדס בנץ גרמנ,LF0J
מרצדס בנץ גרמנ,LF4G
מרצדס בנץ גרמנ,LF4H
מרצדס בנץ גרמנ,LF5A
מרצדס בנץ גרמנ,LF5A R2EW
מרצדס בנץ גרמנ,LF5E
מרצדס בנץ גרמנ,LF5E R2EW
מרצדס בנץ גרמנ,LF5EB7
מרצדס בנץ גרמנ,LF5F
מרצדס בנץ גרמנ,LF5G
מרצדס בנץ גרמנ,LF5GB
מרצדס בנץ גרמנ,LF6B
מרצדס בנץ גרמנ,LF6B R2EW
מרצדס בנץ גרמנ,LF6D
מרצדס בנץ גרמנ,LF6D R2EW
מרצדס בנץ גרמנ,LONG S-500
מרצדס בנץ גרמנ,MJ4H
מרצדס בנץ גרמנ,MJ4H R2CLECA
מרצדס בנץ גרמנ,MJ5A
מרצדס בנץ גרמנ,MJ5A R2CLECA
מרצדס בנץ גרמנ,MJ5AB
מרצדס בנץ גרמנ,MJ5C
מרצדס בנץ גרמנ,MJ5C R2CLECA
מרצדס בנץ גרמנ,MJ5E
מרצדס בנץ גרמנ,MJ5E R2CLECA
מרצדס בנץ גרמנ,MJ5EB
מרצדס בנץ גרמנ,MJ6B
מרצדס בנץ גרמנ,MJ6B R2CLECA
מרצדס בנץ גרמנ,MJ6C
מרצדס בנץ גרמנ,MJ6C R2CLECA
מרצדס בנץ גרמנ,MK4H
מרצדס בנץ גרמנ,MK4H R2CLECA
מרצדס בנץ גרמנ,MK4HB
מרצדס בנץ גרמנ,MK5A
מרצדס בנץ גרמנ,MK5A R2CLECA
מרצדס בנץ גרמנ,MK5B
מרצדס בנץ גרמנ,MK5C
מרצדס בנץ גרמנ,MK5C R2CLECA
מרצדס בנץ גרמנ,MK6B
מרצדס בנץ גרמנ,MK6C
מרצדס בנץ גרמנ,MK6C R2CLECA
מרצדס בנץ גרמנ,N9N0
מרצדס בנץ גרמנ,NJ4C MMCLAH
מרצדס בנץ גרמנ,NJ4E MMCLAH
מרצדס בנץ גרמנ,R74ST1
מרצדס בנץ גרמנ,RJ4C
מרצדס בנץ גרמנ,RJ7J
מרצדס בנץ גרמנ,RJ8A
מרצדס בנץ גרמנ,RJ8C
מרצדס בנץ גרמנ,RJ8C R1GTAMG
מרצדס בנץ גרמנ,RJ8J
מרצדס בנץ גרמנ,S 320
מרצדס בנץ גרמנ,S 320 LONG
מרצדס בנץ גרמנ,S 500 מרצדס
מרצדס בנץ גרמנ,S-430
מרצדס בנץ גרמנ,S-430 LONG
מרצדס בנץ גרמנ,S-500
מרצדס בנץ גרמנ,S500 מרצדס
מרצדס בנץ גרמנ,SLK 55 AMG
מרצדס בנץ גרמנ,VK5A
מרצדס בנץ גרמנ,VK8A
מרצדס בנץ גרמנ,VK8A R1SLAMG
מרצדס בנץ גרמנ,VK8AB
מרצדס בנץ גרמנ,VK8B
מרצדס בנץ גרמנ,VK8B R1SLAMG
מרצדס בנץ גרמנ,VK8BB
מרצדס בנץ גרמנ,VK8BB0
מרצדס בנץ גרמנ,VK8BB7
מרצדס בנץ גרמנ,VK8BB9
מרצדס בנץ גרמנ,WH5A
מרצדס בנץ גרמנ,WJ6E 204
מרצדס בנץ גרמנ,WJ8D 204
מרצדס בנץ גרמנ,WJ8EB6
מרצדס בנץ גרמנ,WJ8EB7
מרצדס בנץ גרמנ,WJ8EB9
מרצדס בנץ גרמנ,WK6E
מרצדס בנץ גרמנ,WK6E 204
מרצדס בנץ גרמנ,WK7H
מרצדס בנץ גרמנ,WK7JB0
מרצדס בנץ גרמנ,WK8D 204
מרצדס בנץ גרמנ,WK8DB4
מרצדס בנץ גרמנ,WK8EB
מרצדס בנץ גרמנ,XK8JB6
מרצדס בנץ גרמנ,ZF0E 212
מרצדס בנץ גרמנ,ZF1BB
מרצדס בנץ גרמנ,ZF1GB
מרצדס בנץ גרמנ,ZF1GB5
מרצדס בנץ גרמנ,ZF1GB7
מרצדס בנץ גרמנ,ZF5D
מרצדס בנץ גרמנ,ZF5D 212
מרצדס בנץ גרמנ,ZF5DB
מרצדס בנץ גרמנ,ZF5DB0
מרצדס בנץ גרמנ,ZF5DB2
מרצדס בנץ גרמנ,ZF5DB3
מרצדס בנץ גרמנ,ZF5DB5
מרצדס בנץ גרמנ,ZF5DB8
מרצדס בנץ גרמנ,ZF5DBX
מרצדס בנץ גרמנ,ZF5EB7
מרצדס בנץ גרמנ,ZF6BB8
מרצדס בנץ גרמנ,ZF8A 212
מרצדס בנץ גרמנ,ZF8E
מרצדס בנץ גרמנ,ZF8K  213089
מרצדס בנץ גרמנ,אלגנס A17O CDI
מרצדס בנץ גרמנ,גג+_E250D מרצדס
מרצדס בנץ גרמנ,סטיישן C 200 T
מרצדס בנץ גרמנ,קלאסיק_A17O CDI
מרצדס בנץ ד.אפ,205.013
מרצדס בנץ ד.אפ,205.053
מרצדס בנץ ד.אפ,205.064
מרצדס בנץ ד.אפ,206.041
מרצדס בנץ ד.אפ,206.042
מרצדס בנץ ד.אפ,206.046
מרצדס בנץ ד.אפ,206.054
מרצדס בנץ ד.אפ,206046
מרצדס בנץ ד.אפ,AF0E
מרצדס בנץ ד.אפ,AF4CB7
מרצדס בנץ ד.אפ,AF4G
מרצדס בנץ ד.אפ,AF4H
מרצדס בנץ ד.אפ,AF5E
מרצדס בנץ ד.אפ,AF5EB
מרצדס בנץ ד.אפ,AF5EB5
מרצדס בנץ ד.אפ,AF5EB6
מרצדס בנץ ד.אפ,AF5EBX
מרצדס בנץ ד.אפ,AF5E\
מרצדס בנץ ד.אפ,AF8A
מרצדס בנץ ד.אפ,AF8H
מרצדס בנץ הונג,117.086
מרצדס בנץ הונג,117.342
מרצדס בנץ הונג,117.343
מרצדס בנץ הונג,117.344
מרצדס בנץ הונג,117.350
מרצדס בנץ הונג,117.352
מרצדס בנץ הונג,117.943
מרצדס בנץ הונג,118.303
מרצדס בנץ הונג,118.346
מרצדס בנץ הונג,118.351
מרצדס בנץ הונג,118.353
מרצדס בנץ הונג,118.354
מרצדס בנץ הונג,118.384
מרצדס בנץ הונג,118.386
מרצדס בנץ הונג,118.387
מרצדס בנץ הונג,118386
מרצדס בנץ הונג,177.046
מרצדס בנץ הונג,177.051
מרצדס בנץ הונג,177.053
מרצדס בנץ הונג,177.054
מרצדס בנץ הונג,177.084
מרצדס בנץ הונג,177.086
מרצדס בנץ הונג,177.087
מרצדס בנץ הונג,177086
מרצדס בנץ הונג,205.001
מרצדס בנץ הונג,218.361
מרצדס בנץ הונג,243.601
מרצדס בנץ הונג,243.608
מרצדס בנץ הונג,243.612
מרצדס בנץ הונג,243608
מרצדס בנץ הונג,246.200
מרצדס בנץ הונג,246.201
מרצדס בנץ הונג,246.208
מרצדס בנץ הונג,246.242
מרצדס בנץ הונג,246.243
מרצדס בנץ הונג,246.244
מרצדס בנץ הונג,3F1A
מרצדס בנץ הונג,3F5B
מרצדס בנץ הונג,3F5B F2A
מרצדס בנץ הונג,3F5BB
מרצדס בנץ הונג,3F5BB1
מרצדס בנץ הונג,3F5BB4
מרצדס בנץ הונג,3F5E
מרצדס בנץ הונג,3F5E F2A
מרצדס בנץ הונג,3F8.FB
מרצדס בנץ הונג,3F8.GB3
מרצדס בנץ הונג,3F8E
מרצדס בנץ הונג,3F8E F2A
מרצדס בנץ הונג,3F8EBX
מרצדס בנץ הונג,3F8F
מרצדס בנץ הונג,3F8F F2A
מרצדס בנץ הונג,3F8FB
מרצדס בנץ הונג,3F8FB5
מרצדס בנץ הונג,3F8G F2A
מרצדס בנץ הונג,3F8GB
מרצדס בנץ הונג,3F8GB2
מרצדס בנץ הונג,3F8GB3
מרצדס בנץ הונג,3F8GB4
מרצדס בנץ הונג,3F8GB7
מרצדס בנץ הונג,3F8GB9
מרצדס בנץ הונג,5J4HB6
מרצדס בנץ הונג,5J5B
מרצדס בנץ הונג,5J5B F2CLA
מרצדס בנץ הונג,5J5BB
מרצדס בנץ הונג,5J5BB1
מרצדס בנץ הונג,5J5BB2
מרצדס בנץ הונג,5J5BB5
מרצדס בנץ הונג,5J5E
מרצדס בנץ הונג,5J5E F2CLA
מרצדס בנץ הונג,5J8E
מרצדס בנץ הונג,5J8E F2CLA
מרצדס בנץ הונג,5J8F
מרצדס בנץ הונג,5J8F F2CLA
מרצדס בנץ הונג,5J8G
מרצדס בנץ הונג,5J8G F2CLA
מרצדס בנץ הונג,5J8GB
מרצדס בנץ הונג,5J8GB0
מרצדס בנץ הונג,5J8GB1
מרצדס בנץ הונג,5J8GB2
מרצדס בנץ הונג,5J8GB3
מרצדס בנץ הונג,5J8GB4
מרצדס בנץ הונג,5J8GB5
מרצדס בנץ הונג,5J8GB6
מרצדס בנץ הונג,5J8GB8
מרצדס בנץ הונג,5J8GB9
מרצדס בנץ הונג,5J8GBX
מרצדס בנץ הונג,5J8H
מרצדס בנץ הונג,777087
מרצדס בנץ הונג,9M0B
מרצדס בנץ הונג,9M0BB
מרצדס בנץ הונג,9M0BB1
מרצדס בנץ הונג,9M0BB2
מרצדס בנץ הונג,9M0BB3
מרצדס בנץ הונג,9M0BB8
מרצדס בנץ הונג,9M0C
מרצדס בנץ הונג,9M0J
מרצדס בנץ הונג,9M0JB
מרצדס בנץ הונג,9M0JB0
מרצדס בנץ הונג,9M0JB1
מרצדס בנץ הונג,9M0JB6
מרצדס בנץ הונג,9M1C
מרצדס בנץ הונג,9M1CB1
מרצדס בנץ הונג,B
מרצדס בנץ הונג,F2B
מרצדס בנץ הונג,J8GB2
מרצדס בנץ הונג,KJ5G
מרצדס בנץ מקסי,177.103
מרצדס בנץ מקסי,177.187
מרצדס בנץ מקסי,247.612
מרצדס בנץ מקסי,247.647
מרצדס בנץ מקסי,247.651
מרצדס בנץ מקסי,247.687
מרצדס בנץ ספרד,'כר2 VITO 112CDI
מרצדס בנץ ספרד,447.603
מרצדס בנץ ספרד,447.605
מרצדס בנץ ספרד,447.701
מרצדס בנץ ספרד,447.703
מרצדס בנץ ספרד,447.705
מרצדס בנץ ספרד,447.811
מרצדס בנץ ספרד,447.813
מרצדס בנץ ספרד,447.815
מרצדס בנץ ספרד,470.252
מרצדס בנץ ספרד,639.603
מרצדס בנץ ספרד,639.701
מרצדס בנץ ספרד,639.703
מרצדס בנץ ספרד,639.705
מרצדס בנץ ספרד,639.813
מרצדס בנץ ספרד,639.815
מרצדס בנץ ספרד,FD6B
מרצדס בנץ ספרד,KLU4L310NXX
מרצדס בנץ ספרד,V1KF
מרצדס בנץ ספרד,VITO 112CDI
מרצדס בנץ ספרד,VITO F 112CDI
מרצדס בנץ ספרד,VITO_112CDI
מרצדס בנץ ספרד,VKEE
מרצדס בנץ ספרד,VKGFZ8
מרצדס בנץ ספרד,VLGF
מרצדס בנץ ספרד,VLLE
מרצדס בנץ ספרד,VMFE
מרצדס בנץ ספרד,VMGF
מרצדס בנץ ספרד,VMKE
מרצדס בנץ ספרד,VNKFZ9
מרצדס בנץ ספרד,VNLE
מרצדס בנץ ספרד,VNLF
מרצדס בנץ ספרד,VNLFZ
מרצדס בנץ ספרד,VNLSZ
מרצדס בנץ ספרד,VNLT
מרצדס בנץ ספרד,VVKF
מרצדס בנץ ספרד,VVLF
מרצדס בנץ ספרד,VVLFZ9
מרצדס בנץ ספרד,VVLG
מרצדס בנץ ספרד,VVNL
מרצדס בנץ ספרד,ZA2BT
מרצדס בנץ פינל,0G8EB3
מרצדס בנץ פינל,0G8EB6
מרצדס בנץ פינל,0G8EB9
מרצדס בנץ פינל,177.051
מרצדס בנץ פינל,177.086
מרצדס בנץ פינל,177086
מרצדס בנץ פינל,253.953
מרצדס בנץ פינל,3F8F
מרצדס בנץ פינל,3F8G
מרצדס בנץ פינל,3F8GB4
מרצדס בנץ פינל,7X5K R1EAMG
מרצדס בנץ פינל,7X6B
מרצדס בנץ פינל,RJ8C
מרצדס-בנץ אוסט,463.202
מרצדס-בנץ אוסט,463.234
מרצדס-בנץ אוסט,463.236
מרצדס-בנץ אוסט,463.260
מרצדס-בנץ אוסט,463.272
מרצדס-בנץ אוסט,463.276
מרצדס-בנץ אוסט,463.346
מרצדס-בנץ אוסט,463.348
מרצדס-בנץ אוסט,463.349
מרצדס-בנץ אוסט,463.350
מרצדס-בנץ אוסט,463260
מרצדס-בנץ אוסט,463276
מרצדס-בנץ אוסט,6G2D
מרצדס-בנץ אוסט,KJ5B
מרצדס-בנץ אוסט,W465
מרצדס-בנץ אוסט,WC1A
מרצדס-בנץ אוסט,WC1A 463A
מרצדס-בנץ אוסט,WH1A
מרצדס-בנץ אוסט,WH1A 463A
מרצדס-בנץ אוסט,WH5A
מרצדס-בנץ אוסט,WH5A 463A
מרצדס-בנץ אוסט,WM0A
מרצדס-בנץ אוסט,WM0A 463A
מרצדס-בנץ אוסט,YC5A 463A
מרצדס-בנץ אוסט,YC5AJ
מרצדס-בנץ אוסט,YC6A
מרצדס-בנץ אוסט,YC6A 463A
מרצדס-בנץ אוסט,YC6AJX
מרצדס-בנץ אוסט,YC7G
מרצדס-בנץ אוסט,YC7G 463A
מרצדס-בנץ אוסט,YC7GJ
מרצדס-בנץ אוסט,YC7GJ2
מרצדס-בנץ צרפת,415.601
מרצדס-בנץ צרפת,415.603
מרצדס-בנץ צרפת,415.605
מרצדס-בנץ צרפת,415.703
מרצדס-בנץ צרפת,415.705
נטע סין,AYA
נטע סין,EP36
נטע סין,U
ניאו סין,B2S7
ניאו סין,ESX
ניאו סין,ETX
ניאו סין,ETY
ניאו רכב סין,B2S7
ניאו רכב סין,ESX
ניאו רכב סין,ETX
ניאו רכב סין,ETY
ניאו רכב סין,S6L5A
ניאו רכב סין,S8L5A
ניאו רכב סין,T5L4A
ניסאן אנגליה,2EAK12
ניסאן אנגליה,BAAN16
ניסאן אנגליה,BBAN16
ניסאן אנגליה,BCAP10 PRIM SLXA 4
ניסאן אנגליה,BCAP12
ניסאן אנגליה,DCAH15
ניסאן אנגליה,DCNH15
ניסאן אנגליה,DDAH15
ניסאן אנגליה,F16FA
ניסאן אנגליה,F16FB
ניסאן אנגליה,FAAF15
ניסאן אנגליה,FAAF16
ניסאן אנגליה,FAAJ10
ניסאן אנגליה,FAAJ11
ניסאן אנגליה,FAAZE0
ניסאן אנגליה,FAAZE1
ניסאן אנגליה,FAAZEO
ניסאן אנגליה,FANF15
ניסאן אנגליה,FBAF15
ניסאן אנגליה,FBAJ10
ניסאן אנגליה,FBAN16
ניסאן אנגליה,FBNJ10
ניסאן אנגליה,FCAE11
ניסאן אנגליה,FCAF16
ניסאן אנגליה,FCAK12
ניסאן אנגליה,FCAP10 PRIM SLXA 5
ניסאן אנגליה,FDAJ11
ניסאן אנגליה,FDNJ10
ניסאן אנגליה,FEAJ11
ניסאן אנגליה,FFAJ11
ניסאן אנגליה,J12TA
ניסאן אנגליה,J12TC
ניסאן אנגליה,JBNJ10
ניסאן אנגליה,TAAJ12
ניסאן אנגליה,TBAE12
ניסאן אנגליה,TBAJ12
ניסאן אנגליה,ZE1
"ניסאן ארהב""",AA5AP
"ניסאן ארהב""",AA6A
"ניסאן ארהב""",AA6AP
"ניסאן ארהב""",AL0M
"ניסאן ארהב""",AL1M
"ניסאן ארהב""",AL3A
"ניסאן ארהב""",AL3AP
"ניסאן ארהב""",ALOM
"ניסאן ארהב""",BL4A
"ניסאן ארהב""",DL0M
"ניסאן ארהב""",DL1FS
"ניסאן ארהב""",DL1M
"ניסאן ארהב""",DLOM
ניסאן הודו,FBUK13
ניסאן יפן,2AAZ34
ניסאן יפן,2CAV36
ניסאן יפן,AY2D
ניסאן יפן,AY2N
ניסאן יפן,AY3CC
ניסאן יפן,AY3FB
ניסאן יפן,BAAV37
ניסאן יפן,BBAY51
ניסאן יפן,BBBY51
ניסאן יפן,BCAN15
ניסאן יפן,BCAN15 ALMERA GX
ניסאן יפן,BCAN15 ALMERA GX A
ניסאן יפן,BCAN15 ALMERA SLX
ניסאן יפן,BCAN15 ALMERA SLXA
ניסאן יפן,BCAV36
ניסאן יפן,BCAV37
ניסאן יפן,BCBV36
ניסאן יפן,BCNV36
ניסאן יפן,BEAY51
ניסאן יפן,BFAV37
ניסאן יפן,CAAN16
ניסאן יפן,CAUA32
ניסאן יפן,CAUA32 MAXIMA 2L A
ניסאן יפן,CAUA33
ניסאן יפן,CBAN16
ניסאן יפן,CCUA32
ניסאן יפן,CCUA33
ניסאן יפן,CFAN16
ניסאן יפן,CFGD21 PICKUP DCAB
ניסאן יפן,CGUD22 PICKUP
ניסאן יפן,CPD22
ניסאן יפן,CPGD22
ניסאן יפן,CPGD22 PICKUP
ניסאן יפן,CPUD22
ניסאן יפן,CPUD22 PICKUP
ניסאן יפן,FAAZE0
ניסאן יפן,FANF15
ניסאן יפן,FCAN15
ניסאן יפן,FCAN15 ALMERA SLX
ניסאן יפן,FCAN15 ALMERA SLXA
ניסאן יפן,FE0
ניסאן יפן,GAAZ34
ניסאן יפן,GANR35
ניסאן יפן,GBAS14 S200 A/T
ניסאן יפן,GCAV36
ניסאן יפן,GCAV37
ניסאן יפן,GCBV36
ניסאן יפן,GFNV37
ניסאן יפן,JCAT32
ניסאן יפן,JFNT32
ניסאן יפן,JGAT32
ניסאן יפן,JHAT32
ניסאן יפן,JHNT32
ניסאן יפן,PATROL SE A TEST61
ניסאן יפן,PATROL_SE TESY61
ניסאן יפן,PICKUP CGUD22
ניסאן יפן,PICKUP-DC
ניסאן יפן,T33JB
ניסאן יפן,T33JC
ניסאן יפן,T33TA
ניסאן יפן,TANT30
ניסאן יפן,TANT31
ניסאן יפן,TANZ50
ניסאן יפן,TANZ51
ניסאן יפן,TBNJ50
ניסאן יפן,TBNS51
ניסאן יפן,TBNT30
ניסאן יפן,TBNT31
ניסאן יפן,TCAT32
ניסאן יפן,TCNS51
ניסאן יפן,TCNT31
ניסאן יפן,TDNS51
ניסאן יפן,TESY61
ניסאן יפן,TGAT32
ניסאן יפן,Z44
ניסאן מקסיקו,AB7A
ניסאן מקסיקו,AB8A
ניסאן מקסיקו,AJ5A
ניסאן מקסיקו,AJ5M
ניסאן מקסיקו,AJ5N
ניסאן מקסיקו,BCAC11
ניסאן מקסיקו,CN7A
ניסאן מקסיקו,FCAC11
ניסאן ספרד,AERENA MPD
ניסאן ספרד,AEVC23
ניסאן ספרד,AEVENA MPD
ניסאן ספרד,CTND23
ניסאן ספרד,CUND40
ניסאן ספרד,CVAD40
ניסאן ספרד,CVND40
ניסאן ספרד,DDAC13
ניסאן ספרד,DEVC23
ניסאן ספרד,GVWR51
ניסאן ספרד,JAWR51
ניסאן ספרד,JVWR51
ניסאן ספרד,KBNR20
ניסאן ספרד,KVNR20
ניסאן ספרד,KVUR20
ניסאן ספרד,KWNR20
ניסאן ספרד,TAAME0
ניסאן ספרד,TBAM20
ניסאן ספרד,TBUR20
ניסאן ספרד,TVUR20
ניסאן ספרד,TWUR20
ניסאן ספרד,VAN BLIND
ניסאן ספרד,VAN WINDOW
ניסאן ספרד,YBAM20
ניסאן צרפת,K1400
ניסאן צרפת,K14000
סאאב אוסטריה,F7S
סאאב אוסטריה,F7Y
סאאב פינלנד,900 SE
סאאב פינלנד,900SE
סאאב שודיה,900
סאאב שודיה,9000 AERO
סאאב שודיה,9000 GRIFFIN
סאאב שודיה,9000CD
סאאב שודיה,9000CDE
סאאב שודיה,9000CS
סאאב שודיה,9000CSE
סאאב שודיה,900S
סאאב שודיה,900S B234I
סאאב שודיה,900SE
סאאב שודיה,E4A
סאאב שודיה,E4E
סאאב שודיה,E4G
סאאב שודיה,EB4
סאאב שודיה,ED4
סאאב שודיה,EF4
סאאב שודיה,EH4
סאאב שודיה,EM4
סאאב שודיה,F4F
סאאב שודיה,F4S
סאאב שודיה,F4Y
סאאב שודיה,SAAB 9-3SE DD5
סאאב שודיה,SAAB 9.3 DD5
סאנגיונג ד.קור,20A1V
סאנגיונג ד.קור,20A1Y
סאנגיונג ד.קור,26A1U
סאנגיונג ד.קור,320RX רקסטון
סאנגיונג ד.קור,40B1E
סאנגיונג ד.קור,4OB1E
סאנגיונג ד.קור,60A1U
סאנגיונג ד.קור,60A1Y
סאנגיונג ד.קור,A0A1S
סאנגיונג ד.קור,A0B1S
סאנגיונג ד.קור,C02
סאנגיונג ד.קור,C06
סאנגיונג ד.קור,CA1EE
סאנגיונג ד.קור,CA1ET
סאנגיונג ד.קור,CAK
סאנגיונג ד.קור,DN412B
סאנגיונג ד.קור,E0B
סאנגיונג ד.קור,EOB
סאנגיונג ד.קור,EOD
סאנגיונג ד.קור,G06
סאנגיונג ד.קור,G09
סאנגיונג ד.קור,G0B1E
סאנגיונג ד.קור,G0B1T
סאנגיונג ד.קור,G0D
סאנגיונג ד.קור,GOB1E
סאנגיונג ד.קור,GOB1T
סאנגיונג ד.קור,GOF
סאנגיונג ד.קור,JP812B
סאנגיונג ד.קור,L2B
סאנגיונג ד.קור,L2D
סאנגיונג ד.קור,N0B1E
סאנגיונג ד.קור,N0B1F
סאנגיונג ד.קור,N0B1T
סאנגיונג ד.קור,NOB1F
סאנגיונג ד.קור,P1C19
סאנגיונג ד.קור,SOK
סאנגיונג ד.קור,VAD
סאנגיונג ד.קור,X62EE
סאנגיונג ד.קור,XA1EE
"סובארו ארהב""",BTGPD4
"סובארו ארהב""",WMAL
"סובארו ארהב""",WMAR
סובארו יפן,ABS+ GC3GL3G
סובארו יפן,BD2CL4G
סובארו יפן,BD2CL4R
סובארו יפן,BD2DL4G
סובארו יפן,BD2DL4R
סובארו יפן,BD2EL4G
סובארו יפן,BD2EL4R
סובארו יפן,BD4CL4R
סובארו יפן,BD4DL4R
סובארו יפן,BD5CL4J
סובארו יפן,BD5DL4R
סובארו יפן,BD5EL4R
סובארו יפן,BE50L4R
סובארו יפן,BE5AL4R
סובארו יפן,BE5BL3J
סובארו יפן,BE5BL4R
סובארו יפן,BE5CL4J
סובארו יפן,BE5CL4R
סובארו יפן,BE5DL4R
סובארו יפן,BE5EL4J
סובארו יפן,BE5EL4R
סובארו יפן,BE9AL7R
סובארו יפן,BE9BL7R
סובארו יפן,BE9CL7Z
סובארו יפן,BE9DL7R
סובארו יפן,BE9EL7R
סובארו יפן,BG4CL4R
סובארו יפן,BG4DL4R
סובארו יפן,BG5CL4R
סובארו יפן,BG5DL4R
סובארו יפן,BG5EL4R
סובארו יפן,BG9ELBE
סובארו יפן,BH5AL4R
סובארו יפן,BH5BL4R
סובארו יפן,BH5CL4R
סובארו יפן,BH5DL4J
סובארו יפן,BH5DL4R
סובארו יפן,BH5EL4R
סובארו יפן,BH9ALBR
סובארו יפן,BH9BLBR
סובארו יפן,BH9CLBR
סובארו יפן,BH9DL3R
סובארו יפן,BH9ELBR
סובארו יפן,BHEDLCE
סובארו יפן,BHEELCE
סובארו יפן,BL5ALHJ
סובארו יפן,BL5ALHL
סובארו יפן,BL5BL4J
סובארו יפן,BL5BL4L
סובארו יפן,BL5CL9S
סובארו יפן,BL5DL9F
סובארו יפן,BL5DL9S
סובארו יפן,BL5EL9F
סובארו יפן,BL5EL9S
סובארו יפן,BL5FL9F
סובארו יפן,BL5FL9S
סובארו יפן,BL9ELHL
סובארו יפן,BL9FLHL
סובארו יפן,BLEALLU
סובארו יפן,BLEBLLU
סובארו יפן,BLECLLU
סובארו יפן,BLECLMN
סובארו יפן,BLECLMU
סובארו יפן,BLEDLLU
סובארו יפן,BLEDLMN
סובארו יפן,BLEDLMU
סובארו יפן,BLEELLU
סובארו יפן,BLEELMN
סובארו יפן,BLEELMU
סובארו יפן,BLEFLLU
סובארו יפן,BLEFLM0
סובארו יפן,BLEFLMN
סובארו יפן,BM5AL1A
סובארו יפן,BM5AL1C
סובארו יפן,BM5BL1C
סובארו יפן,BM5BLIC
סובארו יפן,BM5CLIC
סובארו יפן,BM5DL1C
סובארו יפן,BM9AL49
סובארו יפן,BM9AL59
סובארו יפן,BM9BL49
סובארו יפן,BM9BL59
סובארו יפן,BMJEL1C
סובארו יפן,BMJRL1C
סובארו יפן,BN9AL2C
סובארו יפן,BN9AL6C
סובארו יפן,BN9BL2C
סובארו יפן,BN9BL6C
סובארו יפן,BN9CL2C
סובארו יפן,BN9CL6C
סובארו יפן,BN9DL2C
סובארו יפן,BN9DL7C
סובארו יפן,BN9EL7C
סובארו יפן,BN9FL7C
סובארו יפן,BP5ALHL
סובארו יפן,BP5BL4L
סובארו יפן,BP5CL9S
סובארו יפן,BP5DL9S
סובארו יפן,BP5EL9S
סובארו יפן,BP5FL9S
סובארו יפן,BP9BLSL
סובארו יפן,BP9CLSL
סובארו יפן,BP9DLSL
סובארו יפן,BP9ELSL
סובארו יפן,BP9FLSL
סובארו יפן,BPEALVU
סובארו יפן,BPEBLUU
סובארו יפן,BPECLUU
סובארו יפן,BPEDLUU
סובארו יפן,BPEELUU
סובארו יפן,BPEFLUU
סובארו יפן,BR5AL1C
סובארו יפן,BR5BL1C
סובארו יפן,BR5CLIC
סובארו יפן,BR9ALK9
סובארו יפן,BR9BLK9
סובארו יפן,BR9CLK9
סובארו יפן,BR9DLK9
סובארו יפן,BRFALSU
סובארו יפן,BRFBLSU
סובארו יפן,BRFCLSU
סובארו יפן,BRMELKC
סובארו יפן,BRMRLKC
סובארו יפן,BS9ALHC
סובארו יפן,BS9ALLC
סובארו יפן,BS9BLHC
סובארו יפן,BS9BLLC
סובארו יפן,BS9BLMC
סובארו יפן,BS9CLHC
סובארו יפן,BS9CLLC
סובארו יפן,BS9DLHC
סובארו יפן,BS9DLMC
סובארו יפן,BS9ELMC
סובארו יפן,BS9FLMC
סובארו יפן,BT9ALDL
סובארו יפן,BT9ALEL
סובארו יפן,BT9BLDL
סובארו יפן,BT9BLEL
סובארו יפן,BT9CLDL
סובארו יפן,BT9CLEL
סובארו יפן,BT9DLDL
סובארו יפן,BT9DLEL
סובארו יפן,EAM1S-YEAM15
סובארו יפן,GC3DL3G
סובארו יפן,GC3DL3R
סובארו יפן,GC3DL5G
סובארו יפן,GC3DL5R
סובארו יפן,GC3EL3G
סובארו יפן,GC3EL3R
סובארו יפן,GC3EL5G
סובארו יפן,GC3EL5R
סובארו יפן,GC3FL3G
סובארו יפן,GC3FL3R
סובארו יפן,GC3FL5G
סובארו יפן,GC3FL5R
סובארו יפן,GC3GL3G
סובארו יפן,GC3GL3R
סובארו יפן,GC3GL5R
סובארו יפן,GC3HL3G
סובארו יפן,GC3HL3R
סובארו יפן,GC4DL3J
סובארו יפן,GC4GL5J
סובארו יפן,GC8EL8D
סובארו יפן,GC8FL8D
סובארו יפן,GC8GL8D
סובארו יפן,GC8HL8D
סובארו יפן,GC8HLFR
סובארו יפן,GD4AL3G
סובארו יפן,GD4AL3R
סובארו יפן,GD4CL3G
סובארו יפן,GD4CL3R
סובארו יפן,GD4DL3G
סובארו יפן,GD4DL3R
סובארו יפן,GD4EL3G
סובארו יפן,GD4EL3R
סובארו יפן,GD4FL3G
סובארו יפן,GD4FL3R
סובארו יפן,GD5AL4J
סובארו יפן,GD5BL4R
סובארו יפן,GD9AL5R
סובארו יפן,GD9BL5R
סובארו יפן,GD9CL5R
סובארו יפן,GD9DL5R
סובארו יפן,GD9EL5J
סובארו יפן,GD9EL5R
סובארו יפן,GD9FL6E
סובארו יפן,GD9FL6F
סובארו יפן,GD9GL6E
סובארו יפן,GD9GL6F
סובארו יפן,GDAAL8D
סובארו יפן,GDABL8D
סובארו יפן,GDACL8D
סובארו יפן,GDADL8D
סובארו יפן,GDAEL8D
סובארו יפן,GDBBLEH
סובארו יפן,GDBCLEH
סובארו יפן,GDBDLEH
סובארו יפן,GDBELEH
סובארו יפן,GDCGL1B
סובארו יפן,GDCGL1E
סובארו יפן,GDFFLEH
סובארו יפן,GDFGLEH
סובארו יפן,GDGFL8D
סובארו יפן,GDGGL8D
סובארו יפן,GE2BL3B
סובארו יפן,GE2BL3S
סובארו יפן,GE2CL3B
סובארו יפן,GE2CL3S
סובארו יפן,GE2DL3S
סובארו יפן,GE7BL5F
סובארו יפן,GE7BL5S
סובארו יפן,GE7BLAF
סובארו יפן,GE7BLAS
סובארו יפן,GE7CL5F
סובארו יפן,GE7CL5S
סובארו יפן,GE7DL5F
סובארו יפן,GE7DL5S
סובארו יפן,GF3DL3G
סובארו יפן,GF3DL3R
סובארו יפן,GF3EL3G
סובארו יפן,GF3EL3R
סובארו יפן,GF3FL3G
סובארו יפן,GF3FL3R
סובארו יפן,GF3GL3G
סובארו יפן,GF3GL3R
סובארו יפן,GF3HL3G
סובארו יפן,GF3HL3R
סובארו יפן,GF4EL3J
סובארו יפן,GF4FL5J
סובארו יפן,GF4GL5J
סובארו יפן,GF4HL5J
סובארו יפן,GF4HLF5
סובארו יפן,GG4AL3G
סובארו יפן,GG4AL3R
סובארו יפן,GG5AL4K
סובארו יפן,GG5EL4K
סובארו יפן,GG9DL5R
סובארו יפן,GG9EL5R
סובארו יפן,GG9FLGE
סובארו יפן,GG9GL6E
סובארו יפן,GG9GL6W
סובארו יפן,GGAAL8D
סובארו יפן,GGDGL1E
סובארו יפן,GGDGL1W
סובארו יפן,GH2AL3B
סובארו יפן,GH2AL3S
סובארו יפן,GH2BL3B
סובארו יפן,GH2BL3S
סובארו יפן,GH2CL3B
סובארו יפן,GH2CL3S
סובארו יפן,GH2DL3S
סובארו יפן,GH7AL5S
סובארו יפן,GH7AL5W
סובארו יפן,GH7ALAS
סובארו יפן,GH7ALAW
סובארו יפן,GH7BL5S
סובארו יפן,GH7BL5W
סובארו יפן,GH7BLAS
סובארו יפן,GH7BLAW
סובארו יפן,GH7CL5S
סובארו יפן,GH7DL5S
סובארו יפן,GH7DL8S
סובארו יפן,GH7DLAW
סובארו יפן,GJ2AL1C
סובארו יפן,GJ2BL1C
סובארו יפן,GJ2CL1
סובארו יפן,GJ2CL1C
סובארו יפן,GJ2DL1C
סובארו יפן,GJ2DLIC
סובארו יפן,GJ2EL1C
סובארו יפן,GJ2RL1C
סובארו יפן,GK2AL1C
סובארו יפן,GK2AL2C
סובארו יפן,GK2BL1C
סובארו יפן,GK2CL1C
סובארו יפן,GK2DL1C
סובארו יפן,GK7BL4L
סובארו יפן,GP2AL1C
סובארו יפן,GP3DLCC
סובארו יפן,GP3DLEC
סובארו יפן,GP3DLEW
סובארו יפן,GP3EL2C
סובארו יפן,GP3ELCC
סובארו יפן,GP3ELEC
סובארו יפן,GP3ELEW
סובארו יפן,GP3FLCC
סובארו יפן,GP3FLEC
סובארו יפן,GP3FLEW
סובארו יפן,GP3RLEC
סובארו יפן,GP3RLEW
סובארו יפן,GP7ALRC
סובארו יפן,GP7ALSC
סובארו יפן,GP7BLRA
סובארו יפן,GP7BLRC
סובארו יפן,GP7BLSC
סובארו יפן,GP7CLRA
סובארו יפן,GP7CLRC
סובארו יפן,GP7CLSC
סובארו יפן,GP7DLTC
סובארו יפן,GP7DLUC
סובארו יפן,GP7EL6C
סובארו יפן,GP7ELTC
סובארו יפן,GP7ELUC
סובארו יפן,GP7FLTC
סובארו יפן,GP7FLUC
סובארו יפן,GP7RLRA
סובארו יפן,GP7RLRC
סובארו יפן,GP7RLSC
סובארו יפן,GRFALEH
סובארו יפן,GT3AL1C
סובארו יפן,GT3BLFC
סובארו יפן,GT3BLGC
סובארו יפן,GT3BLJC
סובארו יפן,GT3CLFC
סובארו יפן,GT3CLJC
סובארו יפן,GT3DLFC
סובארו יפן,GT3DLJC
סובארו יפן,GT3ELFC
סובארו יפן,GT3ELJC
סובארו יפן,GT3FLFC
סובארו יפן,GT3RLFC
סובארו יפן,GT3RLGC
סובארו יפן,GT3RLJC
סובארו יפן,GT7AL4L
סובארו יפן,GT7BL4L
סובארו יפן,GT7BLLL
סובארו יפן,GT7BLVL
סובארו יפן,GT7CYRL
סובארו יפן,GT7CYSL
סובארו יפן,GT7DYRL
סובארו יפן,GT7DYTL
סובארו יפן,GT7EYRL
סובארו יפן,GT7EYTL
סובארו יפן,GT7EYUL
סובארו יפן,GT7FY9L
סובארו יפן,GT7FYNL
סובארו יפן,GT7FYVL
סובארו יפן,GT7GY9L
סובארו יפן,GT7GYNL
סובארו יפן,GT7GYVL
סובארו יפן,GU7AY9L
סובארו יפן,GU7AYNL
סובארו יפן,GU7BY9L
סובארו יפן,GU7BYNL
סובארו יפן,GU9CYFL
סובארו יפן,GU9CYHL
סובארו יפן,GUERLPL
סובארו יפן,GVFDLEH
סובארו יפן,LEGAC2.5GX BD9EL9E
סובארו יפן,SF5AL4J
סובארו יפן,SF5AL4R
סובארו יפן,SF5BL4J
סובארו יפן,SF5BL4R
סובארו יפן,SF5BL5P
סובארו יפן,SF5CL2J
סובארו יפן,SF5CL2R
סובארו יפן,SF5CL5P
סובארו יפן,SF5DL2J
סובארו יפן,SF5DL2R
סובארו יפן,SF5DLSP
סובארו יפן,SF5EL2R
סובארו יפן,SF5EL5P
סובארו יפן,SG5AL1K
סובארו יפן,SG5AL1R
סובארו יפן,SG5AL5P
סובארו יפן,SG5BL1R
סובארו יפן,SG5BL5T
סובארו יפן,SG5BLIK
סובארו יפן,SG5CL1K
סובארו יפן,SG5CL1R
סובארו יפן,SG5CL5T
סובארו יפן,SG5DL2E
סובארו יפן,SG5DL2W
סובארו יפן,SG5EL2E
סובארו יפן,SG5EL2W
סובארו יפן,SG5FL2E
סובארו יפן,SG5FL2W
סובארו יפן,SG9DL9T
סובארו יפן,SG9EL9T
סובארו יפן,SG9FL9T
סובארו יפן,SH5AL2S
סובארו יפן,SH5AL2W
סובארו יפן,SH5AL3S
סובארו יפן,SH5AL3W
סובארו יפן,SH5BL2S
סובארו יפן,SH5BL2W
סובארו יפן,SH5BL3S
סובארו יפן,SH5BL3W
סובארו יפן,SH9AL9T
סובארו יפן,SH9BL9T
סובארו יפן,SHGBLGS
סובארו יפן,SHGBLGW
סובארו יפן,SHGBLHS
סובארו יפן,SHGBLHW
סובארו יפן,SHJCL3S
סובארו יפן,SHJCL3W
סובארו יפן,SHJCLAS
סובארו יפן,SHJCLAW
סובארו יפן,SHJDL3S
סובארו יפן,SHJDL3W
סובארו יפן,SHJDLBS
סובארו יפן,SJ5AL2A
סובארו יפן,SJ5AL2C
סובארו יפן,SJ5AL7C
סובארו יפן,SJ5BL2A
סובארו יפן,SJ5BL2C
סובארו יפן,SJ5BL7C
סובארו יפן,SJ5CL2A
סובארו יפן,SJ5CL2C
סובארו יפן,SJ5CL7C
סובארו יפן,SJ5DL2A
סובארו יפן,SJ5DL2C
סובארו יפן,SJ5DL7C
סובארו יפן,SJ5EL2A
סובארו יפן,SJ5EL2C
סובארו יפן,SJ5EL7C
סובארו יפן,SJ5ELBC
סובארו יפן,SJGALK8
סובארו יפן,SJGBLK8
סובארו יפן,SJGCLK8
סובארו יפן,SJGDLK8
סובארו יפן,SJGELK8
סובארו יפן,SK9AY5L
סובארו יפן,SK9AY6L
סובארו יפן,SK9AY9L
סובארו יפן,SK9BY4L
סובארו יפן,SK9BY6L
סובארו יפן,SK9BY7L
סובארו יפן,SK9BY9L
סובארו יפן,SK9BYDL
סובארו יפן,SK9CY4L
סובארו יפן,SK9CY6L
סובארו יפן,SK9CY7L
סובארו יפן,SK9CY9L
סובארו יפן,SK9DY5L
סובארו יפן,SK9DY8L
סובארו יפן,SK9DYJL
סובארו יפן,SK9DYKL
סובארו יפן,SK9EY5L
סובארו יפן,SK9EY8L
סובארו יפן,SK9EYJL
סובארו יפן,SK9EYKL
סובארו יפן,SK9FYJL
סובארו יפן,SK9FYKL
סובארו יפן,SKEBL9L
סובארו יפן,SL9AY4L
סובארו יפן,SL9AY7L
סובארו יפן,SL9AYAL
סובארו יפן,SL9AYCL
סובארו יפן,SL9BY4L
סובארו יפן,SL9BY7L
סובארו יפן,SL9BYAL
סובארו יפן,SL9BYCL
סובארו יפן,SL9FY4L
סובארו יפן,SL9FY7L
סובארו יפן,SL9FYAL
סובארו יפן,SL9FYCL
סובארו יפן,SLGBYCW
סובארו יפן,VAFALEH
סובארו יפן,VAFALFH
סובארו יפן,VAFBLEH
סובארו יפן,VAFBLFH
סובארו יפן,VAFCLEH
סובארו יפן,VAFCLFH
סובארו יפן,VAFDLHH
סובארו יפן,VAFDLUH
סובארו יפן,VM4BL35
סובארו יפן,VM4DL35
סובארו יפן,WMAL
סובארו יפן,WXEBL6U
סובארו יפן,WXFCL2U
סובארו יפן,WXFCL5U
סובארו יפן,WXFDL2U
סובארו יפן,WXFDL5U
סובארו יפן,WXFEL2U
סובארו יפן,WXFEL5U
סובארו יפן,YEAM15L-SWDHSW
סובארו יפן,ZC6ALE7
סובארו יפן,ZC6ALE8
סובארו יפן,ZC6BLE7
סובארו יפן,ZC6BLE8
סובארו יפן,ZC6CLE7
סובארו יפן,ZC6CLE8
סובארו יפן,ZC6DLE7
סובארו יפן,ZC6DLE8
סובארו יפן,ZC6ELE7
סובארו יפן,ZC6ELE8
סובארו יפן,ZC6FLE7
סובארו יפן,ZC6FLE8
סובארו יפן,ZC6GLE7
סובארו יפן,ZC6GLE8
סובארו יפן,ZC6GLM8
סובארו יפן,ZC6HLE7
סובארו יפן,ZC6HLE8
סובארו יפן,ZD8BLE8
סובארו יפן,ZD8BLF7
סובארו יפן,ZDBB10
סובארו יפן,ZDBE14
סובארו יפן,ZDBE16
סובארו יפן,ZDBE18
סובארו יפן,ZDBF10
סובארו יפן,ZDBF16
סובארו יפן,ZDBF19
סוזוקי אנגליה,ZWE211L
סוזוקי אנגליה,ZWE211L-SWXNBW
סוזוקי אנגליה,ZWE219L
סוזוקי הודו,A2AS
סוזוקי הודו,B3AS
סוזוקי הונגריה,DD1S
סוזוקי הונגריה,DH1S
סוזוקי הונגריה,EXB22
סוזוקי הונגריה,EXB32
סוזוקי הונגריה,EYA21
סוזוקי הונגריה,GFC31S
סוזוקי הונגריה,JY
סוזוקי הונגריה,JYA22
סוזוקי הונגריה,JYAA2
סוזוקי הונגריה,JYAA2S
סוזוקי הונגריה,JYAD2S
סוזוקי הונגריה,JYB22
סוזוקי הונגריה,JYBD2S
סוזוקי הונגריה,LY
סוזוקי הונגריה,LYD01S
סוזוקי הונגריה,LYD21S
סוזוקי הונגריה,LYDA1S
סוזוקי הונגריה,LYDD1S
סוזוקי הונגריה,LYDH1
סוזוקי הונגריה,LYDH1S
סוזוקי הונגריה,LYE01S
סוזוקי הונגריה,LYE21S
סוזוקי הונגריה,LYEA1S
סוזוקי הונגריה,LYED1S
סוזוקי הונגריה,MAB35S
סוזוקי הונגריה,MAH35S
סוזוקי הונגריה,MMA53
סוזוקי הונגריה,MZC21
סוזוקי הונגריה,NZA72
סוזוקי הונגריה,NZC72
סוזוקי הונגריה,SWIFT-MAB44S
סוזוקי תאילנד,LFE42S
סוזוקי-יפן,AZC83S
סוזוקי-יפן,CA3S
סוזוקי-יפן,EGC31S
סוזוקי-יפן,EGC31W
סוזוקי-יפן,EGC51S
סוזוקי-יפן,ERA31S
סוזוקי-יפן,ERC31S
סוזוקי-יפן,EZC21S
סוזוקי-יפן,EZC2IS
סוזוקי-יפן,FDA32V
סוזוקי-יפן,FHV81S
סוזוקי-יפן,FHX51S
סוזוקי-יפן,FHY51S
סוזוקי-יפן,FJB33V
סוזוקי-יפן,FJB3V
סוזוקי-יפן,FJB43V
סוזוקי-יפן,FTA03V
סוזוקי-יפן,FTD32V
סוזוקי-יפן,FTL52V
סוזוקי-יפן,GJB74V
סוזוקי-יפן,GL סוויפט EAB35S
סוזוקי-יפן,GYA21S
סוזוקי-יפן,GYC21S
סוזוקי-יפן,HTX92V
סוזוקי-יפן,JLX ויטרה ETA02C
סוזוקי-יפן,JLX ויטרה ETA02V
סוזוקי-יפן,JLX ויטרה ETD01V
סוזוקי-יפן,JLXויטרה ETA02C
סוזוקי-יפן,JLXויטרה ETA02V
סוזוקי-יפן,JTAA4V
סוזוקי-יפן,JTD54V
סוזוקי-יפן,JTDA4V
סוזוקי-יפן,PFH11S
סוזוקי-יפן,PFH91S
סוזוקי-יפן,RZC83S
סוזוקי-יפן,RZCA3S
סוזוקי-יפן,UZ
סוזוקי-יפן,סגור סמוראי SJ 80V
סוזוקי-יפן,סמוראי SJ700
סוזוקי-יפן,פתוח סמוראי SJ800
סוזוקי-מרוטי,ALTO MH410EFB12S
סוזוקי-מרוטי,EFB11S MH410
סוזוקי-מרוטי,מרוטי
סיאט בלגיה,1M2374
סיאט בלגיה,1M23H3
סיאט בלגיה,1M23J4
סיאט בלגיה,1M23Q3
סיאט בלגיה,1M2874
סיאט בלגיה,1M28H3
סיאט בלגיה,1M28J4
סיאט בלגיה,1M28Q3
סיאט גרמניה,BEBJCL1FX2
סיאט גרמניה,BORN 150KW
סיאט גרמניה,BORN 170KW
סיאט גרמניה,K11B3C
סיאט גרמניה,K11C5C
סיאט גרמניה,K11C5D
סיאט גרמניה,KN
סיאט גרמניה,KN22BR
סיאט גרמניה,KN25SY
סיאט גרמניה,KN28RR
סיאט סלובקיה,AA-KF12DV
סיאט סלובקיה,AA-KF12DW
סיאט סלובקיה,AA-KF13D1
סיאט סלובקיה,AA-KF13D3
סיאט סלובקיה,KF12D1
סיאט סלובקיה,KF12D3
סיאט סלובקיה,KF13D1
סיאט סלובקיה,KF13D3
סיאט ספרד,'א1800 CLX קורדובה
סיאט ספרד,'חלו+IBIZA 6K4AEX2
סיאט ספרד,1.6_6K4AEE2
סיאט ספרד,1400 CLX קורדובה
סיאט ספרד,1400 איביזה
סיאט ספרד,1600 CLX איביזה
סיאט ספרד,1600 CLX קורדובה
סיאט ספרד,1600 GLX קורדובה
סיאט ספרד,1600 איביזה
סיאט ספרד,1600 טולדו
סיאט ספרד,1800 GTI איביזה
סיאט ספרד,1800 טולדו
סיאט ספרד,1M13H3
סיאט ספרד,1M13J4
סיאט ספרד,1M13KC
סיאט ספרד,1M13Q3
סיאט ספרד,1M1559
סיאט ספרד,1M15Q4
סיאט ספרד,1M1736
סיאט ספרד,1M18H3
סיאט ספרד,1M18J4
סיאט ספרד,1M18KC
סיאט ספרד,1M18Q3
סיאט ספרד,1M2324
סיאט ספרד,1M23H3
סיאט ספרד,1M23J4
סיאט ספרד,1M23KC
סיאט ספרד,1M23Q3
סיאט ספרד,1M2824
סיאט ספרד,1M2874
סיאט ספרד,1M28H3
סיאט ספרד,1M28J4
סיאט ספרד,1M28KC
סיאט ספרד,1M28Q3
סיאט ספרד,1P1233
סיאט ספרד,1P1251
סיאט ספרד,1P12B1
סיאט ספרד,1P12D2
סיאט ספרד,1P12H1
סיאט ספרד,1P12M3
סיאט ספרד,1P12Q1
סיאט ספרד,1P12Q5
סיאט ספרד,1P12T1
סיאט ספרד,1P1561
סיאט ספרד,1P1591
סיאט ספרד,1P15P1
סיאט ספרד,1P15P3
סיאט ספרד,1P15V1
סיאט ספרד,1P15V3
סיאט ספרד,1P1691
סיאט ספרד,1P16W1
סיאט ספרד,5F124Z
סיאט ספרד,5F12AX
סיאט ספרד,5F12AZ
סיאט ספרד,5F12JX
סיאט ספרד,5F12OZ
סיאט ספרד,5F12WX
סיאט ספרד,5F12WZ
סיאט ספרד,5F12YZ
סיאט ספרד,5F15DZ
סיאט ספרד,5F15OZ
סיאט ספרד,5F15QZ
סיאט ספרד,5F15YZ
סיאט ספרד,5F168Y
סיאט ספרד,5F168Z
סיאט ספרד,5F16ZY
סיאט ספרד,5F55CX
סיאט ספרד,5F55DZ
סיאט ספרד,5F55XX
סיאט ספרד,5F55YX
סיאט ספרד,5F568Y
סיאט ספרד,5F56ZY
סיאט ספרד,5F82AZ
סיאט ספרד,5F82OZ
סיאט ספרד,5F82WZ
סיאט ספרד,5P11D2
סיאט ספרד,5P1212
סיאט ספרד,5P1233
סיאט ספרד,5P12D2
סיאט ספרד,5P12M3
סיאט ספרד,5P12Q5
סיאט ספרד,5P2112
סיאט ספרד,5P2133
סיאט ספרד,5P2233
סיאט ספרד,5P22M3
סיאט ספרד,5P5123
סיאט ספרד,5P52Q5
סיאט ספרד,6J-6P11E2
סיאט ספרד,6J-6P12KX
סיאט ספרד,6J-6P12KZ
סיאט ספרד,6J-6P15KZ
סיאט ספרד,6J-6P55KX
סיאט ספרד,6J-6P55KZ
סיאט ספרד,6J-6P56TX
סיאט ספרד,6J12G7
סיאט ספרד,6J13E4
סיאט ספרד,6J13G7
סיאט ספרד,6J15E4
סיאט ספרד,6J15G4
סיאט ספרד,6J15G7
סיאט ספרד,6J15J4
סיאט ספרד,6J15J7
סיאט ספרד,6J17J4
סיאט ספרד,6J17J7
סיאט ספרד,6J17P7
סיאט ספרד,6J18N7
סיאט ספרד,6J52E4
סיאט ספרד,6J52G7
סיאט ספרד,6J52J7
סיאט ספרד,6J53G7
סיאט ספרד,6J53J7
סיאט ספרד,6J55G4
סיאט ספרד,6J55G7
סיאט ספרד,6J55J4
סיאט ספרד,6J55J7
סיאט ספרד,6J57J4
סיאט ספרד,6J57J7
סיאט ספרד,6J57P7
סיאט ספרד,6J82E4
סיאט ספרד,6J82J7
סיאט ספרד,6J83J7
סיאט ספרד,6J85J7
סיאט ספרד,6K11C6
סיאט ספרד,6K12C6
סיאט ספרד,6K12F1
סיאט ספרד,6K12G8
סיאט ספרד,6K12T6
סיאט ספרד,6K12U3
סיאט ספרד,6K13F1
סיאט ספרד,6K13G8
סיאט ספרד,6K13T6
סיאט ספרד,6K15J6
סיאט ספרד,6K1611
סיאט ספרד,6K22F1
סיאט ספרד,6K22G8
סיאט ספרד,6K22K6
סיאט ספרד,6K22T6
סיאט ספרד,6K22Y2
סיאט ספרד,6K23F1
סיאט ספרד,6K23G8
סיאט ספרד,6K23K6
סיאט ספרד,6K23T6
סיאט ספרד,6K25T6
סיאט ספרד,6K28W1
סיאט ספרד,6K3ABF2
סיאט ספרד,6K3AEE2
סיאט ספרד,6K3ALM2
סיאט ספרד,6K4AEE2 1.4
סיאט ספרד,6K4AHU2
סיאט ספרד,6K4ALM2
סיאט ספרד,6K4IF4
סיאט ספרד,6K51F4 רכב 'צר
סיאט ספרד,6K51Y2
סיאט ספרד,6K52K6
סיאט ספרד,6K52Z2
סיאט ספרד,6K53K6
סיאט ספרד,6K5AEE2
סיאט ספרד,6K5ALM2
סיאט ספרד,6K5IF4
סיאט ספרד,6K5IY2
סיאט ספרד,6K6AFT2
סיאט ספרד,6KI2FI
סיאט ספרד,6L1214
סיאט ספרד,6L12C4
סיאט ספרד,6L12D4
סיאט ספרד,6L12E4
סיאט ספרד,6L12G3
סיאט ספרד,6L12G4
סיאט ספרד,6L13C4
סיאט ספרד,6L13G3
סיאט ספרד,6L13G4
סיאט ספרד,6L13H4
סיאט ספרד,6L1536
סיאט ספרד,6L15C4
סיאט ספרד,6L15H4
סיאט ספרד,6L16P4
סיאט ספרד,6L1736
סיאט ספרד,6L17J4
סיאט ספרד,6L2214
סיאט ספרד,6L2224
סיאט ספרד,6L22G3
סיאט ספרד,6L22G4
סיאט ספרד,6L2314
סיאט ספרד,6L2324
סיאט ספרד,6L23C4
סיאט ספרד,6L23G3
סיאט ספרד,6L23G4
סיאט ספרד,6L23H4
סיאט ספרד,7112GY
סיאט ספרד,9KS1Y2
סיאט ספרד,9KSF1Y2
סיאט ספרד,9KSFAEX2
סיאט ספרד,CBDGEAX0
סיאט ספרד,CORDOBA 6K51F2
סיאט ספרד,CORDOVA 6K61F2
סיאט ספרד,H9CZ 6K92Y1
סיאט ספרד,H9CZ_9K92Y1
סיאט ספרד,IAIZA 6K31F2
סיאט ספרד,IBIZA 6K41F2
סיאט ספרד,IBIZA 6K41F4
סיאט ספרד,IM2374
סיאט ספרד,KF12D1
סיאט ספרד,KF12D3
סיאט ספרד,KF13D1
סיאט ספרד,KF13D3
סיאט ספרד,KJ11CV
סיאט ספרד,KJ11KZ
סיאט ספרד,KJ11RZ
סיאט ספרד,KJ11SV
סיאט ספרד,KJ12KX
סיאט ספרד,KJ12KZ
סיאט ספרד,KJ12RZ
סיאט ספרד,KJ12WZ
סיאט ספרד,KJ14KZ
סיאט ספרד,KJ15KZ
סיאט ספרד,KJ15LX
סיאט ספרד,KJ15LZ
סיאט ספרד,KJ15NZ
סיאט ספרד,KJ15RZ
סיאט ספרד,KJ15WZ
סיאט ספרד,KJ72KZ
סיאט ספרד,KJ72RZ
סיאט ספרד,KJ72WZ
סיאט ספרד,KJ75KZ
סיאט ספרד,KJ75LX
סיאט ספרד,KJ75LZ
סיאט ספרד,KJ75NZ
סיאט ספרד,KJ75RZ
סיאט ספרד,KJ75WZ
סיאט ספרד,KJG2WZ
סיאט ספרד,KJG5NZ
סיאט ספרד,KJG5WZ
סיאט ספרד,KJP2WZ
סיאט ספרד,KJP5NZ
סיאט ספרד,KJP5WZ
סיאט ספרד,KL12FZ
סיאט ספרד,KL12TZ
סיאט ספרד,KL14UY
סיאט ספרד,KL15FZ
סיאט ספרד,KL15HZ
סיאט ספרד,KL15UY
סיאט ספרד,KL16IZ
סיאט ספרד,KL16VY
סיאט ספרד,KL1CIZ
סיאט ספרד,KL1CVY
סיאט ספרד,KM76EZ
סיאט ספרד,KM76QT
סיאט ספרד,KM76UY
סיאט ספרד,KM76VY
סיאט ספרד,KM7BEZ
סיאט ספרד,KM7BUY
סיאט ספרד,KM7CQT
סיאט ספרד,KM7CRZ
סיאט ספרד,KM7CVY
סיאט ספרד,KU1BFZ
סיאט ספרד,KU1BHZ
סיאט ספרד,KU1CIZ
סיאט ספרד,LATINO1.6 איביזה
סיאט ספרד,TOLEDO 1L1Y2
סיאט ספרד,איביזה 6K3ADL2
סיאט ספרד,גג+_6K22F1
סיאט ספרד,דיזל 1900 טולדו
סיאט ספרד,חלונות ללא 6K4AEX2
סיאט פורטוגל,7103EY
סיאט פורטוגל,7112GY
סיאט פורטוגל,7N-7103EY
סיאט פורטוגל,7N-7112GY
סיאט פורטוגל,7N-7113GY
סיאט צ'כיה,5FP-KBPCJS
סיאט צ'כיה,5FP-KH72OZ
סיאט צ'כיה,5FP-KH72YZ
סיאט צ'כיה,5FP-KH74OZ
סיאט צ'כיה,5FP-KH74YZ
סיאט צ'כיה,5FP-KH75OZ
סיאט צ'כיה,5FP-KH76GS
סיאט צ'כיה,5FP-KHP2NZ
סיאט צ'כיה,5FP-KHP2OZ
סיאט צ'כיה,5FP-KHP50Z
סיאט צ'כיה,5FP-KHP5NZ
סיאט צ'כיה,5FP-KHP5OZ
סיאט צ'כיה,5FP-KHP6GS
סיאט צ'כיה,5FP-KHP6JS
סיאט צ'כיה,5FP-KHP8OZ
סיאט צ'כיה,5FP-KHPCJS
סיאט צ'כיה,KG34H5
סיאט צ'כיה,KG34PD
סיאט צ'כיה,KH76GS
סיאט צ'כיה,KHP2NZ
סיאט צ'כיה,KHP2OZ
סיאט צ'כיה,KHP5NZ
סיאט צ'כיה,KHP6JS
סיאט צ'כיה,KHP8OZ
סיאט צ'כיה,KM76EZ
סיאט צ'כיה,KM76QT
סיאט צ'כיה,NH-KG32RZ
סיאט צ'כיה,NH-KG3454
סיאט צ'כיה,NH-KG345D
סיאט צ'כיה,NH-KG3494
סיאט צ'כיה,NH-KG34H5
סיאט צ'כיה,NH-KG34PD
סיאט צ'כיה,NH-KG34RD
סיאט צ'כיה,NH-KG34RZ
סיטרואן אנגליה,V1ZKXZ
סיטרואן אנגליה,VBYHVK
סיטרואן אנגליה,VBYHVM
סיטרואן אנגליה,VEEHS7
סיטרואן אנגליה,VEEHTM
סיטרואן אנגליה,VFAHXK
סיטרואן אנגליה,VFEHTM
סיטרואן אנגליה,VFEHZ7
סיטרואן אנגליה,VFEHZ8
סיטרואן אנגליה,VLEHZ
סיטרואן אנגליה,VZZKXZ
סיטרואן יפן,INZKZZ
סיטרואן יפן,VVSFZF
סיטרואן סלובק,CCHPX
סיטרואן סלובק,CGHPY
סיטרואן סלובק,SH5FS8/P
סיטרואן סלובק,SH8FP0/1
סיטרואן סלובק,SH8FPO/1
סיטרואן סלובק,SH9HP0/
סיטרואן סלובק,SH9HP4/1
סיטרואן סלובק,SH9HP8/1PS
סיטרואן סלובק,SH9HPO/1
סיטרואן סלובק,SHBHY6
סיטרואן סלובק,SXHNPN/ABS
סיטרואן סלובק,SXHNPN/ACS
סיטרואן סלובק,SXHNPY
סיטרואן סלובק,SXHNZT/A0S
סיטרואן ספרד,0B9HPG/C2H000
סיטרואן ספרד,0BBHY3/C2F000
סיטרואן ספרד,0PHMZB/C1A000
סיטרואן ספרד,0PHMZB/C1H000
סיטרואן ספרד,0PHNPX
סיטרואן ספרד,0PHNPX/C1F000
סיטרואן ספרד,0PHNS1
סיטרואן ספרד,0PHNZB/C1B000
סיטרואן ספרד,0PHNZW/C1B000
סיטרואן ספרד,2RHNPX
סיטרואן ספרד,2RHNPX/R1B000
סיטרואן ספרד,2RHNS1
סיטרואן ספרד,2RHNZW/R1B000
סיטרואן ספרד,3A5GZT/1S
סיטרואן ספרד,3A5GZT/2SM
סיטרואן ספרד,3AAHXT/1S
סיטרואן ספרד,3AAHXT/S
סיטרואן ספרד,3ABHZT/2SM
סיטרואן ספרד,3AHNS4
סיטרואן ספרד,3AHNSR/1S
סיטרואן ספרד,3AHNYT/2SM
סיטרואן ספרד,3AYHZ4
סיטרואן ספרד,3AYHZR
סיטרואן ספרד,3AYHZR/1S
סיטרואן ספרד,3D5FV8
סיטרואן ספרד,3D5GZT/1S
סיטרואן ספרד,3D5GZT/2SM
סיטרואן ספרד,3D9HC8/1PS
סיטרואן ספרד,3DAHXT/1S
סיטרואן ספרד,3DBHZT/1S
סיטרואן ספרד,3DBHZT/2SM
סיטרואן ספרד,3DHNS4
סיטרואן ספרד,3DHNSR/1S
סיטרואן ספרד,3DYHZR
סיטרואן ספרד,3DYHZR/1S
סיטרואן ספרד,3E9HC8/1PS
סיטרואן ספרד,3EAHXT/1S
סיטרואן ספרד,3EBHZT/1S
סיטרואן ספרד,3EBHZT/2SM
סיטרואן ספרד,3EYHZR/1S
סיטרואן ספרד,7F9HF0
סיטרואן ספרד,7F9HXC
סיטרואן ספרד,7FBHY6
סיטרואן ספרד,7J5FK0
סיטרואן ספרד,7J9HN0
סיטרואן ספרד,7J9HP0
סיטרואן ספרד,7J9HP8/1PS
סיטרואן ספרד,7JBHY6/3
סיטרואן ספרד,7JBHYM/3PS
סיטרואן ספרד,7N9HN0
סיטרואן ספרד,7N9HP0
סיטרואן ספרד,7N9HXC
סיטרואן ספרד,7NBHW6/3
סיטרואן ספרד,7NBHY6/3
סיטרואן ספרד,7S9HP0
סיטרואן ספרד,7SBHY6/3
סיטרואן ספרד,BAHNS
סיטרואן ספרד,BAHNSB
סיטרואן ספרד,BAHPY
סיטרואן ספרד,BBYHZB
סיטרואן ספרד,BCZKX
סיטרואן ספרד,BCZKXC
סיטרואן ספרד,BDHNS
סיטרואן ספרד,BDHNSB
סיטרואן ספרד,BDHPY
סיטרואן ספרד,BEYHZB
סיטרואן ספרד,BFZKX
סיטרואן ספרד,BFZKXC
סיטרואן ספרד,CH9HXC
סיטרואן ספרד,CHRFNF
סיטרואן ספרד,CHRHYB
סיטרואן ספרד,DD9HP0
סיטרואן ספרד,DD9HP0/1
סיטרואן ספרד,DDHMY0
סיטרואן ספרד,DDHMY0/P
סיטרואן ספרד,DDHMZ6/PS
סיטרואן ספרד,DDNFP0/1
סיטרואן ספרד,DDNFP9
סיטרואן ספרד,DDNFP9/1
סיטרואן ספרד,DDNFPT
סיטרואן ספרד,EAZKXZ
סיטרואן ספרד,EBYHZ
סיטרואן ספרד,ECYHYC
סיטרואן ספרד,ECYHYC/B2E000
סיטרואן ספרד,ECYHZ3
סיטרואן ספרד,ECYHZR
סיטרואן ספרד,ECYHZR/A22000
סיטרואן ספרד,ECYHZR/A2F000
סיטרואן ספרד,ECYHZR/B2F000
סיטרואן ספרד,ECYHZR/D22000
סיטרואן ספרד,ECYHZR/D2F000
סיטרואן ספרד,EDYHZ
סיטרואן ספרד,EFYHT
סיטרואן ספרד,EFYHT2
סיטרואן ספרד,EFYHWC/E2E020
סיטרואן ספרד,EFYHYC
סיטרואן ספרד,EFYHYC/E2E020
סיטרואן ספרד,EFYHYC/K2F022
סיטרואן ספרד,EFYHZ3
סיטרואן ספרד,EFYHZR
סיטרואן ספרד,EFYHZR/E2F020
סיטרואן ספרד,EFYHZR/K2F022
סיטרואן ספרד,EZZKXZ
סיטרואן ספרד,GB9HWC
סיטרואן ספרד,GCRHYB
סיטרואן ספרד,GCWJYB
סיטרואן ספרד,GJ9HWC
סיטרואן ספרד,GJ9HXC
סיטרואן ספרד,GJ9HXC-TR
סיטרואן ספרד,GJRHYB
סיטרואן ספרד,GJRHYK
סיטרואן ספרד,GJWJYB
סיטרואן ספרד,MBWJYB
סיטרואן ספרד,MFWJYB
סיטרואן ספרד,UA5FTF
סיטרואן ספרד,UA5FV8/1P
סיטרואן ספרד,UA5FXH
סיטרואן ספרד,UA9HR8/1PS
סיטרואן ספרד,UA9HZH
סיטרואן ספרד,UARFJF
סיטרואן ספרד,UARFJH
סיטרואן ספרד,UARHJH
סיטרואן ספרד,UD5FTF
סיטרואן ספרד,UD5FV8/1P
סיטרואן ספרד,UDRFJF
סיטרואן פורטוג,7J9HP0
סיטרואן פורטוג,7N9HN0
סיטרואן פורטוג,7N9HP0
סיטרואן פורטוג,EAZKXZ
סיטרואן פורטוג,ECYHZ3
סיטרואן פורטוג,EDYHZ
סיטרואן פורטוג,EFYHT2
סיטרואן פורטוג,EFYHWC/E2E020
סיטרואן פורטוג,EFYHYC
סיטרואן פורטוג,EFYHZ
סיטרואן פורטוג,EFYHZ3
סיטרואן פורטוג,EFYHZR
סיטרואן פורטוג,EFYHZR/E2F020
סיטרואן פורטוג,EZZKXZ
סיטרואן פורטוג,GJ9HWC-TR
סיטרואן צ'כיה,PNCFB0/P
סיטרואן צ'כיה,PNCFB4
סיטרואן צ'כיה,PNCFBO/P
סיטרואן צ'כיה,PSCFBB-H1A000
סיטרואן צ'כיה,PSCFBB-H1C000
סיטרואן צ'כיה,PSCFBB-W1C000
סיטרואן צ'כיה,PSCFBC-H1A000
סיטרואן צ'כיה,PSCFBC-H1C00
סיטרואן צ'כיה,PSCFBC-H1C000
סיטרואן צ'כיה,PSCFBC-W1C000
סיטרואן צ'כיה,PSCFBD-H1A000
סיטרואן צ'כיה,PSCFBD-H1C000
סיטרואן צ'כיה,PSCFBD-W1C000
סיטרואן צרפת,'כר2__X1RFVM
סיטרואן צרפת,A45GFR
סיטרואן צרפת,A45GFR/C1B000
סיטרואן צרפת,A45GFR/C1F000
סיטרואן צרפת,A45GFS
סיטרואן צרפת,A4DGZS
סיטרואן צרפת,A4DGZS/C1R000
סיטרואן צרפת,A5W2KB42A0
סיטרואן צרפת,ABS-X1LFYM
סיטרואן צרפת,ACYHZ
סיטרואן צרפת,ACYHZR
סיטרואן צרפת,ACYHZR/C2B000
סיטרואן צרפת,ACYHZR/C2F000
סיטרואן צרפת,ACYHZS
סיטרואן צרפת,AJEHZR
סיטרואן צרפת,ARHNS
סיטרואן צרפת,ARHNSS
סיטרואן צרפת,BDDHXA
סיטרואן צרפת,BEDHXA
סיטרואן צרפת,BERHWB
סיטרואן צרפת,BERHZA
סיטרואן צרפת,BERHZB
סיטרואן צרפת,BYDHXA
סיטרואן צרפת,BYRHXA
סיטרואן צרפת,BYRHXB
סיטרואן צרפת,CH6FZB
סיטרואן צרפת,CHRHYA
סיטרואן צרפת,CHRHYB
סיטרואן צרפת,DC6FZE
סיטרואן צרפת,DCRFNE
סיטרואן צרפת,DCRFNF
סיטרואן צרפת,DCRHZE
סיטרואן צרפת,DCXFXF
סיטרואן צרפת,DEXFXF
סיטרואן צרפת,EARFNE
סיטרואן צרפת,EBRFJF
סיטרואן צרפת,EBRFNE
סיטרואן צרפת,F
סיטרואן צרפת,FC8HXB
סיטרואן צרפת,FCKFVB
סיטרואן צרפת,FCKFVC
סיטרואן צרפת,FCKFVE
סיטרואן צרפת,FCNFUC
סיטרואן צרפת,FCNFUF
סיטרואן צרפת,HBNFUC
סיטרואן צרפת,JMNFSC
סיטרואן צרפת,KAHPY
סיטרואן צרפת,KF5FVA
סיטרואן צרפת,KF5GZT/S
סיטרואן צרפת,LANFUC
סיטרואן צרפת,LANFUF
סיטרואן צרפת,LARFKC
סיטרואן צרפת,LC5FTF
סיטרואן צרפת,LC9HXC
סיטרואן צרפת,LCNFUC
סיטרואן צרפת,LCNFUF
סיטרואן צרפת,LCNFUL
סיטרואן צרפת,LCRFJC
סיטרואן צרפת,LCRFJF
סיטרואן צרפת,MBD9BE
סיטרואן צרפת,MBWJYB
סיטרואן צרפת,MCD9BE
סיטרואן צרפת,MCWJZF
סיטרואן צרפת,MFDJYF
סיטרואן צרפת,MFWJYB
סיטרואן צרפת,MFWJZF
סיטרואן צרפת,N0LFZM
סיטרואן צרפת,N1DHYF
סיטרואן צרפת,N1DJYF
סיטרואן צרפת,N1KFWB
סיטרואן צרפת,N1LFYF
סיטרואן צרפת,N1LFZM
סיטרואן צרפת,N1NFUB
סיטרואן צרפת,N1NFUN
סיטרואן צרפת,N1NFZF
סיטרואן צרפת,N1NFZM
סיטרואן צרפת,N1RFN3
סיטרואן צרפת,N1RFNN
סיטרואן צרפת,N1RFVM
סיטרואן צרפת,N1RHYB
סיטרואן צרפת,N1RHYF
סיטרואן צרפת,N1RHZN
סיטרואן צרפת,N1WJYB
סיטרואן צרפת,N1WJZF
סיטרואן צרפת,N2A900
סיטרואן צרפת,N2B100
סיטרואן צרפת,N2C300
סיטרואן צרפת,N2D500
סיטרואן צרפת,N2D700
סיטרואן צרפת,N2DHYF
סיטרואן צרפת,N2DJYF
סיטרואן צרפת,N2E300
סיטרואן צרפת,N2E400
סיטרואן צרפת,N2E600
סיטרואן צרפת,N2E700
סיטרואן צרפת,N2F200
סיטרואן צרפת,N2G100
סיטרואן צרפת,N2H400
סיטרואן צרפת,N2H500
סיטרואן צרפת,N2H900
סיטרואן צרפת,N2J300
סיטרואן צרפת,N2L 900
סיטרואן צרפת,N2L500
סיטרואן צרפת,N2L600
סיטרואן צרפת,N2L900
סיטרואן צרפת,N2LFZM
סיטרואן צרפת,N2NFUN
סיטרואן צרפת,N2NFZF
סיטרואן צרפת,N2NFZM
סיטרואן צרפת,N2RHYB
סיטרואן צרפת,N2RHYF
סיטרואן צרפת,N2RHZN
סיטרואן צרפת,N2WJZF
סיטרואן צרפת,N6RFSF
סיטרואן צרפת,NC5FS0\1
סיטרואן צרפת,NC5FS9/1
סיטרואן צרפת,NC5FV8/1P
סיטרואן צרפת,NC9HD7/1S
סיטרואן צרפת,NC9HD8/1
סיטרואן צרפת,NC9HD8/1PS
סיטרואן צרפת,NC9HR8/1
סיטרואן צרפת,NC9HR8/1PS
סיטרואן צרפת,NCHNWT/1S
סיטרואן צרפת,NCHNYT/1S
סיטרואן צרפת,NX5FMA
סיטרואן צרפת,NX5FU8
סיטרואן צרפת,NX9HR8/PS
סיטרואן צרפת,RC4HXE
סיטרואן צרפת,RCRFJF
סיטרואן צרפת,RCRHRJ
סיטרואן צרפת,RCXFUJ
סיטרואן צרפת,RD4HLA
סיטרואן צרפת,RD5FVA
סיטרואן צרפת,RDRFJF
סיטרואן צרפת,RDXFVJ
סיטרואן צרפת,RERHRJ
סיטרואן צרפת,RW5FVA
סיטרואן צרפת,RWRFJF
סיטרואן צרפת,RWRHHA
סיטרואן צרפת,S0HDZE
סיטרואן צרפת,S0HDZF
סיטרואן צרפת,S0KFXE
סיטרואן צרפת,S0KFXF
סיטרואן צרפת,S0NFZD
סיטרואן צרפת,S1HDZE
סיטרואן צרפת,S1HDZF
סיטרואן צרפת,S1HFXB
סיטרואן צרפת,S1KFWB
סיטרואן צרפת,S1KFWL
סיטרואן צרפת,S1KFXD
סיטרואן צרפת,S1KFXE
סיטרואן צרפת,S1KFXF
סיטרואן צרפת,S1NFZD
סיטרואן צרפת,S1VJXB
סיטרואן צרפת,S1VJZF
סיטרואן צרפת,S6NFXE
סיטרואן צרפת,S6NFXF
סיטרואן צרפת,S6NFZE
סיטרואן צרפת,S6NFZF
סיטרואן צרפת,SA5FR8
סיטרואן צרפת,SA5FS9/1
סיטרואן צרפת,SA5FV8
סיטרואן צרפת,SA5GZM/S
סיטרואן צרפת,SAHNZT/S
סיטרואן צרפת,SB5FS9
סיטרואן צרפת,SC5FS0/1
סיטרואן צרפת,SC5FS9/1
סיטרואן צרפת,SC9HP8/1PS
סיטרואן צרפת,SIKFWB
סיטרואן צרפת,SOHDZE
סיטרואן צרפת,SOHDZF
סיטרואן צרפת,SOKFXE
סיטרואן צרפת,SUP 1.9_MFD9BE
סיטרואן צרפת,SUP_MFWJZF
סיטרואן צרפת,SX 1.9__MFD9BE
סיטרואן צרפת,SXHNPN/ABS
סיטרואן צרפת,SXHNZT/A0S
סיטרואן צרפת,TDUHZJ
סיטרואן צרפת,TDX8ZA
סיטרואן צרפת,TDXFVJ
סיטרואן צרפת,U6KR00
סיטרואן צרפת,U6UF00
סיטרואן צרפת,U6UK00
סיטרואן צרפת,U6UR00
סיטרואן צרפת,U6US00
סיטרואן צרפת,V1ZKXZ
סיטרואן צרפת,VABHXH-P2B00K
סיטרואן צרפת,VABHXH-P2BOOK
סיטרואן צרפת,VAYHVK
סיטרואן צרפת,VAYHVK-P2F00K
סיטרואן צרפת,VBBHXH-B2B01A
סיטרואן צרפת,VBYHVK
סיטרואן צרפת,VBYHVM
סיטרואן צרפת,VDPG00
סיטרואן צרפת,VEAHHW-N2B00M
סיטרואן צרפת,VEAHHW-P2B00K
סיטרואן צרפת,VEAHHW-P2B00M
סיטרואן צרפת,VEAHHW-P2BOOK
סיטרואן צרפת,VEAHHW-P2BOOM
סיטרואן צרפת,VEAHXH-P2B00M
סיטרואן צרפת,VEAHXK
סיטרואן צרפת,VEAHXK-P2F00M
סיטרואן צרפת,VEEHS7
סיטרואן צרפת,VEEHTM
סיטרואן צרפת,VEEHZ7
סיטרואן צרפת,VEEHZ8
סיטרואן צרפת,VEEHZ8-N2F00M
סיטרואן צרפת,VEEHZ8-P2200K
סיטרואן צרפת,VEEHZ8-P2F00M
סיטרואן צרפת,VEEHZ8-P2F00P
סיטרואן צרפת,VFAHHW-A2B01D
סיטרואן צרפת,VFAHHW-A2B01E
סיטרואן צרפת,VFAHHW-B2B01B
סיטרואן צרפת,VFAHHW-B2B01D
סיטרואן צרפת,VFAHHW-B2B01E
סיטרואן צרפת,VFAHXH-B2B01D
סיטרואן צרפת,VFAHXH-B2B01E
סיטרואן צרפת,VFAHXH-B2BO1D
סיטרואן צרפת,VFAHXK
סיטרואן צרפת,VFAHXK-B2F01D
סיטרואן צרפת,VFEHTM
סיטרואן צרפת,VFEHZ7
סיטרואן צרפת,VFEHZ8
סיטרואן צרפת,VKEHZ
סיטרואן צרפת,VLEHZ
סיטרואן צרפת,VNFC1
סיטרואן צרפת,VPFC1
סיטרואן צרפת,VZZKXZ
סיטרואן צרפת,X 1.9_MFD9BE
סיטרואן צרפת,X11F00
סיטרואן צרפת,X16C00
סיטרואן צרפת,X17B00
סיטרואן צרפת,X17BO0
סיטרואן צרפת,X19B00
סיטרואן צרפת,X19C00
סיטרואן צרפת,X1B900
סיטרואן צרפת,X1DHXF
סיטרואן צרפת,X1DHXM
סיטרואן צרפת,X1LFYM
סיטרואן צרפת,X1RFVM
סיטרואן צרפת,X1XFZM
סיטרואן צרפת,XA9HUC
סיטרואן צרפת,XANT_SX 2.0 X1RFVM
סיטרואן צרפת,XARHKH
סיטרואן צרפת,XC9HUC
סיטרואן צרפת,XCAHZ4
סיטרואן צרפת,XCRHHA
סיטרואן צרפת,XCRHKH
סיטרואן צרפת,XDAHZ4
סיטרואן צרפת,XDRHHA
סיטרואן צרפת,XDRHKH
סיטרואן צרפת,XERHKH
סיטרואן צרפת,XM V6-Y4WH00
סיטרואן צרפת,XS9HUC
סיטרואן צרפת,XSAHZ8
סיטרואן צרפת,XSARA SXTD
סיטרואן צרפת,XSARA XD N1DJYE
סיטרואן צרפת,XSRHKH
סיטרואן צרפת,XTRHHA
סיטרואן צרפת,XUAHZ.
סיטרואן צרפת,XUAHZ8
סיטרואן צרפת,XURHHA
סיטרואן צרפת,XURHKH
סיטרואן צרפת,XVAHZ8
סיטרואן צרפת,XVRHKH
סיטרואן צרפת,Y4GG00
סיטרואן צרפת,Y4TR00
סיטרואן צרפת,Y4TT00
סיטרואן צרפת,Y4WH00
סיטרואן צרפת,ZADB00
סיטרואן צרפת,ZADE00
סיטרואן צרפת,צד דלת SUP MFWJZF
סיטרואן צרפת,צד דלת SX MFWJZF
סיטרואן תורכיה,AB8HSC
סיטרואן תורכיה,AJFHZ0/H
סיטרואן תורכיה,AJFHZ0/PSH
סיטרואן תורכיה,GC9HWC-TR
סיטרואן תורכיה,GG9HWC
סמארט ג'.מ.ב.ה,450.432
סמארט ג'.מ.ב.ה,450332
סמארט ג'.מ.ב.ה,452.334
סמארט ג'.מ.ב.ה,452.434
סמארט ג'.מ.ב.ה,MC01
סמארט סין,HESCA2 HC11
סמארט סין,HESCR1 HC11
סמארט סין,HESXA2 HX11
סמארט סין,HESXR1 HX11
סמארט סין,HESYA4 HY11
סמארט סין,HESYR4 HY11
סמארט סין,HESYR5 HY11
סמארט סלובניה,453.042
סמארט סלובניה,453.091
סמארט צרפת,451.332
סמארט צרפת,451.333
סמארט צרפת,451.334
סמארט צרפת,451.380
סמארט צרפת,451.432
סמארט צרפת,451.433
סמארט צרפת,451.480
סמארט צרפת,453.044
סמארט צרפת,453.091
סמארט צרפת,453.342
סמארט צרפת,453.344
סמארט צרפת,453.391
סמארט צרפת,453.442
סמארט צרפת,453.444
סמארט צרפת,453.491
סמארט צרפת,453491
סנטרו סין,2LTRH
סנטרו סין,LOGISTAR 200
סנטרו סין,METRO
סנטרו סין,PICK UP
סנטרו סין,PRO
סנטרו סין,VAN
סקודה סלובקיה,5E34FD
סקודה סלובקיה,AA-NF13A1
סקודה סלובקיה,AA-NF13A3
סקודה סלובקיה,AA-NF14A1
סקודה סלובקיה,AA-NF14A3
סקודה סלובקיה,NF13A1
סקודה סלובקיה,NF13A3
סקודה סלובקיה,NF13D1
סקודה סלובקיה,NF13D3
סקודה סלובקיה,NF14A3
סקודה סלובקיה,NF14D3
סקודה צ'כיה,'כ2FELICIX GLX-614
סקודה צ'כיה,1U2154
סקודה צ'כיה,1U2173
סקודה צ'כיה,1U2174
סקודה צ'כיה,1U21G3
סקודה צ'כיה,1U2273
סקודה צ'כיה,1U2274
סקודה צ'כיה,1U22E3
סקודה צ'כיה,1U22G3
סקודה צ'כיה,1U22L3
סקודה צ'כיה,1U22N3
סקודה צ'כיה,1U22Q3
סקודה צ'כיה,1U22T3
סקודה צ'כיה,1U23N3
סקודה צ'כיה,1U23Q3
סקודה צ'כיה,1U24Q3
סקודה צ'כיה,1U25R4
סקודה צ'כיה,1U5173
סקודה צ'כיה,1U5174
סקודה צ'כיה,1U51G3
סקודה צ'כיה,1U5273
סקודה צ'כיה,1U5274
סקודה צ'כיה,1U52E3
סקודה צ'כיה,1U52G3
סקודה צ'כיה,1U52L3
סקודה צ'כיה,1Z3224
סקודה צ'כיה,1Z322D
סקודה צ'כיה,1Z3264
סקודה צ'כיה,1Z326C
סקודה צ'כיה,1Z3285
סקודה צ'כיה,1Z329C
סקודה צ'כיה,1Z32D5
סקודה צ'כיה,1Z32DD
סקודה צ'כיה,1Z32GC
סקודה צ'כיה,1Z32KC
סקודה צ'כיה,1Z32L5
סקודה צ'כיה,1Z32LD
סקודה צ'כיה,1Z32MD
סקודה צ'כיה,1Z32NC
סקודה צ'כיה,1Z32PC
סקודה צ'כיה,1Z3324
סקודה צ'כיה,1Z332D
סקודה צ'כיה,1Z333C
סקודה צ'כיה,1Z3364
סקודה צ'כיה,1Z336C
סקודה צ'כיה,1Z338C
סקודה צ'כיה,1Z339C
סקודה צ'כיה,1Z33DD
סקודה צ'כיה,1Z33GC
סקודה צ'כיה,1Z33LD
סקודה צ'כיה,1Z33MD
סקודה צ'כיה,1Z33NC
סקודה צ'כיה,1Z33PC
סקודה צ'כיה,1Z35R5
סקודה צ'כיה,1Z35S5
סקודה צ'כיה,1Z35SC
סקודה צ'כיה,1Z5224
סקודה צ'כיה,1Z522D
סקודה צ'כיה,1Z5264
סקודה צ'כיה,1Z526C
סקודה צ'כיה,1Z52DD
סקודה צ'כיה,1Z52GC
סקודה צ'כיה,1Z52LD
סקודה צ'כיה,1Z536C
סקודה צ'כיה,1Z53DD
סקודה צ'כיה,1Z53GC
סקודה צ'כיה,1Z53LD
סקודה צ'כיה,1Z55R5
סקודה צ'כיה,1Z55S5
סקודה צ'כיה,1Z55SC
סקודה צ'כיה,3T
סקודה צ'כיה,3T - 3V34QD
סקודה צ'כיה,3T-3V339D
סקודה צ'כיה,3T-3V33ND
סקודה צ'כיה,3T-3V33QD
סקודה צ'כיה,3T-3V348D
סקודה צ'כיה,3T-3V349D
סקודה צ'כיה,3T-3V34ND
סקודה צ'כיה,3T-3V34QD
סקודה צ'כיה,3T-3V34XC
סקודה צ'כיה,3T-3V359D
סקודה צ'כיה,3T-3V35QD
סקודה צ'כיה,3T-3V35XC
סקודה צ'כיה,3T427C
סקודה צ'כיה,3T429C
סקודה צ'כיה,3T42JC
סקודה צ'כיה,3T42LD
סקודה צ'כיה,3T437C
סקודה צ'כיה,3T439C
סקודה צ'כיה,3T43JC
סקודה צ'כיה,3T43LD
סקודה צ'כיה,3T43NC
סקודה צ'כיה,3T43SX
סקודה צ'כיה,3T53JC
סקודה צ'כיה,3T53LD
סקודה צ'כיה,3U4234
סקודה צ'כיה,3U423B
סקודה צ'כיה,3U426B
סקודה צ'כיה,3U427B
סקודה צ'כיה,3U42KB
סקודה צ'כיה,3U433B
סקודה צ'כיה,3U437B
סקודה צ'כיה,3U43KB
סקודה צ'כיה,3U43SB
סקודה צ'כיה,3V335D
סקודה צ'כיה,3V338C
סקודה צ'כיה,3V338D
סקודה צ'כיה,3V339D
סקודה צ'כיה,3V33LD
סקודה צ'כיה,3V33ND
סקודה צ'כיה,3V33PD
סקודה צ'כיה,3V33QD
סקודה צ'כיה,3V33RD
סקודה צ'כיה,3V33SC
סקודה צ'כיה,3V33UX
סקודה צ'כיה,3V33VZ
סקודה צ'כיה,3V33XC
סקודה צ'כיה,3V344D
סקודה צ'כיה,3V345D
סקודה צ'כיה,3V348C
סקודה צ'כיה,3V348D
סקודה צ'כיה,3V349D
סקודה צ'כיה,3V34LD
סקודה צ'כיה,3V34ND
סקודה צ'כיה,3V34PD
סקודה צ'כיה,3V34QD
סקודה צ'כיה,3V34RD
סקודה צ'כיה,3V34SC
סקודה צ'כיה,3V34XC
סקודה צ'כיה,3V354D
סקודה צ'כיה,3V355D
סקודה צ'כיה,3V358D
סקודה צ'כיה,3V359D
סקודה צ'כיה,3V35QD
סקודה צ'כיה,3V35RD
סקודה צ'כיה,3V35SC
סקודה צ'כיה,3V35UX
סקודה צ'כיה,3V35VZ
סקודה צ'כיה,3V35WZ
סקודה צ'כיה,3V35XC
סקודה צ'כיה,3V3R4D
סקודה צ'כיה,3V3R9D
סקודה צ'כיה,3V3RQD
סקודה צ'כיה,3V3RRD
סקודה צ'כיה,3V3RVZ
סקודה צ'כיה,3V3RWZ
סקודה צ'כיה,3V3RXC
סקודה צ'כיה,3V54XC
סקודה צ'כיה,3V5RXC
סקודה צ'כיה,5422F4
סקודה צ'כיה,5422G4
סקודה צ'כיה,5422J4
סקודה צ'כיה,5422JD
סקודה צ'כיה,5422KC
סקודה צ'כיה,5423G4
סקודה צ'כיה,5423J4
סקודה צ'כיה,5423JD
סקודה צ'כיה,5423K4
סקודה צ'כיה,5423KC
סקודה צ'כיה,542464
סקודה צ'כיה,5424JD
סקודה צ'כיה,5424KC
סקודה צ'כיה,545214
סקודה צ'כיה,545254
סקודה צ'כיה,545264
סקודה צ'כיה,545284
סקודה צ'כיה,5452F4
סקודה צ'כיה,5452G4
סקודה צ'כיה,5452JD
סקודה צ'כיה,5452KC
סקודה צ'כיה,545464
סקודה צ'כיה,5454JD
סקודה צ'כיה,5454KC
סקודה צ'כיה,5ACFF2
סקודה צ'כיה,5ACJP4
סקודה צ'כיה,5AZFF2
סקודה צ'כיה,5AZJJ2
סקודה צ'כיה,5AZJK2
סקודה צ'כיה,5E333D
סקודה צ'כיה,5E3385
סקודה צ'כיה,5E338C
סקודה צ'כיה,5E338D
סקודה צ'כיה,5E33BD
סקודה צ'כיה,5E33DD
סקודה צ'כיה,5E33FD
סקודה צ'כיה,5E33L5
סקודה צ'כיה,5E33LD
סקודה צ'כיה,5E33MD
סקודה צ'כיה,5E33ND
סקודה צ'כיה,5E3434
סקודה צ'כיה,5E343D
סקודה צ'כיה,5E3444
סקודה צ'כיה,5E348C
סקודה צ'כיה,5E348D
סקודה צ'כיה,5E34AD
סקודה צ'כיה,5E34BD
סקודה צ'כיה,5E34DD
סקודה צ'כיה,5E34FD
סקודה צ'כיה,5E34LD
סקודה צ'כיה,5E34MD
סקודה צ'כיה,5E34ND
סקודה צ'כיה,5E34PD
סקודה צ'כיה,5E36S5
סקודה צ'כיה,5E36SC
סקודה צ'כיה,5E36UD
סקודה צ'כיה,5E538C
סקודה צ'כיה,5E538D
סקודה צ'כיה,5E53BD
סקודה צ'כיה,5E53DD
סקודה צ'כיה,5E53FD
סקודה צ'כיה,5E53LD
סקודה צ'כיה,5E53MD
סקודה צ'כיה,5E53ND
סקודה צ'כיה,5E5434
סקודה צ'כיה,5E543D
סקודה צ'כיה,5E54BD
סקודה צ'כיה,5E54DD
סקודה צ'כיה,5E54FD
סקודה צ'כיה,5E54LD
סקודה צ'כיה,5E54MD
סקודה צ'כיה,5E54ND
סקודה צ'כיה,5E56S5
סקודה צ'כיה,5E56SC
סקודה צ'כיה,5J-5422G4
סקודה צ'כיה,5J-5422JD
סקודה צ'כיה,5J-5452JD
סקודה צ'כיה,5J-NJ32J4
סקודה צ'כיה,5J-NJ32LD
סקודה צ'כיה,5J-NJ32M4
סקודה צ'כיה,5J-NJ33LD
סקודה צ'כיה,5J-NJ33M4
סקודה צ'כיה,5J-NJ33ND
סקודה צ'כיה,5J-NJ34LD
סקודה צ'כיה,5J-NJ34ND
סקודה צ'כיה,5J-NJ53LD
סקודה צ'כיה,5J7254
סקודה צ'כיה,5J7264
סקודה צ'כיה,5J7284
סקודה צ'כיה,5J72G4
סקודה צ'כיה,5J72J4
סקודה צ'כיה,5J72JD
סקודה צ'כיה,5J72KC
סקודה צ'כיה,5J7364
סקודה צ'כיה,5J73KC
סקודה צ'כיה,5J7464
סקודה צ'כיה,5J74KC
סקודה צ'כיה,5J7SJD
סקודה צ'כיה,5J7SKC
סקודה צ'כיה,5L724X
סקודה צ'כיה,5L724Y
סקודה צ'כיה,5L72D5
סקודה צ'כיה,5L72DD
סקודה צ'כיה,5L72LD
סקודה צ'כיה,5L72PX
סקודה צ'כיה,5L734X
סקודה צ'כיה,5L734Y
סקודה צ'כיה,5L73DD
סקודה צ'כיה,5L73LD
סקודה צ'כיה,5L73PX
סקודה צ'כיה,5L7BD5
סקודה צ'כיה,5L7BDD
סקודה צ'כיה,5L7BF5
סקודה צ'כיה,5L7BFD
סקודה צ'כיה,5L7BLD
סקודה צ'כיה,5L7CDD
סקודה צ'כיה,5L7CFD
סקודה צ'כיה,5L7CID
סקודה צ'כיה,5L7CJX
סקודה צ'כיה,5L7CLD
סקודה צ'כיה,5L7CPX
סקודה צ'כיה,613
סקודה צ'כיה,614
סקודה צ'כיה,653
סקודה צ'כיה,654
סקודה צ'כיה,6Y2124
סקודה צ'כיה,6Y21D4
סקודה צ'כיה,6Y2224
סקודה צ'כיה,6Y22D4
סקודה צ'כיה,6Y22F3
סקודה צ'כיה,6Y22J4
סקודה צ'כיה,6Y3224
סקודה צ'כיה,6Y32D4
סקודה צ'כיה,6Y32F3
סקודה צ'כיה,6Y32J4
סקודה צ'כיה,6Y51F3
סקודה צ'כיה,6Y51J4
סקודה צ'כיה,6Y5214
סקודה צ'כיה,6Y5224
סקודה צ'כיה,6Y5264
סקודה צ'כיה,6Y52D4
סקודה צ'כיה,6Y52F3
סקודה צ'כיה,6Y52J4
סקודה צ'כיה,AA-NF13A3
סקודה צ'כיה,AADGEBX01
סקודה צ'כיה,ABX1EBL1GX1
סקודה צ'כיה,ACDTSBX0
סקודה צ'כיה,ACEBJAL1FX2
סקודה צ'כיה,FELICIA GLX 1.9D
סקודה צ'כיה,FELICIA LX 1.9D
סקודה צ'כיה,GLX 1U2274 OCTAVIA
סקודה צ'כיה,GLXI 614_פליסיה
סקודה צ'כיה,GLXI 654
סקודה צ'כיה,GLXI614_פליסיה
סקודה צ'כיה,GLX_654 NC COMBI
סקודה צ'כיה,LX 1.9D VANPLUS
סקודה צ'כיה,LX-659 VAN-PLUS
סקודה צ'כיה,NF13A1
סקודה צ'כיה,NF13A3
סקודה צ'כיה,NF13D1
סקודה צ'כיה,NF13D3
סקודה צ'כיה,NF14D3
סקודה צ'כיה,NH13GD
סקודה צ'כיה,NH14GD
סקודה צ'כיה,NH14MD
סקודה צ'כיה,NH14ND
סקודה צ'כיה,NH14PD
סקודה צ'כיה,NH14RD
סקודה צ'כיה,NH335D
סקודה צ'כיה,NH3384
סקודה צ'כיה,NH3394
סקודה צ'כיה,NH33GD
סקודה צ'כיה,NH33H5
סקודה צ'כיה,NH33MD
סקודה צ'כיה,NH33ND
סקודה צ'כיה,NH33PD
סקודה צ'כיה,NH33RD
סקודה צ'כיה,NH3434
סקודה צ'כיה,NH3454
סקודה צ'כיה,NH345D
סקודה צ'כיה,NH3484
סקודה צ'כיה,NH34GD
סקודה צ'כיה,NH34MD
סקודה צ'כיה,NH34ND
סקודה צ'כיה,NH34PD
סקודה צ'כיה,NH34RD
סקודה צ'כיה,NJ32M4
סקודה צ'כיה,NJ33M4
סקודה צ'כיה,NJ33MD
סקודה צ'כיה,NJ33ND
סקודה צ'כיה,NJ34MD
סקודה צ'כיה,NJ34ND
סקודה צ'כיה,NJ53ND
סקודה צ'כיה,NP
סקודה צ'כיה,NS
סקודה צ'כיה,NS-NS72ND
סקודה צ'כיה,NS-NS733D
סקודה צ'כיה,NS-NS73ND
סקודה צ'כיה,NS-NS743D
סקודה צ'כיה,NS-NS749Z
סקודה צ'כיה,NS-NS74ND
סקודה צ'כיה,NS-NS74QZ
סקודה צ'כיה,NS-NS759Z
סקודה צ'כיה,NS-NS75QZ
סקודה צ'כיה,NS-NS7RQZ
סקודה צ'כיה,NS72ND
סקודה צ'כיה,NS733D
סקודה צ'כיה,NS735D
סקודה צ'כיה,NS73KX
סקודה צ'כיה,NS73LC
סקודה צ'כיה,NS73N5
סקודה צ'כיה,NS73ND
סקודה צ'כיה,NS743D
סקודה צ'כיה,NS745D
סקודה צ'כיה,NS748Z
סקודה צ'כיה,NS749Z
סקודה צ'כיה,NS74KX
סקודה צ'כיה,NS74LC
סקודה צ'כיה,NS74ND
סקודה צ'כיה,NS74PZ
סקודה צ'כיה,NS74QZ
סקודה צ'כיה,NS74RZ
סקודה צ'כיה,NS758Z
סקודה צ'כיה,NS759Z
סקודה צ'כיה,NS75PZ
סקודה צ'כיה,NS75QZ
סקודה צ'כיה,NS76UZ
סקודה צ'כיה,NS7RPZ
סקודה צ'כיה,NS7RQZ
סקודה צ'כיה,NU-NU73MD
סקודה צ'כיה,NU-NU73ND
סקודה צ'כיה,NU-NU74MD
סקודה צ'כיה,NU-NU74ND
סקודה צ'כיה,NU-NU7DMD
סקודה צ'כיה,NU-NU7RMD
סקודה צ'כיה,NU7
סקודה צ'כיה,NU732D
סקודה צ'כיה,NU73B5
סקודה צ'כיה,NU73BD
סקודה צ'כיה,NU73ND
סקודה צ'כיה,NU742D
סקודה צ'כיה,NU745Z
סקודה צ'כיה,NU74BD
סקודה צ'כיה,NU74ND
סקודה צ'כיה,NW
סקודה צ'כיה,NW-NW13JD
סקודה צ'כיה,NW-NW14JD
סקודה צ'כיה,NW-NW14KD
סקודה צ'כיה,NW-NW14PD
סקודה צ'כיה,NW-NW1DMD
סקודה צ'כיה,NW-NW43JD
סקודה צ'כיה,NW-NW43KD
סקודה צ'כיה,NW-NW43PD
סקודה צ'כיה,NW-NW44JD
סקודה צ'כיה,NW-NW44KD
סקודה צ'כיה,NW-NW44PD
סקודה צ'כיה,NW-NW4DMD
סקודה צ'כיה,NW-NW4DPD
סקודה צ'כיה,NW12ND
סקודה צ'כיה,NW139D
סקודה צ'כיה,NW13JD
סקודה צ'כיה,NW13ND
סקודה צ'כיה,NW14JD
סקודה צ'כיה,NW14KD
סקודה צ'כיה,NW14ND
סקודה צ'כיה,NW43JD
סקודה צ'כיה,NW43KD
סקודה צ'כיה,NW43ND
סקודה צ'כיה,NW44JD
סקודה צ'כיה,NW44KD
סקודה צ'כיה,NW44ND
סקודה צ'כיה,NX
סקודה צ'כיה,NX-NX3375
סקודה צ'כיה,NX-NX337D
סקודה צ'כיה,NX-NX33JD
סקודה צ'כיה,NX-NX33LD
סקודה צ'כיה,NX-NX33VC
סקודה צ'כיה,NX-NX347D
סקודה צ'כיה,NX-NX34JD
סקודה צ'כיה,NX-NX34VC
סקודה צ'כיה,NX-NX36QD
סקודה צ'כיה,NX-NX53LD
סקודה צ'כיה,NX-PV36YD
סקודה צ'כיה,NX-PV3D7D
סקודה צ'כיה,NX-PV3DAD
סקודה צ'כיה,NX-PV3DCD
סקודה צ'כיה,NX3375
סקודה צ'כיה,NX337D
סקודה צ'כיה,NX33JD
סקודה צ'כיה,NX33LD
סקודה צ'כיה,NX33VC
סקודה צ'כיה,NX347D
סקודה צ'כיה,NX34JD
סקודה צ'כיה,NX34LD
סקודה צ'כיה,NX34VC
סקודה צ'כיה,NX36QD
סקודה צ'כיה,NX36XC
סקודה צ'כיה,NX537D
סקודה צ'כיה,NX53JD
סקודה צ'כיה,NX53LD
סקודה צ'כיה,NY-5ACJJ2
סקודה צ'כיה,NY-5AZJJ2
סקודה צ'כיה,NY-5AZJN4
סקודה צ'כיה,NZ-NZ35PZ
סקודה צ'כיה,NZ-NZ3DDD
סקודה צ'כיה,NZ-NZ3DMD
סקודה צ'כיה,NZ-NZ3RPZ
סקודה צ'כיה,NZ354D
סקודה צ'כיה,NZ356Z
סקודה צ'כיה,P
סקודה צ'כיה,PJ-PJ33ND
סקודה צ'כיה,PJ-PJ34ND
סקודה צ'כיה,PJ-PJ34PD
סקודה צ'כיה,PJ-PJ34RD
סקודה צ'כיה,PJ-PJ37PD
סקודה צ'כיה,PJ-PJ37RD
סקודה צ'כיה,PJ-PJ3DLD
סקודה צ'כיה,PJ-PJ3DPD
סקודה צ'כיה,PS-PS7D4D
סקודה צ'כיה,PS-PS7D6Z
סקודה צ'כיה,PS-PS7DDD
סקודה צ'כיה,PS-PS7DMZ
סקודה צ'כיה,PS-PS7RMZ
סקודה צ'כיה,PS76PZ
סקודה צ'כיה,PV3DCD
סקודה צ'כיה,SLX1U23P3_OCTAVIA
סקודה צ'כיה,TMBEHH673
סקודה צ'כיה,פליסיה
סקודה צ'כיה,פליסיה GLX =614
סקודה צ'כיה,פליסיה GLXI-614
סקודה צ'כיה,פליסיה LX -613
סקודה צ'כיה,פליסיה LXI-613
סקודה צ'כיה,קומבי GLX -654
סקודה צ'כיה,קומבי LX -1.9D
סקודה צ'כיה,קומבי LX -653
סקיוול סין,LBL1P
סרס סין,C7C5
סרס סין,C7C6
סרס סין,C7C7
סרס סין,C7C8
סרס סין,J4B19
פאריזון סין,1124N11
פאריזון סין,1136N11
פאריזון סין,1136Y11
פאריזון סין,1236N11
פאריזון סין,1236Y11
פאריזון סין,2136N11
פאריזון סין,2136Y11
פאריזון סין,3224N12
פאריזון סין,3236N11
פאריזון סין,3236Y12
פוטון סין,EP3
פוטון סין,EVK1
פוטון סין,P3
פוטון סין,P4
פוטון סין,VB2
פוטון סין,VM2
פולסטאר סין,VSED
פולסטאר סין,VSED PRFRMNC
פולסטאר סין,VSEF
פולסטאר סין,VSEG
פולסטאר סין,VSET
פולסטאר סין,VSET PRFRMNC
פולקסווגן ארגנ,2HBB23
פולקסווגן ארהב,A342P6
פולקסווגן ארהב,CA
פולקסווגן ארהב,CA1ANZ
פולקסווגן ארהב,CA1DUR
פולקסווגן ארהב,CA1DUZ
פולקסווגן ארהב,CA1FUR
פולקסווגן ארהב,CA24UR
פולקסווגן ארהב,CA25UR
פולקסווגן ארהב,CA27UR
פולקסווגן ארהב,CA2ANR
פולקסווגן ארהב,CA2BNR
פולקסווגן ארהב,CA2EUR
פולקסווגן ארהב,CA2FUR
פולקסווגן ארהב,CA2GUR
פולקסווגן ארהב,CA2INZ
פולקסווגן ארהב,CA2KUZ
פולקסווגן ארהב,CA2MUR
פולקסווגן ארהב,CA2NUR
פולקסווגן ארהב,CA2QUR
פולקסווגן ארהב,CA33PR
פולקסווגן ארהב,CA33PZ
פולקסווגן ארהב,CA35PR
פולקסווגן ארהב,CMC4UR
פולקסווגן ארהב,CMC5UR
פולקסווגן ארהב,CMCCNR
פולקסווגן ארהב,CMCCNZ
פולקסווגן ארהב,CMCCUR
פולקסווגן ארהב,CMCCUZ
פולקסווגן ארהב,CMCDUR
פולקסווגן ארהב,CMCENR
פולקסווגן ארהב,CMCFUR
פולקסווגן ארהב,CMCGUR
פולקסווגן ארהב,CMCGUZ
פולקסווגן ארהב,CMCIUR
פולקסווגן ארהב,CMCLNR
פולקסווגן ארהב,CMCMUR
פולקסווגן ארהב,CMCXUZ
פולקסווגן ארהב,CMD5PR
פולקסווגן ארהב,CW2C
פולקסווגן ארהב,E2CA
פולקסווגן ארהב,FE2CA
פולקסווגן ארהב,R2CA
פולקסווגן בלגי,1J11C3
פולקסווגן בלגי,3/A2 245
פולקסווגן בלגי,3A2 608
פולקסווגן בלגי,3A2248
פולקסווגן בלגי,3A2288
פולקסווגן בלגי,3A23T8
פולקסווגן בלגי,3A5.248
פולקסווגן בלגי,3A5248
פולקסווגן בלגי,3B2355
פולקסווגן בלגי,3B2358
פולקסווגן בלגי,3B23C5
פולקסווגן בלגי,3B23C8
פולקסווגן בלגי,3B23J5
פולקסווגן בלגי,9N31M7
פולקסווגן גרמנ,'אוט 1800 CL גולף
פולקסווגן גרמנ,'אוט 1800 CL ונטו
פולקסווגן גרמנ,'אוט 1800 CL פאסט
פולקסווגן גרמנ,'אוט 2000 GL פאסט
פולקסווגן גרמנ,'אוט 2800 VR6 גולף
פולקסווגן גרמנ,'דלת3_1J12J4
פולקסווגן גרמנ,(100) קלאסיק פולו
פולקסווגן גרמנ,(75)קלאסיק פולו
פולקסווגן גרמנ,1.8 CL גולף 1H12J3
פולקסווגן גרמנ,1.8 CL גולף 1H12J4
פולקסווגן גרמנ,1050 פוקס פולו
פולקסווגן גרמנ,1213D1
פולקסווגן גרמנ,1213D3
פולקסווגן גרמנ,1400 CL גולף
פולקסווגן גרמנ,1400 פוקס פולו
פולקסווגן גרמנ,142-2D4
פולקסווגן גרמנ,1600 CL גולף
פולקסווגן גרמנ,1600 CL ונטו
פולקסווגן גרמנ,1600 אוטומטי גולף
פולקסווגן גרמנ,1600 וריאנט גולף
פולקסווגן גרמנ,1600 פוקס פולו
פולקסווגן גרמנ,1800 75 CL גולף
פולקסווגן גרמנ,1800 CL ונטו
פולקסווגן גרמנ,1800 CL פאסט
פולקסווגן גרמנ,1800CLוריאנט פאסאט
פולקסווגן גרמנ,1E73L3
פולקסווגן גרמנ,1E73L4
פולקסווגן גרמנ,1E76D3
פולקסווגן גרמנ,1E76D4
פולקסווגן גרמנ,1H1 213 TDI גולף
פולקסווגן גרמנ,1H1 214 TDI גולף
פולקסווגן גרמנ,1H12H3
פולקסווגן גרמנ,1H12J4 CL 90 גולף
פולקסווגן גרמנ,1H1313
פולקסווגן גרמנ,1H2213
פולקסווגן גרמנ,1H2214
פולקסווגן גרמנ,1J1004
פולקסווגן גרמנ,1J1034
פולקסווגן גרמנ,1J1038
פולקסווגן גרמנ,1J10A4
פולקסווגן גרמנ,1J10C3
פולקסווגן גרמנ,1J10C4
פולקסווגן גרמנ,1J10D3
פולקסווגן גרמנ,1J10E4
פולקסווגן גרמנ,1J10J3
פולקסווגן גרמנ,1J10J4
פולקסווגן גרמנ,1J1134
פולקסווגן גרמנ,1J1138
פולקסווגן גרמנ,1J1153
פולקסווגן גרמנ,1J1154
פולקסווגן גרמנ,1J1186
פולקסווגן גרמנ,1J1188
פולקסווגן גרמנ,1J11C3
פולקסווגן גרמנ,1J11C4
פולקסווגן גרמנ,1J11D3
פולקסווגן גרמנ,1J11E4
פולקסווגן גרמנ,1J11G3
פולקסווגן גרמנ,1J11G4
פולקסווגן גרמנ,1J11J3
פולקסווגן גרמנ,1J11J4
פולקסווגן גרמנ,1J1214
פולקסווגן גרמנ,1J1273
פולקסווגן גרמנ,1J1274
פולקסווגן גרמנ,1J12A3
פולקסווגן גרמנ,1J12A4
פולקסווגן גרמנ,1J12D4
פולקסווגן גרמנ,1J12G4
פולקסווגן גרמנ,1J12H3
פולקסווגן גרמנ,1J12J4
פולקסווגן גרמנ,1J12N3
פולקסווגן גרמנ,1J12P4
פולקסווגן גרמנ,1J13Q3
פולקסווגן גרמנ,1J13Q4
פולקסווגן גרמנ,1J13S4
פולקסווגן גרמנ,1J13S8
פולקסווגן גרמנ,1J15T3
פולקסווגן גרמנ,1J15T4
פולקסווגן גרמנ,1J15W7
פולקסווגן גרמנ,1J16N4
פולקסווגן גרמנ,1J16R4
פולקסווגן גרמנ,1J2013
פולקסווגן גרמנ,1J2014
פולקסווגן גרמנ,1J2034
פולקסווגן גרמנ,1J2038
פולקסווגן גרמנ,1J20C3
פולקסווגן גרמנ,1J20C4
פולקסווגן גרמנ,1J20D3
פולקסווגן גרמנ,1J20E4
פולקסווגן גרמנ,1J20J3
פולקסווגן גרמנ,1J2113
פולקסווגן גרמנ,1J2114
פולקסווגן גרמנ,1J2138
פולקסווגן גרמנ,1J2153
פולקסווגן גרמנ,1J2154
פולקסווגן גרמנ,1J21C3
פולקסווגן גרמנ,1J21C4
פולקסווגן גרמנ,1J21D3
פולקסווגן גרמנ,1J21E4
פולקסווגן גרמנ,1J21G3
פולקסווגן גרמנ,1J21G4
פולקסווגן גרמנ,1J21J3
פולקסווגן גרמנ,1J21J4
פולקסווגן גרמנ,1J2243
פולקסווגן גרמנ,1J2244
פולקסווגן גרמנ,1J2273
פולקסווגן גרמנ,1J2274
פולקסווגן גרמנ,1J22A3
פולקסווגן גרמנ,1J22A4
פולקסווגן גרמנ,1J22H3
פולקסווגן גרמנ,1J22J4
פולקסווגן גרמנ,1J23Q3
פולקסווגן גרמנ,1J23Q4
פולקסווגן גרמנ,1J25T3
פולקסווגן גרמנ,1J25T4
פולקסווגן גרמנ,1J6153
פולקסווגן גרמנ,1J6154
פולקסווגן גרמנ,1J6273
פולקסווגן גרמנ,1J6274
פולקסווגן גרמנ,1JMC3
פולקסווגן גרמנ,1K1001
פולקסווגן גרמנ,1K100A
פולקסווגן גרמנ,1K102C
פולקסווגן גרמנ,1K1031
פולקסווגן גרמנ,1K1033
פולקסווגן גרמנ,1K1052
פולקסווגן גרמנ,1K1053
פולקסווגן גרמנ,1K1063
פולקסווגן גרמנ,1K106B
פולקסווגן גרמנ,1K106C
פולקסווגן גרמנ,1K10E1
פולקסווגן גרמנ,1K10E3
פולקסווגן גרמנ,1K10G2
פולקסווגן גרמנ,1K10G3
פולקסווגן גרמנ,1K10H2
פולקסווגן גרמנ,1K10H3
פולקסווגן גרמנ,1K10J3
פולקסווגן גרמנ,1K10L3
פולקסווגן גרמנ,1K1153
פולקסווגן גרמנ,1K1163
פולקסווגן גרמנ,1K116C
פולקסווגן גרמנ,1K11E1
פולקסווגן גרמנ,1K11E3
פולקסווגן גרמנ,1K11G2
פולקסווגן גרמנ,1K11G3
פולקסווגן גרמנ,1K11J3
פולקסווגן גרמנ,1K11L2
פולקסווגן גרמנ,1K11L3
פולקסווגן גרמנ,1K11M3
פולקסווגן גרמנ,1K11N3
פולקסווגן גרמנ,1K11P2
פולקסווגן גרמנ,1K11P3
פולקסווגן גרמנ,1K13V2
פולקסווגן גרמנ,1K13V3
פולקסווגן גרמנ,1K1BE1
פולקסווגן גרמנ,1K1BE3
פולקסווגן גרמנ,1K1BL3
פולקסווגן גרמנ,1K1BP2
פולקסווגן גרמנ,1K1BP3
פולקסווגן גרמנ,1T-1T3224
פולקסווגן גרמנ,1T-1T32B4
פולקסווגן גרמנ,1T-1T34B4
פולקסווגן גרמנ,1T1C83
פולקסווגן גרמנ,1T1H43
פולקסווגן גרמנ,1T1HH3
פולקסווגן גרמנ,1T1T83
פולקסווגן גרמנ,1T1TH3
פולקסווגן גרמנ,1T2C23
פולקסווגן גרמנ,1T2C54
פולקסווגן גרמנ,1T2C83
פולקסווגן גרמנ,1T2CB3
פולקסווגן גרמנ,1T2CB4
פולקסווגן גרמנ,1T2H21
פולקסווגן גרמנ,1T2H23
פולקסווגן גרמנ,1T2HB3
פולקסווגן גרמנ,1T2HB4
פולקסווגן גרמנ,1T2T21
פולקסווגן גרמנ,1T2T23
פולקסווגן גרמנ,1T2T54
פולקסווגן גרמנ,1T2T83
פולקסווגן גרמנ,1T2TB3
פולקסווגן גרמנ,1T2TB4
פולקסווגן גרמנ,1T3224
פולקסווגן גרמנ,1T32B4
פולקסווגן גרמנ,1T34B4
פולקסווגן גרמנ,2.4 7DA1Z2
פולקסווגן גרמנ,2.4 7DB1Z2
פולקסווגן גרמנ,2.4 7DB1Z3
פולקסווגן גרמנ,2.4 7DC2Z2
פולקסווגן גרמנ,2.4 7DC2Z3
פולקסווגן גרמנ,2.4 7DJ1Z2
פולקסווגן גרמנ,2.4 7DJ1Z3
פולקסווגן גרמנ,2.4 7DK2Z2
פולקסווגן גרמנ,2.4 7DK2Z3
פולקסווגן גרמנ,2.4 7DL1Z2
פולקסווגן גרמנ,2.4 7DL1Z3
פולקסווגן גרמנ,2.4 7DM1Z2
פולקסווגן גרמנ,2.4 7DM1Z3
פולקסווגן גרמנ,2.5 7DB1K2
פולקסווגן גרמנ,2.5 7DB1P3
פולקסווגן גרמנ,2.5 7DC2P3
פולקסווגן גרמנ,2.5 7DJ1K2
פולקסווגן גרמנ,2800 VR6 גולף
פולקסווגן גרמנ,2800 VR6 פאסט
פולקסווגן גרמנ,2CBS85
פולקסווגן גרמנ,2DA132
פולקסווגן גרמנ,2DA1B2
פולקסווגן גרמנ,2DD122
פולקסווגן גרמנ,2DD132
פולקסווגן גרמנ,2DD162
פולקסווגן גרמנ,2DD1B2
פולקסווגן גרמנ,2DE162
פולקסווגן גרמנ,2DE1B2
פולקסווגן גרמנ,2DF132
פולקסווגן גרמנ,2DH132
פולקסווגן גרמנ,2DH1B2
פולקסווגן גרמנ,2EA122
פולקסווגן גרמנ,2EB131
פולקסווגן גרמנ,2ED1H5
פולקסווגן גרמנ,2EE0B5
פולקסווגן גרמנ,2EE0CA
פולקסווגן גרמנ,2EE1B5
פולקסווגן גרמנ,2EE1BA
פולקסווגן גרמנ,2EE1C5
פולקסווגן גרמנ,2EE1CA
פולקסווגן גרמנ,2EE1F5
פולקסווגן גרמנ,2EE1H5
פולקסווגן גרמנ,2EE1K5
פולקסווגן גרמנ,2EH1C5
פולקסווגן גרמנ,2EH1CA
פולקסווגן גרמנ,2EH1H5
פולקסווגן גרמנ,2H-S1BC3A
פולקסווגן גרמנ,2H-S6BC6A
פולקסווגן גרמנ,2H-S6BC7A
פולקסווגן גרמנ,2H-S6BC8A
פולקסווגן גרמנ,2K-SAJT26
פולקסווגן גרמנ,2KN-SAHAK5
פולקסווגן גרמנ,3572H7
פולקסווגן גרמנ,3572J7
פולקסווגן גרמנ,3572K6
פולקסווגן גרמנ,3572L6
פולקסווגן גרמנ,3574H7
פולקסווגן גרמנ,3574K6
פולקסווגן גרמנ,3574P6
פולקסווגן גרמנ,3584H7
פולקסווגן גרמנ,3584P6
פולקסווגן גרמנ,36235Y
פולקסווגן גרמנ,3623H7
פולקסווגן גרמנ,3B2355
פולקסווגן גרמנ,3B2358
פולקסווגן גרמנ,3B23C5
פולקסווגן גרמנ,3B23C8
פולקסווגן גרמנ,3B23E5
פולקסווגן גרמנ,3B23E8
פולקסווגן גרמנ,3B23J5
פולקסווגן גרמנ,3B23J9
פולקסווגן גרמנ,3B23V5
פולקסווגן גרמנ,3B23V8
פולקסווגן גרמנ,3B3131
פולקסווגן גרמנ,3B3134
פולקסווגן גרמנ,3B3161
פולקסווגן גרמנ,3B3165
פולקסווגן גרמנ,3B31D1
פולקסווגן גרמנ,3B31D4
פולקסווגן גרמנ,3B31J1
פולקסווגן גרמנ,3B31J5
פולקסווגן גרמנ,3B31P5
פולקסווגן גרמנ,3B33J5
פולקסווגן גרמנ,3B33P5
פולקסווגן גרמנ,3B33S9
פולקסווגן גרמנ,3B5355
פולקסווגן גרמנ,3B5358
פולקסווגן גרמנ,3B53C5
פולקסווגן גרמנ,3B53C8
פולקסווגן גרמנ,3B53E5
פולקסווגן גרמנ,3B53E8
פולקסווגן גרמנ,3B53J5
פולקסווגן גרמנ,3B53J9
פולקסווגן גרמנ,3B53V5
פולקסווגן גרמנ,3B53V8
פולקסווגן גרמנ,3B6131
פולקסווגן גרמנ,3B6134
פולקסווגן גרמנ,3B6161
פולקסווגן גרמנ,3B6165
פולקסווגן גרמנ,3B61D1
פולקסווגן גרמנ,3B61D4
פולקסווגן גרמנ,3B61J5
פולקסווגן גרמנ,3C
פולקסווגן גרמנ,3C-36235Y
פולקסווגן גרמנ,3C-3623H7
פולקסווגן גרמנ,3C-3G235Y
פולקסווגן גרמנ,3C-3G235Z
פולקסווגן גרמנ,3C-3G23FZ
פולקסווגן גרמנ,3C-3G23JZ
פולקסווגן גרמנ,3C-CB232Z
פולקסווגן גרמנ,3C-CB23DZ
פולקסווגן גרמנ,3C-CB23HZ
פולקסווגן גרמנ,3C-CB23LZ
פולקסווגן גרמנ,3C-CB24HZ
פולקסווגן גרמנ,3C-CB24LZ
פולקסווגן גרמנ,3C20H7
פולקסווגן גרמנ,3C20J6
פולקסווגן גרמנ,3C20J7
פולקסווגן גרמנ,3C2142
פולקסווגן גרמנ,3C2146
פולקסווגן גרמנ,3C2196
פולקסווגן גרמנ,3C21H6
פולקסווגן גרמנ,3C21H7
פולקסווגן גרמנ,3C21J6
פולקסווגן גרמנ,3C21J7
פולקסווגן גרמנ,3C2346
פולקסווגן גרמנ,3C23H6
פולקסווגן גרמנ,3C23H7
פולקסווגן גרמנ,3C23J6
פולקסווגן גרמנ,3C23J7
פולקסווגן גרמנ,3C23K6
פולקסווגן גרמנ,3C23L6
פולקסווגן גרמנ,3C5146
פולקסווגן גרמנ,3C5196
פולקסווגן גרמנ,3C51H6
פולקסווגן גרמנ,3C51J6
פולקסווגן גרמנ,3CC-3584H7
פולקסווגן גרמנ,3CC-3584P6
פולקסווגן גרמנ,3D254A
פולקסווגן גרמנ,3D25B7
פולקסווגן גרמנ,3D25BA
פולקסווגן גרמנ,3D25FA
פולקסווגן גרמנ,3D25H9
פולקסווגן גרמנ,3H73HZ
פולקסווגן גרמנ,3H743Z
פולקסווגן גרמנ,3H83NT
פולקסווגן גרמנ,3H83YY
פולקסווגן גרמנ,3H847T
פולקסווגן גרמנ,3H847Z
פולקסווגן גרמנ,3H84YY
פולקסווגן גרמנ,52122K
פולקסווגן גרמנ,52122P
פולקסווגן גרמנ,5212D5
פולקסווגן גרמנ,5212E5
פולקסווגן גרמנ,5212G5
פולקסווגן גרמנ,5ACEBJAL1FX2
פולקסווגן גרמנ,5G12DZ
פולקסווגן גרמנ,5G12GZ
פולקסווגן גרמנ,5G19TY
פולקסווגן גרמנ,5K123L
פולקסווגן גרמנ,5K126L
פולקסווגן גרמנ,5K126M
פולקסווגן גרמנ,5K12D5
פולקסווגן גרמנ,5K12E1
פולקסווגן גרמנ,5K12E5
פולקסווגן גרמנ,5K12ES
פולקסווגן גרמנ,5K12G2
פולקסווגן גרמנ,5K12G5
פולקסווגן גרמנ,5K14Q2
פולקסווגן גרמנ,5K14Q5
פולקסווגן גרמנ,5K19V2
פולקסווגן גרמנ,5K19V3
פולקסווגן גרמנ,5K1RX7
פולקסווגן גרמנ,5M102A
פולקסווגן גרמנ,5M102C
פולקסווגן גרמנ,5M10E3
פולקסווגן גרמנ,5M10G5
פולקסווגן גרמנ,5M10H3
פולקסווגן גרמנ,5N-AD12PY
פולקסווגן גרמנ,5N-AD13BZ
פולקסווגן גרמנ,5N-AD13PY
פולקסווגן גרמנ,5N-AD13QT
פולקסווגן גרמנ,5N-AD13RT
פולקסווגן גרמנ,5N-AX13BZ
פולקסווגן גרמנ,5N-AX13CZ
פולקסווגן גרמנ,5N-AX13VT
פולקסווגן גרמנ,5N10K9
פולקסווגן גרמנ,5N10T3
פולקסווגן גרמנ,5N1143
פולקסווגן גרמנ,5N11K9
פולקסווגן גרמנ,5N11T3
פולקסווגן גרמנ,5N1243
פולקסווגן גרמנ,5N12K9
פולקסווגן גרמנ,5N12T3
פולקסווגן גרמנ,5N20CY
פולקסווגן גרמנ,5N20N9
פולקסווגן גרמנ,5N20QY
פולקסווגן גרמנ,5N20SY
פולקסווגן גרמנ,5N22CY
פולקסווגן גרמנ,5N22N9
פולקסווגן גרמנ,5N22QY
פולקסווגן גרמנ,6N10H4
פולקסווגן גרמנ,6N10P4
פולקסווגן גרמנ,6NIOC3 פולו
פולקסווגן גרמנ,6NIOF3 פולו
פולקסווגן גרמנ,6V20Z2
פולקסווגן גרמנ,77J0-SFD1B1
פולקסווגן גרמנ,7BH101
פולקסווגן גרמנ,7DA1K2
פולקסווגן גרמנ,7DA1K3
פולקסווגן גרמנ,7DA1T2
פולקסווגן גרמנ,7DA1U2
פולקסווגן גרמנ,7DA1Y2
פולקסווגן גרמנ,7DA1Y3
פולקסווגן גרמנ,7DA1Y5
פולקסווגן גרמנ,7DB1D2
פולקסווגן גרמנ,7DB1F2
פולקסווגן גרמנ,7DB1K3
פולקסווגן גרמנ,7DB1K5
פולקסווגן גרמנ,7DB1P5
פולקסווגן גרמנ,7DB1T2
פולקסווגן גרמנ,7DB1U2
פולקסווגן גרמנ,7DB1Y2
פולקסווגן גרמנ,7DB1Y3
פולקסווגן גרמנ,7DB1Y5
פולקסווגן גרמנ,7DC2F2
פולקסווגן גרמנ,7DC2K2
פולקסווגן גרמנ,7DC2K3
פולקסווגן גרמנ,7DC2R3
פולקסווגן גרמנ,7DC2T2
פולקסווגן גרמנ,7DC2U2
פולקסווגן גרמנ,7DC2W2
פולקסווגן גרמנ,7DC2X2
פולקסווגן גרמנ,7DC2Y2
פולקסווגן גרמנ,7DC2Y3
פולקסווגן גרמנ,7DC2Y5
פולקסווגן גרמנ,7DCTY2
פולקסווגן גרמנ,7DCY3
פולקסווגן גרמנ,7DH1K2
פולקסווגן גרמנ,7DH1K3
פולקסווגן גרמנ,7DH1K5
פולקסווגן גרמנ,7DH1P2
פולקסווגן גרמנ,7DH1T2
פולקסווגן גרמנ,7DH1U2
פולקסווגן גרמנ,7DH1Y2
פולקסווגן גרמנ,7DH1Y3
פולקסווגן גרמנ,7DH1Y5
פולקסווגן גרמנ,7DH1Z2
פולקסווגן גרמנ,7DJ1K3
פולקסווגן גרמנ,7DJ1K5
פולקסווגן גרמנ,7DJ1T2
פולקסווגן גרמנ,7DJ1U2
פולקסווגן גרמנ,7DJ1Y2
פולקסווגן גרמנ,7DJ1Y3
פולקסווגן גרמנ,7DJ1Y5
פולקסווגן גרמנ,7DK2K2
פולקסווגן גרמנ,7DK2K3
פולקסווגן גרמנ,7DK2K5
פולקסווגן גרמנ,7DK2T2
פולקסווגן גרמנ,7DK2U2
פולקסווגן גרמנ,7DK2Y2
פולקסווגן גרמנ,7DK2Y3
פולקסווגן גרמנ,7DK2Y5
פולקסווגן גרמנ,7DL1K2
פולקסווגן גרמנ,7DL1K3
פולקסווגן גרמנ,7DL1T2
פולקסווגן גרמנ,7DL1U2
פולקסווגן גרמנ,7DL1Y2
פולקסווגן גרמנ,7DL1Y3
פולקסווגן גרמנ,7DM1F2
פולקסווגן גרמנ,7DM1K2
פולקסווגן גרמנ,7DM1K3
פולקסווגן גרמנ,7DM1K5
פולקסווגן גרמנ,7DM1T2
פולקסווגן גרמנ,7DM1U2
פולקסווגן גרמנ,7DM1Y2
פולקסווגן גרמנ,7DM1Y3
פולקסווגן גרמנ,7DM1Y5
פולקסווגן גרמנ,7EA112
פולקסווגן גרמנ,7EA122
פולקסווגן גרמנ,7EA131
פולקסווגן גרמנ,7EA137
פולקסווגן גרמנ,7EB122
פולקסווגן גרמנ,7EB131
פולקסווגן גרמנ,7EB137
פולקסווגן גרמנ,7EB147
פולקסווגן גרמנ,7EB149
פולקסווגן גרמנ,7EBX31
פולקסווגן גרמנ,7EBX37
פולקסווגן גרמנ,7EBX41
פולקסווגן גרמנ,7EBX47
פולקסווגן גרמנ,7EH122
פולקסווגן גרמנ,7EH131
פולקסווגן גרמנ,7EH137
פולקסווגן גרמנ,7EH149
פולקסווגן גרמנ,7EJ122
פולקסווגן גרמנ,7EJ13.
פולקסווגן גרמנ,7EJ131
פולקסווגן גרמנ,7EJ137
פולקסווגן גרמנ,7EJ147
פולקסווגן גרמנ,7EJ149
פולקסווגן גרמנ,7EJX22
פולקסווגן גרמנ,7EJX37
פולקסווגן גרמנ,7EJX41
פולקסווגן גרמנ,7EJX47
פולקסווגן גרמנ,7EJXB2
פולקסווגן גרמנ,7EMH47
פולקסווגן גרמנ,7EMH49
פולקסווגן גרמנ,7ENC47
פולקסווגן גרמנ,7ENC49
פולקסווגן גרמנ,7FD122
פולקסווגן גרמנ,7HA101
פולקסווגן גרמנ,7HA103
פולקסווגן גרמנ,7HA113
פולקסווגן גרמנ,7HA132
פולקסווגן גרמנ,7HA142
פולקסווגן גרמנ,7HA162
פולקסווגן גרמנ,7HA172
פולקסווגן גרמנ,7HB101
פולקסווגן גרמנ,7HB103
פולקסווגן גרמנ,7HB105
פולקסווגן גרמנ,7HB113
פולקסווגן גרמנ,7HB115
פולקסווגן גרמנ,7HB142
פולקסווגן גרמנ,7HB172
פולקסווגן גרמנ,7HBS11
פולקסווגן גרמנ,7HBS13
פולקסווגן גרמנ,7HBX11
פולקסווגן גרמנ,7HBX13
פולקסווגן גרמנ,7HBX15
פולקסווגן גרמנ,7HC-7EB122
פולקסווגן גרמנ,7HC-7EB131
פולקסווגן גרמנ,7HC-7EB137
פולקסווגן גרמנ,7HC-7EB145
פולקסווגן גרמנ,7HC-7EB149
פולקסווגן גרמנ,7HC-7EBX41
פולקסווגן גרמנ,7HC-7EBX47
פולקסווגן גרמנ,7HC-7EJ137
פולקסווגן גרמנ,7HC-7EJX37
פולקסווגן גרמנ,7HC-7ENC47
פולקסווגן גרמנ,7HC-SGB1D2
פולקסווגן גרמנ,7HC-SGB1E2
פולקסווגן גרמנ,7HC-SGB1F7
פולקסווגן גרמנ,7HC-SGBTE2
פולקסווגן גרמנ,7HC-SGBTF1
פולקסווגן גרמנ,7HC-SGBTF7
פולקסווגן גרמנ,7HC-SGBTH7
פולקסווגן גרמנ,7HC-SGBTM7
פולקסווגן גרמנ,7HC-SGCWH9
פולקסווגן גרמנ,7HC-SGGDF7
פולקסווגן גרמנ,7HC-SGJ1E2
פולקסווגן גרמנ,7HC-SGJ1F1
פולקסווגן גרמנ,7HC-SGJ1F7
פולקסווגן גרמנ,7HC-SGJ1F9
פולקסווגן גרמנ,7HC-SGJTF1
פולקסווגן גרמנ,7HC-SGJTF7
פולקסווגן גרמנ,7HC-SGJTH7
פולקסווגן גרמנ,7HC-SGJTM7
פולקסווגן גרמנ,7HC-SGMGH7
פולקסווגן גרמנ,7HC-SGMHF7
פולקסווגן גרמנ,7HC-SGMHH7
פולקסווגן גרמנ,7HC-SGMHH9
פולקסווגן גרמנ,7HC-SGNGF7
פולקסווגן גרמנ,7HC-SHBTE2
פולקסווגן גרמנ,7HC-SHBTF1
פולקסווגן גרמנ,7HC-SHBTF7
פולקסווגן גרמנ,7HC-SHBTH7
פולקסווגן גרמנ,7HC-SHBTH9
פולקסווגן גרמנ,7HC-SHBTM7
פולקסווגן גרמנ,7HC-SHJ1E2
פולקסווגן גרמנ,7HC-SHJ1F7
פולקסווגן גרמנ,7HC-SHJTF7
פולקסווגן גרמנ,7HC-SHJTH7
פולקסווגן גרמנ,7HC-SHJTM7
פולקסווגן גרמנ,7HC-SHMHF7
פולקסווגן גרמנ,7HC-SHMHH7
פולקסווגן גרמנ,7HC-SHMHH9
פולקסווגן גרמנ,7HH101
פולקסווגן גרמנ,7HH103
פולקסווגן גרמנ,7HH142
פולקסווגן גרמנ,7HH172
פולקסווגן גרמנ,7HJ101
פולקסווגן גרמנ,7HJ103
פולקסווגן גרמנ,7HJ105
פולקסווגן גרמנ,7HJ113
פולקסווגן גרמנ,7HJ115
פולקסווגן גרמנ,7HJ142
פולקסווגן גרמנ,7HJ172
פולקסווגן גרמנ,7HJX13
פולקסווגן גרמנ,7HMA-SHCDF9
פולקסווגן גרמנ,7HMA-SHCVH9
פולקסווגן גרמנ,7HMA-SHCWH9
פולקסווגן גרמנ,7HMC01
פולקסווגן גרמנ,7HMC03
פולקסווגן גרמנ,7HMC13
פולקסווגן גרמנ,7HMC15
פולקסווגן גרמנ,7HMCO1
פולקסווגן גרמנ,7HMCO3
פולקסווגן גרמנ,7HMH03
פולקסווגן גרמנ,7HMH13
פולקסווגן גרמנ,7J0-7EA112
פולקסווגן גרמנ,7J0-7EA137
פולקסווגן גרמנ,7J0-7EH122
פולקסווגן גרמנ,7J0-SGA1B7
פולקסווגן גרמנ,7J0-SGA1D2
פולקסווגן גרמנ,7J0-SGA1F7
פולקסווגן גרמנ,7J0-SGA1K2
פולקסווגן גרמנ,7J0-SGH1A2
פולקסווגן גרמנ,7J0-SGH1B7
פולקסווגן גרמנ,7J0-SGH1E2
פולקסווגן גרמנ,7J0-SGH1F7
פולקסווגן גרמנ,7J0-SGH1F9
פולקסווגן גרמנ,7J0-SHA1E2
פולקסווגן גרמנ,7J0-SHA1F7
פולקסווגן גרמנ,7J0-SHB1F1
פולקסווגן גרמנ,7J0-SHB1F7
פולקסווגן גרמנ,7J0-SHH1E2
פולקסווגן גרמנ,7J0-SHH1F1
פולקסווגן גרמנ,7J0-SHH1F7
פולקסווגן גרמנ,7J0-SHH1F9
פולקסווגן גרמנ,7J0-SHJ1F7
פולקסווגן גרמנ,7JO-SGH1E2
פולקסווגן גרמנ,A1
פולקסווגן גרמנ,AC73KE
פולקסווגן גרמנ,AC75KE
פולקסווגן גרמנ,AC83LE
פולקסווגן גרמנ,AC85KE
פולקסווגן גרמנ,ACEBJAL 1FX2
פולקסווגן גרמנ,ACEBJAL1FX2
פולקסווגן גרמנ,AU- BQ13KE
פולקסווגן גרמנ,AU-5G12DZ
פולקסווגן גרמנ,AU-5G12GZ
פולקסווגן גרמנ,AU-5G12HZ
פולקסווגן גרמנ,AU-5G13GZ
פולקסווגן גרמנ,AU-5G13NZ
פולקסווגן גרמנ,AU-5G19TX
פולקסווגן גרמנ,AU-5G19TY
פולקסווגן גרמנ,AU-5G19UY
פולקסווגן גרמנ,AU-5G19WY
פולקסווגן גרמנ,AU-5G1RVR
פולקסווגן גרמנ,AU-BQ12HZ
פולקסווגן גרמנ,AU-BQ13CZ
פולקסווגן גרמנ,AU-BQ13KE
פולקסווגן גרמנ,AU-BQ13NZ
פולקסווגן גרמנ,AU-BQ19UY
פולקסווגן גרמנ,AU-BQ19VE
פולקסווגן גרמנ,AUV-AM12BZ
פולקסווגן גרמנ,AX14ZY
פולקסווגן גרמנ,BJ24CZ
פולקסווגן גרמנ,BL33F1
פולקסווגן גרמנ,CB233Z
פולקסווגן גרמנ,CB26YY
פולקסווגן גרמנ,CD-CD19UZ
פולקסווגן גרמנ,CD13CM
פולקסווגן גרמנ,CD13LM
פולקסווגן גרמנ,CD16TY
פולקסווגן גרמנ,CD19UZ
פולקסווגן גרמנ,CD1RMT
פולקסווגן גרמנ,CD1RMTW4
פולקסווגן גרמנ,CT13BM
פולקסווגן גרמנ,CT14BM
פולקסווגן גרמנ,CT14PT
פולקסווגן גרמנ,CT15BM
פולקסווגן גרמנ,DA13BM
פולקסווגן גרמנ,DA14EM
פולקסווגן גרמנ,DA19ZZ
פולקסווגן גרמנ,DA1RPT
פולקסווגן גרמנ,E113MJ
פולקסווגן גרמנ,E114MN
פולקסווגן גרמנ,E2
פולקסווגן גרמנ,E2 E212DF
פולקסווגן גרמנ,E2-E213MN
פולקסווגן גרמנ,E212DF
פולקסווגן גרמנ,E213MN
פולקסווגן גרמנ,E393HN
פולקסווגן גרמנ,E393MN
פולקסווגן גרמנ,EB
פולקסווגן גרמנ,EB-EBJG5S
פולקסווגן גרמנ,EB-EBJR7S
פולקסווגן גרמנ,EBBR1N
פולקסווגן גרמנ,EBN-EBAC7R
פולקסווגן גרמנ,ED23QK
פולקסווגן גרמנ,ED24QM
פולקסווגן גרמנ,ED29PM
פולקסווגן גרמנ,GOLF 1E7 3D3
פולקסווגן גרמנ,GOLF CL 1H1 2D3
פולקסווגן גרמנ,GOLF CL 1H1 2D5
פולקסווגן גרמנ,ID.5 PRO
פולקסווגן גרמנ,S1BC3A
פולקסווגן גרמנ,SCBB8B
פולקסווגן גרמנ,SHBTF7
פולקסווגן גרמנ,SYN1E-SYBB8B
פולקסווגן גרמנ,T5
פולקסווגן גרמנ,TVBCE5
פולקסווגן גרמנ,א1800GLוריאנט פאסט
פולקסווגן גרמנ,דלתות 3 1 JI2DA
פולקסווגן גרמנ,קבריולט גולף
פולקסווגן ד.אפ,AE19UZ
פולקסווגן ד.אפ,AW-AE19UZ
פולקסווגן ד.אפ,POLO FL GTI
פולקסווגן ד.אפ,T1-T1BC76
פולקסווגן ד.אפ,T1BC76
פולקסווגן ד.אפ,T1BE76
פולקסווגן מכסי,16-1632EZ
פולקסווגן מכסי,16-1632KZ
פולקסווגן מכסי,16-5C12D5
פולקסווגן מכסי,16-5C12EZ
פולקסווגן מכסי,16-5C13D5
פולקסווגן מכסי,16-5C13EZ
פולקסווגן מכסי,16-5C22EZ
פולקסווגן מכסי,16-5C23EZ
פולקסווגן מכסי,162221
פולקסווגן מכסי,162225
פולקסווגן מכסי,1622D5
פולקסווגן מכסי,1622G5
פולקסווגן מכסי,1624Q5
פולקסווגן מכסי,163221
פולקסווגן מכסי,163225
פולקסווגן מכסי,1632D5
פולקסווגן מכסי,1632G5
פולקסווגן מכסי,1C1354
פולקסווגן מכסי,1C13D3
פולקסווגן מכסי,1C13G3
פולקסווגן מכסי,1C13L4
פולקסווגן מכסי,1K202A
פולקסווגן מכסי,1K202C
פולקסווגן מכסי,1K20E1
פולקסווגן מכסי,1K20E3
פולקסווגן מכסי,1K20G5
פולקסווגן מכסי,1K216M
פולקסווגן מכסי,1K21L3
פולקסווגן מכסי,1K21P2
פולקסווגן מכסי,1K21P3
פולקסווגן מכסי,1K21Q5
פולקסווגן מכסי,1K222C
פולקסווגן מכסי,1K222K
פולקסווגן מכסי,1K222P
פולקסווגן מכסי,1K22E5
פולקסווגן מכסי,1K22G5
פולקסווגן מכסי,1K23Q5
פולקסווגן מכסי,1Y73G4
פולקסווגן מכסי,1Y73GA
פולקסווגן מכסי,5C12D5
פולקסווגן מכסי,5N-BJ24BZ
פולקסווגן מכסי,5N-BJ24CZ
פולקסווגן מכסי,5N-BJ24UT
פולקסווגן מכסי,9C1353
פולקסווגן מכסי,9C1354
פולקסווגן מכסי,9C13J3
פולקסווגן מכסי,9C13J4
פולקסווגן מכסי,9C13L3
פולקסווגן מכסי,AX13BZ
פולקסווגן מכסי,BJ24CZ
פולקסווגן מכסי,BW23VJ
פולקסווגן מכסי,GUAN AS 1.5 ELEGAN
פולקסווגן מכסי,GUAN AS ELEG. PREM
פולקסווגן סין,E613KN
פולקסווגן סין,E713HN
פולקסווגן סלוב,1J13W7
פולקסווגן סלוב,4LBODL
פולקסווגן סלוב,4LBOEL
פולקסווגן סלוב,4LBOPL
פולקסווגן סלוב,7L6053
פולקסווגן סלוב,7L6073
פולקסווגן סלוב,7L6083
פולקסווגן סלוב,7L60B3
פולקסווגן סלוב,7L60E3
פולקסווגן סלוב,7L64A3
פולקסווגן סלוב,7LAAA1
פולקסווגן סלוב,7LAAC1
פולקסווגן סלוב,7LAAE1
פולקסווגן סלוב,7LAAG1
פולקסווגן סלוב,7LAAH1
פולקסווגן סלוב,7LAAM1
פולקסווגן סלוב,7LAAQ1
פולקסווגן סלוב,7LAAR1
פולקסווגן סלוב,7P-7P62RJ
פולקסווגן סלוב,7P520J
פולקסווגן סלוב,7P52NJ
פולקסווגן סלוב,7P52PJ
פולקסווגן סלוב,7P52T3
פולקסווגן סלוב,7P62PJ
פולקסווגן סלוב,7P62RJ
פולקסווגן סלוב,AA-1213D1
פולקסווגן סלוב,AA-1213D3
פולקסווגן סלוב,AA-1213DV
פולקסווגן סלוב,AA-1213DW
פולקסווגן סלוב,CR-CR73SJ
פולקסווגן סלוב,CR73SJ
פולקסווגן סלוב,CR74RJ
פולקסווגן סלוב,CR75SJ
פולקסווגן סלוב,E.UP
פולקסווגן סלוב,RC83YJ
פולקסווגן סלוב,WVWZZZA
פולקסווגן פולי,2BK85
פולקסווגן פולי,2CAA85
פולקסווגן פולי,2CAAA2
פולקסווגן פולי,2CBS82
פולקסווגן פולי,2CBS85
פולקסווגן פולי,2CBSA2
פולקסווגן פולי,2CHA85
פולקסווגן פולי,2CHAA2
פולקסווגן פולי,2CJS82
פולקסווגן פולי,2CJS85
פולקסווגן פולי,2CJT85
פולקסווגן פולי,2EE1H5
פולקסווגן פולי,2K-2CBS82
פולקסווגן פולי,2K-2CBS85
פולקסווגן פולי,2K-2CBSA2
פולקסווגן פולי,2K-2CJS85
פולקסווגן פולי,2K-2CJT85
פולקסווגן פולי,2K-SABCK5
פולקסווגן פולי,2K-SABS22
פולקסווגן פולי,2K-SABS26
פולקסווגן פולי,2K-SABSL2
פולקסווגן פולי,2K-SABT22
פולקסווגן פולי,2K-SABT26
פולקסווגן פולי,2K-SABTK5
פולקסווגן פולי,2K-SABTN5
פולקסווגן פולי,2K-SAJS26
פולקסווגן פולי,2K-SAJT26
פולקסווגן פולי,2KBC42
פולקסווגן פולי,2KBC43
פולקסווגן פולי,2KBD42
פולקסווגן פולי,2KHA42
פולקסווגן פולי,2KHA43
פולקסווגן פולי,2KJC42
פולקסווגן פולי,2KJC43
פולקסווגן פולי,2KJE43
פולקסווגן פולי,2KN-2CHA85
פולקסווגן פולי,2KN-SAHA22
פולקסווגן פולי,2KN-SAHA26
פולקסווגן פולי,2KN-SAHAK5
פולקסווגן פולי,7EA112
פולקסווגן פולי,7FD122
פולקסווגן פולי,7FD131
פולקסווגן פולי,7FD137
פולקסווגן פולי,7FL131
פולקסווגן פולי,7FL137
פולקסווגן פולי,7HB103
פולקסווגן פולי,7HB172
פולקסווגן פולי,7HBS01
פולקסווגן פולי,7HBS03
פולקסווגן פולי,7HBS05
פולקסווגן פולי,7HBS13
פולקסווגן פולי,7HBS42
פולקסווגן פולי,7HBX03
פולקסווגן פולי,7HBX11
פולקסווגן פולי,7HBX13
פולקסווגן פולי,7HBXO3
פולקסווגן פולי,7HBXO5
פולקסווגן פולי,7HJS01
פולקסווגן פולי,7HJS03
פולקסווגן פולי,7HJS05
פולקסווגן פולי,7HJS42
פולקסווגן פולי,7HJX11
פולקסווגן פולי,7HJX13
פולקסווגן פולי,7J0-SFD1B1
פולקסווגן פולי,7J0-SFD1B7
פולקסווגן פולי,7J0-SFD1F1
פולקסווגן פולי,7J0-SFD1F7
פולקסווגן פולי,7J0-SHA1F7
פולקסווגן פולי,7J0-SHB1F7
פולקסווגן פולי,7J0-SHJ1F7
פולקסווגן פולי,7J0-SJD1F1
פולקסווגן פולי,7J0-SJD1F7
פולקסווגן פולי,7J0-SJD1F9
פולקסווגן פולי,7JD101
פולקסווגן פולי,7JD103
פולקסווגן פולי,7JD142
פולקסווגן פולי,7JD172
פולקסווגן פולי,7JL101
פולקסווגן פולי,7JL103
פולקסווגן פולי,7JL142
פולקסווגן פולי,7JL172
פולקסווגן פולי,7JO-SFD1F1
פולקסווגן פולי,7JO-SFD1F7
פולקסווגן פולי,SBBK55
פולקסווגן פולי,SJD1F7
פולקסווגן פולי,SK-SBBTQ4
פולקסווגן פולי,SK-SBBTQ5
פולקסווגן פולי,SK-SBJK55
פולקסווגן פולי,SK-SBJKS5
פולקסווגן פולי,SKN-SBAA55
פולקסווגן פולי,SKN-SBHA55
פולקסווגן פולי,SYN1E-SXBBA1
פולקסווגן פולי,SYN1E-SYBB4A
פולקסווגן פולי,SYN1E-SYBB7B
פולקסווגן פולי,SYN1E-SYBB8B
פולקסווגן פולי,SYN1E-SYCB4A
פולקסווגן פולי,SYN1E-SYCB7B
פולקסווגן פולי,SYN1E-SYCB8B
פולקסווגן פולי,SYN1E-SYDB7B
פולקסווגן פולי,SYN2E-SYBB4B
פולקסווגן פולי,SYN2E-SYCB4B
פולקסווגן פולי,TRANSPORTER
פולקסווגן פולי,TVCCF5
פולקסווגן פורט,13-1382Q5
פולקסווגן פורט,13-1382V3
פולקסווגן פורט,1372G2
פולקסווגן פורט,1372Q2
פולקסווגן פורט,1372Q5
פולקסווגן פורט,1372V3
פולקסווגן פורט,1379V3
פולקסווגן פורט,1379W3
פולקסווגן פורט,137RX3
פולקסווגן פורט,1382PZ
פולקסווגן פורט,1389TY
פולקסווגן פורט,1F73V2
פולקסווגן פורט,1F73V3
פולקסווגן פורט,1F73X3
פולקסווגן פורט,A113KE
פולקסווגן פורט,D114LE
פולקסווגן פורט,T-ROC R-LINE
פולקסווגן פורט,T-ROC STYLE
פולקסווגן פורט,T-ROC STYLE PLUS
פולקסווגן-ספרד,'חלו+__6N10H4
פולקסווגן-ספרד,16NI OB4
פולקסווגן-ספרד,6C12EZ
פולקסווגן-ספרד,6N10C3
פולקסווגן-ספרד,6N10C4
פולקסווגן-ספרד,6N10F3
פולקסווגן-ספרד,6N10F4
פולקסווגן-ספרד,6N10H4
פולקסווגן-ספרד,6N10P4
פולקסווגן-ספרד,6N20Q3
פולקסווגן-ספרד,6N20Q4
פולקסווגן-ספרד,6N20R4
פולקסווגן-ספרד,6N20T4
פולקסווגן-ספרד,6N20U3
פולקסווגן-ספרד,6N20U4
פולקסווגן-ספרד,6N20W3
פולקסווגן-ספרד,6N21E4
פולקסווגן-ספרד,6N21Q3
פולקסווגן-ספרד,6N21Q4
פולקסווגן-ספרד,6N2OU3
פולקסווגן-ספרד,6R-6C12EZ
פולקסווגן-ספרד,6R-6C13EV
פולקסווגן-ספרד,6R-6C13EZ
פולקסווגן-ספרד,6R-6C13FZ
פולקסווגן-ספרד,6R-6C19TX
פולקסווגן-ספרד,6R-6C19TZ
פולקסווגן-ספרד,6R12E+
פולקסווגן-ספרד,6R12E4
פולקסווגן-ספרד,6R12E7
פולקסווגן-ספרד,6R13E7
פולקסווגן-ספרד,6R13F7
פולקסווגן-ספרד,6R19V7
פולקסווגן-ספרד,6V20D1
פולקסווגן-ספרד,6V20G8
פולקסווגן-ספרד,6V20K6
פולקסווגן-ספרד,6V20T6
פולקסווגן-ספרד,6V20W3
פולקסווגן-ספרד,6V20WI
פולקסווגן-ספרד,6V20Z2
פולקסווגן-ספרד,6V50G8
פולקסווגן-ספרד,6V50K6
פולקסווגן-ספרד,6V50T6
פולקסווגן-ספרד,6V50W1
פולקסווגן-ספרד,6V50W3
פולקסווגן-ספרד,6V50Z2
פולקסווגן-ספרד,9K9AY1
פולקסווגן-ספרד,9K9B52
פולקסווגן-ספרד,9K9BY1
פולקסווגן-ספרד,9KVAEE
פולקסווגן-ספרד,9KVF1F
פולקסווגן-ספרד,9KVF1Y
פולקסווגן-ספרד,9N1014
פולקסווגן-ספרד,9N10D4
פולקסווגן-ספרד,9N10G3
פולקסווגן-ספרד,9N10G4
פולקסווגן-ספרד,9N1104
פולקסווגן-ספרד,9N11G3
פולקסווגן-ספרד,9N11G4
פולקסווגן-ספרד,9N1224
פולקסווגן-ספרד,9N12H4
פולקסווגן-ספרד,9N30G3
פולקסווגן-ספרד,9N30G4
פולקסווגן-ספרד,9N30M4
פולקסווגן-ספרד,9N30M7
פולקסווגן-ספרד,9N31C4
פולקסווגן-ספרד,9N31C7
פולקסווגן-ספרד,9N31G3
פולקסווגן-ספרד,9N31G4
פולקסווגן-ספרד,9N31M4
פולקסווגן-ספרד,9N31M7
פולקסווגן-ספרד,9N36J4
פולקסווגן-ספרד,AE13LV
פולקסווגן-ספרד,AE19UZ
פולקסווגן-ספרד,AW-AE14FZ
פולקסווגן-ספרד,AW-AE14LZ
פולקסווגן-ספרד,AW-AW13KZ
פולקסווגן-ספרד,AW-AW13LV
פולקסווגן-ספרד,AW-AW13LZ
פולקסווגן-ספרד,AW-AW19TY
פולקסווגן-ספרד,AW13FZ
פולקסווגן-ספרד,AW13JZ
פולקסווגן-ספרד,AW13KZ
פולקסווגן-ספרד,AW13LV
פולקסווגן-ספרד,AW13LZ
פולקסווגן-ספרד,AW19TY
פולקסווגן-ספרד,C1-D314BZ
פולקסווגן-ספרד,C1-D315BZ
פולקסווגן-ספרד,C113FZ
פולקסווגן-ספרד,C113KZ
פולקסווגן-ספרד,CS14BZ
פולקסווגן-ספרד,CS14PZ
פולקסווגן-ספרד,D313BZ
פולקסווגן-ספרד,LO FL 1.0L 110HP S
פולקסווגן-ספרד,LO FL 1.0L 95HP ST
פולקסווגן-ספרד,T-CROSS LIFE
פולקסווגן-ספרד,קלסיק פולו 6V2051
פונטיאק,2WJ19
פורד איטליה,DB3
"פורד ארהב""",'כר 2+ P-52
"פורד ארהב""",(COUPE) MNSTANG
"פורד ארהב""",5K8GC0
"פורד ארהב""",6P8
"פורד ארהב""",E0A
"פורד ארהב""",E0R
"פורד ארהב""",E2A
"פורד ארהב""",E2B
"פורד ארהב""",E4C
"פורד ארהב""",E5
"פורד ארהב""",E5A
"פורד ארהב""",E5B
"פורד ארהב""",E5C
"פורד ארהב""",E5D
"פורד ארהב""",E5J
"פורד ארהב""",E7B
"פורד ארהב""",E8B
"פורד ארהב""",E9A
"פורד ארהב""",E9B
"פורד ארהב""",EOR
"פורד ארהב""",F14
"פורד ארהב""",FW1R
"פורד ארהב""",J1A
"פורד ארהב""",J2L
"פורד ארהב""",J3L
"פורד ארהב""",K3R
"פורד ארהב""",K3S
"פורד ארהב""",K7B
"פורד ארהב""",K7D
"פורד ארהב""",K7F
"פורד ארהב""",K7G
"פורד ארהב""",K7H
"פורד ארהב""",K7K
"פורד ארהב""",K8B
"פורד ארהב""",K8D
"פורד ארהב""",K8F
"פורד ארהב""",K8G
"פורד ארהב""",K8H
"פורד ארהב""",K8K
"פורד ארהב""",L9D
"פורד ארהב""",LD9
"פורד ארהב""",M-86
"פורד ארהב""",M87
"פורד ארהב""",P13 TRACER
"פורד ארהב""",P8A
"פורד ארהב""",P8C
"פורד ארהב""",P8E
"פורד ארהב""",P8F
"פורד ארהב""",P8R
"פורד ארהב""",P8S
"פורד ארהב""",P8T
"פורד ארהב""",P8U
"פורד ארהב""",R4L
"פורד ארהב""",TAURUS GL P52
"פורד ארהב""",TAURUS P56
"פורד ארהב""",TP8FF
"פורד ארהב""",TP8UH
"פורד ארהב""",U-73
"פורד ארהב""",U0F
"פורד ארהב""",U28
"פורד ארהב""",U34 אקספלורר
"פורד ארהב""",U73
"פורד ארהב""",U74
"פורד ארהב""",U7D
"פורד ארהב""",U7E
"פורד ארהב""",W1C
"פורד ארהב""",W1E
"פורד ארהב""",W1R
"פורד ארהב""",W1RJ
"פורד ארהב""",X1E
"פורד ארהב""",X1R
"פורד ארהב""",דלתות4LS טרסר פורד
"פורד ארהב""",דלתות4LX טאורוס
"פורד ארהב""",טאורוס P53
"פורד ארהב""",מוסטנג
פורד בריטניה,AAL ASCORT
פורד בריטניה,AFL ESCORT
פורד בריטניה,ANL ESCORT
פורד בריטניה,BE 91 COURIER
פורד בריטניה,D2KGMB
פורד בריטניה,D2KTMB__D2KHMB
פורד בריטניה,D2VGMB
פורד בריטניה,D5KGMB
פורד בריטניה,D5VGMB
פורד בריטניה,FAA6
פורד בריטניה,FAB6
פורד בריטניה,FDA6
פורד בריטניה,FDB6
פורד בריטניה,FIESTA JAS FG48MG
פורד בריטניה,L2KHMB
פורד גרמניה,120 טרנזיט
פורד גרמניה,150 טרנזיט
פורד גרמניה,AFL ESCORT
פורד גרמניה,ASCORT TD AFL
פורד גרמניה,BFP מונדאו
פורד גרמניה,CLX4 מונדאו
פורד גרמניה,D2VGMG
פורד גרמניה,DA3
פורד גרמניה,DEH
פורד גרמניה,DYB
פורד גרמניה,ESCORT AFL
פורד גרמניה,ESCORT TD AAL
פורד גרמניה,ESCORT-WAGON ANL
פורד גרמניה,FIESTA  JH1
פורד גרמניה,FIESTA JAS JA
פורד גרמניה,FIESTA JH1
פורד גרמניה,JA8
פורד גרמניה,JAS JA פיאסטה
פורד גרמניה,JHH
פורד גרמניה,MONDE0 BAP
פורד גרמניה,MONDEO BAP
פורד גרמניה,MONDEO BFP
פורד גרמניה,RS אסקורט
פורד גרמניה,XR3I'אסקורטקבריו
פורד גרמניה,אנגליה_FIESTA JAS
פורד גרמניה,אנגליה_JAS פיאסטה
פורד גרמניה,אסקורט AAL
פורד גרמניה,בלגיה'הרכCLXמונדאו
פורד גרמניה,בלגיה'הרכGLXמונדאו
פורד גרמניה,בלגיה/120טרנזיט
פורד גרמניה,בלגיה/150טרנזיט
פורד גרמניה,בריטניה/J5S קורייר
פורד גרמניה,גרמניה FIESTA JAS
פורד גרמניה,דיזל פיאסטה JAS
פורד גרמניה,דלתות5CLX פיאסטה
פורד גרמניה,קליפסו פיאסה
פורד ד אפריקה,2AB
פורד ד אפריקה,2P
פורד ד אפריקה,XXM
פורד מקסיקו,C1LM2YX
פורד מקסיקו,K1E
פורד מקסיקו,K1R
פורד מקסיקו,K1S
פורד מקסיקו,K2R
פורד מקסיקו,K3R
פורד מקסיקו,K3S
פורד מקסיקו,K4S
פורד מקסיקו,L2G
פורד מקסיקו,MACH-E
פורד מקסיקו,P0L
פורד מקסיקו,P0R
פורד מקסיקו,P0S
פורד מקסיקו,P0U
פורד מקסיקו,P4F
פורד מקסיקו,POM
פורד מקסיקו,POR
פורד מקסיקו,R9A
פורד מקסיקו,R9B
פורד מקסיקו,R9C
פורד מקסיקו,W8E
פורד מקסיקו,W8F
פורד ספרד,CLX אסקורט
פורד ספרד,CX482
פורד ספרד,DA3
פורד ספרד,DAW
פורד ספרד,DB3
פורד ספרד,DFW
פורד ספרד,DM2
פורד ספרד,ESCORT TD ES4DMP
פורד ספרד,ESCORT TD ES4ZMP
פורד ספרד,FOCUS-DAW
פורד ספרד,FOCUS-DFW
פורד ספרד,JH1
פורד ספרד,MH
פורד ספרד,PJ2
פורד ספרד,YOUTH פיאסטה
פורד ספרד,אקטיב.ס CLXאסקורט
פורד קנדה,BA7
פורד קנדה,J5L
פורד קנדה,K3J
פורד קנדה,K3K
פורד קנדה,K46
פורד קנדה,K48
פורד קנדה,K4A
פורד קנדה,K4J
פורד קנדה,K4K
פורד קנדה,K7B
פורד קנדה,PK3J
פורד קנדה,W1R
פורד קנדה,WINDSTAR A51
פורד רומניה,ERK2
פורד רומניה,J2K
פורד תאילנד,2AB
פורד תאילנד,LMF-D3
פורד תאילנד,LMF-E3
פורד תאילנד,LMF-E4
פורד תאילנד,XXM
פורד תורכיה,300 S
פורד תורכיה,300S
פורד תורכיה,330 M
פורד תורכיה,330 S
פורד תורכיה,330M
פורד תורכיה,330S
פורד תורכיה,350 L
פורד תורכיה,FAA6
פורד תורכיה,FAC
פורד תורכיה,FAC6
פורד תורכיה,FAD
פורד תורכיה,FCC
פורד תורכיה,FCD
פורד תורכיה,FDA6
פורד תורכיה,FDB6
פורד תורכיה,FDC6
פורד תורכיה,FDG6
פורד תורכיה,NRN
פורד תורכיה,NXN
פורד תורכיה,PH2
פורד תורכיה,PJ2
פורד תורכיה,PT2
פורד תורכיה,PU2
פורד תורכיה,XXT
פורד-בלגיה,330S TRANSIT
פורד-בלגיה,B4Y
פורד-בלגיה,BA7
פורד-בלגיה,D2KGMG
פורד-בלגיה,D2KHMG
פורד-בלגיה,D2KTMG
פורד-בלגיה,D5KGMG
פורד-בלגיה,J2KGMG
פורד-בלגיה,J2KHMG
פורד-בלגיה,J5KGEG
פורד-בלגיה,J5KGMG
פורד-בלגיה,KOMBI 300S TRANSIT
פורד-בלגיה,KOMBI TRANSIT 300S
פורד-בלגיה,KOMBI TRANSIT 330M
פורד-בלגיה,KOMBI TRANSIT 350L
פורד-בלגיה,MONDEO MG42EG
פורד-בלגיה,MONDEO MG4DMG
פורד-בלגיה,MONDEO MG52EG
פורד-בלגיה,MONDEO MG5DMG
פורד-בלגיה,MONDEO MX48MG
פורד-בלגיה,R5KGMG
פורד-בלגיה,TRANSIT 120
פורד-בלגיה,TRANSIT 150
פורד-בלגיה,VAN TRANSIT 300S
פורד-בלגיה,VAN TRANSIT 330M
פורד-בלגיה,VAN TRANSIT 350L
פורד-בלגיה,WA6
פורד-בלגיה,WA6-M
פורד-בלגיה,WA6-S
פורד-בלגיה,WA6M
פורד-בלגיה,WA6S
פורד-בלגיה,כריות2+_J2KGMG
פורשה גרמניה,1 CARRERA S CABRIO
פורשה גרמניה,270
פורשה גרמניה,718 BOXSTER
פורשה גרמניה,718 BOXSTER S
פורשה גרמניה,718 CAYMAN
פורשה גרמניה,911 CABRIO
פורשה גרמניה,911 CARRERA
פורשה גרמניה,911 CARRERA 4S 996
פורשה גרמניה,911 CARRERA 993
פורשה גרמניה,911 CARRERA 996
פורשה גרמניה,911 GT3 RS
פורשה גרמניה,911 TARGA 4S
פורשה גרמניה,911 TARGA 933
פורשה גרמניה,911 TUBBO
פורשה גרמניה,911 TURBO
פורשה גרמניה,911 TURBO 996
פורשה גרמניה,911_CARRERA 996
פורשה גרמניה,92A
פורשה גרמניה,95B
פורשה גרמניה,95BAN1
פורשה גרמניה,95BNA1
פורשה גרמניה,970
פורשה גרמניה,971
פורשה גרמניה,97A
פורשה גרמניה,981
פורשה גרמניה,981 S
פורשה גרמניה,981S
פורשה גרמניה,982
פורשה גרמניה,982160
פורשה גרמניה,982310
פורשה גרמניה,982360
פורשה גרמניה,982G
פורשה גרמניה,986
פורשה גרמניה,987
פורשה גרמניה,987S
פורשה גרמניה,991
פורשה גרמניה,991 TURBO
פורשה גרמניה,991.2
פורשה גרמניה,991G
פורשה גרמניה,991H
פורשה גרמניה,991R
פורשה גרמניה,992
פורשה גרמניה,992110
פורשה גרמניה,992142
פורשה גרמניה,9923B2
פורשה גרמניה,992440
פורשה גרמניה,992542
פורשה גרמניה,992G
פורשה גרמניה,992K
פורשה גרמניה,992M
פורשה גרמניה,995 S
פורשה גרמניה,996
פורשה גרמניה,996 CARRERA 911
פורשה גרמניה,997
פורשה גרמניה,997 GT3
פורשה גרמניה,997 S
פורשה גרמניה,997S
פורשה גרמניה,9PA
פורשה גרמניה,9YA
פורשה גרמניה,9YADE1
פורשה גרמניה,9YBBN1
פורשה גרמניה,A5B
פורשה גרמניה,A82
פורשה גרמניה,A92
פורשה גרמניה,AH2A
פורשה גרמניה,BOXTER
פורשה גרמניה,BOXTER 986
פורשה גרמניה,BOXTER S 986
פורשה גרמניה,CAYENNE 9PA
פורשה גרמניה,CAYENNE S E-HYBRID
פורשה גרמניה,CAYENNE TURBO
פורשה גרמניה,CAYENNES 9PA
פורשה גרמניה,CAYMAN GT4
פורשה גרמניה,EBG EBE
פורשה גרמניה,MACAN
פורשה גרמניה,TAYCAN 4S
פורשה גרמניה,TB22-3410000
פורשה גרמניה,XA
פורשה גרמניה,XA0
פורשה גרמניה,XA1
פורשה גרמניה,XABAA1
פורשה גרמניה,Y1
פורשה גרמניה,Y1A
פורשה גרמניה,Y1AAA1
פורשה גרמניה,Y1ADG1
פורשה גרמניה,YA
פורשה גרמניה,YA0
פורשה גרמניה,YA1
פורשה גרמניה,YAADZI
פורשה גרמניה,ZZ97Z
פורשה גרמניה,ZZZ9
פורשה גרמניה,ZZZ97
פורשה גרמניה,ZZZ99Z
פורשה גרמניה,ZZZ9Y
פורשה גרמניה,ZZZA
פורשה גרמניה,ZZZX
פורשה גרמניה,גג+996 CARRERA 911
פורשה גרמניה,ידני BOXTER 986
פורשה גרמניה,כריות4 BOXTER 986
פורשה סלובקיה,9AY
פורשה סלובקיה,9YA
פורשה סלובקיה,9YBAE1
פורשה סלובקיה,9YBAV1
פורשה סלובקיה,AYA
פורשה סלובקיה,BE2AY
פורתינג סין,D14BJ
פורתינג סין,F18BK
פיאג'ו איטליה,S85LP-TRME
פיאג'ו איטליה,S85LV-ZBRME
פיאג'ו איטליה,S85LV-ZNDME
פיאג'ו איטליה,S90RHW-LEM
פיאג'ו איטליה,S90RJW LEP
פיאג'ו איטליה,S90RKW LEM
פיאג'ו איטליה,S90THW-SUM
פיאג'ו איטליה,S90TJW SUP
פיאג'ו איטליה,S90TKW SUM
פיאג'ו איטליה,S95LR2ME
פיאט איטליה,0AEA0000A0
פיאט איטליה,146EI55A
פיאט איטליה,159AJ54A
פיאט איטליה,160EB55A
פיאט איטליה,175AXD1A
פיאט איטליה,176AB52C
פיאט איטליה,176AC
פיאט איטליה,176AC55A
פיאט איטליה,176AC55F
פיאט איטליה,176AC55P
פיאט איטליה,176AD53H
פיאט איטליה,176AL55A
פיאט איטליה,176AQ53F
פיאט איטליה,176AQ55A
פיאט איטליה,176AQ55F
פיאט איטליה,176AQ55P
פיאט איטליה,176AR52C
פיאט איטליה,176AR55A
פיאט איטליה,176AR55F
פיאט איטליה,176AV55A
פיאט איטליה,176CG55A
פיאט איטליה,182 BB11A
פיאט איטליה,182AA1AA
פיאט איטליה,182AAIAA
פיאט איטליה,182AB11A
פיאט איטליה,182AB1AA
פיאט איטליה,182AC1AA
פיאט איטליה,182AD1AA
פיאט איטליה,182BA1AA
פיאט איטליה,182BB11A
פיאט איטליה,182BB1AA
פיאט איטליה,182BH1AA
פיאט איטליה,182BR1AA
פיאט איטליה,185AXB11
פיאט איטליה,185AXB1A
פיאט איטליה,185AXE1A
פיאט איטליה,185AXN1A
פיאט איטליה,185AXR11
פיאט איטליה,185AXR1A
פיאט איטליה,185BXB11
פיאט איטליה,185BXB1A
פיאט איטליה,185BXE1A
פיאט איטליה,185BXN1A
פיאט איטליה,185BXR11
פיאט איטליה,186AXB1A
פיאט איטליה,186AXC1A
פיאט איטליה,186AXCIA
פיאט איטליה,186AXD1A
פיאט איטליה,186AXE1A
פיאט איטליה,186AXEIA
פיאט איטליה,186AXG1A
פיאט איטליה,188AXB1A
פיאט איטליה,188AXC1A
פיאט איטליה,188AXF1A
פיאט איטליה,188BXA12
פיאט איטליה,188BXA1A
פיאט איטליה,188BXB11
פיאט איטליה,188BXB1A
פיאט איטליה,194AXA12
פיאט איטליה,198AXA1B
פיאט איטליה,198AXC1B
פיאט איטליה,198AXF1B
פיאט איטליה,198AXG11
פיאט איטליה,198AXG1B
פיאט איטליה,199AXB1A
פיאט איטליה,199AXN1B
פיאט איטליה,199AXX1B
פיאט איטליה,199BXA1A
פיאט איטליה,199BXAIA
פיאט איטליה,199BXB11
פיאט איטליה,199BXB1A
פיאט איטליה,199BXBIA
פיאט איטליה,199BXD1B
פיאט איטליה,199BXV1B
פיאט איטליה,199BXW1A
פיאט איטליה,199BXZ1A
פיאט איטליה,230 CDMGC
פיאט איטליה,230 CDMNC
פיאט איטליה,230 CEMGC
פיאט איטליה,230BDMFB
פיאט איטליה,230BEMFB
פיאט איטליה,230BIMFB
פיאט איטליה,230BIMQB
פיאט איטליה,230CDMHC
פיאט איטליה,230CDMNB
פיאט איטליה,230CDMNC
פיאט איטליה,230CEMAC
פיאט איטליה,230CEMDC
פיאט איטליה,230CEMHC
פיאט איטליה,230CEMNB
פיאט איטליה,230CEMNC
פיאט איטליה,230CIMNB
פיאט איטליה,230CLMAC
פיאט איטליה,230CLMDC
פיאט איטליה,230CLMGC
פיאט איטליה,230CLMNB
פיאט איטליה,230CLMNC
פיאט איטליה,244CPAAC
פיאט איטליה,244CPADC
פיאט איטליה,244CPANB
פיאט איטליה,244CPANC
פיאט איטליה,244CPMDC
פיאט איטליה,244CPMFA
פיאט איטליה,244CPMFB
פיאט איטליה,244CPMGC
פיאט איטליה,244CPMNB
פיאט איטליה,244CPMNC
פיאט איטליה,244CZMCC
פיאט איטליה,244FCSMDC
פיאט איטליה,244FCSMGC
פיאט איטליה,250
פיאט איטליה,25000
פיאט איטליה,250CENFC
פיאט איטליה,250CF8VB2D0030
פיאט איטליה,250CF8VB2L0030
פיאט איטליה,250CF8VB2L0031
פיאט איטליה,250CF8VC2D0030
פיאט איטליה,250CF8VC2L0030
פיאט איטליה,250CF8VC2L0031
פיאט איטליה,250CMMAU
פיאט איטליה,250CTBFBBBR
פיאט איטליה,250CTBFCBBR
פיאט איטליה,312PXA1A
פיאט איטליה,312PXG1A
פיאט איטליה,334AXC11
פיאט איטליה,334AXE1A
פיאט איטליה,334AXF22
פיאט איטליה,334AXR11
פיאט איטליה,70 אונו פיאט
פיאט איטליה,7GMAU 250
פיאט איטליה,CLMHC 230
פיאט איטליה,EL PS בראבה פיאט
פיאט איטליה,ELX בראבה פיאט
פיאט איטליה,FA10AEA0000A0
פיאט איטליה,FA10AEA0000A01D2A0
פיאט איטליה,FA10AEA0000A02D1A0
פיאט איטליה,FA10AEB0000A00D2A0
פיאט איטליה,FA11AEA0000A01D2A0
פיאט איטליה,FA11AEB0000A00D2A0
פיאט איטליה,FA12AE0000A01D2A0
פיאט איטליה,FA12AEA0000A01D2A0
פיאט איטליה,FA12D1A0
פיאט איטליה,FAC48
פיאט איטליה,FACB1ABBAA224
פיאט איטליה,I85AXBII
פיאט איטליה,JCE1
פיאט איטליה,MAAU 250
פיאט איטליה,MMAU 250
פיאט איטליה,S בראבו פיאט
פיאט איטליה,כרית 1_176AQ55F
פיאט אנגליה,VFEHZ7B2F21C
פיאט אנגליה,VFEHZ7B2F21E
פיאט יפן,NF6EK
פיאט ספרד,EAZKXZK7U031
פיאט ספרד,EBYHZ3-22E4EB
פיאט ספרד,ECYHZ3D2S300
פיאט ספרד,EDYHZ3-22E1AP
פיאט ספרד,EDYHZ3-22E4CE
פיאט ספרד,EFYHZ3E2S020
פיאט ספרד,EFYHZ3J2S022
פיאט ספרד,EZZKXZA7U000
פיאט ספרד,EZZKXZD7U000
פיאט סרביה,119LXY1A
פיאט סרביה,199LXY11
פיאט סרביה,199LXY1A
פיאט סרביה,199LYB1B
פיאט סרביה,199LYM11
פיאט פולין,169AXB11
פיאט פולין,169AXB1A
פיאט פולין,169AXB2A
פיאט פולין,169AXBII
פיאט פולין,169AXC2A
פיאט פולין,169AXF1A
פיאט פולין,3124XZ1A
פיאט פולין,312AXA11
פיאט פולין,312AXA1A
פיאט פולין,312AXC11
פיאט פולין,312AXC1B
פיאט פולין,312AXCIB
פיאט פולין,312AXD1A
פיאט פולין,312AXDIA
פיאט פולין,312AXF11
פיאט פולין,312AXF1A
פיאט פולין,312AXG11
פיאט פולין,312AXG1A
פיאט פולין,312AXM1B
פיאט פולין,312AXY1A
פיאט פולין,312AXZ11
פיאט פולין,312AXZ1A
פיאט פורטוגל,EDYHZ3-22E0BP
פיאט פורטוגל,EDYHZ3-22E3CE
פיאט פורטוגל,EDYHZ3-22E4CE
פיאט פורטוגל,EFYHZ3E2S020
פיאט צרפת,179BXF11
פיאט צרפת,220KR5
פיאט צרפת,220XR5
פיאט צרפת,220ZP5
פיאט צרפת,270ZXC1B
פיאט צרפת,VFEHZ7B2F21C
פיאט צרפת,VFEHZ7B2F21E
פיאט צרפת,VLEHZ7-22E4BC
פיאט צרפת,VLEHZ7-22E4BE
פיאט צרפת,ZKXZ-A7U000
פיאט צרפת,ZKXZ-N7700N
פיאט קרייזלר,BUAXC11
פיאט קרייזלר,BUAXE22
פיאט קרייזלר,BUAXP11
פיאט קרייזלר,BUAXT23
פיאט קרייזלר,RUBICON
פיאט תאילנד,KT0TKV122
פיאט תאילנד,KT0TKV322
פיאט תאילנד,KTOTKU211
פיאט תורכיה,178 BYE11
פיאט תורכיה,178 CYE11
פיאט תורכיה,223AXB1A
פיאט תורכיה,223AXE1A
פיאט תורכיה,223AXF1A
פיאט תורכיה,223WXL1A
פיאט תורכיה,223WXLIA
פיאט תורכיה,223WXP1A
פיאט תורכיה,223ZXB1A
פיאט תורכיה,223ZXE1A
פיאט תורכיה,225AXA1A
פיאט תורכיה,225AXB11
פיאט תורכיה,225AXC1A
פיאט תורכיה,225AXC1A-03H
פיאט תורכיה,225AXD11
פיאט תורכיה,225AXD11-05C
פיאט תורכיה,225AXD1A
פיאט תורכיה,225AXD1A-04B
פיאט תורכיה,225AXDIA
פיאט תורכיה,225AXF1A
פיאט תורכיה,225AXF1A-07B
פיאט תורכיה,225AXG11
פיאט תורכיה,225AXG1A
פיאט תורכיה,225CXB1A
פיאט תורכיה,255AXD11
פיאט תורכיה,263AXFIB
פיאט תורכיה,263AXH1B 07
פיאט תורכיה,263AXL11
פיאט תורכיה,263AXN1B
פיאט תורכיה,263AXV1
פיאט תורכיה,263AXV1B
פיאט תורכיה,263HXD1B
פיאט תורכיה,263HXR1B
פיאט תורכיה,263HXV1B
פיאט תורכיה,263HXX1B
פיאט תורכיה,263WXA1A
פיאט תורכיה,263WXC1A
פיאט תורכיה,263WXD1B
פיאט תורכיה,263WXG1B
פיאט תורכיה,263WXL11
פיאט תורכיה,263WXR1B
פיאט תורכיה,263WXU1A
פיאט תורכיה,263WXV1B
פיאט תורכיה,263WXX1B
פיאט תורכיה,263WYB1A
פיאט תורכיה,323AXB11
פיאט תורכיה,356HXC11
פיאט תורכיה,356HXE11
פיאט תורכיה,356HXF1B
פיאט תורכיה,356SXA1B
פיאט תורכיה,356SXE11
פיאט תורכיה,356WXC11
פיאט תורכיה,356WXE11
פיאט-ברזיל,146RF53D
פיאט-ברזיל,146RF53E
פיאט/מדייר סוז,FYA21S
פיאט/מדייר סוז,FYA21SAT
פיאט/מדייר סוז,FYA21SMT
פיאט/מדייר סוז,FYB21S MT
פיג'ו אוסטריה,4J5FU8
פיג'ו אוסטריה,4J5FV8
פיג'ו אוסטריה,4J5FVA
פיג'ו אנגליה,2AKFWA
פיג'ו אנגליה,2AKFWR
פיג'ו אנגליה,2ANFUB
פיג'ו אנגליה,2ANFUR
פיג'ו אנגליה,2HNFUA
פיג'ו יפן,INZKZZ
פיג'ו סלובקיה,CC5FS9
פיג'ו סלובקיה,CC8HP0/PS
פיג'ו סלובקיה,CCBHY6
פיג'ו סלובקיה,CCHMZ0
פיג'ו סלובקיה,CCHMZ0/P
פיג'ו סלובקיה,CCHMZ6
פיג'ו סלובקיה,CCHNPN
פיג'ו סלובקיה,CCHNPN/S
פיג'ו סלובקיה,CCHNZT/S
פיג'ו סלובקיה,UHZKXZ
פיג'ו סלובקיה,UPHNKS
פיג'ו סלובקיה,UPHNSS
פיג'ו סלובקיה,WC5FS9
פיג'ו סלובקיה,WC5FS9/1
פיג'ו ספרד,5FWJYF
פיג'ו ספרד,7J5FK0
פיג'ו ספרד,7J9HN0
פיג'ו ספרד,7J9HP0
פיג'ו ספרד,7N9HN0
פיג'ו ספרד,7N9HP0
פיג'ו ספרד,7N9HXC
פיג'ו ספרד,7S9HP0
פיג'ו ספרד,DD9HP0
פיג'ו ספרד,DD9HP0/1
פיג'ו ספרד,DDBHY6
פיג'ו ספרד,DDHMY0
פיג'ו ספרד,DDHMY0/P
פיג'ו ספרד,DDHMZ6/PS
פיג'ו ספרד,DDNFP0/1
פיג'ו ספרד,DDNFP9
פיג'ו ספרד,DDNFP9/1
פיג'ו ספרד,DDNFPT
פיג'ו ספרד,EZZKXZ
פיג'ו ספרד,FWJYF5
פיג'ו ספרד,GBWJYB
פיג'ו ספרד,GC9HWC-TR
פיג'ו ספרד,GC9HXC
פיג'ו ספרד,GC9HXC-TR
פיג'ו ספרד,GCKFWC-TR
פיג'ו ספרד,GCRHYB
פיג'ו ספרד,GCWJYB
פיג'ו ספרד,GJ9HWC
פיג'ו ספרד,GJ9HXC
פיג'ו ספרד,GJRHYB
פיג'ו ספרד,GJRHYK
פיג'ו ספרד,GJWJYB
פיג'ו ספרד,GJWJYB PART2 XR
פיג'ו ספרד,UDYHZR
פיג'ו ספרד,UDYHZS
פיג'ו ספרד,UKZKXZ
פיג'ו ספרד,UPHPY
פיג'ו ספרד,USHNNS
פיג'ו ספרד,USHNS
פיג'ו ספרד,USHNSS
פיג'ו ספרד,USHPY
פיג'ו ספרד,WB5FS9
פיג'ו ספרד,WB5FWF
פיג'ו ספרד,WC5FS9
פיג'ו ספרד,WC5FS9/1
פיג'ו פולין,YCBPFC
פיג'ו פולין,YCF8F
פיג'ו פורטוגל,7N9HN0
פיג'ו פורטוגל,7N9HP0
פיג'ו פורטוגל,GJ9HWC-TR
פיג'ו פורטוגל,GJKFWC
פיג'ו צ'כיה,PAHMTB/H1A000
פיג'ו צ'כיה,PAHMTC/H1A000
פיג'ו צ'כיה,PNCFAC
פיג'ו צ'כיה,PNCFAC-P
פיג'ו צ'כיה,PNCFACP
פיג'ו צ'כיה,PNCFB0-P
פיג'ו צ'כיה,PNCFB4
פיג'ו צ'כיה,PNCFBO-P
פיג'ו צ'כיה,PSCFBB-H1A000
פיג'ו צ'כיה,PSCFBB-H1C000
פיג'ו צ'כיה,PSCFBB-W1C000
פיג'ו צ'כיה,PSCFBB/W1C000
פיג'ו צ'כיה,PSCFBC-H1C000
פיג'ו צ'כיה,PSCFBC/H1C000
פיג'ו צ'כיה,PSCFBC/W1C000
פיג'ו צ'כיה,PSCFBD/H1C000
פיג'ו צ'כיה,PSCFBD/W1C000
פיג'ו צרפת,'כר2 +_7EWJZT
פיג'ו צרפת,'כר2+_7BNFZE
פיג'ו צרפת,(SL)_8BLFYE
פיג'ו צרפת,0E5FVA/1
פיג'ו צרפת,0E5GZT/1S
פיג'ו צרפת,0U5GZT/S
פיג'ו צרפת,1AHDZ1
פיג'ו צרפת,1AHDZE
פיג'ו צרפת,1AHDZT
פיג'ו צרפת,1AKDX8
פיג'ו צרפת,1AKFXE
פיג'ו צרפת,1AKFXL
פיג'ו צרפת,1AKFXT
פיג'ו צרפת,1ANFZE
פיג'ו צרפת,1ANFZL
פיג'ו צרפת,1ANFZT
פיג'ו צרפת,1CHDZ1
פיג'ו צרפת,1CHDZE
פיג'ו צרפת,1CHDZT
פיג'ו צרפת,1CKDX2
פיג'ו צרפת,1CKDX8
פיג'ו צרפת,1CKFXE
פיג'ו צרפת,1CKFXT
פיג'ו צרפת,1CMFZ2
פיג'ו צרפת,1CNFWE
פיג'ו צרפת,1CNFWT
פיג'ו צרפת,1CNFXE
פיג'ו צרפת,1CNFXT
פיג'ו צרפת,1CNFY2
פיג'ו צרפת,1CNFZ4
פיג'ו צרפת,1CNFZE
פיג'ו צרפת,1CNFZL
פיג'ו צרפת,1CNFZT
פיג'ו צרפת,20ABD4
פיג'ו צרפת,20AHD2
פיג'ו צרפת,20AKD2
פיג'ו צרפת,20CKD2
פיג'ו צרפת,231B42
פיג'ו צרפת,231B52
פיג'ו צרפת,231BC2
פיג'ו צרפת,231J42
פיג'ו צרפת,231V42
פיג'ו צרפת,231V52
פיג'ו צרפת,232B42
פיג'ו צרפת,232BC2
פיג'ו צרפת,232V42
פיג'ו צרפת,232V52
פיג'ו צרפת,232VC2
פיג'ו צרפת,233J42
פיג'ו צרפת,233J52
פיג'ו צרפת,233L42
פיג'ו צרפת,233L52
פיג'ו צרפת,2AKFWA
פיג'ו צרפת,2AKFWF
פיג'ו צרפת,2AKFWR
פיג'ו צרפת,2AKFXE
פיג'ו צרפת,2AKFXP
פיג'ו צרפת,2ANFUB
פיג'ו צרפת,2ANFUR
פיג'ו צרפת,2CHFZE
פיג'ו צרפת,2CKFWF
פיג'ו צרפת,2CKFWR
פיג'ו צרפת,2CKFXE
פיג'ו צרפת,2CKFXP
פיג'ו צרפת,2CNFUF
פיג'ו צרפת,2CNFUR
פיג'ו צרפת,2CNFZE
פיג'ו צרפת,2CRFNF
פיג'ו צרפת,2CRFRE
פיג'ו צרפת,2DNFUA
פיג'ו צרפת,2DNFUB
פיג'ו צרפת,2DNFUF
פיג'ו צרפת,2DNFUR
פיג'ו צרפת,2DRFNA
פיג'ו צרפת,2DRFNF
פיג'ו צרפת,2E8HXF
פיג'ו צרפת,2HNFUA
פיג'ו צרפת,2HNFUB
פיג'ו צרפת,2HNFUF
פיג'ו צרפת,2KNFUR
פיג'ו צרפת,2MKFTO
פיג'ו צרפת,306 S.SA 1.8
פיג'ו צרפת,320 M__232B52
פיג'ו צרפת,320_MH__232B52
פיג'ו צרפת,3ANFUB
פיג'ו צרפת,3ANFUE
פיג'ו צרפת,3ARFJC
פיג'ו צרפת,3ARFJF
פיג'ו צרפת,3ARFNB
פיג'ו צרפת,3ARFNC
פיג'ו צרפת,3ARFNE
פיג'ו צרפת,3ARFNF
פיג'ו צרפת,3BRFJC
פיג'ו צרפת,3BRFJF
פיג'ו צרפת,3BRFKC
פיג'ו צרפת,3BRFNC
פיג'ו צרפת,3BRFNF
פיג'ו צרפת,3CKFWB
פיג'ו צרפת,3CNFUB
פיג'ו צרפת,3CNFUC
פיג'ו צרפת,3CNFUE
פיג'ו צרפת,3CNFUF
פיג'ו צרפת,3CNFUK
פיג'ו צרפת,3CNFUL
פיג'ו צרפת,3CRFJF
פיג'ו צרפת,3CRFNB
פיג'ו צרפת,3CRFNC
פיג'ו צרפת,3CRFNE
פיג'ו צרפת,3CRFNF
פיג'ו צרפת,3CRHYB
פיג'ו צרפת,3D3FZF
פיג'ו צרפת,3ENFUE
פיג'ו צרפת,3ENFUF
פיג'ו צרפת,3ERHYB
פיג'ו צרפת,3HNFUE
פיג'ו צרפת,3HNFUF
פיג'ו צרפת,3HRFJF
פיג'ו צרפת,3HRFNE
פיג'ו צרפת,3HRFNF
פיג'ו צרפת,3HRHYB
פיג'ו צרפת,406 ST 1.8 8FLFYE
פיג'ו צרפת,406 STDT 8BP8CE
פיג'ו צרפת,4B5FVA
פיג'ו צרפת,4BBFZ2
פיג'ו צרפת,4BBFZ4
פיג'ו צרפת,4BD9B2
פיג'ו צרפת,4BLFZ2
פיג'ו צרפת,4BLFZ4
פיג'ו צרפת,4BRFX4
פיג'ו צרפת,4C5FS0/1
פיג'ו צרפת,4C5FS9
פיג'ו צרפת,4C5FS9/1
פיג'ו צרפת,4C5FSO
פיג'ו צרפת,4C5FTF
פיג'ו צרפת,4C5FV8/I
פיג'ו צרפת,4C5FVA
פיג'ו צרפת,4C5FVA/1
פיג'ו צרפת,4C5FWC
פיג'ו צרפת,4C5FWF
פיג'ו צרפת,4E5FS9
פיג'ו צרפת,4E5FS9/1
פיג'ו צרפת,4E5FWF
פיג'ו צרפת,4ED9B2
פיג'ו צרפת,4ELFZ2
פיג'ו צרפת,4ELFZ4
פיג'ו צרפת,4H5FS9
פיג'ו צרפת,4H5FWF
פיג'ו צרפת,5FD9BD
פיג'ו צרפת,5FWJYF
פיג'ו צרפת,5FWJZE
פיג'ו צרפת,6BRGX4
פיג'ו צרפת,6BRGXP
פיג'ו צרפת,6BUFZ4
פיג'ו צרפת,6BXFZP
פיג'ו צרפת,6D3FYF
פיג'ו צרפת,6D3FZF
פיג'ו צרפת,6DRFJC
פיג'ו צרפת,6DRFJF
פיג'ו צרפת,6DRFNE
פיג'ו צרפת,6DRFNF
פיג'ו צרפת,6DRHRE
פיג'ו צרפת,6DXFVJ
פיג'ו צרפת,6E3FYF
פיג'ו צרפת,6E3FZF
פיג'ו צרפת,6ERFJF
פיג'ו צרפת,6JUHZJ
פיג'ו צרפת,6JXFVJ
פיג'ו צרפת,7AKDX2
פיג'ו צרפת,7AKFWF
פיג'ו צרפת,7AKFX2
פיג'ו צרפת,7AKFXE
פיג'ו צרפת,7AKFXT
פיג'ו צרפת,7ALFYE
פיג'ו צרפת,7ALFZ2
פיג'ו צרפת,7ALFZ4
פיג'ו צרפת,7ALFZP
פיג'ו צרפת,7ANFTF
פיג'ו צרפת,7ANFTR
פיג'ו צרפת,7ANFZ2
פיג'ו צרפת,7ANFZE
פיג'ו צרפת,7ANFZP
פיג'ו צרפת,7ARFX2
פיג'ו צרפת,7ARHYF
פיג'ו צרפת,7AWJZE
פיג'ו צרפת,7AWJZT
פיג'ו צרפת,7BD9B2
פיג'ו צרפת,7BDHYE
פיג'ו צרפת,7BDJYE
פיג'ו צרפת,7BDJYT
פיג'ו צרפת,7BKDX2
פיג'ו צרפת,7BKFWF
פיג'ו צרפת,7BKFX2
פיג'ו צרפת,7BKFXE
פיג'ו צרפת,7BKFXT
פיג'ו צרפת,7BLFYE
פיג'ו צרפת,7BLFZ2
פיג'ו צרפת,7BLFZ4
פיג'ו צרפת,7BLFZP
פיג'ו צרפת,7BNFTF
פיג'ו צרפת,7BNFTR
פיג'ו צרפת,7BNFZ2
פיג'ו צרפת,7BNFZE
פיג'ו צרפת,7BNFZP
פיג'ו צרפת,7BRFVP
פיג'ו צרפת,7BRFX4
פיג'ו צרפת,7BWJYF
פיג'ו צרפת,7BWJZE
פיג'ו צרפת,7BWJZT
פיג'ו צרפת,7BXFXT
פיג'ו צרפת,7CKDX2
פיג'ו צרפת,7CKFX2
פיג'ו צרפת,7CKFXE
פיג'ו צרפת,7CLFZ2
פיג'ו צרפת,7CLFZ4
פיג'ו צרפת,7CNFZ2
פיג'ו צרפת,7CNFZE
פיג'ו צרפת,7CRFS2
פיג'ו צרפת,7CRFSW
פיג'ו צרפת,7CRFVE
פיג'ו צרפת,7CRFX2
פיג'ו צרפת,7DLFYE
פיג'ו צרפת,7DLFZ2
פיג'ו צרפת,7DLFZ4
פיג'ו צרפת,7DLFZP
פיג'ו צרפת,7DRFVE
פיג'ו צרפת,7DRFVP
פיג'ו צרפת,7DRFVW
פיג'ו צרפת,7DRFX2
פיג'ו צרפת,7EDJYE
פיג'ו צרפת,7EDJYT
פיג'ו צרפת,7EKFXE
פיג'ו צרפת,7ELFYE
פיג'ו צרפת,7ELFZP
פיג'ו צרפת,7ENFTF
פיג'ו צרפת,7ENFTR
פיג'ו צרפת,7ENFZE
פיג'ו צרפת,7ENFZP
פיג'ו צרפת,7ERHYE
פיג'ו צרפת,7ERHYF
פיג'ו צרפת,7EWJZE
פיג'ו צרפת,7EWJZT
פיג'ו צרפת,8B6FZF
פיג'ו צרפת,8B6FZR
פיג'ו צרפת,8BLFYE
פיג'ו צרפת,8BLFYP
פיג'ו צרפת,8BP8CE
פיג'ו צרפת,8BRFNA
פיג'ו צרפת,8BRFNR
פיג'ו צרפת,8BRFRR
פיג'ו צרפת,8BRFVP
פיג'ו צרפת,8BRFVT
פיג'ו צרפת,8BRHYE
פיג'ו צרפת,8BRHYF
פיג'ו צרפת,8BRHZR
פיג'ו צרפת,8CRFVP
פיג'ו צרפת,8CXFZE
פיג'ו צרפת,8CXFZP
פיג'ו צרפת,8D5FV8
פיג'ו צרפת,8D5FVA
פיג'ו צרפת,8D5GZM/S
פיג'ו צרפת,8D5GZT/S
פיג'ו צרפת,8E5FVA
פיג'ו צרפת,8E5GZT/S
פיג'ו צרפת,8E6FZR
פיג'ו צרפת,8EDHXE
פיג'ו צרפת,8ELFYP
פיג'ו צרפת,8ERFRR
פיג'ו צרפת,8ERFVT
פיג'ו צרפת,8ERHYE
פיג'ו צרפת,8FRFNA
פיג'ו צרפת,8FRFNR
פיג'ו צרפת,8FRFRR
פיג'ו צרפת,8FRFVP
פיג'ו צרפת,8FRFVT
פיג'ו צרפת,9D3FZB
פיג'ו צרפת,9D3FZE
פיג'ו צרפת,9DXFXE
פיג'ו צרפת,9DXFXF
פיג'ו צרפת,9U3FZF
פיג'ו צרפת,9UXFVJ
פיג'ו צרפת,ABS תוספת__233L42
פיג'ו צרפת,ABS_+_232B52
פיג'ו צרפת,B
פיג'ו צרפת,BERHZB
פיג'ו צרפת,BREAK_5FD9BE
פיג'ו צרפת,BYRHXB
פיג'ו צרפת,C
פיג'ו צרפת,C5U5T50-09A
פיג'ו צרפת,CA5FU8
פיג'ו צרפת,CA5GRM/VS
פיג'ו צרפת,CC5FS0
פיג'ו צרפת,CC5FS9
פיג'ו צרפת,CC8HP0/PS
פיג'ו צרפת,CCBHY6
פיג'ו צרפת,CCHMZ0
פיג'ו צרפת,CCHMZ0/P
פיג'ו צרפת,CCHMZ6
פיג'ו צרפת,CCHNPN
פיג'ו צרפת,CCHNPN/S
פיג'ו צרפת,CCHNZT/S
פיג'ו צרפת,COMBI__5FD9BE
פיג'ו צרפת,CU5FS0
פיג'ו צרפת,CU5FS9
פיג'ו צרפת,CUBHYM/1PS
פיג'ו צרפת,CUHMZ0
פיג'ו צרפת,CUHMZ0/PS
פיג'ו צרפת,CUHMZ6
פיג'ו צרפת,CUHMZ6/PS
פיג'ו צרפת,CUHNPN/1S
פיג'ו צרפת,CUHNPN/S
פיג'ו צרפת,CUHNZT/S
פיג'ו צרפת,CUYHXN
פיג'ו צרפת,CUYHXN/1S
פיג'ו צרפת,F35GFR
פיג'ו צרפת,F35GFT
פיג'ו צרפת,F35GGR
פיג'ו צרפת,F35GGT
פיג'ו צרפת,F3DGXT
פיג'ו צרפת,F3DGYT
פיג'ו צרפת,F3DGZT
פיג'ו צרפת,FPHNS
פיג'ו צרפת,FPHNST
פיג'ו צרפת,FPHPY
פיג'ו צרפת,FWJZE5
פיג'ו צרפת,HURHC8/1P
פיג'ו צרפת,HZ7P2N
פיג'ו צרפת,KAHPY
פיג'ו צרפת,KCZKZ
פיג'ו צרפת,L35GGR-C1B000
פיג'ו צרפת,L35GNH-C1B000
פיג'ו צרפת,L35GNH/C1B000
פיג'ו צרפת,L3EGXP-C1B000
פיג'ו צרפת,LCBHZW/R2B000
פיג'ו צרפת,LHEHZR/C2B000
פיג'ו צרפת,LPHNSK
פיג'ו צרפת,LPHNSR/C16000
פיג'ו צרפת,LPHNYW/C1B000
פיג'ו צרפת,LPHNYW/C1F000
פיג'ו צרפת,LRHNYW/R1B000
פיג'ו צרפת,M45GBU
פיג'ו צרפת,M45GFR
פיג'ו צרפת,M45GFR/C1B000
פיג'ו צרפת,M45GFR/C1K000
פיג'ו צרפת,M45GFR/C1U000
פיג'ו צרפת,M45GFR/S1B000
פיג'ו צרפת,M45GFR/S1U000
פיג'ו צרפת,M45GFU
פיג'ו צרפת,M45GZW/C1B000
פיג'ו צרפת,M45GZW/C1F000
פיג'ו צרפת,M45GZW/S1F000
פיג'ו צרפת,M4DGZU
פיג'ו צרפת,MCBHZW/C2B000
פיג'ו צרפת,MCBHZW/C2F000
פיג'ו צרפת,MCBHZW/S2F000
פיג'ו צרפת,MCYHZR
פיג'ו צרפת,MCYHZR/C2B000
פיג'ו צרפת,MCYHZR/C2K000
פיג'ו צרפת,MCYHZR/S2B000
פיג'ו צרפת,MCYHZU
פיג'ו צרפת,MJAHWW/C2B000
פיג'ו צרפת,MJAHWW/S2B000
פיג'ו צרפת,MJEHZR
פיג'ו צרפת,MJEHZR/C2B000
פיג'ו צרפת,MJEHZR/C2K200
פיג'ו צרפת,MJEHZR/S2B000
פיג'ו צרפת,MRHNS
פיג'ו צרפת,MRHNSR/C1B000
פיג'ו צרפת,MRHNSU
פיג'ו צרפת,MRHPYE
פיג'ו צרפת,OE5FVA/1
פיג'ו צרפת,OU5FV8/1
פיג'ו צרפת,OU5FVA/1
פיג'ו צרפת,SLDT_8BDHXE
פיג'ו צרפת,SRDT_8BDHXE
פיג'ו צרפת,ST 8BRFVP
פיג'ו צרפת,SV_8BRFVP
פיג'ו צרפת,V1ZKXZ
פיג'ו צרפת,WA5FSO
פיג'ו צרפת,WA5FWC
פיג'ו צרפת,WA5FXC
פיג'ו צרפת,WC5FS9
פיג'ו צרפת,WC5FS9/1
פיג'ו צרפת,WC5FWF
פיג'ו צרפת,WCKFUC
פיג'ו צרפת,WCKFUC-P
פיג'ו צרפת,WM5FYC
פיג'ו צרפת,XND 7BWJZT
פיג'ו צרפת,XN___7AKFXE
פיג'ו צרפת,XRD 7BWJZT
פיג'ו צרפת,XRD__ABS+7EWJZT
פיג'ו צרפת,XS9HUC
פיג'ו צרפת,XSRHKH
פיג'ו צרפת,XTRHH8
פיג'ו צרפת,XURHKH
פיג'ו צרפת,ZKXZPZ
פיג'ו צרפת,גג+_6BRGXP
פיג'ו תורכיה,AB8HSC
פיג'ו תורכיה,AJFHZ0/H
פיג'ו תורכיה,AJFHZ0/PSH
פיג'ו תורכיה,GC9HWC-TR
פיג'ו תורכיה,GCKFWC-TR
פיג'ו תורכיה,GG9HXC
פיג'ו תורכיה,GGKFWC
פיגו איטליה,231BC2
פיגו איטליה,232BC2
פיגו איטליה,232VC2
פיגו איטליה,YC2MFA/GY
פיגו איטליה,YC2MFB/HY
פיגו איטליה,YC2MFC/HY
פיגו איטליה,YC2MGC/GY
פיגו איטליה,YCBMFC
פיגו איטליה,YCBNFA
פיגו איטליה,YCBNFB
פיגו איטליה,YCBNFC
פיגו איטליה,YCBNGC
פיגו איטליה,YCBPFA
פיגו איטליה,YCBPFB
פיגו איטליה,YCBPFC
פיגו איטליה,YCBPGC
פיגו איטליה,YCCPG
פיגו איטליה,YCDMFC
פיגו איטליה,YCF8F
פיגו איטליה,YCF8G
פיגו איטליה,YCTMFA/DY
פיגו איטליה,YCTMFB/EY
פיגו איטליה,YCTMFB/HY
פיגו איטליה,YCTMFC/EY
פיגו איטליה,YCTMFC/HY
פיגו איטליה,YCTMGC/DY
פיגו איטליה,ZBPMFB
פיגו מרוקו,UPHNS
פרארי,09RPB
פרארי,33EBE
פרארי,F 142 CDE
פרארי,F142 BBE
פרארי,F142 BBL
פרארי,F142 BDE
פרארי,F142 CBE
פרארי,F142-ABE
פרארי,F142-ADE
פרארי,F142-BBE
פרארי,F142-BDE
פרארי,F142CBE
פרארי,F142CDE
פרארי,F149-CDEL
פרארי,F149DDEL
פרארי,F151 BME
פרארי,F151 CM2
פרארי,F151 CME
פרארי,F151CME
פרארי,F152 ABE
פרארי,F152 BCE
פרארי,F152 BDE
פרארי,F152ABE
פרארי,F164 BAA
פרארי,F164 BCA
פרארי,F164 BCB
פרארי,F164 BCC
פרארי,F164BAA
פרארי,F167 ABA
פרארי,F167 ADA
פרארי,F171
פרארי,F171 KAA
פרארי,F171 KCA
פרארי,F171KAA
פרארי,F171KAC
פרארי,F173 HFA
פרארי,F173 HGF
פרארי,F173HGA
פרארי,F175 AHA
צ'אנג יאנג סין,4MN0N2
צ'רי סין,ABDBF
צ'רי סין,ACDEE
צ'רי סין,AGCBJ
צ'רי סין,BBDAT
צ'רי סין,BBDAT6
צ'רי סין,BBDEE
צ'רי סין,BBDEG
צ'רי סין,BDDEH
צ'רי סין,DB21B
צ'רי סין,GTBHD
"קאדילאק ארהב""",6KY69
"קאדילאק ארהב""",6T35726
"קאדילאק ארהב""",A85S6
"קאדילאק ארהב""",A85SX
"קאדילאק ארהב""",A95RX
"קאדילאק ארהב""",A95SX
"קאדילאק ארהב""",A95SY
"קאדילאק ארהב""",C39ML
"קאדילאק ארהב""",C3MML
"קאדילאק ארהב""",D85R6
"קאדילאק ארהב""",D85RK
"קאדילאק ארהב""",D91E3
"קאדילאק ארהב""",D91ED
"קאדילאק ארהב""",D95E3
"קאדילאק ארהב""",D95E5
"קאדילאק ארהב""",D95ED
"קאדילאק ארהב""",D95EY
"קאדילאק ארהב""",DB67A
"קאדילאק ארהב""",DC67A
"קאדילאק ארהב""",DF57T
"קאדילאק ארהב""",DM5
"קאדילאק ארהב""",DM56T
"קאדילאק ארהב""",DM57T
"קאדילאק ארהב""",DP 577
"קאדילאק ארהב""",DP577
"קאדילאק ארהב""",DR57V
"קאדילאק ארהב""",DU57V
"קאדילאק ארהב""",DV1EP
"קאדילאק ארהב""",DV5EP
"קאדילאק ארהב""",DW677
"קאדילאק ארהב""",DW67V
"קאדילאק ארהב""",DW77
"קאדילאק ארהב""",DZ5EG
"קאדילאק ארהב""",DZ5EV
"קאדילאק ארהב""",FLLEETWOOD TDW69
"קאדילאק ארהב""",FN9RS
"קאדילאק ארהב""",FZ9R4
"קאדילאק ארהב""",K38MR
"קאדילאק ארהב""",K95RS
"קאדילאק ארהב""",KN9R4
"קאדילאק ארהב""",KN9RS
"קאדילאק ארהב""",KNDRS
"קאדילאק ארהב""",KP9RS
"קאדילאק ארהב""",KPTRL
"קאדילאק ארהב""",KPURL
"קאדילאק ארהב""",KPWRL
"קאדילאק ארהב""",KS5
"קאדילאק ארהב""",KY5
"קאדילאק ארהב""",LEMK
"קאדילאק ארהב""",LEMKL
"קאדילאק ארהב""",S3KKL
"קאדילאק ארהב""",S3LKL
"קאדילאק ארהב""",S47KJ
"קאדילאק ארהב""",S47KL
"קאדילאק ארהב""",S48KJ
"קאדילאק ארהב""",S4AKL
"קאדילאק ארהב""",S4BKL
"קאדילאק ארהב""",S4CKL
"קאדילאק ארהב""",S4DKL
"קאדילאק ארהב""",S4EKL
"קאדילאק ארהב""",S4EKT
"קאדילאק ארהב""",S4FKL
"קאדילאק ארהב""",S4GKL
"קאדילאק ארהב""",S4HKJ
"קאדילאק ארהב""",S4KKL
"קאדילאק ארהב""",S4LKL
"קאדילאק ארהב""",S4MKL
"קאדילאק ארהב""",S4PKL
"קאדילאק ארהב""",S4RKL
"קאדילאק ארהב""",S9ARL
"קאדילאק ארהב""",S9CRL
"קאדילאק ארהב""",S9GRL
"קאדילאק ארהב""",S9HR9
"קאדילאק ארהב""",S9RRL
"קאדילאק ארהב""",SEVILLE STS KY5
"קאדילאק ארהב""",SEVILLESLS KS5
"קאדילאק ארהב""",T35726
"קאדילאק ארהב""",T35756
"קאדילאק ארהב""",TE8KL
"קאדילאק ארהב""",TECKL
"קאדילאק ארהב""",TEDKL
"קאדילאק ארהב""",TEEFL
"קאדילאק ארהב""",TEEKL
"קאדילאק ארהב""",TEFKL
"קאדילאק ארהב""",X06T35726
"קאדילאק ארהב""",XP8RL
קאדילאק מכסיקו,FN9E3
קאדילאק מכסיקו,FN9E5
קאדילאק מכסיקו,FN9EY
קאדילאק מכסיקו,K38MR
קארמה ארה''ב,6E4SB1
קארמה ארה''ב,6E4SSX
קארמה ארה''ב,GS-6
קוואן סין,LEFU PLUS
קופרה סין,KR1B7D
קופרה סין,KR1C8D
קופרה ספרד,KL-KU1BFZ
קופרה ספרד,KL-KU1BHZ
קופרה ספרד,KL-KU1CIZ
קופרה ספרד,KL-KUGB5Z
קופרה ספרד,KM-KMPB5Z
קופרה ספרד,KM-KMPBOT
קופרה ספרד,KM7BEZ
קופרה ספרד,KM7BUY
קופרה ספרד,KM7CQT
קופרה ספרד,KM7CVY
קופרה ספרד,KMPB5Z
קופרה ספרד,KMPC3T
קופרה ספרד,KUGB5Z
קופרה ספרד,KUGCIZ
קופרה צ'כיה,5FPKBPCJS
קופרה צ'כיה,KBPCJS
"קיה ארהב""",J4442
"קיה ארהב""",K53AF1
"קיה ארהב""",RKDLF7
"קיה ארהב""",RL4LC3
קיה מכסיקו,A24AD1
קיה מכסיקו,A341AB
קיה מכסיקו,A341CB
קיה מכסיקו,A351AB
קיה סלובקיה,DM514A
קיה סלובקיה,FF2333
קיה סלובקיה,FF2423
קיה סלובקיה,FF5223
קיה סלובקיה,FF5242
קיה סלובקיה,FF5243
קיה סלובקיה,FF5252
קיה סלובקיה,H1519A
קיה סלובקיה,H2514G
קיה סלובקיה,H4F14G
קיה סלובקיה,H4F15G
קיה סלובקיה,H4F19G
קיה סלובקיה,H5814G
קיה סלובקיה,H5815G
קיה סלובקיה,H5819
קיה סלובקיה,H5819G
קיה סלובקיה,H5F14G
קיה סלובקיה,H5F15G
קיה סלובקיה,H7F15G
קיה סלובקיה,HB516A
קיה סלובקיה,HB516B
קיה סלובקיה,HC812B
קיה סלובקיה,HM513G
קיה סלובקיה,HM516A
קיה סלובקיה,HM816A
קיה סלובקיה,HN313G
קיה סלובקיה,HN513G
קיה סלובקיה,HN516B
קיה סלובקיה,HN516G
קיה סלובקיה,HN813G
קיה סלובקיה,HN816B
קיה סלובקיה,HN816G
קיה סלובקיה,PB811B
קיה סלובקיה,PB814B
קיה סלובקיה,PB81BB
קיה סלובקיה,PC811B
קיה סלובקיה,PC811D
קיה סלובקיה,PC814B
קיה סלובקיה,PC81BB
קיה סלובקיה,PC81BD
קיה סלובקיה,PG812G
קיה סלובקיה,PG812H
קיה סלובקיה,PG814B
קיה סלובקיה,PG816G
קיה סלובקיה,PG81AB
קיה סלובקיה,PH812
קיה סלובקיה,PH816G
קיה סלובקיה,PH81AB
קיה סלובקיה,PK813D
קיה סלובקיה,PK816H
קיה סלובקיה,PU3DG
קיה סלובקיה,PU81AG
קיה סלובקיה,PU81AH
קיה סלובקיה,PU81BG
קיה סלובקיה,PU81DB
קיה סלובקיה,PV8
קיה סלובקיה,PV81BG
קיה סלובקיה,PV81DB
קיה סלובקיה,PV81G
קיה סלובקיה,PV81GB
קיה סלובקיה,PV81HD
קיה סלובקיה,PX81GB
קיה סלובקיה,PX81HD
קיה קוריאה,A191GF
קיה קוריאה,A281CG
קיה קוריאה,A381CG
קיה קוריאה,A481DG
קיה קוריאה,A681DG
קיה קוריאה,AAAA
קיה קוריאה,AB
קיה קוריאה,AC811
קיה קוריאה,AD815
קיה קוריאה,AE815
קיה קוריאה,B3511A
קיה קוריאה,B3511B
קיה קוריאה,B3512B
קיה קוריאה,B3516A
קיה קוריאה,B3518J
קיה קוריאה,B351A
קיה קוריאה,B351AJ
קיה קוריאה,BA2433
קיה קוריאה,BD512B
קיה קוריאה,BX312A
קיה קוריאה,BX312B
קיה קוריאה,BX5119
קיה קוריאה,BX511A
קיה קוריאה,BX511B
קיה קוריאה,BX512B
קיה קוריאה,C34LA0
קיה קוריאה,C381AF
קיה קוריאה,C481AF
קיה קוריאה,C481CP
קיה קוריאה,C5P21
קיה קוריאה,CB81CG
קיה קוריאה,CC81CG
קיה קוריאה,CC81GF
קיה קוריאה,CD81DG
קיה קוריאה,CM81DG
קיה קוריאה,CP81E
קיה קוריאה,CP81EG
קיה קוריאה,CR811
קיה קוריאה,CR811F
קיה קוריאה,CR81E
קיה קוריאה,CR81EG
קיה קוריאה,CS81FG
קיה קוריאה,CT811
קיה קוריאה,D418UK
קיה קוריאה,D6811A
קיה קוריאה,D6811G
קיה קוריאה,D6814A
קיה קוריאה,D6814B
קיה קוריאה,D6817G
קיה קוריאה,DA2422
קיה קוריאה,DA2423
קיה קוריאה,DC2212
קיה קוריאה,DC2213
קיה קוריאה,DC2233
קיה קוריאה,DC2433
קיה קוריאה,DC511G
קיה קוריאה,DC514B
קיה קוריאה,DC517G
קיה קוריאה,DD817G
קיה קוריאה,DE2213
קיה קוריאה,DE2233
קיה קוריאה,DE2242
קיה קוריאה,DE2413
קיה קוריאה,DE2433
קיה קוריאה,DEE2242
קיה קוריאה,DH511B
קיה קוריאה,DM411A
קיה קוריאה,DM412A
קיה קוריאה,DM514A
קיה קוריאה,DN412A
קיה קוריאה,DN412B
קיה קוריאה,DN511A
קיה קוריאה,DN512A
קיה קוריאה,DN512B
קיה קוריאה,DN514A
קיה קוריאה,E351AB
קיה קוריאה,E551CB
קיה קוריאה,E551CD
קיה קוריאה,EG5213
קיה קוריאה,EN2AA
קיה קוריאה,EP2AA
קיה קוריאה,F3416
קיה קוריאה,F3416B
קיה קוריאה,F5PA1-A52DZ1
קיה קוריאה,FA2222
קיה קוריאה,FA2223
קיה קוריאה,FA2252
קיה קוריאה,FA2253
קיה קוריאה,FA2422
קיה קוריאה,FA2423
קיה קוריאה,FA2472
קיה קוריאה,FA2473
קיה קוריאה,FB2222
קיה קוריאה,FB2223
קיה קוריאה,FB2273
קיה קוריאה,FB2423
קיה קוריאה,FB2433
קיה קוריאה,FB2473
קיה קוריאה,FC5243
קיה קוריאה,FC5263
קיה קוריאה,FC81A
קיה קוריאה,FC81B
קיה קוריאה,FE2223
קיה קוריאה,FE2273
קיה קוריאה,FE2423
קיה קוריאה,FF2423
קיה קוריאה,FG213
קיה קוריאה,FG5213
קיה קוריאה,FG5243
קיה קוריאה,FH2213
קיה קוריאה,FX411B
קיה קוריאה,FX41BG
קיה קוריאה,G44J8
קיה קוריאה,GC2223
קיה קוריאה,GC5223
קיה קוריאה,GD2243
קיה קוריאה,GE2223
קיה קוריאה,GE223
קיה קוריאה,GE2262
קיה קוריאה,GE2263
קיה קוריאה,GE2273
קיה קוריאה,GEE2243
קיה קוריאה,GM4AD
קיה קוריאה,GN411B
קיה קוריאה,GN414B
קיה קוריאה,GN419B
קיה קוריאה,GU411B
קיה קוריאה,GU415G
קיה קוריאה,GU419G
קיה קוריאה,GU41EB
קיה קוריאה,GU4LC
קיה קוריאה,HATCHBACK SIG
קיה קוריאה,HM516A
קיה קוריאה,HT813B
קיה קוריאה,HT815G
קיה קוריאה,HU813B
קיה קוריאה,JA5435
קיה קוריאה,JA5533
קיה קוריאה,JA5535
קיה קוריאה,JA5633
קיה קוריאה,JA5635
קיה קוריאה,JC5218
קיה קוריאה,JC5248
קיה קוריאה,JE5518
קיה קוריאה,JE5538
קיה קוריאה,JE_5538
קיה קוריאה,JN816B
קיה קוריאה,JN816G
קיה קוריאה,JP812B
קיה קוריאה,JT813A
קיה קוריאה,JT813B
קיה קוריאה,JT815B
קיה קוריאה,JU811B
קיה קוריאה,JU813A
קיה קוריאה,JU813B
קיה קוריאה,JU815B
קיה קוריאה,KH813D
קיה קוריאה,KU811B
קיה קוריאה,KU811D
קיה קוריאה,KU814D
קיה קוריאה,KU816B
קיה קוריאה,KU816D
קיה קוריאה,KW4D4
קיה קוריאה,LD2243
קיה קוריאה,LD2253
קיה קוריאה,LN4D7
קיה קוריאה,MB7523
קיה קוריאה,MB7543
קיה קוריאה,MC5C1
קיה קוריאה,MTE1P
קיה קוריאה,NB4
קיה קוריאה,NB4H33
קיה קוריאה,NB5
קיה קוריאה,NB5H3
קיה קוריאה,NB5K3
קיה קוריאה,NB5KA
קיה קוריאה,NC5H3
קיה קוריאה,NC814B
קיה קוריאה,NC81BB
קיה קוריאה,ND5K3
קיה קוריאה,ND5KA
קיה קוריאה,NE5H3
קיה קוריאה,NE5K3
קיה קוריאה,NE5KA
קיה קוריאה,NG5K3
קיה קוריאה,NG5KA
קיה קוריאה,PC811B
קיה קוריאה,PC811D
קיה קוריאה,PC813D
קיה קוריאה,PH 81BB
קיה קוריאה,PH813B
קיה קוריאה,PH813D
קיה קוריאה,PH815D
קיה קוריאה,PH81BD
קיה קוריאה,PU3DG
קיה קוריאה,PV3DG
קיה קוריאה,RF4JG
קיה קוריאה,RG81GB
קיה קוריאה,RH81BG
קיה קוריאה,RH81BH
קיה קוריאה,RH81DB
קיה קוריאה,RH81GB
קיה קוריאה,RH81GD
קיה קוריאה,RM81HD
קיה קוריאה,SD0312
קיה קוריאה,SD0612
קיה קוריאה,SDO112
קיה קוריאה,SE L1D31
קיה קוריאה,SE0632
קיה קוריאה,SEO132
קיה קוריאה,SEO332
קיה קוריאה,SEPHIA-GLX FA2273
קיה קוריאה,SJX76A
קיה קוריאה,TA2422
קיה קוריאה,TB2412
קיה קוריאה,TB2812
קיה קוריאה,UP7513
קיה קוריאה,UP7523
קיי גי מוביליט,0A1E2
קיי גי מוביליט,0A1E3
קיי גי מוביליט,20B1Y
קיי גי מוביליט,40B1E
קיי גי מוביליט,E0A1R
קיי גי מוביליט,E0A1Y
קיי גי מוביליט,X62EE
"קרייזלר ארהב""",'כר2+_300M EB6G
"קרייזלר ארהב""",(סגור) רנגלר YN9S
"קרייזלר ארהב""",(סגור)_רנגלר YA9S
"קרייזלר ארהב""",(פתוח) רנגלר YN9S
"קרייזלר ארהב""",(פתוח)_רנגלר YA9S
"קרייזלר ארהב""",300M/SR EB6G
"קרייזלר ארהב""",6B8K
"קרייזלר ארהב""",6E85
"קרייזלר ארהב""",A2D1
"קרייזלר ארהב""",A3H1
"קרייזלר ארהב""",A49S
"קרייזלר ארהב""",A5H1
"קרייזלר ארהב""",AA9S
"קרייזלר ארהב""",AB41
"קרייזלר ארהב""",AB91
"קרייזלר ארהב""",AB9S
"קרייזלר ארהב""",ABS שירוקי גרנד
"קרייזלר ארהב""",AN9S
"קרייזלר ארהב""",B4HA
"קרייזלר ארהב""",BG8A
"קרייזלר ארהב""",BG8B
"קרייזלר ארהב""",C1BG
"קרייזלר ארהב""",C1GG
"קרייזלר ארהב""",CB6K
"קרייזלר ארהב""",CB6R
"קרייזלר ארהב""",CF6D
"קרייזלר ארהב""",CF6R
"קרייזלר ארהב""",CHEROKEE FN8M
"קרייזלר ארהב""",DJCT
"קרייזלר ארהב""",DJDG
"קרייזלר ארהב""",DJGJ
"קרייזלר ארהב""",DWCA
"קרייזלר ארהב""",EB6G
"קרייזלר ארהב""",F2GB
"קרייזלר ארהב""",F4FB
"קרייזלר ארהב""",F5FB
"קרייזלר ארהב""",FB8S
"קרייזלר ארהב""",FF7B
"קרייזלר ארהב""",FF7W
"קרייזלר ארהב""",FF8B
"קרייזלר ארהב""",FF8W
"קרייזלר ארהב""",G145R
"קרייזלר ארהב""",GJ45R
"קרייזלר ארהב""",GJXAG
"קרייזלר ארהב""",GP45R
"קרייזלר ארהב""",GP54R
"קרייזלר ארהב""",GP55R
"קרייזלר ארהב""",HJTA
"קרייזלר ארהב""",HJXCG
"קרייזלר ארהב""",HJXDN
"קרייזלר ארהב""",HJXE
"קרייזלר ארהב""",HJXFG
"קרייזלר ארהב""",J
"קרייזלר ארהב""",JB8S צירוקי
"קרייזלר ארהב""",JBGX
"קרייזלר ארהב""",JCAA
"קרייזלר ארהב""",JCCA
"קרייזלר ארהב""",JDAB
"קרייזלר ארהב""",JDDB
"קרייזלר ארהב""",JEAG
"קרייזלר ארהב""",JFAG
"קרייזלר ארהב""",JFAM
"קרייזלר ארהב""",JFBG
"קרייזלר ארהב""",JFBM
"קרייזלר ארהב""",JFCG
"קרייזלר ארהב""",JFCM
"קרייזלר ארהב""",JFCT
"קרייזלר ארהב""",JFDJ
"קרייזלר ארהב""",JFJM
"קרייזלר ארהב""",JFLG
"קרייזלר ארהב""",JFLM
"קרייזלר ארהב""",JHBG
"קרייזלר ארהב""",JHCG
"קרייזלר ארהב""",JHDG
"קרייזלר ארהב""",JJAG
"קרייזלר ארהב""",JJTAG
"קרייזלר ארהב""",JJTAM
"קרייזלר ארהב""",JJTBG
"קרייזלר ארהב""",JJXP
"קרייזלר ארהב""",JJXR
"קרייזלר ארהב""",JKAG
"קרייזלר ארהב""",JKBG
"קרייזלר ארהב""",JKDG
"קרייזלר ארהב""",JKEG
"קרייזלר ארהב""",JKET
"קרייזלר ארהב""",JLAB
"קרייזלר ארהב""",JLCB
"קרייזלר ארהב""",JLDB
"קרייזלר ארהב""",JLLB
"קרייזלר ארהב""",JMBS
"קרייזלר ארהב""",JMCB
"קרייזלר ארהב""",JMCK
"קרייזלר ארהב""",JMCN
"קרייזלר ארהב""",JMCS
"קרייזלר ארהב""",JMDB
"קרייזלר ארהב""",JMDN
"קרייזלר ארהב""",JMDS
"קרייזלר ארהב""",JMLN
"קרייזלר ארהב""",JN8M_CHEROKEE
"קרייזלר ארהב""",JRAB
"קרייזלר ארהב""",JTAG
"קרייזלר ארהב""",JTAM
"קרייזלר ארהב""",JTBG
"קרייזלר ארהב""",JTBM
"קרייזלר ארהב""",JTEG
"קרייזלר ארהב""",JTFG
"קרייזלר ארהב""",JTFM
"קרייזלר ארהב""",JVBT
"קרייזלר ארהב""",JVEJ
"קרייזלר ארהב""",JVFJ
"קרייזלר ארהב""",JVGJ
"קרייזלר ארהב""",JWAG
"קרייזלר ארהב""",JWCG
"קרייזלר ארהב""",JWDG
"קרייזלר ארהב""",JWEG
"קרייזלר ארהב""",JWFG
"קרייזלר ארהב""",JXAG
"קרייזלר ארהב""",JXAN
"קרייזלר ארהב""",JXBN
"קרייזלר ארהב""",JXCG
"קרייזלר ארהב""",JXCN
"קרייזלר ארהב""",JXDG
"קרייזלר ארהב""",JXDM
"קרייזלר ארהב""",JXDN
"קרייזלר ארהב""",JXEG
"קרייזלר ארהב""",JXEM
"קרייזלר ארהב""",JXEN
"קרייזלר ארהב""",JXFG
"קרייזלר ארהב""",JXFM
"קרייזלר ארהב""",JXFN
"קרייזלר ארהב""",JXP5
"קרייזלר ארהב""",JXP6
"קרייזלר ארהב""",JXR6
"קרייזלר ארהב""",JXSJ
"קרייזלר ארהב""",JYC6
"קרייזלר ארהב""",JYD6
"קרייזלר ארהב""",LB6R
"קרייזלר ארהב""",LB6U
"קרייזלר ארהב""",LB6V
"קרייזלר ארהב""",LB8K
"קרייזלר ארהב""",LE_נאון SA7C
"קרייזלר ארהב""",M145R
"קרייזלר ארהב""",MB6C
"קרייזלר ארהב""",MB6C סטרטוס
"קרייזלר ארהב""",MB6H
"קרייזלר ארהב""",MJ45R
"קרייזלר ארהב""",MP45R
"קרייזלר ארהב""",MP54R
"קרייזלר ארהב""",N5GK
"קרייזלר ארהב""",NB8K
"קרייזלר ארהב""",R4GG
"קרייזלר ארהב""",R4GK
"קרייזלר ארהב""",R4GM
"קרייזלר ארהב""",R5GG
"קרייזלר ארהב""",R5GK
"קרייזלר ארהב""",R5GM
"קרייזלר ארהב""",R6GG
"קרייזלר ארהב""",SA6C
"קרייזלר ארהב""",SB6C
"קרייזלר ארהב""",SE ניאון SA7C
"קרייזלר ארהב""",SH41
"קרייזלר ארהב""",SH4P
"קרייזלר ארהב""",UB8K
"קרייזלר ארהב""",W1R
"קרייזלר ארהב""",WB8N
"קרייזלר ארהב""",XXXX
"קרייזלר ארהב""",ן'ויז EB6F
"קרייזלר ארהב""",ר'וואג MP45R
"קרייזלר ארהב""",ר'וואג גרנד G P44R
קרייזלר מכסיקו,DCAB
קרייזלר מכסיקו,G47B
קרייזלר מכסיקו,G4FB
קרייזלר מכסיקו,G57B
קרייזלר מכסיקו,GB7B
קרייזלר מכסיקו,JCCB
קרייזלר מכסיקו,JDCH
קרייזלר מכסיקו,JDDB
קרייזלר מכסיקו,PTCRUISER EB89
קרייזלר מכסיקו,PTCRUISER EN 89
קרייזלר מכסיקו,PTCRUISER YB89
קרייזלר מכסיקו,PTCRUISER YBB9
קרייזלר מכסיקו,YB89
קרייזלר מכסיקו,YB8B
קרייזלר קנדה,AB3G
קרייזלר קנדה,C17H
קרייזלר קנדה,C1AG
קרייזלר קנדה,C1BG
קרייזלר קנדה,C1CG
קרייזלר קנדה,C1DG
קרייזלר קנדה,C1FG
קרייזלר קנדה,C1GG
קרייזלר קנדה,C1N7
קרייזלר קנדה,C1ZG
קרייזלר קנדה,CACG
קרייזלר קנדה,CADG
קרייזלר קנדה,CAEG
קרייזלר קנדה,CAPG
קרייזלר קנדה,CASG
קרייזלר קנדה,CDZC
קרייזלר קנדה,DGBG
קרייזלר קנדה,DXHG
קרייזלר קנדה,DZBT
קרייזלר קנדה,GP44R
קרייזלר קנדה,GP54L
קרייזלר קנדה,JXFG
קרייזלר קנדה,MP54L
קרייזלר קנדה,S4D1
קרייזלר קנדה,S5D1
קרייזלר קנדה,S5DG
קרייזלר קנדה,S6DG
קרייזלר קנדה,TOWN COUNTRY GP44R
קרייזלר קנדה,TOWN COUNTRY GP54R
קרייזלר קנדה,TOWN COUNTRY MP44R
קרייזלר קנדה,TOWN COUNTRY MP54R
קרייזלר-אוסטרי,2E8A
קרייזלר-אוסטרי,2E8N
קרייזלר-אוסטרי,3E8M
קרייזלר-אוסטרי,3E8N
קרייזלר-אוסטרי,8E3G
קרייזלר-אוסטרי,8E3V
קרייזלר-אוסטרי,AE3G
קרייזלר-אוסטרי,CE8M
קרייזלר-אוסטרי,CE8N
קרייזלר-אוסטרי,CE8P
קרייזלר-אוסטרי,GRAND CHEROKE WB8N
קרייזלר-אוסטרי,GRAND CHEROKE WE82
קרייזלר-אוסטרי,GRAND CHEROKE WE8N
קרייזלר-אוסטרי,GRAND CHROKEE WC8N
קרייזלר-אוסטרי,GRANDCHEROKEE ZB8Y
קרייזלר-אוסטרי,GYB1R
קרייזלר-אוסטרי,GYB3R
קרייזלר-אוסטרי,R48K
קרייזלר-אוסטרי,וואגור גרנד GYB4R
קרייזלר-אוסטרי,ירוקי'צ גרנד WC8N
קרייזלר-אוסטרי,ר'וואג GYB2R
רובר אנגליה,119E9
רובר אנגליה,119F4
רובר אנגליה,177.003
רובר אנגליה,1A2B4
רובר אנגליה,1A2B7
רובר אנגליה,1A2B9
רובר אנגליה,1A2BW
רובר אנגליה,1L9E4
רובר אנגליה,1L9FU
רובר אנגליה,1L9FU5
רובר אנגליה,1M9FU
רובר אנגליה,1P9EU
רובר אנגליה,1V9E7
רובר אנגליה,216 SI רובר
רובר אנגליה,216SI RFYW
רובר אנגליה,416 SLI RTCL
רובר אנגליה,420SDI RTZL
רובר אנגליה,45 RTXL
רובר אנגליה,A1BG
רובר אנגליה,A2BE
רובר אנגליה,A2BG
רובר אנגליה,A2BN
רובר אנגליה,A5BG
רובר אנגליה,AIBG
רובר אנגליה,CA2BC
רובר אנגליה,CA2BE
רובר אנגליה,CA2BG
רובר אנגליה,CA2BN
רובר אנגליה,CA2BT
רובר אנגליה,CA2BX
רובר אנגליה,CA2DN
רובר אנגליה,CMAM
רובר אנגליה,DEFENDER 110
רובר אנגליה,EA6BU
רובר אנגליה,EA6BW
רובר אנגליה,EA7BN
רובר אנגליה,EA7BU
רובר אנגליה,EA7BW
רובר אנגליה,FA24
רובר אנגליה,FA2B
רובר אנגליה,FREELANDER LNAA
רובר אנגליה,FREELANDER LNAB
רובר אנגליה,GA2BE
רובר אנגליה,GA2BJ
רובר אנגליה,GA2BK
רובר אנגליה,GA2BV
רובר אנגליה,GA2BW
רובר אנגליה,GA2BY
רובר אנגליה,GA2E
רובר אנגליה,GA2FE
רובר אנגליה,GA2FJ
רובר אנגליה,GA2FK
רובר אנגליה,GA2FV
רובר אנגליה,GA2J
רובר אנגליה,GA2K
רובר אנגליה,GA2V
רובר אנגליה,GA3BE
רובר אנגליה,GA3BJ
רובר אנגליה,GA3BY
רובר אנגליה,GA3FE
רובר אנגליה,GA3FJ
רובר אנגליה,GA3J
רובר אנגליה,GA3K
רובר אנגליה,HODDC0
רובר אנגליה,K19E9
רובר אנגליה,K19F4
רובר אנגליה,K1BE9
רובר אנגליה,KA9B4
רובר אנגליה,KA9B7
רובר אנגליה,KA9B9
רובר אנגליה,KA9BW
רובר אנגליה,KABB7
רובר אנגליה,KABB9
רובר אנגליה,KABBW
רובר אנגליה,KP9E7
רובר אנגליה,KP9E9
רובר אנגליה,KP9FU
רובר אנגליה,KPBE7
רובר אנגליה,KPBE9
רובר אנגליה,KPBFU
רובר אנגליה,L1A2BW
רובר אנגליה,LAAA
רובר אנגליה,LDHA
רובר אנגליה,LDHM
רובר אנגליה,LDKA
רובר אנגליה,LDKV
רובר אנגליה,LDVA
רובר אנגליה,LDVB
רובר אנגליה,LJGB
רובר אנגליה,LJGM
רובר אנגליה,LMAM
רובר אנגליה,LNAA
רובר אנגליה,LNAB
רובר אנגליה,LOHA
רובר אנגליה,LOHM
רובר אנגליה,LPAM
רובר אנגליה,LSAA
רובר אנגליה,LTGM
רובר אנגליה,LZB2BS
רובר אנגליה,MGF RDWB
רובר אנגליה,RA2BK
רובר אנגליה,RA2BN
רובר אנגליה,RA2BW
רובר אנגליה,RDWB
רובר אנגליה,RENGE LPAM
רובר אנגליה,RENGE ROVER LPAM
רובר אנגליה,RFMN
רובר אנגליה,RFMN 214
רובר אנגליה,RFMW
רובר אנגליה,RFMW 214 SI
רובר אנגליה,RFXN
רובר אנגליה,RFXW
רובר אנגליה,RFYN
רובר אנגליה,RFYW
רובר אנגליה,RHCL 623
רובר אנגליה,RHWL
רובר אנגליה,RHWL 620 TI
רובר אנגליה,RHYL 620 SI
רובר אנגליה,RHZL 620 SI
רובר אנגליה,RJHL
רובר אנגליה,RJSL
רובר אנגליה,RJXL
רובר אנגליה,RJZL
רובר אנגליה,RM4EU
רובר אנגליה,RSCL 825
רובר אנגליה,RSSL 825
רובר אנגליה,RTML 420 SDI
רובר אנגליה,RTXL
רובר אנגליה,RTZL
רובר אנגליה,RTZL 420 SDI
רובר אנגליה,S5JM2K
רובר אנגליה,VA2B
רובר אנגליה,VA2BG
רובר אנגליה,VA2BN
רובר אנגליה,VA2BX
רובר אנגליה,VA5BG
רובר אנגליה,VA5BN
רובר אנגליה,VA5BX
רובר אנגליה,W2BY
רובר אנגליה,WA2B
רובר אנגליה,WA2BE
רובר אנגליה,WA2BJ
רובר אנגליה,WA2BK
רובר אנגליה,WA2BU
רובר אנגליה,WA2BV
רובר אנגליה,WA2BW
רובר אנגליה,WA2BX
רובר אנגליה,WA2BY
רובר אנגליה,WA2E
רובר אנגליה,WA2FE
רובר אנגליה,WA2FJ
רובר אנגליה,WA2FK
רובר אנגליה,WA2FN
רובר אנגליה,WA2FV
רובר אנגליה,WA2J
רובר אנגליה,WA2K
רובר אנגליה,WA2V
רובר אנגליה,WR2SU
רובר אנגליה,WR4RY
רובר אנגליה,WZ2RE
רובר אנגליה,XWMB
רובר אנגליה,XWML
רובר אנגליה,XWWB
רובר אנגליה,XWYL
רובר אנגליה,XWYW
רובר אנגליה,YA2 BX
רובר אנגליה,YA2BE
רובר אנגליה,YA2BK
רובר אנגליה,YA2BN
רובר אנגליה,YA2BV
רובר אנגליה,YA2BW
רובר אנגליה,YA2BX
רובר אנגליה,YA2BY
רובר אנגליה,YK2FX
רובר אנגליה,YL2EU
רובר אנגליה,ZA2BN
רובר אנגליה,ZA2BT
רובר אנגליה,ZA2BX
רובר אנגליה,ZB2BS
רולס-רויס,13HA
רולס-רויס,21HA
רולס-רויס,31HA
רולס-רויס,41GZ
רולס-רויס,TD21
רולס-רויס,TF21
רולס-רויס,TK21
רולס-רויס,TK41
רולס-רויס,TV61
ריהיי סין,LR6DAN
ריהיי סין,LR6DAP
ריהיי סין,LR6JAL
ריהיי סין,LR6JAM
רנו אנגליה,FLBCA6
רנו אנגליה,FLBCB6
רנו אנגליה,JLBCA6
רנו ד.קוריאה,LTF00E
רנו ד.קוריאה,RJL00
רנו ד.קוריאה,RZG00
רנו ד.קוריאה,VY00G2
רנו ד.קוריאה,VY0A0M
רנו ד.קוריאה,VY0C02
רנו ד.קוריאה,VY0C0V
רנו טורקיה,5R0G0H
רנו טורקיה,5R400E
רנו טורקיה,5R5A0H
רנו טורקיה,5RA63D
רנו טורקיה,5RB20A
רנו טורקיה,5RBJ0D
רנו טורקיה,5RBU0D
רנו טורקיה,7R400E
רנו טורקיה,7R5A0H
רנו טורקיה,7RBJ0D
רנו טורקיה,7RBU0D
רנו טורקיה,BR1B0A
רנו טורקיה,BR1BSA
רנו טורקיה,BR1SSH
רנו טורקיה,BR26SA
רנו טורקיה,BZA10A
רנו טורקיה,BZAG0T
רנו טורקיה,BZAGOT
רנו טורקיה,BZAL0E
רנו טורקיה,BZALOE
רנו טורקיה,BZAR0A
רנו טורקיה,BZL20T
רנו טורקיה,BZLF0E
רנו טורקיה,BZLK0T
רנו טורקיה,FF1
רנו טורקיה,LB0PCA CL2
רנו טורקיה,LBM10A
רנו טורקיה,LM0FC5
רנו טורקיה,LM0J0A
רנו טורקיה,LM0J0H
רנו טורקיה,LM0U0A
רנו טורקיה,LM1R0A
רנו טורקיה,LM1R0H
רנו טורקיה,LMR20A
רנו טורקיה,LMRFC5
רנו טורקיה,LMS40A
רנו טורקיה,LMSFB5
רנו טורקיה,LMSFC5
רנו טורקיה,LZB10A
רנו טורקיה,LZBD06
רנו טורקיה,LZBG0T
רנו טורקיה,LZBGOT
רנו טורקיה,LZBL0E
רנו טורקיה,LZBLOE
רנו טורקיה,LZBR0A
רנו טורקיה,LZBZ0L
רנו טורקיה,LZL20T
רנו טורקיה,LZLF06
רנו טורקיה,LZLF0E
רנו טורקיה,LZLFOE
רנו טורקיה,LZLK0T
רנו טורקיה,LZLKOT
רנו טורקיה,LZVJ09
רנו טורקיה,LZVM0H
רנו טורקיה,LZVU0J
רנו טורקיה,R9800
רנו טורקיה,RFB00
רנו טורקיה,RJA00
רנו טורקיה,SR400E
רנו מרוקו,RJK00
רנו סלובניה,AHB25A
רנו סלובניה,AHB40D
רנו סלובניה,RJA00
רנו ספרד,2R011A
רנו ספרד,2R031A
רנו ספרד,2R0515
רנו ספרד,2R401E
רנו ספרד,2R5A1H
רנו ספרד,2RAJ1D
רנו ספרד,2RAU1D
רנו ספרד,5R930D
רנו ספרד,7RBJ0D
רנו ספרד,AMG RT1.6 BAOFOG
רנו ספרד,B56L0G
רנו ספרד,B56LKC 2.0RTA
רנו ספרד,B56SK5 LAG RT 1.8
רנו ספרד,B57BB5 CLIO ALIZE3
רנו ספרד,B57BB5 CLIO RT3
רנו ספרד,B57BB5CLIOALIZ.A01
רנו ספרד,B57BK5 CLIO RN2
רנו ספרד,B57BK5 CLIO RT2
רנו ספרד,BA0402
רנו ספרד,BA0405
רנו ספרד,BA0A05 RMG RND
רנו ספרד,BA0A0E RMG RND
רנו ספרד,BA0B02 MGB 1.6A EX
רנו ספרד,BA0B05 MGB 1.6 EX
רנו ספרד,BA0D05 MGB 1.4 EX
רנו ספרד,BA0E05 RMG RL 1.4
רנו ספרד,BA0E05 RMG RN 1.4
רנו ספרד,BA0F02
רנו ספרד,BA0F02 RMG RN 1.6A
רנו ספרד,BA0F02 RMG RT 1.6A
רנו ספרד,BA0F02 RMG RT+1.6A
רנו ספרד,BA0F0D RMG RN 1.6
רנו ספרד,BA0F0D RMG RT 1.6
רנו ספרד,BA0N02
רנו ספרד,BA0NM5
רנו ספרד,BA0R05 MG 1.9D_RXE
רנו ספרד,BA0U05 RMG RN 1.9D
רנו ספרד,BA0W05
רנו ספרד,BA1U05 MGB 1.9TDEX
רנו ספרד,BB07CF
רנו ספרד,BB0A0F CL2
רנו ספרד,BB0C0F
רנו ספרד,BB0D0A
רנו ספרד,BB0J0E
רנו ספרד,BB0L0A
רנו ספרד,BB0L0F CL2 1.4 RXE
רנו ספרד,BB0S0F CL2 1.4 RXE
רנו ספרד,BB1DOF
רנו ספרד,BB1LOF
רנו ספרד,BBILOA
רנו ספרד,BBOD0F CL2 1.6TXR
רנו ספרד,BBOFBF CL2 1.2 RTE
רנו ספרד,BBOFCF
רנו ספרד,BBOPOA
רנו ספרד,BBOPOF
רנו ספרד,BBOWCF
רנו ספרד,BBOWOH CL2 1.2R AU
רנו ספרד,BM0J0A
רנו ספרד,BM0U0A
רנו ספרד,BM1R0A
רנו ספרד,BMOF05
רנו ספרד,BMOFO5
רנו ספרד,BMOHOH
רנו ספרד,BMOJAA
רנו ספרד,BMOJOA
רנו ספרד,BMOJOH
רנו ספרד,BMOJOH MB2
רנו ספרד,BMOUOA
רנו ספרד,BMR20A
רנו ספרד,BMRF05
רנו ספרד,BR1SSH
רנו ספרד,BR26SA
רנו ספרד,CB0A0F
רנו ספרד,CB0M0F 2.0 RS
רנו ספרד,CB1C0F
רנו ספרד,CBOFBF
רנו ספרד,CL2 RN1.2 CB0A0F
רנו ספרד,CL2_BBOEOE 1.9 RTD
רנו ספרד,CLAS2.0 RTA LAOGOA
רנו ספרד,CLIO ALIZE B57J05
רנו ספרד,CM0J0A
רנו ספרד,CM0J0H
רנו ספרד,CM0U0A
רנו ספרד,CM1R0H
רנו ספרד,CMOJAA
רנו ספרד,CMOJOA
רנו ספרד,CMOJOH MC2
רנו ספרד,DA0305
רנו ספרד,DA0402
רנו ספרד,DA0405
רנו ספרד,DA04B5 MGD 1.6 RT
רנו ספרד,DA0B02
רנו ספרד,DA0B05
רנו ספרד,DA0F02 RMG RN 1.6A
רנו ספרד,DA0F0F RMG RN 1.6
רנו ספרד,DA0F0G RMG RN1.6
רנו ספרד,DA0H05 RMG RT 2.0
רנו ספרד,DA0P05 MGD 2.0 DY
רנו ספרד,DZ1106
רנו ספרד,DZ1802
רנו ספרד,DZ1N06
רנו ספרד,DZ1P01
רנו ספרד,DZ1P0T
רנו ספרד,DZ1POT
רנו ספרד,DZ3603
רנו ספרד,DZY106
רנו ספרד,FLB1A8
רנו ספרד,FLB1AE
רנו ספרד,FLB1B8
רנו ספרד,FLB1BE
רנו ספרד,FLB1D2
רנו ספרד,FLB1DS
רנו ספרד,FLBCA6
רנו ספרד,FLBCB6
רנו ספרד,FLBCC6
רנו ספרד,FLBCD6
רנו ספרד,FLBHA6
רנו ספרד,FLBHB6
רנו ספרד,FLBHD6
רנו ספרד,JLB7AA
רנו ספרד,JLBCA6
רנו ספרד,JLBHA6
רנו ספרד,JLBHAS
רנו ספרד,JLBHBH
רנו ספרד,JLBHBS
רנו ספרד,KZ0903
רנו ספרד,KZ2Y0J
רנו ספרד,KZ3603
רנו ספרד,KZ490J
רנו ספרד,KZS00E
רנו ספרד,LA0402
רנו ספרד,LA0405
רנו ספרד,LA04B5
רנו ספרד,LA0A0E RMG RND1.9D
רנו ספרד,LA0B02
רנו ספרד,LA0B05
רנו ספרד,LA0D05
רנו ספרד,LA0G02 RMG RT 2.0A
רנו ספרד,LA0N02
רנו ספרד,LA0NM5 MG 1.9 TDI
רנו ספרד,LA0R05 MG 1.9D RXE
רנו ספרד,LA0W05
רנו ספרד,LA1U05
רנו ספרד,LAGUNA 2.0 B56LOF
רנו ספרד,LAOEO5
רנו ספרד,LAOEO5 RMG RN1.4
רנו ספרד,LAOEO5 RMGRL 1.4
רנו ספרד,LAOFOF RMG RN1.6
רנו ספרד,LAOFOF RMG RNA 1.6
רנו ספרד,LAOFOF RMG RT1.6
רנו ספרד,LAOFOF RMG RTA 1.6
רנו ספרד,LAOFOF RMG RTA1.6
רנו ספרד,MASTER FDCCH5
רנו ספרד,R8700
רנו ספרד,REF00
רנו ספרד,RFB00
רנו ספרד,RFE00
רנו ספרד,RFE004
רנו ספרד,RHN00
רנו ספרד,RJB00
רנו ספרד,RMG RT 1.6 LAOFOG
רנו צרפת,1.9 DTI KCOUAF KAN
רנו צרפת,1.9D K KCOJAF KAN
רנו צרפת,2.8 TDI FDCCD5 MTR
רנו צרפת,3FL012
רנו צרפת,3FL013
רנו צרפת,3FL018
רנו צרפת,453F02 R19 RN.A1.8
רנו צרפת,453F02 R19 RT A1.8
רנו צרפת,553F02 R19 RN.A1.8
רנו צרפת,553F02 R19 RT.A1.8
רנו צרפת,5R4M0E
רנו צרפת,5R930D
רנו צרפת,AG000
רנו צרפת,AG0006
רנו צרפת,AGVYB4
רנו צרפת,AGVYB5
רנו צרפת,AGVYF0
רנו צרפת,AGVYF3
רנו צרפת,B53805 R19 RTI 1.8
רנו צרפת,B53A05 R19 RN 1.4I
רנו צרפת,B53A05 R19 RT 1.4I
רנו צרפת,B56C02 LAG RTA 2.0
רנו צרפת,B56L02 RXE 2.0A
רנו צרפת,B57BB1 CLI RT3A+AB
רנו צרפת,B57BB1 CLIORT3.AT
רנו צרפת,B57BK1 CLI RN2A+AB
רנו צרפת,B57BK1 CLI RT2A+AB
רנו צרפת,B57BK1 CLIO RN2 AT
רנו צרפת,B57BK1 CLIO RT2 AT
רנו צרפת,B57J01 CLIO ALIZ.A
רנו צרפת,BA0F02 RMG RN1.6 A
רנו צרפת,BA0F02 RMG RT1.6 A
רנו צרפת,BA0F02 RMG RT1.6A
רנו צרפת,BB1DOA
רנו צרפת,BB1LOF
רנו צרפת,BG0J0A
רנו צרפת,BG0K0A
רנו צרפת,BG0KOA
רנו צרפת,BG1PBA
רנו צרפת,BGODOB
רנו צרפת,BGOJOA
רנו צרפת,BGOKOA
רנו צרפת,BGRF0B
רנו צרפת,BJOVOB
רנו צרפת,BR1B0A
רנו צרפת,C0635P R TWINGO EP
רנו צרפת,C0660E
רנו צרפת,CB1NOF
רנו צרפת,CM0M06
רנו צרפת,CR1N06
רנו צרפת,CRJN06
רנו צרפת,CRK806
רנו צרפת,DA_EXP_DEP F4OEM5
רנו צרפת,DTI KCOVBF KAN
רנו צרפת,DTI KCOVEF KAN
רנו צרפת,F40EM5 EXP D 1.9DA
רנו צרפת,F40EM5 EXP DS 1.9
רנו צרפת,F40SM1 EXP AUT 1.4
רנו צרפת,F40SM1 EXP CB3 AUT
רנו צרפת,F40SM5 EXP CB3 1.4
רנו צרפת,F40SM5 EXP CB3 DA
רנו צרפת,FC0JAF KAN
רנו צרפת,FCOEAF KAN
רנו צרפת,FCOJAF KEX 1.9D RL
רנו צרפת,FDCMD5
רנו צרפת,FDCMH5
רנו צרפת,FDCUD6
רנו צרפת,FDCUH5
רנו צרפת,FDCUH6
רנו צרפת,FDCUM5
רנו צרפת,FDCUM6
רנו צרפת,FL000
רנו צרפת,FW000
רנו צרפת,G40C05 EXP D 1.9DA
רנו צרפת,G40CM5 EXP D 1.9DA
רנו צרפת,G40CM5 EXP D EP DA
רנו צרפת,G40CM5 EXP DS 1.9
רנו צרפת,JA020A
רנו צרפת,JA0402
רנו צרפת,JA0405
רנו צרפת,JA04B5
רנו צרפת,JA04N2
רנו צרפת,JA04N5
רנו צרפת,JA0502
רנו צרפת,JA0B02
רנו צרפת,JA0C02
רנו צרפת,JA0F02
רנו צרפת,JA0F02 RMG SCENIC
רנו צרפת,JA0F05 RMG SCENIC
רנו צרפת,JA0G0A RMG SCENIC
רנו צרפת,JA0N02
רנו צרפת,JA0NN5
רנו צרפת,JA1B02
רנו צרפת,JA1BO2
רנו צרפת,JAA50E
רנו צרפת,JAACOE
רנו צרפת,JAOB05
רנו צרפת,JAOF05
רנו צרפת,JBABD5
רנו צרפת,JKOHCB SP4
רנו צרפת,JL000
רנו צרפת,JM0J0A
רנו צרפת,JM0J0H
רנו צרפת,JM0U0A
רנו צרפת,JM0UDA
רנו צרפת,JM1R0A
רנו צרפת,JZ090E
רנו צרפת,JZ09B3
רנו צרפת,JZ09BE
רנו צרפת,JZ0G0T
רנו צרפת,JZ0GBT
רנו צרפת,JZ1P01
רנו צרפת,JZ1P0T
רנו צרפת,JZ1PB1
רנו צרפת,JZ1PBT
רנו צרפת,JZ49BJ
רנו צרפת,JZS0BE
רנו צרפת,K560G5 LAG NEV 1.8
רנו צרפת,K560K5 LAG NEV 1.8
רנו צרפת,K56L0A LAG NEV 2.0
רנו צרפת,KAN-RL FCOEDF
רנו צרפת,KC084F
רנו צרפת,KC0EDF KAN RN 1.9D
רנו צרפת,KC0EDF KAN RT 1.9D
רנו צרפת,KC0EDF KAN RT+ 1.9
רנו צרפת,KC0SAA
רנו צרפת,KC1EVF
רנו צרפת,KCE8EF
רנו צרפת,KCOEAF KAN
רנו צרפת,KCOJEF
רנו צרפת,KCOJEF KAN AU
רנו צרפת,KCOJEF KAN EX
רנו צרפת,KCOSAA
רנו צרפת,KCOVAF KAN
רנו צרפת,KCTEEF
רנו צרפת,KCTGEF
רנו צרפת,KG0K0A
רנו צרפת,KW04B3
רנו צרפת,KW0BB5
רנו צרפת,KW0DBA
רנו צרפת,KW0EB5
רנו צרפת,KW14B3
רנו צרפת,KW25B5
רנו צרפת,KW28B5
רנו צרפת,KW2BS5
רנו צרפת,KW2DCB
רנו צרפת,KW2UBA
רנו צרפת,KW32H2
רנו צרפת,KW41B1
רנו צרפת,KWR8B3
רנו צרפת,KWV3CA
רנו צרפת,KWY3BA
רנו צרפת,L53805 R19 RTI 1.8
רנו צרפת,L53A01 R19 RN.A1.4
רנו צרפת,L53A01 R19 RT.A1.4
רנו צרפת,L53A05 R19 RN 1.4I
רנו צרפת,L53A05 R19 RT 1.4I
רנו צרפת,L53A05 R19RNDA 1.4
רנו צרפת,MA
רנו צרפת,MA000
רנו צרפת,MASTER FDCCH5
רנו צרפת,P0100
רנו צרפת,RCB
רנו צרפת,RCB00
רנו צרפת,RCB001
רנו צרפת,RDA00
רנו צרפת,RFA00
רנו צרפת,RFK00
רנו צרפת,RTE KCOJAF KAN
רנו צרפת,RTWINGOEA C066OG
רנו צרפת,SAFRANE RXE
רנו צרפת,SR4M0E
רנו צרפת,TWINGO C0660E
רנו צרפת,WK000
רנו רומניה,BSRAMA
רנו רומניה,KSR0M5
רנו רומניה,KSR0MA
רנו רומניה,KSR0W5
רנו רומניה,KSRK3H
רנו-בלגיה,357E05 CLIO RSI2
רנו-בלגיה,C57H05 CLIO RSI2
רנו-בלגיה,DA0F02 RMG RN 1.6A
רנו-בלגיה,DA0F0D RMG RN 1.6
רנו-בלגיה,DA0H05 RMG  RT 2.0
"שברולט ארהב""",'חל+CAVALIER 1JC69
"שברולט ארהב""",12P43
"שברולט ארהב""",14H43
"שברולט ארהב""",195SA
"שברולט ארהב""",195SX
"שברולט ארהב""",1AG
"שברולט ארהב""",1AG37
"שברולט ארהב""",1AK37
"שברולט ארהב""",1AK67
"שברולט ארהב""",1FB48
"שברולט ארהב""",1FF48
"שברולט ארהב""",1FG48
"שברולט ארהב""",1FH1R
"שברולט ארהב""",1JC69
"שברולט ארהב""",1JF67
"שברולט ארהב""",1JF69
"שברולט ארהב""",1LD56
"שברולט ארהב""",1LD69
"שברולט ארהב""",1NC56
"שברולט ארהב""",1ND69
"שברולט ארהב""",1NE69
"שברולט ארהב""",1YC07
"שברולט ארהב""",1Z95S
"שברולט ארהב""",1ZF69
"שברולט ארהב""",1ZH69
"שברולט ארהב""",1ZK69
"שברולט ארהב""",1ZT69
"שברולט ארהב""",3NL69
"שברולט ארהב""",411YC07
"שברולט ארהב""",CAVALIER_1JC37
"שברולט ארהב""",CK10706
"שברולט ארהב""",CK10906
"שברולט ארהב""",CK15706
"שברולט ארהב""",CK15906
"שברולט ארהב""",CM11006
"שברולט ארהב""",CR14526
"שברולט ארהב""",CS10803
"שברולט ארהב""",CT 15506
"שברולט ארהב""",CT10803
"שברולט ארהב""",CT15506
"שברולט ארהב""",CT15806
"שברולט ארהב""",CU11416
"שברולט ארהב""",CU12216
"שברולט ארהב""",CV14526
"שברולט ארהב""",ER8KW
"שברולט ארהב""",ER9KS
"שברולט ארהב""",ER9KW
"שברולט ארהב""",ERFKW
"שברולט ארהב""",ERLRS
"שברולט ארהב""",EV8KW
"שברולט ארהב""",EV9KS
"שברולט ארהב""",EV9KW
"שברולט ארהב""",EVGRS
"שברולט ארהב""",EVHKW
"שברולט ארהב""",EVJKS
"שברולט ארהב""",EVJRS
"שברולט ארהב""",EVKKS
"שברולט ארהב""",EVLRS
"שברולט ארהב""",F19RS
"שברולט ארהב""",F91RS
"שברולט ארהב""",F93DS
"שברולט ארהב""",FA1RS
"שברולט ארהב""",FB1RS
"שברולט ארהב""",FB1RX
"שברולט ארהב""",FB3DS
"שברולט ארהב""",FB3DS1
"שברולט ארהב""",FB3DX
"שברולט ארהב""",FC3DS
"שברולט ארהב""",FD1RS
"שברולט ארהב""",FD1RX
"שברולט ארהב""",FD3DS
"שברולט ארהב""",FD3DX
"שברולט ארהב""",FE1R7
"שברולט ארהב""",FF1R
"שברולט ארהב""",FF1R7
"שברולט ארהב""",FF3D7
"שברולט ארהב""",FG1R7
"שברולט ארהב""",FH1R7
"שברולט ארהב""",FH3D7
"שברולט ארהב""",FK1R6
"שברולט ארהב""",FY6S0
"שברולט ארהב""",G95G3
"שברולט ארהב""",GAVALLER סדן 1JC69
"שברולט ארהב""",IZT69
"שברולט ארהב""",JXFG
"שברולט ארהב""",K10706
"שברולט ארהב""",K10906
"שברולט ארהב""",P85SC
"שברולט ארהב""",PG5SP
"שברולט ארהב""",PTFEK
"שברולט ארהב""",S68RL
"שברולט ארהב""",S6TKL
"שברולט ארהב""",SCFKD
"שברולט ארהב""",SKBED
"שברולט ארהב""",SKCKD
"שברולט ארהב""",SKCKJ
"שברולט ארהב""",SKGKL
"שברולט ארהב""",SKJKC
"שברולט ארהב""",SKMKD
"שברולט ארהב""",SKNKD
"שברולט ארהב""",SKPKD
"שברולט ארהב""",SKPKL
"שברולט ארהב""",SKRKD
"שברולט ארהב""",SKTKL
"שברולט ארהב""",SONOMA CS10653
"שברולט ארהב""",SONOMA CT10653
"שברולט ארהב""",TK15706
"שברולט ארהב""",Y62D4
"שברולט ארהב""",Y63D4
"שברולט ארהב""",Y72D
"שברולט ארהב""",Y72D4
"שברולט ארהב""",Y73D4
"שברולט ארהב""",Y82D4
"שברולט ארהב""",Y83D4
"שברולט ארהב""",Y92D4
"שברולט ארהב""",Y93D4
"שברולט ארהב""",YA2D
"שברולט ארהב""",YA2D4
"שברולט ארהב""",YA3D4
"שברולט ארהב""",YB2D4
"שברולט ארהב""",YB2D7
"שברולט ארהב""",YB3D4
"שברולט ארהב""",YC2D4
"שברולט ארהב""",YC3D4
"שברולט ארהב""",YD2D3
"שברולט ארהב""",YE3D3
"שברולט ארהב""",YF2D3
"שברולט ארהב""",YF3D3
"שברולט ארהב""",YH2D7
"שברולט ארהב""",YK2D4
"שברולט ארהב""",YM3D4
"שברולט ארהב""",Z95E0
"שברולט ארהב""",Z95E1
"שברולט ארהב""",Z95E7
"שברולט ארהב""",Z95ST
"שברולט ארהב""",מליבו  1ND69
שברולט ד.קוריא,7LME2
שברולט ד.קוריא,7LNE2
שברולט ד.קוריא,7LPE2
שברולט ד.קוריא,7LRE2
שברולט ד.קוריא,9M1SL
שברולט ד.קוריא,9M2SL
שברולט ד.קוריא,9M3SL
שברולט ד.קוריא,CD6E1
שברולט ד.קוריא,CH6EA
שברולט ד.קוריא,CH6SA
שברולט ד.קוריא,CJ6C7
שברולט ד.קוריא,CJ6E7
שברולט ד.קוריא,CJ6ED
שברולט ד.קוריא,CM6C7
שברולט ד.קוריא,CM6E7
שברולט ד.קוריא,CM6EA
שברולט ד.קוריא,CM6ED
שברולט ד.קוריא,CM6SA
שברולט ד.קוריא,DC53R
שברולט ד.קוריא,DC63G
שברולט ד.קוריא,FC1E3
שברולט ד.קוריא,FC5E3
שברולט ד.קוריא,FC5E4
שברולט ד.קוריא,FC5E5
שברולט ד.קוריא,FC5E6
שברולט ד.קוריא,FC5E9
שברולט ד.קוריא,FC5ER
שברולט ד.קוריא,FC5EU
שברולט ד.קוריא,FC6EC
שברולט ד.קוריא,FC6EG
שברולט ד.קוריא,JD7E5
שברולט ד.קוריא,JD7E8
שברולט ד.קוריא,JH6E8
שברולט ד.קוריא,JJ523
שברולט ד.קוריא,JJ526
שברולט ד.קוריא,JJ543
שברולט ד.קוריא,JJ546
שברולט ד.קוריא,JJ5D6
שברולט ד.קוריא,JJ5EF
שברולט ד.קוריא,JJ646
שברולט ד.קוריא,JJ6D6
שברולט ד.קוריא,JJ6EF
שברולט ד.קוריא,JJ7E5
שברולט ד.קוריא,JJ7E8
שברולט ד.קוריא,JM5EE
שברולט ד.קוריא,JM6EE
שברולט ד.קוריא,PD5E8
שברולט ד.קוריא,PD9E8
שברולט ד.קוריא,PJ5E
שברולט ד.קוריא,PJ5E8
שברולט ד.קוריא,PJ5EE
שברולט ד.קוריא,PJ6E8
שברולט ד.קוריא,PJ6EE
שברולט ד.קוריא,PJ8E5
שברולט ד.קוריא,PJ8E8
שברולט ד.קוריא,PJ9E8
שברולט ד.קוריא,PJ9EY
שברולט ד.קוריא,PM55
שברולט ד.קוריא,PM5E5
שברולט ד.קוריא,PM5E8
שברולט ד.קוריא,SA48W
שברולט ד.קוריא,TA48F
שברולט ד.קוריא,TA69E
שברולט ד.קוריא,TF483
שברולט ד.קוריא,TJ517
שברולט ד.קוריא,TJ527
שברולט ד.קוריא,TJ52A
שברולט ד.קוריא,TJ587
שברולט ד.קוריא,TJ627
שברולט ד.קוריא,TJ62A
שברולט ד.קוריא,TM527
שברולט ד.קוריא,TM547
שברולט ד.קוריא,TM5D7
שברולט ד.קוריא,TM627
שברולט ד.קוריא,TM64W
שברולט ד.קוריא,TM6DW
שברולט ד.קוריא,UM92Z
שברולט ד.קוריא,UM94Z
שברולט ד.קוריא,VJ54Z
שברולט ד.קוריא,VM58L
שברולט ד.קוריא,YA758
שברולט מקסיקו,1JC37
שברולט מקסיקו,1JC69
שברולט מקסיקו,1JF69
שברולט מקסיקו,AL7E5
שברולט מקסיקו,AL7EK
שברולט מקסיקו,AL9EK
שברולט מקסיקו,AX9EG
שברולט מקסיקו,AX9EV
שברולט מקסיקו,B85SM
שברולט מקסיקו,B86SM
שברולט מקסיקו,FL7E5
שברולט מקסיקו,FL7EK
שברולט מקסיקו,KB8R4
שברולט מקסיקו,KB8RS
שברולט מקסיקו,KD9RJ
שברולט קנדה,135S3
שברולט קנדה,155S3
שברולט קנדה,175S3
שברולט קנדה,1WF19
שברולט קנדה,1WH19
שברולט קנדה,1WN69
שברולט קנדה,1WW27
שברולט קנדה,AL9EK
שברולט קנדה,FCIEV
שברולט קנדה,FL9EK
שברולט קנדה,LUMINA LTZ 1WN69
שברולט קנדה,LUMINA-LTZ_1WN69
שברולט קנדה,LUMINA-S_1WL69
שברולט קנדה,גג+LUMINA LTZ1WN69
