wav_file,start_time_s,end_time_s
2024-09-30_11-22-17_0000053,0.20565333333333333,0.24405333333333334
2024-09-30_11-22-17_0000053,0.68352,0.72192
2024-09-30_11-22-17_0000053,1.0205866666666668,1.1229866666666666
2024-09-30_11-22-17_0000053,1.1784533333333334,1.2637866666666666
2024-09-30_11-22-17_0000053,1.3149866666666667,1.3789866666666666
2024-09-30_11-22-19_0000054,1.0205866666666668,1.0717866666666667
2024-09-30_11-22-19_0000054,1.1485866666666666,1.23392
2024-09-30_11-22-19_0000054,1.2893866666666667,1.4216533333333334
2024-09-30_11-22-21_0000055,1.4472533333333333,1.4856533333333333
2024-09-30_11-22-21_0000055,1.5581866666666666,1.6221866666666667
2024-09-30_11-22-21_0000055,3.4312533333333333,3.465386666666667
2024-09-30_11-22-21_0000055,3.53792,3.57632
2024-09-30_11-22-25_0000056,0.022186666666666667,0.09472
2024-09-30_11-22-25_0000056,0.15445333333333333,0.21845333333333333
2024-09-30_11-22-25_0000056,1.0845866666666666,1.1229866666666666
2024-09-30_11-22-25_0000056,1.78432,1.82272
2024-09-30_11-22-25_0000056,1.8824533333333333,1.9208533333333333
2024-09-30_11-22-25_0000056,1.97632,2.02752
2024-09-30_11-22-25_0000056,2.1597866666666667,2.1981866666666665
2024-09-30_11-22-25_0000056,2.27072,2.36032
2024-09-30_11-22-25_0000056,2.38592,2.4328533333333335
2024-09-30_11-22-25_0000056,3.8237866666666664,3.8664533333333333
2024-09-30_11-22-25_0000056,3.913386666666667,3.96032
2024-09-30_11-22-25_0000056,4.015786666666667,4.084053333333333
2024-09-30_11-22-25_0000056,4.143786666666666,4.258986666666667
2024-09-30_11-22-25_0000056,4.429653333333333,4.519253333333333
2024-09-30_11-22-25_0000056,4.84352,4.911786666666667
2024-09-30_11-22-25_0000056,4.97152,5.03552
2024-09-30_11-22-25_0000056,5.120853333333334,5.2360533333333334
2024-09-30_11-22-25_0000056,5.261653333333333,5.3597866666666665
2024-09-30_11-22-25_0000056,5.428053333333334,5.526186666666667
2024-09-30_11-22-25_0000056,5.61152,5.679786666666667
2024-09-30_11-22-25_0000056,5.705386666666667,5.81632
2024-09-30_11-22-25_0000056,5.858986666666667,5.965653333333333
2024-09-30_11-22-25_0000056,6.464853333333333,6.626986666666666
2024-09-30_11-22-32_0000057,0.99072,1.0589866666666667
2024-09-30_11-22-32_0000057,1.3960533333333334,1.4600533333333334
2024-09-30_11-22-34_0000058,1.02912,1.08032
2024-09-30_11-22-34_0000058,1.55392,1.60512
2024-09-30_11-22-34_0000058,1.6733866666666666,1.7160533333333334
2024-09-30_11-22-34_0000058,1.78432,1.84832
2024-09-30_11-22-34_0000058,1.9037866666666667,1.9549866666666667
2024-09-30_11-22-34_0000058,2.1000533333333333,2.1512533333333335
2024-09-30_11-22-34_0000058,2.53952,2.5949866666666668
2024-09-30_11-22-34_0000058,2.7485866666666667,2.80832
2024-09-30_11-22-38_0000059,0.70912,0.77312
2024-09-30_11-22-38_0000059,0.8797866666666667,0.95232
2024-09-30_11-22-40_0000060,2.0104533333333334,2.048853333333333
2024-09-30_11-22-42_0000061,0.09898666666666667,0.13738666666666666
2024-09-30_11-22-42_0000061,0.29952,0.3549866666666667
2024-09-30_11-22-42_0000061,0.38912,0.43178666666666665
2024-09-30_11-22-42_0000061,0.49152,0.5384533333333333
2024-09-30_11-22-42_0000061,0.5768533333333333,0.6493866666666667
2024-09-30_11-22-42_0000061,0.6877866666666667,0.7261866666666666
2024-09-30_11-22-42_0000061,0.88832,0.9608533333333333
2024-09-30_11-22-42_0000061,1.01632,1.0717866666666667
2024-09-30_11-22-42_0000061,1.1357866666666667,1.2296533333333333
2024-09-30_11-22-42_0000061,1.2637866666666666,1.3576533333333334
2024-09-30_11-22-42_0000061,1.38752,1.4344533333333334
2024-09-30_11-22-42_0000061,1.48992,1.57952
2024-09-30_11-22-42_0000061,1.6264533333333333,1.8141866666666666
2024-09-30_11-22-42_0000061,1.8909866666666666,2.09152
2024-09-30_11-22-42_0000061,2.778453333333333,2.8168533333333334
2024-09-30_11-22-49_0000062,0.82432,0.86272
2024-09-30_11-22-49_0000062,0.99072,1.05472
2024-09-30_11-22-49_0000062,1.10592,1.2125866666666667
2024-09-30_11-22-49_0000062,1.23392,1.3405866666666666
2024-09-30_11-22-49_0000062,1.92512,1.9805866666666667
2024-09-30_11-22-49_0000062,2.0445866666666666,2.1000533333333333
2024-09-30_11-22-49_0000062,2.1512533333333335,2.24512
2024-09-30_11-22-49_0000062,2.28352,2.3773866666666668
2024-09-30_11-22-49_0000062,2.4157866666666665,2.5224533333333334
2024-09-30_11-22-49_0000062,2.56512,2.61632
2024-09-30_11-22-49_0000062,2.6760533333333334,2.7400533333333335
2024-09-30_11-22-49_0000062,2.78272,2.82112
2024-09-30_11-22-49_0000062,3.0685866666666666,3.14112
2024-09-30_11-22-49_0000062,3.1837866666666668,3.2221866666666665
2024-09-30_11-22-49_0000062,3.49952,3.53792
2024-09-30_11-22-55_0000064,0.49152,0.5512533333333334
2024-09-30_11-23-01_0000066,0.7688533333333334,0.79872
2024-09-30_11-23-01_0000066,0.97792,1.08032
2024-09-30_11-23-01_0000066,1.11872,1.2253866666666666
2024-09-30_11-23-01_0000066,1.3832533333333332,1.45152
2024-09-30_11-23-01_0000066,1.6392533333333332,1.6776533333333334
2024-09-30_11-23-03_0000067,0.61952,0.6621866666666667
2024-09-30_11-23-03_0000067,0.86272,0.90112
2024-09-30_11-23-04_0000068,1.3021866666666666,1.37472
2024-09-30_11-23-04_0000068,1.4045866666666667,1.4728533333333333
2024-09-30_11-23-04_0000068,1.5069866666666667,1.6008533333333332
2024-09-30_11-23-04_0000068,1.63072,1.6989866666666666
2024-09-30_11-23-04_0000068,1.7373866666666666,1.8013866666666667
2024-09-30_11-23-04_0000068,1.83552,1.9037866666666667
2024-09-30_11-23-04_0000068,1.9592533333333333,2.00192
2024-09-30_11-23-04_0000068,2.0445866666666666,2.0872533333333334
2024-09-30_11-23-04_0000068,2.1512533333333335,2.210986666666667
2024-09-30_11-23-04_0000068,2.2493866666666666,2.300586666666667
2024-09-30_11-23-04_0000068,2.3261866666666666,2.38592
2024-09-30_11-23-04_0000068,2.5437866666666666,2.6504533333333335
2024-09-30_11-23-04_0000068,2.73152,2.7869866666666665
2024-09-30_11-23-04_0000068,2.9064533333333333,2.9789866666666667
2024-09-30_11-23-04_0000068,3.017386666666667,3.06432
2024-09-30_11-23-04_0000068,3.1368533333333333,3.1880533333333334
2024-09-30_11-23-04_0000068,3.2392533333333335,3.2861866666666666
2024-09-30_11-23-04_0000068,3.324586666666667,3.367253333333333
2024-09-30_11-23-04_0000068,3.53792,3.5933866666666665
2024-09-30_11-23-04_0000068,3.64032,3.7085866666666667
2024-09-30_11-23-04_0000068,3.7512533333333336,3.815253333333333
2024-09-30_11-23-04_0000068,3.968853333333333,4.015786666666667
2024-09-30_11-23-08_0000069,1.00352,1.08032
2024-09-30_11-23-08_0000069,1.1485866666666666,1.3320533333333333
2024-09-30_11-23-08_0000069,1.3832533333333332,1.4856533333333333
2024-09-30_11-23-08_0000069,2.01472,2.0573866666666665
2024-09-30_11-23-08_0000069,2.1213866666666665,2.1853866666666666
2024-09-30_11-23-08_0000069,2.7400533333333335,2.812586666666667
2024-09-30_11-23-08_0000069,3.0429866666666667,3.094186666666667
2024-09-30_11-23-11_0000070,0.76032,0.82432
2024-09-30_11-23-11_0000070,0.9736533333333334,1.0632533333333334
2024-09-30_11-23-11_0000070,1.1101866666666667,1.1528533333333333
2024-09-30_11-23-11_0000070,1.2381866666666668,1.2808533333333334
2024-09-30_11-23-11_0000070,1.8909866666666666,1.9293866666666666
2024-09-30_11-23-11_0000070,2.0232533333333333,2.0872533333333334
2024-09-30_11-23-11_0000070,2.266453333333333,2.34752
2024-09-30_11-23-11_0000070,2.4328533333333335,2.4925866666666665
2024-09-30_11-23-11_0000070,3.1965866666666667,3.33312
2024-09-30_11-23-11_0000070,3.674453333333333,3.7085866666666667
2024-09-30_11-23-21_0000072,0.6408533333333334,0.72192
2024-09-30_11-23-21_0000072,0.7688533333333334,0.9736533333333334
2024-09-30_11-23-21_0000072,0.9821866666666667,1.05472
2024-09-30_11-23-21_0000072,1.0888533333333332,1.1613866666666666
2024-09-30_11-23-21_0000072,1.19552,1.2893866666666667
2024-09-30_11-23-21_0000072,1.4301866666666667,1.54112
2024-09-30_11-23-21_0000072,2.1896533333333332,2.3816533333333334
2024-09-30_11-23-21_0000072,2.3901866666666667,2.518186666666667
2024-09-30_11-23-21_0000072,2.6504533333333335,2.78272
2024-09-30_11-23-21_0000072,2.94912,3.0216533333333335
2024-09-30_11-23-21_0000072,3.23072,3.3416533333333334
2024-09-30_11-23-21_0000072,3.4141866666666667,3.49952
2024-09-30_11-23-31_0000074,0.022186666666666667,0.060586666666666664
2024-09-30_11-23-31_0000074,0.5128533333333334,0.5512533333333334
2024-09-30_11-23-31_0000074,0.7176533333333334,0.76032
2024-09-30_11-23-31_0000074,0.9736533333333334,1.0504533333333332
2024-09-30_11-23-31_0000074,1.31072,1.3576533333333334
2024-09-30_11-23-31_0000074,1.5112533333333333,1.64352
2024-09-30_11-23-31_0000074,1.6989866666666666,1.7544533333333334
2024-09-30_11-23-31_0000074,2.3773866666666668,2.4285866666666664
2024-09-30_11-23-31_0000074,2.799786666666667,2.8509866666666666
2024-09-30_11-23-31_0000074,3.00032,3.05152
2024-09-30_11-23-33_0000075,0.23552,0.28245333333333333
2024-09-30_11-23-33_0000075,0.43605333333333335,0.4829866666666667
2024-09-30_11-23-33_0000075,1.7885866666666668,1.8312533333333334
2024-09-30_11-23-33_0000075,1.9421866666666667,1.9976533333333333
2024-09-30_11-23-33_0000075,2.11712,2.18112
2024-09-30_11-23-37_0000076,0.034986666666666666,0.06485333333333333
2024-09-30_11-23-37_0000076,0.13738666666666666,0.16298666666666667
2024-09-30_11-23-37_0000076,0.4829866666666667,0.5213866666666667
2024-09-30_11-23-37_0000076,0.5896533333333334,0.6237866666666667
2024-09-30_11-23-37_0000076,0.6920533333333333,0.7389866666666667
2024-09-30_11-23-37_0000076,0.8029866666666666,0.83712
2024-09-30_11-23-41_0000077,0.34645333333333334,0.38912
2024-09-30_11-23-41_0000077,0.43178666666666665,0.50432
2024-09-30_11-23-41_0000077,0.54272,0.5981866666666666
2024-09-30_11-23-41_0000077,0.91392,0.9693866666666666
2024-09-30_11-23-41_0000077,1.02912,1.0717866666666667
2024-09-30_11-23-41_0000077,1.1229866666666666,1.18272
2024-09-30_11-23-41_0000077,1.4984533333333334,1.5453866666666667
2024-09-30_11-23-41_0000077,1.83552,1.8909866666666666
2024-09-30_11-23-41_0000077,2.05312,2.1000533333333333
2024-09-30_11-23-41_0000077,2.1512533333333335,2.210986666666667
2024-09-30_11-23-51_0000079,1.3320533333333333,1.37472
2024-09-30_11-23-51_0000079,1.4173866666666666,1.4685866666666667
2024-09-30_11-23-51_0000079,1.6349866666666666,1.69472
2024-09-30_11-23-51_0000079,1.89952,1.9549866666666667
2024-09-30_11-23-51_0000079,2.006186666666667,2.070186666666667
2024-09-30_11-23-51_0000079,2.11712,2.1640533333333334
2024-09-30_11-23-53_0000080,0.99072,1.0760533333333333
2024-09-30_11-23-53_0000080,1.1272533333333334,1.2296533333333333
2024-09-30_11-23-53_0000080,1.6733866666666666,1.7416533333333333
2024-09-30_11-23-55_0000081,0.30805333333333335,0.36352
2024-09-30_11-23-55_0000081,1.0077866666666666,1.0632533333333334
2024-09-30_11-23-55_0000081,1.40032,1.48992
2024-09-30_11-23-55_0000081,1.6349866666666666,1.6861866666666667
2024-09-30_11-23-55_0000081,1.7757866666666666,1.8269866666666668
2024-09-30_11-23-57_0000082,0.99072,1.02912
2024-09-30_11-23-57_0000082,1.0845866666666666,1.1357866666666667
2024-09-30_11-23-57_0000082,1.9080533333333334,1.9549866666666667
2024-09-30_11-23-58_0000083,0.54272,0.5896533333333334
2024-09-30_11-23-58_0000083,0.9608533333333333,1.04192
2024-09-30_11-23-58_0000083,1.4856533333333333,1.5581866666666666
2024-09-30_11-23-58_0000083,1.6392533333333332,1.6904533333333334
2024-09-30_11-23-58_0000083,1.74592,1.8141866666666666
2024-09-30_11-23-58_0000083,1.8696533333333334,1.9080533333333334
2024-09-30_11-24-05_0000085,0.36352,0.40192
2024-09-30_11-24-05_0000085,1.0632533333333334,1.11872
2024-09-30_11-24-05_0000085,1.19552,1.24672
2024-09-30_11-24-05_0000085,1.32352,1.37472
2024-09-30_11-24-05_0000085,1.4557866666666666,1.4813866666666666
2024-09-30_11-24-10_0000086,2.7869866666666665,2.8424533333333333
2024-09-30_11-24-10_0000086,2.89792,3.0045866666666665
2024-09-30_11-24-10_0000086,3.05152,3.12832
2024-09-30_11-24-10_0000086,3.1880533333333334,3.2392533333333335
2024-09-30_11-24-10_0000086,3.40992,3.4397866666666665
2024-09-30_11-24-10_0000086,3.4952533333333333,3.56352
2024-09-30_11-24-15_0000087,0.23125333333333334,0.27392
2024-09-30_11-24-15_0000087,0.78592,0.8200533333333333
2024-09-30_11-24-15_0000087,0.97792,1.0760533333333333
2024-09-30_11-24-15_0000087,1.3917866666666667,1.4344533333333334
2024-09-30_11-24-15_0000087,1.5880533333333333,1.6349866666666666
2024-09-30_11-24-15_0000087,3.0813866666666665,3.14112
2024-09-30_11-24-15_0000087,3.28192,3.3373866666666667
2024-09-30_11-24-15_0000087,3.388586666666667,3.47392
2024-09-30_11-24-15_0000087,3.51232,3.58912
2024-09-30_11-24-19_0000088,1.0077866666666666,1.0632533333333334
2024-09-30_11-24-19_0000088,1.3405866666666666,1.38752
2024-09-30_11-24-19_0000088,1.4472533333333333,1.5069866666666667
2024-09-30_11-24-19_0000088,2.4541866666666667,2.51392
2024-09-30_11-24-29_0000089,0.5981866666666666,0.6408533333333334
2024-09-30_11-24-31_0000090,1.1101866666666667,1.2424533333333334
2024-09-30_11-24-31_0000090,1.2552533333333333,1.40032
2024-09-30_11-24-31_0000090,1.66912,1.73312
2024-09-30_11-24-31_0000090,1.7885866666666668,1.8440533333333333
2024-09-30_11-24-31_0000090,2.0189866666666667,2.1128533333333333
2024-09-30_11-24-31_0000090,2.4456533333333335,2.5309866666666667
2024-09-30_11-24-34_0000091,1.0077866666666666,1.0632533333333334
2024-09-30_11-24-45_0000092,1.14432,1.18272
2024-09-30_11-24-45_0000092,1.27232,1.31072
2024-09-30_11-24-45_0000092,1.40032,1.43872
2024-09-30_11-24-45_0000092,1.52832,1.56672
2024-09-30_11-24-45_0000092,1.65632,1.69472
2024-09-30_11-24-55_0000095,0.60672,0.6621866666666667
2024-09-30_11-24-55_0000095,0.7816533333333333,0.88832
2024-09-30_11-24-55_0000095,1.1272533333333334,1.19552
2024-09-30_11-24-55_0000095,1.2509866666666667,1.3320533333333333
2024-09-30_11-24-55_0000095,1.3917866666666667,1.47712
2024-09-30_11-24-55_0000095,1.5112533333333333,1.5709866666666668
2024-09-30_11-24-57_0000096,0.84992,0.8925866666666666
2024-09-30_11-24-57_0000096,0.9736533333333334,1.04192
2024-09-30_11-24-57_0000096,1.40032,1.4813866666666666
2024-09-30_11-24-57_0000096,1.6349866666666666,1.69472
2024-09-30_11-24-57_0000096,1.75872,1.82272
2024-09-30_11-24-57_0000096,1.87392,1.9336533333333332
2024-09-30_11-24-57_0000096,4.412586666666667,4.463786666666667
2024-09-30_11-24-57_0000096,5.095253333333333,5.15072
2024-09-30_11-24-57_0000096,5.20192,5.274453333333334
2024-09-30_11-24-57_0000096,5.321386666666666,5.385386666666666
2024-09-30_11-24-57_0000096,6.247253333333333,6.388053333333334
2024-09-30_11-24-57_0000096,6.41792,6.6952533333333335
2024-09-30_11-24-57_0000096,7.16032,7.220053333333333
2024-09-30_11-25-05_0000097,0.03072,0.07338666666666667
2024-09-30_11-25-05_0000097,3.11552,3.149653333333333
2024-09-30_11-25-05_0000097,3.92192,3.98592
2024-09-30_11-25-12_0000098,0.9992533333333333,1.1101866666666667
2024-09-30_11-25-12_0000098,1.1528533333333333,1.24672
2024-09-30_11-25-12_0000098,1.2637866666666666,1.3405866666666666
2024-09-30_11-25-12_0000098,1.3661866666666667,1.50272
2024-09-30_11-25-12_0000098,1.5368533333333334,1.6861866666666667
2024-09-30_11-25-12_0000098,1.7416533333333333,1.82272
2024-09-30_11-25-12_0000098,1.8653866666666667,1.93792
2024-09-30_11-25-12_0000098,2.4840533333333332,2.55232
2024-09-30_11-25-16_0000099,0.5384533333333333,0.5768533333333333
2024-09-30_11-25-16_0000099,0.99072,1.0717866666666667
2024-09-30_11-25-16_0000099,1.1229866666666666,1.1784533333333334
2024-09-30_11-25-16_0000099,1.6008533333333332,1.6349866666666666
2024-09-30_11-25-16_0000099,1.9805866666666667,2.0189866666666667
2024-09-30_11-25-16_0000099,2.0829866666666668,2.12992
2024-09-30_11-25-16_0000099,2.1981866666666665,2.2365866666666667
2024-09-30_11-25-16_0000099,2.3048533333333334,2.3688533333333335
2024-09-30_11-25-25_0000101,1.1272533333333334,1.2168533333333333
2024-09-30_11-25-25_0000101,1.2552533333333333,1.4344533333333334
2024-09-30_11-25-25_0000101,1.4600533333333334,1.5880533333333333
2024-09-30_11-25-25_0000101,1.61792,1.7373866666666666
2024-09-30_11-25-25_0000101,1.7672533333333333,1.8312533333333334
2024-09-30_11-25-25_0000101,1.84832,1.9293866666666666
2024-09-30_11-25-31_0000103,0.16725333333333334,0.20565333333333333
2024-09-30_11-25-31_0000103,0.29098666666666667,0.37632
2024-09-30_11-25-31_0000103,0.4189866666666667,0.46165333333333336
2024-09-30_11-25-31_0000103,0.51712,0.58112
2024-09-30_11-25-31_0000103,0.6365866666666666,0.6749866666666666
2024-09-30_11-25-31_0000103,1.5581866666666666,1.6264533333333333
2024-09-30_11-25-31_0000103,1.68192,1.72032
2024-09-30_11-25-35_0000104,0.95232,1.16992
2024-09-30_11-25-35_0000104,1.2040533333333334,1.38752
2024-09-30_11-25-35_0000104,1.41312,1.5368533333333334
2024-09-30_11-25-35_0000104,1.59232,1.64352
2024-09-30_11-25-37_0000105,1.2296533333333333,1.29792
2024-09-30_11-25-37_0000105,1.3277866666666667,1.3917866666666667
2024-09-30_11-25-39_0000106,1.00352,1.0461866666666666
2024-09-30_11-25-40_0000107,1.0973866666666667,1.2424533333333334
2024-09-30_11-25-40_0000107,1.2680533333333333,1.3448533333333332
2024-09-30_11-25-43_0000108,1.6776533333333334,1.72032
2024-09-30_11-25-56_0000111,1.6477866666666667,1.6861866666666667
2024-09-30_11-26-11_0000112,1.0333866666666667,1.19552
2024-09-30_11-26-11_0000112,1.22112,1.3277866666666667
2024-09-30_11-26-11_0000112,1.3533866666666667,1.43872
2024-09-30_11-26-11_0000112,1.5624533333333332,1.6861866666666667
2024-09-30_11-26-18_0000114,1.09312,1.1485866666666666
2024-09-30_11-26-18_0000114,1.19552,1.2765866666666668
2024-09-30_11-26-18_0000114,1.32352,1.4088533333333333
2024-09-30_11-26-18_0000114,1.4472533333333333,1.50272
2024-09-30_11-26-18_0000114,1.5581866666666666,1.60512
2024-09-30_11-26-18_0000114,1.6605866666666667,1.7032533333333333
2024-09-30_11-26-25_0000115,0.9821866666666667,1.1016533333333334
2024-09-30_11-26-25_0000115,1.13152,1.2253866666666666
2024-09-30_11-26-25_0000115,1.25952,1.3533866666666667
2024-09-30_11-26-25_0000115,1.4301866666666667,1.57952
2024-09-30_11-26-25_0000115,1.6136533333333334,1.6776533333333334
2024-09-30_11-26-25_0000115,1.72032,1.77152
2024-09-30_11-26-25_0000115,1.83552,1.9080533333333334
2024-09-30_11-26-29_0000116,0.9736533333333334,1.06752
2024-09-30_11-26-29_0000116,1.0973866666666667,1.1912533333333333
2024-09-30_11-26-29_0000116,1.2253866666666666,1.3192533333333334
2024-09-30_11-26-29_0000116,1.3533866666666667,1.45152
2024-09-30_11-26-29_0000116,1.46432,1.55392
2024-09-30_11-26-29_0000116,1.5880533333333333,1.69472
2024-09-30_11-26-29_0000116,1.7032533333333333,1.79712
2024-09-30_11-26-29_0000116,1.8696533333333334,1.9165866666666667
2024-09-30_11-26-29_0000116,2.18112,2.23232
2024-09-30_11-26-29_0000116,2.3389866666666665,2.420053333333333
2024-09-30_11-26-29_0000116,2.4669866666666667,2.5437866666666666
2024-09-30_11-26-29_0000116,3.106986666666667,3.1325866666666666
2024-09-30_11-26-29_0000116,3.1837866666666668,3.2221866666666665
2024-09-30_11-26-29_0000116,3.4056533333333334,3.444053333333333
2024-09-30_11-26-51_0000121,0.87552,0.96512
2024-09-30_11-26-51_0000121,1.3704533333333333,1.47712
2024-09-30_11-26-51_0000121,1.48992,1.6349866666666666
2024-09-30_11-26-51_0000121,2.33472,2.4925866666666665
2024-09-30_11-26-51_0000121,2.53952,2.582186666666667
2024-09-30_11-26-54_0000122,0.6664533333333333,0.7304533333333333
2024-09-30_11-26-54_0000122,0.86272,0.9096533333333333
2024-09-30_11-26-54_0000122,0.9608533333333333,1.09312
2024-09-30_11-26-54_0000122,2.20672,2.3517866666666665
2024-09-30_11-26-54_0000122,2.4285866666666664,2.5437866666666666
2024-09-30_11-26-54_0000122,2.6333866666666665,2.7741866666666666
2024-09-30_11-26-54_0000122,2.87232,2.9832533333333333
2024-09-30_11-26-54_0000122,4.194986666666667,4.271786666666666
2024-09-30_11-27-00_0000124,2.37312,2.5224533333333334
2024-09-30_11-27-00_0000124,2.65472,2.8637866666666665
2024-09-30_11-27-13_0000125,1.0632533333333334,1.1016533333333334
2024-09-30_11-27-35_0000128,0.3549866666666667,0.39765333333333336
2024-09-30_11-27-35_0000128,0.6749866666666666,0.7304533333333333
2024-09-30_11-27-35_0000128,0.7901866666666667,0.84992
2024-09-30_11-27-35_0000128,0.96512,1.0376533333333333
2024-09-30_11-27-35_0000128,1.79712,1.87392
2024-09-30_11-27-39_0000129,2.0957866666666667,2.146986666666667
2024-09-30_11-27-49_0000130,0.022186666666666667,0.08192
2024-09-30_11-27-49_0000130,0.9864533333333333,1.1613866666666666
2024-09-30_11-27-49_0000130,1.1997866666666666,1.2893866666666667
2024-09-30_11-27-49_0000130,1.3277866666666667,1.3661866666666667
2024-09-30_11-27-49_0000130,1.5752533333333334,1.65632
2024-09-30_11-27-49_0000130,1.8269866666666668,1.89952
2024-09-30_11-27-49_0000130,1.9976533333333333,2.1000533333333333
2024-09-30_11-27-49_0000130,2.7272533333333335,2.80832
2024-09-30_11-27-51_0000131,0.022186666666666667,0.07765333333333334
2024-09-30_11-27-51_0000131,0.9480533333333333,1.0888533333333332
2024-09-30_11-27-51_0000131,1.2552533333333333,1.4173866666666666
2024-09-30_11-27-56_0000132,0.5853866666666667,0.69632
2024-09-30_11-27-56_0000132,1.16992,1.2765866666666668
2024-09-30_11-27-56_0000132,1.4344533333333334,1.54112
2024-09-30_11-27-56_0000132,1.72032,1.82272
2024-09-30_11-27-56_0000132,2.125653333333333,2.2365866666666667
2024-09-30_11-27-56_0000132,2.39872,2.5096533333333335
2024-09-30_11-28-03_0000133,0.05632,0.10325333333333334
2024-09-30_11-28-03_0000133,0.2952533333333333,0.36352
2024-09-30_11-28-03_0000133,0.6536533333333333,0.7048533333333333
2024-09-30_11-28-03_0000133,0.9821866666666667,1.0632533333333334
2024-09-30_11-28-03_0000133,1.1869866666666666,1.2253866666666666
2024-09-30_11-28-03_0000133,1.3149866666666667,1.3533866666666667
2024-09-30_11-28-03_0000133,1.4429866666666666,1.4813866666666666
2024-09-30_11-28-03_0000133,1.60512,1.7288533333333334
2024-09-30_11-28-03_0000133,1.9592533333333333,2.0189866666666667
2024-09-30_11-28-03_0000133,2.3389866666666665,2.4029866666666666
2024-09-30_11-28-45_0000138,2.0317866666666666,2.0829866666666668
2024-09-30_11-28-56_0000140,0.26965333333333336,0.31232
2024-09-30_11-28-56_0000140,0.3592533333333333,0.39765333333333336
2024-09-30_11-28-56_0000140,0.9309866666666666,0.99072
2024-09-30_11-29-03_0000142,0.8200533333333333,0.9309866666666666
2024-09-30_11-29-03_0000142,0.96512,1.11872
2024-09-30_11-29-03_0000142,1.1528533333333333,1.24672
2024-09-30_11-29-03_0000142,1.37472,1.5240533333333333
2024-09-30_11-29-03_0000142,1.5709866666666668,1.66912
2024-09-30_11-29-03_0000142,1.70752,1.8013866666666667
2024-09-30_11-29-03_0000142,1.8525866666666666,1.9464533333333334
2024-09-30_11-29-03_0000142,1.98912,2.0957866666666667
2024-09-30_11-29-03_0000142,2.1213866666666665,2.2621866666666666
2024-09-30_11-29-03_0000142,2.3176533333333333,2.38592
2024-09-30_11-29-03_0000142,2.812586666666667,2.855253333333333
2024-09-30_11-29-03_0000142,3.0429866666666667,3.094186666666667
2024-09-30_11-29-06_0000143,0.30805333333333335,0.36778666666666665
2024-09-30_11-29-06_0000143,0.5341866666666667,0.5768533333333333
2024-09-30_11-29-06_0000143,0.63232,0.6792533333333334
2024-09-30_11-29-06_0000143,0.8584533333333333,0.8968533333333333
2024-09-30_11-29-06_0000143,0.9949866666666667,1.0376533333333333
2024-09-30_11-29-06_0000143,1.54112,1.57952
2024-09-30_11-29-06_0000143,1.8056533333333333,1.8525866666666666
2024-09-30_11-29-06_0000143,1.95072,2.00192
2024-09-30_11-29-06_0000143,2.33472,2.39872
2024-09-30_11-29-06_0000143,2.47552,2.5309866666666667
2024-09-30_11-29-14_0000146,0.9864533333333333,1.0376533333333333
2024-09-30_11-29-16_0000147,0.8797866666666667,0.93952
2024-09-30_11-29-16_0000147,1.0205866666666668,1.08032
2024-09-30_11-29-16_0000147,1.1485866666666666,1.2168533333333333
2024-09-30_11-29-43_0000150,1.59232,1.63072
2024-09-30_11-29-47_0000151,1.48992,1.5496533333333333
2024-09-30_11-29-47_0000151,1.7800533333333333,1.82272
2024-09-30_11-29-47_0000151,1.91232,1.9805866666666667
2024-09-30_11-29-47_0000151,2.0189866666666667,2.16832
2024-09-30_11-29-47_0000151,2.20672,2.3304533333333333
2024-09-30_11-29-47_0000151,2.4072533333333332,2.47552
2024-09-30_11-29-47_0000151,2.560853333333333,2.637653333333333
2024-09-30_11-29-47_0000151,2.7400533333333335,2.7869866666666665
2024-09-30_11-30-17_0000157,0.8840533333333334,0.9437866666666667
2024-09-30_11-30-17_0000157,0.99072,1.0888533333333332
2024-09-30_11-30-17_0000157,1.13152,1.3661866666666667
2024-09-30_11-30-17_0000157,1.4344533333333334,1.4813866666666666
2024-09-30_11-30-17_0000157,1.5453866666666667,1.6093866666666667
2024-09-30_11-30-21_0000158,0.8669866666666667,0.93952
2024-09-30_11-30-21_0000158,0.9864533333333333,1.09312
2024-09-30_11-30-21_0000158,1.1400533333333334,1.2253866666666666
2024-09-30_11-30-21_0000158,1.2680533333333333,1.3533866666666667
2024-09-30_11-30-21_0000158,1.42592,1.65632
2024-09-30_11-31-01_0000165,0.9864533333333333,1.09312
2024-09-30_11-31-01_0000165,1.1357866666666667,1.20832
2024-09-30_11-31-01_0000165,1.2936533333333333,1.3960533333333334
2024-09-30_11-31-14_0000166,0.9864533333333333,1.0205866666666668
2024-09-30_11-31-42_0000171,2.0317866666666666,2.1213866666666665
2024-09-30_11-31-42_0000171,2.146986666666667,2.4797866666666666
2024-09-30_11-31-42_0000171,2.5096533333333335,2.7101866666666665
2024-09-30_11-31-42_0000171,2.7485866666666667,2.94912
2024-09-30_11-31-42_0000171,2.9576533333333335,3.3373866666666667
2024-09-30_11-31-42_0000171,3.3501866666666666,3.67872
2024-09-30_11-31-42_0000171,3.7085866666666667,3.89632
2024-09-30_11-31-42_0000171,3.93472,4.084053333333333
2024-09-30_11-31-42_0000171,4.105386666666667,4.314453333333334
2024-09-30_11-31-42_0000171,5.760853333333333,5.85472
2024-09-30_11-31-42_0000171,5.901653333333333,6.08512
2024-09-30_11-31-42_0000171,6.093653333333333,6.247253333333333
2024-09-30_11-31-42_0000171,6.626986666666666,6.716586666666666
2024-09-30_11-31-50_0000172,0.8797866666666667,0.91392
2024-09-30_11-31-50_0000172,0.97792,1.01632
2024-09-30_11-31-50_0000172,1.1016533333333334,1.15712
2024-09-30_11-31-50_0000172,1.24672,1.3064533333333332
2024-09-30_11-31-50_0000172,2.00192,2.05312
2024-09-30_11-31-50_0000172,2.1213866666666665,2.1768533333333333
2024-09-30_11-31-50_0000172,2.3560533333333336,2.4029866666666666
2024-09-30_11-31-58_0000173,0.04352,0.08192
2024-09-30_11-31-58_0000173,0.24832,0.2952533333333333
2024-09-30_11-31-58_0000173,0.49578666666666665,0.5725866666666667
2024-09-30_11-31-58_0000173,0.73472,0.78592
2024-09-30_11-31-58_0000173,0.96512,1.0077866666666666
2024-09-30_11-31-58_0000173,1.9421866666666667,1.9933866666666666
2024-09-30_11-31-58_0000173,2.048853333333333,2.1384533333333335
2024-09-30_11-31-58_0000173,2.66752,2.735786666666667
2024-09-30_11-31-58_0000173,2.76992,2.8424533333333333
2024-09-30_11-31-58_0000173,2.9192533333333333,2.9960533333333332
2024-09-30_11-31-58_0000173,3.20512,3.26912
2024-09-30_11-32-00_0000174,0.26965333333333336,0.30805333333333335
2024-09-30_11-32-00_0000174,0.37205333333333335,0.43605333333333335
2024-09-30_11-32-00_0000174,0.5341866666666667,0.59392
2024-09-30_11-32-00_0000174,0.6792533333333334,0.7133866666666666
2024-09-30_11-32-00_0000174,0.8029866666666666,0.8712533333333333
2024-09-30_11-32-00_0000174,0.9821866666666667,1.0632533333333334
2024-09-30_11-32-10_0000176,0.99072,1.51552
2024-09-30_11-32-10_0000176,1.5368533333333334,1.6349866666666666
2024-09-30_11-32-10_0000176,1.66912,2.070186666666667
2024-09-30_11-32-10_0000176,2.0829866666666668,2.2621866666666666
2024-09-30_11-32-10_0000176,2.3176533333333333,2.43712
2024-09-30_11-32-10_0000176,2.46272,2.573653333333333
2024-09-30_11-32-10_0000176,2.6077866666666667,2.6760533333333334
2024-09-30_11-32-10_0000176,2.6888533333333333,2.8424533333333333
2024-09-30_11-32-10_0000176,2.89792,2.96192
2024-09-30_11-32-33_0000177,1.8952533333333332,1.93792
2024-09-30_11-33-36_0000192,0.9608533333333333,1.0589866666666667
2024-09-30_11-33-36_0000192,1.1400533333333334,1.37472
2024-09-30_11-33-36_0000192,1.40032,1.6349866666666666
2024-09-30_11-33-36_0000192,1.6733866666666666,1.82272
2024-09-30_11-33-36_0000192,2.36032,2.4285866666666664
2024-09-30_11-33-42_0000193,0.87552,0.93952
2024-09-30_11-33-42_0000193,0.9949866666666667,1.0376533333333333
2024-09-30_11-34-13_0000197,0.9864533333333333,1.0888533333333332
2024-09-30_11-34-13_0000197,1.1229866666666666,1.2168533333333333
2024-09-30_11-34-13_0000197,1.2509866666666667,1.38752
2024-09-30_11-34-13_0000197,1.40032,1.5240533333333333
2024-09-30_11-34-13_0000197,1.55392,1.7160533333333334
2024-09-30_11-34-13_0000197,1.7373866666666666,1.8525866666666666
2024-09-30_11-34-13_0000197,1.8952533333333332,1.98912
2024-09-30_11-34-13_0000197,2.0317866666666666,2.2621866666666666
2024-09-30_11-34-13_0000197,2.48832,2.5565866666666666
2024-09-30_11-34-13_0000197,2.70592,2.7485866666666667
2024-09-30_11-34-13_0000197,2.84672,2.9448533333333335
2024-09-30_11-34-13_0000197,3.00032,3.0685866666666666
2024-09-30_11-34-13_0000197,3.1368533333333333,3.1880533333333334
2024-09-30_11-34-16_0000198,1.0120533333333332,1.1144533333333333
2024-09-30_11-34-16_0000198,1.1485866666666666,1.2637866666666666
2024-09-30_11-34-16_0000198,1.2765866666666668,1.41312
2024-09-30_11-34-16_0000198,1.45152,1.6605866666666667
2024-09-30_11-34-16_0000198,1.66912,1.9165866666666667
2024-09-30_11-34-16_0000198,1.9336533333333332,2.1341866666666665
2024-09-30_11-34-16_0000198,2.146986666666667,2.364586666666667
2024-09-30_11-34-16_0000198,2.420053333333333,2.5565866666666666
2024-09-30_11-34-16_0000198,2.61632,2.7613866666666667
2024-09-30_11-34-42_0000199,0.9992533333333333,1.0632533333333334
2024-09-30_11-34-42_0000199,1.1101866666666667,1.1912533333333333
2024-09-30_11-34-42_0000199,1.2381866666666668,1.3192533333333334
2024-09-30_11-34-42_0000199,1.3320533333333333,1.4301866666666667
2024-09-30_11-34-42_0000199,1.45152,1.6008533333333332
2024-09-30_11-34-42_0000199,1.63072,1.8440533333333333
2024-09-30_11-34-42_0000199,1.8952533333333332,2.0317866666666666
2024-09-30_11-34-42_0000199,2.070186666666667,2.1768533333333333
2024-09-30_11-34-42_0000199,2.21952,2.287786666666667
2024-09-30_11-35-00_0000201,0.9736533333333334,1.1400533333333334
2024-09-30_11-35-00_0000201,1.19552,1.2680533333333333
2024-09-30_11-35-00_0000201,1.32352,1.37472
2024-09-30_11-35-00_0000201,1.41312,1.50272
2024-09-30_11-35-00_0000201,1.5325866666666668,1.8269866666666668
2024-09-30_11-35-00_0000201,1.89952,2.0360533333333333
2024-09-30_11-35-00_0000201,2.1213866666666665,2.1896533333333332
2024-09-30_11-36-17_0000209,0.9693866666666666,1.2381866666666668
2024-09-30_11-36-17_0000209,1.2509866666666667,1.45152
2024-09-30_11-36-17_0000209,1.4685866666666667,1.6349866666666666
2024-09-30_11-36-17_0000209,1.7117866666666666,1.7800533333333333
2024-09-30_11-36-17_0000209,1.82272,2.0957866666666667
2024-09-30_11-36-17_0000209,2.11712,2.38592
2024-09-30_11-36-17_0000209,2.420053333333333,2.582186666666667
2024-09-30_11-36-17_0000209,2.62912,2.75712
2024-09-30_11-36-17_0000209,2.8040533333333335,2.8509866666666666
2024-09-30_11-36-17_0000209,2.89792,2.9661866666666667
2024-09-30_11-36-48_0000210,0.99072,1.04192
2024-09-30_11-36-48_0000210,1.0888533333333332,1.34912
2024-09-30_11-36-48_0000210,1.38752,1.5453866666666667
2024-09-30_11-36-48_0000210,1.5965866666666666,1.68192
2024-09-30_11-36-48_0000210,1.7245866666666667,1.78432
2024-09-30_11-36-48_0000210,1.8696533333333334,1.9080533333333334
2024-09-30_11-37-16_0000215,1.0077866666666666,1.0760533333333333
2024-09-30_11-37-16_0000215,1.14432,1.22112
2024-09-30_11-37-16_0000215,1.27232,1.34912
2024-09-30_11-37-16_0000215,1.40032,1.47712
2024-09-30_11-37-16_0000215,1.52832,1.60512
2024-09-30_11-37-16_0000215,1.65632,1.73312
2024-09-30_11-37-16_0000215,1.78432,1.86112
2024-09-30_11-37-16_0000215,1.91232,1.98912
2024-09-30_11-37-16_0000215,2.0360533333333333,2.1341866666666665
2024-09-30_11-37-16_0000215,2.1768533333333333,2.3133866666666667
2024-09-30_11-37-16_0000215,2.36032,2.4285866666666664
2024-09-30_11-37-16_0000215,2.4584533333333334,2.53952
2024-09-30_11-37-54_0000220,0.52992,0.5725866666666667
2024-09-30_11-37-54_0000220,1.0120533333333332,1.1229866666666666
2024-09-30_11-38-06_0000221,0.9437866666666667,1.2040533333333334
2024-09-30_11-38-46_0000228,0.9736533333333334,1.05472
2024-09-30_11-38-46_0000228,1.08032,1.4344533333333334
2024-09-30_11-38-46_0000228,1.4856533333333333,1.6520533333333334
2024-09-30_11-38-46_0000228,1.6861866666666667,1.8568533333333332
2024-09-30_11-38-46_0000228,1.89952,2.11712
2024-09-30_11-38-46_0000228,2.12992,2.2152533333333335
2024-09-30_11-38-46_0000228,2.2408533333333334,2.30912
2024-09-30_11-39-51_0000235,0.9992533333333333,1.0504533333333332
2024-09-30_11-39-51_0000235,1.1016533333333334,1.16992
2024-09-30_11-39-51_0000235,1.2168533333333333,1.4301866666666667
2024-09-30_11-39-51_0000235,1.4728533333333333,1.5624533333333332
2024-09-30_11-39-51_0000235,1.6136533333333334,1.6520533333333334
2024-09-30_11-40-34_0000243,1.0120533333333332,1.0717866666666667
2024-09-30_11-41-14_0000249,0.9864533333333333,1.0973866666666667
2024-09-30_11-41-14_0000249,1.16992,1.2253866666666666
2024-09-30_11-41-14_0000249,1.29792,1.3533866666666667
2024-09-30_11-41-29_0000251,0.9565866666666667,1.38752
2024-09-30_11-41-29_0000251,1.40032,1.5965866666666666
2024-09-30_11-41-29_0000251,1.63072,1.75872
2024-09-30_11-41-29_0000251,1.7885866666666668,1.8696533333333334
2024-09-30_11-41-29_0000251,1.9293866666666666,1.9976533333333333
2024-09-30_11-41-29_0000251,2.06592,2.210986666666667
2024-09-30_11-41-47_0000254,0.8456533333333334,0.8925866666666666
2024-09-30_11-41-47_0000254,0.9608533333333333,1.06752
2024-09-30_11-41-47_0000254,1.10592,1.2040533333333334
2024-09-30_11-41-47_0000254,1.23392,1.4813866666666666
2024-09-30_11-41-47_0000254,1.52832,1.65632
2024-09-30_11-41-47_0000254,2.1128533333333333,2.1597866666666667
2024-09-30_11-41-47_0000254,2.2365866666666667,2.343253333333333
2024-09-30_11-41-47_0000254,2.3773866666666668,2.46272
2024-09-30_11-41-47_0000254,2.4925866666666665,2.66752
2024-09-30_11-41-47_0000254,2.70592,2.8637866666666665
2024-09-30_11-41-47_0000254,2.8808533333333335,3.02592
2024-09-30_11-41-47_0000254,3.10272,3.14112
2024-09-30_11-42-19_0000256,0.9949866666666667,1.0504533333333332
2024-09-30_11-42-19_0000256,1.1229866666666666,1.1784533333333334
2024-09-30_11-42-19_0000256,1.2168533333333333,1.3661866666666667
2024-09-30_11-42-19_0000256,1.38752,1.61792
2024-09-30_11-42-19_0000256,1.63072,1.97632
2024-09-30_11-42-19_0000256,2.00192,2.15552
2024-09-30_11-42-19_0000256,2.9704533333333334,3.05152
2024-09-30_11-43-18_0000265,0.9821866666666667,1.3960533333333334
2024-09-30_11-43-18_0000265,1.4216533333333334,1.4941866666666668
2024-09-30_11-43-45_0000267,1.4173866666666666,1.50272
2024-09-30_11-43-45_0000267,1.5368533333333334,1.64352
2024-09-30_11-43-45_0000267,1.6989866666666666,1.77152
2024-09-30_11-43-45_0000267,1.8013866666666667,2.0445866666666666
2024-09-30_11-43-45_0000267,2.0829866666666668,2.19392
2024-09-30_11-43-45_0000267,2.2152533333333335,2.2920533333333335
2024-09-30_11-43-45_0000267,2.33472,2.3816533333333334
2024-09-30_11-43-45_0000267,2.84672,2.8936533333333334
2024-09-30_11-44-01_0000270,0.95232,1.11872
2024-09-30_11-44-01_0000270,1.14432,1.24672
2024-09-30_11-44-01_0000270,1.27232,1.6861866666666667
2024-09-30_11-44-01_0000270,1.6989866666666666,2.070186666666667
2024-09-30_11-44-01_0000270,2.714453333333333,2.799786666666667
2024-09-30_11-44-01_0000270,2.8424533333333333,2.91072
2024-09-30_11-44-01_0000270,3.01312,3.2221866666666665
2024-09-30_11-44-01_0000270,3.2520533333333335,3.3928533333333335
2024-09-30_11-44-01_0000270,3.4141866666666667,3.5933866666666665
2024-09-30_11-44-25_0000272,0.8541866666666666,0.95232
2024-09-30_11-44-25_0000272,0.99072,1.37472
2024-09-30_11-44-25_0000272,1.5496533333333333,1.59232
2024-09-30_11-44-35_0000274,1.00352,1.1357866666666667
2024-09-30_11-44-35_0000274,1.7757866666666666,1.8781866666666667
2024-09-30_11-44-35_0000274,1.9165866666666667,1.9976533333333333
2024-09-30_11-44-35_0000274,2.0360533333333333,2.125653333333333
2024-09-30_11-44-35_0000274,2.6504533333333335,2.7272533333333335
2024-09-30_11-44-35_0000274,2.78272,2.82112
2024-09-30_11-45-16_0000279,1.5581866666666666,1.6648533333333333
2024-09-30_11-45-16_0000279,1.8525866666666666,2.1000533333333333
2024-09-30_11-45-16_0000279,2.125653333333333,2.3688533333333335
2024-09-30_11-45-16_0000279,3.8237866666666664,4.06272
2024-09-30_11-45-16_0000279,4.092586666666667,4.30592
2024-09-30_11-45-16_0000279,4.3357866666666665,4.480853333333333
2024-09-30_11-45-16_0000279,4.4936533333333335,4.591786666666667
2024-09-30_11-45-16_0000279,4.685653333333334,4.77952
2024-09-30_11-45-54_0000286,0.8669866666666667,0.9309866666666666
2024-09-30_11-45-54_0000286,0.9736533333333334,1.0717866666666667
2024-09-30_11-45-54_0000286,1.10592,1.20832
2024-09-30_11-45-54_0000286,1.23392,1.33632
2024-09-30_11-45-54_0000286,1.36192,1.52832
2024-09-30_11-45-54_0000286,1.5709866666666668,1.7416533333333333
2024-09-30_11-45-54_0000286,1.7757866666666666,1.9720533333333334
2024-09-30_11-45-54_0000286,1.9976533333333333,2.1896533333333332
2024-09-30_11-45-54_0000286,2.21952,2.3901866666666667
2024-09-30_11-45-54_0000286,2.420053333333333,2.52672
2024-09-30_11-45-54_0000286,2.560853333333333,2.74432
2024-09-30_11-45-54_0000286,2.7741866666666666,2.9405866666666665
2024-09-30_11-45-54_0000286,2.98752,3.0344533333333334
2024-09-30_11-45-59_0000287,1.0248533333333334,1.0845866666666666
2024-09-30_11-45-59_0000287,1.1400533333333334,1.3021866666666666
2024-09-30_11-45-59_0000287,1.3704533333333333,1.4045866666666667
2024-09-30_11-46-27_0000290,1.0205866666666668,1.0717866666666667
2024-09-30_11-46-27_0000290,1.66912,1.7160533333333334
2024-09-30_11-46-27_0000290,1.97632,2.04032
2024-09-30_11-46-36_0000291,0.9949866666666667,1.0760533333333333
2024-09-30_11-46-56_0000295,0.9736533333333334,1.1144533333333333
2024-09-30_11-46-56_0000295,1.14432,1.2424533333333334
2024-09-30_11-46-56_0000295,1.7757866666666666,1.8440533333333333
2024-09-30_11-47-06_0000298,1.0077866666666666,1.09312
2024-09-30_11-47-06_0000298,1.1144533333333333,1.22112
2024-09-30_11-47-06_0000298,1.2424533333333334,1.34912
2024-09-30_11-47-06_0000298,1.3704533333333333,1.4941866666666668
2024-09-30_11-47-06_0000298,1.5368533333333334,1.68192
2024-09-30_11-47-06_0000298,1.7245866666666667,1.83552
2024-09-30_11-47-06_0000298,1.8781866666666667,1.9677866666666666
2024-09-30_11-47-06_0000298,2.0189866666666667,2.1128533333333333
2024-09-30_11-47-06_0000298,2.1384533333333335,2.3304533333333333
2024-09-30_11-47-06_0000298,2.36032,2.50112
2024-09-30_11-47-06_0000298,2.52672,2.70592
2024-09-30_11-47-06_0000298,2.75712,2.8509866666666666
2024-09-30_11-47-06_0000298,2.89792,3.00032
2024-09-30_11-47-06_0000298,3.07712,3.1368533333333333
2024-09-30_11-47-06_0000298,3.29472,3.367253333333333
2024-09-30_11-47-06_0000298,3.4397866666666665,3.51232
2024-09-30_11-47-06_0000298,3.5677866666666667,3.65312
2024-09-30_11-47-06_0000298,3.67872,3.85792
2024-09-30_11-47-06_0000298,3.9048533333333335,3.98592
2024-09-30_11-47-11_0000299,0.97792,1.15712
2024-09-30_11-47-11_0000299,1.1656533333333334,1.28512
2024-09-30_11-47-11_0000299,1.2936533333333333,1.51552
2024-09-30_11-47-34_0000302,0.9992533333333333,1.0717866666666667
2024-09-30_11-47-34_0000302,1.08032,1.3021866666666666
2024-09-30_11-47-34_0000302,1.32352,1.5880533333333333
2024-09-30_11-47-34_0000302,1.6136533333333334,1.9208533333333333
2024-09-30_11-47-34_0000302,1.93792,2.34752
2024-09-30_11-48-44_0000304,1.0077866666666666,1.11872
2024-09-30_11-48-44_0000304,1.1272533333333334,1.2424533333333334
2024-09-30_11-48-44_0000304,1.2637866666666666,1.4045866666666667
2024-09-30_11-48-44_0000304,1.4173866666666666,1.6221866666666667
2024-09-30_11-48-44_0000304,1.63072,1.7757866666666666
2024-09-30_11-48-44_0000304,1.7928533333333334,2.0104533333333334
2024-09-30_11-49-27_0000314,0.74752,0.8200533333333333
2024-09-30_11-49-27_0000314,0.8925866666666666,0.9565866666666667
2024-09-30_11-49-27_0000314,1.0077866666666666,1.2125866666666667
2024-09-30_11-49-27_0000314,1.2509866666666667,1.4088533333333333
2024-09-30_11-49-27_0000314,1.4472533333333333,1.55392
2024-09-30_11-49-27_0000314,1.6008533333333332,1.6861866666666667
2024-09-30_11-49-27_0000314,1.7117866666666666,1.93792
2024-09-30_11-49-27_0000314,1.97632,2.09152
2024-09-30_11-49-27_0000314,2.11712,2.1725866666666667
2024-09-30_11-49-29_0000315,0.9949866666666667,1.1741866666666667
2024-09-30_11-49-29_0000315,1.1997866666666666,1.4685866666666667
2024-09-30_11-49-29_0000315,1.5240533333333333,1.6605866666666667
2024-09-30_11-49-29_0000315,1.70752,1.7672533333333333
2024-09-30_11-49-41_0000316,0.88832,0.92672
2024-09-30_11-49-41_0000316,0.97792,1.06752
2024-09-30_11-49-41_0000316,1.09312,1.1997866666666666
2024-09-30_11-49-41_0000316,1.22112,1.3277866666666667
2024-09-30_11-49-41_0000316,1.34912,1.45152
2024-09-30_11-49-41_0000316,1.4856533333333333,1.64352
2024-09-30_11-49-41_0000316,1.68192,1.83552
2024-09-30_11-49-41_0000316,1.88672,1.93792
2024-09-30_11-49-41_0000316,2.006186666666667,2.070186666666667
2024-09-30_11-49-41_0000316,2.1000533333333333,2.29632
2024-09-30_11-49-41_0000316,2.3176533333333333,2.505386666666667
2024-09-30_11-49-41_0000316,2.5309866666666667,2.57792
2024-09-30_11-50-23_0000323,0.8669866666666667,0.90112
2024-09-30_11-50-23_0000323,0.97792,1.0333866666666667
2024-09-30_11-50-23_0000323,1.08032,1.1400533333333334
2024-09-30_11-50-23_0000323,1.1656533333333334,1.2680533333333333
2024-09-30_11-50-23_0000323,1.2936533333333333,1.57952
2024-09-30_11-50-23_0000323,1.60512,1.7373866666666666
2024-09-30_11-50-23_0000323,1.7629866666666667,1.9464533333333334
2024-09-30_11-50-23_0000323,2.006186666666667,2.1768533333333333
2024-09-30_11-50-23_0000323,2.21952,2.3048533333333334
2024-09-30_11-50-23_0000323,2.343253333333333,2.441386666666667
2024-09-30_11-50-23_0000323,2.4840533333333332,2.60352
2024-09-30_11-50-23_0000323,2.62912,2.722986666666667
2024-09-30_11-50-23_0000323,2.75712,2.9960533333333332
2024-09-30_11-50-23_0000323,3.0472533333333334,3.2221866666666665
2024-09-30_11-50-23_0000323,3.2605866666666667,3.444053333333333
2024-09-30_11-50-23_0000323,3.465386666666667,3.53792
2024-09-30_11-50-23_0000323,3.60192,3.6872533333333335
2024-09-30_11-50-23_0000323,3.7085866666666667,3.8536533333333334
2024-09-30_11-50-23_0000323,3.8749866666666666,4.109653333333333
2024-09-30_11-50-23_0000323,4.143786666666666,4.271786666666666
2024-09-30_11-50-23_0000323,4.297386666666666,4.4936533333333335
2024-09-30_11-50-23_0000323,4.53632,4.60032
2024-09-30_11-50-23_0000323,4.672853333333333,4.724053333333333
2024-09-30_11-50-23_0000323,4.77952,4.950186666666666
2024-09-30_11-50-23_0000323,4.99712,5.103786666666666
2024-09-30_11-50-28_0000324,0.9864533333333333,1.1144533333333333
2024-09-30_11-50-28_0000324,1.15712,1.2424533333333334
2024-09-30_11-50-28_0000324,1.2893866666666667,1.3704533333333333
2024-09-30_11-50-55_0000329,0.96512,1.0461866666666666
2024-09-30_11-50-55_0000329,1.0888533333333332,1.2040533333333334
2024-09-30_11-50-55_0000329,1.2168533333333333,1.3320533333333333
2024-09-30_11-50-55_0000329,1.3448533333333332,1.6221866666666667
2024-09-30_11-50-55_0000329,1.66912,1.7245866666666667
2024-09-30_11-51-37_0000338,0.9736533333333334,1.1528533333333333
2024-09-30_11-51-37_0000338,1.19552,1.2808533333333334
2024-09-30_11-51-37_0000338,1.32352,1.3917866666666667
2024-09-30_11-51-37_0000338,1.40032,1.6008533333333332
2024-09-30_11-51-37_0000338,1.6349866666666666,1.8653866666666667
2024-09-30_11-51-37_0000338,1.92512,2.0189866666666667
2024-09-30_11-51-37_0000338,2.12992,2.23232
2024-09-30_11-51-37_0000338,2.2621866666666666,2.3816533333333334
2024-09-30_11-51-37_0000338,2.4029866666666666,2.65472
2024-09-30_11-51-37_0000338,2.7101866666666665,2.87232
2024-09-30_11-51-37_0000338,2.9021866666666667,3.07712
2024-09-30_11-51-37_0000338,3.106986666666667,3.247786666666667
2024-09-30_11-51-37_0000338,3.2776533333333333,3.40992
2024-09-30_11-51-37_0000338,3.4525866666666665,3.4952533333333333
2024-09-30_11-53-18_0000344,1.0120533333333332,1.1144533333333333
2024-09-30_11-53-18_0000344,1.1400533333333334,1.23392
2024-09-30_11-53-18_0000344,1.25952,1.61792
2024-09-30_11-53-18_0000344,1.6392533333333332,1.8568533333333332
2024-09-30_11-53-18_0000344,2.582186666666667,3.085653333333333
2024-09-30_11-53-18_0000344,3.094186666666667,3.19232
2024-09-30_11-53-18_0000344,3.226453333333333,3.53792
2024-09-30_11-53-18_0000344,3.5933866666666665,3.64032
2024-09-30_11-53-18_0000344,3.674453333333333,3.79392
2024-09-30_11-53-23_0000345,1.0120533333333332,1.0845866666666666
2024-09-30_11-53-35_0000346,1.4941866666666668,1.6904533333333334
2024-09-30_11-53-35_0000346,1.7117866666666666,1.79712
2024-09-30_11-53-35_0000346,1.8269866666666668,1.9165866666666667
2024-09-30_11-53-35_0000346,1.95072,2.01472
2024-09-30_11-53-35_0000346,2.04032,2.10432
2024-09-30_11-54-01_0000348,0.99072,1.0888533333333332
2024-09-30_11-54-01_0000348,1.10592,1.3960533333333334
2024-09-30_11-54-01_0000348,1.4173866666666666,1.92512
2024-09-30_11-54-01_0000348,1.9677866666666666,2.11712
2024-09-30_11-54-01_0000348,2.1640533333333334,2.27072
2024-09-30_11-54-01_0000348,2.3048533333333334,2.39872
2024-09-30_11-54-01_0000348,2.4157866666666665,2.48832
2024-09-30_11-54-01_0000348,2.5096533333333335,2.70592
2024-09-30_11-54-11_0000349,0.83712,0.90112
2024-09-30_11-54-11_0000349,0.9352533333333334,1.1400533333333334
2024-09-30_11-54-11_0000349,1.16992,1.2680533333333333
2024-09-30_11-54-11_0000349,1.29792,1.5581866666666666
2024-09-30_11-54-11_0000349,1.6093866666666667,1.6904533333333334
2024-09-30_11-54-11_0000349,2.0872533333333334,2.1597866666666667
2024-09-30_11-54-11_0000349,2.2536533333333333,2.2920533333333335
2024-09-30_11-54-11_0000349,2.41152,2.5992533333333334
2024-09-30_11-54-11_0000349,2.637653333333333,2.8253866666666667
2024-09-30_11-54-11_0000349,2.88512,2.9448533333333335
2024-09-30_11-54-11_0000349,3.16672,3.388586666666667
2024-09-30_11-54-11_0000349,3.4184533333333333,3.6872533333333335
2024-09-30_11-54-11_0000349,3.7512533333333336,3.8024533333333332
2024-09-30_11-54-36_0000354,1.0248533333333334,1.1869866666666666
2024-09-30_11-54-36_0000354,1.24672,1.4600533333333334
2024-09-30_11-54-36_0000354,1.4941866666666668,1.5581866666666666
2024-09-30_11-54-36_0000354,1.5880533333333333,1.6264533333333333
2024-09-30_11-54-39_0000355,0.8925866666666666,0.9352533333333334
2024-09-30_11-54-39_0000355,0.9949866666666667,1.10592
2024-09-30_11-54-39_0000355,1.16992,1.23392
2024-09-30_11-54-39_0000355,1.29792,1.36192
2024-09-30_11-55-11_0000361,1.0077866666666666,1.2424533333333334
2024-09-30_11-55-11_0000361,1.2808533333333334,1.4045866666666667
2024-09-30_11-55-11_0000361,1.4472533333333333,1.5112533333333333
2024-09-30_11-55-11_0000361,1.5752533333333334,1.6392533333333332
2024-09-30_11-55-39_0000365,1.01632,1.0760533333333333
2024-09-30_11-56-03_0000371,1.0205866666666668,1.06752
2024-09-30_11-56-03_0000371,1.11872,1.1869866666666666
2024-09-30_11-56-03_0000371,1.24672,1.3149866666666667
2024-09-30_11-56-03_0000371,1.37472,1.4429866666666666
2024-09-30_11-56-03_0000371,1.50272,1.5709866666666668
2024-09-30_11-56-03_0000371,1.63072,1.6989866666666666
2024-09-30_11-56-03_0000371,1.75872,1.8269866666666668
2024-09-30_11-56-03_0000371,1.88672,1.9336533333333332
2024-09-30_11-57-07_0000377,0.97792,1.1485866666666666
2024-09-30_11-57-07_0000377,1.1997866666666666,1.36192
2024-09-30_11-57-07_0000377,1.38752,1.6648533333333333
2024-09-30_11-57-07_0000377,1.7245866666666667,1.89952
2024-09-30_11-57-07_0000377,1.9336533333333332,2.0744533333333335
2024-09-30_11-57-07_0000377,2.1384533333333335,2.223786666666667
2024-09-30_11-57-07_0000377,2.2621866666666666,2.36032
2024-09-30_11-57-07_0000377,2.3901866666666667,2.6077866666666667
2024-09-30_11-57-07_0000377,2.6632533333333335,2.8040533333333335
2024-09-30_11-57-07_0000377,3.1112533333333334,3.2605866666666667
2024-09-30_11-57-07_0000377,3.2989866666666665,3.5037866666666666
2024-09-30_11-57-07_0000377,3.5293866666666664,3.682986666666667
2024-09-30_11-57-07_0000377,3.72992,3.9432533333333333
2024-09-30_11-57-07_0000377,3.98592,4.143786666666666
2024-09-30_11-57-37_0000378,0.99072,1.0845866666666666
2024-09-30_11-57-37_0000378,1.09312,1.51552
2024-09-30_11-57-37_0000378,1.55392,1.7117866666666666
2024-09-30_11-57-37_0000378,1.7544533333333334,2.210986666666667
2024-09-30_11-57-37_0000378,2.266453333333333,2.46272
2024-09-30_11-57-37_0000378,2.505386666666667,2.7613866666666667
2024-09-30_11-57-37_0000378,2.791253333333333,2.9192533333333333
2024-09-30_11-57-37_0000378,2.953386666666667,3.380053333333333
2024-09-30_11-57-37_0000378,3.4312533333333333,3.55072
2024-09-30_11-57-37_0000378,3.56352,3.64032
2024-09-30_11-57-51_0000379,1.0077866666666666,1.08032
2024-09-30_11-57-51_0000379,1.1144533333333333,1.1912533333333333
2024-09-30_11-57-51_0000379,1.2424533333333334,1.3192533333333334
2024-09-30_11-57-51_0000379,1.33632,1.48992
2024-09-30_11-57-51_0000379,1.5240533333333333,1.6520533333333334
2024-09-30_11-57-51_0000379,1.6861866666666667,1.75872
2024-09-30_11-58-35_0000385,1.0760533333333333,1.5240533333333333
2024-09-30_11-58-35_0000385,1.5368533333333334,1.6989866666666666
2024-09-30_11-58-35_0000385,2.47552,2.658986666666667
2024-09-30_11-58-35_0000385,2.6888533333333333,2.87232
2024-09-30_11-58-35_0000385,2.9021866666666667,3.2861866666666666
2024-09-30_11-58-35_0000385,3.9645866666666665,4.105386666666667
2024-09-30_11-58-35_0000385,4.12672,4.348586666666667
2024-09-30_11-58-57_0000386,1.93792,2.006186666666667
2024-09-30_11-59-20_0000389,0.90112,0.9949866666666667
2024-09-30_11-59-20_0000389,1.0205866666666668,1.1869866666666666
2024-09-30_11-59-20_0000389,1.23392,1.34912
2024-09-30_11-59-20_0000389,1.3832533333333332,1.52832
2024-09-30_11-59-20_0000389,1.5581866666666666,1.7544533333333334
2024-09-30_11-59-20_0000389,1.7800533333333333,1.9976533333333333
2024-09-30_11-59-20_0000389,2.05312,2.2920533333333335
2024-09-30_11-59-20_0000389,2.34752,2.52672
2024-09-30_11-59-20_0000389,2.5864533333333335,2.65472
2024-09-30_12-00-05_0000390,0.91392,0.96512
2024-09-30_12-00-05_0000390,1.0248533333333334,1.0973866666666667
2024-09-30_12-00-05_0000390,1.1229866666666666,1.2680533333333333
2024-09-30_12-00-05_0000390,1.3021866666666666,1.42592
2024-09-30_12-00-05_0000390,1.4557866666666666,1.74592
2024-09-30_12-00-05_0000390,1.7928533333333334,1.9080533333333334
2024-09-30_12-00-05_0000390,1.9293866666666666,2.0744533333333335
2024-09-30_12-00-05_0000390,2.125653333333333,2.1768533333333333
2024-09-30_12-00-05_0000390,2.25792,2.300586666666667
2024-09-30_12-00-17_0000391,0.9821866666666667,1.13152
2024-09-30_12-00-17_0000391,1.1784533333333334,1.25952
2024-09-30_12-00-17_0000391,1.3064533333333332,1.43872
2024-09-30_12-00-17_0000391,1.5112533333333333,1.5880533333333333
2024-09-30_12-01-15_0000398,1.0248533333333334,1.0973866666666667
2024-09-30_12-01-15_0000398,1.1144533333333333,1.2253866666666666
2024-09-30_12-01-15_0000398,1.2424533333333334,1.3533866666666667
2024-09-30_12-01-15_0000398,1.3661866666666667,1.9037866666666667
2024-09-30_12-01-15_0000398,1.93792,2.1000533333333333
2024-09-30_12-01-15_0000398,2.11712,2.300586666666667
2024-09-30_12-01-15_0000398,2.34752,2.5309866666666667
2024-09-30_12-01-15_0000398,2.57792,2.7101866666666665
2024-09-30_12-01-15_0000398,2.735786666666667,2.85952
2024-09-30_12-01-15_0000398,3.6701866666666665,3.9432533333333333
2024-09-30_12-01-15_0000398,3.956053333333333,4.105386666666667
2024-09-30_12-01-15_0000398,4.135253333333333,4.391253333333333
2024-09-30_12-01-15_0000398,4.4936533333333335,4.61312
2024-09-30_12-01-46_0000402,1.9805866666666667,2.02752
2024-09-30_12-01-46_0000402,2.0573866666666665,2.30912
2024-09-30_12-01-46_0000402,2.3261866666666666,2.33472
2024-09-30_12-01-46_0000402,2.3773866666666668,2.496853333333333
2024-09-30_12-01-46_0000402,2.52672,2.573653333333333
2024-09-30_12-01-51_0000403,1.0077866666666666,1.20832
2024-09-30_12-01-51_0000403,1.23392,1.42592
2024-09-30_12-01-51_0000403,1.4600533333333334,1.6648533333333333
2024-09-30_12-01-51_0000403,1.6989866666666666,1.80992
2024-09-30_12-01-51_0000403,1.8269866666666668,2.061653333333333
2024-09-30_12-01-51_0000403,2.125653333333333,2.2365866666666667
2024-09-30_12-01-51_0000403,2.29632,2.33472
2024-09-30_12-02-12_0000407,0.9608533333333333,1.1144533333333333
2024-09-30_12-02-12_0000407,1.1357866666666667,1.25952
2024-09-30_12-02-12_0000407,1.2893866666666667,1.51552
2024-09-30_12-02-12_0000407,1.5752533333333334,1.6989866666666666
2024-09-30_12-02-12_0000407,1.73312,1.8312533333333334
2024-09-30_12-02-12_0000407,1.86112,1.9848533333333334
2024-09-30_12-02-12_0000407,2.006186666666667,2.4712533333333333
2024-09-30_12-02-12_0000407,2.518186666666667,2.57792
2024-09-30_12-02-46_0000411,1.04192,1.0845866666666666
2024-09-30_12-02-46_0000411,1.11872,1.2125866666666667
2024-09-30_12-02-46_0000411,1.24672,1.6989866666666666
2024-09-30_12-02-46_0000411,1.7117866666666666,1.8653866666666667
2024-09-30_12-02-46_0000411,2.6504533333333335,2.722986666666667
2024-09-30_12-02-46_0000411,2.79552,2.8424533333333333
2024-09-30_12-03-54_0000415,0.99072,1.1144533333333333
2024-09-30_12-03-54_0000415,1.14432,1.2424533333333334
2024-09-30_12-03-54_0000415,1.27232,1.48992
2024-09-30_12-03-54_0000415,1.5240533333333333,1.7416533333333333
2024-09-30_12-03-54_0000415,1.8013866666666667,1.9549866666666667
2024-09-30_12-03-58_0000416,1.01632,1.1741866666666667
2024-09-30_12-03-58_0000416,1.2040533333333334,1.4557866666666666
2024-09-30_12-03-58_0000416,1.51552,1.6392533333333332
2024-09-30_12-04-40_0000421,0.9480533333333333,1.0717866666666667
2024-09-30_12-04-40_0000421,1.1229866666666666,1.2040533333333334
2024-09-30_12-04-40_0000421,1.2509866666666667,1.3320533333333333
2024-09-30_12-04-40_0000421,1.41312,1.59232
2024-09-30_12-04-40_0000421,1.6264533333333333,1.7928533333333334
2024-09-30_12-04-40_0000421,1.8440533333333333,2.0360533333333333
2024-09-30_12-04-40_0000421,2.07872,2.3304533333333333
2024-09-30_12-04-40_0000421,2.37312,2.5480533333333333
2024-09-30_12-04-40_0000421,2.5864533333333335,2.7613866666666667
2024-09-30_12-04-40_0000421,2.80832,3.0429866666666667
2024-09-30_12-04-40_0000421,3.0685866666666666,3.2605866666666667
2024-09-30_12-04-40_0000421,3.2989866666666665,3.388586666666667
2024-09-30_12-04-40_0000421,3.4184533333333333,3.606186666666667
2024-09-30_12-04-40_0000421,3.65312,3.7128533333333333
2024-09-30_12-05-43_0000426,0.9821866666666667,1.14432
2024-09-30_12-05-43_0000426,1.19552,1.34912
2024-09-30_12-05-43_0000426,1.40032,1.5496533333333333
2024-09-30_12-05-43_0000426,1.60512,1.70752
2024-09-30_12-05-43_0000426,1.78432,1.9165866666666667
2024-09-30_12-05-43_0000426,1.9677866666666666,2.0744533333333335
2024-09-30_12-05-43_0000426,2.146986666666667,2.1981866666666665
2024-09-30_12-05-43_0000426,2.28352,2.4029866666666666
2024-09-30_12-05-43_0000426,2.441386666666667,2.61632
2024-09-30_12-05-43_0000426,2.64192,2.9149866666666666
2024-09-30_12-05-43_0000426,2.9789866666666667,3.20512
2024-09-30_12-05-43_0000426,3.2733866666666667,3.33312
2024-09-30_12-05-51_0000427,0.99072,1.0333866666666667
2024-09-30_12-05-53_0000428,0.8669866666666667,0.9096533333333333
2024-09-30_12-05-53_0000428,0.97792,1.1229866666666666
2024-09-30_12-05-53_0000428,1.1528533333333333,1.4216533333333334
2024-09-30_12-05-53_0000428,1.4728533333333333,1.6264533333333333
2024-09-30_12-06-03_0000430,0.84992,0.8968533333333333
2024-09-30_12-06-03_0000430,0.96512,1.1400533333333334
2024-09-30_12-06-03_0000430,1.1741866666666667,1.2680533333333333
2024-09-30_12-06-03_0000430,1.3021866666666666,1.5837866666666667
2024-09-30_12-06-03_0000430,1.6221866666666667,1.7501866666666666
2024-09-30_12-06-03_0000430,1.8056533333333333,1.96352
2024-09-30_12-06-23_0000431,0.9864533333333333,1.1485866666666666
2024-09-30_12-06-23_0000431,1.1656533333333334,1.3832533333333332
2024-09-30_12-06-23_0000431,1.4301866666666667,1.6477866666666667
2024-09-30_12-06-23_0000431,1.6989866666666666,1.9549866666666667
2024-09-30_12-06-23_0000431,1.9933866666666666,2.125653333333333
2024-09-30_12-06-23_0000431,2.1512533333333335,2.3304533333333333
2024-09-30_12-06-23_0000431,2.3560533333333336,2.4712533333333333
2024-09-30_12-06-23_0000431,2.5096533333333335,2.68032
2024-09-30_12-06-23_0000431,2.73152,2.778453333333333
2024-09-30_12-06-23_0000431,2.89792,2.9704533333333334
2024-09-30_12-07-13_0000432,0.9992533333333333,1.05472
2024-09-30_12-07-13_0000432,1.09312,1.14432
2024-09-30_12-07-13_0000432,1.18272,1.34912
2024-09-30_12-07-13_0000432,1.3789866666666666,1.6477866666666667
2024-09-30_12-07-13_0000432,1.70752,1.8312533333333334
2024-09-30_12-07-19_0000433,0.9949866666666667,1.0461866666666666
2024-09-30_12-07-19_0000433,1.08032,1.2680533333333333
2024-09-30_12-07-19_0000433,1.2936533333333333,1.5752533333333334
2024-09-30_12-07-19_0000433,1.6264533333333333,1.7672533333333333
2024-09-30_12-07-19_0000433,1.8056533333333333,1.87392
2024-09-30_12-08-00_0000438,1.0077866666666666,1.08032
2024-09-30_12-08-00_0000438,1.09312,1.40032
2024-09-30_12-08-00_0000438,1.43872,1.5624533333333332
2024-09-30_12-08-00_0000438,1.6008533333333332,1.70752
2024-09-30_12-08-00_0000438,2.20672,2.266453333333333
2024-09-30_12-08-00_0000438,2.41152,2.5437866666666666
2024-09-30_12-08-00_0000438,2.55232,2.6973866666666666
2024-09-30_12-08-00_0000438,2.74432,2.9149866666666666
2024-09-30_12-08-00_0000438,2.9448533333333335,3.1197866666666667
2024-09-30_12-08-00_0000438,3.14112,3.35872
2024-09-30_12-08-00_0000438,3.4056533333333334,3.6360533333333334
2024-09-30_12-08-00_0000438,3.6701866666666665,3.92192
2024-09-30_12-08-00_0000438,3.94752,4.19072
2024-09-30_12-08-00_0000438,4.233386666666667,4.442453333333333
2024-09-30_12-08-00_0000438,4.480853333333333,4.660053333333333
2024-09-30_12-08-00_0000438,4.72832,4.788053333333333
2024-09-30_12-08-10_0000439,0.9736533333333334,1.1741866666666667
2024-09-30_12-08-10_0000439,1.1997866666666666,1.3533866666666667
2024-09-30_12-08-37_0000442,1.0205866666666668,1.1016533333333334
2024-09-30_12-08-37_0000442,1.1272533333333334,1.4472533333333333
2024-09-30_12-08-37_0000442,1.48992,1.61792
2024-09-30_12-08-37_0000442,1.6648533333333333,1.70752
2024-09-30_12-08-43_0000443,1.0333866666666667,1.1016533333333334
2024-09-30_12-08-43_0000443,1.1101866666666667,1.34912
2024-09-30_12-08-43_0000443,1.4045866666666667,1.54112
2024-09-30_12-08-43_0000443,1.5752533333333334,1.65632
2024-09-30_12-12-07_0000449,0.9565866666666667,1.1613866666666666
2024-09-30_12-12-07_0000449,1.1997866666666666,1.34912
2024-09-30_12-12-07_0000449,1.4045866666666667,1.52832
2024-09-30_12-12-07_0000449,1.7416533333333333,1.8397866666666667
2024-09-30_12-12-07_0000449,1.95072,1.98912
2024-09-30_12-12-07_0000449,2.0189866666666667,2.2365866666666667
2024-09-30_12-12-07_0000449,2.2621866666666666,2.4157866666666665
2024-09-30_12-12-07_0000449,2.4456533333333335,2.6205866666666666
2024-09-30_12-12-07_0000449,2.65472,2.778453333333333
2024-09-30_12-12-07_0000449,3.6488533333333333,3.738453333333333
2024-09-30_12-12-07_0000449,3.76832,3.9816533333333335
2024-09-30_12-12-07_0000449,4.01152,4.2760533333333335
2024-09-30_12-12-07_0000449,4.322986666666667,4.39552
2024-09-30_12-12-07_0000449,4.809386666666667,4.84352
2024-09-30_12-12-34_0000451,0.95232,1.0461866666666666
2024-09-30_12-12-34_0000451,1.7288533333333334,1.9549866666666667
2024-09-30_12-12-34_0000451,1.97632,2.1981866666666665
2024-09-30_12-12-34_0000451,2.23232,2.4669866666666667
2024-09-30_12-12-34_0000451,3.67872,3.9176533333333334
2024-09-30_12-12-34_0000451,3.94752,4.020053333333333
2024-09-30_12-12-34_0000451,4.642986666666666,4.758186666666667
2024-09-30_12-12-34_0000451,5.3597866666666665,5.58592
2024-09-30_12-14-14_0000452,1.3832533333333332,1.42592
2024-09-30_12-14-14_0000452,1.4728533333333333,1.5197866666666666
2024-09-30_12-14-18_0000453,1.01632,1.4429866666666666
2024-09-30_12-14-18_0000453,1.46432,1.7032533333333333
2024-09-30_12-14-18_0000453,1.7117866666666666,1.95072
2024-09-30_12-14-18_0000453,1.9592533333333333,2.20672
2024-09-30_12-14-18_0000453,2.223786666666667,2.52672
2024-09-30_12-14-18_0000453,2.5352533333333334,2.7485866666666667
2024-09-30_12-14-18_0000453,2.7613866666666667,2.8637866666666665
2024-09-30_12-14-24_0000454,1.0333866666666667,1.1272533333333334
2024-09-30_12-14-24_0000454,1.1485866666666666,1.4301866666666667
2024-09-30_12-14-24_0000454,1.4813866666666666,1.57952
2024-09-30_12-14-24_0000454,1.6264533333333333,1.6733866666666666
2024-09-30_12-14-50_0000458,2.3176533333333333,2.37312
2024-09-30_12-14-50_0000458,2.43712,2.50112
2024-09-30_12-14-50_0000458,2.5309866666666667,2.722986666666667
2024-09-30_12-14-50_0000458,2.76992,2.93632
2024-09-30_12-14-50_0000458,2.97472,3.2605866666666667
2024-09-30_12-14-50_0000458,3.303253333333333,3.4397866666666665
2024-09-30_12-14-50_0000458,3.5037866666666666,3.5464533333333335
2024-09-30_12-15-50_0000463,1.0461866666666666,1.0845866666666666
2024-09-30_12-15-55_0000465,0.7560533333333334,0.81152
2024-09-30_12-15-55_0000465,0.9565866666666667,1.0760533333333333
2024-09-30_12-16-04_0000467,0.9821866666666667,1.0632533333333334
2024-09-30_12-16-06_0000468,1.2296533333333333,1.27232
2024-09-30_12-16-08_0000469,1.3149866666666667,1.36192
2024-09-30_12-16-12_0000470,0.9096533333333333,0.9693866666666666
2024-09-30_12-16-32_0000473,0.9565866666666667,1.0461866666666666
2024-09-30_12-16-38_0000474,1.0504533333333332,1.1613866666666666
2024-09-30_12-17-43_0000479,1.0205866666666668,1.09312
2024-09-30_12-17-43_0000479,1.11872,1.2253866666666666
2024-09-30_12-17-43_0000479,1.24672,1.3533866666666667
2024-09-30_12-17-43_0000479,1.37472,1.5368533333333334
2024-09-30_12-17-43_0000479,1.5752533333333334,1.7416533333333333
2024-09-30_12-17-43_0000479,1.7629866666666667,1.9293866666666666
2024-09-30_12-17-43_0000479,1.98912,2.061653333333333
2024-09-30_12-17-43_0000479,2.0872533333333334,2.1725866666666667
2024-09-30_12-17-43_0000479,2.3816533333333334,2.4541866666666667
2024-09-30_12-17-43_0000479,2.505386666666667,2.64192
2024-09-30_12-17-43_0000479,2.66752,2.9149866666666666
2024-09-30_12-17-43_0000479,2.9405866666666665,3.1581866666666665
2024-09-30_12-17-43_0000479,3.226453333333333,3.37152
2024-09-30_12-17-43_0000479,3.401386666666667,3.4824533333333334
2024-09-30_12-17-56_0000480,0.9864533333333333,1.04192
2024-09-30_12-17-56_0000480,1.08032,1.22112
2024-09-30_12-17-56_0000480,1.23392,1.4728533333333333
2024-09-30_12-17-56_0000480,1.5197866666666666,1.7032533333333333
2024-09-30_12-17-56_0000480,1.7501866666666666,1.83552
2024-09-30_12-17-56_0000480,1.8696533333333334,1.95072
2024-09-30_12-18-01_0000481,0.99072,1.1741866666666667
2024-09-30_12-18-01_0000481,1.18272,1.3021866666666666
2024-09-30_12-18-01_0000481,1.31072,1.4301866666666667
2024-09-30_12-18-01_0000481,1.43872,1.5581866666666666
2024-09-30_12-18-01_0000481,1.56672,1.6861866666666667
2024-09-30_12-18-01_0000481,1.69472,1.8141866666666666
2024-09-30_12-18-01_0000481,1.82272,1.9421866666666667
2024-09-30_12-18-01_0000481,1.95072,2.070186666666667
2024-09-30_12-18-01_0000481,2.07872,2.1981866666666665
2024-09-30_12-18-34_0000484,1.0205866666666668,1.2040533333333334
2024-09-30_12-18-34_0000484,1.22112,1.4301866666666667
2024-09-30_12-18-34_0000484,1.4813866666666666,1.63072
2024-09-30_12-18-34_0000484,1.6904533333333334,1.7629866666666667
2024-09-30_12-18-36_0000485,1.00352,1.08032
2024-09-30_12-18-36_0000485,1.10592,1.24672
2024-09-30_12-18-36_0000485,1.27232,1.3960533333333334
2024-09-30_12-18-36_0000485,1.4173866666666666,1.6349866666666666
2024-09-30_12-18-36_0000485,1.7245866666666667,1.87392
2024-09-30_12-18-36_0000485,1.91232,1.9848533333333334
2024-09-30_12-19-20_0000489,1.00352,1.1656533333333334
2024-09-30_12-19-20_0000489,1.2125866666666667,1.3576533333333334
2024-09-30_12-19-20_0000489,1.3960533333333334,1.59232
2024-09-30_12-19-20_0000489,1.64352,1.78432
2024-09-30_12-19-20_0000489,1.8440533333333333,1.9080533333333334
2024-09-30_12-19-20_0000489,2.7741866666666666,2.83392
2024-09-30_12-19-20_0000489,2.8893866666666668,3.06432
2024-09-30_12-19-20_0000489,3.085653333333333,3.247786666666667
2024-09-30_12-19-20_0000489,3.25632,3.303253333333333
2024-09-30_12-19-20_0000489,3.367253333333333,3.520853333333333
2024-09-30_12-19-20_0000489,3.56352,3.6445866666666666
2024-09-30_12-19-34_0000490,2.0189866666666667,2.0957866666666667
2024-09-30_12-19-34_0000490,2.1128533333333333,2.38592
2024-09-30_12-19-34_0000490,2.42432,2.582186666666667
2024-09-30_12-19-34_0000490,2.6120533333333333,2.74432
2024-09-30_12-19-34_0000490,2.791253333333333,2.8296533333333334
2024-09-30_12-19-37_0000491,2.29632,2.3560533333333336
2024-09-30_12-19-52_0000494,1.68192,1.7245866666666667
2024-09-30_12-20-00_0000495,0.9821866666666667,1.1016533333333334
2024-09-30_12-20-00_0000495,1.1144533333333333,1.23392
2024-09-30_12-20-00_0000495,1.2424533333333334,1.6349866666666666
2024-09-30_12-20-00_0000495,1.6904533333333334,1.8440533333333333
2024-09-30_12-20-00_0000495,1.8781866666666667,1.9464533333333334
2024-09-30_12-20-03_0000496,1.0973866666666667,1.1656533333333334
2024-09-30_12-20-03_0000496,1.2253866666666666,1.2637866666666666
2024-09-30_12-20-36_0000498,0.9864533333333333,1.08032
2024-09-30_12-20-36_0000498,1.11872,1.1869866666666666
2024-09-30_12-20-36_0000498,1.2040533333333334,1.34912
2024-09-30_12-20-36_0000498,1.3661866666666667,1.6392533333333332
2024-09-30_12-20-36_0000498,1.69472,1.8525866666666666
2024-09-30_12-20-36_0000498,1.86112,1.9464533333333334
2024-09-30_12-20-44_0000499,1.01632,1.0973866666666667
2024-09-30_12-20-44_0000499,1.1229866666666666,1.22112
2024-09-30_12-20-50_0000500,1.0205866666666668,1.3704533333333333
2024-09-30_12-21-18_0000501,0.97792,1.04192
2024-09-30_12-21-18_0000501,1.0888533333333332,1.1656533333333334
2024-09-30_12-21-18_0000501,1.1997866666666666,1.41312
2024-09-30_12-21-18_0000501,1.4557866666666666,1.6477866666666667
2024-09-30_12-21-18_0000501,1.6733866666666666,1.79712
2024-09-30_12-21-18_0000501,1.8184533333333333,1.91232
2024-09-30_12-21-18_0000501,1.9464533333333334,2.146986666666667
2024-09-30_12-21-18_0000501,2.1725866666666667,2.4285866666666664
2024-09-30_12-21-18_0000501,2.47552,2.6248533333333333
2024-09-30_12-21-18_0000501,2.7101866666666665,2.7485866666666667
2024-09-30_12-21-30_0000502,1.0120533333333332,1.1272533333333334
2024-09-30_12-21-30_0000502,1.15712,1.3661866666666667
2024-09-30_12-21-30_0000502,1.4173866666666666,1.6264533333333333
2024-09-30_12-21-30_0000502,1.6605866666666667,1.7373866666666666
2024-09-30_12-21-51_0000503,0.8797866666666667,0.96512
2024-09-30_12-21-51_0000503,1.0120533333333332,1.46432
2024-09-30_12-21-51_0000503,1.5069866666666667,1.5709866666666668
2024-09-30_12-22-18_0000504,0.97792,1.1741866666666667
2024-09-30_12-22-18_0000504,1.19552,1.4472533333333333
2024-09-30_12-22-18_0000504,1.4557866666666666,1.7160533333333334
2024-09-30_12-22-18_0000504,1.7544533333333334,1.95072
2024-09-30_12-22-18_0000504,1.9933866666666666,2.1384533333333335
2024-09-30_12-22-18_0000504,2.1768533333333333,2.3133866666666667
2024-09-30_12-22-18_0000504,2.3517866666666665,2.4157866666666665
2024-09-30_12-22-18_0000504,2.4541866666666667,2.5437866666666666
2024-09-30_12-23-32_0000511,0.61952,0.65792
2024-09-30_12-23-32_0000511,0.7517866666666667,0.7944533333333333
2024-09-30_12-23-32_0000511,0.86272,0.93952
2024-09-30_12-23-32_0000511,0.9992533333333333,1.13152
2024-09-30_12-23-32_0000511,1.1528533333333333,1.25952
2024-09-30_12-23-32_0000511,1.2808533333333334,1.46432
2024-09-30_12-23-32_0000511,1.5069866666666667,1.6093866666666667
2024-09-30_12-23-32_0000511,1.65632,1.8141866666666666
2024-09-30_12-23-32_0000511,1.8397866666666667,2.09152
2024-09-30_12-23-32_0000511,2.1341866666666665,2.25792
2024-09-30_12-23-32_0000511,2.287786666666667,2.37312
2024-09-30_12-23-32_0000511,2.4456533333333335,2.47552
2024-09-30_12-23-34_0000512,0.9864533333333333,1.0888533333333332
2024-09-30_12-23-34_0000512,1.1101866666666667,1.28512
2024-09-30_12-24-39_0000525,0.9736533333333334,1.09312
2024-09-30_12-24-39_0000525,1.11872,1.2168533333333333
2024-09-30_12-24-39_0000525,1.24672,1.3448533333333332
2024-09-30_12-24-39_0000525,1.4088533333333333,1.5752533333333334
2024-09-30_12-24-39_0000525,1.60512,1.6776533333333334
2024-09-30_12-24-39_0000525,1.72032,1.74592
2024-09-30_12-24-44_0000526,0.99072,1.0504533333333332
2024-09-30_12-24-44_0000526,1.1016533333333334,1.4856533333333333
2024-09-30_12-24-44_0000526,1.5197866666666666,1.7245866666666667
2024-09-30_12-24-44_0000526,1.74592,1.86112
2024-09-30_12-24-44_0000526,1.8781866666666667,2.0573866666666665
2024-09-30_12-24-44_0000526,2.07872,2.3133866666666667
2024-09-30_12-24-44_0000526,2.3560533333333336,2.5949866666666668
2024-09-30_12-24-44_0000526,2.60352,2.89792
2024-09-30_12-24-44_0000526,2.9064533333333333,3.106986666666667
2024-09-30_12-24-44_0000526,3.11552,3.2392533333333335
2024-09-30_12-24-44_0000526,3.311786666666667,3.5293866666666664
2024-09-30_12-24-44_0000526,3.55072,3.7000533333333334
2024-09-30_12-24-44_0000526,3.7341866666666665,3.7853866666666667
2024-09-30_12-24-44_0000526,4.10112,4.173653333333333
2024-09-30_12-24-44_0000526,4.502186666666667,4.758186666666667
2024-09-30_12-24-44_0000526,4.788053333333333,4.99712
2024-09-30_12-24-44_0000526,5.00992,5.129386666666667
2024-09-30_12-24-44_0000526,5.193386666666667,5.402453333333334
2024-09-30_12-24-44_0000526,5.440853333333333,5.543253333333333
2024-09-30_12-24-44_0000526,5.66272,5.965653333333333
2024-09-30_12-24-44_0000526,5.986986666666667,6.17472
2024-09-30_12-24-44_0000526,6.204586666666667,6.409386666666666
2024-09-30_12-25-33_0000529,0.97792,1.04192
2024-09-30_12-25-33_0000529,1.1016533333333334,1.2381866666666668
2024-09-30_12-25-33_0000529,1.2637866666666666,1.3832533333333332
2024-09-30_12-25-33_0000529,1.41312,1.54112
2024-09-30_12-25-33_0000529,1.5709866666666668,1.6520533333333334
2024-09-30_12-25-33_0000529,1.6733866666666666,1.7800533333333333
2024-09-30_12-25-33_0000529,1.80992,1.9933866666666666
2024-09-30_12-25-33_0000529,2.04032,2.1853866666666666
2024-09-30_12-25-33_0000529,2.2152533333333335,2.3773866666666668
2024-09-30_12-25-33_0000529,2.39872,2.53952
2024-09-30_12-25-33_0000529,2.65472,2.70592
2024-09-30_12-25-35_0000530,0.022186666666666667,0.03072
2024-09-30_12-25-35_0000530,1.0205866666666668,1.3832533333333332
2024-09-30_12-25-50_0000531,0.97792,1.4344533333333334
2024-09-30_12-25-50_0000531,1.46432,1.6904533333333334
2024-09-30_12-25-50_0000531,1.6989866666666666,1.8312533333333334
2024-09-30_12-25-50_0000531,1.8568533333333332,2.04032
2024-09-30_12-25-50_0000531,2.0573866666666665,2.4712533333333333
2024-09-30_12-25-50_0000531,2.48832,2.57792
2024-09-30_12-25-50_0000531,2.6205866666666666,2.70592
2024-09-30_12-25-50_0000531,2.735786666666667,3.12832
2024-09-30_12-25-50_0000531,3.16672,3.3160533333333335
2024-09-30_12-26-15_0000534,0.9053866666666667,0.9693866666666666
2024-09-30_12-26-15_0000534,0.99072,1.1144533333333333
2024-09-30_12-26-15_0000534,1.1229866666666666,1.37472
2024-09-30_12-26-15_0000534,2.3133866666666667,2.52672
2024-09-30_12-26-15_0000534,2.573653333333333,2.6845866666666667
2024-09-30_12-27-32_0000540,0.97792,1.0845866666666666
2024-09-30_12-27-32_0000540,1.1144533333333333,1.3021866666666666
2024-09-30_12-27-32_0000540,1.3277866666666667,1.52832
2024-09-30_12-27-32_0000540,1.56672,1.8013866666666667
2024-09-30_12-27-32_0000540,1.83552,2.0872533333333334
2024-09-30_12-27-32_0000540,2.125653333333333,2.21952
2024-09-30_12-27-32_0000540,2.24512,2.48832
2024-09-30_12-27-32_0000540,2.51392,2.6333866666666665
2024-09-30_12-27-54_0000543,1.01632,1.1272533333333334
2024-09-30_12-28-10_0000547,0.9096533333333333,0.96512
2024-09-30_12-28-10_0000547,0.99072,1.40032
2024-09-30_12-28-10_0000547,1.4429866666666666,1.6776533333333334
2024-09-30_12-28-10_0000547,1.7501866666666666,1.8781866666666667
2024-09-30_12-28-10_0000547,2.04032,2.20672
2024-09-30_12-28-10_0000547,2.2365866666666667,2.4285866666666664
2024-09-30_12-28-10_0000547,2.4669866666666667,2.6504533333333335
2024-09-30_12-28-10_0000547,2.7101866666666665,2.8381866666666666
2024-09-30_12-28-10_0000547,2.8936533333333334,2.93632
2024-09-30_12-28-58_0000551,1.6136533333333334,1.65632
2024-09-30_12-30-42_0000555,1.8568533333333332,1.9336533333333332
2024-09-30_12-30-42_0000555,1.9805866666666667,2.09152
2024-09-30_12-30-42_0000555,2.1128533333333333,2.210986666666667
2024-09-30_12-30-42_0000555,2.2408533333333334,2.4669866666666667
2024-09-30_12-30-42_0000555,2.5096533333333335,2.658986666666667
2024-09-30_12-30-42_0000555,2.6888533333333333,2.92352
2024-09-30_12-30-42_0000555,2.9661866666666667,3.1453866666666666
2024-09-30_12-30-42_0000555,3.16672,3.4824533333333334
2024-09-30_12-30-42_0000555,3.51232,3.6232533333333334
2024-09-30_12-30-42_0000555,3.6488533333333333,3.9645866666666665
2024-09-30_12-30-42_0000555,4.002986666666667,4.096853333333334
2024-09-30_12-30-42_0000555,5.031253333333333,5.20192
2024-09-30_12-30-42_0000555,5.22752,5.45792
2024-09-30_12-30-42_0000555,5.474986666666666,5.718186666666667
2024-09-30_12-30-42_0000555,5.786453333333333,5.9485866666666665
2024-09-30_12-30-42_0000555,5.99552,6.063786666666667
2024-09-30_12-31-38_0000556,0.9992533333333333,1.0845866666666666
2024-09-30_12-31-38_0000556,1.13152,1.2125866666666667
2024-09-30_12-31-38_0000556,1.25952,1.3405866666666666
2024-09-30_12-31-38_0000556,1.34912,1.4856533333333333
2024-09-30_12-31-38_0000556,1.51552,1.5837866666666667
2024-09-30_12-31-57_0000559,1.09312,1.2125866666666667
2024-09-30_12-31-57_0000559,1.22112,1.3533866666666667
2024-09-30_12-32-22_0000560,1.00352,1.0888533333333332
2024-09-30_12-32-22_0000560,1.10592,1.31072
2024-09-30_12-32-22_0000560,1.3448533333333332,1.50272
2024-09-30_12-32-22_0000560,1.54112,1.7928533333333334
2024-09-30_12-32-22_0000560,1.8312533333333334,1.95072
2024-09-30_12-32-22_0000560,1.9677866666666666,2.16832
2024-09-30_12-32-22_0000560,2.21952,2.27072
2024-09-30_12-32-26_0000561,1.0248533333333334,1.22112
2024-09-30_12-32-26_0000561,1.2424533333333334,1.4813866666666666
2024-09-30_12-32-26_0000561,1.4984533333333334,1.7373866666666666
2024-09-30_12-32-26_0000561,1.7757866666666666,1.9848533333333334
2024-09-30_12-32-26_0000561,2.0189866666666667,2.1341866666666665
2024-09-30_12-32-26_0000561,2.1768533333333333,2.3688533333333335
2024-09-30_12-32-26_0000561,2.38592,2.560853333333333
2024-09-30_12-32-26_0000561,2.582186666666667,2.855253333333333
2024-09-30_12-32-26_0000561,2.868053333333333,3.0813866666666665
2024-09-30_12-32-26_0000561,3.106986666666667,3.2861866666666666
2024-09-30_12-32-26_0000561,3.29472,3.5165866666666665
2024-09-30_12-32-26_0000561,3.5805866666666666,4.015786666666667
2024-09-30_12-32-26_0000561,4.03712,4.38272
2024-09-30_12-32-26_0000561,4.412586666666667,4.596053333333334
2024-09-30_12-32-26_0000561,4.61312,4.873386666666667
2024-09-30_12-32-26_0000561,4.92032,5.005653333333333
2024-09-30_12-32-26_0000561,5.820586666666666,6.089386666666667
2024-09-30_12-32-26_0000561,6.114986666666667,6.349653333333333
2024-09-30_12-32-26_0000561,6.409386666666666,6.614186666666667
2024-09-30_12-32-26_0000561,6.62272,6.716586666666666
2024-09-30_12-32-26_0000561,6.797653333333334,6.86592
2024-09-30_12-33-08_0000564,0.92672,0.99072
2024-09-30_12-33-08_0000564,1.0205866666666668,1.1997866666666666
2024-09-30_12-33-08_0000564,1.22112,1.50272
2024-09-30_12-33-08_0000564,1.5368533333333334,1.60512
2024-09-30_12-33-08_0000564,1.6477866666666667,1.70752
2024-09-30_12-33-14_0000566,0.9693866666666666,1.1784533333333334
2024-09-30_12-33-14_0000566,1.20832,1.3576533333333334
2024-09-30_12-33-14_0000566,1.4045866666666667,1.4557866666666666
2024-09-30_12-33-14_0000566,2.070186666666667,2.1384533333333335
2024-09-30_12-33-14_0000566,2.223786666666667,2.36032
2024-09-30_12-33-14_0000566,2.38592,2.582186666666667
2024-09-30_12-33-14_0000566,2.637653333333333,2.6760533333333334
2024-09-30_12-33-18_0000567,0.99072,1.1741866666666667
2024-09-30_12-33-18_0000567,1.18272,1.41312
2024-09-30_12-33-18_0000567,1.9293866666666666,2.061653333333333
2024-09-30_12-33-18_0000567,3.008853333333333,3.24352
2024-09-30_12-33-18_0000567,3.30752,3.5592533333333334
2024-09-30_12-33-18_0000567,3.5677866666666667,3.70432
2024-09-30_12-33-18_0000567,3.7640533333333335,3.9645866666666665
2024-09-30_12-34-07_0000569,1.01632,1.0632533333333334
2024-09-30_12-34-07_0000569,1.9293866666666666,1.9848533333333334
2024-09-30_12-34-25_0000570,0.9949866666666667,1.0504533333333332
2024-09-30_12-36-21_0000575,1.01632,1.0717866666666667
2024-09-30_12-36-21_0000575,1.1485866666666666,1.19552
2024-09-30_12-36-24_0000576,1.0248533333333334,1.1741866666666667
2024-09-30_12-36-24_0000576,1.1997866666666666,1.4088533333333333
2024-09-30_12-36-24_0000576,1.4856533333333333,1.6008533333333332
2024-09-30_12-37-39_0000579,1.02912,1.1144533333333333
2024-09-30_12-37-39_0000579,1.14432,1.2424533333333334
2024-09-30_12-37-39_0000579,1.27232,1.3704533333333333
2024-09-30_12-37-39_0000579,1.40032,1.4984533333333334
2024-09-30_12-37-39_0000579,1.52832,1.6264533333333333
2024-09-30_12-37-39_0000579,1.65632,1.7544533333333334
2024-09-30_12-37-39_0000579,1.78432,1.8824533333333333
2024-09-30_12-37-39_0000579,1.91232,2.0104533333333334
2024-09-30_12-37-39_0000579,2.02752,2.0957866666666667
2024-09-30_12-37-39_0000579,2.15552,2.2408533333333334
2024-09-30_12-37-39_0000579,2.279253333333333,2.5096533333333335
2024-09-30_12-37-39_0000579,2.53952,2.791253333333333
2024-09-30_12-37-39_0000579,2.868053333333333,2.9661866666666667
2024-09-30_12-39-51_0000586,1.02912,1.3704533333333333
2024-09-30_12-39-51_0000586,1.3789866666666666,1.56672
2024-09-30_12-39-51_0000586,1.6093866666666667,1.9464533333333334
2024-09-30_12-39-51_0000586,1.9677866666666666,2.3389866666666665
2024-09-30_12-39-51_0000586,2.3773866666666668,2.5565866666666666
2024-09-30_12-39-51_0000586,2.7101866666666665,2.812586666666667
2024-09-30_12-40-36_0000587,1.0333866666666667,1.0845866666666666
2024-09-30_12-40-36_0000587,1.1229866666666666,1.4813866666666666
2024-09-30_12-40-36_0000587,1.5325866666666668,1.65632
2024-09-30_12-40-36_0000587,1.7245866666666667,1.7928533333333334
2024-09-30_12-40-36_0000587,1.84832,1.92512
2024-09-30_12-41-11_0000590,1.6477866666666667,1.69472
2024-09-30_12-41-11_0000590,1.7288533333333334,1.8824533333333333
2024-09-30_12-41-11_0000590,1.9037866666666667,2.1341866666666665
2024-09-30_12-41-11_0000590,2.18112,2.33472
2024-09-30_12-41-11_0000590,2.3560533333333336,2.43712
2024-09-30_12-41-11_0000590,2.4669866666666667,2.66752
2024-09-30_12-41-11_0000590,2.7016533333333332,2.87232
2024-09-30_12-41-11_0000590,2.8936533333333334,3.149653333333333
2024-09-30_12-41-11_0000590,3.2008533333333333,3.324586666666667
2024-09-30_12-41-11_0000590,3.388586666666667,3.4269866666666666
2024-09-30_12-41-34_0000591,0.9949866666666667,1.04192
2024-09-30_12-41-34_0000591,1.0717866666666667,1.2253866666666666
2024-09-30_12-42-11_0000594,1.02912,1.0717866666666667
2024-09-30_12-42-11_0000594,1.0973866666666667,1.2168533333333333
2024-09-30_12-42-14_0000595,1.0205866666666668,1.08032
2024-09-30_12-42-14_0000595,1.1912533333333333,1.3405866666666666
2024-09-30_12-42-14_0000595,1.3789866666666666,1.45152
2024-09-30_12-42-14_0000595,1.5069866666666667,1.55392
2024-09-30_12-42-14_0000595,1.6349866666666666,1.66912
2024-09-30_12-43-05_0000598,1.05472,1.1357866666666667
2024-09-30_12-43-05_0000598,1.1613866666666666,1.2637866666666666
2024-09-30_12-43-05_0000598,1.2893866666666667,1.40032
2024-09-30_12-43-05_0000598,1.4173866666666666,1.61792
2024-09-30_12-43-05_0000598,1.6861866666666667,1.7928533333333334
2024-09-30_12-43-05_0000598,1.82272,1.87392
2024-09-30_12-43-05_0000598,2.64192,2.69312
2024-09-30_12-43-09_0000599,0.9821866666666667,1.0504533333333332
2024-09-30_12-43-09_0000599,2.02752,2.2365866666666667
2024-09-30_12-43-09_0000599,2.2749866666666665,2.39872
2024-09-30_12-43-09_0000599,2.4456533333333335,2.88512
2024-09-30_12-43-09_0000599,2.9149866666666666,3.4056533333333334
2024-09-30_12-43-09_0000599,3.4141866666666667,3.674453333333333
2024-09-30_12-43-09_0000599,3.682986666666667,3.83232
2024-09-30_12-43-14_0000600,1.0077866666666666,1.1101866666666667
2024-09-30_12-43-14_0000600,1.1912533333333333,1.2808533333333334
2024-09-30_12-43-14_0000600,1.3149866666666667,1.4344533333333334
2024-09-30_12-43-14_0000600,1.45152,1.70752
2024-09-30_12-43-14_0000600,1.79712,1.9208533333333333
2024-09-30_12-45-41_0000603,0.9949866666666667,1.09312
2024-09-30_12-45-41_0000603,1.1144533333333333,1.40032
2024-09-30_12-45-41_0000603,1.4429866666666666,1.5965866666666666
2024-09-30_12-45-41_0000603,1.63072,1.69472
2024-09-30_12-46-06_0000607,1.04192,1.22112
2024-09-30_12-46-09_0000608,1.0205866666666668,1.0760533333333333
2024-09-30_12-46-09_0000608,1.6349866666666666,1.82272
2024-09-30_12-46-09_0000608,1.83552,2.0872533333333334
2024-09-30_12-46-09_0000608,2.12992,2.29632
2024-09-30_12-46-09_0000608,2.33472,2.4669866666666667
2024-09-30_12-46-09_0000608,2.47552,2.6760533333333334
2024-09-30_12-46-09_0000608,2.6845866666666667,2.92352
2024-09-30_12-46-09_0000608,2.96192,3.170986666666667
2024-09-30_12-46-09_0000608,3.226453333333333,3.6104533333333335
2024-09-30_12-46-09_0000608,3.618986666666667,3.84512
2024-09-30_12-46-09_0000608,3.9389866666666666,3.99872
2024-09-30_12-46-29_0000611,1.00352,1.1101866666666667
2024-09-30_12-46-29_0000611,1.1229866666666666,1.23392
2024-09-30_12-46-29_0000611,1.24672,1.7032533333333333
2024-09-30_12-46-29_0000611,1.7373866666666666,2.2152533333333335
2024-09-30_12-46-29_0000611,2.2536533333333333,2.4072533333333332
2024-09-30_12-46-29_0000611,2.4584533333333334,2.55232
2024-09-30_12-48-51_0000612,0.9992533333333333,1.0589866666666667
2024-09-30_12-48-51_0000612,1.0888533333333332,1.2893866666666667
2024-09-30_12-48-51_0000612,1.3192533333333334,1.5709866666666668
2024-09-30_12-48-51_0000612,1.6349866666666666,1.75872
2024-09-30_12-48-51_0000612,1.79712,1.86112
2024-09-30_12-48-54_0000613,1.0120533333333332,1.13152
2024-09-30_12-48-54_0000613,1.1656533333333334,1.28512
2024-09-30_12-48-54_0000613,1.3021866666666666,1.5197866666666666
2024-09-30_12-48-54_0000613,1.5368533333333334,1.78432
2024-09-30_12-48-54_0000613,1.83552,2.0445866666666666
2024-09-30_12-48-54_0000613,2.65472,2.89792
2024-09-30_12-48-54_0000613,2.9149866666666666,3.02592
2024-09-30_12-48-54_0000613,3.05152,3.2733866666666667
2024-09-30_12-48-54_0000613,3.3160533333333335,3.5080533333333332
2024-09-30_12-48-54_0000613,3.5805866666666666,3.72992
2024-09-30_12-48-59_0000614,1.0205866666666668,1.0973866666666667
2024-09-30_12-48-59_0000614,1.1485866666666666,1.2253866666666666
2024-09-30_12-48-59_0000614,1.2765866666666668,1.3533866666666667
2024-09-30_12-48-59_0000614,1.4045866666666667,1.4813866666666666
2024-09-30_12-48-59_0000614,1.5325866666666668,1.6093866666666667
2024-09-30_12-48-59_0000614,1.6605866666666667,1.7373866666666666
2024-09-30_12-48-59_0000614,1.7885866666666668,1.8653866666666667
2024-09-30_12-48-59_0000614,1.9165866666666667,1.9933866666666666
2024-09-30_12-49-06_0000616,1.0333866666666667,1.16992
2024-09-30_12-49-06_0000616,1.19552,1.29792
2024-09-30_12-49-06_0000616,1.32352,1.42592
2024-09-30_12-49-06_0000616,2.1512533333333335,2.3560533333333336
2024-09-30_12-49-06_0000616,2.3816533333333334,2.5480533333333333
2024-09-30_12-49-06_0000616,2.5864533333333335,2.7485866666666667
2024-09-30_12-49-06_0000616,2.799786666666667,2.8637866666666665
2024-09-30_12-50-14_0000620,0.9693866666666666,1.0504533333333332
2024-09-30_12-50-14_0000620,1.0845866666666666,1.18272
2024-09-30_12-50-14_0000620,1.2125866666666667,1.31072
2024-09-30_12-50-14_0000620,1.3405866666666666,1.43872
2024-09-30_12-50-14_0000620,1.4685866666666667,1.56672
2024-09-30_12-50-14_0000620,1.5965866666666666,1.69472
2024-09-30_12-50-14_0000620,1.7245866666666667,1.82272
2024-09-30_12-50-14_0000620,1.8525866666666666,1.9421866666666667
2024-09-30_12-50-14_0000620,1.9592533333333333,2.21952
2024-09-30_12-50-14_0000620,2.24512,2.4328533333333335
2024-09-30_12-50-14_0000620,2.4541866666666667,2.6717866666666668
2024-09-30_12-50-14_0000620,2.6888533333333333,2.89792
2024-09-30_12-50-14_0000620,2.94912,3.094186666666667
2024-09-30_12-50-14_0000620,3.1112533333333334,3.367253333333333
2024-09-30_12-50-14_0000620,3.4141866666666667,3.6360533333333334
2024-09-30_12-50-14_0000620,3.6488533333333333,4.148053333333333
2024-09-30_12-50-14_0000620,4.194986666666667,4.352853333333333
2024-09-30_12-50-14_0000620,4.3997866666666665,4.655786666666667
2024-09-30_12-50-14_0000620,4.67712,4.822186666666667
2024-09-30_12-50-14_0000620,4.877653333333333,4.967253333333334
2024-09-30_12-50-14_0000620,5.001386666666667,5.154986666666667
2024-09-30_12-50-37_0000621,0.9736533333333334,1.1229866666666666
2024-09-30_12-50-37_0000621,1.1656533333333334,1.2509866666666667
2024-09-30_12-50-37_0000621,1.2936533333333333,1.3789866666666666
2024-09-30_12-50-37_0000621,1.4216533333333334,1.5069866666666667
2024-09-30_12-50-37_0000621,1.5496533333333333,1.6349866666666666
2024-09-30_12-50-37_0000621,1.6776533333333334,1.7629866666666667
2024-09-30_12-50-37_0000621,1.8056533333333333,1.8909866666666666
2024-09-30_12-50-37_0000621,1.9293866666666666,2.07872
2024-09-30_12-50-37_0000621,2.0957866666666667,2.30912
2024-09-30_12-50-37_0000621,2.36032,2.5693866666666665
2024-09-30_12-50-37_0000621,2.61632,2.868053333333333
2024-09-30_12-50-37_0000621,2.876586666666667,3.05152
2024-09-30_12-50-52_0000622,1.7416533333333333,1.92512
2024-09-30_12-50-52_0000622,1.9592533333333333,2.1725866666666667
2024-09-30_12-50-52_0000622,2.2280533333333334,2.343253333333333
2024-09-30_12-51-05_0000623,0.9949866666666667,1.46432
2024-09-30_12-51-44_0000626,0.9736533333333334,1.0248533333333334
2024-09-30_12-51-44_0000626,1.0589866666666667,1.18272
2024-09-30_12-51-44_0000626,1.20832,1.31072
2024-09-30_12-51-44_0000626,1.33632,1.43872
2024-09-30_12-51-44_0000626,1.46432,1.5624533333333332
2024-09-30_12-51-44_0000626,1.6008533333333332,1.8141866666666666
2024-09-30_12-51-44_0000626,1.8440533333333333,2.01472
2024-09-30_12-51-44_0000626,2.05312,2.32192
2024-09-30_12-51-44_0000626,2.3816533333333334,2.44992
2024-09-30_12-51-50_0000627,0.8925866666666666,0.93952
2024-09-30_12-51-50_0000627,0.97792,1.2125866666666667
2024-09-30_12-51-55_0000628,1.0077866666666666,1.1101866666666667
2024-09-30_12-51-55_0000628,1.1357866666666667,1.22112
2024-09-30_12-52-08_0000629,0.9821866666666667,1.19552
2024-09-30_12-52-08_0000629,1.2168533333333333,1.4344533333333334
2024-09-30_12-52-08_0000629,1.4984533333333334,1.6136533333333334
2024-09-30_12-52-08_0000629,1.6477866666666667,1.7373866666666666
2024-09-30_12-52-08_0000629,1.77152,2.0573866666666665
2024-09-30_12-52-08_0000629,2.0957866666666667,2.279253333333333
2024-09-30_12-52-08_0000629,2.3261866666666666,2.52672
2024-09-30_12-52-08_0000629,2.56512,2.7400533333333335
2024-09-30_12-52-08_0000629,2.791253333333333,3.0045866666666665
2024-09-30_12-52-08_0000629,3.0429866666666667,3.247786666666667
2024-09-30_12-52-08_0000629,3.311786666666667,3.380053333333333
2024-09-30_12-52-18_0000630,0.8925866666666666,0.9736533333333334
2024-09-30_12-52-18_0000630,1.00352,1.0973866666666667
2024-09-30_12-52-18_0000630,1.13152,1.2040533333333334
2024-09-30_12-52-34_0000631,0.99072,1.86112
2024-09-30_12-52-34_0000631,1.89952,2.1384533333333335
2024-09-30_12-52-34_0000631,2.19392,2.3944533333333333
2024-09-30_12-52-34_0000631,2.44992,2.496853333333333
2024-09-30_12-52-37_0000632,1.0120533333333332,1.0760533333333333
2024-09-30_12-52-37_0000632,1.14432,1.20832
2024-09-30_12-52-37_0000632,1.8440533333333333,1.9208533333333333
2024-09-30_12-52-37_0000632,1.9592533333333333,2.0232533333333333
2024-09-30_12-52-37_0000632,2.070186666666667,2.18112
2024-09-30_12-52-41_0000633,1.01632,1.3064533333333332
2024-09-30_12-52-47_0000634,0.91392,0.95232
2024-09-30_12-52-47_0000634,1.0077866666666666,1.37472
2024-09-30_12-52-48_0000635,0.9949866666666667,1.1144533333333333
2024-09-30_12-52-48_0000635,1.1528533333333333,1.2509866666666667
2024-09-30_12-52-48_0000635,1.2808533333333334,1.4301866666666667
2024-09-30_12-52-48_0000635,1.45152,1.5880533333333333
2024-09-30_12-52-48_0000635,1.65632,1.7032533333333333
2024-09-30_12-53-29_0000636,0.9309866666666666,0.97792
2024-09-30_12-53-29_0000636,1.0205866666666668,1.22112
2024-09-30_12-53-33_0000637,1.01632,1.1741866666666667
2024-09-30_12-53-33_0000637,1.1869866666666666,1.3021866666666666
2024-09-30_12-53-33_0000637,1.3149866666666667,1.4301866666666667
2024-09-30_12-53-33_0000637,1.4429866666666666,1.5581866666666666
2024-09-30_12-53-33_0000637,1.5709866666666668,1.6861866666666667
2024-09-30_12-53-33_0000637,1.6989866666666666,1.8141866666666666
2024-09-30_12-53-33_0000637,1.8269866666666668,1.9421866666666667
2024-09-30_12-53-33_0000637,1.9549866666666667,2.048853333333333
2024-09-30_12-53-36_0000638,1.0248533333333334,1.0888533333333332
2024-09-30_12-53-36_0000638,1.1272533333333334,1.2168533333333333
2024-09-30_12-54-16_0000643,1.0077866666666666,1.0717866666666667
2024-09-30_12-54-16_0000643,1.1101866666666667,1.2125866666666667
2024-09-30_12-54-16_0000643,1.2381866666666668,1.3405866666666666
2024-09-30_12-54-16_0000643,1.3661866666666667,1.42592
2024-09-30_12-54-16_0000643,1.4600533333333334,1.5368533333333334
2024-09-30_12-54-16_0000643,1.5752533333333334,1.64352
2024-09-30_12-54-28_0000644,1.0205866666666668,1.1101866666666667
2024-09-30_12-54-28_0000644,1.1272533333333334,1.2381866666666668
2024-09-30_12-54-28_0000644,1.2552533333333333,1.3661866666666667
2024-09-30_12-54-28_0000644,1.3832533333333332,1.6008533333333332
2024-09-30_12-54-28_0000644,1.6392533333333332,1.86112
2024-09-30_12-54-28_0000644,1.8909866666666666,2.09152
2024-09-30_12-54-28_0000644,2.1341866666666665,2.223786666666667
2024-09-30_12-54-28_0000644,2.27072,2.3261866666666666
2024-09-30_12-55-02_0000646,0.9821866666666667,1.16992
2024-09-30_12-55-02_0000646,1.1912533333333333,1.29792
2024-09-30_12-55-02_0000646,1.3192533333333334,1.42592
2024-09-30_12-55-02_0000646,1.43872,1.7245866666666667
2024-09-30_12-55-02_0000646,1.77152,1.8824533333333333
2024-09-30_12-55-02_0000646,2.37312,2.50112
2024-09-30_12-55-02_0000646,2.53952,2.7613866666666667
2024-09-30_12-55-08_0000647,0.9053866666666667,0.9821866666666667
2024-09-30_12-55-08_0000647,1.01632,1.2253866666666666
2024-09-30_12-55-08_0000647,1.25952,1.5325866666666668
2024-09-30_12-55-08_0000647,1.59232,1.66912
2024-09-30_12-55-08_0000647,1.7288533333333334,1.7800533333333333
2024-09-30_12-55-38_0000648,0.9992533333333333,1.0845866666666666
2024-09-30_12-55-38_0000648,1.1357866666666667,1.2296533333333333
2024-09-30_12-55-38_0000648,1.2637866666666666,1.3576533333333334
2024-09-30_12-55-38_0000648,1.3917866666666667,1.4856533333333333
2024-09-30_12-55-38_0000648,1.5197866666666666,1.6136533333333334
2024-09-30_12-55-38_0000648,1.6477866666666667,1.7416533333333333
2024-09-30_12-55-38_0000648,1.7757866666666666,1.86112
2024-09-30_12-55-52_0000649,0.9352533333333334,1.0504533333333332
2024-09-30_12-55-52_0000649,1.08032,1.9805866666666667
2024-09-30_12-55-52_0000649,1.9933866666666666,2.0829866666666668
2024-09-30_12-55-52_0000649,2.1128533333333333,2.3389866666666665
2024-09-30_12-55-52_0000649,2.38592,2.4541866666666667
2024-09-30_12-56-44_0000652,1.0248533333333334,1.0845866666666666
2024-09-30_12-56-44_0000652,1.24672,1.4856533333333333
2024-09-30_12-56-44_0000652,2.1725866666666667,2.4029866666666666
2024-09-30_12-56-44_0000652,2.4541866666666667,2.6333866666666665
2024-09-30_12-56-44_0000652,2.64192,3.072853333333333
2024-09-30_12-56-44_0000652,3.1112533333333334,3.39712
2024-09-30_12-56-44_0000652,3.4141866666666667,3.6232533333333334
2024-09-30_12-56-44_0000652,4.8349866666666665,4.911786666666667
2024-09-30_12-56-44_0000652,4.92032,5.08672
2024-09-30_12-57-17_0000655,0.8712533333333333,0.92672
2024-09-30_12-57-17_0000655,2.048853333333333,2.2408533333333334
2024-09-30_12-57-17_0000655,2.3261866666666666,2.4157866666666665
2024-09-30_12-57-38_0000658,1.7501866666666666,1.9976533333333333
2024-09-30_12-57-38_0000658,2.0445866666666666,2.11712
2024-09-30_12-57-38_0000658,2.15552,2.223786666666667
2024-09-30_12-58-35_0000666,0.7773866666666667,0.8328533333333333
2024-09-30_12-58-35_0000666,1.0077866666666666,1.08032
2024-09-30_12-58-35_0000666,1.1101866666666667,1.2168533333333333
2024-09-30_12-58-35_0000666,1.2381866666666668,1.3448533333333332
2024-09-30_12-58-35_0000666,1.3661866666666667,1.4728533333333333
2024-09-30_12-58-35_0000666,1.4941866666666668,1.70752
2024-09-30_12-58-35_0000666,1.74592,1.9037866666666667
2024-09-30_12-58-35_0000666,1.93792,2.01472
2024-09-30_12-58-35_0000666,2.0360533333333333,2.1512533333333335
2024-09-30_12-58-35_0000666,2.16832,2.4072533333333332
2024-09-30_12-58-35_0000666,2.47552,2.6205866666666666
2024-09-30_12-58-35_0000666,3.0813866666666665,3.17952
2024-09-30_12-58-35_0000666,3.2349866666666665,3.2861866666666666
2024-09-30_12-58-35_0000666,3.8877866666666665,4.002986666666667
2024-09-30_12-58-35_0000666,4.0285866666666665,4.22912
2024-09-30_12-58-35_0000666,4.288853333333333,4.34432
2024-09-30_12-58-50_0000668,1.95072,2.1341866666666665
2024-09-30_12-58-50_0000668,2.1853866666666666,2.41152
2024-09-30_12-58-50_0000668,2.96192,3.06432
2024-09-30_12-58-50_0000668,3.0984533333333335,3.32032
2024-09-30_12-58-50_0000668,3.3629866666666666,3.520853333333333
2024-09-30_12-59-38_0000675,1.01632,1.1357866666666667
2024-09-30_12-59-38_0000675,1.1741866666666667,1.2637866666666666
2024-09-30_12-59-38_0000675,1.3021866666666666,1.3917866666666667
2024-09-30_12-59-38_0000675,1.4301866666666667,1.5197866666666666
2024-09-30_12-59-38_0000675,1.5581866666666666,1.6477866666666667
2024-09-30_12-59-38_0000675,1.7032533333333333,1.7544533333333334
2024-09-30_12-59-38_0000675,1.8397866666666667,1.9037866666666667
2024-09-30_12-59-48_0000676,0.99072,1.1400533333333334
2024-09-30_12-59-48_0000676,1.1997866666666666,1.2680533333333333
2024-09-30_12-59-48_0000676,1.3277866666666667,1.3960533333333334
2024-09-30_12-59-48_0000676,1.4557866666666666,1.5240533333333333
2024-09-30_12-59-56_0000677,0.9736533333333334,1.5752533333333334
2024-09-30_12-59-56_0000677,2.4712533333333333,2.5565866666666666
2024-09-30_12-59-56_0000677,2.5864533333333335,2.6888533333333333
2024-09-30_12-59-56_0000677,2.714453333333333,2.91072
2024-09-30_12-59-56_0000677,2.98752,3.0344533333333334
2024-09-30_13-00-00_0000678,0.8968533333333333,0.9693866666666666
2024-09-30_13-00-00_0000678,0.9949866666666667,1.2296533333333333
2024-09-30_13-00-30_0000681,1.28512,1.56672
2024-09-30_13-00-30_0000681,1.59232,1.6989866666666666
2024-09-30_13-00-30_0000681,1.7245866666666667,1.8696533333333334
2024-09-30_13-00-30_0000681,1.88672,2.09152
2024-09-30_13-00-30_0000681,2.1128533333333333,2.32192
2024-09-30_13-00-30_0000681,2.36032,2.5096533333333335
2024-09-30_13-00-30_0000681,2.5309866666666667,2.722986666666667
2024-09-30_13-00-30_0000681,2.735786666666667,2.78272
2024-09-30_13-00-30_0000681,2.84672,2.9832533333333333
2024-09-30_13-01-18_0000689,0.9949866666666667,1.09312
2024-09-30_13-01-18_0000689,1.1229866666666666,1.22112
2024-09-30_13-01-18_0000689,1.2509866666666667,1.34912
2024-09-30_13-01-18_0000689,1.3789866666666666,1.4216533333333334
2024-09-30_13-01-18_0000689,1.43872,1.51552
2024-09-30_13-01-21_0000690,0.9949866666666667,1.06752
2024-09-30_13-01-21_0000690,1.10592,1.2125866666666667
2024-09-30_13-01-21_0000690,1.23392,1.3405866666666666
2024-09-30_13-01-21_0000690,1.36192,1.3917866666666667
2024-09-30_13-01-21_0000690,1.4557866666666666,1.5197866666666666
2024-09-30_13-01-26_0000691,0.9992533333333333,1.0717866666666667
2024-09-30_13-01-26_0000691,1.0845866666666666,1.1784533333333334
2024-09-30_13-01-26_0000691,1.2125866666666667,1.3064533333333332
2024-09-30_13-01-26_0000691,1.3448533333333332,1.46432
2024-09-30_13-01-26_0000691,1.4984533333333334,1.72032
2024-09-30_13-01-26_0000691,1.75872,1.9592533333333333
2024-09-30_13-01-26_0000691,2.006186666666667,2.1853866666666666
2024-09-30_13-01-26_0000691,2.23232,2.4157866666666665
2024-09-30_13-01-26_0000691,2.4541866666666667,2.6760533333333334
2024-09-30_13-01-26_0000691,2.722986666666667,2.97472
2024-09-30_13-01-26_0000691,3.0557866666666667,3.106986666666667
2024-09-30_13-02-05_0000693,1.02912,1.0760533333333333
2024-09-30_13-02-05_0000693,1.1400533333333334,1.2253866666666666
2024-09-30_13-02-05_0000693,1.2552533333333333,1.4813866666666666
2024-09-30_13-02-05_0000693,1.52832,1.75872
2024-09-30_13-02-05_0000693,1.8184533333333333,2.0104533333333334
2024-09-30_13-02-05_0000693,2.04032,2.27072
2024-09-30_13-02-05_0000693,2.3133866666666667,2.3816533333333334
2024-09-30_13-02-05_0000693,2.42432,2.4712533333333333
2024-09-30_13-02-11_0000694,0.96512,1.0888533333333332
2024-09-30_13-02-11_0000694,1.1272533333333334,1.3960533333333334
2024-09-30_13-02-11_0000694,1.4813866666666666,1.55392
2024-09-30_13-02-11_0000694,1.6221866666666667,1.65632
2024-09-30_13-02-23_0000695,1.0205866666666668,1.16992
2024-09-30_13-02-23_0000695,1.1784533333333334,1.29792
2024-09-30_13-02-23_0000695,1.3064533333333332,1.3960533333333334
2024-09-30_13-02-23_0000695,1.46432,1.5112533333333333
2024-09-30_13-03-03_0000699,1.00352,1.1016533333333334
2024-09-30_13-03-03_0000699,1.1741866666666667,1.2296533333333333
2024-09-30_13-03-03_0000699,1.41312,1.4856533333333333
2024-09-30_13-03-03_0000699,1.70752,1.7800533333333333
2024-09-30_13-03-14_0000702,0.9437866666666667,0.9864533333333333
2024-09-30_13-03-23_0000705,2.04032,2.12992
2024-09-30_13-03-23_0000705,2.3261866666666666,2.3944533333333333
2024-09-30_13-03-43_0000711,3.162453333333333,3.2136533333333333
2024-09-30_13-03-56_0000715,2.24512,2.28352
2024-09-30_13-04-01_0000716,1.0248533333333334,1.1101866666666667
2024-09-30_13-04-01_0000716,1.1912533333333333,1.2381866666666668
2024-09-30_13-04-01_0000716,1.3192533333333334,1.3661866666666667
2024-09-30_13-04-01_0000716,1.4472533333333333,1.4941866666666668
2024-09-30_13-04-01_0000716,1.5752533333333334,1.6221866666666667
2024-09-30_13-04-01_0000716,1.7032533333333333,1.7501866666666666
2024-09-30_13-04-01_0000716,1.8312533333333334,1.8781866666666667
2024-09-30_13-04-01_0000716,1.9592533333333333,2.006186666666667
2024-09-30_13-04-01_0000716,2.0872533333333334,2.1213866666666665
2024-09-30_13-04-31_0000717,1.52832,1.60512
2024-09-30_13-04-43_0000719,0.87552,0.9437866666666667
2024-09-30_13-04-43_0000719,0.99072,1.1101866666666667
2024-09-30_13-04-43_0000719,1.1357866666666667,1.25952
2024-09-30_13-04-43_0000719,1.28512,1.43872
2024-09-30_13-04-43_0000719,1.46432,1.6264533333333333
2024-09-30_13-04-43_0000719,1.6477866666666667,1.82272
2024-09-30_13-04-43_0000719,1.8397866666666667,1.92512
2024-09-30_13-04-43_0000719,1.95072,2.070186666666667
2024-09-30_13-04-43_0000719,2.09152,2.18112
2024-09-30_13-04-43_0000719,2.202453333333333,2.34752
2024-09-30_13-04-43_0000719,2.37312,2.55232
2024-09-30_13-04-43_0000719,2.57792,2.7528533333333334
2024-09-30_13-04-43_0000719,2.812586666666667,2.91072
2024-09-30_13-04-43_0000719,2.9661866666666667,3.030186666666667
2024-09-30_13-04-43_0000719,3.0984533333333335,3.16672
2024-09-30_13-04-43_0000719,3.21792,3.26912
2024-09-30_13-04-43_0000719,3.367253333333333,3.4312533333333333
2024-09-30_13-04-43_0000719,3.49952,3.5592533333333334
2024-09-30_13-04-43_0000719,4.220586666666667,4.250453333333334
2024-09-30_13-04-46_0000720,0.06485333333333333,0.12032
2024-09-30_13-04-46_0000720,0.7816533333333333,0.83712
2024-09-30_13-04-46_0000720,0.9949866666666667,1.0589866666666667
2024-09-30_13-04-46_0000720,1.09312,1.1997866666666666
2024-09-30_13-04-46_0000720,1.22112,1.3277866666666667
2024-09-30_13-04-46_0000720,1.34912,1.4856533333333333
2024-09-30_13-05-57_0000725,1.0077866666666666,1.0632533333333334
2024-09-30_13-05-57_0000725,1.1016533333333334,1.24672
2024-09-30_13-05-57_0000725,1.2765866666666668,1.43872
2024-09-30_13-05-57_0000725,1.46432,1.6477866666666667
2024-09-30_13-05-57_0000725,1.6733866666666666,1.8909866666666666
2024-09-30_13-05-57_0000725,1.93792,2.070186666666667
2024-09-30_13-05-57_0000725,2.146986666666667,2.210986666666667
2024-09-30_13-05-57_0000725,2.2621866666666666,2.3176533333333333
2024-09-30_13-05-57_0000725,2.52672,2.64192
2024-09-30_13-05-57_0000725,2.6973866666666666,2.7869866666666665
2024-09-30_13-06-27_0000728,1.0248533333333334,1.0717866666666667
2024-09-30_13-06-27_0000728,1.1016533333333334,1.2125866666666667
2024-09-30_13-06-27_0000728,1.2296533333333333,1.3405866666666666
2024-09-30_13-06-27_0000728,1.3576533333333334,1.4685866666666667
2024-09-30_13-06-27_0000728,1.4856533333333333,1.5965866666666666
2024-09-30_13-06-27_0000728,1.6136533333333334,1.7245866666666667
2024-09-30_13-06-27_0000728,1.7416533333333333,1.8525866666666666
2024-09-30_13-06-27_0000728,1.8696533333333334,2.00192
2024-09-30_13-06-27_0000728,2.0872533333333334,2.1640533333333334
2024-09-30_13-06-27_0000728,2.2280533333333334,2.279253333333333
2024-09-30_13-06-49_0000732,0.9821866666666667,1.0845866666666666
2024-09-30_13-06-49_0000732,1.1101866666666667,1.24672
2024-09-30_13-06-49_0000732,1.27232,1.4728533333333333
2024-09-30_13-06-49_0000732,1.5069866666666667,1.6520533333333334
2024-09-30_13-06-49_0000732,1.6989866666666666,1.8141866666666666
2024-09-30_13-06-49_0000732,1.8269866666666668,1.8653866666666667
2024-09-30_13-06-49_0000732,1.9165866666666667,2.1128533333333333
2024-09-30_13-06-49_0000732,2.1597866666666667,2.343253333333333
2024-09-30_13-06-49_0000732,2.420053333333333,2.47552
2024-09-30_13-06-52_0000733,0.9352533333333334,1.0248533333333334
2024-09-30_13-06-52_0000733,1.0504533333333332,1.2040533333333334
2024-09-30_13-07-55_0000740,0.9864533333333333,1.0248533333333334
2024-09-30_13-07-55_0000740,1.0632533333333334,1.22112
2024-09-30_13-07-55_0000740,1.24672,1.4472533333333333
2024-09-30_13-07-55_0000740,1.4856533333333333,1.69472
2024-09-30_13-07-55_0000740,1.75872,1.8184533333333333
2024-09-30_13-07-55_0000740,1.8952533333333332,1.9848533333333334
2024-09-30_13-07-55_0000740,2.0317866666666666,2.11712
2024-09-30_13-07-55_0000740,2.1640533333333334,2.2280533333333334
2024-09-30_13-07-55_0000740,2.27072,2.3816533333333334
2024-09-30_13-07-55_0000740,2.4029866666666666,2.57792
2024-09-30_13-07-55_0000740,2.61632,2.7101866666666665
2024-09-30_13-07-55_0000740,2.7656533333333333,2.8253866666666667
2024-09-30_13-09-11_0000743,0.9949866666666667,1.11872
2024-09-30_13-09-11_0000743,1.1613866666666666,1.3789866666666666
2024-09-30_13-09-11_0000743,1.4429866666666666,1.52832
2024-09-30_13-09-26_0000744,0.9864533333333333,1.0973866666666667
2024-09-30_13-09-26_0000744,1.11872,1.3533866666666667
2024-09-30_13-09-26_0000744,1.3789866666666666,1.5624533333333332
2024-09-30_13-09-26_0000744,1.5837866666666667,1.7160533333333334
2024-09-30_13-09-26_0000744,1.74592,1.9293866666666666
2024-09-30_13-09-26_0000744,1.9805866666666667,2.15552
2024-09-30_13-09-26_0000744,2.2621866666666666,2.4157866666666665
2024-09-30_13-10-03_0000745,0.86272,0.90112
2024-09-30_13-10-03_0000745,0.9693866666666666,1.1016533333333334
2024-09-30_13-10-03_0000745,1.13152,1.2040533333333334
2024-09-30_13-10-06_0000746,1.8312533333333334,1.9464533333333334
2024-09-30_13-10-06_0000746,1.96352,2.0744533333333335
2024-09-30_13-10-06_0000746,2.1725866666666667,2.2280533333333334
2024-09-30_13-11-12_0000748,1.0248533333333334,1.1528533333333333
2024-09-30_13-11-21_0000749,0.9821866666666667,1.0589866666666667
2024-09-30_13-11-21_0000749,1.0888533333333332,1.1997866666666666
2024-09-30_13-11-21_0000749,1.2168533333333333,1.3277866666666667
2024-09-30_13-11-21_0000749,1.3448533333333332,1.4557866666666666
2024-09-30_13-11-21_0000749,1.4728533333333333,1.5837866666666667
2024-09-30_13-11-21_0000749,1.6008533333333332,1.6861866666666667
2024-09-30_13-11-21_0000749,1.7757866666666666,1.8781866666666667
2024-09-30_13-11-21_0000749,1.91232,2.0104533333333334
2024-09-30_13-11-21_0000749,2.0317866666666666,2.146986666666667
2024-09-30_13-11-21_0000749,2.16832,2.3560533333333336
2024-09-30_13-11-21_0000749,2.3901866666666667,2.5949866666666668
2024-09-30_13-11-21_0000749,2.6973866666666666,2.799786666666667
2024-09-30_13-11-21_0000749,2.855253333333333,2.9149866666666666
2024-09-30_13-12-00_0000751,0.9437866666666667,0.9864533333333333
2024-09-30_13-12-00_0000751,1.02912,1.1144533333333333
2024-09-30_13-12-00_0000751,1.1400533333333334,1.2424533333333334
2024-09-30_13-12-00_0000751,1.2680533333333333,1.3704533333333333
2024-09-30_13-12-00_0000751,1.3960533333333334,1.4984533333333334
2024-09-30_13-12-00_0000751,1.5240533333333333,1.6264533333333333
2024-09-30_13-12-00_0000751,1.6520533333333334,1.7544533333333334
2024-09-30_13-12-00_0000751,1.7800533333333333,2.02752
2024-09-30_13-12-00_0000751,2.0957866666666667,2.2493866666666666
2024-09-30_13-12-00_0000751,2.3133866666666667,2.3773866666666668
2024-09-30_13-12-35_0000752,0.96512,1.01632
2024-09-30_13-12-35_0000752,1.0504533333333332,1.7800533333333333
2024-09-30_13-12-35_0000752,1.8141866666666666,1.8781866666666667
2024-09-30_13-12-35_0000752,1.9549866666666667,1.9933866666666666
2024-09-30_13-12-35_0000752,2.0829866666666668,2.1213866666666665
2024-09-30_13-12-35_0000752,2.39872,2.5949866666666668
2024-09-30_13-12-35_0000752,2.637653333333333,2.722986666666667
2024-09-30_13-12-35_0000752,2.8296533333333334,2.868053333333333
2024-09-30_13-15-40_0000757,1.01632,1.0845866666666666
2024-09-30_13-15-40_0000757,1.11872,1.22112
2024-09-30_13-15-40_0000757,1.24672,1.34912
2024-09-30_13-15-40_0000757,1.37472,1.4600533333333334
2024-09-30_13-15-40_0000757,1.5624533333333332,1.65632
2024-09-30_13-15-40_0000757,1.6648533333333333,1.7117866666666666
2024-09-30_13-16-47_0000761,1.01632,1.0973866666666667
2024-09-30_13-16-47_0000761,1.1357866666666667,1.2253866666666666
2024-09-30_13-16-47_0000761,1.2637866666666666,1.38752
2024-09-30_13-16-47_0000761,1.43872,1.50272
2024-09-30_13-16-47_0000761,1.5709866666666668,1.6264533333333333
2024-09-30_13-17-17_0000764,0.99072,1.37472
2024-09-30_13-17-47_0000766,1.0333866666666667,1.24672
2024-09-30_13-17-47_0000766,1.2893866666666667,1.40032
2024-09-30_13-17-47_0000766,1.4301866666666667,1.5624533333333332
2024-09-30_13-17-47_0000766,1.5837866666666667,1.7885866666666668
2024-09-30_13-17-47_0000766,1.8269866666666668,2.02752
2024-09-30_13-17-47_0000766,2.1000533333333333,2.287786666666667
2024-09-30_13-17-47_0000766,2.3304533333333333,2.4925866666666665
2024-09-30_13-17-47_0000766,2.573653333333333,2.65472
2024-09-30_13-18-03_0000767,1.0205866666666668,1.0888533333333332
2024-09-30_13-18-03_0000767,1.1272533333333334,1.22112
2024-09-30_13-18-03_0000767,1.2552533333333333,1.34912
2024-09-30_13-18-03_0000767,1.3832533333333332,1.6008533333333332
2024-09-30_13-18-03_0000767,1.6264533333333333,1.8269866666666668
2024-09-30_13-18-03_0000767,1.88672,2.0232533333333333
2024-09-30_13-18-03_0000767,2.0829866666666668,2.1213866666666665
2024-09-30_13-19-58_0000768,0.88832,0.9352533333333334
2024-09-30_13-19-58_0000768,1.00352,1.0845866666666666
2024-09-30_13-19-58_0000768,1.1101866666666667,1.2168533333333333
2024-09-30_13-19-58_0000768,1.2381866666666668,1.3448533333333332
2024-09-30_13-19-58_0000768,1.3661866666666667,1.5069866666666667
2024-09-30_13-19-58_0000768,1.52832,1.73312
2024-09-30_13-19-58_0000768,1.78432,1.9677866666666666
2024-09-30_13-19-58_0000768,2.0189866666666667,2.2280533333333334
2024-09-30_13-19-58_0000768,2.266453333333333,2.5224533333333334
2024-09-30_13-19-58_0000768,2.57792,2.74432
2024-09-30_13-19-58_0000768,2.79552,2.868053333333333
2024-09-30_13-19-58_0000768,2.91072,2.97472
2024-09-30_13-19-58_0000768,3.1112533333333334,3.324586666666667
2024-09-30_13-19-58_0000768,3.3501866666666666,3.5592533333333334
2024-09-30_13-20-11_0000770,0.96512,1.1784533333333334
2024-09-30_13-20-18_0000771,2.10432,2.1768533333333333
2024-09-30_13-20-18_0000771,2.210986666666667,2.30912
2024-09-30_13-20-18_0000771,2.3261866666666666,2.5693866666666665
2024-09-30_13-20-18_0000771,2.6120533333333333,2.80832
2024-09-30_13-20-18_0000771,2.855253333333333,2.9661866666666667
2024-09-30_13-20-18_0000771,3.017386666666667,3.1880533333333334
2024-09-30_13-20-18_0000771,3.226453333333333,3.44832
2024-09-30_13-20-18_0000771,3.4909866666666667,3.6573866666666666
2024-09-30_13-20-18_0000771,3.70432,3.7981866666666666
2024-09-30_13-21-17_0000777,0.9352533333333334,0.9693866666666666
2024-09-30_13-21-17_0000777,1.0120533333333332,1.25952
2024-09-30_13-21-17_0000777,1.2936533333333333,1.45152
2024-09-30_13-21-17_0000777,1.4984533333333334,1.6008533333333332
2024-09-30_13-21-19_0000778,0.9992533333333333,1.0589866666666667
2024-09-30_13-21-19_0000778,1.11872,1.18272
2024-09-30_13-21-19_0000778,1.24672,1.31072
2024-09-30_13-21-19_0000778,1.37472,1.43872
2024-09-30_13-21-19_0000778,1.50272,1.56672
2024-09-30_13-21-19_0000778,1.63072,1.69472
2024-09-30_13-21-19_0000778,1.75872,1.82272
2024-09-30_13-22-26_0000787,0.9949866666666667,1.1272533333333334
2024-09-30_13-22-26_0000787,1.1528533333333333,1.2552533333333333
2024-09-30_13-22-26_0000787,1.2808533333333334,1.3832533333333332
2024-09-30_13-22-26_0000787,1.4088533333333333,1.5112533333333333
2024-09-30_13-22-26_0000787,1.5368533333333334,1.64352
2024-09-30_13-22-26_0000787,1.66912,1.77152
2024-09-30_13-22-26_0000787,1.79712,1.89952
2024-09-30_13-22-26_0000787,1.92512,2.0317866666666666
2024-09-30_13-23-02_0000788,0.9693866666666666,1.0717866666666667
2024-09-30_13-23-02_0000788,1.1016533333333334,1.3277866666666667
2024-09-30_13-23-02_0000788,1.3789866666666666,1.4856533333333333
2024-09-30_13-23-02_0000788,1.5325866666666668,1.64352
2024-09-30_13-23-02_0000788,1.69472,1.9037866666666667
2024-09-30_13-23-02_0000788,1.95072,2.202453333333333
2024-09-30_13-23-02_0000788,2.2920533333333335,2.42432
2024-09-30_13-24-15_0000796,2.1000533333333333,2.1725866666666667
2024-09-30_13-24-15_0000796,2.2152533333333335,2.3304533333333333
2024-09-30_13-24-15_0000796,2.3517866666666665,2.59072
2024-09-30_13-24-15_0000796,2.6205866666666666,2.78272
2024-09-30_13-24-15_0000796,2.8296533333333334,3.0045866666666665
2024-09-30_13-24-15_0000796,3.0472533333333334,3.1837866666666668
2024-09-30_13-26-09_0000798,1.01632,1.2680533333333333
2024-09-30_13-26-09_0000798,1.3064533333333332,1.52832
2024-09-30_13-26-09_0000798,1.5624533333333332,1.8141866666666666
2024-09-30_13-26-09_0000798,1.8568533333333332,2.0573866666666665
2024-09-30_13-26-09_0000798,2.1085866666666666,2.3901866666666667
2024-09-30_13-26-09_0000798,2.4840533333333332,2.68032
2024-09-30_13-26-09_0000798,2.7272533333333335,2.87232
2024-09-30_13-26-09_0000798,2.9192533333333333,3.12832
2024-09-30_13-26-39_0000800,1.08032,1.1400533333333334
2024-09-30_13-26-39_0000800,1.16992,1.2680533333333333
2024-09-30_13-26-39_0000800,1.29792,1.4088533333333333
2024-09-30_13-26-39_0000800,1.43872,1.63072
2024-09-30_13-26-39_0000800,1.66912,1.8952533333333332
2024-09-30_13-26-39_0000800,1.93792,2.16832
2024-09-30_13-26-39_0000800,2.1768533333333333,2.3773866666666668
2024-09-30_13-26-39_0000800,2.4328533333333335,2.573653333333333
2024-09-30_13-26-39_0000800,2.735786666666667,2.9661866666666667
2024-09-30_13-26-39_0000800,3.00032,3.19232
2024-09-30_13-26-39_0000800,3.226453333333333,3.4056533333333334
2024-09-30_13-26-39_0000800,3.44832,3.64032
2024-09-30_13-26-39_0000800,3.69152,3.8749866666666666
2024-09-30_13-26-39_0000800,3.92192,4.10112
2024-09-30_13-26-39_0000800,4.148053333333333,4.258986666666667
2024-09-30_13-26-39_0000800,4.29312,4.4936533333333335
2024-09-30_13-26-39_0000800,4.557653333333334,4.7112533333333335
2024-09-30_13-26-39_0000800,4.796586666666666,4.85632
2024-09-30_13-26-39_0000800,4.9245866666666664,5.069653333333333
2024-09-30_13-26-39_0000800,5.120853333333334,5.270186666666667
2024-09-30_13-26-39_0000800,5.32992,5.436586666666667
2024-09-30_13-26-39_0000800,5.513386666666666,5.607253333333333
2024-09-30_13-26-39_0000800,5.812053333333333,6.0125866666666665
2024-09-30_13-26-39_0000800,6.038186666666666,6.25152
2024-09-30_13-26-39_0000800,6.31552,6.43072
2024-09-30_13-26-39_0000800,6.50752,6.562986666666666
2024-09-30_13-26-39_0000800,7.13472,7.232853333333333
2024-09-30_13-26-39_0000800,7.309653333333333,7.433386666666666
2024-09-30_13-26-39_0000800,7.642453333333333,8.034986666666667
2024-09-30_13-26-39_0000800,8.086186666666666,8.29952
2024-09-30_13-26-39_0000800,8.354986666666667,8.46592
2024-09-30_13-26-39_0000800,8.534186666666667,8.589653333333333
2024-09-30_13-26-39_0000800,8.653653333333333,8.700586666666666
2024-09-30_13-26-39_0000800,8.884053333333334,9.127253333333334
2024-09-30_13-26-39_0000800,9.191253333333334,9.23392
2024-09-30_13-27-23_0000801,0.9736533333333334,1.2765866666666668
2024-09-30_13-27-23_0000801,1.3192533333333334,1.54112
2024-09-30_13-27-23_0000801,1.5880533333333333,1.79712
2024-09-30_13-27-23_0000801,1.8440533333333333,2.04032
2024-09-30_13-27-23_0000801,2.1341866666666665,2.42432
2024-09-30_13-27-23_0000801,2.4584533333333334,2.6077866666666667
2024-09-30_13-27-23_0000801,2.658986666666667,2.82112
2024-09-30_13-27-23_0000801,2.87232,2.9149866666666666
2024-09-30_13-27-23_0000801,2.9789866666666667,3.05152
2024-09-30_13-27-23_0000801,3.1325866666666666,3.25632
2024-09-30_13-27-23_0000801,3.2776533333333333,3.3928533333333335
2024-09-30_13-27-23_0000801,3.42272,3.60192
2024-09-30_13-27-23_0000801,3.62752,3.84512
2024-09-30_13-27-23_0000801,3.90912,4.066986666666667
2024-09-30_13-27-23_0000801,4.148053333333333,4.186453333333334
2024-09-30_13-27-54_0000802,1.00352,1.19552
2024-09-30_13-27-54_0000802,1.2424533333333334,1.3917866666666667
2024-09-30_13-27-54_0000802,1.4429866666666666,1.5709866666666668
2024-09-30_13-27-54_0000802,1.61792,1.8312533333333334
2024-09-30_13-27-54_0000802,1.8781866666666667,2.0232533333333333
2024-09-30_13-27-54_0000802,3.094186666666667,3.106986666666667
2024-09-30_13-27-56_0000803,0.9096533333333333,0.9480533333333333
2024-09-30_13-27-56_0000803,0.9821866666666667,1.0632533333333334
2024-09-30_13-27-56_0000803,1.0973866666666667,1.3405866666666666
2024-09-30_13-27-56_0000803,1.4045866666666667,1.4685866666666667
2024-09-30_13-28-50_0000808,0.9992533333333333,1.0589866666666667
2024-09-30_13-28-50_0000808,1.1144533333333333,1.1528533333333333
2024-09-30_13-28-50_0000808,1.2424533333333334,1.2808533333333334
2024-09-30_13-28-50_0000808,1.3704533333333333,1.4088533333333333
2024-09-30_13-28-50_0000808,1.4984533333333334,1.5368533333333334
2024-09-30_13-28-50_0000808,1.6264533333333333,1.6648533333333333
2024-09-30_13-28-57_0000809,0.8925866666666666,0.95232
2024-09-30_13-28-57_0000809,0.9949866666666667,1.47712
2024-09-30_13-28-57_0000809,1.5240533333333333,1.7501866666666666
2024-09-30_13-28-57_0000809,1.8056533333333333,1.98912
2024-09-30_13-28-57_0000809,2.0573866666666665,2.29632
2024-09-30_13-28-57_0000809,2.343253333333333,2.573653333333333
2024-09-30_13-28-57_0000809,2.637653333333333,2.71872
2024-09-30_13-29-03_0000810,0.9949866666666667,1.1528533333333333
2024-09-30_13-29-03_0000810,1.1869866666666666,1.4344533333333334
2024-09-30_13-29-03_0000810,1.4941866666666668,1.6136533333333334
2024-09-30_13-29-06_0000811,0.93952,1.0632533333333334
2024-09-30_13-29-06_0000811,1.0760533333333333,1.1485866666666666
2024-09-30_13-29-06_0000811,1.16992,1.2936533333333333
2024-09-30_13-29-06_0000811,1.3405866666666666,1.5496533333333333
2024-09-30_13-29-06_0000811,1.60512,1.80992
2024-09-30_13-29-06_0000811,1.87392,2.04032
2024-09-30_13-29-06_0000811,2.05312,2.202453333333333
2024-09-30_13-29-06_0000811,2.223786666666667,2.36032
2024-09-30_13-29-06_0000811,2.4072533333333332,2.7400533333333335
2024-09-30_13-29-06_0000811,2.7656533333333333,3.170986666666667
2024-09-30_13-29-06_0000811,3.1880533333333334,3.2733866666666667
2024-09-30_13-29-21_0000812,0.9864533333333333,1.0632533333333334
2024-09-30_13-29-21_0000812,1.0888533333333332,1.3704533333333333
2024-09-30_13-29-21_0000812,1.4045866666666667,1.5880533333333333
2024-09-30_13-29-21_0000812,1.6477866666666667,1.83552
2024-09-30_13-29-21_0000812,1.8952533333333332,2.0445866666666666
2024-09-30_13-29-55_0000814,1.0248533333333334,1.2765866666666668
2024-09-30_13-29-55_0000814,1.3149866666666667,1.4984533333333334
2024-09-30_13-29-55_0000814,1.5496533333333333,1.6008533333333332
2024-09-30_13-29-55_0000814,2.09152,2.125653333333333
2024-09-30_13-29-55_0000814,2.1981866666666665,2.2536533333333333
2024-09-30_13-29-55_0000814,2.28352,2.3816533333333334
2024-09-30_13-29-55_0000814,2.4029866666666666,2.5565866666666666
2024-09-30_13-29-55_0000814,2.64192,2.70592
2024-09-30_13-31-13_0000815,2.1725866666666667,2.2280533333333334
2024-09-30_13-31-21_0000816,1.0248533333333334,1.2381866666666668
2024-09-30_13-31-21_0000816,1.2637866666666666,1.47712
2024-09-30_13-31-21_0000816,1.5240533333333333,1.6648533333333333
2024-09-30_13-31-21_0000816,1.7117866666666666,1.83552
2024-09-30_13-31-21_0000816,1.8653866666666667,1.9720533333333334
2024-09-30_13-31-21_0000816,1.9976533333333333,2.25792
2024-09-30_13-31-21_0000816,2.3176533333333333,2.4797866666666666
2024-09-30_13-31-21_0000816,2.5309866666666667,2.5992533333333334
2024-09-30_13-31-21_0000816,2.658986666666667,2.73152
2024-09-30_13-31-21_0000816,2.79552,2.84672
2024-09-30_13-31-21_0000816,2.92352,2.9832533333333333
2024-09-30_13-31-21_0000816,3.1581866666666665,3.4184533333333333
2024-09-30_13-31-21_0000816,3.4696533333333335,3.5165866666666665
2024-09-30_13-33-29_0000826,0.9821866666666667,1.1741866666666667
2024-09-30_13-33-29_0000826,1.18272,1.4173866666666666
2024-09-30_13-33-29_0000826,1.4429866666666666,1.6392533333333332
2024-09-30_13-33-29_0000826,1.6861866666666667,1.75872
2024-09-30_13-33-29_0000826,1.7885866666666668,2.0317866666666666
2024-09-30_13-33-29_0000826,2.0744533333333335,2.210986666666667
2024-09-30_13-33-29_0000826,2.2493866666666666,2.34752
2024-09-30_13-33-29_0000826,3.401386666666667,3.5549866666666667
2024-09-30_13-33-29_0000826,3.682986666666667,3.7213866666666666
2024-09-30_13-33-29_0000826,4.0584533333333335,4.1224533333333335
2024-09-30_13-33-29_0000826,4.186453333333334,4.24192
2024-09-30_13-33-29_0000826,4.28032,4.35712
2024-09-30_13-33-29_0000826,4.442453333333333,4.519253333333333
2024-09-30_13-35-46_0000834,0.92672,0.9864533333333333
2024-09-30_13-35-46_0000834,1.0205866666666668,1.1485866666666666
2024-09-30_13-35-46_0000834,1.16992,1.2765866666666668
2024-09-30_13-35-46_0000834,1.29792,1.4045866666666667
2024-09-30_13-35-46_0000834,1.42592,1.5325866666666668
2024-09-30_13-35-46_0000834,1.55392,1.6605866666666667
2024-09-30_13-35-46_0000834,1.68192,1.7885866666666668
2024-09-30_13-35-46_0000834,1.80992,1.9165866666666667
2024-09-30_13-35-46_0000834,1.93792,2.0445866666666666
2024-09-30_13-35-46_0000834,2.0872533333333334,2.1384533333333335
2024-09-30_13-35-50_0000835,1.3405866666666666,1.40032
2024-09-30_13-35-50_0000835,1.4557866666666666,1.5453866666666667
2024-09-30_13-35-50_0000835,1.5752533333333334,1.8184533333333333
2024-09-30_13-35-50_0000835,1.83552,1.8824533333333333
2024-09-30_13-35-50_0000835,1.93792,2.0445866666666666
2024-09-30_13-36-02_0000837,1.9805866666666667,2.05312
2024-09-30_13-36-02_0000837,2.1213866666666665,2.1981866666666665
2024-09-30_13-36-02_0000837,2.2280533333333334,2.47552
2024-09-30_13-36-02_0000837,2.518186666666667,2.7528533333333334
2024-09-30_13-36-02_0000837,2.791253333333333,2.9704533333333334
2024-09-30_13-36-02_0000837,3.008853333333333,3.1965866666666667
2024-09-30_13-36-02_0000837,3.24352,3.33312
2024-09-30_13-36-02_0000837,3.35872,3.48672
2024-09-30_13-36-02_0000837,3.51232,3.7256533333333333
2024-09-30_13-36-02_0000837,3.90912,3.9944533333333334
2024-09-30_13-36-29_0000839,1.0376533333333333,1.0973866666666667
2024-09-30_13-36-29_0000839,1.1528533333333333,1.2253866666666666
2024-09-30_13-36-29_0000839,1.2808533333333334,1.3576533333333334
2024-09-30_13-37-05_0000841,1.0205866666666668,1.13152
2024-09-30_13-37-05_0000841,1.1741866666666667,1.2253866666666666
2024-09-30_13-37-17_0000842,1.0120533333333332,1.0632533333333334
2024-09-30_13-37-17_0000842,1.0973866666666667,1.2040533333333334
2024-09-30_13-37-17_0000842,2.061653333333333,2.125653333333333
2024-09-30_13-37-47_0000845,1.01632,1.10592
2024-09-30_13-37-47_0000845,1.11872,1.2765866666666668
2024-09-30_13-37-47_0000845,1.31072,1.4216533333333334
2024-09-30_13-37-47_0000845,1.5837866666666667,1.65632
2024-09-30_13-37-47_0000845,1.69472,1.89952
2024-09-30_13-37-47_0000845,1.9336533333333332,2.125653333333333
2024-09-30_13-37-47_0000845,2.1725866666666667,2.3773866666666668
2024-09-30_13-37-47_0000845,2.3944533333333333,2.722986666666667
2024-09-30_13-37-47_0000845,2.76992,2.8893866666666668
2024-09-30_13-38-12_0000846,0.9992533333333333,1.1016533333333334
2024-09-30_13-38-12_0000846,1.1272533333333334,1.38752
2024-09-30_13-38-12_0000846,1.42592,1.5325866666666668
2024-09-30_13-38-34_0000848,0.97792,1.0333866666666667
2024-09-30_13-38-34_0000848,1.06752,1.22112
2024-09-30_13-38-34_0000848,1.2381866666666668,1.46432
2024-09-30_13-38-34_0000848,1.5069866666666667,1.6093866666666667
2024-09-30_13-39-05_0000854,0.92672,0.96512
2024-09-30_13-39-05_0000854,0.9949866666666667,1.2509866666666667
2024-09-30_13-39-05_0000854,1.27232,1.3064533333333332
2024-09-30_13-39-05_0000854,2.048853333333333,2.10432
2024-09-30_13-39-05_0000854,2.125653333333333,2.36032
2024-09-30_13-39-05_0000854,2.4029866666666666,2.57792
2024-09-30_13-39-05_0000854,2.6205866666666666,2.812586666666667
2024-09-30_13-39-05_0000854,2.8424533333333333,3.0216533333333335
2024-09-30_13-39-05_0000854,3.06432,3.25632
2024-09-30_13-39-09_0000855,0.99072,1.1613866666666666
2024-09-30_13-39-09_0000855,1.1869866666666666,1.2893866666666667
2024-09-30_13-39-09_0000855,1.3149866666666667,1.3960533333333334
2024-09-30_13-39-25_0000859,1.16992,1.5069866666666667
2024-09-30_13-39-25_0000859,1.52832,1.7416533333333333
2024-09-30_13-39-25_0000859,1.7629866666666667,2.006186666666667
2024-09-30_13-39-25_0000859,2.01472,2.518186666666667
2024-09-30_13-39-25_0000859,2.5437866666666666,2.87232
2024-09-30_13-39-25_0000859,2.9064533333333333,3.1581866666666665
2024-09-30_13-39-25_0000859,3.1965866666666667,3.3288533333333334
2024-09-30_13-39-25_0000859,3.34592,3.7768533333333334
2024-09-30_13-39-25_0000859,3.8493866666666667,3.9645866666666665
2024-09-30_13-39-44_0000860,2.441386666666667,2.560853333333333
2024-09-30_13-39-44_0000860,2.582186666666667,2.658986666666667
2024-09-30_13-39-44_0000860,2.6888533333333333,2.7613866666666667
2024-09-30_13-39-44_0000860,2.8040533333333335,2.84672
2024-09-30_13-39-51_0000861,1.0120533333333332,1.16992
2024-09-30_13-39-51_0000861,1.1912533333333333,1.3789866666666666
2024-09-30_13-39-51_0000861,1.4216533333333334,1.4941866666666668
2024-09-30_13-40-11_0000863,1.24672,1.2893866666666667
2024-09-30_13-40-25_0000866,1.0205866666666668,1.38752
2024-09-30_13-40-30_0000867,0.99072,1.0717866666666667
2024-09-30_13-40-30_0000867,1.0888533333333332,1.3405866666666666
2024-09-30_13-40-30_0000867,1.34912,1.8056533333333333
2024-09-30_13-40-30_0000867,1.88672,2.1085866666666666
2024-09-30_13-40-30_0000867,2.14272,2.33472
2024-09-30_13-40-30_0000867,2.3560533333333336,2.5480533333333333
2024-09-30_13-40-30_0000867,2.59072,2.812586666666667
2024-09-30_13-40-30_0000867,2.82112,3.170986666666667
2024-09-30_13-40-30_0000867,3.2349866666666665,3.3160533333333335
2024-09-30_13-42-23_0000876,1.0077866666666666,1.41312
2024-09-30_13-42-23_0000876,1.4600533333333334,1.6264533333333333
2024-09-30_13-42-23_0000876,1.6520533333333334,1.8440533333333333
2024-09-30_13-42-23_0000876,1.8781866666666667,2.048853333333333
2024-09-30_13-42-23_0000876,2.0573866666666665,2.3133866666666667
2024-09-30_13-42-23_0000876,2.34752,2.6077866666666667
2024-09-30_13-42-23_0000876,2.6845866666666667,2.87232
2024-09-30_13-42-23_0000876,2.9192533333333333,3.0429866666666667
2024-09-30_13-42-44_0000878,0.9992533333333333,1.1272533333333334
2024-09-30_13-42-44_0000878,1.1613866666666666,1.42592
2024-09-30_13-42-44_0000878,1.4728533333333333,1.5624533333333332
2024-09-30_13-42-44_0000878,1.6520533333333334,1.7629866666666667
2024-09-30_13-42-44_0000878,1.83552,1.8696533333333334
2024-09-30_13-43-46_0000884,1.0120533333333332,1.09312
2024-09-30_13-43-46_0000884,1.86112,2.02752
2024-09-30_13-43-46_0000884,2.06592,2.3176533333333333
2024-09-30_13-43-46_0000884,2.3560533333333336,2.7613866666666667
2024-09-30_13-44-23_0000891,0.9864533333333333,1.11872
2024-09-30_13-44-23_0000891,1.1400533333333334,1.24672
2024-09-30_13-44-23_0000891,1.2680533333333333,1.4088533333333333
2024-09-30_13-44-23_0000891,1.45152,1.6008533333333332
2024-09-30_13-44-23_0000891,1.78432,1.82272
2024-09-30_13-44-23_0000891,1.9421866666666667,2.0232533333333333
2024-09-30_13-44-23_0000891,2.05312,2.20672
2024-09-30_13-44-23_0000891,2.2152533333333335,2.505386666666667
2024-09-30_13-44-23_0000891,2.53952,2.66752
2024-09-30_13-44-23_0000891,2.7101866666666665,2.8893866666666668
2024-09-30_13-44-23_0000891,2.9192533333333333,3.1453866666666666
2024-09-30_13-44-23_0000891,3.1837866666666668,3.3629866666666666
2024-09-30_13-44-23_0000891,3.401386666666667,3.6232533333333334
2024-09-30_13-44-23_0000891,3.65312,3.84512
2024-09-30_13-45-50_0000899,0.9864533333333333,1.05472
2024-09-30_13-45-50_0000899,1.0973866666666667,1.1997866666666666
2024-09-30_13-45-50_0000899,1.2253866666666666,1.4557866666666666
2024-09-30_13-45-50_0000899,1.48992,1.6605866666666667
2024-09-30_13-45-50_0000899,1.74592,1.7800533333333333
2024-09-30_13-46-48_0000905,1.9848533333333334,2.0573866666666665
2024-09-30_13-46-48_0000905,2.09152,2.32192
2024-09-30_13-46-48_0000905,2.364586666666667,2.5565866666666666
2024-09-30_13-46-48_0000905,2.59072,2.8040533333333335
2024-09-30_13-46-48_0000905,2.8509866666666666,3.0557866666666667
2024-09-30_13-46-48_0000905,3.1112533333333334,3.2733866666666667
2024-09-30_13-46-48_0000905,3.33312,3.5037866666666666
2024-09-30_13-46-48_0000905,3.5592533333333334,3.597653333333333
2024-09-30_13-46-48_0000905,3.66592,3.738453333333333
2024-09-30_13-47-30_0000908,1.23392,1.27232
2024-09-30_13-47-30_0000908,1.32352,1.5325866666666668
2024-09-30_13-47-30_0000908,1.5709866666666668,1.7800533333333333
2024-09-30_13-47-30_0000908,1.82272,2.02752
2024-09-30_13-47-30_0000908,2.0573866666666665,2.279253333333333
2024-09-30_13-47-30_0000908,2.33472,2.62912
2024-09-30_13-47-30_0000908,2.70592,2.87232
2024-09-30_13-48-31_0000913,1.02912,1.2253866666666666
2024-09-30_13-48-31_0000913,1.2552533333333333,1.4600533333333334
2024-09-30_13-48-31_0000913,1.4984533333333334,1.70752
2024-09-30_13-48-31_0000913,1.7544533333333334,1.9549866666666667
2024-09-30_13-48-31_0000913,1.9933866666666666,2.19392
2024-09-30_13-48-31_0000913,2.2621866666666666,2.3304533333333333
2024-09-30_13-48-31_0000913,2.4328533333333335,2.4797866666666666
2024-09-30_13-48-46_0000915,0.82432,0.9480533333333333
2024-09-30_13-48-46_0000915,0.99072,1.1528533333333333
2024-09-30_13-48-46_0000915,1.18272,1.4600533333333334
2024-09-30_13-48-46_0000915,1.5112533333333333,1.6008533333333332
2024-09-30_13-49-11_0000919,0.9821866666666667,1.0376533333333333
2024-09-30_13-49-11_0000919,1.0845866666666666,1.50272
2024-09-30_13-49-11_0000919,1.5453866666666667,1.7928533333333334
2024-09-30_13-49-11_0000919,1.8525866666666666,1.9421866666666667
2024-09-30_13-49-11_0000919,1.9933866666666666,2.0445866666666666
2024-09-30_13-51-35_0000923,1.00352,1.0717866666666667
2024-09-30_13-51-35_0000923,1.13152,1.2125866666666667
2024-09-30_13-51-35_0000923,1.25952,1.3405866666666666
2024-09-30_13-51-35_0000923,1.3917866666666667,1.5112533333333333
2024-09-30_13-51-35_0000923,1.5624533333333332,1.6477866666666667
2024-09-30_13-51-43_0000924,1.0205866666666668,1.0973866666666667
2024-09-30_13-51-43_0000924,1.16992,1.2765866666666668
2024-09-30_13-51-43_0000924,1.3192533333333334,1.47712
2024-09-30_13-51-43_0000924,1.5069866666666667,1.7672533333333333
2024-09-30_13-51-43_0000924,1.8269866666666668,1.95072
2024-09-30_13-51-43_0000924,2.266453333333333,2.3048533333333334
2024-09-30_13-52-13_0000927,1.0120533333333332,1.1528533333333333
2024-09-30_13-52-13_0000927,1.18272,1.3960533333333334
2024-09-30_13-52-13_0000927,1.45152,1.55392
2024-09-30_13-52-13_0000927,1.6008533333333332,1.64352
2024-09-30_13-52-30_0000930,1.3576533333333334,1.56672
2024-09-30_13-52-30_0000930,1.60512,1.8141866666666666
2024-09-30_13-52-30_0000930,1.8653866666666667,2.0957866666666667
2024-09-30_13-52-30_0000930,2.12992,2.279253333333333
2024-09-30_13-52-30_0000930,2.30912,2.5309866666666667
2024-09-30_13-52-30_0000930,2.56512,2.8296533333333334
2024-09-30_13-52-30_0000930,2.876586666666667,3.05152
2024-09-30_13-53-26_0000934,1.0120533333333332,1.4600533333333334
2024-09-30_13-53-26_0000934,1.48992,1.6733866666666666
2024-09-30_13-53-26_0000934,1.70752,2.01472
2024-09-30_13-53-26_0000934,2.02752,2.2365866666666667
2024-09-30_13-53-26_0000934,2.29632,2.4712533333333333
2024-09-30_13-53-26_0000934,2.573653333333333,2.62912
2024-09-30_13-54-41_0000947,1.10592,1.14432
2024-09-30_13-54-41_0000947,1.23392,1.2680533333333333
2024-09-30_13-54-59_0000950,0.9608533333333333,1.09312
2024-09-30_13-54-59_0000950,1.1101866666666667,1.22112
2024-09-30_13-54-59_0000950,1.2381866666666668,1.3661866666666667
2024-09-30_13-54-59_0000950,1.3917866666666667,1.5624533333333332
2024-09-30_13-54-59_0000950,1.6093866666666667,1.77152
2024-09-30_13-54-59_0000950,1.7885866666666668,2.28352
2024-09-30_13-54-59_0000950,2.3133866666666667,2.560853333333333
2024-09-30_13-54-59_0000950,2.59072,2.6845866666666667
2024-09-30_13-54-59_0000950,2.71872,2.8296533333333334
2024-09-30_13-54-59_0000950,2.88512,3.3288533333333334
2024-09-30_13-54-59_0000950,3.3501866666666666,3.5720533333333333
2024-09-30_13-54-59_0000950,3.6445866666666666,3.6957866666666668
2024-09-30_13-55-21_0000951,1.0077866666666666,1.08032
2024-09-30_13-55-21_0000951,1.1016533333333334,1.20832
2024-09-30_13-55-21_0000951,1.2296533333333333,1.33632
2024-09-30_13-55-21_0000951,1.3704533333333333,1.5453866666666667
2024-09-30_13-55-24_0000952,1.0248533333333334,1.31072
2024-09-30_13-55-24_0000952,1.3192533333333334,1.4941866666666668
2024-09-30_13-55-24_0000952,1.5112533333333333,1.7160533333333334
2024-09-30_13-55-24_0000952,1.7885866666666668,1.9976533333333333
2024-09-30_13-55-24_0000952,2.04032,2.2408533333333334
2024-09-30_13-55-24_0000952,2.28352,2.5437866666666666
2024-09-30_13-55-24_0000952,2.5992533333333334,2.82112
2024-09-30_13-55-24_0000952,2.8381866666666666,2.9021866666666667
2024-09-30_13-57-12_0000953,1.00352,1.1272533333333334
2024-09-30_13-57-12_0000953,1.14432,1.3789866666666666
2024-09-30_13-57-12_0000953,1.3960533333333334,1.5197866666666666
2024-09-30_13-57-12_0000953,1.5453866666666667,1.7032533333333333
2024-09-30_13-57-12_0000953,1.7288533333333334,1.8184533333333333
2024-09-30_13-57-12_0000953,1.83552,2.0189866666666667
2024-09-30_13-57-12_0000953,2.04032,2.2749866666666665
2024-09-30_13-57-12_0000953,2.36032,2.44992
2024-09-30_13-57-12_0000953,2.5480533333333333,2.5992533333333334
2024-09-30_13-57-19_0000954,0.91392,0.9608533333333333
2024-09-30_13-57-19_0000954,0.9992533333333333,1.3661866666666667
2024-09-30_13-57-44_0000957,0.9992533333333333,2.146986666666667
2024-09-30_13-57-44_0000957,3.388586666666667,3.5464533333333335
2024-09-30_13-57-44_0000957,3.597653333333333,3.78112
2024-09-30_13-57-44_0000957,3.8280533333333335,4.02432
2024-09-30_13-57-44_0000957,4.066986666666667,4.237653333333333
2024-09-30_13-57-44_0000957,4.271786666666666,4.476586666666667
2024-09-30_13-57-44_0000957,4.532053333333334,4.68992
2024-09-30_13-57-44_0000957,4.76672,4.890453333333333
2024-09-30_13-57-44_0000957,4.950186666666666,5.005653333333333
2024-09-30_13-59-57_0000962,1.02912,1.1528533333333333
2024-09-30_13-59-57_0000962,1.18272,1.4941866666666668
2024-09-30_13-59-57_0000962,1.5581866666666666,1.6733866666666666
2024-09-30_14-00-02_0000963,0.9992533333333333,1.4045866666666667
2024-09-30_14-00-02_0000963,1.5837866666666667,1.6733866666666666
2024-09-30_14-00-02_0000963,1.70752,1.9080533333333334
2024-09-30_14-00-02_0000963,1.9336533333333332,2.0957866666666667
2024-09-30_14-00-02_0000963,2.1341866666666665,2.3560533333333336
2024-09-30_14-00-02_0000963,2.4157866666666665,2.4541866666666667
2024-09-30_14-00-13_0000964,0.9821866666666667,1.0504533333333332
2024-09-30_14-00-13_0000964,1.09312,1.2424533333333334
2024-09-30_14-00-13_0000964,1.25952,1.3277866666666667
2024-09-30_14-00-21_0000965,1.0205866666666668,1.4301866666666667
2024-09-30_14-00-21_0000965,1.4813866666666666,1.55392
2024-09-30_14-00-24_0000966,0.99072,1.0461866666666666
2024-09-30_14-00-24_0000966,1.0717866666666667,1.2168533333333333
2024-09-30_14-00-24_0000966,1.2381866666666668,1.4557866666666666
2024-09-30_14-00-24_0000966,1.4728533333333333,1.73312
2024-09-30_14-00-24_0000966,1.78432,1.97632
2024-09-30_14-00-24_0000966,2.006186666666667,2.10432
2024-09-30_14-00-24_0000966,2.14272,2.36032
2024-09-30_14-00-24_0000966,2.3944533333333333,2.518186666666667
2024-09-30_14-00-24_0000966,2.5352533333333334,2.7400533333333335
2024-09-30_14-00-24_0000966,2.7485866666666667,2.9917866666666666
2024-09-30_14-00-24_0000966,3.0429866666666667,3.25632
2024-09-30_14-00-24_0000966,3.2989866666666665,3.4909866666666667
2024-09-30_14-00-24_0000966,3.5037866666666666,3.74272
2024-09-30_14-00-24_0000966,3.7853866666666667,3.9517866666666666
2024-09-30_14-00-24_0000966,3.99872,4.20352
2024-09-30_14-00-24_0000966,4.212053333333333,4.284586666666667
2024-09-30_14-00-24_0000966,4.429653333333333,4.621653333333334
2024-09-30_14-00-24_0000966,4.698453333333333,4.745386666666667
2024-09-30_14-00-24_0000966,4.84352,4.9288533333333335
2024-09-30_14-00-24_0000966,4.954453333333333,5.17632
2024-09-30_14-00-24_0000966,5.223253333333333,5.462186666666667
2024-09-30_14-00-24_0000966,5.47072,5.679786666666667
2024-09-30_14-00-24_0000966,5.81632,5.94432
2024-09-30_14-00-24_0000966,5.961386666666667,6.076586666666667
2024-09-30_14-00-24_0000966,6.114986666666667,6.3837866666666665
2024-09-30_14-00-24_0000966,6.614186666666667,6.66112
2024-09-30_14-00-24_0000966,7.31392,7.458986666666667
2024-09-30_14-00-24_0000966,7.497386666666666,7.663786666666667
2024-09-30_14-05-15_0000970,0.9864533333333333,1.1656533333333334
2024-09-30_14-05-15_0000970,1.19552,1.36192
2024-09-30_14-05-15_0000970,1.4088533333333333,1.5880533333333333
2024-09-30_14-05-15_0000970,1.6264533333333333,1.84832
2024-09-30_14-05-15_0000970,1.8952533333333332,2.300586666666667
2024-09-30_14-05-15_0000970,2.36032,2.441386666666667
2024-09-30_14-05-15_0000970,2.4925866666666665,2.56512
2024-09-30_14-05-15_0000970,2.62912,2.68032
2024-09-30_14-06-44_0000973,0.9693866666666666,1.42592
2024-09-30_14-06-44_0000973,1.4600533333333334,1.6093866666666667
2024-09-30_14-06-44_0000973,1.61792,1.88672
2024-09-30_14-06-44_0000973,1.9165866666666667,2.1128533333333333
2024-09-30_14-06-44_0000973,2.1341866666666665,2.39872
2024-09-30_14-06-44_0000973,2.4285866666666664,2.5352533333333334
2024-09-30_14-06-44_0000973,2.573653333333333,2.6845866666666667
2024-09-30_14-09-14_0000977,0.6024533333333333,0.6152533333333333
2024-09-30_14-09-14_0000977,1.0205866666666668,1.2424533333333334
2024-09-30_14-09-14_0000977,1.2765866666666668,1.4344533333333334
2024-09-30_14-09-14_0000977,1.47712,1.5965866666666666
2024-09-30_14-09-14_0000977,1.63072,1.74592
2024-09-30_14-09-14_0000977,1.75872,1.8397866666666667
2024-09-30_14-09-14_0000977,1.86112,2.006186666666667
2024-09-30_14-09-14_0000977,2.02752,2.2536533333333333
2024-09-30_14-09-14_0000977,2.30912,2.505386666666667
2024-09-30_14-09-14_0000977,2.5437866666666666,2.8168533333333334
2024-09-30_14-10-34_0000982,0.9864533333333333,1.0205866666666668
2024-09-30_14-10-46_0000984,0.9949866666666667,1.9336533333333332
2024-09-30_14-12-43_0000993,1.02912,1.1272533333333334
2024-09-30_14-12-43_0000993,1.1485866666666666,1.2552533333333333
2024-09-30_14-12-43_0000993,1.2765866666666668,1.3832533333333332
2024-09-30_14-12-43_0000993,1.4045866666666667,1.5112533333333333
2024-09-30_14-12-43_0000993,1.5325866666666668,1.6392533333333332
2024-09-30_14-12-43_0000993,1.6605866666666667,1.7672533333333333
2024-09-30_14-12-43_0000993,1.7885866666666668,1.9421866666666667
2024-09-30_14-12-43_0000993,1.96352,2.2365866666666667
2024-09-30_14-12-43_0000993,2.29632,2.4584533333333334
2024-09-30_14-12-43_0000993,2.52672,2.57792
2024-09-30_14-13-47_0000997,0.9821866666666667,1.25952
2024-09-30_14-13-47_0000997,1.28512,1.45152
2024-09-30_14-13-47_0000997,1.50272,1.6989866666666666
2024-09-30_14-13-47_0000997,1.7160533333333334,1.93792
2024-09-30_14-13-47_0000997,1.9848533333333334,2.1725866666666667
2024-09-30_14-13-47_0000997,2.2152533333333335,2.4669866666666667
2024-09-30_14-13-47_0000997,2.5309866666666667,2.6333866666666665
2024-09-30_14-13-53_0000998,0.9821866666666667,1.0973866666666667
2024-09-30_14-13-53_0000998,1.10592,1.2253866666666666
2024-09-30_14-13-53_0000998,1.23392,1.37472
2024-09-30_14-13-53_0000998,1.4472533333333333,1.55392
2024-09-30_14-13-53_0000998,1.57952,1.8013866666666667
2024-09-30_14-13-53_0000998,1.8312533333333334,2.1213866666666665
2024-09-30_14-13-53_0000998,2.14272,2.34752
2024-09-30_14-13-53_0000998,2.364586666666667,2.60352
2024-09-30_14-13-53_0000998,3.3416533333333334,3.5165866666666665
2024-09-30_14-13-53_0000998,3.5592533333333334,3.9432533333333333
2024-09-30_14-13-53_0000998,3.97312,4.066986666666667
2024-09-30_14-13-53_0000998,4.186453333333334,4.506453333333333
2024-09-30_14-13-53_0000998,4.52352,4.775253333333334
2024-09-30_14-13-53_0000998,4.788053333333333,5.078186666666666
2024-09-30_14-16-49_0001000,1.0077866666666666,1.1101866666666667
2024-09-30_14-16-49_0001000,1.1485866666666666,1.2381866666666668
2024-09-30_14-16-49_0001000,1.2765866666666668,1.3661866666666667
2024-09-30_14-16-49_0001000,1.4045866666666667,1.4941866666666668
2024-09-30_14-16-49_0001000,1.5325866666666668,1.57952
2024-09-30_14-16-49_0001000,2.20672,2.30912
2024-09-30_14-16-49_0001000,2.32192,2.46272
2024-09-30_14-16-52_0001001,0.9864533333333333,1.2680533333333333
2024-09-30_14-16-52_0001001,1.3192533333333334,1.46432
2024-09-30_14-16-52_0001001,1.5112533333333333,1.6349866666666666
2024-09-30_14-16-52_0001001,1.6648533333333333,1.89952
2024-09-30_14-16-52_0001001,1.9549866666666667,2.1853866666666666
2024-09-30_14-16-52_0001001,2.9277866666666665,2.9704533333333334
2024-09-30_14-16-52_0001001,3.017386666666667,3.16672
2024-09-30_14-16-52_0001001,3.21792,3.303253333333333
2024-09-30_14-16-55_0001002,2.1597866666666667,2.3773866666666668
2024-09-30_14-16-55_0001002,2.42432,2.60352
2024-09-30_14-16-55_0001002,2.6333866666666665,2.71872
2024-09-30_14-16-55_0001002,2.7613866666666667,2.8296533333333334
2024-09-30_14-16-55_0001002,2.88512,2.98752
2024-09-30_14-16-55_0001002,3.00032,3.14112
2024-09-30_14-16-55_0001002,3.170986666666667,3.3373866666666667
2024-09-30_14-17-21_0001005,1.22112,1.28512
2024-09-30_14-17-21_0001005,1.3277866666666667,1.4216533333333334
2024-09-30_14-17-21_0001005,1.43872,1.68192
2024-09-30_14-17-21_0001005,1.72032,1.8952533333333332
2024-09-30_14-17-21_0001005,1.9208533333333333,2.1213866666666665
2024-09-30_14-17-21_0001005,3.0472533333333334,3.085653333333333
2024-09-30_14-18-57_0001006,1.0120533333333332,1.09312
2024-09-30_14-18-57_0001006,1.1144533333333333,1.2893866666666667
2024-09-30_14-18-57_0001006,1.31072,1.6605866666666667
2024-09-30_14-18-57_0001006,1.69472,1.84832
2024-09-30_14-18-57_0001006,1.8781866666666667,1.9293866666666666
2024-09-30_14-18-57_0001006,1.9848533333333334,2.0317866666666666
2024-09-30_14-18-57_0001006,2.10432,2.16832
2024-09-30_14-18-57_0001006,2.32192,2.560853333333333
2024-09-30_14-18-57_0001006,2.5864533333333335,2.87232
2024-09-30_14-18-57_0001006,2.9149866666666666,3.1112533333333334
2024-09-30_14-18-57_0001006,3.15392,3.3373866666666667
2024-09-30_14-18-57_0001006,3.37152,3.6104533333333335
2024-09-30_14-18-57_0001006,3.6360533333333334,3.7469866666666665
2024-09-30_14-18-57_0001006,3.78112,3.8493866666666667
2024-09-30_14-19-13_0001007,0.9821866666666667,1.0760533333333333
2024-09-30_14-19-13_0001007,1.1016533333333334,1.3192533333333334
2024-09-30_14-19-13_0001007,1.4557866666666666,1.5240533333333333
2024-09-30_14-19-15_0001008,0.9821866666666667,1.3704533333333333
2024-09-30_14-19-15_0001008,1.3917866666666667,1.4600533333333334
2024-09-30_14-19-26_0001011,0.9821866666666667,1.1613866666666666
2024-09-30_14-19-26_0001011,1.1784533333333334,1.2936533333333333
2024-09-30_14-19-26_0001011,1.3021866666666666,1.6392533333333332
2024-09-30_14-19-26_0001011,1.68192,1.8781866666666667
2024-09-30_14-19-26_0001011,1.9208533333333333,2.12992
2024-09-30_14-19-26_0001011,2.146986666666667,2.2621866666666666
2024-09-30_14-19-26_0001011,2.279253333333333,2.4072533333333332
2024-09-30_14-19-26_0001011,2.43712,2.56512
2024-09-30_14-22-26_0001013,0.9096533333333333,0.9608533333333333
2024-09-30_14-22-26_0001013,1.60512,1.79712
2024-09-30_14-22-26_0001013,1.8141866666666666,1.9933866666666666
2024-09-30_14-22-26_0001013,2.04032,2.56512
2024-09-30_14-22-26_0001013,2.62912,2.8296533333333334
2024-09-30_14-22-58_0001014,0.9949866666666667,1.0589866666666667
2024-09-30_14-22-58_0001014,1.11872,1.19552
2024-09-30_14-22-58_0001014,1.24672,1.3320533333333333
2024-09-30_14-22-58_0001014,1.3917866666666667,1.43872
2024-09-30_14-23-05_0001015,0.99072,1.11872
2024-09-30_14-23-05_0001015,1.14432,1.3533866666666667
2024-09-30_14-23-05_0001015,1.3832533333333332,1.4728533333333333
2024-09-30_14-23-05_0001015,1.5197866666666666,1.5581866666666666
2024-09-30_14-23-05_0001015,1.63072,1.66912
2024-09-30_14-23-05_0001015,1.72032,1.78432
2024-09-30_14-23-05_0001015,1.8141866666666666,2.0957866666666667
2024-09-30_14-23-05_0001015,2.1341866666666665,2.3816533333333334
2024-09-30_14-23-05_0001015,2.4285866666666664,2.61632
2024-09-30_14-23-05_0001015,2.658986666666667,2.73152
2024-09-30_14-23-05_0001015,2.7613866666666667,2.8381866666666666
2024-09-30_14-23-05_0001015,2.9021866666666667,3.00032
2024-09-30_14-23-05_0001015,3.0216533333333335,3.24352
2024-09-30_14-23-05_0001015,3.28192,3.42272
2024-09-30_14-23-05_0001015,3.46112,3.5037866666666666
2024-09-30_14-23-05_0001015,4.015786666666667,4.096853333333334
2024-09-30_14-23-09_0001016,0.29952,0.3848533333333333
2024-09-30_14-23-25_0001022,1.01632,1.0717866666666667
2024-09-30_14-23-25_0001022,1.09312,1.36192
2024-09-30_14-23-25_0001022,1.3704533333333333,1.5368533333333334
2024-09-30_14-23-25_0001022,1.5624533333333332,1.72032
2024-09-30_14-23-25_0001022,1.7501866666666666,1.9037866666666667
2024-09-30_14-23-25_0001022,1.9421866666666667,2.15552
2024-09-30_14-23-25_0001022,2.1981866666666665,2.33472
2024-09-30_14-23-25_0001022,2.3901866666666667,2.441386666666667
2024-09-30_14-25-48_0001038,1.43872,1.4813866666666666
2024-09-30_14-26-02_0001042,1.46432,1.54112
2024-09-30_14-26-02_0001042,2.0189866666666667,2.07872
2024-09-30_14-26-11_0001043,0.99072,1.06752
2024-09-30_14-26-11_0001043,1.10592,1.40032
2024-09-30_14-26-11_0001043,1.4600533333333334,1.6008533333333332
2024-09-30_14-26-25_0001044,1.0120533333333332,1.1357866666666667
2024-09-30_14-26-25_0001044,1.1528533333333333,1.2637866666666666
2024-09-30_14-26-25_0001044,1.2808533333333334,1.5069866666666667
2024-09-30_14-26-25_0001044,1.54112,1.7117866666666666
2024-09-30_14-26-25_0001044,1.7501866666666666,1.93792
2024-09-30_14-26-25_0001044,1.9677866666666666,2.4072533333333332
2024-09-30_14-26-25_0001044,2.420053333333333,2.5096533333333335
2024-09-30_14-26-25_0001044,2.56512,2.6120533333333333
2024-09-30_14-26-25_0001044,2.78272,2.876586666666667
2024-09-30_14-26-25_0001044,2.9149866666666666,2.9917866666666666
2024-09-30_14-26-25_0001044,3.0216533333333335,3.10272
2024-09-30_14-26-25_0001044,3.12832,3.2093866666666666
2024-09-30_14-26-25_0001044,3.3501866666666666,3.65312
2024-09-30_14-26-48_0001047,0.9992533333333333,1.0973866666666667
2024-09-30_14-26-48_0001047,1.1144533333333333,1.20832
2024-09-30_14-26-48_0001047,1.2253866666666666,1.47712
2024-09-30_14-26-48_0001047,1.52832,1.7757866666666666
2024-09-30_14-26-48_0001047,1.8141866666666666,2.006186666666667
2024-09-30_14-26-48_0001047,2.061653333333333,2.287786666666667
2024-09-30_14-26-48_0001047,2.3389866666666665,2.4328533333333335
2024-09-30_14-27-09_0001051,1.9464533333333334,2.1213866666666665
2024-09-30_14-27-09_0001051,2.15552,2.34752
2024-09-30_14-27-09_0001051,2.420053333333333,2.5992533333333334
2024-09-30_14-27-09_0001051,2.637653333333333,2.7741866666666666
2024-09-30_14-27-09_0001051,2.79552,2.953386666666667
2024-09-30_14-27-09_0001051,2.9832533333333333,3.170986666666667
2024-09-30_14-27-09_0001051,3.2221866666666665,3.29472
2024-09-30_14-27-56_0001053,1.5069866666666667,1.5880533333333333
2024-09-30_14-27-56_0001053,1.60512,1.83552
2024-09-30_14-27-56_0001053,1.87392,2.0573866666666665
2024-09-30_14-27-56_0001053,2.0829866666666668,2.2749866666666665
2024-09-30_14-27-56_0001053,2.343253333333333,2.4797866666666666
2024-09-30_14-27-56_0001053,2.5096533333333335,2.8296533333333334
2024-09-30_14-27-56_0001053,2.87232,3.0045866666666665
2024-09-30_14-27-56_0001053,3.1453866666666666,3.2093866666666666
2024-09-30_14-28-00_0001054,0.95232,1.0333866666666667
2024-09-30_14-29-06_0001058,0.9736533333333334,1.1357866666666667
2024-09-30_14-29-06_0001058,1.1656533333333334,1.37472
2024-09-30_14-29-06_0001058,1.41312,1.6264533333333333
2024-09-30_14-29-06_0001058,1.6605866666666667,1.8824533333333333
2024-09-30_14-29-06_0001058,2.0232533333333333,2.1128533333333333
2024-09-30_14-30-11_0001059,1.0077866666666666,1.2125866666666667
2024-09-30_14-34-47_0001063,1.0120533333333332,1.2168533333333333
2024-09-30_14-34-47_0001063,1.2424533333333334,1.45152
2024-09-30_14-34-47_0001063,1.4856533333333333,1.66912
2024-09-30_14-34-47_0001063,1.7032533333333333,1.91232
2024-09-30_14-34-47_0001063,1.95072,2.18112
2024-09-30_14-34-47_0001063,2.2280533333333334,2.4840533333333332
2024-09-30_14-34-47_0001063,2.5949866666666668,2.7272533333333335
2024-09-30_14-35-29_0001065,0.9821866666666667,1.3789866666666666
2024-09-30_14-35-29_0001065,2.0872533333333334,2.2152533333333335
2024-09-30_14-35-29_0001065,2.23232,2.573653333333333
2024-09-30_14-35-29_0001065,2.5864533333333335,3.085653333333333
2024-09-30_14-35-29_0001065,3.1112533333333334,3.21792
2024-09-30_14-35-29_0001065,3.24352,3.32032
2024-09-30_14-35-29_0001065,3.35872,3.5549866666666667
2024-09-30_14-35-29_0001065,3.97312,4.15232
2024-09-30_14-35-29_0001065,4.3400533333333335,4.39552
2024-09-30_14-35-34_0001066,1.0248533333333334,1.3917866666666667
2024-09-30_14-35-34_0001066,1.4472533333333333,1.5496533333333333
2024-09-30_14-35-34_0001066,1.6520533333333334,1.7032533333333333
2024-09-30_14-35-46_0001068,1.6392533333333332,2.070186666666667
2024-09-30_14-35-46_0001068,2.1128533333333333,2.3261866666666666
2024-09-30_14-35-46_0001068,2.3517866666666665,2.496853333333333
2024-09-30_14-35-46_0001068,2.5224533333333334,2.84672
2024-09-30_14-35-46_0001068,2.855253333333333,3.017386666666667
2024-09-30_14-36-46_0001079,1.9336533333333332,2.1768533333333333
2024-09-30_14-36-46_0001079,2.20672,2.364586666666667
2024-09-30_14-36-46_0001079,2.4029866666666666,2.4925866666666665
2024-09-30_14-36-46_0001079,2.5352533333333334,2.79552
2024-09-30_14-36-46_0001079,2.8381866666666666,3.0472533333333334
2024-09-30_14-36-46_0001079,3.0813866666666665,3.2520533333333335
2024-09-30_14-36-46_0001079,3.30752,3.4312533333333333
2024-09-30_14-36-46_0001079,3.5037866666666666,3.55072
2024-09-30_14-36-46_0001079,3.90912,3.9944533333333334
2024-09-30_14-36-51_0001080,0.97792,1.14432
2024-09-30_14-36-51_0001080,1.1912533333333333,1.27232
2024-09-30_14-36-51_0001080,1.3192533333333334,1.3917866666666667
2024-09-30_14-36-53_0001081,0.9736533333333334,1.14432
2024-09-30_14-36-53_0001081,1.2296533333333333,1.3533866666666667
2024-09-30_14-36-53_0001081,1.92512,1.9848533333333334
2024-09-30_14-36-53_0001081,2.0232533333333333,2.28352
2024-09-30_14-36-53_0001081,2.32192,2.5096533333333335
2024-09-30_14-36-53_0001081,2.64192,2.6888533333333333
2024-09-30_14-36-53_0001081,2.8509866666666666,2.9192533333333333
2024-09-30_14-36-53_0001081,2.9789866666666667,3.0984533333333335
2024-09-30_14-36-53_0001081,3.15392,3.2221866666666665
2024-09-30_14-37-13_0001082,1.97632,2.2152533333333335
2024-09-30_14-37-13_0001082,2.2365866666666667,2.42432
2024-09-30_14-37-13_0001082,2.441386666666667,2.65472
2024-09-30_14-37-13_0001082,2.69312,2.84672
2024-09-30_14-37-13_0001082,2.85952,2.96192
2024-09-30_14-37-13_0001082,3.008853333333333,3.170986666666667
2024-09-30_14-37-13_0001082,3.1837866666666668,3.25632
2024-09-30_14-37-13_0001082,3.32032,3.40992
2024-09-30_14-37-13_0001082,3.4184533333333333,3.4781866666666668
2024-09-30_14-37-13_0001082,3.53792,3.62752
2024-09-30_14-37-13_0001082,3.6445866666666666,3.8024533333333332
2024-09-30_14-37-13_0001082,3.84512,3.968853333333333
2024-09-30_14-37-13_0001082,4.01152,4.0584533333333335
2024-09-30_14-37-13_0001082,4.450986666666667,4.596053333333334
2024-09-30_14-37-13_0001082,4.62592,4.839253333333334
2024-09-30_14-37-13_0001082,4.877653333333333,4.967253333333334
2024-09-30_14-37-13_0001082,5.056853333333334,5.231786666666666
2024-09-30_14-37-18_0001083,0.99072,1.0717866666666667
2024-09-30_14-37-18_0001083,1.10592,1.2168533333333333
2024-09-30_14-37-18_0001083,1.23392,1.3448533333333332
2024-09-30_14-37-18_0001083,1.36192,1.48992
2024-09-30_14-37-18_0001083,1.5325866666666668,1.61792
2024-09-30_14-37-35_0001086,1.01632,1.14432
2024-09-30_14-37-35_0001086,1.16992,1.27232
2024-09-30_14-37-35_0001086,1.29792,1.4813866666666666
2024-09-30_14-37-35_0001086,1.5240533333333333,1.7501866666666666
2024-09-30_14-37-35_0001086,1.7928533333333334,1.9293866666666666
2024-09-30_14-37-35_0001086,1.95072,2.2493866666666666
2024-09-30_14-37-35_0001086,2.28352,2.505386666666667
2024-09-30_14-37-35_0001086,2.5565866666666666,2.83392
2024-09-30_14-37-35_0001086,2.8893866666666668,2.9789866666666667
2024-09-30_14-37-35_0001086,3.017386666666667,3.2989866666666665
2024-09-30_14-37-35_0001086,3.3373866666666667,3.56352
2024-09-30_14-37-35_0001086,3.606186666666667,3.75552
2024-09-30_14-37-35_0001086,3.7725866666666668,3.892053333333333
2024-09-30_14-37-35_0001086,3.96032,4.071253333333333
2024-09-30_14-37-35_0001086,4.1224533333333335,4.450986666666667
2024-09-30_14-37-35_0001086,4.51072,4.57472
2024-09-30_14-37-35_0001086,4.6472533333333335,4.74112
2024-09-30_14-37-35_0001086,4.813653333333333,4.886186666666666
2024-09-30_14-37-35_0001086,4.9288533333333335,5.001386666666667
2024-09-30_14-37-35_0001086,5.065386666666667,5.218986666666667
2024-09-30_14-37-35_0001086,6.12352,6.285653333333333
2024-09-30_14-37-35_0001086,6.349653333333333,6.4477866666666666
2024-09-30_14-37-35_0001086,6.490453333333333,6.690986666666666
2024-09-30_14-37-35_0001086,6.703786666666667,6.836053333333333
2024-09-30_14-37-35_0001086,6.874453333333333,7.040853333333334
2024-09-30_14-37-35_0001086,7.087786666666666,7.202986666666667
2024-09-30_14-37-35_0001086,7.23712,7.394986666666667
2024-09-30_14-37-35_0001086,7.446186666666667,7.59552
2024-09-30_14-37-35_0001086,7.616853333333333,7.808853333333333
2024-09-30_14-37-35_0001086,7.85152,7.958186666666666
2024-09-30_14-37-35_0001086,8.013653333333334,8.128853333333334
2024-09-30_14-37-35_0001086,8.320853333333334,8.47872
2024-09-30_14-37-35_0001086,8.50432,8.674986666666667
2024-09-30_14-37-35_0001086,8.730453333333333,8.866986666666667
2024-09-30_14-37-35_0001086,8.905386666666667,9.012053333333334
2024-09-30_14-37-35_0001086,9.076053333333334,9.14432
2024-09-30_14-37-35_0001086,9.370453333333334,9.52832
2024-09-30_14-37-35_0001086,9.562453333333334,9.65632
2024-09-30_14-37-35_0001086,9.66912,9.814186666666666
2024-09-30_14-37-35_0001086,9.878186666666666,9.92512
2024-09-30_14-37-35_0001086,10.390186666666667,10.47552
2024-09-30_14-37-35_0001086,10.496853333333334,10.658986666666667
2024-09-30_14-37-35_0001086,10.676053333333334,10.80832
2024-09-30_14-37-35_0001086,10.902186666666667,10.944853333333333
2024-09-30_14-38-51_0001090,1.0333866666666667,1.1101866666666667
2024-09-30_14-38-51_0001090,1.13152,1.3533866666666667
2024-09-30_14-38-51_0001090,1.41312,1.5837866666666667
2024-09-30_14-38-51_0001090,1.6264533333333333,1.7245866666666667
2024-09-30_14-38-51_0001090,1.89952,1.9549866666666667
2024-09-30_14-38-51_0001090,2.14272,2.1853866666666666
2024-09-30_14-39-09_0001093,0.97792,1.4344533333333334
2024-09-30_14-39-09_0001093,1.4728533333333333,1.6477866666666667
2024-09-30_14-39-09_0001093,1.6776533333333334,1.8653866666666667
2024-09-30_14-39-09_0001093,1.9037866666666667,2.1085866666666666
2024-09-30_14-39-09_0001093,2.1512533333333335,2.420053333333333
2024-09-30_14-39-09_0001093,2.4669866666666667,2.7485866666666667
2024-09-30_14-39-09_0001093,2.778453333333333,3.030186666666667
2024-09-30_14-39-09_0001093,3.06432,3.21792
2024-09-30_14-39-09_0001093,3.2349866666666665,3.4824533333333334
2024-09-30_14-39-09_0001093,3.5165866666666665,3.6317866666666667
2024-09-30_14-39-09_0001093,3.65312,3.84512
2024-09-30_14-39-09_0001093,3.8877866666666665,4.130986666666667
2024-09-30_14-39-09_0001093,4.143786666666666,4.42112
2024-09-30_14-39-09_0001093,5.00992,5.116586666666667
2024-09-30_14-39-09_0001093,5.193386666666667,5.287253333333333
2024-09-30_14-39-09_0001093,5.334186666666667,5.428053333333334
2024-09-30_14-39-09_0001093,5.504853333333333,5.543253333333333
2024-09-30_14-39-09_0001093,5.645653333333334,5.68832
2024-09-30_14-39-09_0001093,5.75232,5.884586666666666
2024-09-30_14-39-09_0001093,5.914453333333333,6.089386666666667
2024-09-30_14-39-09_0001093,6.127786666666666,6.255786666666666
2024-09-30_14-39-09_0001093,6.41792,6.57152
2024-09-30_14-39-09_0001093,6.605653333333334,6.793386666666667
2024-09-30_14-39-09_0001093,6.844586666666666,6.900053333333333
2024-09-30_14-39-09_0001093,6.9128533333333335,7.028053333333333
2024-09-30_14-39-09_0001093,7.079253333333333,7.151786666666666
2024-09-30_14-42-29_0001095,2.202453333333333,2.28352
2024-09-30_14-44-39_0001101,1.0248533333333334,1.0845866666666666
2024-09-30_14-44-39_0001101,1.14432,1.2680533333333333
2024-09-30_14-44-39_0001101,1.3149866666666667,1.4173866666666666
2024-09-30_14-44-39_0001101,1.4429866666666666,1.56672
2024-09-30_14-44-41_0001102,1.0717866666666667,1.1656533333333334
2024-09-30_14-44-41_0001102,1.1869866666666666,1.2936533333333333
2024-09-30_14-44-41_0001102,1.3149866666666667,1.4216533333333334
2024-09-30_14-44-41_0001102,1.4429866666666666,1.5496533333333333
2024-09-30_14-44-41_0001102,1.5709866666666668,1.6776533333333334
2024-09-30_14-44-41_0001102,1.6989866666666666,1.8056533333333333
2024-09-30_14-44-41_0001102,1.8269866666666668,1.9336533333333332
2024-09-30_14-44-41_0001102,2.1213866666666665,2.2749866666666665
2024-09-30_14-44-41_0001102,2.2920533333333335,2.4925866666666665
2024-09-30_14-44-41_0001102,2.56512,2.6077866666666667
2024-09-30_14-44-41_0001102,2.6888533333333333,2.7400533333333335
2024-09-30_14-44-41_0001102,3.47392,3.5165866666666665
2024-09-30_14-44-41_0001102,3.58912,3.6957866666666668
2024-09-30_14-44-41_0001102,4.604586666666667,4.67712
2024-09-30_14-44-41_0001102,4.7112533333333335,4.80512
2024-09-30_14-44-41_0001102,4.898986666666667,4.95872
2024-09-30_14-45-09_0001106,1.02912,1.0845866666666666
2024-09-30_14-45-13_0001107,1.50272,1.5581866666666666
2024-09-30_14-45-25_0001110,1.00352,1.1528533333333333
2024-09-30_14-45-25_0001110,1.1741866666666667,1.32352
2024-09-30_14-45-25_0001110,1.3704533333333333,1.4557866666666666
2024-09-30_14-45-43_0001112,1.0333866666666667,1.47712
2024-09-30_14-45-43_0001112,1.5112533333333333,1.6349866666666666
2024-09-30_14-45-43_0001112,1.65632,1.93792
2024-09-30_14-45-43_0001112,1.9720533333333334,2.210986666666667
2024-09-30_14-45-43_0001112,2.2493866666666666,2.4712533333333333
2024-09-30_14-45-43_0001112,2.505386666666667,2.7528533333333334
2024-09-30_14-45-43_0001112,2.791253333333333,2.876586666666667
2024-09-30_14-45-43_0001112,2.9021866666666667,3.06432
2024-09-30_14-45-43_0001112,3.0984533333333335,3.3288533333333334
2024-09-30_14-45-43_0001112,3.367253333333333,3.52512
2024-09-30_14-45-43_0001112,3.597653333333333,3.69152
2024-09-30_14-45-58_0001114,1.0205866666666668,1.0845866666666666
2024-09-30_14-45-58_0001114,1.1272533333333334,1.2125866666666667
2024-09-30_14-45-58_0001114,1.2552533333333333,1.45152
2024-09-30_14-45-58_0001114,1.5240533333333333,1.56672
2024-09-30_14-46-01_0001115,0.9821866666666667,1.0717866666666667
2024-09-30_14-46-01_0001115,1.09312,1.3576533333333334
2024-09-30_14-46-01_0001115,1.3832533333333332,1.7117866666666666
2024-09-30_14-46-01_0001115,1.7288533333333334,1.91232
2024-09-30_14-46-01_0001115,1.92512,2.09152
2024-09-30_14-46-01_0001115,2.1384533333333335,2.42432
2024-09-30_14-46-01_0001115,2.47552,2.560853333333333
2024-09-30_14-46-01_0001115,2.57792,2.6717866666666668
2024-09-30_14-46-01_0001115,2.7101866666666665,2.88512
2024-09-30_14-46-01_0001115,2.9405866666666665,3.0600533333333333
2024-09-30_14-46-01_0001115,3.08992,3.2221866666666665
2024-09-30_14-46-01_0001115,3.4824533333333334,3.55072
2024-09-30_14-46-01_0001115,3.57632,3.8237866666666664
2024-09-30_14-46-01_0001115,3.8664533333333333,3.913386666666667
2024-09-30_14-46-46_0001119,0.9864533333333333,1.15712
2024-09-30_14-46-46_0001119,1.1656533333333334,1.28512
2024-09-30_14-46-46_0001119,1.2936533333333333,1.4173866666666666
2024-09-30_14-46-46_0001119,1.4472533333333333,1.7928533333333334
2024-09-30_14-46-46_0001119,1.8269866666666668,1.92512
2024-09-30_14-46-46_0001119,1.9464533333333334,2.16832
2024-09-30_14-46-46_0001119,2.20672,2.343253333333333
2024-09-30_14-47-35_0001124,0.96512,1.0589866666666667
2024-09-30_14-47-35_0001124,1.0845866666666666,1.22112
2024-09-30_14-47-54_0001126,0.91392,0.9608533333333333
2024-09-30_14-47-54_0001126,0.9821866666666667,1.40032
2024-09-30_14-47-54_0001126,1.4216533333333334,1.6264533333333333
2024-09-30_14-47-54_0001126,1.6477866666666667,1.7501866666666666
2024-09-30_14-47-54_0001126,1.77152,2.0104533333333334
2024-09-30_14-47-54_0001126,2.0317866666666666,2.1981866666666665
2024-09-30_14-47-54_0001126,2.23232,2.3304533333333333
2024-09-30_14-47-54_0001126,3.02592,3.1325866666666666
2024-09-30_14-47-54_0001126,3.14112,3.2904533333333332
2024-09-30_14-47-54_0001126,3.324586666666667,3.465386666666667
2024-09-30_14-47-54_0001126,3.6104533333333335,3.83232
2024-09-30_14-47-54_0001126,3.8877866666666665,4.002986666666667
2024-09-30_14-47-54_0001126,4.01152,4.08832
2024-09-30_14-47-54_0001126,4.199253333333333,4.25472
2024-09-30_14-48-40_0001128,1.0205866666666668,1.1016533333333334
2024-09-30_14-48-42_0001129,0.9864533333333333,1.11872
2024-09-30_14-48-42_0001129,1.1357866666666667,1.24672
2024-09-30_14-48-42_0001129,1.2637866666666666,1.54112
2024-09-30_14-48-42_0001129,1.57952,1.6392533333333332
2024-09-30_14-50-29_0001132,3.0344533333333334,3.106986666666667
2024-09-30_14-50-29_0001132,3.1453866666666666,3.2989866666666665
2024-09-30_14-50-29_0001132,3.32032,3.542186666666667
2024-09-30_14-50-29_0001132,3.597653333333333,3.70432
2024-09-30_14-54-59_0001136,1.0120533333333332,1.1613866666666666
2024-09-30_14-54-59_0001136,1.1784533333333334,1.2893866666666667
2024-09-30_14-54-59_0001136,1.3064533333333332,1.3832533333333332
2024-09-30_14-54-59_0001136,1.41312,1.5112533333333333
2024-09-30_14-54-59_0001136,1.5368533333333334,1.6861866666666667
2024-09-30_14-54-59_0001136,1.7117866666666666,1.86112
2024-09-30_14-54-59_0001136,1.8824533333333333,2.070186666666667
2024-09-30_14-54-59_0001136,2.0957866666666667,2.210986666666667
2024-09-30_14-54-59_0001136,2.23232,2.3389866666666665
2024-09-30_14-54-59_0001136,2.3688533333333335,2.56512
2024-09-30_14-54-59_0001136,2.5992533333333334,2.6888533333333333
2024-09-30_14-54-59_0001136,2.7101866666666665,2.87232
2024-09-30_14-54-59_0001136,2.91072,2.97472
2024-09-30_14-54-59_0001136,3.11552,3.1965866666666667
2024-09-30_14-54-59_0001136,3.2136533333333333,3.38432
2024-09-30_14-55-41_0001140,1.01632,1.09312
2024-09-30_14-55-41_0001140,1.1144533333333333,1.22112
2024-09-30_14-55-41_0001140,1.2424533333333334,1.34912
2024-09-30_14-55-41_0001140,1.3704533333333333,1.47712
2024-09-30_14-55-41_0001140,1.4984533333333334,1.7032533333333333
2024-09-30_14-55-41_0001140,1.7288533333333334,1.9208533333333333
2024-09-30_14-55-41_0001140,1.98912,2.1853866666666666
2024-09-30_14-55-41_0001140,2.2280533333333334,2.4456533333333335
2024-09-30_14-55-41_0001140,2.4925866666666665,2.6888533333333333
2024-09-30_14-55-41_0001140,2.7485866666666667,2.8381866666666666
2024-09-30_14-55-41_0001140,2.85952,2.953386666666667
2024-09-30_14-55-41_0001140,3.0216533333333335,3.07712
2024-09-30_14-55-41_0001140,3.367253333333333,3.444053333333333
2024-09-30_14-56-08_0001142,1.0333866666666667,1.22112
2024-09-30_14-56-08_0001142,1.25952,1.4344533333333334
2024-09-30_14-56-08_0001142,1.4557866666666666,1.5496533333333333
2024-09-30_14-56-08_0001142,1.56672,1.6861866666666667
2024-09-30_14-56-08_0001142,1.7032533333333333,1.97632
2024-09-30_14-56-08_0001142,2.006186666666667,2.11712
2024-09-30_14-56-18_0001143,1.00352,1.1656533333333334
2024-09-30_14-56-18_0001143,1.1741866666666667,1.2936533333333333
2024-09-30_14-56-18_0001143,1.3021866666666666,1.54112
2024-09-30_14-56-18_0001143,1.56672,1.6989866666666666
2024-09-30_14-56-18_0001143,1.72032,1.8696533333333334
2024-09-30_14-56-18_0001143,1.8952533333333332,1.9848533333333334
2024-09-30_14-56-18_0001143,2.0104533333333334,2.38592
2024-09-30_14-56-18_0001143,2.4456533333333335,2.50112
2024-09-30_15-09-05_0001144,0.91392,0.95232
2024-09-30_15-09-05_0001144,0.99072,1.1357866666666667
2024-09-30_15-09-05_0001144,1.1741866666666667,1.36192
2024-09-30_15-09-05_0001144,1.4045866666666667,1.4728533333333333
2024-09-30_15-10-58_0001146,0.99072,1.1272533333333334
2024-09-30_15-10-58_0001146,1.1485866666666666,1.2552533333333333
2024-09-30_15-10-58_0001146,1.2765866666666668,1.48992
2024-09-30_15-10-58_0001146,1.5197866666666666,1.7416533333333333
2024-09-30_15-10-58_0001146,1.7629866666666667,1.9848533333333334
2024-09-30_15-10-58_0001146,2.01472,2.1085866666666666
2024-09-30_15-11-02_0001147,0.56832,0.6408533333333334
2024-09-30_15-11-02_0001147,0.99072,1.04192
2024-09-30_15-11-02_0001147,1.91232,1.95072
2024-09-30_15-11-18_0001150,0.022186666666666667,0.07338666666666667
2024-09-30_15-11-18_0001150,1.00352,1.0760533333333333
2024-09-30_15-11-18_0001150,1.13152,1.2040533333333334
2024-09-30_15-11-18_0001150,1.25952,1.3320533333333333
2024-09-30_15-11-23_0001151,1.70752,1.8568533333333332
2024-09-30_15-11-23_0001151,2.00192,2.2365866666666667
2024-09-30_15-11-23_0001151,2.25792,2.4669866666666667
2024-09-30_15-11-23_0001151,2.50112,3.05152
2024-09-30_15-11-23_0001151,3.06432,3.2520533333333335
2024-09-30_15-11-23_0001151,3.2605866666666667,3.6317866666666667
2024-09-30_15-11-23_0001151,3.682986666666667,3.7768533333333334
2024-09-30_15-11-23_0001151,3.81952,3.8877866666666665
2024-09-30_15-11-50_0001153,0.9821866666666667,1.1613866666666666
2024-09-30_15-11-50_0001153,1.20832,1.31072
2024-09-30_15-11-50_0001153,1.33632,1.5112533333333333
2024-09-30_15-11-50_0001153,1.5453866666666667,1.59232
2024-09-30_15-12-19_0001159,1.01632,1.0845866666666666
2024-09-30_15-12-19_0001159,1.1144533333333333,1.2637866666666666
2024-09-30_15-12-19_0001159,1.2765866666666668,1.4216533333333334
2024-09-30_15-12-19_0001159,1.5624533333333332,1.6093866666666667
2024-09-30_15-12-19_0001159,1.7885866666666668,1.8312533333333334
2024-09-30_15-12-21_0001160,0.07338666666666667,0.08192
2024-09-30_15-12-21_0001160,0.9693866666666666,1.1656533333333334
2024-09-30_15-12-21_0001160,1.2552533333333333,1.31072
2024-09-30_15-12-25_0001161,1.0120533333333332,1.09312
2024-09-30_15-12-25_0001161,1.11872,1.22112
2024-09-30_15-12-25_0001161,1.24672,1.34912
2024-09-30_15-12-25_0001161,1.37472,1.47712
2024-09-30_15-12-25_0001161,1.50272,1.60512
2024-09-30_15-12-25_0001161,1.63072,1.73312
2024-09-30_15-12-25_0001161,1.75872,1.86112
2024-09-30_15-12-25_0001161,1.88672,2.061653333333333
2024-09-30_15-12-25_0001161,2.1000533333333333,2.223786666666667
2024-09-30_15-12-25_0001161,2.266453333333333,2.32192
2024-09-30_15-13-30_0001169,0.99072,1.0504533333333332
2024-09-30_15-13-39_0001170,1.9080533333333334,1.9848533333333334
2024-09-30_15-13-39_0001170,2.0189866666666667,2.1853866666666666
2024-09-30_15-13-39_0001170,2.21952,2.34752
2024-09-30_15-13-39_0001170,2.3816533333333334,2.5693866666666665
2024-09-30_15-13-39_0001170,2.6205866666666666,2.7272533333333335
2024-09-30_15-13-39_0001170,2.8808533333333335,2.9405866666666665
2024-09-30_15-13-39_0001170,2.9704533333333334,3.1752533333333335
2024-09-30_15-13-39_0001170,3.2221866666666665,3.3544533333333333
2024-09-30_15-14-27_0001178,0.9821866666666667,1.11872
2024-09-30_15-14-27_0001178,1.1357866666666667,1.23392
2024-09-30_15-14-27_0001178,1.2552533333333333,1.40032
2024-09-30_15-14-27_0001178,1.4301866666666667,1.5069866666666667
2024-09-30_15-14-27_0001178,1.5581866666666666,1.64352
2024-09-30_15-14-27_0001178,1.66912,1.8696533333333334
2024-09-30_15-14-27_0001178,1.9080533333333334,2.11712
2024-09-30_15-14-27_0001178,2.146986666666667,2.2493866666666666
2024-09-30_15-14-27_0001178,2.28352,2.5480533333333333
2024-09-30_15-14-27_0001178,2.57792,2.69312
2024-09-30_15-14-27_0001178,2.722986666666667,2.8893866666666668
2024-09-30_15-14-27_0001178,2.9661866666666667,3.00032
2024-09-30_15-14-27_0001178,3.106986666666667,3.1581866666666665
2024-09-30_15-14-27_0001178,3.2861866666666666,3.380053333333333
2024-09-30_15-14-27_0001178,3.4312533333333333,3.5549866666666667
2024-09-30_15-14-37_0001180,1.7672533333333333,1.8184533333333333
2024-09-30_15-14-37_0001180,1.84832,2.09152
2024-09-30_15-14-37_0001180,2.125653333333333,2.2408533333333334
2024-09-30_15-14-37_0001180,2.2749866666666665,2.5437866666666666
2024-09-30_15-14-37_0001180,2.57792,2.8040533333333335
2024-09-30_15-14-37_0001180,2.8637866666666665,2.91072
2024-09-30_15-14-43_0001181,0.8925866666666666,0.95232
2024-09-30_15-14-43_0001181,0.99072,1.0461866666666666
2024-09-30_15-14-43_0001181,1.0845866666666666,1.1613866666666666
2024-09-30_15-14-43_0001181,1.1869866666666666,1.3704533333333333
2024-09-30_15-14-43_0001181,1.4045866666666667,1.56672
2024-09-30_15-14-43_0001181,1.5965866666666666,1.6605866666666667
2024-09-30_15-15-02_0001184,1.02912,1.4813866666666666
2024-09-30_15-15-02_0001184,1.5197866666666666,1.5837866666666667
2024-09-30_15-15-02_0001184,1.74592,1.8312533333333334
2024-09-30_15-15-02_0001184,1.8440533333333333,2.0317866666666666
2024-09-30_15-15-02_0001184,2.0573866666666665,2.300586666666667
2024-09-30_15-15-36_0001187,0.90112,1.1101866666666667
2024-09-30_15-15-36_0001187,1.1229866666666666,1.2381866666666668
2024-09-30_15-15-36_0001187,1.2509866666666667,1.38752
2024-09-30_15-15-36_0001187,1.4216533333333334,1.66912
2024-09-30_15-15-36_0001187,1.7032533333333333,1.9464533333333334
2024-09-30_15-15-36_0001187,1.9848533333333334,2.18112
2024-09-30_15-15-36_0001187,2.2152533333333335,2.4328533333333335
2024-09-30_15-15-36_0001187,2.4925866666666665,2.6248533333333333
2024-09-30_15-15-36_0001187,2.66752,2.8637866666666665
2024-09-30_15-15-36_0001187,2.8936533333333334,3.106986666666667
2024-09-30_15-15-36_0001187,3.1453866666666666,3.30752
2024-09-30_15-15-36_0001187,3.3544533333333333,3.57632
2024-09-30_15-16-05_0001189,1.5581866666666666,1.7629866666666667
2024-09-30_15-16-05_0001189,1.7757866666666666,1.9677866666666666
2024-09-30_15-16-05_0001189,2.0104533333333334,2.1981866666666665
2024-09-30_15-16-05_0001189,2.23232,2.36032
2024-09-30_15-16-05_0001189,2.39872,2.51392
2024-09-30_15-16-05_0001189,2.53952,2.69312
2024-09-30_15-16-05_0001189,2.71872,2.88512
2024-09-30_15-16-05_0001189,2.9192533333333333,3.1325866666666666
2024-09-30_15-16-05_0001189,3.19232,3.303253333333333
2024-09-30_15-16-05_0001189,3.311786666666667,3.43552
2024-09-30_15-16-05_0001189,3.44832,3.52512
2024-09-30_15-16-05_0001189,3.5592533333333334,3.6701866666666665
2024-09-30_15-16-05_0001189,3.6872533333333335,4.105386666666667
2024-09-30_15-16-05_0001189,4.212053333333333,4.258986666666667
2024-09-30_15-17-15_0001195,1.02912,1.1485866666666666
2024-09-30_15-17-15_0001195,1.1656533333333334,1.2765866666666668
2024-09-30_15-17-15_0001195,1.2936533333333333,1.36192
2024-09-30_15-17-15_0001195,1.4173866666666666,1.54112
2024-09-30_15-17-15_0001195,1.5624533333333332,1.6605866666666667
2024-09-30_15-17-15_0001195,1.68192,1.9293866666666666
2024-09-30_15-17-15_0001195,1.9933866666666666,2.0872533333333334
2024-09-30_15-19-53_0001204,1.0248533333333334,1.1016533333333334
2024-09-30_15-19-53_0001204,1.1229866666666666,1.3960533333333334
2024-09-30_15-19-53_0001204,1.4301866666666667,1.5581866666666666
2024-09-30_15-19-53_0001204,1.5752533333333334,1.6733866666666666
2024-09-30_15-19-53_0001204,1.6861866666666667,1.7629866666666667
2024-09-30_15-19-53_0001204,1.79712,1.8952533333333332
2024-09-30_15-19-53_0001204,1.9080533333333334,2.1128533333333333
2024-09-30_15-19-53_0001204,2.1341866666666665,2.3816533333333334
2024-09-30_15-19-53_0001204,2.42432,2.50112
2024-09-30_15-19-53_0001204,2.56512,2.64192
2024-09-30_15-20-17_0001206,2.7272533333333335,2.876586666666667
2024-09-30_15-20-17_0001206,2.9277866666666665,3.1240533333333333
2024-09-30_15-20-17_0001206,3.1581866666666665,3.2349866666666665
2024-09-30_15-20-17_0001206,3.2733866666666667,3.3416533333333334
2024-09-30_15-20-17_0001206,3.380053333333333,3.4696533333333335
2024-09-30_15-21-20_0001219,1.9464533333333334,2.15552
2024-09-30_15-21-20_0001219,2.18112,2.4541866666666667
2024-09-30_15-21-20_0001219,2.4840533333333332,2.59072
2024-09-30_15-22-14_0001228,0.9992533333333333,1.1229866666666666
2024-09-30_15-22-14_0001228,1.2381866666666668,1.3832533333333332
2024-09-30_15-22-14_0001228,1.3917866666666667,1.54112
2024-09-30_15-22-14_0001228,1.5624533333333332,1.7373866666666666
2024-09-30_15-22-14_0001228,1.7928533333333334,1.96352
2024-09-30_15-22-14_0001228,1.9933866666666666,2.1384533333333335
2024-09-30_15-22-14_0001228,2.1640533333333334,2.266453333333333
2024-09-30_15-22-14_0001228,2.2920533333333335,2.4029866666666666
2024-09-30_15-22-14_0001228,2.41152,2.6120533333333333
2024-09-30_15-22-14_0001228,2.62912,2.91072
2024-09-30_15-22-14_0001228,2.9661866666666667,3.0344533333333334
2024-09-30_15-22-14_0001228,3.34592,3.4184533333333333
2024-09-30_15-22-14_0001228,3.43552,3.65312
2024-09-30_15-22-14_0001228,3.7341866666666665,3.815253333333333
2024-09-30_15-22-14_0001228,3.87072,3.96032
2024-09-30_15-22-14_0001228,4.007253333333333,4.07552
2024-09-30_15-22-14_0001228,4.130986666666667,4.263253333333333
2024-09-30_15-22-14_0001228,4.322986666666667,4.361386666666666
2024-09-30_15-22-55_0001233,2.27072,2.505386666666667
2024-09-30_15-22-55_0001233,2.518186666666667,2.7656533333333333
2024-09-30_15-22-55_0001233,2.7741866666666666,2.868053333333333
2024-09-30_15-22-55_0001233,2.876586666666667,3.0045866666666665
2024-09-30_15-22-55_0001233,3.01312,3.0984533333333335
2024-09-30_15-23-23_0001235,1.9421866666666667,2.01472
2024-09-30_15-23-23_0001235,2.04032,2.146986666666667
2024-09-30_15-23-23_0001235,2.16832,2.3816533333333334
2024-09-30_15-23-23_0001235,2.441386666666667,2.65472
2024-09-30_15-23-23_0001235,2.69312,2.7869866666666665
2024-09-30_15-23-23_0001235,2.8381866666666666,2.9192533333333333
2024-09-30_15-23-23_0001235,2.9576533333333335,3.085653333333333
2024-09-30_15-23-23_0001235,3.12832,3.21792
2024-09-30_15-23-23_0001235,3.28192,3.43552
2024-09-30_15-23-23_0001235,3.47392,3.661653333333333
2024-09-30_15-23-23_0001235,3.6957866666666668,3.8877866666666665
2024-09-30_15-23-23_0001235,3.92192,4.096853333333334
2024-09-30_15-23-23_0001235,4.169386666666667,4.233386666666667
2024-09-30_15-23-23_0001235,4.26752,4.322986666666667
2024-09-30_15-24-08_0001237,1.0205866666666668,1.43872
2024-09-30_15-24-08_0001237,1.46432,1.6605866666666667
2024-09-30_15-24-08_0001237,1.6904533333333334,1.8952533333333332
2024-09-30_15-24-08_0001237,1.9421866666666667,2.0872533333333334
2024-09-30_15-24-08_0001237,2.1128533333333333,2.2621866666666666
2024-09-30_15-24-08_0001237,2.279253333333333,2.39872
2024-09-30_15-24-08_0001237,2.637653333333333,2.7613866666666667
2024-09-30_15-24-08_0001237,2.79552,3.01312
2024-09-30_15-24-08_0001237,3.0216533333333335,3.15392
2024-09-30_15-24-08_0001237,3.17952,3.2861866666666666
2024-09-30_15-25-53_0001253,1.0205866666666668,1.0717866666666667
2024-09-30_15-26-39_0001263,2.1128533333333333,2.1597866666666667
2024-09-30_15-26-39_0001263,2.2280533333333334,2.2920533333333335
2024-09-30_15-26-39_0001263,2.3048533333333334,2.5224533333333334
2024-09-30_15-26-39_0001263,2.5437866666666666,2.6888533333333333
2024-09-30_15-26-39_0001263,2.7101866666666665,2.868053333333333
2024-09-30_15-26-39_0001263,2.8936533333333334,3.17952
2024-09-30_15-26-39_0001263,3.2349866666666665,3.3416533333333334
2024-09-30_15-26-39_0001263,3.37152,3.4525866666666665
2024-09-30_15-26-48_0001264,0.9480533333333333,0.9864533333333333
2024-09-30_15-26-48_0001264,1.0120533333333332,1.14432
2024-09-30_15-26-48_0001264,1.1613866666666666,1.27232
2024-09-30_15-26-48_0001264,1.2893866666666667,1.40032
2024-09-30_15-26-48_0001264,1.4173866666666666,1.52832
2024-09-30_15-26-48_0001264,1.5453866666666667,1.61792
2024-09-30_15-26-48_0001264,1.6861866666666667,1.7288533333333334
2024-09-30_15-26-48_0001264,1.9293866666666666,1.9805866666666667
2024-09-30_15-26-48_0001264,2.02752,2.10432
2024-09-30_15-26-48_0001264,2.1213866666666665,2.3176533333333333
2024-09-30_15-26-48_0001264,2.37312,2.420053333333333
2024-09-30_15-26-59_0001265,0.9736533333333334,1.1485866666666666
2024-09-30_15-26-59_0001265,1.19552,1.3320533333333333
2024-09-30_15-26-59_0001265,1.3661866666666667,1.43872
2024-09-30_15-26-59_0001265,1.4685866666666667,1.5709866666666668
2024-09-30_15-28-02_0001275,1.82272,1.9421866666666667
2024-09-30_15-28-02_0001275,1.9549866666666667,2.1853866666666666
2024-09-30_15-28-02_0001275,2.223786666666667,2.33472
2024-09-30_15-28-02_0001275,2.36032,2.4285866666666664
2024-09-30_15-28-02_0001275,2.4456533333333335,2.6077866666666667
2024-09-30_15-28-02_0001275,2.62912,2.78272
2024-09-30_15-28-02_0001275,2.799786666666667,2.8808533333333335
2024-09-30_15-28-02_0001275,2.8893866666666668,3.0472533333333334
2024-09-30_15-28-02_0001275,3.072853333333333,3.17952
2024-09-30_15-28-02_0001275,3.2008533333333333,3.46112
2024-09-30_15-28-02_0001275,3.52512,3.6573866666666666
2024-09-30_15-28-06_0001276,1.0077866666666666,1.4472533333333333
2024-09-30_15-29-20_0001281,0.99072,1.13152
2024-09-30_15-29-20_0001281,1.15712,1.25952
2024-09-30_15-29-20_0001281,1.28512,1.3960533333333334
2024-09-30_15-29-20_0001281,1.4216533333333334,1.6520533333333334
2024-09-30_15-29-20_0001281,1.68192,1.9080533333333334
2024-09-30_15-29-20_0001281,1.92512,2.1341866666666665
2024-09-30_15-29-20_0001281,2.1597866666666667,2.24512
2024-09-30_15-29-20_0001281,2.2749866666666665,2.5096533333333335
2024-09-30_15-29-20_0001281,2.560853333333333,2.7101866666666665
2024-09-30_15-29-20_0001281,2.735786666666667,2.8040533333333335
2024-09-30_15-29-20_0001281,3.0685866666666666,3.24352
2024-09-30_15-29-20_0001281,3.2648533333333334,3.56352
2024-09-30_15-29-20_0001281,3.618986666666667,3.6872533333333335
2024-09-30_15-29-20_0001281,4.20352,4.3997866666666665
2024-09-30_15-29-20_0001281,4.450986666666667,4.621653333333334
2024-09-30_15-29-20_0001281,4.660053333333333,4.9245866666666664
2024-09-30_15-29-20_0001281,4.98432,5.07392
2024-09-30_15-29-20_0001281,5.39392,5.564586666666667
2024-09-30_15-29-20_0001281,5.61152,5.837653333333333
2024-09-30_15-29-20_0001281,5.8888533333333335,6.11072
2024-09-30_15-29-20_0001281,6.16192,6.26432
2024-09-30_15-29-20_0001281,6.3240533333333335,6.52032
2024-09-30_15-29-50_0001283,0.9864533333333333,1.0632533333333334
2024-09-30_15-29-50_0001283,1.0888533333333332,1.2040533333333334
2024-09-30_15-29-50_0001283,3.35872,3.4525866666666665
2024-09-30_15-30-56_0001286,1.8781866666666667,1.9208533333333333
2024-09-30_15-30-56_0001286,1.9549866666666667,2.1640533333333334
2024-09-30_15-30-56_0001286,2.20672,2.3816533333333334
2024-09-30_15-30-56_0001286,2.4029866666666666,2.5693866666666665
2024-09-30_15-30-56_0001286,2.5992533333333334,2.6632533333333335
2024-09-30_15-30-59_0001287,1.00352,1.1144533333333333
2024-09-30_15-30-59_0001287,1.1357866666666667,1.2637866666666666
2024-09-30_15-30-59_0001287,1.2765866666666668,1.48992
2024-09-30_15-30-59_0001287,1.52832,1.77152
2024-09-30_15-30-59_0001287,1.8056533333333333,1.9165866666666667
2024-09-30_15-30-59_0001287,1.9421866666666667,2.01472
2024-09-30_15-31-04_0001288,0.9864533333333333,1.0461866666666666
2024-09-30_15-31-04_0001288,1.6477866666666667,1.7373866666666666
2024-09-30_15-31-54_0001292,1.6520533333333334,1.8397866666666667
2024-09-30_15-31-54_0001292,1.87392,2.02752
2024-09-30_15-31-54_0001292,2.05312,2.2365866666666667
2024-09-30_15-31-54_0001292,2.953386666666667,2.9917866666666666
2024-09-30_15-32-05_0001293,0.9480533333333333,1.09312
2024-09-30_15-32-05_0001293,1.1101866666666667,1.22112
2024-09-30_15-32-05_0001293,1.2381866666666668,1.34912
2024-09-30_15-32-05_0001293,1.36192,1.5581866666666666
2024-09-30_15-32-05_0001293,1.57952,1.8184533333333333
2024-09-30_15-32-05_0001293,1.8440533333333333,1.95072
2024-09-30_15-32-05_0001293,1.9976533333333333,2.1000533333333333
2024-09-30_15-32-05_0001293,3.1368533333333333,3.247786666666667
2024-09-30_15-32-05_0001293,3.30752,3.4056533333333334
2024-09-30_15-32-05_0001293,3.52512,3.6573866666666666
2024-09-30_15-32-05_0001293,3.9816533333333335,4.066986666666667
2024-09-30_15-32-05_0001293,4.105386666666667,4.28032
2024-09-30_15-32-11_0001295,1.11872,1.1912533333333333
2024-09-30_15-32-11_0001295,1.24672,1.3064533333333332
2024-09-30_15-32-55_0001298,0.9821866666666667,1.0333866666666667
2024-09-30_15-34-11_0001316,3.1197866666666667,3.1581866666666665
2024-09-30_15-34-20_0001319,0.9992533333333333,1.0461866666666666
2024-09-30_15-35-41_0001327,0.9693866666666666,1.0845866666666666
2024-09-30_15-35-41_0001327,1.1016533333333334,1.32352
2024-09-30_15-35-41_0001327,1.34912,1.51552
2024-09-30_15-35-41_0001327,1.5496533333333333,1.7117866666666666
2024-09-30_15-35-41_0001327,1.72032,1.88672
2024-09-30_15-35-41_0001327,1.9421866666666667,2.12992
2024-09-30_15-35-41_0001327,2.16832,2.4072533333333332
2024-09-30_15-35-41_0001327,2.43712,2.5949866666666668
2024-09-30_15-35-41_0001327,2.658986666666667,2.7400533333333335
2024-09-30_15-35-41_0001327,2.778453333333333,2.8509866666666666
2024-09-30_15-58-55_0001330,1.0333866666666667,1.14432
2024-09-30_15-59-00_0001331,0.9565866666666667,1.0973866666666667
2024-09-30_15-59-17_0001333,1.50272,1.6776533333333334
2024-09-30_15-59-17_0001333,1.72032,1.8440533333333333
2024-09-30_15-59-17_0001333,1.88672,2.0189866666666667
2024-09-30_15-59-17_0001333,2.125653333333333,2.279253333333333
2024-09-30_15-59-17_0001333,2.364586666666667,2.5352533333333334
2024-09-30_15-59-17_0001333,2.57792,2.74432
2024-09-30_15-59-48_0001334,1.0248533333333334,1.0760533333333333
2024-09-30_15-59-48_0001334,1.1016533333333334,1.2424533333333334
2024-09-30_15-59-48_0001334,1.2680533333333333,1.48992
2024-09-30_15-59-48_0001334,1.5325866666666668,1.7160533333333334
2024-09-30_15-59-48_0001334,1.7757866666666666,2.0573866666666665
2024-09-30_15-59-48_0001334,2.1085866666666666,2.266453333333333
2024-09-30_15-59-48_0001334,2.3048533333333334,2.3773866666666668
2024-09-30_15-59-48_0001334,2.41152,2.5437866666666666
2024-09-30_15-59-48_0001334,2.5864533333333335,2.8040533333333335
2024-09-30_15-59-48_0001334,2.8424533333333333,2.9789866666666667
2024-09-30_15-59-48_0001334,3.01312,3.149653333333333
2024-09-30_15-59-58_0001335,0.9992533333333333,1.2509866666666667
2024-09-30_15-59-58_0001335,1.28512,1.4216533333333334
2024-09-30_15-59-58_0001335,1.4557866666666666,1.5709866666666668
2024-09-30_16-00-30_0001336,0.86272,0.9352533333333334
2024-09-30_16-00-30_0001336,0.97792,1.13152
2024-09-30_16-00-30_0001336,1.1528533333333333,1.40032
2024-09-30_16-00-30_0001336,1.42592,1.56672
2024-09-30_16-00-30_0001336,1.59232,1.86112
2024-09-30_16-00-30_0001336,1.88672,2.09152
2024-09-30_16-00-30_0001336,2.12992,2.343253333333333
2024-09-30_16-00-30_0001336,2.38592,2.5565866666666666
2024-09-30_16-00-41_0001338,1.1485866666666666,1.18272
2024-09-30_16-00-41_0001338,1.2765866666666668,1.31072
2024-09-30_16-00-53_0001339,0.9949866666666667,1.08032
2024-09-30_16-00-53_0001339,1.3064533333333332,1.47712
2024-09-30_16-00-53_0001339,1.5197866666666666,1.75872
2024-09-30_16-01-02_0001341,0.9992533333333333,1.0632533333333334
2024-09-30_16-01-02_0001341,1.0888533333333332,1.1912533333333333
2024-09-30_16-01-02_0001341,1.2168533333333333,1.27232
2024-09-30_16-01-02_0001341,1.2936533333333333,1.4045866666666667
2024-09-30_16-01-02_0001341,1.42592,1.5112533333333333
2024-09-30_16-01-02_0001341,1.5453866666666667,1.78432
2024-09-30_16-01-02_0001341,1.83552,1.9592533333333333
2024-09-30_16-01-02_0001341,1.9933866666666666,2.18112
2024-09-30_16-01-02_0001341,2.210986666666667,2.3176533333333333
2024-09-30_16-01-02_0001341,2.343253333333333,2.496853333333333
2024-09-30_16-01-02_0001341,2.5352533333333334,2.7016533333333332
2024-09-30_16-01-02_0001341,2.74432,2.78272
2024-09-30_16-01-08_0001342,1.0077866666666666,1.14432
2024-09-30_16-01-08_0001342,1.1613866666666666,1.36192
2024-09-30_16-01-08_0001342,1.5197866666666666,1.5709866666666668
2024-09-30_16-01-10_0001343,0.047786666666666665,0.09472
2024-09-30_16-01-10_0001343,1.0077866666666666,1.10592
2024-09-30_16-01-11_0001344,0.9224533333333333,0.97792
2024-09-30_16-01-11_0001344,1.0120533333333332,1.28512
2024-09-30_16-01-11_0001344,1.32352,1.42592
2024-09-30_16-01-11_0001344,1.4600533333333334,1.51552
2024-09-30_16-01-36_0001348,0.9821866666666667,1.1016533333333334
2024-09-30_16-01-36_0001348,1.11872,1.2296533333333333
2024-09-30_16-01-36_0001348,1.24672,1.28512
2024-09-30_16-01-36_0001348,1.29792,1.51552
2024-09-30_16-01-36_0001348,1.5453866666666667,1.7373866666666666
2024-09-30_16-01-36_0001348,1.7757866666666666,1.9293866666666666
2024-09-30_16-01-36_0001348,1.96352,2.0445866666666666
2024-09-30_16-01-36_0001348,2.061653333333333,2.300586666666667
2024-09-30_16-02-15_0001352,0.96512,1.1613866666666666
2024-09-30_16-02-15_0001352,1.1997866666666666,1.2893866666666667
2024-09-30_16-02-15_0001352,1.3277866666666667,1.4173866666666666
2024-09-30_16-02-15_0001352,1.4557866666666666,1.5453866666666667
2024-09-30_16-02-15_0001352,1.5837866666666667,1.6733866666666666
2024-09-30_16-02-15_0001352,1.7117866666666666,1.8013866666666667
2024-09-30_16-02-15_0001352,1.8397866666666667,1.9293866666666666
2024-09-30_16-02-15_0001352,2.0189866666666667,2.20672
2024-09-30_16-02-15_0001352,2.23232,2.43712
2024-09-30_16-02-15_0001352,2.46272,2.560853333333333
2024-09-30_16-02-33_0001354,1.0205866666666668,1.1485866666666666
2024-09-30_16-02-33_0001354,1.16992,1.2765866666666668
2024-09-30_16-02-33_0001354,1.29792,1.4045866666666667
2024-09-30_16-02-33_0001354,1.42592,1.5325866666666668
2024-09-30_16-02-33_0001354,1.55392,1.6605866666666667
2024-09-30_16-02-33_0001354,1.68192,1.7885866666666668
2024-09-30_16-02-33_0001354,1.80992,1.9165866666666667
2024-09-30_16-02-33_0001354,1.93792,2.04032
2024-09-30_16-02-54_0001357,0.99072,1.04192
2024-09-30_16-02-54_0001357,1.0845866666666666,1.14432
2024-09-30_16-02-54_0001357,1.1656533333333334,1.27232
2024-09-30_16-02-54_0001357,1.2936533333333333,1.40032
2024-09-30_16-02-54_0001357,1.4216533333333334,1.5240533333333333
2024-09-30_16-02-54_0001357,1.6008533333333332,1.75872
2024-09-30_16-02-54_0001357,1.7885866666666668,1.89952
2024-09-30_16-02-54_0001357,1.9165866666666667,2.00192
2024-09-30_16-02-56_0001358,1.01632,1.0589866666666667
2024-09-30_16-03-51_0001361,0.97792,1.3576533333333334
2024-09-30_16-03-51_0001361,1.3832533333333332,1.60512
2024-09-30_16-03-51_0001361,1.6349866666666666,1.7757866666666666
2024-09-30_16-03-51_0001361,1.79712,1.9720533333333334
2024-09-30_16-03-51_0001361,2.0104533333333334,2.061653333333333
2024-09-30_16-03-51_0001361,2.1000533333333333,2.1725866666666667
2024-09-30_16-03-51_0001361,2.2152533333333335,2.441386666666667
2024-09-30_16-03-51_0001361,2.47552,2.7272533333333335
2024-09-30_16-03-51_0001361,2.8040533333333335,2.9192533333333333
2024-09-30_16-03-51_0001361,2.9576533333333335,3.01312
2024-09-30_16-03-58_0001363,1.0077866666666666,1.0760533333333333
2024-09-30_16-03-58_0001363,1.0973866666666667,1.20832
2024-09-30_16-03-58_0001363,1.2253866666666666,1.33632
2024-09-30_16-03-58_0001363,1.37472,1.6648533333333333
2024-09-30_16-03-58_0001363,1.7160533333333334,1.9165866666666667
2024-09-30_16-03-58_0001363,1.96352,2.0445866666666666
2024-09-30_16-03-58_0001363,2.09152,2.1725866666666667
2024-09-30_16-05-18_0001369,0.9821866666666667,1.13152
2024-09-30_16-05-18_0001369,1.15712,1.3192533333333334
2024-09-30_16-05-18_0001369,1.3576533333333334,1.54112
2024-09-30_16-05-18_0001369,1.5709866666666668,1.72032
2024-09-30_16-05-18_0001369,1.7416533333333333,1.84832
2024-09-30_16-05-18_0001369,1.8696533333333334,2.1341866666666665
2024-09-30_16-05-18_0001369,2.1853866666666666,2.27072
2024-09-30_16-05-22_0001370,0.9693866666666666,1.14432
2024-09-30_16-05-22_0001370,1.1656533333333334,1.27232
2024-09-30_16-05-22_0001370,1.2936533333333333,1.4045866666666667
2024-09-30_16-05-22_0001370,1.4685866666666667,1.5368533333333334
2024-09-30_16-05-46_0001372,0.9608533333333333,1.1784533333333334
2024-09-30_16-05-46_0001372,1.2125866666666667,1.2808533333333334
2024-09-30_16-05-54_0001373,1.0120533333333332,1.1101866666666667
2024-09-30_16-05-54_0001373,1.15712,1.2381866666666668
2024-09-30_16-05-54_0001373,1.28512,1.3661866666666667
2024-09-30_16-06-09_0001374,0.9821866666666667,1.05472
2024-09-30_16-06-09_0001374,1.09312,1.1656533333333334
2024-09-30_16-06-09_0001374,1.18272,1.32352
2024-09-30_16-06-09_0001374,1.33632,1.5368533333333334
2024-09-30_16-06-09_0001374,1.5624533333333332,1.8056533333333333
2024-09-30_16-06-09_0001374,1.82272,1.9720533333333334
2024-09-30_16-06-09_0001374,1.9933866666666666,2.0872533333333334
2024-09-30_16-06-09_0001374,2.1085866666666666,2.30912
2024-09-30_16-06-09_0001374,2.33472,2.5565866666666666
2024-09-30_16-06-09_0001374,2.60352,2.68032
2024-09-30_16-07-17_0001379,1.0077866666666666,2.210986666666667
2024-09-30_16-07-28_0001380,0.34645333333333334,0.3805866666666667
2024-09-30_16-07-28_0001380,0.9096533333333333,0.95232
2024-09-30_16-07-28_0001380,0.99072,1.23392
2024-09-30_16-07-28_0001380,1.2808533333333334,1.46432
2024-09-30_16-07-28_0001380,1.50272,1.6989866666666666
2024-09-30_16-07-31_0001381,0.9864533333333333,1.0845866666666666
2024-09-30_16-07-31_0001381,1.1229866666666666,1.22112
2024-09-30_16-07-31_0001381,1.2509866666666667,1.34912
2024-09-30_16-07-31_0001381,1.3789866666666666,1.47712
2024-09-30_16-07-31_0001381,1.5069866666666667,1.60512
2024-09-30_16-07-31_0001381,1.6349866666666666,1.73312
2024-09-30_16-07-47_0001382,0.9821866666666667,1.0504533333333332
2024-09-30_16-07-47_0001382,1.0888533333333332,1.3149866666666667
2024-09-30_16-07-47_0001382,1.3704533333333333,1.4344533333333334
2024-09-30_16-08-00_0001384,0.9096533333333333,0.9480533333333333
2024-09-30_16-08-00_0001384,0.9821866666666667,1.64352
2024-09-30_16-08-02_0001385,0.97792,1.05472
2024-09-30_16-08-02_0001385,1.0845866666666666,1.32352
2024-09-30_16-08-02_0001385,1.34912,1.5496533333333333
2024-09-30_16-08-02_0001385,1.6008533333333332,1.75872
2024-09-30_16-08-02_0001385,1.7885866666666668,2.01472
2024-09-30_16-08-02_0001385,2.0573866666666665,2.28352
2024-09-30_16-08-02_0001385,2.34752,2.5693866666666665
2024-09-30_16-08-02_0001385,2.637653333333333,2.7272533333333335
2024-09-30_16-08-02_0001385,2.78272,3.0045866666666665
2024-09-30_16-08-02_0001385,3.0429866666666667,3.16672
2024-09-30_16-08-02_0001385,3.20512,3.3160533333333335
2024-09-30_16-08-02_0001385,3.3629866666666666,3.4312533333333333
2024-09-30_16-08-02_0001385,3.4824533333333334,3.6104533333333335
2024-09-30_16-11-50_0001404,1.5112533333333333,1.66912
2024-09-30_16-11-50_0001404,1.7032533333333333,1.87392
2024-09-30_16-11-50_0001404,1.89952,2.0573866666666665
2024-09-30_16-11-50_0001404,2.0872533333333334,2.20672
2024-09-30_16-11-50_0001404,2.23232,2.4584533333333334
2024-09-30_16-11-50_0001404,2.505386666666667,2.735786666666667
2024-09-30_16-11-50_0001404,2.7613866666666667,2.8296533333333334
2024-09-30_16-11-50_0001404,3.4525866666666665,3.52512
2024-09-30_16-11-50_0001404,3.70432,3.74272
2024-09-30_16-11-50_0001404,3.8024533333333332,3.8749866666666666
2024-09-30_16-11-50_0001404,4.224853333333333,4.378453333333334
2024-09-30_16-11-50_0001404,4.455253333333333,4.51072
2024-09-30_16-11-50_0001404,4.53632,4.681386666666667
2024-09-30_16-11-50_0001404,4.86912,4.941653333333333
2024-09-30_16-11-50_0001404,5.018453333333333,5.103786666666666
2024-09-30_16-12-13_0001407,1.1997866666666666,1.31072
2024-09-30_16-12-13_0001407,1.3448533333333332,1.5197866666666666
2024-09-30_16-12-13_0001407,1.5496533333333333,1.8440533333333333
2024-09-30_16-12-13_0001407,2.47552,2.6717866666666668
2024-09-30_16-12-13_0001407,2.69312,2.82112
2024-09-30_16-12-13_0001407,2.8424533333333333,2.9021866666666667
2024-09-30_16-12-13_0001407,3.5549866666666667,3.6104533333333335
2024-09-30_16-12-18_0001408,0.23125333333333334,0.27392
2024-09-30_16-12-18_0001408,1.0205866666666668,1.09312
2024-09-30_16-12-18_0001408,1.4984533333333334,1.5496533333333333
2024-09-30_16-12-18_0001408,1.8696533333333334,1.9336533333333332
2024-09-30_16-12-18_0001408,1.9592533333333333,2.0317866666666666
2024-09-30_16-12-18_0001408,2.061653333333333,2.11712
2024-09-30_16-12-21_0001409,1.01632,1.0632533333333334
2024-09-30_16-12-21_0001409,1.0845866666666666,1.34912
2024-09-30_16-12-21_0001409,1.3917866666666667,1.4600533333333334
2024-09-30_16-12-21_0001409,1.5069866666666667,1.55392
2024-09-30_16-12-23_0001410,0.92672,0.9821866666666667
2024-09-30_16-12-23_0001410,0.99072,1.42592
2024-09-30_16-12-23_0001410,1.4600533333333334,1.6264533333333333
2024-09-30_16-12-23_0001410,1.6477866666666667,1.84832
2024-09-30_16-12-23_0001410,1.8824533333333333,2.1128533333333333
2024-09-30_16-12-23_0001410,2.15552,2.4328533333333335
2024-09-30_16-12-23_0001410,2.4456533333333335,2.5352533333333334
2024-09-30_16-12-23_0001410,2.83392,2.9448533333333335
2024-09-30_16-12-52_0001414,0.93952,1.1485866666666666
2024-09-30_16-12-52_0001414,1.15712,1.3704533333333333
2024-09-30_16-12-52_0001414,1.40032,1.4856533333333333
2024-09-30_16-12-52_0001414,1.50272,1.6136533333333334
2024-09-30_16-12-52_0001414,1.65632,1.9037866666666667
2024-09-30_16-12-52_0001414,1.9464533333333334,2.0829866666666668
2024-09-30_16-12-52_0001414,2.10432,2.1981866666666665
2024-09-30_16-12-52_0001414,2.210986666666667,2.287786666666667
2024-09-30_16-12-52_0001414,2.3133866666666667,2.364586666666667
2024-09-30_16-12-52_0001414,2.4797866666666666,2.57792
2024-09-30_16-12-52_0001414,2.6205866666666666,2.76992
2024-09-30_16-12-52_0001414,2.7869866666666665,2.876586666666667
2024-09-30_16-13-20_0001418,1.8653866666666667,1.9848533333333334
2024-09-30_16-13-20_0001418,2.048853333333333,2.1853866666666666
2024-09-30_16-13-20_0001418,2.21952,2.3048533333333334
2024-09-30_16-13-20_0001418,2.3304533333333333,2.4157866666666665
2024-09-30_16-13-20_0001418,2.59072,2.62912
2024-09-30_16-13-20_0001418,2.6888533333333333,2.7528533333333334
2024-09-30_16-13-20_0001418,2.778453333333333,2.868053333333333
2024-09-30_16-13-20_0001418,2.8893866666666668,3.0429866666666667
2024-09-30_16-13-20_0001418,3.0685866666666666,3.2776533333333333
2024-09-30_16-13-20_0001418,3.324586666666667,3.4397866666666665
2024-09-30_16-13-20_0001418,3.4952533333333333,3.5720533333333333
2024-09-30_16-14-18_0001423,1.0077866666666666,1.08032
2024-09-30_16-14-18_0001423,1.10592,1.2765866666666668
2024-09-30_16-16-03_0001431,1.08032,1.2765866666666668
2024-09-30_16-16-03_0001431,1.3192533333333334,1.3960533333333334
2024-09-30_16-16-03_0001431,1.5112533333333333,1.64352
2024-09-30_16-16-03_0001431,1.66912,1.8397866666666667
2024-09-30_16-16-03_0001431,1.8696533333333334,2.01472
2024-09-30_16-16-03_0001431,2.0445866666666666,2.14272
2024-09-30_16-16-03_0001431,2.1768533333333333,2.2365866666666667
2024-09-30_16-16-38_0001436,1.4813866666666666,1.5752533333333334
2024-09-30_16-16-38_0001436,1.60512,1.8184533333333333
2024-09-30_16-16-38_0001436,1.89952,1.93792
2024-09-30_16-16-42_0001437,1.0376533333333333,1.15712
2024-09-30_16-16-42_0001437,1.1997866666666666,1.28512
2024-09-30_16-16-42_0001437,1.3277866666666667,1.4045866666666667
2024-09-30_16-16-51_0001439,1.0120533333333332,1.0461866666666666
2024-09-30_16-18-10_0001442,1.47712,1.6349866666666666
2024-09-30_16-18-10_0001442,2.65472,2.7101866666666665
2024-09-30_16-18-10_0001442,2.7869866666666665,2.8637866666666665
2024-09-30_16-18-10_0001442,2.9064533333333333,2.9789866666666667
2024-09-30_16-23-26_0001447,0.99072,1.1485866666666666
2024-09-30_16-23-26_0001447,1.1912533333333333,1.4216533333333334
2024-09-30_16-23-26_0001447,1.4728533333333333,1.5453866666666667
2024-09-30_16-24-53_0001460,1.95072,2.0872533333333334
2024-09-30_16-24-53_0001460,2.11712,2.3261866666666666
2024-09-30_16-24-53_0001460,2.37312,2.44992
2024-09-30_16-24-53_0001460,2.4669866666666667,2.6333866666666665
2024-09-30_16-24-53_0001460,2.6845866666666667,2.8040533333333335
2024-09-30_16-24-53_0001460,2.84672,2.9064533333333333
2024-09-30_16-24-53_0001460,3.5080533333333332,3.5805866666666666
2024-09-30_16-24-53_0001460,3.69152,3.7341866666666665
2024-09-30_16-24-53_0001460,4.502186666666667,4.604586666666667
2024-09-30_16-24-53_0001460,4.62592,4.736853333333333
2024-09-30_16-24-53_0001460,4.762453333333333,5.001386666666667
2024-09-30_16-24-53_0001460,5.065386666666667,5.108053333333333
2024-09-30_16-27-46_0001484,0.9736533333333334,1.0845866666666666
2024-09-30_16-27-46_0001484,1.1101866666666667,1.29792
2024-09-30_16-27-46_0001484,1.3405866666666666,1.6008533333333332
2024-09-30_16-27-46_0001484,1.6733866666666666,1.7885866666666668
2024-09-30_16-27-50_0001485,1.00352,1.3960533333333334
2024-09-30_16-27-50_0001485,1.41312,1.47712
2024-09-30_16-27-50_0001485,2.0445866666666666,2.1085866666666666
2024-09-30_16-27-50_0001485,2.1597866666666667,2.2152533333333335
2024-09-30_16-27-50_0001485,2.266453333333333,2.3048533333333334
2024-09-30_16-39-56_0001487,0.97792,1.02912
2024-09-30_16-39-56_0001487,1.08032,1.1400533333333334
2024-09-30_16-39-56_0001487,1.20832,1.2680533333333333
2024-09-30_16-39-56_0001487,1.3320533333333333,1.3960533333333334
2024-09-30_16-39-56_0001487,1.42592,1.5752533333333334
2024-09-30_16-39-56_0001487,1.60512,1.8269866666666668
2024-09-30_16-39-56_0001487,1.8824533333333333,1.9421866666666667
2024-09-30_16-39-56_0001487,2.2408533333333334,2.29632
2024-09-30_16-39-56_0001487,2.3389866666666665,2.4669866666666667
2024-09-30_16-39-56_0001487,2.50112,2.6205866666666666
2024-09-30_16-39-56_0001487,2.66752,2.74432
2024-09-30_16-40-13_0001488,1.0077866666666666,1.14432
2024-09-30_16-40-13_0001488,1.1784533333333334,1.27232
2024-09-30_16-40-13_0001488,1.3064533333333332,1.40032
2024-09-30_16-40-13_0001488,1.4301866666666667,1.5496533333333333
2024-09-30_16-40-13_0001488,1.5752533333333334,1.8013866666666667
2024-09-30_16-40-13_0001488,1.8269866666666668,2.05312
2024-09-30_16-40-13_0001488,2.0829866666666668,2.2152533333333335
2024-09-30_16-41-01_0001493,0.9821866666666667,1.0248533333333334
2024-09-30_16-41-01_0001493,1.08032,1.11872
2024-09-30_16-41-40_0001498,0.9480533333333333,1.10592
2024-09-30_16-41-40_0001498,1.1400533333333334,1.3149866666666667
2024-09-30_16-41-40_0001498,1.4216533333333334,1.5837866666666667
2024-09-30_16-41-40_0001498,1.63072,1.7288533333333334
2024-09-30_16-41-40_0001498,1.7629866666666667,2.0573866666666665
2024-09-30_16-41-40_0001498,2.0957866666666667,2.2920533333333335
2024-09-30_16-41-40_0001498,2.3560533333333336,2.6077866666666667
2024-09-30_16-41-40_0001498,2.6632533333333335,2.71872
2024-09-30_16-41-57_0001500,1.00352,1.1016533333333334
2024-09-30_16-41-57_0001500,1.1528533333333333,1.2296533333333333
2024-09-30_16-41-57_0001500,1.2808533333333334,1.3576533333333334
2024-09-30_16-41-57_0001500,1.3960533333333334,1.57952
2024-09-30_16-41-57_0001500,1.61792,1.8397866666666667
2024-09-30_16-41-57_0001500,1.88672,1.9805866666666667
2024-09-30_16-41-57_0001500,2.0189866666666667,2.1085866666666666
2024-09-30_16-41-57_0001500,2.14272,2.3176533333333333
2024-09-30_16-41-57_0001500,2.3517866666666665,2.4285866666666664
2024-09-30_16-41-57_0001500,2.4669866666666667,2.5096533333333335
2024-09-30_16-41-57_0001500,2.5224533333333334,2.735786666666667
2024-09-30_16-41-57_0001500,2.79552,2.9789866666666667
2024-09-30_16-41-57_0001500,3.030186666666667,3.170986666666667
2024-09-30_16-41-57_0001500,3.2136533333333333,3.26912
2024-09-30_16-41-57_0001500,3.3501866666666666,3.38432
2024-09-30_16-41-57_0001500,3.444053333333333,3.5165866666666665
2024-09-30_16-41-57_0001500,3.56352,3.71712
2024-09-30_16-41-57_0001500,3.7512533333333336,3.94752
2024-09-30_16-41-57_0001500,4.02432,4.084053333333333
2024-09-30_16-42-13_0001501,1.6904533333333334,1.74592
2024-09-30_16-42-13_0001501,1.7800533333333333,2.0744533333333335
2024-09-30_16-42-13_0001501,2.1213866666666665,2.37312
2024-09-30_16-42-13_0001501,2.41152,2.65472
2024-09-30_16-42-13_0001501,2.6973866666666666,2.9192533333333333
2024-09-30_16-42-13_0001501,2.9277866666666665,3.19232
2024-09-30_16-42-13_0001501,3.23072,3.29472
2024-09-30_16-42-13_0001501,3.3416533333333334,3.5165866666666665
2024-09-30_16-42-13_0001501,3.56352,3.6104533333333335
2024-09-30_16-42-24_0001505,1.01632,1.4600533333333334
2024-09-30_16-42-52_0001506,1.27232,1.4216533333333334
2024-09-30_16-42-52_0001506,1.4600533333333334,1.69472
2024-09-30_16-42-52_0001506,1.7245866666666667,1.9293866666666666
2024-09-30_16-42-52_0001506,1.9549866666666667,2.2280533333333334
2024-09-30_16-42-52_0001506,2.2621866666666666,2.3688533333333335
2024-09-30_16-42-52_0001506,2.4029866666666666,2.57792
2024-09-30_16-42-52_0001506,2.5992533333333334,2.6632533333333335
2024-09-30_16-42-52_0001506,2.6845866666666667,2.812586666666667
2024-09-30_16-42-52_0001506,2.8424533333333333,3.0813866666666665
2024-09-30_16-42-52_0001506,3.12832,3.2136533333333333
2024-09-30_16-43-41_0001513,1.0205866666666668,1.0717866666666667
2024-09-30_16-44-03_0001519,0.97792,1.0760533333333333
2024-09-30_16-44-24_0001524,0.99072,1.05472
2024-09-30_16-44-24_0001524,1.09312,1.20832
2024-09-30_16-44-24_0001524,1.22112,1.33632
2024-09-30_16-44-24_0001524,1.34912,1.3917866666666667
2024-09-30_16-44-24_0001524,1.4600533333333334,1.5069866666666667
2024-09-30_16-44-27_0001525,1.01632,1.0760533333333333
2024-09-30_16-44-27_0001525,1.11872,1.3576533333333334
2024-09-30_16-44-27_0001525,1.3917866666666667,1.46432
2024-09-30_16-44-36_0001527,0.9992533333333333,1.08032
2024-09-30_16-44-36_0001527,1.1101866666666667,1.2253866666666666
2024-09-30_16-44-36_0001527,1.3192533333333334,1.3917866666666667
2024-09-30_16-44-36_0001527,1.4216533333333334,1.5368533333333334
2024-09-30_16-44-36_0001527,1.5880533333333333,1.6904533333333334
2024-09-30_16-44-36_0001527,1.9805866666666667,2.1512533333333335
2024-09-30_16-44-36_0001527,2.18112,2.3517866666666665
2024-09-30_16-44-36_0001527,2.3816533333333334,2.6205866666666666
2024-09-30_16-44-36_0001527,2.6760533333333334,2.8936533333333334
2024-09-30_16-44-36_0001527,2.9277866666666665,3.16672
2024-09-30_16-44-36_0001527,3.1965866666666667,3.3629866666666666
2024-09-30_16-44-36_0001527,3.444053333333333,3.597653333333333
2024-09-30_16-44-36_0001527,3.674453333333333,3.8237866666666664
2024-09-30_16-44-36_0001527,3.87072,4.07552
2024-09-30_16-44-36_0001527,4.105386666666667,4.20352
2024-09-30_16-44-36_0001527,4.672853333333333,4.822186666666667
2024-09-30_16-44-36_0001527,4.860586666666666,5.07392
2024-09-30_16-44-36_0001527,5.231786666666666,5.282986666666667
2024-09-30_16-49-09_0001529,1.00352,1.0589866666666667
2024-09-30_16-49-09_0001529,1.10592,1.3320533333333333
2024-09-30_16-49-09_0001529,1.3704533333333333,1.6008533333333332
2024-09-30_16-49-09_0001529,1.6520533333333334,1.7032533333333333
2024-09-30_16-49-14_0001530,0.9864533333333333,1.0760533333333333
2024-09-30_16-49-14_0001530,1.23392,1.5453866666666667
2024-09-30_16-49-14_0001530,1.5837866666666667,1.7032533333333333
2024-09-30_16-51-16_0001538,1.00352,1.13152
2024-09-30_16-51-16_0001538,1.1528533333333333,1.25952
2024-09-30_16-51-16_0001538,1.2808533333333334,1.38752
2024-09-30_16-51-16_0001538,1.4088533333333333,1.51552
2024-09-30_16-51-16_0001538,1.5368533333333334,1.64352
2024-09-30_16-51-16_0001538,1.6648533333333333,1.89952
2024-09-30_16-51-16_0001538,1.9592533333333333,2.11712
2024-09-30_16-51-16_0001538,2.1640533333333334,2.420053333333333
2024-09-30_16-51-16_0001538,2.5096533333333335,2.55232
2024-09-30_16-51-24_0001539,0.8925866666666666,0.9437866666666667
2024-09-30_16-51-24_0001539,0.9864533333333333,1.0589866666666667
2024-09-30_16-51-24_0001539,1.08032,1.3576533333333334
2024-09-30_16-51-24_0001539,1.3917866666666667,1.5496533333333333
2024-09-30_16-51-24_0001539,1.5880533333333333,1.6349866666666666
2024-09-30_16-51-24_0001539,1.68192,1.7288533333333334
2024-09-30_16-51-54_0001544,0.9480533333333333,1.0632533333333334
2024-09-30_16-51-54_0001544,1.0888533333333332,1.31072
2024-09-30_16-51-54_0001544,1.33632,1.5496533333333333
2024-09-30_16-51-54_0001544,1.5837866666666667,1.74592
2024-09-30_16-51-54_0001544,1.7757866666666666,2.32192
2024-09-30_16-51-54_0001544,2.34752,2.518186666666667
2024-09-30_16-51-54_0001544,2.5309866666666667,2.735786666666667
2024-09-30_16-51-54_0001544,2.7741866666666666,2.9661866666666667
2024-09-30_16-51-54_0001544,2.9832533333333333,3.162453333333333
2024-09-30_16-51-54_0001544,3.1965866666666667,3.2648533333333334
2024-09-30_16-51-54_0001544,3.2904533333333332,3.37152
2024-09-30_16-51-54_0001544,3.40992,3.56352
2024-09-30_16-51-54_0001544,3.60192,3.6573866666666666
2024-09-30_16-51-54_0001544,3.8024533333333332,3.96032
2024-09-30_16-51-54_0001544,3.97312,4.041386666666667
2024-09-30_16-51-54_0001544,4.079786666666666,4.17792
2024-09-30_16-51-54_0001544,4.2461866666666666,4.378453333333334
2024-09-30_16-52-01_0001545,1.8013866666666667,1.84832
2024-09-30_16-52-01_0001545,1.8909866666666666,2.3133866666666667
2024-09-30_16-52-01_0001545,2.343253333333333,2.5480533333333333
2024-09-30_16-52-01_0001545,2.57792,2.62912
2024-09-30_16-52-11_0001546,1.0077866666666666,1.08032
2024-09-30_16-52-11_0001546,1.10592,1.27232
2024-09-30_16-52-11_0001546,1.3021866666666666,1.69472
2024-09-30_16-52-11_0001546,1.7245866666666667,1.9080533333333334
2024-09-30_16-52-11_0001546,1.9336533333333332,2.00192
2024-09-30_16-52-11_0001546,2.0232533333333333,2.1213866666666665
2024-09-30_16-52-11_0001546,2.14272,2.2365866666666667
2024-09-30_16-52-11_0001546,2.27072,2.343253333333333
2024-09-30_16-52-11_0001546,2.3688533333333335,2.6205866666666666
2024-09-30_16-53-10_0001553,0.9864533333333333,1.10592
2024-09-30_16-53-10_0001553,1.1357866666666667,1.2381866666666668
2024-09-30_16-53-10_0001553,1.25952,1.4173866666666666
2024-09-30_16-53-10_0001553,1.4429866666666666,1.6008533333333332
2024-09-30_16-53-10_0001553,1.6221866666666667,1.7800533333333333
2024-09-30_16-53-10_0001553,1.8013866666666667,1.89952
2024-09-30_16-53-10_0001553,1.9080533333333334,2.0317866666666666
2024-09-30_16-53-10_0001553,2.061653333333333,2.2152533333333335
2024-09-30_16-53-10_0001553,2.223786666666667,2.42432
2024-09-30_16-53-10_0001553,2.4541866666666667,2.53952
2024-09-30_16-53-10_0001553,2.57792,2.6461866666666665
2024-09-30_16-53-10_0001553,2.69312,2.7869866666666665
2024-09-30_16-53-10_0001553,2.97472,3.08992
2024-09-30_16-53-10_0001553,3.12832,3.2093866666666666
2024-09-30_16-53-44_0001556,0.91392,1.0461866666666666
2024-09-30_16-53-44_0001556,1.0717866666666667,1.2424533333333334
2024-09-30_16-53-44_0001556,1.2765866666666668,1.5069866666666667
2024-09-30_16-53-44_0001556,1.5368533333333334,1.70752
2024-09-30_16-53-44_0001556,1.7416533333333333,1.8184533333333333
2024-09-30_16-53-44_0001556,1.8568533333333332,1.93792
2024-09-30_16-53-44_0001556,1.96352,2.1341866666666665
2024-09-30_16-53-44_0001556,2.1768533333333333,2.3261866666666666
2024-09-30_16-53-44_0001556,2.3688533333333335,2.4797866666666666
2024-09-30_16-53-44_0001556,2.518186666666667,2.582186666666667
2024-09-30_16-56-29_0001572,0.9992533333333333,1.1997866666666666
2024-09-30_16-56-29_0001572,1.2296533333333333,1.34912
2024-09-30_16-56-29_0001572,1.3789866666666666,1.4557866666666666
2024-09-30_16-56-29_0001572,1.4941866666666668,1.69472
2024-09-30_16-56-29_0001572,1.72032,1.9421866666666667
2024-09-30_16-56-29_0001572,1.9720533333333334,2.12992
2024-09-30_16-56-29_0001572,2.18112,2.23232
2024-09-30_16-56-33_0001573,0.8584533333333333,0.90112
2024-09-30_16-56-33_0001573,1.5965866666666666,1.77152
2024-09-30_16-56-33_0001573,1.8312533333333334,2.0744533333333335
2024-09-30_16-56-33_0001573,2.125653333333333,2.19392
2024-09-30_16-56-40_0001574,0.99072,1.11872
2024-09-30_16-56-40_0001574,1.1528533333333333,1.4472533333333333
2024-09-30_16-56-40_0001574,1.5112533333333333,1.65632
2024-09-30_16-56-40_0001574,1.7288533333333334,1.7672533333333333
2024-09-30_16-56-48_0001576,1.0120533333333332,1.2168533333333333
2024-09-30_16-56-48_0001576,1.23392,1.4984533333333334
2024-09-30_16-56-48_0001576,1.52832,1.7501866666666666
2024-09-30_16-56-48_0001576,1.7757866666666666,2.006186666666667
2024-09-30_16-56-48_0001576,2.4840533333333332,2.74432
2024-09-30_16-56-48_0001576,2.76992,3.00032
2024-09-30_16-56-48_0001576,3.008853333333333,3.2093866666666666
2024-09-30_16-56-48_0001576,3.303253333333333,3.4909866666666667
2024-09-30_16-56-48_0001576,3.5293866666666664,3.7085866666666667
2024-09-30_16-56-48_0001576,3.75552,3.88352
2024-09-30_16-56-48_0001576,3.90912,4.032853333333334
2024-09-30_16-56-48_0001576,4.041386666666667,4.1821866666666665
2024-09-30_16-56-48_0001576,4.35712,4.468053333333334
2024-09-30_16-57-05_0001578,0.9736533333333334,1.05472
2024-09-30_16-57-05_0001578,1.0845866666666666,1.3277866666666667
2024-09-30_16-57-05_0001578,1.3576533333333334,1.55392
2024-09-30_16-57-05_0001578,1.57952,1.7032533333333333
2024-09-30_16-57-05_0001578,1.7288533333333334,2.0189866666666667
2024-09-30_16-57-05_0001578,2.061653333333333,2.2408533333333334
2024-09-30_16-57-05_0001578,2.2749866666666665,2.43712
2024-09-30_16-57-05_0001578,2.47552,2.6120533333333333
2024-09-30_16-57-05_0001578,2.6333866666666665,2.7272533333333335
2024-09-30_16-57-05_0001578,2.7528533333333334,2.9277866666666665
2024-09-30_16-57-05_0001578,3.00032,3.0429866666666667
2024-09-30_16-57-05_0001578,3.4056533333333334,3.46112
2024-09-30_16-57-05_0001578,3.51232,3.71712
2024-09-30_16-57-32_0001585,1.02912,1.08032
2024-09-30_16-57-32_0001585,1.1272533333333334,1.2253866666666666
2024-09-30_16-57-32_0001585,1.2552533333333333,1.3533866666666667
2024-09-30_16-57-32_0001585,1.3832533333333332,1.4813866666666666
2024-09-30_16-57-32_0001585,1.5112533333333333,1.6093866666666667
2024-09-30_16-57-32_0001585,1.6392533333333332,1.7757866666666666
2024-09-30_16-57-35_0001586,0.8712533333333333,0.91392
2024-09-30_16-57-35_0001586,0.9736533333333334,1.0632533333333334
2024-09-30_16-57-35_0001586,1.08032,1.3832533333333332
2024-09-30_16-57-35_0001586,1.40032,1.48992
2024-09-30_16-57-43_0001589,0.6920533333333333,0.7261866666666666
2024-09-30_16-57-43_0001589,0.97792,1.0973866666666667
2024-09-30_16-57-43_0001589,1.1229866666666666,1.2253866666666666
2024-09-30_16-57-43_0001589,1.2509866666666667,1.3533866666666667
2024-09-30_16-57-43_0001589,1.3789866666666666,1.4813866666666666
2024-09-30_16-57-43_0001589,1.5069866666666667,1.6093866666666667
2024-09-30_16-57-43_0001589,1.6349866666666666,1.7373866666666666
2024-09-30_16-57-43_0001589,1.7629866666666667,1.8653866666666667
2024-09-30_16-57-43_0001589,1.8909866666666666,1.9933866666666666
2024-09-30_16-57-43_0001589,2.0189866666666667,2.1213866666666665
2024-09-30_16-57-43_0001589,2.146986666666667,2.2365866666666667
2024-09-30_16-58-29_0001595,0.95232,0.99072
2024-09-30_16-58-29_0001595,1.0248533333333334,1.51552
2024-09-30_16-58-29_0001595,1.5624533333333332,1.63072
2024-09-30_16-58-29_0001595,1.68192,1.7245866666666667
2024-09-30_16-58-33_0001596,1.7629866666666667,2.02752
2024-09-30_16-58-33_0001596,2.0744533333333335,2.210986666666667
2024-09-30_16-58-33_0001596,2.2621866666666666,2.32192
2024-09-30_16-58-37_0001597,1.9293866666666666,1.9720533333333334
2024-09-30_16-58-37_0001597,1.9976533333333333,2.25792
2024-09-30_16-58-37_0001597,2.37312,2.441386666666667
2024-09-30_16-58-45_0001598,0.9736533333333334,1.0461866666666666
2024-09-30_16-58-45_0001598,1.08032,1.29792
2024-09-30_16-58-45_0001598,1.33632,1.5325866666666668
2024-09-30_16-58-45_0001598,1.55392,1.78432
2024-09-30_16-58-45_0001598,1.8440533333333333,2.01472
2024-09-30_16-58-45_0001598,2.05312,2.223786666666667
2024-09-30_16-58-45_0001598,2.25792,2.364586666666667
2024-09-30_16-58-45_0001598,2.3901866666666667,2.5864533333333335
2024-09-30_16-58-45_0001598,2.6120533333333333,2.69312
2024-09-30_16-58-45_0001598,2.714453333333333,2.868053333333333
2024-09-30_16-58-45_0001598,2.89792,3.030186666666667
2024-09-30_16-58-50_0001599,1.0205866666666668,1.14432
2024-09-30_16-58-50_0001599,1.1613866666666666,1.27232
2024-09-30_16-58-50_0001599,1.2893866666666667,1.40032
2024-09-30_16-58-50_0001599,1.4173866666666666,1.52832
2024-09-30_16-58-50_0001599,1.5453866666666667,1.65632
2024-09-30_16-58-50_0001599,1.6733866666666666,1.78432
2024-09-30_16-58-50_0001599,1.8013866666666667,1.9293866666666666
2024-09-30_16-58-50_0001599,1.9592533333333333,2.0872533333333334
2024-09-30_16-58-50_0001599,2.1213866666666665,2.2408533333333334
2024-09-30_16-58-50_0001599,2.2749866666666665,2.3944533333333333
2024-09-30_16-58-50_0001599,2.4285866666666664,2.637653333333333
2024-09-30_16-58-50_0001599,2.66752,2.80832
2024-09-30_16-58-50_0001599,2.8509866666666666,2.9277866666666665
2024-09-30_16-58-50_0001599,2.9661866666666667,3.0685866666666666
2024-09-30_16-59-04_0001600,1.0120533333333332,1.11872
2024-09-30_16-59-04_0001600,1.1528533333333333,1.2125866666666667
2024-09-30_16-59-38_0001603,0.8968533333333333,0.95232
2024-09-30_16-59-38_0001603,0.99072,1.0760533333333333
2024-09-30_16-59-38_0001603,1.8952533333333332,2.11712
2024-09-30_16-59-38_0001603,2.146986666666667,2.3176533333333333
2024-09-30_16-59-38_0001603,2.34752,2.4285866666666664
2024-09-30_16-59-38_0001603,2.46272,2.57792
2024-09-30_16-59-38_0001603,2.6077866666666667,2.80832
2024-09-30_16-59-38_0001603,2.87232,2.9960533333333332
2024-09-30_17-01-44_0001606,0.9480533333333333,1.0461866666666666
2024-09-30_17-01-44_0001606,1.0845866666666666,1.3277866666666667
2024-09-30_17-01-44_0001606,1.37472,1.5069866666666667
2024-09-30_17-01-44_0001606,1.55392,1.6264533333333333
2024-09-30_17-01-44_0001606,1.8013866666666667,1.8525866666666666
2024-09-30_17-01-44_0001606,1.9293866666666666,2.00192
2024-09-30_17-01-44_0001606,2.0317866666666666,2.1512533333333335
2024-09-30_17-01-44_0001606,2.1725866666666667,2.441386666666667
2024-09-30_17-01-44_0001606,2.4925866666666665,2.5565866666666666
2024-09-30_17-01-47_0001607,0.9821866666666667,1.4088533333333333
2024-09-30_17-02-20_0001612,1.01632,1.3917866666666667
2024-09-30_17-02-20_0001612,1.4600533333333334,1.4941866666666668
2024-09-30_17-02-21_0001613,0.9821866666666667,1.23392
2024-09-30_17-02-21_0001613,1.2936533333333333,1.3405866666666666
2024-09-30_17-02-31_0001615,1.00352,1.06752
2024-09-30_17-02-31_0001615,1.0845866666666666,1.3021866666666666
2024-09-30_17-02-31_0001615,1.3149866666666667,1.5624533333333332
2024-09-30_17-02-31_0001615,1.57952,1.7800533333333333
2024-09-30_17-02-31_0001615,1.7885866666666668,1.9805866666666667
2024-09-30_17-02-31_0001615,2.0189866666666667,2.20672
2024-09-30_17-02-31_0001615,2.2408533333333334,2.32192
2024-09-30_17-02-31_0001615,2.36032,2.560853333333333
2024-09-30_17-02-31_0001615,2.573653333333333,2.79552
2024-09-30_17-02-31_0001615,2.8253866666666667,2.94912
2024-09-30_17-02-31_0001615,3.017386666666667,3.0557866666666667
2024-09-30_17-02-37_0001616,1.0333866666666667,1.48992
2024-09-30_17-02-37_0001616,1.5325866666666668,1.5880533333333333
2024-09-30_17-02-37_0001616,1.6392533333333332,1.70752
2024-09-30_17-02-37_0001616,1.7245866666666667,1.9293866666666666
2024-09-30_17-02-37_0001616,1.9464533333333334,2.09152
2024-09-30_17-02-37_0001616,2.1000533333333333,2.3133866666666667
2024-09-30_17-02-37_0001616,2.343253333333333,2.6333866666666665
2024-09-30_17-02-37_0001616,2.7101866666666665,2.778453333333333
2024-09-30_17-02-41_0001617,0.9949866666666667,1.11872
2024-09-30_17-02-41_0001617,1.15712,1.3789866666666666
2024-09-30_17-02-41_0001617,1.3960533333333334,1.61792
2024-09-30_17-02-41_0001617,1.6264533333333333,1.8056533333333333
2024-09-30_17-02-52_0001618,1.7501866666666666,1.86112
2024-09-30_17-02-52_0001618,1.92512,1.97632
2024-09-30_17-02-52_0001618,2.496853333333333,2.53952
2024-09-30_17-02-54_0001619,0.20565333333333333,0.24405333333333334
2024-09-30_17-02-54_0001619,0.34645333333333334,0.3805866666666667
2024-09-30_17-02-54_0001619,0.9864533333333333,1.0504533333333332
2024-09-30_17-03-06_0001621,1.0120533333333332,1.0760533333333333
2024-09-30_17-03-27_0001624,0.9821866666666667,1.05472
2024-09-30_17-03-27_0001624,1.09312,1.3661866666666667
2024-09-30_17-03-27_0001624,1.5069866666666667,1.5709866666666668
2024-09-30_17-03-32_0001625,1.0077866666666666,1.0717866666666667
2024-09-30_17-03-32_0001625,1.0973866666666667,1.3960533333333334
2024-09-30_17-03-32_0001625,1.43872,1.5453866666666667
2024-09-30_17-03-56_0001628,1.1869866666666666,1.2296533333333333
2024-09-30_17-03-56_0001628,1.3149866666666667,1.3576533333333334
2024-09-30_17-04-07_0001630,0.99072,1.0717866666666667
2024-09-30_17-04-07_0001630,1.0888533333333332,1.2296533333333333
2024-09-30_17-04-07_0001630,1.2552533333333333,1.5112533333333333
2024-09-30_17-04-07_0001630,1.5368533333333334,1.6904533333333334
2024-09-30_17-04-07_0001630,1.7245866666666667,1.9549866666666667
2024-09-30_17-04-07_0001630,1.9848533333333334,2.1213866666666665
2024-09-30_17-04-07_0001630,2.1512533333333335,2.3389866666666665
2024-09-30_17-04-07_0001630,2.37312,2.52672
2024-09-30_17-04-07_0001630,2.5480533333333333,2.6248533333333333
2024-09-30_17-04-07_0001630,2.6632533333333335,2.83392
2024-09-30_17-04-07_0001630,2.868053333333333,2.93632
2024-09-30_17-04-07_0001630,2.96192,3.02592
2024-09-30_17-04-07_0001630,3.0813866666666665,3.149653333333333
2024-09-30_17-04-07_0001630,3.170986666666667,3.35872
2024-09-30_17-04-07_0001630,3.388586666666667,3.520853333333333
2024-09-30_17-04-07_0001630,3.542186666666667,3.6445866666666666
2024-09-30_17-04-07_0001630,3.6957866666666668,3.892053333333333
2024-09-30_17-04-07_0001630,3.9389866666666666,4.015786666666667
2024-09-30_17-04-13_0001631,0.9693866666666666,1.00352
2024-09-30_17-04-13_0001631,1.0333866666666667,1.1912533333333333
2024-09-30_17-04-13_0001631,1.1997866666666666,1.3192533333333334
2024-09-30_17-04-13_0001631,1.3277866666666667,1.4472533333333333
2024-09-30_17-04-13_0001631,1.4557866666666666,1.5752533333333334
2024-09-30_17-04-13_0001631,1.5837866666666667,1.7032533333333333
2024-09-30_17-04-13_0001631,1.7117866666666666,1.8312533333333334
2024-09-30_17-04-13_0001631,1.8397866666666667,1.9592533333333333
2024-09-30_17-04-13_0001631,1.9677866666666666,2.0872533333333334
2024-09-30_17-04-13_0001631,2.0957866666666667,2.2152533333333335
2024-09-30_17-04-34_0001634,1.01632,1.0973866666666667
2024-09-30_17-04-34_0001634,1.1784533333333334,1.2253866666666666
2024-09-30_17-04-34_0001634,1.3064533333333332,1.3533866666666667
2024-09-30_17-04-34_0001634,1.37472,1.42592
2024-09-30_17-06-19_0001647,1.00352,1.11872
2024-09-30_17-06-19_0001647,1.1741866666666667,1.24672
2024-09-30_17-06-19_0001647,1.3021866666666666,1.5240533333333333
2024-09-30_17-06-19_0001647,1.5453866666666667,1.6989866666666666
2024-09-30_17-06-19_0001647,1.7288533333333334,1.83552
2024-09-30_17-06-19_0001647,1.8653866666666667,1.9464533333333334
2024-09-30_17-06-19_0001647,1.9805866666666667,2.061653333333333
2024-09-30_17-06-19_0001647,2.09152,2.30912
2024-09-30_17-06-19_0001647,2.3389866666666665,2.59072
2024-09-30_17-06-28_0001648,2.2621866666666666,2.4712533333333333
2024-09-30_17-06-28_0001648,2.518186666666667,2.5992533333333334
2024-09-30_17-07-04_0001656,0.9864533333333333,1.14432
2024-09-30_17-07-04_0001656,1.1656533333333334,1.27232
2024-09-30_17-07-04_0001656,1.2936533333333333,1.40032
2024-09-30_17-07-04_0001656,1.4216533333333334,1.8568533333333332
2024-09-30_17-07-04_0001656,1.87392,2.0189866666666667
2024-09-30_17-07-04_0001656,2.02752,2.3133866666666667
2024-09-30_17-07-04_0001656,2.32192,2.39872
2024-09-30_17-07-04_0001656,2.420053333333333,2.4840533333333332
2024-09-30_17-07-04_0001656,2.5096533333333335,2.658986666666667
2024-09-30_17-07-04_0001656,2.66752,2.8040533333333335
2024-09-30_17-07-04_0001656,2.932053333333333,2.9789866666666667
2024-09-30_17-07-04_0001656,3.66592,3.89632
2024-09-30_17-07-04_0001656,4.194986666666667,4.3357866666666665
2024-09-30_17-07-04_0001656,5.014186666666666,5.2061866666666665
2024-09-30_17-08-17_0001662,1.00352,1.41312
2024-09-30_17-08-17_0001662,1.4344533333333334,1.57952
2024-09-30_17-08-17_0001662,1.59232,1.8312533333333334
2024-09-30_17-08-17_0001662,1.84832,2.0744533333333335
2024-09-30_17-08-17_0001662,2.1128533333333333,2.2536533333333333
2024-09-30_17-08-17_0001662,2.300586666666667,2.55232
2024-09-30_17-08-17_0001662,2.582186666666667,2.7613866666666667
2024-09-30_17-08-17_0001662,2.78272,2.8808533333333335
2024-09-30_17-08-34_0001664,1.01632,1.0845866666666666
2024-09-30_17-08-34_0001664,1.10592,1.2125866666666667
2024-09-30_17-08-34_0001664,1.23392,1.3405866666666666
2024-09-30_17-08-34_0001664,1.34912,1.4813866666666666
2024-09-30_17-08-34_0001664,1.5112533333333333,1.60512
2024-09-30_17-08-34_0001664,1.63072,1.6989866666666666
2024-09-30_17-09-13_0001671,1.0077866666666666,1.0760533333333333
2024-09-30_17-09-13_0001671,1.7032533333333333,1.79712
2024-09-30_17-09-13_0001671,2.6077866666666667,2.855253333333333
2024-09-30_17-09-13_0001671,5.705386666666667,5.773653333333334
2024-09-30_17-09-13_0001671,5.824853333333333,6.00832
2024-09-30_17-09-20_0001672,1.00352,1.4045866666666667
2024-09-30_17-09-20_0001672,1.4813866666666666,1.7117866666666666
2024-09-30_17-09-20_0001672,1.74592,1.9464533333333334
2024-09-30_17-09-20_0001672,2.0104533333333334,2.210986666666667
2024-09-30_17-09-20_0001672,2.27072,2.4029866666666666
2024-09-30_17-09-20_0001672,2.47552,2.5864533333333335
2024-09-30_17-09-20_0001672,2.6077866666666667,3.07712
2024-09-30_17-09-59_0001674,0.9992533333333333,1.0632533333333334
2024-09-30_17-09-59_0001674,1.0845866666666666,1.38752
2024-09-30_17-09-59_0001674,1.4301866666666667,1.5197866666666666
2024-09-30_17-09-59_0001674,1.5624533333333332,1.60512
2024-09-30_17-09-59_0001674,1.9933866666666666,2.0360533333333333
2024-09-30_17-09-59_0001674,2.0957866666666667,2.3389866666666665
2024-09-30_17-09-59_0001674,2.3944533333333333,2.5480533333333333
2024-09-30_17-09-59_0001674,2.57792,2.64192
2024-09-30_17-09-59_0001674,3.3928533333333335,3.62752
2024-09-30_17-09-59_0001674,3.6445866666666666,3.879253333333333
2024-09-30_17-09-59_0001674,3.913386666666667,4.10112
2024-09-30_17-09-59_0001674,4.143786666666666,4.28032
2024-09-30_17-09-59_0001674,4.31872,4.416853333333333
2024-09-30_17-09-59_0001674,4.468053333333334,4.566186666666667
2024-09-30_17-10-12_0001677,1.0077866666666666,1.5069866666666667
2024-09-30_17-10-12_0001677,1.5368533333333334,1.8141866666666666
2024-09-30_17-10-12_0001677,1.8568533333333332,1.9848533333333334
2024-09-30_17-10-12_0001677,2.4328533333333335,2.52672
2024-09-30_17-10-12_0001677,2.5480533333333333,2.76992
2024-09-30_17-10-12_0001677,2.8168533333333334,2.8637866666666665
2024-09-30_17-10-25_0001679,0.9864533333333333,1.05472
2024-09-30_17-10-25_0001679,1.0888533333333332,1.1912533333333333
2024-09-30_17-10-25_0001679,1.2168533333333333,1.3192533333333334
2024-09-30_17-10-25_0001679,1.3448533333333332,1.4557866666666666
2024-09-30_17-10-25_0001679,1.50272,1.5581866666666666
2024-09-30_17-10-29_0001680,1.0248533333333334,1.0888533333333332
2024-09-30_17-10-29_0001680,1.11872,1.2168533333333333
2024-09-30_17-10-29_0001680,1.24672,1.3448533333333332
2024-09-30_17-10-29_0001680,1.37472,1.6733866666666666
2024-09-30_17-10-29_0001680,1.7160533333333334,1.8525866666666666
2024-09-30_17-10-29_0001680,1.89952,1.95072
2024-09-30_17-10-31_0001681,0.8968533333333333,0.9480533333333333
2024-09-30_17-10-31_0001681,1.0333866666666667,1.1229866666666666
2024-09-30_17-10-31_0001681,1.18272,1.22112
2024-09-30_17-10-33_0001682,0.9864533333333333,1.2509866666666667
2024-09-30_17-10-33_0001682,1.3021866666666666,1.37472
2024-09-30_17-10-33_0001682,1.4045866666666667,1.46432
2024-09-30_17-10-33_0001682,1.51552,1.6221866666666667
2024-09-30_17-10-33_0001682,1.6520533333333334,1.75872
2024-09-30_17-10-33_0001682,1.7757866666666666,2.0104533333333334
2024-09-30_17-10-33_0001682,2.06592,2.287786666666667
2024-09-30_17-10-33_0001682,2.34752,2.582186666666667
2024-09-30_17-10-33_0001682,2.64192,2.714453333333333
2024-09-30_17-10-33_0001682,2.78272,2.8424533333333333
2024-09-30_17-10-43_0001684,0.9949866666666667,1.47712
2024-09-30_17-10-43_0001684,1.7501866666666666,1.8141866666666666
2024-09-30_17-10-43_0001684,1.8397866666666667,1.92512
2024-09-30_17-10-43_0001684,1.9464533333333334,2.2365866666666667
2024-09-30_17-10-43_0001684,2.279253333333333,2.3944533333333333
2024-09-30_17-10-43_0001684,2.4157866666666665,2.5309866666666667
2024-09-30_17-10-43_0001684,2.55232,2.7016533333333332
2024-09-30_17-10-43_0001684,2.722986666666667,2.97472
2024-09-30_17-10-43_0001684,3.0429866666666667,3.1368533333333333
2024-09-30_17-10-43_0001684,3.1837866666666668,3.2392533333333335
2024-09-30_17-11-18_0001693,0.9992533333333333,1.4685866666666667
2024-09-30_17-11-23_0001694,0.99072,1.0504533333333332
2024-09-30_17-11-23_0001694,1.0973866666666667,1.3576533333333334
2024-09-30_17-11-28_0001695,0.9821866666666667,1.3832533333333332
2024-09-30_17-11-36_0001697,0.97792,1.18272
2024-09-30_17-11-36_0001697,1.2125866666666667,1.4045866666666667
2024-09-30_17-11-36_0001697,1.4344533333333334,1.5624533333333332
2024-09-30_17-11-36_0001697,1.60512,1.9933866666666666
2024-09-30_17-11-36_0001697,2.0360533333333333,2.1768533333333333
2024-09-30_17-11-46_0001698,0.97792,1.1101866666666667
2024-09-30_17-11-46_0001698,1.1272533333333334,1.2381866666666668
2024-09-30_17-11-46_0001698,1.2552533333333333,1.3704533333333333
2024-09-30_17-11-46_0001698,1.4045866666666667,1.6136533333333334
2024-09-30_17-11-46_0001698,1.6392533333333332,1.9165866666666667
2024-09-30_17-11-46_0001698,1.96352,2.16832
2024-09-30_17-11-46_0001698,2.1768533333333333,2.28352
2024-09-30_17-11-46_0001698,2.30912,2.6120533333333333
2024-09-30_17-11-46_0001698,2.6504533333333335,2.8424533333333333
2024-09-30_17-11-53_0001699,1.02912,1.1101866666666667
2024-09-30_17-11-53_0001699,1.13152,1.2381866666666668
2024-09-30_17-11-53_0001699,1.25952,1.4600533333333334
2024-09-30_17-11-53_0001699,1.5069866666666667,1.5496533333333333
2024-09-30_17-11-57_0001700,1.6392533333333332,1.6989866666666666
2024-09-30_17-11-57_0001700,3.4141866666666667,3.456853333333333
2024-09-30_17-13-27_0001709,0.9821866666666667,1.1613866666666666
2024-09-30_17-13-27_0001709,1.18272,1.2893866666666667
2024-09-30_17-13-27_0001709,1.31072,1.41312
2024-09-30_17-13-27_0001709,1.4301866666666667,1.5197866666666666
2024-09-30_17-13-49_0001713,1.8824533333333333,2.00192
2024-09-30_17-13-49_0001713,2.0317866666666666,2.2749866666666665
2024-09-30_17-13-49_0001713,2.32192,2.43712
2024-09-30_17-13-49_0001713,2.47552,2.5096533333333335
2024-09-30_17-13-53_0001714,1.02912,1.47712
2024-09-30_17-13-53_0001714,1.50272,1.74592
2024-09-30_17-13-53_0001714,1.8013866666666667,1.9720533333333334
2024-09-30_17-14-03_0001715,1.0120533333333332,1.11872
2024-09-30_17-14-03_0001715,1.1485866666666666,1.24672
2024-09-30_17-14-03_0001715,1.2765866666666668,1.37472
2024-09-30_17-14-03_0001715,1.40032,1.4856533333333333
2024-09-30_17-14-03_0001715,1.54112,1.59232
2024-09-30_17-14-22_0001717,0.9864533333333333,1.1741866666666667
2024-09-30_17-14-22_0001717,1.1997866666666666,1.3448533333333332
2024-09-30_17-14-22_0001717,1.37472,1.6093866666666667
2024-09-30_17-14-22_0001717,1.6392533333333332,1.8141866666666666
2024-09-30_17-14-31_0001719,1.0120533333333332,1.1613866666666666
2024-09-30_17-14-31_0001719,1.1784533333333334,1.2893866666666667
2024-09-30_17-14-31_0001719,1.3064533333333332,1.4173866666666666
2024-09-30_17-14-31_0001719,1.4344533333333334,1.5453866666666667
2024-09-30_17-14-31_0001719,1.5624533333333332,1.6733866666666666
2024-09-30_17-14-31_0001719,1.6904533333333334,1.8013866666666667
2024-09-30_17-14-31_0001719,1.8184533333333333,1.9293866666666666
2024-09-30_17-14-31_0001719,1.9464533333333334,2.0573866666666665
2024-09-30_17-14-31_0001719,2.0744533333333335,2.18112
2024-09-30_17-14-31_0001719,2.1896533333333332,2.4712533333333333
2024-09-30_17-14-31_0001719,2.53952,2.75712
2024-09-30_17-14-31_0001719,2.8253866666666667,2.876586666666667
2024-09-30_17-14-31_0001719,3.1112533333333334,3.19232
2024-09-30_17-14-31_0001719,3.2520533333333335,3.3160533333333335
2024-09-30_17-14-31_0001719,3.380053333333333,3.5165866666666665
2024-09-30_17-14-40_0001722,0.9992533333333333,1.1485866666666666
2024-09-30_17-14-40_0001722,1.1912533333333333,1.3789866666666666
2024-09-30_17-14-40_0001722,1.4088533333333333,1.6221866666666667
2024-09-30_17-14-40_0001722,1.6520533333333334,2.125653333333333
2024-09-30_17-14-40_0001722,2.1640533333333334,2.3176533333333333
2024-09-30_17-14-40_0001722,2.3261866666666666,2.51392
2024-09-30_17-14-40_0001722,2.573653333333333,2.70592
2024-09-30_17-14-40_0001722,2.735786666666667,2.876586666666667
2024-09-30_17-14-40_0001722,2.9192533333333333,3.030186666666667
2024-09-30_17-14-40_0001722,3.08992,3.1453866666666666
2024-09-30_17-14-52_0001723,3.9261866666666667,4.135253333333333
2024-09-30_17-14-52_0001723,4.173653333333333,4.258986666666667
2024-09-30_17-14-57_0001724,0.9352533333333334,0.99072
2024-09-30_17-14-57_0001724,1.0248533333333334,1.1101866666666667
2024-09-30_17-14-57_0001724,1.1528533333333333,1.23392
2024-09-30_17-14-57_0001724,1.27232,1.3277866666666667
2024-09-30_17-14-59_0001725,0.9821866666666667,1.13152
2024-09-30_17-14-59_0001725,1.1613866666666666,1.2253866666666666
2024-09-30_17-15-08_0001726,1.00352,1.45152
2024-09-30_17-15-08_0001726,1.4728533333333333,1.60512
2024-09-30_17-15-08_0001726,1.63072,1.8141866666666666
2024-09-30_17-15-08_0001726,1.8397866666666667,2.02752
2024-09-30_17-15-08_0001726,2.0573866666666665,2.1853866666666666
2024-09-30_17-15-08_0001726,2.20672,2.4669866666666667
2024-09-30_17-15-08_0001726,2.51392,2.6077866666666667
2024-09-30_17-15-08_0001726,2.66752,2.735786666666667
2024-09-30_17-15-08_0001726,3.80672,3.9517866666666666
2024-09-30_17-15-08_0001726,3.9816533333333335,4.169386666666667
2024-09-30_17-15-08_0001726,4.199253333333333,4.322986666666667
2024-09-30_17-15-08_0001726,4.378453333333334,4.43392
2024-09-30_17-15-08_0001726,4.519253333333333,4.56192
2024-09-30_17-15-08_0001726,4.62592,4.72832
2024-09-30_17-15-08_0001726,4.76672,4.97152
2024-09-30_17-15-08_0001726,4.98432,5.18912
2024-09-30_17-15-08_0001726,5.21472,5.34272
2024-09-30_17-15-08_0001726,5.385386666666666,5.53472
2024-09-30_17-15-08_0001726,5.56032,5.67552
2024-09-30_17-15-08_0001726,5.743786666666667,5.863253333333334
2024-09-30_17-15-08_0001726,6.0125866666666665,6.18752
2024-09-30_17-15-08_0001726,6.2301866666666665,6.332586666666667
2024-09-30_17-15-22_0001728,0.9821866666666667,1.2381866666666668
2024-09-30_17-15-30_0001729,0.9736533333333334,1.1613866666666666
2024-09-30_17-15-32_0001730,0.9608533333333333,1.05472
2024-09-30_17-15-32_0001730,1.0888533333333332,1.20832
2024-09-30_17-15-32_0001730,1.2168533333333333,1.33632
2024-09-30_17-15-32_0001730,1.3448533333333332,1.4472533333333333
2024-09-30_17-15-49_0001733,0.81152,0.86272
2024-09-30_17-15-49_0001733,0.9992533333333333,1.38752
2024-09-30_17-15-57_0001734,1.0077866666666666,1.0632533333333334
2024-09-30_17-15-57_0001734,1.0888533333333332,1.1485866666666666
2024-09-30_17-15-57_0001734,1.1784533333333334,1.4344533333333334
2024-09-30_17-15-57_0001734,1.4557866666666666,1.4941866666666668
2024-09-30_17-15-57_0001734,1.5453866666666667,1.5880533333333333
2024-09-30_17-15-57_0001734,2.21952,2.441386666666667
2024-09-30_17-15-57_0001734,2.46272,2.60352
2024-09-30_17-15-57_0001734,2.6248533333333333,2.6888533333333333
2024-09-30_17-15-57_0001734,3.2093866666666666,3.444053333333333
2024-09-30_17-15-57_0001734,3.4696533333333335,3.69152
2024-09-30_17-15-57_0001734,3.7341866666666665,3.9517866666666666
2024-09-30_17-15-57_0001734,3.9901866666666668,4.199253333333333
2024-09-30_17-15-57_0001734,4.24192,4.47232
2024-09-30_17-15-57_0001734,4.514986666666666,4.70272
2024-09-30_17-15-57_0001734,4.745386666666667,4.86912
2024-09-30_17-15-57_0001734,4.90752,5.005653333333333
2024-09-30_17-15-57_0001734,5.056853333333334,5.184853333333334
2024-09-30_17-15-57_0001734,5.2360533333333334,5.295786666666666
2024-09-30_17-15-57_0001734,5.93152,6.055253333333333
2024-09-30_17-15-57_0001734,6.08512,6.178986666666667
2024-09-30_17-16-30_0001735,0.9480533333333333,1.4088533333333333
2024-09-30_17-16-32_0001736,0.73472,0.77312
2024-09-30_17-16-40_0001738,0.9992533333333333,1.0760533333333333
2024-09-30_17-16-40_0001738,1.0845866666666666,1.2765866666666668
2024-09-30_17-16-40_0001738,1.2893866666666667,1.4984533333333334
2024-09-30_17-16-40_0001738,1.5069866666666667,1.6349866666666666
2024-09-30_17-16-40_0001738,1.6776533333333334,1.9208533333333333
2024-09-30_17-16-40_0001738,1.9848533333333334,2.0232533333333333
2024-09-30_17-17-08_0001741,1.01632,1.5453866666666667
2024-09-30_17-17-08_0001741,1.55392,1.7928533333333334
2024-09-30_17-17-08_0001741,1.8312533333333334,2.3261866666666666
2024-09-30_17-17-08_0001741,2.34752,2.7869866666666665
2024-09-30_17-17-08_0001741,2.8040533333333335,3.11552
2024-09-30_17-17-08_0001741,3.14112,3.226453333333333
2024-09-30_17-17-08_0001741,3.60192,3.6957866666666668
2024-09-30_17-17-08_0001741,3.7128533333333333,3.977386666666667
2024-09-30_17-17-08_0001741,4.0285866666666665,4.25472
2024-09-30_17-17-08_0001741,4.28032,4.75392
2024-09-30_17-17-08_0001741,4.77952,4.941653333333333
2024-09-30_17-17-08_0001741,4.992853333333334,5.159253333333333
2024-09-30_17-17-08_0001741,5.167786666666666,5.29152
2024-09-30_17-17-28_0001742,0.99072,1.3021866666666666
2024-09-30_17-17-28_0001742,1.3320533333333333,1.45152
2024-09-30_17-17-28_0001742,1.70752,1.7800533333333333
2024-09-30_17-17-28_0001742,1.8184533333333333,1.91232
2024-09-30_17-17-28_0001742,1.97632,2.061653333333333
2024-09-30_17-17-28_0001742,2.0829866666666668,2.18112
2024-09-30_17-17-28_0001742,2.19392,2.43712
2024-09-30_17-17-28_0001742,2.48832,2.69312
2024-09-30_17-17-28_0001742,2.722986666666667,2.92352
2024-09-30_17-17-28_0001742,2.9405866666666665,3.21792
2024-09-30_17-17-28_0001742,3.2605866666666667,3.4525866666666665
2024-09-30_17-17-28_0001742,3.4824533333333334,3.6488533333333333
2024-09-30_17-17-28_0001742,3.6701866666666665,3.7725866666666668
2024-09-30_17-17-28_0001742,3.87072,3.968853333333333
2024-09-30_17-17-28_0001742,4.0285866666666665,4.207786666666666
2024-09-30_17-17-35_0001743,1.0248533333333334,1.09312
2024-09-30_17-17-35_0001743,1.13152,1.22112
2024-09-30_17-17-35_0001743,1.25952,1.34912
2024-09-30_17-17-35_0001743,1.38752,1.47712
2024-09-30_17-18-17_0001746,2.0829866666666668,2.15552
2024-09-30_17-18-17_0001746,2.19392,2.300586666666667
2024-09-30_17-18-31_0001749,1.00352,1.09312
2024-09-30_17-18-31_0001749,1.15712,1.22112
2024-09-30_17-18-31_0001749,1.28512,1.34912
2024-09-30_17-19-14_0001754,2.02752,2.1853866666666666
2024-09-30_17-19-40_0001758,1.02912,1.3576533333333334
2024-09-30_17-20-40_0001766,0.22698666666666667,0.29098666666666667
2024-09-30_17-20-40_0001766,1.0248533333333334,1.09312
2024-09-30_17-20-52_0001767,1.00352,1.0717866666666667
2024-09-30_17-20-52_0001767,1.1272533333333334,1.1869866666666666
2024-09-30_17-20-52_0001767,1.2552533333333333,1.3149866666666667
2024-09-30_17-20-52_0001767,1.3704533333333333,1.5368533333333334
2024-09-30_17-20-52_0001767,1.5752533333333334,1.63072
2024-09-30_17-21-01_0001768,0.9480533333333333,1.1357866666666667
2024-09-30_17-21-01_0001768,1.16992,1.2637866666666666
2024-09-30_17-21-01_0001768,1.29792,1.38752
2024-09-30_17-21-16_0001770,1.0120533333333332,1.1400533333333334
2024-09-30_17-21-16_0001770,1.16992,1.2680533333333333
2024-09-30_17-21-16_0001770,1.29792,1.3960533333333334
2024-09-30_17-21-16_0001770,1.42592,1.46432
2024-09-30_17-21-16_0001770,1.4856533333333333,1.5240533333333333
2024-09-30_17-21-21_0001772,0.9992533333333333,1.1229866666666666
2024-09-30_17-21-44_0001774,1.01632,1.10592
2024-09-30_17-21-44_0001774,1.1229866666666666,1.23392
2024-09-30_17-21-44_0001774,1.2552533333333333,1.50272
2024-09-30_17-21-44_0001774,1.5325866666666668,1.6520533333333334
2024-09-30_17-21-44_0001774,1.6989866666666666,1.79712
2024-09-30_17-21-44_0001774,1.8696533333333334,1.92512
2024-09-30_17-21-44_0001774,1.9720533333333334,2.02752
2024-09-30_17-21-44_0001774,2.0573866666666665,2.3560533333333336
2024-09-30_17-21-44_0001774,2.4029866666666666,2.4584533333333334
2024-09-30_17-21-54_0001776,1.0205866666666668,1.1485866666666666
2024-09-30_17-21-54_0001776,1.1784533333333334,1.2765866666666668
2024-09-30_17-21-54_0001776,1.3064533333333332,1.3917866666666667
2024-09-30_17-22-43_0001783,1.0120533333333332,1.1101866666666667
2024-09-30_17-22-43_0001783,1.13152,1.20832
2024-09-30_17-23-09_0001786,1.0248533333333334,1.0973866666666667
2024-09-30_17-23-09_0001786,1.1144533333333333,1.2296533333333333
2024-09-30_17-23-09_0001786,1.2424533333333334,1.4173866666666666
2024-09-30_17-23-09_0001786,1.4301866666666667,1.55392
2024-09-30_17-23-09_0001786,1.5624533333333332,1.7757866666666666
2024-09-30_17-23-09_0001786,1.83552,2.0744533333333335
2024-09-30_17-23-09_0001786,2.0872533333333334,2.3389866666666665
2024-09-30_17-23-09_0001786,2.3816533333333334,2.5949866666666668
2024-09-30_17-23-09_0001786,2.637653333333333,2.8381866666666666
2024-09-30_17-23-09_0001786,2.8936533333333334,3.1197866666666667
2024-09-30_17-23-09_0001786,3.16672,3.2776533333333333
2024-09-30_17-23-09_0001786,3.2861866666666666,3.4269866666666666
2024-09-30_17-23-09_0001786,3.4397866666666665,3.6488533333333333
2024-09-30_17-23-09_0001786,3.6872533333333335,3.8749866666666666
2024-09-30_17-23-09_0001786,3.8877866666666665,3.9944533333333334
2024-09-30_17-23-09_0001786,4.01152,4.207786666666666
2024-09-30_17-23-09_0001786,4.271786666666666,4.314453333333334
2024-09-30_17-23-09_0001786,4.4936533333333335,4.655786666666667
2024-09-30_17-23-09_0001786,4.70272,4.992853333333334
2024-09-30_17-23-28_0001787,0.9693866666666666,1.4429866666666666
2024-09-30_17-23-28_0001787,1.4941866666666668,1.74592
2024-09-30_17-23-28_0001787,1.79712,1.8696533333333334
2024-09-30_17-23-28_0001787,1.9037866666666667,1.9677866666666666
2024-09-30_17-23-28_0001787,2.1981866666666665,2.266453333333333
2024-09-30_17-23-28_0001787,2.287786666666667,2.4712533333333333
2024-09-30_17-23-28_0001787,2.4925866666666665,2.7016533333333332
2024-09-30_17-23-57_0001790,1.0205866666666668,1.10592
2024-09-30_17-23-57_0001790,1.1357866666666667,1.3320533333333333
2024-09-30_17-23-57_0001790,1.36192,1.4941866666666668
2024-09-30_17-23-57_0001790,1.5197866666666666,1.5880533333333333
2024-09-30_17-23-57_0001790,1.6520533333333334,1.6861866666666667
2024-09-30_17-23-57_0001790,1.7245866666666667,1.8525866666666666
2024-09-30_17-23-57_0001790,1.8824533333333333,2.16832
2024-09-30_17-23-57_0001790,2.21952,2.287786666666667
2024-09-30_17-24-03_0001791,0.78592,0.8328533333333333
2024-09-30_17-24-03_0001791,0.9864533333333333,1.3832533333333332
2024-09-30_17-24-04_0001792,0.9992533333333333,1.1144533333333333
2024-09-30_17-24-04_0001792,1.1400533333333334,1.3021866666666666
2024-09-30_17-24-04_0001792,1.3192533333333334,1.5709866666666668
2024-09-30_17-24-04_0001792,1.60512,1.7501866666666666
2024-09-30_17-24-04_0001792,1.7800533333333333,2.0317866666666666
2024-09-30_17-24-04_0001792,2.070186666666667,2.28352
2024-09-30_17-24-04_0001792,2.3176533333333333,2.4840533333333332
2024-09-30_17-24-04_0001792,2.5096533333333335,2.6077866666666667
2024-09-30_17-24-04_0001792,2.62912,2.91072
2024-09-30_17-24-04_0001792,2.9405866666666665,3.12832
2024-09-30_17-24-04_0001792,3.17952,3.401386666666667
2024-09-30_17-24-04_0001792,3.444053333333333,3.6104533333333335
2024-09-30_17-24-04_0001792,3.682986666666667,3.7341866666666665
2024-09-30_17-24-04_0001792,3.7896533333333333,3.84512
2024-09-30_17-24-04_0001792,3.92192,4.07552
2024-09-30_17-24-33_0001796,0.9608533333333333,1.1016533333333334
2024-09-30_17-24-33_0001796,1.1400533333333334,1.2296533333333333
2024-09-30_17-24-33_0001796,1.2680533333333333,1.4173866666666666
2024-09-30_17-24-33_0001796,1.4813866666666666,1.5325866666666668
2024-09-30_17-24-33_0001796,2.11712,2.3773866666666668
2024-09-30_17-24-33_0001796,2.420053333333333,2.5224533333333334
2024-09-30_17-24-33_0001796,2.55232,2.6120533333333333
2024-09-30_17-24-33_0001796,3.072853333333333,3.16672
2024-09-30_17-24-33_0001796,3.19232,3.4696533333333335
2024-09-30_17-24-33_0001796,3.5037866666666666,3.7256533333333333
2024-09-30_17-24-33_0001796,3.7640533333333335,3.9816533333333335
2024-09-30_17-24-33_0001796,4.015786666666667,4.1224533333333335
2024-09-30_17-24-33_0001796,4.143786666666666,4.3357866666666665
2024-09-30_17-24-33_0001796,4.36992,4.57472
2024-09-30_17-24-33_0001796,4.621653333333334,4.75392
2024-09-30_17-24-52_0001799,1.00352,1.2168533333333333
2024-09-30_17-24-52_0001799,1.2381866666666668,1.48992
2024-09-30_17-24-52_0001799,1.5240533333333333,1.7245866666666667
2024-09-30_17-24-52_0001799,1.74592,1.8824533333333333
2024-09-30_17-24-52_0001799,1.9208533333333333,2.1981866666666665
2024-09-30_17-24-52_0001799,2.24512,2.3133866666666667
2024-09-30_17-24-57_0001800,0.9864533333333333,1.14432
2024-09-30_17-24-57_0001800,1.1613866666666666,1.27232
2024-09-30_17-24-57_0001800,1.2893866666666667,1.40032
2024-09-30_17-24-57_0001800,1.4173866666666666,1.5624533333333332
2024-09-30_17-24-57_0001800,1.61792,1.65632
2024-09-30_17-28-20_0001804,2.4925866666666665,2.7101866666666665
2024-09-30_17-28-20_0001804,2.735786666666667,3.15392
2024-09-30_17-28-20_0001804,3.2136533333333333,3.2648533333333334
2024-09-30_17-28-43_0001805,1.01632,1.2168533333333333
2024-09-30_17-28-43_0001805,1.2637866666666666,1.5197866666666666
2024-09-30_17-28-43_0001805,1.55392,1.7416533333333333
2024-09-30_17-28-43_0001805,1.77152,1.9421866666666667
2024-09-30_17-28-43_0001805,2.00192,2.04032
2024-09-30_17-28-46_0001806,0.97792,1.05472
2024-09-30_17-28-46_0001806,1.10592,1.18272
2024-09-30_17-28-46_0001806,1.23392,1.31072
2024-09-30_17-29-01_0001807,1.0376533333333333,1.10592
2024-09-30_17-29-01_0001807,1.1485866666666666,1.23392
2024-09-30_17-29-01_0001807,1.2765866666666668,1.4813866666666666
2024-09-30_17-29-01_0001807,1.5112533333333333,1.7544533333333334
2024-09-30_17-29-01_0001807,1.79712,1.8824533333333333
2024-09-30_17-29-22_0001809,1.02912,1.08032
2024-09-30_17-29-22_0001809,1.1400533333333334,1.2552533333333333
2024-09-30_17-29-22_0001809,1.28512,1.4216533333333334
2024-09-30_17-29-22_0001809,1.4600533333333334,1.51552
2024-09-30_17-29-22_0001809,2.23232,2.4712533333333333
2024-09-30_17-29-29_0001810,1.0120533333333332,1.2296533333333333
2024-09-30_17-29-29_0001810,1.25952,1.32352
2024-09-30_17-29-32_0001811,1.83552,2.0744533333333335
2024-09-30_17-29-39_0001813,0.9949866666666667,1.06752
2024-09-30_17-29-39_0001813,1.1101866666666667,1.1997866666666666
2024-09-30_17-29-39_0001813,1.2381866666666668,1.3277866666666667
2024-09-30_17-29-39_0001813,1.3661866666666667,1.4045866666666667
2024-09-30_17-29-47_0001816,0.92672,0.9565866666666667
2024-09-30_17-29-47_0001816,1.0077866666666666,1.1229866666666666
2024-09-30_17-29-47_0001816,1.1528533333333333,1.2509866666666667
2024-09-30_17-29-47_0001816,1.2808533333333334,1.3789866666666666
2024-09-30_17-29-47_0001816,1.4088533333333333,1.5069866666666667
2024-09-30_17-29-47_0001816,1.5368533333333334,1.6349866666666666
2024-09-30_17-29-47_0001816,1.6648533333333333,1.7672533333333333
2024-09-30_17-30-02_0001820,1.37472,1.6392533333333332
2024-09-30_17-30-02_0001820,1.7032533333333333,1.7885866666666668
2024-09-30_17-30-02_0001820,1.8312533333333334,1.89952
2024-09-30_17-30-02_0001820,1.9549866666666667,2.0189866666666667
2024-09-30_17-30-24_0001823,2.0744533333333335,2.2365866666666667
2024-09-30_17-30-24_0001823,2.2621866666666666,2.4840533333333332
2024-09-30_17-30-24_0001823,2.518186666666667,2.59072
2024-09-30_17-30-24_0001823,3.0557866666666667,3.0984533333333335
2024-09-30_17-30-27_0001824,0.15872,0.20565333333333333
2024-09-30_17-30-27_0001824,1.01632,1.2680533333333333
2024-09-30_17-30-27_0001824,1.3533866666666667,1.40032
2024-09-30_17-31-03_0001831,0.99072,1.1357866666666667
2024-09-30_17-31-03_0001831,1.1613866666666666,1.24672
2024-09-30_17-31-03_0001831,1.2893866666666667,1.3533866666666667
2024-09-30_17-31-03_0001831,1.3832533333333332,1.5112533333333333
2024-09-30_17-31-03_0001831,1.5453866666666667,1.80992
2024-09-30_17-31-03_0001831,1.8653866666666667,1.92512
2024-09-30_17-31-09_0001832,0.9992533333333333,1.18272
2024-09-30_17-31-09_0001832,1.2040533333333334,1.4429866666666666
2024-09-30_17-31-09_0001832,1.4685866666666667,1.6520533333333334
2024-09-30_17-31-09_0001832,1.6861866666666667,1.8696533333333334
2024-09-30_17-31-09_0001832,1.91232,2.14272
2024-09-30_17-31-09_0001832,2.1853866666666666,2.2920533333333335
2024-09-30_17-31-09_0001832,2.343253333333333,2.4328533333333335
2024-09-30_17-31-09_0001832,2.46272,2.582186666666667
2024-09-30_17-31-09_0001832,2.59072,2.658986666666667
2024-09-30_17-31-09_0001832,2.6845866666666667,2.855253333333333
2024-09-30_17-31-09_0001832,2.89792,3.03872
2024-09-30_17-31-09_0001832,3.072853333333333,3.21792
2024-09-30_17-31-09_0001832,3.28192,3.401386666666667
2024-09-30_17-31-57_0001840,1.2680533333333333,1.33632
2024-09-30_17-31-57_0001840,2.28352,2.36032
2024-09-30_17-31-57_0001840,2.5096533333333335,2.5565866666666666
2024-09-30_17-31-57_0001840,2.5949866666666668,2.6973866666666666
2024-09-30_17-31-57_0001840,2.722986666666667,2.89792
2024-09-30_17-31-57_0001840,2.9405866666666665,3.0344533333333334
2024-09-30_17-31-57_0001840,3.0685866666666666,3.1240533333333333
2024-09-30_17-32-02_0001841,1.00352,1.1229866666666666
2024-09-30_17-32-02_0001841,1.14432,1.2509866666666667
2024-09-30_17-32-02_0001841,1.27232,1.3789866666666666
2024-09-30_17-32-02_0001841,1.40032,1.5069866666666667
2024-09-30_17-32-02_0001841,1.52832,1.6349866666666666
2024-09-30_17-32-02_0001841,1.65632,1.7629866666666667
2024-09-30_17-32-02_0001841,1.78432,1.89952
2024-09-30_17-32-17_0001844,1.77152,1.82272
2024-09-30_17-32-17_0001844,1.87392,1.92512
2024-09-30_17-32-17_0001844,1.9720533333333334,2.0829866666666668
2024-09-30_17-32-17_0001844,2.1213866666666665,2.1768533333333333
2024-09-30_17-32-17_0001844,2.2280533333333334,2.279253333333333
2024-09-30_17-32-17_0001844,2.4541866666666667,2.48832
2024-09-30_17-32-17_0001844,2.6248533333333333,2.7741866666666666
2024-09-30_17-32-17_0001844,2.812586666666667,2.876586666666667
2024-09-30_17-32-17_0001844,2.932053333333333,2.97472
2024-09-30_17-32-17_0001844,3.030186666666667,3.08992
2024-09-30_17-32-22_0001845,2.6120533333333333,2.65472
2024-09-30_17-32-28_0001847,1.31072,1.34912
2024-09-30_17-32-36_0001848,1.1912533333333333,1.45152
2024-09-30_17-32-36_0001848,1.48992,1.6392533333333332
2024-09-30_17-32-36_0001848,1.6648533333333333,1.7373866666666666
2024-09-30_17-32-36_0001848,1.7885866666666668,1.86112
2024-09-30_17-32-51_0001850,1.7032533333333333,1.80992
2024-09-30_17-32-51_0001850,1.8312533333333334,2.048853333333333
2024-09-30_17-32-51_0001850,2.070186666666667,2.1768533333333333
2024-09-30_17-32-51_0001850,2.210986666666667,2.24512
2024-09-30_17-32-51_0001850,2.29632,2.364586666666667
2024-09-30_17-32-51_0001850,2.4029866666666666,2.4797866666666666
2024-09-30_17-32-51_0001850,2.5096533333333335,2.6632533333333335
2024-09-30_17-32-51_0001850,2.6973866666666666,2.7528533333333334
2024-09-30_17-32-51_0001850,2.791253333333333,3.072853333333333
2024-09-30_17-33-06_0001853,0.9992533333333333,1.1101866666666667
2024-09-30_17-33-06_0001853,1.13152,1.2936533333333333
2024-09-30_17-33-06_0001853,1.31072,1.3960533333333334
2024-09-30_17-33-06_0001853,1.4429866666666666,1.4941866666666668
2024-09-30_17-33-11_0001854,0.99072,1.42592
2024-09-30_17-33-35_0001859,0.9480533333333333,0.9864533333333333
2024-09-30_17-33-35_0001859,1.01632,1.16992
2024-09-30_17-33-35_0001859,1.18272,1.29792
2024-09-30_17-33-35_0001859,1.31072,1.4984533333333334
2024-09-30_17-33-35_0001859,1.52832,1.5837866666666667
2024-09-30_17-33-35_0001859,1.6520533333333334,1.6989866666666666
2024-09-30_17-33-35_0001859,1.7416533333333333,1.97632
2024-09-30_17-33-35_0001859,2.02752,2.1085866666666666
2024-09-30_17-33-35_0001859,2.1640533333333334,2.20672
2024-09-30_17-33-49_0001861,0.87552,0.9309866666666666
2024-09-30_17-33-49_0001861,0.96512,1.06752
2024-09-30_17-33-49_0001861,1.09312,1.2296533333333333
2024-09-30_17-33-49_0001861,1.2637866666666666,1.3405866666666666
2024-09-30_17-33-49_0001861,1.3917866666666667,1.4301866666666667
2024-09-30_17-34-04_0001863,0.96512,1.1144533333333333
2024-09-30_17-34-04_0001863,1.15712,1.2424533333333334
2024-09-30_17-34-04_0001863,1.28512,1.3448533333333332
2024-09-30_17-34-04_0001863,1.3789866666666666,1.5496533333333333
2024-09-30_17-34-04_0001863,1.57952,1.64352
2024-09-30_17-34-07_0001864,1.01632,1.6520533333333334
2024-09-30_17-34-11_0001865,0.97792,1.0504533333333332
2024-09-30_17-34-11_0001865,1.09312,1.3576533333333334
2024-09-30_17-34-11_0001865,1.3917866666666667,1.46432
2024-09-30_17-34-11_0001865,1.5069866666666667,1.56672
2024-09-30_17-34-11_0001865,2.06592,2.19392
2024-09-30_17-34-11_0001865,2.223786666666667,2.3688533333333335
2024-09-30_17-34-11_0001865,2.3944533333333333,2.6120533333333333
2024-09-30_17-34-11_0001865,2.658986666666667,2.7656533333333333
2024-09-30_17-34-11_0001865,2.8168533333333334,2.876586666666667
2024-09-30_17-34-11_0001865,3.149653333333333,3.2008533333333333
2024-09-30_17-34-11_0001865,3.2520533333333335,3.3501866666666666
2024-09-30_17-34-11_0001865,3.4056533333333334,3.465386666666667
2024-09-30_17-34-24_0001866,0.91392,0.97792
2024-09-30_17-34-24_0001866,0.9992533333333333,1.4941866666666668
2024-09-30_17-34-24_0001866,1.51552,1.64352
2024-09-30_17-34-24_0001866,1.6648533333333333,1.74592
2024-09-30_17-34-24_0001866,1.7757866666666666,2.0445866666666666
2024-09-30_17-34-24_0001866,2.0829866666666668,2.223786666666667
2024-09-30_17-34-24_0001866,2.24512,2.441386666666667
2024-09-30_17-34-24_0001866,2.47552,2.6888533333333333
2024-09-30_17-34-24_0001866,2.73152,2.9917866666666666
2024-09-30_17-34-24_0001866,3.0216533333333335,3.2093866666666666
2024-09-30_17-34-24_0001866,3.2349866666666665,3.4269866666666666
2024-09-30_17-34-24_0001866,3.49952,3.7213866666666666
2024-09-30_17-34-24_0001866,3.76832,3.96032
2024-09-30_17-34-24_0001866,4.0285866666666665,4.1224533333333335
2024-09-30_17-34-24_0001866,4.17792,4.2760533333333335
2024-09-30_17-34-24_0001866,5.248853333333333,5.31712
2024-09-30_17-34-24_0001866,5.372586666666667,5.479253333333333
2024-09-30_17-34-33_0001867,1.2040533333333334,1.3021866666666666
2024-09-30_17-34-33_0001867,1.34912,1.41312
2024-09-30_17-34-57_0001869,1.0120533333333332,1.1016533333333334
2024-09-30_17-34-57_0001869,1.13152,1.2296533333333333
2024-09-30_17-34-57_0001869,1.25952,1.3576533333333334
2024-09-30_17-34-57_0001869,1.38752,1.4856533333333333
2024-09-30_17-34-57_0001869,1.51552,1.5624533333333332
2024-09-30_17-34-57_0001869,1.5709866666666668,1.72032
2024-09-30_17-34-57_0001869,1.74592,1.9037866666666667
2024-09-30_17-34-57_0001869,1.92512,2.1640533333333334
2024-09-30_17-34-57_0001869,2.1981866666666665,2.4328533333333335
2024-09-30_17-34-57_0001869,2.48832,2.66752
2024-09-30_17-34-57_0001869,2.714453333333333,2.8253866666666667
2024-09-30_17-34-57_0001869,2.8808533333333335,2.9704533333333334
2024-09-30_17-35-11_0001872,1.9208533333333333,2.0317866666666666
2024-09-30_17-35-24_0001875,0.9864533333333333,1.0589866666666667
2024-09-30_17-35-24_0001875,1.1101866666666667,1.2637866666666666
2024-09-30_17-35-24_0001875,1.2936533333333333,1.4344533333333334
2024-09-30_17-35-24_0001875,1.46432,1.6264533333333333
2024-09-30_17-35-24_0001875,1.6520533333333334,1.7288533333333334
2024-09-30_17-35-24_0001875,1.75872,2.0317866666666666
2024-09-30_17-35-24_0001875,2.0957866666666667,2.1384533333333335
2024-09-30_17-35-27_0001876,1.0248533333333334,1.2509866666666667
2024-09-30_17-35-27_0001876,1.3021866666666666,1.5069866666666667
2024-09-30_17-35-27_0001876,1.5197866666666666,1.7416533333333333
2024-09-30_17-35-27_0001876,1.79712,1.84832
2024-09-30_17-35-27_0001876,1.88672,2.048853333333333
2024-09-30_17-35-27_0001876,2.07872,2.34752
2024-09-30_17-35-27_0001876,2.4072533333333332,2.4541866666666667
2024-09-30_17-35-27_0001876,2.51392,2.658986666666667
2024-09-30_17-35-27_0001876,2.7101866666666665,2.868053333333333
2024-09-30_17-35-27_0001876,2.9021866666666667,3.030186666666667
2024-09-30_17-35-27_0001876,3.05152,3.2861866666666666
2024-09-30_17-35-27_0001876,3.324586666666667,3.58912
2024-09-30_17-35-27_0001876,3.65312,3.8109866666666665
2024-09-30_17-35-27_0001876,3.879253333333333,4.02432
2024-09-30_17-35-43_0001877,0.9693866666666666,1.1741866666666667
2024-09-30_17-35-43_0001877,1.1869866666666666,1.3021866666666666
2024-09-30_17-35-43_0001877,1.3149866666666667,1.4685866666666667
2024-09-30_17-35-43_0001877,1.50272,1.6264533333333333
2024-09-30_17-35-43_0001877,1.6733866666666666,1.72032
2024-09-30_17-35-45_0001878,0.99072,1.14432
2024-09-30_17-35-45_0001878,1.1613866666666666,1.4301866666666667
2024-09-30_17-35-45_0001878,1.47712,1.54112
2024-09-30_17-36-22_0001885,1.0120533333333332,1.1229866666666666
2024-09-30_17-36-22_0001885,1.15712,1.2509866666666667
2024-09-30_17-36-22_0001885,1.28512,1.3789866666666666
2024-09-30_17-36-41_0001888,1.02912,1.1016533333333334
2024-09-30_17-36-41_0001888,1.1229866666666666,1.3661866666666667
2024-09-30_17-36-41_0001888,1.3960533333333334,1.5197866666666666
2024-09-30_17-36-41_0001888,1.5453866666666667,1.60512
2024-09-30_17-36-41_0001888,1.66912,1.7245866666666667
2024-09-30_17-36-41_0001888,1.75872,1.98912
2024-09-30_17-36-41_0001888,2.0189866666666667,2.16832
2024-09-30_17-36-41_0001888,2.1896533333333332,2.3816533333333334
2024-09-30_17-36-41_0001888,2.4285866666666664,2.7016533333333332
2024-09-30_17-36-41_0001888,2.7741866666666666,2.96192
2024-09-30_17-36-41_0001888,3.008853333333333,3.072853333333333
2024-09-30_17-36-41_0001888,3.149653333333333,3.1965866666666667
2024-09-30_17-36-51_0001889,0.97792,1.04192
2024-09-30_17-36-51_0001889,1.0717866666666667,1.5240533333333333
2024-09-30_17-36-51_0001889,1.5581866666666666,1.6136533333333334
2024-09-30_17-36-54_0001890,1.8440533333333333,1.92512
2024-09-30_17-36-54_0001890,1.93792,2.2536533333333333
2024-09-30_17-36-54_0001890,2.2920533333333335,2.4925866666666665
2024-09-30_17-36-54_0001890,2.5352533333333334,2.75712
2024-09-30_17-36-54_0001890,2.7869866666666665,2.94912
2024-09-30_17-36-54_0001890,3.0045866666666665,3.08992
2024-09-30_17-36-54_0001890,3.1325866666666666,3.2605866666666667
2024-09-30_17-36-54_0001890,3.311786666666667,3.44832
2024-09-30_17-36-54_0001890,3.4696533333333335,3.738453333333333
2024-09-30_17-36-54_0001890,3.7981866666666666,3.8536533333333334
2024-09-30_17-37-05_0001891,0.9437866666666667,1.05472
2024-09-30_17-37-05_0001891,1.0760533333333333,1.3533866666666667
2024-09-30_17-37-05_0001891,1.3789866666666666,1.42592
2024-09-30_17-37-22_0001892,0.9736533333333334,1.48992
2024-09-30_17-37-22_0001892,1.51552,1.6349866666666666
2024-09-30_17-37-22_0001892,1.6733866666666666,1.7245866666666667
2024-09-30_17-37-22_0001892,2.1768533333333333,2.28352
2024-09-30_17-37-22_0001892,2.300586666666667,2.52672
2024-09-30_17-37-22_0001892,2.56512,2.79552
2024-09-30_17-37-22_0001892,2.8381866666666666,3.0813866666666665
2024-09-30_17-37-22_0001892,3.14112,3.2605866666666667
2024-09-30_17-37-22_0001892,3.303253333333333,3.4952533333333333
2024-09-30_17-37-22_0001892,3.5293866666666664,3.6445866666666666
2024-09-30_17-37-27_0001893,0.9864533333333333,1.3277866666666667
2024-09-30_17-37-27_0001893,1.37472,1.4301866666666667
2024-09-30_17-37-39_0001894,0.9821866666666667,1.1485866666666666
2024-09-30_17-37-39_0001894,1.18272,1.2765866666666668
2024-09-30_17-37-39_0001894,1.31072,1.3960533333333334
2024-09-30_17-37-47_0001895,1.00352,1.10592
2024-09-30_17-37-47_0001895,1.11872,1.33632
2024-09-30_17-37-47_0001895,1.3832533333333332,1.43872
2024-09-30_17-38-29_0001897,0.9437866666666667,1.1613866666666666
2024-09-30_17-38-29_0001897,1.1912533333333333,1.2893866666666667
2024-09-30_17-38-29_0001897,1.3192533333333334,1.4173866666666666
2024-09-30_17-38-29_0001897,1.4472533333333333,1.5453866666666667
2024-09-30_17-38-29_0001897,1.5752533333333334,1.6733866666666666
2024-09-30_17-38-29_0001897,1.7032533333333333,1.8013866666666667
2024-09-30_17-38-29_0001897,1.8312533333333334,1.9293866666666666
2024-09-30_17-38-32_0001898,0.9821866666666667,1.0717866666666667
2024-09-30_17-38-32_0001898,1.1101866666666667,1.19552
2024-09-30_17-38-38_0001900,0.9864533333333333,1.1144533333333333
2024-09-30_17-38-38_0001900,1.1400533333333334,1.3917866666666667
2024-09-30_17-38-38_0001900,1.4173866666666666,1.59232
2024-09-30_17-38-38_0001900,1.64352,1.7288533333333334
2024-09-30_17-38-38_0001900,1.75872,1.8824533333333333
2024-09-30_17-38-38_0001900,1.9208533333333333,2.04032
2024-09-30_17-38-49_0001901,0.88832,0.9480533333333333
2024-09-30_17-38-49_0001901,0.9864533333333333,1.3789866666666666
2024-09-30_17-39-12_0001903,0.97792,1.08032
2024-09-30_17-39-12_0001903,1.1016533333333334,1.2125866666666667
2024-09-30_17-39-12_0001903,1.2296533333333333,1.3405866666666666
2024-09-30_17-39-12_0001903,1.3576533333333334,1.6136533333333334
2024-09-30_17-39-12_0001903,1.6349866666666666,1.7501866666666666
2024-09-30_17-39-12_0001903,1.77152,1.8952533333333332
2024-09-30_17-39-12_0001903,1.9165866666666667,2.01472
2024-09-30_17-39-12_0001903,2.02752,2.24512
2024-09-30_17-39-12_0001903,2.300586666666667,2.3560533333333336
2024-09-30_17-41-04_0001918,1.5837866666666667,1.63072
2024-09-30_17-41-54_0001923,1.01632,1.1357866666666667
2024-09-30_17-41-54_0001923,1.1613866666666666,1.4216533333333334
2024-09-30_17-41-54_0001923,1.4600533333333334,1.56672
2024-09-30_17-41-54_0001923,1.6221866666666667,1.6733866666666666
2024-09-30_17-41-56_0001924,1.0077866666666666,1.0973866666666667
2024-09-30_17-41-56_0001924,1.1485866666666666,1.2253866666666666
2024-09-30_17-41-56_0001924,1.2765866666666668,1.3533866666666667
2024-09-30_17-41-56_0001924,1.4045866666666667,1.4813866666666666
2024-09-30_17-41-56_0001924,1.5325866666666668,1.6093866666666667
2024-09-30_17-41-56_0001924,1.6605866666666667,1.7373866666666666
2024-09-30_17-41-56_0001924,1.7885866666666668,1.8653866666666667
2024-09-30_17-41-56_0001924,1.9165866666666667,1.9933866666666666
2024-09-30_17-41-56_0001924,2.2920533333333335,2.343253333333333
2024-09-30_17-41-56_0001924,2.3688533333333335,2.52672
2024-09-30_17-41-56_0001924,2.5565866666666666,2.75712
2024-09-30_17-41-56_0001924,2.8296533333333334,2.88512
2024-09-30_17-42-21_0001926,0.9821866666666667,1.1016533333333334
2024-09-30_17-42-21_0001926,1.1144533333333333,1.2296533333333333
2024-09-30_17-42-21_0001926,1.2424533333333334,1.3576533333333334
2024-09-30_17-42-21_0001926,1.3704533333333333,1.4856533333333333
2024-09-30_17-42-21_0001926,1.4984533333333334,1.6136533333333334
2024-09-30_17-42-21_0001926,1.6264533333333333,1.7416533333333333
2024-09-30_17-42-21_0001926,1.7544533333333334,1.8696533333333334
2024-09-30_17-42-21_0001926,1.8824533333333333,1.9293866666666666
2024-09-30_17-42-51_0001930,1.0589866666666667,1.0888533333333332
2024-09-30_17-43-05_0001934,1.0333866666666667,1.08032
2024-09-30_17-43-05_0001934,1.14432,1.2552533333333333
2024-09-30_17-43-05_0001934,1.3064533333333332,1.4813866666666666
2024-09-30_17-43-05_0001934,1.5240533333333333,1.6605866666666667
2024-09-30_17-43-05_0001934,1.7245866666666667,1.7629866666666667
2024-09-30_17-43-23_0001938,1.0205866666666668,1.0632533333333334
2024-09-30_17-43-23_0001938,1.1016533333333334,1.2125866666666667
2024-09-30_17-43-23_0001938,1.2296533333333333,1.4600533333333334
2024-09-30_17-44-06_0001947,2.05312,2.210986666666667
2024-09-30_17-44-06_0001947,2.21952,2.505386666666667
2024-09-30_17-44-06_0001947,2.53952,2.6845866666666667
2024-09-30_17-44-06_0001947,2.7016533333333332,2.85952
2024-09-30_17-44-06_0001947,2.876586666666667,3.08992
2024-09-30_17-44-06_0001947,3.1240533333333333,3.34592
2024-09-30_17-44-06_0001947,3.3928533333333335,3.61472
2024-09-30_17-44-06_0001947,3.66592,3.88352
2024-09-30_17-44-06_0001947,3.9304533333333334,4.1224533333333335
2024-09-30_17-44-06_0001947,4.148053333333333,4.212053333333333
2024-09-30_17-44-06_0001947,4.250453333333334,4.480853333333333
2024-09-30_17-44-06_0001947,4.514986666666666,4.911786666666667
2024-09-30_17-44-06_0001947,4.980053333333333,5.044053333333333
2024-09-30_17-44-06_0001947,5.504853333333333,5.743786666666667
2024-09-30_17-44-30_0001948,0.9992533333333333,1.0632533333333334
2024-09-30_17-44-30_0001948,1.11872,1.3661866666666667
2024-09-30_17-44-30_0001948,1.4472533333333333,1.48992
2024-09-30_17-44-35_0001949,0.9821866666666667,1.0504533333333332
2024-09-30_17-44-35_0001949,1.0973866666666667,1.5624533333333332
2024-09-30_17-44-49_0001950,1.0205866666666668,1.14432
2024-09-30_17-44-49_0001950,1.16992,1.27232
2024-09-30_17-44-49_0001950,1.29792,1.5197866666666666
2024-09-30_17-44-49_0001950,1.5624533333333332,1.60512
2024-09-30_17-44-56_0001952,0.9992533333333333,1.09312
2024-09-30_17-44-56_0001952,1.1101866666666667,1.19552
2024-09-30_17-44-56_0001952,1.2168533333333333,1.4941866666666668
2024-09-30_17-45-16_0001955,0.8669866666666667,0.95232
2024-09-30_17-45-16_0001955,0.9992533333333333,1.4813866666666666
2024-09-30_17-45-16_0001955,1.65632,1.73312
2024-09-30_17-45-16_0001955,1.74592,2.0104533333333334
2024-09-30_17-45-16_0001955,2.0445866666666666,2.2365866666666667
2024-09-30_17-45-16_0001955,2.2749866666666665,2.3816533333333334
2024-09-30_17-45-16_0001955,2.4285866666666664,2.5480533333333333
2024-09-30_17-45-16_0001955,2.5693866666666665,2.7613866666666667
2024-09-30_17-45-23_0001956,1.96352,2.06592
2024-09-30_17-45-23_0001956,2.0872533333333334,2.300586666666667
2024-09-30_17-45-23_0001956,2.343253333333333,2.4029866666666666
2024-09-30_17-45-41_0001958,1.0077866666666666,1.1400533333333334
2024-09-30_17-45-41_0001958,1.15712,1.36192
2024-09-30_17-45-41_0001958,1.3789866666666666,1.41312
2024-09-30_17-45-46_0001959,1.0205866666666668,1.1229866666666666
2024-09-30_17-45-46_0001959,1.14432,1.2509866666666667
2024-09-30_17-45-46_0001959,1.27232,1.3789866666666666
2024-09-30_17-45-46_0001959,1.45152,1.5453866666666667
2024-09-30_17-45-46_0001959,1.5752533333333334,1.8269866666666668
2024-09-30_17-45-46_0001959,1.8696533333333334,1.9165866666666667
2024-09-30_17-45-49_0001960,1.0504533333333332,1.0717866666666667
2024-09-30_17-47-11_0001966,0.88832,0.9224533333333333
2024-09-30_17-47-11_0001966,1.02912,1.0845866666666666
2024-09-30_17-47-57_0001973,0.8712533333333333,0.92672
2024-09-30_17-47-57_0001973,0.97792,1.0888533333333332
2024-09-30_17-47-57_0001973,1.1101866666666667,1.2168533333333333
2024-09-30_17-47-57_0001973,1.2381866666666668,1.3448533333333332
2024-09-30_17-47-57_0001973,1.3661866666666667,1.4813866666666666
2024-09-30_17-47-57_0001973,1.5368533333333334,1.6008533333333332
2024-09-30_17-47-57_0001973,1.65632,1.80992
2024-09-30_17-47-57_0001973,1.8568533333333332,1.9336533333333332
2024-09-30_17-47-57_0001973,1.9464533333333334,2.0829866666666668
2024-09-30_17-47-57_0001973,2.1085866666666666,2.30912
2024-09-30_17-47-57_0001973,2.343253333333333,2.505386666666667
2024-09-30_17-47-57_0001973,2.5693866666666665,2.62912
2024-09-30_17-48-13_0001977,2.00192,2.1384533333333335
2024-09-30_17-50-09_0001981,1.0077866666666666,1.14432
2024-09-30_17-50-09_0001981,1.1656533333333334,1.3533866666666667
2024-09-30_17-50-09_0001981,1.41312,1.4685866666666667
2024-09-30_17-50-09_0001981,1.52832,1.56672
2024-09-30_17-50-09_0001981,1.97632,2.1000533333333333
2024-09-30_17-50-09_0001981,2.1213866666666665,2.3261866666666666
2024-09-30_17-50-09_0001981,2.3901866666666667,2.4456533333333335
2024-09-30_17-50-13_0001982,1.0077866666666666,1.3832533333333332
2024-09-30_17-50-15_0001983,0.92672,1.1101866666666667
2024-09-30_17-50-16_0001984,1.0205866666666668,1.2296533333333333
2024-09-30_17-50-16_0001984,1.3064533333333332,1.34912
2024-09-30_17-51-27_0001991,0.9992533333333333,1.05472
2024-09-30_17-51-27_0001991,1.10592,1.2125866666666667
2024-09-30_17-51-27_0001991,1.2381866666666668,1.3149866666666667
2024-09-30_17-51-27_0001991,1.33632,1.43872
2024-09-30_17-51-27_0001991,1.4685866666666667,1.6392533333333332
2024-09-30_17-51-27_0001991,1.6605866666666667,1.9165866666666667
2024-09-30_17-51-27_0001991,1.95072,2.1085866666666666
2024-09-30_17-51-33_0001992,0.9992533333333333,1.10592
2024-09-30_17-51-33_0001992,1.1229866666666666,1.23392
2024-09-30_17-51-33_0001992,1.2509866666666667,1.4173866666666666
2024-09-30_17-51-33_0001992,1.43872,1.5112533333333333
2024-09-30_17-51-33_0001992,2.98752,3.06432
2024-09-30_17-51-33_0001992,3.085653333333333,3.1581866666666665
2024-09-30_17-51-33_0001992,3.17952,3.26912
2024-09-30_17-51-33_0001992,3.2904533333333332,3.3629866666666666
2024-09-30_17-51-33_0001992,3.380053333333333,3.46112
2024-09-30_17-51-33_0001992,3.4781866666666668,3.606186666666667
2024-09-30_17-51-33_0001992,3.66592,3.7256533333333333
2024-09-30_17-51-33_0001992,3.75552,3.80672
2024-09-30_17-51-33_0001992,4.8648533333333335,4.950186666666666
2024-09-30_17-51-33_0001992,5.005653333333333,5.120853333333334
2024-09-30_17-51-33_0001992,5.16352,5.210453333333334
2024-09-30_17-51-33_0001992,6.21312,6.375253333333333
2024-09-30_17-51-33_0001992,6.41792,6.46912
2024-09-30_17-52-05_0001996,0.9992533333333333,1.14432
2024-09-30_17-52-05_0001996,1.1656533333333334,1.27232
2024-09-30_17-52-05_0001996,1.2936533333333333,1.4173866666666666
2024-09-30_17-52-05_0001996,1.43872,1.4984533333333334
2024-09-30_17-52-05_0001996,1.60512,1.6605866666666667
2024-09-30_17-52-05_0001996,1.6989866666666666,1.7629866666666667
2024-09-30_17-52-05_0001996,1.8013866666666667,1.8568533333333332
2024-09-30_17-52-05_0001996,1.8696533333333334,1.9464533333333334
2024-09-30_17-52-05_0001996,1.9592533333333333,2.1128533333333333
2024-09-30_17-52-05_0001996,2.14272,2.2280533333333334
2024-09-30_17-52-05_0001996,2.2493866666666666,2.518186666666667
2024-09-30_17-52-05_0001996,2.5437866666666666,2.6120533333333333
2024-09-30_17-52-05_0001996,2.64192,2.69312
2024-09-30_17-52-05_0001996,3.00032,3.03872
2024-09-30_17-52-05_0001996,3.08992,3.162453333333333
2024-09-30_17-52-05_0001996,3.1880533333333334,3.2861866666666666
2024-09-30_17-52-05_0001996,3.33312,3.39712
2024-09-30_17-52-05_0001996,3.7128533333333333,3.7896533333333333
2024-09-30_17-52-25_0001997,1.0077866666666666,1.3917866666666667
2024-09-30_17-52-35_0001999,1.9592533333333333,2.146986666666667
2024-09-30_17-52-35_0001999,2.18112,2.2408533333333334
2024-09-30_17-52-47_0002003,0.9864533333333333,1.19552
2024-09-30_17-52-47_0002003,1.2424533333333334,1.29792
2024-09-30_17-53-07_0002004,0.9949866666666667,1.2424533333333334
2024-09-30_17-53-07_0002004,1.25952,1.46432
2024-09-30_17-53-07_0002004,1.4856533333333333,1.65632
2024-09-30_17-53-07_0002004,1.7288533333333334,1.84832
2024-09-30_17-53-07_0002004,1.88672,2.0104533333333334
2024-09-30_17-53-07_0002004,2.0360533333333333,2.14272
2024-09-30_17-53-07_0002004,2.1853866666666666,2.2749866666666665
2024-09-30_17-53-07_0002004,2.287786666666667,2.51392
2024-09-30_17-53-07_0002004,2.5480533333333333,2.791253333333333
2024-09-30_17-53-07_0002004,2.8381866666666666,3.030186666666667
2024-09-30_17-53-07_0002004,3.0813866666666665,3.16672
2024-09-30_17-53-25_0002006,0.95232,0.9992533333333333
2024-09-30_17-53-25_0002006,1.02912,1.1997866666666666
2024-09-30_17-53-25_0002006,1.2253866666666666,1.42592
2024-09-30_17-53-25_0002006,1.4856533333333333,1.55392
2024-09-30_17-53-58_0002010,0.9949866666666667,1.0589866666666667
2024-09-30_17-53-58_0002010,1.0888533333333332,1.27232
2024-09-30_17-53-58_0002010,1.31072,1.4557866666666666
2024-09-30_17-53-58_0002010,1.4813866666666666,1.57952
2024-09-30_17-53-58_0002010,1.6008533333333332,1.8568533333333332
2024-09-30_17-53-58_0002010,1.88672,1.96352
2024-09-30_17-53-58_0002010,2.0104533333333334,2.048853333333333
2024-09-30_17-54-04_0002011,1.0120533333333332,1.1357866666666667
2024-09-30_17-54-04_0002011,1.15712,1.2637866666666666
2024-09-30_17-54-04_0002011,1.28512,1.4045866666666667
2024-09-30_17-54-04_0002011,1.43872,1.4984533333333334
2024-09-30_17-54-04_0002011,1.55392,1.6093866666666667
2024-09-30_17-54-17_0002012,1.0120533333333332,1.06752
2024-09-30_17-54-17_0002012,1.0973866666666667,1.4472533333333333
2024-09-30_17-54-21_0002013,0.99072,1.1528533333333333
2024-09-30_17-54-21_0002013,1.1741866666666667,1.2808533333333334
2024-09-30_17-54-21_0002013,1.3021866666666666,1.40032
2024-09-30_17-54-41_0002016,0.9565866666666667,1.0248533333333334
2024-09-30_17-54-41_0002016,1.0461866666666666,1.5965866666666666
2024-09-30_17-54-41_0002016,1.6392533333333332,1.8440533333333333
2024-09-30_17-54-41_0002016,1.8824533333333333,2.11712
2024-09-30_17-54-41_0002016,2.1725866666666667,2.3133866666666667
2024-09-30_17-54-41_0002016,2.3816533333333334,2.46272
2024-09-30_17-54-41_0002016,2.496853333333333,2.74432
2024-09-30_17-55-15_0002020,0.9821866666666667,1.3832533333333332
2024-09-30_17-55-15_0002020,1.4984533333333334,1.55392
2024-09-30_17-55-15_0002020,1.6136533333333334,1.7032533333333333
2024-09-30_17-55-19_0002021,0.51712,0.55552
2024-09-30_17-55-19_0002021,1.0120533333333332,1.1613866666666666
2024-09-30_17-55-19_0002021,1.19552,1.2296533333333333
2024-09-30_17-55-19_0002021,1.2808533333333334,1.3149866666666667
2024-09-30_17-56-03_0002027,1.01632,1.3789866666666666
2024-09-30_17-56-05_0002028,0.76032,0.8285866666666667
2024-09-30_17-56-05_0002028,0.8840533333333334,0.9693866666666666
2024-09-30_17-56-05_0002028,1.00352,1.1656533333333334
2024-09-30_17-56-05_0002028,1.19552,1.2936533333333333
2024-09-30_17-56-05_0002028,1.32352,1.37472
2024-09-30_17-56-27_0002032,0.9096533333333333,0.9437866666666667
2024-09-30_17-56-27_0002032,1.00352,1.1357866666666667
2024-09-30_17-56-27_0002032,1.1613866666666666,1.2637866666666666
2024-09-30_17-56-27_0002032,1.2893866666666667,1.3917866666666667
2024-09-30_17-56-35_0002034,0.9693866666666666,1.0845866666666666
2024-09-30_17-56-35_0002034,1.1101866666666667,1.2125866666666667
2024-09-30_17-56-35_0002034,1.2381866666666668,1.3405866666666666
2024-09-30_17-56-42_0002035,1.0248533333333334,1.2680533333333333
2024-09-30_17-56-42_0002035,1.3405866666666666,1.3832533333333332
2024-09-30_17-57-09_0002038,2.496853333333333,2.5864533333333335
2024-09-30_17-58-01_0002045,1.0205866666666668,1.1528533333333333
2024-09-30_17-58-01_0002045,1.1784533333333334,1.2509866666666667
2024-09-30_17-58-01_0002045,1.28512,1.3576533333333334
2024-09-30_17-58-01_0002045,1.3832533333333332,1.5240533333333333
2024-09-30_17-58-01_0002045,1.5453866666666667,1.7629866666666667
2024-09-30_17-58-01_0002045,1.7928533333333334,1.84832
2024-09-30_17-58-06_0002046,0.97792,1.04192
2024-09-30_17-58-06_0002046,1.2253866666666666,1.2680533333333333
2024-09-30_17-58-19_0002047,1.0205866666666668,1.1528533333333333
2024-09-30_17-58-19_0002047,1.16992,1.2808533333333334
2024-09-30_17-58-19_0002047,1.29792,1.4600533333333334
2024-09-30_17-58-19_0002047,1.48992,1.68192
2024-09-30_17-58-19_0002047,1.7117866666666666,1.9165866666666667
2024-09-30_17-58-19_0002047,1.9805866666666667,2.1384533333333335
2024-09-30_17-58-19_0002047,2.18112,2.29632
2024-09-30_17-59-52_0002054,0.97792,1.1613866666666666
2024-09-30_17-59-52_0002054,1.1869866666666666,1.3704533333333333
2024-09-30_17-59-52_0002054,1.4216533333333334,1.4856533333333333
2024-09-30_18-00-19_0002059,0.9949866666666667,1.2040533333333334
2024-09-30_18-00-19_0002059,1.23392,1.45152
2024-09-30_18-00-19_0002059,1.4941866666666668,1.6477866666666667
2024-09-30_18-00-19_0002059,1.70752,1.7501866666666666
2024-09-30_18-00-21_0002060,1.0248533333333334,1.10592
2024-09-30_18-00-21_0002060,1.1485866666666666,1.2040533333333334
2024-09-30_18-00-34_0002063,1.00352,1.19552
2024-09-30_18-00-34_0002063,1.22112,1.38752
2024-09-30_18-00-41_0002064,0.9821866666666667,1.0888533333333332
2024-09-30_18-00-41_0002064,1.10592,1.2168533333333333
2024-09-30_18-00-41_0002064,1.23392,1.4045866666666667
2024-09-30_18-00-41_0002064,1.4685866666666667,1.5325866666666668
2024-09-30_18-00-51_0002066,1.0120533333333332,1.1272533333333334
2024-09-30_18-00-51_0002066,1.1485866666666666,1.2552533333333333
2024-09-30_18-00-51_0002066,1.2765866666666668,1.3832533333333332
2024-09-30_18-00-51_0002066,1.4045866666666667,1.45152
2024-09-30_18-00-58_0002067,1.0205866666666668,1.09312
2024-09-30_18-00-58_0002067,1.11872,1.22112
2024-09-30_18-00-58_0002067,1.24672,1.34912
2024-09-30_18-00-58_0002067,1.37472,1.4301866666666667
2024-09-30_18-00-58_0002067,1.46432,1.5709866666666668
2024-09-30_18-00-58_0002067,1.6008533333333332,1.6776533333333334
2024-09-30_18-00-58_0002067,1.7032533333333333,1.8696533333333334
2024-09-30_18-01-00_0002068,1.7544533333333334,1.80992
2024-09-30_18-01-00_0002068,1.8269866666666668,1.9549866666666667
2024-09-30_18-01-00_0002068,1.97632,2.05312
2024-09-30_18-01-00_0002068,2.1085866666666666,2.1384533333333335
2024-09-30_18-01-27_0002073,2.48832,2.56512
2024-09-30_18-01-29_0002074,1.0376533333333333,1.0845866666666666
2024-09-30_18-01-29_0002074,1.1741866666666667,1.2125866666666667
2024-09-30_18-01-29_0002074,1.3021866666666666,1.3405866666666666
2024-09-30_18-01-29_0002074,1.4301866666666667,1.4685866666666667
2024-09-30_18-01-29_0002074,1.5581866666666666,1.5965866666666666
2024-09-30_18-01-29_0002074,1.6861866666666667,1.7245866666666667
2024-09-30_18-01-29_0002074,1.8141866666666666,1.8525866666666666
2024-09-30_18-01-29_0002074,1.9421866666666667,1.9805866666666667
2024-09-30_18-01-29_0002074,2.070186666666667,2.1085866666666666
2024-09-30_18-01-59_0002077,0.9864533333333333,1.05472
2024-09-30_18-01-59_0002077,1.0845866666666666,1.2936533333333333
2024-09-30_18-01-59_0002077,1.3320533333333333,1.4685866666666667
2024-09-30_18-01-59_0002077,1.4984533333333334,1.6008533333333332
2024-09-30_18-01-59_0002077,1.6221866666666667,1.8824533333333333
2024-09-30_18-01-59_0002077,1.9208533333333333,2.0445866666666666
2024-09-30_18-01-59_0002077,2.06592,2.33472
2024-09-30_18-01-59_0002077,2.3688533333333335,2.5864533333333335
2024-09-30_18-01-59_0002077,2.6248533333333333,2.6717866666666668
2024-09-30_18-02-02_0002078,0.7517866666666667,0.7944533333333333
2024-09-30_18-02-02_0002078,0.8925866666666666,0.9352533333333334
2024-09-30_18-02-02_0002078,0.99072,1.0760533333333333
2024-09-30_18-02-02_0002078,1.1016533333333334,1.1741866666666667
2024-09-30_18-02-02_0002078,1.2253866666666666,1.5197866666666666
2024-09-30_18-02-02_0002078,1.5581866666666666,1.6136533333333334
2024-09-30_18-02-02_0002078,1.6477866666666667,1.6989866666666666
2024-09-30_18-02-02_0002078,1.78432,1.8269866666666668
2024-09-30_18-02-02_0002078,1.88672,1.9336533333333332
2024-09-30_18-02-02_0002078,1.97632,2.0189866666666667
2024-09-30_18-02-02_0002078,2.0957866666666667,2.1384533333333335
2024-09-30_18-02-02_0002078,2.1853866666666666,2.25792
2024-09-30_18-02-02_0002078,2.287786666666667,2.3688533333333335
2024-09-30_18-02-02_0002078,2.39872,2.6248533333333333
2024-09-30_18-02-02_0002078,2.6504533333333335,2.78272
2024-09-30_18-02-02_0002078,2.85952,2.9192533333333333
2024-09-30_18-03-02_0002089,1.0120533333333332,1.09312
2024-09-30_18-03-02_0002089,1.1357866666666667,1.22112
2024-09-30_18-03-02_0002089,1.2637866666666666,1.34912
2024-09-30_18-03-02_0002089,1.3789866666666666,1.5581866666666666
2024-09-30_18-03-12_0002090,0.9352533333333334,0.97792
2024-09-30_18-03-12_0002090,1.0120533333333332,1.3917866666666667
2024-09-30_18-03-19_0002091,1.0120533333333332,1.14432
2024-09-30_18-03-19_0002091,1.1997866666666666,1.2424533333333334
2024-09-30_18-03-19_0002091,1.3064533333333332,1.3832533333333332
2024-09-30_18-03-22_0002092,0.8200533333333333,0.97792
2024-09-30_18-03-22_0002092,1.0205866666666668,1.13152
2024-09-30_18-03-22_0002092,1.15712,1.25952
2024-09-30_18-03-22_0002092,1.28512,1.3789866666666666
2024-09-30_18-03-22_0002092,1.6477866666666667,1.6904533333333334
2024-09-30_18-03-22_0002092,2.006186666666667,2.06592
2024-09-30_18-03-22_0002092,2.07872,2.1725866666666667
2024-09-30_18-03-22_0002092,2.1981866666666665,2.37312
2024-09-30_18-03-22_0002092,2.38592,2.55232
2024-09-30_18-03-22_0002092,2.5693866666666665,2.778453333333333
2024-09-30_18-03-22_0002092,2.8168533333333334,2.9960533333333332
2024-09-30_18-03-22_0002092,3.0472533333333334,3.20512
2024-09-30_18-03-22_0002092,3.2349866666666665,3.4312533333333333
2024-09-30_18-03-22_0002092,3.4781866666666668,3.55072
2024-09-30_18-03-22_0002092,3.5933866666666665,3.7341866666666665
2024-09-30_18-03-22_0002092,3.76832,3.836586666666667
2024-09-30_18-03-22_0002092,3.88352,3.96032
2024-09-30_18-03-43_0002094,1.0077866666666666,1.1613866666666666
2024-09-30_18-03-43_0002094,1.18272,1.2893866666666667
2024-09-30_18-03-43_0002094,1.31072,1.3917866666666667
2024-09-30_18-03-43_0002094,1.4173866666666666,1.55392
2024-09-30_18-03-43_0002094,1.5837866666666667,1.73312
2024-09-30_18-03-43_0002094,1.75872,2.006186666666667
2024-09-30_18-03-43_0002094,2.05312,2.125653333333333
2024-09-30_18-03-43_0002094,2.1981866666666665,2.2749866666666665
2024-09-30_18-03-43_0002094,2.3176533333333333,2.4669866666666667
2024-09-30_18-03-43_0002094,2.4925866666666665,2.6717866666666668
2024-09-30_18-03-43_0002094,2.735786666666667,2.8040533333333335
2024-09-30_18-03-43_0002094,2.8424533333333333,2.8893866666666668
2024-09-30_18-03-47_0002096,1.13152,1.1869866666666666
2024-09-30_18-04-27_0002103,1.0120533333333332,1.16992
2024-09-30_18-04-27_0002103,1.1869866666666666,1.3789866666666666
2024-09-30_18-04-27_0002103,1.41312,1.57952
2024-09-30_18-04-27_0002103,1.61792,1.7245866666666667
2024-09-30_18-04-27_0002103,1.7544533333333334,1.8141866666666666
2024-09-30_18-04-27_0002103,1.8952533333333332,1.9933866666666666
2024-09-30_18-04-27_0002103,2.0189866666666667,2.0872533333333334
2024-09-30_18-04-27_0002103,2.125653333333333,2.3048533333333334
2024-09-30_18-04-27_0002103,2.36032,2.42432
2024-09-30_18-04-40_0002105,0.9949866666666667,1.0760533333333333
2024-09-30_18-04-40_0002105,1.0973866666666667,1.2424533333333334
2024-09-30_18-04-40_0002105,1.2552533333333333,1.51552
2024-09-30_18-04-40_0002105,1.5325866666666668,1.61792
2024-09-30_18-04-40_0002105,2.3517866666666665,2.4797866666666666
2024-09-30_18-04-40_0002105,2.496853333333333,2.7272533333333335
2024-09-30_18-04-40_0002105,2.75712,2.87232
2024-09-30_18-04-40_0002105,2.9021866666666667,3.1965866666666667
2024-09-30_18-04-40_0002105,3.226453333333333,3.3373866666666667
2024-09-30_18-04-40_0002105,3.3757866666666665,3.49952
2024-09-30_18-04-40_0002105,3.57632,3.6317866666666667
2024-09-30_18-04-47_0002106,0.9992533333333333,1.3832533333333332
2024-09-30_18-04-47_0002106,1.4045866666666667,1.47712
2024-09-30_18-04-47_0002106,1.5496533333333333,1.5965866666666666
2024-09-30_18-05-07_0002108,0.99072,1.1656533333333334
2024-09-30_18-05-07_0002108,1.19552,1.4301866666666667
2024-09-30_18-05-07_0002108,1.4600533333333334,1.5624533333333332
2024-09-30_18-05-07_0002108,1.59232,1.72032
2024-09-30_18-05-07_0002108,1.7501866666666666,1.8269866666666668
2024-09-30_18-05-07_0002108,1.8525866666666666,1.9293866666666666
2024-09-30_18-05-07_0002108,1.95072,2.1000533333333333
2024-09-30_18-05-07_0002108,2.125653333333333,2.223786666666667
2024-09-30_18-05-07_0002108,2.24512,2.4456533333333335
2024-09-30_18-05-07_0002108,2.4712533333333333,2.5309866666666667
2024-09-30_18-05-09_0002109,1.0120533333333332,1.13152
2024-09-30_18-05-09_0002109,1.1400533333333334,1.25952
2024-09-30_18-05-09_0002109,1.2680533333333333,1.38752
2024-09-30_18-05-09_0002109,1.3960533333333334,1.51552
2024-09-30_18-05-09_0002109,1.5240533333333333,1.64352
2024-09-30_18-05-09_0002109,1.6520533333333334,1.77152
2024-09-30_18-05-09_0002109,1.7800533333333333,1.89952
2024-09-30_18-05-09_0002109,1.9080533333333334,2.061653333333333
2024-09-30_18-05-25_0002111,0.91392,0.9480533333333333
2024-09-30_18-05-25_0002111,0.9992533333333333,1.1357866666666667
2024-09-30_18-05-25_0002111,1.1613866666666666,1.2637866666666666
2024-09-30_18-05-25_0002111,1.2893866666666667,1.4600533333333334
2024-09-30_18-05-25_0002111,1.47712,1.69472
2024-09-30_18-05-25_0002111,1.7160533333333334,2.1000533333333333
2024-09-30_18-05-25_0002111,2.12992,2.287786666666667
2024-09-30_18-05-25_0002111,2.30912,2.37312
2024-09-30_18-05-25_0002111,2.4072533333333332,2.4925866666666665
2024-09-30_18-05-25_0002111,2.5096533333333335,2.60352
2024-09-30_18-05-25_0002111,2.6205866666666666,2.75712
2024-09-30_18-05-25_0002111,2.79552,2.8637866666666665
2024-09-30_18-05-25_0002111,2.9064533333333333,2.9661866666666667
2024-09-30_18-05-25_0002111,3.106986666666667,3.149653333333333
2024-09-30_18-05-25_0002111,3.170986666666667,3.2605866666666667
2024-09-30_18-05-25_0002111,3.2989866666666665,3.34592
2024-09-30_18-05-25_0002111,3.4952533333333333,3.5592533333333334
2024-09-30_18-05-25_0002111,3.6104533333333335,3.69152
2024-09-30_18-05-25_0002111,3.72992,3.8024533333333332
2024-09-30_18-08-33_0002120,1.0205866666666668,1.11872
2024-09-30_18-08-33_0002120,1.1485866666666666,1.24672
2024-09-30_18-08-33_0002120,1.2765866666666668,1.37472
2024-09-30_18-08-33_0002120,1.4045866666666667,1.50272
2024-09-30_18-08-33_0002120,1.5325866666666668,1.64352
2024-09-30_18-08-33_0002120,1.6733866666666666,1.8269866666666668
2024-09-30_18-08-33_0002120,1.8568533333333332,1.95072
2024-09-30_18-08-33_0002120,2.00192,2.1768533333333333
2024-09-30_18-08-33_0002120,2.20672,2.39872
2024-09-30_18-08-37_0002121,1.0248533333333334,1.15712
2024-09-30_18-08-37_0002121,1.1912533333333333,1.36192
2024-09-30_18-08-51_0002123,0.9821866666666667,1.2125866666666667
2024-09-30_18-08-51_0002123,1.2509866666666667,1.4301866666666667
2024-09-30_18-08-51_0002123,1.4557866666666666,1.59232
2024-09-30_18-08-51_0002123,1.61792,1.72032
2024-09-30_18-08-51_0002123,1.74592,1.8056533333333333
2024-09-30_18-08-51_0002123,1.82272,1.9336533333333332
2024-09-30_18-08-51_0002123,1.95072,2.006186666666667
2024-09-30_18-08-51_0002123,2.02752,2.07872
2024-09-30_18-08-51_0002123,2.11712,2.1597866666666667
2024-09-30_18-08-51_0002123,2.19392,2.25792
2024-09-30_18-08-51_0002123,2.287786666666667,2.3816533333333334
2024-09-30_18-08-51_0002123,2.4029866666666666,2.4712533333333333
2024-09-30_18-09-16_0002126,1.75872,1.9464533333333334
2024-09-30_18-09-16_0002126,1.96352,2.12992
2024-09-30_18-10-28_0002132,1.01632,1.2125866666666667
2024-09-30_18-10-28_0002132,1.2296533333333333,1.3789866666666666
2024-09-30_18-10-28_0002132,1.3917866666666667,1.4984533333333334
2024-09-30_18-10-28_0002132,1.51552,1.9165866666666667
2024-09-30_18-10-28_0002132,1.93792,2.01472
2024-09-30_18-10-28_0002132,2.0360533333333333,2.1085866666666666
2024-09-30_18-10-28_0002132,2.14272,2.23232
2024-09-30_18-10-28_0002132,2.2621866666666666,2.34752
2024-09-30_18-10-28_0002132,2.38592,2.441386666666667
2024-09-30_18-10-28_0002132,3.16672,3.2349866666666665
2024-09-30_18-10-28_0002132,3.30752,3.3629866666666666
2024-09-30_18-10-28_0002132,3.38432,3.48672
2024-09-30_18-10-28_0002132,3.5293866666666664,3.62752
2024-09-30_18-10-32_0002133,0.83712,1.0376533333333333
2024-09-30_18-10-32_0002133,2.00192,2.070186666666667
2024-09-30_18-10-32_0002133,2.1000533333333333,2.3261866666666666
2024-09-30_18-10-32_0002133,2.3560533333333336,2.5864533333333335
2024-09-30_18-10-32_0002133,2.6248533333333333,2.6888533333333333
2024-09-30_18-10-36_0002134,1.41312,1.63072
2024-09-30_18-10-36_0002134,1.64352,1.88672
2024-09-30_18-10-36_0002134,1.9037866666666667,2.0189866666666667
2024-09-30_18-10-36_0002134,2.04032,2.1000533333333333
2024-09-30_18-10-36_0002134,2.1512533333333335,2.2152533333333335
2024-09-30_18-10-56_0002135,1.00352,1.1101866666666667
2024-09-30_18-10-56_0002135,1.1528533333333333,1.3448533333333332
2024-09-30_18-10-56_0002135,1.3789866666666666,1.4557866666666666
2024-09-30_18-10-56_0002135,1.4941866666666668,1.54112
2024-09-30_18-11-10_0002136,0.9864533333333333,1.1400533333333334
2024-09-30_18-11-10_0002136,1.1656533333333334,1.2680533333333333
2024-09-30_18-11-10_0002136,1.2936533333333333,1.4856533333333333
2024-09-30_18-11-10_0002136,1.5112533333333333,1.5496533333333333
2024-09-30_18-11-13_0002137,1.00352,1.08032
2024-09-30_18-11-13_0002137,1.1357866666666667,1.2509866666666667
2024-09-30_18-11-15_0002138,0.84992,0.8925866666666666
2024-09-30_18-11-15_0002138,0.92672,0.9949866666666667
2024-09-30_18-11-15_0002138,1.0120533333333332,1.50272
2024-09-30_18-11-15_0002138,1.51552,1.7416533333333333
2024-09-30_18-11-15_0002138,1.77152,1.8824533333333333
2024-09-30_18-11-15_0002138,1.92512,2.00192
2024-09-30_18-11-15_0002138,2.07872,2.1213866666666665
2024-09-30_18-11-15_0002138,2.5224533333333334,2.6333866666666665
2024-09-30_18-11-15_0002138,2.6504533333333335,2.84672
2024-09-30_18-11-15_0002138,2.87232,2.9661866666666667
2024-09-30_18-11-15_0002138,3.0344533333333334,3.0813866666666665
2024-09-30_18-11-42_0002140,1.0120533333333332,1.1997866666666666
2024-09-30_18-11-42_0002140,1.2253866666666666,1.3917866666666667
2024-09-30_18-11-42_0002140,1.4344533333333334,1.6392533333333332
2024-09-30_18-11-42_0002140,1.7032533333333333,1.84832
2024-09-30_18-11-42_0002140,1.9037866666666667,2.146986666666667
2024-09-30_18-11-42_0002140,2.1768533333333333,2.43712
2024-09-30_18-11-42_0002140,2.4840533333333332,2.5437866666666666
2024-09-30_18-11-42_0002140,3.37152,3.4141866666666667
2024-09-30_18-11-54_0002141,0.8797866666666667,0.9352533333333334
2024-09-30_18-11-54_0002141,0.97792,1.0589866666666667
2024-09-30_18-11-54_0002141,1.08032,1.4472533333333333
2024-09-30_18-11-54_0002141,1.4728533333333333,1.6477866666666667
2024-09-30_18-11-54_0002141,1.66912,1.78432
2024-09-30_18-11-54_0002141,1.79712,1.93792
2024-09-30_18-11-54_0002141,1.9549866666666667,2.1853866666666666
2024-09-30_18-11-54_0002141,2.210986666666667,2.2920533333333335
2024-09-30_18-11-54_0002141,2.32192,2.4029866666666666
2024-09-30_18-11-54_0002141,2.44992,2.5224533333333334
2024-09-30_18-12-33_0002146,0.9949866666666667,1.0632533333333334
2024-09-30_18-12-33_0002146,1.09312,1.1869866666666666
2024-09-30_18-12-33_0002146,1.2040533333333334,1.50272
2024-09-30_18-12-33_0002146,1.5197866666666666,1.74592
2024-09-30_18-12-33_0002146,1.7672533333333333,2.04032
2024-09-30_18-12-33_0002146,2.0829866666666668,2.287786666666667
2024-09-30_18-12-33_0002146,2.3133866666666667,2.4797866666666666
2024-09-30_18-12-33_0002146,2.50112,2.6973866666666666
2024-09-30_18-12-33_0002146,2.7272533333333335,2.88512
2024-09-30_18-12-33_0002146,2.92352,3.0429866666666667
2024-09-30_18-12-33_0002146,3.072853333333333,3.1837866666666668
2024-09-30_18-12-40_0002148,0.97792,1.06752
2024-09-30_18-12-40_0002148,1.0888533333333332,1.20832
2024-09-30_18-12-40_0002148,1.2168533333333333,1.33632
2024-09-30_18-12-40_0002148,1.3448533333333332,1.3960533333333334
2024-09-30_18-12-40_0002148,1.4216533333333334,1.60512
2024-09-30_18-12-40_0002148,1.6136533333333334,1.8312533333333334
2024-09-30_18-12-40_0002148,1.8568533333333332,2.06592
2024-09-30_18-12-40_0002148,2.10432,2.30912
2024-09-30_18-12-40_0002148,2.3304533333333333,2.505386666666667
2024-09-30_18-12-40_0002148,2.52672,2.6205866666666666
2024-09-30_18-12-40_0002148,2.658986666666667,2.84672
2024-09-30_18-12-40_0002148,2.8808533333333335,3.0557866666666667
2024-09-30_18-12-40_0002148,3.0813866666666665,3.2776533333333333
2024-09-30_18-12-40_0002148,3.311786666666667,3.7085866666666667
2024-09-30_18-12-40_0002148,3.7341866666666665,3.90912
2024-09-30_18-13-32_0002153,0.99072,1.1229866666666666
2024-09-30_18-13-32_0002153,1.1528533333333333,1.2509866666666667
2024-09-30_18-13-32_0002153,1.2808533333333334,1.4941866666666668
2024-09-30_18-13-32_0002153,1.5368533333333334,1.5752533333333334
2024-09-30_18-14-18_0002160,1.0077866666666666,1.1485866666666666
2024-09-30_18-14-18_0002160,1.1741866666666667,1.2808533333333334
2024-09-30_18-14-18_0002160,1.3064533333333332,1.4301866666666667
2024-09-30_18-14-18_0002160,1.4557866666666666,1.6093866666666667
2024-09-30_18-14-18_0002160,1.64352,1.88672
2024-09-30_18-14-18_0002160,1.9208533333333333,2.05312
2024-09-30_18-14-18_0002160,2.0744533333333335,2.1597866666666667
2024-09-30_18-14-18_0002160,2.19392,2.25792
2024-09-30_18-14-18_0002160,2.3901866666666667,2.4584533333333334
2024-09-30_18-14-18_0002160,2.4925866666666665,2.52672
2024-09-30_18-14-18_0002160,2.73152,2.791253333333333
2024-09-30_18-14-18_0002160,2.8893866666666668,3.00032
2024-09-30_18-14-18_0002160,3.017386666666667,3.07712
2024-09-30_18-14-18_0002160,3.1112533333333334,3.2136533333333333
2024-09-30_18-14-18_0002160,3.226453333333333,3.4141866666666667
2024-09-30_18-14-18_0002160,3.44832,3.5293866666666664
2024-09-30_18-14-26_0002161,1.50272,1.60512
2024-09-30_18-14-26_0002161,1.63072,1.7160533333333334
2024-09-30_18-14-26_0002161,1.7672533333333333,1.8141866666666666
2024-09-30_18-14-41_0002164,0.9224533333333333,0.9693866666666666
2024-09-30_18-14-41_0002164,0.9949866666666667,1.23392
2024-09-30_18-14-41_0002164,1.25952,1.3277866666666667
2024-09-30_18-14-41_0002164,1.3533866666666667,1.42592
2024-09-30_18-14-41_0002164,1.45152,1.5368533333333334
2024-09-30_18-14-41_0002164,1.55392,1.7160533333333334
2024-09-30_18-14-41_0002164,1.7288533333333334,1.8781866666666667
2024-09-30_18-14-41_0002164,1.9165866666666667,1.9805866666666667
2024-09-30_18-14-41_0002164,2.0232533333333333,2.06592
2024-09-30_18-15-05_0002167,1.0120533333333332,1.2125866666666667
2024-09-30_18-15-05_0002167,1.2424533333333334,1.50272
2024-09-30_18-15-05_0002167,1.5325866666666668,1.7416533333333333
2024-09-30_18-15-05_0002167,1.7757866666666666,1.96352
2024-09-30_18-15-05_0002167,1.9805866666666667,2.25792
2024-09-30_18-15-05_0002167,2.2920533333333335,2.441386666666667
2024-09-30_18-15-05_0002167,2.4712533333333333,2.5565866666666666
2024-09-30_18-15-05_0002167,2.5864533333333335,2.68032
2024-09-30_18-15-05_0002167,2.714453333333333,2.8509866666666666
2024-09-30_18-15-05_0002167,2.868053333333333,3.01312
2024-09-30_18-15-05_0002167,3.0429866666666667,3.12832
2024-09-30_18-15-05_0002167,3.1581866666666665,3.247786666666667
2024-09-30_18-15-10_0002168,0.9821866666666667,1.0973866666666667
2024-09-30_18-15-10_0002168,1.1272533333333334,1.2296533333333333
2024-09-30_18-15-10_0002168,1.2552533333333333,1.3448533333333332
2024-09-30_18-15-14_0002170,0.9821866666666667,1.13152
2024-09-30_18-15-14_0002170,1.24672,1.2893866666666667
2024-09-30_18-15-17_0002171,0.8925866666666666,0.93952
2024-09-30_18-15-17_0002171,0.9821866666666667,1.14432
2024-09-30_18-15-17_0002171,1.1656533333333334,1.3704533333333333
2024-09-30_18-15-17_0002171,1.41312,1.6520533333333334
2024-09-30_18-15-17_0002171,1.6989866666666666,1.8397866666666667
2024-09-30_18-15-17_0002171,1.8653866666666667,2.07872
2024-09-30_18-15-17_0002171,2.1085866666666666,2.28352
2024-09-30_18-15-17_0002171,2.32192,2.496853333333333
2024-09-30_18-15-17_0002171,2.560853333333333,2.61632
2024-09-30_18-15-17_0002171,2.6760533333333334,2.7656533333333333
2024-09-30_18-15-17_0002171,2.8040533333333335,2.876586666666667
2024-09-30_18-15-17_0002171,2.9277866666666665,2.97472
2024-09-30_18-15-17_0002171,3.05152,3.106986666666667
2024-09-30_18-15-17_0002171,3.170986666666667,3.2349866666666665
2024-09-30_18-15-17_0002171,3.2648533333333334,3.5037866666666666
2024-09-30_18-15-17_0002171,3.5293866666666664,3.69152
2024-09-30_18-15-17_0002171,3.71712,3.8621866666666667
2024-09-30_18-15-17_0002171,3.88352,4.066986666666667
2024-09-30_18-15-17_0002171,4.10112,4.21632
2024-09-30_18-15-17_0002171,4.25472,4.31872
2024-09-30_18-15-17_0002171,4.38272,4.43392
2024-09-30_18-15-17_0002171,4.476586666666667,4.540586666666667
2024-09-30_18-15-17_0002171,4.56192,4.719786666666667
2024-09-30_18-15-17_0002171,4.84352,4.89472
2024-09-30_18-15-17_0002171,4.9288533333333335,5.09952
2024-09-30_18-15-17_0002171,5.34272,5.415253333333333
2024-09-30_18-15-17_0002171,5.462186666666667,5.500586666666667
2024-09-30_18-15-17_0002171,5.513386666666666,5.56032
2024-09-30_18-15-17_0002171,5.620053333333333,5.799253333333334
2024-09-30_18-15-17_0002171,5.84192,5.91872
2024-09-30_18-15-17_0002171,6.554453333333333,6.614186666666667
2024-09-30_18-15-34_0002172,0.9864533333333333,1.3661866666666667
2024-09-30_18-15-41_0002173,0.97792,1.2125866666666667
2024-09-30_18-15-41_0002173,1.25952,1.3448533333333332
2024-09-30_18-15-41_0002173,1.37472,1.42592
2024-09-30_18-15-41_0002173,1.47712,1.52832
2024-09-30_18-16-22_0002178,1.69472,1.77152
2024-09-30_18-16-22_0002178,1.80992,1.9293866666666666
2024-09-30_18-16-22_0002178,1.9592533333333333,2.146986666666667
2024-09-30_18-16-48_0002181,2.1000533333333333,2.3517866666666665
2024-09-30_18-16-48_0002181,2.3901866666666667,2.5949866666666668
2024-09-30_18-16-48_0002181,2.61632,2.89792
2024-09-30_18-16-48_0002181,2.93632,3.1112533333333334
2024-09-30_18-16-48_0002181,3.1453866666666666,3.2733866666666667
2024-09-30_18-16-48_0002181,3.2989866666666665,3.44832
2024-09-30_18-16-48_0002181,3.465386666666667,3.6445866666666666
2024-09-30_18-16-48_0002181,3.674453333333333,3.74272
2024-09-30_18-16-48_0002181,4.297386666666666,4.438186666666667
2024-09-30_18-16-48_0002181,4.455253333333333,4.668586666666667
2024-09-30_18-16-48_0002181,4.7112533333333335,4.762453333333333
2024-09-30_18-18-34_0002193,0.9864533333333333,1.0632533333333334
2024-09-30_18-18-34_0002193,1.0888533333333332,1.1869866666666666
2024-09-30_18-18-34_0002193,1.2125866666666667,1.36192
2024-09-30_18-18-34_0002193,1.38752,1.4984533333333334
2024-09-30_18-18-34_0002193,1.5581866666666666,1.60512
2024-09-30_18-18-37_0002194,0.9693866666666666,1.10592
2024-09-30_18-18-37_0002194,1.1528533333333333,1.2253866666666666
2024-09-30_18-18-37_0002194,1.2680533333333333,1.3064533333333332
2024-09-30_18-18-45_0002195,0.8797866666666667,0.96512
2024-09-30_18-18-45_0002195,0.99072,1.13152
2024-09-30_18-18-45_0002195,1.1613866666666666,1.25952
2024-09-30_18-18-45_0002195,1.2893866666666667,1.3832533333333332
2024-09-30_18-18-45_0002195,1.43872,1.4856533333333333
2024-09-30_18-19-05_0002196,1.0248533333333334,1.2381866666666668
2024-09-30_18-19-05_0002196,1.29792,1.3405866666666666
2024-09-30_18-19-23_0002197,1.0120533333333332,1.4472533333333333
2024-09-30_18-19-23_0002197,1.4941866666666668,1.5709866666666668
2024-09-30_18-20-04_0002199,0.92672,0.97792
2024-09-30_18-20-04_0002199,0.9949866666666667,1.7501866666666666
2024-09-30_18-20-04_0002199,1.79712,1.9805866666666667
2024-09-30_18-20-04_0002199,2.0232533333333333,2.279253333333333
2024-09-30_18-20-04_0002199,2.3176533333333333,2.53952
2024-09-30_18-20-04_0002199,2.6333866666666665,2.66752
2024-09-30_18-20-04_0002199,3.00032,3.08992
2024-09-30_18-20-04_0002199,3.149653333333333,3.2520533333333335
2024-09-30_18-20-04_0002199,3.311786666666667,3.3544533333333333
2024-09-30_18-20-04_0002199,3.5037866666666666,3.7341866666666665
2024-09-30_18-20-04_0002199,3.7853866666666667,3.900586666666667
2024-09-30_18-20-04_0002199,3.97312,4.096853333333334
2024-09-30_18-20-20_0002201,1.0077866666666666,1.1656533333333334
2024-09-30_18-20-20_0002201,1.1912533333333333,1.4216533333333334
2024-09-30_18-20-20_0002201,1.45152,1.6776533333333334
2024-09-30_18-20-20_0002201,1.7117866666666666,1.93792
2024-09-30_18-20-20_0002201,1.9720533333333334,2.202453333333333
2024-09-30_18-20-20_0002201,2.2408533333333334,2.34752
2024-09-30_18-20-20_0002201,2.37312,2.5309866666666667
2024-09-30_18-20-20_0002201,2.5565866666666666,2.8381866666666666
2024-09-30_18-20-20_0002201,2.85952,2.97472
2024-09-30_18-20-20_0002201,3.00032,3.1325866666666666
2024-09-30_18-20-20_0002201,3.15392,3.2733866666666667
2024-09-30_18-20-20_0002201,3.30752,3.38432
2024-09-30_18-20-20_0002201,3.44832,3.56352
2024-09-30_18-20-20_0002201,4.404053333333334,4.489386666666666
2024-09-30_18-20-20_0002201,4.694186666666667,4.80512
2024-09-30_18-20-20_0002201,4.83072,4.980053333333333
2024-09-30_18-20-20_0002201,5.001386666666667,5.17632
2024-09-30_18-20-20_0002201,5.197653333333333,5.3597866666666665
2024-09-30_18-20-29_0002203,0.95232,1.1016533333333334
2024-09-30_18-20-29_0002203,1.1101866666666667,1.1528533333333333
2024-09-30_18-21-39_0002209,1.9677866666666666,2.0744533333333335
2024-09-30_18-21-39_0002209,2.1085866666666666,2.36032
2024-09-30_18-21-39_0002209,2.3901866666666667,2.4541866666666667
2024-09-30_18-21-39_0002209,2.505386666666667,2.5437866666666666
2024-09-30_18-21-39_0002209,2.59072,2.62912
2024-09-30_18-21-39_0002209,2.7400533333333335,2.8424533333333333
2024-09-30_18-21-39_0002209,2.868053333333333,3.030186666666667
2024-09-30_18-21-39_0002209,3.0557866666666667,3.25632
2024-09-30_18-21-39_0002209,3.28192,3.444053333333333
2024-09-30_18-21-39_0002209,3.4909866666666667,3.5549866666666667
2024-09-30_18-21-39_0002209,4.352853333333333,4.404053333333334
2024-09-30_18-21-39_0002209,4.438186666666667,4.544853333333333
2024-09-30_18-21-39_0002209,4.570453333333333,4.745386666666667
2024-09-30_18-22-23_0002215,1.01632,1.1400533333333334
2024-09-30_18-22-23_0002215,1.1656533333333334,1.3149866666666667
2024-09-30_18-22-23_0002215,1.33632,1.51552
2024-09-30_18-22-23_0002215,1.5709866666666668,1.6861866666666667
2024-09-30_18-22-23_0002215,1.7160533333333334,1.8141866666666666
2024-09-30_18-22-23_0002215,1.8440533333333333,1.9336533333333332
2024-09-30_18-22-23_0002215,1.9677866666666666,2.0317866666666666
2024-09-30_18-22-23_0002215,2.10432,2.15552
2024-09-30_18-22-23_0002215,2.1896533333333332,2.34752
2024-09-30_18-22-23_0002215,2.364586666666667,2.46272
2024-09-30_18-22-23_0002215,2.4925866666666665,2.6504533333333335
2024-09-30_18-22-31_0002217,0.9949866666666667,1.0461866666666666
2024-09-30_18-22-33_0002218,1.1272533333333334,1.16992
2024-09-30_18-23-03_0002221,1.0205866666666668,1.0632533333333334
2024-09-30_18-23-03_0002221,1.0888533333333332,1.20832
2024-09-30_18-23-03_0002221,1.2168533333333333,1.33632
2024-09-30_18-23-03_0002221,1.3448533333333332,1.46432
2024-09-30_18-23-03_0002221,1.4728533333333333,1.66912
2024-09-30_18-23-03_0002221,1.68192,1.8909866666666666
2024-09-30_18-23-03_0002221,1.9421866666666667,2.0189866666666667
2024-09-30_18-23-03_0002221,2.061653333333333,2.11712
2024-09-30_18-24-17_0002229,1.9421866666666667,2.146986666666667
2024-09-30_18-24-17_0002229,2.1725866666666667,2.2408533333333334
2024-09-30_18-24-17_0002229,2.279253333333333,2.3304533333333333
2024-09-30_18-24-17_0002229,2.85952,2.98752
2024-09-30_18-24-17_0002229,3.01312,3.1453866666666666
2024-09-30_18-24-17_0002229,3.1752533333333335,3.24352
2024-09-30_18-24-24_0002230,0.9821866666666667,1.0717866666666667
2024-09-30_18-24-24_0002230,1.1101866666666667,1.1741866666666667
2024-09-30_18-24-24_0002230,1.2381866666666668,1.3021866666666666
2024-09-30_18-24-24_0002230,1.3704533333333333,1.45152
2024-09-30_18-24-24_0002230,1.4984533333333334,1.54112
2024-09-30_18-25-11_0002233,0.9992533333333333,1.09312
2024-09-30_18-25-11_0002233,1.1229866666666666,1.22112
2024-09-30_18-25-11_0002233,1.2509866666666667,1.34912
2024-09-30_18-25-11_0002233,1.3960533333333334,1.5709866666666668
2024-09-30_18-25-11_0002233,1.60512,1.84832
2024-09-30_18-25-11_0002233,1.9464533333333334,2.01472
2024-09-30_18-25-11_0002233,2.0573866666666665,2.29632
2024-09-30_18-25-13_0002234,0.99072,1.1784533333333334
2024-09-30_18-25-13_0002234,1.2040533333333334,1.2765866666666668
2024-09-30_18-25-13_0002234,1.3320533333333333,1.55392
2024-09-30_18-25-17_0002235,0.9053866666666667,0.95232
2024-09-30_18-25-17_0002235,0.97792,1.11872
2024-09-30_18-25-17_0002235,1.1400533333333334,1.2509866666666667
2024-09-30_18-25-17_0002235,1.2936533333333333,1.4813866666666666
2024-09-30_18-25-17_0002235,1.50272,1.6648533333333333
2024-09-30_18-25-17_0002235,1.7117866666666666,1.7629866666666667
2024-09-30_18-25-51_0002238,1.0461866666666666,1.0845866666666666
2024-09-30_18-26-09_0002241,1.91232,1.9677866666666666
2024-09-30_18-26-09_0002241,2.006186666666667,2.07872
2024-09-30_18-26-09_0002241,2.1213866666666665,2.18112
2024-09-30_18-26-09_0002241,2.202453333333333,2.4072533333333332
2024-09-30_18-26-09_0002241,2.4157866666666665,2.4797866666666666
2024-09-30_18-26-09_0002241,2.51392,2.56512
2024-09-30_18-26-09_0002241,2.7528533333333334,2.80832
2024-09-30_18-26-09_0002241,2.8296533333333334,2.9064533333333333
2024-09-30_18-26-09_0002241,2.96192,3.0045866666666665
2024-09-30_18-26-09_0002241,3.05152,3.324586666666667
2024-09-30_18-26-09_0002241,3.3544533333333333,3.4184533333333333
2024-09-30_18-26-09_0002241,4.412586666666667,4.61312
2024-09-30_18-26-09_0002241,4.67712,4.7709866666666665
2024-09-30_18-26-09_0002241,5.44512,5.56032
2024-09-30_18-26-09_0002241,5.628586666666667,5.799253333333334
2024-09-30_18-26-09_0002241,5.82912,6.03392
2024-09-30_18-26-09_0002241,6.05952,6.14912
2024-09-30_18-26-09_0002241,6.183253333333333,6.242986666666667
2024-09-30_18-26-09_0002241,6.306986666666667,6.396586666666667
2024-09-30_18-26-09_0002241,6.53312,6.59712
2024-09-30_18-26-54_0002246,1.1400533333333334,1.2125866666666667
2024-09-30_18-26-54_0002246,1.25952,1.4728533333333333
2024-09-30_18-26-54_0002246,1.60512,1.75872
2024-09-30_18-26-54_0002246,1.8440533333333333,1.89952
2024-09-30_18-26-54_0002246,1.9933866666666666,2.18112
2024-09-30_18-26-54_0002246,2.24512,2.3517866666666665
2024-09-30_18-26-54_0002246,2.4285866666666664,2.51392
2024-09-30_18-27-05_0002249,1.8824533333333333,1.98912
2024-09-30_18-27-05_0002249,2.01472,2.0573866666666665
2024-09-30_18-27-05_0002249,2.1768533333333333,2.33472
2024-09-30_18-27-05_0002249,2.3773866666666668,2.5693866666666665
2024-09-30_18-27-05_0002249,2.6120533333333333,2.76992
2024-09-30_18-27-05_0002249,2.80832,3.06432
2024-09-30_18-27-05_0002249,3.12832,3.367253333333333
2024-09-30_18-27-05_0002249,3.4397866666666665,3.661653333333333
2024-09-30_18-27-05_0002249,3.70432,3.7896533333333333
2024-09-30_18-27-05_0002249,3.8408533333333335,3.89632
2024-09-30_18-27-05_0002249,3.97312,4.0285866666666665
2024-09-30_18-27-33_0002251,1.0077866666666666,1.18272
2024-09-30_18-27-33_0002251,1.27232,1.4216533333333334
2024-09-30_18-27-33_0002251,1.51552,1.6264533333333333
2024-09-30_18-27-33_0002251,1.74592,1.8440533333333333
2024-09-30_18-27-33_0002251,2.2536533333333333,2.30912
2024-09-30_18-27-33_0002251,2.4712533333333333,2.5437866666666666
2024-09-30_18-27-37_0002252,1.00352,1.0717866666666667
2024-09-30_18-27-37_0002252,1.37472,1.4600533333333334
2024-09-30_18-27-37_0002252,1.6008533333333332,1.72032
2024-09-30_18-28-03_0002258,0.8584533333333333,0.8925866666666666
2024-09-30_18-28-03_0002258,0.9864533333333333,1.1016533333333334
2024-09-30_18-28-03_0002258,1.3661866666666667,1.4429866666666666
2024-09-30_18-28-11_0002259,0.8925866666666666,0.9309866666666666
2024-09-30_18-28-11_0002259,1.16992,1.2253866666666666
2024-09-30_18-28-11_0002259,1.29792,1.3576533333333334
2024-09-30_18-28-11_0002259,1.5752533333333334,1.6093866666666667
2024-09-30_18-28-40_0002262,0.9821866666666667,1.0248533333333334
2024-09-30_18-28-40_0002262,1.0845866666666666,1.1400533333333334
2024-09-30_18-28-40_0002262,1.1741866666666667,1.37472
2024-09-30_18-28-40_0002262,1.4728533333333333,1.51552
2024-09-30_18-28-42_0002263,0.7560533333333334,0.8029866666666666
2024-09-30_18-28-42_0002263,0.96512,1.1144533333333333
2024-09-30_18-28-42_0002263,1.1997866666666666,1.2424533333333334
2024-09-30_18-28-48_0002264,0.8541866666666666,0.91392
2024-09-30_18-28-48_0002264,1.0248533333333334,1.10592
2024-09-30_18-28-48_0002264,1.1400533333333334,1.3448533333333332
2024-09-30_18-28-48_0002264,1.38752,1.5752533333333334
2024-09-30_18-28-48_0002264,1.63072,1.87392
2024-09-30_18-28-48_0002264,1.9933866666666666,2.1085866666666666
2024-09-30_18-29-11_0002265,0.9992533333333333,1.1741866666666667
2024-09-30_18-29-11_0002265,1.2040533333333334,1.4600533333333334
2024-09-30_18-29-11_0002265,1.4984533333333334,1.6221866666666667
2024-09-30_18-29-11_0002265,1.68192,1.72032
2024-09-30_18-29-24_0002266,1.0333866666666667,1.13152
2024-09-30_18-29-24_0002266,1.1485866666666666,1.25952
2024-09-30_18-29-24_0002266,1.2765866666666668,1.40032
2024-09-30_18-29-24_0002266,1.4216533333333334,1.64352
2024-09-30_18-29-24_0002266,1.69472,1.8440533333333333
2024-09-30_18-29-24_0002266,1.9165866666666667,1.9677866666666666
2024-09-30_18-29-26_0002267,0.87552,0.9352533333333334
2024-09-30_18-29-26_0002267,0.9992533333333333,1.05472
2024-09-30_18-29-26_0002267,1.20832,1.3021866666666666
2024-09-30_18-29-26_0002267,1.33632,1.4600533333333334
2024-09-30_18-29-26_0002267,1.4941866666666668,1.6605866666666667
2024-09-30_18-29-26_0002267,1.78432,1.8440533333333333
2024-09-30_18-30-22_0002270,1.0205866666666668,1.0845866666666666
2024-09-30_18-30-22_0002270,1.1272533333333334,1.2125866666666667
2024-09-30_18-30-22_0002270,1.2552533333333333,1.3405866666666666
2024-09-30_18-30-22_0002270,1.3832533333333332,1.4685866666666667
2024-09-30_18-30-22_0002270,1.5112533333333333,1.5965866666666666
2024-09-30_18-30-47_0002273,0.9608533333333333,1.01632
2024-09-30_18-30-54_0002275,0.9949866666666667,1.1101866666666667
2024-09-30_18-30-54_0002275,1.13152,1.34912
2024-09-30_18-30-54_0002275,1.38752,1.43872
2024-09-30_18-31-27_0002278,1.0248533333333334,1.1357866666666667
2024-09-30_18-31-27_0002278,1.15712,1.4173866666666666
2024-09-30_18-31-27_0002278,1.4557866666666666,1.5325866666666668
2024-09-30_18-31-27_0002278,1.5752533333333334,1.6349866666666666
2024-09-30_18-32-12_0002284,1.00352,1.0717866666666667
2024-09-30_18-32-12_0002284,1.0845866666666666,1.29792
2024-09-30_18-32-12_0002284,1.3405866666666666,1.3789866666666666
2024-09-30_18-32-13_0002285,1.0120533333333332,1.2552533333333333
2024-09-30_18-32-13_0002285,1.31072,1.37472
2024-09-30_18-32-45_0002287,0.91392,0.96512
2024-09-30_18-32-45_0002287,0.9992533333333333,1.1656533333333334
2024-09-30_18-32-45_0002287,1.19552,1.34912
2024-09-30_18-32-50_0002288,1.0120533333333332,1.1613866666666666
2024-09-30_18-32-50_0002288,1.1741866666666667,1.2893866666666667
2024-09-30_18-32-50_0002288,1.3021866666666666,1.3704533333333333
2024-09-30_18-32-50_0002288,2.41152,2.44992
2024-09-30_18-32-51_0002289,0.9352533333333334,0.9949866666666667
2024-09-30_18-32-51_0002289,1.0205866666666668,1.2808533333333334
2024-09-30_18-32-51_0002289,1.32352,1.4472533333333333
2024-09-30_18-32-51_0002289,1.47712,1.5709866666666668
2024-09-30_18-32-51_0002289,1.6008533333333332,1.6776533333333334
2024-09-30_18-32-51_0002289,1.7117866666666666,1.7885866666666668
2024-09-30_18-32-51_0002289,1.8440533333333333,1.89952
2024-09-30_18-32-51_0002289,1.93792,2.07872
2024-09-30_18-33-52_0002294,1.0120533333333332,1.1400533333333334
2024-09-30_18-33-52_0002294,1.1528533333333333,1.38752
2024-09-30_18-33-52_0002294,1.42592,1.4941866666666668
2024-09-30_18-33-57_0002295,0.9992533333333333,1.2381866666666668
2024-09-30_18-33-57_0002295,1.28512,1.4856533333333333
2024-09-30_18-33-57_0002295,1.52832,1.66912
2024-09-30_18-33-57_0002295,1.6861866666666667,1.9421866666666667
2024-09-30_18-33-57_0002295,1.97632,2.10432
2024-09-30_18-33-57_0002295,2.14272,2.1896533333333332
2024-09-30_18-34-01_0002296,1.01632,1.1272533333333334
2024-09-30_18-34-01_0002296,1.1528533333333333,1.2936533333333333
2024-09-30_18-34-01_0002296,1.3021866666666666,1.37472
2024-09-30_18-34-01_0002296,1.4216533333333334,1.4728533333333333
2024-09-30_18-35-40_0002299,1.0205866666666668,1.09312
2024-09-30_18-35-40_0002299,1.1229866666666666,1.2680533333333333
2024-09-30_18-35-40_0002299,1.2936533333333333,1.56672
2024-09-30_18-35-55_0002301,1.01632,1.1528533333333333
2024-09-30_18-35-55_0002301,1.18272,1.29792
2024-09-30_18-35-55_0002301,1.33632,1.5368533333333334
2024-09-30_18-36-20_0002303,1.0248533333333334,1.06752
2024-09-30_18-36-20_0002303,1.1101866666666667,1.22112
2024-09-30_18-36-20_0002303,1.2381866666666668,1.34912
2024-09-30_18-36-20_0002303,1.3661866666666667,1.6776533333333334
2024-09-30_18-36-20_0002303,1.7160533333333334,1.78432
2024-09-30_18-36-20_0002303,1.8653866666666667,1.91232
2024-09-30_18-36-29_0002306,1.0077866666666666,1.1101866666666667
2024-09-30_18-36-29_0002306,1.13152,1.2381866666666668
2024-09-30_18-36-29_0002306,1.25952,1.41312
2024-09-30_18-36-29_0002306,1.4472533333333333,1.50272
2024-09-30_18-36-29_0002306,1.54112,1.57952
2024-09-30_18-36-29_0002306,1.6477866666666667,1.69472
2024-09-30_18-36-29_0002306,1.7416533333333333,1.8056533333333333
2024-09-30_18-36-29_0002306,1.83552,1.93792
2024-09-30_18-36-29_0002306,1.9549866666666667,2.1981866666666665
2024-09-30_18-36-29_0002306,2.25792,2.300586666666667
2024-09-30_18-36-42_0002307,1.00352,1.1272533333333334
2024-09-30_18-36-42_0002307,1.14432,1.2552533333333333
2024-09-30_18-36-42_0002307,1.27232,1.59232
2024-09-30_18-36-42_0002307,1.6221866666666667,1.7032533333333333
2024-09-30_18-36-42_0002307,1.7416533333333333,1.8781866666666667
2024-09-30_18-36-42_0002307,1.91232,2.1213866666666665
2024-09-30_18-36-42_0002307,2.1640533333333334,2.39872
2024-09-30_18-36-42_0002307,2.4285866666666664,2.7016533333333332
2024-09-30_18-36-42_0002307,2.7656533333333333,2.84672
2024-09-30_18-36-42_0002307,2.932053333333333,3.008853333333333
2024-09-30_18-36-46_0002308,0.9949866666666667,1.4088533333333333
2024-09-30_18-36-46_0002308,1.4984533333333334,1.55392
2024-09-30_18-36-46_0002308,1.6093866666666667,1.6904533333333334
2024-09-30_18-36-46_0002308,1.70752,1.78432
2024-09-30_18-36-46_0002308,1.8141866666666666,1.92512
2024-09-30_18-36-46_0002308,1.9464533333333334,2.11712
2024-09-30_18-36-46_0002308,2.1341866666666665,2.36032
2024-09-30_18-36-46_0002308,2.38592,2.52672
2024-09-30_18-36-46_0002308,2.5480533333333333,2.71872
2024-09-30_18-36-46_0002308,2.7613866666666667,2.8381866666666666
2024-09-30_18-36-46_0002308,2.87232,3.03872
2024-09-30_18-36-46_0002308,3.085653333333333,3.1965866666666667
2024-09-30_18-37-05_0002309,1.0205866666666668,1.14432
2024-09-30_18-37-05_0002309,1.1656533333333334,1.3533866666666667
2024-09-30_18-37-05_0002309,1.37472,1.4941866666666668
2024-09-30_18-37-05_0002309,1.5112533333333333,1.73312
2024-09-30_18-37-05_0002309,1.7672533333333333,1.83552
2024-09-30_18-37-11_0002310,0.9480533333333333,1.02912
2024-09-30_18-37-11_0002310,1.05472,1.3832533333333332
2024-09-30_18-37-17_0002311,0.9224533333333333,0.9736533333333334
2024-09-30_18-37-17_0002311,1.0077866666666666,1.10592
2024-09-30_18-37-17_0002311,1.11872,1.38752
2024-09-30_18-37-17_0002311,1.40032,1.5581866666666666
2024-09-30_18-37-17_0002311,1.5837866666666667,1.7544533333333334
2024-09-30_18-37-17_0002311,1.7800533333333333,1.9549866666666667
2024-09-30_18-37-17_0002311,1.97632,2.4541866666666667
2024-09-30_18-37-17_0002311,2.46272,2.7528533333333334
2024-09-30_18-37-17_0002311,2.799786666666667,2.93632
2024-09-30_18-37-17_0002311,2.9832533333333333,3.162453333333333
2024-09-30_18-37-17_0002311,3.1752533333333335,3.3501866666666666
2024-09-30_18-37-17_0002311,3.4056533333333334,3.5464533333333335
2024-09-30_18-37-17_0002311,3.6360533333333334,3.682986666666667
2024-09-30_18-37-17_0002311,4.13952,4.237653333333333
2024-09-30_18-37-17_0002311,4.271786666666666,4.404053333333334
2024-09-30_18-37-17_0002311,4.43392,4.519253333333333
2024-09-30_18-37-17_0002311,4.570453333333333,4.809386666666667
2024-09-30_18-37-17_0002311,4.89472,4.962986666666667
2024-09-30_18-37-23_0002312,1.13152,1.20832
2024-09-30_18-37-23_0002312,1.25952,1.33632
2024-09-30_18-37-23_0002312,1.38752,1.46432
2024-09-30_18-37-23_0002312,1.51552,1.59232
2024-09-30_18-37-23_0002312,1.64352,1.75872
2024-09-30_18-37-23_0002312,1.78432,1.9421866666666667
2024-09-30_18-37-23_0002312,2.07872,2.1512533333333335
2024-09-30_18-37-23_0002312,2.18112,2.41152
2024-09-30_18-37-23_0002312,2.44992,2.60352
2024-09-30_18-37-23_0002312,2.62912,2.799786666666667
2024-09-30_18-37-23_0002312,2.83392,2.953386666666667
2024-09-30_18-37-23_0002312,2.9832533333333333,3.10272
2024-09-30_18-37-23_0002312,3.1240533333333333,3.33312
2024-09-30_18-37-23_0002312,3.38432,3.47392
2024-09-30_18-37-23_0002312,3.5080533333333332,3.6957866666666668
2024-09-30_18-37-23_0002312,3.7469866666666665,3.83232
2024-09-30_18-37-23_0002312,4.173653333333333,4.502186666666667
2024-09-30_18-37-36_0002313,0.9181866666666667,0.9608533333333333
2024-09-30_18-37-36_0002313,1.01632,1.14432
2024-09-30_18-37-36_0002313,1.1656533333333334,1.27232
2024-09-30_18-37-36_0002313,1.2936533333333333,1.3661866666666667
2024-09-30_18-37-51_0002316,1.6264533333333333,1.87392
2024-09-30_18-37-51_0002316,1.9080533333333334,2.05312
2024-09-30_18-37-51_0002316,2.0829866666666668,2.16832
2024-09-30_18-37-51_0002316,2.19392,2.2621866666666666
2024-09-30_18-37-51_0002316,2.29632,2.4541866666666667
2024-09-30_18-37-51_0002316,2.4712533333333333,2.658986666666667
2024-09-30_18-37-51_0002316,2.6973866666666666,2.92352
2024-09-30_18-37-51_0002316,2.94912,3.11552
2024-09-30_18-37-51_0002316,3.162453333333333,3.28192
2024-09-30_18-37-51_0002316,3.324586666666667,3.40992
2024-09-30_18-37-51_0002316,3.4397866666666665,3.4952533333333333
2024-09-30_18-37-51_0002316,3.542186666666667,3.5933866666666665
2024-09-30_18-37-51_0002316,3.7000533333333334,3.79392
2024-09-30_18-37-56_0002317,0.9821866666666667,1.0589866666666667
2024-09-30_18-37-56_0002317,1.1101866666666667,1.1485866666666666
2024-09-30_18-37-56_0002317,1.2381866666666668,1.2765866666666668
2024-09-30_18-38-15_0002318,0.9949866666666667,1.0760533333333333
2024-09-30_18-38-15_0002318,1.1229866666666666,1.2168533333333333
2024-09-30_18-38-15_0002318,1.2509866666666667,1.3405866666666666
2024-09-30_18-38-24_0002322,1.5069866666666667,1.69472
2024-09-30_18-38-24_0002322,1.7416533333333333,1.7885866666666668
2024-09-30_18-38-33_0002324,0.9693866666666666,1.1741866666666667
2024-09-30_18-38-33_0002324,1.22112,1.25952
2024-09-30_18-38-52_0002326,0.99072,1.2040533333333334
2024-09-30_18-38-52_0002326,1.23392,1.48992
2024-09-30_18-38-52_0002326,1.54112,1.6648533333333333
2024-09-30_18-38-52_0002326,1.72032,1.7629866666666667
2024-09-30_18-38-52_0002326,1.8397866666666667,1.88672
2024-09-30_18-38-52_0002326,1.93792,1.98912
2024-09-30_18-38-52_0002326,2.0360533333333333,2.1128533333333333
2024-09-30_18-38-52_0002326,2.1384533333333335,2.20672
2024-09-30_18-38-52_0002326,2.3773866666666668,2.56512
2024-09-30_18-38-52_0002326,2.60352,2.6760533333333334
2024-09-30_18-40-13_0002331,0.8840533333333334,0.96512
2024-09-30_18-40-13_0002331,1.00352,1.0589866666666667
2024-09-30_18-40-13_0002331,1.2125866666666667,1.3533866666666667
2024-09-30_18-40-13_0002331,1.37472,1.4984533333333334
2024-09-30_18-40-13_0002331,1.51552,1.6008533333333332
2024-09-30_18-40-13_0002331,1.63072,1.8440533333333333
2024-09-30_18-40-13_0002331,1.88672,1.9421866666666667
2024-09-30_18-41-18_0002340,0.90112,0.9693866666666666
2024-09-30_18-41-18_0002340,1.0077866666666666,1.11872
2024-09-30_18-41-18_0002340,1.1357866666666667,1.2424533333333334
2024-09-30_18-41-18_0002340,1.27232,1.4301866666666667
2024-09-30_18-41-24_0002341,0.9864533333333333,1.1357866666666667
2024-09-30_18-41-24_0002341,1.1656533333333334,1.2637866666666666
2024-09-30_18-41-24_0002341,1.2936533333333333,1.3917866666666667
2024-09-30_18-41-24_0002341,1.4216533333333334,1.5197866666666666
2024-09-30_18-41-24_0002341,1.5496533333333333,1.7501866666666666
2024-09-30_18-41-24_0002341,1.77152,1.92512
2024-09-30_18-41-24_0002341,1.95072,2.0445866666666666
2024-09-30_18-41-24_0002341,2.07872,2.1384533333333335
2024-09-30_18-41-24_0002341,3.01312,3.10272
2024-09-30_18-41-24_0002341,3.1325866666666666,3.3757866666666665
2024-09-30_18-41-24_0002341,3.4525866666666665,3.542186666666667
2024-09-30_18-41-32_0002342,1.0205866666666668,1.72032
2024-09-30_18-41-43_0002343,0.9693866666666666,1.1101866666666667
2024-09-30_18-41-43_0002343,1.1357866666666667,1.2381866666666668
2024-09-30_18-41-43_0002343,1.2637866666666666,1.3661866666666667
2024-09-30_18-41-43_0002343,1.3832533333333332,1.4941866666666668
2024-09-30_18-41-43_0002343,1.5197866666666666,1.5880533333333333
2024-09-30_18-41-49_0002344,0.9992533333333333,1.0888533333333332
2024-09-30_18-41-49_0002344,1.0973866666666667,1.50272
2024-09-30_18-41-49_0002344,1.52832,1.7117866666666666
2024-09-30_18-41-49_0002344,1.7373866666666666,2.0957866666666667
2024-09-30_18-41-49_0002344,2.1128533333333333,2.300586666666667
2024-09-30_18-41-49_0002344,2.33472,2.5437866666666666
2024-09-30_18-41-49_0002344,2.573653333333333,2.9960533333333332
2024-09-30_18-41-49_0002344,3.0557866666666667,3.149653333333333
2024-09-30_18-41-49_0002344,3.17952,3.2520533333333335
2024-09-30_18-41-49_0002344,3.303253333333333,3.4184533333333333
2024-09-30_18-41-49_0002344,3.46112,3.520853333333333
2024-09-30_18-45-58_0002345,1.0120533333333332,1.0888533333333332
2024-09-30_18-45-58_0002345,1.15712,1.2125866666666667
2024-09-30_18-45-58_0002345,1.28512,1.3405866666666666
2024-09-30_18-45-58_0002345,1.41312,1.4685866666666667
2024-09-30_18-45-58_0002345,1.54112,1.5965866666666666
2024-09-30_18-45-58_0002345,1.66912,1.70752
2024-09-30_18-46-11_0002346,0.96512,1.23392
2024-09-30_18-46-11_0002346,1.2509866666666667,1.3533866666666667
2024-09-30_18-46-11_0002346,1.37472,1.5197866666666666
2024-09-30_18-46-11_0002346,1.5496533333333333,1.5965866666666666
2024-09-30_18-46-11_0002346,1.6520533333333334,1.8269866666666668
2024-09-30_18-46-11_0002346,1.8397866666666667,2.0232533333333333
2024-09-30_18-46-11_0002346,2.0573866666666665,2.146986666666667
2024-09-30_18-46-11_0002346,2.2152533333333335,2.27072
2024-09-30_18-46-11_0002346,2.32192,2.3773866666666668
2024-09-30_18-46-19_0002347,1.0333866666666667,1.1400533333333334
2024-09-30_18-46-19_0002347,1.15712,1.2680533333333333
2024-09-30_18-46-19_0002347,1.28512,1.3960533333333334
2024-09-30_18-46-19_0002347,1.41312,1.5240533333333333
2024-09-30_18-46-19_0002347,1.54112,1.6520533333333334
2024-09-30_18-46-19_0002347,1.66912,1.9976533333333333
2024-09-30_18-46-19_0002347,2.02752,2.1512533333333335
2024-09-30_18-46-19_0002347,2.1853866666666666,2.2621866666666666
2024-09-30_18-46-19_0002347,2.287786666666667,2.364586666666667
2024-09-30_18-46-19_0002347,2.3944533333333333,2.637653333333333
2024-09-30_18-46-19_0002347,2.6888533333333333,2.7656533333333333
2024-09-30_18-46-19_0002347,2.8253866666666667,2.868053333333333
2024-09-30_18-47-16_0002353,0.86272,0.9565866666666667
2024-09-30_18-47-16_0002353,0.99072,1.1613866666666666
2024-09-30_18-47-16_0002353,1.1912533333333333,1.2893866666666667
2024-09-30_18-47-16_0002353,1.3192533333333334,1.3960533333333334
2024-09-30_18-47-56_0002356,0.9992533333333333,1.0376533333333333
2024-09-30_18-48-20_0002358,1.61792,1.6733866666666666
2024-09-30_18-48-44_0002360,1.93792,2.0189866666666667
2024-09-30_18-48-47_0002361,0.060586666666666664,0.07765333333333334
2024-09-30_18-49-23_0002366,0.9864533333333333,1.15712
2024-09-30_18-49-23_0002366,1.18272,1.28512
2024-09-30_18-49-23_0002366,1.31072,1.41312
2024-09-30_18-49-23_0002366,1.43872,1.54112
2024-09-30_18-49-23_0002366,1.56672,1.66912
2024-09-30_18-49-23_0002366,1.69472,1.79712
2024-09-30_18-49-23_0002366,1.82272,1.92512
2024-09-30_18-49-23_0002366,1.95072,2.05312
2024-09-30_18-49-23_0002366,2.07872,2.20672
2024-09-30_18-49-23_0002366,2.2493866666666666,2.4456533333333335
2024-09-30_18-49-23_0002366,2.48832,2.52672
2024-09-30_18-49-31_0002367,1.0077866666666666,1.15712
2024-09-30_18-49-31_0002367,1.1912533333333333,1.27232
2024-09-30_18-49-31_0002367,1.3064533333333332,1.38752
2024-09-30_18-49-31_0002367,1.4216533333333334,1.6008533333333332
2024-09-30_18-50-22_0002372,1.8952533333333332,1.9421866666666667
2024-09-30_18-50-22_0002372,1.98912,2.14272
2024-09-30_18-50-22_0002372,2.18112,2.2621866666666666
2024-09-30_18-50-22_0002372,2.3048533333333334,2.41152
2024-09-30_18-50-22_0002372,2.4456533333333335,2.50112
2024-09-30_18-50-22_0002372,2.560853333333333,2.6205866666666666
2024-09-30_18-50-22_0002372,2.71872,2.7656533333333333
2024-09-30_18-50-22_0002372,2.812586666666667,2.8509866666666666
2024-09-30_18-50-22_0002372,3.226453333333333,3.2648533333333334
2024-09-30_18-50-22_0002372,3.38432,3.520853333333333
2024-09-30_18-50-22_0002372,3.5592533333333334,3.61472
2024-09-30_18-50-53_0002374,0.9992533333333333,1.1869866666666666
2024-09-30_18-50-53_0002374,1.2125866666666667,1.4045866666666667
2024-09-30_18-50-53_0002374,1.4472533333333333,1.5624533333333332
2024-09-30_18-50-53_0002374,1.5965866666666666,1.87392
2024-09-30_18-50-53_0002374,1.9165866666666667,2.125653333333333
2024-09-30_18-50-53_0002374,2.1725866666666667,2.4029866666666666
2024-09-30_18-50-53_0002374,2.441386666666667,2.5693866666666665
2024-09-30_18-50-53_0002374,2.5949866666666668,2.68032
2024-09-30_18-50-53_0002374,2.69312,2.8509866666666666
2024-09-30_18-50-53_0002374,2.8808533333333335,2.9448533333333335
2024-09-30_18-50-53_0002374,2.9789866666666667,3.15392
2024-09-30_18-50-53_0002374,3.2221866666666665,3.3288533333333334
2024-09-30_18-50-53_0002374,3.37152,3.4312533333333333
2024-09-30_18-51-17_0002375,1.0077866666666666,1.37472
2024-09-30_18-51-51_0002377,1.8269866666666668,1.97632
2024-09-30_18-51-51_0002377,2.00192,2.14272
2024-09-30_18-51-51_0002377,2.1640533333333334,2.27072
2024-09-30_18-51-51_0002377,2.3048533333333334,2.59072
2024-09-30_18-51-51_0002377,2.62912,2.69312
2024-09-30_18-51-54_0002378,1.4301866666666667,1.55392
2024-09-30_18-51-54_0002378,1.5880533333333333,1.7501866666666666
2024-09-30_18-51-54_0002378,1.7885866666666668,1.8568533333333332
2024-09-30_18-55-39_0002391,1.7117866666666666,1.77152
2024-09-30_18-55-39_0002391,1.79712,1.9293866666666666
2024-09-30_18-55-39_0002391,1.95072,2.19392
2024-09-30_18-55-39_0002391,2.2280533333333334,2.37312
2024-09-30_18-55-39_0002391,2.39872,2.46272
2024-09-30_18-55-39_0002391,2.48832,2.5864533333333335
2024-09-30_18-55-39_0002391,2.60352,2.68032
2024-09-30_18-55-39_0002391,2.7101866666666665,2.94912
2024-09-30_18-55-39_0002391,2.97472,3.094186666666667
2024-09-30_18-55-39_0002391,3.1453866666666666,3.19232
2024-09-30_18-55-39_0002391,3.7853866666666667,4.002986666666667
2024-09-30_18-55-39_0002391,4.06272,4.11392
2024-09-30_18-55-39_0002391,4.99712,5.04832
2024-09-30_18-55-56_0002393,1.0120533333333332,1.09312
2024-09-30_18-55-56_0002393,1.1144533333333333,1.2253866666666666
2024-09-30_18-55-56_0002393,1.2424533333333334,1.36192
2024-09-30_18-55-56_0002393,1.37472,1.56672
2024-09-30_18-55-56_0002393,1.5837866666666667,1.6733866666666666
2024-09-30_18-55-56_0002393,1.69472,1.7757866666666666
2024-09-30_18-55-56_0002393,1.79712,1.91232
2024-09-30_18-55-56_0002393,1.93792,2.1341866666666665
2024-09-30_18-55-56_0002393,2.1725866666666667,2.3133866666666667
2024-09-30_18-55-56_0002393,2.3304533333333333,2.4328533333333335
2024-09-30_18-55-56_0002393,2.4541866666666667,2.56512
2024-09-30_18-55-56_0002393,2.582186666666667,2.6845866666666667
2024-09-30_18-55-56_0002393,2.6973866666666666,2.8808533333333335
2024-09-30_18-55-56_0002393,2.92352,3.030186666666667
2024-09-30_18-55-56_0002393,3.06432,3.1325866666666666
2024-09-30_18-56-51_0002401,0.9821866666666667,1.04192
2024-09-30_18-56-51_0002401,1.06752,1.1656533333333334
2024-09-30_18-56-51_0002401,1.1784533333333334,1.2936533333333333
2024-09-30_18-56-51_0002401,1.3064533333333332,1.47712
2024-09-30_18-56-51_0002401,1.4941866666666668,1.6392533333333332
2024-09-30_18-56-51_0002401,1.7757866666666666,1.88672
2024-09-30_18-56-51_0002401,1.89952,2.0957866666666667
2024-09-30_18-56-51_0002401,2.1341866666666665,2.32192
2024-09-30_18-56-51_0002401,2.34752,2.48832
2024-09-30_18-56-51_0002401,2.518186666666667,2.6760533333333334
2024-09-30_18-56-51_0002401,2.6973866666666666,2.92352
2024-09-30_18-56-51_0002401,2.94912,3.085653333333333
2024-09-30_18-56-51_0002401,3.11552,3.2648533333333334
2024-09-30_18-56-51_0002401,3.4141866666666667,3.5592533333333334
2024-09-30_18-56-51_0002401,3.5805866666666666,3.65312
2024-09-30_18-57-26_0002404,0.6280533333333334,0.67072
2024-09-30_18-57-26_0002404,0.7432533333333333,0.7816533333333333
2024-09-30_18-57-26_0002404,0.8029866666666666,0.84992
2024-09-30_18-58-21_0002412,0.9949866666666667,1.1528533333333333
2024-09-30_18-58-21_0002412,1.1784533333333334,1.2893866666666667
2024-09-30_18-58-21_0002412,1.31072,1.4557866666666666
2024-09-30_18-58-21_0002412,1.4728533333333333,1.68192
2024-09-30_18-58-21_0002412,1.7160533333333334,1.82272
2024-09-30_18-58-21_0002412,1.8440533333333333,1.9976533333333333
2024-09-30_18-58-21_0002412,2.01472,2.3133866666666667
2024-09-30_18-58-21_0002412,2.364586666666667,2.4456533333333335
2024-09-30_18-58-25_0002413,1.0077866666666666,1.1101866666666667
2024-09-30_18-58-25_0002413,1.1357866666666667,1.3149866666666667
2024-09-30_18-58-25_0002413,1.3661866666666667,1.4301866666666667
2024-09-30_18-59-00_0002420,0.9992533333333333,1.1101866666666667
2024-09-30_18-59-00_0002420,1.1400533333333334,1.3661866666666667
2024-09-30_18-59-00_0002420,1.40032,1.46432
2024-09-30_18-59-00_0002420,1.66912,1.74592
2024-09-30_18-59-00_0002420,1.7757866666666666,1.96352
2024-09-30_18-59-00_0002420,1.9976533333333333,2.10432
2024-09-30_18-59-00_0002420,2.14272,2.20672
2024-09-30_18-59-00_0002420,2.24512,2.30912
2024-09-30_18-59-00_0002420,2.4584533333333334,2.518186666666667
2024-09-30_18-59-00_0002420,2.5480533333333333,2.7400533333333335
2024-09-30_18-59-00_0002420,2.7741866666666666,2.9832533333333333
2024-09-30_18-59-00_0002420,3.03872,3.12832
2024-09-30_18-59-00_0002420,3.1581866666666665,3.2221866666666665
2024-09-30_18-59-00_0002420,3.69152,3.815253333333333
2024-09-30_18-59-00_0002420,3.84512,4.066986666666667
2024-09-30_18-59-00_0002420,4.096853333333334,4.250453333333334
2024-09-30_18-59-00_0002420,4.288853333333333,4.438186666666667
2024-09-30_18-59-00_0002420,4.514986666666666,4.566186666666667
2024-09-30_18-59-18_0002423,1.5880533333333333,1.72032
2024-09-30_18-59-18_0002423,1.73312,1.89952
2024-09-30_18-59-31_0002424,0.9949866666666667,1.0504533333333332
2024-09-30_18-59-31_0002424,1.08032,1.1741866666666667
2024-09-30_18-59-31_0002424,1.1912533333333333,1.3064533333333332
2024-09-30_18-59-31_0002424,1.3149866666666667,1.5453866666666667
2024-09-30_18-59-31_0002424,1.5965866666666666,1.6776533333333334
2024-09-30_18-59-31_0002424,1.7032533333333333,1.7672533333333333
2024-09-30_18-59-33_0002425,1.0077866666666666,1.1869866666666666
2024-09-30_18-59-33_0002425,1.20832,1.4216533333333334
2024-09-30_18-59-33_0002425,1.46432,1.66912
2024-09-30_18-59-33_0002425,1.70752,1.8056533333333333
2024-09-30_19-00-25_0002428,0.97792,1.20832
2024-09-30_19-00-25_0002428,1.23392,1.4301866666666667
2024-09-30_19-00-25_0002428,1.45152,1.6093866666666667
2024-09-30_19-00-25_0002428,1.63072,1.73312
2024-09-30_19-00-25_0002428,1.74592,1.97632
2024-09-30_19-00-25_0002428,2.0189866666666667,2.25792
2024-09-30_19-00-25_0002428,2.300586666666667,2.38592
2024-09-30_19-00-25_0002428,2.42432,2.62912
2024-09-30_19-00-25_0002428,2.6973866666666666,2.7485866666666667
2024-09-30_19-00-45_0002429,1.02912,1.38752
2024-09-30_19-00-45_0002429,1.4173866666666666,1.4728533333333333
2024-09-30_19-00-45_0002429,3.0045866666666665,3.0813866666666665
2024-09-30_19-00-45_0002429,3.0984533333333335,3.35872
2024-09-30_19-00-45_0002429,3.40992,3.4909866666666667
2024-09-30_19-00-45_0002429,3.52512,3.597653333333333
2024-09-30_19-00-49_0002430,1.0120533333333332,1.1101866666666667
2024-09-30_19-00-49_0002430,1.14432,1.2637866666666666
2024-09-30_19-00-49_0002430,1.2893866666666667,1.4472533333333333
2024-09-30_19-00-49_0002430,1.4685866666666667,1.68192
2024-09-30_19-00-49_0002430,1.72032,1.9336533333333332
2024-09-30_19-00-49_0002430,1.9592533333333333,2.07872
2024-09-30_19-00-49_0002430,2.0957866666666667,2.21952
2024-09-30_19-00-49_0002430,2.2493866666666666,2.32192
2024-09-30_19-00-49_0002430,2.3560533333333336,2.48832
2024-09-30_19-00-57_0002431,1.1357866666666667,1.1741866666666667
2024-09-30_19-01-46_0002433,0.9736533333333334,1.0632533333333334
2024-09-30_19-01-46_0002433,1.1101866666666667,1.1485866666666666
2024-09-30_19-01-46_0002433,1.3448533333333332,1.4429866666666666
2024-09-30_19-01-46_0002433,2.4584533333333334,2.573653333333333
2024-09-30_19-01-50_0002434,1.31072,1.3704533333333333
2024-09-30_19-01-50_0002434,1.7288533333333334,1.8568533333333332
2024-09-30_19-01-50_0002434,1.9464533333333334,2.01472
2024-09-30_19-01-54_0002435,0.9864533333333333,1.1016533333333334
2024-09-30_19-01-54_0002435,1.1229866666666666,1.2296533333333333
2024-09-30_19-01-54_0002435,1.2509866666666667,1.3576533333333334
2024-09-30_19-01-54_0002435,1.37472,1.5837866666666667
2024-09-30_19-01-54_0002435,1.6392533333333332,1.8013866666666667
2024-09-30_19-01-54_0002435,1.8397866666666667,1.9421866666666667
2024-09-30_19-01-54_0002435,1.9677866666666666,2.18112
2024-09-30_19-01-54_0002435,2.20672,2.2920533333333335
2024-09-30_19-01-54_0002435,2.3133866666666667,2.43712
2024-09-30_19-01-54_0002435,2.4797866666666666,2.6333866666666665
2024-09-30_19-01-54_0002435,2.68032,2.778453333333333
2024-09-30_19-02-09_0002436,0.9736533333333334,1.0248533333333334
2024-09-30_19-02-09_0002436,1.0589866666666667,1.4088533333333333
2024-09-30_19-02-09_0002436,1.4301866666666667,1.5453866666666667
2024-09-30_19-02-09_0002436,1.5624533333333332,1.7245866666666667
2024-09-30_19-02-09_0002436,1.7501866666666666,1.8056533333333333
2024-09-30_19-02-09_0002436,1.82272,1.8696533333333334
2024-09-30_19-02-11_0002437,1.01632,1.15712
2024-09-30_19-02-11_0002437,1.1869866666666666,1.2509866666666667
2024-09-30_19-02-15_0002438,0.9992533333333333,1.0888533333333332
2024-09-30_19-02-15_0002438,1.1229866666666666,1.2168533333333333
2024-09-30_19-02-15_0002438,1.2509866666666667,1.3448533333333332
2024-09-30_19-02-15_0002438,1.3789866666666666,1.4728533333333333
2024-09-30_19-02-15_0002438,1.5069866666666667,1.6008533333333332
2024-09-30_19-02-15_0002438,1.6349866666666666,1.7288533333333334
2024-09-30_19-02-15_0002438,1.7629866666666667,1.8568533333333332
2024-09-30_19-02-15_0002438,1.8909866666666666,1.9848533333333334
2024-09-30_19-02-15_0002438,2.0189866666666667,2.1128533333333333
2024-09-30_19-02-15_0002438,2.146986666666667,2.25792
2024-09-30_19-02-44_0002441,0.9437866666666667,0.9992533333333333
2024-09-30_19-02-44_0002441,1.0248533333333334,1.31072
2024-09-30_19-02-44_0002441,1.3448533333333332,1.4557866666666666
2024-09-30_19-02-44_0002441,1.80992,1.8568533333333332
2024-09-30_19-02-44_0002441,1.8909866666666666,2.1213866666666665
2024-09-30_19-02-44_0002441,2.1640533333333334,2.4285866666666664
2024-09-30_19-02-44_0002441,2.4712533333333333,2.637653333333333
2024-09-30_19-02-44_0002441,2.6760533333333334,2.9021866666666667
2024-09-30_19-02-44_0002441,2.96192,3.1453866666666666
2024-09-30_19-02-44_0002441,3.162453333333333,3.3928533333333335
2024-09-30_19-02-44_0002441,3.444053333333333,3.5677866666666667
2024-09-30_19-02-44_0002441,3.6317866666666667,3.6701866666666665
2024-09-30_19-03-01_0002442,1.00352,1.23392
2024-09-30_19-03-20_0002444,0.9949866666666667,1.13152
2024-09-30_19-03-20_0002444,1.1528533333333333,1.25952
2024-09-30_19-03-20_0002444,1.2808533333333334,1.4045866666666667
2024-09-30_19-03-20_0002444,1.42592,1.60512
2024-09-30_19-03-20_0002444,1.6477866666666667,1.8397866666666667
2024-09-30_19-03-20_0002444,1.86112,2.07872
2024-09-30_19-03-20_0002444,2.11712,2.24512
2024-09-30_19-03-20_0002444,2.28352,2.3560533333333336
2024-09-30_19-03-20_0002444,2.5224533333333334,2.56512
2024-09-30_19-03-20_0002444,2.6333866666666665,2.73152
2024-09-30_19-03-20_0002444,2.7656533333333333,2.9576533333333335
2024-09-30_19-03-20_0002444,3.008853333333333,3.11552
2024-09-30_19-03-20_0002444,3.1581866666666665,3.2136533333333333
2024-09-30_19-03-40_0002446,0.99072,1.0760533333333333
2024-09-30_19-03-40_0002446,1.0973866666666667,1.2296533333333333
2024-09-30_19-03-40_0002446,1.2509866666666667,1.3832533333333332
2024-09-30_19-04-16_0002449,1.9805866666666667,2.01472
2024-09-30_19-04-16_0002449,2.0573866666666665,2.2152533333333335
2024-09-30_19-04-16_0002449,2.2408533333333334,2.3389866666666665
2024-09-30_19-04-16_0002449,2.3688533333333335,2.4669866666666667
2024-09-30_19-04-16_0002449,2.50112,2.560853333333333
2024-09-30_19-04-16_0002449,2.60352,2.7869866666666665
2024-09-30_19-04-16_0002449,2.8381866666666666,2.88512
2024-09-30_19-04-29_0002451,1.01632,1.1400533333333334
2024-09-30_19-04-29_0002451,1.1656533333333334,1.2680533333333333
2024-09-30_19-04-29_0002451,1.2936533333333333,1.3960533333333334
2024-09-30_19-04-29_0002451,1.4216533333333334,1.5240533333333333
2024-09-30_19-04-29_0002451,1.5496533333333333,1.6520533333333334
2024-09-30_19-04-29_0002451,1.6776533333333334,1.7800533333333333
2024-09-30_19-04-29_0002451,1.8056533333333333,1.9080533333333334
2024-09-30_19-04-29_0002451,1.9336533333333332,1.9720533333333334
2024-09-30_19-04-33_0002452,0.97792,1.1400533333333334
2024-09-30_19-04-33_0002452,1.1784533333333334,1.3789866666666666
2024-09-30_19-04-33_0002452,1.4088533333333333,1.5837866666666667
2024-09-30_19-04-33_0002452,1.6392533333333332,1.7373866666666666
2024-09-30_19-04-33_0002452,1.8013866666666667,1.8568533333333332
2024-09-30_19-05-07_0002455,0.99072,1.1101866666666667
2024-09-30_19-05-07_0002455,1.1357866666666667,1.2424533333333334
2024-09-30_19-05-07_0002455,1.2637866666666666,1.34912
2024-09-30_19-05-07_0002455,1.3704533333333333,1.5197866666666666
2024-09-30_19-05-07_0002455,1.5624533333333332,1.59232
2024-09-30_19-05-14_0002456,1.0120533333333332,1.16992
2024-09-30_19-05-14_0002456,1.1784533333333334,1.29792
2024-09-30_19-05-14_0002456,1.3064533333333332,1.3832533333333332
2024-09-30_19-05-58_0002461,0.9821866666666667,1.1016533333333334
2024-09-30_19-05-58_0002461,1.13152,1.2296533333333333
2024-09-30_19-05-58_0002461,1.25952,1.4088533333333333
2024-09-30_19-05-58_0002461,1.4344533333333334,1.5837866666666667
2024-09-30_19-05-58_0002461,1.6093866666666667,1.6648533333333333
2024-09-30_19-05-58_0002461,1.9208533333333333,1.98912
2024-09-30_19-05-58_0002461,2.0104533333333334,2.223786666666667
2024-09-30_19-05-58_0002461,2.2408533333333334,2.4328533333333335
2024-09-30_19-05-58_0002461,2.4840533333333332,2.6504533333333335
2024-09-30_19-05-58_0002461,2.6888533333333333,2.7741866666666666
2024-09-30_19-06-15_0002462,1.00352,1.88672
2024-09-30_19-06-17_0002463,1.02912,1.1400533333333334
2024-09-30_19-06-17_0002463,1.15712,1.3064533333333332
2024-09-30_19-06-17_0002463,1.3576533333333334,1.4472533333333333
2024-09-30_19-06-17_0002463,1.47712,1.52832
2024-09-30_19-07-05_0002471,1.0120533333333332,1.4173866666666666
2024-09-30_19-07-05_0002471,1.4685866666666667,1.5240533333333333
2024-09-30_19-07-05_0002471,1.5581866666666666,1.6477866666666667
2024-09-30_19-07-05_0002471,1.6605866666666667,1.7160533333333334
2024-09-30_19-07-05_0002471,1.7501866666666666,1.80992
2024-09-30_19-07-12_0002473,0.9992533333333333,1.0589866666666667
2024-09-30_19-07-12_0002473,1.1229866666666666,1.1869866666666666
2024-09-30_19-07-12_0002473,1.2509866666666667,1.3149866666666667
2024-09-30_19-07-12_0002473,1.3789866666666666,1.4429866666666666
2024-09-30_19-07-12_0002473,1.5069866666666667,1.5709866666666668
2024-09-30_19-07-12_0002473,1.6349866666666666,1.6989866666666666
2024-09-30_19-07-12_0002473,1.7629866666666667,1.8269866666666668
2024-09-30_19-07-12_0002473,1.8909866666666666,1.9549866666666667
2024-09-30_19-07-12_0002473,2.0189866666666667,2.0829866666666668
2024-09-30_19-07-12_0002473,2.1341866666666665,2.25792
2024-09-30_19-07-12_0002473,2.29632,2.3688533333333335
2024-09-30_19-07-12_0002473,2.39872,2.5224533333333334
2024-09-30_19-07-12_0002473,2.56512,2.6461866666666665
2024-09-30_19-13-39_0002476,0.92672,0.99072
2024-09-30_19-13-39_0002476,1.0205866666666668,1.1144533333333333
2024-09-30_19-13-39_0002476,1.2168533333333333,1.2680533333333333
2024-09-30_19-13-39_0002476,1.31072,1.4429866666666666
2024-09-30_19-13-39_0002476,1.4685866666666667,1.6136533333333334
2024-09-30_19-13-39_0002476,1.64352,1.7757866666666666
2024-09-30_19-13-41_0002477,0.9864533333333333,1.1528533333333333
2024-09-30_19-13-41_0002477,1.18272,1.2296533333333333
2024-09-30_19-13-44_0002478,1.00352,1.1144533333333333
2024-09-30_19-13-44_0002478,1.13152,1.2424533333333334
2024-09-30_19-13-44_0002478,1.25952,1.37472
2024-09-30_19-13-49_0002479,0.9949866666666667,1.0589866666666667
2024-09-30_19-13-49_0002479,1.0888533333333332,1.1357866666666667
2024-09-30_19-13-49_0002479,1.19552,1.33632
2024-09-30_19-13-49_0002479,1.36192,1.45152
2024-09-30_19-13-49_0002479,1.4600533333333334,1.5453866666666667
2024-09-30_19-13-52_0002480,1.0248533333333334,1.08032
2024-09-30_19-13-52_0002480,1.13152,1.2296533333333333
2024-09-30_19-14-03_0002482,1.02912,1.11872
2024-09-30_19-14-03_0002482,1.18272,1.24672
2024-09-30_19-14-03_0002482,1.31072,1.37472
2024-09-30_19-14-03_0002482,1.43872,1.50272
2024-09-30_19-14-03_0002482,1.56672,1.63072
2024-09-30_19-14-03_0002482,1.69472,1.75872
2024-09-30_19-14-03_0002482,1.82272,1.88672
2024-09-30_19-14-03_0002482,1.95072,2.01472
2024-09-30_19-14-03_0002482,2.07872,2.14272
2024-09-30_19-14-32_0002485,1.02912,1.11872
2024-09-30_19-14-32_0002485,1.1485866666666666,1.3832533333333332
2024-09-30_19-14-32_0002485,1.4045866666666667,1.69472
2024-09-30_19-14-32_0002485,1.7544533333333334,1.8781866666666667
2024-09-30_19-14-32_0002485,1.9165866666666667,1.9805866666666667
2024-09-30_19-14-32_0002485,2.0189866666666667,2.0957866666666667
2024-09-30_19-14-32_0002485,2.1384533333333335,2.21952
2024-09-30_19-14-32_0002485,2.266453333333333,2.3688533333333335
2024-09-30_19-14-32_0002485,2.38592,2.4669866666666667
2024-09-30_19-14-36_0002486,1.02912,1.41312
2024-09-30_19-14-36_0002486,1.5880533333333333,1.64352
2024-09-30_19-14-36_0002486,1.66912,1.7885866666666668
2024-09-30_19-14-36_0002486,1.8141866666666666,1.98912
2024-09-30_19-14-36_0002486,2.0360533333333333,2.10432
2024-09-30_19-14-49_0002487,1.00352,1.1613866666666666
2024-09-30_19-14-49_0002487,1.18272,1.27232
2024-09-30_19-14-49_0002487,1.31072,1.37472
2024-09-30_19-14-49_0002487,1.4088533333333333,1.4728533333333333
2024-09-30_19-14-49_0002487,1.5112533333333333,1.57952
2024-09-30_19-14-49_0002487,1.6093866666666667,1.68192
2024-09-30_19-14-49_0002487,1.7117866666666666,1.79712
2024-09-30_19-14-49_0002487,1.8312533333333334,1.91232
2024-09-30_19-14-49_0002487,1.95072,2.0189866666666667
2024-09-30_19-14-49_0002487,2.0317866666666666,2.0829866666666668
2024-09-30_19-15-01_0002488,1.0120533333333332,1.08032
2024-09-30_19-15-01_0002488,1.1400533333333334,1.1997866666666666
2024-09-30_19-15-01_0002488,1.2680533333333333,1.3277866666666667
2024-09-30_19-15-01_0002488,1.3448533333333332,1.4216533333333334
2024-09-30_19-15-01_0002488,1.4557866666666666,1.5197866666666666
2024-09-30_19-15-01_0002488,1.5496533333333333,1.60512
2024-09-30_19-15-01_0002488,1.6477866666666667,1.73312
2024-09-30_19-15-01_0002488,1.74592,1.98912
2024-09-30_19-15-01_0002488,2.0317866666666666,2.2152533333333335
2024-09-30_19-15-01_0002488,2.24512,2.560853333333333
2024-09-30_19-15-01_0002488,2.60352,2.66752
2024-09-30_19-15-01_0002488,2.70592,2.80832
2024-09-30_19-15-01_0002488,2.8296533333333334,3.03872
2024-09-30_19-15-01_0002488,3.0685866666666666,3.15392
2024-09-30_19-15-01_0002488,3.1880533333333334,3.2861866666666666
2024-09-30_19-15-01_0002488,3.3160533333333335,3.520853333333333
2024-09-30_19-15-01_0002488,3.56352,3.75552
2024-09-30_19-15-01_0002488,3.7896533333333333,3.9901866666666668
2024-09-30_19-15-01_0002488,4.066986666666667,4.12672
2024-09-30_19-15-01_0002488,4.194986666666667,4.233386666666667
2024-09-30_19-15-01_0002488,4.79232,4.85632
2024-09-30_19-15-28_0002490,0.9352533333333334,0.9821866666666667
2024-09-30_19-15-28_0002490,1.0248533333333334,1.1357866666666667
2024-09-30_19-15-28_0002490,1.1485866666666666,1.2637866666666666
2024-09-30_19-15-28_0002490,1.2765866666666668,1.4600533333333334
2024-09-30_19-15-28_0002490,1.52832,1.6008533333333332
2024-09-30_19-15-28_0002490,1.65632,1.72032
2024-09-30_19-15-28_0002490,1.7800533333333333,1.86112
2024-09-30_19-15-28_0002490,1.89952,2.0104533333333334
2024-09-30_19-16-06_0002492,0.97792,1.0504533333333332
2024-09-30_19-16-06_0002492,1.0888533333333332,1.1997866666666666
2024-09-30_19-16-06_0002492,1.2168533333333333,1.3277866666666667
2024-09-30_19-16-06_0002492,1.3448533333333332,1.4557866666666666
2024-09-30_19-16-06_0002492,1.4728533333333333,1.5837866666666667
2024-09-30_19-16-06_0002492,1.6008533333333332,1.70752
2024-09-30_19-16-06_0002492,1.7416533333333333,1.8653866666666667
2024-09-30_19-16-06_0002492,1.8952533333333332,1.97632
2024-09-30_19-16-06_0002492,2.01472,2.07872
2024-09-30_19-16-06_0002492,2.11712,2.1981866666666665
2024-09-30_19-16-06_0002492,2.2493866666666666,2.287786666666667
2024-09-30_19-16-06_0002492,2.3389866666666665,2.4072533333333332
2024-09-30_19-16-06_0002492,2.43712,2.6888533333333333
2024-09-30_19-16-06_0002492,2.722986666666667,2.8040533333333335
2024-09-30_19-16-14_0002494,0.8840533333333334,0.92672
2024-09-30_19-16-14_0002494,0.97792,1.0845866666666666
2024-09-30_19-16-14_0002494,1.1784533333333334,1.2381866666666668
2024-09-30_19-17-09_0002499,0.97792,1.0717866666666667
2024-09-30_19-17-09_0002499,1.1101866666666667,1.2253866666666666
2024-09-30_19-17-09_0002499,1.25952,1.34912
2024-09-30_19-17-11_0002500,1.0248533333333334,1.40032
2024-09-30_19-17-23_0002502,0.9053866666666667,0.9608533333333333
2024-09-30_19-17-23_0002502,1.0077866666666666,1.13152
2024-09-30_19-17-23_0002502,1.16992,1.25952
2024-09-30_19-17-23_0002502,1.29792,1.3789866666666666
2024-09-30_19-17-54_0002505,0.90112,0.9949866666666667
2024-09-30_19-17-54_0002505,1.0248533333333334,1.2808533333333334
2024-09-30_19-17-54_0002505,1.3192533333333334,1.50272
2024-09-30_19-17-54_0002505,1.5368533333333334,1.73312
2024-09-30_19-17-54_0002505,1.7800533333333333,2.1128533333333333
2024-09-30_19-17-54_0002505,2.1725866666666667,2.4584533333333334
2024-09-30_19-17-54_0002505,2.5224533333333334,2.70592
2024-09-30_19-17-54_0002505,2.7613866666666667,2.84672
2024-09-30_19-17-54_0002505,2.9064533333333333,2.96192
2024-09-30_19-17-54_0002505,3.0685866666666666,3.1112533333333334
2024-09-30_19-17-54_0002505,3.2349866666666665,3.2861866666666666
2024-09-30_19-17-54_0002505,3.456853333333333,3.661653333333333
2024-09-30_19-17-54_0002505,3.6957866666666668,3.8749866666666666
2024-09-30_19-17-54_0002505,3.913386666666667,4.084053333333333
2024-09-30_19-17-54_0002505,4.15232,4.25472
2024-09-30_19-17-54_0002505,4.29312,4.540586666666667
2024-09-30_19-17-54_0002505,4.58752,4.758186666666667
2024-09-30_19-17-54_0002505,4.796586666666666,4.962986666666667
2024-09-30_19-17-54_0002505,4.9885866666666665,5.026986666666667
2024-09-30_19-18-00_0002506,1.41312,1.56672
2024-09-30_19-18-00_0002506,1.63072,1.6605866666666667
2024-09-30_19-18-02_0002507,0.82432,0.9096533333333333
2024-09-30_19-18-02_0002507,0.9693866666666666,1.06752
2024-09-30_19-18-02_0002507,1.1016533333333334,1.2253866666666666
2024-09-30_19-18-02_0002507,1.24672,1.3789866666666666
2024-09-30_19-18-02_0002507,1.3960533333333334,1.57952
2024-09-30_19-18-02_0002507,1.6136533333333334,1.8397866666666667
2024-09-30_19-18-02_0002507,1.9592533333333333,2.1768533333333333
2024-09-30_19-18-02_0002507,2.21952,2.3816533333333334
2024-09-30_19-18-02_0002507,2.4285866666666664,2.6077866666666667
2024-09-30_19-18-02_0002507,2.65472,2.82112
2024-09-30_19-18-02_0002507,2.8936533333333334,2.9832533333333333
2024-09-30_19-18-02_0002507,3.0557866666666667,3.16672
2024-09-30_19-18-02_0002507,3.303253333333333,3.35872
2024-09-30_19-18-44_0002513,1.3405866666666666,1.3789866666666666
2024-09-30_19-18-44_0002513,1.42592,1.48992
2024-09-30_19-18-44_0002513,1.5197866666666666,1.7885866666666668
2024-09-30_19-18-44_0002513,1.8184533333333333,1.8824533333333333
2024-09-30_19-18-54_0002516,0.9821866666666667,1.0589866666666667
2024-09-30_19-18-54_0002516,1.0845866666666666,1.2253866666666666
2024-09-30_19-19-16_0002519,1.5581866666666666,1.7373866666666666
2024-09-30_19-19-16_0002519,1.7629866666666667,2.02752
2024-09-30_19-19-16_0002519,2.0573866666666665,2.3176533333333333
2024-09-30_19-19-16_0002519,2.3560533333333336,2.505386666666667
2024-09-30_19-19-16_0002519,2.5309866666666667,2.658986666666667
2024-09-30_19-19-16_0002519,2.68032,2.87232
2024-09-30_19-19-16_0002519,2.9021866666666667,3.1965866666666667
2024-09-30_19-19-16_0002519,3.2349866666666665,3.3629866666666666
2024-09-30_19-19-16_0002519,3.93472,4.020053333333333
2024-09-30_19-19-16_0002519,4.079786666666666,4.17792
2024-09-30_19-19-16_0002519,4.42112,4.463786666666667
2024-09-30_19-19-16_0002519,4.634453333333333,4.822186666666667
2024-09-30_19-19-16_0002519,5.410986666666667,5.543253333333333
2024-09-30_19-19-16_0002519,5.581653333333334,5.66272
2024-09-30_19-19-16_0002519,5.68832,5.86752
2024-09-30_19-19-16_0002519,5.901653333333333,6.08512
2024-09-30_19-19-16_0002519,6.16192,6.272853333333333
2024-09-30_19-19-16_0002519,7.01952,7.079253333333333
2024-09-30_19-19-16_0002519,7.14752,7.33952
2024-09-30_19-19-16_0002519,7.386453333333334,7.552853333333333
2024-09-30_19-19-16_0002519,7.578453333333333,7.7192533333333335
2024-09-30_19-19-16_0002519,7.753386666666667,7.983786666666667
2024-09-30_19-19-16_0002519,8.047786666666667,8.154453333333333
2024-09-30_19-19-42_0002520,0.9949866666666667,1.05472
2024-09-30_19-19-42_0002520,1.6221866666666667,1.7501866666666666
2024-09-30_19-19-42_0002520,1.77152,1.8397866666666667
2024-09-30_19-19-42_0002520,1.87392,2.048853333333333
2024-09-30_19-19-42_0002520,2.070186666666667,2.3176533333333333
2024-09-30_19-19-42_0002520,2.343253333333333,2.420053333333333
2024-09-30_19-19-42_0002520,2.4456533333333335,2.5096533333333335
2024-09-30_19-19-42_0002520,2.53952,2.60352
2024-09-30_19-19-42_0002520,2.658986666666667,2.714453333333333
2024-09-30_19-19-42_0002520,2.7485866666666667,2.8168533333333334
2024-09-30_19-19-42_0002520,2.855253333333333,2.9149866666666666
2024-09-30_19-19-42_0002520,3.162453333333333,3.4141866666666667
2024-09-30_19-19-42_0002520,3.44832,3.5677866666666667
2024-09-30_19-19-42_0002520,3.597653333333333,3.6445866666666666
2024-09-30_19-19-42_0002520,3.80672,3.96032
2024-09-30_19-19-42_0002520,3.98592,4.17792
2024-09-30_19-19-42_0002520,4.22912,4.38272
2024-09-30_19-19-42_0002520,4.412586666666667,4.52352
2024-09-30_19-19-42_0002520,4.56192,4.630186666666667
2024-09-30_19-19-42_0002520,4.68992,4.758186666666667
2024-09-30_19-19-42_0002520,4.783786666666667,4.83072
2024-09-30_19-19-42_0002520,4.86912,5.09952
2024-09-30_19-19-42_0002520,5.1421866666666665,5.30432
2024-09-30_19-19-42_0002520,5.351253333333333,5.449386666666666
2024-09-30_19-19-42_0002520,5.48352,5.70112
2024-09-30_19-19-42_0002520,5.743786666666667,5.927253333333334
2024-09-30_19-19-42_0002520,5.978453333333333,6.068053333333333
2024-09-30_19-19-42_0002520,6.127786666666666,6.178986666666667
2024-09-30_19-19-42_0002520,6.255786666666666,6.413653333333333
2024-09-30_19-19-42_0002520,6.46912,6.60992
2024-09-30_19-19-42_0002520,6.68672,6.729386666666667
2024-09-30_19-19-42_0002520,7.03232,7.156053333333333
2024-09-30_19-19-42_0002520,7.1901866666666665,7.40352
2024-09-30_19-20-03_0002522,1.0120533333333332,1.0504533333333332
2024-09-30_19-21-48_0002527,0.90112,1.06752
2024-09-30_19-21-48_0002527,1.09312,1.24672
2024-09-30_19-21-48_0002527,1.27232,1.43872
2024-09-30_19-21-48_0002527,1.4600533333333334,1.5325866666666668
2024-09-30_19-21-48_0002527,1.5581866666666666,1.68192
2024-09-30_19-21-48_0002527,1.7160533333333334,1.8909866666666666
2024-09-30_19-21-48_0002527,1.9165866666666667,1.97632
2024-09-30_19-21-48_0002527,2.0189866666666667,2.061653333333333
2024-09-30_19-21-48_0002527,2.1981866666666665,2.2749866666666665
2024-09-30_19-21-48_0002527,2.29632,2.4328533333333335
2024-09-30_19-21-48_0002527,2.4541866666666667,2.64192
2024-09-30_19-21-48_0002527,2.6717866666666668,2.75712
2024-09-30_19-21-56_0002528,0.9693866666666666,1.0333866666666667
2024-09-30_19-21-56_0002528,1.0845866666666666,1.1613866666666666
2024-09-30_19-21-56_0002528,1.2125866666666667,1.2893866666666667
2024-09-30_19-21-56_0002528,1.38752,1.46432
2024-09-30_19-21-56_0002528,1.5325866666666668,1.6221866666666667
2024-09-30_19-21-56_0002528,1.64352,1.7885866666666668
2024-09-30_19-21-56_0002528,1.8141866666666666,1.9421866666666667
2024-09-30_19-21-56_0002528,1.9549866666666667,2.23232
2024-09-30_19-21-56_0002528,2.2621866666666666,2.3816533333333334
2024-09-30_19-21-56_0002528,2.4157866666666665,2.50112
2024-09-30_19-23-02_0002534,0.95232,1.0888533333333332
2024-09-30_19-23-02_0002534,1.1869866666666666,1.2424533333333334
2024-09-30_19-23-02_0002534,2.799786666666667,2.8509866666666666
2024-09-30_19-23-02_0002534,2.8808533333333335,3.030186666666667
2024-09-30_19-23-02_0002534,3.0600533333333333,3.12832
2024-09-30_19-23-02_0002534,3.1752533333333335,3.226453333333333
2024-09-30_19-23-05_0002535,0.88832,1.0461866666666666
2024-09-30_19-23-05_0002535,1.0717866666666667,1.1741866666666667
2024-09-30_19-23-05_0002535,2.23232,2.48832
2024-09-30_19-23-05_0002535,2.5096533333333335,2.6333866666666665
2024-09-30_19-24-17_0002544,0.9949866666666667,1.05472
2024-09-30_19-24-17_0002544,1.0973866666666667,1.19552
2024-09-30_19-24-17_0002544,1.2296533333333333,1.34912
2024-09-30_19-24-17_0002544,1.3661866666666667,1.5069866666666667
2024-09-30_19-24-17_0002544,1.5325866666666668,1.6648533333333333
2024-09-30_19-24-17_0002544,1.6989866666666666,1.83552
2024-09-30_19-24-17_0002544,1.8824533333333333,1.9293866666666666
2024-09-30_19-24-17_0002544,2.2749866666666665,2.32192
2024-09-30_19-24-17_0002544,2.4712533333333333,2.582186666666667
2024-09-30_19-24-17_0002544,2.5949866666666668,2.82112
2024-09-30_19-24-17_0002544,2.8509866666666666,2.93632
2024-09-30_19-24-17_0002544,2.9661866666666667,3.008853333333333
2024-09-30_19-24-17_0002544,3.9432533333333333,4.01152
2024-09-30_19-24-17_0002544,4.0584533333333335,4.186453333333334
2024-09-30_19-24-17_0002544,4.2461866666666666,4.327253333333333
2024-09-30_19-24-48_0002548,1.5581866666666666,1.6349866666666666
2024-09-30_19-24-48_0002548,1.6605866666666667,1.8525866666666666
2024-09-30_19-24-48_0002548,1.8952533333333332,1.9933866666666666
2024-09-30_19-24-48_0002548,2.0232533333333333,2.09152
2024-09-30_19-24-48_0002548,2.1213866666666665,2.3901866666666667
2024-09-30_19-25-03_0002550,0.9821866666666667,1.0632533333333334
2024-09-30_19-25-03_0002550,1.0888533333333332,1.4045866666666667
2024-09-30_19-25-12_0002553,0.9864533333333333,1.1784533333333334
2024-09-30_19-25-12_0002553,1.19552,1.4173866666666666
2024-09-30_19-25-12_0002553,1.4557866666666666,1.5837866666666667
2024-09-30_19-25-12_0002553,1.6008533333333332,1.7160533333333334
2024-09-30_19-25-12_0002553,1.7288533333333334,1.8696533333333334
2024-09-30_19-25-12_0002553,1.88672,2.1128533333333333
2024-09-30_19-25-12_0002553,2.1512533333333335,2.23232
2024-09-30_19-25-12_0002553,2.29632,2.36032
2024-09-30_19-25-35_0002554,1.0205866666666668,1.16992
2024-09-30_19-25-35_0002554,1.1869866666666666,1.29792
2024-09-30_19-25-35_0002554,1.3149866666666667,1.50272
2024-09-30_19-25-35_0002554,1.5453866666666667,1.7416533333333333
2024-09-30_19-25-35_0002554,1.75872,1.9848533333333334
2024-09-30_19-25-35_0002554,2.0232533333333333,2.11712
2024-09-30_19-25-35_0002554,2.14272,2.38592
2024-09-30_19-25-35_0002554,2.46272,2.53952
2024-09-30_19-26-19_0002557,0.9864533333333333,1.05472
2024-09-30_19-26-19_0002557,1.1101866666666667,1.20832
2024-09-30_19-26-19_0002557,1.2381866666666668,1.33632
2024-09-30_19-26-19_0002557,1.3661866666666667,1.40032
2024-09-30_19-26-19_0002557,1.84832,1.96352
2024-09-30_19-26-19_0002557,1.9848533333333334,2.061653333333333
2024-09-30_19-26-19_0002557,2.0829866666666668,2.223786666666667
2024-09-30_19-26-19_0002557,2.25792,2.3176533333333333
2024-09-30_19-27-15_0002566,0.9821866666666667,1.0504533333333332
2024-09-30_19-27-25_0002568,1.0077866666666666,1.05472
2024-09-30_19-27-25_0002568,1.0973866666666667,1.2168533333333333
2024-09-30_19-27-25_0002568,1.3576533333333334,1.42592
2024-09-30_19-27-25_0002568,2.3048533333333334,2.3901866666666667
2024-09-30_19-27-25_0002568,2.4285866666666664,2.59072
2024-09-30_19-27-25_0002568,2.62912,2.791253333333333
2024-09-30_19-27-25_0002568,2.8381866666666666,2.9021866666666667
2024-09-30_19-28-07_0002577,1.00352,1.09312
2024-09-30_19-28-07_0002577,1.1741866666666667,1.22112
2024-09-30_19-28-14_0002578,0.9565866666666667,1.0888533333333332
2024-09-30_19-28-14_0002578,1.1229866666666666,1.2253866666666666
2024-09-30_19-28-14_0002578,1.2509866666666667,1.3533866666666667
2024-09-30_19-28-14_0002578,1.37472,1.4557866666666666
2024-09-30_19-28-14_0002578,1.6008533333333332,1.7629866666666667
2024-09-30_19-28-14_0002578,2.0445866666666666,2.202453333333333
2024-09-30_19-28-14_0002578,2.2493866666666666,2.300586666666667
2024-09-30_19-28-29_0002579,0.91392,0.9693866666666666
2024-09-30_19-28-29_0002579,0.99072,1.2552533333333333
2024-09-30_19-28-29_0002579,1.2893866666666667,1.4600533333333334
2024-09-30_19-28-29_0002579,1.4856533333333333,1.59232
2024-09-30_19-28-29_0002579,1.63072,1.6904533333333334
2024-09-30_19-28-29_0002579,1.7160533333333334,1.8568533333333332
2024-09-30_19-28-29_0002579,1.8824533333333333,2.0360533333333333
2024-09-30_19-28-29_0002579,2.0573866666666665,2.1341866666666665
2024-09-30_19-28-29_0002579,2.16832,2.3389866666666665
2024-09-30_19-28-29_0002579,2.3816533333333334,2.42432
2024-09-30_19-28-29_0002579,2.4797866666666666,2.6504533333333335
2024-09-30_19-28-34_0002580,0.9608533333333333,1.2040533333333334
2024-09-30_19-28-34_0002580,1.24672,1.3149866666666667
2024-09-30_19-28-38_0002581,0.9693866666666666,1.0717866666666667
2024-09-30_19-28-38_0002581,1.0845866666666666,1.1997866666666666
2024-09-30_19-28-38_0002581,1.2125866666666667,1.3277866666666667
2024-09-30_19-28-38_0002581,1.3405866666666666,1.4173866666666666
2024-09-30_19-28-53_0002583,2.1000533333333333,2.28352
2024-09-30_19-28-53_0002583,2.3304533333333333,2.42432
2024-09-30_19-28-53_0002583,2.44992,2.57792
2024-09-30_19-28-53_0002583,2.59072,2.6760533333333334
2024-09-30_19-28-53_0002583,2.6973866666666666,2.8893866666666668
2024-09-30_19-28-53_0002583,2.9277866666666665,3.08992
2024-09-30_19-28-53_0002583,3.11552,3.1837866666666668
2024-09-30_19-28-53_0002583,3.2093866666666666,3.3160533333333335
2024-09-30_19-28-53_0002583,3.3373866666666667,3.5933866666666665
2024-09-30_19-28-53_0002583,3.6317866666666667,3.836586666666667
2024-09-30_19-28-53_0002583,3.87072,4.118186666666666
2024-09-30_19-28-53_0002583,4.160853333333334,4.20352
2024-09-30_19-28-53_0002583,4.263253333333333,4.33152
2024-09-30_19-28-53_0002583,4.47232,4.6173866666666665
2024-09-30_19-28-53_0002583,4.63872,4.724053333333333
2024-09-30_19-28-53_0002583,4.79232,4.83072
2024-09-30_19-29-34_0002584,1.02912,1.29792
2024-09-30_19-30-15_0002589,1.01632,1.11872
2024-09-30_19-30-15_0002589,1.1400533333333334,1.24672
2024-09-30_19-30-15_0002589,1.2680533333333333,1.5837866666666667
2024-09-30_19-30-15_0002589,1.6093866666666667,1.7501866666666666
2024-09-30_19-30-15_0002589,1.7757866666666666,1.9165866666666667
2024-09-30_19-30-15_0002589,1.9421866666666667,2.1981866666666665
2024-09-30_19-30-15_0002589,2.23232,2.38592
2024-09-30_19-30-15_0002589,2.4157866666666665,2.53952
2024-09-30_19-30-15_0002589,2.57792,2.658986666666667
2024-09-30_19-30-15_0002589,2.6888533333333333,2.80832
2024-09-30_19-30-15_0002589,2.8253866666666667,2.9789866666666667
2024-09-30_19-30-15_0002589,3.0045866666666665,3.1880533333333334
2024-09-30_19-30-15_0002589,3.23072,3.2861866666666666
2024-09-30_19-30-15_0002589,3.3416533333333334,3.3928533333333335
2024-09-30_19-30-54_0002592,2.006186666666667,2.0445866666666666
2024-09-30_19-30-54_0002592,2.07872,2.3133866666666667
2024-09-30_19-30-54_0002592,2.34752,2.48832
2024-09-30_19-30-54_0002592,2.505386666666667,2.69312
2024-09-30_19-30-54_0002592,2.71872,2.79552
2024-09-30_19-30-54_0002592,2.82112,2.9064533333333333
2024-09-30_19-30-54_0002592,2.932053333333333,3.01312
2024-09-30_19-30-54_0002592,3.0472533333333334,3.2776533333333333
2024-09-30_19-30-54_0002592,3.32032,3.388586666666667
2024-09-30_19-31-39_0002595,0.97792,1.0717866666666667
2024-09-30_19-31-39_0002595,1.0973866666666667,1.6093866666666667
2024-09-30_19-31-41_0002596,0.97792,1.1784533333333334
2024-09-30_19-31-41_0002596,1.2253866666666666,1.3661866666666667
2024-09-30_19-31-41_0002596,1.41312,1.4856533333333333
2024-09-30_19-31-41_0002596,1.55392,1.5965866666666666
2024-09-30_19-32-30_0002599,1.3661866666666667,1.4216533333333334
2024-09-30_19-32-30_0002599,1.45152,1.6733866666666666
2024-09-30_19-32-30_0002599,1.7032533333333333,1.7757866666666666
2024-09-30_19-32-30_0002599,1.8056533333333333,1.8525866666666666
2024-09-30_19-32-56_0002601,0.9821866666666667,1.0845866666666666
2024-09-30_19-32-56_0002601,1.1357866666666667,1.1997866666666666
2024-09-30_19-32-56_0002601,1.2253866666666666,1.5069866666666667
2024-09-30_19-32-56_0002601,1.5581866666666666,1.60512
2024-09-30_19-33-02_0002602,1.02912,1.5325866666666668
2024-09-30_19-33-02_0002602,1.5453866666666667,1.5965866666666666
2024-09-30_19-33-02_0002602,1.6349866666666666,1.96352
2024-09-30_19-33-02_0002602,1.97632,2.202453333333333
2024-09-30_19-33-02_0002602,2.24512,2.6973866666666666
2024-09-30_19-33-02_0002602,2.7400533333333335,3.0984533333333335
2024-09-30_19-33-02_0002602,4.745386666666667,4.967253333333334
2024-09-30_19-33-02_0002602,5.863253333333334,6.22592
2024-09-30_19-33-02_0002602,6.234453333333334,6.41792
2024-09-30_19-33-02_0002602,6.426453333333333,6.60992
2024-09-30_19-33-02_0002602,6.626986666666666,6.810453333333333
2024-09-30_19-33-02_0002602,7.552853333333333,7.76192
2024-09-30_19-33-20_0002603,1.0077866666666666,1.3789866666666666
2024-09-30_19-33-20_0002603,1.7245866666666667,1.7885866666666668
2024-09-30_19-33-20_0002603,1.8184533333333333,2.0445866666666666
2024-09-30_19-33-20_0002603,2.06592,2.2280533333333334
2024-09-30_19-33-20_0002603,2.2749866666666665,2.4712533333333333
2024-09-30_19-33-20_0002603,2.4925866666666665,2.714453333333333
2024-09-30_19-33-20_0002603,2.75712,2.8296533333333334
2024-09-30_19-33-20_0002603,2.855253333333333,2.932053333333333
2024-09-30_19-33-20_0002603,2.94912,3.0472533333333334
2024-09-30_19-33-20_0002603,3.0685866666666666,3.26912
2024-09-30_19-33-20_0002603,3.2989866666666665,3.47392
2024-09-30_19-33-20_0002603,3.5080533333333332,3.661653333333333
2024-09-30_19-33-20_0002603,3.71712,3.7768533333333334
2024-09-30_19-33-20_0002603,4.12672,4.1821866666666665
2024-09-30_19-33-20_0002603,4.224853333333333,4.314453333333334
2024-09-30_19-33-20_0002603,4.3400533333333335,4.527786666666667
2024-09-30_19-33-20_0002603,4.596053333333334,4.6472533333333335
2024-09-30_19-33-20_0002603,5.103786666666666,5.27872
2024-09-30_19-33-20_0002603,5.308586666666667,5.53472
2024-09-30_19-33-20_0002603,5.564586666666667,5.79072
2024-09-30_19-33-20_0002603,5.858986666666667,5.935786666666667
2024-09-30_19-33-20_0002603,5.99552,6.076586666666667
2024-09-30_19-33-20_0002603,6.345386666666666,6.422186666666667
2024-09-30_19-33-20_0002603,6.50752,6.550186666666667
2024-09-30_19-33-56_0002608,0.97792,1.11872
2024-09-30_19-33-58_0002609,0.9949866666666667,1.04192
2024-09-30_19-33-58_0002609,1.0845866666666666,1.43872
2024-09-30_19-34-03_0002610,0.9437866666666667,0.9949866666666667
2024-09-30_19-34-03_0002610,1.0248533333333334,1.3576533333333334
2024-09-30_19-34-03_0002610,1.3832533333333332,1.42592
2024-09-30_19-34-20_0002611,1.0077866666666666,1.0973866666666667
2024-09-30_19-34-20_0002611,1.1357866666666667,1.2168533333333333
2024-09-30_19-34-20_0002611,1.24672,1.41312
2024-09-30_19-34-20_0002611,1.47712,1.54112
2024-09-30_19-34-52_0002617,0.9949866666666667,1.0632533333333334
2024-09-30_19-34-52_0002617,1.0973866666666667,1.20832
2024-09-30_19-34-52_0002617,1.2253866666666666,1.33632
2024-09-30_19-34-52_0002617,1.4045866666666667,1.4685866666666667
2024-09-30_19-34-52_0002617,1.50272,1.5624533333333332
2024-09-30_19-34-52_0002617,1.7032533333333333,1.77152
2024-09-30_19-34-52_0002617,1.8312533333333334,2.01472
2024-09-30_19-34-52_0002617,2.07872,2.1341866666666665
2024-09-30_19-34-52_0002617,2.1768533333333333,2.223786666666667
2024-09-30_19-35-23_0002622,0.9608533333333333,1.05472
2024-09-30_19-35-23_0002622,1.0845866666666666,1.40032
2024-09-30_19-35-23_0002622,1.43872,1.51552
2024-09-30_19-35-23_0002622,1.55392,1.6008533333333332
2024-09-30_19-35-23_0002622,2.29632,2.3816533333333334
2024-09-30_19-35-23_0002622,2.39872,2.5437866666666666
2024-09-30_19-35-23_0002622,2.560853333333333,2.722986666666667
2024-09-30_19-35-23_0002622,2.75712,2.8168533333333334
2024-09-30_19-36-18_0002626,1.65632,1.7629866666666667
2024-09-30_19-36-18_0002626,1.8013866666666667,1.8653866666666667
2024-09-30_19-36-18_0002626,1.89952,1.9933866666666666
2024-09-30_19-36-18_0002626,2.0189866666666667,2.1341866666666665
2024-09-30_19-36-21_0002627,0.9949866666666667,1.0888533333333332
2024-09-30_19-36-45_0002632,1.37472,1.46432
2024-09-30_19-36-45_0002632,1.47712,1.60512
2024-09-30_19-36-45_0002632,1.6264533333333333,1.87392
2024-09-30_19-36-45_0002632,1.92512,1.9677866666666666
2024-09-30_19-36-47_0002633,2.1000533333333333,2.202453333333333
2024-09-30_19-36-47_0002633,2.210986666666667,2.441386666666667
2024-09-30_19-36-47_0002633,2.4669866666666667,2.5309866666666667
2024-09-30_19-36-47_0002633,2.5693866666666665,2.64192
2024-09-30_19-36-47_0002633,2.7613866666666667,2.83392
2024-09-30_19-36-47_0002633,2.85952,3.05152
2024-09-30_19-36-47_0002633,3.07712,3.3288533333333334
2024-09-30_19-36-47_0002633,3.39712,3.6232533333333334
2024-09-30_19-36-47_0002633,3.6573866666666666,3.7981866666666666
2024-09-30_19-36-47_0002633,3.83232,3.9176533333333334
2024-09-30_19-36-47_0002633,3.9432533333333333,4.118186666666666
2024-09-30_19-36-47_0002633,4.143786666666666,4.2461866666666666
2024-09-30_19-36-47_0002633,4.2760533333333335,4.365653333333333
2024-09-30_19-37-04_0002635,0.9949866666666667,1.41312
2024-09-30_19-39-20_0002642,0.9864533333333333,1.0760533333333333
2024-09-30_19-39-20_0002642,1.1485866666666666,1.25952
2024-09-30_19-39-20_0002642,1.2936533333333333,1.4173866666666666
2024-09-30_19-39-20_0002642,1.4813866666666666,1.5453866666666667
2024-09-30_19-40-32_0002650,0.9864533333333333,1.0376533333333333
2024-09-30_19-42-11_0002659,0.99072,1.0589866666666667
2024-09-30_19-42-19_0002660,0.56832,0.6152533333333333
2024-09-30_19-43-29_0002661,1.01632,1.1485866666666666
2024-09-30_19-43-29_0002661,1.1869866666666666,1.2680533333333333
2024-09-30_19-43-29_0002661,1.41312,1.5069866666666667
2024-09-30_19-43-29_0002661,1.52832,1.6008533333333332
2024-09-30_19-43-29_0002661,1.63072,1.7885866666666668
2024-09-30_19-43-29_0002661,1.8397866666666667,1.8952533333333332
2024-09-30_19-43-31_0002662,1.00352,1.1485866666666666
2024-09-30_19-43-31_0002662,1.1741866666666667,1.37472
2024-09-30_19-43-31_0002662,1.42592,1.4600533333333334
2024-09-30_19-43-31_0002662,1.52832,1.56672
2024-09-30_19-43-31_0002662,1.72032,1.83552
2024-09-30_19-43-31_0002662,1.8568533333333332,1.9336533333333332
2024-09-30_19-43-31_0002662,1.9677866666666666,2.0445866666666666
2024-09-30_19-43-31_0002662,2.11712,2.1725866666666667
2024-09-30_19-43-46_0002663,0.95232,1.06752
2024-09-30_19-43-46_0002663,1.09312,1.20832
2024-09-30_19-43-46_0002663,1.22112,1.33632
2024-09-30_19-43-46_0002663,1.34912,1.46432
2024-09-30_19-43-46_0002663,1.47712,1.59232
2024-09-30_19-43-46_0002663,1.60512,1.72032
2024-09-30_19-43-46_0002663,1.73312,1.84832
2024-09-30_19-43-46_0002663,1.86112,1.97632
2024-09-30_19-43-46_0002663,1.98912,2.10432
2024-09-30_19-43-46_0002663,2.11712,2.23232
2024-09-30_19-43-49_0002664,0.90112,0.9608533333333333
2024-09-30_19-43-49_0002664,0.97792,1.37472
2024-09-30_19-43-49_0002664,1.3832533333333332,1.4344533333333334
2024-09-30_19-44-17_0002666,0.77312,0.8797866666666667
2024-09-30_19-44-17_0002666,1.0077866666666666,1.1229866666666666
2024-09-30_19-44-17_0002666,1.28512,1.3661866666666667
2024-09-30_19-44-35_0002670,1.0077866666666666,1.1656533333333334
2024-09-30_19-44-35_0002670,1.1869866666666666,1.2936533333333333
2024-09-30_19-44-35_0002670,1.3149866666666667,1.4216533333333334
2024-09-30_19-44-35_0002670,1.4429866666666666,1.5496533333333333
2024-09-30_19-44-35_0002670,1.5709866666666668,1.6776533333333334
2024-09-30_19-44-35_0002670,1.6989866666666666,1.8056533333333333
2024-09-30_19-44-35_0002670,1.8269866666666668,1.9336533333333332
2024-09-30_19-44-35_0002670,1.9549866666666667,2.0360533333333333
2024-09-30_19-44-35_0002670,2.0445866666666666,2.1768533333333333
2024-09-30_19-44-35_0002670,2.19392,2.4456533333333335
2024-09-30_19-44-35_0002670,2.50112,2.582186666666667
2024-09-30_19-45-20_0002674,1.0333866666666667,1.1656533333333334
2024-09-30_19-45-20_0002674,1.2040533333333334,1.3789866666666666
2024-09-30_19-45-32_0002677,1.0205866666666668,1.14432
2024-09-30_19-45-32_0002677,1.1656533333333334,1.27232
2024-09-30_19-45-32_0002677,1.2936533333333333,1.4088533333333333
2024-09-30_19-45-32_0002677,1.4429866666666666,1.61792
2024-09-30_19-45-32_0002677,1.6264533333333333,1.9421866666666667
2024-09-30_19-45-32_0002677,1.9720533333333334,2.10432
2024-09-30_19-45-32_0002677,2.1213866666666665,2.287786666666667
2024-09-30_19-45-32_0002677,2.3048533333333334,2.44992
2024-09-30_19-45-32_0002677,2.5224533333333334,2.722986666666667
2024-09-30_19-45-32_0002677,2.98752,3.0813866666666665
2024-09-30_19-55-38_0002679,1.02912,1.2552533333333333
2024-09-30_19-55-38_0002679,1.2808533333333334,1.3960533333333334
2024-09-30_19-55-38_0002679,1.4173866666666666,1.48992
2024-09-30_19-55-38_0002679,1.5197866666666666,1.6136533333333334
2024-09-30_19-55-38_0002679,1.6264533333333333,1.86112
2024-09-30_19-55-38_0002679,1.8824533333333333,1.9549866666666667
2024-09-30_19-56-22_0002680,0.79872,0.8328533333333333
2024-09-30_19-56-22_0002680,0.8797866666666667,0.9437866666666667
2024-09-30_19-56-22_0002680,0.9821866666666667,1.0717866666666667
2024-09-30_19-56-22_0002680,1.1485866666666666,1.2808533333333334
2024-09-30_19-56-22_0002680,1.29792,1.3960533333333334
2024-09-30_19-56-22_0002680,1.42592,1.51552
2024-09-30_19-56-22_0002680,1.5368533333333334,1.60512
2024-09-30_19-56-22_0002680,1.63072,1.79712
2024-09-30_19-56-22_0002680,1.8312533333333334,1.88672
2024-09-30_19-56-22_0002680,2.55232,2.59072
2024-09-30_19-56-22_0002680,2.74432,2.82112
2024-09-30_19-56-22_0002680,2.8509866666666666,2.92352
2024-09-30_19-56-22_0002680,2.953386666666667,3.02592
2024-09-30_19-56-22_0002680,3.05152,3.28192
2024-09-30_19-56-22_0002680,3.3160533333333335,3.380053333333333
2024-09-30_19-56-57_0002682,0.97792,1.1485866666666666
2024-09-30_19-56-57_0002682,1.1912533333333333,1.2765866666666668
2024-09-30_19-56-57_0002682,1.3192533333333334,1.6136533333333334
2024-09-30_19-56-57_0002682,1.6392533333333332,1.8568533333333332
2024-09-30_19-56-57_0002682,1.8909866666666666,1.95072
2024-09-30_19-56-57_0002682,2.006186666666667,2.06592
2024-09-30_19-56-57_0002682,2.441386666666667,2.505386666666667
2024-09-30_19-56-57_0002682,2.55232,2.8040533333333335
2024-09-30_19-56-57_0002682,2.8296533333333334,2.9789866666666667
2024-09-30_19-56-57_0002682,3.01312,3.1965866666666667
2024-09-30_19-56-57_0002682,3.226453333333333,3.2904533333333332
2024-09-30_19-56-57_0002682,3.324586666666667,3.444053333333333
2024-09-30_19-56-57_0002682,3.4781866666666668,3.62752
2024-09-30_19-56-57_0002682,3.65312,3.79392
2024-09-30_19-56-57_0002682,3.8621866666666667,3.93472
2024-09-30_19-58-01_0002686,1.00352,1.1101866666666667
2024-09-30_19-58-01_0002686,1.1485866666666666,1.2381866666666668
2024-09-30_19-58-01_0002686,1.2765866666666668,1.3917866666666667
2024-09-30_19-58-01_0002686,1.41312,1.6392533333333332
2024-09-30_19-58-01_0002686,1.6733866666666666,1.83552
2024-09-30_19-58-01_0002686,1.8824533333333333,1.9677866666666666
2024-09-30_19-58-01_0002686,2.006186666666667,2.12992
2024-09-30_19-58-01_0002686,2.1853866666666666,2.36032
2024-09-30_19-58-01_0002686,2.42432,2.496853333333333
2024-09-30_19-58-07_0002687,1.0248533333333334,1.1101866666666667
2024-09-30_19-58-07_0002687,1.1485866666666666,1.2381866666666668
2024-09-30_19-58-07_0002687,1.2765866666666668,1.64352
2024-09-30_19-58-07_0002687,1.6861866666666667,1.7288533333333334
2024-09-30_19-58-33_0002692,0.99072,1.8568533333333332
2024-09-30_19-58-33_0002692,2.7016533333333332,2.7528533333333334
2024-09-30_19-58-36_0002693,1.1016533333333334,1.1400533333333334
2024-09-30_19-58-36_0002693,1.1656533333333334,1.1912533333333333
2024-09-30_19-58-36_0002693,1.2296533333333333,1.2680533333333333
2024-09-30_19-58-36_0002693,1.2936533333333333,1.3192533333333334
2024-09-30_19-58-36_0002693,1.3917866666666667,1.51552
2024-09-30_19-58-36_0002693,1.60512,1.65632
2024-09-30_19-59-14_0002698,1.0077866666666666,1.1613866666666666
2024-09-30_19-59-14_0002698,1.5496533333333333,1.60512
2024-09-30_19-59-14_0002698,1.65632,1.8056533333333333
2024-09-30_19-59-14_0002698,1.91232,1.9976533333333333
2024-09-30_19-59-14_0002698,2.05312,2.1512533333333335
2024-09-30_19-59-14_0002698,2.33472,2.38592
2024-09-30_19-59-20_0002700,0.9821866666666667,1.25952
2024-09-30_19-59-20_0002700,1.32352,1.4813866666666666
2024-09-30_19-59-20_0002700,1.61792,1.68192
2024-09-30_20-01-34_0002704,1.0205866666666668,1.1400533333333334
2024-09-30_20-01-34_0002704,1.16992,1.3149866666666667
2024-09-30_20-01-34_0002704,1.3405866666666666,1.4728533333333333
2024-09-30_20-01-34_0002704,1.4984533333333334,1.7373866666666666
2024-09-30_20-01-34_0002704,1.7629866666666667,1.8909866666666666
2024-09-30_20-01-34_0002704,1.92512,2.14272
2024-09-30_20-01-34_0002704,2.1725866666666667,2.3176533333333333
2024-09-30_20-01-34_0002704,2.364586666666667,2.4285866666666664
2024-09-30_20-01-34_0002704,2.4669866666666667,2.5352533333333334
2024-09-30_20-01-34_0002704,2.56512,2.65472
2024-09-30_20-01-34_0002704,2.6717866666666668,2.75712
2024-09-30_20-01-34_0002704,2.76992,2.9021866666666667
2024-09-30_20-01-34_0002704,2.932053333333333,3.0045866666666665
2024-09-30_20-01-34_0002704,3.030186666666667,3.11552
2024-09-30_20-01-34_0002704,3.1453866666666666,3.25632
2024-09-30_20-01-34_0002704,3.2904533333333332,3.3629866666666666
2024-09-30_20-02-09_0002708,1.1528533333333333,1.2296533333333333
2024-09-30_20-02-09_0002708,1.2808533333333334,1.3576533333333334
2024-09-30_20-02-09_0002708,1.37472,1.48992
2024-09-30_20-02-09_0002708,1.5197866666666666,1.7757866666666666
2024-09-30_20-02-09_0002708,1.8184533333333333,1.9464533333333334
2024-09-30_20-02-09_0002708,1.9848533333333334,2.0445866666666666
2024-09-30_20-02-09_0002708,2.2365866666666667,2.279253333333333
2024-09-30_20-02-09_0002708,2.3176533333333333,2.39872
2024-09-30_20-02-09_0002708,2.42432,2.64192
2024-09-30_20-02-09_0002708,2.6632533333333335,2.7485866666666667
2024-09-30_20-02-09_0002708,2.76992,2.8168533333333334
2024-09-30_20-02-09_0002708,2.868053333333333,2.9021866666666667
2024-09-30_20-02-12_0002709,0.9096533333333333,0.9480533333333333
2024-09-30_20-02-12_0002709,0.9864533333333333,1.02912
2024-09-30_20-02-12_0002709,1.0461866666666666,1.1741866666666667
2024-09-30_20-02-12_0002709,1.2168533333333333,1.2936533333333333
2024-09-30_20-02-12_0002709,1.34912,1.40032
2024-09-30_20-05-08_0002715,1.02912,1.10592
2024-09-30_20-05-08_0002715,1.1400533333333334,1.23392
2024-09-30_20-05-08_0002715,1.2680533333333333,1.4685866666666667
2024-09-30_20-05-08_0002715,2.4328533333333335,2.4669866666666667
2024-09-30_20-05-09_0002716,0.7944533333333333,0.8285866666666667
2024-09-30_20-05-09_0002716,0.9736533333333334,1.1272533333333334
2024-09-30_20-05-09_0002716,1.14432,1.36192
2024-09-30_20-05-09_0002716,1.4088533333333333,1.46432
2024-09-30_20-05-09_0002716,1.5240533333333333,1.6136533333333334
2024-09-30_20-05-09_0002716,1.6605866666666667,1.7672533333333333
2024-09-30_20-05-09_0002716,1.8141866666666666,1.8781866666666667
2024-09-30_20-05-09_0002716,1.9080533333333334,2.12992
2024-09-30_20-05-09_0002716,2.1640533333333334,2.3133866666666667
2024-09-30_20-05-09_0002716,2.34752,2.43712
2024-09-30_20-05-09_0002716,2.46272,2.6888533333333333
2024-09-30_20-05-09_0002716,2.73152,2.791253333333333
2024-09-30_20-05-20_0002717,1.0120533333333332,1.10592
2024-09-30_20-05-20_0002717,1.1229866666666666,1.23392
2024-09-30_20-05-20_0002717,1.2509866666666667,1.48992
2024-09-30_20-05-20_0002717,1.54112,1.60512
2024-09-30_20-05-20_0002717,1.65632,1.72032
2024-09-30_20-05-23_0002718,0.9864533333333333,1.16992
2024-09-30_20-05-23_0002718,1.1912533333333333,1.3320533333333333
2024-09-30_20-05-23_0002718,1.3576533333333334,1.5752533333333334
2024-09-30_20-05-23_0002718,1.6392533333333332,1.7416533333333333
2024-09-30_20-05-23_0002718,1.80992,1.8525866666666666
2024-09-30_20-05-27_0002719,0.99072,1.0504533333333332
2024-09-30_20-05-27_0002719,1.0717866666666667,1.1613866666666666
2024-09-30_20-05-27_0002719,1.1741866666666667,1.4429866666666666
2024-09-30_20-05-27_0002719,1.4813866666666666,1.5837866666666667
2024-09-30_20-05-27_0002719,1.6093866666666667,1.6733866666666666
2024-09-30_20-05-27_0002719,1.7117866666666666,1.7672533333333333
2024-09-30_20-05-27_0002719,1.82272,1.8781866666666667
2024-09-30_20-05-27_0002719,2.01472,2.20672
2024-09-30_20-05-27_0002719,2.2408533333333334,2.44992
2024-09-30_20-05-27_0002719,2.4925866666666665,2.6888533333333333
2024-09-30_20-05-27_0002719,2.7272533333333335,2.8424533333333333
2024-09-30_20-05-27_0002719,2.8808533333333335,3.1581866666666665
2024-09-30_20-05-27_0002719,3.2392533333333335,3.30752
2024-09-30_20-05-48_0002723,0.9992533333333333,1.0717866666666667
2024-09-30_20-05-48_0002723,1.0845866666666666,1.3320533333333333
2024-09-30_20-05-48_0002723,1.3533866666666667,1.45152
2024-09-30_20-05-48_0002723,1.4728533333333333,1.63072
2024-09-30_20-05-48_0002723,1.6477866666666667,1.8312533333333334
2024-09-30_20-05-48_0002723,1.8653866666666667,2.07872
2024-09-30_20-05-48_0002723,2.10432,2.36032
2024-09-30_20-05-48_0002723,2.42432,2.5693866666666665
2024-09-30_20-05-48_0002723,2.6120533333333333,2.65472
2024-09-30_20-05-48_0002723,2.7016533333333332,2.7400533333333335
2024-09-30_20-05-48_0002723,2.79552,2.9789866666666667
2024-09-30_20-05-48_0002723,3.017386666666667,3.2008533333333333
2024-09-30_20-05-48_0002723,3.21792,3.4184533333333333
2024-09-30_20-05-48_0002723,3.456853333333333,3.5336533333333335
2024-09-30_20-05-48_0002723,3.90912,4.041386666666667
2024-09-30_20-05-48_0002723,4.0584533333333335,4.258986666666667
2024-09-30_20-05-48_0002723,4.327253333333333,4.38272
2024-09-30_20-06-05_0002724,0.9821866666666667,1.0333866666666667
2024-09-30_20-06-05_0002724,1.06752,1.4984533333333334
2024-09-30_20-06-05_0002724,1.5240533333333333,1.59232
2024-09-30_20-06-05_0002724,1.6221866666666667,1.8184533333333333
2024-09-30_20-06-05_0002724,1.84832,1.98912
2024-09-30_20-06-30_0002728,0.9864533333333333,1.1016533333333334
2024-09-30_20-06-30_0002728,1.1272533333333334,1.2296533333333333
2024-09-30_20-06-30_0002728,1.2552533333333333,1.36192
2024-09-30_20-06-30_0002728,1.3832533333333332,1.5368533333333334
2024-09-30_20-06-30_0002728,1.5624533333333332,1.65632
2024-09-30_20-06-30_0002728,1.66912,1.75872
2024-09-30_20-06-30_0002728,1.78432,1.8781866666666667
2024-09-30_20-06-30_0002728,1.8952533333333332,2.070186666666667
2024-09-30_20-06-30_0002728,2.10432,2.1597866666666667
2024-09-30_20-07-02_0002730,1.00352,1.15712
2024-09-30_20-07-02_0002730,1.2040533333333334,1.3277866666666667
2024-09-30_20-07-02_0002730,1.80992,1.9933866666666666
2024-09-30_20-07-02_0002730,2.0104533333333334,2.1725866666666667
2024-09-30_20-07-02_0002730,2.1896533333333332,2.43712
2024-09-30_20-07-02_0002730,2.4797866666666666,2.65472
2024-09-30_20-07-02_0002730,2.6888533333333333,2.778453333333333
2024-09-30_20-07-02_0002730,2.80832,2.9448533333333335
2024-09-30_20-07-02_0002730,2.9832533333333333,3.2221866666666665
2024-09-30_20-07-02_0002730,3.2520533333333335,3.324586666666667
2024-09-30_20-07-02_0002730,3.401386666666667,3.456853333333333
2024-09-30_20-07-02_0002730,3.49952,3.6957866666666668
2024-09-30_20-07-02_0002730,3.75552,3.836586666666667
2024-09-30_20-07-02_0002730,4.271786666666666,4.391253333333333
2024-09-30_20-07-02_0002730,4.442453333333333,4.489386666666666
2024-09-30_20-07-02_0002730,4.514986666666666,4.660053333333333
2024-09-30_20-07-02_0002730,4.685653333333334,4.8349866666666665
2024-09-30_20-07-02_0002730,4.873386666666667,5.056853333333334
2024-09-30_20-07-02_0002730,5.09952,5.210453333333334
2024-09-30_20-07-17_0002731,0.9949866666666667,1.0973866666666667
2024-09-30_20-07-17_0002731,1.13152,1.2253866666666666
2024-09-30_20-07-17_0002731,1.25952,1.42592
2024-09-30_20-07-17_0002731,1.46432,1.5197866666666666
2024-09-30_20-07-17_0002731,1.65632,1.7117866666666666
2024-09-30_20-07-17_0002731,2.2749866666666665,2.3176533333333333
2024-09-30_20-07-21_0002732,0.9096533333333333,0.9437866666666667
2024-09-30_20-07-21_0002732,0.9736533333333334,1.02912
2024-09-30_20-07-21_0002732,1.0632533333333334,1.14432
2024-09-30_20-07-21_0002732,1.15712,1.36192
2024-09-30_20-07-21_0002732,1.37472,1.4685866666666667
2024-09-30_20-07-21_0002732,1.50272,1.5624533333333332
2024-09-30_20-07-21_0002732,1.60512,1.6392533333333332
2024-09-30_20-07-29_0002733,0.9693866666666666,1.4344533333333334
2024-09-30_20-07-29_0002733,1.47712,1.51552
2024-09-30_20-08-01_0002738,0.9736533333333334,1.45152
2024-09-30_20-08-01_0002738,1.4941866666666668,1.5368533333333334
2024-09-30_20-08-09_0002739,1.1485866666666666,1.1997866666666666
2024-09-30_20-09-14_0002742,0.9437866666666667,0.9949866666666667
2024-09-30_20-09-14_0002742,1.0248533333333334,1.1784533333333334
2024-09-30_20-09-14_0002742,1.2253866666666666,1.25952
2024-09-30_20-09-27_0002744,1.02912,1.1528533333333333
2024-09-30_20-09-27_0002744,1.16992,1.41312
2024-09-30_20-09-27_0002744,1.46432,1.54112
2024-09-30_20-09-27_0002744,1.5752533333333334,1.63072
2024-09-30_20-09-42_0002747,0.9736533333333334,1.14432
2024-09-30_20-09-42_0002747,1.16992,1.27232
2024-09-30_20-09-42_0002747,1.29792,1.40032
2024-09-30_20-09-42_0002747,1.42592,1.52832
2024-09-30_20-09-42_0002747,1.55392,1.65632
2024-09-30_20-09-42_0002747,1.68192,1.78432
2024-09-30_20-09-42_0002747,1.80992,1.91232
2024-09-30_20-09-42_0002747,1.93792,2.04032
2024-09-30_20-09-42_0002747,2.06592,2.1981866666666665
2024-09-30_20-09-42_0002747,2.2493866666666666,2.3560533333333336
2024-09-30_20-09-42_0002747,2.3688533333333335,2.4669866666666667
2024-09-30_20-09-42_0002747,2.4797866666666666,2.57792
2024-09-30_20-09-42_0002747,2.61632,2.70592
2024-09-30_20-09-42_0002747,2.714453333333333,2.93632
2024-09-30_20-09-42_0002747,2.953386666666667,3.1752533333333335
2024-09-30_20-09-42_0002747,3.2008533333333333,3.3288533333333334
2024-09-30_20-09-42_0002747,3.3373866666666667,3.40992
2024-09-30_20-10-28_0002749,0.9864533333333333,1.0589866666666667
2024-09-30_20-10-28_0002749,1.0845866666666666,1.3320533333333333
2024-09-30_20-10-28_0002749,1.37472,1.5325866666666668
2024-09-30_20-10-28_0002749,1.5837866666666667,1.6605866666666667
2024-09-30_20-10-28_0002749,1.7373866666666666,1.7885866666666668
2024-09-30_20-10-28_0002749,1.8440533333333333,1.9293866666666666
2024-09-30_20-10-28_0002749,1.9592533333333333,2.1128533333333333
2024-09-30_20-10-28_0002749,2.1384533333333335,2.266453333333333
2024-09-30_20-10-28_0002749,2.29632,2.4328533333333335
2024-09-30_20-10-28_0002749,2.48832,2.5693866666666665
2024-09-30_20-10-28_0002749,2.61632,2.6717866666666668
2024-09-30_20-10-28_0002749,2.735786666666667,2.791253333333333
2024-09-30_20-10-28_0002749,2.8381866666666666,2.91072
2024-09-30_20-10-28_0002749,2.94912,3.106986666666667
2024-09-30_20-10-28_0002749,3.1880533333333334,3.2520533333333335
2024-09-30_20-10-28_0002749,3.8664533333333333,3.977386666666667
2024-09-30_20-10-34_0002750,0.9992533333333333,1.0760533333333333
2024-09-30_20-10-34_0002750,1.1144533333333333,1.2040533333333334
2024-09-30_20-10-34_0002750,1.2424533333333334,1.3320533333333333
2024-09-30_20-10-38_0002751,0.9821866666666667,1.1357866666666667
2024-09-30_20-10-38_0002751,1.1997866666666666,1.3320533333333333
2024-09-30_20-10-38_0002751,1.3661866666666667,1.4301866666666667
2024-09-30_20-10-38_0002751,1.50272,1.55392
2024-09-30_20-10-38_0002751,1.63072,1.6776533333333334
2024-09-30_20-10-38_0002751,1.73312,1.78432
2024-09-30_20-10-38_0002751,1.8312533333333334,1.92512
2024-09-30_20-10-38_0002751,1.96352,2.0957866666666667
2024-09-30_20-10-38_0002751,2.38592,2.4541866666666667
2024-09-30_20-10-42_0002752,1.0248533333333334,1.10592
2024-09-30_20-10-42_0002752,1.1869866666666666,1.23392
2024-09-30_20-10-42_0002752,1.3149866666666667,1.3576533333333334
2024-09-30_20-11-30_0002756,1.0333866666666667,1.1144533333333333
2024-09-30_20-11-30_0002756,1.1485866666666666,1.3320533333333333
2024-09-30_20-11-30_0002756,1.34912,1.5325866666666668
2024-09-30_20-11-30_0002756,1.5752533333333334,1.6477866666666667
2024-09-30_20-11-32_0002757,0.9864533333333333,1.0760533333333333
2024-09-30_20-11-32_0002757,1.0888533333333332,1.4088533333333333
2024-09-30_20-12-32_0002762,0.9821866666666667,1.0632533333333334
2024-09-30_20-12-32_0002762,1.1101866666666667,1.20832
2024-09-30_20-12-32_0002762,1.2381866666666668,1.33632
2024-09-30_20-12-32_0002762,1.3661866666666667,1.50272
2024-09-30_20-12-34_0002763,0.5896533333333334,0.6877866666666667
2024-09-30_20-12-34_0002763,0.77312,0.8072533333333334
2024-09-30_20-12-41_0002765,0.8328533333333333,0.86272
2024-09-30_20-12-53_0002767,0.9821866666666667,1.0760533333333333
2024-09-30_20-12-53_0002767,1.10592,1.2509866666666667
2024-09-30_20-12-53_0002767,1.2637866666666666,1.50272
2024-09-30_20-12-53_0002767,1.54112,1.6008533333333332
2024-09-30_20-12-53_0002767,1.6349866666666666,1.6861866666666667
2024-09-30_20-12-53_0002767,2.02752,2.1213866666666665
2024-09-30_20-12-53_0002767,2.1341866666666665,2.3773866666666668
2024-09-30_20-12-53_0002767,2.4285866666666664,2.5352533333333334
2024-09-30_20-12-53_0002767,2.573653333333333,2.6205866666666666
2024-09-30_20-12-53_0002767,3.01312,3.149653333333333
2024-09-30_20-12-53_0002767,3.1752533333333335,3.28192
2024-09-30_20-12-53_0002767,3.311786666666667,3.388586666666667
2024-09-30_20-13-06_0002769,0.90112,0.9608533333333333
2024-09-30_20-13-06_0002769,1.0077866666666666,1.2296533333333333
2024-09-30_20-13-06_0002769,2.0317866666666666,2.0573866666666665
2024-09-30_20-13-06_0002769,2.1213866666666665,2.3176533333333333
2024-09-30_20-13-06_0002769,2.36032,2.4072533333333332
2024-09-30_20-13-26_0002772,0.9821866666666667,1.0333866666666667
2024-09-30_20-13-26_0002772,1.0717866666666667,1.3405866666666666
2024-09-30_20-13-26_0002772,1.3960533333333334,1.4856533333333333
2024-09-30_20-13-26_0002772,1.52832,1.57952
2024-09-30_20-13-30_0002773,0.97792,1.0248533333333334
2024-09-30_20-14-11_0002778,0.9949866666666667,1.05472
2024-09-30_20-14-11_0002778,1.0845866666666666,1.20832
2024-09-30_20-14-11_0002778,1.24672,1.4600533333333334
2024-09-30_20-14-11_0002778,1.5197866666666666,1.5624533333333332
2024-09-30_20-14-41_0002782,0.99072,1.37472
2024-09-30_20-14-56_0002783,1.0248533333333334,1.4045866666666667
2024-09-30_20-14-56_0002783,1.4216533333333334,1.4685866666666667
2024-09-30_20-14-59_0002784,0.9864533333333333,1.0461866666666666
2024-09-30_20-14-59_0002784,1.06752,1.1869866666666666
2024-09-30_20-14-59_0002784,1.1997866666666666,1.3149866666666667
2024-09-30_20-14-59_0002784,1.3277866666666667,1.4216533333333334
2024-09-30_20-19-32_0002790,1.0077866666666666,1.0845866666666666
2024-09-30_20-19-32_0002790,1.1229866666666666,1.22112
2024-09-30_20-19-32_0002790,1.2509866666666667,1.4088533333333333
2024-09-30_20-19-32_0002790,1.4557866666666666,1.57952
2024-09-30_20-19-32_0002790,1.6221866666666667,1.68192
2024-09-30_20-19-32_0002790,1.93792,2.0104533333333334
2024-09-30_20-19-32_0002790,2.04032,2.2621866666666666
2024-09-30_20-19-32_0002790,2.37312,2.441386666666667
2024-09-30_20-19-32_0002790,2.4925866666666665,2.5309866666666667
2024-09-30_20-20-10_0002794,0.9992533333333333,1.1272533333333334
2024-09-30_20-20-10_0002794,1.1528533333333333,1.4045866666666667
2024-09-30_20-20-10_0002794,1.4728533333333333,1.51552
2024-09-30_20-20-10_0002794,1.7800533333333333,1.82272
2024-09-30_20-20-10_0002794,1.9720533333333334,2.0317866666666666
2024-09-30_20-20-10_0002794,2.061653333333333,2.2493866666666666
2024-09-30_20-20-27_0002795,1.0120533333333332,1.2296533333333333
2024-09-30_20-20-27_0002795,1.27232,1.3149866666666667
2024-09-30_20-21-24_0002803,1.01632,1.0632533333333334
2024-09-30_20-21-24_0002803,1.1144533333333333,1.2381866666666668
2024-09-30_20-21-24_0002803,1.2765866666666668,1.4173866666666666
2024-09-30_20-21-24_0002803,1.47712,1.7288533333333334
2024-09-30_20-21-24_0002803,1.8141866666666666,1.8525866666666666
2024-09-30_20-21-27_0002804,0.9992533333333333,1.0973866666666667
2024-09-30_20-21-27_0002804,1.11872,1.2253866666666666
2024-09-30_20-21-27_0002804,1.24672,1.47712
2024-09-30_20-21-27_0002804,1.5112533333333333,1.5581866666666666
2024-09-30_20-21-50_0002806,0.97792,1.0589866666666667
2024-09-30_20-21-50_0002806,1.09312,1.27232
2024-09-30_20-22-08_0002808,0.99072,1.1016533333333334
2024-09-30_20-22-08_0002808,1.1229866666666666,1.3960533333333334
2024-09-30_20-22-34_0002813,1.0205866666666668,1.0973866666666667
2024-09-30_20-22-34_0002813,1.11872,1.38752
2024-09-30_20-22-38_0002814,1.61792,1.6733866666666666
2024-09-30_20-22-38_0002814,1.70752,1.9421866666666667
2024-09-30_20-22-40_0002815,0.9864533333333333,1.1144533333333333
2024-09-30_20-22-40_0002815,1.1784533333333334,1.2168533333333333
2024-09-30_20-23-01_0002816,0.9949866666666667,1.16992
2024-09-30_20-23-01_0002816,1.19552,1.29792
2024-09-30_20-23-01_0002816,1.32352,1.36192
2024-09-30_20-23-01_0002816,2.1853866666666666,2.36032
2024-09-30_20-23-01_0002816,2.4029866666666666,2.4584533333333334
2024-09-30_20-23-26_0002817,0.95232,1.0589866666666667
2024-09-30_20-23-26_0002817,1.0973866666666667,1.2040533333333334
2024-09-30_20-23-26_0002817,1.2253866666666666,1.3320533333333333
2024-09-30_20-23-26_0002817,1.3533866666666667,1.4941866666666668
2024-09-30_20-23-26_0002817,1.54112,1.68192
2024-09-30_20-23-26_0002817,1.7288533333333334,1.80992
2024-09-30_20-23-26_0002817,1.83552,1.9208533333333333
2024-09-30_20-23-26_0002817,1.9464533333333334,2.02752
2024-09-30_20-23-26_0002817,2.05312,2.2408533333333334
2024-09-30_20-23-26_0002817,2.2749866666666665,2.3389866666666665
2024-09-30_20-28-10_0002828,1.01632,1.1144533333333333
2024-09-30_20-28-10_0002828,1.15712,1.3704533333333333
2024-09-30_20-28-14_0002829,0.9821866666666667,1.0333866666666667
2024-09-30_20-28-14_0002829,1.0760533333333333,1.1357866666666667
2024-09-30_20-28-14_0002829,1.1997866666666666,1.2637866666666666
2024-09-30_20-28-14_0002829,1.3277866666666667,1.3917866666666667
2024-09-30_20-28-14_0002829,1.4557866666666666,1.5197866666666666
2024-09-30_20-28-14_0002829,1.5837866666666667,1.6477866666666667
2024-09-30_20-28-14_0002829,1.7117866666666666,1.7757866666666666
2024-09-30_20-28-36_0002831,0.9992533333333333,1.1101866666666667
2024-09-30_20-29-18_0002833,1.02912,1.23392
2024-09-30_20-29-18_0002833,1.4813866666666666,1.6093866666666667
2024-09-30_20-29-18_0002833,1.61792,1.7032533333333333
2024-09-30_20-29-18_0002833,1.7501866666666666,1.8141866666666666
2024-09-30_20-29-45_0002838,0.97792,1.1613866666666666
2024-09-30_20-29-45_0002838,1.1997866666666666,1.2893866666666667
2024-09-30_20-29-45_0002838,1.3277866666666667,1.3917866666666667
2024-09-30_20-30-07_0002842,0.19285333333333332,0.26112
2024-09-30_20-30-38_0002847,0.9736533333333334,1.0376533333333333
2024-09-30_20-30-38_0002847,1.06752,1.51552
2024-09-30_20-30-38_0002847,1.56672,1.6349866666666666
2024-09-30_20-31-13_0002849,1.7629866666666667,1.8141866666666666
2024-09-30_20-31-13_0002849,1.8781866666666667,2.05312
2024-09-30_20-31-13_0002849,2.0872533333333334,2.279253333333333
2024-09-30_20-31-13_0002849,2.3176533333333333,2.52672
2024-09-30_20-31-13_0002849,2.560853333333333,2.64192
2024-09-30_20-31-13_0002849,2.6973866666666666,2.7528533333333334
2024-09-30_20-31-13_0002849,2.799786666666667,2.9576533333333335
2024-09-30_20-31-13_0002849,2.9832533333333333,3.2008533333333333
2024-09-30_20-31-13_0002849,3.23072,3.303253333333333
2024-09-30_20-31-13_0002849,3.43552,3.5336533333333335
2024-09-30_20-31-13_0002849,3.57632,3.6872533333333335
2024-09-30_20-31-13_0002849,3.72992,3.7853866666666667
2024-09-30_20-31-13_0002849,3.8280533333333335,3.900586666666667
2024-09-30_20-31-13_0002849,4.06272,4.105386666666667
2024-09-30_20-31-13_0002849,4.17792,4.237653333333333
2024-09-30_20-31-13_0002849,4.301653333333333,4.38272
2024-09-30_20-32-12_0002857,1.2424533333333334,1.36192
2024-09-30_20-32-12_0002857,1.3832533333333332,1.6221866666666667
2024-09-30_20-32-12_0002857,1.6776533333333334,1.84832
2024-09-30_20-32-12_0002857,1.88672,2.070186666666667
2024-09-30_20-32-12_0002857,2.0872533333333334,2.28352
2024-09-30_20-32-12_0002857,2.30912,2.38592
2024-09-30_20-32-12_0002857,2.4029866666666666,2.52672
2024-09-30_20-32-12_0002857,2.53952,2.7272533333333335
2024-09-30_20-32-12_0002857,2.76992,2.8424533333333333
2024-09-30_20-32-16_0002858,1.00352,1.0461866666666666
2024-09-30_20-32-16_0002858,1.0632533333333334,1.2424533333333334
2024-09-30_20-32-16_0002858,1.2765866666666668,1.3917866666666667
2024-09-30_20-32-16_0002858,1.41312,1.4941866666666668
2024-09-30_20-32-16_0002858,1.5197866666666666,1.6861866666666667
2024-09-30_20-32-16_0002858,1.7757866666666666,1.8141866666666666
2024-09-30_20-32-39_0002859,0.9992533333333333,1.0888533333333332
2024-09-30_20-32-39_0002859,1.1144533333333333,1.3149866666666667
2024-09-30_20-32-39_0002859,1.34912,1.4173866666666666
2024-09-30_20-32-39_0002859,1.47712,1.5197866666666666
2024-09-30_20-32-39_0002859,1.7160533333333334,1.83552
2024-09-30_20-32-39_0002859,1.86112,2.06592
2024-09-30_20-32-39_0002859,2.10432,2.4029866666666666
2024-09-30_20-32-39_0002859,2.43712,2.5309866666666667
2024-09-30_20-32-39_0002859,2.582186666666667,2.8040533333333335
2024-09-30_20-32-39_0002859,2.8509866666666666,3.01312
2024-09-30_20-32-39_0002859,3.0557866666666667,3.2648533333333334
2024-09-30_20-32-39_0002859,3.30752,3.5080533333333332
2024-09-30_20-32-49_0002860,0.5896533333333334,0.6493866666666667
2024-09-30_20-32-49_0002860,0.9693866666666666,1.0333866666666667
2024-09-30_20-32-49_0002860,1.0717866666666667,1.3917866666666667
2024-09-30_20-32-49_0002860,1.50272,1.5496533333333333
2024-09-30_20-32-49_0002860,1.6008533333333332,1.77152
2024-09-30_20-32-49_0002860,1.8013866666666667,1.8909866666666666
2024-09-30_20-32-49_0002860,1.92512,1.9976533333333333
2024-09-30_20-32-49_0002860,2.02752,2.10432
2024-09-30_20-32-49_0002860,2.146986666666667,2.1896533333333332
2024-09-30_20-32-49_0002860,2.2408533333333334,2.279253333333333
2024-09-30_20-32-49_0002860,2.44992,2.62912
2024-09-30_20-32-49_0002860,2.658986666666667,2.8168533333333334
2024-09-30_20-32-49_0002860,2.8509866666666666,2.98752
2024-09-30_20-32-49_0002860,3.03872,3.094186666666667
2024-09-30_20-33-02_0002861,0.99072,1.0632533333333334
2024-09-30_20-33-02_0002861,1.11872,1.18272
2024-09-30_20-33-02_0002861,1.24672,1.31072
2024-09-30_20-33-02_0002861,1.37472,1.45152
2024-09-30_20-33-02_0002861,1.48992,1.5368533333333334
2024-09-30_20-33-07_0002863,0.9565866666666667,1.0760533333333333
2024-09-30_20-33-07_0002863,1.1016533333333334,1.2936533333333333
2024-09-30_20-33-07_0002863,1.3277866666666667,1.37472
2024-09-30_20-33-09_0002864,1.01632,1.2552533333333333
2024-09-30_20-33-09_0002864,1.29792,1.3661866666666667
2024-09-30_20-33-26_0002866,1.02912,1.11872
2024-09-30_20-33-26_0002866,1.1357866666666667,1.24672
2024-09-30_20-33-26_0002866,1.2637866666666666,1.4600533333333334
2024-09-30_20-33-26_0002866,1.4856533333333333,1.5624533333333332
2024-09-30_20-33-26_0002866,1.5837866666666667,1.66912
2024-09-30_20-33-26_0002866,1.6904533333333334,1.8696533333333334
2024-09-30_20-33-26_0002866,1.88672,1.96352
2024-09-30_20-33-26_0002866,1.9933866666666666,2.1128533333333333
2024-09-30_20-33-26_0002866,2.1341866666666665,2.2280533333333334
2024-09-30_20-33-26_0002866,2.2493866666666666,2.37312
2024-09-30_20-33-26_0002866,2.38592,2.4712533333333333
2024-09-30_20-33-26_0002866,2.48832,2.5949866666666668
2024-09-30_20-33-26_0002866,2.6120533333333333,2.68032
2024-09-30_20-33-26_0002866,2.6973866666666666,2.8168533333333334
2024-09-30_20-33-26_0002866,2.8509866666666666,2.932053333333333
2024-09-30_20-33-26_0002866,2.9661866666666667,3.0344533333333334
2024-09-30_20-33-40_0002868,0.9437866666666667,1.0461866666666666
2024-09-30_20-33-40_0002868,1.0973866666666667,1.1485866666666666
2024-09-30_20-33-51_0002870,0.99072,1.1144533333333333
2024-09-30_20-33-51_0002870,1.1400533333333334,1.3917866666666667
2024-09-30_20-33-51_0002870,1.4344533333333334,1.4984533333333334
2024-09-30_20-33-51_0002870,1.9848533333333334,2.1384533333333335
2024-09-30_20-33-51_0002870,2.1597866666666667,2.33472
2024-09-30_20-33-51_0002870,2.3816533333333334,2.6077866666666667
2024-09-30_20-33-51_0002870,2.658986666666667,2.8168533333333334
2024-09-30_20-33-51_0002870,2.855253333333333,3.0685866666666666
2024-09-30_20-33-51_0002870,3.10272,3.2093866666666666
2024-09-30_20-33-51_0002870,3.247786666666667,3.30752
2024-09-30_20-35-28_0002874,1.6989866666666666,1.8312533333333334
2024-09-30_20-35-29_0002875,0.49578666666666665,0.6280533333333334
2024-09-30_20-35-43_0002879,0.9736533333333334,1.0760533333333333
2024-09-30_20-35-43_0002879,1.0973866666666667,1.22112
2024-09-30_20-35-43_0002879,1.25952,1.3832533333333332
2024-09-30_20-35-43_0002879,1.6477866666666667,1.68192
2024-09-30_20-35-43_0002879,1.7373866666666666,1.86112
2024-09-30_20-35-43_0002879,1.88672,2.048853333333333
2024-09-30_20-35-43_0002879,2.0829866666666668,2.223786666666667
2024-09-30_20-35-43_0002879,2.2621866666666666,2.3261866666666666
2024-09-30_20-35-48_0002880,2.006186666666667,2.1640533333333334
2024-09-30_20-35-48_0002880,2.18112,2.34752
2024-09-30_20-35-48_0002880,2.3773866666666668,2.5352533333333334
2024-09-30_20-35-48_0002880,2.560853333333333,2.6760533333333334
2024-09-30_20-35-48_0002880,2.69312,2.7528533333333334
2024-09-30_20-35-48_0002880,2.79552,2.83392
2024-09-30_20-35-48_0002880,2.91072,2.953386666666667
2024-09-30_20-35-48_0002880,3.08992,3.2349866666666665
2024-09-30_20-35-48_0002880,3.2520533333333335,3.47392
2024-09-30_20-35-48_0002880,3.49952,3.67872
2024-09-30_20-35-48_0002880,3.7213866666666666,3.7853866666666667
2024-09-30_20-35-48_0002880,3.879253333333333,3.92192
2024-09-30_20-36-06_0002881,0.8968533333333333,0.96512
2024-09-30_20-36-06_0002881,1.0120533333333332,1.1357866666666667
2024-09-30_20-36-06_0002881,1.1741866666666667,1.2637866666666666
2024-09-30_20-36-06_0002881,1.3021866666666666,1.3448533333333332
2024-09-30_20-37-02_0002883,0.8541866666666666,0.88832
2024-09-30_20-37-02_0002883,0.96512,1.0888533333333332
2024-09-30_20-37-06_0002884,1.0077866666666666,1.06752
2024-09-30_20-37-11_0002885,0.93952,0.9992533333333333
2024-09-30_20-37-11_0002885,1.02912,1.4984533333333334
2024-09-30_20-37-11_0002885,1.5581866666666666,1.60512
2024-09-30_20-37-25_0002886,0.99072,1.0973866666666667
2024-09-30_20-37-25_0002886,1.15712,1.2253866666666666
2024-09-30_20-37-25_0002886,1.28512,1.4173866666666666
2024-09-30_20-37-25_0002886,1.4600533333333334,1.52832
2024-09-30_20-38-18_0002892,0.68352,0.74752
2024-09-30_20-38-18_0002892,1.0205866666666668,1.0717866666666667
2024-09-30_20-38-18_0002892,1.11872,1.1912533333333333
2024-09-30_20-38-18_0002892,1.24672,1.3192533333333334
2024-09-30_20-38-18_0002892,1.3533866666666667,1.4472533333333333
2024-09-30_20-38-18_0002892,1.4685866666666667,1.6605866666666667
2024-09-30_20-38-18_0002892,1.6904533333333334,1.73312
2024-09-30_20-38-20_0002893,0.9821866666666667,1.1357866666666667
2024-09-30_20-38-20_0002893,1.18272,1.2637866666666666
2024-09-30_20-38-20_0002893,1.31072,1.3576533333333334
2024-09-30_20-38-22_0002894,1.00352,1.0589866666666667
2024-09-30_20-38-22_0002894,1.13152,1.16992
2024-09-30_20-38-22_0002894,1.25952,1.29792
2024-09-30_20-38-22_0002894,1.38752,1.42592
2024-09-30_20-38-22_0002894,1.51552,1.55392
2024-09-30_20-38-29_0002895,0.9224533333333333,0.9565866666666667
2024-09-30_20-38-29_0002895,1.0077866666666666,1.08032
2024-09-30_20-38-29_0002895,1.10592,1.16992
2024-09-30_20-38-29_0002895,1.23392,1.29792
2024-09-30_20-38-29_0002895,1.36192,1.42592
2024-09-30_20-38-29_0002895,1.48992,1.55392
2024-09-30_20-38-29_0002895,1.61792,1.68192
2024-09-30_20-38-39_0002897,0.9352533333333334,1.1016533333333334
2024-09-30_20-38-39_0002897,1.1101866666666667,1.20832
2024-09-30_20-38-39_0002897,1.2765866666666668,1.3448533333333332
2024-09-30_20-38-39_0002897,1.4045866666666667,1.4557866666666666
2024-09-30_20-38-39_0002897,2.3773866666666668,2.46272
2024-09-30_20-38-39_0002897,2.47552,2.8637866666666665
2024-09-30_20-38-39_0002897,2.9064533333333333,2.96192
2024-09-30_20-38-39_0002897,3.02592,3.085653333333333
2024-09-30_20-38-56_0002898,1.0120533333333332,1.0760533333333333
2024-09-30_20-38-56_0002898,1.09312,1.2296533333333333
2024-09-30_20-38-56_0002898,1.25952,1.3320533333333333
2024-09-30_20-38-56_0002898,1.3661866666666667,1.47712
2024-09-30_20-38-56_0002898,2.210986666666667,2.27072
2024-09-30_20-38-56_0002898,2.29632,2.55232
2024-09-30_20-38-56_0002898,2.5864533333333335,2.6461866666666665
2024-09-30_20-41-41_0002912,0.9949866666666667,1.08032
2024-09-30_20-41-41_0002912,1.1101866666666667,1.2765866666666668
2024-09-30_20-41-41_0002912,1.29792,1.3789866666666666
2024-09-30_20-41-41_0002912,1.40032,1.4728533333333333
2024-09-30_20-41-41_0002912,1.54112,1.5752533333333334
2024-09-30_20-41-41_0002912,2.51392,2.6760533333333334
2024-09-30_20-41-41_0002912,2.735786666666667,2.8040533333333335
2024-09-30_20-41-41_0002912,2.855253333333333,2.89792
2024-09-30_20-41-47_0002913,1.01632,1.1229866666666666
2024-09-30_20-41-47_0002913,1.1528533333333333,1.2040533333333334
2024-09-30_20-43-26_0002916,0.9949866666666667,1.1869866666666666
2024-09-30_20-43-26_0002916,1.2168533333333333,1.2936533333333333
2024-09-30_20-43-26_0002916,1.32352,1.46432
2024-09-30_20-43-26_0002916,1.5069866666666667,1.59232
2024-09-30_20-43-26_0002916,1.6349866666666666,1.8525866666666666
2024-09-30_20-43-26_0002916,1.87392,1.9165866666666667
2024-09-30_20-43-26_0002916,2.3389866666666665,2.42432
2024-09-30_20-43-26_0002916,2.4456533333333335,2.55232
2024-09-30_20-43-26_0002916,2.60352,2.66752
2024-09-30_20-44-31_0002920,1.0077866666666666,1.1400533333333334
2024-09-30_20-44-31_0002920,1.1656533333333334,1.2808533333333334
2024-09-30_20-44-31_0002920,1.3064533333333332,1.5368533333333334
2024-09-30_20-44-31_0002920,1.5752533333333334,1.63072
2024-09-30_20-44-34_0002921,1.0248533333333334,1.0632533333333334
2024-09-30_20-44-34_0002921,1.11872,1.1656533333333334
2024-09-30_20-44-34_0002921,1.24672,1.2936533333333333
2024-09-30_20-44-34_0002921,1.37472,1.4216533333333334
2024-09-30_20-44-34_0002921,1.50272,1.5496533333333333
2024-09-30_20-44-34_0002921,1.63072,1.6776533333333334
2024-09-30_20-44-34_0002921,1.75872,1.8056533333333333
2024-09-30_20-44-34_0002921,1.88672,1.9336533333333332
2024-09-30_20-44-49_0002923,0.8584533333333333,0.9224533333333333
2024-09-30_20-44-49_0002923,0.9693866666666666,1.0376533333333333
2024-09-30_20-47-53_0002934,2.0872533333333334,2.16832
2024-09-30_20-47-53_0002934,2.202453333333333,2.33472
2024-09-30_20-47-53_0002934,2.364586666666667,2.4797866666666666
2024-09-30_20-47-53_0002934,2.5437866666666666,2.5992533333333334
2024-09-30_20-48-38_0002939,1.0376533333333333,1.0973866666666667
2024-09-30_20-48-38_0002939,1.1357866666666667,1.28512
2024-09-30_20-48-38_0002939,1.3149866666666667,1.50272
2024-09-30_20-48-38_0002939,1.56672,1.6349866666666666
2024-09-30_20-48-59_0002940,1.0205866666666668,1.0973866666666667
2024-09-30_20-48-59_0002940,1.11872,1.34912
2024-09-30_20-48-59_0002940,1.3789866666666666,1.5112533333333333
2024-09-30_20-48-59_0002940,1.5453866666666667,1.60512
2024-09-30_20-48-59_0002940,1.6605866666666667,1.70752
2024-09-30_20-48-59_0002940,1.74592,1.97632
2024-09-30_20-48-59_0002940,2.00192,2.2152533333333335
2024-09-30_20-48-59_0002940,2.2621866666666666,2.3560533333333336
2024-09-30_20-48-59_0002940,2.37312,2.5565866666666666
2024-09-30_20-48-59_0002940,2.57792,2.7101866666666665
2024-09-30_20-48-59_0002940,2.735786666666667,3.0429866666666667
2024-09-30_20-48-59_0002940,3.08992,3.1368533333333333
2024-09-30_20-52-49_0002944,0.97792,1.0589866666666667
2024-09-30_20-52-49_0002944,1.1016533333333334,1.1912533333333333
2024-09-30_20-52-49_0002944,1.22112,1.36192
2024-09-30_20-52-49_0002944,1.38752,1.63072
2024-09-30_20-52-49_0002944,1.6605866666666667,1.7757866666666666
2024-09-30_20-52-49_0002944,2.3133866666666667,2.44992
2024-09-30_20-52-49_0002944,2.4797866666666666,2.5992533333333334
2024-09-30_20-52-49_0002944,2.637653333333333,2.6845866666666667
2024-09-30_20-52-58_0002945,0.9736533333333334,1.13152
2024-09-30_20-52-58_0002945,1.1528533333333333,1.2808533333333334
2024-09-30_20-52-58_0002945,1.3149866666666667,1.3832533333333332
2024-09-30_20-52-58_0002945,1.4173866666666666,1.4600533333333334
2024-09-30_20-52-58_0002945,1.84832,1.8952533333333332
2024-09-30_20-52-58_0002945,1.9976533333333333,2.061653333333333
2024-09-30_20-52-58_0002945,2.1000533333333333,2.15552
2024-09-30_20-52-58_0002945,2.1896533333333332,2.3389866666666665
2024-09-30_20-52-58_0002945,2.3816533333333334,2.4328533333333335
2024-09-30_20-53-47_0002949,0.9821866666666667,1.1016533333333334
2024-09-30_20-53-47_0002949,1.1229866666666666,1.2296533333333333
2024-09-30_20-53-47_0002949,1.2509866666666667,1.3704533333333333
2024-09-30_20-53-47_0002949,1.38752,1.4813866666666666
2024-09-30_20-53-47_0002949,1.5069866666666667,1.5581866666666666
2024-09-30_20-53-47_0002949,1.5880533333333333,1.6520533333333334
2024-09-30_20-53-47_0002949,1.6989866666666666,1.7544533333333334
2024-09-30_20-53-47_0002949,1.79712,1.84832
2024-09-30_20-53-47_0002949,1.88672,1.98912
2024-09-30_20-53-47_0002949,2.01472,2.1213866666666665
2024-09-30_20-53-47_0002949,2.1384533333333335,2.2621866666666666
2024-09-30_20-53-47_0002949,2.28352,2.41152
2024-09-30_20-53-47_0002949,2.46272,2.505386666666667
2024-09-30_20-54-05_0002953,1.0205866666666668,1.0717866666666667
2024-09-30_20-54-05_0002953,1.1101866666666667,1.2168533333333333
2024-09-30_20-54-23_0002955,1.01632,1.1784533333333334
2024-09-30_20-54-23_0002955,1.2125866666666667,1.38752
2024-09-30_20-54-23_0002955,1.4088533333333333,1.5197866666666666
2024-09-30_20-54-23_0002955,1.54112,1.6904533333333334
2024-09-30_20-54-23_0002955,1.7544533333333334,1.80992
2024-09-30_20-55-49_0002957,1.02912,1.0760533333333333
2024-09-30_20-55-49_0002957,1.1101866666666667,1.18272
2024-09-30_20-55-49_0002957,1.2381866666666668,1.31072
2024-09-30_20-55-49_0002957,1.40032,1.5325866666666668
2024-09-30_20-55-49_0002957,1.5496533333333333,1.65632
2024-09-30_20-55-49_0002957,2.496853333333333,2.637653333333333
2024-09-30_20-55-49_0002957,2.658986666666667,2.75712
2024-09-30_20-56-14_0002959,1.0845866666666666,1.4429866666666666
2024-09-30_20-56-14_0002959,1.4600533333333334,1.84832
2024-09-30_20-56-14_0002959,1.8909866666666666,2.0317866666666666
2024-09-30_20-56-14_0002959,2.05312,2.14272
2024-09-30_20-56-14_0002959,2.1512533333333335,2.2493866666666666
2024-09-30_20-56-14_0002959,3.017386666666667,3.2605866666666667
2024-09-30_20-56-14_0002959,3.76832,3.968853333333333
2024-09-30_20-56-14_0002959,4.002986666666667,4.118186666666666
2024-09-30_20-56-14_0002959,4.156586666666667,4.24192
2024-09-30_20-56-14_0002959,4.25472,4.412586666666667
2024-09-30_20-56-14_0002959,4.44672,4.685653333333334
2024-09-30_20-56-45_0002961,0.9096533333333333,0.9480533333333333
2024-09-30_20-56-45_0002961,0.9949866666666667,1.0632533333333334
2024-09-30_20-56-45_0002961,1.09312,1.2424533333333334
2024-09-30_20-56-45_0002961,1.25952,1.4856533333333333
2024-09-30_20-56-45_0002961,1.5112533333333333,1.5752533333333334
2024-09-30_20-56-45_0002961,1.61792,1.6904533333333334
2024-09-30_20-56-45_0002961,1.7245866666666667,1.8141866666666666
2024-09-30_20-56-45_0002961,1.83552,2.0573866666666665
2024-09-30_20-56-45_0002961,2.07872,2.28352
2024-09-30_20-56-45_0002961,2.3304533333333333,2.4157866666666665
2024-09-30_20-56-45_0002961,2.4669866666666667,2.5224533333333334
2024-09-30_20-56-45_0002961,2.855253333333333,2.9064533333333333
2024-09-30_20-56-45_0002961,2.9704533333333334,3.0344533333333334
2024-09-30_20-56-45_0002961,3.05152,3.170986666666667
2024-09-30_20-56-45_0002961,3.2008533333333333,3.2605866666666667
2024-09-30_20-56-45_0002961,3.4056533333333334,3.520853333333333
2024-09-30_20-56-45_0002961,3.5592533333333334,3.6488533333333333
2024-09-30_20-56-45_0002961,3.69152,3.75552
2024-09-30_20-57-00_0002962,1.0120533333333332,1.11872
2024-09-30_20-57-00_0002962,1.15712,1.24672
2024-09-30_20-57-00_0002962,1.28512,1.37472
2024-09-30_20-57-00_0002962,1.43872,1.6904533333333334
2024-09-30_20-57-00_0002962,1.73312,1.79712
2024-09-30_20-57-20_0002964,1.2296533333333333,1.2680533333333333
2024-09-30_20-57-20_0002964,1.3192533333333334,1.5325866666666668
2024-09-30_20-57-20_0002964,1.5752533333333334,1.63072
2024-09-30_20-57-24_0002965,0.9864533333333333,1.0973866666666667
2024-09-30_20-57-24_0002965,1.1144533333333333,1.3405866666666666
2024-09-30_20-57-24_0002965,1.3661866666666667,1.4344533333333334
2024-09-30_20-57-24_0002965,1.4600533333333334,1.51552
2024-09-30_20-57-24_0002965,1.5624533333333332,1.6008533333333332
2024-09-30_20-57-24_0002965,1.8781866666666667,2.02752
2024-09-30_20-57-24_0002965,2.05312,2.16832
2024-09-30_20-57-24_0002965,2.18112,2.27072
2024-09-30_20-57-24_0002965,2.29632,2.505386666666667
2024-09-30_20-57-24_0002965,2.55232,2.62912
2024-09-30_20-57-50_0002970,0.9053866666666667,0.9693866666666666
2024-09-30_20-57-50_0002970,0.99072,1.3960533333333334
2024-09-30_20-57-50_0002970,1.42592,1.4813866666666666
2024-09-30_20-58-01_0002971,0.09045333333333333,0.13312
2024-09-30_20-58-01_0002971,0.23552,0.26965333333333336
2024-09-30_20-58-01_0002971,1.01632,1.0760533333333333
2024-09-30_20-58-01_0002971,1.0973866666666667,1.38752
2024-09-30_20-58-01_0002971,1.4216533333333334,1.4856533333333333
2024-09-30_20-58-18_0002972,1.0248533333333334,1.0717866666666667
2024-09-30_20-58-18_0002972,1.13152,1.1869866666666666
2024-09-30_20-58-18_0002972,1.20832,1.50272
2024-09-30_20-58-18_0002972,1.57952,1.6221866666666667
2024-09-30_20-58-28_0002975,0.99072,1.22112
2024-09-30_20-58-28_0002975,1.27232,1.33632
2024-09-30_20-59-17_0002978,1.0205866666666668,1.0888533333333332
2024-09-30_20-59-17_0002978,1.1229866666666666,1.2552533333333333
2024-09-30_20-59-17_0002978,1.2765866666666668,1.5453866666666667
2024-09-30_20-59-17_0002978,1.5752533333333334,1.6648533333333333
2024-09-30_20-59-17_0002978,1.7032533333333333,1.77152
2024-09-30_20-59-36_0002981,0.9949866666666667,1.10592
2024-09-30_20-59-36_0002981,1.1400533333333334,1.23392
2024-09-30_20-59-36_0002981,1.2680533333333333,1.4344533333333334
2024-09-30_20-59-36_0002981,1.4557866666666666,1.6733866666666666
2024-09-30_20-59-36_0002981,1.7160533333333334,1.7800533333333333
2024-09-30_20-59-51_0002985,1.4216533333333334,1.4557866666666666
2024-09-30_20-59-55_0002986,0.99072,1.06752
2024-09-30_20-59-55_0002986,1.1229866666666666,1.2168533333333333
2024-09-30_20-59-55_0002986,1.2509866666666667,1.34912
2024-09-30_21-00-13_0002990,1.0248533333333334,1.15712
2024-09-30_21-00-13_0002990,1.16992,1.32352
2024-09-30_21-00-16_0002991,1.0077866666666666,1.06752
2024-09-30_21-01-25_0002999,1.0077866666666666,1.09312
2024-09-30_21-01-25_0002999,1.14432,1.22112
2024-09-30_21-01-25_0002999,1.27232,1.34912
2024-09-30_21-01-25_0002999,1.40032,1.47712
2024-09-30_21-01-25_0002999,1.52832,1.60512
2024-09-30_21-01-25_0002999,1.65632,1.73312
2024-09-30_21-01-25_0002999,1.7672533333333333,1.82272
2024-09-30_21-01-25_0002999,1.9080533333333334,1.9592533333333333
2024-09-30_21-01-57_0003003,0.9992533333333333,1.09312
2024-09-30_21-02-08_0003005,1.0120533333333332,1.11872
2024-09-30_21-02-08_0003005,1.1272533333333334,1.24672
2024-09-30_21-02-08_0003005,1.2552533333333333,1.46432
2024-09-30_21-02-08_0003005,1.4856533333333333,1.6861866666666667
2024-09-30_21-02-08_0003005,1.6989866666666666,1.9080533333333334
2024-09-30_21-02-08_0003005,1.9336533333333332,2.06592
2024-09-30_21-02-08_0003005,2.0829866666666668,2.1768533333333333
2024-09-30_21-02-08_0003005,2.1853866666666666,2.3560533333333336
2024-09-30_21-02-08_0003005,2.41152,2.582186666666667
2024-09-30_21-02-08_0003005,2.6120533333333333,2.7869866666666665
2024-09-30_21-02-08_0003005,2.84672,2.8893866666666668
2024-09-30_21-02-36_0003007,0.87552,0.92672
2024-09-30_21-02-36_0003007,0.9821866666666667,1.1272533333333334
2024-09-30_21-02-36_0003007,1.1485866666666666,1.37472
2024-09-30_21-02-36_0003007,1.4344533333333334,1.4728533333333333
2024-09-30_21-02-54_0003008,1.0077866666666666,1.1229866666666666
2024-09-30_21-02-54_0003008,1.14432,1.27232
2024-09-30_21-03-10_0003010,0.9992533333333333,1.04192
2024-09-30_21-03-10_0003010,1.05472,1.1656533333333334
2024-09-30_21-03-10_0003010,1.1869866666666666,1.36192
2024-09-30_21-03-10_0003010,1.3960533333333334,1.5624533333333332
2024-09-30_21-03-10_0003010,1.60512,1.6733866666666666
2024-09-30_21-03-10_0003010,1.7032533333333333,1.74592
2024-09-30_21-03-10_0003010,1.9165866666666667,1.9677866666666666
2024-09-30_21-03-10_0003010,2.02752,2.1981866666666665
2024-09-30_21-03-22_0003012,0.9565866666666667,0.97792
2024-09-30_21-03-22_0003012,1.01632,1.4429866666666666
2024-09-30_21-03-22_0003012,1.47712,1.77152
2024-09-30_21-03-22_0003012,1.8184533333333333,1.8781866666666667
2024-09-30_21-03-37_0003014,0.88832,0.9437866666666667
2024-09-30_21-03-37_0003014,0.99072,1.15712
2024-09-30_21-03-37_0003014,1.2040533333333334,1.28512
2024-09-30_21-03-37_0003014,1.3320533333333333,1.3832533333333332
2024-09-30_21-03-40_0003015,0.99072,1.1101866666666667
2024-09-30_21-03-40_0003015,1.13152,1.2381866666666668
2024-09-30_21-03-40_0003015,1.25952,1.4045866666666667
2024-09-30_21-03-40_0003015,1.4685866666666667,1.5069866666666667
2024-09-30_21-04-57_0003017,0.9949866666666667,1.04192
2024-09-30_21-05-00_0003018,1.02912,1.2040533333333334
2024-09-30_21-05-00_0003018,1.24672,1.3021866666666666
2024-09-30_21-05-31_0003020,1.00352,1.04192
2024-09-30_21-05-31_0003020,1.5496533333333333,1.5752533333333334
2024-09-30_21-05-52_0003025,0.9949866666666667,1.08032
2024-09-30_21-06-15_0003027,1.00352,1.06752
2024-09-30_21-06-15_0003027,1.10592,1.16992
2024-09-30_21-06-15_0003027,1.1997866666666666,1.4429866666666666
2024-09-30_21-06-15_0003027,1.4856533333333333,1.55392
2024-09-30_21-06-24_0003029,0.9949866666666667,1.14432
2024-09-30_21-06-24_0003029,1.1912533333333333,1.27232
2024-09-30_21-06-24_0003029,1.3192533333333334,1.54112
2024-09-30_21-06-24_0003029,1.57952,1.7928533333333334
2024-09-30_21-06-24_0003029,1.8269866666666668,2.06592
2024-09-30_21-06-24_0003029,2.1085866666666666,2.24512
2024-09-30_21-06-24_0003029,2.27072,2.4328533333333335
2024-09-30_21-06-24_0003029,2.4456533333333335,2.64192
2024-09-30_21-06-24_0003029,2.6973866666666666,2.78272
2024-09-30_21-06-24_0003029,2.812586666666667,3.017386666666667
2024-09-30_21-06-24_0003029,3.0472533333333334,3.106986666666667
2024-09-30_21-06-24_0003029,3.388586666666667,3.4824533333333334
2024-09-30_21-06-24_0003029,3.682986666666667,3.879253333333333
2024-09-30_21-06-24_0003029,3.93472,4.007253333333333
2024-09-30_21-06-42_0003031,0.8925866666666666,0.96512
2024-09-30_21-06-42_0003031,0.99072,1.3917866666666667
2024-09-30_21-06-42_0003031,1.4088533333333333,1.5197866666666666
2024-09-30_21-06-42_0003031,1.54112,1.8056533333333333
2024-09-30_21-06-42_0003031,1.84832,1.92512
2024-09-30_21-06-42_0003031,1.9677866666666666,2.00192
2024-09-30_21-06-42_0003031,2.68032,2.7272533333333335
2024-09-30_21-06-42_0003031,2.80832,2.8509866666666666
2024-09-30_21-10-15_0003053,1.3533866666666667,1.5325866666666668
2024-09-30_21-10-15_0003053,1.56672,1.73312
2024-09-30_21-10-15_0003053,1.7501866666666666,1.9464533333333334
2024-09-30_21-10-15_0003053,1.9677866666666666,2.1725866666666667
2024-09-30_21-10-15_0003053,2.202453333333333,2.43712
2024-09-30_21-10-15_0003053,2.46272,2.66752
2024-09-30_21-10-15_0003053,2.7016533333333332,2.88512
2024-09-30_21-10-15_0003053,2.9064533333333333,3.06432
2024-09-30_21-10-15_0003053,3.0984533333333335,3.3288533333333334
2024-09-30_21-10-15_0003053,3.388586666666667,3.444053333333333
2024-09-30_21-10-15_0003053,3.71712,3.7768533333333334
2024-09-30_21-10-15_0003053,3.8408533333333335,3.9816533333333335
2024-09-30_21-10-15_0003053,4.0285866666666665,4.20352
2024-09-30_21-10-15_0003053,4.263253333333333,4.361386666666666
2024-09-30_21-10-15_0003053,4.386986666666667,4.53632
2024-09-30_21-10-15_0003053,4.5533866666666665,4.7709866666666665
2024-09-30_21-10-15_0003053,4.85632,4.916053333333333
2024-09-30_21-12-10_0003059,0.9736533333333334,1.1101866666666667
2024-09-30_21-12-10_0003059,1.1784533333333334,1.2381866666666668
2024-09-30_21-12-10_0003059,1.3064533333333332,1.3533866666666667
2024-09-30_21-12-14_0003060,1.0248533333333334,1.1485866666666666
2024-09-30_21-12-14_0003060,1.19552,1.4045866666666667
2024-09-30_21-12-31_0003061,2.09152,2.1597866666666667
2024-09-30_21-12-31_0003061,2.20672,2.44992
2024-09-30_21-18-02_0003089,0.9864533333333333,1.0589866666666667
2024-09-30_21-18-02_0003089,1.08032,1.3789866666666666
2024-09-30_21-18-16_0003092,0.33365333333333336,0.52992
2024-09-30_21-18-16_0003092,1.01632,1.3661866666666667
2024-09-30_21-23-41_0003135,0.99072,1.0589866666666667
2024-09-30_21-23-41_0003135,1.0888533333333332,1.3277866666666667
2024-09-30_21-23-41_0003135,1.3917866666666667,1.4301866666666667
2024-09-30_21-24-15_0003138,0.9224533333333333,0.9608533333333333
2024-09-30_21-24-15_0003138,1.00352,1.06752
2024-09-30_21-24-15_0003138,1.0973866666666667,1.3149866666666667
2024-09-30_21-24-15_0003138,1.34912,1.4173866666666666
2024-09-30_21-24-28_0003139,1.02912,1.3704533333333333
2024-09-30_21-25-39_0003149,2.1128533333333333,2.44992
2024-09-30_21-25-39_0003149,2.4797866666666666,2.5864533333333335
2024-09-30_21-25-39_0003149,2.6120533333333333,2.7400533333333335
2024-09-30_21-25-39_0003149,2.7613866666666667,2.89792
2024-09-30_21-25-39_0003149,2.91072,3.0045866666666665
2024-09-30_21-25-39_0003149,3.02592,3.16672
2024-09-30_21-25-39_0003149,3.1837866666666668,3.26912
2024-09-30_21-25-39_0003149,3.28192,3.4525866666666665
2024-09-30_21-25-39_0003149,3.4781866666666668,3.5848533333333332
2024-09-30_21-25-39_0003149,3.60192,3.674453333333333
2024-09-30_21-25-39_0003149,3.70432,3.76832
2024-09-30_21-25-39_0003149,4.3997866666666665,4.438186666666667
2024-09-30_21-25-39_0003149,4.60032,4.63872
2024-09-30_21-28-27_0003156,1.0376533333333333,1.1357866666666667
2024-09-30_21-28-27_0003156,1.1656533333333334,1.3149866666666667
2024-09-30_21-28-27_0003156,1.3448533333333332,1.6136533333333334
2024-09-30_21-28-27_0003156,1.64352,1.8056533333333333
2024-09-30_21-28-27_0003156,1.8269866666666668,1.9464533333333334
2024-09-30_21-28-27_0003156,1.9677866666666666,2.11712
2024-09-30_21-28-27_0003156,2.15552,2.2493866666666666
2024-09-30_21-28-27_0003156,2.2749866666666665,2.3688533333333335
2024-09-30_21-28-27_0003156,2.39872,2.44992
2024-09-30_21-28-27_0003156,2.518186666666667,2.6077866666666667
2024-09-30_21-28-27_0003156,2.64192,2.722986666666667
2024-09-30_21-28-27_0003156,2.75712,2.799786666666667
2024-09-30_21-28-27_0003156,2.84672,3.0472533333333334
2024-09-30_21-28-30_0003157,0.9821866666666667,1.1741866666666667
2024-09-30_21-28-59_0003161,0.9864533333333333,1.0717866666666667
2024-09-30_21-28-59_0003161,1.09312,1.18272
2024-09-30_21-28-59_0003161,1.2040533333333334,1.3661866666666667
2024-09-30_21-28-59_0003161,1.4045866666666667,1.4685866666666667
2024-09-30_21-29-07_0003163,0.9864533333333333,1.0461866666666666
2024-09-30_21-29-07_0003163,1.1016533333333334,1.16992
2024-09-30_21-29-07_0003163,1.2296533333333333,1.29792
2024-09-30_21-29-07_0003163,1.3576533333333334,1.40032
2024-09-30_21-29-09_0003164,0.9821866666666667,1.25952
2024-09-30_21-29-09_0003164,1.29792,1.3917866666666667
2024-09-30_21-29-09_0003164,1.4216533333333334,1.5581866666666666
2024-09-30_21-29-09_0003164,1.6136533333333334,1.6861866666666667
2024-09-30_21-29-09_0003164,1.7160533333333334,1.79712
2024-09-30_21-29-09_0003164,1.82272,2.0829866666666668
2024-09-30_21-30-30_0003167,0.95232,1.0632533333333334
2024-09-30_21-30-30_0003167,1.0845866666666666,1.1869866666666666
2024-09-30_21-30-30_0003167,1.1997866666666666,1.3960533333333334
2024-09-30_21-30-30_0003167,1.4216533333333334,1.69472
2024-09-30_21-30-30_0003167,1.7245866666666667,1.79712
2024-09-30_21-30-30_0003167,1.82272,1.88672
2024-09-30_21-30-30_0003167,2.3261866666666666,2.441386666666667
2024-09-30_21-30-30_0003167,2.46272,2.5949866666666668
2024-09-30_21-30-30_0003167,2.6248533333333333,2.73152
2024-09-30_21-30-30_0003167,2.75712,2.8168533333333334
2024-09-30_21-31-39_0003172,0.9949866666666667,1.0888533333333332
2024-09-30_21-31-39_0003172,1.11872,1.2168533333333333
2024-09-30_21-31-39_0003172,1.24672,1.3448533333333332
2024-09-30_21-31-39_0003172,1.41312,1.45152
2024-09-30_21-31-53_0003174,1.00352,1.13152
2024-09-30_21-31-53_0003174,1.15712,1.25952
2024-09-30_21-31-53_0003174,1.28512,1.4941866666666668
2024-09-30_21-31-53_0003174,1.52832,1.57952
2024-09-30_21-31-53_0003174,1.6221866666666667,1.66912
2024-09-30_21-31-53_0003174,1.7245866666666667,1.7885866666666668
2024-09-30_21-31-53_0003174,1.9080533333333334,2.0104533333333334
2024-09-30_21-31-53_0003174,2.0317866666666666,2.27072
2024-09-30_21-31-53_0003174,2.3048533333333334,2.3688533333333335
2024-09-30_21-31-53_0003174,2.41152,2.4541866666666667
2024-09-30_21-32-34_0003178,1.02912,1.0717866666666667
2024-09-30_21-32-51_0003179,0.9992533333333333,1.11872
2024-09-30_21-32-51_0003179,1.1528533333333333,1.2552533333333333
2024-09-30_21-32-51_0003179,1.3021866666666666,1.3960533333333334
2024-09-30_21-32-51_0003179,1.42592,1.5069866666666667
2024-09-30_21-32-51_0003179,1.5325866666666668,1.6221866666666667
2024-09-30_21-34-29_0003189,2.6632533333333335,2.70592
2024-09-30_21-34-32_0003190,1.16992,1.25952
2024-09-30_21-34-50_0003195,0.9821866666666667,1.0333866666666667
2024-09-30_21-34-50_0003195,1.1101866666666667,1.2040533333333334
2024-09-30_21-34-50_0003195,1.2424533333333334,1.3576533333333334
2024-09-30_21-34-50_0003195,1.40032,1.47712
2024-09-30_21-34-50_0003195,1.4984533333333334,1.6605866666666667
2024-09-30_21-34-50_0003195,1.6776533333333334,1.8312533333333334
2024-09-30_21-34-50_0003195,1.86112,1.93792
2024-09-30_21-34-50_0003195,1.9677866666666666,2.1341866666666665
2024-09-30_21-34-50_0003195,2.1597866666666667,2.3816533333333334
2024-09-30_21-34-50_0003195,2.42432,2.4797866666666666
2024-09-30_21-34-53_0003196,0.9608533333333333,1.3704533333333333
2024-09-30_21-34-53_0003196,1.4045866666666667,1.4728533333333333
2024-09-30_21-36-06_0003205,1.8696533333333334,1.9208533333333333
2024-09-30_21-36-06_0003205,1.9549866666666667,2.1512533333333335
2024-09-30_21-36-06_0003205,2.1981866666666665,2.266453333333333
2024-09-30_21-36-22_0003207,0.9693866666666666,1.04192
2024-09-30_21-36-22_0003207,1.1357866666666667,1.24672
2024-09-30_21-36-33_0003209,1.7160533333333334,1.8696533333333334
2024-09-30_21-36-33_0003209,1.91232,1.97632
2024-09-30_21-36-51_0003212,1.00352,1.1357866666666667
2024-09-30_21-37-29_0003214,0.022186666666666667,0.05205333333333333
2024-09-30_21-38-50_0003226,0.27392,0.31232
2024-09-30_21-40-32_0003229,1.92512,1.9677866666666666
2024-09-30_21-40-32_0003229,2.0189866666666667,2.12992
2024-09-30_21-40-32_0003229,2.202453333333333,2.2493866666666666
2024-09-30_21-40-48_0003234,1.69472,1.7629866666666667
2024-09-30_21-40-48_0003234,1.8141866666666666,2.0744533333333335
2024-09-30_21-42-37_0003241,0.9949866666666667,1.0461866666666666
2024-09-30_21-42-37_0003241,3.4696533333333335,3.520853333333333
2024-09-30_21-42-41_0003242,0.022186666666666667,0.10752
2024-09-30_21-42-41_0003242,2.29632,2.34752
2024-09-30_21-43-42_0003253,0.9949866666666667,1.11872
2024-09-30_21-43-42_0003253,1.1528533333333333,1.23392
2024-09-30_21-43-42_0003253,1.2552533333333333,1.38752
2024-09-30_21-43-42_0003253,1.4344533333333334,1.4941866666666668
2024-09-30_21-43-42_0003253,1.5624533333333332,1.60512
2024-09-30_21-44-54_0003256,0.8797866666666667,0.95232
2024-09-30_21-44-54_0003256,0.9992533333333333,1.1016533333333334
2024-09-30_21-44-54_0003256,1.15712,1.2168533333333333
2024-09-30_21-44-54_0003256,1.28512,1.34912
2024-09-30_21-44-54_0003256,1.3832533333333332,1.48992
2024-09-30_21-44-54_0003256,1.5240533333333333,1.6520533333333334
2024-09-30_21-45-16_0003258,1.0120533333333332,1.1528533333333333
2024-09-30_21-45-16_0003258,1.1912533333333333,1.2808533333333334
2024-09-30_21-45-16_0003258,1.3192533333333334,1.41312
2024-09-30_21-45-16_0003258,1.43872,1.6904533333333334
2024-09-30_21-45-42_0003259,1.6136533333333334,1.72032
2024-09-30_21-45-42_0003259,1.7544533333333334,1.93792
2024-09-30_21-45-42_0003259,1.96352,2.2621866666666666
2024-09-30_21-45-42_0003259,2.30912,2.34752
2024-09-30_21-45-52_0003260,0.9224533333333333,1.00352
2024-09-30_21-45-52_0003260,1.0205866666666668,1.3960533333333334
2024-09-30_21-45-52_0003260,1.4045866666666667,1.6008533333333332
2024-09-30_21-45-52_0003260,1.61792,1.6904533333333334
2024-09-30_21-45-52_0003260,2.21952,2.2920533333333335
2024-09-30_21-45-52_0003260,2.300586666666667,2.39872
2024-09-30_21-45-52_0003260,2.41152,2.61632
2024-09-30_21-45-52_0003260,2.62912,2.79552
2024-09-30_21-45-52_0003260,2.8168533333333334,2.9917866666666666
2024-09-30_21-45-52_0003260,3.017386666666667,3.3288533333333334
2024-09-30_21-45-52_0003260,3.35872,3.5805866666666666
2024-09-30_21-45-52_0003260,3.60192,3.84512
2024-09-30_21-45-52_0003260,3.892053333333333,4.04992
2024-09-30_21-45-52_0003260,4.079786666666666,4.25472
2024-09-30_21-45-52_0003260,4.28032,4.450986666666667
2024-09-30_21-45-52_0003260,4.519253333333333,4.72832
2024-09-30_21-45-52_0003260,4.796586666666666,4.852053333333333
2024-09-30_21-45-52_0003260,4.950186666666666,5.044053333333333
2024-09-30_21-45-52_0003260,5.078186666666666,5.20192
2024-09-30_21-46-03_0003261,1.1144533333333333,1.24672
2024-09-30_21-46-03_0003261,1.2552533333333333,1.3533866666666667
2024-09-30_21-46-03_0003261,1.36192,1.4685866666666667
2024-09-30_21-46-03_0003261,1.50272,1.56672
2024-09-30_21-46-03_0003261,1.6264533333333333,1.66912
2024-09-30_21-46-03_0003261,1.9208533333333333,1.9848533333333334
2024-09-30_21-46-03_0003261,2.3048533333333334,2.5480533333333333
2024-09-30_21-46-03_0003261,2.5864533333333335,2.7656533333333333
2024-09-30_21-46-03_0003261,2.791253333333333,3.24352
2024-09-30_21-46-03_0003261,3.2861866666666666,3.3629866666666666
2024-09-30_21-51-03_0003266,1.0205866666666668,1.0888533333333332
2024-09-30_21-51-03_0003266,1.15712,1.2168533333333333
2024-09-30_21-51-03_0003266,1.28512,1.4600533333333334
2024-09-30_21-51-24_0003267,0.99072,1.0333866666666667
2024-09-30_21-52-02_0003269,0.9949866666666667,1.0973866666666667
2024-09-30_22-00-29_0003290,0.92672,0.9608533333333333
2024-09-30_22-00-29_0003290,1.0248533333333334,1.1144533333333333
2024-09-30_22-00-29_0003290,1.1357866666666667,1.20832
2024-09-30_22-00-29_0003290,1.25952,1.3192533333333334
2024-09-30_22-00-29_0003290,1.3533866666666667,1.4472533333333333
2024-09-30_22-03-41_0003309,1.0077866666666666,1.0504533333333332
2024-09-30_22-06-46_0003332,1.0333866666666667,1.1485866666666666
2024-09-30_22-08-45_0003344,0.9864533333333333,1.04192
2024-09-30_22-08-45_0003344,1.4557866666666666,1.5368533333333334
2024-09-30_22-08-45_0003344,1.59232,1.7544533333333334
2024-09-30_22-08-50_0003346,0.9992533333333333,1.1272533333333334
2024-09-30_22-09-18_0003347,0.88832,0.9352533333333334
2024-09-30_22-09-18_0003347,0.9992533333333333,1.0632533333333334
2024-09-30_22-09-18_0003347,1.0888533333333332,1.2253866666666666
2024-09-30_22-09-18_0003347,1.2552533333333333,1.3704533333333333
2024-09-30_22-09-18_0003347,1.4088533333333333,1.4813866666666666
2024-09-30_22-09-18_0003347,1.5197866666666666,1.59232
2024-09-30_22-09-18_0003347,1.61792,1.7800533333333333
2024-09-30_22-09-18_0003347,1.8056533333333333,1.9037866666666667
2024-09-30_22-09-18_0003347,1.9293866666666666,2.0189866666666667
2024-09-30_22-09-18_0003347,2.0445866666666666,2.16832
2024-09-30_22-09-18_0003347,2.210986666666667,2.266453333333333
2024-09-30_22-09-18_0003347,2.29632,2.3688533333333335
2024-09-30_22-09-18_0003347,2.4285866666666664,2.505386666666667
2024-09-30_22-09-18_0003347,2.52672,2.6077866666666667
2024-09-30_22-09-18_0003347,2.6333866666666665,2.70592
2024-09-30_22-09-18_0003347,2.73152,2.8424533333333333
2024-09-30_22-09-18_0003347,2.9277866666666665,2.98752
2024-09-30_22-09-27_0003348,1.0205866666666668,1.1144533333333333
2024-09-30_22-09-27_0003348,1.1485866666666666,1.2424533333333334
2024-09-30_22-09-27_0003348,1.2765866666666668,1.3576533333333334
2024-09-30_22-10-58_0003354,0.9992533333333333,1.0589866666666667
2024-09-30_22-10-58_0003354,1.09312,1.2424533333333334
2024-09-30_22-10-58_0003354,1.2680533333333333,1.38752
2024-09-30_22-10-58_0003354,1.42592,1.4856533333333333
2024-09-30_22-10-58_0003354,1.5197866666666666,1.57952
2024-09-30_22-10-58_0003354,1.6264533333333333,1.7160533333333334
2024-09-30_22-10-58_0003354,1.7416533333333333,1.8696533333333334
2024-09-30_22-10-58_0003354,1.8824533333333333,2.0360533333333333
2024-09-30_22-10-58_0003354,2.0573866666666665,2.20672
2024-09-30_22-10-58_0003354,2.2408533333333334,2.32192
2024-09-30_22-10-58_0003354,2.34752,2.43712
2024-09-30_22-10-58_0003354,2.4584533333333334,2.5309866666666667
2024-09-30_22-10-58_0003354,2.5565866666666666,2.7272533333333335
2024-09-30_22-10-58_0003354,2.735786666666667,2.78272
2024-09-30_22-10-58_0003354,2.8168533333333334,2.8808533333333335
2024-09-30_22-11-14_0003355,1.0248533333333334,1.06752
2024-09-30_22-11-32_0003356,0.9949866666666667,1.06752
2024-09-30_22-11-32_0003356,1.10592,1.20832
2024-09-30_22-11-32_0003356,1.23392,1.3789866666666666
2024-09-30_22-11-32_0003356,1.40032,1.4856533333333333
2024-09-30_22-11-32_0003356,1.51552,1.6008533333333332
2024-09-30_22-11-32_0003356,1.6264533333333333,1.69472
2024-09-30_22-11-32_0003356,1.7245866666666667,1.83552
2024-09-30_22-11-32_0003356,1.8440533333333333,1.9976533333333333
2024-09-30_22-11-32_0003356,2.0360533333333333,2.07872
2024-09-30_22-11-40_0003357,0.9864533333333333,1.0888533333333332
2024-09-30_22-11-40_0003357,1.1613866666666666,1.2168533333333333
2024-09-30_22-11-40_0003357,1.2893866666666667,1.3448533333333332
2024-09-30_22-12-11_0003359,1.0248533333333334,1.1016533333333334
2024-09-30_22-12-11_0003359,1.1400533333333334,1.2296533333333333
2024-09-30_22-12-11_0003359,1.2680533333333333,1.3917866666666667
2024-09-30_22-12-11_0003359,1.4173866666666666,1.7160533333333334
2024-09-30_22-12-11_0003359,1.7373866666666666,1.8269866666666668
2024-09-30_22-12-11_0003359,1.8568533333333332,1.91232
2024-09-30_22-12-11_0003359,1.9592533333333333,2.0232533333333333
2024-09-30_22-12-11_0003359,2.061653333333333,2.1640533333333334
2024-09-30_22-12-11_0003359,2.1896533333333332,2.25792
2024-09-30_22-12-11_0003359,2.2920533333333335,2.3688533333333335
2024-09-30_22-12-11_0003359,2.38592,2.560853333333333
2024-09-30_22-12-11_0003359,2.61632,2.68032
2024-09-30_22-13-51_0003370,1.0205866666666668,1.1528533333333333
2024-09-30_22-13-51_0003370,1.1656533333333334,1.2509866666666667
2024-09-30_22-13-51_0003370,1.2680533333333333,1.37472
2024-09-30_22-13-51_0003370,1.3917866666666667,1.5880533333333333
2024-09-30_22-13-51_0003370,1.6136533333333334,1.83552
2024-09-30_22-13-51_0003370,1.8781866666666667,2.02752
2024-09-30_22-13-51_0003370,2.048853333333333,2.2749866666666665
2024-09-30_22-13-51_0003370,2.28352,2.420053333333333
2024-09-30_22-13-51_0003370,2.4584533333333334,2.5437866666666666
2024-09-30_22-13-51_0003370,2.5864533333333335,2.8936533333333334
2024-09-30_22-13-51_0003370,2.9149866666666666,3.32032
2024-09-30_22-13-51_0003370,3.35872,3.4312533333333333
2024-09-30_22-13-51_0003370,3.9944533333333334,4.045653333333333
2024-09-30_22-13-51_0003370,4.092586666666667,4.220586666666667
2024-09-30_22-14-54_0003374,1.00352,1.0589866666666667
2024-09-30_22-14-54_0003374,1.1101866666666667,1.1528533333333333
2024-09-30_22-14-54_0003374,1.20832,1.3192533333333334
2024-09-30_22-14-54_0003374,1.3704533333333333,1.40032
2024-09-30_22-15-00_0003375,1.00352,1.38752
2024-09-30_22-15-00_0003375,1.3960533333333334,1.4557866666666666
2024-09-30_22-15-00_0003375,1.4941866666666668,1.6477866666666667
2024-09-30_22-15-00_0003375,1.6776533333333334,1.8141866666666666
2024-09-30_22-15-00_0003375,1.83552,2.0360533333333333
2024-09-30_22-15-23_0003376,0.9864533333333333,1.10592
2024-09-30_22-15-23_0003376,1.13152,1.2125866666666667
2024-09-30_22-15-26_0003377,0.9864533333333333,1.25952
2024-09-30_22-15-26_0003377,1.2893866666666667,1.4600533333333334
2024-09-30_22-15-26_0003377,1.4856533333333333,1.7800533333333333
2024-09-30_22-15-26_0003377,1.8141866666666666,2.02752
2024-09-30_22-15-26_0003377,2.06592,2.1085866666666666
2024-09-30_22-15-26_0003377,3.0216533333333335,3.06432
2024-09-30_22-15-28_0003378,0.61952,0.6621866666666667
2024-09-30_22-15-28_0003378,0.95232,0.99072
2024-09-30_22-15-28_0003378,1.0077866666666666,1.1016533333333334
2024-09-30_22-15-28_0003378,1.1400533333333334,1.1997866666666666
2024-09-30_22-15-52_0003380,0.99072,1.0461866666666666
2024-09-30_22-15-52_0003380,1.0717866666666667,1.51552
2024-09-30_22-15-52_0003380,1.5496533333333333,1.6136533333333334
2024-09-30_22-15-52_0003380,1.8440533333333333,1.9037866666666667
2024-09-30_22-15-52_0003380,1.9421866666666667,2.125653333333333
2024-09-30_22-15-52_0003380,2.1768533333333333,2.279253333333333
2024-09-30_22-15-52_0003380,2.3133866666666667,2.364586666666667
2024-09-30_22-16-21_0003386,0.9821866666666667,1.0717866666666667
2024-09-30_22-16-21_0003386,1.08032,1.19552
2024-09-30_22-16-21_0003386,1.23392,1.29792
2024-09-30_22-22-56_0003425,0.9053866666666667,0.95232
2024-09-30_22-22-56_0003425,0.9992533333333333,1.1144533333333333
2024-09-30_22-22-56_0003425,1.14432,1.3192533333333334
2024-09-30_22-22-56_0003425,1.3533866666666667,1.46432
2024-09-30_22-22-56_0003425,1.4941866666666668,1.61792
2024-09-30_22-22-56_0003425,1.64352,1.8013866666666667
2024-09-30_22-22-56_0003425,1.8440533333333333,1.8952533333333332
2024-09-30_22-22-56_0003425,2.76992,2.83392
2024-09-30_22-22-56_0003425,2.8637866666666665,2.9277866666666665
2024-09-30_22-22-56_0003425,2.9789866666666667,3.03872
2024-09-30_22-22-56_0003425,3.07712,3.1325866666666666
2024-09-30_22-22-56_0003425,3.1752533333333335,3.23072
2024-09-30_22-22-56_0003425,3.26912,3.33312
2024-09-30_22-22-56_0003425,3.3757866666666665,3.43552
2024-09-30_22-22-56_0003425,3.4909866666666667,3.5677866666666667
2024-09-30_22-22-56_0003425,3.62752,3.682986666666667
2024-09-30_22-24-43_0003434,1.3789866666666666,1.41312
2024-09-30_22-24-43_0003434,1.5709866666666668,1.7160533333333334
2024-09-30_22-25-24_0003441,1.0333866666666667,1.1101866666666667
2024-09-30_22-25-24_0003441,1.1656533333333334,1.2637866666666666
2024-09-30_22-25-24_0003441,1.29792,1.43872
2024-09-30_22-25-24_0003441,1.51552,1.5624533333333332
2024-09-30_22-26-19_0003450,1.83552,1.92512
2024-09-30_22-26-19_0003450,1.9677866666666666,2.10432
2024-09-30_22-26-39_0003452,0.9693866666666666,1.1485866666666666
2024-09-30_22-26-39_0003452,1.1613866666666666,1.4173866666666666
2024-09-30_22-26-39_0003452,1.4429866666666666,1.51552
2024-09-30_22-26-39_0003452,1.5453866666666667,1.7501866666666666
2024-09-30_22-26-39_0003452,1.8056533333333333,1.9080533333333334
2024-09-30_22-26-39_0003452,1.9208533333333333,2.343253333333333
2024-09-30_22-26-39_0003452,2.36032,2.4925866666666665
2024-09-30_22-26-39_0003452,2.5096533333333335,2.74432
2024-09-30_22-26-49_0003454,1.0120533333333332,1.29792
2024-09-30_22-26-49_0003454,1.32352,1.4728533333333333
2024-09-30_22-26-49_0003454,1.50272,1.5709866666666668
2024-09-30_22-26-49_0003454,1.59232,1.7544533333333334
2024-09-30_22-26-49_0003454,2.343253333333333,2.3901866666666667
2024-09-30_22-26-49_0003454,2.4072533333333332,2.5224533333333334
2024-09-30_22-26-49_0003454,2.5480533333333333,2.73152
2024-09-30_22-26-49_0003454,2.75712,2.8168533333333334
2024-09-30_22-28-04_0003457,1.0333866666666667,1.0973866666666667
2024-09-30_22-28-04_0003457,1.1400533333333334,1.2040533333333334
2024-09-30_22-28-04_0003457,1.2296533333333333,1.2936533333333333
2024-09-30_22-28-04_0003457,1.33632,1.37472
2024-09-30_22-28-04_0003457,1.4344533333333334,1.4728533333333333
2024-09-30_22-28-04_0003457,1.5197866666666666,1.5837866666666667
2024-09-30_22-29-10_0003466,1.0120533333333332,1.06752
2024-09-30_22-29-10_0003466,1.1016533333333334,1.1656533333333334
2024-09-30_22-29-10_0003466,1.1912533333333333,1.4216533333333334
2024-09-30_22-29-10_0003466,1.4600533333333334,1.5197866666666666
2024-09-30_22-29-10_0003466,1.9293866666666666,2.006186666666667
2024-09-30_22-29-10_0003466,2.04032,2.2493866666666666
2024-09-30_22-29-10_0003466,2.2920533333333335,2.39872
2024-09-30_22-29-10_0003466,2.441386666666667,2.4925866666666665
2024-09-30_22-29-10_0003466,2.88512,2.92352
2024-09-30_22-29-10_0003466,3.17952,3.2904533333333332
2024-09-30_22-29-10_0003466,3.311786666666667,3.4056533333333334
2024-09-30_22-29-10_0003466,3.465386666666667,3.5080533333333332
2024-09-30_22-29-35_0003468,1.8269866666666668,1.9165866666666667
2024-09-30_22-29-35_0003468,1.9592533333333333,2.0232533333333333
2024-09-30_22-29-46_0003469,2.0360533333333333,2.1213866666666665
2024-09-30_22-30-45_0003475,0.9949866666666667,1.0461866666666666
2024-09-30_22-31-00_0003477,0.99072,1.05472
2024-09-30_22-33-20_0003486,0.9736533333333334,1.06752
2024-09-30_22-33-20_0003486,1.0973866666666667,1.2168533333333333
2024-09-30_22-33-20_0003486,1.2253866666666666,1.3448533333333332
2024-09-30_22-33-20_0003486,1.3533866666666667,1.38752
2024-09-30_22-33-20_0003486,1.3960533333333334,1.4685866666666667
2024-09-30_22-33-20_0003486,1.5069866666666667,1.5624533333333332
2024-09-30_22-35-16_0003491,1.0077866666666666,1.1869866666666666
2024-09-30_22-35-16_0003491,1.19552,1.3149866666666667
2024-09-30_22-35-16_0003491,1.32352,1.4344533333333334
2024-09-30_22-35-16_0003491,1.4856533333333333,1.6008533333333332
2024-09-30_22-35-16_0003491,1.63072,1.7288533333333334
2024-09-30_22-35-16_0003491,1.75872,1.8909866666666666
2024-09-30_22-35-16_0003491,1.92512,2.006186666666667
2024-09-30_22-35-16_0003491,2.0189866666666667,2.14272
2024-09-30_22-35-16_0003491,2.1853866666666666,2.2493866666666666
2024-09-30_22-35-16_0003491,2.5224533333333334,2.560853333333333
2024-09-30_22-35-16_0003491,2.60352,2.68032
2024-09-30_22-35-16_0003491,2.8040533333333335,2.8424533333333333
2024-09-30_22-35-36_0003493,3.11552,3.15392
2024-09-30_22-35-36_0003493,3.94752,3.9816533333333335
2024-09-30_22-36-16_0003501,1.09312,1.2936533333333333
2024-09-30_22-36-16_0003501,1.31072,1.5197866666666666
2024-09-30_22-36-16_0003501,1.7672533333333333,1.8184533333333333
2024-09-30_22-36-23_0003502,1.0376533333333333,1.1016533333333334
2024-09-30_22-36-23_0003502,1.9421866666666667,2.0232533333333333
2024-09-30_22-36-23_0003502,2.7741866666666666,2.812586666666667
2024-09-30_22-36-23_0003502,3.37152,3.4312533333333333
2024-09-30_22-36-23_0003502,3.4397866666666665,3.4781866666666668
2024-09-30_22-36-29_0003503,1.0632533333333334,1.0760533333333333
2024-09-30_22-37-08_0003508,1.0376533333333333,1.09312
2024-09-30_22-37-40_0003511,0.9992533333333333,1.0973866666666667
2024-09-30_22-37-40_0003511,1.1357866666666667,1.2680533333333333
2024-09-30_22-37-55_0003512,1.0205866666666668,1.09312
2024-09-30_22-37-55_0003512,1.1144533333333333,1.3405866666666666
2024-09-30_22-37-55_0003512,1.38752,1.4344533333333334
2024-09-30_22-38-52_0003524,0.96512,1.0973866666666667
2024-09-30_22-38-52_0003524,1.1229866666666666,1.3448533333333332
2024-09-30_22-38-52_0003524,1.36192,1.45152
2024-09-30_22-38-52_0003524,2.1597866666666667,2.1981866666666665
2024-09-30_22-38-52_0003524,2.2493866666666666,2.3389866666666665
2024-09-30_22-38-52_0003524,2.36032,2.5224533333333334
2024-09-30_22-38-52_0003524,2.55232,2.70592
2024-09-30_22-38-52_0003524,2.73152,2.88512
2024-09-30_22-38-52_0003524,2.91072,3.0344533333333334
2024-09-30_22-38-52_0003524,3.0600533333333333,3.2648533333333334
2024-09-30_22-39-04_0003525,0.8712533333333333,1.0504533333333332
2024-09-30_22-39-04_0003525,1.0717866666666667,1.3661866666666667
2024-09-30_22-39-04_0003525,1.41312,1.4557866666666666
2024-09-30_22-40-44_0003532,1.0120533333333332,1.0760533333333333
2024-09-30_22-40-44_0003532,1.1101866666666667,1.2424533333333334
2024-09-30_22-40-44_0003532,1.8056533333333333,1.9677866666666666
2024-09-30_22-40-44_0003532,2.0317866666666666,2.1768533333333333
2024-09-30_22-40-58_0003533,0.9949866666666667,1.2381866666666668
2024-09-30_22-40-58_0003533,1.2637866666666666,1.4472533333333333
2024-09-30_22-40-58_0003533,1.4600533333333334,1.52832
2024-09-30_22-40-58_0003533,1.5624533333333332,1.6776533333333334
2024-09-30_22-40-58_0003533,1.7032533333333333,1.9080533333333334
2024-09-30_22-40-58_0003533,1.9464533333333334,2.2280533333333334
2024-09-30_22-40-58_0003533,2.266453333333333,2.3901866666666667
2024-09-30_22-40-58_0003533,2.4285866666666664,2.48832
2024-09-30_22-40-58_0003533,2.7016533333333332,2.76992
2024-09-30_22-40-58_0003533,2.812586666666667,2.9064533333333333
2024-09-30_22-40-58_0003533,2.94912,2.9917866666666666
2024-09-30_22-40-58_0003533,3.01312,3.226453333333333
2024-09-30_22-40-58_0003533,3.29472,3.34592
2024-09-30_22-43-43_0003544,0.9821866666666667,1.0717866666666667
2024-09-30_22-43-43_0003544,1.2381866666666668,1.2936533333333333
2024-09-30_22-43-43_0003544,1.33632,1.4088533333333333
2024-09-30_22-43-43_0003544,1.4344533333333334,1.5069866666666667
2024-09-30_22-43-43_0003544,1.54112,1.6776533333333334
2024-09-30_22-43-43_0003544,1.7501866666666666,1.79712
2024-09-30_22-44-02_0003546,0.8968533333333333,0.9608533333333333
2024-09-30_22-44-02_0003546,1.0120533333333332,1.0589866666666667
2024-09-30_22-45-47_0003556,1.3405866666666666,1.3832533333333332
2024-09-30_22-45-47_0003556,1.4173866666666666,1.5240533333333333
2024-09-30_22-45-47_0003556,1.5496533333333333,1.75872
2024-09-30_22-45-47_0003556,1.78432,1.96352
2024-09-30_22-45-50_0003557,0.9992533333333333,1.0845866666666666
2024-09-30_22-45-50_0003557,1.1869866666666666,1.2296533333333333
2024-09-30_22-49-30_0003574,1.4685866666666667,1.5368533333333334
2024-09-30_22-49-30_0003574,1.7288533333333334,1.7800533333333333
2024-09-30_22-50-48_0003579,1.98912,2.0445866666666666
2024-09-30_22-56-07_0003603,1.8397866666666667,1.93792
2024-09-30_22-56-07_0003603,1.9592533333333333,2.0872533333333334
2024-09-30_22-56-07_0003603,2.1128533333333333,2.300586666666667
2024-09-30_22-56-07_0003603,2.343253333333333,2.4029866666666666
2024-09-30_22-56-19_0003604,1.02912,1.1101866666666667
2024-09-30_22-56-19_0003604,1.1272533333333334,1.18272
2024-09-30_22-56-19_0003604,1.1912533333333333,1.2381866666666668
2024-09-30_22-56-19_0003604,1.2552533333333333,1.31072
2024-09-30_22-56-19_0003604,1.3192533333333334,1.3661866666666667
2024-09-30_22-56-52_0003607,0.9949866666666667,1.0888533333333332
2024-09-30_22-56-52_0003607,1.1229866666666666,1.25952
2024-09-30_22-56-52_0003607,1.2893866666666667,1.37472
2024-09-30_22-56-52_0003607,1.40032,1.5112533333333333
2024-09-30_22-56-52_0003607,1.5368533333333334,1.5880533333333333
2024-09-30_22-56-52_0003607,1.7373866666666666,1.88672
2024-09-30_22-56-59_0003609,0.97792,1.0504533333333332
2024-09-30_22-58-39_0003614,0.96512,1.06752
2024-09-30_22-58-39_0003614,1.0888533333333332,1.20832
2024-09-30_22-58-39_0003614,1.2168533333333333,1.33632
2024-09-30_22-58-39_0003614,1.3789866666666666,1.50272
2024-09-30_22-58-39_0003614,1.5197866666666666,1.60512
2024-09-30_22-58-39_0003614,1.6221866666666667,1.7629866666666667
2024-09-30_22-58-39_0003614,1.7757866666666666,1.93792
2024-09-30_22-58-39_0003614,1.95072,2.070186666666667
2024-09-30_22-58-39_0003614,2.0872533333333334,2.3304533333333333
2024-09-30_22-58-39_0003614,2.3901866666666667,2.5352533333333334
2024-09-30_22-58-39_0003614,2.5565866666666666,2.65472
2024-09-30_22-58-39_0003614,2.6760533333333334,2.75712
2024-09-30_22-58-39_0003614,2.7869866666666665,2.8808533333333335
2024-09-30_22-58-39_0003614,2.9576533333333335,3.030186666666667
2024-09-30_22-59-10_0003619,1.0205866666666668,1.14432
2024-09-30_22-59-10_0003619,1.1741866666666667,1.27232
2024-09-30_22-59-10_0003619,1.3021866666666666,1.4344533333333334
2024-09-30_22-59-10_0003619,1.4856533333333333,1.5197866666666666
2024-09-30_23-06-01_0003638,0.90112,0.9437866666666667
2024-09-30_23-06-01_0003638,1.0120533333333332,1.11872
2024-09-30_23-06-01_0003638,1.1485866666666666,1.24672
2024-09-30_23-06-01_0003638,1.2765866666666668,1.3832533333333332
2024-09-30_23-06-01_0003638,1.3917866666666667,1.46432
2024-09-30_23-06-01_0003638,1.50272,1.56672
2024-09-30_23-06-01_0003638,1.6136533333333334,1.75872
2024-09-30_23-06-01_0003638,1.78432,1.88672
2024-09-30_23-06-05_0003639,0.7048533333333333,0.7389866666666667
2024-09-30_23-06-05_0003639,0.8157866666666667,0.8584533333333333
2024-09-30_23-06-05_0003639,0.9181866666666667,0.97792
2024-09-30_23-06-05_0003639,1.01632,1.1528533333333333
2024-09-30_23-06-05_0003639,1.16992,1.2808533333333334
2024-09-30_23-06-05_0003639,1.29792,1.34912
2024-09-30_23-06-27_0003640,0.97792,1.0589866666666667
2024-09-30_23-06-27_0003640,1.08032,1.3192533333333334
2024-09-30_23-06-27_0003640,1.34912,1.41312
2024-09-30_23-06-27_0003640,1.8184533333333333,1.8781866666666667
2024-09-30_23-06-27_0003640,1.9080533333333334,1.9677866666666666
2024-09-30_23-06-27_0003640,2.006186666666667,2.1981866666666665
2024-09-30_23-06-27_0003640,2.2365866666666667,2.3304533333333333
2024-09-30_23-06-27_0003640,2.364586666666667,2.4157866666666665
2024-09-30_23-07-40_0003644,1.0333866666666667,1.1101866666666667
2024-09-30_23-07-40_0003644,1.1357866666666667,1.2381866666666668
2024-09-30_23-07-40_0003644,1.2637866666666666,1.4173866666666666
2024-09-30_23-07-40_0003644,1.4600533333333334,1.5240533333333333
2024-09-30_23-09-46_0003650,0.8925866666666666,0.95232
2024-09-30_23-09-46_0003650,1.0077866666666666,1.08032
2024-09-30_23-09-46_0003650,1.11872,1.2125866666666667
2024-09-30_23-09-46_0003650,1.2424533333333334,1.3405866666666666
2024-09-30_23-09-46_0003650,1.3704533333333333,1.4045866666666667
2024-09-30_23-09-46_0003650,1.42592,1.46432
2024-09-30_23-11-29_0003655,0.9736533333333334,1.0120533333333332
2024-09-30_23-13-57_0003672,1.89952,1.9848533333333334
2024-09-30_23-13-57_0003672,2.1384533333333335,2.1853866666666666
2024-09-30_23-13-57_0003672,2.24512,2.343253333333333
2024-09-30_23-13-57_0003672,2.4328533333333335,2.496853333333333
2024-09-30_23-14-56_0003677,1.46432,1.5069866666666667
2024-09-30_23-29-04_0003747,0.9992533333333333,1.0461866666666666
2024-09-30_23-33-08_0003755,0.99072,1.1101866666666667
2024-09-30_23-33-08_0003755,1.1613866666666666,1.24672
2024-09-30_23-33-08_0003755,1.2893866666666667,1.3533866666666667
2024-09-30_23-33-08_0003755,1.3917866666666667,1.5453866666666667
2024-09-30_23-33-08_0003755,1.5965866666666666,1.6520533333333334
2024-09-30_23-33-49_0003760,1.01632,1.0760533333333333
2024-09-30_23-33-49_0003760,1.1912533333333333,1.2296533333333333
2024-09-30_23-36-14_0003773,0.7261866666666666,0.7773866666666667
2024-09-30_23-36-14_0003773,1.00352,1.1741866666666667
2024-09-30_23-36-14_0003773,1.19552,1.3021866666666666
2024-09-30_23-36-14_0003773,1.32352,1.3960533333333334
2024-09-30_23-36-14_0003773,1.4045866666666667,1.4685866666666667
2024-09-30_23-36-14_0003773,1.5240533333333333,1.5624533333333332
2024-09-30_23-36-16_0003774,1.8696533333333334,2.0360533333333333
2024-09-30_23-36-16_0003774,2.06592,2.1341866666666665
2024-09-30_23-36-16_0003774,2.19392,2.2365866666666667
2024-09-30_23-36-16_0003774,2.6333866666666665,2.71872
2024-09-30_23-36-16_0003774,2.7613866666666667,2.8168533333333334
2024-09-30_23-36-16_0003774,2.96192,3.01312
2024-09-30_23-36-39_0003777,0.5128533333333334,0.6024533333333333
2024-09-30_23-36-39_0003777,0.9736533333333334,1.0717866666666667
2024-09-30_23-37-00_0003778,2.202453333333333,2.2408533333333334
2024-09-30_23-37-00_0003778,2.3133866666666667,2.39872
2024-09-30_23-37-00_0003778,2.5309866666666667,2.5949866666666668
2024-09-30_23-37-00_0003778,2.7016533333333332,2.7613866666666667
2024-09-30_23-37-24_0003780,0.9949866666666667,1.1229866666666666
2024-09-30_23-37-24_0003780,1.14432,1.2637866666666666
2024-09-30_23-37-24_0003780,1.2936533333333333,1.4088533333333333
2024-09-30_23-37-24_0003780,1.43872,1.5240533333333333
2024-09-30_23-37-24_0003780,1.5709866666666668,1.6520533333333334
2024-09-30_23-37-24_0003780,1.70752,1.75872
2024-09-30_23-37-29_0003781,1.0205866666666668,1.06752
2024-09-30_23-37-33_0003782,1.4301866666666667,1.4984533333333334
2024-09-30_23-37-33_0003782,1.5325866666666668,1.66912
2024-09-30_23-37-33_0003782,1.6861866666666667,1.82272
2024-09-30_23-37-33_0003782,1.8440533333333333,1.9421866666666667
2024-09-30_23-37-33_0003782,1.97632,2.01472
2024-09-30_23-37-33_0003782,2.07872,2.125653333333333
2024-09-30_23-39-03_0003793,0.91392,0.9608533333333333
2024-09-30_23-39-03_0003793,1.01632,1.08032
2024-09-30_23-39-03_0003793,1.1016533333333334,1.2296533333333333
2024-09-30_23-39-03_0003793,1.29792,1.3576533333333334
2024-09-30_23-39-35_0003794,1.02912,1.0589866666666667
2024-09-30_23-40-17_0003799,0.8968533333333333,0.9821866666666667
2024-09-30_23-40-17_0003799,1.0205866666666668,1.08032
2024-09-30_23-40-17_0003799,1.1357866666666667,1.1912533333333333
2024-09-30_23-40-17_0003799,1.2253866666666666,1.33632
2024-09-30_23-40-17_0003799,1.42592,1.47712
2024-09-30_23-40-29_0003801,1.00352,1.0845866666666666
2024-09-30_23-40-29_0003801,1.13152,1.2168533333333333
2024-09-30_23-40-29_0003801,1.25952,1.3448533333333332
2024-09-30_23-40-29_0003801,1.36192,1.4216533333333334
2024-09-30_23-43-59_0003825,1.3064533333333332,1.4173866666666666
2024-09-30_23-44-02_0003826,0.9992533333333333,1.1357866666666667
2024-09-30_23-45-08_0003832,0.81152,0.8541866666666666
2024-09-30_23-47-09_0003841,0.9352533333333334,1.0632533333333334
2024-09-30_23-47-09_0003841,1.14432,1.1869866666666666
2024-10-01_00-02-20_0003921,1.0077866666666666,1.20832
2024-10-01_00-04-30_0003934,0.9693866666666666,1.0333866666666667
2024-10-01_00-04-30_0003934,1.0717866666666667,1.1357866666666667
2024-10-01_00-04-30_0003934,1.1912533333333333,1.3021866666666666
2024-10-01_00-04-30_0003934,1.33632,1.40032
2024-10-01_00-04-30_0003934,1.4472533333333333,1.50272
2024-10-01_00-04-30_0003934,1.5325866666666668,1.63072
2024-10-01_00-04-30_0003934,1.6861866666666667,1.7672533333333333
2024-10-01_00-04-30_0003934,1.7885866666666668,1.8568533333333332
2024-10-01_00-04-30_0003934,1.9208533333333333,2.0189866666666667
2024-10-01_00-04-30_0003934,2.0957866666666667,2.1341866666666665
2024-10-01_00-04-44_0003937,1.1741866666666667,1.25952
2024-10-01_00-04-44_0003937,1.31072,1.3533866666666667
2024-10-01_00-04-44_0003937,1.40032,1.45152
2024-10-01_00-04-44_0003937,1.4984533333333334,1.5752533333333334
2024-10-01_00-04-44_0003937,1.59232,1.7800533333333333
2024-10-01_00-04-44_0003937,1.8141866666666666,1.88672
2024-10-01_00-04-44_0003937,1.9293866666666666,1.97632
2024-10-01_00-05-04_0003940,0.99072,1.0632533333333334
2024-10-01_00-05-04_0003940,1.10592,1.22112
2024-10-01_00-05-04_0003940,1.2509866666666667,1.3789866666666666
2024-10-01_00-07-17_0003946,1.4344533333333334,1.4728533333333333
2024-10-01_00-29-33_0004041,1.72032,1.7544533333333334
2024-10-01_00-29-35_0004042,0.3549866666666667,0.38912
2024-10-01_01-00-16_0004120,1.0205866666666668,1.0760533333333333
2024-10-01_01-03-15_0004134,2.06592,2.10432
2024-10-01_01-27-26_0004205,1.7032533333333333,1.7544533333333334
2024-10-01_01-27-26_0004205,1.80992,1.9037866666666667
2024-10-01_01-27-26_0004205,1.9293866666666666,2.01472
2024-10-01_01-27-26_0004205,2.0573866666666665,2.146986666666667
2024-10-01_01-27-26_0004205,2.1896533333333332,2.2408533333333334
2024-10-01_01-27-26_0004205,2.7741866666666666,2.89792
2024-10-01_01-27-26_0004205,2.9192533333333333,3.11552
2024-10-01_01-27-26_0004205,3.1581866666666665,3.3160533333333335
2024-10-01_01-27-51_0004207,1.02912,1.0760533333333333
2024-10-01_01-27-51_0004207,1.14432,1.1997866666666666
2024-10-01_01-27-51_0004207,1.27232,1.3277866666666667
2024-10-01_01-27-51_0004207,1.3917866666666667,1.4557866666666666
2024-10-01_01-27-51_0004207,1.4813866666666666,1.6520533333333334
2024-10-01_01-27-51_0004207,1.69472,1.7800533333333333
2024-10-01_01-27-51_0004207,1.8568533333333332,1.8952533333333332
2024-10-01_01-28-30_0004211,2.0957866666666667,2.18112
2024-10-01_01-28-30_0004211,2.223786666666667,2.287786666666667
2024-10-01_01-28-49_0004214,0.79872,0.8328533333333333
2024-10-01_01-28-49_0004214,0.9053866666666667,0.93952
2024-10-01_01-28-49_0004214,1.0120533333333332,1.0504533333333332
2024-10-01_01-28-49_0004214,1.24672,1.2808533333333334
2024-10-01_01-29-47_0004216,0.6664533333333333,0.7261866666666666
2024-10-01_01-29-47_0004216,0.8669866666666667,0.9181866666666667
2024-10-01_01-29-47_0004216,0.9608533333333333,1.0248533333333334
2024-10-01_01-39-28_0004242,1.04192,1.08032
2024-10-01_01-39-28_0004242,2.1128533333333333,2.1213866666666665
2024-10-01_01-39-33_0004243,1.2936533333333333,1.3277866666666667
2024-10-01_01-51-40_0004302,1.0120533333333332,1.0632533333333334
2024-10-01_01-51-55_0004304,0.76032,0.8157866666666667
2024-10-01_01-51-55_0004304,0.8669866666666667,0.9309866666666666
2024-10-01_01-51-55_0004304,0.9821866666666667,1.0760533333333333
2024-10-01_02-19-42_0004379,0.9736533333333334,1.02912
2024-10-01_03-00-44_0004475,1.06752,1.25952
2024-10-01_03-00-45_0004476,0.92672,1.0717866666666667
2024-10-01_03-00-45_0004476,1.1272533333333334,1.1741866666666667
2024-10-01_03-00-45_0004476,1.2552533333333333,1.3021866666666666
2024-10-01_03-00-52_0004478,1.1144533333333333,1.1613866666666666
2024-10-01_03-02-21_0004494,1.9805866666666667,2.05312
2024-10-01_03-03-10_0004501,1.8824533333333333,1.9336533333333332
2024-10-01_03-03-27_0004505,1.50272,1.5709866666666668
2024-10-01_03-04-01_0004511,1.0376533333333333,1.0717866666666667
2024-10-01_03-04-42_0004521,1.6861866666666667,1.7245866666666667
2024-10-01_03-06-03_0004532,0.9864533333333333,1.0333866666666667
2024-10-01_03-07-28_0004535,1.2552533333333333,1.2936533333333333
2024-10-01_03-07-28_0004535,1.7501866666666666,1.7928533333333334
2024-10-01_03-16-38_0004578,1.01632,1.0589866666666667
2024-10-01_03-31-29_0004626,1.0376533333333333,1.0717866666666667
2024-10-01_03-31-29_0004626,1.29792,1.33632
2024-10-01_04-51-49_0004706,0.99072,1.04192
2024-10-01_05-57-44_0004783,1.11872,1.15712
2024-10-01_05-57-44_0004783,1.24672,1.28512
2024-10-01_05-57-44_0004783,1.64352,1.6776533333333334
2024-10-01_06-05-51_0004833,1.0248533333333334,1.10592
2024-10-01_08-42-46_0004915,1.3576533333333334,1.3960533333333334
2024-10-01_08-56-19_0004939,1.01632,1.0589866666666667
2024-10-01_08-58-52_0004954,1.7501866666666666,1.83552
2024-10-01_08-58-56_0004955,1.02912,1.1016533333333334
2024-10-01_08-58-56_0004955,2.8936533333333334,2.953386666666667
2024-10-01_08-59-29_0004960,1.6648533333333333,1.7288533333333334
2024-10-01_08-59-29_0004960,1.9677866666666666,2.00192
2024-10-01_09-01-39_0004972,1.00352,1.05472
2024-10-01_09-03-04_0004983,0.7773866666666667,0.82432
2024-10-01_09-03-35_0004985,0.9309866666666666,1.0504533333333332
2024-10-01_09-22-06_0005003,1.0376533333333333,1.1016533333333334
2024-10-01_10-18-02_0005024,0.7688533333333334,0.79872
2024-10-01_10-18-02_0005024,0.86272,0.8797866666666667
2024-10-01_10-18-02_0005024,0.9181866666666667,0.9565866666666667
2024-10-01_10-18-02_0005024,0.9992533333333333,1.0376533333333333
2024-10-01_10-18-02_0005024,1.0888533333333332,1.1229866666666666
2024-10-01_10-18-02_0005024,1.2125866666666667,1.2509866666666667
2024-10-01_10-18-02_0005024,1.3405866666666666,1.3789866666666666
2024-10-01_12-03-12_0005101,0.9096533333333333,0.9437866666666667
2024-10-01_12-03-12_0005101,1.02912,1.06752
2024-10-01_12-16-01_0005105,0.9821866666666667,1.06752
2024-10-01_12-16-01_0005105,1.9080533333333334,1.9464533333333334
2024-10-01_12-19-50_0005106,1.0120533333333332,1.0461866666666666
2024-10-01_12-19-50_0005106,1.06752,1.10592
2024-10-01_12-20-03_0005107,0.99072,0.9992533333333333
2024-10-01_12-20-04_0005108,1.47712,1.54112
2024-10-01_13-27-42_0005132,0.8712533333333333,0.91392
2024-10-01_14-09-45_0005177,2.04032,2.11712
2024-10-01_14-09-45_0005177,2.1725866666666667,2.24512
2024-10-01_14-09-45_0005177,2.29632,2.3517866666666665
2024-10-01_14-12-30_0005201,1.3917866666666667,1.43872
2024-10-01_14-12-54_0005205,1.0077866666666666,1.0589866666666667
2024-10-01_14-12-54_0005205,1.11872,1.20832
2024-10-01_14-12-54_0005205,1.24672,1.33632
2024-10-01_14-12-54_0005205,1.4941866666666668,1.55392
2024-10-01_14-12-54_0005205,2.1853866666666666,2.223786666666667
2024-10-01_14-12-57_0005206,1.72032,1.7629866666666667
2024-10-01_14-12-57_0005206,1.96352,2.06592
2024-10-01_14-17-16_0005241,1.0333866666666667,1.1272533333333334
2024-10-01_14-17-16_0005241,1.18272,1.2552533333333333
2024-10-01_14-17-16_0005241,1.31072,1.3789866666666666
2024-10-01_14-18-19_0005244,0.07765333333333334,0.13738666666666666
2024-10-01_14-18-19_0005244,1.02912,1.09312
2024-10-01_14-18-19_0005244,1.5368533333333334,1.5752533333333334
2024-10-01_15-21-41_0005264,0.95232,1.04192
2024-10-01_15-24-16_0005269,2.573653333333333,2.6120533333333333
2024-10-01_15-24-16_0005269,2.8381866666666666,2.876586666666667
2024-10-01_15-25-42_0005284,2.146986666666667,2.1853866666666666
2024-10-01_15-26-09_0005291,1.00352,1.1229866666666666
2024-10-01_15-26-09_0005291,1.1912533333333333,1.2509866666666667
2024-10-01_15-26-09_0005291,1.3192533333333334,1.3832533333333332
2024-10-01_15-26-09_0005291,1.4301866666666667,1.4728533333333333
2024-10-01_15-26-09_0005291,1.55392,1.6008533333333332
2024-10-01_15-26-23_0005292,2.812586666666667,2.876586666666667
2024-10-01_15-26-23_0005292,3.0685866666666666,3.11552
2024-10-01_15-26-45_0005297,1.2509866666666667,1.2936533333333333
2024-10-01_15-26-49_0005299,1.1869866666666666,1.2424533333333334
2024-10-01_15-32-57_0005357,1.38752,1.4728533333333333
2024-10-01_15-33-03_0005359,1.1357866666666667,1.2168533333333333
2024-10-01_15-33-03_0005359,1.2637866666666666,1.3448533333333332
2024-10-01_15-33-31_0005363,1.0120533333333332,1.0717866666666667
2024-10-01_15-33-31_0005363,1.1229866666666666,1.19552
2024-10-01_15-33-31_0005363,1.2509866666666667,1.32352
2024-10-01_15-41-27_0005400,1.78432,1.8397866666666667
2024-10-01_16-18-49_0005438,1.00352,1.0717866666666667
2024-10-01_16-18-49_0005438,1.13152,1.20832
2024-10-01_16-18-49_0005438,1.25952,1.33632
2024-10-01_16-18-49_0005438,1.34912,1.38752
2024-10-01_16-36-23_0005479,0.9693866666666666,1.0717866666666667
2024-10-01_16-36-23_0005479,1.1613866666666666,1.2040533333333334
2024-10-01_16-36-23_0005479,1.2637866666666666,1.38752
2024-10-01_16-36-23_0005479,1.47712,1.52832
2024-10-01_16-36-25_0005480,1.89952,1.9421866666666667
2024-10-01_16-36-25_0005480,2.0573866666666665,2.0957866666666667
2024-10-01_16-36-25_0005480,2.1853866666666666,2.223786666666667
2024-10-01_16-36-29_0005481,1.9592533333333333,1.9933866666666666
2024-10-01_16-36-29_0005481,2.06592,2.1213866666666665
2024-10-01_16-36-29_0005481,2.1768533333333333,2.2280533333333334
2024-10-01_16-37-36_0005492,0.6408533333333334,0.69632
2024-10-01_16-37-36_0005492,0.7645866666666666,0.81152
2024-10-01_16-37-36_0005492,0.88832,0.9352533333333334
2024-10-01_16-37-36_0005492,1.0120533333333332,1.0717866666666667
2024-10-01_16-37-36_0005492,1.2424533333333334,1.3533866666666667
2024-10-01_16-52-39_0005544,1.00352,1.0760533333333333
2024-10-01_16-52-39_0005544,1.1485866666666666,1.1997866666666666
2024-10-01_16-52-39_0005544,1.2765866666666668,1.37472
2024-10-01_16-55-33_0005556,0.9949866666666667,1.0632533333333334
2024-10-01_16-55-33_0005556,1.1229866666666666,1.19552
2024-10-01_16-55-33_0005556,1.28512,1.3277866666666667
2024-10-01_17-16-29_0005631,1.0248533333333334,1.09312
2024-10-01_17-16-39_0005632,0.8200533333333333,0.8797866666666667
2024-10-01_17-16-39_0005632,1.0248533333333334,1.1656533333333334
2024-10-01_17-18-10_0005647,0.9949866666666667,1.06752
2024-10-01_17-18-59_0005656,1.0333866666666667,1.1101866666666667
2024-10-01_17-18-59_0005656,1.2253866666666666,1.2381866666666668
2024-10-01_17-18-59_0005656,1.3533866666666667,1.3661866666666667
2024-10-01_17-18-59_0005656,1.4813866666666666,1.4941866666666668
2024-10-01_17-18-59_0005656,1.6093866666666667,1.6221866666666667
2024-10-01_17-18-59_0005656,1.7373866666666666,1.7501866666666666
2024-10-01_17-18-59_0005656,1.8653866666666667,1.8781866666666667
2024-10-01_17-18-59_0005656,1.9933866666666666,2.006186666666667
2024-10-01_17-18-59_0005656,2.1213866666666665,2.1341866666666665
2024-10-01_17-19-30_0005661,0.97792,1.02912
2024-10-01_17-24-02_0005680,0.9949866666666667,1.0845866666666666
2024-10-01_17-24-02_0005680,1.15712,1.2552533333333333
2024-10-01_17-24-02_0005680,1.3448533333333332,1.42592
2024-10-01_17-24-04_0005681,0.7645866666666666,0.8200533333333333
2024-10-01_17-24-04_0005681,0.87552,0.9224533333333333
2024-10-01_17-24-04_0005681,1.0589866666666667,1.0973866666666667
2024-10-01_17-28-05_0005700,1.0077866666666666,1.0845866666666666
2024-10-01_17-28-05_0005700,1.1485866666666666,1.2125866666666667
2024-10-01_17-28-05_0005700,1.2765866666666668,1.3405866666666666
2024-10-01_17-28-05_0005700,1.3832533333333332,1.51552
2024-10-01_17-28-05_0005700,1.6093866666666667,1.6477866666666667
2024-10-01_17-31-35_0005733,2.09152,2.1341866666666665
2024-10-01_17-38-52_0005767,0.9949866666666667,1.08032
2024-10-01_17-38-52_0005767,1.13152,1.1869866666666666
2024-10-01_17-38-52_0005767,1.2381866666666668,1.3533866666666667
2024-10-01_17-38-52_0005767,1.4472533333333333,1.5240533333333333
2024-10-01_17-43-50_0005813,1.8653866666666667,1.91232
2024-10-01_17-46-45_0005839,0.6792533333333334,0.7773866666666667
2024-10-01_17-47-11_0005843,1.0248533333333334,1.0589866666666667
2024-10-01_17-52-29_0005882,1.04192,1.08032
2024-10-01_17-53-05_0005888,2.19392,2.202453333333333
2024-10-01_17-53-05_0005888,2.266453333333333,2.3389866666666665
2024-10-01_17-56-28_0005903,0.97792,1.14432
2024-10-01_17-56-28_0005903,1.20832,1.4045866666666667
2024-10-01_17-56-28_0005903,1.47712,1.54112
2024-10-01_17-56-28_0005903,1.5624533333333332,1.65632
2024-10-01_17-58-56_0005917,1.0077866666666666,1.0461866666666666
2024-10-01_18-06-08_0005948,1.04192,1.0760533333333333
2024-10-01_18-06-08_0005948,1.1656533333333334,1.2040533333333334
2024-10-01_18-06-08_0005948,1.2936533333333333,1.3320533333333333
2024-10-01_18-06-49_0005956,1.3576533333333334,1.4045866666666667
2024-10-01_18-08-22_0005971,1.3149866666666667,1.3661866666666667
2024-10-01_18-08-22_0005971,1.42592,1.5112533333333333
2024-10-01_18-08-22_0005971,1.5837866666666667,1.72032
2024-10-01_18-29-16_0006086,1.87392,1.9336533333333332
2024-10-01_18-36-10_0006113,2.070186666666667,2.10432
2024-10-01_18-40-18_0006139,1.37472,1.41312
2024-10-01_18-42-08_0006156,0.43178666666666665,0.47445333333333334
2024-10-01_18-42-08_0006156,1.0205866666666668,1.0760533333333333
2024-10-01_18-42-08_0006156,1.34912,1.4045866666666667
2024-10-01_18-42-08_0006156,1.5325866666666668,1.6136533333333334
2024-10-01_18-42-08_0006156,1.6989866666666666,1.80992
2024-10-01_18-42-08_0006156,1.97632,2.01472
2024-10-01_18-47-46_0006186,1.0120533333333332,1.0760533333333333
2024-10-01_18-50-08_0006196,1.0248533333333334,1.08032
2024-10-01_18-50-08_0006196,1.2552533333333333,1.3064533333333332
2024-10-01_18-50-15_0006197,0.9992533333333333,1.0461866666666666
2024-10-01_18-50-24_0006198,0.2952533333333333,0.36352
2024-10-01_18-50-24_0006198,0.9992533333333333,1.0632533333333334
2024-10-01_18-50-24_0006198,1.4472533333333333,1.48992
2024-10-01_18-50-31_0006199,1.02912,1.0973866666666667
2024-10-01_18-50-31_0006199,1.2296533333333333,1.2808533333333334
2024-10-01_18-50-31_0006199,1.4557866666666666,1.54112
2024-10-01_18-50-31_0006199,1.7032533333333333,1.7629866666666667
2024-10-01_18-50-41_0006200,1.00352,1.06752
2024-10-01_18-50-41_0006200,1.2936533333333333,1.3533866666666667
2024-10-01_18-50-50_0006201,0.64512,0.7389866666666667
2024-10-01_18-50-50_0006201,0.9949866666666667,1.0504533333333332
2024-10-01_18-50-55_0006202,1.0120533333333332,1.09312
2024-10-01_18-50-55_0006202,1.2168533333333333,1.28512
2024-10-01_18-50-56_0006203,0.022186666666666667,0.08618666666666666
2024-10-01_18-50-56_0006203,0.9821866666666667,1.06752
2024-10-01_18-50-56_0006203,1.9080533333333334,1.9805866666666667
2024-10-01_18-50-58_0006204,0.21418666666666666,0.28672
2024-10-01_18-50-58_0006204,0.9736533333333334,1.0248533333333334
2024-10-01_18-50-58_0006204,1.2893866666666667,1.33632
2024-10-01_18-51-01_0006205,1.0120533333333332,1.08032
2024-10-01_18-51-13_0006207,1.0077866666666666,1.0632533333333334
2024-10-01_18-51-28_0006209,1.0333866666666667,1.09312
2024-10-01_18-51-28_0006209,1.1784533333333334,1.22112
2024-10-01_18-51-28_0006209,1.3064533333333332,1.34912
2024-10-01_18-51-28_0006209,2.33472,2.3901866666666667
2024-10-01_18-51-32_0006210,0.8072533333333334,0.8541866666666666
2024-10-01_18-51-32_0006210,0.9864533333333333,1.0717866666666667
2024-10-01_18-51-32_0006210,1.1613866666666666,1.2296533333333333
2024-10-01_18-51-45_0006211,1.6093866666666667,1.65632
2024-10-01_18-52-01_0006212,0.6152533333333333,0.6664533333333333
2024-10-01_18-52-01_0006212,0.97792,1.05472
2024-10-01_18-52-01_0006212,1.9165866666666667,1.9549866666666667
2024-10-01_18-52-05_0006213,0.54272,0.60672
2024-10-01_18-52-05_0006213,0.9949866666666667,1.0632533333333334
2024-10-01_18-52-07_0006214,0.2525866666666667,0.3165866666666667
2024-10-01_18-52-07_0006214,0.9992533333333333,1.0973866666666667
2024-10-01_18-52-07_0006214,1.2424533333333334,1.2808533333333334
2024-10-01_18-52-13_0006215,0.61952,0.6621866666666667
2024-10-01_18-52-13_0006215,1.0205866666666668,1.0888533333333332
2024-10-01_18-52-19_0006216,1.01632,1.09312
2024-10-01_18-52-19_0006216,1.4045866666666667,1.4429866666666666
2024-10-01_18-52-28_0006217,0.9608533333333333,1.0333866666666667
2024-10-01_18-52-28_0006217,1.5069866666666667,1.54112
2024-10-01_18-52-32_0006218,0.5597866666666667,0.60672
2024-10-01_18-52-32_0006218,0.7944533333333333,0.84992
2024-10-01_18-52-32_0006218,1.0120533333333332,1.0973866666666667
2024-10-01_18-52-32_0006218,1.3320533333333333,1.40032
2024-10-01_18-52-41_0006220,0.7688533333333334,0.8072533333333334
2024-10-01_18-52-41_0006220,1.0120533333333332,1.06752
2024-10-01_18-52-41_0006220,1.4045866666666667,1.43872
2024-10-01_18-52-44_0006221,0.5597866666666667,0.6109866666666667
2024-10-01_18-52-44_0006221,1.00352,1.0717866666666667
2024-10-01_18-52-44_0006221,1.7032533333333333,1.7416533333333333
2024-10-01_18-52-46_0006222,1.77152,1.8269866666666668
2024-10-01_18-52-53_0006223,0.6280533333333334,0.6749866666666666
2024-10-01_18-52-53_0006223,1.0120533333333332,1.06752
2024-10-01_18-52-53_0006223,1.3064533333333332,1.36192
2024-10-01_18-52-55_0006224,0.67072,0.7005866666666667
2024-10-01_18-52-55_0006224,0.9693866666666666,1.0376533333333333
2024-10-01_18-52-55_0006224,1.2125866666666667,1.2893866666666667
2024-10-01_18-52-55_0006224,1.52832,1.5880533333333333
2024-10-01_18-52-58_0006225,1.3832533333333332,1.4429866666666666
2024-10-01_18-53-00_0006226,0.7688533333333334,0.8200533333333333
2024-10-01_18-53-00_0006226,1.06752,1.1016533333333334
2024-10-01_18-53-00_0006226,1.1912533333333333,1.2296533333333333
2024-10-01_18-53-00_0006226,1.3192533333333334,1.3576533333333334
2024-10-01_18-53-02_0006227,0.06485333333333333,0.09898666666666667
2024-10-01_18-53-02_0006227,0.9693866666666666,1.0461866666666666
2024-10-01_18-53-02_0006227,1.2680533333333333,1.32352
2024-10-01_18-53-02_0006227,1.5752533333333334,1.63072
2024-10-01_18-53-02_0006227,2.69312,2.7656533333333333
2024-10-01_18-53-02_0006227,3.1112533333333334,3.17952
2024-10-01_18-53-09_0006228,1.0120533333333332,1.0760533333333333
2024-10-01_18-53-09_0006228,1.4941866666666668,1.5325866666666668
2024-10-01_18-53-13_0006229,1.01632,1.0717866666666667
2024-10-01_18-53-13_0006229,1.2552533333333333,1.3021866666666666
2024-10-01_18-53-13_0006229,2.0232533333333333,2.09152
2024-10-01_18-53-13_0006229,2.4925866666666665,2.5565866666666666
2024-10-01_18-53-20_0006230,0.8200533333333333,0.8968533333333333
2024-10-01_18-53-20_0006230,1.00352,1.08032
2024-10-01_18-53-20_0006230,1.8952533333333332,1.93792
2024-10-01_18-53-20_0006230,2.6504533333333335,2.69312
2024-10-01_18-53-22_0006231,0.6280533333333334,0.6749866666666666
2024-10-01_18-53-22_0006231,0.9608533333333333,1.0461866666666666
2024-10-01_18-53-25_0006232,0.96512,1.0461866666666666
2024-10-01_18-53-28_0006233,0.9949866666666667,1.0589866666666667
2024-10-01_18-53-31_0006234,1.0248533333333334,1.0888533333333332
2024-10-01_18-53-31_0006234,1.18272,1.2168533333333333
2024-10-01_18-53-31_0006234,1.31072,1.3448533333333332
2024-10-01_18-53-31_0006234,1.36192,1.4045866666666667
2024-10-01_18-53-31_0006234,1.7288533333333334,1.7885866666666668
2024-10-01_18-53-43_0006235,1.02912,1.0888533333333332
2024-10-01_18-53-43_0006235,2.12992,2.1896533333333332
2024-10-01_18-53-43_0006235,2.36032,2.41152
2024-10-01_18-53-43_0006235,3.47392,3.48672
2024-10-01_18-53-46_0006236,0.79872,0.8669866666666667
2024-10-01_18-53-46_0006236,0.9224533333333333,0.9608533333333333
2024-10-01_18-53-46_0006236,1.02912,1.0760533333333333
2024-10-01_18-53-46_0006236,1.20832,1.2765866666666668
2024-10-01_18-53-46_0006236,1.9464533333333334,2.0317866666666666
2024-10-01_18-53-48_0006237,0.7688533333333334,0.82432
2024-10-01_18-53-48_0006237,1.01632,1.0632533333333334
2024-10-01_18-53-48_0006237,1.5709866666666668,1.6520533333333334
2024-10-01_18-53-48_0006237,1.9805866666666667,2.0189866666666667
2024-10-01_18-53-51_0006238,0.2952533333333333,0.33792
2024-10-01_18-53-51_0006238,0.61952,0.6749866666666666
2024-10-01_18-53-51_0006238,1.0248533333333334,1.0888533333333332
2024-10-01_18-53-51_0006238,1.3021866666666666,1.36192
2024-10-01_18-53-51_0006238,1.6392533333333332,1.6989866666666666
2024-10-01_18-53-51_0006238,1.95072,2.006186666666667
2024-10-01_18-53-51_0006238,2.420053333333333,2.4584533333333334
2024-10-01_18-53-51_0006238,3.2904533333333332,3.367253333333333
2024-10-01_18-53-59_0006239,1.01632,1.09312
2024-10-01_18-53-59_0006239,1.16992,1.22112
2024-10-01_18-53-59_0006239,1.29792,1.34912
2024-10-01_18-53-59_0006239,2.3389866666666665,2.3901866666666667
2024-10-01_18-54-00_0006240,0.8072533333333334,0.8541866666666666
2024-10-01_18-54-00_0006240,0.9480533333333333,1.0376533333333333
2024-10-01_18-54-00_0006240,1.1229866666666666,1.2168533333333333
2024-10-01_18-54-00_0006240,1.3021866666666666,1.3960533333333334
2024-10-01_18-54-00_0006240,1.4984533333333334,1.5837866666666667
2024-10-01_18-54-01_0006241,0.022186666666666667,0.08192
2024-10-01_18-54-01_0006241,0.18858666666666668,0.27392
2024-10-01_18-54-01_0006241,2.0744533333333335,2.1085866666666666
2024-10-01_18-54-06_0006242,0.8285866666666667,0.8669866666666667
2024-10-01_18-54-06_0006242,1.00352,1.05472
2024-10-01_18-54-06_0006242,1.72032,1.75872
2024-10-01_18-54-06_0006242,1.80992,1.8440533333333333
2024-10-01_18-54-06_0006242,1.98912,2.05312
2024-10-01_18-54-07_0006243,0.51712,0.55552
2024-10-01_18-54-07_0006243,0.6109866666666667,0.64512
2024-10-01_18-54-07_0006243,0.78592,0.8541866666666666
2024-10-01_18-54-07_0006243,0.9437866666666667,1.0248533333333334
2024-10-01_18-54-07_0006243,1.4429866666666666,1.47712
2024-10-01_18-54-07_0006243,2.27072,2.3048533333333334
2024-10-01_18-54-07_0006243,2.441386666666667,2.5309866666666667
2024-10-01_18-54-07_0006243,2.5480533333333333,2.5949866666666668
2024-10-01_18-54-07_0006243,2.722986666666667,2.8040533333333335
2024-10-01_18-54-07_0006243,2.9789866666666667,3.0472533333333334
2024-10-01_18-54-07_0006243,3.2861866666666666,3.3544533333333333
2024-10-01_18-54-17_0006244,0.9992533333333333,1.06752
2024-10-01_18-54-26_0006245,0.022186666666666667,0.09045333333333333
2024-10-01_18-54-26_0006245,0.20565333333333333,0.30805333333333335
2024-10-01_18-54-26_0006245,0.3549866666666667,0.38912
2024-10-01_18-54-26_0006245,0.5256533333333333,0.5597866666666667
2024-10-01_18-54-26_0006245,0.74752,0.8029866666666666
2024-10-01_18-54-26_0006245,0.97792,1.0760533333333333
2024-10-01_18-54-26_0006245,1.3192533333333334,1.3789866666666666
2024-10-01_18-54-26_0006245,1.92512,1.9848533333333334
2024-10-01_18-54-26_0006245,2.85952,2.9277866666666665
2024-10-01_18-54-26_0006245,3.162453333333333,3.2136533333333333
2024-10-01_18-54-26_0006245,3.43552,3.5080533333333332
2024-10-01_18-54-34_0006246,0.05205333333333333,0.11178666666666667
2024-10-01_18-54-34_0006246,0.32938666666666666,0.36778666666666665
2024-10-01_18-54-34_0006246,0.9053866666666667,0.9736533333333334
2024-10-01_18-54-34_0006246,0.9864533333333333,1.0333866666666667
2024-10-01_18-54-37_0006247,0.99072,1.0632533333333334
2024-10-01_18-54-37_0006247,1.1912533333333333,1.2253866666666666
2024-10-01_18-54-37_0006247,1.3192533333333334,1.3533866666666667
2024-10-01_18-54-37_0006247,1.4472533333333333,1.4813866666666666
2024-10-01_18-54-37_0006247,1.72032,1.7544533333333334
2024-10-01_18-54-47_0006248,0.9821866666666667,1.0461866666666666
2024-10-01_18-54-47_0006248,1.73312,1.8013866666666667
2024-10-01_18-54-48_0006249,0.17152,0.21845333333333333
2024-10-01_18-54-48_0006249,0.5853866666666667,0.61952
2024-10-01_18-54-48_0006249,1.0760533333333333,1.1144533333333333
2024-10-01_18-54-48_0006249,1.3917866666666667,1.4216533333333334
2024-10-01_18-54-48_0006249,1.60512,1.66912
2024-10-01_18-54-48_0006249,1.93792,1.9720533333333334
2024-10-01_18-54-52_0006250,1.0120533333333332,1.05472
2024-10-01_18-58-45_0006278,2.25792,2.3133866666666667
2024-10-01_18-58-47_0006279,0.13312,0.18432
2024-10-01_19-02-20_0006310,1.79712,1.8397866666666667
2024-10-01_19-06-00_0006343,1.0333866666666667,1.06752
2024-10-01_19-06-00_0006343,1.1272533333333334,1.1656533333333334
2024-10-01_19-06-00_0006343,1.2552533333333333,1.2936533333333333
2024-10-01_19-06-10_0006344,0.9437866666666667,1.02912
2024-10-01_19-06-23_0006347,3.0557866666666667,3.106986666666667
2024-10-01_19-12-14_0006389,0.8925866666666666,0.93952
2024-10-01_19-12-40_0006394,0.8840533333333334,0.93952
2024-10-01_19-12-42_0006395,1.4984533333333334,1.5368533333333334
2024-10-01_19-13-57_0006404,1.00352,1.18272
2024-10-01_19-22-15_0006459,0.8072533333333334,0.8541866666666666
2024-10-01_19-23-58_0006477,1.5325866666666668,1.56672
2024-10-01_19-23-58_0006477,1.6520533333333334,1.6861866666666667
2024-10-01_19-25-05_0006489,1.0504533333333332,1.09312
2024-10-01_19-25-05_0006489,1.1784533333333334,1.22112
2024-10-01_19-25-05_0006489,1.3064533333333332,1.34912
2024-10-01_19-29-49_0006499,0.87552,0.8968533333333333
2024-10-01_19-29-49_0006499,0.96512,1.0205866666666668
2024-10-01_19-29-49_0006499,1.0888533333333332,1.1400533333333334
2024-10-01_19-29-49_0006499,1.19552,1.3533866666666667
2024-10-01_19-35-52_0006528,1.0205866666666668,1.0717866666666667
2024-10-01_19-36-17_0006529,0.84992,0.9096533333333333
2024-10-01_19-36-17_0006529,0.9949866666666667,1.05472
2024-10-01_19-36-17_0006529,1.1357866666666667,1.1997866666666666
2024-10-01_19-36-17_0006529,1.41312,1.4557866666666666
2024-10-01_19-36-48_0006530,0.58112,0.61952
2024-10-01_19-36-48_0006530,0.7261866666666666,0.77312
2024-10-01_19-36-48_0006530,0.7816533333333333,0.79872
2024-10-01_19-36-48_0006530,0.9821866666666667,1.0461866666666666
2024-10-01_19-36-48_0006530,1.1272533333333334,1.1784533333333334
2024-10-01_19-36-48_0006530,1.2637866666666666,1.3320533333333333
2024-10-01_19-37-07_0006531,0.7816533333333333,0.82432
2024-10-01_19-37-07_0006531,1.0248533333333334,1.06752
2024-10-01_19-37-32_0006532,0.26965333333333336,0.30805333333333335
2024-10-01_19-37-32_0006532,0.7560533333333334,0.84992
2024-10-01_19-37-32_0006532,0.9693866666666666,1.0120533333333332
2024-10-01_19-37-32_0006532,1.0248533333333334,1.0760533333333333
2024-10-01_19-37-32_0006532,1.2552533333333333,1.33632
2024-10-01_19-37-32_0006532,1.48992,1.5325866666666668
2024-10-01_19-37-32_0006532,2.09152,2.146986666666667
2024-10-01_19-37-36_0006533,0.63232,0.6664533333333333
2024-10-01_19-37-36_0006533,0.97792,1.05472
2024-10-01_19-37-36_0006533,1.8696533333333334,1.93792
2024-10-01_19-37-40_0006534,0.36352,0.40618666666666664
2024-10-01_19-37-40_0006534,0.9949866666666667,1.06752
2024-10-01_19-37-40_0006534,1.1869866666666666,1.2296533333333333
2024-10-01_19-37-40_0006534,1.4557866666666666,1.51552
2024-10-01_19-37-40_0006534,2.3560533333333336,2.4029866666666666
2024-10-01_19-37-49_0006535,0.6408533333333334,0.6877866666666667
2024-10-01_19-37-49_0006535,1.0461866666666666,1.1016533333333334
2024-10-01_19-37-49_0006535,1.1784533333333334,1.2296533333333333
2024-10-01_19-37-49_0006535,1.3064533333333332,1.3576533333333334
2024-10-01_19-37-49_0006535,1.7885866666666668,1.8184533333333333
2024-10-01_19-37-51_0006536,0.73472,0.7773866666666667
2024-10-01_19-37-51_0006536,1.0248533333333334,1.08032
2024-10-01_19-37-51_0006536,1.3149866666666667,1.3661866666666667
2024-10-01_19-37-51_0006536,1.88672,1.9336533333333332
2024-10-01_19-37-56_0006537,1.3405866666666666,1.3832533333333332
2024-10-01_19-38-24_0006538,0.47445333333333334,0.5128533333333334
2024-10-01_19-38-24_0006538,1.0333866666666667,1.1101866666666667
2024-10-01_19-38-24_0006538,1.19552,1.2381866666666668
2024-10-01_19-38-24_0006538,1.32352,1.3661866666666667
2024-10-01_19-38-28_0006539,1.0376533333333333,1.11872
2024-10-01_19-38-30_0006540,0.9736533333333334,1.0461866666666666
2024-10-01_19-38-30_0006540,1.0973866666666667,1.19552
2024-10-01_19-38-30_0006540,1.2637866666666666,1.3149866666666667
2024-10-01_19-38-56_0006541,0.9949866666666667,1.0376533333333333
2024-10-01_19-39-41_0006543,2.0573866666666665,2.1000533333333333
2024-10-01_19-42-44_0006558,1.1613866666666666,1.20832
2024-10-01_19-44-14_0006561,1.4984533333333334,1.52832
